from_node,to_node,distance,travel_time,highway,highway_group
0,3057,811.8680089,80.711347485,motorway,group_1
1,2596,302.3705313,44.004342135,motorway_link,group_1
1,3336,752.9087789,73.834970145,motorway,group_1
2,3463,121.237271,20.568735525,primary,group_2
3,1348,14.36982408,2.4379393274999996,primary,group_2
4,2573,59.00546859,5.8659915494999995,motorway,group_1
5,4,842.8680448,82.54331604000001,motorway,group_1
6,2520,902.8083695,46.954455120000006,motorway,group_1
7,2527,612.3060364,31.845624479999998,motorway,group_1
8,2667,609.2651384,57.390071715000005,trunk,group_2
9,3375,207.1395888,18.80827365,trunk_link,group_2
10,3123,287.8996015,30.244844385,primary,group_2
11,1450,195.2615128,28.940425605,primary_link,group_2
12,2539,94.09401367,8.3628596505,primary,group_2
13,10,17.73932739,1.863577419,primary,group_2
13,43,140.1966346,12.460354632000001,primary,group_2
14,3782,134.3022256,23.1256275,primary,group_2
15,3,22.2425064,4.165636224,secondary,group_3
15,16,176.2514067,24.885759479999997,primary,group_2
16,2844,168.7794976,29.06230164,primary,group_2
17,4019,222.5444849,22.12412001,motorway,group_1
18,2836,214.1808374,19.382705504999997,trunk,group_2
19,20,68.56170713,6.204623136,trunk,group_2
20,3895,267.0805951,24.169970505000002,trunk,group_2
21,4063,86.9021125,7.864373281499999,trunk,group_2
22,2650,83.56143499,7.5620522655,trunk,group_2
23,24,17.44030793,2.0906390805,primary,group_2
23,2571,352.8930319,31.364321519999997,primary,group_2
24,13,17.1956148,1.8064585395,primary,group_2
24,3840,511.7234601,61.342326555,primary,group_2
25,2525,389.9413971,20.280589380000002,motorway,group_1
26,2651,722.559967,37.579857135,motorway,group_1
27,58,140.628584,11.8595615235,trunk,group_2
28,30,21.65750617,2.7502305255,secondary,group_3
28,3049,206.1928693,21.661270844999997,primary,group_2
29,2793,114.7885917,16.76286072,primary,group_2
30,492,153.7231007,18.427399514999998,primary,group_2
30,1679,121.5339027,15.433275015000001,secondary,group_3
31,4061,551.4479183,46.504987305,trunk,group_2
32,14,188.8053654,32.510574795,primary,group_2
33,2578,1059.073725,106.71486621,motorway,group_1
34,3388,87.57969207,16.64715048,secondary,group_3
34,3390,191.3883146,25.83587241,motorway_link,group_1
35,3798,702.9274663,59.279637855000004,trunk,group_2
36,3642,138.7330118,11.6997031605,trunk,group_2
37,964,20.94585036,1.7027402865,trunk_link,group_2
38,355,74.4122279,6.275369982,trunk,group_2
39,71,471.6481435,69.664748475,motorway_link,group_1
39,3931,655.7895104,65.19490173,motorway,group_1
40,2565,17.23540524,3.648881232,secondary,group_3
40,3303,173.5536589,29.884369004999996,primary,group_2
41,40,94.14958868,19.932265140000002,secondary,group_3
41,106,205.9274822,38.042968110000004,secondary,group_3
42,3037,78.84028071,6.648798792000001,trunk,group_2
43,3785,133.4349246,11.859389388,primary,group_2
44,2574,180.9414023,16.081655925,primary,group_2
45,3329,354.0884558,51.60088503,motorway_link,group_1
46,2738,650.9610806,33.856047285,motorway,group_1
47,3385,305.2274014,23.27024529,motorway_link,group_1
48,2672,20.39201609,5.284233566999999,residential,group_4
48,1343,73.75740727,15.649511295,residential,group_4
48,2734,252.1825724,47.29355934,secondary,group_3
49,3116,32.50099913,6.09513939,secondary,group_3
49,3134,12.0810238,1.5830933579999997,motorway_link,group_1
50,49,68.3035197,12.6183673665,secondary,group_3
51,2608,15.61305679,1.073793765,trunk_link,group_2
51,3251,54.9156453,3.9180831030000003,trunk,group_2
52,3261,25.83894377,1.8435389115,trunk,group_2
53,3262,417.0864173,29.757990375,trunk,group_2
54,2602,80.36115879,11.1081374385,trunk,group_2
55,2591,9.775329937,1.198765737,trunk,group_2
56,71,569.7350869,55.79500092,motorway,group_1
56,130,188.598512,27.856926989999998,motorway_link,group_1
57,8,614.568568,57.88963125000001,trunk,group_2
58,2568,192.8435579,16.262981355,trunk,group_2
59,3902,762.1981511,39.64141239,motorway,group_1
60,3101,444.9842759,23.14333242,motorway,group_1
61,62,241.1888427,33.338976869999996,trunk,group_2
62,3223,104.6643268,14.4675082425,trunk,group_2
63,2700,102.4418121,17.6395527,primary,group_2
64,418,13.3681861,2.8931376195,unclassified,group_4
64,2694,41.55008843,7.154549102999999,primary,group_2
65,2629,111.2175321,19.15065225,primary,group_2
65,2767,123.5821534,16.24638114,trunk_link,group_2
66,65,28.99237736,3.8630850465,trunk_link,group_2
66,3656,223.5096241,38.486333985,primary,group_2
67,3226,128.0736806,17.06515869,trunk_link,group_2
68,2666,100.980186,9.1383955335,trunk,group_2
69,3559,78.74000955,7.7252839695,secondary,group_3
69,2606,169.9812521,16.67708004,secondary,group_3
69,1471,54.06578246,6.272831962500001,tertiary,group_3
70,2621,575.5622494,37.969052805000004,motorway,group_1
71,3272,529.1314036,53.316578085,motorway,group_1
72,2828,59.82230477,6.8912004345,trunk,group_2
73,3233,83.8566713,7.8989262255,trunk,group_2
74,3377,28.2407436,2.564259381,trunk_link,group_2
75,797,72.96281787,6.872773587000001,trunk,group_2
76,3915,211.4044589,32.950243305,secondary,group_3
77,3588,210.8887098,20.690563515,secondary,group_3
78,60,154.9585276,8.059288635000001,motorway,group_1
79,3333,692.0183857,35.99141007,motorway,group_1
80,44,113.762371,10.110938043,primary,group_2
81,2653,105.2974908,20.01495018,secondary,group_3
81,3389,390.7939572,56.949933630000004,motorway_link,group_1
82,183,103.9923635,19.502414325,secondary,group_3
82,3390,377.2365942,54.154225815,motorway_link,group_1
83,3469,78.52832295,7.704515124,secondary,group_3
83,2118,151.4523185,22.74572325,secondary,group_3
83,15,91.59614087,17.154370800000002,secondary,group_3
83,3916,207.0609634,39.358154085,secondary,group_3
84,107,95.66282859,8.502292314,primary,group_2
84,106,135.266589,28.637082284999998,secondary,group_3
85,3610,559.8246432,77.38326789,trunk,group_2
86,2576,131.6639121,9.0552343305,trunk_link,group_2
86,87,99.79758839,7.120288628999999,trunk,group_2
87,2835,17.03029586,1.2150656535,trunk,group_2
87,2576,54.47888766,7.209071328,secondary,group_3
88,2523,536.0006204,27.877031190000004,motorway,group_1
89,3086,144.1269493,12.154587448500001,trunk,group_2
90,1784,259.841945,32.99665452,secondary,group_3
91,6,412.0520593,21.430550025,motorway,group_1
92,5,782.0228614,76.58465712,motorway,group_1
93,2820,414.2165693,53.936780729999995,trunk,group_2
94,95,16.03652362,2.0881792815,trunk,group_2
94,2810,170.9162125,24.9593154,primary,group_2
95,2807,19.88802033,2.3840561024999998,primary,group_2
95,2946,666.7955995,86.82609702,trunk,group_2
96,3277,119.7691339,14.798563941000001,trunk_link,group_2
96,3296,84.63577294,9.921746154,trunk,group_2
97,3132,69.25028662,8.365165827,trunk,group_2
98,643,22.9694041,3.9551234595,primary,group_2
98,99,62.20229161,5.7441477045,trunk,group_2
99,3285,353.9047267,39.45891009,trunk,group_2
100,2909,17.05127189,1.5430875419999999,trunk,group_2
100,3176,29.2251578,3.3619507019999997,primary,group_2
101,2680,396.3703278,35.71873374,motorway_link,group_1
101,102,806.6190184,80.1895224,motorway,group_1
102,3332,2272.145172,225.88388325,motorway,group_1
103,104,474.4826869,45.88323663,motorway_link,group_1
103,3267,693.8621749,69.915254655,motorway,group_1
104,3270,466.3087123,30.761746695,motorway,group_1
105,2837,600.2206776,100.44882507,primary,group_2
106,107,61.82728964,11.4219509835,secondary,group_3
106,41,205.9274822,43.59659169,secondary,group_3
107,105,15.17145734,2.8027695075,secondary,group_3
107,13,688.7951213,61.218527115,primary,group_2
108,2856,775.5403958,40.33533354,motorway,group_1
109,25,954.9376735,49.665665115,motorway,group_1
110,111,97.73003137,21.477759315,residential,group_4
111,916,99.95103611,23.08990779,residential,group_4
111,110,97.73003137,21.33825804,residential,group_4
111,1092,170.4718559,29.152960889999996,residential,group_4
112,1687,89.67603626,11.38772721,secondary,group_3
112,1686,132.4572957,21.352634595,secondary,group_3
113,2271,75.95765777,10.051309716,secondary,group_3
113,2470,77.9863075,7.651337289,secondary,group_3
114,2272,204.6340761,20.076913335,secondary,group_3
115,1843,64.2949313,10.1847392505,secondary,group_3
115,3953,31.17234754,4.1249681595,secondary,group_3
115,3954,33.09479917,4.4265368925,residential,group_4
117,118,97.87980789,13.091742256500002,residential,group_4
118,119,105.0875331,14.055798919499999,residential,group_4
119,120,106.7881421,14.283260889000001,residential,group_4
119,118,105.0875331,14.055798919499999,residential,group_4
120,119,106.7881421,14.283260889000001,residential,group_4
120,4000,295.720337,34.310129205,tertiary,group_3
121,122,247.408882,31.417812105,secondary,group_3
122,123,104.402815,13.257842638499998,secondary,group_3
123,3953,32.69899973,5.179736244000001,secondary,group_3
123,2457,167.8758105,21.318113685,secondary,group_3
124,125,79.70339386,13.798212048,residential,group_4
124,1874,50.28572125,10.834455822,tertiary,group_3
124,1875,184.9975605,40.971870405000004,tertiary,group_3
125,2000,252.9645362,42.916096395,residential,group_4
125,124,79.70339386,14.331241440000001,residential,group_4
125,686,79.46011636,13.756095967500002,residential,group_4
126,240,334.3901963,78.40750378499999,residential,group_4
126,127,79.01501837,19.16959593,residential,group_4
127,2253,58.72139682,16.150702425000002,residential,group_4
127,1181,153.9312675,39.354928199999996,residential,group_4
127,126,79.01501837,18.527368395,residential,group_4
128,255,109.5322977,24.620726355,tertiary,group_3
128,129,93.4719097,12.502171554,residential,group_4
128,2633,161.3423012,30.75714378,tertiary,group_3
129,128,93.4719097,15.857754405000001,residential,group_4
130,3387,345.2931007,35.505648105,motorway_link,group_1
130,3268,1013.065892,143.42880963,motorway_link,group_1
131,3939,114.7365402,5.967370161,motorway,group_1
132,3271,224.0472338,25.217238825000003,motorway_link,group_1
133,147,117.0364566,11.4825978195,secondary,group_3
134,2584,314.3819527,46.43575929,motorway_link,group_1
134,2637,147.7606227,25.10264403,primary,group_2
135,1201,88.09052762,13.7848636275,tertiary,group_3
136,3029,12.27819713,1.7892869085,motorway_link,group_1
137,749,210.3361438,54.504925185000005,residential,group_4
138,200,853.6778709,44.399210984999996,motorway,group_1
139,3708,118.9357727,13.4079241935,primary,group_2
140,2706,47.82379598,6.396588061499999,residential,group_4
141,142,89.18349519,20.49510951,unclassified,group_4
142,1668,100.2800702,17.16561462,secondary,group_3
143,66,109.3943474,15.445898955,primary,group_2
143,3621,70.97217913,9.4566775425,trunk_link,group_2
144,74,20.1403475,1.8287434545,trunk_link,group_2
144,3378,30.4108698,3.526673931,secondary,group_3
145,3386,526.6614905,73.52343891,motorway_link,group_1
145,3387,796.4945349,104.372380125,motorway_link,group_1
146,3878,48.27022087,8.311695075,primary,group_2
147,2870,115.8481739,11.3660138715,secondary,group_3
148,3938,267.1390545,17.622797325,motorway,group_1
149,3480,51.77672961,4.601796714,primary,group_2
150,149,97.07429387,8.627740104,primary,group_2
151,150,235.8616452,29.57522865,primary_link,group_2
152,166,114.2511223,13.695736464000001,primary,group_2
153,202,104.578424,8.78167803,motorway,group_1
154,3720,43.50840956,6.781373904,secondary,group_3
155,153,160.4928723,13.4769360315,motorway,group_1
156,154,174.1608006,24.590577030000002,primary,group_2
157,3264,57.598139,5.6510277615,secondary,group_3
158,92,300.3246108,43.11312063,motorway_link,group_1
159,138,354.4105555,18.432654239999998,motorway,group_1
160,132,40.59516045,4.005837854999999,motorway_link,group_1
160,740,264.468963,47.355857369999995,secondary,group_3
160,3640,42.69280134,7.3080141780000005,secondary,group_3
161,163,711.8087042,37.0206912,motorway,group_1
162,3394,368.7286462,36.385301909999995,motorway_link,group_1
162,146,171.3932293,29.51236257,primary,group_2
163,3064,825.7764416,42.94807644,motorway,group_1
164,3556,88.79586416,8.711876844,secondary,group_3
165,3264,13.91895135,1.998136041,motorway_link,group_1
165,3265,152.6709478,14.978743744500001,secondary,group_3
166,3639,198.0411599,33.493331685,primary_link,group_2
166,458,284.5802175,33.00206937,secondary,group_3
167,3345,38.0893646,3.736996725,secondary,group_3
168,185,124.6672423,8.8946713215,trunk,group_2
169,148,267.6291156,17.655125984999998,motorway,group_1
170,2929,47.51163312,8.1810731325,primary,group_2
171,1218,125.0363217,16.7240142,residential,group_4
171,2348,344.5493305,61.80193332,tertiary,group_3
171,611,158.577318,31.623328139999998,tertiary,group_3
172,2596,123.4854103,21.26306982,primary,group_2
172,3873,87.99223597,14.6670198525,motorway_link,group_1
173,2862,492.8348316,72.79412641500001,motorway_link,group_1
173,3450,214.5397566,36.941803995,primary,group_2
174,2826,318.0610527,35.85581013,primary,group_2
175,3357,6.424148194,1.387311792,residential,group_4
175,2456,114.8261742,15.358373790000002,residential,group_4
176,175,51.31171581,6.863108669999999,residential,group_4
177,2250,74.62432761,9.9812462265,residential,group_4
178,3555,37.81754758,2.883173676,motorway_link,group_1
179,1264,88.21119678,13.096372866,residential,group_4
180,3686,31.39202022,5.405421711,primary,group_2
180,63,19.40874548,3.9356737875000003,primary_link,group_2
181,3407,1188.995625,119.80611557999998,motorway,group_1
182,1933,209.8067987,36.126831495,primary,group_2
183,3388,18.49011997,2.5727475495,motorway_link,group_1
183,2039,404.1895712,76.828365735,secondary,group_3
184,1281,81.90763507,14.7761341935,residential,group_4
185,2531,214.3101453,16.33880061,motorway_link,group_1
186,3694,86.1701815,16.379230665,secondary,group_3
187,1709,112.1962064,17.48729577,secondary,group_3
187,1835,112.2001461,11.008101159,secondary,group_3
188,1709,148.6992591,28.264759590000004,secondary,group_3
188,3364,121.6328852,18.958129754999998,secondary,group_3
189,1887,215.574542,41.82053664,residential,group_4
189,1878,46.48724373,10.01604384,tertiary,group_3
189,1877,98.92111613,20.619203985000002,tertiary,group_3
190,3600,17.51410606,3.7989961065,unclassified,group_4
190,3599,19.18188999,2.778375165,secondary,group_3
190,3643,298.9934967,50.420375595,secondary,group_3
191,181,869.8860472,87.651851775,motorway,group_1
192,253,80.89731005,10.820278005,residential,group_4
192,2304,102.7342482,13.741039411500001,residential,group_4
193,1780,81.0231703,7.332347135999999,trunk,group_2
194,203,197.0588772,19.333700789999998,secondary,group_3
195,168,202.5960486,14.454681365999999,trunk,group_2
196,1105,124.3039679,21.088493865,residential,group_4
196,2181,174.9655484,30.289949025,residential,group_4
196,3751,188.6611919,29.826643859999997,residential,group_4
197,2701,20.29525651,2.9977091175,motorway_link,group_1
197,2710,21.62694903,3.723964848,primary,group_2
198,197,22.56483374,3.3329368275,motorway_link,group_1
199,1390,193.3492346,50.1030654,residential,group_4
199,3449,114.3414004,29.629569885000002,residential,group_4
199,198,411.450777,60.773301630000006,motorway_link,group_1
200,3067,524.8594973,27.297588885000003,motorway,group_1
200,2645,451.1394976,34.394444025,motorway_link,group_1
201,3720,1.323430283,0.251557668,secondary,group_3
201,3721,11.41400561,1.7790271034999998,secondary,group_3
202,2904,916.9327716,92.39239512,motorway,group_1
203,161,319.7374175,24.376475055,motorway_link,group_1
204,2667,159.4867341,10.9687592235,trunk_link,group_2
205,3457,338.5077551,17.6055603,motorway,group_1
206,1934,168.2622821,24.98124576,residential,group_4
206,207,232.7409937,31.129863944999997,residential,group_4
206,741,58.60271587,7.8383036115,residential,group_4
207,206,232.7409937,31.129863944999997,residential,group_4
208,3339,13.21642977,1.489920858,primary,group_2
209,210,56.83990593,7.6025220555,residential,group_4
210,211,88.01208355,11.771902071,residential,group_4
210,209,56.83990593,7.6025220555,residential,group_4
211,212,36.43228845,5.3614695795,tertiary,group_3
211,210,88.01208355,11.771902071,residential,group_4
211,1491,92.276767,15.65499531,residential,group_4
212,211,36.43228845,5.3614695795,tertiary,group_3
212,213,192.2392075,22.30401912,tertiary,group_3
212,2306,108.2577258,26.889609555,residential,group_4
213,212,192.2392075,41.419455660000004,tertiary,group_3
213,1531,90.47264365,19.569172485,residential,group_4
213,3419,233.0045206,34.99026003,tertiary,group_3
214,3419,17.65025997,3.3055880010000003,secondary,group_3
214,1518,328.2336029,56.51885514,primary,group_2
214,236,133.075822,25.295056199999998,secondary,group_3
215,3745,14.26238684,1.838538873,primary,group_2
215,3743,37.36666719,7.102657212,secondary,group_3
216,3358,8.884675968,1.3343366595000001,secondary,group_3
216,3355,61.33179374,14.97166176,residential,group_4
216,3604,68.63658887,13.0464448575,secondary,group_3
217,1313,53.40018195,7.1424478005,residential,group_4
217,3358,49.04772761,9.322993524000001,secondary,group_3
217,218,113.4140711,16.13889219,secondary,group_3
218,217,113.4140711,21.55775001,secondary,group_3
218,219,320.8309152,45.65443689,secondary,group_3
219,1316,47.48634491,11.794902065999999,residential,group_4
219,220,89.24238406,14.292780991499999,secondary,group_3
219,218,320.8309152,51.71919948,secondary,group_3
220,221,79.41255021,12.71846556,secondary,group_3
220,219,89.24238406,16.486605554999997,secondary,group_3
221,220,79.41255021,14.6706456195,secondary,group_3
221,222,83.74840181,13.4128819845,secondary,group_3
222,221,83.74840181,15.47164926,secondary,group_3
222,223,171.1869768,27.416770560000003,secondary,group_3
223,277,85.23237985,15.966141165,tertiary,group_3
223,224,40.59073477,7.3954935165,secondary,group_3
223,222,171.1869768,31.62501978,secondary,group_3
224,225,206.6339032,37.64799282,secondary,group_3
224,223,40.59073477,7.4987175675,secondary,group_3
225,496,101.1204712,26.203597815000002,residential,group_4
225,224,206.6339032,38.698951305,secondary,group_3
225,4023,226.284365,41.86123635,secondary,group_3
226,1063,106.6495682,17.16805251,secondary,group_3
226,4023,38.5679907,7.3310048205000005,secondary,group_3
226,227,190.5818873,34.723370235000004,secondary,group_3
226,1062,328.3386928,58.987210680000004,secondary,group_3
227,1941,88.7119865,18.85003392,residential,group_4
227,228,188.1326953,34.277135805,secondary,group_3
227,226,190.5818873,36.22581081,secondary,group_3
228,527,54.26906959,7.2586643445,residential,group_4
228,229,310.2742528,56.53091124,secondary,group_3
228,227,188.1326953,35.760268335,secondary,group_3
229,728,55.8145704,14.2698650265,residential,group_4
229,230,186.2937593,33.94208793,secondary,group_3
229,228,310.2742528,58.97693922,secondary,group_3
230,2194,269.9872584,49.763386034999996,tertiary,group_3
230,231,308.6159769,57.013603245,secondary,group_3
230,229,186.2937593,35.410723305,secondary,group_3
230,1350,88.34501267,12.115481395500002,tertiary,group_3
231,232,17.47196923,3.2277652365000002,secondary,group_3
231,1352,92.62359062,16.034950109999997,residential,group_4
231,230,308.6159769,58.661734095,secondary,group_3
232,233,91.00631587,16.81247367,secondary,group_3
232,231,17.47196923,3.321072432,secondary,group_3
232,661,113.1062132,19.188765435,residential,group_4
233,234,51.98164808,9.603070746,secondary,group_3
233,232,91.00631587,17.298483225000002,secondary,group_3
234,235,50.70028291,9.36635181,secondary,group_3
234,233,51.98164808,9.8806732155,secondary,group_3
234,1261,124.3527034,25.560945915,residential,group_4
235,4050,22.26750946,4.1136915929999995,secondary,group_3
235,234,50.70028291,9.6371112855,secondary,group_3
236,2319,76.93436134,15.814011240000001,residential,group_4
236,4050,165.2305819,31.407033930000004,secondary,group_3
236,214,138.6448781,26.00104245,secondary,group_3
237,238,81.22670416,16.97791443,residential,group_4
237,1257,74.97161337,12.719130652499999,residential,group_4
237,686,254.783101,34.078067399999995,residential,group_4
238,239,77.8641982,16.27508721,residential,group_4
238,237,81.22670416,13.780323195000001,residential,group_4
239,240,72.76910312,15.210116160000002,residential,group_4
239,238,77.8641982,10.414589442,residential,group_4
239,687,327.2192072,43.7666319,residential,group_4
240,239,72.76910312,9.7331039235,residential,group_4
240,126,334.3901963,81.125399685,residential,group_4
240,1179,76.86396224,18.02299074,residential,group_4
241,1177,65.41823326,11.3251721235,residential,group_4
242,243,82.12269369,10.984177047000001,residential,group_4
243,1382,167.1772225,19.396272045,tertiary,group_3
243,1381,240.5943233,40.486881659999995,tertiary,group_3
244,243,83.24193238,11.133878857500001,residential,group_4
245,244,143.0682278,19.135840215,residential,group_4
246,251,20.79932893,5.3176726845,residential,group_4
246,2013,86.73894765,21.243951105,residential,group_4
246,247,74.5059859,17.128559835,residential,group_4
247,339,182.1500764,30.902237745,residential,group_4
247,248,146.6776473,33.720469949999995,residential,group_4
247,246,74.5059859,18.50617917,residential,group_4
248,2668,163.3738495,28.935224505,secondary,group_3
248,434,367.1184819,65.02053864,secondary,group_3
248,247,146.6776473,36.43254684,residential,group_4
249,250,98.35306362,21.614680755,residential,group_4
249,1954,104.307494,16.490632995000002,residential,group_4
249,1955,74.88103203,19.14450318,residential,group_4
250,249,98.35306362,25.14549396,residential,group_4
250,612,387.4787666,67.08013206,residential,group_4
250,251,68.81654297,17.355443025,residential,group_4
251,246,20.79932893,5.245563819,residential,group_4
251,250,68.81654297,17.594022,residential,group_4
252,1066,131.6640815,21.19479621,secondary,group_3
252,1065,74.51265007,8.1146908245,secondary,group_3
253,192,80.89731005,14.004902225999999,residential,group_4
253,254,179.4689803,24.004559099999998,residential,group_4
254,253,179.4689803,30.447382755,residential,group_4
254,2389,95.98549921,17.000039955,secondary,group_3
254,3654,35.29340196,6.520090231499999,secondary,group_3
255,128,109.5322977,20.8804548,tertiary,group_3
255,256,91.8754681,15.586913895000002,residential,group_4
255,269,112.3516404,25.254459660000002,tertiary,group_3
256,255,91.8754681,17.823446805,residential,group_4
257,1573,55.54752845,9.838050651,secondary,group_3
257,1344,79.59559354,14.704460979,secondary,group_3
258,259,63.53292537,10.998788556000001,residential,group_4
258,2175,78.68540141,13.621977699000002,residential,group_4
258,2221,90.61710298,15.68758797,residential,group_4
259,258,63.53292537,10.998788556000001,residential,group_4
260,2192,63.77043727,14.123397544500001,tertiary,group_3
260,2189,147.3223731,29.378878425,tertiary,group_3
260,261,79.57683592,17.384768925000003,tertiary,group_3
261,262,277.3734139,60.596436765,tertiary,group_3
261,260,79.57683592,17.648011125,tertiary,group_3
262,263,95.55637564,20.875742175,tertiary,group_3
262,261,277.3734139,61.513995075000004,tertiary,group_3
262,2170,155.3186263,20.774370795000003,residential,group_4
262,2171,80.11835596,20.483506679999998,residential,group_4
263,262,95.55637564,20.875742175,tertiary,group_3
263,2246,90.05917564,23.337256935,residential,group_4
263,264,87.0974325,18.76582977,tertiary,group_3
264,1815,347.6201901,58.974676110000004,residential,group_4
264,3671,228.9682087,50.0215842,tertiary,group_3
264,263,87.0974325,19.577805795,tertiary,group_3
265,3424,22.89471673,5.008583859,tertiary,group_3
265,3672,30.18025008,5.196765861,primary,group_2
265,3671,35.04734055,7.7725615574999996,tertiary,group_3
266,1561,78.48830437,14.718288069,residential,group_4
266,1624,78.57670223,15.243543254999999,residential,group_4
267,266,70.82376458,9.4729085745,residential,group_4
268,2633,15.2936218,3.4377081945000003,tertiary,group_3
268,3195,130.6851433,24.840635925,secondary,group_3
268,4068,339.5074621,58.46011164,primary,group_2
269,270,106.3326852,23.90151582,tertiary,group_3
269,735,115.2235273,29.059224375,residential,group_4
269,332,95.20363567,22.546967715,residential,group_4
269,255,112.3516404,21.417914160000002,tertiary,group_3
270,271,109.4384072,24.59962161,tertiary,group_3
270,269,106.3326852,23.90151582,tertiary,group_3
271,270,109.4384072,24.59962161,tertiary,group_3
271,272,126.9168723,28.52844,tertiary,group_3
272,871,315.1625746,42.154018125,residential,group_4
272,333,137.9356191,30.31358925,residential,group_4
272,273,67.56111562,15.186422415000001,tertiary,group_3
272,271,126.9168723,28.52844,tertiary,group_3
273,3718,22.44530141,5.0452664265,tertiary,group_3
273,3719,66.85184074,17.32348284,residential,group_4
273,272,67.56111562,15.186422415000001,tertiary,group_3
274,1927,85.84946121,11.482644309,residential,group_4
274,275,177.7958425,39.96504117,tertiary,group_3
274,3718,22.05148794,4.956744831,tertiary,group_3
275,1767,81.87178097,21.215637105,residential,group_4
275,276,207.1419432,45.25330488,tertiary,group_3
275,274,177.7958425,39.96504117,tertiary,group_3
276,1667,81.69937238,10.927556446499999,residential,group_4
276,277,78.23093768,16.07126151,tertiary,group_3
276,275,207.1419432,45.876241995,tertiary,group_3
277,223,85.23237985,18.620308424999997,tertiary,group_3
277,276,78.23093768,14.654597196,tertiary,group_3
278,2121,53.62852039,11.5812208095,residential,group_4
278,1033,164.893225,40.95702552,residential,group_4
279,1625,130.2264421,29.599808760000002,residential,group_4
279,1624,90.48295446,20.801586359999998,residential,group_4
280,2929,45.61106348,6.660695920499999,primary,group_2
280,1653,68.98796821,11.879103623999999,primary,group_2
281,282,62.8742425,11.3425109115,residential,group_4
281,1052,89.03646483,22.763560245,residential,group_4
281,1793,90.1486896,15.60649647,residential,group_4
282,281,62.8742425,16.074780255,residential,group_4
283,284,52.53228093,8.912239107,residential,group_4
283,1538,68.92901873,15.148269705,residential,group_4
283,1537,90.61340307,23.48087526,residential,group_4
284,283,52.53228093,7.026363219,residential,group_4
285,1273,286.9378463,48.679757460000005,residential,group_4
285,1300,79.74684767,15.103627710000001,tertiary,group_3
285,1515,150.0049222,29.913829650000004,tertiary,group_3
286,829,361.3624602,35.453737395,secondary,group_3
287,2946,50.67048163,6.7051133384999995,secondary,group_3
287,1694,76.57139057,7.512517962,secondary,group_3
288,2342,81.82617646,10.944516903,residential,group_4
288,717,121.3246772,20.583049395,residential,group_4
289,846,237.1113112,48.738702375,residential,group_4
290,347,28.6661594,7.4283327869999995,residential,group_4
290,291,146.3466926,19.57434552,residential,group_4
290,1262,115.0798118,28.185145905,residential,group_4
291,290,146.3466926,19.57434552,residential,group_4
292,293,250.2558834,40.83649554,residential,group_4
293,292,42.32918599,9.731271741,residential,group_4
293,1271,127.7992127,23.9651709,residential,group_4
294,295,69.67866025,9.3197471505,residential,group_4
295,657,82.58697561,21.400967265000002,residential,group_4
295,1925,82.72151906,16.936656315,residential,group_4
295,294,69.67866025,10.344919338,residential,group_4
296,297,118.2579219,20.06276631,residential,group_4
297,993,326.4975329,51.61806483,residential,group_4
297,992,85.2634233,14.465163175499999,residential,group_4
297,3738,200.8052239,26.858350995000002,residential,group_4
297,296,118.2579219,15.8173812,residential,group_4
298,299,49.68001165,8.600578998,residential,group_4
299,298,49.68001165,10.368644128500002,residential,group_4
299,2749,103.8889684,16.424465625,residential,group_4
299,2013,125.0769415,21.65325813,residential,group_4
300,301,133.2902222,23.075137214999998,residential,group_4
300,1369,133.0711596,17.798699865,residential,group_4
301,300,133.2902222,17.82800019,residential,group_4
302,969,64.58878016,11.439351280499999,secondary,group_3
302,1573,100.3459499,18.537874260000002,secondary,group_3
302,303,86.70051269,21.23453769,residential,group_4
303,304,124.8793004,21.18610053,residential,group_4
303,302,86.70051269,17.420688915,residential,group_4
303,2690,83.76820521,14.501910174,residential,group_4
304,303,124.8793004,22.05198468,residential,group_4
305,814,98.10840427,19.71287064,residential,group_4
305,2248,137.5505815,27.161094854999998,residential,group_4
306,2185,80.71686729,9.364949918999999,tertiary,group_3
307,367,81.68106442,14.140585394999999,residential,group_4
307,2912,55.43678452,7.41485001,residential,group_4
308,557,211.1178838,36.548623425,residential,group_4
308,556,75.91127021,13.694390205,residential,group_4
309,310,95.7021462,12.8004729315,residential,group_4
309,476,152.6397475,20.41606206,residential,group_4
309,475,192.8230951,25.790715329999998,residential,group_4
310,311,83.72300461,11.198223831,residential,group_4
310,309,95.7021462,12.8004729315,residential,group_4
311,312,65.88969794,8.8129611345,residential,group_4
311,310,83.72300461,11.198223831,residential,group_4
312,1425,69.39448636,9.281737971,residential,group_4
313,2962,458.3901485,92.788176975,unclassified,group_4
313,319,402.0295151,81.59262538499999,residential,group_4
313,314,219.4831586,34.171079039999995,unclassified,group_4
314,313,219.4831586,36.6688635,unclassified,group_4
315,316,105.2233153,15.62209584,residential,group_4
315,583,743.4122747,99.43380663,residential,group_4
315,582,162.8750212,35.561937105,residential,group_4
316,317,63.14414833,11.6416010625,residential,group_4
316,315,105.2233153,22.97433267,residential,group_4
316,2877,99.54082483,13.313908666499998,residential,group_4
317,318,58.17706399,10.7258421855,residential,group_4
317,316,63.14414833,13.7868177405,residential,group_4
318,317,58.17706399,12.702310493999999,residential,group_4
318,1467,172.1321564,39.12476475,residential,group_4
318,319,301.6228479,72.827248035,residential,group_4
319,313,402.0295151,92.424608865,residential,group_4
319,318,301.6228479,61.214908635,residential,group_4
320,1970,62.85449317,8.827342268999999,residential,group_4
320,1969,81.00566427,10.8347707335,residential,group_4
321,322,108.0570173,14.452977076500002,residential,group_4
321,3525,105.7299132,19.801381575,secondary,group_3
321,719,316.1447303,50.96376813,secondary,group_3
322,323,138.5064364,18.525685785,residential,group_4
322,321,108.0570173,14.452977076500002,residential,group_4
323,324,69.28621915,9.2672568795,residential,group_4
323,322,138.5064364,18.525685785,residential,group_4
324,325,134.5872342,18.001479765,residential,group_4
324,323,69.28621915,9.2672568795,residential,group_4
325,324,134.5872342,18.001479765,residential,group_4
325,3758,214.5787453,28.70060421,residential,group_4
326,327,38.54646525,9.574368874500001,residential,group_4
326,830,125.8609461,32.178312930000004,residential,group_4
327,326,38.54646525,8.056938852,residential,group_4
327,833,257.4188369,48.35158808999999,residential,group_4
327,3564,217.4224993,53.250737654999995,residential,group_4
328,3562,12.07610987,2.2647172365,secondary,group_3
329,3828,24.74683376,3.2470797735,primary,group_2
330,784,82.63015771,11.052052008,residential,group_4
331,332,386.7382337,51.727495035000004,residential,group_4
331,419,91.69796762,15.78955995,primary,group_2
332,333,338.1333969,50.20134864,residential,group_4
332,331,386.7382337,51.727495035000004,residential,group_4
332,269,95.20363567,24.340293600000003,residential,group_4
332,734,94.7489781,22.439291685,residential,group_4
333,2384,93.89072409,12.558189339000002,residential,group_4
333,332,338.1333969,45.226440225,residential,group_4
333,272,137.9356191,23.401139205,residential,group_4
334,3351,16.24589281,2.7599698515,primary,group_2
334,3348,147.4748368,28.032021375,secondary,group_3
335,2582,21.52157009,5.49201189,unclassified,group_4
335,336,410.3945371,68.68082124,primary,group_2
335,1492,175.4386315,44.76955194,unclassified,group_4
336,2671,18.73165842,4.8539809785,residential,group_4
336,3974,149.8073203,28.06916016,primary,group_2
336,2252,173.4423671,30.026256630000002,residential,group_4
337,338,232.4605319,38.903003805,primary,group_2
338,3115,17.23228787,2.923575966,primary,group_2
338,3665,225.5429148,38.316862755,primary,group_2
339,247,182.1500764,24.363164415,residential,group_4
340,2821,122.2827992,16.355721615,residential,group_4
340,718,112.8158799,11.068511595,secondary,group_3
340,1455,72.98375247,11.579665665,secondary,group_3
341,342,177.355089,32.764514580000004,secondary,group_3
341,3097,98.48727097,18.152931045,tertiary,group_3
341,1587,202.4156881,42.853115145000004,secondary,group_3
342,343,200.9651827,37.126234710000006,secondary,group_3
342,341,177.355089,37.547574105,secondary,group_3
342,3143,96.16968976,17.521789665,secondary,group_3
343,342,200.9651827,42.546030869999996,secondary,group_3
343,344,185.447419,34.259488680000004,secondary,group_3
344,343,185.447419,39.26078889,secondary,group_3
344,345,166.972751,30.846485235,secondary,group_3
345,344,166.972751,35.349545235,secondary,group_3
345,3310,258.4128696,47.739099465,secondary,group_3
346,3580,32.54754199,6.8905902405,secondary,group_3
347,290,28.6661594,7.020865542,residential,group_4
347,353,53.07459182,12.814932587999998,residential,group_4
347,348,310.3689192,80.426665695,residential,group_4
348,349,93.59825814,23.929853819999998,residential,group_4
348,347,310.3689192,74.58032784,residential,group_4
348,1845,106.1839134,22.194442275,residential,group_4
349,350,93.99434034,23.346796665,residential,group_4
349,348,93.59825814,23.572910055,residential,group_4
349,1406,270.0707859,51.335063025,secondary,group_3
349,3571,249.9964283,47.51932854,secondary,group_3
350,351,278.0742808,58.122773715,residential,group_4
350,349,93.99434034,23.99853165,residential,group_4
350,1214,101.5222925,13.578936403500002,residential,group_4
350,2175,101.5132269,13.577723852999998,residential,group_4
351,352,84.11148097,17.580887235,residential,group_4
351,350,278.0742808,70.99761972,residential,group_4
352,351,84.11148097,18.16409676,residential,group_4
352,615,161.6914642,21.626758575,residential,group_4
352,1035,51.31427746,10.7256526125,residential,group_4
353,347,53.07459182,12.814932587999998,residential,group_4
353,1266,80.03997036,19.325760015,residential,group_4
354,353,192.6369424,40.9326072,residential,group_4
355,2902,459.818375,38.777637885,trunk,group_2
356,357,75.79950095,10.138429477499999,residential,group_4
356,634,103.1118495,15.998191980000001,residential,group_4
356,2227,393.1976461,66.70701093,residential,group_4
358,2345,83.88611007,19.992425445,tertiary,group_3
358,359,140.7353266,34.956562725,residential,group_4
358,2372,17.14639374,3.6943259609999997,tertiary,group_3
359,358,140.7353266,32.354359634999994,residential,group_4
360,361,55.68993658,7.4487099195,residential,group_4
360,1152,159.2527788,34.99838079,residential,group_4
361,360,55.68993658,12.238766704500001,residential,group_4
361,1812,241.0204487,45.81317406,secondary,group_3
361,1811,153.4902554,29.175432315000002,secondary,group_3
362,1367,180.7400989,17.732644395,secondary,group_3
362,1165,183.7732711,18.03023283,secondary,group_3
363,364,150.2991108,20.1029943,residential,group_4
363,362,150.9527448,20.19041997,residential,group_4
364,363,150.2991108,20.1029943,residential,group_4
364,365,176.1144419,23.555878694999997,residential,group_4
365,1731,43.38749422,5.0339132835,tertiary,group_3
366,2912,176.1385612,23.559104715,residential,group_4
366,2170,236.0574588,42.58475643,residential,group_4
367,261,159.6442458,21.352936455,residential,group_4
367,307,81.68106442,10.925107698000001,residential,group_4
367,876,73.24280242,9.7964627445,residential,group_4
367,2189,114.8070953,26.791609635,residential,group_4
368,3812,47.24023275,4.6348002105,secondary,group_3
370,369,93.64905316,12.525865068000002,residential,group_4
371,370,71.64258488,12.9243195375,residential,group_4
372,373,72.57640711,9.707330208,residential,group_4
372,371,75.32638205,13.588876404,residential,group_4
373,372,72.57640711,13.092781032,residential,group_4
373,374,83.17173159,11.1244892745,residential,group_4
374,373,83.17173159,15.004177155,residential,group_4
374,1727,70.22030128,10.5449739585,tertiary,group_3
374,3127,91.32628468,10.595878048500001,tertiary,group_3
375,120,72.76031672,8.44181328,tertiary,group_3
376,375,174.7894875,20.2794639,tertiary,group_3
377,376,79.08255272,9.175333119,tertiary,group_3
377,2267,146.5346063,14.376699364499999,secondary,group_3
377,2328,145.300907,23.423075009999998,secondary,group_3
378,2294,81.83958353,13.995939460499999,tertiary,group_3
378,1967,105.4910462,16.1844411,tertiary,group_3
379,378,66.39270872,11.977242081,residential,group_4
380,1813,137.3453527,21.71379753,residential,group_4
381,319,250.0753638,33.44839224,residential,group_4
382,383,175.9471573,31.74086037,residential,group_4
382,2550,106.6373657,19.237376655000002,residential,group_4
383,382,175.9471573,31.74086037,residential,group_4
384,3545,213.6494278,20.961421125,secondary,group_3
385,386,82.02599272,19.42612167,residential,group_4
385,2179,74.75120216,19.9332435,residential,group_4
386,385,82.02599272,18.644091465,residential,group_4
386,1625,145.7725927,34.52315574,residential,group_4
387,2678,17.22165304,2.5343828999999998,tertiary,group_3
387,988,340.6043137,57.001207064999996,primary,group_2
388,387,152.5820723,22.454371485000003,tertiary,group_3
389,388,77.4402629,11.3963089185,tertiary,group_3
390,389,106.7632509,12.386909094,tertiary,group_3
391,390,204.6320441,23.741863485,tertiary,group_3
392,391,177.3724131,20.579140665,tertiary,group_3
393,392,83.62841362,9.702753979499999,tertiary,group_3
394,479,79.07187067,14.264562405000001,residential,group_4
395,1895,162.5243765,18.85643853,tertiary,group_3
396,397,246.4074098,52.358065859999996,residential,group_4
396,1910,113.4348639,28.962064755,residential,group_4
396,439,297.9611096,50.549882984999996,residential,group_4
397,396,246.4074098,54.15202436999999,residential,group_4
397,1276,111.2166475,14.875587871499999,residential,group_4
397,1538,55.00639137,14.253942247500001,residential,group_4
398,3047,17.32788379,2.9837047305,primary,group_2
398,3951,33.93042458,5.8425119625,primary,group_2
399,400,112.4174278,12.932072193,primary,group_2
399,3043,74.80941277,8.605789557,primary,group_2
400,401,80.88433193,9.304625091,primary,group_2
400,399,112.4174278,12.932072193,primary,group_2
401,3982,12.53895252,1.4424332805,primary,group_2
401,400,80.88433193,9.304625091,primary,group_2
402,403,81.82882494,11.949664817999999,primary,group_2
402,3985,106.5183232,12.2534616885,primary,group_2
403,1190,114.3604434,15.296080799999999,residential,group_4
403,3811,60.02700862,8.7658918905,primary,group_2
403,402,81.82882494,9.413275965,primary,group_2
404,3947,15.67914514,1.819129185,tertiary,group_3
404,3811,65.13101614,7.4924237174999995,primary,group_2
405,3618,136.4924213,15.701567625,primary,group_2
405,406,53.13184496,7.758974161499999,primary,group_2
406,3163,47.67486293,6.9620776365,primary,group_2
406,405,53.13184496,6.1120848255,primary,group_2
407,100,22.96539863,3.189686298,primary,group_2
408,3991,130.882421,11.632528734000001,primary,group_2
409,3989,138.4798781,12.3077732565,primary,group_2
410,2910,18.86219864,3.2478998580000003,primary,group_2
410,3512,34.47771669,3.064300209,primary,group_2
411,694,219.172187,46.570968840000006,residential,group_4
411,2684,153.6656167,26.459828175000002,primary,group_2
411,3511,105.2186279,14.613916393499998,primary,group_2
412,2911,13.41126826,2.5492142700000002,secondary,group_3
412,3946,58.50802383,8.261021208,primary,group_2
413,768,141.1524647,21.196848165,tertiary,group_3
413,2685,114.1872019,19.662002505,primary,group_2
413,3794,89.38351657,15.39103242,primary,group_2
414,3796,261.0832634,44.956174544999996,primary,group_2
414,3794,42.98488817,7.4016086295,primary,group_2
415,2695,14.33489006,1.6631657294999997,tertiary,group_3
415,1249,137.2406459,21.476129595,tertiary,group_3
415,3793,72.0969335,12.414439302000002,primary,group_2
416,3793,121.8189601,20.97612219,primary,group_2
416,417,79.12761836,13.625059593,primary,group_2
417,1623,109.5776722,18.681156015,unclassified,group_4
417,3795,97.1585995,16.72983132,primary,group_2
417,416,79.12761836,13.625059593,primary,group_2
418,64,13.3681861,1.760810007,unclassified,group_4
418,1613,182.7784085,32.47110051,unclassified,group_4
418,3576,88.75958327,15.283596750000001,primary,group_2
419,2863,88.9264658,15.312332415,primary,group_2
419,734,385.6478254,99.93387486,residential,group_4
420,4003,15.07657038,2.5960489425,primary,group_2
420,4002,8.75255583,1.4205199545,primary_link,group_2
421,2867,16.61413631,3.1580155260000002,secondary,group_3
421,422,469.1379943,80.78131581,primary,group_2
422,2688,15.58320403,4.038114203999999,residential,group_4
422,423,317.242588,54.626301870000006,primary,group_2
422,4010,154.9466571,40.1517105,residential,group_4
423,2687,15.03408502,3.3793693830000002,tertiary,group_3
423,1873,172.6118774,38.799786825,tertiary,group_3
423,424,258.7957844,44.56229136,primary,group_2
424,535,223.2994129,40.283205435,residential,group_4
424,3203,126.7188455,21.819838094999998,primary,group_2
425,3477,15.74862273,4.0809795614999995,residential,group_4
425,2122,239.1738087,61.977700635,residential,group_4
425,3474,152.2236906,25.860862304999998,primary,group_2
426,3568,10.71802728,1.820856048,primary,group_2
426,3645,180.4074147,34.29184677,secondary,group_3
427,3987,480.6588502,124.55431671000001,residential,group_4
427,428,168.4398646,29.003819910000004,primary,group_2
428,2716,13.31005446,3.4490673330000003,residential,group_4
428,3771,257.2792317,44.301154725,primary,group_2
428,2121,907.0692764,203.89149974999998,tertiary,group_3
429,3112,18.88591588,4.131594837,tertiary,group_3
429,2312,137.3572006,35.593711139999996,residential,group_4
429,430,112.3736011,21.074206349999997,secondary,group_3
430,867,134.5469301,33.41945706,residential,group_4
430,3112,115.3065445,21.9174714,secondary,group_3
430,431,97.57193977,17.77727484,secondary,group_3
431,868,135.0718588,34.53322638,residential,group_4
431,430,97.57193977,18.273534435,secondary,group_3
431,432,98.642526,17.972332005,secondary,group_3
432,433,408.4138822,72.334387725,secondary,group_3
432,431,98.642526,17.972332005,secondary,group_3
432,759,56.66832961,14.684604413999999,residential,group_4
432,861,111.8915927,28.994745164999998,residential,group_4
433,434,228.5875122,40.485249045,secondary,group_3
433,432,408.4138822,72.334387725,secondary,group_3
433,1420,58.72554013,15.01409982,residential,group_4
434,248,367.1184819,65.02053864,secondary,group_3
434,433,228.5875122,40.485249045,secondary,group_3
435,3664,64.61522372,13.921860312,tertiary,group_3
435,2668,102.1289159,22.31161347,tertiary,group_3
436,437,116.3238378,25.06288962,tertiary,group_3
436,3664,38.58451076,8.4293726415,tertiary,group_3
437,2105,232.7700018,57.81660771,residential,group_4
437,436,116.3238378,25.412709825,tertiary,group_3
437,438,106.122561,23.184085905,tertiary,group_3
438,437,106.122561,23.85428397,tertiary,group_3
438,439,50.55302496,11.0440764225,tertiary,group_3
439,396,297.9611096,72.976113,residential,group_4
439,3943,172.1863246,38.186315625,tertiary,group_3
439,438,50.55302496,10.8920485185,tertiary,group_3
440,3942,11.51673977,2.088102846,tertiary,group_3
441,2052,16.46608562,3.0040632885000003,residential,group_4
441,442,136.2253941,20.224853760000002,residential,group_4
441,2051,77.65227182,15.30932307,residential,group_4
442,2106,100.4129528,23.08444416,residential,group_4
442,441,136.2253941,20.224853760000002,residential,group_4
442,2467,190.0017249,28.208816175000003,residential,group_4
443,444,69.55649269,12.547988585999999,residential,group_4
443,2817,387.5776903,61.27461414,residential,group_4
444,445,78.80906776,14.217152771999999,residential,group_4
444,443,69.55649269,9.3034068435,residential,group_4
445,446,78.16674715,14.101278157500001,residential,group_4
445,444,78.80906776,10.5409688145,residential,group_4
446,447,77.85450389,14.044949487,residential,group_4
446,445,78.16674715,10.455056347500001,residential,group_4
447,448,75.57743135,13.634165688000001,residential,group_4
447,446,77.85450389,10.413292797,residential,group_4
448,447,75.57743135,10.108726947000001,residential,group_4
448,2060,151.3113276,27.296557635,residential,group_4
449,1055,233.8213841,31.27436967,residential,group_4
450,449,82.11051084,10.9825475505,residential,group_4
451,450,93.63129758,12.523490202,residential,group_4
452,451,308.9808411,41.327191185000004,residential,group_4
452,1907,251.8828668,44.747702715,unclassified,group_4
453,1668,90.55315497,22.79877654,unclassified,group_4
453,1587,113.6892087,14.974738888500001,unclassified,group_4
454,455,122.075112,16.32794277,residential,group_4
454,825,81.62957207,8.008782678,secondary,group_3
454,1797,80.44547324,14.881925088,secondary,group_3
456,2416,94.74465616,12.672405527999999,residential,group_4
457,566,94.70706044,14.972839590000001,residential,group_4
458,3230,33.42341378,3.8760312630000002,secondary,group_3
459,1502,89.72123432,10.930139374500001,tertiary,group_3
459,3856,63.0809123,11.835591544500002,tertiary,group_3
460,768,187.2587568,25.046467004999997,residential,group_4
461,2246,158.5068123,31.299166590000002,residential,group_4
461,1836,101.1770702,25.832418345,residential,group_4
461,3196,131.2746009,34.01751204,residential,group_4
462,2797,40.35793418,3.9595690139999995,secondary,group_3
463,2801,135.2902544,17.819951924999998,unclassified,group_4
464,2277,133.4239625,16.603859775,secondary,group_3
465,466,73.29051388,13.221605863499999,residential,group_4
465,2022,56.14095912,9.524460819,residential,group_4
465,1499,140.5566409,28.777995705000002,residential,group_4
465,1859,90.79376492,19.95340227,residential,group_4
466,467,72.60823767,13.098523263,residential,group_4
466,465,73.29051388,15.31910085,residential,group_4
466,1495,351.518009,47.016675570000004,residential,group_4
467,468,93.93096338,16.94514216,residential,group_4
467,466,72.60823767,12.569902125,residential,group_4
468,469,89.58542877,16.161207885,residential,group_4
468,467,93.93096338,16.261281840000002,residential,group_4
469,470,73.80409304,16.219646355000002,residential,group_4
469,468,89.58542877,15.19840272,residential,group_4
470,471,72.32651217,17.655574875,residential,group_4
470,469,73.80409304,12.521057768999999,residential,group_4
470,670,248.8342181,33.282384975,residential,group_4
471,470,72.32651217,15.894923985,residential,group_4
471,472,77.10683805,18.528444389999997,residential,group_4
471,671,336.1280837,44.958223065,residential,group_4
472,1292,14.81340517,3.280761732,tertiary,group_3
472,471,77.10683805,16.94547813,residential,group_4
472,1048,92.85445882,19.72698573,tertiary,group_3
473,474,35.60481238,4.7622593145,residential,group_4
474,475,76.01324211,10.1670180525,residential,group_4
474,473,35.60481238,4.7622593145,residential,group_4
475,474,76.01324211,10.1670180525,residential,group_4
475,309,192.8230951,25.790715329999998,residential,group_4
476,309,152.6397475,20.41606206,residential,group_4
476,1643,61.92994173,9.495128161499998,secondary,group_3
476,2335,127.3842771,24.213207195,secondary,group_3
477,478,27.62788398,5.3596910085000005,residential,group_4
479,1688,82.29549471,14.8461040575,residential,group_4
480,986,109.987954,10.791060134999999,secondary,group_3
481,482,250.2256921,33.46849914,residential,group_4
481,1733,93.29100253,14.748966016499999,residential,group_4
481,1158,113.8561334,19.71071739,residential,group_4
482,483,227.3810992,58.133522715,residential,group_4
482,1386,88.19777785,18.740771894999998,residential,group_4
483,482,227.3810992,40.152407159999996,residential,group_4
483,3715,87.61148336,15.085904339999999,primary,group_2
484,1118,78.56113307,13.328102076,residential,group_4
484,1951,77.65920823,10.387171368,residential,group_4
485,2674,14.48823491,2.6765512425,secondary,group_3
486,3041,80.26591115,10.735826352,residential,group_4
487,486,47.09949083,6.2997098955,residential,group_4
488,1683,114.5968462,15.164348489999998,secondary,group_3
488,705,114.3961682,12.4581468495,secondary,group_3
489,490,113.0571393,14.891484957,unclassified,group_4
490,491,114.1798795,15.03936831,unclassified,group_4
491,1684,115.1516658,21.88803207,secondary,group_3
491,3550,98.58729012,15.89265711,secondary,group_3
492,3722,20.00759874,2.921758914,primary,group_2
493,3146,12.37936703,2.143109886,residential,group_4
493,1679,112.1300891,19.411905465,residential,group_4
494,1681,111.8417069,10.972934226,secondary,group_3
494,701,114.7979997,17.892820425,secondary,group_3
494,3705,119.2654259,15.95213814,residential,group_4
495,496,81.88363356,21.21870849,residential,group_4
495,1767,370.7891106,81.486920265,residential,group_4
496,495,81.88363356,21.21870849,residential,group_4
496,225,101.1204712,25.853024849999997,residential,group_4
497,805,63.66978698,8.5160408325,residential,group_4
498,499,112.3362185,15.025334145000002,residential,group_4
499,1139,245.2960603,32.80914489,residential,group_4
499,1982,85.32419942,11.4123888375,residential,group_4
500,498,148.5010734,19.862500949999998,residential,group_4
501,770,11.10834985,1.6681395239999999,tertiary,group_3
501,769,70.78169304,9.706878285,tertiary,group_3
502,3841,9.099955318,1.1986138035,unclassified,group_4
502,1392,71.26540151,12.856275671999999,residential,group_4
503,3755,56.78738541,7.479832773,unclassified,group_4
504,3646,12.31312867,2.340479865,secondary,group_3
504,3211,149.4617321,10.2792859935,trunk_link,group_2
504,2697,59.06038262,5.79449037,secondary,group_3
505,2859,119.7246924,15.76971138,unclassified,group_4
505,506,91.37552758,20.081254050000002,residential,group_4
506,507,75.04155905,16.49159958,residential,group_4
506,505,91.37552758,12.2217736365,residential,group_4
507,1333,363.1584795,47.833945455,unclassified,group_4
507,506,75.04155905,10.0370522865,residential,group_4
508,721,131.94132,22.384190655,residential,group_4
508,1118,87.71850054,18.63893229,residential,group_4
509,3650,68.96051013,6.7658046585000005,secondary,group_3
510,1421,77.11707136,9.7928968365,secondary,group_3
510,1685,89.05831078,14.3565483345,secondary,group_3
511,2401,82.67039025,14.172425635500002,"['residential', 'unclassified']",group_4
512,3864,55.81735131,9.560726364,tertiary,group_3
512,2121,172.1422147,27.52984788,tertiary,group_3
513,512,120.4605134,16.111984965,residential,group_4
514,1920,143.2479933,24.799021605,residential,group_4
514,2600,307.1328948,45.598824824999994,residential,group_4
515,720,106.1388852,19.338143085,secondary,group_3
515,3848,87.54516443,14.112623218500001,secondary,group_3
516,517,114.5204237,20.659480005,residential,group_4
516,515,400.3392378,69.30653046,residential,group_4
517,516,114.5204237,19.825719,residential,group_4
517,594,111.891877,19.87790799,unclassified,group_4
518,2171,271.1540373,57.616371825,residential,group_4
518,2193,83.47774098,11.1654190245,residential,group_4
519,520,80.09418404,20.75500401,residential,group_4
519,1311,143.0445355,27.750026430000002,residential,group_4
519,1310,84.96432564,15.500843204999999,residential,group_4
520,521,76.93789587,19.93710726,residential,group_4
520,519,80.09418404,15.537928214999999,residential,group_4
521,520,76.93789587,14.9256218475,residential,group_4
522,523,29.53277103,3.950104059,residential,group_4
523,1076,55.99843323,7.489972348499999,residential,group_4
523,524,192.596054,25.760347845000002,residential,group_4
524,525,115.1241805,15.39823311,residential,group_4
524,523,192.596054,25.760347845000002,residential,group_4
525,526,96.20085613,12.8671770045,residential,group_4
525,524,115.1241805,15.39823311,residential,group_4
526,527,92.90316105,16.0833492,residential,group_4
526,525,96.20085613,12.8671770045,residential,group_4
526,999,44.6579662,5.9731480455,residential,group_4
527,526,92.90316105,12.4260995745,residential,group_4
527,228,54.26906959,9.395034435,residential,group_4
528,228,97.60882515,13.055497434000001,residential,group_4
529,530,55.05728241,7.364090368499999,residential,group_4
530,531,92.7821365,16.737893835,residential,group_4
530,2691,142.7896891,19.09858476,residential,group_4
531,530,92.7821365,16.062397484999998,residential,group_4
531,730,85.41265351,15.779102519999999,secondary,group_3
531,2776,25.36254143,4.6209685965,secondary,group_3
532,786,72.67387025,9.720366219,residential,group_4
533,532,26.89655196,3.5975011949999995,residential,group_4
534,2217,107.3660363,14.087704638,primary,group_2
535,2000,92.73680774,16.729716525,residential,group_4
535,424,223.2994129,43.31912847,residential,group_4
536,535,33.52132443,4.976780496,residential,group_4
537,553,128.2589806,17.155055295,residential,group_4
537,2253,104.2095556,26.642797424999998,residential,group_4
537,1211,95.88630648,26.372519850000003,residential,group_4
538,774,173.3009093,20.10675576,tertiary,group_3
538,773,76.95581733,10.5535869525,tertiary,group_3
539,540,77.78595147,10.404123686999998,residential,group_4
540,541,158.8284111,21.243815925,residential,group_4
541,1250,91.45782035,10.6111391085,tertiary,group_3
542,3968,17.52802625,1.7196972794999998,secondary,group_3
543,393,89.01197174,10.3273663305,tertiary,group_3
544,747,150.1486414,28.54025823,secondary,group_3
544,1408,454.3158725,80.464112265,secondary,group_3
544,748,146.9452759,27.931362434999997,secondary,group_3
545,546,129.2666141,20.436578505,residential,group_4
545,658,177.1606591,23.695813635,residential,group_4
546,998,88.20962733,18.41010507,residential,group_4
546,660,191.3388045,25.59218664,residential,group_4
547,1330,73.13938451,8.485793565,tertiary,group_3
548,1579,80.76860115,12.574770072,unclassified,group_4
550,1256,86.26657374,20.131337385000002,residential,group_4
550,1025,74.38416798,17.87419839,residential,group_4
551,738,79.41822475,11.79091455,residential,group_4
551,552,126.9788362,21.982513185000002,residential,group_4
551,1230,111.7187532,23.35132827,residential,group_4
552,551,126.9788362,20.074889205,residential,group_4
553,537,128.2589806,20.277275355,residential,group_4
554,125,63.12037984,8.864683635,residential,group_4
555,2119,116.8295953,24.419590725,residential,group_4
556,2860,23.13052287,3.0937825709999998,residential,group_4
556,308,75.91127021,13.141721481000001,residential,group_4
556,2270,233.7290965,42.16471995,residential,group_4
557,558,135.6702622,23.487168555,residential,group_4
557,308,211.1178838,38.08565805,residential,group_4
558,559,216.9249297,46.093458659999996,residential,group_4
558,557,135.6702622,24.474910035,residential,group_4
558,2336,100.6473009,18.875091375,secondary,group_3
558,1643,74.17362309,14.0989244865,secondary,group_3
559,560,24.96713917,3.339435966,residential,group_4
559,558,216.9249297,55.460239965,residential,group_4
559,2352,160.2733256,34.055799465,residential,group_4
560,559,24.96713917,5.400375552,residential,group_4
561,928,70.36628791,13.375226103,secondary,group_3
562,3451,47.11228184,4.622246781,secondary,group_3
562,1989,114.4715059,16.580471969999998,secondary,group_3
563,2793,99.14054357,13.119049983,secondary,group_3
563,2091,116.1739252,12.651750859499998,secondary,group_3
564,565,114.1623757,19.46277108,unclassified,group_4
565,462,116.7910695,11.458522578,secondary,group_3
565,2827,30.60959976,3.887033667,secondary,group_3
566,1590,87.69253649,11.729161614,residential,group_4
566,457,94.70706044,12.667376979,residential,group_4
566,691,196.0221713,38.027460585,residential,group_4
567,1014,186.9359455,47.065293839999995,unclassified,group_4
567,853,78.0421931,14.313121776000001,tertiary,group_3
567,3169,263.0330322,57.46356249,tertiary,group_3
568,806,30.77246658,4.1159173665,residential,group_4
568,567,176.1995991,30.50358729,residential,group_4
569,568,87.77797669,15.196079819999998,residential,group_4
569,570,76.72802448,19.058100510000003,residential,group_4
570,569,76.72802448,13.283117574000002,residential,group_4
570,856,76.26159128,18.942245444999998,residential,group_4
571,860,85.08885712,11.380911040500001,residential,group_4
571,1721,72.84288361,17.5880136,residential,group_4
572,1227,100.4075545,17.730607455,residential,group_4
572,573,224.5372837,40.964454225,residential,group_4
573,2440,40.34897199,5.3968060725,residential,group_4
573,574,336.2726342,61.34938798499999,residential,group_4
573,572,224.5372837,39.65022804,residential,group_4
574,575,127.0492541,23.178793605000003,residential,group_4
574,573,336.2726342,59.381170080000004,residential,group_4
575,2758,86.33996042,15.75181323,residential,group_4
575,574,127.0492541,22.435168965,residential,group_4
576,1798,61.25699959,9.6845074095,residential,group_4
576,2758,197.1959054,31.17595083,residential,group_4
577,576,74.74440834,11.816817363,residential,group_4
578,2429,102.2342328,25.747897709999997,residential,group_4
578,1135,96.8664082,24.731824859999996,residential,group_4
579,849,101.313521,22.233850935,residential,group_4
579,848,101.315307,19.65473505,residential,group_4
580,1967,44.62953002,7.2595798785,tertiary,group_3
580,2042,155.8002233,18.558321704999997,tertiary,group_3
581,580,38.90825618,5.204105652,residential,group_4
582,315,162.8750212,24.18142011,residential,group_4
582,667,83.2557944,18.177970469999998,residential,group_4
583,2318,132.161673,17.504836755,"['residential', 'unclassified']",group_4
583,2963,1454.687496,194.56917795,residential,group_4
583,315,743.4122747,99.43380663,residential,group_4
584,1478,89.46172848,11.96579679,residential,group_4
584,626,73.5835969,13.274478031500001,residential,group_4
585,3827,121.1518506,15.896567925000001,primary,group_2
586,587,163.7078423,21.896455695,residential,group_4
586,766,59.50778459,9.115234168499999,tertiary,group_3
586,2817,75.22372648,8.727623541,tertiary,group_3
588,589,78.48465779,10.4975779275,residential,group_4
588,2017,202.7479814,23.523270359999998,tertiary,group_3
589,590,78.63957352,10.5182984085,residential,group_4
589,588,78.48465779,10.4975779275,residential,group_4
590,591,78.59391238,10.5121910835,residential,group_4
590,589,78.63957352,10.5182984085,residential,group_4
591,1642,173.0118446,31.211330055,residential,group_4
591,590,78.59391238,10.5121910835,residential,group_4
591,3179,186.4732458,24.941402355,residential,group_4
592,593,42.05740202,10.752630468,residential,group_4
592,2055,61.36773686,14.817323769,residential,group_4
592,2056,230.3487016,36.41728656,residential,group_4
593,592,42.05740202,8.790790911,residential,group_4
594,517,111.891877,19.075689135,unclassified,group_4
594,1413,99.95243593,18.031415565,residential,group_4
595,900,77.50936928,10.367129922,residential,group_4
596,506,70.53158274,9.433828305,residential,group_4
597,2075,61.45746887,6.029671596,secondary,group_3
598,3315,90.8073255,22.55518956,residential,group_4
599,1432,31.44852566,4.2063424635,residential,group_4
600,601,245.0394039,41.57157693,residential,group_4
600,1532,71.76320987,13.921754955,residential,group_4
600,1531,84.84052393,21.690802545,residential,group_4
601,1491,338.4020477,57.410794095,residential,group_4
601,600,245.0394039,32.77481625,residential,group_4
602,2174,89.4447368,11.963524098,residential,group_4
603,1670,366.5415415,62.18473294500001,residential,group_4
603,1994,72.71617746,14.140069987499999,unclassified,group_4
604,605,87.04024439,10.098602151,tertiary,group_3
605,604,87.04024439,10.098602151,tertiary,group_3
605,2806,128.0756563,14.859621627000001,tertiary,group_3
606,607,83.61943364,13.0852036005,tertiary,group_3
607,2438,295.6902226,46.271142929999996,tertiary,group_3
608,1322,113.4660612,14.945346693000001,unclassified,group_4
609,612,13.00285898,3.079452162,residential,group_4
609,610,136.9773322,31.96529973,residential,group_4
609,1337,86.0751179,14.8745719995,residential,group_4
610,611,112.3080186,24.910557195,residential,group_4
610,609,136.9773322,31.490415195,residential,group_4
610,826,182.8045535,39.913327335,residential,group_4
611,610,112.3080186,25.81906128,residential,group_4
611,171,158.577318,28.444068705,tertiary,group_3
611,827,256.5279175,51.92799282,tertiary,group_3
612,609,13.00285898,2.717842974,residential,group_4
612,250,387.4787666,91.76615136,residential,group_4
612,1338,93.09237162,13.821061883999999,residential,group_4
613,614,66.21519036,16.928945655,residential,group_4
614,613,66.21519036,17.15850606,residential,group_4
614,2688,199.5850642,51.02703303,residential,group_4
614,764,48.65150198,12.252978882,residential,group_4
615,1092,88.66924493,15.042969735,residential,group_4
615,616,82.66985271,12.273671091,residential,group_4
615,352,161.6914642,34.917699315,residential,group_4
616,617,97.55168909,14.4831193845,residential,group_4
616,615,82.66985271,14.025157128,residential,group_4
617,618,135.0399791,20.04885981,residential,group_4
617,616,97.55168909,16.54989966,residential,group_4
617,779,104.3423099,13.956122892,residential,group_4
618,617,135.0399791,18.06203586,residential,group_4
618,1096,87.94515784,17.36587914,residential,group_4
618,3865,60.67364748,11.1861259935,residential,group_4
619,620,74.70566977,9.992126004000001,residential,group_4
620,619,74.70566977,9.992126004000001,residential,group_4
620,1629,90.44263116,12.0969957105,residential,group_4
621,3056,104.7572569,14.011623404999998,residential,group_4
622,1818,80.39611987,15.326142,tertiary,group_3
622,2019,77.76248379,16.286831745,tertiary,group_3
623,1821,79.6728242,13.792919842500002,residential,group_4
623,622,318.8791736,42.65112531,residential,group_4
624,1901,160.362604,32.962852725,residential,group_4
624,625,91.47542561,12.235135323,residential,group_4
624,1614,196.0179148,30.989714834999997,residential,group_4
625,2068,71.52747907,9.5670326745,residential,group_4
625,626,89.70693958,11.998594572,residential,group_4
625,624,91.47542561,15.807794835,residential,group_4
626,625,89.70693958,15.50218419,residential,group_4
626,584,73.5835969,9.8420451135,residential,group_4
626,1477,31.84358277,5.744581098,residential,group_4
627,3981,7.21093025,0.9461600625,primary,group_2
628,629,90.68620038,12.129573883499999,residential,group_4
628,1703,360.5502713,35.374052490000004,secondary,group_3
628,3138,74.74495887,9.890835939,secondary,group_3
629,630,79.63130944,10.650946311,residential,group_4
629,628,90.68620038,16.359787035,residential,group_4
630,631,80.88742197,10.8189554415,residential,group_4
630,629,79.63130944,14.365485138,residential,group_4
631,632,74.95141813,10.024995646499999,residential,group_4
631,630,80.88742197,14.592087789,residential,group_4
632,631,74.95141813,13.521232927499998,residential,group_4
632,1466,179.0161013,23.943985065,residential,group_4
633,634,99.17220131,16.824823815000002,residential,group_4
634,1435,87.71383393,13.6091318505,residential,group_4
634,356,103.1118495,17.493195449999998,residential,group_4
635,1742,244.6303103,24.000995505000002,secondary,group_3
635,2275,140.825221,16.331155245,secondary,group_3
636,637,82.60984863,14.3013760575,residential,group_4
637,638,82.02488116,14.200106777999999,residential,group_4
638,639,83.80435352,18.41736576,residential,group_4
638,1326,331.0496907,44.278971510000005,residential,group_4
639,638,83.80435352,11.2091045115,residential,group_4
639,1290,89.80758232,16.201284375,residential,group_4
639,919,43.47012153,7.5255258975,residential,group_4
640,948,152.7792931,20.04646563,primary,group_2
641,684,95.03188103,12.469316343000001,primary,group_2
642,3276,444.7278981,40.24650378,trunk,group_2
643,3158,14.35481348,1.8691971404999999,trunk,group_2
643,3278,38.59142902,7.335459977999999,secondary,group_3
644,2895,22.54663882,2.2120798365,secondary,group_3
644,645,44.42901576,5.785278181500001,trunk,group_2
644,3290,41.13284108,6.630775004999999,secondary,group_3
645,3294,461.9238455,60.148934175,trunk,group_2
646,3132,24.30906531,2.8203916575,tertiary,group_3
646,2528,98.0542383,12.768030885000002,trunk,group_2
646,3295,30.2864339,4.4570297655,tertiary,group_3
647,3293,11.62131182,1.5132570585,trunk,group_2
647,3275,57.37419258,9.248944447500001,secondary,group_3
648,2946,23.56192153,3.7982739885,secondary,group_3
648,3284,535.8658683,69.77721795,trunk,group_2
648,1693,56.67009851,9.135441726,secondary,group_3
649,2820,20.70377903,3.1090839359999998,tertiary,group_3
649,2944,113.5404597,14.7845531295,trunk,group_2
650,87,20.50278233,2.7130880714999996,secondary,group_3
650,3190,57.74716162,4.8699631065,trunk,group_2
651,2851,22.0086194,2.5522855755,secondary,group_3
651,3248,72.67623121,5.1852529800000005,trunk,group_2
652,4013,28.60034502,2.040557439,trunk,group_2
653,1353,253.9504787,33.966701445,residential,group_4
654,655,60.83399042,12.223342053,residential,group_4
654,2181,111.4623181,16.548376305,residential,group_4
654,2375,264.2831636,45.75257031,residential,group_4
655,2751,46.53735304,9.350726138999999,residential,group_4
655,654,60.83399042,8.1367438305,residential,group_4
656,657,45.36889188,6.068236665000001,residential,group_4
657,1868,82.21764538,21.305261805,residential,group_4
657,295,82.58697561,16.909109475,residential,group_4
658,659,37.43988247,6.351774162,residential,group_4
659,658,37.43988247,5.0077058999999995,residential,group_4
659,296,82.65547556,14.0227180065,residential,group_4
660,659,28.25297057,3.7789265910000003,residential,group_4
661,2144,83.69696004,14.1994085775,residential,group_4
661,232,113.1062132,27.610279485,residential,group_4
662,661,54.71845737,7.3187714205,residential,group_4
663,210,39.38931387,5.268448683,residential,group_4
664,1281,47.80803514,12.388614394500001,residential,group_4
664,1282,90.70065236,22.214244885,residential,group_4
665,666,40.15935063,5.3714436,residential,group_4
666,2032,245.7627443,32.87156538,residential,group_4
667,582,83.2557944,12.360663571499998,residential,group_4
667,2294,163.4549075,35.68854879,residential,group_4
668,3252,23.31324448,3.118222179,residential,group_4
669,469,181.8494569,31.481687864999998,residential,group_4
670,470,248.8342181,39.33977904,residential,group_4
671,1494,43.07391072,5.76127548,residential,group_4
671,670,72.62917734,9.7143883965,residential,group_4
671,471,336.1280837,57.025010144999996,residential,group_4
672,2072,96.69311475,12.9330181935,residential,group_4
673,3417,14.89646708,3.8601583605,residential,group_4
673,1519,103.0334025,17.74141923,primary,group_2
674,3417,165.6354778,42.921531045,residential,group_4
674,2241,392.0334405,101.58859509000001,residential,group_4
674,1533,89.92106078,19.10694498,residential,group_4
674,675,384.4784192,67.893655545,residential,group_4
675,2241,82.21255418,14.3729667495,residential,group_4
675,674,384.4784192,66.56071339500001,residential,group_4
676,1831,113.7808308,21.62746371,secondary,group_3
676,1711,109.9402432,11.97288087,secondary,group_3
677,1832,199.8761656,37.992467505,secondary,group_3
678,1423,83.57101587,14.178041819999999,residential,group_4
678,679,45.26131937,6.0538484925,residential,group_4
679,678,45.26131937,6.0538484925,residential,group_4
680,681,84.57928541,14.349097387499999,residential,group_4
680,871,62.10259732,11.633358561,tertiary,group_3
680,3802,364.5988803,53.655312045,tertiary,group_3
681,682,81.58155248,15.82647132,residential,group_4
681,680,84.57928541,18.587669625,residential,group_4
682,681,81.58155248,17.92886919,residential,group_4
682,683,84.13661429,17.87783247,residential,group_4
682,1936,53.45836184,9.254685109499999,residential,group_4
683,682,84.13661429,20.217669645,residential,group_4
683,3685,38.21289726,7.26350865,secondary,group_3
683,1059,127.0004747,23.817286125,secondary,group_3
684,3976,192.3618151,25.240164659999998,primary,group_2
685,1838,231.6931298,30.989708729999997,residential,group_4
686,687,77.87366188,13.481449753500002,residential,group_4
686,237,254.783101,34.078067399999995,residential,group_4
686,125,79.46011636,13.480616945999998,residential,group_4
687,239,327.2192072,56.648026995,residential,group_4
687,686,77.87366188,13.211470786499998,residential,group_4
688,242,77.38828565,10.3509345915,residential,group_4
689,3647,72.38872477,12.2809368345,residential,group_4
690,689,161.5746084,21.611128725,residential,group_4
691,566,196.0221713,26.218602165,residential,group_4
691,3619,116.9355176,19.71926742,secondary,group_3
691,3679,78.8167708,13.692031755,secondary,group_3
692,693,167.9655599,29.07811449,residential,group_4
692,1867,171.7530714,22.972531215,residential,group_4
693,2998,13.67288018,2.3670422415,residential,group_4
693,692,167.9655599,22.465939245,residential,group_4
693,3281,304.9056369,52.501990559999996,primary,group_2
694,411,219.172187,47.33081343,residential,group_4
695,696,101.4596078,13.570552118999998,residential,group_4
696,1018,106.3386838,14.223144393000002,residential,group_4
697,727,86.91754346,15.67992147,residential,group_4
697,698,104.1804099,22.895334615,residential,group_4
697,2394,87.70285147,11.7305412765,residential,group_4
698,697,104.1804099,18.79414191,residential,group_4
699,2135,100.4125911,9.851608921499999,secondary,group_3
700,1621,79.85183733,10.680442632,residential,group_4
701,494,114.7979997,11.2629799215,secondary,group_3
701,1835,114.7501487,17.885362200000003,secondary,group_3
702,701,113.3531031,13.1514783615,tertiary,group_3
703,704,115.5237933,20.94564663,tertiary,group_3
703,702,113.3738021,13.1538799095,tertiary,group_3
704,703,115.5237933,13.403326651499999,tertiary,group_3
704,705,113.5574102,21.6477735,tertiary,group_3
705,706,115.0439418,21.931155269999998,tertiary,group_3
705,704,113.5574102,17.770053779999998,tertiary,group_3
705,488,114.3961682,15.137793225000001,secondary,group_3
705,1831,114.7185716,12.493257713999999,secondary,group_3
706,705,115.0439418,18.002673975,tertiary,group_3
706,707,112.0669104,21.363635265,tertiary,group_3
707,706,112.0669104,17.53681263,tertiary,group_3
707,3548,104.9076311,19.998841395,tertiary,group_3
708,2956,13.30442728,1.6619866454999999,secondary_link,group_3
708,2955,26.66999388,2.6166275235,secondary,group_3
709,2957,149.6711499,14.6844297,secondary,group_3
709,710,212.6349405,34.2775848,secondary,group_3
710,711,148.0893451,27.77222931,secondary,group_3
710,2107,98.45488241,15.871312470000001,secondary,group_3
710,2275,97.61740368,9.577369473000001,secondary,group_3
710,709,212.6349405,20.86188846,secondary,group_3
711,1689,330.6091708,44.220050535,residential,group_4
711,712,101.5601604,19.0462863,secondary,group_3
711,710,148.0893451,23.872582155,secondary,group_3
712,713,109.900539,20.610415755000002,secondary,group_3
712,711,101.5601604,16.371895440000003,secondary,group_3
713,712,109.900539,17.716397115,secondary,group_3
713,714,92.94535554,17.430691755,secondary,group_3
714,1605,105.7197969,12.2658452535,tertiary,group_3
714,1724,128.4635817,28.876110135,tertiary,group_3
714,713,92.94535554,14.983155166499998,secondary,group_3
714,715,232.8600391,35.702212095,secondary,group_3
715,714,232.8600391,37.537949865,secondary,group_3
715,3287,197.2459114,30.24183708,secondary,group_3
716,3280,11.53496732,1.859481888,secondary,group_3
716,717,134.5916489,25.206684795,secondary,group_3
717,1451,160.2712744,27.746083605000003,residential,group_4
717,288,121.3246772,16.227569685,residential,group_4
717,718,408.2921154,76.46604186,secondary,group_3
717,716,134.5916489,21.69670068,secondary,group_3
718,719,211.988589,39.701791215,secondary,group_3
718,717,408.2921154,65.818287345,secondary,group_3
718,3819,295.8432623,36.816025785,secondary,group_3
718,340,112.8158799,17.899465665,secondary,group_3
719,321,316.1447303,59.208432555,secondary,group_3
719,778,87.55338856,12.0069194415,tertiary,group_3
719,718,211.988589,34.173390405,secondary,group_3
720,515,106.1388852,17.1100038,secondary,group_3
720,721,479.1626858,87.301808055,secondary,group_3
720,2011,166.8775732,25.059984540000002,tertiary,group_3
721,1464,187.0428586,25.017589920000002,residential,group_4
721,508,131.94132,28.03565172,residential,group_4
721,720,479.1626858,77.242900725,secondary,group_3
721,3215,182.708981,33.28895355,secondary,group_3
722,3692,15.60356579,2.156844873,trunk,group_2
722,3929,41.16083543,7.823852824499999,secondary,group_3
723,1197,249.1027862,47.349465015,secondary,group_3
723,3690,112.1314407,18.076027200000002,secondary,group_3
723,795,87.3912678,18.2664246,residential,group_4
724,3648,10.04118649,1.343041311,residential,group_4
724,3693,132.2165482,25.131725429999996,secondary,group_3
725,3647,8.920936208,1.5443880555,residential,group_4
725,4021,40.64306343,7.0605038685,secondary,group_3
726,3619,82.35343241,14.3064198165,secondary,group_3
726,4021,72.11961625,12.1617967575,secondary,group_3
727,697,86.91754346,19.101539745,residential,group_4
727,728,294.0051766,39.324147405,residential,group_4
727,2194,87.97881612,16.459747649999997,residential,group_4
728,727,294.0051766,39.324147405,residential,group_4
728,2394,211.8339977,38.21484498,residential,group_4
728,229,55.8145704,11.472796134000001,residential,group_4
729,2111,167.2486835,22.370054715000002,residential,group_4
729,730,87.23578447,20.05507794,residential,group_4
729,800,212.836301,52.865372805,residential,group_4
730,729,87.23578447,21.668071875000003,residential,group_4
730,2338,272.6396627,50.367352035,secondary,group_3
730,531,85.41265351,15.561894330000001,secondary,group_3
731,4048,42.53787153,8.709333663,residential,group_4
731,842,199.3993362,41.67822519,residential,group_4
731,4066,46.2790506,8.011806306,residential,group_4
732,733,41.49500202,9.9854578845,residential,group_4
732,4048,49.26137174,12.2357923395,residential,group_4
732,1390,312.5810349,54.113873865,residential,group_4
733,734,87.61247067,15.16742751,residential,group_4
733,732,41.49500202,10.3067415705,residential,group_4
733,2109,331.4970277,71.70258601500001,residential,group_4
733,2863,371.6167273,95.00960955000001,residential,group_4
734,332,94.7489781,24.224053304999998,residential,group_4
734,733,87.61247067,20.74916082,residential,group_4
734,2384,338.6944443,58.63461434999999,residential,group_4
734,419,385.6478254,51.581649375,residential,group_4
735,269,115.2235273,22.752336794999998,residential,group_4
736,2182,269.8198303,69.91908000000001,residential,group_4
736,737,79.08952017,20.494662975,residential,group_4
736,738,240.097663,62.21710128000001,residential,group_4
737,4066,223.9013934,40.391802705,residential,group_4
737,736,79.08952017,20.494662975,residential,group_4
737,840,104.2405139,27.012102195000004,residential,group_4
737,1390,75.71377934,19.619898915,residential,group_4
738,551,79.41822475,17.45344284,residential,group_4
738,736,240.097663,51.017334524999995,residential,group_4
738,1229,39.88007501,9.5830119735,residential,group_4
739,3640,159.7465667,28.198004685,secondary,group_3
739,3679,27.22119619,4.5904106655,secondary,group_3
739,3678,46.94133137,8.1264600255,residential,group_4
740,741,152.9128094,29.065671375,secondary,group_3
740,160,264.468963,45.27093258,secondary,group_3
740,1983,114.6953072,25.781270310000004,tertiary,group_3
741,206,58.60271587,8.7005170095,residential,group_4
741,740,152.9128094,29.065671375,secondary,group_3
741,742,82.94128926,15.765482729999999,secondary,group_3
742,1787,248.4707906,33.233775375,residential,group_4
742,741,82.94128926,15.765482729999999,secondary,group_3
742,743,107.9125218,20.512015365,secondary,group_3
743,742,107.9125218,20.512015365,secondary,group_3
743,744,97.3647341,18.50709156,secondary,group_3
744,743,97.3647341,18.50709156,secondary,group_3
744,745,343.5223871,63.46220076,secondary,group_3
745,1853,91.10335643,12.1853698605,residential,group_4
745,744,343.5223871,65.29674558,secondary,group_3
745,746,163.3659982,30.180175034999998,secondary,group_3
746,2355,341.3482856,87.271010565,residential,group_4
746,745,163.3659982,31.052613795,secondary,group_3
746,747,99.18035037,18.322541819999998,secondary,group_3
747,1736,52.17542437,13.140485843999999,residential,group_4
747,746,99.18035037,18.852203955,secondary,group_3
747,544,150.1486414,27.73840536,secondary,group_3
748,2155,95.07329115,24.636577095,residential,group_4
748,749,267.9543408,50.932769085,secondary,group_3
748,544,146.9452759,27.931362434999997,secondary,group_3
749,137,210.3361438,54.504925185000005,residential,group_4
749,3350,144.2627243,27.421462935,secondary,group_3
749,748,267.9543408,50.932769085,secondary,group_3
750,2362,200.6387932,23.2675884,secondary,group_3
750,2459,141.1020384,13.843703109,secondary,group_3
751,1662,146.4885167,27.844541624999998,secondary,group_3
752,2593,415.5236684,101.76932893499999,residential,group_4
752,1409,318.2826205,53.997480555,residential,group_4
753,3021,16.58172739,2.2178599020000003,residential,group_4
753,2594,17.65644034,3.481007613,residential,group_4
754,3041,274.524835,66.28439585999999,residential,group_4
754,3590,858.906819,169.3354446,residential,group_4
755,1935,85.80235125,9.954979044,tertiary,group_3
756,2031,76.93014571,8.925606084,tertiary,group_3
757,1172,209.8288558,28.065291074999998,residential,group_4
758,1173,136.1323383,18.20814246,residential,group_4
759,760,305.7468571,40.894635315,residential,group_4
759,809,114.5005592,29.67081312,residential,group_4
759,432,56.66832961,13.027770356999998,residential,group_4
760,759,305.7468571,48.33745894500001,residential,group_4
761,1164,211.9827378,27.921613545,unclassified,group_4
762,763,77.50882346,11.507433177,residential,group_4
762,1934,81.33859103,10.87930077,residential,group_4
763,762,77.50882346,10.3670569155,residential,group_4
764,1648,245.5346633,49.335152175000005,residential,group_4
764,2300,68.09075133,11.5517743785,residential,group_4
764,614,48.65150198,12.421648005000002,residential,group_4
765,1385,80.71102774,10.7953621395,residential,group_4
766,446,431.7658895,57.75009027,residential,group_4
766,887,78.94629455,12.092770155,tertiary,group_3
766,586,59.50778459,6.904225116,tertiary,group_3
767,1641,249.7459221,53.067452190000004,residential,group_4
767,1414,305.763212,40.89682284,residential,group_4
768,769,78.28191938,11.755586152500001,tertiary,group_3
768,413,141.1524647,24.601916985000003,tertiary,group_3
768,1619,154.0691677,20.607251655,residential,group_4
769,501,70.78169304,10.6292780895,tertiary,group_3
769,768,78.28191938,10.735446282,tertiary,group_3
770,771,78.72133339,11.8215729,tertiary,group_3
770,501,11.10834985,1.52337978,tertiary,group_3
771,770,78.72133339,10.7957067555,tertiary,group_3
771,772,88.70005827,13.320076780499999,tertiary,group_3
772,1085,61.34064765,10.6192625235,residential,group_4
772,773,79.74661627,9.2523792435,tertiary,group_3
772,771,88.70005827,12.1641717315,tertiary,group_3
773,538,76.95581733,8.928584562000001,tertiary,group_3
773,772,79.74661627,10.936312266,tertiary,group_3
774,895,82.82254315,8.125826611499999,secondary,group_3
774,2332,170.4879897,32.406362144999996,secondary,group_3
774,538,173.3009093,23.76618531,tertiary,group_3
774,775,199.6502781,23.16386796,tertiary,group_3
775,776,80.52969693,9.343233999,tertiary,group_3
775,774,199.6502781,27.379691925,tertiary,group_3
776,777,301.8140438,35.017134585,tertiary,group_3
776,775,80.52969693,11.0437025865,tertiary,group_3
777,1578,80.33984809,12.5080180035,unclassified,group_4
777,778,227.7429586,26.423243040000003,tertiary,group_3
777,776,301.8140438,41.390253075000004,tertiary,group_3
778,2496,79.12146495,10.582752954,residential,group_4
778,719,87.55338856,10.158138275999999,tertiary,group_3
778,777,227.7429586,31.232273265000003,tertiary,group_3
779,617,104.3423099,13.956122892,residential,group_4
780,500,82.54048182,11.040057567,residential,group_4
781,1132,83.24245084,8.167024296,secondary,group_3
781,2096,55.61977061,7.063010382,secondary,group_3
782,1133,84.51555989,9.8056826565,tertiary,group_3
783,2149,78.21366266,9.0745225665,tertiary,group_3
784,2353,168.9522575,22.597913265,residential,group_4
785,1628,111.0506339,14.853383023500001,residential,group_4
785,1627,135.9605692,18.185167785,residential,group_4
786,245,78.72643891,10.5299169375,residential,group_4
787,795,189.8920505,41.073523890000004,residential,group_4
787,3855,29.57632026,4.1537253555,residential,group_4
788,1580,73.72415995,9.860845878,residential,group_4
788,789,64.51139391,11.6378529615,residential,group_4
789,788,64.51139391,8.628608493,residential,group_4
790,2266,85.77587586,11.472802029,residential,group_4
791,865,85.28982773,11.23407327,unclassified,group_4
791,864,70.23166343,11.9733211575,unclassified,group_4
792,1840,77.63593261,14.309663751,tertiary,group_3
792,2008,78.20429134,14.67312402,tertiary,group_3
792,793,79.54756126,18.28759323,residential,group_4
793,792,79.54756126,20.613356295000003,residential,group_4
794,3855,38.14702597,8.251176277499999,residential,group_4
795,787,189.8920505,26.66861253,residential,group_4
795,723,87.3912678,18.902672940000002,residential,group_4
796,2949,14.56976621,1.6904165805,tertiary,group_3
797,3090,339.3722087,31.967355705,trunk,group_2
798,306,157.6276692,18.288311685,tertiary,group_3
798,219,55.26487997,6.4119539145,tertiary,group_3
799,3860,67.95408942,10.5915636375,secondary,group_3
799,3165,58.09619941,11.0429273145,secondary,group_3
800,801,111.7821488,27.765023834999997,residential,group_4
800,729,212.836301,48.930019155000004,residential,group_4
800,2483,110.6237269,23.122447095,residential,group_4
801,800,111.7821488,25.69816641,residential,group_4
801,802,179.2774386,44.52985032,residential,group_4
802,801,179.2774386,41.215001685000004,residential,group_4
802,1472,31.42576416,4.9682982825,residential,group_4
802,1014,182.6342214,46.175682404999996,"['residential', 'unclassified']",group_4
803,804,84.11723243,11.250953082,residential,group_4
804,803,84.11723243,14.562333594,residential,group_4
804,4042,44.70105591,5.978911434,residential,group_4
805,2446,58.69840701,10.161839134500001,residential,group_4
805,1983,67.12526086,8.9782216875,residential,group_4
806,568,30.77246658,4.1159173665,residential,group_4
807,959,73.63741061,12.492779658,residential,group_4
807,1075,199.764925,26.719207635000004,residential,group_4
808,807,44.08574768,5.8966119585,residential,group_4
809,2452,140.9492109,18.852414825,residential,group_4
809,810,92.7371589,23.034531495,residential,group_4
809,759,114.5005592,26.323115595000004,residential,group_4
810,987,143.9709925,22.76128692,residential,group_4
810,811,90.72068717,22.533669885,residential,group_4
810,809,92.7371589,23.356040475,residential,group_4
811,812,90.57978494,18.932884859999998,residential,group_4
811,810,90.72068717,18.228460485,residential,group_4
812,813,91.83916781,19.19611965,residential,group_4
812,811,90.57978494,18.200149064999998,residential,group_4
813,2169,169.2385654,37.19291934,residential,group_4
813,812,91.83916781,18.453196215,residential,group_4
813,814,156.3854703,30.880280895,residential,group_4
814,305,98.10840427,19.372740165,residential,group_4
814,813,156.3854703,31.422451199999998,residential,group_4
815,1591,114.808279,21.822761085,secondary,group_3
815,1682,113.6514323,16.461689505,secondary,group_3
816,1183,116.4955966,15.34438635,unclassified,group_4
817,2093,106.7033326,14.271917346000002,residential,group_4
817,818,81.30247602,10.874470269,residential,group_4
818,817,81.30247602,10.874470269,residential,group_4
819,3362,87.14670136,11.0665335315,secondary,group_3
819,1598,114.4314242,11.227014732,secondary,group_3
820,1797,92.25208195,9.050970834000001,secondary,group_3
820,1329,83.9417272,15.528710879999998,secondary,group_3
821,822,156.4202856,39.991284465,residential,group_4
821,3683,45.94993671,11.7478176435,residential,group_4
822,823,228.2662626,45.074048715,residential,group_4
822,821,156.4202856,33.833603445,residential,group_4
823,824,82.02276425,14.1997402995,residential,group_4
823,822,228.2662626,39.907085175000006,residential,group_4
823,1282,146.1298255,23.102590515,residential,group_4
824,823,82.02276425,14.339786361000002,residential,group_4
824,2241,144.0092356,22.767333015000002,residential,group_4
825,2412,81.49436138,7.9955169825,secondary,group_3
825,454,81.62957207,15.10097619,secondary,group_3
826,610,182.8045535,33.35075868,residential,group_4
826,1298,136.9914339,29.910545655,residential,group_4
827,611,256.5279175,50.127930345,tertiary,group_3
827,1300,141.2109354,28.584804780000002,tertiary,group_3
828,2287,90.65370096,8.894151612,secondary,group_3
829,3118,328.3612922,32.21595021,secondary,group_3
830,326,125.8609461,31.261987740000002,residential,group_4
830,995,81.46277734,16.6789377,residential,group_4
830,831,91.43017875,23.375550525,residential,group_4
831,1577,112.2492452,24.99120642,residential,group_4
831,832,236.8687946,60.55919994,residential,group_4
831,830,91.43017875,23.692528365,residential,group_4
832,3400,41.02500686,9.08591043,tertiary,group_3
832,3922,14.54756286,3.1343873220000003,tertiary,group_3
832,831,236.8687946,55.540775775,residential,group_4
833,326,219.5219849,39.601757565,residential,group_4
833,327,257.4188369,65.813138595,residential,group_4
833,4069,94.13830878,21.061727025,residential,group_4
834,4016,323.0491158,36.41812683,primary,group_2
835,951,147.266903,19.323174285,primary,group_2
836,1440,75.75207127,8.784781783500001,secondary,group_3
836,1441,260.7275855,25.580319945,secondary,group_3
837,322,133.0263036,17.792700225,residential,group_4
838,1030,153.6191091,23.53094073,tertiary,group_3
839,1794,76.60914971,10.24672263,residential,group_4
840,841,77.35038131,13.122694866,residential,group_4
840,1391,284.4385292,73.70725959,residential,group_4
840,737,104.2405139,27.012102195000004,residential,group_4
841,842,338.7048977,57.462173385,residential,group_4
841,840,77.35038131,10.345864764,residential,group_4
841,2455,310.2966808,49.056769425,residential,group_4
842,1758,81.88423731,17.115351269999998,residential,group_4
842,731,199.3993362,40.825628744999996,residential,group_4
843,844,227.3503899,39.358786845,residential,group_4
843,1159,82.1976681,13.945049771999999,residential,group_4
844,843,227.3503899,40.09103202,residential,group_4
844,1280,169.3305199,29.157182685000002,primary,group_2
845,3857,12.06810307,1.5834790724999999,primary,group_2
846,847,99.82188626,25.17495045,residential,group_4
846,862,64.41270694,12.4957889085,residential,group_4
847,848,100.1420179,21.976757640000002,residential,group_4
847,846,99.82188626,19.36501785,residential,group_4
848,579,101.315307,22.23424287,residential,group_4
848,847,100.1420179,19.427122005,residential,group_4
849,579,101.313521,19.654388595,residential,group_4
849,850,96.86017131,21.25653702,residential,group_4
849,2430,53.71336403,7.1843369205,residential,group_4
850,851,103.8312554,22.786382624999998,residential,group_4
850,849,96.86017131,17.857671735,residential,group_4
851,852,106.0669056,18.329336774999998,residential,group_4
851,850,103.8312554,15.415422135,residential,group_4
852,2404,257.141354,52.052168505,tertiary,group_3
852,1278,191.5201222,40.112607690000004,tertiary,group_3
852,851,106.0669056,14.8961328255,residential,group_4
853,854,84.23559302,11.266784196,residential,group_4
853,567,78.0421931,16.29065259,tertiary,group_3
853,1038,388.4900193,71.24998329,tertiary,group_3
854,853,84.23559302,13.317338920500001,residential,group_4
854,855,78.23369991,10.464011496,residential,group_4
855,920,75.70319706,10.1255485185,residential,group_4
855,854,78.23369991,12.3684615885,residential,group_4
856,857,91.57956723,19.45935399,residential,group_4
856,855,172.0154998,23.007631875,residential,group_4
857,858,82.95248752,14.073106864500001,residential,group_4
857,856,91.57956723,12.249064602,residential,group_4
857,923,81.35576347,19.267392045,residential,group_4
858,859,81.63946114,14.133383055,residential,group_4
858,857,82.95248752,13.114484637,residential,group_4
859,858,81.63946114,12.9068999715,residential,group_4
859,860,80.32233726,13.905363221999998,residential,group_4
860,1722,63.61194801,8.5083046815,residential,group_4
860,571,85.08885712,14.7305407785,residential,group_4
861,862,190.5279876,49.37198868,residential,group_4
861,868,124.8214193,16.6952703,residential,group_4
861,432,111.8915927,27.40429287,residential,group_4
862,2408,35.5195379,6.149124799500001,residential,group_4
862,846,64.41270694,16.24480128,residential,group_4
862,861,190.5279876,46.663780949999996,residential,group_4
863,864,77.28440431,10.179627324,unclassified,group_4
863,3792,175.0277046,26.283888749999996,tertiary,group_3
863,2934,24.07513721,2.7932508015,tertiary,group_3
864,791,70.23166343,9.250665336,unclassified,group_4
864,863,77.28440431,13.1756952375,unclassified,group_4
865,866,363.5475616,60.737580045,unclassified,group_4
865,791,85.28982773,14.540485716,unclassified,group_4
866,865,363.5475616,90.290023275,unclassified,group_4
866,2110,325.9793177,83.34169431000001,residential,group_4
866,3537,178.6660234,30.93057342,residential,group_4
867,868,98.75573465,13.208900305499998,residential,group_4
867,1468,131.8186731,32.741798565,residential,group_4
867,430,134.5469301,31.08198105,residential,group_4
868,2289,132.102267,33.77400393,residential,group_4
868,431,135.0718588,34.486398525,residential,group_4
869,1550,97.00977973,12.975373164,residential,group_4
869,1549,82.74291986,11.067134311499998,residential,group_4
870,2632,117.6320985,26.441403764999997,tertiary,group_3
870,3804,74.69253087,16.7894256,tertiary,group_3
871,272,315.1625746,69.26208687,residential,group_4
871,680,62.10259732,11.0730759075,tertiary,group_3
871,872,77.37175867,12.6063601605,tertiary,group_3
872,3719,206.0721048,44.57325885,residential,group_4
872,1051,30.00762971,6.7451304795,tertiary,group_3
872,871,77.37175867,11.38622766,tertiary,group_3
873,1149,77.68204463,18.693595545,residential,group_4
873,804,303.6279303,40.611221985,residential,group_4
874,1396,83.88214579,11.2195094805,residential,group_4
875,689,138.2699754,21.859976985,residential,group_4
876,2190,85.26650321,11.404671783000001,residential,group_4
876,877,72.74383915,9.729724785,residential,group_4
876,367,73.24280242,17.092084485,residential,group_4
877,876,72.74383915,9.729724785,residential,group_4
878,982,109.0787639,10.701858322500001,secondary,group_3
878,981,97.96634226,11.360916268499999,secondary,group_3
879,880,116.0138464,15.517228815000001,residential,group_4
879,1659,112.9862619,14.347832295,secondary,group_3
880,879,116.0138464,15.517228815000001,residential,group_4
880,1675,111.7674327,10.965647082,secondary,group_3
881,489,115.9155836,20.0672484,residential,group_4
881,1676,112.9727506,18.211649655000002,secondary,group_3
881,1683,114.1072894,21.68951697,secondary,group_3
882,881,112.8489212,15.093909779999999,residential,group_4
882,1677,112.3753917,14.8016875845,unclassified,group_4
883,1678,113.8694441,14.998478858999999,unclassified,group_4
884,885,325.6211641,57.500265435,residential,group_4
885,884,325.6211641,43.552888440000004,residential,group_4
885,886,102.3048382,15.670765815,tertiary,group_3
886,885,102.3048382,11.869634169,tertiary,group_3
886,2817,29.6790796,4.546157487,tertiary,group_3
886,982,248.2370897,28.787446035000002,secondary,group_3
887,888,77.95794939,11.941378239,tertiary,group_3
887,766,78.94629455,9.1595241435,tertiary,group_3
888,887,77.95794939,9.044854146,tertiary,group_3
888,889,81.00440549,12.408025770000002,tertiary,group_3
889,888,81.00440549,9.398310738000001,tertiary,group_3
889,890,76.91554768,11.781706092,tertiary,group_3
890,889,76.91554768,8.923912389,tertiary,group_3
890,891,80.80387695,12.3773093745,tertiary,group_3
891,1132,105.4583135,10.3466512545,secondary,group_3
891,890,80.80387695,9.3750449715,tertiary,group_3
891,2097,215.5151954,27.915780344999998,secondary,group_3
892,2186,49.224963,5.711189355,tertiary,group_3
893,2200,86.90822654,19.0994922,residential,group_4
894,893,42.90900428,9.2663129565,residential,group_4
895,2048,75.80028208,7.4368635135,secondary,group_3
895,774,82.82254315,15.742911464999999,secondary,group_3
896,897,32.79181299,4.3860115065,residential,group_4
896,2202,45.74476424,10.726189989,residential,group_4
897,896,32.79181299,7.6889939655,residential,group_4
898,1585,108.3397353,24.02685192,tertiary,group_3
898,1584,100.1128941,21.19879524,tertiary,group_3
899,3025,61.82562593,10.7403338775,secondary,group_3
900,1205,123.5807918,16.529332349999997,residential,group_4
901,595,74.15717795,9.9187634415,residential,group_4
902,1917,238.4006847,31.88686599,residential,group_4
903,1393,83.94196833,11.2275109395,residential,group_4
904,905,110.0230801,24.179356139999996,residential,group_4
904,1539,87.53826547,15.740007509999998,residential,group_4
904,2387,70.43413193,15.479042745000001,residential,group_4
905,904,110.0230801,24.179356139999996,residential,group_4
906,907,59.53375711,11.549293566,residential,group_4
907,1721,78.80244115,19.57335477,residential,group_4
907,2259,73.44544824,13.773737934,secondary,group_3
907,3702,144.6422949,25.617669465,secondary,group_3
908,2679,131.3259123,26.994302895000004,residential,group_4
908,2630,314.2739361,42.035159835,residential,group_4
909,3883,69.01231892,9.1322483085,secondary,group_3
910,2828,24.02438203,4.566555252,secondary,group_3
910,193,698.9249126,63.250549965000005,trunk,group_2
911,909,124.7342835,22.159397775000002,unclassified,group_4
912,2444,23.23790147,3.1081448069999995,residential,group_4
913,1252,85.03933103,11.3742867645,residential,group_4
914,1662,73.99416485,7.2596630205,secondary,group_3
915,916,99.91997916,17.298097275,residential,group_4
916,111,99.95103611,22.36221858,residential,group_4
916,2220,154.6468185,36.261442904999996,residential,group_4
916,915,99.91997916,18.025560375,residential,group_4
917,2428,119.5537602,15.990703785000001,residential,group_4
918,917,195.4653348,26.144123475,residential,group_4
919,549,71.55494811,12.387557157,residential,group_4
920,921,84.37638925,11.2856161485,residential,group_4
920,855,75.70319706,11.9683983495,residential,group_4
920,1040,314.2319427,42.029543085,residential,group_4
921,920,84.37638925,13.339598287500001,residential,group_4
922,921,83.55293407,11.175476343,residential,group_4
923,1043,286.6624748,67.88994474,residential,group_4
923,857,81.35576347,14.0842694565,residential,group_4
924,1572,76.64608667,10.251663067500001,residential,group_4
924,1646,76.34797857,13.2173242155,residential,group_4
925,1168,100.3495654,13.4220803445,residential,group_4
926,1740,58.07334398,9.0413717385,unclassified,group_4
926,2937,161.813749,30.757562235,secondary,group_3
927,3162,12.18161858,1.412672409,secondary,group_3
927,2462,80.40687755,7.8888225405,secondary,group_3
927,3641,208.680446,39.66598539,secondary,group_3
928,3161,16.18798281,2.165195286,residential,group_4
928,927,258.1997107,49.078608689999996,secondary,group_3
929,561,176.6536195,33.578325254999996,secondary,group_3
930,4081,13.22903631,1.5348621255,tertiary,group_3
930,929,310.4997533,59.019802365000004,secondary,group_3
931,930,151.5972412,28.81560813,secondary,group_3
932,3159,16.41438794,1.6104367875,secondary,group_3
932,3837,40.61186632,7.7195047605,secondary,group_3
932,3836,45.81979172,8.709427374,secondary,group_3
933,3508,46.57341353,8.0195202105,primary,group_2
934,3769,34.96798754,4.5882170685000006,primary,group_2
935,3768,159.8742795,20.977412475,primary,group_2
936,935,250.3763702,32.85236628,primary,group_2
937,936,82.10855167,10.773621381,primary,group_2
938,845,88.91481637,11.6666844945,primary,group_2
939,938,188.6430272,24.752215319999998,primary,group_2
940,939,104.0916958,13.6580721015,primary,group_2
941,940,26.1866287,3.4359980429999997,primary,group_2
942,941,79.06101849,10.373748675,primary,group_2
943,942,109.5181272,14.370084633000001,primary,group_2
944,943,59.7749289,7.8431836755,primary,group_2
945,944,48.3058631,6.338305437000001,primary,group_2
946,945,112.6030286,14.7748604895,primary,group_2
947,3826,35.42654472,4.6483852395,primary,group_2
948,585,33.85923088,4.442734968,primary,group_2
949,640,210.1437694,27.57336918,primary,group_2
950,949,47.02172743,6.1698115200000005,primary,group_2
951,950,286.4868743,37.590495165,primary,group_2
952,2961,14.39073828,1.8882365175000002,primary,group_2
953,954,72.42255357,12.8660711955,unclassified,group_4
954,1540,83.75839249,8.217643998,secondary,group_3
954,1401,82.74910446,10.950006913500001,secondary,group_3
955,1735,275.7370914,36.880731675,residential,group_4
956,3899,12.20345161,2.112655494,residential,group_4
956,957,102.1919745,22.45834368,residential,group_4
956,1056,84.13624925,15.992620770000002,secondary,group_3
957,958,466.5887781,62.407764735,residential,group_4
957,1859,399.6342086,87.826098345,residential,group_4
957,2906,145.4749085,37.69727286,residential,group_4
958,3197,58.93364512,9.998247315,residential,group_4
958,957,466.5887781,102.54045081,residential,group_4
959,807,73.63741061,9.849242871000001,residential,group_4
959,1941,187.2292144,25.042515629999997,residential,group_4
960,3088,146.5363861,10.454975718,trunk,group_2
961,960,21.79753341,1.5551951880000001,trunk,group_2
962,3035,368.44219,26.287356015,trunk,group_2
963,3238,12.74311432,0.909186819,trunk,group_2
964,3379,24.43965695,2.1319856505,trunk_link,group_2
964,144,76.4517342,8.8659199755,secondary,group_3
965,2569,84.90173816,11.355883272,residential,group_4
966,1865,93.12782843,12.456149567999999,residential,group_4
967,2366,107.2887556,12.447879318,tertiary,group_3
968,3435,109.2341085,12.667611459,secondary,group_3
969,302,64.58878016,11.932107738,secondary,group_3
969,3869,36.72800873,6.504916065000001,secondary,group_3
970,969,44.6907125,7.7368340025,residential,group_4
971,3439,15.81609343,1.8341535375000002,secondary,group_3
971,3628,42.030022,6.1377476145,primary,group_2
971,3623,37.74744611,4.37747868,secondary,group_3
972,973,44.74605136,5.1890897549999995,secondary,group_3
972,3637,42.67942325,6.181843901999999,secondary,group_3
973,974,12.57795299,1.458634338,secondary,group_3
973,972,44.74605136,6.481181883,secondary,group_3
974,3716,37.1845195,3.6482212034999995,secondary,group_3
974,973,12.57795299,1.8218367555000001,secondary,group_3
974,1360,194.7972094,30.796725764999998,residential,group_4
975,976,46.42177786,4.554500544,secondary,group_3
975,3717,48.73147753,5.651269845,secondary,group_3
976,975,46.42177786,5.3834196435,secondary,group_3
976,977,72.14779112,7.078512910500001,secondary,group_3
977,978,155.6393047,15.269973075,secondary,group_3
977,976,72.14779112,8.3668022595,secondary,group_3
977,1168,90.06269766,12.04617837,residential,group_4
978,979,137.5261601,13.4928690765,secondary,group_3
978,977,155.6393047,18.04910817,secondary,group_3
979,980,294.6068532,28.904258625,secondary,group_3
979,978,137.5261601,15.948571245,secondary,group_3
980,981,282.5473263,27.72108288,secondary,group_3
980,1373,82.04990883,12.3214246605,tertiary,group_3
980,1374,41.91687996,4.8632893575,tertiary,group_3
980,979,294.6068532,34.1648337,secondary,group_3
981,980,282.5473263,32.766319965,secondary,group_3
981,878,97.96634226,9.611604287999999,secondary,group_3
981,2095,82.76524618,8.1202051305,secondary,group_3
981,1647,121.152848,11.886462297000001,secondary,group_3
982,878,109.0787639,12.649596536999999,secondary,group_3
982,886,248.2370897,24.354861285,secondary,group_3
983,984,254.2447295,32.285878635,secondary,group_3
984,90,16.45365373,2.0894068035,secondary,group_3
985,286,86.15045611,8.452332447,secondary,group_3
986,2074,72.80401834,7.1428962105,secondary,group_3
988,334,257.0133565,43.01199651,primary,group_2
988,989,102.8080899,13.750915989000001,residential,group_4
989,389,393.2349811,66.71334492,residential,group_4
989,988,102.8080899,18.546575445000002,residential,group_4
990,1445,103.8787991,10.191683064,secondary,group_3
990,1444,208.3777922,24.165061125,secondary,group_3
991,3972,8.116119177,1.38366225,unclassified,group_4
991,1197,211.3815393,40.296266685,tertiary,group_3
992,1927,190.2805481,49.307869079999996,residential,group_4
992,297,85.2634233,13.479835125000001,residential,group_4
992,1926,157.2546002,21.033313605,residential,group_4
993,1667,82.90492325,17.30296788,residential,group_4
993,998,69.62900428,9.313105504500001,residential,group_4
994,995,38.1901512,6.4790592195,residential,group_4
995,1127,78.88257304,17.335724685000002,residential,group_4
995,996,247.4429333,41.979341985,residential,group_4
995,994,38.1901512,6.611460051,residential,group_4
995,830,81.46277734,20.516564745,residential,group_4
996,1128,79.04237757,15.33388227,residential,group_4
996,997,80.55542022,17.703359985,residential,group_4
996,995,247.4429333,42.837197985,residential,group_4
997,2305,41.43180064,9.313061514000001,tertiary,group_3
997,996,80.55542022,18.79857135,residential,group_4
997,3400,36.83320498,7.9360049385,tertiary,group_3
998,546,88.20962733,11.798324193,residential,group_4
998,993,69.62900428,14.532169828499999,residential,group_4
999,526,44.6579662,7.731164979,residential,group_4
1000,2552,122.7713416,16.42106574,residential,group_4
1001,3822,25.70281981,4.022110839,tertiary,group_3
1001,2695,72.85375029,10.721345889,tertiary,group_3
1002,1360,220.8975356,29.545762950000004,residential,group_4
1003,1146,110.0574886,14.496381624000001,unclassified,group_4
1004,3966,87.06195742,11.6448196155,residential,group_4
1004,2015,262.394168,35.096072324999994,residential,group_4
1005,2441,53.51178545,7.15737513,residential,group_4
1005,3355,86.52208844,17.08487616,residential,group_4
1005,1006,76.10858771,10.179770836500001,residential,group_4
1006,1457,56.10144521,7.5037505355,residential,group_4
1006,1005,76.10858771,12.0324891285,residential,group_4
1007,1008,57.33369177,7.6685675159999995,residential,group_4
1008,1007,57.33369177,9.925580307,residential,group_4
1008,1877,85.79880851,13.564477566,residential,group_4
1009,755,142.6076284,16.54565325,tertiary,group_3
1010,1999,95.29215734,14.3113625535,secondary,group_3
1011,1568,74.64508314,9.8319853095,unclassified,group_4
1011,1567,73.73902733,9.712642856999999,unclassified,group_4
1012,1011,95.51209254,12.775052637,residential,group_4
1013,1014,60.33611777,14.7774162675,residential,group_4
1014,1013,60.33611777,15.635047440000001,residential,group_4
1014,567,186.9359455,46.36325601,unclassified,group_4
1014,802,182.6342214,39.48764928,"['residential', 'unclassified']",group_4
1015,3414,33.09793565,4.337142528,motorway_link,group_1
1015,1520,64.84212942,11.165227713,primary,group_2
1016,2329,170.6604658,22.826391675,residential,group_4
1017,394,86.21741678,11.531859561,residential,group_4
1018,1589,265.6982159,35.537999475,residential,group_4
1019,2393,186.8826455,24.996160904999996,residential,group_4
1020,1019,94.80913236,12.68102943,residential,group_4
1022,2213,78.04546639,10.43883465,residential,group_4
1023,1921,87.01706046,8.5373561175,secondary,group_3
1024,2070,88.95720631,8.727706332,secondary,group_3
1024,2043,203.430848,26.919556484999998,secondary,group_3
1025,1026,118.8787322,29.93984844,residential,group_4
1025,550,74.38416798,17.358435795,residential,group_4
1025,1255,74.79005594,19.380532185,residential,group_4
1026,1027,29.82422001,7.511289951,residential,group_4
1026,1025,118.8787322,30.805339905,residential,group_4
1026,2251,25.62315694,3.4271804745,residential,group_4
1027,1026,29.82422001,7.728423897000001,residential,group_4
1028,1524,257.2470763,46.93201017,residential,group_4
1029,2055,81.23386161,20.4870747,residential,group_4
1029,2054,74.01346484,17.870652045,residential,group_4
1030,3292,49.00920771,7.5070918485,tertiary,group_3
1031,1030,165.6556527,22.156981665,residential,group_4
1033,1034,140.7525418,34.960838745000004,residential,group_4
1033,278,164.893225,34.465796595,residential,group_4
1034,1033,140.7525418,29.419938135000002,residential,group_4
1034,1035,82.39745494,17.508285885,residential,group_4
1035,1034,82.39745494,17.22262344,residential,group_4
1035,352,51.31427746,6.863451298499999,residential,group_4
1036,2003,87.1413662,15.720299084999999,residential,group_4
1036,1814,82.59593375,14.012616582,residential,group_4
1037,1036,61.55782772,8.233559421,residential,group_4
1038,1039,83.9886277,14.540069607000001,residential,group_4
1038,3801,56.58015827,10.376934108,tertiary,group_3
1038,853,388.4900193,82.26233433,tertiary,group_3
1039,1040,79.71897522,13.8009094845,residential,group_4
1039,1038,83.9886277,11.2337517825,residential,group_4
1040,1041,43.59893996,7.5478268790000005,residential,group_4
1040,1039,79.71897522,10.6626718935,residential,group_4
1040,920,314.2319427,42.029543085,residential,group_4
1041,1040,43.59893996,5.831499846,residential,group_4
1042,1043,88.06860528,11.7794620365,residential,group_4
1042,921,384.7298709,60.824384325,residential,group_4
1043,1044,86.22219422,18.32098851,residential,group_4
1043,4005,69.35968077,11.767051582499999,residential,group_4
1043,923,286.6624748,45.320287965000006,residential,group_4
1044,1043,86.22219422,15.554480490000001,residential,group_4
1044,2204,64.50742466,13.706909187,residential,group_4
1044,1722,408.4288692,70.707003435,residential,group_4
1045,2266,73.43866277,12.713664906,residential,group_4
1045,1088,118.6170539,15.86541627,residential,group_4
1046,1045,36.37677101,4.8655112879999995,residential,group_4
1047,2375,294.1830087,57.070242075,residential,group_4
1048,3669,28.15976224,5.982558456,tertiary,group_3
1048,472,92.85445882,20.56470822,tertiary,group_3
1049,3668,82.11631459,10.9833238215,residential,group_4
1050,1691,96.18853455,14.7476719275,secondary,group_3
1050,1690,79.78148689,7.8274646565,secondary,group_3
1051,1052,333.1266031,44.556765285,residential,group_4
1051,1937,135.6492773,30.491314515,tertiary,group_3
1051,872,30.00762971,5.630198352000001,tertiary,group_3
1052,1062,188.460598,48.18288980999999,residential,group_4
1052,1051,333.1266031,58.825623795,residential,group_4
1052,281,89.03646483,16.062174810000002,residential,group_4
1053,2098,93.5288761,12.509790996,residential,group_4
1054,1053,148.8210433,19.905297975,residential,group_4
1055,2100,94.33341041,12.6174000735,residential,group_4
1056,3898,11.86049734,2.6065366365,residential,group_4
1056,1057,61.48103052,11.6863161135,secondary,group_3
1057,3199,41.48232066,9.1164126975,residential,group_4
1057,3667,91.1768386,17.330896199999998,secondary,group_3
1057,3898,61.67258364,11.722726534500001,secondary,group_3
1058,3897,11.39014162,2.951555571,residential,group_4
1058,2478,127.604422,18.944931615,residential,group_4
1058,3685,112.9893481,21.189681705,secondary,group_3
1059,1937,93.55424399,17.55316749,tertiary,group_3
1059,1060,100.5083834,18.567882165,secondary,group_3
1059,683,127.0004747,24.140254005,secondary,group_3
1060,1061,122.4130282,22.30323648,secondary,group_3
1060,3347,144.5246582,19.3306425,residential,group_4
1060,1059,100.5083834,18.823479465,secondary,group_3
1061,1060,122.4130282,22.30323648,secondary,group_3
1061,1075,89.74771081,15.225934305,residential,group_4
1061,1062,103.1334385,18.790560945,secondary,group_3
1062,1052,188.460598,33.998284575,residential,group_4
1062,226,328.3386928,59.82219064499999,secondary,group_3
1062,1061,103.1334385,18.790560945,secondary,group_3
1063,3191,68.75172947,11.5530618945,secondary,group_3
1064,1065,109.0505088,17.554547040000003,secondary,group_3
1064,3191,114.5565351,12.475611372000001,secondary,group_3
1065,252,74.51265007,11.994770451,secondary,group_3
1065,1064,109.0505088,11.875985656500001,secondary,group_3
1066,1067,76.26944848,12.277573353000001,secondary,group_3
1066,252,131.6640815,14.338683603,secondary,group_3
1067,1066,76.26944848,8.3060123775,secondary,group_3
1067,1068,84.66875236,13.629662185499999,secondary,group_3
1068,3775,271.9635804,43.779689955,secondary,group_3
1068,1067,84.66875236,9.2207262435,secondary,group_3
1069,3778,75.42403192,8.213943528,secondary,group_3
1069,3800,69.80886765,11.237572977,secondary,group_3
1070,1071,113.6696408,18.2981178,secondary,group_3
1070,3800,154.5744685,16.833705690000002,secondary,group_3
1071,1072,181.132385,29.15802051,secondary,group_3
1071,1070,113.6696408,12.379025448,secondary,group_3
1072,1073,78.93949238,12.707387131499999,secondary,group_3
1072,1071,181.132385,19.72595661,secondary,group_3
1073,1072,78.93949238,8.5967895915,secondary,group_3
1073,2872,84.99206915,13.681708524000001,secondary,group_3
1074,2872,13.22431782,1.4401749285,secondary,group_3
1074,2036,288.3577549,37.835977005000004,primary,group_2
1075,1061,89.74771081,12.004047855,residential,group_4
1075,807,199.764925,33.890642955,residential,group_4
1076,1075,74.27127529,9.934024332,residential,group_4
1077,2982,83.9407383,9.7389905805,tertiary,group_3
1078,2920,12.5852356,2.7658096215,residential,group_4
1078,2242,109.7527771,14.679790461,residential,group_4
1079,756,86.61577127,10.0493538375,tertiary,group_3
1080,1081,117.2977763,15.68895861,residential,group_4
1081,1082,108.7981365,14.552104173,residential,group_4
1081,2292,207.5667879,38.39859801,secondary,group_3
1081,1850,114.347779,18.433309604999998,secondary,group_3
1082,1081,108.7981365,14.552104173,residential,group_4
1082,2168,99.64048115,13.3272380235,residential,group_4
1083,1084,97.42051687,16.8653916,residential,group_4
1083,2480,255.8935256,43.625555985,unclassified,group_4
1084,1083,97.42051687,16.8653916,residential,group_4
1084,1618,286.2732598,49.55948487,residential,group_4
1085,1084,80.75021246,13.979436765,residential,group_4
1086,1249,346.7018159,40.225113435,tertiary,group_3
1087,1088,88.50933117,11.838410556,residential,group_4
1088,1087,88.50933117,11.838410556,residential,group_4
1088,1623,375.2401376,49.425298575,unclassified,group_4
1088,1045,118.6170539,20.534925585,residential,group_4
1089,1090,85.52474318,11.439212217,residential,group_4
1090,1091,42.31482946,7.633593595500001,residential,group_4
1090,1613,232.9434328,31.156940835,residential,group_4
1092,615,88.66924493,19.14835794,residential,group_4
1092,1093,77.8229289,13.3087587375,residential,group_4
1092,111,170.4718559,38.73097005,residential,group_4
1093,1094,79.68243357,13.626758835,residential,group_4
1093,1092,77.8229289,16.536264225,residential,group_4
1093,1123,78.83208587,13.64737164,residential,group_4
1094,1093,79.68243357,13.794583413000002,residential,group_4
1094,1095,81.98583146,13.452199827000001,residential,group_4
1094,2113,75.28065082,10.0690315875,residential,group_4
1095,1096,75.22390486,12.7619325645,residential,group_4
1095,1094,81.98583146,14.1933465135,residential,group_4
1095,1237,75.07343857,9.622928096999999,residential,group_4
1096,1095,75.22390486,14.853907508999999,residential,group_4
1096,1918,50.98671246,8.6500293675,residential,group_4
1096,618,87.94515784,14.920126465500001,residential,group_4
1097,1174,191.78206,25.651473510000002,residential,group_4
1098,1097,76.4233344,10.221869229000001,residential,group_4
1099,1176,319.8431846,42.780064904999996,residential,group_4
1100,1099,78.48407475,10.497499944000001,residential,group_4
1101,1962,88.1596745,8.0048980125,trunk_link,group_2
1102,1806,72.9975164,9.7636549425,residential,group_4
1103,1104,27.0697772,3.6206706329999996,residential,group_4
1104,1811,150.7695694,30.066314820000002,tertiary,group_3
1104,1878,402.8431839,83.96898564,tertiary,group_3
1104,1103,27.0697772,4.883386758,residential,group_4
1105,196,124.3039679,18.454926045,residential,group_4
1105,1431,145.7557576,26.872329855,residential,group_4
1106,1105,45.9644638,7.9430820765,residential,group_4
1107,1106,58.25226153,10.0665265335,residential,group_4
1108,3055,11.35920032,2.943537675,residential,group_4
1109,1108,199.5055287,42.392083995,residential,group_4
1110,1076,123.130016,16.469039625,residential,group_4
1111,1326,79.87828978,9.2676562965,tertiary,group_3
1112,2128,79.89792514,17.558864775,residential,group_4
1112,1724,83.75585604,11.202617817,residential,group_4
1113,1399,188.4581185,32.625776085,residential,group_4
1113,1651,29.65653381,5.35003755,residential,group_4
1114,1113,97.94786675,21.525632175000002,residential,group_4
1115,1116,151.8535229,21.326447055,residential,group_4
1115,2248,55.43755774,8.764474954499999,residential,group_4
1116,1115,151.8535229,24.007486125,residential,group_4
1117,1351,82.01511081,12.966288810000002,residential,group_4
1117,1350,81.02553264,14.0271000585,residential,group_4
1118,508,87.71850054,14.88167346,residential,group_4
1118,484,78.56113307,16.693122105,residential,group_4
1119,2014,76.30044497,8.852546808,tertiary,group_3
1120,1119,76.20268214,10.1923562715,residential,group_4
1121,1120,84.19747513,11.261685803999999,residential,group_4
1121,1122,81.54412946,10.9067922015,residential,group_4
1122,1121,81.54412946,10.9067922015,residential,group_4
1122,1547,231.1488728,30.916912605,residential,group_4
1122,1813,232.8335975,39.500829885,residential,group_4
1123,1093,78.83208587,16.47739401,residential,group_4
1124,1125,130.1137472,25.241508959999997,residential,group_4
1124,2238,40.02813237,8.658058338,residential,group_4
1124,2054,128.1172234,32.310997830000005,residential,group_4
1124,2106,42.68487438,10.602288174,residential,group_4
1125,1124,130.1137472,22.07413815,residential,group_4
1126,2459,231.3831484,26.832935835,secondary,group_3
1127,995,78.88257304,19.86673509,residential,group_4
1127,1760,244.4135464,53.71384056000001,residential,group_4
1128,996,79.04237757,14.259241851,residential,group_4
1128,1269,255.957199,51.429346845,residential,group_4
1129,1817,173.1456012,23.158786605,residential,group_4
1130,1129,82.43291433,11.025670065,residential,group_4
1130,2414,74.72922362,15.619818344999999,residential,group_4
1130,2321,148.5372654,25.199736285,residential,group_4
1131,1783,477.3747057,60.620575484999996,secondary,group_3
1132,781,83.24245084,10.5707428875,secondary,group_3
1132,891,105.4583135,10.3466512545,secondary,group_3
1133,1132,469.8117368,81.33357505500001,residential,group_4
1133,2818,139.8339638,16.223846535,tertiary,group_3
1134,3651,47.93695318,6.4117232054999995,residential,group_4
1134,1468,136.326331,29.487294479999996,residential,group_4
1134,3434,165.0597343,28.575059415,residential,group_4
1135,3652,41.49640353,5.550278769,residential,group_4
1135,2289,134.6701158,34.38382593,residential,group_4
1135,578,96.8664082,24.39600024,residential,group_4
1136,2290,64.70575414,12.776966166,residential,group_4
1136,3402,42.2212632,5.647231103999999,residential,group_4
1137,3383,730.9257095,71.71206480000001,secondary,group_3
1138,1900,17.22908328,3.608516175,tertiary,group_3
1138,2777,145.4724545,19.457413335000002,residential,group_4
1138,1901,109.7035654,23.96641074,tertiary,group_3
1140,1141,141.8403521,25.587994020000004,residential,group_4
1140,3709,84.11896999,12.284100339,primary,group_2
1140,1654,66.28372434,11.41345731,primary,group_2
1141,1993,106.8464862,19.27510197,residential,group_4
1142,2441,84.08608472,11.2467869745,residential,group_4
1144,1022,78.02888352,10.436616639,residential,group_4
1145,1346,45.61419185,6.101046333,residential,group_4
1145,2730,177.7213782,26.385600914999998,residential,group_4
1145,1800,42.72151706,6.3426972675,residential,group_4
1146,1332,83.36879558,9.6726325185,tertiary,group_3
1146,1150,87.06851579,10.101882261,tertiary,group_3
1147,1810,95.04083701,12.712020677999998,residential,group_4
1148,1147,43.4154201,5.806953468,residential,group_4
1149,873,77.68204463,10.3902258105,residential,group_4
1149,1362,107.4146582,27.089837699999997,residential,group_4
1150,1331,309.9931787,35.966095949999996,tertiary,group_3
1151,2016,81.70101037,9.4791323805,tertiary,group_3
1151,2017,81.8925584,9.501356208,tertiary,group_3
1152,360,159.2527788,21.30057648,residential,group_4
1153,2409,76.34768279,7.490569704,secondary,group_3
1154,1489,101.2468732,25.885341495000002,residential,group_4
1155,135,128.0676345,23.1033963,residential,group_4
1156,1974,88.97914064,11.901249099000001,residential,group_4
1157,2002,90.7002369,12.131451315,residential,group_4
1158,481,113.8561334,18.00023793,residential,group_4
1158,1772,153.4469534,26.564660520000004,residential,group_4
1159,482,87.51214336,14.846664424500002,residential,group_4
1159,843,82.1976681,10.9942051185,residential,group_4
1160,1506,90.14023972,12.0565498725,residential,group_4
1160,1505,103.5494058,18.6803088,residential,group_4
1161,1160,86.54689094,15.613055775,residential,group_4
1162,1943,114.3828436,11.2222484235,secondary,group_3
1162,1978,106.9893759,16.9478196,secondary,group_3
1163,1164,127.1464857,14.7518172015,tertiary,group_3
1164,1165,204.586762,23.736609764999997,tertiary,group_3
1165,368,259.6840774,25.477940025,secondary,group_3
1165,362,183.7732711,18.03023283,secondary,group_3
1166,1167,81.97905244,9.5113914375,tertiary,group_3
1167,1729,70.11007964,8.134326897,tertiary,group_3
1168,925,100.3495654,13.4220803445,residential,group_4
1168,977,90.06269766,12.04617837,residential,group_4
1169,1576,67.21592565,7.7985407339999995,tertiary,group_3
1170,3842,145.4173826,16.871647170000003,tertiary,group_3
1171,1000,81.52521672,10.9042625625,residential,group_4
1172,1171,78.05282619,10.4398190475,residential,group_4
1173,382,93.72054888,12.5354278515,residential,group_4
1174,758,76.20144315,10.192190553,residential,group_4
1176,1177,13.59820522,1.81880412,residential,group_4
1176,1175,76.10127108,13.1746143375,residential,group_4
1177,2392,95.83897183,16.59159531,residential,group_4
1177,1176,13.59820522,2.3541145485,residential,group_4
1178,1938,77.8928427,9.037300323,tertiary,group_3
1178,241,196.6205273,33.520503495,unclassified,group_4
1179,1259,49.45202873,9.4601358075,residential,group_4
1179,240,76.86396224,18.114777765,residential,group_4
1179,1267,45.26550868,9.947829618,residential,group_4
1180,3687,9.553135114,2.3728567305,residential,group_4
1180,1181,71.32237062,15.154988160000002,residential,group_4
1181,1180,71.32237062,15.6742476,residential,group_4
1181,2315,61.63145276,8.2434070095,residential,group_4
1181,127,153.9312675,32.70820245,residential,group_4
1182,2795,110.2008735,20.638714995,secondary,group_3
1182,1978,105.5862513,10.3592033985,secondary,group_3
1183,1182,112.0111823,14.7537152205,unclassified,group_4
1184,1977,107.3626068,14.087254643999998,primary,group_2
1185,1186,89.58950622,21.942104909999998,residential,group_4
1186,1264,92.74295105,22.285735680000002,residential,group_4
1186,1263,214.3029108,53.229656864999995,residential,group_4
1186,1187,310.3064147,75.9997035,residential,group_4
1186,1185,89.58950622,19.68874689,residential,group_4
1187,2308,241.2631742,58.05815514,residential,group_4
1187,1188,97.14839053,24.467018055000004,residential,group_4
1187,1186,310.3064147,78.25887594,residential,group_4
1188,1405,64.94809412,12.163653171,secondary,group_3
1188,1406,143.1499268,27.209942339999998,secondary,group_3
1188,1187,97.14839053,24.837500505,residential,group_4
1189,1768,76.83230609,7.5381167205,secondary,group_3
1189,2025,75.18548532,14.291259289500001,secondary,group_3
1190,403,114.3604434,15.296080799999999,residential,group_4
1191,3920,342.0991527,51.372987450000004,tertiary,group_3
1192,1193,85.71515265,9.944862069,tertiary,group_3
1192,1191,81.71915767,12.271755801,tertiary,group_3
1192,2007,186.4318534,21.630237015,tertiary,group_3
1193,1194,83.13164505,9.645117789,tertiary,group_3
1193,1192,85.71515265,12.871833873,tertiary,group_3
1194,1195,86.44005657,10.0289670285,tertiary,group_3
1194,1193,83.13164505,12.483868857,tertiary,group_3
1195,1196,88.17215489,10.2299289165,tertiary,group_3
1195,1194,86.44005657,12.980692604999998,tertiary,group_3
1196,1195,88.17215489,16.80850977,tertiary,group_3
1196,1197,86.5252297,10.0388490045,tertiary,group_3
1197,1196,86.5252297,16.494551715,tertiary,group_3
1197,723,249.1027862,40.156344284999996,secondary,group_3
1197,1640,153.5711881,29.190816015,secondary,group_3
1197,3972,211.6522778,38.37472518,tertiary,group_3
1198,1872,77.92585031,7.645405756500001,secondary,group_3
1198,2333,61.67664637,11.7234987795,secondary,group_3
1199,1392,77.0729944,10.3087633635,residential,group_4
1199,2385,37.88058795,5.066651688,residential,group_4
1200,2088,101.0856939,18.23585526,residential,group_4
1201,3180,34.53816415,4.1402271135,primary,group_2
1202,3396,308.2626506,45.531908295,motorway_link,group_1
1203,1410,83.96009905,11.229935982,residential,group_4
1204,1203,199.6887046,26.709012899999998,residential,group_4
1205,1204,63.89605636,8.5463050965,residential,group_4
1206,1207,200.6814589,44.103005100000004,residential,group_4
1206,1405,56.45838213,14.434465533000001,residential,group_4
1206,2451,164.1114001,41.331787065,residential,group_4
1207,1208,217.2439104,47.742872415,residential,group_4
1207,1206,200.6814589,41.94621303,residential,group_4
1208,1207,217.2439104,37.609158105,residential,group_4
1208,2222,98.38584407,13.159426239000002,residential,group_4
1208,3490,94.0200785,24.363655485000002,residential,group_4
1209,2095,145.7774701,14.3024157495,secondary,group_3
1209,1540,178.5849716,17.52120207,secondary,group_3
1210,1211,158.5161057,27.442229670000003,residential,group_4
1211,1210,158.5161057,27.442229670000003,residential,group_4
1211,537,95.88630648,24.51482904,residential,group_4
1211,2065,86.28177291,24.658193565,residential,group_4
1211,1212,128.4821945,17.184910875,residential,group_4
1212,1211,128.4821945,28.236045869999998,residential,group_4
1213,1368,176.7525265,20.507220045,tertiary,group_3
1214,2302,100.4210683,13.4316440895,residential,group_4
1214,1215,61.67379908,8.2490709675,residential,group_4
1214,350,101.5222925,22.31117019,residential,group_4
1215,1214,61.67379908,10.8907534545,residential,group_4
1216,1217,52.69785227,7.0485089235,residential,group_4
1216,1860,99.86467493,21.600662595000003,residential,group_4
1216,1792,79.67931391,16.930719615,residential,group_4
1217,1216,52.69785227,9.12302607,residential,group_4
1218,171,125.0363217,16.7240142,residential,group_4
1219,1331,71.98780282,9.4819777815,unclassified,group_4
1219,2349,78.67531985,12.248869527,unclassified,group_4
1220,1595,37.71355332,4.789146301500001,secondary,group_3
1220,1594,42.5858701,8.0947234575,secondary,group_3
1221,1631,78.18153849,13.5347491995,residential,group_4
1221,1873,81.11462046,16.673271825,residential,group_4
1222,1221,93.12712066,13.078857645000001,residential,group_4
1223,251,133.2229545,17.81900292,residential,group_4
1224,3983,94.68847578,12.6648912195,residential,group_4
1225,3044,119.7741513,16.020181815,residential,group_4
1226,1227,95.41894327,22.267152345,residential,group_4
1226,2599,61.04742289,15.819369690000002,residential,group_4
1226,1839,24.25453287,5.330326941,residential,group_4
1227,572,100.4075545,18.31829709,residential,group_4
1227,1226,95.41894327,24.726146775000004,residential,group_4
1227,1802,239.0202636,60.197735385,residential,group_4
1228,217,87.00473911,19.12070241,residential,group_4
1229,738,39.88007501,8.473948068,residential,group_4
1230,1231,71.82676543,11.3555486985,residential,group_4
1230,551,111.7187532,16.586448224999998,residential,group_4
1230,1998,111.2899042,20.07669441,residential,group_4
1231,1232,80.26870213,12.6901879905,residential,group_4
1231,1230,71.82676543,10.663840149,residential,group_4
1232,1233,85.30518479,22.105343535000003,residential,group_4
1232,1231,80.26870213,11.917181616,residential,group_4
1232,2182,146.223231,32.134926375,residential,group_4
1233,1232,85.30518479,18.747197775,residential,group_4
1233,1234,85.74730559,22.21991139,residential,group_4
1234,1235,89.92189522,23.301683115,residential,group_4
1234,1233,85.74730559,18.844360995,residential,group_4
1235,1234,89.92189522,19.76179476,residential,group_4
1236,1607,69.78993044,9.3346299,residential,group_4
1236,1606,34.58484634,4.625835543,residential,group_4
1237,1095,75.07343857,10.041316275,residential,group_4
1238,2050,65.86108562,11.881337295,residential,group_4
1238,2775,82.56511613,11.0433524865,residential,group_4
1239,2141,207.0727986,35.130442875,residential,group_4
1240,1157,193.9491881,25.94133393,residential,group_4
1241,2717,27.78870449,3.2241071115000004,tertiary,group_3
1242,2269,22.05515559,4.891958934,residential,group_4
1242,2240,102.23276,26.491827960000002,residential,group_4
1243,1512,57.15450326,7.563129654,secondary,group_3
1244,1713,103.1818185,10.1233013895,secondary,group_3
1245,1661,113.5146048,14.414925185999998,secondary,group_3
1246,2399,108.7522247,18.540431039999998,unclassified,group_4
1247,2402,109.132039,14.596764723,residential,group_4
1247,2827,108.4549319,14.506199440499998,residential,group_4
1248,982,79.6390287,10.651978786499999,residential,group_4
1249,415,137.2406459,20.196687585,tertiary,group_3
1250,1086,93.78717519,10.8813960225,tertiary,group_3
1250,790,201.5392003,26.956522725,residential,group_4
1251,541,160.0947154,18.574543860000002,tertiary,group_3
1251,1566,57.03835482,10.841852184,secondary,group_3
1251,2333,324.2006529,31.807744515,secondary,group_3
1252,1253,81.99701513,10.9673671305,residential,group_4
1252,913,85.03933103,13.4444069565,residential,group_4
1252,2291,334.821686,57.964164360000005,residential,group_4
1253,1252,81.99701513,12.963427948499998,residential,group_4
1253,1254,88.04171004,15.24173721,residential,group_4
1253,1953,345.0394969,46.150153530000004,residential,group_4
1254,1253,88.04171004,18.025928460000003,residential,group_4
1254,2396,84.91707604,18.661904595,residential,group_4
1254,1255,81.6695796,20.88010119,residential,group_4
1254,2445,355.0410566,92.00266716,residential,group_4
1255,2028,160.360028,21.448674660000002,residential,group_4
1255,1025,74.79005594,18.317449485,residential,group_4
1255,1254,81.6695796,21.163240169999998,residential,group_4
1256,1875,224.4551796,46.110630855000004,tertiary,group_3
1256,550,86.26657374,20.729489819999998,residential,group_4
1256,1876,114.8981963,24.75572391,tertiary,group_3
1256,1257,75.26235156,16.279196445,residential,group_4
1257,1258,96.59170311,20.892720975,residential,group_4
1257,237,74.97161337,15.67048239,residential,group_4
1257,1256,75.26235156,12.768455148,residential,group_4
1258,1259,87.75483096,19.28554725,residential,group_4
1258,1257,96.59170311,17.056780019999998,residential,group_4
1259,1179,49.45202873,10.867885294499999,residential,group_4
1259,1258,87.75483096,15.49630869,residential,group_4
1259,2001,410.4554551,60.93872298,residential,group_4
1260,1109,96.72730647,12.9375914475,residential,group_4
1261,234,124.3527034,16.632578025,residential,group_4
1261,1836,175.9230157,29.845800585,residential,group_4
1261,2319,219.9091696,29.41356579,residential,group_4
1262,290,115.0798118,29.820916275000002,residential,group_4
1262,3572,410.0800474,98.54048676,residential,group_4
1262,3964,99.17540839,24.9775266,residential,group_4
1262,1570,201.5536698,50.745631995,unclassified,group_4
1263,1186,214.3029108,51.49607565,residential,group_4
1263,2311,82.13685278,21.284325810000002,residential,group_4
1263,2122,39.93296728,10.3479285795,residential,group_4
1264,1265,89.18060932,21.532779765,residential,group_4
1264,1186,92.74295105,22.39291203,residential,group_4
1265,1264,89.18060932,21.532779765,residential,group_4
1265,3859,88.49034876,11.8358715975,residential,group_4
1265,1266,90.21294414,21.782038410000002,residential,group_4
1266,1845,315.652035,42.21948504,residential,group_4
1266,3858,89.97127057,15.57578178,residential,group_4
1266,353,80.03997036,19.325760015,residential,group_4
1266,1265,90.21294414,21.782038410000002,residential,group_4
1267,1268,409.277036,89.945266035,residential,group_4
1267,1179,45.26550868,7.417861693500001,residential,group_4
1267,2752,75.03978581,10.036815109499999,residential,group_4
1268,2001,94.31287926,16.000427085,residential,group_4
1268,3429,39.6975062,8.435154795,residential,group_4
1268,1267,409.277036,54.742133055,residential,group_4
1269,1400,70.41059518,18.24567168,residential,group_4
1269,1270,91.35102238,12.218495986499999,residential,group_4
1269,1128,255.957199,52.612512134999996,residential,group_4
1270,1269,91.35102238,13.562530545000001,residential,group_4
1271,1516,227.8128295,44.913820605,residential,group_4
1271,293,127.7992127,29.380410644999998,residential,group_4
1272,1273,77.91749399,11.568106899,residential,group_4
1273,285,286.9378463,53.896213335,residential,group_4
1273,1972,120.8408123,20.50096044,residential,group_4
1274,2918,110.2530701,19.08695685,residential,group_4
1274,2230,350.9300184,46.93802991,residential,group_4
1275,1274,112.6877821,15.07235691,residential,group_4
1276,397,111.2166475,24.44166192,residential,group_4
1277,3819,109.2059303,17.326707915,secondary,group_3
1277,1698,520.3071215,51.048003269999995,secondary,group_3
1277,3820,91.64325519,15.547518375,residential,group_4
1278,1279,56.33292286,9.55702797,residential,group_4
1278,852,191.5201222,36.27288987,tertiary,group_3
1278,2405,146.2459446,29.164218150000004,tertiary,group_3
1279,1278,56.33292286,10.928345448,residential,group_4
1280,3416,15.92418437,4.016058675,residential,group_4
1280,1361,208.5572206,36.10532268,residential,group_4
1280,673,243.3542382,41.903396895,primary,group_2
1281,664,47.80803514,11.709060216,residential,group_4
1281,3416,132.8001443,34.412829855,residential,group_4
1281,184,81.90763507,14.7761341935,residential,group_4
1282,823,146.1298255,25.297922985,residential,group_4
1282,664,90.70065236,23.503484385,residential,group_4
1284,1283,238.9774191,31.9640061,residential,group_4
1285,1594,41.91611494,5.3228186985,secondary,group_3
1285,1593,80.6824064,15.336114209999998,secondary,group_3
1285,1284,262.4537247,35.104038225,residential,group_4
1287,1286,155.9950411,27.00578421,residential,group_4
1287,1288,65.34192483,8.739694701,residential,group_4
1287,1327,261.9243524,30.389044139999996,tertiary,group_3
1287,1326,94.79057167,14.833321344,tertiary,group_3
1288,1289,70.89531887,9.482479194,residential,group_4
1290,1580,79.75479257,14.3877614895,residential,group_4
1290,1291,73.51793969,9.833263248,residential,group_4
1290,639,89.80758232,12.0120558645,residential,group_4
1291,2128,84.745772,11.3350222905,residential,group_4
1291,1290,73.51793969,9.833263248,residential,group_4
1292,2189,76.19169248,16.874363865,tertiary,group_3
1292,472,14.81340517,2.998622547,tertiary,group_3
1293,3130,12.54646087,1.2309494699999999,secondary,group_3
1293,2070,82.58199227,10.927893324,secondary,group_3
1294,1295,306.5371168,77.308263885,residential,group_4
1294,2749,135.5874528,28.710494024999996,tertiary,group_3
1295,1294,306.5371168,74.82856362,residential,group_4
1295,1296,117.1973845,25.251102165,tertiary,group_3
1295,2051,142.5214448,30.733657455,residential,group_4
1296,1338,211.9670344,46.280628495,residential,group_4
1296,1295,117.1973845,23.72383092,tertiary,group_3
1296,1297,101.7581465,21.31256268,tertiary,group_3
1297,1298,33.81089425,7.2848242215,tertiary,group_3
1297,1296,101.7581465,20.292506505000002,tertiary,group_3
1297,1971,129.8576615,31.3543095,residential,group_4
1298,1297,33.81089425,6.742534285500001,tertiary,group_3
1298,1299,112.7914642,24.301811835,tertiary,group_3
1298,826,136.9914339,24.99263922,residential,group_4
1299,1298,112.7914642,22.831956854999998,tertiary,group_3
1299,3996,13.63252039,2.9372341950000003,tertiary,group_3
1300,827,141.2109354,25.32905463,tertiary,group_3
1300,3996,47.30288223,9.575346624,tertiary,group_3
1300,285,79.74684767,16.942265835,tertiary,group_3
1301,1302,52.68231094,7.0464302205000005,residential,group_4
1302,1377,75.18002114,8.7225527505,tertiary,group_3
1302,1376,77.78437194,10.6672134915,tertiary,group_3
1303,1931,78.78593599,19.02297171,residential,group_4
1303,1624,77.32390653,18.46890792,residential,group_4
1304,1305,81.64145898,10.9198103415,residential,group_4
1304,1386,82.00145463,17.139851895,residential,group_4
1304,1773,210.2582728,36.39980799,residential,group_4
1305,1304,81.64145898,17.064606015,residential,group_4
1306,2469,123.9566781,14.3749517235,secondary,group_3
1307,1308,78.07777387,10.4431558815,residential,group_4
1307,2394,85.85416674,18.570199005,residential,group_4
1307,2436,219.4433211,29.351257035,residential,group_4
1308,1309,112.3452148,15.026537415,residential,group_4
1308,1307,78.07777387,10.4431558815,residential,group_4
1309,1310,77.55022319,16.209460515,residential,group_4
1310,519,84.96432564,17.759147865,residential,group_4
1310,2194,76.36747791,13.846205706000001,tertiary,group_3
1310,2193,258.9722236,54.23999886,tertiary,group_3
1311,1312,83.57862163,19.504071585,residential,group_4
1311,519,143.0445355,36.02605473,residential,group_4
1312,1311,83.57862163,21.339201795,residential,group_4
1312,2171,257.156313,60.010503165,residential,group_4
1312,2144,78.2927002,19.11197691,residential,group_4
1313,1314,332.1779948,44.42988585,residential,group_4
1313,217,53.40018195,11.3467782735,residential,group_4
1313,1715,128.6057804,17.20144089,residential,group_4
1314,1315,85.2769641,15.383961014999999,residential,group_4
1314,1313,332.1779948,44.42988585,residential,group_4
1314,1716,108.5766894,27.34525818,residential,group_4
1315,1316,39.7277788,8.858778034499998,residential,group_4
1315,1314,85.2769641,21.47717538,residential,group_4
1315,2184,283.7595999,69.497904105,residential,group_4
1316,1315,39.7277788,9.867789597,residential,group_4
1316,219,47.48634491,9.8589792255,residential,group_4
1317,1316,83.08413412,14.671527198,residential,group_4
1318,2876,174.604999,28.64911284,residential,group_4
1318,2042,76.86073603,8.9175530205,tertiary,group_3
1318,1336,107.0035683,15.746921234999999,tertiary,group_3
1319,1320,155.8989773,26.989153695,residential,group_4
1320,1634,219.5826755,27.884234325,secondary,group_3
1321,2449,143.8873225,23.195199675,secondary,group_3
1322,2152,88.50379858,15.08841387,unclassified,group_4
1323,1324,84.15038667,11.2553875695,residential,group_4
1324,1325,103.3251138,13.820069604,residential,group_4
1325,1111,67.00810605,7.7744290424999996,tertiary,group_3
1326,638,331.0496907,59.721351389999995,residential,group_4
1326,1287,94.79057167,10.9978123065,tertiary,group_3
1327,3295,27.19839743,3.1556183774999997,tertiary,group_3
1327,1287,261.9243524,49.93138752,tertiary,group_3
1328,838,151.5882796,23.219864010000002,tertiary,group_3
1329,820,83.9417272,8.235631203,secondary,group_3
1329,2473,70.05375428,12.959520047999998,secondary,group_3
1329,1328,217.9825431,33.38994954,tertiary,group_3
1330,776,79.64467073,9.240551296500001,tertiary,group_3
1331,547,82.54189429,9.5766935985,tertiary,group_3
1331,1851,88.99303054,11.721845995499999,unclassified,group_4
1331,1219,71.98780282,11.207697738,unclassified,group_4
1332,1146,83.36879558,9.6726325185,tertiary,group_3
1332,1949,276.3816824,32.066415615,tertiary,group_3
1333,1332,80.90453396,10.656457947,unclassified,group_4
1334,2438,86.34407037,11.5487998905,residential,group_4
1335,2984,14.77518919,1.9551682755000002,secondary,group_3
1336,2179,708.0662389,120.12529273500002,residential,group_4
1336,1318,107.0035683,19.40084259,tertiary,group_3
1337,609,86.0751179,16.27913685,residential,group_4
1337,1955,312.9790322,70.50559126499999,residential,group_4
1337,2150,147.8955812,21.95748099,residential,group_4
1338,1296,211.9670344,51.17972958,residential,group_4
1338,612,93.09237162,18.05952087,residential,group_4
1338,2013,306.8349744,66.993980925,residential,group_4
1339,1340,64.73176951,8.6580844455,residential,group_4
1339,1986,82.63510559,11.052713802,residential,group_4
1340,1339,64.73176951,8.6580844455,residential,group_4
1341,2228,44.45746729,10.374682039500001,residential,group_4
1341,1342,88.93082702,19.54399146,residential,group_4
1341,2672,294.4288815,39.380819325000004,residential,group_4
1342,1786,45.09565564,9.324993404999999,residential,group_4
1342,2732,284.9981239,59.56998760500001,residential,group_4
1342,1341,88.93082702,20.753072760000002,residential,group_4
1343,48,73.75740727,12.7459583175,residential,group_4
1343,2165,69.98517039,12.768054649500002,residential,group_4
1344,2388,45.00074371,8.3134210125,secondary,group_3
1344,257,79.59559354,14.097215532,secondary,group_3
1345,1344,76.05259205,10.1722812345,residential,group_4
1346,1145,45.61419185,6.772161429,residential,group_4
1346,1804,87.32969701,11.6806306545,residential,group_4
1347,1968,86.70941635,11.4210564435,unclassified,group_4
1347,1346,285.994789,42.460532565,residential,group_4
1347,2748,230.7647346,45.66135315,unclassified,group_4
1348,2923,20.59757771,2.0208549345,secondary,group_3
1348,3376,45.41024068,7.704159147,primary,group_2
1349,1692,81.10878436,9.410421006,tertiary,group_3
1349,1725,179.6590674,26.979379935,tertiary,group_3
1350,2067,82.98630864,11.3805980445,tertiary,group_3
1350,230,88.34501267,13.266759626999999,tertiary,group_3
1351,1352,128.3825309,20.29680819,residential,group_4
1351,1117,82.01511081,14.198415340500002,residential,group_4
1352,1351,128.3825309,22.22552013,residential,group_4
1352,231,92.62359062,14.643450637499999,residential,group_4
1353,1720,45.28398258,6.056879769,residential,group_4
1354,653,94.93573924,12.6979635105,residential,group_4
1355,1354,143.1647828,19.148754750000002,residential,group_4
1356,1355,326.0950674,43.61627454,residential,group_4
1357,1356,31.03466959,4.1509878705,residential,group_4
1358,1529,78.36614714,10.4817267435,residential,group_4
1358,2097,83.51285824,15.065716394999999,residential,group_4
1360,974,194.7972094,33.72319635,residential,group_4
1360,2143,37.90168806,5.9921181465,residential,group_4
1361,1280,208.5572206,45.110787735,residential,group_4
1362,1149,107.4146582,25.848523755,residential,group_4
1362,1810,166.6336931,31.67373735,secondary,group_3
1362,2623,196.7395408,37.39625778,secondary,group_3
1363,3673,39.31877644,5.2590140715,residential,group_4
1363,4042,20.1374316,4.4255271705000006,residential,group_4
1363,1824,82.39637878,11.020783317,residential,group_4
1364,1670,98.11641952,12.923546398500001,unclassified,group_4
1364,1365,52.78777487,8.955584325,residential,group_4
1365,1364,52.78777487,7.060536364500001,residential,group_4
1366,2092,130.8831245,12.8411122785,secondary,group_3
1366,2087,187.6439973,23.828424435,secondary,group_3
1367,362,180.7400989,17.732644395,secondary,group_3
1367,2094,217.2888788,21.31849236,secondary,group_3
1368,3187,4.083367121,0.473761308,tertiary,group_3
1369,300,133.0711596,23.03721321,residential,group_4
1369,1370,101.8084375,15.28856046,tertiary,group_3
1369,2820,198.8789221,29.86562313,tertiary,group_3
1370,1371,125.9553368,14.613617457,tertiary,group_3
1370,1369,101.8084375,15.28856046,tertiary,group_3
1371,1372,60.73380872,7.046471153999999,tertiary,group_3
1371,1370,125.9553368,18.914697345,tertiary,group_3
1372,1373,105.1300626,12.197422973999998,tertiary,group_3
1372,1371,60.73380872,9.120388544999999,tertiary,group_3
1373,1372,105.1300626,15.78736851,tertiary,group_3
1373,980,82.04990883,9.519612354,tertiary,group_3
1374,1646,89.1546463,11.924723551500001,residential,group_4
1374,980,41.91687996,6.2946526800000004,tertiary,group_3
1375,1021,79.36631572,10.8841585095,tertiary,group_3
1376,1375,77.03785006,10.56483678,tertiary,group_3
1377,1378,31.51714715,3.6566892959999997,tertiary,group_3
1377,2215,378.1851632,43.877881200000004,tertiary,group_3
1377,1302,75.18002114,10.310057352,tertiary,group_3
1378,1377,31.51714715,4.322206748999999,tertiary,group_3
1378,1379,186.3839998,21.62468493,tertiary,group_3
1378,1079,48.23795266,5.5966742265,tertiary,group_3
1379,1380,211.4768447,24.53601243,tertiary,group_3
1379,1378,186.3839998,25.560377595000002,tertiary,group_3
1380,1381,232.868294,27.017895810000002,tertiary,group_3
1380,1379,211.4768447,29.001566699999998,tertiary,group_3
1381,243,240.5943233,27.914286855,tertiary,group_3
1381,1380,232.868294,31.93515285,tertiary,group_3
1381,1627,96.08448473,16.300984605,residential,group_4
1382,3609,19.49744083,2.262136317,tertiary,group_3
1382,243,167.1772225,28.13235297,tertiary,group_3
1383,2935,19.59938329,3.0021781095,tertiary,group_3
1383,3611,127.4639214,16.597582244999998,trunk,group_2
1383,3609,41.72090191,5.72153193,tertiary,group_3
1384,673,231.0877209,30.90873333,residential,group_4
1385,1384,261.7020758,35.00350275,residential,group_4
1386,482,88.19777785,21.60124524,residential,group_4
1386,3398,119.9166877,24.09479769,residential,group_4
1387,1304,121.3925693,16.236650474999998,residential,group_4
1387,1734,289.7298792,33.61510302,tertiary,group_3
1388,1577,79.2600381,10.601287563,residential,group_4
1389,1388,49.75229008,6.6545304135,residential,group_4
1390,737,75.71377934,19.619898915,residential,group_4
1390,199,193.3492346,50.1030654,residential,group_4
1390,732,312.5810349,53.030191605,residential,group_4
1391,840,284.4385292,73.70725959,residential,group_4
1391,2183,102.7027556,26.257560525000002,residential,group_4
1391,2455,75.71975015,19.621446135,residential,group_4
1392,502,71.26540151,9.5319789495,residential,group_4
1392,1199,77.0729944,10.3087633635,residential,group_4
1393,965,90.55983793,12.1126724955,residential,group_4
1394,903,82.12398031,10.984349136,residential,group_4
1395,1394,88.61040587,11.851929625499999,residential,group_4
1396,2357,95.4933439,12.772544946,residential,group_4
1397,2396,154.7218327,32.33978361,residential,group_4
1398,1397,28.54221231,3.8176136114999997,residential,group_4
1399,1322,88.25940384,15.27942426,residential,group_4
1400,1269,70.41059518,15.22976478,residential,group_4
1400,1761,74.47343559,19.29848556,residential,group_4
1401,1548,110.8196382,16.64334258,secondary,group_3
1401,954,82.74910446,8.118621446999999,secondary,group_3
1402,1401,43.02499833,6.8020947465,residential,group_4
1403,1912,93.11536977,15.702388079999999,secondary,group_3
1403,3932,40.71914469,6.866619481500001,secondary,group_3
1404,1403,81.02065646,15.717659895,residential,group_4
1405,1188,64.94809412,12.345335665500002,secondary,group_3
1405,1206,56.45838213,14.414892066,residential,group_4
1405,3682,96.65266764,18.37174194,secondary,group_3
1406,2221,95.66236069,21.02335515,residential,group_4
1406,349,270.0707859,51.335063025,secondary,group_3
1406,1188,143.1499268,27.209942339999998,secondary,group_3
1407,1408,43.16930057,8.205621939,secondary,group_3
1407,3571,10.63034192,1.9908789315,secondary,group_3
1408,1407,43.16930057,8.084862333,secondary,group_3
1408,2220,94.59402412,21.81957807,residential,group_4
1408,544,454.3158725,86.356374585,secondary,group_3
1409,2846,129.7143208,22.456078935,residential,group_4
1409,752,318.2826205,69.49344626999999,residential,group_4
1409,2314,376.9124613,59.588480475,residential,group_4
1410,2729,140.1839702,18.750061379999998,residential,group_4
1411,3872,28.6911056,2.8149214035,secondary,group_3
1412,2276,84.89440106,8.3290992645,secondary,group_3
1412,1687,242.7375967,30.207325155,secondary,group_3
1413,325,312.0552292,41.73840057,residential,group_4
1414,767,305.763212,64.970328645,residential,group_4
1414,1415,85.29017406,11.407837835999999,residential,group_4
1415,1414,85.29017406,18.122947500000002,residential,group_4
1415,2231,94.42616252,9.264272685,secondary,group_3
1415,2365,95.58452689,15.165524204999999,secondary,group_3
1416,1417,125.7241503,16.816013505,residential,group_4
1417,1857,94.59382965,12.652231992,residential,group_4
1418,3544,14.3220852,2.1507457635000002,tertiary,group_3
1418,2364,100.7547358,11.689787856,tertiary,group_3
1419,3138,8.07621554,0.7923679305,secondary,group_3
1419,3139,60.79324369,8.0446361685,secondary,group_3
1420,2104,82.76059187,21.15903549,residential,group_4
1420,433,58.72554013,13.9079022345,residential,group_4
1421,1686,81.13625609,10.30328268,secondary,group_3
1421,510,77.11707136,12.431573793000002,secondary,group_3
1422,511,78.30012593,13.555278998999999,residential,group_4
1423,678,83.57101587,18.076354995000003,residential,group_4
1423,1875,73.59853315,15.383482694999998,residential,group_4
1424,1423,44.56177864,5.9602826475,residential,group_4
1426,1427,80.6054114,20.328580365,residential,group_4
1426,2374,213.8497325,46.691694555,residential,group_4
1426,2373,80.93463988,18.606475785,residential,group_4
1427,2163,92.62706703,16.035551939999998,residential,group_4
1427,1426,80.6054114,18.810237405,residential,group_4
1427,1428,205.700181,51.87731925,residential,group_4
1428,1427,205.700181,42.995220675,residential,group_4
1428,1429,84.19508284,20.9128068,residential,group_4
1429,2044,83.17935049,17.991638039999998,residential,group_4
1429,2180,85.42757395,14.4930117615,residential,group_4
1429,1428,84.19508284,17.598361605,residential,group_4
1429,1430,172.4735012,37.657657740000005,residential,group_4
1430,1431,84.83117246,18.521936625000002,residential,group_4
1430,1429,172.4735012,29.805007229999998,residential,group_4
1431,1430,84.83117246,14.659606785,residential,group_4
1431,1105,145.7557576,21.639789705000002,residential,group_4
1431,1467,148.8482318,32.499344715,residential,group_4
1432,837,73.67466889,9.854226288,residential,group_4
1433,1434,76.20399524,15.92807346,residential,group_4
1434,1433,76.20399524,10.192531902,residential,group_4
1434,2321,74.90023177,15.655562279999998,residential,group_4
1435,3589,140.5898407,21.813043545,residential,group_4
1435,634,87.71383393,11.732010215999999,residential,group_4
1436,1435,123.9881357,16.583815905,residential,group_4
1437,1479,84.4939618,8.289811653000001,secondary,group_3
1438,1439,280.973963,27.566718180000002,secondary,group_3
1438,2886,131.1122469,15.204765479999999,secondary,group_3
1439,1440,315.5729602,30.96127044,secondary,group_3
1439,1438,280.973963,32.583860879999996,secondary,group_3
1440,836,75.75207127,7.4321334885,secondary,group_3
1440,1439,315.5729602,36.596221665,secondary,group_3
1441,1442,327.5476117,32.136118965,secondary,group_3
1441,836,260.7275855,30.235938165,secondary,group_3
1442,1443,94.44982667,9.266594404500001,secondary,group_3
1442,1441,327.5476117,37.98489261,secondary,group_3
1443,1444,109.1502164,10.7088686145,secondary,group_3
1443,1442,94.44982667,10.9531145865,secondary,group_3
1444,1443,109.1502164,12.657882702000002,secondary,group_3
1444,990,208.3777922,20.44421415,secondary,group_3
1445,1446,290.2689187,28.478658270000004,secondary,group_3
1445,990,103.8787991,12.046569381,secondary,group_3
1446,1981,401.1720676,39.359509365,secondary,group_3
1446,1445,290.2689187,33.66177408,secondary,group_3
1447,2958,17.1761561,1.9758794970000002,primary,group_2
1447,2787,35.6430708,4.272676668,primary,group_2
1448,2784,16.86885428,2.221905591,unclassified,group_4
1448,2425,400.7619105,86.7327363,unclassified,group_4
1448,3175,188.0483696,32.380226969999995,primary,group_2
1449,2783,17.23600989,1.6910471774999998,secondary,group_3
1449,1448,542.4366647,93.40268334,primary,group_2
1450,3155,11.03012809,1.8654492779999998,primary_link,group_2
1450,1588,69.29015144,8.0354088,secondary,group_3
1451,1032,71.45023377,12.369429062999998,residential,group_4
1452,1453,74.93504212,12.7129262445,residential,group_4
1453,1454,76.00688045,12.894766426500002,residential,group_4
1453,1452,74.93504212,10.0228053015,residential,group_4
1454,1455,82.03415046,17.74393203,residential,group_4
1454,1453,76.00688045,10.1661671595,residential,group_4
1455,1454,82.03415046,14.798957565,residential,group_4
1455,340,72.98375247,7.160530157999999,secondary,group_3
1455,2412,81.30899389,15.04167117,secondary,group_3
1456,1002,68.73352491,9.193332229500001,residential,group_4
1457,1006,56.10144521,7.5037505355,residential,group_4
1458,1513,42.13291427,4.8860506589999995,secondary,group_3
1460,3367,29.07775837,2.8528564065,secondary,group_3
1461,3340,61.49170805,6.459915651000001,primary,group_2
1462,2112,70.1289139,8.1365120895,tertiary,group_3
1463,1462,69.46368428,9.290993416500001,residential,group_4
1464,1465,184.4224379,24.667100145,residential,group_4
1464,721,187.0428586,25.017589920000002,residential,group_4
1465,1466,89.93224597,16.223773695,residential,group_4
1465,1464,184.4224379,24.667100145,residential,group_4
1465,2010,240.2338662,32.132059964999996,residential,group_4
1466,1465,89.93224597,12.0287300325,residential,group_4
1466,632,179.0161013,32.29449774,residential,group_4
1467,318,172.1321564,41.56154394,residential,group_4
1467,1431,148.8482318,22.098917325,residential,group_4
1467,1931,81.0082337,19.348913895,residential,group_4
1468,2289,98.898648,13.228015431000001,residential,group_4
1468,1134,136.326331,23.55844377,residential,group_4
1468,867,131.8186731,28.51229109,residential,group_4
1469,2403,250.4273568,54.709661175,tertiary,group_3
1469,2404,197.9922026,43.254405,tertiary,group_3
1470,1207,36.89473645,4.9347908475,residential,group_4
1471,1770,84.42896405,9.795635616,tertiary,group_3
1471,69,54.06578246,6.272831962500001,tertiary,group_3
1472,1473,73.56997992,11.631144528,residential,group_4
1472,2442,81.12928746,10.851305736,residential,group_4
1472,802,31.42576416,7.333578156,residential,group_4
1473,1472,73.56997992,12.4813398645,residential,group_4
1473,2377,31.08728247,4.9147855665,residential,group_4
1474,1473,80.19349505,14.161079683499999,residential,group_4
1475,2343,87.70565339,11.7309160425,residential,group_4
1476,1966,109.8902773,16.314981525,residential,group_4
1476,1477,83.7346641,14.470120055999999,residential,group_4
1477,626,31.84358277,5.5028639655000005,residential,group_4
1477,1476,83.7346641,14.786401938000001,residential,group_4
1478,584,89.46172848,16.138892355,residential,group_4
1478,1525,222.4424658,48.595936515000005,tertiary,group_3
1478,1901,177.0720874,38.15157984,tertiary,group_3
1479,3662,36.60055289,3.5909274855,secondary,group_3
1480,84,212.6217576,40.777421205,primary,group_2
1481,1480,301.851926,57.890327264999996,primary,group_2
1482,2669,17.46767036,2.923269774,primary,group_2
1482,3601,168.8984482,16.57084476,secondary,group_3
1483,387,404.5022509,67.694728545,primary,group_2
1484,1641,81.66235557,10.922605329,residential,group_4
1485,1486,43.58199009,5.829232746,residential,group_4
1486,1487,46.02949083,8.303718363000002,residential,group_4
1486,2506,67.4773398,11.681643627,residential,group_4
1487,1800,249.9968399,54.940859849999995,residential,group_4
1487,1486,46.02949083,7.9686026415,residential,group_4
1487,1488,65.58817201,11.832103689,residential,group_4
1488,1839,74.93228682,19.41738882,residential,group_4
1488,1487,65.58817201,14.4140644635,residential,group_4
1489,1154,101.2468732,21.51351885,residential,group_4
1489,3097,122.0638275,31.20752037,residential,group_4
1490,1489,184.6577665,24.698576099999997,residential,group_4
1491,211,92.276767,15.65499531,residential,group_4
1492,335,175.4386315,44.76955194,unclassified,group_4
1492,3762,267.915009,35.288813700000006,unclassified,group_4
1492,1570,239.5277174,61.12421475,unclassified,group_4
1493,3266,37.11738444,6.454613866499999,unclassified,group_4
1494,1495,29.21460739,4.9563346935,residential,group_4
1494,671,43.07391072,7.307601819,residential,group_4
1494,2358,75.04692281,10.0377697065,residential,group_4
1495,1496,71.6839467,9.5879607285,residential,group_4
1495,1494,29.21460739,4.9563346935,residential,group_4
1495,466,351.518009,59.63595129,residential,group_4
1496,1497,71.41693712,9.552247329,residential,group_4
1496,1495,71.6839467,12.161369388,residential,group_4
1497,1496,71.41693712,12.116070511499998,residential,group_4
1497,1498,127.9172603,17.109349095,residential,group_4
1497,2350,233.1508193,31.184679435,residential,group_4
1498,2436,81.39286644,16.66462392,residential,group_4
1498,2350,233.133238,31.182327885,residential,group_4
1499,2350,76.66267641,15.696150374999998,residential,group_4
1499,465,140.5566409,25.356412575,residential,group_4
1500,1501,149.9369595,37.76192562,residential,group_4
1500,1671,152.3792656,38.90530659,residential,group_4
1501,1500,149.9369595,38.2817397,residential,group_4
1501,2225,56.67116416,14.272746976499999,residential,group_4
1502,2008,105.9877052,12.911774991000001,tertiary,group_3
1502,459,89.72123432,16.8339969,tertiary,group_3
1503,1504,119.5580181,18.901685025,residential,group_4
1503,2155,289.011465,62.412790215,residential,group_4
1503,1505,175.4247584,29.761269915,residential,group_4
1504,1503,119.5580181,20.69782485,residential,group_4
1505,989,414.9997182,89.76416229,residential,group_4
1506,2155,267.6413694,35.79790257,residential,group_4
1507,1508,80.36104748,19.96048941,residential,group_4
1507,2776,83.07255994,20.345985855,residential,group_4
1508,1753,88.78037573,22.667307945,residential,group_4
1508,1509,164.8966951,22.055468625,residential,group_4
1508,1507,80.36104748,19.68188697,residential,group_4
1509,3114,109.9755886,14.709592222500001,residential,group_4
1509,1508,164.8966951,22.055468625,residential,group_4
1510,1544,130.0273296,13.659818662500001,primary,group_2
1511,1554,75.05699791,7.363938943500001,secondary,group_3
1511,1694,77.96767639,10.317291057,secondary,group_3
1512,2132,50.27182292,6.6523597095,secondary,group_3
1513,1306,77.39696104,8.975535612,secondary,group_3
1514,4079,12.15110748,1.8214595745,tertiary,group_3
1514,2597,74.39885387,13.959126681,tertiary,group_3
1515,1516,72.39300257,14.436539250000001,tertiary,group_3
1515,285,150.0049222,29.80857084,tertiary,group_3
1515,1557,108.5329636,14.5166364345,residential,group_4
1516,1515,72.39300257,12.380415903,tertiary,group_3
1516,4079,68.5216754,12.856417773,tertiary,group_3
1516,1271,227.8128295,52.37304942,residential,group_4
1517,3425,17.14570353,4.4430085635,residential,group_4
1517,1815,259.0963109,58.23980238,tertiary,group_3
1517,3666,390.0614173,67.16504508,primary,group_2
1518,265,87.15206317,15.006796350000002,primary,group_2
1518,2246,344.8286932,46.12195785,residential,group_4
1519,3696,23.06190276,3.9710508915,primary,group_2
1519,2245,93.11462153,24.129022185,residential,group_4
1520,483,91.4934637,15.754346219999999,primary,group_2
1520,1734,55.71494007,12.523632958499999,tertiary,group_3
1521,3462,128.1519832,20.56096389,primary,group_2
1522,1521,139.9148952,22.44822933,primary,group_2
1523,1522,119.7369194,19.210834005,primary,group_2
1524,3430,474.5724354,82.15774485,residential,group_4
1524,1526,153.7223163,28.045011885,residential,group_4
1524,1028,257.2470763,56.53421688,residential,group_4
1525,1526,79.47701043,19.740907755000002,residential,group_4
1525,2294,84.70963705,16.89271002,tertiary,group_3
1525,1903,153.2365213,20.49588249,residential,group_4
1525,1478,222.4424658,44.359251224999994,tertiary,group_3
1526,1524,153.7223163,37.525048335,residential,group_4
1526,1525,79.47701043,14.499740544,residential,group_4
1527,1968,90.00495403,16.955685375,unclassified,group_4
1527,1528,151.5001016,20.263630725,residential,group_4
1527,1803,187.442151,24.826745745,"['residential', 'unclassified']",group_4
1528,1527,151.5001016,20.263630725,residential,group_4
1529,2060,77.9007934,10.4194841685,residential,group_4
1529,1358,78.36614714,14.137249908000001,residential,group_4
1530,1653,142.1830974,20.76334785,primary,group_2
1530,3709,92.03012726,15.846754830000002,primary,group_2
1531,600,84.84052393,17.439138704999998,residential,group_4
1531,213,90.47264365,23.444399925,residential,group_4
1532,1533,123.5450023,24.395516819999997,residential,group_4
1532,600,71.76320987,15.771129179999999,residential,group_4
1533,2049,392.5142371,83.40368619,residential,group_4
1533,674,89.92106078,23.30146689,residential,group_4
1533,1532,123.5450023,27.15101781,residential,group_4
1534,2341,87.38262364,11.6877097635,residential,group_4
1535,1706,91.2817781,13.707773327999998,tertiary,group_3
1535,1705,91.67931948,13.4917652295,tertiary,group_3
1536,1224,85.82599758,11.4795059715,residential,group_4
1537,283,90.61340307,19.91376483,residential,group_4
1537,2733,45.67678064,11.836337142,residential,group_4
1538,397,55.00639137,12.088546560000001,residential,group_4
1538,283,68.92901873,17.861747115,residential,group_4
1539,904,87.53826547,13.839479346000001,residential,group_4
1540,1209,178.5849716,17.52120207,secondary,group_3
1540,954,83.75839249,8.217643998,secondary,group_3
1541,2339,199.450271,31.532357775,residential,group_4
1541,2338,80.99707372,13.741365789,residential,group_4
1542,1543,43.67567463,5.8417633559999995,residential,group_4
1542,2150,146.2397077,29.383868400000004,residential,group_4
1542,2151,67.1038728,9.9626506725,residential,group_4
1543,1542,43.67567463,6.9049642875,residential,group_4
1544,3742,120.8638837,12.697167118500001,primary,group_2
1545,2859,21.41021922,2.8200780539999997,unclassified,group_4
1545,3612,115.5207288,15.968163614999998,trunk,group_2
1546,2678,89.63908264,10.4001251265,tertiary,group_3
1547,1122,231.1488728,39.215011935,residential,group_4
1548,1549,84.69735289,11.3285460795,residential,group_4
1548,1401,110.8196382,10.8726577395,secondary,group_3
1548,3188,61.8920604,11.607050412,secondary,group_3
1549,1548,84.69735289,11.3285460795,residential,group_4
1549,869,82.74291986,11.067134311499998,residential,group_4
1550,1551,16.01349675,2.1418572075,residential,group_4
1550,869,97.00977973,12.975373164,residential,group_4
1551,1550,16.01349675,2.1418572075,residential,group_4
1552,1553,35.10788662,5.9561449575,residential,group_4
1553,1820,78.08682665,16.050902775,residential,group_4
1553,1552,35.10788662,6.3334613865,residential,group_4
1553,1821,78.16376079,13.260686827499999,residential,group_4
1554,1695,74.30899462,7.290551376,secondary,group_3
1554,1511,75.05699791,9.932127378,secondary,group_3
1555,1970,54.92641212,7.3465860435,residential,group_4
1555,1556,45.32417397,10.4198047515,residential,group_4
1555,1971,135.4281105,30.50823864,residential,group_4
1556,1555,45.32417397,10.210293201,residential,group_4
1556,1565,142.6433836,32.793012555000004,residential,group_4
1557,1515,108.5329636,17.158664265,residential,group_4
1557,1971,355.6935333,81.77219448,residential,group_4
1558,3669,7.108804262,1.5744045825,tertiary,group_3
1558,4028,61.8035662,13.130204881500001,tertiary,group_3
1559,1558,86.9415479,14.74986141,residential,group_4
1561,266,78.48830437,12.8783270925,residential,group_4
1561,2042,79.81334583,14.966762565,residential,group_4
1562,1561,68.81910198,9.20477844,residential,group_4
1563,1564,228.8183832,30.605202045,residential,group_4
1564,3373,103.4409427,19.662057465,secondary,group_3
1564,1630,116.9996162,13.5681583305,secondary,group_3
1565,1556,142.6433836,29.61521166,residential,group_4
1566,1768,22.16545533,4.21321041,secondary,group_3
1566,1567,88.62341832,11.6731619865,unclassified,group_4
1566,1251,57.03835482,5.596106613,secondary,group_3
1567,1011,73.73902733,9.712642856999999,unclassified,group_4
1567,1566,88.62341832,11.6731619865,unclassified,group_4
1568,1011,74.64508314,11.621406636,unclassified,group_4
1568,2349,78.79299997,10.378334187,unclassified,group_4
1569,3916,229.0410913,42.895429545,secondary,group_3
1569,2005,164.8699525,31.338485475000002,secondary,group_3
1570,3110,222.7284506,56.076855345,unclassified,group_4
1570,1262,201.5536698,51.433754445000005,unclassified,group_4
1571,395,294.7892259,34.20209964,tertiary,group_3
1572,2059,55.8893424,7.4753810954999995,residential,group_4
1572,924,76.64608667,13.268932542000002,residential,group_4
1573,1574,108.7360315,15.2709873,residential,group_4
1573,257,55.54752845,10.261830187500001,secondary,group_3
1573,302,100.3459499,17.77232157,secondary,group_3
1574,1573,108.7360315,18.824327895,residential,group_4
1574,2033,87.65670862,11.7243695205,residential,group_4
1575,1574,51.00743933,6.822410701499999,residential,group_4
1576,2367,85.03300469,9.8657177505,tertiary,group_3
1577,831,112.2492452,22.554182445000002,residential,group_4
1577,3048,127.143744,28.307322225,residential,group_4
1578,548,80.70799805,12.565334843999999,unclassified,group_4
1579,1851,110.3501375,17.180285249999997,unclassified,group_4
1580,788,73.72415995,13.299835599000001,residential,group_4
1580,1290,79.75479257,10.667462579999999,residential,group_4
1581,1580,59.56963111,7.967631666,residential,group_4
1582,892,39.51335588,4.5844271625,tertiary,group_3
1583,3746,118.4418491,11.620482696,secondary,group_3
1584,3406,17.98266301,3.8078091164999996,tertiary,group_3
1584,898,100.1128941,22.202358885,tertiary,group_3
1585,898,108.3397353,14.857522878000001,tertiary,group_3
1585,1586,87.29706632,19.07137056,tertiary,group_3
1586,3299,105.9037063,23.454757559999997,tertiary,group_3
1587,341,202.4156881,37.394200545000004,secondary,group_3
1587,2834,35.33333088,6.716160585,secondary,group_3
1588,3155,72.34446345,7.097808687,secondary,group_3
1588,2834,132.3568698,23.778381075000002,secondary,group_3
1589,2480,88.8347488,11.881936221,residential,group_4
1590,566,87.69253649,14.8772685915,residential,group_4
1591,815,114.808279,16.629251415,secondary,group_3
1591,1681,113.6242508,21.59770098,secondary,group_3
1592,3860,136.7006592,25.984065375,secondary,group_3
1592,1593,152.224616,19.330609080000002,secondary,group_3
1592,2470,137.415099,18.18383769,secondary,group_3
1592,2432,124.0079122,15.74744307,secondary,group_3
1593,1285,80.6824064,10.245649485000001,secondary,group_3
1593,1592,152.224616,28.934859539999998,secondary,group_3
1594,1220,42.5858701,5.4078691695000005,secondary,group_3
1594,1285,41.91611494,7.967416377000001,secondary,group_3
1595,1220,37.71355332,7.168593338999999,secondary,group_3
1595,1596,45.5385201,5.7828185325,secondary,group_3
1596,1597,199.1227116,25.286076585,secondary,group_3
1596,1595,45.5385201,8.655963258,secondary,group_3
1597,1596,199.1227116,37.849250955,secondary,group_3
1597,3368,25.10574207,3.1881130559999997,secondary,group_3
1598,1709,114.7177332,11.2551048795,secondary,group_3
1598,819,114.4314242,14.531349708,secondary,group_3
1599,3260,77.56608252,10.374715501499999,residential,group_4
1600,1599,48.32778602,6.4639983675,residential,group_4
1601,621,148.0491141,19.80204993,residential,group_4
1602,1601,139.1299664,18.609084945,residential,group_4
1603,1602,206.2180637,27.582335895,residential,group_4
1604,4029,85.00721782,17.404637265,residential,group_4
1604,2711,125.3717781,16.768882575,residential,group_4
1605,1725,85.67079158,9.9397151985,tertiary,group_3
1605,714,105.7197969,15.875928824999999,tertiary,group_3
1606,1236,34.58484634,4.625835543,residential,group_4
1607,1236,69.78993044,9.3346299,residential,group_4
1607,1608,47.56831203,6.362416254000001,residential,group_4
1608,1609,61.84284611,8.2716815565,residential,group_4
1608,1607,47.56831203,6.362416254000001,residential,group_4
1609,1608,61.84284611,8.2716815565,residential,group_4
1609,1770,81.28252042,9.430578249,tertiary,group_3
1610,3195,11.72029539,2.227794096,secondary,group_3
1610,2865,716.4063121,136.174533135,secondary,group_3
1610,2858,361.6446965,68.74143468,secondary,group_3
1611,3971,6.719972617,1.2773325944999998,secondary,group_3
1611,991,403.6214585,76.943511645,tertiary,group_3
1611,2337,139.5975673,26.534709749999998,secondary,group_3
1612,1613,84.7461043,11.3350667385,residential,group_4
1613,1090,232.9434328,42.022986255,residential,group_4
1613,418,182.7784085,35.542290285,unclassified,group_4
1614,2343,357.6454133,60.675481485000006,residential,group_4
1614,1615,42.61936087,6.327530534999999,residential,group_4
1614,624,196.0179148,33.25495287,residential,group_4
1615,1614,42.61936087,5.70047796,residential,group_4
1616,3426,398.6641703,71.91900087,residential,group_4
1616,4069,99.38275754,13.292766654000001,residential,group_4
1618,1617,47.4577241,6.34762476,residential,group_4
1619,768,154.0691677,27.206517929999997,residential,group_4
1619,1618,81.30935846,10.8753908175,residential,group_4
1620,1249,113.0202822,19.174187009999997,residential,group_4
1621,1622,80.8047343,10.807895697,residential,group_4
1622,1623,88.14432205,11.7895894005,residential,group_4
1623,1088,375.2401376,63.972152445,unclassified,group_4
1623,417,109.5776722,14.4331819095,unclassified,group_4
1624,279,90.48295446,20.566315905,residential,group_4
1624,1303,77.32390653,18.6699627,residential,group_4
1624,266,78.57670223,14.734864617000001,residential,group_4
1625,1814,78.66357288,16.442171610000003,residential,group_4
1625,279,130.2264421,30.841378754999997,residential,group_4
1625,386,145.7725927,33.13336983,residential,group_4
1626,1560,185.8898809,24.863375415,residential,group_4
1627,785,135.9605692,18.185167785,residential,group_4
1627,1381,96.08448473,12.8516119515,residential,group_4
1628,1629,133.8557225,17.90363769,residential,group_4
1628,785,111.0506339,14.853383023500001,residential,group_4
1629,620,90.44263116,12.0969957105,residential,group_4
1629,1628,133.8557225,17.90363769,residential,group_4
1630,2100,225.7501403,26.179689705,secondary,group_3
1630,1564,116.9996162,22.239290535000002,secondary,group_3
1631,1221,78.18153849,13.5347491995,residential,group_4
1631,2083,77.46606196,16.460435085,residential,group_4
1632,1631,94.79243185,20.14204197,residential,group_4
1633,555,43.89660698,9.1752194655,residential,group_4
1634,1585,116.1554388,13.4766115695,tertiary,group_3
1634,899,111.2312663,17.3368968,secondary,group_3
1635,1940,65.22492002,9.5986675395,tertiary,group_3
1636,1637,95.6902256,12.7988785125,residential,group_4
1637,928,164.7525595,22.036190010000002,residential,group_4
1638,1639,80.55780437,13.6668425925,residential,group_4
1639,1638,80.55780437,20.87514309,residential,group_4
1639,1640,89.11489028,15.11857464,residential,group_4
1640,1639,89.11489028,23.092561935,residential,group_4
1640,1197,153.5711881,24.756276704999998,secondary,group_3
1640,1809,463.2238547,88.04960409,secondary,group_3
1641,767,249.7459221,33.40432836,residential,group_4
1641,1484,81.66235557,17.352087735,residential,group_4
1642,2376,73.64516611,13.285585114499998,residential,group_4
1643,558,74.17362309,11.372335218,secondary,group_3
1643,476,61.92994173,11.771645169,secondary,group_3
1644,2352,74.93547543,10.022863257000001,residential,group_4
1644,2307,76.99512842,10.298348535,residential,group_4
1645,2382,31.18304724,3.6162214544999998,secondary,group_3
1645,2362,80.78423153,7.925845227,secondary,group_3
1646,924,76.34797857,10.211790141,residential,group_4
1646,1374,89.1546463,15.434408190000001,residential,group_4
1647,2059,86.18978684,8.456191235999999,secondary,group_3
1647,981,121.152848,11.886462297000001,secondary,group_3
1648,3198,119.5049345,21.102944819999998,residential,group_4
1648,764,245.5346633,41.65559898,residential,group_4
1649,1741,93.28200358,12.476770994999999,residential,group_4
1650,3898,47.39308956,8.204668179,residential,group_4
1652,1680,135.2159523,21.075234405,secondary,group_3
1652,1679,111.5784139,17.986877115,secondary,group_3
1653,1530,142.1830974,24.48264228,primary,group_2
1653,280,68.98796821,10.0744828875,primary,group_2
1654,1449,106.8832755,18.404332500000002,primary,group_2
1654,1140,66.28372434,9.679575495,primary,group_2
1655,1654,24.11679856,3.5218354830000003,primary,group_2
1656,3437,120.5960195,15.314175675000001,secondary,group_3
1657,1658,150.2069964,20.090673690000003,residential,group_4
1658,1709,111.3784439,14.143659655499999,secondary,group_3
1658,3833,32.43920483,6.1660450215000004,secondary,group_3
1659,1711,114.0357096,18.3830028,secondary,group_3
1659,3366,181.8942499,17.845879635,secondary,group_3
1659,2090,252.5240362,27.50075964,secondary,group_3
1660,879,115.0841545,14.614238234999998,secondary,group_3
1661,1660,114.9237576,14.593869852000001,secondary,group_3
1662,3359,61.95739033,11.7768625995,secondary,group_3
1662,1245,114.3980306,14.527109142,secondary,group_3
1663,751,83.43246889,15.858846165,secondary,group_3
1664,2689,36.46047523,8.803431477,residential,group_4
1664,2373,60.51582716,15.262013235000001,residential,group_4
1664,3660,17.01326967,2.2755800835,residential,group_4
1665,1848,299.1082675,29.345898195000004,secondary,group_3
1666,2706,15.4626392,2.676884436,residential,group_4
1666,2486,632.6515686,108.93687313500001,primary,group_2
1667,276,81.69937238,17.838143145,residential,group_4
1667,993,82.90492325,11.0888027925,residential,group_4
1667,3738,214.4726754,28.686417029999998,residential,group_4
1668,453,90.55315497,22.149547560000002,unclassified,group_4
1668,3143,96.79291353,17.88148761,secondary,group_3
1669,220,122.7541259,16.41876309,residential,group_4
1670,1364,98.11641952,16.392226245,unclassified,group_4
1670,603,366.5415415,63.455490015,residential,group_4
1671,1827,75.40641655,19.25268339,residential,group_4
1671,1500,152.4536587,38.395761375,residential,group_4
1672,1673,251.3829036,45.349466070000005,residential,group_4
1673,3055,73.31514441,17.896909215,residential,group_4
1673,2312,74.52590043,19.312080915000003,residential,group_4
1673,1672,251.3829036,42.64776828,residential,group_4
1674,3673,15.76771076,2.108982534,residential,group_4
1675,1712,117.1715207,11.495849133,secondary,group_3
1676,1684,115.220472,18.57399114,secondary,group_3
1676,881,112.9727506,21.473863814999998,secondary,group_3
1677,1960,115.2376834,15.178698480000001,unclassified,group_4
1678,2399,114.1577855,15.036458175,unclassified,group_4
1679,493,112.1300891,19.411905465,residential,group_4
1679,1652,111.5784139,17.391004455,secondary,group_3
1679,30,121.5339027,16.082313915,secondary,group_3
1680,1957,114.4928136,13.283710098,tertiary,group_3
1680,1681,152.4040123,23.75422596,secondary,group_3
1680,1652,135.2159523,25.70185224,secondary,group_3
1681,494,111.8417069,17.147623770000003,secondary,group_3
1681,1958,116.099288,11.390650998,secondary,group_3
1681,1591,113.6242508,16.45775244,secondary,group_3
1681,1680,152.4040123,28.96895919,secondary,group_3
1682,815,113.6514323,21.60286764,secondary,group_3
1682,1683,114.2347774,18.415093305,secondary,group_3
1683,1959,113.6075952,15.033443085,secondary,group_3
1683,1682,114.2347774,21.71374989,secondary,group_3
1683,881,114.1072894,18.394541745,secondary,group_3
1683,488,114.5968462,12.4800013845,secondary,group_3
1684,1960,114.2282273,11.20707882,secondary,group_3
1684,491,115.1516658,18.562899315,secondary,group_3
1684,1685,212.4216994,26.974880549999998,secondary,group_3
1684,1676,115.220472,21.90111075,secondary,group_3
1685,510,89.05831078,11.3092838535,secondary,group_3
1685,1684,212.4216994,34.24320951,secondary,group_3
1686,112,132.4572957,16.82040837,secondary,group_3
1686,1421,81.13625609,13.079482105500002,secondary,group_3
1687,1688,89.65860137,12.98648004,secondary,group_3
1687,112,89.67603626,14.4561280995,secondary,group_3
1687,1412,242.7375967,23.815298925,secondary,group_3
1687,2107,199.1575422,24.78403311,secondary,group_3
1688,1689,59.77523159,9.164766975000001,secondary,group_3
1688,479,82.29549471,11.0072897445,residential,group_4
1688,1687,89.65860137,8.796521106,secondary,group_3
1689,1688,59.77523159,5.8646251245,secondary,group_3
1689,1690,79.32922685,12.1627948425,secondary,group_3
1690,1050,79.78148689,12.2321355675,secondary,group_3
1690,1689,79.32922685,7.78309284,secondary,group_3
1691,1692,81.64463208,12.517793873999999,secondary,group_3
1691,1050,96.18853455,9.437181279,secondary,group_3
1692,1349,81.10878436,12.1800961155,tertiary,group_3
1692,1693,252.7766174,38.755831365,secondary,group_3
1692,1691,81.64463208,8.010260235,secondary,group_3
1693,1692,252.7766174,32.099446905,secondary,group_3
1693,1854,80.36207628,14.812139835,tertiary,group_3
1693,648,56.67009851,9.135441726,secondary,group_3
1694,2378,163.9619608,21.93044487,residential,group_4
1694,287,76.57139057,10.1325236265,secondary,group_3
1694,1511,77.96767639,7.6495093665,secondary,group_3
1695,1696,187.1961959,18.366060405,secondary,group_3
1695,1554,74.30899462,9.8331457485,secondary,group_3
1696,1697,340.785627,45.581184615,residential,group_4
1696,1695,187.1961959,24.7712607,secondary,group_3
1697,1696,340.785627,61.477713914999995,residential,group_4
1697,1698,91.95877336,9.022193949,secondary,group_3
1698,1699,386.4669363,37.916769945,secondary,group_3
1698,1697,91.95877336,12.1687021335,secondary,group_3
1698,2127,92.51351659,9.0766205235,secondary,group_3
1698,1277,520.3071215,82.55238058500001,secondary,group_3
1699,1856,92.93730953,12.430667046,residential,group_4
1699,1700,284.7661058,27.9387702,secondary,group_3
1699,1698,386.4669363,51.1403193,secondary,group_3
1700,1699,284.7661058,37.68247218,secondary,group_3
1700,1701,205.6142913,20.173083509999998,secondary,group_3
1701,1700,205.6142913,27.208486739999998,secondary,group_3
1701,1702,117.6651205,11.544276843,secondary,group_3
1701,1891,97.30364187,15.226579635,tertiary,group_3
1701,3141,82.59165159,9.582466551,tertiary,group_3
1702,3139,19.58282984,1.9212967109999999,secondary,group_3
1702,1701,117.6651205,15.570366479999999,secondary,group_3
1703,628,360.5502713,47.710824044999995,secondary,group_3
1703,2822,60.4674045,11.1707262975,secondary,group_3
1704,3220,55.26079704,10.019348342999999,tertiary,group_3
1704,1705,55.17580924,8.285744449500001,tertiary,group_3
1705,1535,91.67931948,13.767472069500002,tertiary,group_3
1705,1704,55.17580924,8.119814466000001,tertiary,group_3
1706,1707,78.19573828,13.537207461000001,residential,group_4
1706,1535,91.2817781,13.433262013500002,tertiary,group_3
1707,1708,139.7315642,24.190259160000004,residential,group_4
1707,1706,78.19573828,13.2661118925,residential,group_4
1708,1707,139.7315642,23.705826000000002,residential,group_4
1709,1658,111.3784439,21.17081793,secondary,group_3
1709,1598,114.7177332,14.567707347,secondary,group_3
1709,187,112.1962064,11.0077146255,secondary,group_3
1709,188,148.6992591,23.176790085,secondary,group_3
1710,3365,8.506077206,1.0801646775,secondary,group_3
1711,1659,114.0357096,12.4188916305,secondary,group_3
1711,676,109.9402432,20.8974447,secondary,group_3
1712,1244,114.8867079,11.2716832035,secondary,group_3
1713,2952,12.22516449,1.1994266685,secondary,group_3
1713,677,103.6746162,19.70647413,secondary,group_3
1714,926,139.0096666,26.422961565,secondary,group_3
1715,3357,49.56113012,6.628962147,residential,group_4
1715,1716,259.2124903,34.670512605,residential,group_4
1715,1313,128.6057804,27.326897040000002,residential,group_4
1716,1715,259.2124903,44.874737865,residential,group_4
1716,1314,108.5766894,22.230322815,residential,group_4
1716,2456,145.3197284,28.695210765,residential,group_4
1717,2223,80.4608214,19.41805206,tertiary,group_3
1717,2179,90.39426521,18.026332815,tertiary,group_3
1719,1718,247.1026055,33.050776170000006,residential,group_4
1720,1719,228.6718851,30.585607440000004,residential,group_4
1721,571,72.84288361,18.37088091,residential,group_4
1721,907,78.80244115,19.026956894999998,residential,group_4
1722,860,63.61194801,8.5083046815,residential,group_4
1722,2914,101.3562923,17.546751105000002,residential,group_4
1722,1044,408.4288692,60.63784366499999,residential,group_4
1723,3128,21.93042383,2.151622188,secondary,group_3
1723,3130,61.46921423,9.909077967,secondary,group_3
1724,714,128.4635817,14.904629592000001,tertiary,group_3
1724,636,151.1784101,22.70244315,tertiary,group_3
1724,1112,83.75585604,18.40670766,residential,group_4
1725,1349,179.6590674,20.844443355,tertiary,group_3
1725,1605,85.67079158,12.8651721765,tertiary,group_3
1726,1692,84.43238702,9.796032755999999,tertiary,group_3
1727,1728,70.75232109,10.624867307999999,tertiary,group_3
1727,374,70.22030128,8.1471150555,tertiary,group_3
1728,2265,258.3691876,44.72874573,residential,group_4
1728,1727,70.75232109,8.2088411745,tertiary,group_3
1729,1728,68.85118409,7.9882670430000005,tertiary,group_3
1730,1167,71.04321706,8.242591569,tertiary,group_3
1731,1730,69.14183631,8.021989158,tertiary,group_3
1732,3370,166.4565455,16.33126653,secondary,group_3
1732,2032,113.9138204,21.652742370000002,secondary,group_3
1733,1773,81.12338733,10.8505165755,residential,group_4
1733,1386,226.5074285,35.80999533,residential,group_4
1733,481,93.29100253,16.150492125,residential,group_4
1734,1387,289.7298792,33.61510302,tertiary,group_3
1734,3397,63.8393957,16.542860505,residential,group_4
1734,1520,55.71494007,12.339326518499998,tertiary,group_3
1735,1853,168.0207105,41.151338085000006,residential,group_4
1736,1737,50.52766659,9.115189095,residential,group_4
1736,747,52.17542437,13.140485843999999,residential,group_4
1737,1736,50.52766659,10.720730547,residential,group_4
1738,300,96.12555896,12.857105763,residential,group_4
1739,1738,46.5777532,6.2299257930000005,residential,group_4
1740,1741,70.34735548,11.121659399999999,residential,group_4
1740,2360,96.66780878,12.732740535000001,unclassified,group_4
1741,1649,93.28200358,14.747543316000002,residential,group_4
1741,1740,70.34735548,9.40918731,residential,group_4
1742,635,244.6303103,28.369176675,secondary,group_3
1742,3162,105.5409704,10.354760836499999,secondary,group_3
1743,2018,78.21335347,13.945671151500001,tertiary,group_3
1744,1743,80.86099334,16.62113826,residential,group_4
1745,1746,76.43612684,13.497579599999998,residential,group_4
1745,1744,77.83713897,15.999578969999998,residential,group_4
1746,1747,77.39236199,13.6664377125,residential,group_4
1746,1745,76.43612684,12.967589200499999,residential,group_4
1747,1746,77.39236199,13.1298169995,residential,group_4
1747,2376,138.155663,30.361947465,residential,group_4
1747,2356,78.5242441,16.95751818,residential,group_4
1748,1749,65.51357302,8.7626532045,residential,group_4
1749,1748,65.51357302,11.8186460355,residential,group_4
1749,3897,98.71784509,20.63389305,residential,group_4
1749,2439,63.21975459,16.382291369999997,residential,group_4
1750,1751,42.47119993,10.2056482425,residential,group_4
1750,2388,214.7649087,39.12943431,secondary,group_3
1750,3676,63.36323983,11.7057018615,secondary,group_3
1751,1752,73.42798353,9.821231319,residential,group_4
1751,1750,42.47119993,5.6806609545,residential,group_4
1751,1864,120.6450524,28.99049166,residential,group_4
1752,1751,73.42798353,9.821231319,residential,group_4
1753,1754,49.6199206,8.418149546999999,residential,group_4
1753,2381,86.53416617,22.42381251,residential,group_4
1753,1508,88.78037573,21.74393409,residential,group_4
1754,1753,49.6199206,11.00598057,residential,group_4
1755,1359,83.95762884,11.229605583000001,residential,group_4
1755,2098,104.173406,16.793160855,secondary,group_3
1755,2097,243.3967829,23.879972535,secondary,group_3
1756,1152,109.3476483,14.625603165,residential,group_4
1757,2886,404.060024,35.911926165000004,primary,group_2
1758,1926,85.089055,13.452268134,residential,group_4
1758,842,81.88423731,16.765228695,residential,group_4
1758,2109,90.35214808,15.32847867,residential,group_4
1758,2455,155.6188701,32.52728136,residential,group_4
1759,1760,79.68243674,20.372057145,residential,group_4
1759,3425,133.5655271,34.611165404999994,residential,group_4
1759,1616,362.9319872,48.54333223500001,residential,group_4
1760,1761,80.37182403,20.54830974,residential,group_4
1760,1759,79.68243674,20.372057145,residential,group_4
1760,1127,244.4135464,61.556044545000006,residential,group_4
1761,1762,27.8766131,6.8049407475,residential,group_4
1761,1760,80.37182403,20.54830974,residential,group_4
1761,1400,74.47343559,16.10855445,residential,group_4
1762,1761,27.8766131,6.708295758,residential,group_4
1764,1763,44.92700955,7.777741628999999,residential,group_4
1765,1764,46.73648508,8.0909971365,residential,group_4
1766,509,160.0658103,15.704263245,secondary,group_3
1767,1948,81.98135055,18.0167313,residential,group_4
1767,495,370.7891106,77.38686458999999,residential,group_4
1767,275,81.87178097,21.215637105,residential,group_4
1768,1566,22.16545533,2.174681433,secondary,group_3
1768,1189,76.83230609,14.6042870295,secondary,group_3
1769,3055,218.1283759,37.76227635,residential,group_4
1770,1471,84.42896405,9.795635616,tertiary,group_3
1770,1609,81.28252042,9.430578249,tertiary,group_3
1771,2598,187.7445027,25.111437105,residential,group_4
1772,1158,153.4469534,24.259401645000004,residential,group_4
1772,1870,76.26786471,13.203454942499999,residential,group_4
1773,1733,81.12338733,14.044040613,residential,group_4
1773,1304,210.2582728,28.122726989999997,residential,group_4
1774,1387,220.8909491,25.62825771,tertiary,group_3
1775,2601,18.94951729,2.5345594935,residential,group_4
1775,2732,132.7799669,24.192057374999997,secondary,group_3
1776,2734,22.00166779,4.751318346,residential,group_4
1776,2672,255.991766,46.640827185,secondary,group_3
1777,3436,131.9356546,15.300254055,secondary,group_3
1778,968,85.24542264,9.8857024425,secondary,group_3
1779,1778,87.01891204,10.0913696535,secondary,group_3
1780,3234,12.29050074,1.1122524285,trunk,group_2
1781,3235,65.41192586,8.3064907755,secondary,group_3
1782,3963,120.5550002,15.308966745,secondary,group_3
1783,3482,291.8870494,37.0659792,secondary,group_3
1784,1131,148.7413106,18.888273165,secondary,group_3
1785,3097,923.2823007,126.61732902,tertiary,group_3
1786,1342,45.09565564,7.8069375569999995,residential,group_4
1787,1788,83.94249593,11.227581507,residential,group_4
1787,742,248.4707906,33.233775375,residential,group_4
1788,1787,83.94249593,11.227581507,residential,group_4
1789,1596,95.79161024,12.812439037499999,residential,group_4
1790,2358,90.0415505,19.132547340000002,residential,group_4
1790,2434,88.66070105,15.348896625,residential,group_4
1791,1790,31.70925915,4.241216415,residential,group_4
1792,1882,99.71791461,21.188636925,residential,group_4
1792,1216,79.67931391,17.234582460000002,residential,group_4
1793,1948,82.35176754,14.256697188,residential,group_4
1793,496,297.4355225,39.782967315,residential,group_4
1793,281,90.1486896,19.811636505,residential,group_4
1794,1795,74.79683384,10.004319495,residential,group_4
1795,1796,74.81830632,10.007191509,residential,group_4
1796,1797,82.8261297,11.078263899,residential,group_4
1797,454,80.44547324,7.892609214,secondary,group_3
1797,820,92.25208195,17.06607615,secondary,group_3
1798,576,61.25699959,8.1933226815,residential,group_4
1799,2597,179.705038,24.036132584999997,residential,group_4
1800,1487,249.9968399,44.146039125,residential,group_4
1800,1145,42.72151706,9.3887462025,residential,group_4
1801,1488,251.5105874,43.54138824,residential,group_4
1802,1227,239.0202636,61.9379121,residential,group_4
1803,2731,80.11228989,10.7152790085,residential,group_4
1803,1527,187.442151,24.826745745,"['residential', 'unclassified']",group_4
1804,1346,87.32969701,11.6806306545,residential,group_4
1805,1102,123.3746397,16.501758825,residential,group_4
1806,1807,82.12969563,10.9851135795,residential,group_4
1807,1808,84.65199897,11.322479844,residential,group_4
1808,1840,141.8569502,28.288969335000004,tertiary,group_3
1808,3614,47.27750544,5.1655073655,trunk_link,group_2
1809,2296,89.76912342,12.006911862,residential,group_4
1809,1640,463.2238547,88.04960409,secondary,group_3
1809,2623,166.6528534,31.677379350000002,secondary,group_3
1810,2356,91.4437389,23.696042235,residential,group_4
1810,1362,166.6336931,31.249980434999998,secondary,group_3
1810,1811,437.3920548,83.139494805,secondary,group_3
1811,1104,150.7695694,32.93790327,tertiary,group_3
1811,1810,437.3920548,83.139494805,secondary,group_3
1811,361,153.4902554,28.78509975,secondary,group_3
1812,3966,48.83849425,6.532307253,residential,group_4
1812,1813,100.0015753,19.008302415,secondary,group_3
1812,361,241.0204487,45.81317406,secondary,group_3
1813,1122,232.8335975,31.142249985,residential,group_4
1813,380,137.3453527,18.37038708,residential,group_4
1813,1812,100.0015753,19.008302415,secondary,group_3
1813,3111,293.3618211,55.016191485,secondary,group_3
1814,1625,78.66357288,16.714889115000002,residential,group_4
1814,1036,82.59593375,18.151795919999998,residential,group_4
1815,3675,349.4876505,77.40190026,tertiary,group_3
1815,1517,259.0963109,58.23980238,tertiary,group_3
1815,264,347.6201901,84.85732425,residential,group_4
1815,3670,358.1503535,91.566721155,residential,group_4
1816,1817,74.11217726,9.9127444545,residential,group_4
1816,2320,50.23156603,6.718635127500001,residential,group_4
1817,1816,74.11217726,9.9127444545,residential,group_4
1818,2018,122.1702185,22.15071156,tertiary,group_3
1818,622,80.39611987,16.83842919,tertiary,group_3
1818,1819,83.98977412,15.151751999999998,residential,group_4
1819,1820,78.25002596,14.116301651999999,residential,group_4
1819,1818,83.98977412,17.264265390000002,residential,group_4
1820,1553,78.08682665,14.086860502500002,residential,group_4
1820,1819,78.25002596,16.084448715,residential,group_4
1821,623,79.6728242,10.656499044,residential,group_4
1821,1553,78.16376079,13.260686827499999,residential,group_4
1821,2356,122.671922,25.64074728,residential,group_4
1822,3874,59.52358404,7.135328775,primary,group_2
1822,3707,50.17927214,5.656833615,primary,group_2
1822,3241,69.84430443,10.2784680705,tertiary,group_3
1823,975,52.11879048,6.971057528999999,residential,group_4
1825,1826,85.24228371,13.502937403499999,secondary,group_3
1825,1850,84.48371712,15.628975740000001,secondary,group_3
1825,695,110.2174397,14.7419405925,residential,group_4
1826,1825,85.24228371,15.769305959999999,secondary,group_3
1826,2330,84.57940792,13.397933526,secondary,group_3
1827,1671,75.40641655,18.991258065,residential,group_4
1828,2117,212.2567812,20.824786770000003,secondary,group_3
1830,1829,66.23669792,11.292246516,unclassified,group_4
1831,1830,114.5868095,19.53512994,unclassified,group_4
1831,705,114.7185716,18.493082835000003,secondary,group_3
1831,676,113.7808308,12.3911344335,secondary,group_3
1832,2954,56.08941532,10.6614777345,secondary,group_3
1833,2953,32.37239297,4.043953467,secondary_link,group_3
1834,1833,37.2507452,4.906535892,unclassified,group_4
1835,701,114.7501487,11.258285199,secondary,group_3
1835,187,112.2001461,17.487909825,secondary,group_3
1836,461,101.1770702,17.86649343,residential,group_4
1836,1837,30.29205617,5.2441457535,residential,group_4
1836,2319,208.0522596,44.929435695,residential,group_4
1836,1261,175.9230157,29.845800585,residential,group_4
1837,1836,30.29205617,4.051660914,residential,group_4
1838,908,95.97696902,12.8372313765,residential,group_4
1839,1226,24.25453287,6.285137092499999,residential,group_4
1839,1488,74.93228682,16.467585225,residential,group_4
1840,792,77.63593261,15.482079044999999,tertiary,group_3
1840,1808,141.8569502,26.146723440000002,tertiary,group_3
1841,3553,226.602126,22.232227065,secondary,group_3
1842,2218,80.44497728,13.647701180999999,residential,group_4
1842,2295,79.06293286,13.687335756,residential,group_4
1843,1844,59.4423301,9.5823363105,secondary,group_3
1843,115,64.2949313,8.508006784500001,secondary,group_3
1844,3849,120.296994,19.392346365,secondary,group_3
1844,1843,59.4423301,7.865872745999999,secondary,group_3
1845,1266,315.652035,54.645523874999995,residential,group_4
1845,348,106.1839134,22.967509664999998,residential,group_4
1846,1847,107.3046323,14.3523431385,residential,group_4
1847,2323,76.68390687,10.256721641999999,residential,group_4
1848,2247,126.2890945,12.3903860655,secondary,group_3
1849,1850,270.9548523,36.241091655000005,residential,group_4
1849,2854,129.776029,23.411590605,residential,group_4
1850,1825,84.48371712,13.382775477000001,secondary,group_3
1850,1849,270.9548523,48.88024485,residential,group_4
1850,1081,114.347779,21.153646215,secondary,group_3
1851,1852,82.6773478,11.0583638355,residential,group_4
1851,1331,88.99303054,13.8552219675,unclassified,group_4
1852,1851,82.6773478,11.0583638355,residential,group_4
1853,1735,168.0207105,22.473315825,residential,group_4
1853,745,91.10335643,22.31287446,residential,group_4
1854,1974,161.4537208,29.758751894999996,tertiary,group_3
1854,1693,80.36207628,12.5754753915,tertiary,group_3
1855,1147,71.84183672,9.6090790305,residential,group_4
1856,1699,92.93730953,12.430667046,residential,group_4
1856,2125,371.7861028,49.727598945,residential,group_4
1857,1856,95.62832733,12.790599417,residential,group_4
1858,3200,77.55897879,10.373765355,residential,group_4
1858,1859,254.9436286,55.14413686499999,residential,group_4
1859,958,84.03104201,14.256086458499999,residential,group_4
1859,1858,254.9436286,34.09953849,residential,group_4
1859,465,90.79376492,19.95340227,residential,group_4
1859,957,399.6342086,87.826098345,residential,group_4
1860,1883,79.38648562,10.61820033,residential,group_4
1860,2502,50.06170467,10.828313335499999,residential,group_4
1860,1216,99.86467493,21.2198214,residential,group_4
1861,1860,146.2847128,19.56605553,residential,group_4
1862,1861,136.7722055,18.293726775,residential,group_4
1863,1864,72.23706189,9.661941681,residential,group_4
1864,2230,99.4366773,21.473613450000002,residential,group_4
1864,1863,72.23706189,11.420415066,residential,group_4
1864,1751,120.6450524,16.13666766,residential,group_4
1865,1866,73.66763718,13.439881794,residential,group_4
1865,966,93.12782843,15.799380105,residential,group_4
1866,1865,73.66763718,12.497907675,residential,group_4
1866,2104,95.20309507,22.54683969,residential,group_4
1866,2198,117.1309882,29.499675585000002,residential,group_4
1867,692,171.7530714,29.733806610000002,residential,group_4
1868,657,82.21764538,16.833491685,residential,group_4
1868,1869,96.16224192,20.76649047,residential,group_4
1868,2184,48.53576046,12.408923793,residential,group_4
1869,1317,300.1539765,40.14656937,residential,group_4
1869,1868,96.16224192,14.276833573500001,residential,group_4
1870,1772,76.26786471,12.057670239,residential,group_4
1870,2196,92.3809147,13.872830534999999,tertiary,group_3
1872,2178,79.82851836,7.8320789745,secondary,group_3
1872,1198,77.92585031,14.8121479485,secondary,group_3
1873,423,172.6118774,38.799786825,tertiary,group_3
1873,1874,172.4381553,38.760737475,tertiary,group_3
1873,1221,81.11462046,14.042522898,residential,group_4
1874,1873,172.4381553,37.15316256,tertiary,group_3
1874,124,50.28572125,11.3032503525,tertiary,group_3
1874,3441,118.8047618,26.450728650000002,residential,group_4
1875,124,184.9975605,38.004710939999995,tertiary,group_3
1875,1256,224.4551796,49.71064758,tertiary,group_3
1875,1423,73.59853315,15.919313639999999,residential,group_4
1876,1877,18.88092522,4.0680444675,tertiary,group_3
1876,2023,51.44195442,8.7272623575,residential,group_4
1876,1256,114.8981963,23.94948054,tertiary,group_3
1877,1876,18.88092522,3.9355565685,tertiary,group_3
1877,1008,85.79880851,17.93357055,residential,group_4
1877,189,98.92111613,21.313335795,tertiary,group_3
1878,3442,26.38599598,6.8374684005,residential,group_4
1878,189,46.48724373,9.6898417485,tertiary,group_3
1878,1104,402.8431839,80.33457972,tertiary,group_3
1879,1752,46.98052977,6.283798467,residential,group_4
1880,1881,106.6358694,26.893428165000003,residential,group_4
1880,2208,325.0158175,71.004643725,tertiary,group_3
1880,2403,247.0594458,53.97388983,tertiary,group_3
1881,1882,70.31326953,17.976683474999998,residential,group_4
1881,2505,30.63609732,4.5484220639999995,residential,group_4
1881,1880,106.6358694,22.658603805,residential,group_4
1882,1792,99.71791461,21.9146289,residential,group_4
1882,1881,70.31326953,14.9405685495,residential,group_4
1882,2086,109.0756532,23.592991035,residential,group_4
1883,1884,68.31825944,9.137789124000001,residential,group_4
1883,1860,79.38648562,16.868497769999998,residential,group_4
1883,2229,106.5491837,14.251299436499998,residential,group_4
1884,1883,68.31825944,9.137789124000001,residential,group_4
1885,901,129.70719,17.348758005,residential,group_4
1886,1885,60.41019279,8.080059520499999,residential,group_4
1887,189,215.574542,36.572785905,residential,group_4
1887,2001,189.7129928,36.803507010000004,residential,group_4
1887,3442,192.2456075,30.39332685,residential,group_4
1888,4032,210.1964365,50.72786079,tertiary,group_3
1888,2403,89.18179218,19.48311756,tertiary,group_3
1888,3483,103.2751436,16.32742218,residential,group_4
1889,2279,90.38943328,20.317783425000002,tertiary,group_3
1889,1890,250.8892041,33.557246039999995,residential,group_4
1889,2305,87.87787816,18.93398295,tertiary,group_3
1890,2280,90.78485903,15.40188921,residential,group_4
1890,1889,250.8892041,43.43381469,residential,group_4
1890,3593,65.01555926,13.5894791385,residential,group_4
1891,2162,303.5537887,47.50167462,tertiary,group_3
1891,1701,97.30364187,11.289384283499999,tertiary,group_3
1892,632,198.6323019,26.567715614999997,residential,group_4
1893,1898,49.60069071,10.836024534,tertiary,group_3
1893,3653,10.59952317,2.3188144800000003,tertiary,group_3
1894,1893,44.99022429,8.116234719000001,residential,group_4
1895,2187,62.27810105,7.225643374500001,tertiary,group_3
1896,1774,316.4768735,36.71834859,tertiary,group_3
1897,3932,34.01501298,5.7360770355,secondary,group_3
1897,3654,32.58505412,5.9368857885,secondary,group_3
1897,3801,29.63409223,6.1769561070000005,tertiary,group_3
1897,3653,39.38858738,6.345712434,tertiary,group_3
1898,1899,28.23470149,6.168299547,tertiary,group_3
1898,1893,49.60069071,10.6868605815,tertiary,group_3
1899,1898,28.23470149,5.9135692424999995,tertiary,group_3
1899,4007,145.3044279,31.74396009,tertiary,group_3
1900,1138,17.22908328,3.763955028,tertiary,group_3
1900,4006,13.08950985,3.0545937734999997,residential,group_4
1900,4007,8.641932324,1.8099948825,tertiary,group_3
1901,624,160.362604,25.352740710000003,residential,group_4
1901,1478,177.0720874,38.684087985,tertiary,group_3
1901,1138,109.7035654,22.9766775,tertiary,group_3
1902,2964,106.3991768,14.231235521999999,residential,group_4
1902,2965,97.23869851,13.005991794,residential,group_4
1903,1525,153.2365213,26.528230620000002,residential,group_4
1903,1902,321.9641936,43.063756755,residential,group_4
1904,1905,78.79273513,10.538784273000001,residential,group_4
1905,1563,28.37988359,3.7959016185000003,residential,group_4
1906,616,127.4593498,17.04810207,residential,group_4
1907,911,250.665053,44.531354655,unclassified,group_4
1908,503,50.20899735,6.715616493000001,residential,group_4
1909,3382,36.30261141,3.813714321,primary,group_2
1910,396,113.4348639,19.244521875,residential,group_4
1911,463,64.26205863,8.4643701885,unclassified,group_4
1912,2147,112.5187558,19.260592815000003,secondary,group_3
1912,1403,93.11536977,16.49170989,secondary,group_3
1912,1913,56.93826173,7.298357569499999,residential,group_4
1914,1461,174.1327584,18.293245815,primary,group_2
1915,3676,48.01978454,8.74904106,secondary,group_3
1915,2776,68.0797263,12.577023856500002,secondary,group_3
1916,1915,80.52236857,13.9399925445,residential,group_4
1917,1395,41.52143133,5.5536263175,residential,group_4
1919,207,102.1094958,13.657476756000001,residential,group_4
1920,514,143.2479933,21.267471705,residential,group_4
1920,1633,167.2220053,34.95255564,residential,group_4
1921,2422,56.5463776,5.5478380935,secondary,group_3
1922,3468,43.32298206,6.506421099000001,secondary,group_3
1923,1924,83.72550434,14.494517820000002,residential,group_4
1923,1235,103.3632315,22.715746395,residential,group_4
1923,2069,203.4645765,35.571083055,residential,group_4
1924,1923,83.72550434,18.95996529,residential,group_4
1924,1925,156.0109715,20.866974210000002,residential,group_4
1924,2184,325.3337655,53.609799869999996,residential,group_4
1924,2183,84.70875562,18.29307981,residential,group_4
1925,295,82.72151906,21.43583184,residential,group_4
1925,1926,170.655484,22.825725345,residential,group_4
1925,2455,82.42337381,16.875613155,residential,group_4
1926,1758,85.089055,13.452268134,residential,group_4
1926,992,157.2546002,24.86137668,residential,group_4
1927,992,190.2805481,25.450641420000004,residential,group_4
1927,274,85.84946121,22.246383225,residential,group_4
1928,2344,50.57121153,6.764063817,residential,group_4
1929,1074,307.3663352,40.330129485,primary,group_2
1930,3879,303.6461647,31.899075075,primary,group_2
1931,1303,78.78593599,18.81811542,residential,group_4
1931,1467,81.0082337,19.559548515,residential,group_4
1932,2722,174.1871554,23.29809786,residential,group_4
1933,2281,148.6896211,25.603006754999996,primary,group_2
1934,206,168.2622821,22.5056268,residential,group_4
1934,762,81.33859103,12.076023853499999,residential,group_4
1935,2692,183.5559118,21.29656389,tertiary,group_3
1936,682,53.45836184,9.0693511605,residential,group_4
1937,1059,93.55424399,21.029171204999997,tertiary,group_3
1937,1051,135.6492773,25.451271735,tertiary,group_3
1938,1178,77.8928427,11.6971585545,tertiary,group_3
1938,1961,113.0817463,13.1199949455,tertiary,group_3
1939,1938,64.10671093,8.5744808295,residential,group_4
1940,2237,26.77335997,3.94003674,tertiary,group_3
1941,227,88.7119865,11.8655163645,residential,group_4
1941,959,187.2292144,25.042515629999997,residential,group_4
1942,227,102.058883,13.650707122499998,residential,group_4
1943,2087,165.660505,16.25316597,secondary,group_3
1943,1162,114.3828436,14.525180579999999,secondary,group_3
1944,3342,24.26004252,2.548600995,primary,group_2
1945,1766,68.81744861,6.7517687085,secondary,group_3
1946,3724,158.3524088,21.18014907,residential,group_4
1946,2077,197.929807,26.47375464,residential,group_4
1947,1946,56.99106217,7.622739693000001,residential,group_4
1948,1793,82.35176754,18.09813645,residential,group_4
1948,1767,81.98135055,14.192570780999999,residential,group_4
1948,495,297.8437465,57.780409500000005,residential,group_4
1949,720,59.53391587,6.907256925,tertiary,group_3
1950,1951,77.32325526,10.3422365655,residential,group_4
1951,484,77.65920823,10.387171368,residential,group_4
1951,1950,77.32325526,10.3422365655,residential,group_4
1952,2082,80.50177373,17.691570300000002,residential,group_4
1952,1953,244.2402101,51.89756679,residential,group_4
1952,4011,74.11814397,14.461399978500001,residential,group_4
1953,1253,345.0394969,66.93618268499999,residential,group_4
1953,2445,81.70703011,14.145080562,residential,group_4
1953,2291,80.15657352,17.03213049,residential,group_4
1954,249,104.307494,13.9514661495,residential,group_4
1954,2063,100.3219083,15.860526495000002,residential,group_4
1955,1337,312.9790322,59.192814585,residential,group_4
1955,2264,142.1564684,22.474417289999998,residential,group_4
1955,249,74.88103203,16.456321155,residential,group_4
1956,1275,54.80324528,7.330112078999999,residential,group_4
1957,2326,114.9276445,13.3341601425,tertiary,group_3
1958,1681,116.099288,16.816245885,secondary,group_3
1958,1989,114.875711,11.270604285000001,secondary,group_3
1959,1683,113.6075952,12.372268455,secondary,group_3
1959,2091,115.6987643,15.31016289,secondary,group_3
1960,2399,113.844334,11.169414552000001,secondary,group_3
1960,1684,114.2282273,14.505546257999999,secondary,group_3
1961,1101,191.3929467,29.317030349999996,tertiary,group_3
1961,1938,113.0817463,13.1199949455,tertiary,group_3
1962,2488,34.62943818,4.722706302,trunk,group_2
1963,2514,76.73265133,10.2632413725,residential,group_4
1964,1963,81.12701857,10.851002265,residential,group_4
1965,2451,166.4108933,41.333991765,residential,group_4
1966,1967,96.26374034,14.29190265,residential,group_4
1966,1476,109.8902773,18.990050565,residential,group_4
1966,1475,367.1086761,49.10197794,residential,group_4
1967,378,105.4910462,17.159505735,tertiary,group_3
1967,580,44.62953002,5.316097485,tertiary,group_3
1967,1966,96.26374034,16.635259665,residential,group_4
1968,1347,86.70941635,17.157167835,unclassified,group_4
1968,1527,90.00495403,11.8551329655,unclassified,group_4
1969,320,81.00566427,11.3765092695,residential,group_4
1969,2884,90.17465838,12.0611534805,residential,group_4
1970,1555,54.92641212,7.713915345,residential,group_4
1970,320,62.85449317,8.406992637,residential,group_4
1970,2053,221.1344765,39.89265099,residential,group_4
1971,1557,355.6935333,78.89484846,residential,group_4
1971,1297,129.8576615,28.35296634,residential,group_4
1971,1555,135.4281105,32.699302005,residential,group_4
1972,1273,120.8408123,20.919901529999997,residential,group_4
1973,1156,83.37565982,11.151765336,residential,group_4
1974,1156,88.97914064,15.40402473,residential,group_4
1974,2438,86.06532666,15.863348895,tertiary,group_3
1974,1854,161.4537208,25.265117415,tertiary,group_3
1975,3687,54.29433375,11.7250049655,residential,group_4
1976,1565,362.0529466,48.42575769,residential,group_4
1977,3164,58.85272396,7.722179386500001,primary,group_2
1978,1182,105.5862513,19.77447618,secondary,group_3
1978,1162,106.9893759,10.496865768,secondary,group_3
1979,1765,130.860258,22.654463025,residential,group_4
1979,2432,77.04398105,8.9346013905,secondary,group_3
1979,2325,64.58157156,6.336181344,secondary,group_3
1980,3181,237.7507835,46.873110974999996,residential,group_4
1980,2071,51.09156472,5.927756625000001,tertiary,group_3
1980,2260,132.5690669,26.436789044999998,tertiary,group_3
1981,2139,371.0641866,36.40558629,secondary,group_3
1982,1983,72.01009306,8.354770666499999,tertiary,group_3
1982,499,85.32419942,11.4123888375,residential,group_4
1983,1982,72.01009306,8.354770666499999,tertiary,group_3
1983,805,67.12526086,11.620691895,residential,group_4
1983,740,114.6953072,13.3072038615,tertiary,group_3
1984,740,85.82917296,11.4799306905,residential,group_4
1985,1899,18.75473691,2.508506985,residential,group_4
1986,1339,82.63510559,11.052713802,residential,group_4
1986,2007,333.7793471,44.644071915,residential,group_4
1987,2423,79.97427719,20.4466707,residential,group_4
1987,2397,79.54916847,18.65261541,residential,group_4
1988,1987,69.37567574,12.515369217,residential,group_4
1989,2326,152.9358535,20.144167590000002,unclassified,group_4
1989,562,114.4715059,11.230947195,secondary,group_3
1989,1958,114.875711,16.639018515,secondary,group_3
1990,3343,55.05146705,5.783346159000001,primary,group_2
1991,2430,151.7804588,25.74995253,residential,group_4
1992,1991,103.0662169,13.785441313499998,residential,group_4
1994,1995,390.7850458,95.71038885,residential,group_4
1994,603,72.71617746,12.148629545999999,unclassified,group_4
1994,2058,51.90811502,10.2499111275,residential,group_4
1995,1994,390.7850458,52.268769299999995,residential,group_4
1995,1996,80.27590055,19.661032934999998,residential,group_4
1995,2159,49.48783747,7.347266508000001,residential,group_4
1996,1995,80.27590055,10.737162466500001,residential,group_4
1996,2029,140.9997876,34.00754484,unclassified,group_4
1997,2224,214.0370645,28.628152650000004,residential,group_4
1997,2180,72.70461637,14.104383777,residential,group_4
1999,1922,104.3384823,15.66997632,secondary,group_3
2000,535,92.73680774,15.733042424999999,residential,group_4
2000,125,252.9645362,33.83482845,residential,group_4
2001,1268,94.31287926,18.296294115,residential,group_4
2001,1259,410.4554551,69.634843455,residential,group_4
2001,1887,189.7129928,32.18530632,residential,group_4
2002,2041,41.18397317,5.5084901925,residential,group_4
2003,1036,87.1413662,14.783761108499998,residential,group_4
2003,2180,95.16024,17.166903615,residential,group_4
2004,2161,79.83768452,10.678549647,residential,group_4
2005,2831,150.3727119,28.58284956,secondary,group_3
2005,1569,164.8699525,30.87728667,secondary,group_3
2007,1986,333.7793471,44.644071915,residential,group_4
2007,1192,186.4318534,21.630237015,tertiary,group_3
2008,792,78.20429134,9.52710705,tertiary,group_3
2008,1502,105.9877052,19.88600262,tertiary,group_3
2009,2010,89.54335723,11.794333073999999,unclassified,group_4
2009,2557,68.53545298,14.5750311405,unclassified,group_4
2010,2009,89.54335723,11.794333073999999,unclassified,group_4
2011,720,166.8775732,19.361506065,tertiary,group_3
2011,2162,252.2943228,37.887007260000004,tertiary,group_3
2012,451,55.26917477,7.3924316595,residential,group_4
2013,299,125.0769415,19.774206614999997,residential,group_4
2013,246,86.73894765,18.93847797,residential,group_4
2013,1338,306.8349744,74.08572308999999,residential,group_4
2014,2038,197.1774018,22.87695936,tertiary,group_3
2015,1119,138.6532628,16.08685899,tertiary,group_3
2015,1004,262.394168,35.096072324999994,residential,group_4
2015,2016,80.03276363,9.285578694,tertiary,group_3
2016,2015,80.03276363,9.285578694,tertiary,group_3
2016,1151,81.70101037,9.4791323805,tertiary,group_3
2017,1151,81.8925584,9.501356208,tertiary,group_3
2017,588,202.7479814,23.523270359999998,tertiary,group_3
2018,1818,122.1702185,21.78330957,tertiary,group_3
2018,2356,312.7563339,65.371977465,residential,group_4
2019,622,77.76248379,14.8240844265,tertiary,group_3
2019,2020,85.99496165,18.01106913,tertiary,group_3
2020,2831,447.5273252,83.814117135,secondary,group_3
2020,2623,409.5567361,77.848556595,secondary,group_3
2020,2019,85.99496165,16.393465199999998,tertiary,group_3
2021,1702,53.04913167,7.095493684499999,residential,group_4
2022,465,56.14095912,7.5090356505,residential,group_4
2023,1876,51.44195442,8.905605657,residential,group_4
2024,1334,84.16073903,11.2567722315,residential,group_4
2025,1189,75.18548532,7.3765450095,secondary,group_3
2025,2048,77.14850757,14.664390617999999,secondary,group_3
2026,2397,80.46102552,20.571115499999998,residential,group_4
2026,2027,70.58720916,9.4412685195,residential,group_4
2026,2503,78.3881988,18.836349915,residential,group_4
2027,2026,70.58720916,13.013844528,residential,group_4
2028,1255,160.360028,27.761448585000004,residential,group_4
2029,2030,113.4389351,26.456502255000004,unclassified,group_4
2029,2310,38.26190649,7.9974607005,residential,group_4
2029,1996,140.9997876,18.57199137,unclassified,group_4
2030,2029,113.4389351,14.941773743999999,unclassified,group_4
2031,2085,77.38439212,8.9783087595,tertiary,group_3
2032,3239,285.3921583,54.247349955000004,secondary,group_3
2032,1732,113.9138204,11.17623195,secondary,group_3
2033,1574,87.65670862,11.7243695205,residential,group_4
2034,520,64.15647553,8.5811370075,residential,group_4
2035,1446,177.5252322,17.417229674999998,secondary,group_3
2036,2116,92.27993261,12.108227886,primary,group_2
2037,2096,73.01723535,7.163815206000001,secondary,group_3
2037,2059,189.6663971,24.08524374,secondary,group_3
2038,1546,83.82594293,9.7256717685,tertiary,group_3
2039,3193,13.36406638,2.5402421355,secondary,group_3
2040,1357,87.31569837,11.6787582915,residential,group_4
2041,2040,101.5368957,13.5808896315,residential,group_4
2042,1561,79.81334583,13.0957393215,residential,group_4
2042,580,155.8002233,25.342954889999998,tertiary,group_3
2042,1318,76.86073603,8.545988309999998,tertiary,group_3
2043,3924,39.09657471,6.302520894000001,secondary,group_3
2043,3849,28.13736721,3.7233558899999997,secondary,group_3
2044,2131,83.226291,17.04000486,residential,group_4
2044,2045,91.06002792,19.69622331,residential,group_4
2044,1429,83.17935049,17.386054365,residential,group_4
2045,2044,91.06002792,12.179574532499998,residential,group_4
2046,2047,59.25207116,12.590221400999999,residential,group_4
2046,2380,177.6743954,30.142926735000003,residential,group_4
2047,2046,59.25207116,10.0522691265,residential,group_4
2048,2025,77.14850757,7.569139655999999,secondary,group_3
2048,895,75.80028208,14.408119876499999,secondary,group_3
2049,2050,81.06971531,10.8433377675,residential,group_4
2049,1533,392.5142371,69.312671625,residential,group_4
2049,675,152.6731194,26.691369599999998,residential,group_4
2050,1238,65.86108562,8.809134144,residential,group_4
2050,2049,81.06971531,14.1731677605,residential,group_4
2050,3098,86.15544437,11.5235705505,residential,group_4
2051,441,77.65227182,13.4190267315,residential,group_4
2051,1295,142.5214448,34.29670599,residential,group_4
2052,441,16.46608562,3.0040632885000003,residential,group_4
2052,2053,84.59421451,15.433320345,residential,group_4
2053,2054,85.02822209,19.47878751,residential,group_4
2053,2052,84.59421451,15.433320345,residential,group_4
2053,1970,221.1344765,29.57745456,residential,group_4
2054,1029,74.01346484,17.810779605,residential,group_4
2054,2053,85.02822209,15.51250044,residential,group_4
2054,3109,83.43897357,14.155640497500002,residential,group_4
2054,1124,128.1172234,31.822413495,residential,group_4
2055,592,61.36773686,15.476863769999998,residential,group_4
2055,1029,81.23386161,19.614026685,residential,group_4
2056,2883,68.95225187,10.9010986275,residential,group_4
2056,592,230.3487016,57.215192744999996,residential,group_4
2057,2056,125.4280993,16.776415725,residential,group_4
2058,2312,281.5801779,55.601552805,residential,group_4
2058,1994,51.90811502,12.713244597000001,residential,group_4
2059,1647,86.18978684,8.456191235999999,secondary,group_3
2059,1572,55.8893424,9.67553526,residential,group_4
2059,2037,189.6663971,18.60841503,secondary,group_3
2060,448,151.3113276,20.238381585,residential,group_4
2060,1529,77.9007934,14.0533001115,residential,group_4
2061,2244,154.1693629,20.620653089999998,residential,group_4
2062,3044,11.95233293,3.0972375944999997,residential,group_4
2062,2457,51.06195068,8.088548238,secondary,group_3
2063,1954,100.3219083,13.418381124,residential,group_4
2065,2066,128.120244,17.136498825,residential,group_4
2065,2064,158.9274306,26.962455045000002,residential,group_4
2065,1211,86.28177291,22.059280305,residential,group_4
2065,2671,60.34799406,17.24666136,residential,group_4
2066,2065,128.120244,22.624291200000002,residential,group_4
2067,2195,231.3035012,31.720559894999997,tertiary,group_3
2067,1350,82.98630864,12.462043705500001,tertiary,group_3
2068,625,71.52747907,9.5670326745,residential,group_4
2069,2456,188.0133435,25.147395435,residential,group_4
2069,1923,203.4645765,27.214048034999998,residential,group_4
2070,1293,82.58199227,8.102225853,secondary,group_3
2070,1024,88.95720631,11.771511370499999,secondary,group_3
2072,2264,48.06035696,8.32018518,residential,group_4
2072,2879,90.78351862,14.352541988999999,residential,group_4
2073,2239,136.3569543,18.23818557,residential,group_4
2074,1665,99.0459276,9.7175238,secondary,group_3
2075,1437,47.08663701,4.6197307335,secondary,group_3
2076,1170,78.12575577,9.064323414,tertiary,group_3
2077,3225,234.857619,31.412969444999998,residential,group_4
2078,685,100.4960466,13.441672688999999,residential,group_4
2079,3145,147.0983695,19.37527494,unclassified,group_4
2080,2271,196.4892387,21.398372235,secondary,group_3
2080,2088,82.56434547,10.925558163,secondary,group_3
2080,1126,358.5488359,41.580028485,secondary,group_3
2081,2082,40.77414286,7.955557938,residential,group_4
2082,1952,80.50177373,15.70692798,residential,group_4
2082,2081,40.77414286,8.96077914,residential,group_4
2083,1631,77.46606196,10.361337426,residential,group_4
2083,4009,74.12675482,15.75087987,residential,group_4
2083,2515,69.58134149,12.045887358000002,residential,group_4
2084,1873,84.98444113,11.366945062500001,residential,group_4
2085,2076,75.24194569,8.729737373999999,tertiary,group_3
2086,1882,109.0756532,18.88312302,residential,group_4
2087,1943,165.660505,21.036797775,secondary,group_3
2087,1366,187.6439973,18.409994775,secondary,group_3
2088,2089,223.1314757,29.526497205,secondary,group_3
2088,2080,82.56434547,8.991548898,secondary,group_3
2089,2090,161.5679802,21.379935314999997,secondary,group_3
2089,2088,223.1314757,24.29980596,secondary,group_3
2090,1659,252.5240362,33.41595006,secondary,group_3
2090,2089,161.5679802,17.595323819999997,secondary,group_3
2091,563,116.1739252,15.37303989,secondary,group_3
2091,1959,115.6987643,12.600004161000001,secondary,group_3
2092,2093,218.2257554,21.410410545,secondary,group_3
2092,1366,130.8831245,16.620508440000002,secondary,group_3
2093,817,106.7033326,23.449787774999997,residential,group_4
2093,3240,104.441102,10.2468513195,secondary,group_3
2093,2092,218.2257554,27.711922575000003,secondary,group_3
2094,3240,34.2754976,6.5150876055,secondary,group_3
2094,3239,57.64109546,5.6552422755,secondary,group_3
2094,1367,217.2888788,21.31849236,secondary,group_3
2095,1209,145.7774701,14.3024157495,secondary,group_3
2095,981,82.76524618,8.1202051305,secondary,group_3
2096,3844,34.36421784,4.596325764,residential,group_4
2096,781,55.61977061,5.4569274855,secondary,group_3
2096,2037,73.01723535,9.2722692975,secondary,group_3
2097,1358,83.51285824,11.170116072,residential,group_4
2097,1755,243.3967829,39.236514225,secondary,group_3
2097,891,215.5151954,21.144474,secondary,group_3
2098,1755,104.173406,12.080734221,secondary,group_3
2098,2819,77.50419422,12.493979514000001,secondary,group_3
2099,2819,89.35814507,10.362644767499999,secondary,group_3
2099,2100,63.38689278,10.218215256,secondary,group_3
2100,1055,94.33341041,12.6174000735,residential,group_4
2100,1630,225.7501403,36.391806360000004,secondary,group_3
2100,2099,63.38689278,7.3508223825000005,secondary,group_3
2101,1416,94.91743073,12.695514688500001,residential,group_4
2102,2101,94.39396305,12.625499185499999,residential,group_4
2103,2258,142.1433863,18.65090778,primary,group_2
2104,1866,95.20309507,24.34015539,residential,group_4
2104,1420,82.76059187,19.600095945,residential,group_4
2105,2106,86.50163338,21.48571965,residential,group_4
2105,437,232.7700018,56.202634425,residential,group_4
2106,442,100.4129528,19.479682215,residential,group_4
2106,1124,42.68487438,10.602288174,residential,group_4
2106,2105,86.50163338,20.88593736,residential,group_4
2107,1687,199.1575422,32.104975440000004,secondary,group_3
2107,710,98.45488241,12.2521549455,secondary,group_3
2108,3507,169.9959339,16.678520504999998,secondary,group_3
2109,2384,90.85002542,22.912258755,residential,group_4
2109,1758,90.35214808,12.084893304,residential,group_4
2109,733,331.4970277,57.388601145,residential,group_4
2110,3148,94.34387986,23.76069639,residential,group_4
2111,2512,39.14358347,5.235581442,residential,group_4
2111,729,167.2486835,22.370054715000002,residential,group_4
2112,783,80.35274316,9.322703428499999,tertiary,group_3
2113,1094,75.28065082,10.0690315875,residential,group_4
2114,2453,74.40600926,12.623174433,residential,group_4
2114,2336,71.10106039,9.5099977905,residential,group_4
2115,2479,78.37994407,13.2973628865,residential,group_4
2115,2337,81.45305411,20.824743075,residential,group_4
2116,2257,95.95491478,12.590429382,primary,group_2
2117,4074,140.249594,13.760068693500001,secondary,group_3
2118,16,31.87497854,6.118226122499999,primary_link,group_2
2119,434,112.8080155,23.579004645,residential,group_4
2120,2225,72.17218978,13.333064069999999,secondary,group_3
2121,278,53.62852039,13.320527136,residential,group_4
2121,512,172.1422147,29.485537604999998,tertiary,group_3
2121,428,907.0692764,172.9172073,tertiary,group_3
2122,1263,39.93296728,10.3479285795,residential,group_4
2122,425,239.1738087,61.977700635,residential,group_4
2123,2358,97.1685774,16.821775965,residential,group_4
2123,2192,104.3299399,22.168626615,residential,group_4
2124,1360,77.82654425,13.473292773,residential,group_4
2125,2126,80.8209567,10.8100654965,residential,group_4
2125,1856,371.7861028,49.727598945,residential,group_4
2126,2125,80.8209567,10.8100654965,residential,group_4
2126,3544,131.4779122,15.2543589,tertiary,group_3
2127,2365,93.9824475,9.2207392305,secondary,group_3
2127,1698,92.51351659,14.678275031999998,secondary,group_3
2128,1291,84.745772,11.3350222905,residential,group_4
2128,1112,79.89792514,10.686607026,residential,group_4
2129,3325,160.4191354,29.635772685,secondary,group_3
2129,2225,203.6112618,19.97656371,secondary,group_3
2130,1154,143.7167262,36.245172225000005,residential,group_4
2131,2044,83.226291,17.39586582,residential,group_4
2131,2181,83.99275991,16.87662156,residential,group_4
2132,2458,26.94271385,3.5652700395,secondary,group_3
2132,2491,193.1010228,25.827889065,residential,group_4
2133,4029,21.30345371,2.8494061349999997,residential,group_4
2133,3675,205.3192239,38.52313452,tertiary,group_3
2133,4028,18.73006258,4.210153125,tertiary,group_3
2133,2191,68.20447224,15.12592542,tertiary,group_3
2134,613,63.29093193,10.737472440000001,residential,group_4
2135,2136,81.83303994,8.028745173,secondary,group_3
2136,1841,96.16375921,9.434750538,secondary,group_3
2137,2138,157.9832486,15.499940445,secondary,group_3
2138,3142,52.43001568,5.1439765125,secondary,group_3
2139,3554,59.60339845,5.8477663545,secondary,group_3
2140,3317,23.52169003,4.0861827195,secondary,group_3
2141,2342,92.36550272,15.670049565000001,residential,group_4
2142,1239,79.11190259,13.421541566999998,residential,group_4
2143,1360,37.90168806,5.0694738975,residential,group_4
2144,661,83.69696004,20.431207035,residential,group_4
2144,1312,78.2927002,13.2825617355,residential,group_4
2145,2144,55.29526278,7.395921018000001,residential,group_4
2146,2147,125.8019814,26.294988795000002,residential,group_4
2147,1912,112.5187558,19.92825333,secondary,group_3
2147,2146,125.8019814,26.294988795000002,residential,group_4
2147,2390,176.5599298,28.526730224999998,secondary,group_3
2148,796,52.76163307,6.121521658499999,tertiary,group_3
2149,2370,77.06536402,8.941294413000001,tertiary,group_3
2150,1542,146.2397077,21.711639899999998,residential,group_4
2150,1337,147.8955812,29.7165822,residential,group_4
2151,1542,67.1038728,11.849630562000002,residential,group_4
2151,2881,80.12357927,11.8956357885,residential,group_4
2152,2153,46.54596979,7.935307491,unclassified,group_4
2153,2329,89.18784784,14.377430214,secondary,group_3
2153,2896,113.5378971,21.581286855000002,secondary,group_3
2154,2152,41.66193402,5.572419009,residential,group_4
2155,1503,289.011465,71.78615099999999,residential,group_4
2155,748,95.07329115,24.274008195,residential,group_4
2156,2157,91.63745248,22.76138076,residential,group_4
2156,2279,93.20166451,20.081034765,tertiary,group_3
2156,3421,97.01176227,21.80635395,tertiary,group_3
2157,2518,88.41775313,18.787513515,residential,group_4
2157,2158,158.9867506,31.393936455000002,residential,group_4
2157,2156,91.63745248,22.44368433,residential,group_4
2158,2280,92.54053329,16.02057126,residential,group_4
2158,2157,158.9867506,33.23123196,residential,group_4
2158,3420,144.774877,24.561437220000002,residential,group_4
2159,1995,49.48783747,6.619159016999999,residential,group_4
2160,2004,56.5792831,7.567662906000001,residential,group_4
2160,1462,81.76349174,9.4863816075,tertiary,group_3
2161,2354,76.7274502,10.262545703999999,residential,group_4
2162,1892,98.16999506,13.130555733000001,residential,group_4
2162,516,124.6744795,22.491271275,residential,group_4
2162,2011,252.2943228,29.271746745,tertiary,group_3
2163,1427,92.62706703,14.6440002435,residential,group_4
2163,2921,121.9197882,21.106693319999998,residential,group_4
2164,1343,189.0050718,32.06520567,residential,group_4
2165,2166,138.9157523,18.58043313,residential,group_4
2165,1343,69.98517039,12.094081090500001,residential,group_4
2166,2165,138.9157523,24.049026195,residential,group_4
2167,1963,82.60355836,11.0484942585,residential,group_4
2168,2293,86.51065869,11.571081619500001,residential,group_4
2169,813,169.2385654,22.636207875,residential,group_4
2170,262,155.3186263,39.171156405,residential,group_4
2170,366,236.0574588,31.573451925,residential,group_4
2170,2190,83.65693256,19.522346385,residential,group_4
2171,518,271.1540373,36.26773329,residential,group_4
2171,1312,257.156313,64.765336005,residential,group_4
2171,262,80.11835596,18.696577185000002,residential,group_4
2172,480,222.4060851,21.820548075,secondary,group_3
2173,3501,279.8924766,41.610917205,primary,group_2
2174,160,484.9244553,56.26201053,tertiary,group_3
2175,258,78.68540141,10.5244280385,residential,group_4
2175,350,101.5132269,15.071273474999998,residential,group_4
2176,2222,95.36227197,16.17845931,residential,group_4
2176,351,130.7768907,17.491833945,residential,group_4
2177,2084,106.411164,14.2328388435,residential,group_4
2178,1872,79.82851836,15.173807145000001,secondary,group_3
2178,2824,209.8935482,20.592926925,secondary,group_3
2179,1336,708.0662389,147.99920961,residential,group_4
2179,1717,90.39426521,21.815344635,tertiary,group_3
2179,385,74.75120216,17.703241365,residential,group_4
2180,2003,95.16024,16.144184055,residential,group_4
2180,2373,377.1207316,50.44112289,residential,group_4
2180,1429,85.42757395,15.411131025,residential,group_4
2180,1997,72.70461637,9.7244786115,residential,group_4
2181,196,174.9655484,41.43688992,residential,group_4
2181,654,111.4623181,17.621784495,residential,group_4
2181,2131,83.99275991,17.5560723,residential,group_4
2182,2183,151.6797968,24.994403939999998,residential,group_4
2182,736,269.8198303,59.297283465,residential,group_4
2182,1232,146.223231,37.89118752,residential,group_4
2183,2182,151.6797968,22.51930875,residential,group_4
2183,1391,102.7027556,22.570596105,residential,group_4
2183,1924,84.70875562,20.384520315,residential,group_4
2184,2456,82.05131837,20.380327575,residential,group_4
2184,1868,48.53576046,10.49825262,residential,group_4
2184,1315,283.7595999,63.27470063999999,residential,group_4
2184,1924,325.3337655,81.9359649,residential,group_4
2185,2148,78.36262385,9.0918053745,tertiary,group_3
2186,1571,160.421647,18.612475185,tertiary,group_3
2187,1009,122.7862785,14.2459362885,tertiary,group_3
2188,534,129.3730224,16.975283715,primary,group_2
2189,260,147.3223731,32.62785282,tertiary,group_3
2189,1292,76.19169248,15.423201105,tertiary,group_3
2189,367,114.8070953,15.35582193,residential,group_4
2190,876,85.26650321,19.897958955,residential,group_4
2190,2170,83.65693256,11.189386479,residential,group_4
2191,2485,150.4482137,35.108891175,residential,group_4
2191,2133,68.20447224,15.331036440000002,tertiary,group_3
2191,2687,244.0146622,54.115917315000004,tertiary,group_3
2192,260,63.77043727,13.739844399,tertiary,group_3
2192,2193,16.65645215,3.6889459349999996,tertiary,group_3
2192,2123,104.3299399,22.530326445,residential,group_4
2193,1310,258.9722236,55.018804949999996,tertiary,group_3
2193,2192,16.65645215,3.4885824149999998,tertiary,group_3
2193,518,83.47774098,14.4516251505,residential,group_4
2194,230,269.9872584,48.95145447,tertiary,group_3
2194,1310,76.36747791,15.22912509,tertiary,group_3
2194,727,87.97881612,19.334771625,residential,group_4
2195,2196,98.48226242,13.505686195500001,tertiary,group_3
2195,2067,231.3035012,34.734818175,tertiary,group_3
2196,2195,98.48226242,14.7890691675,tertiary,group_3
2196,1870,92.3809147,12.6689579805,tertiary,group_3
2197,2198,95.54181653,12.779028317999998,residential,group_4
2198,2380,65.48266929,13.914134784000002,residential,group_4
2198,2197,95.54181653,24.426754815000002,residential,group_4
2198,1866,117.1309882,24.482587529999996,residential,group_4
2199,1397,81.55165026,14.118181280999998,residential,group_4
2200,2499,56.66677738,12.453443313,residential,group_4
2200,2396,113.3153772,28.538706255,residential,group_4
2201,2242,81.57433947,21.138560355,residential,group_4
2201,2497,284.5455057,50.176834920000005,residential,group_4
2202,2203,77.98131956,17.98760022,residential,group_4
2202,896,45.74476424,6.1185108135,residential,group_4
2203,2202,77.98131956,19.035966000000002,residential,group_4
2203,2223,77.3922964,16.20929847,tertiary,group_3
2203,2497,145.6598482,35.152891395,tertiary,group_3
2204,1044,64.50742466,14.1765527055,residential,group_4
2205,2206,313.5555954,41.939079435000004,residential,group_4
2205,2305,166.4198177,40.182291975,residential,group_4
2206,3868,57.35402667,14.2458875055,residential,group_4
2206,2306,356.9101642,60.550744545,residential,group_4
2207,3869,41.59842018,7.6848770040000005,secondary,group_3
2207,2387,44.02239369,8.020730073,secondary,group_3
2208,1880,325.0158175,71.004643725,tertiary,group_3
2208,4026,218.7301926,47.784934035,tertiary,group_3
2208,2209,86.35576437,16.75264794,residential,group_4
2209,2210,171.9855897,23.003631300000002,residential,group_4
2209,477,132.8709657,25.776397515,residential,group_4
2209,2208,86.35576437,18.349370264999997,residential,group_4
2210,2209,171.9855897,36.544488825,residential,group_4
2210,304,72.49167662,9.695997228,residential,group_4
2211,3899,79.45949808,17.462513325,residential,group_4
2212,3977,378.3323888,50.603185965,residential,group_4
2212,1144,78.13547417,10.4508734835,residential,group_4
2213,2214,79.03568722,10.571279903999999,residential,group_4
2215,782,79.43790359,9.216561714000001,tertiary,group_3
2216,2256,209.8792856,27.538665735,primary,group_2
2217,2216,33.57085999,4.4048972685,primary,group_2
2218,1638,300.51205,50.9826567,residential,group_4
2218,2219,83.50516056,11.169086480999999,residential,group_4
2218,1842,80.44497728,13.9265946015,residential,group_4
2219,2218,83.50516056,14.456372014500001,residential,group_4
2219,2481,81.08035825,10.844761296,residential,group_4
2220,916,154.6468185,35.671686030000004,residential,group_4
2220,1408,94.59402412,24.18443691,residential,group_4
2221,2222,256.7194775,44.443148730000004,residential,group_4
2221,1406,95.66236069,16.56102048,residential,group_4
2221,258,90.61710298,15.68758797,residential,group_4
2222,2176,95.36227197,16.50906927,residential,group_4
2222,1208,98.38584407,17.032508565,residential,group_4
2222,2221,256.7194775,43.553132025,residential,group_4
2223,1717,80.4608214,16.045415505,tertiary,group_3
2223,2224,293.4848154,67.47071608499999,residential,group_4
2223,2203,77.3922964,18.677508075000002,tertiary,group_3
2224,1997,214.0370645,41.522272605,residential,group_4
2224,2223,293.4848154,49.790467934999995,residential,group_4
2225,2129,203.6112618,37.6150704,secondary,group_3
2225,1501,56.67116416,14.469219340499999,residential,group_4
2226,157,90.98382538,8.9265405435,secondary,group_3
2227,356,393.1976461,64.16158416,residential,group_4
2227,3019,126.3085453,21.428575679999998,residential,group_4
2228,1341,44.45746729,9.616120528500002,residential,group_4
2229,2918,145.0189649,19.396757625,residential,group_4
2229,1883,106.5491837,22.64018433,residential,group_4
2230,2261,34.49599714,5.852336304,residential,group_4
2230,1864,99.4366773,13.299978596999999,residential,group_4
2230,1274,350.9300184,77.12256268499999,residential,group_4
2231,3473,40.46590985,3.9701626455,secondary,group_3
2231,1415,94.42616252,17.948527785,secondary,group_3
2232,3021,19.62880796,3.8079045645000003,residential,group_4
2232,2234,86.49870335,11.569482555,residential,group_4
2233,2232,153.0666489,25.968158055000004,residential,group_4
2234,2232,86.49870335,16.780377495,residential,group_4
2235,2108,103.8119309,10.1851225395,secondary,group_3
2236,1635,221.1737832,32.548504664999996,tertiary,group_3
2237,3822,12.01159479,1.767657285,tertiary,group_3
2237,3823,28.23838024,5.0942027025000005,residential,group_4
2238,1124,40.02813237,5.3538927315,residential,group_4
2239,1612,79.82174239,10.6764173355,residential,group_4
2240,2429,99.38679531,25.75434609,residential,group_4
2240,1242,102.23276,22.675807544999998,residential,group_4
2241,675,82.21255418,12.997503885,residential,group_4
2241,824,144.0092356,25.176689565,residential,group_4
2241,674,392.0334405,67.868634945,residential,group_4
2242,2201,81.57433947,13.8393004365,residential,group_4
2242,1078,109.7527771,24.119952675,residential,group_4
2243,2242,61.82004156,10.487932035,residential,group_4
2244,2167,84.5463905,11.308354368,residential,group_4
2245,2317,11.85580099,3.027010077,residential,group_4
2245,2316,29.66416796,6.519181983,residential,group_4
2245,1519,93.11462153,20.140630545,residential,group_4
2246,461,158.5068123,41.074262325,residential,group_4
2246,263,90.05917564,17.78331858,residential,group_4
2247,2477,295.1145607,28.95407046,secondary,group_3
2248,305,137.5505815,27.637966784999996,residential,group_4
2248,2249,339.0329384,58.69321427999999,residential,group_4
2248,1115,55.43755774,9.405126930000002,residential,group_4
2249,2248,339.0329384,45.346756815,residential,group_4
2250,2809,74.12818832,9.914885985000002,residential,group_4
2252,336,173.4423671,44.283114510000004,residential,group_4
2252,3762,145.1466128,24.745064055,unclassified,group_4
2252,2347,155.6675703,20.503979625,unclassified,group_4
2253,2517,65.77739561,11.159307519,residential,group_4
2253,127,58.72139682,15.01304052,residential,group_4
2253,537,104.2095556,28.661741954999997,residential,group_4
2254,2985,20.64852582,2.709332886,primary,group_2
2255,3523,263.9304913,34.63082865,primary,group_2
2256,2255,124.4649847,16.33129062,primary,group_2
2257,2188,161.8831559,21.241001025000003,primary,group_2
2258,627,89.16078956,11.698959111,primary,group_2
2259,907,73.44544824,11.949568234500001,secondary,group_3
2259,2914,145.0591202,27.572841885000003,secondary,group_3
2260,2871,129.740851,28.05939027,"['tertiary', 'unclassified']",group_3
2260,1980,132.5690669,22.671530745000002,tertiary,group_3
2261,2230,34.49599714,4.6139516745,residential,group_4
2262,979,89.04814732,11.7291057825,unclassified,group_4
2263,2262,79.48566615,10.6314660465,residential,group_4
2264,2072,48.06035696,7.598166514500001,residential,group_4
2264,1955,142.1564684,33.33271716,residential,group_4
2266,790,85.77587586,14.849477122499998,residential,group_4
2266,2908,92.98597568,12.4371763005,residential,group_4
2266,1045,73.43866277,9.822659703,residential,group_4
2267,3836,185.4521371,18.194948535,secondary,group_3
2267,377,146.5346063,23.62195218,secondary,group_3
2268,2269,136.1616376,29.92372803,residential,group_4
2269,1242,22.05515559,5.715207018,residential,group_4
2269,2404,84.34391107,19.68266103,residential,group_4
2270,556,233.7290965,40.46306535,residential,group_4
2270,1871,43.13279611,7.781154747,residential,group_4
2271,2080,196.4892387,26.0009886,secondary,group_3
2271,113,75.95765777,8.272057269,secondary,group_3
2272,2459,83.94650934,8.236100385,secondary,group_3
2273,2734,108.0029684,14.445747864000001,residential,group_4
2274,1700,97.17207925,12.997081252500001,residential,group_4
2275,710,97.61740368,11.3204507175,secondary,group_3
2275,635,140.825221,13.8165442035,secondary,group_3
2276,1412,84.89440106,10.564629507,secondary,group_3
2276,2277,77.97552784,7.650279682500001,secondary,group_3
2276,1422,187.3438178,32.4328689,residential,group_4
2277,2402,313.8791025,41.98234956,residential,group_4
2277,2276,77.97552784,9.70361475,secondary,group_3
2277,3850,76.06449014,7.462785305999999,secondary,group_3
2278,1233,99.00984091,13.2428878425,residential,group_4
2279,1889,90.38943328,19.47511734,tertiary,group_3
2279,2156,93.20166451,20.94991821,tertiary,group_3
2280,1890,90.78485903,15.7166298,residential,group_4
2280,2158,92.54053329,15.699743955,residential,group_4
2281,3135,16.12018673,2.548542516,residential,group_4
2281,2887,76.15956094,13.113986973000001,primary,group_2
2282,3581,14.17938369,2.4415615155,primary,group_2
2283,1961,153.419368,27.091772145,residential,group_4
2284,2283,17.49276972,3.088985031,residential,group_4
2285,2283,12.11030906,1.6197931755,residential,group_4
2286,1100,26.12356218,3.4941113010000002,residential,group_4
2287,2395,60.20457651,5.9067487094999995,secondary,group_3
2288,2451,25.05112065,3.3506687625,residential,group_4
2289,1468,98.898648,13.228015431000001,residential,group_4
2289,2290,96.59859797,20.89421232,residential,group_4
2289,1135,134.6701158,33.916940235,residential,group_4
2289,868,132.102267,33.7282056,residential,group_4
2290,1136,64.70575414,13.99581147,residential,group_4
2290,2289,96.59859797,20.190930405,residential,group_4
2291,1252,334.821686,71.144840595,residential,group_4
2291,1953,80.15657352,13.876666287,residential,group_4
2291,912,87.33535953,11.6813880345,residential,group_4
2292,2293,103.7646204,13.878855047999998,residential,group_4
2292,1081,207.5667879,33.46057878,secondary,group_3
2292,3520,145.2485633,18.075364665000002,secondary,group_3
2293,2292,103.7646204,22.408244205,residential,group_4
2294,378,81.83958353,12.55583262,tertiary,group_3
2294,667,163.4549075,34.114439805,residential,group_4
2294,1525,84.70963705,15.194397075000001,tertiary,group_3
2295,2296,82.51887753,14.2856271855,residential,group_4
2295,1842,79.06293286,10.5749240955,residential,group_4
2296,1809,89.76912342,19.72822068,residential,group_4
2296,2295,82.51887753,11.0371679235,residential,group_4
2297,966,111.8523316,14.9606126865,residential,group_4
2298,681,60.89513816,8.14492254,residential,group_4
2299,270,92.90582996,16.083811245,residential,group_4
2300,2485,84.0692715,18.184127355,residential,group_4
2300,3117,41.51290913,5.552486445,residential,group_4
2300,764,68.09075133,17.38485579,residential,group_4
2301,2311,323.2225725,88.89896816999999,residential,group_4
2301,2347,52.32286576,13.5585536175,residential,group_4
2302,1214,100.4210683,17.384845575,residential,group_4
2302,2220,100.7649936,13.477645219500001,residential,group_4
2303,2302,62.53689703,10.8263566245,residential,group_4
2304,192,102.7342482,13.741039411500001,residential,group_4
2304,1474,82.19530764,10.9938893985,residential,group_4
2304,2442,149.9314954,23.70362061,residential,group_4
2305,997,41.43180064,8.9268086955,tertiary,group_3
2305,2205,166.4198177,38.259097845,residential,group_4
2305,1889,87.87787816,19.75323477,tertiary,group_3
2306,2206,356.9101642,88.65117838500001,residential,group_4
2306,3593,21.34920153,3.6219479805,residential,group_4
2306,3824,18.75430196,2.5084488075,residential,group_4
2307,1644,76.99512842,10.298348535,residential,group_4
2307,2335,116.0401157,20.088807315,residential,group_4
2308,1187,241.2631742,60.762616949999995,residential,group_4
2309,1794,96.27076344,12.876527333999999,residential,group_4
2310,2029,38.26190649,5.117654283,residential,group_4
2311,2301,323.2225725,83.757464655,residential,group_4
2311,1263,82.13685278,23.758388970000002,residential,group_4
2312,1673,74.52590043,19.312080915000003,residential,group_4
2312,2058,281.5801779,68.96412388499999,residential,group_4
2312,429,137.3572006,35.593711139999996,residential,group_4
2313,2314,222.7535263,37.79071941,residential,group_4
2313,2400,181.264481,30.75199416,residential,group_4
2314,2313,222.7535263,37.79071941,residential,group_4
2314,1409,376.9124613,63.94418667000001,residential,group_4
2314,2845,143.0962888,19.139593455,residential,group_4
2315,1181,61.63145276,11.1183116895,residential,group_4
2316,2245,29.66416796,5.351414751,residential,group_4
2317,2245,11.85580099,2.6055045375,residential,group_4
2319,236,76.93436134,18.842629005,residential,group_4
2319,1836,208.0522596,36.739197165,residential,group_4
2320,1816,50.23156603,6.718635127500001,residential,group_4
2320,3380,161.3964912,22.309464345000002,trunk,group_2
2321,1434,74.90023177,10.0181493045,residential,group_4
2321,1816,183.4660861,24.53918499,residential,group_4
2321,1130,148.5372654,31.047092310000004,residential,group_4
2322,1153,94.36334871,9.258109940999999,secondary,group_3
2323,2324,334.8992306,44.79385998,residential,group_4
2324,1986,90.23613097,12.069375639,residential,group_4
2325,2469,154.2309833,15.131800845,secondary,group_3
2325,1979,64.58157156,7.4893663485,secondary,group_3
2326,3344,25.90590036,2.5416613215,secondary,group_3
2327,2328,77.95790414,7.648550598,secondary,group_3
2327,3129,79.46989216,12.8108577165,secondary,group_3
2328,2327,77.95790414,12.567119328,secondary,group_3
2328,377,145.300907,14.2556595285,secondary,group_3
2329,2153,89.18784784,16.952828775,secondary,group_3
2329,2330,224.9516941,36.263093715000004,secondary,group_3
2330,1826,84.57940792,15.646677959999998,secondary,group_3
2330,2473,248.210223,32.150782004999996,secondary,group_3
2330,2329,224.9516941,42.758824725,secondary,group_3
2330,2331,239.4432984,30.40628331,secondary,group_3
2331,2332,129.9917035,16.507309199999998,secondary,group_3
2331,2330,239.4432984,45.513389294999996,secondary,group_3
2332,774,170.4879897,16.726796715,secondary,group_3
2332,2331,129.9917035,24.708826875,secondary,group_3
2332,2480,93.96127352,16.01882184,unclassified,group_4
2333,1251,324.2006529,61.624069754999994,secondary,group_3
2333,1198,61.67664637,6.0511753845000005,secondary,group_3
2334,2697,21.27157516,4.0433016405,secondary,group_3
2334,3209,117.6469766,16.26206994,trunk,group_2
2334,3967,33.97843734,5.382407562,secondary,group_3
2335,2307,116.0401157,15.520742415,residential,group_4
2335,2414,85.3585277,14.4812978835,residential,group_4
2335,476,127.3842771,19.530618044999997,secondary,group_3
2335,3704,112.273436,21.34093806,secondary,group_3
2336,2337,199.6496903,37.441701,secondary,group_3
2336,2114,71.10106039,12.062481196499999,residential,group_4
2336,558,100.6473009,19.131041955,secondary,group_3
2337,2336,199.6496903,37.94941908,secondary,group_3
2337,2115,81.45305411,13.818724057499999,residential,group_4
2337,1611,139.5975673,26.17970691,secondary,group_3
2338,2475,106.5791607,18.450931485,residential,group_4
2338,1541,80.99707372,12.8053408725,residential,group_4
2338,730,272.6396627,48.28734753,secondary,group_3
2338,2389,100.5757647,18.58033017,secondary,group_3
2339,2340,49.98353131,7.9022133405,residential,group_4
2339,1541,199.450271,26.677121639999996,residential,group_4
2339,2381,185.6386289,32.080062375000004,residential,group_4
2340,2339,49.98353131,6.685459678499999,residential,group_4
2341,1705,166.6863173,22.29483639,residential,group_4
2342,3147,56.88347974,7.6083501945,residential,group_4
2342,288,81.82617646,13.882025241000001,residential,group_4
2343,1614,357.6454133,47.836235805,residential,group_4
2343,2735,35.08351772,4.692534460499999,residential,group_4
2343,1475,87.70565339,14.879493908999999,residential,group_4
2344,1846,256.356028,34.28845149,residential,group_4
2345,358,83.88611007,18.07392498,tertiary,group_3
2345,2503,50.2716404,11.981149464,tertiary,group_3
2346,2345,111.4528592,14.9071819635,residential,group_4
2347,2301,52.32286576,14.953185456,residential,group_4
2347,3665,255.8716659,58.801438544999996,unclassified,group_4
2347,2252,155.6675703,39.139636635,unclassified,group_4
2347,3973,150.5732768,38.424251715,unclassified,group_4
2348,2405,67.70778398,12.144768774000001,tertiary,group_3
2348,2750,135.7490297,20.154129779999998,residential,group_4
2348,171,344.5493305,68.70967851,tertiary,group_3
2349,1568,78.79299997,12.2671910085,unclassified,group_4
2349,1219,78.67531985,10.3628337795,unclassified,group_4
2350,1498,233.133238,47.732410785,residential,group_4
2350,1499,76.66267641,10.253881999499999,residential,group_4
2351,2352,37.79269641,5.0548959105,residential,group_4
2352,559,160.2733256,35.2226625,residential,group_4
2352,2510,35.47255214,7.53741222,residential,group_4
2352,1644,74.93547543,10.022863257000001,residential,group_4
2353,1380,52.96735991,7.084556446500001,residential,group_4
2354,330,80.37135396,10.7499296685,residential,group_4
2355,746,341.3482856,59.094046049999996,residential,group_4
2356,1810,91.4437389,19.11346755,residential,group_4
2356,2018,312.7563339,41.832175605,residential,group_4
2356,1821,122.671922,26.959144260000002,residential,group_4
2356,1747,78.5242441,17.256976095,residential,group_4
2357,1855,81.01391668,10.835874519,residential,group_4
2358,2123,97.1685774,20.64693906,residential,group_4
2358,1790,90.0415505,15.587948595,residential,group_4
2358,1494,75.04692281,12.731907096,residential,group_4
2359,2358,225.9606911,30.222976440000004,residential,group_4
2360,1834,155.0908919,20.428021604999998,unclassified,group_4
2361,3479,75.237536,8.729225754,tertiary,group_3
2362,1645,80.78423153,9.3683490585,secondary,group_3
2362,750,200.6387932,19.684930965,secondary,group_3
2363,2126,84.99538421,9.8613529395,tertiary,group_3
2364,2934,23.84117406,2.7661058775000003,tertiary,group_3
2364,967,83.82736773,9.725837076,tertiary,group_3
2364,1418,100.7547358,15.13032621,tertiary,group_3
2365,1415,95.58452689,9.3779213085,secondary,group_3
2365,2127,93.9824475,14.911336888500001,secondary,group_3
2366,3624,186.1172151,21.59373198,tertiary,group_3
2367,2368,94.16100829,10.924768967999999,tertiary,group_3
2368,2369,84.24399383,9.7741749615,tertiary,group_3
2368,1020,301.8552177,40.374115905,residential,group_4
2369,1377,123.2953494,14.3049998265,tertiary,group_3
2370,2353,200.6366153,26.835799035,residential,group_4
2371,2819,290.8098159,33.740399655,tertiary,group_3
2372,2689,360.6084996,90.94499659499999,residential,group_4
2372,2497,65.9281561,13.8082110195,tertiary,group_3
2372,358,17.14639374,4.0864691205,tertiary,group_3
2373,2180,377.1207316,63.979520265000005,residential,group_4
2373,1426,80.93463988,20.411611365,residential,group_4
2373,1664,60.51582716,13.912291126500001,residential,group_4
2374,2443,79.41857983,16.422374235,residential,group_4
2374,2375,59.83998158,14.3792924115,residential,group_4
2374,1426,213.8497325,46.691694555,residential,group_4
2375,654,264.2831636,53.10227859,residential,group_4
2375,2374,59.83998158,12.300227422499999,residential,group_4
2375,1047,294.1830087,68.651125725,residential,group_4
2376,1642,73.64516611,16.184719575,residential,group_4
2376,1747,138.155663,30.361947465,residential,group_4
2379,2142,52.55686897,8.916410532,residential,group_4
2380,2198,65.48266929,11.109306426,residential,group_4
2380,2046,177.6743954,37.753279035000006,residential,group_4
2381,1753,86.53416617,18.08727417,residential,group_4
2381,2339,185.6386289,29.348787705,residential,group_4
2382,1645,31.18304724,3.0594090135,secondary,group_3
2382,2462,81.19458175,9.415936366499999,secondary,group_3
2383,2276,90.87872507,15.732879855,residential,group_4
2384,333,93.89072409,20.308501005,residential,group_4
2384,2109,90.85002542,12.151486015500002,residential,group_4
2385,1199,37.88058795,5.066651688,residential,group_4
2386,4026,10.47952823,2.2578971295,tertiary,group_3
2386,4027,8.362956078,1.5449694615,secondary,group_3
2386,3772,77.89815801,17.252299035,tertiary,group_3
2387,904,70.43413193,18.251770815,residential,group_4
2387,2207,44.02239369,8.132680986,secondary,group_3
2387,3644,52.87352996,9.633376932000001,secondary,group_3
2388,1750,214.7649087,39.67559106,secondary,group_3
2388,1344,45.00074371,8.198982111,secondary,group_3
2389,2460,166.9986587,22.336613085,residential,group_4
2389,2513,124.1915243,31.75149924,residential,group_4
2389,254,95.98549921,17.732326184999998,secondary,group_3
2389,2338,100.5757647,17.813024175,secondary,group_3
2390,3643,26.74369973,4.320970836,secondary,group_3
2390,2147,176.5599298,29.773951859999997,secondary,group_3
2390,4005,15.42827276,3.3906131445,residential,group_4
2392,2391,105.6995591,13.922370621,unclassified,group_4
2392,2549,104.4726011,18.08624493,residential,group_4
2392,1177,95.83897183,16.59159531,residential,group_4
2393,978,79.23029011,10.597308672,residential,group_4
2394,697,87.70285147,17.956549515,residential,group_4
2394,728,211.8339977,41.094887099999994,residential,group_4
2394,1307,85.85416674,11.483273688,residential,group_4
2395,2468,251.4950658,24.674505525,secondary,group_3
2396,2200,113.3153772,24.902891805000003,residential,group_4
2396,1254,84.91707604,21.68093451,residential,group_4
2397,1987,79.54916847,20.33798502,residential,group_4
2397,2026,80.46102552,19.6412853,residential,group_4
2398,2397,69.53438068,11.796689879999999,residential,group_4
2399,2827,84.76154945,8.316065022,secondary,group_3
2399,1960,113.844334,14.4567966435,secondary,group_3
2400,2313,181.264481,30.75199416,residential,group_4
2401,1246,107.390141,18.308218619999998,unclassified,group_4
2402,1911,84.72017654,11.1590408385,unclassified,group_4
2402,2277,313.8791025,41.98234956,residential,group_4
2402,1247,109.132039,14.596764723,residential,group_4
2403,2503,248.1821822,53.47281140999999,tertiary,group_3
2403,1469,250.4273568,54.709661175,tertiary,group_3
2403,1888,89.18179218,21.52273185,tertiary,group_3
2403,1880,247.0594458,53.97388983,tertiary,group_3
2404,852,257.141354,53.856535484999995,tertiary,group_3
2404,1469,197.9922026,43.254405,tertiary,group_3
2404,2269,84.34391107,21.53459466,residential,group_4
2405,2348,67.70778398,13.502217702,tertiary,group_3
2405,2443,216.4347705,50.507643885,residential,group_4
2405,1278,146.2459446,25.010505900000002,tertiary,group_3
2406,599,79.26760652,10.602299863499999,residential,group_4
2407,277,138.6327318,24.00002982,residential,group_4
2408,862,35.5195379,7.805994486,residential,group_4
2409,597,32.91864867,3.2296911105,secondary,group_3
2410,1195,64.31774247,8.6027069835,residential,group_4
2411,2000,49.53016814,6.624820881,residential,group_4
2412,1455,81.30899389,7.977330339,secondary,group_3
2412,825,81.49436138,15.075963045000002,secondary,group_3
2413,2412,121.7049336,16.278430215,residential,group_4
2414,2335,85.3585277,17.84154354,residential,group_4
2414,1130,74.72922362,12.6780085965,residential,group_4
2415,1501,145.4823698,24.681465239999998,residential,group_4
2416,3678,236.827737,31.676479139999998,residential,group_4
2416,456,94.74465616,16.40214792,residential,group_4
2417,1023,94.67748656,9.2889304095,secondary,group_3
2418,1477,32.0509371,4.7584778145,residential,group_4
2419,2420,139.0061816,23.582762925,residential,group_4
2420,2415,161.9151696,27.469332780000002,residential,group_4
2421,1388,64.58547971,8.6385177105,residential,group_4
2422,2172,238.1556208,23.365755359999998,secondary,group_3
2423,1987,79.97427719,18.447306795,residential,group_4
2423,2424,69.64455214,15.305519775,residential,group_4
2423,3660,223.7541876,35.374718025,residential,group_4
2424,2423,69.64455214,9.315185080500001,residential,group_4
2425,1448,400.7619105,52.78693587,unclassified,group_4
2426,2190,72.95591245,9.7580902785,residential,group_4
2427,1646,98.01156267,13.1093648865,residential,group_4
2428,2420,102.1248537,13.659530922000002,residential,group_4
2429,2240,99.38679531,24.341639805,residential,group_4
2429,578,102.2342328,26.102331945,residential,group_4
2430,3478,223.7337383,29.92511427,residential,group_4
2430,849,53.71336403,10.420162269,residential,group_4
2431,1991,94.88530089,16.09753992,residential,group_4
2432,1979,77.04398105,9.7836152895,secondary,group_3
2432,1592,124.0079122,16.40969415,secondary,group_3
2433,1568,29.58073804,3.9565198020000003,residential,group_4
2434,1790,88.66070105,15.041520239999999,residential,group_4
2434,2436,108.7845028,18.832719225,residential,group_4
2435,3473,55.61002966,10.570356093000001,secondary,group_3
2435,3623,127.0820296,12.4681819575,secondary,group_3
2436,1307,219.4433211,44.92949541,residential,group_4
2436,1498,81.39286644,10.886560281000001,residential,group_4
2436,2434,108.7845028,18.45557595,residential,group_4
2437,1196,82.85697881,11.0823900675,residential,group_4
2438,607,295.6902226,46.271142929999996,tertiary,group_3
2438,1974,86.06532666,13.4679496545,tertiary,group_3
2439,1749,63.21975459,11.1637481535,residential,group_4
2441,1143,153.4521501,20.524723545,residential,group_4
2441,1005,53.51178545,7.15737513,residential,group_4
2442,1472,81.12928746,18.93249015,residential,group_4
2443,2374,79.41857983,18.53327604,residential,group_4
2443,2405,216.4347705,44.75492769,residential,group_4
2445,1254,355.0410566,90.77178093,residential,group_4
2445,4008,237.5040896,61.54502218500001,residential,group_4
2447,1180,98.76266431,21.563721870000002,residential,group_4
2448,1272,105.2342596,14.0754240645,residential,group_4
2449,1243,22.29475662,2.9502160859999997,secondary,group_3
2450,1969,259.3390897,34.68744567,residential,group_4
2451,2288,25.05112065,6.396024588,residential,group_4
2451,1206,164.1114001,41.95763781,residential,group_4
2451,1965,166.4108933,39.98782806,residential,group_4
2452,809,140.9492109,18.852414825,residential,group_4
2453,2114,74.40600926,9.9520454385,residential,group_4
2454,2453,95.87853826,12.824065942499999,residential,group_4
2455,1925,82.42337381,21.358572719999998,residential,group_4
2455,1758,155.6188701,31.861882485000002,residential,group_4
2455,1391,75.71975015,13.1085656235,residential,group_4
2456,1716,145.3197284,28.695210765,residential,group_4
2456,2069,188.0133435,37.12560282,residential,group_4
2456,175,114.8261742,24.797015985,residential,group_4
2456,2184,82.05131837,14.802054655500001,residential,group_4
2457,123,167.8758105,26.592630585000002,secondary,group_3
2457,3044,50.90189475,7.9337485365,secondary,group_3
2458,114,77.67422455,10.278459222,secondary,group_3
2459,750,141.1020384,16.363257075,secondary,group_3
2459,914,428.1532588,42.006668865,secondary,group_3
2460,2389,166.9986587,27.401067825,residential,group_4
2461,1241,42.36959374,4.9158142125,tertiary,group_3
2462,927,80.40687755,9.324588243,secondary,group_3
2462,2382,81.19458175,7.9661052165,secondary,group_3
2463,2442,128.8715537,22.310179515,residential,group_4
2464,1898,121.9350114,21.109328745,residential,group_4
2465,3148,51.5207727,6.891070708499999,residential,group_4
2466,2165,113.2268219,17.900746079999998,residential,group_4
2467,442,190.0017249,39.05523306,residential,group_4
2468,164,309.1027193,30.326466765,secondary,group_3
2469,2325,154.2309833,17.88578859,secondary,group_3
2469,1306,123.9566781,12.161549680499999,secondary,group_3
2470,113,77.9863075,10.3197564705,secondary,group_3
2470,1592,137.415099,13.4819727315,secondary,group_3
2471,2443,116.6014014,25.458610380000003,residential,group_4
2472,1194,66.09759953,8.8407686475,residential,group_4
2473,1329,70.05375428,9.074094349500001,secondary,group_3
2473,2330,248.210223,45.91738722,secondary,group_3
2474,1234,128.3583638,17.168348115,residential,group_4
2475,2338,106.5791607,21.9075588,residential,group_4
2476,1538,58.86852165,7.873855998,residential,group_4
2477,1583,105.8822496,10.388244171,secondary,group_3
2478,1058,127.604422,17.06750595,residential,group_4
2479,2115,78.37994407,13.2973628865,residential,group_4
2479,3754,36.65176727,6.2180683545,residential,group_4
2480,1083,255.8935256,43.625555985,unclassified,group_4
2480,2332,93.96127352,12.376245321,unclassified,group_4
2481,2219,81.08035825,14.036591440499999,residential,group_4
2482,1947,71.58363363,9.574543528500001,residential,group_4
2483,800,110.6237269,22.649439525,residential,group_4
2484,1200,57.6947526,10.408131135,residential,group_4
2485,2300,84.0692715,21.464473995,residential,group_4
2485,2191,150.4482137,30.803226525,residential,group_4
2485,2508,113.8090307,22.078463895,residential,group_4
2486,215,53.81909543,9.267161046,primary,group_2
2487,2334,133.2428165,18.4178469,trunk,group_2
2487,3967,144.6481908,15.546302534999999,trunk_link,group_2
2488,3609,143.1884991,12.491002882499998,trunk_link,group_2
2488,1383,119.4289579,15.551317814999999,trunk,group_2
2489,304,41.59197835,7.056188107500001,residential,group_4
2490,1612,126.34088,16.89850311,residential,group_4
2492,2388,43.15494079,7.321348781999999,residential,group_4
2493,1820,38.25647449,5.116927734,residential,group_4
2494,2052,68.8530127,10.885409278500001,residential,group_4
2495,594,98.80786465,17.10556857,residential,group_4
2496,1626,138.7489011,18.558116235,residential,group_4
2497,2201,284.5455057,73.7349807,residential,group_4
2497,2203,145.6598482,31.38356478,tertiary,group_3
2497,2372,65.9281561,15.91080411,tertiary,group_3
2498,2051,221.0302915,47.808704655,residential,group_4
2499,2200,56.66677738,12.6781563435,residential,group_4
2500,1770,148.912139,19.917482324999998,residential,group_4
2501,468,36.62189601,4.898297553,residential,group_4
2502,1860,50.06170467,6.695915619,residential,group_4
2503,2345,50.2716404,10.831421994,tertiary,group_3
2503,2026,78.3881988,20.041165035,residential,group_4
2503,2403,248.1821822,59.148812234999994,tertiary,group_3
2504,1121,83.76185871,11.2034206935,residential,group_4
2505,1881,30.63609732,5.1974941845,residential,group_4
2506,1486,67.4773398,12.172909484999998,residential,group_4
2507,1937,44.05719536,5.8927929930000005,residential,group_4
2508,2485,113.8090307,15.222327555,residential,group_4
2509,1817,107.0923053,14.3239437135,residential,group_4
2510,2352,35.47255214,7.795668603,residential,group_4
2511,2290,36.68372926,6.6177433365,residential,group_4
2512,2111,39.14358347,5.235581442,residential,group_4
2513,2389,124.1915243,16.6110198,residential,group_4
2514,596,79.05003845,10.5731994285,residential,group_4
2515,2083,69.58134149,9.306730452,residential,group_4
2516,1148,67.00934252,8.9627172345,residential,group_4
2517,2253,65.77739561,8.797940334,residential,group_4
2518,2157,88.41775313,18.48097941,residential,group_4
2519,271,91.7852383,12.276573777,residential,group_4
2520,3458,327.7380839,17.04543696,motorway,group_1
2521,57,143.3150635,13.29403692,trunk_link,group_2
2522,3079,130.5109139,11.8108353735,trunk,group_2
2523,109,406.5862447,21.146276685,motorway,group_1
2524,91,1023.019034,53.20653079499999,motorway,group_1
2525,2524,257.8985799,13.4131314075,motorway,group_1
2526,3272,737.0235253,99.4922067,motorway_link,group_1
2526,103,227.0160739,22.87469643,motorway,group_1
2527,3955,307.6392814,23.454124725,motorway_link,group_1
2528,3274,485.8533926,63.264895335,trunk,group_2
2529,3297,144.1809274,10.286920099500001,trunk,group_2
2530,2529,365.6599858,27.877567755,motorway_link,group_1
2531,2532,78.95423442,6.019395354,motorway_link,group_1
2532,2533,296.9461814,22.638892995,motorway_link,group_1
2533,2933,138.4586972,10.5559587105,motorway_link,group_1
2534,80,276.8905773,21.109872915,motorway_link,group_1
2534,3331,378.7357988,37.651781235,motorway,group_1
2535,2586,178.630311,17.75842002,motorway,group_1
2536,3122,211.4363441,25.345715565000003,primary,group_2
2537,3301,10.61413568,1.115051499,primary,group_2
2538,12,200.9950034,17.863973895,primary,group_2
2539,3184,93.51197387,8.31112929,primary,group_2
2540,76,104.622497,16.30683075,secondary,group_3
2541,2548,60.20436424,13.230885396,residential,group_4
2541,3536,66.16377982,14.540563614,residential,group_4
2542,2535,506.9635976,50.399467200000004,motorway,group_1
2543,2768,18.57100104,2.4461063175,unclassified,group_4
2543,4071,89.57746598,15.91368984,unclassified,group_4
2543,2544,150.4343726,20.893974659999998,primary,group_2
2544,2562,201.8860301,28.040144835,primary,group_2
2545,3726,10.5804931,1.821865134,primary,group_2
2545,3587,16.3974413,2.1932110395,residential,group_4
2546,2545,18.80334004,3.25522491,residential,group_4
2546,3728,22.29603842,3.6799488015,primary,group_2
2547,2361,97.41033696,12.2145039135,primary_link,group_2
2547,65,87.00764687,14.9819291685,primary,group_2
2548,2549,15.48154838,2.6801579835,residential,group_4
2548,2551,382.7886278,65.91273656999999,primary,group_2
2548,2541,60.20436424,13.230885396,residential,group_4
2549,2548,15.48154838,3.4023213255,residential,group_4
2549,2547,180.5140719,31.082889105,primary,group_2
2549,2392,104.4726011,18.08624493,residential,group_4
2550,2551,18.80244551,2.5148881650000003,residential,group_4
2550,382,106.6373657,19.237376655000002,residential,group_4
2550,2549,379.3453422,65.31983397,primary,group_2
2551,2550,18.80244551,2.5148881650000003,residential,group_4
2551,3626,117.5836016,20.24683179,primary,group_2
2552,2553,15.7020669,1.821788619,tertiary,group_3
2552,2550,154.6168617,26.623623945,primary,group_2
2553,2552,15.7020669,1.821788619,tertiary,group_3
2553,3627,197.8990506,34.076425065,primary,group_2
2553,3792,30.43632514,3.531289929,tertiary,group_3
2554,3440,28.82431048,4.963285338,primary,group_2
2555,3629,39.36945961,6.7790645595,primary,group_2
2556,2557,19.43579751,2.6653914690000002,tertiary,group_3
2556,3614,38.08581723,5.264514582,trunk,group_2
2556,1808,32.22036852,6.425353255499999,tertiary,group_3
2557,2558,431.7281436,59.6767845,trunk,group_2
2557,2556,19.43579751,4.1291468925,tertiary,group_3
2557,2009,68.53545298,12.175516797,unclassified,group_4
2558,3217,78.2150715,10.811488749,trunk,group_2
2559,3582,13.1002245,1.8108137865,trunk,group_2
2559,3221,33.17796105,4.390366581,secondary,group_3
2560,2559,19.43060927,2.5712097705,secondary,group_3
2560,3218,114.1341035,15.776493615,trunk,group_2
2561,1928,161.7618469,21.636172485,residential,group_4
2561,2768,352.4162421,60.6828867,primary,group_2
2562,2561,16.37918848,2.5631005470000003,tertiary,group_3
2562,2832,269.7978011,37.47247602,primary,group_2
2563,3784,112.1003709,19.01859768,primary,group_2
2564,3465,222.3500343,37.723210110000004,primary,group_2
2565,346,58.00808152,12.2808020475,secondary,group_3
2566,3095,64.41558779,5.8294121175,trunk,group_2
2567,18,202.6675996,18.340792995,trunk,group_2
2568,57,196.7316563,16.59087444,trunk,group_2
2569,1203,43.37322246,5.801309397,residential,group_4
2570,3900,1332.505784,69.30272817000001,motorway,group_1
2571,3306,279.0787319,24.803876205,primary,group_2
2572,3620,182.7844442,19.20213519,primary,group_2
2573,2618,411.3304998,40.89216294,motorway,group_1
2574,3156,142.408071,12.656902015499998,primary,group_2
2575,3099,736.1637944,38.28738303,motorway,group_1
2576,1548,62.62491265,8.287016892,secondary,group_3
2577,3885,156.8116353,15.800725005,motorway,group_1
2578,2579,627.6175381,63.240282555,motorway,group_1
2578,183,422.6034522,61.585493099999994,motorway_link,group_1
2579,2655,781.7453907,78.77058303000001,motorway,group_1
2580,0,770.866878,76.63524585,motorway,group_1
2581,79,4.423720254,0.23007471000000002,motorway,group_1
2582,335,21.52157009,5.49201189,unclassified,group_4
2582,2636,146.6450173,30.68547282,unclassified,group_4
2582,2638,385.2138066,66.33033042,primary,group_2
2583,134,25.45305822,3.7595417745,motorway_link,group_1
2583,3349,270.8888877,52.63857069,primary,group_2
2584,3269,1219.862726,122.91636037499998,motorway,group_1
2585,33,661.4236466,66.64666897500001,motorway,group_1
2585,2637,324.306088,54.05708559,motorway_link,group_1
2586,136,530.9096719,77.36882832,motorway_link,group_1
2587,3028,33.29540232,6.244119369,secondary,group_3
2587,3026,202.3475914,37.94765724,secondary,group_3
2588,2140,41.83016907,7.266727594499999,secondary,group_3
2589,2590,15.57907317,2.0837516430000003,residential,group_4
2589,3630,221.6415451,38.1646677,primary,group_2
2589,2102,164.739887,27.948553484999998,residential,group_4
2590,2589,15.57907317,2.0837516430000003,residential,group_4
2590,3631,242.0680185,41.681921519999996,primary,group_2
2591,2592,13.90871052,1.9966659165,motorway_link,group_1
2591,54,48.26864069,5.9192674845,trunk,group_2
2592,55,15.08632758,1.3341939434999999,motorway_link,group_1
2592,50,220.270181,29.59200249,trunk,group_2
2593,752,415.5236684,80.609809665,residential,group_4
2593,3023,26.99649357,6.611933913,residential,group_4
2594,3022,8.462944817,1.749989073,residential,group_4
2595,2762,200.77864,24.068134184999998,primary,group_2
2596,3054,21.51890416,3.1784478885,motorway_link,group_1
2596,429,125.1600909,23.4721461,secondary,group_3
2597,1514,74.39885387,11.152440631500001,tertiary,group_3
2597,2598,217.0983,40.733190269999994,tertiary,group_3
2598,2597,217.0983,27.95893101,tertiary,group_3
2599,3042,13.9341265,2.2737563130000003,residential,group_4
2599,3134,186.3191376,34.941729345,secondary,group_3
2599,1226,61.04742289,15.819369690000002,residential,group_4
2600,2882,18.08337609,4.2401732925,residential,group_4
2600,1775,90.86230592,16.554802425,secondary,group_3
2601,1775,18.94951729,4.910435286,residential,group_4
2601,2882,90.96138782,16.572854805,secondary,group_3
2602,2724,141.8992216,13.654935928499999,trunk,group_2
2602,2868,145.8199329,19.429755465,trunk_link,group_2
2603,3586,13.48825329,1.323349941,secondary,group_3
2603,3491,26.34414554,2.5846581225,secondary,group_3
2604,3586,189.912999,18.63260946,secondary,group_3
2604,2742,81.07418887,7.954293316499999,secondary,group_3
2605,2742,11.87737515,1.165304607,secondary,group_3
2605,2869,249.8083668,24.509021295000004,secondary,group_3
2606,69,169.9812521,16.67708004,secondary,group_3
2606,2713,131.1709751,12.869353674,secondary,group_3
2607,1757,325.1273329,28.896569999999997,primary,group_2
2608,3249,37.10150852,2.6470925145,trunk,group_2
2609,2611,49.43733738,4.850360982,secondary,group_3
2609,2610,145.5599257,14.281072194,secondary,group_3
2610,2686,101.4741782,9.9557625975,secondary,group_3
2610,2609,145.5599257,14.281072194,secondary,group_3
2611,2609,49.43733738,4.850360982,secondary,group_3
2611,2612,102.3683329,10.0434892725,secondary,group_3
2612,2611,102.3683329,10.0434892725,secondary,group_3
2612,2613,87.38186455,8.5731475185,secondary,group_3
2613,2612,87.38186455,8.5731475185,secondary,group_3
2613,3940,104.9945631,10.3011521085,secondary,group_3
2614,3940,16.76020089,1.6443649425000002,secondary,group_3
2614,2615,61.4854752,6.0324193335,secondary,group_3
2615,2616,129.3686662,12.6925268265,secondary,group_3
2615,2614,61.4854752,6.0324193335,secondary,group_3
2616,2713,124.8387847,12.2480943015,secondary,group_3
2616,2615,129.3686662,12.6925268265,secondary,group_3
2617,2540,90.1501,14.051111997,secondary,group_3
2618,3455,575.5706252,57.21999171,motorway,group_1
2619,2669,184.911965,21.443786744999997,secondary,group_3
2620,169,332.7170922,21.948890595,motorway,group_1
2621,174,494.5581716,47.82456819,motorway_link,group_1
2622,2626,104.7576283,26.73272154,unclassified,group_4
2622,4042,222.8532178,37.992737430000005,unclassified,group_4
2622,2624,82.7040969,21.104960355,unclassified,group_4
2623,3969,314.2278811,59.728444995000004,secondary,group_3
2623,1362,196.7395408,37.39625778,secondary,group_3
2623,2020,409.5567361,77.848556595,secondary,group_3
2623,1809,166.6528534,31.677379350000002,secondary,group_3
2624,2625,18.17171473,4.637174376,unclassified,group_4
2624,2622,82.7040969,21.104960355,unclassified,group_4
2624,2627,164.1938723,31.209976140000002,secondary,group_3
2625,2624,18.17171473,4.637174376,unclassified,group_4
2625,3753,84.18044047,16.001020635,secondary,group_3
2625,3970,217.5226588,56.36718459000001,residential,group_4
2626,2622,104.7576283,26.73272154,unclassified,group_4
2627,2905,80.8674572,15.37128867,secondary,group_3
2627,3389,196.8854186,29.08094382,motorway_link,group_1
2628,2538,133.8058054,11.8923524145,primary,group_2
2629,143,26.95831904,3.5920572464999996,trunk_link,group_2
2629,3730,162.7769152,27.61622139,primary,group_2
2630,908,314.2739361,53.317396724999995,residential,group_4
2630,3732,81.95745187,10.962075417,residential,group_4
2631,2565,219.4548738,37.23202626,primary,group_2
2632,4067,14.8916052,2.564199612,primary,group_2
2632,4001,9.854962698,2.394105444,primary_link,group_2
2632,870,117.6320985,26.441403764999997,tertiary,group_3
2633,268,15.2936218,3.4377081945000003,tertiary,group_3
2633,128,161.3423012,36.266605665,tertiary,group_3
2633,331,96.4840611,16.61368191,primary,group_2
2634,3058,370.1033653,42.919978905,secondary,group_3
2635,2584,644.2149063,64.91267409,motorway,group_1
2635,2583,323.1318295,47.728159094999995,motorway_link,group_1
2636,3266,100.3238757,17.103538845,unclassified,group_4
2636,2582,146.6450173,37.42181334,unclassified,group_4
2637,2638,25.2991698,4.217001894,motorway_link,group_1
2637,3110,205.3697446,34.369275045,primary,group_2
2638,33,327.0480428,48.306603030000005,motorway_link,group_1
2638,2583,151.8342803,29.504124599999997,primary,group_2
2639,2640,176.9382558,21.698246505,trunk,group_2
2639,3328,277.8385453,40.43417313,motorway_link,group_1
2640,55,40.53095449,4.970381547000001,trunk,group_2
2641,2567,593.986519,53.75394885,trunk,group_2
2642,75,175.4403426,16.525701555,trunk,group_2
2643,3087,197.7297491,14.1074840295,trunk,group_2
2644,3447,15.94492142,1.137627117,trunk,group_2
2645,3486,281.1659097,20.060428935,trunk,group_2
2646,2654,1300.415978,131.033103585,motorway,group_1
2647,3391,341.6131141,50.457935625000005,motorway_link,group_1
2647,3395,627.5483383,63.23330982,motorway,group_1
2648,3741,897.1826774,132.5182902,motorway_link,group_1
2649,3096,47.01155594,4.254400887,trunk,group_2
2650,2649,75.51265206,6.833662223999999,trunk,group_2
2651,7,878.3327566,45.681494985,motorway,group_1
2652,2932,82.4117859,6.9499927905,trunk,group_2
2653,2905,10.46802277,1.3112898375,motorway_link,group_1
2653,2625,242.2906448,46.054612965,secondary,group_3
2654,2862,1180.65305,118.96549725,motorway,group_1
2654,2699,383.3524583,56.623041885,motorway_link,group_1
2655,3450,332.9027647,49.17137422500001,motorway_link,group_1
2655,3334,1239.422425,124.887243645,motorway,group_1
2656,2699,82.10635022,8.970882722999999,trunk_link,group_2
2656,3845,429.8791451,58.54671822,trunk,group_2
2657,180,101.9547651,17.555687625,primary,group_2
2657,3596,27.6780709,3.6879604754999997,trunk_link,group_2
2658,722,23.27000337,4.4231629335,secondary,group_3
2658,3214,82.94310957,11.465034534,trunk,group_2
2658,3215,54.01744297,8.707823268,secondary,group_3
2659,3060,189.7126881,13.535488358999999,trunk,group_2
2660,3616,24.18414574,1.725473538,trunk,group_2
2661,2662,152.7172631,10.895964612,trunk,group_2
2662,3309,183.6467668,12.6303744225,trunk_link,group_2
2663,3040,94.56164058,6.7467178815,trunk,group_2
2664,3863,271.8653028,14.139531255,motorway,group_1
2665,72,630.3527025,72.613163835,trunk,group_2
2666,2641,638.710765,57.80135523,trunk,group_2
2667,9,76.45544541,7.201763597999999,trunk,group_2
2668,2600,124.101364,22.6108455,secondary,group_3
2668,2749,236.9171436,51.045669870000005,tertiary,group_3
2668,248,163.3738495,29.766158505,secondary,group_3
2668,435,102.1289159,22.004481600000002,tertiary,group_3
2669,3102,15.34994833,1.7800958325,secondary,group_3
2669,1483,600.5306678,100.500702915,primary,group_2
2670,338,20.18699953,3.47601858,primary,group_2
2670,2671,397.7794054,68.49401277,primary,group_2
2671,336,18.73165842,4.6093717965,residential,group_4
2671,2582,409.7072579,70.547881005,primary,group_2
2671,2065,60.34799406,15.428905454999999,residential,group_4
2672,1341,294.4288815,62.561944815000004,residential,group_4
2672,48,20.39201609,3.8239527465000003,residential,group_4
2672,2748,173.9832935,32.141610299999996,secondary,group_3
2673,1962,265.8147364,36.251380245,trunk,group_2
2674,3322,81.21470938,15.00357585,secondary,group_3
2675,3680,9.072001203,1.5621164849999998,primary,group_2
2675,3670,86.00396854,22.286421089999997,residential,group_4
2676,1481,287.2645939,55.092712425,primary,group_2
2677,1482,15.21272802,1.4925403815,secondary,group_3
2677,3780,166.7350295,31.977087419999997,primary,group_2
2678,387,17.22165304,1.998094371,tertiary,group_3
2678,3108,403.934907,77.46819532500001,primary,group_2
2679,2765,52.04150386,5.5004741535,trunk_link,group_2
2680,3059,19.53385269,1.489242255,motorway_link,group_1
2680,2634,67.71044917,7.8522146055,secondary,group_3
2681,407,16.91758018,1.886240067,trunk,group_2
2681,3992,32.29809574,4.7165704575,primary,group_2
2682,2997,18.56950204,3.1975001535,primary,group_2
2682,3513,20.84335099,3.5410193234999996,primary,group_2
2683,3990,136.9541393,23.266760415,primary,group_2
2684,3946,121.6538495,20.947691625,primary,group_2
2684,411,153.6656167,21.69676629,primary,group_2
2685,413,114.1872019,19.662002505,primary,group_2
2685,3797,221.5241474,38.144452875,primary,group_2
2686,3133,55.59983818,5.454971889,secondary,group_3
2686,2610,101.4741782,9.9557625975,secondary,group_3
2687,423,15.03408502,3.329636247,tertiary,group_3
2687,2191,244.0146622,54.042534885,tertiary,group_3
2687,2688,318.3660071,54.819744465,primary,group_2
2688,422,15.58320403,4.038114203999999,residential,group_4
2688,614,199.5850642,51.71897133,residential,group_4
2688,2906,394.1206391,67.86400635,primary,group_2
2689,2372,360.6084996,87.06941409,residential,group_4
2689,3660,36.47968875,4.8792768705,residential,group_4
2689,1664,36.46047523,9.195284637,residential,group_4
2690,303,83.76820521,13.243446618,residential,group_4
2691,530,142.7896891,19.09858476,residential,group_4
2692,1077,23.70381321,2.750168967,tertiary,group_3
2693,418,42.53175468,7.3235831445,primary,group_2
2694,2693,13.8557229,1.8532479465,residential,group_4
2694,3795,52.23205953,8.9938878285,primary,group_2
2695,415,14.33489006,2.6895917865000003,tertiary,group_3
2695,1001,72.85375029,11.4005335155,tertiary,group_3
2695,3796,46.65760808,8.034017751,primary,group_2
2696,3886,177.7148803,24.56511759,trunk,group_2
2697,2334,21.27157516,3.3695571660000003,secondary,group_3
2697,504,59.06038262,11.226199287,secondary,group_3
2697,3211,127.8769116,17.676130245,trunk,group_2
2698,3841,37.67540051,9.4856224215,unclassified,group_4
2698,3208,100.5566726,13.899716688,trunk,group_2
2699,2700,129.7763625,31.527089999999998,primary_link,group_2
2700,2657,19.24614737,4.6755434415,primary_link,group_2
2700,3945,105.1147261,18.0998043,primary,group_2
2701,2656,87.96522138,11.9802858285,trunk,group_2
2701,3334,330.3564017,48.795263895,motorway_link,group_1
2702,2701,381.2714886,65.65149894000001,primary,group_2
2703,215,19.58404224,2.886427464,secondary,group_3
2703,2708,147.3182483,24.314795355,primary,group_2
2704,2705,368.3637133,60.798227025,primary,group_2
2705,2706,89.89264114,15.250903829999999,primary,group_2
2706,1666,15.4626392,2.4445866585,residential,group_4
2706,2702,116.8217419,20.11564644,primary,group_2
2707,2704,33.96031664,5.605131468,primary,group_2
2708,2707,48.74035511,8.0445686385,primary,group_2
2709,3746,65.60959953,7.608584229,secondary,group_3
2710,1666,487.6387854,83.96698458,primary,group_2
2711,1604,125.3717781,25.669000529999998,residential,group_4
2712,1321,28.28903664,4.5603034485,secondary,group_3
2713,2616,124.8387847,12.2480943015,secondary,group_3
2713,2606,131.1709751,12.869353674,secondary,group_3
2714,104,1079.385327,56.13810375,motorway,group_1
2714,3178,361.3691501,48.297902400000005,motorway_link,group_1
2715,172,20.01462445,3.33614541,motorway_link,group_1
2715,2716,279.7028536,47.453509724999996,primary,group_2
2716,428,13.31005446,3.3060196394999997,residential,group_4
2716,3314,402.9506403,69.38445261,primary,group_2
2717,2718,41.65557685,5.571568716,residential,group_4
2718,1240,37.16671861,4.9711693455,residential,group_4
2719,2720,72.58477897,4.9920450645,trunk_link,group_2
2720,1411,30.21093806,2.077768458,trunk_link,group_2
2721,2592,239.8925598,31.784515005000003,trunk,group_2
2722,2721,58.23945597,4.00544016,trunk_link,group_2
2723,2721,33.30414263,4.412625477,trunk,group_2
2724,3113,10.81533651,0.7716450749999999,trunk,group_2
2725,3113,21.01897965,3.8295864450000003,secondary,group_3
2726,2723,76.92339557,5.4882766965,trunk,group_2
2727,1855,73.82343467,9.874124193,residential,group_4
2728,795,142.2755724,25.123929524999998,residential,group_4
2729,2746,48.19172194,6.445799355,residential,group_4
2730,1145,177.7213782,26.385600914999998,residential,group_4
2731,1803,80.11228989,10.7152790085,residential,group_4
2732,2733,19.33852832,4.249955217,residential,group_4
2732,1776,105.8126374,18.381747645,secondary,group_3
2732,1342,284.9981239,62.226149129999996,residential,group_4
2733,2732,19.33852832,5.011240674,residential,group_4
2733,2601,131.2191834,23.90768793,secondary,group_3
2733,1537,45.67678064,10.0382133,residential,group_4
2734,1776,22.00166779,4.751318346,residential,group_4
2734,2733,105.4944768,19.22073408,secondary,group_3
2736,1125,44.08408179,5.896389141,residential,group_4
2737,3330,267.0204755,20.35738578,motorway_link,group_1
2738,2526,525.9335485,52.214452800000004,motorway,group_1
2739,2322,133.5213746,13.099954398000001,secondary,group_3
2740,2741,120.9276272,10.198130379,trunk,group_2
2741,2903,187.9699385,15.85197678,trunk,group_2
2742,2605,11.87737515,1.165304607,secondary,group_3
2742,2604,81.07418887,7.954293316499999,secondary,group_3
2743,3552,217.0700227,25.173077774999996,secondary,group_3
2744,2743,157.6816282,18.28595142,secondary,group_3
2745,2744,225.3974734,26.138791785,secondary,group_3
2746,2747,63.20994879,8.454535981500001,residential,group_4
2747,668,28.12438822,3.7617282825,residential,group_4
2748,2599,173.6696753,31.642022864999998,secondary,group_3
2748,1347,230.7647346,33.73901772,unclassified,group_4
2749,299,103.8889684,21.682517895,residential,group_4
2749,2668,236.9171436,50.166944595000004,tertiary,group_3
2749,1294,135.5874528,29.661914385000003,tertiary,group_3
2750,2348,135.7490297,18.156873675,residential,group_4
2751,655,46.53735304,6.224522138999999,residential,group_4
2752,1267,75.03978581,12.2971058715,residential,group_4
2753,126,40.1882484,5.37530877,residential,group_4
2754,3384,250.1070467,19.06792215,motorway_link,group_1
2755,577,140.805855,22.260890265,residential,group_4
2756,1920,255.7341593,47.14855041,residential,group_4
2757,575,89.36661549,16.121733974999998,residential,group_4
2758,576,197.1959054,31.17595083,residential,group_4
2758,575,86.33996042,13.650031702500002,residential,group_4
2758,2759,75.3334777,11.9099470725,residential,group_4
2759,2758,75.3334777,10.076097354,residential,group_4
2760,2861,259.8436444,26.18248296,motorway,group_1
2761,3657,97.9667232,10.2917415765,primary,group_2
2762,2536,181.7824737,21.79098816,primary,group_2
2763,11,73.06297417,7.675516996499999,primary,group_2
2764,3372,136.7857801,13.162870399500001,trunk,group_2
2764,3232,137.0793849,17.206204785,trunk_link,group_2
2765,2629,328.6308086,43.202527425,trunk_link,group_2
2766,2765,75.74977743,10.4707168395,trunk,group_2
2766,2679,47.801412,3.2875598189999997,trunk_link,group_2
2767,2673,273.1778449,35.912559105,trunk_link,group_2
2768,2543,18.57100104,3.2991907875,unclassified,group_4
2768,3725,119.8389873,20.635188795,primary,group_2
2769,2619,94.16856235,10.9204970535,secondary,group_3
2770,2769,88.4911044,10.26209619,secondary,group_3
2771,3779,76.9185694,8.9200577085,secondary,group_3
2772,2771,95.72527001,11.10102462,secondary,group_3
2773,2772,140.6208462,16.307454405,secondary,group_3
2774,3558,20.33898799,2.3586625185,secondary,group_3
2775,1238,82.56511613,14.894743752,residential,group_4
2776,1507,83.07255994,20.633988795,residential,group_4
2776,1915,68.0797263,12.4038940725,secondary,group_3
2776,531,25.36254143,4.6854666719999996,secondary,group_3
2777,1138,145.4724545,19.457413335000002,residential,group_4
2778,3957,18.1224792,3.787940238,residential,group_4
2779,2894,9.798039461,1.6871337,primary,group_2
2780,2778,87.39161625,12.137905611,primary,group_2
2781,3120,143.4981803,22.686537045,residential,group_4
2782,3950,163.7393718,28.19443761,primary,group_2
2783,3437,11.10609518,1.6218504285000002,primary,group_2
2783,1656,111.3053364,10.920310218000001,secondary,group_3
2784,2783,529.4571799,77.31793582499999,primary,group_2
2785,30,291.7849179,34.97741868,primary,group_2
2786,3734,345.5482685,36.301035345,primary,group_2
2787,2785,434.9153812,52.13503662000001,primary,group_2
2788,2791,114.142965,16.668578265,primary,group_2
2789,2790,114.6144366,19.735568445000002,primary,group_2
2790,3452,82.91903815,14.2779077595,primary,group_2
2791,2794,114.37825,16.70293752,primary,group_2
2792,2789,114.9557446,19.794338595,primary,group_2
2793,2795,15.33744143,2.029569876,secondary,group_3
2793,2792,113.5271288,19.548343905,primary,group_2
2793,563,99.14054357,10.796755431,secondary,group_3
2794,2795,113.5582946,16.583197395,primary,group_2
2795,2793,15.33744143,2.1131872785,secondary,group_3
2795,1182,110.2008735,10.8119499405,secondary,group_3
2795,2799,354.4885171,51.76683111,primary,group_2
2796,564,112.5676951,19.487663595,residential,group_4
2796,29,114.1497984,16.66957617,primary,group_2
2797,2799,18.02884142,1.7688329024999998,secondary,group_3
2797,2796,123.4333146,18.025270905,primary,group_2
2798,2797,118.3063503,17.276567670000002,primary,group_2
2799,2802,227.5483233,33.22944201,primary,group_2
2800,2803,15.5000928,1.5207341115,secondary,group_3
2800,4046,22.43408362,3.2761044765000005,primary,group_2
2801,2802,15.4501181,2.035034697,unclassified,group_4
2801,2798,118.1790173,17.25797292,primary,group_2
2802,4047,172.5948898,25.204456785,primary,group_2
2803,3866,12.96003365,1.8925856295,primary,group_2
2804,2805,15.43479133,2.3178407055,tertiary,group_3
2804,3852,128.7964209,19.72867155,tertiary,group_3
2804,3867,208.7907521,30.490227689999998,primary,group_2
2805,2804,15.43479133,1.790778714,tertiary,group_3
2805,3127,268.5354615,39.21489474,primary,group_2
2806,3127,14.9785646,2.805857085,tertiary,group_3
2806,605,128.0756563,14.859621627000001,tertiary,group_3
2806,2804,268.5696053,39.21988083,primary,group_2
2807,2808,16.19217566,2.1084473504999997,trunk,group_2
2807,3288,46.19398443,5.5374566505,primary,group_2
2808,94,20.41900617,2.981837754,primary,group_2
2808,3186,661.3487844,86.11684566,trunk,group_2
2809,95,122.4466242,17.88118206,primary,group_2
2810,2815,102.0939192,14.909026440000002,primary,group_2
2811,2812,102.1008159,14.910033584999999,primary,group_2
2812,2809,48.89911539,7.1408582385,primary,group_2
2813,3634,316.9006149,46.277777189999995,primary,group_2
2814,2813,15.24620148,2.708530755,unclassified,group_4
2814,2811,160.6114355,23.454483449999998,primary,group_2
2815,2813,160.9938811,23.51033292,primary,group_2
2816,492,17.13089619,2.9656922595,residential,group_4
2816,28,151.4840868,19.87651911,primary,group_2
2817,886,29.6790796,4.0701373604999995,tertiary,group_3
2817,586,75.22372648,11.522557704,tertiary,group_3
2818,2160,17.71587535,2.3695558755,residential,group_4
2818,2371,59.49157618,6.9023445809999995,tertiary,group_3
2819,2099,89.35814507,14.404882795499999,secondary,group_3
2819,2098,77.50419422,8.987971182,secondary,group_3
2820,1369,198.8789221,29.86562313,tertiary,group_3
2820,94,732.1659376,95.338227765,trunk,group_2
2822,3222,34.43367404,6.3612644085,secondary,group_3
2822,1703,60.4674045,8.001518586,secondary,group_3
2823,3227,53.99532086,4.710264531,trunk_link,group_2
2823,3526,78.65887246,19.804125615,unclassified,group_4
2824,3646,29.69854513,2.9137625955,secondary,group_3
2824,2178,209.8935482,39.896571885,secondary,group_3
2825,2928,899.4072053,90.62647606499999,motorway,group_1
2826,139,80.1605349,9.036695613,primary,group_2
2827,1247,108.4549319,14.506199440499998,residential,group_4
2827,565,30.60959976,3.003147342,secondary,group_3
2827,2399,84.76154945,10.763649279,secondary,group_3
2828,3371,10.85999674,1.501152276,trunk,group_2
2829,1945,93.96675307,9.219199429500001,secondary,group_3
2830,2829,96.20046539,9.4383518295,secondary,group_3
2831,2005,150.3727119,28.16220459,secondary,group_3
2831,2020,447.5273252,85.06600729499999,secondary,group_3
2832,3,552.162789,76.690420695,primary,group_2
2833,2561,267.0396528,45.981810885,primary,group_2
2834,1587,35.33333088,6.437612446499999,secondary,group_3
2834,1588,132.3568698,12.9857033295,secondary,group_3
2835,3369,19.85521003,2.521361613,secondary,group_3
2835,93,108.0236108,7.7071931325000005,trunk,group_2
2836,3890,119.8382687,10.8449938875,trunk,group_2
2837,3107,415.6632419,69.562555635,primary,group_2
2838,2839,136.9808822,20.572344285,secondary,group_3
2839,2840,212.7851946,31.95694326,secondary,group_3
2840,3649,11.99588171,1.801590153,secondary,group_3
2841,2842,159.0019314,23.87955474,secondary,group_3
2842,2843,68.31094314,10.2592144095,secondary,group_3
2843,1010,93.92699895,14.1063375315,secondary,group_3
2844,3401,42.83701995,7.376147061000001,primary,group_2
2845,2314,143.0962888,19.139593455,residential,group_4
2846,1409,129.7143208,23.665006860000002,residential,group_4
2847,22,367.4121322,33.249665325,trunk,group_2
2848,3308,17.36912047,1.5437275035,primary,group_2
2848,3908,136.1733207,19.22694729,primary,group_2
2849,647,22.42519771,3.6150296595,secondary,group_3
2849,97,574.121137,69.35160487499999,trunk,group_2
2850,2898,96.90191705,6.6644652435000005,trunk_link,group_2
2851,3245,12.66910964,0.903906786,trunk,group_2
2851,3244,82.76410783,9.597950452500001,secondary,group_3
2852,3051,13.42181666,0.9576103994999999,trunk,group_2
2853,644,84.80854517,11.043256700999999,trunk,group_2
2854,608,85.67444043,11.2847330895,unclassified,group_4
2854,1114,211.4482095,38.14524879,residential,group_4
2855,932,83.88942134,15.94570371,secondary,group_3
2856,2664,225.6514328,11.735979009000001,motorway,group_1
2857,3335,653.5273899,65.85102277499999,motorway,group_1
2857,2653,452.8194551,65.00452873500001,motorway_link,group_1
2858,1610,361.6446965,68.74143468,secondary,group_3
2858,3807,150.0017814,28.512343065000003,secondary,group_3
2859,1545,21.41021922,4.4800888005,unclassified,group_4
2859,3213,219.9405353,30.40187238,trunk,group_2
2859,505,119.7246924,25.91077122,unclassified,group_4
2861,2577,931.4035524,93.850506495,motorway,group_1
2862,2857,788.2592691,79.4269374,motorway,group_1
2863,3119,17.48960708,4.269375892499999,residential,group_4
2863,733,371.6167273,81.668802465,residential,group_4
2863,3995,194.4460229,33.481844955,primary,group_2
2864,3449,7.21557516,1.2424567245,primary,group_2
2864,3448,61.41418049,11.6736092565,secondary,group_3
2865,2039,16.7614372,3.0013057874999998,secondary,group_3
2865,34,325.6816145,61.90557099,secondary,group_3
2866,421,12.95437541,2.230626177,primary,group_2
2866,3194,272.5863111,51.81321414,secondary,group_3
2867,3684,13.0877009,2.2535836199999997,primary,group_2
2867,956,124.9740298,23.75506731,secondary,group_3
2868,3770,19.34756639,3.6775859969999996,secondary,group_3
2869,3941,25.63316694,2.5149030945,secondary,group_3
2869,2605,249.8083668,24.509021295000004,secondary,group_3
2870,2754,62.91714178,4.7967427425,motorway_link,group_1
2871,2260,129.740851,25.473512084999996,"['tertiary', 'unclassified']",group_3
2871,3600,58.80119565,13.312251594000001,unclassified,group_4
2872,1073,84.99206915,9.2559365835,secondary,group_3
2872,2976,83.9823151,13.085201352,primary,group_2
2873,3016,41.60857308,5.4595411005,primary,group_2
2874,1526,72.3387912,12.523255684499999,residential,group_4
2875,667,75.64711278,10.118047064999999,residential,group_4
2876,1318,174.604999,29.622195585,residential,group_4
2878,672,84.32827249,11.279180376,residential,group_4
2879,2072,90.78351862,12.749720041499998,residential,group_4
2880,2264,42.60937697,9.843285507,residential,group_4
2881,2151,80.12357927,14.148733509000001,residential,group_4
2882,2600,18.08337609,2.4187102935,residential,group_4
2882,2668,126.3216521,23.015374425,secondary,group_3
2883,2056,68.95225187,14.173272732,residential,group_4
2884,1969,90.17465838,12.664211155500002,residential,group_4
2885,2886,19.82875927,1.9454251664999997,secondary,group_3
2886,1438,131.1122469,12.863591778,secondary,group_3
2886,3304,280.4864281,29.46606501,primary,group_2
2887,2891,155.8613604,26.837915355,primary,group_2
2888,2779,119.1052281,20.5088421,primary,group_2
2889,2281,104.9213886,16.58768748,residential,group_4
2890,2889,89.95115322,14.220948066,residential,group_4
2891,3952,44.81165015,7.7161605060000005,primary,group_2
2892,2890,16.60947167,2.6258966745,residential,group_4
2893,2782,8.356362078,1.4177142059999999,primary,group_2
2894,2893,18.1736297,4.709377614,residential,group_4
2894,2780,78.02753025,8.9759895195,primary,group_2
2895,644,22.54663882,3.6346064415,secondary,group_3
2895,3443,81.26807113,9.8168675475,trunk,group_2
2895,3289,57.36698285,5.628348733499999,secondary,group_3
2896,3289,137.4988901,26.13579312,secondary,group_3
2896,2153,113.5378971,18.302753475,secondary,group_3
2897,1016,123.8300212,16.562667585,residential,group_4
2898,2662,140.2265639,9.644133884999999,trunk_link,group_2
2899,2665,88.073339,10.145564172,trunk,group_2
2900,3891,430.2531955,36.28433208,trunk,group_2
2901,3542,11.66060222,0.983367858,trunk,group_2
2902,3881,35.31597174,2.978284554,trunk,group_2
2903,42,341.0528926,28.761846614999996,trunk,group_2
2904,1202,518.3466365,52.229878485,motorway,group_1
2905,82,200.0176761,38.01936582,secondary,group_3
2906,2867,73.99690512,12.7415972175,primary,group_2
2906,957,145.4749085,29.784976829999998,residential,group_4
2907,683,34.55130285,4.621348992,residential,group_4
2909,2681,23.28563262,3.4004582745,primary,group_2
2909,642,37.20783088,3.3671939909999997,trunk,group_2
2910,2682,16.17530479,2.7852410610000002,primary,group_2
2910,3515,40.28348322,6.936451152,primary,group_2
2911,3748,89.08375274,15.339415800000001,primary,group_2
2911,3520,40.37670095,7.674804519,secondary,group_3
2912,307,55.43678452,9.597188663999999,residential,group_4
2912,366,176.1385612,23.559104715,residential,group_4
2913,2912,16.89502785,2.92485885,residential,group_4
2914,1722,101.3562923,25.913316195,residential,group_4
2914,3599,267.6957661,43.15360545,secondary,group_3
2914,2259,145.0591202,24.83074602,secondary,group_3
2915,3413,407.8808423,60.246004740000004,motorway_link,group_1
2916,1015,143.2771367,24.671025944999997,primary,group_2
2917,3053,2128.808393,211.63414755000002,motorway,group_1
2918,1274,110.2530701,14.746706263499998,residential,group_4
2918,2229,145.0189649,19.396757625,residential,group_4
2919,2918,13.55190664,1.812611535,residential,group_4
2920,1078,12.5852356,1.6833161429999999,residential,group_4
2921,2163,121.9197882,16.30716771,residential,group_4
2922,1537,38.38896986,5.134649421,residential,group_4
2923,15,16.82604561,2.3757479835,primary,group_2
2923,83,98.23220681,18.6719808,secondary,group_3
2924,3467,149.0084787,25.657911149999997,primary,group_2
2925,3464,52.67892369,9.070833792,primary,group_2
2926,70,257.678531,16.998699555,motorway,group_1
2927,170,51.60240933,8.885467764,primary,group_2
2928,3166,261.6849745,38.652156659999996,motorway_link,group_1
2928,2926,252.7567376,16.674015585,motorway,group_1
2929,3809,9.015153692,1.3165050944999999,primary,group_2
2929,280,45.61106348,7.8538122435,primary,group_2
2930,182,107.0048945,18.42527418,primary,group_2
2931,2850,87.54998331,6.021282537,trunk_link,group_2
2932,2740,127.6133527,10.76195439,trunk,group_2
2933,88,311.2053007,16.18557804,motorway,group_1
2934,863,24.07513721,2.7932508015,tertiary,group_3
2934,2364,23.84117406,3.5802261600000005,tertiary,group_3
2935,1383,19.59938329,2.68782534,tertiary,group_3
2935,3608,47.43329189,5.5033156995,tertiary,group_3
2935,3607,112.9903417,15.61839405,trunk,group_2
2936,3237,52.61307774,4.4369929245,trunk,group_2
2937,3810,25.26966905,4.803259446,secondary,group_3
2938,1663,130.0393975,24.717892545,secondary,group_3
2939,2940,31.335701,5.9562909795,secondary,group_3
2940,1597,61.57306564,11.703810149999999,secondary,group_3
2941,1657,132.3246563,17.69885262,residential,group_4
2941,1459,126.0330868,14.62263819,tertiary,group_3
2942,3364,87.75070236,13.900287388499999,secondary,group_3
2943,2663,161.2549697,11.505106941000001,trunk,group_2
2944,4073,351.0724291,45.714532035000005,trunk,group_2
2945,177,20.42753056,2.690641794,unclassified,group_4
2946,648,23.56192153,3.7982739885,secondary,group_3
2946,96,586.0243137,76.308547875,trunk,group_2
2946,287,50.67048163,4.9713463545,secondary,group_3
2947,2853,154.3135526,20.09377911,trunk,group_2
2948,998,41.71052052,5.5789176105,residential,group_4
2949,1582,83.34632161,9.6700250385,tertiary,group_3
2950,2951,166.1789186,31.587293804999998,secondary,group_3
2951,2952,139.0301631,26.426857544999997,secondary,group_3
2952,1714,91.2526515,17.345306715,secondary,group_3
2953,2955,34.86542623,4.3553827305,secondary_link,group_3
2954,3546,84.33779541,16.030930665,secondary,group_3
2955,384,65.45440215,6.421815879,secondary,group_3
2956,2957,154.4592501,24.899435790000002,secondary,group_3
2957,708,162.809239,15.97342458,secondary,group_3
2957,709,149.6711499,24.12757527,secondary,group_3
2958,3453,31.65368357,3.794452953,primary,group_2
2958,3231,34.08076893,4.4718034035,primary,group_2
2959,2960,11.18864644,1.097732544,secondary,group_3
2960,3577,325.9332285,31.977729735000004,secondary,group_3
2961,3503,20.72309242,2.7191169134999997,primary,group_2
2962,313,458.3901485,75.409110825,unclassified,group_4
2963,583,1454.687496,194.56917795,residential,group_4
2966,2977,96.12127349,11.057424741,primary,group_2
2967,2970,67.58427997,10.5302397375,primary,group_2
2968,2969,88.9209942,13.854692052,primary,group_2
2969,2967,59.15384665,9.216702269999999,primary,group_2
2970,3701,121.7609659,18.97145553,primary,group_2
2971,2972,55.48937023,8.645743827,primary,group_2
2972,2973,179.8002965,28.014506145,primary,group_2
2973,2974,187.3017425,29.18329902,primary,group_2
2974,2975,97.73095018,15.227362575,primary,group_2
2975,3980,382.5748175,59.60860347,primary,group_2
2976,2971,167.9747607,26.17198113,primary,group_2
2977,2872,380.7306576,43.79780292,primary,group_2
2978,2982,235.3392041,27.072524565000002,primary,group_2
2979,2980,124.4287642,14.313810521999999,primary,group_2
2980,2983,211.3060251,24.307839299999998,primary,group_2
2981,3524,58.54677055,6.7349972145,primary,group_2
2982,2966,162.6464262,18.710224619999998,primary,group_2
2983,2978,34.19567564,3.9337401195,primary,group_2
2984,2987,105.939048,12.6993350565,primary,group_2
2985,3521,84.98212341,11.150668269,primary,group_2
2986,2981,20.89525315,2.4037102380000004,primary,group_2
2987,3603,295.0075008,35.363722515,primary,group_2
2988,3012,210.4923479,24.214236989999996,primary,group_2
2989,3002,77.92199751,8.963849436,primary,group_2
2990,2989,80.21456561,9.2275777275,primary,group_2
2991,2996,137.4609474,15.81298317,primary,group_2
2992,2990,161.7719768,18.609631290000003,primary,group_2
2993,2992,85.77142603,9.866817759,primary,group_2
2994,2993,187.6976957,21.592027125,primary,group_2
2994,2417,243.6327182,23.903120445,secondary,group_3
2995,2991,83.5765532,9.614327958,primary,group_2
2995,2646,372.0808702,54.958172925,motorway_link,group_1
2996,162,17.00813207,2.5121846835,motorway_link,group_1
2996,2994,112.7273623,12.967725867000002,primary,group_2
2997,410,16.2887253,1.4477044635,primary,group_2
2997,3510,40.86075917,7.035852843000001,primary,group_2
2998,693,13.67288018,1.8287921385,residential,group_4
2998,3928,33.49622522,5.7677467635,primary,group_2
2998,3927,27.53068092,4.7660978384999995,residential,group_4
2999,98,15.29716327,1.4126355,trunk,group_2
2999,3286,49.40032044,8.506287991499999,primary,group_2
3000,3506,39.00230684,6.715844176500001,primary,group_2
3001,3004,190.1486454,21.87397503,primary,group_2
3002,3001,99.63565175,11.4617054145,primary,group_2
3003,3005,78.9414248,9.0811204635,primary,group_2
3004,3003,128.4037343,14.771075920500001,primary,group_2
3005,3006,108.7184478,12.506555637,primary,group_2
3006,3008,58.30499246,6.707183985,primary,group_2
3007,3830,36.5168724,4.200761743499999,primary,group_2
3008,3009,159.1409032,18.30696261,primary,group_2
3009,3829,60.56163279,6.966779283000001,primary,group_2
3010,3013,140.986384,16.218535965,primary,group_2
3011,2988,152.8557436,17.58394182,primary,group_2
3012,3832,70.87009833,8.152625847,primary,group_2
3013,3011,33.70329891,3.8770989780000003,primary,group_2
3014,3015,149.1863637,17.161830345000002,primary,group_2
3015,3585,111.1573073,12.787112725500002,primary,group_2
3016,952,12.24348234,1.6064909250000001,primary,group_2
3017,3504,70.39391536,8.097847573500001,primary,group_2
3018,3505,136.0112553,15.646216124999999,primary,group_2
3019,3591,19.20103538,3.2575059645,residential,group_4
3019,2227,126.3085453,21.827278275,residential,group_4
3020,753,3.653945448,0.720383706,residential,group_4
3021,2232,19.62880796,2.625416826,residential,group_4
3021,2594,20.29764015,3.937655142,residential,group_4
3022,2593,25.65733202,4.9774123784999995,residential,group_4
3022,3023,16.81772805,3.068216733,residential,group_4
3023,3024,25.68392943,5.904609096,residential,group_4
3024,3019,17.97588069,3.1063975049999994,residential,group_4
3024,3591,13.96267319,3.3713064855,residential,group_4
3025,3403,27.37375742,4.755363003,secondary,group_3
3026,2587,202.3475914,37.94765724,secondary,group_3
3026,3432,192.7021854,36.13878687,secondary,group_3
3027,2587,32.40069369,6.076328412,secondary,group_3
3028,4,371.8408472,54.1879197,motorway_link,group_1
3029,3027,93.05461126,17.451181245,secondary,group_3
3030,3031,73.65546043,7.226432292,secondary,group_3
3031,3034,236.1999199,23.173879005,secondary,group_3
3032,3030,500.1777565,49.073085285000005,secondary,group_3
3033,3405,17.89531419,3.356033271,secondary,group_3
3033,3432,111.2194033,20.85775158,secondary,group_3
3034,3029,223.1553547,21.89405988,secondary,group_3
3035,2643,251.611939,17.95183287,trunk,group_2
3036,36,138.1769285,11.652807258000001,trunk,group_2
3037,89,21.23065628,1.7904345404999997,trunk,group_2
3038,3763,49.16843542,5.7046309005,tertiary,group_3
3039,204,91.40101791,10.604548764,tertiary,group_3
3040,2661,149.5087401,10.667045161499999,trunk,group_2
3041,3042,100.6657406,24.65487684,residential,group_4
3041,754,274.524835,54.123199365,residential,group_4
3042,2599,13.9341265,3.557645862,residential,group_4
3042,3041,100.6657406,19.8464811,residential,group_4
3042,4077,118.4423615,22.212323384999998,secondary,group_3
3043,399,74.80941277,8.605789557,primary,group_2
3043,3876,76.4702701,8.79684825,primary,group_2
3044,2062,11.95233293,2.0277445995,residential,group_4
3044,3046,174.874549,33.24015948,secondary,group_3
3045,398,12.5123146,1.439368956,primary,group_2
3045,3875,26.60527644,4.581187764,primary,group_2
3046,3045,16.72981986,2.8807235355,primary,group_2
3046,3043,104.6534519,12.038934002999998,primary,group_2
3047,3046,13.69457283,2.358081474,primary,group_2
3047,3949,27.80232656,5.2846670595,secondary,group_3
3048,1577,127.143744,23.196032295000002,residential,group_4
3049,2786,101.0614229,10.616850438,primary,group_2
3050,3722,216.0278488,34.153212135000004,residential,group_4
3051,3460,59.24761068,4.2271571429999995,trunk,group_2
3052,1708,76.38641737,10.216931455500001,residential,group_4
3053,2715,369.9351712,53.910207825,motorway_link,group_1
3053,2714,480.2923695,45.589719269999996,motorway,group_1
3054,2715,123.5395203,24.00594513,primary,group_2
3054,3336,447.4354949,65.1158184,motorway_link,group_1
3055,1673,73.31514441,18.998334705,residential,group_4
3055,1769,218.1283759,53.247167025,residential,group_4
3056,1600,10.54283916,1.410138984,residential,group_4
3057,739,414.3196567,60.37830555000001,motorway_link,group_1
3057,56,450.2853409,44.764833960000004,motorway,group_1
3058,3126,401.9515541,46.6133352,secondary,group_3
3059,3681,94.34709158,9.2565149325,secondary,group_3
3060,3061,57.82084242,4.125361077,trunk,group_2
3061,652,184.4279765,13.158438444,trunk,group_2
3062,3063,74.34708563,6.2698763699999995,trunk,group_2
3063,2652,336.311055,28.36195554,trunk,group_2
3064,3903,1003.204284,52.175978985,motorway,group_1
3065,3066,207.3102465,10.782066264000001,motorway,group_1
3066,205,746.0673857,38.80246215,motorway,group_1
3067,3068,280.9499968,14.612020072500002,motorway,group_1
3068,108,755.716271,39.30429417,motorway,group_1
3069,3776,106.1696564,7.5749184825,trunk,group_2
3070,3071,99.07538856,7.068761619,trunk,group_2
3071,3077,194.369212,13.8677187735,trunk,group_2
3072,3073,135.3960264,11.4182868,trunk,group_2
3073,3036,810.2105043,68.32708576499999,trunk,group_2
3074,3075,170.2436015,12.146421562499999,trunk,group_2
3074,3153,122.7158967,11.142602817,trunk_link,group_2
3075,3081,197.5388299,14.093862459,trunk,group_2
3076,3125,44.0930545,4.003649133,trunk_link,group_2
3077,3125,69.37086027,4.9494236835,trunk,group_2
3078,3154,197.0605933,17.833376205,trunk,group_2
3079,3078,89.81733914,8.1281923065,trunk,group_2
3080,3236,248.8993733,17.758298625000002,trunk,group_2
3081,3080,100.3091515,7.1567872785,trunk,group_2
3082,3083,125.4351438,10.942294617,trunk_link,group_2
3083,3072,149.2802933,12.58918188,trunk,group_2
3084,3083,298.1842961,25.146630255,trunk,group_2
3085,3082,218.1394988,19.74095217,trunk,group_2
3086,38,235.8346975,19.88853207,trunk,group_2
3087,961,91.05163624,6.4962885435,trunk,group_2
3088,3870,370.9761832,26.468149589999996,trunk,group_2
3089,3074,41.85483245,3.9425394375,trunk,group_2
3090,3091,86.78034968,8.174323752,trunk,group_2
3091,3089,350.095064,32.977401075,trunk,group_2
3092,27,384.9144617,32.46080283,trunk,group_2
3093,3094,25.49255096,2.3069972745,trunk,group_2
3094,3488,48.61150522,4.3991913645,trunk,group_2
3095,21,368.0958492,33.311539605,trunk,group_2
3096,3300,810.7126447,73.366995105,trunk,group_2
3097,3038,73.22270964,8.495461131,tertiary,group_3
3097,1489,122.0638275,25.936825215000002,residential,group_4
3097,341,96.06673753,20.987238480000002,tertiary,group_3
3098,2050,86.15544437,11.043421777499999,residential,group_4
3099,78,380.5461417,19.791948480000002,motorway,group_1
3100,59,391.7341689,29.865438555,motorway_link,group_1
3100,26,363.2061132,18.89010528,motorway,group_1
3101,3912,196.7035512,11.892251688,"['trunk', 'motorway']",group_1
3102,2677,16.94148973,3.2491042814999997,primary,group_2
3102,2838,408.2467167,61.312147155,secondary,group_3
3103,3093,89.74933165,8.122037837999999,trunk,group_2
3104,3103,289.1835861,26.170223055,trunk,group_2
3105,3892,16.57360562,1.3976937675,trunk,group_2
3106,3904,93.88758507,9.211432154999999,secondary,group_3
3107,3182,112.3593471,18.803691405000002,primary,group_2
3108,3102,601.5609931,115.36968880500001,primary,group_2
3109,2054,83.43897357,11.160233757,residential,group_4
3110,1570,222.7284506,56.83727040000001,unclassified,group_4
3110,335,180.8632042,30.26802813,primary,group_2
3111,334,18.58196609,3.5320606679999997,secondary,group_3
3111,2678,597.2797675,114.548618835,primary,group_2
3112,429,18.88591588,3.7662102165,tertiary,group_3
3112,3054,124.2955852,26.662126035,secondary,group_3
3112,4030,407.2920277,87.754284345,tertiary,group_3
3113,2723,13.58163363,2.474527353,secondary,group_3
3113,53,45.34423963,3.235189137,trunk,group_2
3114,1509,109.9755886,14.709592222500001,residential,group_4
3115,3666,19.24173371,3.313252362,primary,group_2
3115,3427,192.828739,33.20336331,primary,group_2
3116,3042,155.4823786,29.158696515000003,secondary,group_3
3117,2300,41.51290913,5.552486445,residential,group_4
3118,1137,16.27640431,1.5968990355000001,secondary,group_3
3119,2863,17.48960708,4.532125143,residential,group_4
3119,268,277.2073501,47.73259632,primary,group_2
3120,2892,54.38925151,8.598741576,residential,group_4
3121,3257,4.98443683,0.355626117,trunk,group_2
3122,23,287.8249092,34.502716695000004,primary,group_2
3123,2537,208.5450905,21.908379795000002,primary,group_2
3124,3085,59.14993949,5.159926038,trunk_link,group_2
3125,73,153.4453324,14.453869218000001,trunk,group_2
3126,1446,17.1362658,1.9872506865000001,secondary,group_3
3126,2745,177.5446892,20.589421845,secondary,group_3
3127,2806,14.9785646,1.7378462774999999,tertiary,group_3
3127,374,91.32628468,17.40979053,tertiary,group_3
3127,2808,312.7062361,45.66526173,primary,group_2
3128,3129,80.5046415,7.8984142875000005,secondary,group_3
3128,1723,21.93042383,3.535270173,secondary,group_3
3129,2327,79.46989216,7.7968936950000005,secondary,group_3
3129,3128,80.5046415,12.977663361000001,secondary,group_3
3130,1723,61.46921423,6.0308239485,secondary,group_3
3130,1293,12.54646087,1.6602455594999999,secondary,group_3
3131,1843,204.2515977,27.319314675,residential,group_4
3132,646,24.30906531,4.480587003,tertiary,group_3
3132,3283,80.23107444,9.691602372,trunk,group_2
3133,2686,55.59983818,5.454971889,secondary,group_3
3133,3497,37.97096626,3.7253805105,secondary,group_3
3134,2639,65.76681861,8.8353850335,trunk,group_2
3135,3136,145.9955617,25.139114114999998,primary,group_2
3136,4065,157.1087684,27.05270772,primary,group_2
3137,181,471.5306186,69.64738947,motorway_link,group_1
3138,1419,8.07621554,1.068707832,secondary,group_3
3138,628,74.74495887,7.3333243905,secondary,group_3
3139,1702,19.58282984,2.591352783,secondary,group_3
3139,1419,60.79324369,5.964503607,secondary,group_3
3140,3139,98.67742108,13.198425612,residential,group_4
3141,3579,36.59569989,4.2459142455,tertiary,group_3
3142,3273,46.75948294,4.587633225,secondary,group_3
3143,342,96.16968976,17.766353475,secondary,group_3
3143,1668,96.79291353,17.635338915,secondary,group_3
3144,2761,103.1548564,10.8367728375,primary,group_2
3145,3228,76.39836061,10.062920793,unclassified,group_4
3146,493,12.37936703,1.655780553,residential,group_4
3147,2342,56.88347974,7.6083501945,residential,group_4
3148,1703,46.63294142,11.7446003355,residential,group_4
3149,452,105.5178565,13.8984374025,unclassified,group_4
3150,2675,210.9138013,36.317447325,primary,group_2
3151,3930,209.1741748,30.78261132,tertiary,group_3
3151,4036,66.05223229,10.117694160000001,tertiary,group_3
3152,3737,10.9436022,1.233699378,primary,group_2
3153,3076,184.2897483,17.35927629,trunk,group_2
3154,3124,37.61206661,3.403776078,trunk,group_2
3155,3557,60.95976559,8.0666716455,secondary,group_3
3156,2628,8.018798253,0.712692357,primary,group_2
3157,913,34.40796275,4.602176786999999,residential,group_4
3158,2999,22.474277,3.8698670535,primary,group_2
3158,2947,51.84935114,6.7515094515000005,trunk,group_2
3159,932,16.41438794,2.646063594,secondary,group_3
3159,3835,42.13796103,8.009584887,secondary,group_3
3159,3834,34.55102246,3.38984541,secondary,group_3
3160,4081,303.482774,57.686014725,secondary,group_3
3161,1323,177.1523682,23.694704700000003,residential,group_4
3161,3160,246.624221,46.87833927,secondary,group_3
3162,927,12.18161858,1.195154322,secondary,group_3
3162,1742,105.5409704,12.239327308500002,secondary,group_3
3162,3161,260.7894986,49.57087566,secondary,group_3
3163,3896,42.38402801,6.1894439850000005,primary,group_2
3164,1944,260.2849457,27.343829730000003,primary,group_2
3165,3721,30.37290453,5.7732825975,secondary,group_3
3165,799,58.09619941,9.0550781925,secondary,group_3
3166,3205,34.10027421,5.036778069,motorway_link,group_1
3167,2927,128.881998,22.192313385,primary,group_2
3168,2282,16.78393173,3.1902902445,secondary,group_3
3169,567,263.0330322,58.33368246,tertiary,group_3
3169,3412,85.8817762,19.30454994,tertiary,group_3
3169,3170,35.13049548,9.103452186,residential,group_4
3170,3171,114.9447543,29.387418329999996,residential,group_4
3170,3169,35.13049548,9.103452186,residential,group_4
3171,3172,43.56501636,11.138075577,residential,group_4
3171,3170,114.9447543,28.15206786,residential,group_4
3172,3174,51.73962364,13.228041362999999,residential,group_4
3172,3171,43.56501636,10.820902356000001,residential,group_4
3173,3172,32.26951574,4.7909293335,residential,group_4
3174,3172,51.73962364,12.8513532675,residential,group_4
3175,2816,251.4441929,43.296413865,primary,group_2
3176,406,76.69222414,8.822380998,primary,group_2
3177,3268,459.0297733,76.513555125,motorway_link,group_1
3177,145,190.9498417,26.27980083,motorway_link,group_1
3178,3177,285.2558599,47.547983235000004,motorway_link,group_1
3179,591,186.4732458,33.63976632,residential,group_4
3180,2521,130.4448004,15.636937065,primary,group_2
3181,1980,237.7507835,54.657736185000005,residential,group_4
3182,1482,226.0962924,37.83792822,primary,group_2
3183,543,185.1462774,21.481081635,tertiary,group_3
3183,544,337.2075205,52.7679855,tertiary,group_3
3184,3185,66.76954754,5.9343239085,primary,group_2
3185,2607,113.1411375,10.055724234,primary,group_2
3186,649,71.61565054,9.325357617,trunk,group_2
3187,649,49.68222107,5.764241451,tertiary,group_3
3188,93,127.5479707,16.00982166,trunk_link,group_2
3188,2835,52.45164276,6.660698045999999,secondary,group_3
3189,3190,72.75755004,5.0039274585,trunk_link,group_2
3189,650,51.32685809,5.0357442975,secondary,group_3
3190,3243,507.5543362,42.803331330000006,trunk,group_2
3191,3192,138.3464139,22.27049334,secondary,group_3
3191,1064,114.5565351,18.440886765000002,secondary,group_3
3192,4023,56.14057658,7.784508431999999,secondary_link,group_3
3192,226,39.38472079,7.4862489,secondary,group_3
3193,3194,15.95725182,2.992574898,secondary,group_3
3193,421,271.5160581,51.609780405,secondary,group_3
3194,2865,13.076784,2.485635492,secondary,group_3
3194,3195,716.6703655,134.40219969,secondary,group_3
3195,1610,11.72029539,2.227794096,secondary,group_3
3195,268,130.6851433,24.840635925,secondary,group_3
3196,461,131.2746009,33.06177297,residential,group_4
3197,958,58.93364512,12.9516242595,residential,group_4
3197,3198,39.9539601,6.77829402,residential,group_4
3198,1648,119.5049345,15.98417319,residential,group_4
3198,3197,57.61260681,9.97386594,residential,group_4
3199,1057,41.48232066,7.037584395,residential,group_4
3199,3831,17.33443335,3.8095228455,residential,group_4
3200,1858,77.55897879,16.77595539,residential,group_4
3200,3199,35.64368539,6.0470446215,residential,group_4
3201,3831,15.45229907,2.6215230255,residential,group_4
3202,3687,136.4480454,28.993266705,residential,group_4
3202,3204,25.71166805,6.475535448,residential,group_4
3203,3202,25.58220173,5.4358535895,residential,group_4
3203,3204,9.37329769,1.613997012,primary,group_2
3204,2675,14.51117665,3.760317099,residential,group_4
3204,3926,180.3302938,31.051244190000002,primary,group_2
3205,3167,12.71530216,1.8781126125,motorway_link,group_1
3206,3704,488.9976173,100.514434365,residential,group_4
3207,3433,37.80737648,6.5451942794999995,residential,group_4
3207,3704,5.906221552,0.905544702,secondary,group_3
3207,3210,40.68107171,7.7326593225,secondary,group_3
3208,504,139.7861712,9.613845711,trunk_link,group_2
3208,2697,105.8939081,14.637470425500002,trunk,group_2
3209,2320,185.9070315,25.697499735,trunk,group_2
3210,3967,19.40743856,3.6889665000000003,secondary,group_3
3210,3209,138.0603138,14.592145335,trunk_link,group_2
3210,3207,40.68107171,6.23724129,secondary,group_3
3211,2859,312.6237402,43.21325781,trunk,group_2
3212,1545,214.0463993,29.587139580000002,trunk,group_2
3213,3215,81.97864928,10.9232330355,trunk_link,group_2
3213,2658,58.5423408,8.092172604,trunk,group_2
3214,2557,126.65995,17.507912445,trunk,group_2
3215,721,182.708981,34.72932855,secondary,group_3
3215,3214,105.3644032,9.191429982,trunk_link,group_2
3215,2658,54.01744297,10.116531521999999,secondary,group_3
3216,2556,22.95691684,3.1308268784999997,trunk,group_2
3216,1808,42.28704491,2.9083071795,trunk_link,group_2
3217,3221,132.0437045,9.0813546945,trunk_link,group_2
3217,2559,120.2798825,16.62601044,trunk,group_2
3218,3216,496.290414,67.68327726000001,trunk,group_2
3219,1704,56.69330924,10.449571029,tertiary,group_3
3220,3218,130.3559369,11.371558425,trunk_link,group_2
3221,2822,34.49341443,4.564437633,secondary,group_3
3222,3582,33.39804485,6.16994265,secondary,group_3
3223,3219,125.2301975,13.6825642815,trunk_link,group_2
3223,3583,112.5122704,15.55231137,trunk,group_2
3224,67,63.71529868,8.807218629,trunk,group_2
3225,62,167.2826562,11.504926653,trunk_link,group_2
3226,3227,59.32778812,7.905122379,trunk_link,group_2
3226,2823,53.15800499,6.988268014500001,trunk_link,group_2
3227,3528,60.10787533,8.009064984,trunk_link,group_2
3228,1597,39.20787616,5.164322232,unclassified,group_4
3229,3451,19.64766546,2.4950060670000003,secondary,group_3
3229,1447,32.66608689,3.2049119490000004,secondary,group_3
3230,562,48.4824728,5.6223933765,secondary,group_3
3231,1184,75.16272233,9.86224572,primary,group_2
3232,3373,31.17734845,5.582621301,secondary,group_3
3233,2899,12.52444064,1.4427466665,trunk,group_2
3234,3233,20.34967952,2.584153011,secondary,group_3
3234,2522,86.78474955,7.8537522975,trunk,group_2
3235,3234,45.07879354,5.72443905,secondary,group_3
3236,3882,209.3482189,14.936430496499998,trunk,group_2
3237,3084,290.9450824,24.536129189999997,trunk,group_2
3238,962,36.56880421,2.6090854995,trunk,group_2
3239,2094,57.64109546,10.9564211415,secondary,group_3
3239,2032,285.3921583,28.000193025,secondary,group_3
3240,2094,34.2754976,3.36281331,secondary,group_3
3240,2093,104.441102,19.852167765,secondary,group_3
3241,4036,15.05679338,2.215796568,tertiary,group_3
3241,1822,69.84430443,10.698553046999999,tertiary,group_3
3242,86,457.3345534,32.62958628,trunk,group_2
3243,3246,138.4034626,11.671911447,trunk,group_2
3244,3354,114.9985605,13.336100814000002,secondary,group_3
3245,3242,138.8655272,9.907680636,trunk,group_2
3246,651,12.51251071,1.0552114394999998,trunk,group_2
3247,2851,97.55774077,6.960481545,trunk,group_2
3248,3282,198.2619109,14.1454523325,trunk,group_2
3249,3258,610.2804714,43.541864804999996,trunk,group_2
3250,3941,53.64476082,3.6894382995,trunk_link,group_2
3250,51,42.79707386,3.0534557325,trunk,group_2
3251,2719,935.8924314,66.77339949,trunk,group_2
3252,3249,49.53658842,3.4068972209999995,trunk_link,group_2
3253,2725,11.91733972,2.1712986765,secondary,group_3
3254,3259,18.73360498,2.5056805200000003,residential,group_4
3255,3256,35.2100693,2.421585561,trunk_link,group_2
3256,2726,384.3667633,27.423531345,trunk,group_2
3257,3256,26.21433124,1.8703217939999999,trunk,group_2
3258,3121,24.29442874,1.7333419319999999,trunk,group_2
3259,3255,28.49344323,3.81109059,residential,group_4
3260,3263,59.07258534,7.9011501795,residential,group_4
3261,3250,607.1111833,43.315744635,trunk,group_2
3262,52,29.00349141,2.0693208465,trunk,group_2
3263,3254,42.34873,5.664280203,residential,group_4
3264,158,44.29800763,6.359203602,motorway_link,group_1
3264,3327,149.0868412,14.627102422500002,secondary,group_3
3265,194,212.2378933,20.822933655,secondary,group_3
3266,1493,37.11738444,6.327891762,unclassified,group_4
3266,2636,100.3238757,25.601288175,unclassified,group_4
3267,2585,1194.567971,135.8351538,motorway,group_1
3268,3267,189.6734011,31.615784145,motorway_link,group_1
3269,39,452.5685821,45.601920390000004,motorway,group_1
3269,3386,636.1635465,78.4326816,motorway_link,group_1
3270,3271,237.6469027,23.625517365,motorway,group_1
3271,101,1223.622475,121.645658745,motorway,group_1
3272,1,416.9376642,41.449595654999996,motorway,group_1
3273,2035,126.3973178,12.4010039925,secondary,group_3
3274,3275,94.9676209,6.5314333095,trunk_link,group_2
3274,647,57.8616804,7.5343986675000005,trunk,group_2
3275,3287,19.43191224,3.1325003220000003,secondary,group_3
3276,3278,71.01983542,6.1953926085,trunk_link,group_2
3276,643,50.42700469,3.5978307075,trunk,group_2
3277,716,67.94299136,12.724545554999999,secondary,group_3
3278,2855,202.7986469,38.54797284,secondary,group_3
3279,3158,43.49971841,8.2684277715,secondary,group_3
3280,2849,109.4644946,17.64610506,secondary,group_3
3281,98,38.48957501,6.6275563965,primary,group_2
3282,2660,95.66974397,6.825778068,trunk,group_2
3283,3444,417.4738775,50.42922396,trunk,group_2
3284,3288,152.6234612,17.24689152,trunk_link,group_2
3284,2807,130.5405228,16.998198705,trunk,group_2
3285,3992,104.0484993,9.0766375335,trunk_link,group_2
3285,2681,92.67783114,10.333194023999999,trunk,group_2
3286,3752,61.12361265,10.524932787,primary,group_2
3287,3293,75.4776467,11.572268739,secondary,group_3
3287,715,197.2459114,31.796813085,secondary,group_3
3288,2806,266.9060994,38.976954975,primary,group_2
3289,2896,137.4988901,22.165359345,secondary,group_3
3289,3443,113.2782925,12.376707461999999,trunk_link,group_2
3289,2895,57.36698285,9.24778221,secondary,group_3
3290,3291,38.79760681,6.2543260995,secondary,group_3
3290,644,41.13284108,4.03559613,secondary,group_3
3291,3290,38.79760681,3.8064832815000003,secondary,group_3
3291,645,98.3180877,6.761862905999999,trunk_link,group_2
3291,3834,167.0133664,26.923208475000003,secondary,group_3
3292,3283,78.64664978,5.4089524739999995,trunk_link,group_2
3292,3132,28.63517717,4.3862554634999995,tertiary,group_3
3293,3296,22.4050266,3.4351493489999996,secondary,group_3
3293,648,663.3998828,86.38392729,trunk,group_2
3294,3295,83.97138066,9.4890083145,trunk_link,group_2
3294,646,62.94224277,8.1959588235,trunk,group_2
3295,1327,27.19839743,5.1849081990000006,tertiary,group_3
3295,2528,101.0622072,6.950590742999999,trunk_link,group_2
3295,646,30.2864339,3.5138992154999995,tertiary,group_3
3296,2849,11.14044356,1.345722339,trunk,group_2
3296,3277,55.43664706,7.0397559990000005,secondary,group_3
3297,4014,41.79536193,2.98198629,trunk,group_2
3298,2120,128.659404,23.768491455000003,secondary,group_3
3299,3300,16.79911571,3.1461834225,secondary,group_3
3299,31,870.9808859,73.452004605,trunk,group_2
3300,3298,50.80501436,9.385699859999999,secondary,group_3
3301,3144,71.11624884,7.471006796999999,primary,group_2
3302,2924,171.6620919,29.558658285,primary,group_2
3303,3302,60.36837538,10.3948877655,primary,group_2
3304,3307,71.66041776,7.5281736165,primary,group_2
3305,2885,346.6130242,30.806168864999997,primary,group_2
3306,3305,72.81861711,6.4719513074999995,primary,group_2
3307,2572,346.1732554,36.366692369999996,primary,group_2
3308,3598,150.5616014,10.7421639675,trunk,group_2
3309,3247,114.3586574,8.1591816075,trunk,group_2
3310,3786,38.4151753,7.096805503500001,secondary,group_3
3310,345,258.4128696,54.70819263,secondary,group_3
3311,3312,17.28302313,3.1928594025000003,secondary,group_3
3312,40,13.66571844,2.353113009,primary,group_2
3312,41,101.5242721,18.75555708,secondary,group_3
3313,3665,15.02271606,3.731014935,unclassified,group_4
3313,3115,225.7625167,38.87426169,primary,group_2
3314,3567,10.658072,1.835223519,primary,group_2
3314,328,346.5329259,64.018366605,secondary,group_3
3315,598,90.8073255,23.531126865,residential,group_4
3315,3475,122.1250131,21.02882175,primary,group_2
3316,3551,89.60951668,9.413788258499999,primary,group_2
3317,3033,38.76418795,7.2697189395,secondary,group_3
3318,3326,10.76078588,1.0557545925,secondary,group_3
3319,3325,59.23208544,5.8113363555,secondary,group_3
3320,3323,192.4774012,18.884206275,secondary,group_3
3321,3319,13.93585387,1.3672646115,secondary,group_3
3322,165,190.1780234,35.13341883,secondary,group_3
3323,2226,214.2370487,21.01907337,secondary,group_3
3324,3320,18.55039705,1.8200033985000001,secondary,group_3
3325,485,60.72096555,11.217569073,secondary,group_3
3325,2129,160.4191354,15.738928439999999,secondary,group_3
3326,3324,297.9780874,29.235014775,secondary,group_3
3327,3321,124.455236,12.2104638405,secondary,group_3
3328,2738,26.04565385,3.7904549039999997,motorway_link,group_1
3329,54,72.38117677,10.691055489,motorway_link,group_1
3329,2591,47.73567321,6.852697926,motorway_link,group_1
3330,47,3913.92958,203.5608408,motorway,group_1
3331,2580,2287.934541,227.45357339999998,motorway,group_1
3332,4041,298.118418,29.637255030000002,motorway,group_1
3333,2570,572.7524737,29.78847033,motorway,group_1
3334,3393,1167.721423,117.662474745,motorway,group_1
3335,2635,1064.476686,107.25928188,motorway,group_1
3336,2915,2148.955162,216.53399310000003,motorway,group_1
3337,3736,32.34870964,3.6467501474999997,primary,group_2
3338,2620,170.7985604,16.51649466,motorway_link,group_1
3339,3152,205.7249191,23.191879605,primary,group_2
3340,1990,80.97610488,8.5068186225,primary,group_2
3341,1930,48.6370291,5.1094873665,primary,group_2
3342,1510,79.07187969,8.306773209000001,primary,group_2
3343,3341,294.321603,30.919497765000003,primary,group_2
3344,167,31.42868772,3.083509119,secondary,group_3
3345,3861,231.2720141,22.69039581,secondary,group_3
3346,1978,180.9813654,30.854288595,unclassified,group_4
3347,1060,144.5246582,24.518986950000002,residential,group_4
3348,3352,9.340424688,2.2605570465,secondary_link,group_3
3348,3787,53.59324874,10.1870063175,secondary,group_3
3349,3111,16.75250779,3.2553128069999997,primary,group_2
3349,1813,292.7434868,55.644690690000004,secondary,group_3
3350,3788,34.31554587,8.305002352499999,secondary_link,group_3
3350,3352,92.55744569,17.59332204,secondary,group_3
3351,3349,19.65377264,3.7357896884999997,secondary,group_3
3351,134,273.9389253,46.5387273,primary,group_2
3352,3348,9.340424688,1.8868996815,secondary_link,group_3
3352,3351,147.2197451,27.983533530000003,secondary,group_3
3354,3877,38.08504928,4.416629691,secondary,group_3
3355,3358,59.77460362,11.596016757000001,residential,group_4
3355,1005,86.52208844,15.60858141,residential,group_4
3356,176,6.728892484,0.9000112275000001,residential,group_4
3357,1715,49.56113012,8.5799982855,residential,group_4
3357,175,6.424148194,0.8592506895,residential,group_4
3358,216,8.884675968,1.6887994725,secondary,group_3
3358,217,49.04772761,7.228982979,secondary,group_3
3359,1713,56.11083022,10.66554828,secondary,group_3
3360,2805,180.1818763,26.312403105,primary,group_2
3361,1460,28.92258344,2.837631993,secondary,group_3
3362,819,87.14670136,8.550075354,secondary,group_3
3362,1710,26.25614256,3.33419943,secondary,group_3
3363,2941,52.33077332,9.090833016,tertiary_link,group_3
3363,3361,30.7034862,3.0123586620000005,secondary,group_3
3364,3363,63.10223841,8.013189558,secondary,group_3
3364,188,121.6328852,23.119982445,secondary,group_3
3365,1711,106.4932895,13.5233065695,secondary,group_3
3366,3362,56.75963164,7.090402905,secondary_link,group_3
3367,2942,66.57060062,8.453627877,secondary,group_3
3367,1656,258.5647313,25.368119534999998,secondary,group_3
3368,1658,220.2521663,27.969251235,secondary,group_3
3369,650,15.85934145,1.732078365,trunk,group_2
3369,4075,36.97779137,4.6957138005,secondary,group_3
3370,3189,17.7044004,1.7370015749999999,secondary,group_3
3370,1732,166.4565455,31.640065125,secondary,group_3
3371,3372,23.38938817,2.294763063,secondary,group_3
3371,85,91.75690873,12.683345643000001,trunk,group_2
3372,910,11.75861443,1.1315292989999999,trunk,group_2
3372,3232,18.74819498,1.8394096095,secondary,group_3
3373,3838,18.6865346,3.5519370525,secondary,group_3
3373,1564,103.4409427,11.995792243499999,secondary,group_3
3374,37,36.89546507,2.999324148,trunk_link,group_2
3375,144,27.42822516,2.4904827105000003,trunk_link,group_2
3376,3781,211.1303558,35.81971461,primary,group_2
3377,2642,204.3616303,18.55603503,trunk_link,group_2
3378,1779,275.7273714,31.97542653,secondary,group_3
3379,68,186.3813176,16.258914585,trunk_link,group_2
3380,2696,83.41886574,11.1151344645,trunk_link,group_2
3381,835,180.1830252,23.64216216,primary,group_2
3382,1914,55.1689138,5.7956843445,primary,group_2
3383,3806,208.1545378,20.422310385,secondary,group_3
3384,46,3858.532249,200.679663,motorway,group_1
3385,133,11.51875972,0.87817923,motorway_link,group_1
3386,3270,244.7448506,35.66637288,motorway_link,group_1
3387,3931,165.0578149,21.629121405,motorway_link,group_1
3388,81,189.4823293,36.016806795,secondary,group_3
3389,3335,186.360598,27.5263761,motorway_link,group_1
3390,2579,195.366733,28.431952425,motorway_link,group_1
3391,186,12.47640181,1.8428258565,motorway_link,group_1
3392,146,259.1099908,25.56838299,motorway_link,group_1
3393,2996,363.0178435,53.619519345,motorway_link,group_1
3393,3394,741.1014391,74.67519879,motorway,group_1
3394,2647,1425.599641,143.646916515,motorway,group_1
3395,2648,279.746784,41.31997467,motorway_link,group_1
3396,191,537.8048387,79.436417445,motorway_link,group_1
3397,1734,63.8393957,13.343638753499999,residential,group_4
3398,1386,119.9166877,25.027640265000002,residential,group_4
3399,3400,78.98224993,14.2483948275,residential,group_4
3400,832,41.02500686,8.839161762,tertiary,group_3
3400,3399,78.98224993,10.5641324925,residential,group_4
3400,997,36.83320498,8.279386809,tertiary,group_3
3401,2833,164.2665952,28.285220700000004,primary,group_2
3402,1136,42.2212632,7.309324162499999,residential,group_4
3403,3404,21.38578655,3.7151340465,secondary,group_3
3404,2588,36.99127411,6.4261158465,secondary,group_3
3405,1584,41.53880166,9.212193789,tertiary,group_3
3405,3406,27.81829795,2.7292891185,secondary,group_3
3406,3317,7.206317356,1.525929774,tertiary,group_3
3407,2646,835.068423,84.14354256,motorway,group_1
3407,3392,287.0893306,28.32932043,motorway_link,group_1
3408,3905,9.105409197,0.8933434485,secondary,group_3
3409,3408,162.1061003,15.90443874,secondary,group_3
3410,3699,130.757481,20.978995245,primary,group_2
3411,3959,18.94789209,3.1709895525,primary,group_2
3411,3960,19.86366369,4.9338387345,residential,group_4
3412,3462,16.87698506,3.793617405,tertiary,group_3
3412,3695,79.71194273,13.523678439,primary,group_2
3412,3169,85.8817762,19.30454994,tertiary,group_3
3413,2916,31.16869999,4.6037701515,motorway_link,group_1
3413,3412,107.685219,18.542419905,primary,group_2
3414,2917,353.8216688,51.562006485,motorway_link,group_1
3414,3413,147.6430393,25.422794865,primary,group_2
3415,3715,17.05020096,4.3000386015,residential,group_4
3415,3683,73.08548038,18.6854424,residential,group_4
3415,3414,222.5354752,38.31859437,primary,group_2
3416,1280,15.92418437,4.126473282,residential,group_4
3416,1281,132.8001443,34.412829855,residential,group_4
3416,3789,156.9810678,27.030718829999998,primary,group_2
3417,673,14.89646708,3.8601583605,residential,group_4
3417,674,165.6354778,42.34729203,residential,group_4
3417,3416,242.9290897,41.830190175,primary,group_2
3418,3790,118.3676116,20.38183122,primary,group_2
3419,214,17.65025997,3.354961941,secondary,group_3
3419,3418,187.1893921,32.232318825,primary,group_2
3419,213,233.0045206,51.674162745,tertiary,group_3
3420,2158,144.774877,25.063354949999997,residential,group_4
3420,3419,123.1543185,21.20605881,primary,group_2
3421,3777,23.15815822,6.021800795999999,tertiary_link,group_3
3421,3423,27.71216526,6.2291547959999995,tertiary,group_3
3421,2156,97.01176227,20.90195043,tertiary,group_3
3422,3420,243.8008743,41.98030359,primary,group_2
3423,3424,30.18981069,6.786081214499999,tertiary,group_3
3423,3421,27.71216526,5.970804888,tertiary,group_3
3424,265,22.89471673,5.1462862335,tertiary,group_3
3424,3422,35.63806383,6.136551984,primary,group_2
3424,3423,30.18981069,6.5046331649999996,tertiary,group_3
3425,1517,17.14570353,4.4430085635,residential,group_4
3425,3424,382.266236,65.82278544,primary,group_2
3425,1759,133.5655271,34.148109180000006,residential,group_4
3426,1616,398.6641703,70.398666105,residential,group_4
3426,3425,97.14112664,16.72682265,primary,group_2
3427,4069,398.5686836,103.282088805,residential,group_4
3427,3426,99.67611246,17.16332427,primary,group_2
3428,3442,23.74091111,4.110014766,residential,group_4
3429,1268,39.6975062,5.3096704065,residential,group_4
3431,3489,109.1370954,10.7075812965,secondary,group_3
3432,3033,111.2194033,20.85775158,secondary,group_3
3432,3026,192.7021854,36.13878687,secondary,group_3
3433,3207,37.80737648,5.0568594165,residential,group_4
3434,1134,165.0597343,28.00281642,residential,group_4
3435,1777,27.4856472,3.1874430465,secondary,group_3
3436,1785,75.05243358,8.703646518000001,secondary,group_3
3437,1655,84.84296923,12.389827730999999,primary,group_2
3438,2555,27.23350741,4.68936345,primary,group_2
3438,3625,34.21313011,5.1377815185,tertiary,group_3
3439,971,15.81609343,1.8341535375000002,secondary,group_3
3439,3633,40.85442607,7.0347623415,primary,group_2
3439,3637,36.98776018,4.289379768,secondary,group_3
3440,3438,15.85370272,2.3807485770000003,tertiary,group_3
3440,3632,41.94156167,7.2219572505,primary,group_2
3441,1874,118.8047618,24.832437810000002,residential,group_4
3442,3428,23.74091111,3.1754239799999997,residential,group_4
3442,1878,26.38599598,6.645366296999999,residential,group_4
3442,1887,192.2456075,49.81707978,residential,group_4
3443,3445,173.7155074,24.012293505,trunk,group_2
3444,3289,95.23937539,10.762324233,trunk_link,group_2
3444,2895,62.1552896,7.5081177255,trunk,group_2
3445,3286,91.31459489,12.167199730499998,trunk_link,group_2
3445,2999,58.82006788,5.431812063000001,trunk,group_2
3446,2866,144.8503662,24.94192182,primary,group_2
3447,3485,56.40927822,4.024649781,trunk,group_2
3448,199,60.38395546,11.477784054,secondary,group_3
3449,3450,25.46408214,6.2160194835,residential,group_4
3449,63,394.4307049,67.91739687,primary,group_2
3450,2864,20.40537258,3.878653827,secondary,group_3
3450,3119,198.0301738,34.099003305000004,primary,group_2
3451,3229,19.64766546,1.927657818,secondary,group_3
3451,562,47.11228184,5.982666453,secondary,group_3
3452,3229,45.89032456,7.419833112,secondary_link,group_3
3452,1447,31.1791696,4.553170917,primary,group_2
3453,2788,83.55248849,10.832623971,primary,group_2
3454,2958,31.74753364,3.8057031329999997,primary,group_2
3455,2534,34.0877438,3.3888116115,motorway,group_1
3456,3331,441.2444784,53.441940495,motorway_link,group_1
3457,159,24.78441522,1.28902074,motorway,group_1
3458,3100,634.7457183,33.012697215,motorway,group_1
3459,4017,268.8755434,45.616582215,primary,group_2
3460,3070,62.60428704,4.466646943500001,trunk,group_2
3461,2852,65.03801948,4.640287185,trunk,group_2
3462,3412,16.87698506,2.1734968035,tertiary,group_3
3462,2916,91.68143755,15.131970525,primary,group_2
3463,3459,74.00554134,12.5555482575,primary,group_2
3464,3783,294.6626589,50.738242485,primary,group_2
3465,3936,50.0812533,8.496628513500001,primary,group_2
3466,2925,280.4562489,48.292027275,primary,group_2
3467,3466,59.78542638,10.2945092235,primary,group_2
3468,3917,77.8133397,11.6863228515,secondary,group_3
3469,3470,38.19388462,3.7472513175,secondary,group_3
3470,3918,116.9308125,11.472232938000001,secondary,group_3
3471,4018,238.0189977,40.984716765,primary,group_2
3472,2564,383.7897004,65.112558015,primary,group_2
3473,2435,55.61002966,5.455971787499999,secondary,group_3
3473,2231,40.46590985,7.69176135,secondary,group_3
3474,3475,16.00159803,3.8873321115,primary_link,group_2
3474,426,214.8768223,36.50482977,primary,group_2
3475,3474,16.00159803,3.674099808,primary_link,group_2
3475,3477,152.3962602,26.24125647,primary,group_2
3476,3313,142.3480929,24.511053015,primary,group_2
3477,425,15.74862273,4.0809795614999995,residential,group_4
3477,3476,63.08362526,10.8624292155,primary,group_2
3478,2430,223.7337383,29.92511427,residential,group_4
3479,1178,77.44837353,8.985732025499999,tertiary,group_3
3480,3481,51.38247318,6.1594214355000005,primary,group_2
3480,3874,125.9977973,11.198394606,primary,group_2
3481,3854,55.57408234,6.6618862965,primary,group_2
3482,1782,127.961153,16.249454864999997,secondary,group_3
3483,3484,76.41547844,15.97227744,residential,group_4
3484,1888,111.8368925,23.376021599999998,residential,group_4
3485,3069,350.9877522,25.042028985,trunk,group_2
3486,2644,31.10882572,2.2195307685,trunk,group_2
3487,4076,189.375407,32.027752830000004,primary_link,group_2
3488,2566,10.4089732,0.9419799855,trunk,group_2
3489,985,87.80253599,8.614420135500001,secondary,group_3
3490,1208,94.0200785,16.2767094,residential,group_4
3491,2603,26.34414554,2.5846581225,secondary,group_3
3491,3956,86.76594714,8.512719065999999,secondary,group_3
3492,3493,34.63731192,3.39831138,secondary,group_3
3493,3494,10.69698166,1.0494946785,secondary,group_3
3494,3498,10.20601606,1.0013254095000002,secondary,group_3
3494,3495,23.88474564,2.3433632235,secondary,group_3
3495,3491,96.90646928,9.5076187815,secondary,group_3
3496,3497,88.92606618,8.7246511335,secondary,group_3
3497,3492,73.88604171,7.249054919999999,secondary,group_3
3497,3133,37.97096626,3.7253805105,secondary,group_3
3498,3499,11.00832748,1.0800412185,secondary,group_3
3498,2739,26.42683281,2.5927706775,secondary,group_3
3499,3496,20.62687746,2.023729572,secondary,group_3
3500,2173,12.09121324,2.705188101,residential,group_4
3501,3502,12.11920846,1.860362727,primary,group_2
3501,2103,134.0449212,17.58829257,primary,group_2
3501,3410,36.80592556,5.905217286,primary,group_2
3502,3501,12.11920846,1.944430365,primary,group_2
3502,3702,36.24704938,6.7054844955,secondary,group_3
3503,3584,89.89139198,11.794822863,primary,group_2
3504,3522,375.3974807,43.184294595000004,primary,group_2
3505,3017,40.71968586,4.6842373755,primary,group_2
3506,2995,193.137367,33.256506255,primary,group_2
3507,3506,35.30617242,4.427121336,primary_link,group_2
3508,3813,51.69826305,8.9019729075,primary,group_2
3509,410,25.17218917,4.334423107499999,primary,group_2
3510,3815,99.61065122,17.15205243,primary,group_2
3511,3510,42.78898167,8.384630115,primary_link,group_2
3511,2997,40.96798193,3.641140065,primary,group_2
3512,409,94.07046875,8.360767032,primary,group_2
3513,411,136.1900875,23.136957765,primary,group_2
3514,2910,47.27253163,8.1399020205,primary,group_2
3515,693,161.2130968,27.759435930000002,primary,group_2
3516,2682,21.74871178,3.7449312914999995,primary,group_2
3517,412,32.83166801,4.1692083495,secondary,group_3
3517,2235,197.2740358,19.35481029,secondary,group_3
3518,412,40.80524858,7.026294423,primary,group_2
3519,2911,37.39110313,6.438409481999999,primary,group_2
3520,2911,40.37670095,6.1905750195,secondary,group_3
3520,2292,145.2485633,27.60885123,secondary,group_3
3521,2873,336.2344499,44.117970465,primary,group_2
3522,2986,32.70329737,3.7620626145000005,primary,group_2
3523,2254,35.13814228,4.6105433985,primary,group_2
3524,2979,235.44376,27.084552285,primary,group_2
3525,321,105.7299132,17.044075905,secondary,group_3
3525,3848,129.0068844,24.160755119999997,secondary,group_3
3526,866,111.1161442,27.975967710000003,unclassified,group_4
3526,2823,78.65887246,13.141470513,unclassified,group_4
3527,3530,38.94863807,8.559594858,residential,group_4
3527,3529,53.74203326,4.783972713,trunk_link,group_2
3528,3527,67.96218402,7.679922899999999,trunk_link,group_2
3528,3529,107.4838475,14.321669414999999,trunk_link,group_2
3529,66,183.6598184,24.471725415,trunk_link,group_2
3530,3527,38.94863807,6.7427689200000005,residential,group_4
3531,3533,40.0749899,5.360160078,residential,group_4
3532,3533,47.27786538,6.3235680705,residential,group_4
3533,3534,39.59685444,5.2962079079999995,residential,group_4
3534,3530,40.84223069,5.4627810255,residential,group_4
3535,3530,44.81314725,7.758029844,residential,group_4
3536,3540,33.77368803,5.8468841355,residential,group_4
3536,2541,66.16377982,14.540563614,residential,group_4
3536,3537,59.13305558,10.667600935500001,residential,group_4
3537,3541,34.96906969,6.053828016000001,residential,group_4
3537,3536,59.13305558,10.0320778215,residential,group_4
3537,866,178.6660234,45.678754125,residential,group_4
3538,3540,37.938164,6.5678361525,residential,group_4
3539,3541,37.70266845,8.141990964,residential,group_4
3540,3538,37.938164,6.5678361525,residential,group_4
3540,3536,33.77368803,5.8468841355,residential,group_4
3541,3540,58.2817414,7.795372233,residential,group_4
3541,3537,34.96906969,7.551663083999999,residential,group_4
3542,2900,531.5761113,44.82914793,trunk,group_2
3544,1418,14.3220852,1.6616800815000001,tertiary,group_3
3544,2126,131.4779122,15.2543589,tertiary,group_3
3544,3543,184.4586971,31.933398240000002,residential,group_4
3545,3546,10.84981331,1.0644891885,secondary,group_3
3545,2950,138.693993,26.362958309999996,secondary,group_3
3546,3548,9.197519806,1.4392757055,tertiary,group_3
3546,3549,9.09406576,1.7286002909999998,secondary,group_3
3547,3545,10.17870007,1.934767611,secondary,group_3
3547,2956,313.9879998,50.61609474000001,secondary,group_3
3548,3549,8.979693268,1.711824579,tertiary,group_3
3548,707,104.9076311,16.416491385,tertiary,group_3
3549,3547,10.31289368,1.662478833,secondary,group_3
3549,3550,11.19895996,2.1286986435,secondary,group_3
3550,3547,11.07474156,1.785291693,secondary,group_3
3550,491,98.58729012,18.739475040000002,secondary,group_3
3551,2763,7.869869354,0.8267568719999999,primary,group_2
3551,3574,74.63363075,7.322401845,secondary,group_3
3552,2774,17.43236321,2.021588376,secondary,group_3
3553,542,19.38429161,1.9018178700000001,secondary,group_3
3554,3059,16.26400854,1.59568287,secondary,group_3
3555,0,371.4185846,28.316597835,motorway_link,group_1
3556,3555,54.13068437,4.1268716295,motorway_link,group_1
3557,3487,8.742265887,1.4785189664999998,primary_link,group_2
3557,3431,65.66291531,6.442273375500001,secondary,group_3
3558,2773,85.01521611,9.859005955499999,secondary,group_3
3559,2617,444.5071561,43.61117082,secondary,group_3
3560,3561,338.3124854,62.499725415,secondary,group_3
3561,3563,6.771832563,1.2510258825,secondary,group_3
3561,3564,21.06399068,5.2319821125,residential,group_4
3562,3563,10.34648834,2.6811111149999998,residential,group_4
3562,4026,444.5809003,82.1317137,secondary,group_3
3563,3565,11.83115691,2.248866657,secondary,group_3
3564,3566,19.8114944,4.554565155,residential,group_4
3564,327,217.4224993,40.83898155,residential,group_4
3565,328,10.43620459,2.6681783955,residential,group_4
3565,3566,4.394777699,0.8353594755,secondary,group_3
3566,3567,343.1172479,65.219736705,secondary,group_3
3567,426,15.95673953,2.947842252,secondary,group_3
3567,3315,92.80308181,15.97985061,primary,group_2
3568,3314,16.61348683,3.1156432335,secondary,group_3
3568,427,234.353129,40.353487365,primary,group_2
3569,3570,20.16989215,4.432660902,residential,group_4
3569,3682,40.78673859,7.752744486000001,secondary,group_3
3570,2122,352.1730637,60.968026275,residential,group_4
3571,1407,10.63034192,2.02061571,secondary,group_3
3571,349,249.9964283,46.820001255,secondary,group_3
3571,3572,89.48101778,19.323662445,residential,group_4
3572,1407,89.77344559,23.263215000000002,residential,group_4
3572,1262,410.0800474,85.714470705,residential,group_4
3573,142,33.91696411,3.3276371265,secondary,group_3
3574,3573,49.73325989,4.879394320499999,secondary,group_3
3575,64,106.2995455,18.30381948,primary,group_2
3576,3594,30.18868584,5.1982184235,primary,group_2
3577,77,13.64735594,1.338959706,secondary,group_3
3578,3018,26.71222464,3.0728724554999998,primary,group_2
3579,2363,90.22810182,10.468464438,tertiary,group_3
3580,3310,35.55522706,7.527342636,secondary,group_3
3581,2930,19.29254971,3.322002417,primary,group_2
3582,3583,19.35995557,3.5765511450000003,secondary,group_3
3582,3224,146.9001569,20.30566953,trunk,group_2
3583,2560,15.14527606,2.0934965415,trunk,group_2
3584,3381,67.91808005,8.9116622385,primary,group_2
3585,3578,43.34772441,4.986556908,primary,group_2
3586,2603,13.48825329,1.323349941,secondary,group_3
3586,2604,189.912999,18.63260946,secondary,group_3
3587,3724,14.92636154,1.996449342,residential,group_4
3588,69,717.5630845,70.40104041000001,secondary,group_3
3589,1435,140.5898407,18.80434788,residential,group_4
3590,3020,24.14821212,4.7608752735,residential,group_4
3590,754,858.906819,207.3842229,residential,group_4
3591,3592,4.294572942,1.036930494,residential,group_4
3592,3590,23.42697083,5.6564740605,residential,group_4
3593,3824,22.98012292,4.7236100445,residential,group_4
3593,2306,21.34920153,3.6959631899999996,residential,group_4
3593,1890,65.01555926,13.5894791385,residential,group_4
3594,3595,100.1275501,17.24105775,primary,group_2
3595,3596,43.59817525,5.7237397515,trunk_link,group_2
3595,2657,26.41433073,4.54830864,primary,group_2
3596,3845,183.4534351,24.444225915000004,trunk_link,group_2
3597,3106,16.76115786,1.4896931835,primary,group_2
3598,3910,152.5292459,10.882550093999999,trunk,group_2
3599,190,19.18188999,3.092195757,secondary,group_3
3599,2914,267.6957661,45.14252391,secondary,group_3
3600,190,17.51410606,3.9650926095,unclassified,group_4
3600,3599,29.68518297,5.698865772,secondary_link,group_3
3600,2871,58.80119565,12.754605495,unclassified,group_4
3601,699,110.7319613,10.864055646,secondary,group_3
3602,1335,357.4353694,42.847199429999996,primary,group_2
3603,3747,29.86627756,3.580189485,primary,group_2
3604,3744,10.64433632,2.0232757649999997,secondary,group_3
3604,216,68.63658887,13.0464448575,secondary,group_3
3605,2923,290.2030248,49.970333849999996,primary,group_2
3606,2,153.3409977,26.0153532,primary,group_2
3607,2766,304.7119048,42.119623080000004,trunk,group_2
3608,3846,32.14918792,3.7300200675,tertiary,group_3
3609,1382,19.49744083,3.281002515,tertiary,group_3
3609,1383,41.72090191,4.840551549,tertiary,group_3
3610,2935,130.8805777,18.091320075,trunk,group_2
3611,2764,512.3775339,66.71870886,trunk,group_2
3612,2487,194.9983403,26.954170364999996,trunk,group_2
3613,3612,111.0871557,14.8017916785,trunk_link,group_2
3614,3808,90.5627254,12.518276437499999,trunk,group_2
3615,3253,14.89465237,2.7137548904999997,secondary,group_3
3616,2659,123.2937219,8.7966743505,trunk,group_2
3617,933,46.19315465,7.954043076,primary,group_2
3618,405,136.4924213,19.932324405,primary,group_2
3618,404,74.62958761,8.585103155999999,primary,group_2
3619,726,83.21598446,14.033018236499998,secondary,group_3
3619,691,116.9355176,20.314011915000002,secondary,group_3
3620,24,170.9224536,17.95599225,primary,group_2
3621,61,230.7416415,30.745135995000002,trunk_link,group_2
3622,3621,99.75969648,9.253801071,trunk_link,group_2
3622,143,46.06071567,6.50352762,primary,group_2
3623,971,37.74744611,3.7034506605,secondary,group_3
3623,2435,127.0820296,24.155755980000002,secondary,group_3
3625,2934,338.0011608,50.75759253,tertiary,group_3
3626,3792,51.83181374,6.499309125,primary_link,group_2
3626,2553,37.45200729,6.448896627,primary,group_2
3627,3438,38.21222289,6.5797988714999995,primary,group_2
3628,2814,314.442934,45.918876,primary,group_2
3629,2589,242.7047177,41.791555349999996,primary,group_2
3630,3623,57.35863383,13.9343619765,primary_link,group_2
3630,971,40.33001339,5.8894911704999995,primary,group_2
3631,3636,61.44667294,7.704938208000001,primary_link,group_2
3631,2554,39.69643283,6.835366387500001,primary,group_2
3632,2552,193.7886205,33.368646209999994,primary,group_2
3633,2590,221.6145082,38.16001218,primary,group_2
3634,3439,39.00923575,5.6966147595,primary,group_2
3635,3440,33.19441327,3.8512894305000005,tertiary,group_3
3636,3843,24.1965168,2.8073335305000002,tertiary,group_3
3637,3439,36.98776018,5.357442588,secondary,group_3
3637,972,42.67942325,4.949427963,secondary,group_3
3638,3734,12.66613471,2.1421357619999997,primary_link,group_2
3639,3638,21.52058813,3.6396282284999995,primary_link,group_2
3640,132,56.35390203,5.0783065245,motorway_link,group_1
3640,160,42.69280134,7.644580249500001,secondary,group_3
3640,739,159.7465667,27.344895105000003,secondary,group_3
3641,2938,30.27818672,5.7552786330000005,secondary,group_3
3642,3374,201.0280342,16.342069035,trunk_link,group_2
3643,2390,26.74369973,4.283187268500001,secondary,group_3
3643,190,298.9934967,45.773768955,secondary,group_3
3643,4005,30.90771105,4.997350967999999,secondary_link,group_3
3644,2387,52.87352996,9.767836679999998,secondary,group_3
3644,2386,81.78223646,14.9004447165,secondary,group_3
3645,3569,66.0285124,12.550701603,secondary,group_3
3645,3987,79.0475655,16.37525922,secondary_link,group_3
3646,2824,29.69854513,5.645100342,secondary,group_3
3646,504,12.31312867,1.208056947,secondary,group_3
3647,725,8.920936208,1.5443880555,residential,group_4
3647,3799,69.00294478,11.6362209585,secondary,group_3
3648,724,10.04118649,1.7731368600000001,residential,group_4
3648,3615,46.00181973,8.381374752,secondary,group_3
3649,2841,69.87118824,10.493538343500001,secondary,group_3
3650,1828,11.78390039,1.1561336775,secondary,group_3
3651,1134,47.93695318,6.4117232054999995,residential,group_4
3652,1135,41.49640353,5.550278769,residential,group_4
3653,1893,10.59952317,2.31562689,tertiary,group_3
3653,1897,39.38858738,8.61688071,tertiary,group_3
3654,1897,32.58505412,5.577803049,secondary,group_3
3654,254,35.29340196,6.430337535,secondary,group_3
3654,3653,42.79680594,10.0666228455,secondary_link,group_3
3655,3913,324.6748696,50.604968325,secondary,group_3
3656,2541,63.79974101,7.9999947705,primary_link,group_2
3656,2548,39.51237271,6.803672902500001,primary,group_2
3657,3316,7.245047387,0.7611171735,primary,group_2
3658,3764,58.28536329,6.762397086,tertiary,group_3
3659,3658,105.2953917,12.2166048195,tertiary,group_3
3660,2423,223.7541876,49.62995125500001,residential,group_4
3660,1664,17.01326967,3.3005013525000004,residential,group_4
3661,4006,22.98674684,3.0745520595,residential,group_4
3662,828,54.48153697,5.3452539135,secondary,group_3
3663,4020,57.16446368,9.037492461,residential,group_4
3664,436,38.58451076,8.313337601999999,tertiary,group_3
3664,435,64.61522372,14.116177408499999,tertiary,group_3
3665,3313,15.02271606,3.8335927560000003,unclassified,group_4
3665,3925,128.0600944,21.75577569,primary,group_2
3665,2347,255.8716659,65.294968035,unclassified,group_4
3666,2670,16.30584178,2.807718348,primary,group_2
3666,3150,189.8213263,32.685514065,primary,group_2
3667,1057,91.1768386,17.330896199999998,secondary,group_3
3667,1058,112.6765019,21.41755284,secondary,group_3
3668,3669,22.76034722,3.0548068035,tertiary_link,group_3
3669,1048,28.15976224,6.236612667,tertiary,group_3
3669,1558,7.108804262,1.5102697484999998,tertiary,group_3
3670,1815,358.1503535,92.808386955,residential,group_4
3670,3680,85.97462009,22.278815955,residential,group_4
3671,3672,32.91042833,7.7704365105,primary_link,group_2
3671,265,35.04734055,7.7725615574999996,tertiary,group_3
3671,264,228.9682087,50.779016864999996,tertiary,group_3
3672,1517,335.0463996,57.691957065,primary,group_2
3673,1363,39.31877644,6.806847093,residential,group_4
3673,3674,33.79214843,4.5198096225,residential,group_4
3674,3673,33.79214843,4.5198096225,residential,group_4
3675,1815,349.4876505,78.55801429499999,tertiary,group_3
3675,2133,205.3192239,46.151761019999995,tertiary,group_3
3676,1915,48.01978454,8.8711575165,secondary,group_3
3676,1750,63.36323983,11.544566312999999,secondary,group_3
3677,3676,51.76818382,8.7826080315,residential,group_4
3678,2416,236.827737,40.99950048,residential,group_4
3678,739,46.94133137,6.2785555545,residential,group_4
3679,691,78.8167708,13.2911626185,secondary,group_3
3679,739,27.22119619,4.7288601,secondary,group_3
3680,3203,14.96079878,3.8249614335000004,residential,group_4
3680,2687,386.0966153,66.482342085,primary,group_2
3681,178,21.28378593,1.6226554919999998,motorway_link,group_1
3682,3987,31.64982035,6.0159987945,secondary,group_3
3682,1405,96.65266764,18.37174194,secondary,group_3
3683,821,45.94993671,11.7478176435,residential,group_4
3683,3415,73.08548038,18.6854424,residential,group_4
3684,2866,16.46086535,3.128881776,secondary,group_3
3684,3749,103.6387082,17.84564739,primary,group_2
3685,683,38.21289726,7.166331546,secondary,group_3
3685,3897,113.7069374,21.613418055,secondary,group_3
3686,173,167.4097653,28.826446139999998,primary,group_2
3687,1180,9.553135114,1.6538340164999998,residential,group_4
3687,1975,54.29433375,9.399408153,residential,group_4
3687,3202,136.4480454,34.36471539,residential,group_4
3688,2447,13.71069884,2.9935775685,residential,group_4
3689,2447,15.78038849,2.1106782209999997,residential,group_4
3690,723,112.1314407,21.313947585,secondary,group_3
3690,3691,443.7210833,71.52957567,secondary,group_3
3691,3212,72.56543886,9.539611869,trunk_link,group_2
3691,3692,41.98348459,6.767902068000001,secondary,group_3
3692,2658,21.88605911,3.5281184055,secondary,group_3
3692,3212,55.43180456,7.6622103615,trunk,group_2
3693,3648,126.6795233,23.080577339999998,secondary,group_3
3693,3799,71.73876979,13.6361074995,secondary,group_3
3694,3168,22.97381396,4.3668632415,secondary,group_3
3695,3411,37.95388785,6.43913769,primary,group_2
3695,1521,53.91998545,7.5048761985,primary_link,group_2
3696,3791,118.30205,20.370542099999998,primary,group_2
3697,3698,111.3975597,18.89936094,primary,group_2
3698,3700,65.19920797,10.9112932635,primary,group_2
3698,1523,63.74890756,10.3463030775,primary_link,group_2
3699,3700,57.66301216,8.5464467085,primary_link,group_2
3699,1523,58.25570896,9.346664004,primary,group_2
3700,3502,222.7752156,37.282135544999996,primary,group_2
3701,3410,38.64738443,6.1467723329999995,primary_link,group_2
3701,3501,29.8219602,4.6465300875,primary,group_2
3702,3502,36.24704938,6.4197331125,secondary,group_3
3702,907,144.6422949,26.75794809,secondary,group_3
3703,3500,232.8626037,34.61910315,primary,group_2
3704,2335,112.273436,17.21381667,secondary,group_3
3704,3207,5.906221552,1.122654768,secondary,group_3
3705,494,119.2654259,20.64717144,residential,group_4
3706,3707,103.4233948,11.659175419499999,primary,group_2
3706,4025,74.91839088,8.4457357365,primary,group_2
3707,1822,50.17927214,5.656833615,primary,group_2
3707,3706,103.4233948,11.659175419499999,primary,group_2
3708,208,23.16300204,2.611222581,primary,group_2
3709,1530,92.03012726,13.439386116,primary,group_2
3709,1140,84.11896999,14.484525160499999,primary,group_2
3710,3735,216.8744962,24.448799039999997,primary,group_2
3711,834,191.2552676,21.560679945,primary,group_2
3712,3713,169.3877729,19.095503129999997,primary,group_2
3713,3710,208.2463898,23.47613124,primary,group_2
3714,3711,186.2414976,20.995465245,primary,group_2
3715,3415,17.05020096,4.359149673,residential,group_4
3715,844,81.97387742,14.1151596375,primary,group_2
3716,3717,29.39273626,2.8837592924999997,secondary,group_3
3716,974,37.1845195,4.3121974635,secondary,group_3
3717,975,48.73147753,4.7811081600000005,secondary,group_3
3717,3716,29.39273626,3.4086034845000004,secondary,group_3
3718,273,22.44530141,5.0452664265,tertiary,group_3
3718,274,22.05148794,4.956744831,tertiary,group_3
3719,872,206.0721048,53.39997423,residential,group_4
3719,3718,63.15325324,13.2002220285,residential,group_4
3720,201,1.323430283,0.20627450399999997,secondary,group_3
3720,202,222.7578558,32.902429935,motorway_link,group_1
3721,201,11.41400561,2.169574527,secondary,group_3
3721,3165,30.37290453,4.73402784,secondary,group_3
3722,2816,20.99720134,4.2189567435,residential,group_4
3722,3723,227.6999701,33.251587365,primary,group_2
3723,2784,203.4706025,29.713313160000002,primary,group_2
3724,3727,45.20956478,5.668930251,primary_link,group_2
3724,1946,158.3524088,21.18014907,residential,group_4
3725,2545,23.71072447,4.082772116999999,primary,group_2
3726,3729,19.10333379,3.240930633,residential,group_4
3726,3727,27.24548154,4.6914252855,primary,group_2
3727,3622,119.6334465,20.599796535000003,primary,group_2
3728,2543,121.3885258,20.035108995,primary,group_2
3729,2546,10.6544721,1.7585147235,primary,group_2
3729,3731,24.05322203,4.080692142,residential,group_4
3730,3729,26.44294789,4.364393916,primary,group_2
3730,3731,35.51542176,6.0064776525,primary_link,group_2
3731,2630,81.86009829,17.70628467,residential,group_4
3732,2546,24.93102453,3.3346055175,residential,group_4
3732,3728,33.58790268,4.211663583,primary_link,group_2
3733,2079,133.22858,17.54839551,unclassified,group_4
3734,3454,106.6399567,12.783355774499999,primary,group_2
3735,3337,11.10142645,1.2514912950000001,primary,group_2
3736,3338,573.3278016,55.44171771,motorway_link,group_1
3737,3714,216.7388074,24.433502505,primary,group_2
3738,1667,214.4726754,33.90734493,residential,group_4
3738,297,200.8052239,26.858350995000002,residential,group_4
3739,3738,22.51868254,3.0119469390000004,residential,group_4
3740,4034,21.93278075,2.3041141335,primary,group_2
3741,2760,158.3824406,23.393864775,motorway_link,group_1
3742,1909,14.17686651,1.4893286385,primary,group_2
3743,3604,15.22323518,2.893632996,secondary,group_3
3744,3745,41.06817402,7.8062397405,secondary,group_3
3745,3747,19.31932867,3.5199158310000005,secondary,group_3
3746,4022,44.37560626,5.146130145000001,secondary,group_3
3747,2703,14.22656039,2.416911045,primary,group_2
3748,3518,44.06710532,7.5879566265000005,primary,group_2
3748,3797,195.2016855,33.61196322,primary,group_2
3749,3750,77.29280018,13.309120510499998,primary,group_2
3749,3446,50.23148918,12.2029362645,primary_link,group_2
3750,4004,127.639557,21.97837629,primary,group_2
3751,196,188.6611919,25.234047255,residential,group_4
3752,3975,48.39369998,8.3778933585,residential,group_4
3752,2998,237.893332,40.963078275,primary,group_2
3753,2623,312.9697339,58.61381073,secondary,group_3
3754,2479,36.65176727,6.2180683545,residential,group_4
3755,2824,25.50162277,3.3589832040000003,unclassified,group_4
3757,3818,39.07462846,5.2263584865,residential,group_4
3758,3820,126.0665114,16.861805415,residential,group_4
3758,3757,65.04517056,8.7000028545,residential,group_4
3758,325,214.5787453,28.70060421,residential,group_4
3760,4071,51.45516641,6.7774918185,unclassified,group_4
3760,3759,47.95143445,6.4136601225,residential,group_4
3761,123,188.1257297,25.162427460000004,residential,group_4
3762,1492,267.915009,45.675017355,unclassified,group_4
3762,2252,146.3667502,24.453367725,unclassified,group_4
3763,3659,233.5886154,27.101469105,tertiary,group_3
3764,3765,84.56745442,9.811703575500001,tertiary,group_3
3765,3766,100.6101326,11.673010665,tertiary,group_3
3766,3767,101.2538535,11.747696592,tertiary,group_3
3767,3039,296.7465314,34.42919055,tertiary,group_3
3768,934,25.74764633,3.3783983189999995,primary,group_2
3769,162,72.12273884,9.4633636245,primary,group_2
3770,724,30.95171137,5.88330222,secondary,group_3
3771,172,25.7358565,4.4314815195,primary,group_2
3771,3873,101.2193027,14.950588402500001,motorway_link,group_1
3772,2386,77.89815801,16.783773420000003,tertiary,group_3
3772,3922,171.2037583,37.916922675,tertiary,group_3
3773,1896,102.1758473,11.8546683585,tertiary,group_3
3774,3773,351.5589582,40.788649844999995,tertiary,group_3
3775,3774,315.1781147,36.56766372,tertiary,group_3
3775,3778,84.49156416,13.601139084,secondary,group_3
3775,1068,271.9635804,29.617794675000003,secondary,group_3
3776,3461,112.0752821,7.996268943,trunk,group_2
3777,3423,15.63540341,2.0985240794999998,tertiary_link,group_3
3777,3422,25.47896052,6.6252775065,tertiary_link,group_3
3778,1069,75.42403192,12.141481326000001,secondary,group_3
3778,3775,84.49156416,9.201429822000001,secondary,group_3
3779,2770,17.21916925,1.9968647969999997,secondary,group_3
3780,2676,300.4521596,57.62187466500001,primary,group_2
3781,3606,24.10706774,4.0899295769999995,primary,group_2
3782,3605,23.76881371,4.0927745565,primary,group_2
3783,3471,37.41121059,6.4418718045,primary,group_2
3784,2631,76.26547305,12.938961190499999,primary,group_2
3785,3312,178.8475095,15.895555544999999,primary,group_2
3786,3311,81.94536783,15.138557429999999,secondary,group_3
3787,3788,69.32456561,13.177215494999999,secondary,group_3
3787,3350,43.20095507,10.3155558495,secondary_link,group_3
3788,749,113.9764692,21.664650645,secondary,group_3
3789,3415,95.04497347,16.365884055000002,primary,group_2
3789,844,22.40524229,5.3701741875,primary_link,group_2
3790,3417,140.571639,24.205163745,primary,group_2
3790,3696,22.98762799,4.661393754,primary_link,group_2
3791,214,204.7012616,35.24770422,primary,group_2
3791,3418,22.91255754,4.7206407465,primary_link,group_2
3792,863,175.0277046,20.307102375,tertiary,group_3
3792,2553,30.43632514,4.570619181,tertiary,group_3
3793,2695,72.28756771,12.4472647875,primary,group_2
3793,416,121.8189601,20.97612219,primary,group_2
3794,413,89.99415292,15.496178474999999,primary,group_2
3794,414,42.98488817,7.4016086295,primary,group_2
3795,417,97.1585995,16.72983132,primary,group_2
3795,2693,51.42520253,8.8549543575,primary,group_2
3796,414,261.0832634,44.956174544999996,primary,group_2
3796,415,46.26057579,7.965652386,primary,group_2
3797,2685,221.5241474,38.144452875,primary,group_2
3797,3748,195.2016855,33.61196322,primary,group_2
3798,4055,34.80312711,2.935035078,trunk,group_2
3799,3693,71.73876979,12.7056895335,secondary,group_3
3799,725,70.73569838,13.2655596165,secondary,group_3
3800,1069,69.80886765,7.602432303,secondary,group_3
3800,1070,154.5744685,24.882825464999996,secondary,group_3
3801,1897,29.63409223,5.434962217500001,tertiary,group_3
3801,1038,56.58015827,11.980786287,tertiary,group_3
3802,680,364.5988803,58.308484815,tertiary,group_3
3802,3803,30.45414291,6.845497947,tertiary,group_3
3803,4082,7.349388014,0.9830045205,residential,group_4
3803,3804,21.62483807,4.8608422529999995,tertiary,group_3
3804,870,74.69253087,16.7894256,tertiary,group_3
3804,4082,21.14487838,4.752956665499999,tertiary,group_3
3805,3750,53.81654796,12.898956100500001,primary_link,group_2
3805,3446,85.41208308,14.7071875275,primary,group_2
3806,4044,94.39660675,9.26137293,secondary,group_3
3807,3935,164.0501646,31.18266018,secondary,group_3
3807,2858,150.4571093,28.59889182,secondary,group_3
3808,3929,85.28582654,10.5378382275,trunk_link,group_2
3808,722,67.37322237,9.312844975500001,trunk,group_2
3809,3938,297.3792054,37.251574485000006,motorway_link,group_1
3810,3162,217.0278199,41.25265446,secondary,group_3
3811,3947,64.40795262,9.4056519315,primary,group_2
3811,403,60.02700862,6.9052781565,primary,group_2
3812,3853,40.27358957,3.9512938545000003,secondary,group_3
3813,3934,55.43396806,9.545227494,primary,group_2
3814,3961,51.09160375,8.797511667,primary,group_2
3815,3814,82.36122913,14.181858096000001,primary,group_2
3816,440,120.7969915,18.14006928,tertiary,group_3
3817,440,10.32834188,2.1588184125,residential,group_4
3817,3816,125.2423416,27.39875658,tertiary,group_3
3818,3756,77.80466465,10.4066266365,residential,group_4
3819,1277,109.2059303,13.5900622305,secondary,group_3
3819,718,295.8432623,46.938749384999994,secondary,group_3
3819,3818,220.8199428,38.993796255,residential,group_4
3820,1277,91.64325519,12.2575830735,residential,group_4
3821,3820,37.54733664,5.022078243,residential,group_4
3822,1001,25.70281981,3.782493288,tertiary,group_3
3822,2237,12.01159479,1.8796367849999998,tertiary,group_3
3823,4043,7.856012584,1.417224366,residential,group_4
3824,2205,69.84412426,14.35659888,residential,group_4
3825,3014,222.7181113,25.62064218,primary,group_2
3826,329,223.1088714,29.274545205000003,primary,group_2
3827,947,21.7342206,2.8517889915000003,primary,group_2
3828,946,67.84684286,8.9023150695,primary,group_2
3829,3007,35.49201403,4.0828659435,primary,group_2
3830,3010,218.3070926,25.113215415,primary,group_2
3831,3201,15.45229907,2.675094357,residential,group_4
3831,3200,30.15399795,6.522289647000001,residential,group_4
3832,3825,39.42163742,4.534914834,primary,group_2
3833,2939,120.2377742,22.85479971,secondary,group_3
3834,3291,167.0133664,16.38589695,secondary,group_3
3834,3159,34.55102246,5.5697600775,secondary,group_3
3835,3279,228.3327122,43.401488730000004,secondary,group_3
3836,932,45.81979172,4.4954389065,secondary,group_3
3836,2267,185.4521371,29.895610485000002,secondary,group_3
3837,931,164.8126881,31.327600665000002,secondary,group_3
3838,3149,194.3756309,25.602467939999997,unclassified,group_4
3838,910,30.77084696,5.8489235055,secondary,group_3
3839,105,95.67314205,11.468720079,primary,group_2
3840,3839,96.60817422,11.580806104499999,primary,group_2
3841,502,9.099955318,2.2911167235,unclassified,group_4
3841,2698,37.67540051,4.9624699815,unclassified,group_4
3842,3635,27.77655447,3.22269744,tertiary,group_3
3843,1169,145.4130124,16.871140125,tertiary,group_3
3844,2212,4.476463786,0.598741572,residential,group_4
3845,2698,511.9302315,70.762933935,trunk,group_2
3846,2078,86.07368569,11.5126350615,residential,group_4
3847,3062,239.3018083,20.180922225,trunk,group_2
3848,3525,129.0068844,20.79641478,secondary,group_3
3848,515,87.54516443,16.395693074999997,secondary,group_3
3849,1844,120.296994,15.918636525,secondary,group_3
3849,2043,28.13736721,4.535853744,secondary,group_3
3850,3851,58.58899424,7.2910699605,secondary,group_3
3851,464,11.12353923,1.8584001810000002,unclassified,group_4
3851,4045,104.0409752,10.2075943635,secondary,group_3
3852,2804,128.7964209,19.341342599999997,tertiary,group_3
3853,3866,24.61518494,2.4150275655,secondary,group_3
3853,3360,36.12135711,4.5293392005,primary_link,group_2
3854,152,457.7753512,77.42037909000001,primary_link,group_2
3855,787,29.57632026,6.397338348,residential,group_4
3855,3856,47.42227419,6.6600273795,residential,group_4
3856,459,63.0809123,7.684726681500001,tertiary,group_3
3856,794,35.81130967,6.719117059499999,tertiary,group_3
3857,937,75.98855465,9.970604772,primary,group_2
3859,1265,88.49034876,11.8358715975,residential,group_4
3860,1592,136.7006592,21.306646065000002,secondary,group_3
3860,799,67.95408942,12.916715341500002,secondary,group_3
3861,151,216.4210618,19.235006505,primary,group_2
3862,4031,93.67399007,23.451974865,tertiary,group_3
3862,4032,55.74026146,12.1773070515,tertiary,group_3
3863,2530,254.4992706,19.4027811,motorway_link,group_1
3864,618,73.25264582,14.464657580999999,residential,group_4
3864,512,55.81735131,8.9265912675,tertiary,group_3
3865,3864,30.61211861,5.643817866,residential,group_4
3866,3867,16.32400368,1.6015690710000001,secondary,group_3
3866,3360,27.72023055,4.048053531,primary,group_2
3867,2800,13.08735587,1.9111788060000001,primary,group_2
3867,464,126.3922908,12.400510787999998,secondary,group_3
3868,2206,57.35402667,9.730260906,residential,group_4
3868,2207,32.30247672,8.023454955,residential,group_4
3869,2207,41.59842018,7.367517082500001,secondary,group_3
3869,969,36.72800873,6.785118963,secondary,group_3
3869,3868,34.86946755,5.9156965365,residential,group_4
3870,3871,48.59232225,3.466931067,trunk,group_2
3871,2931,287.9108043,20.541658965,trunk,group_2
3872,2461,42.94814697,4.213698135,secondary,group_3
3873,3178,363.0546726,60.515908395,motorway_link,group_1
3874,3241,72.58843134,9.102028659,primary_link,group_2
3874,3480,125.9977973,15.10385712,primary,group_2
3875,3135,280.8464404,48.35921472,primary,group_2
3876,3045,28.10480377,3.2330694465,primary,group_2
3876,3875,38.63189653,6.269869167,primary_link,group_2
3877,3353,74.94539115,8.691233070000001,secondary,group_3
3878,2995,17.32972719,1.7100579584999998,motorway_link,group_1
3878,3617,194.8059683,33.543824295,primary,group_2
3879,3740,31.83082173,3.343937418,primary,group_2
3880,224,35.40405424,4.735407261,residential,group_4
3881,2936,12.69781409,1.0708385385,trunk,group_2
3882,963,27.60185752,1.9693180515000002,trunk,group_2
3883,3884,47.69014169,6.3107315115,secondary,group_3
3884,85,124.4307238,11.542308226500001,trunk_link,group_2
3885,2825,165.5559981,16.68182844,motorway,group_1
3885,156,164.841407,19.964996955,motorway_link,group_1
3886,3994,215.1208189,28.663741785,trunk_link,group_2
3886,197,526.6306304,47.658448575,trunk,group_2
3887,3889,123.9497497,11.2170702375,trunk,group_2
3888,4058,288.6405874,26.121083354999996,trunk,group_2
3889,3888,95.55861641,8.6477602005,trunk,group_2
3890,3887,274.2765002,24.821177745,trunk,group_2
3891,4060,360.3395773,30.388341134999997,trunk,group_2
3892,3092,127.8147376,10.778937688500001,trunk,group_2
3893,3104,75.74291453,6.854500267500001,trunk,group_2
3894,3893,52.79268929,4.7775756330000005,trunk,group_2
3895,3894,330.0582999,29.86925865,trunk,group_2
3896,642,42.70758715,2.9372301285,trunk_link,group_2
3896,2909,18.18254382,2.65524165,primary,group_2
3897,1058,11.39014162,1.800739698,residential,group_4
3897,1749,98.71784509,25.58099937,residential,group_4
3897,3667,116.8536621,22.211547585,secondary,group_3
3898,3899,84.01148291,15.96890517,secondary,group_3
3898,1650,47.39308956,10.415400021,residential,group_4
3899,956,12.20345161,1.6322512935,residential,group_4
3899,2211,79.45949808,10.6279659825,residential,group_4
3899,3684,125.0482605,23.769177074999998,secondary,group_3
3900,3901,267.147512,13.894162137000002,motorway,group_1
3901,131,649.8810436,49.5463095,motorway_link,group_1
3902,2575,1286.171168,66.89289603,motorway,group_1
3903,131,333.2575382,17.33250006,motorway,group_1
3904,3409,18.54354911,1.8193315380000001,secondary,group_3
3905,2959,248.783904,24.408509940000002,secondary,group_3
3906,3937,41.83545535,6.520621369500001,secondary,group_3
3907,2848,99.20409098,15.462298904999999,secondary,group_3
3908,3909,74.45656285,10.512869937000001,primary,group_2
3909,3456,205.7758838,29.054458335,primary,group_2
3910,3911,152.8202266,7.948077040499999,motorway,group_1
3911,2581,349.2713608,18.16536819,motorway,group_1
3912,3597,152.2275611,10.861025703000001,trunk,group_2
3913,3914,253.6500631,39.534791909999996,secondary,group_3
3914,3906,9.420126146,1.4682540284999999,secondary,group_3
3915,3655,13.34428007,2.079886476,secondary,group_3
3916,83,207.0609634,38.77893228,secondary,group_3
3916,1569,229.0410913,43.536137445,secondary,group_3
3917,83,111.9045332,16.806276525,secondary,group_3
3918,2830,104.0386696,10.2073681575,secondary,group_3
3919,2006,79.39805702,11.923196403,tertiary,group_3
3920,3919,93.08137033,13.9780178715,tertiary,group_3
3921,1680,73.43849453,10.80739836,tertiary,group_3
3922,832,14.54756286,3.221884974,tertiary,group_3
3922,3772,171.2037583,36.88720197,tertiary,group_3
3922,3923,92.59221585,19.032514425,residential,group_4
3923,3922,92.59221585,12.3845096445,residential,group_4
3924,2712,93.98629467,15.150958634999999,secondary,group_3
3925,3476,21.46890313,5.215526373,primary_link,group_2
3925,425,77.62080897,13.18678482,primary,group_2
3926,3150,36.63614335,5.9459629545,primary_link,group_2
3926,2670,220.0593738,37.892232105,primary,group_2
3927,694,254.6087171,44.07773493,residential,group_4
3928,3516,152.9652367,26.339229075,primary,group_2
3929,3690,444.5879308,84.507287115,secondary,group_3
3930,3151,209.1741748,32.040708585000004,tertiary,group_3
3931,45,236.9995999,23.561166165000003,motorway,group_1
3932,1403,40.71914469,6.866619481500001,secondary,group_3
3932,1897,34.01501298,5.7360770355,secondary,group_3
3932,3801,39.18228347,6.2083661385,secondary_link,group_3
3933,3948,40.25268246,5.383927035,residential,group_4
3933,694,125.6019253,22.658582445,residential,group_4
3934,3979,81.4166904,14.019217075499999,primary,group_2
3935,3807,164.0501646,31.18266018,secondary,group_3
3935,1611,211.8623798,40.270807454999996,secondary,group_3
3936,2563,212.9301521,36.125062424999996,primary,group_2
3937,3944,107.508867,16.75671054,secondary,group_3
3938,155,853.8568224,71.70021704999999,motorway,group_1
3939,3065,375.7782865,19.543975545,motorway,group_1
3940,2613,104.9945631,10.3011521085,secondary,group_3
3940,2614,16.76020089,1.6443649425000002,secondary,group_3
3941,2869,25.63316694,2.5149030945,secondary,group_3
3941,51,20.9232291,2.052805014,secondary,group_3
3942,439,176.3037272,37.455833085,tertiary,group_3
3943,3817,11.59611889,2.5717086225,tertiary,group_3
3944,3907,26.68837316,4.1597438085,secondary,group_3
3945,3575,33.64599124,5.793535116,primary,group_2
3945,3594,27.55831054,4.6607464620000005,primary_link,group_2
3946,3519,17.42441697,3.0003268709999995,primary,group_2
3946,2684,121.6538495,17.176875315,primary,group_2
3947,3618,74.61623497,10.8963925425,primary,group_2
3948,1080,156.7353608,20.963863635,residential,group_4
3949,2062,146.0692226,27.76484217,secondary,group_3
3950,3047,32.70868527,5.632139514,primary,group_2
3951,2888,44.51048069,7.6643018519999995,primary,group_2
3952,398,28.35909231,4.8831789795,primary,group_2
3953,123,32.69899973,3.2081410695,secondary,group_3
3953,115,31.17234754,4.9379045145000005,secondary,group_3
3954,116,176.0193976,23.54316621,residential,group_4
3955,3318,11.2774224,0.8597799030000001,motorway_link,group_1
3956,3498,32.94712187,3.2324846535000002,secondary,group_3
3957,3958,7.339296871,1.019361999,primary,group_2
3958,2893,162.5918123,26.835688635,primary,group_2
3959,3697,79.704807,13.338851048999999,primary,group_2
3960,569,221.4809851,55.012583805000006,residential,group_4
3960,3959,19.68509438,2.632945317,residential,group_4
3961,3000,124.7948149,21.488537445,primary,group_2
3962,1805,92.54316266,12.3779486205,residential,group_4
3963,1781,67.42570916,8.5622158935,secondary,group_3
3964,1262,99.17540839,23.865810705,residential,group_4
3965,3966,44.80521016,5.9928424035,residential,group_4
3966,1812,48.83849425,6.532307253,residential,group_4
3966,1004,87.06195742,11.6448196155,residential,group_4
3967,3210,19.40743856,2.9755577234999997,secondary,group_3
3967,2334,33.97843734,6.458622381,secondary,group_3
3968,2137,216.652475,21.256053975,secondary,group_3
3969,3753,19.03835791,2.6330481495,unclassified,group_4
3969,2624,82.88807889,15.7553685,secondary,group_3
3970,2625,217.5226588,55.613058734999996,residential,group_4
3971,1611,6.719972617,1.2773325944999998,secondary,group_3
3971,3935,212.9644082,40.480281045,secondary,group_3
3972,991,8.116119177,1.756487346,unclassified,group_4
3972,3971,403.6900239,60.62208096,tertiary,group_3
3973,2347,150.5732768,41.297018835,unclassified,group_4
3973,337,25.08567543,6.4015230825,unclassified,group_4
3974,337,13.58852544,2.274082626,primary,group_2
3974,3973,25.34274668,7.1236798485,unclassified,group_4
3975,3752,48.39369998,6.472814574,residential,group_4
3975,4072,32.30552551,5.592716568,residential,group_4
3976,1929,175.8991834,23.080071015,primary,group_2
3977,2263,114.7091921,15.342727065,residential,group_4
3978,2199,28.13642401,4.8709637820000005,residential,group_4
3979,3509,137.7227411,23.71460931,primary,group_2
3980,2968,7.168035322,1.116844485,primary,group_2
3981,641,384.18753,50.40998658,primary,group_2
3982,401,12.53895252,1.4424332805,primary,group_2
3982,3983,60.92903483,7.0090438125,primary,group_2
3983,3993,17.2872278,1.988656761,primary,group_2
3984,3986,17.44662726,2.0069934675,primary,group_2
3985,3984,85.13888384,9.794052517499999,primary,group_2
3985,402,106.5183232,12.2534616885,primary,group_2
3986,3982,61.72294745,7.100372493,primary,group_2
3987,3568,255.5425505,47.20883775,secondary,group_3
3987,3682,31.64982035,6.0159987945,secondary,group_3
3988,2683,58.35784287,9.914252719499999,primary,group_2
3989,2683,27.80739193,3.4868321790000003,primary_link,group_2
3989,408,61.83851782,5.496065322,primary,group_2
3990,3514,94.37701135,16.250867024999998,primary,group_2
3991,407,38.66022708,3.4360321185,primary,group_2
3992,3988,117.7964717,20.012117189999998,primary,group_2
3993,3985,85.11949641,9.791822262,primary,group_2
3994,180,10.38212953,1.1547028125,trunk_link,group_2
3994,3686,35.46210781,4.7251433265000005,trunk_link,group_2
3995,2864,16.69128794,2.8740886889999997,primary,group_2
3996,1299,13.63252039,2.759580432,tertiary,group_3
3996,1300,47.30288223,10.191779595,tertiary,group_3
3997,3675,90.95608275,19.98907425,residential,group_4
3998,3999,12.54418848,1.455404562,tertiary,group_3
3999,3947,97.70225098,11.335631796,tertiary,group_3
4000,3998,11.23108779,1.3030557075,tertiary,group_3
4001,4003,10.57609589,2.5692932099999997,primary_link,group_2
4001,420,11.13532886,2.7051499095000002,primary_link,group_2
4002,4067,11.44675867,2.280230799,primary_link,group_2
4002,2632,11.24240327,2.2395225525,primary_link,group_2
4003,3805,78.001622,13.431173211,primary,group_2
4004,4001,9.891746623,2.4030415095,primary_link,group_2
4004,2632,12.94557926,2.229111561,primary,group_2
4005,2390,15.42827276,2.6174469,residential,group_4
4005,1043,69.35968077,12.007513563,residential,group_4
4006,3661,22.98674684,5.3642324685,residential,group_4
4006,4007,13.00404587,1.7393333775000002,residential,group_4
4007,1899,145.3044279,30.43303986,tertiary,group_3
4007,1900,8.641932324,1.8879614249999999,tertiary,group_3
4008,2445,237.5040896,60.721623015000006,residential,group_4
4008,4009,9.020943924,2.337619512,residential,group_4
4009,2083,74.12675482,12.832787061,residential,group_4
4009,4010,9.731358529,2.5217110050000002,residential,group_4
4010,4011,7.787853045,2.0180856225,residential,group_4
4010,422,154.9466571,40.1517105,residential,group_4
4011,4008,9.450823289,2.416250304,residential,group_4
4011,1952,74.11814397,19.206417975,residential,group_4
4012,195,155.4469719,11.0907219705,trunk,group_2
4013,4012,14.87018333,1.060947453,trunk,group_2
4014,4015,15.25011591,1.0880546174999999,trunk,group_2
4015,2943,56.55363814,4.0349494725,trunk,group_2
4016,4025,63.81529489,7.194056229000001,primary,group_2
4017,3472,69.22680646,11.7448030725,primary,group_2
4018,32,97.26006372,16.74730254,primary,group_2
4019,2542,3.00799577,0.29903800799999997,motorway,group_1
4020,752,56.49777427,8.932091307,residential,group_4
4021,726,72.11961625,12.528603567000001,secondary,group_3
4021,3647,43.16033635,7.278286630499999,secondary,group_3
4022,2703,59.79734935,6.934551841499999,secondary,group_3
4023,226,38.5679907,7.026956440499999,secondary,group_3
4023,225,226.284365,43.01213883,secondary,group_3
4024,3712,321.7122752,36.2674215,primary,group_2
4025,3706,74.91839088,8.4457357365,primary,group_2
4025,4024,64.66009738,7.289292906,primary,group_2
4026,2386,10.47952823,2.3209272135,tertiary,group_3
4026,3644,82.24491865,15.19389633,secondary,group_3
4026,2208,218.7301926,47.784934035,tertiary,group_3
4027,3560,91.11507634,16.832566035,secondary,group_3
4028,1558,61.8035662,13.892237481,tertiary,group_3
4028,2133,18.73006258,3.9792130815,tertiary,group_3
4029,2133,21.30345371,4.36173414,residential,group_4
4029,1604,85.00721782,11.369991519000001,residential,group_4
4030,3112,407.2920277,101.968565535,tertiary,group_3
4030,4031,24.33922979,5.244079302,tertiary,group_3
4031,3862,93.67399007,20.182801035,tertiary,group_3
4031,4030,23.98366925,6.00448863,tertiary,group_3
4032,1888,210.1964365,45.920605335,tertiary,group_3
4032,3862,56.45469967,13.964074794000002,tertiary,group_3
4033,4052,52.74954936,5.5415217795,primary,group_2
4034,4033,84.74384376,8.9026325655,primary,group_2
4035,3706,81.49052745,10.899622759500001,residential,group_4
4036,3241,15.05679338,2.3063570325000002,tertiary,group_3
4036,3151,66.05223229,9.720416949,tertiary,group_3
4037,4035,80.02612533,10.703754219,residential,group_4
4038,4037,73.10010743,9.777376827,residential,group_4
4039,2110,110.5266219,14.7832947165,residential,group_4
4040,3473,164.4778711,21.99944955,residential,group_4
4041,17,44.2134872,4.3954560224999994,motorway,group_1
4042,1363,20.1374316,2.6934468915,residential,group_4
4042,2622,222.8532178,48.22980645,unclassified,group_4
4042,804,44.70105591,7.738624647,residential,group_4
4044,3032,174.3647412,17.107149825,secondary,group_3
4046,2801,172.1268157,25.136102775,primary,group_2
4047,2803,23.53007282,3.4361544779999997,primary,group_2
4048,732,49.26137174,10.085923618499999,residential,group_4
4048,731,42.53787153,10.565774851499999,residential,group_4
4049,235,32.36981503,7.113791805,residential,group_4
4050,235,22.26750946,4.2326088615,secondary,group_3
4050,236,165.2305819,30.524637554999998,secondary,group_3
4051,1292,34.58977596,4.626494895,residential,group_4
4052,4053,17.35845226,1.8235651755,primary,group_2
4053,4054,16.08939467,1.3568590425,trunk,group_2
4054,35,67.04696098,5.6542385325,trunk,group_2
4055,4056,14.85748729,1.2529692015,trunk,group_2
4056,3847,53.94371418,4.5492088365,trunk,group_2
4057,3105,274.212965,23.125067715,trunk,group_2
4058,4059,17.29672758,1.5653005245,trunk,group_2
4059,19,71.84287035,6.5015582925,trunk,group_2
4060,4057,17.48578229,1.474619916,trunk,group_2
4061,4062,7.622444263,0.6428198595,trunk,group_2
4062,2901,518.2277479,43.703446935,trunk,group_2
4063,4064,7.321056583,0.6625330515000001,trunk,group_2
4064,2847,36.78375897,3.3288167910000004,trunk,group_2
4065,3137,53.44069883,9.2020045755,primary,group_2
4066,737,223.9013934,29.947538684999998,residential,group_4
4066,731,46.2790506,8.3487389355,residential,group_4
4066,4048,38.21527917,5.111417727,residential,group_4
4067,2633,339.0598382,58.383034845,primary,group_2
4068,4002,10.18429441,1.652887878,primary_link,group_2
4068,420,13.40555368,2.308314993,primary,group_2
4069,1616,99.38275754,14.754970986,residential,group_4
4069,833,94.13830878,24.39429279,residential,group_4
4069,3427,398.5686836,83.30837838,residential,group_4
4070,4071,47.23647576,6.3180320745,residential,group_4
4071,2543,89.57746598,11.798825757,unclassified,group_4
4071,3760,51.45516641,6.7774918185,unclassified,group_4
4072,3975,32.30552551,4.3209689775,residential,group_4
4073,4075,68.009072,7.6852213755,trunk_link,group_2
4073,3369,47.71052376,5.2107060195,trunk,group_2
4074,2677,404.7429563,39.70985385,secondary,group_3
4075,3370,34.86084275,6.626350027499999,secondary,group_3
4076,2595,90.27784044,10.8219638145,primary,group_2
4077,2748,60.26831658,7.528707192,secondary_link,group_3
4077,48,235.98326,44.255589119999996,secondary,group_3
4078,4079,33.60197937,4.4259334125,unclassified,group_4
4079,1516,68.5216754,10.2714474345,tertiary,group_3
4079,1514,12.15110748,2.279858355,tertiary,group_3
4079,4078,33.60197937,4.4259334125,unclassified,group_4
4080,1029,99.96984607,13.371291652500002,residential,group_4
4081,3159,372.7480657,70.85196343499999,secondary,group_3
4082,3803,7.349388014,1.5616403010000002,residential,group_4
4082,3802,30.81964742,6.927656241,tertiary,group_3
4083,1319,94.10485994,16.043300925,unclassified,group_4
3057,0,811.8680089,80.711347485,motorway,group_1
2596,1,302.3705313,44.004342135,motorway_link,group_1
3336,1,752.9087789,73.834970145,motorway,group_1
3463,2,121.237271,20.568735525,primary,group_2
1348,3,14.36982408,2.4379393274999996,primary,group_2
2573,4,59.00546859,5.8659915494999995,motorway,group_1
4,5,842.8680448,82.54331604000001,motorway,group_1
2520,6,902.8083695,46.954455120000006,motorway,group_1
2527,7,612.3060364,31.845624479999998,motorway,group_1
2667,8,609.2651384,57.390071715000005,trunk,group_2
3375,9,207.1395888,18.80827365,trunk_link,group_2
3123,10,287.8996015,30.244844385,primary,group_2
1450,11,195.2615128,28.940425605,primary_link,group_2
2539,12,94.09401367,8.3628596505,primary,group_2
10,13,17.73932739,1.863577419,primary,group_2
43,13,140.1966346,12.460354632000001,primary,group_2
3782,14,134.3022256,23.1256275,primary,group_2
3,15,22.2425064,4.165636224,secondary,group_3
16,15,176.2514067,24.885759479999997,primary,group_2
2844,16,168.7794976,29.06230164,primary,group_2
4019,17,222.5444849,22.12412001,motorway,group_1
2836,18,214.1808374,19.382705504999997,trunk,group_2
20,19,68.56170713,6.204623136,trunk,group_2
3895,20,267.0805951,24.169970505000002,trunk,group_2
4063,21,86.9021125,7.864373281499999,trunk,group_2
2650,22,83.56143499,7.5620522655,trunk,group_2
24,23,17.44030793,2.0906390805,primary,group_2
2571,23,352.8930319,31.364321519999997,primary,group_2
13,24,17.1956148,1.8064585395,primary,group_2
3840,24,511.7234601,61.342326555,primary,group_2
2525,25,389.9413971,20.280589380000002,motorway,group_1
2651,26,722.559967,37.579857135,motorway,group_1
58,27,140.628584,11.8595615235,trunk,group_2
30,28,21.65750617,2.7502305255,secondary,group_3
3049,28,206.1928693,21.661270844999997,primary,group_2
2793,29,114.7885917,16.76286072,primary,group_2
492,30,153.7231007,18.427399514999998,primary,group_2
4061,31,551.4479183,46.504987305,trunk,group_2
14,32,188.8053654,32.510574795,primary,group_2
2578,33,1059.073725,106.71486621,motorway,group_1
3388,34,87.57969207,16.64715048,secondary,group_3
3390,34,191.3883146,25.83587241,motorway_link,group_1
3798,35,702.9274663,59.279637855000004,trunk,group_2
3642,36,138.7330118,11.6997031605,trunk,group_2
964,37,20.94585036,1.7027402865,trunk_link,group_2
355,38,74.4122279,6.275369982,trunk,group_2
71,39,471.6481435,69.664748475,motorway_link,group_1
3931,39,655.7895104,65.19490173,motorway,group_1
2565,40,17.23540524,3.648881232,secondary,group_3
3303,40,173.5536589,29.884369004999996,primary,group_2
40,41,94.14958868,19.932265140000002,secondary,group_3
3037,42,78.84028071,6.648798792000001,trunk,group_2
3785,43,133.4349246,11.859389388,primary,group_2
2574,44,180.9414023,16.081655925,primary,group_2
3329,45,354.0884558,51.60088503,motorway_link,group_1
2738,46,650.9610806,33.856047285,motorway,group_1
3385,47,305.2274014,23.27024529,motorway_link,group_1
2734,48,252.1825724,47.29355934,secondary,group_3
3116,49,32.50099913,6.09513939,secondary,group_3
3134,49,12.0810238,1.5830933579999997,motorway_link,group_1
49,50,68.3035197,12.6183673665,secondary,group_3
2608,51,15.61305679,1.073793765,trunk_link,group_2
3251,51,54.9156453,3.9180831030000003,trunk,group_2
3261,52,25.83894377,1.8435389115,trunk,group_2
3262,53,417.0864173,29.757990375,trunk,group_2
2602,54,80.36115879,11.1081374385,trunk,group_2
2591,55,9.775329937,1.198765737,trunk,group_2
71,56,569.7350869,55.79500092,motorway,group_1
130,56,188.598512,27.856926989999998,motorway_link,group_1
8,57,614.568568,57.88963125000001,trunk,group_2
2568,58,192.8435579,16.262981355,trunk,group_2
3902,59,762.1981511,39.64141239,motorway,group_1
3101,60,444.9842759,23.14333242,motorway,group_1
62,61,241.1888427,33.338976869999996,trunk,group_2
3223,62,104.6643268,14.4675082425,trunk,group_2
2700,63,102.4418121,17.6395527,primary,group_2
2694,64,41.55008843,7.154549102999999,primary,group_2
2629,65,111.2175321,19.15065225,primary,group_2
2767,65,123.5821534,16.24638114,trunk_link,group_2
65,66,28.99237736,3.8630850465,trunk_link,group_2
3656,66,223.5096241,38.486333985,primary,group_2
3226,67,128.0736806,17.06515869,trunk_link,group_2
2666,68,100.980186,9.1383955335,trunk,group_2
3559,69,78.74000955,7.7252839695,secondary,group_3
2621,70,575.5622494,37.969052805000004,motorway,group_1
3272,71,529.1314036,53.316578085,motorway,group_1
2828,72,59.82230477,6.8912004345,trunk,group_2
3233,73,83.8566713,7.8989262255,trunk,group_2
3377,74,28.2407436,2.564259381,trunk_link,group_2
797,75,72.96281787,6.872773587000001,trunk,group_2
3915,76,211.4044589,32.950243305,secondary,group_3
3588,77,210.8887098,20.690563515,secondary,group_3
60,78,154.9585276,8.059288635000001,motorway,group_1
3333,79,692.0183857,35.99141007,motorway,group_1
44,80,113.762371,10.110938043,primary,group_2
2653,81,105.2974908,20.01495018,secondary,group_3
3389,81,390.7939572,56.949933630000004,motorway_link,group_1
183,82,103.9923635,19.502414325,secondary,group_3
3390,82,377.2365942,54.154225815,motorway_link,group_1
3469,83,78.52832295,7.704515124,secondary,group_3
2118,83,151.4523185,22.74572325,secondary,group_3
15,83,91.59614087,17.154370800000002,secondary,group_3
107,84,95.66282859,8.502292314,primary,group_2
106,84,135.266589,28.637082284999998,secondary,group_3
3610,85,559.8246432,77.38326789,trunk,group_2
2576,86,131.6639121,9.0552343305,trunk_link,group_2
87,86,99.79758839,7.120288628999999,trunk,group_2
2835,87,17.03029586,1.2150656535,trunk,group_2
2576,87,54.47888766,7.209071328,secondary,group_3
2523,88,536.0006204,27.877031190000004,motorway,group_1
3086,89,144.1269493,12.154587448500001,trunk,group_2
1784,90,259.841945,32.99665452,secondary,group_3
6,91,412.0520593,21.430550025,motorway,group_1
5,92,782.0228614,76.58465712,motorway,group_1
2820,93,414.2165693,53.936780729999995,trunk,group_2
95,94,16.03652362,2.0881792815,trunk,group_2
2810,94,170.9162125,24.9593154,primary,group_2
2807,95,19.88802033,2.3840561024999998,primary,group_2
2946,95,666.7955995,86.82609702,trunk,group_2
3277,96,119.7691339,14.798563941000001,trunk_link,group_2
3296,96,84.63577294,9.921746154,trunk,group_2
3132,97,69.25028662,8.365165827,trunk,group_2
643,98,22.9694041,3.9551234595,primary,group_2
99,98,62.20229161,5.7441477045,trunk,group_2
3285,99,353.9047267,39.45891009,trunk,group_2
2909,100,17.05127189,1.5430875419999999,trunk,group_2
3176,100,29.2251578,3.3619507019999997,primary,group_2
2680,101,396.3703278,35.71873374,motorway_link,group_1
102,101,806.6190184,80.1895224,motorway,group_1
3332,102,2272.145172,225.88388325,motorway,group_1
104,103,474.4826869,45.88323663,motorway_link,group_1
3267,103,693.8621749,69.915254655,motorway,group_1
3270,104,466.3087123,30.761746695,motorway,group_1
2837,105,600.2206776,100.44882507,primary,group_2
107,106,61.82728964,11.4219509835,secondary,group_3
105,107,15.17145734,2.8027695075,secondary,group_3
13,107,688.7951213,61.218527115,primary,group_2
2856,108,775.5403958,40.33533354,motorway,group_1
25,109,954.9376735,49.665665115,motorway,group_1
2272,114,204.6340761,20.076913335,secondary,group_3
3954,115,33.09479917,4.4265368925,residential,group_4
118,117,97.87980789,13.091742256500002,residential,group_4
4000,120,295.720337,34.310129205,tertiary,group_3
122,121,247.408882,31.417812105,secondary,group_3
123,122,104.402815,13.257842638499998,secondary,group_3
3387,130,345.2931007,35.505648105,motorway_link,group_1
3268,130,1013.065892,143.42880963,motorway_link,group_1
3939,131,114.7365402,5.967370161,motorway,group_1
3271,132,224.0472338,25.217238825000003,motorway_link,group_1
147,133,117.0364566,11.4825978195,secondary,group_3
2584,134,314.3819527,46.43575929,motorway_link,group_1
2637,134,147.7606227,25.10264403,primary,group_2
1201,135,88.09052762,13.7848636275,tertiary,group_3
3029,136,12.27819713,1.7892869085,motorway_link,group_1
200,138,853.6778709,44.399210984999996,motorway,group_1
3708,139,118.9357727,13.4079241935,primary,group_2
2706,140,47.82379598,6.396588061499999,residential,group_4
142,141,89.18349519,20.49510951,unclassified,group_4
1668,142,100.2800702,17.16561462,secondary,group_3
66,143,109.3943474,15.445898955,primary,group_2
3621,143,70.97217913,9.4566775425,trunk_link,group_2
74,144,20.1403475,1.8287434545,trunk_link,group_2
3378,144,30.4108698,3.526673931,secondary,group_3
3386,145,526.6614905,73.52343891,motorway_link,group_1
3387,145,796.4945349,104.372380125,motorway_link,group_1
3878,146,48.27022087,8.311695075,primary,group_2
2870,147,115.8481739,11.3660138715,secondary,group_3
3938,148,267.1390545,17.622797325,motorway,group_1
3480,149,51.77672961,4.601796714,primary,group_2
149,150,97.07429387,8.627740104,primary,group_2
150,151,235.8616452,29.57522865,primary_link,group_2
166,152,114.2511223,13.695736464000001,primary,group_2
202,153,104.578424,8.78167803,motorway,group_1
3720,154,43.50840956,6.781373904,secondary,group_3
153,155,160.4928723,13.4769360315,motorway,group_1
154,156,174.1608006,24.590577030000002,primary,group_2
3264,157,57.598139,5.6510277615,secondary,group_3
92,158,300.3246108,43.11312063,motorway_link,group_1
138,159,354.4105555,18.432654239999998,motorway,group_1
132,160,40.59516045,4.005837854999999,motorway_link,group_1
163,161,711.8087042,37.0206912,motorway,group_1
3394,162,368.7286462,36.385301909999995,motorway_link,group_1
146,162,171.3932293,29.51236257,primary,group_2
3064,163,825.7764416,42.94807644,motorway,group_1
3556,164,88.79586416,8.711876844,secondary,group_3
3264,165,13.91895135,1.998136041,motorway_link,group_1
3265,165,152.6709478,14.978743744500001,secondary,group_3
3639,166,198.0411599,33.493331685,primary_link,group_2
458,166,284.5802175,33.00206937,secondary,group_3
3345,167,38.0893646,3.736996725,secondary,group_3
185,168,124.6672423,8.8946713215,trunk,group_2
148,169,267.6291156,17.655125984999998,motorway,group_1
2929,170,47.51163312,8.1810731325,primary,group_2
2596,172,123.4854103,21.26306982,primary,group_2
3873,172,87.99223597,14.6670198525,motorway_link,group_1
2862,173,492.8348316,72.79412641500001,motorway_link,group_1
3450,173,214.5397566,36.941803995,primary,group_2
2826,174,318.0610527,35.85581013,primary,group_2
175,176,51.31171581,6.863108669999999,residential,group_4
2250,177,74.62432761,9.9812462265,residential,group_4
3555,178,37.81754758,2.883173676,motorway_link,group_1
1264,179,88.21119678,13.096372866,residential,group_4
3686,180,31.39202022,5.405421711,primary,group_2
63,180,19.40874548,3.9356737875000003,primary_link,group_2
3407,181,1188.995625,119.80611557999998,motorway,group_1
1933,182,209.8067987,36.126831495,primary,group_2
3388,183,18.49011997,2.5727475495,motorway_link,group_1
2039,183,404.1895712,76.828365735,secondary,group_3
2531,185,214.3101453,16.33880061,motorway_link,group_1
3694,186,86.1701815,16.379230665,secondary,group_3
181,191,869.8860472,87.651851775,motorway,group_1
1780,193,81.0231703,7.332347135999999,trunk,group_2
203,194,197.0588772,19.333700789999998,secondary,group_3
168,195,202.5960486,14.454681365999999,trunk,group_2
2701,197,20.29525651,2.9977091175,motorway_link,group_1
2710,197,21.62694903,3.723964848,primary,group_2
197,198,22.56483374,3.3329368275,motorway_link,group_1
3449,199,114.3414004,29.629569885000002,residential,group_4
198,199,411.450777,60.773301630000006,motorway_link,group_1
3067,200,524.8594973,27.297588885000003,motorway,group_1
2645,200,451.1394976,34.394444025,motorway_link,group_1
2904,202,916.9327716,92.39239512,motorway,group_1
161,203,319.7374175,24.376475055,motorway_link,group_1
2667,204,159.4867341,10.9687592235,trunk_link,group_2
3457,205,338.5077551,17.6055603,motorway,group_1
3339,208,13.21642977,1.489920858,primary,group_2
2306,212,108.2577258,26.889609555,residential,group_4
1518,214,328.2336029,56.51885514,primary,group_2
3745,215,14.26238684,1.838538873,primary,group_2
3743,215,37.36666719,7.102657212,secondary,group_3
3355,216,61.33179374,14.97166176,residential,group_4
1063,226,106.6495682,17.16805251,secondary,group_3
1177,241,65.41823326,11.3251721235,residential,group_4
243,242,82.12269369,10.984177047000001,residential,group_4
243,244,83.24193238,11.133878857500001,residential,group_4
244,245,143.0682278,19.135840215,residential,group_4
3672,265,30.18025008,5.196765861,primary,group_2
266,267,70.82376458,9.4729085745,residential,group_4
4068,268,339.5074621,58.46011164,primary,group_2
3719,273,66.85184074,17.32348284,residential,group_4
829,286,361.3624602,35.453737395,secondary,group_3
846,289,237.1113112,48.738702375,residential,group_4
993,297,326.4975329,51.61806483,residential,group_4
2185,306,80.71686729,9.364949918999999,tertiary,group_3
312,311,65.88969794,8.8129611345,residential,group_4
1425,312,69.39448636,9.281737971,residential,group_4
2877,316,99.54082483,13.313908666499998,residential,group_4
3562,328,12.07610987,2.2647172365,secondary,group_3
3828,329,24.74683376,3.2470797735,primary,group_2
784,330,82.63015771,11.052052008,residential,group_4
419,331,91.69796762,15.78955995,primary,group_2
3351,334,16.24589281,2.7599698515,primary,group_2
3348,334,147.4748368,28.032021375,secondary,group_3
336,335,410.3945371,68.68082124,primary,group_2
3974,336,149.8073203,28.06916016,primary,group_2
338,337,232.4605319,38.903003805,primary,group_2
3115,338,17.23228787,2.923575966,primary,group_2
3665,338,225.5429148,38.316862755,primary,group_2
2821,340,122.2827992,16.355721615,residential,group_4
3580,346,32.54754199,6.8905902405,secondary,group_3
353,354,192.6369424,40.9326072,residential,group_4
2902,355,459.818375,38.777637885,trunk,group_2
357,356,75.79950095,10.138429477499999,residential,group_4
362,363,150.9527448,20.19041997,residential,group_4
365,364,176.1144419,23.555878694999997,residential,group_4
1731,365,43.38749422,5.0339132835,tertiary,group_3
261,367,159.6442458,21.352936455,residential,group_4
3812,368,47.24023275,4.6348002105,secondary,group_3
369,370,93.64905316,12.525865068000002,residential,group_4
370,371,71.64258488,12.9243195375,residential,group_4
371,372,75.32638205,13.588876404,residential,group_4
120,375,72.76031672,8.44181328,tertiary,group_3
375,376,174.7894875,20.2794639,tertiary,group_3
376,377,79.08255272,9.175333119,tertiary,group_3
378,379,66.39270872,11.977242081,residential,group_4
319,381,250.0753638,33.44839224,residential,group_4
3545,384,213.6494278,20.961421125,secondary,group_3
988,387,340.6043137,57.001207064999996,primary,group_2
387,388,152.5820723,22.454371485000003,tertiary,group_3
388,389,77.4402629,11.3963089185,tertiary,group_3
389,390,106.7632509,12.386909094,tertiary,group_3
390,391,204.6320441,23.741863485,tertiary,group_3
391,392,177.3724131,20.579140665,tertiary,group_3
392,393,83.62841362,9.702753979499999,tertiary,group_3
479,394,79.07187067,14.264562405000001,residential,group_4
1895,395,162.5243765,18.85643853,tertiary,group_3
3047,398,17.32788379,2.9837047305,primary,group_2
3951,398,33.93042458,5.8425119625,primary,group_2
3947,404,15.67914514,1.819129185,tertiary,group_3
3811,404,65.13101614,7.4924237174999995,primary,group_2
3163,406,47.67486293,6.9620776365,primary,group_2
100,407,22.96539863,3.189686298,primary,group_2
3991,408,130.882421,11.632528734000001,primary,group_2
3989,409,138.4798781,12.3077732565,primary,group_2
2910,410,18.86219864,3.2478998580000003,primary,group_2
3512,410,34.47771669,3.064300209,primary,group_2
3511,411,105.2186279,14.613916393499998,primary,group_2
2911,412,13.41126826,2.5492142700000002,secondary,group_3
3946,412,58.50802383,8.261021208,primary,group_2
3793,415,72.0969335,12.414439302000002,primary,group_2
3576,418,88.75958327,15.283596750000001,primary,group_2
2863,419,88.9264658,15.312332415,primary,group_2
4003,420,15.07657038,2.5960489425,primary,group_2
4002,420,8.75255583,1.4205199545,primary_link,group_2
2867,421,16.61413631,3.1580155260000002,secondary,group_3
422,421,469.1379943,80.78131581,primary,group_2
423,422,317.242588,54.626301870000006,primary,group_2
424,423,258.7957844,44.56229136,primary,group_2
3203,424,126.7188455,21.819838094999998,primary,group_2
3474,425,152.2236906,25.860862304999998,primary,group_2
3568,426,10.71802728,1.820856048,primary,group_2
3645,426,180.4074147,34.29184677,secondary,group_3
3987,427,480.6588502,124.55431671000001,residential,group_4
428,427,168.4398646,29.003819910000004,primary,group_2
3771,428,257.2792317,44.301154725,primary,group_2
430,429,112.3736011,21.074206349999997,secondary,group_3
3112,430,115.3065445,21.9174714,secondary,group_3
3943,439,172.1863246,38.186315625,tertiary,group_3
3942,440,11.51673977,2.088102846,tertiary,group_3
2817,443,387.5776903,61.27461414,residential,group_4
1055,449,233.8213841,31.27436967,residential,group_4
449,450,82.11051084,10.9825475505,residential,group_4
450,451,93.63129758,12.523490202,residential,group_4
451,452,308.9808411,41.327191185000004,residential,group_4
1907,452,251.8828668,44.747702715,unclassified,group_4
1587,453,113.6892087,14.974738888500001,unclassified,group_4
455,454,122.075112,16.32794277,residential,group_4
3230,458,33.42341378,3.8760312630000002,secondary,group_3
768,460,187.2587568,25.046467004999997,residential,group_4
2797,462,40.35793418,3.9595690139999995,secondary,group_3
2801,463,135.2902544,17.819951924999998,unclassified,group_4
2277,464,133.4239625,16.603859775,secondary,group_3
478,477,27.62788398,5.3596910085000005,residential,group_4
986,480,109.987954,10.791060134999999,secondary,group_3
482,481,250.2256921,33.46849914,residential,group_4
3715,483,87.61148336,15.085904339999999,primary,group_2
2674,485,14.48823491,2.6765512425,secondary,group_3
3041,486,80.26591115,10.735826352,residential,group_4
486,487,47.09949083,6.2997098955,residential,group_4
490,489,113.0571393,14.891484957,unclassified,group_4
491,490,114.1798795,15.03936831,unclassified,group_4
3722,492,20.00759874,2.921758914,primary,group_2
805,497,63.66978698,8.5160408325,residential,group_4
499,498,112.3362185,15.025334145000002,residential,group_4
1139,499,245.2960603,32.80914489,residential,group_4
498,500,148.5010734,19.862500949999998,residential,group_4
3755,503,56.78738541,7.479832773,unclassified,group_4
3211,504,149.4617321,10.2792859935,trunk_link,group_2
1333,507,363.1584795,47.833945455,unclassified,group_4
3650,509,68.96051013,6.7658046585000005,secondary,group_3
2401,511,82.67039025,14.172425635500002,"['residential', 'unclassified']",group_4
512,513,120.4605134,16.111984965,residential,group_4
2600,514,307.1328948,45.598824824999994,residential,group_4
515,516,400.3392378,69.30653046,residential,group_4
523,522,29.53277103,3.950104059,residential,group_4
1076,523,55.99843323,7.489972348499999,residential,group_4
228,528,97.60882515,13.055497434000001,residential,group_4
530,529,55.05728241,7.364090368499999,residential,group_4
786,532,72.67387025,9.720366219,residential,group_4
532,533,26.89655196,3.5975011949999995,residential,group_4
2217,534,107.3660363,14.087704638,primary,group_2
535,536,33.52132443,4.976780496,residential,group_4
540,539,77.78595147,10.404123686999998,residential,group_4
541,540,158.8284111,21.243815925,residential,group_4
1250,541,91.45782035,10.6111391085,tertiary,group_3
3968,542,17.52802625,1.7196972794999998,secondary,group_3
393,543,89.01197174,10.3273663305,tertiary,group_3
546,545,129.2666141,20.436578505,residential,group_4
658,545,177.1606591,23.695813635,residential,group_4
660,546,191.3388045,25.59218664,residential,group_4
1330,547,73.13938451,8.485793565,tertiary,group_3
1579,548,80.76860115,12.574770072,unclassified,group_4
125,554,63.12037984,8.864683635,residential,group_4
2119,555,116.8295953,24.419590725,residential,group_4
2860,556,23.13052287,3.0937825709999998,residential,group_4
928,561,70.36628791,13.375226103,secondary,group_3
565,564,114.1623757,19.46277108,unclassified,group_4
462,565,116.7910695,11.458522578,secondary,group_3
567,568,176.1995991,30.50358729,residential,group_4
568,569,87.77797669,15.196079819999998,residential,group_4
856,570,76.26159128,18.942245444999998,residential,group_4
2440,573,40.34897199,5.3968060725,residential,group_4
576,577,74.74440834,11.816817363,residential,group_4
580,581,38.90825618,5.204105652,residential,group_4
2318,583,132.161673,17.504836755,"['residential', 'unclassified']",group_4
3827,585,121.1518506,15.896567925000001,primary,group_2
587,586,163.7078423,21.896455695,residential,group_4
1642,591,173.0118446,31.211330055,residential,group_4
1413,594,99.95243593,18.031415565,residential,group_4
900,595,77.50936928,10.367129922,residential,group_4
506,596,70.53158274,9.433828305,residential,group_4
2075,597,61.45746887,6.029671596,secondary,group_3
1432,599,31.44852566,4.2063424635,residential,group_4
1491,601,338.4020477,57.410794095,residential,group_4
2174,602,89.4447368,11.963524098,residential,group_4
607,606,83.61943364,13.0852036005,tertiary,group_3
1322,608,113.4660612,14.945346693000001,unclassified,group_4
3865,618,60.67364748,11.1861259935,residential,group_4
3056,621,104.7572569,14.011623404999998,residential,group_4
622,623,318.8791736,42.65112531,residential,group_4
3981,627,7.21093025,0.9461600625,primary,group_2
634,633,99.17220131,16.824823815000002,residential,group_4
637,636,82.60984863,14.3013760575,residential,group_4
638,637,82.02488116,14.200106777999999,residential,group_4
919,639,43.47012153,7.5255258975,residential,group_4
948,640,152.7792931,20.04646563,primary,group_2
684,641,95.03188103,12.469316343000001,primary,group_2
3276,642,444.7278981,40.24650378,trunk,group_2
3158,643,14.35481348,1.8691971404999999,trunk,group_2
3278,643,38.59142902,7.335459977999999,secondary,group_3
645,644,44.42901576,5.785278181500001,trunk,group_2
3294,645,461.9238455,60.148934175,trunk,group_2
2528,646,98.0542383,12.768030885000002,trunk,group_2
3293,647,11.62131182,1.5132570585,trunk,group_2
3275,647,57.37419258,9.248944447500001,secondary,group_3
3284,648,535.8658683,69.77721795,trunk,group_2
2820,649,20.70377903,3.1090839359999998,tertiary,group_3
2944,649,113.5404597,14.7845531295,trunk,group_2
87,650,20.50278233,2.7130880714999996,secondary,group_3
3190,650,57.74716162,4.8699631065,trunk,group_2
2851,651,22.0086194,2.5522855755,secondary,group_3
3248,651,72.67623121,5.1852529800000005,trunk,group_2
4013,652,28.60034502,2.040557439,trunk,group_2
1353,653,253.9504787,33.966701445,residential,group_4
657,656,45.36889188,6.068236665000001,residential,group_4
296,659,82.65547556,14.0227180065,residential,group_4
659,660,28.25297057,3.7789265910000003,residential,group_4
661,662,54.71845737,7.3187714205,residential,group_4
210,663,39.38931387,5.268448683,residential,group_4
666,665,40.15935063,5.3714436,residential,group_4
2032,666,245.7627443,32.87156538,residential,group_4
3252,668,23.31324448,3.118222179,residential,group_4
469,669,181.8494569,31.481687864999998,residential,group_4
670,671,72.62917734,9.7143883965,residential,group_4
2072,672,96.69311475,12.9330181935,residential,group_4
1519,673,103.0334025,17.74141923,primary,group_2
1832,677,199.8761656,37.992467505,secondary,group_3
3976,684,192.3618151,25.240164659999998,primary,group_2
1838,685,231.6931298,30.989708729999997,residential,group_4
242,688,77.38828565,10.3509345915,residential,group_4
3647,689,72.38872477,12.2809368345,residential,group_4
689,690,161.5746084,21.611128725,residential,group_4
3281,693,304.9056369,52.501990559999996,primary,group_2
696,695,101.4596078,13.570552118999998,residential,group_4
1018,696,106.3386838,14.223144393000002,residential,group_4
2135,699,100.4125911,9.851608921499999,secondary,group_3
1621,700,79.85183733,10.680442632,residential,group_4
701,702,113.3531031,13.1514783615,tertiary,group_3
702,703,113.3738021,13.1538799095,tertiary,group_3
2956,708,13.30442728,1.6619866454999999,secondary_link,group_3
2955,708,26.66999388,2.6166275235,secondary,group_3
1689,711,330.6091708,44.220050535,residential,group_4
3280,716,11.53496732,1.859481888,secondary,group_3
1451,717,160.2712744,27.746083605000003,residential,group_4
3692,722,15.60356579,2.156844873,trunk,group_2
3929,722,41.16083543,7.823852824499999,secondary,group_3
3693,724,132.2165482,25.131725429999996,secondary,group_3
4021,725,40.64306343,7.0605038685,secondary,group_3
2384,734,338.6944443,58.63461434999999,residential,group_4
3350,749,144.2627243,27.421462935,secondary,group_3
1662,751,146.4885167,27.844541624999998,secondary,group_3
3021,753,16.58172739,2.2178599020000003,residential,group_4
2594,753,17.65644034,3.481007613,residential,group_4
1935,755,85.80235125,9.954979044,tertiary,group_3
2031,756,76.93014571,8.925606084,tertiary,group_3
1172,757,209.8288558,28.065291074999998,residential,group_4
1173,758,136.1323383,18.20814246,residential,group_4
1164,761,211.9827378,27.921613545,unclassified,group_4
1385,765,80.71102774,10.7953621395,residential,group_4
446,766,431.7658895,57.75009027,residential,group_4
1085,772,61.34064765,10.6192625235,residential,group_4
1578,777,80.33984809,12.5080180035,unclassified,group_4
2496,778,79.12146495,10.582752954,residential,group_4
500,780,82.54048182,11.040057567,residential,group_4
1133,782,84.51555989,9.8056826565,tertiary,group_3
2149,783,78.21366266,9.0745225665,tertiary,group_3
2353,784,168.9522575,22.597913265,residential,group_4
245,786,78.72643891,10.5299169375,residential,group_4
3855,794,38.14702597,8.251176277499999,residential,group_4
2949,796,14.56976621,1.6904165805,tertiary,group_3
3090,797,339.3722087,31.967355705,trunk,group_2
306,798,157.6276692,18.288311685,tertiary,group_3
219,798,55.26487997,6.4119539145,tertiary,group_3
2446,805,58.69840701,10.161839134500001,residential,group_4
807,808,44.08574768,5.8966119585,residential,group_4
987,810,143.9709925,22.76128692,residential,group_4
1183,816,116.4955966,15.34438635,unclassified,group_4
2287,828,90.65370096,8.894151612,secondary,group_3
3118,829,328.3612922,32.21595021,secondary,group_3
326,833,219.5219849,39.601757565,residential,group_4
4016,834,323.0491158,36.41812683,primary,group_2
951,835,147.266903,19.323174285,primary,group_2
322,837,133.0263036,17.792700225,residential,group_4
1030,838,153.6191091,23.53094073,tertiary,group_3
1794,839,76.60914971,10.24672263,residential,group_4
842,841,338.7048977,57.462173385,residential,group_4
2455,841,310.2966808,49.056769425,residential,group_4
1280,844,169.3305199,29.157182685000002,primary,group_2
3857,845,12.06810307,1.5834790724999999,primary,group_2
855,856,172.0154998,23.007631875,residential,group_4
860,859,80.32233726,13.905363221999998,residential,group_4
868,861,124.8214193,16.6952703,residential,group_4
2110,866,325.9793177,83.34169431000001,residential,group_4
868,867,98.75573465,13.208900305499998,residential,group_4
804,873,303.6279303,40.611221985,residential,group_4
1396,874,83.88214579,11.2195094805,residential,group_4
689,875,138.2699754,21.859976985,residential,group_4
1659,879,112.9862619,14.347832295,secondary,group_3
1675,880,111.7674327,10.965647082,secondary,group_3
489,881,115.9155836,20.0672484,residential,group_4
881,882,112.8489212,15.093909779999999,residential,group_4
1677,882,112.3753917,14.8016875845,unclassified,group_4
1678,883,113.8694441,14.998478858999999,unclassified,group_4
2186,892,49.224963,5.711189355,tertiary,group_3
2200,893,86.90822654,19.0994922,residential,group_4
893,894,42.90900428,9.2663129565,residential,group_4
3025,899,61.82562593,10.7403338775,secondary,group_3
1205,900,123.5807918,16.529332349999997,residential,group_4
595,901,74.15717795,9.9187634415,residential,group_4
1917,902,238.4006847,31.88686599,residential,group_4
1393,903,83.94196833,11.2275109395,residential,group_4
907,906,59.53375711,11.549293566,residential,group_4
2679,908,131.3259123,26.994302895000004,residential,group_4
3883,909,69.01231892,9.1322483085,secondary,group_3
2828,910,24.02438203,4.566555252,secondary,group_3
193,910,698.9249126,63.250549965000005,trunk,group_2
909,911,124.7342835,22.159397775000002,unclassified,group_4
2444,912,23.23790147,3.1081448069999995,residential,group_4
1662,914,73.99416485,7.2596630205,secondary,group_3
2428,917,119.5537602,15.990703785000001,residential,group_4
917,918,195.4653348,26.144123475,residential,group_4
549,919,71.55494811,12.387557157,residential,group_4
921,922,83.55293407,11.175476343,residential,group_4
1740,926,58.07334398,9.0413717385,unclassified,group_4
2937,926,161.813749,30.757562235,secondary,group_3
3641,927,208.680446,39.66598539,secondary,group_3
3161,928,16.18798281,2.165195286,residential,group_4
927,928,258.1997107,49.078608689999996,secondary,group_3
561,929,176.6536195,33.578325254999996,secondary,group_3
4081,930,13.22903631,1.5348621255,tertiary,group_3
929,930,310.4997533,59.019802365000004,secondary,group_3
930,931,151.5972412,28.81560813,secondary,group_3
3837,932,40.61186632,7.7195047605,secondary,group_3
3508,933,46.57341353,8.0195202105,primary,group_2
3769,934,34.96798754,4.5882170685000006,primary,group_2
3768,935,159.8742795,20.977412475,primary,group_2
935,936,250.3763702,32.85236628,primary,group_2
936,937,82.10855167,10.773621381,primary,group_2
845,938,88.91481637,11.6666844945,primary,group_2
938,939,188.6430272,24.752215319999998,primary,group_2
939,940,104.0916958,13.6580721015,primary,group_2
940,941,26.1866287,3.4359980429999997,primary,group_2
941,942,79.06101849,10.373748675,primary,group_2
942,943,109.5181272,14.370084633000001,primary,group_2
943,944,59.7749289,7.8431836755,primary,group_2
944,945,48.3058631,6.338305437000001,primary,group_2
945,946,112.6030286,14.7748604895,primary,group_2
3826,947,35.42654472,4.6483852395,primary,group_2
585,948,33.85923088,4.442734968,primary,group_2
640,949,210.1437694,27.57336918,primary,group_2
949,950,47.02172743,6.1698115200000005,primary,group_2
950,951,286.4868743,37.590495165,primary,group_2
2961,952,14.39073828,1.8882365175000002,primary,group_2
954,953,72.42255357,12.8660711955,unclassified,group_4
1735,955,275.7370914,36.880731675,residential,group_4
957,956,102.1919745,22.45834368,residential,group_4
1056,956,84.13624925,15.992620770000002,secondary,group_3
3088,960,146.5363861,10.454975718,trunk,group_2
960,961,21.79753341,1.5551951880000001,trunk,group_2
3035,962,368.44219,26.287356015,trunk,group_2
3238,963,12.74311432,0.909186819,trunk,group_2
3379,964,24.43965695,2.1319856505,trunk_link,group_2
144,964,76.4517342,8.8659199755,secondary,group_3
2569,965,84.90173816,11.355883272,residential,group_4
2366,967,107.2887556,12.447879318,tertiary,group_3
3435,968,109.2341085,12.667611459,secondary,group_3
969,970,44.6907125,7.7368340025,residential,group_4
3628,971,42.030022,6.1377476145,primary,group_2
984,983,254.2447295,32.285878635,secondary,group_3
90,984,16.45365373,2.0894068035,secondary,group_3
286,985,86.15045611,8.452332447,secondary,group_3
2074,986,72.80401834,7.1428962105,secondary,group_3
334,988,257.0133565,43.01199651,primary,group_2
389,989,393.2349811,66.71334492,residential,group_4
1197,991,211.3815393,40.296266685,tertiary,group_3
2552,1000,122.7713416,16.42106574,residential,group_4
1360,1002,220.8975356,29.545762950000004,residential,group_4
1146,1003,110.0574886,14.496381624000001,unclassified,group_4
755,1009,142.6076284,16.54565325,tertiary,group_3
1999,1010,95.29215734,14.3113625535,secondary,group_3
1011,1012,95.51209254,12.775052637,residential,group_4
3414,1015,33.09793565,4.337142528,motorway_link,group_1
1520,1015,64.84212942,11.165227713,primary,group_2
2329,1016,170.6604658,22.826391675,residential,group_4
394,1017,86.21741678,11.531859561,residential,group_4
1589,1018,265.6982159,35.537999475,residential,group_4
2393,1019,186.8826455,24.996160904999996,residential,group_4
1019,1020,94.80913236,12.68102943,residential,group_4
2213,1022,78.04546639,10.43883465,residential,group_4
1921,1023,87.01706046,8.5373561175,secondary,group_3
2043,1024,203.430848,26.919556484999998,secondary,group_3
2251,1026,25.62315694,3.4271804745,residential,group_4
3292,1030,49.00920771,7.5070918485,tertiary,group_3
1030,1031,165.6556527,22.156981665,residential,group_4
1036,1037,61.55782772,8.233559421,residential,group_4
1043,1042,88.06860528,11.7794620365,residential,group_4
921,1042,384.7298709,60.824384325,residential,group_4
1045,1046,36.37677101,4.8655112879999995,residential,group_4
3668,1049,82.11631459,10.9833238215,residential,group_4
2098,1053,93.5288761,12.509790996,residential,group_4
1053,1054,148.8210433,19.905297975,residential,group_4
3898,1056,11.86049734,2.6065366365,residential,group_4
1057,1056,61.48103052,11.6863161135,secondary,group_3
3898,1057,61.67258364,11.722726534500001,secondary,group_3
3685,1058,112.9893481,21.189681705,secondary,group_3
3191,1063,68.75172947,11.5530618945,secondary,group_3
2872,1074,13.22431782,1.4401749285,secondary,group_3
2036,1074,288.3577549,37.835977005000004,primary,group_2
1075,1076,74.27127529,9.934024332,residential,group_4
2982,1077,83.9407383,9.7389905805,tertiary,group_3
756,1079,86.61577127,10.0493538375,tertiary,group_3
1081,1080,117.2977763,15.68895861,residential,group_4
2168,1082,99.64048115,13.3272380235,residential,group_4
1618,1084,286.2732598,49.55948487,residential,group_4
1084,1085,80.75021246,13.979436765,residential,group_4
1249,1086,346.7018159,40.225113435,tertiary,group_3
1090,1089,85.52474318,11.439212217,residential,group_4
1091,1090,42.31482946,7.633593595500001,residential,group_4
1918,1096,50.98671246,8.6500293675,residential,group_4
1174,1097,191.78206,25.651473510000002,residential,group_4
1097,1098,76.4233344,10.221869229000001,residential,group_4
1176,1099,319.8431846,42.780064904999996,residential,group_4
1099,1100,78.48407475,10.497499944000001,residential,group_4
1962,1101,88.1596745,8.0048980125,trunk_link,group_2
1806,1102,72.9975164,9.7636549425,residential,group_4
1105,1106,45.9644638,7.9430820765,residential,group_4
1106,1107,58.25226153,10.0665265335,residential,group_4
3055,1108,11.35920032,2.943537675,residential,group_4
1108,1109,199.5055287,42.392083995,residential,group_4
1076,1110,123.130016,16.469039625,residential,group_4
1326,1111,79.87828978,9.2676562965,tertiary,group_3
1399,1113,188.4581185,32.625776085,residential,group_4
1651,1113,29.65653381,5.35003755,residential,group_4
1113,1114,97.94786675,21.525632175000002,residential,group_4
1350,1117,81.02553264,14.0271000585,residential,group_4
2014,1119,76.30044497,8.852546808,tertiary,group_3
1119,1120,76.20268214,10.1923562715,residential,group_4
1120,1121,84.19747513,11.261685803999999,residential,group_4
2459,1126,231.3831484,26.832935835,secondary,group_3
1817,1129,173.1456012,23.158786605,residential,group_4
1129,1130,82.43291433,11.025670065,residential,group_4
1783,1131,477.3747057,60.620575484999996,secondary,group_3
1132,1133,469.8117368,81.33357505500001,residential,group_4
2818,1133,139.8339638,16.223846535,tertiary,group_3
3383,1137,730.9257095,71.71206480000001,secondary,group_3
1141,1140,141.8403521,25.587994020000004,residential,group_4
1993,1141,106.8464862,19.27510197,residential,group_4
2441,1142,84.08608472,11.2467869745,residential,group_4
1022,1144,78.02888352,10.436616639,residential,group_4
1150,1146,87.06851579,10.101882261,tertiary,group_3
1810,1147,95.04083701,12.712020677999998,residential,group_4
1147,1148,43.4154201,5.806953468,residential,group_4
1331,1150,309.9931787,35.966095949999996,tertiary,group_3
2409,1153,76.34768279,7.490569704,secondary,group_3
135,1155,128.0676345,23.1033963,residential,group_4
2002,1157,90.7002369,12.131451315,residential,group_4
482,1159,87.51214336,14.846664424500002,residential,group_4
1506,1160,90.14023972,12.0565498725,residential,group_4
1505,1160,103.5494058,18.6803088,residential,group_4
1160,1161,86.54689094,15.613055775,residential,group_4
1164,1163,127.1464857,14.7518172015,tertiary,group_3
1165,1164,204.586762,23.736609764999997,tertiary,group_3
368,1165,259.6840774,25.477940025,secondary,group_3
1167,1166,81.97905244,9.5113914375,tertiary,group_3
1729,1167,70.11007964,8.134326897,tertiary,group_3
1576,1169,67.21592565,7.7985407339999995,tertiary,group_3
3842,1170,145.4173826,16.871647170000003,tertiary,group_3
1000,1171,81.52521672,10.9042625625,residential,group_4
1171,1172,78.05282619,10.4398190475,residential,group_4
382,1173,93.72054888,12.5354278515,residential,group_4
758,1174,76.20144315,10.192190553,residential,group_4
1175,1176,76.10127108,13.1746143375,residential,group_4
241,1178,196.6205273,33.520503495,unclassified,group_4
1182,1183,112.0111823,14.7537152205,unclassified,group_4
1977,1184,107.3626068,14.087254643999998,primary,group_2
3920,1191,342.0991527,51.372987450000004,tertiary,group_3
1191,1192,81.71915767,12.271755801,tertiary,group_3
3972,1197,211.6522778,38.37472518,tertiary,group_3
2088,1200,101.0856939,18.23585526,residential,group_4
3180,1201,34.53816415,4.1402271135,primary,group_2
3396,1202,308.2626506,45.531908295,motorway_link,group_1
1410,1203,83.96009905,11.229935982,residential,group_4
1203,1204,199.6887046,26.709012899999998,residential,group_4
1204,1205,63.89605636,8.5463050965,residential,group_4
1368,1213,176.7525265,20.507220045,tertiary,group_3
1221,1222,93.12712066,13.078857645000001,residential,group_4
251,1223,133.2229545,17.81900292,residential,group_4
3983,1224,94.68847578,12.6648912195,residential,group_4
3044,1225,119.7741513,16.020181815,residential,group_4
217,1228,87.00473911,19.12070241,residential,group_4
1998,1230,111.2899042,20.07669441,residential,group_4
2141,1239,207.0727986,35.130442875,residential,group_4
1157,1240,193.9491881,25.94133393,residential,group_4
2717,1241,27.78870449,3.2241071115000004,tertiary,group_3
1512,1243,57.15450326,7.563129654,secondary,group_3
1713,1244,103.1818185,10.1233013895,secondary,group_3
1661,1245,113.5146048,14.414925185999998,secondary,group_3
2399,1246,108.7522247,18.540431039999998,unclassified,group_4
982,1248,79.6390287,10.651978786499999,residential,group_4
1086,1250,93.78717519,10.8813960225,tertiary,group_3
790,1250,201.5392003,26.956522725,residential,group_4
541,1251,160.0947154,18.574543860000002,tertiary,group_3
1109,1260,96.72730647,12.9375914475,residential,group_4
2319,1261,219.9091696,29.41356579,residential,group_4
3858,1266,89.97127057,15.57578178,residential,group_4
1273,1272,77.91749399,11.568106899,residential,group_4
1274,1275,112.6877821,15.07235691,residential,group_4
673,1280,243.3542382,41.903396895,primary,group_2
1283,1284,238.9774191,31.9640061,residential,group_4
1284,1285,262.4537247,35.104038225,residential,group_4
1286,1287,155.9950411,27.00578421,residential,group_4
1288,1287,65.34192483,8.739694701,residential,group_4
1289,1288,70.89531887,9.482479194,residential,group_4
1302,1301,52.68231094,7.0464302205000005,residential,group_4
1376,1302,77.78437194,10.6672134915,tertiary,group_3
1386,1304,82.00145463,17.139851895,residential,group_4
1309,1308,112.3452148,15.026537415,residential,group_4
1310,1309,77.55022319,16.209460515,residential,group_4
1316,1317,83.08413412,14.671527198,residential,group_4
1320,1319,155.8989773,26.989153695,residential,group_4
1634,1320,219.5826755,27.884234325,secondary,group_3
2449,1321,143.8873225,23.195199675,secondary,group_3
2152,1322,88.50379858,15.08841387,unclassified,group_4
1324,1323,84.15038667,11.2553875695,residential,group_4
1325,1324,103.3251138,13.820069604,residential,group_4
1111,1325,67.00810605,7.7744290424999996,tertiary,group_3
838,1328,151.5882796,23.219864010000002,tertiary,group_3
1328,1329,217.9825431,33.38994954,tertiary,group_3
776,1330,79.64467073,9.240551296500001,tertiary,group_3
547,1331,82.54189429,9.5766935985,tertiary,group_3
1949,1332,276.3816824,32.066415615,tertiary,group_3
1332,1333,80.90453396,10.656457947,unclassified,group_4
2438,1334,86.34407037,11.5487998905,residential,group_4
2984,1335,14.77518919,1.9551682755000002,secondary,group_3
1344,1345,76.05259205,10.1722812345,residential,group_4
1346,1347,285.994789,42.460532565,residential,group_4
2923,1348,20.59757771,2.0208549345,secondary,group_3
3376,1348,45.41024068,7.704159147,primary,group_2
1720,1353,45.28398258,6.056879769,residential,group_4
653,1354,94.93573924,12.6979635105,residential,group_4
1354,1355,143.1647828,19.148754750000002,residential,group_4
1355,1356,326.0950674,43.61627454,residential,group_4
1356,1357,31.03466959,4.1509878705,residential,group_4
1824,1363,82.39637878,11.020783317,residential,group_4
3187,1368,4.083367121,0.473761308,tertiary,group_3
1021,1375,79.36631572,10.8841585095,tertiary,group_3
1375,1376,77.03785006,10.56483678,tertiary,group_3
2215,1377,378.1851632,43.877881200000004,tertiary,group_3
1079,1378,48.23795266,5.5966742265,tertiary,group_3
3611,1383,127.4639214,16.597582244999998,trunk,group_2
673,1384,231.0877209,30.90873333,residential,group_4
1384,1385,261.7020758,35.00350275,residential,group_4
1304,1387,121.3925693,16.236650474999998,residential,group_4
1577,1388,79.2600381,10.601287563,residential,group_4
1388,1389,49.75229008,6.6545304135,residential,group_4
965,1393,90.55983793,12.1126724955,residential,group_4
903,1394,82.12398031,10.984349136,residential,group_4
1394,1395,88.61040587,11.851929625499999,residential,group_4
2357,1396,95.4933439,12.772544946,residential,group_4
2396,1397,154.7218327,32.33978361,residential,group_4
1397,1398,28.54221231,3.8176136114999997,residential,group_4
1322,1399,88.25940384,15.27942426,residential,group_4
1401,1402,43.02499833,6.8020947465,residential,group_4
1403,1404,81.02065646,15.717659895,residential,group_4
2729,1410,140.1839702,18.750061379999998,residential,group_4
3872,1411,28.6911056,2.8149214035,secondary,group_3
325,1413,312.0552292,41.73840057,residential,group_4
1417,1416,125.7241503,16.816013505,residential,group_4
1857,1417,94.59382965,12.652231992,residential,group_4
511,1422,78.30012593,13.555278998999999,residential,group_4
1423,1424,44.56177864,5.9602826475,residential,group_4
837,1432,73.67466889,9.854226288,residential,group_4
1435,1436,123.9881357,16.583815905,residential,group_4
1479,1437,84.4939618,8.289811653000001,secondary,group_3
1981,1446,401.1720676,39.359509365,secondary,group_3
2958,1447,17.1761561,1.9758794970000002,primary,group_2
2787,1447,35.6430708,4.272676668,primary,group_2
2784,1448,16.86885428,2.221905591,unclassified,group_4
3175,1448,188.0483696,32.380226969999995,primary,group_2
2783,1449,17.23600989,1.6910471774999998,secondary,group_3
1448,1449,542.4366647,93.40268334,primary,group_2
3155,1450,11.03012809,1.8654492779999998,primary_link,group_2
1588,1450,69.29015144,8.0354088,secondary,group_3
1032,1451,71.45023377,12.369429062999998,residential,group_4
1002,1456,68.73352491,9.193332229500001,residential,group_4
1513,1458,42.13291427,4.8860506589999995,secondary,group_3
3367,1460,29.07775837,2.8528564065,secondary,group_3
3340,1461,61.49170805,6.459915651000001,primary,group_2
2112,1462,70.1289139,8.1365120895,tertiary,group_3
1462,1463,69.46368428,9.290993416500001,residential,group_4
2010,1465,240.2338662,32.132059964999996,residential,group_4
1207,1470,36.89473645,4.9347908475,residential,group_4
2377,1473,31.08728247,4.9147855665,residential,group_4
1473,1474,80.19349505,14.161079683499999,residential,group_4
3662,1479,36.60055289,3.5909274855,secondary,group_3
84,1480,212.6217576,40.777421205,primary,group_2
1480,1481,301.851926,57.890327264999996,primary,group_2
2669,1482,17.46767036,2.923269774,primary,group_2
3601,1482,168.8984482,16.57084476,secondary,group_3
387,1483,404.5022509,67.694728545,primary,group_2
1486,1485,43.58199009,5.829232746,residential,group_4
1489,1490,184.6577665,24.698576099999997,residential,group_4
1570,1492,239.5277174,61.12421475,unclassified,group_4
1498,1497,127.9172603,17.109349095,residential,group_4
2350,1497,233.1508193,31.184679435,residential,group_4
1505,1503,175.4247584,29.761269915,residential,group_4
989,1505,414.9997182,89.76416229,residential,group_4
2155,1506,267.6413694,35.79790257,residential,group_4
1544,1510,130.0273296,13.659818662500001,primary,group_2
2132,1512,50.27182292,6.6523597095,secondary,group_3
1306,1513,77.39696104,8.975535612,secondary,group_3
3666,1517,390.0614173,67.16504508,primary,group_2
265,1518,87.15206317,15.006796350000002,primary,group_2
2246,1518,344.8286932,46.12195785,residential,group_4
3696,1519,23.06190276,3.9710508915,primary,group_2
483,1520,91.4934637,15.754346219999999,primary,group_2
3462,1521,128.1519832,20.56096389,primary,group_2
1521,1522,139.9148952,22.44822933,primary,group_2
1522,1523,119.7369194,19.210834005,primary,group_2
3430,1524,474.5724354,82.15774485,residential,group_4
2341,1534,87.38262364,11.6877097635,residential,group_4
1224,1536,85.82599758,11.4795059715,residential,group_4
3742,1544,120.8638837,12.697167118500001,primary,group_2
3612,1545,115.5207288,15.968163614999998,trunk,group_2
2678,1546,89.63908264,10.4001251265,tertiary,group_3
3188,1548,61.8920604,11.607050412,secondary,group_3
1558,1559,86.9415479,14.74986141,residential,group_4
1561,1562,68.81910198,9.20477844,residential,group_4
1564,1563,228.8183832,30.605202045,residential,group_4
395,1571,294.7892259,34.20209964,tertiary,group_3
1574,1575,51.00743933,6.822410701499999,residential,group_4
2367,1576,85.03300469,9.8657177505,tertiary,group_3
548,1578,80.70799805,12.565334843999999,unclassified,group_4
1851,1579,110.3501375,17.180285249999997,unclassified,group_4
1580,1581,59.56963111,7.967631666,residential,group_4
892,1582,39.51335588,4.5844271625,tertiary,group_3
3746,1583,118.4418491,11.620482696,secondary,group_3
3406,1584,17.98266301,3.8078091164999996,tertiary,group_3
1586,1585,87.29706632,19.07137056,tertiary,group_3
3299,1586,105.9037063,23.454757559999997,tertiary,group_3
3155,1588,72.34446345,7.097808687,secondary,group_3
2480,1589,88.8347488,11.881936221,residential,group_4
3368,1597,25.10574207,3.1881130559999997,secondary,group_3
3260,1599,77.56608252,10.374715501499999,residential,group_4
1599,1600,48.32778602,6.4639983675,residential,group_4
621,1601,148.0491141,19.80204993,residential,group_4
1601,1602,139.1299664,18.609084945,residential,group_4
1602,1603,206.2180637,27.582335895,residential,group_4
2865,1610,716.4063121,136.174533135,secondary,group_3
991,1611,403.6214585,76.943511645,tertiary,group_3
1613,1612,84.7461043,11.3350667385,residential,group_4
1617,1618,47.4577241,6.34762476,residential,group_4
1618,1619,81.30935846,10.8753908175,residential,group_4
1249,1620,113.0202822,19.174187009999997,residential,group_4
1622,1621,80.8047343,10.807895697,residential,group_4
1623,1622,88.14432205,11.7895894005,residential,group_4
1560,1626,185.8898809,24.863375415,residential,group_4
1631,1632,94.79243185,20.14204197,residential,group_4
555,1633,43.89660698,9.1752194655,residential,group_4
1585,1634,116.1554388,13.4766115695,tertiary,group_3
899,1634,111.2312663,17.3368968,secondary,group_3
1940,1635,65.22492002,9.5986675395,tertiary,group_3
1637,1636,95.6902256,12.7988785125,residential,group_4
928,1637,164.7525595,22.036190010000002,residential,group_4
1449,1654,106.8832755,18.404332500000002,primary,group_2
1654,1655,24.11679856,3.5218354830000003,primary,group_2
3437,1656,120.5960195,15.314175675000001,secondary,group_3
1658,1657,150.2069964,20.090673690000003,residential,group_4
3833,1658,32.43920483,6.1660450215000004,secondary,group_3
3366,1659,181.8942499,17.845879635,secondary,group_3
879,1660,115.0841545,14.614238234999998,secondary,group_3
1660,1661,114.9237576,14.593869852000001,secondary,group_3
3359,1662,61.95739033,11.7768625995,secondary,group_3
1245,1662,114.3980306,14.527109142,secondary,group_3
751,1663,83.43246889,15.858846165,secondary,group_3
1848,1665,299.1082675,29.345898195000004,secondary,group_3
2486,1666,632.6515686,108.93687313500001,primary,group_2
220,1669,122.7541259,16.41876309,residential,group_4
3673,1674,15.76771076,2.108982534,residential,group_4
1712,1675,117.1715207,11.495849133,secondary,group_3
1960,1677,115.2376834,15.178698480000001,unclassified,group_4
2399,1678,114.1577855,15.036458175,unclassified,group_4
1957,1680,114.4928136,13.283710098,tertiary,group_3
2378,1694,163.9619608,21.93044487,residential,group_4
3141,1701,82.59165159,9.582466551,tertiary,group_3
3220,1704,55.26079704,10.019348342999999,tertiary,group_3
3365,1710,8.506077206,1.0801646775,secondary,group_3
1244,1712,114.8867079,11.2716832035,secondary,group_3
2952,1713,12.22516449,1.1994266685,secondary,group_3
677,1713,103.6746162,19.70647413,secondary,group_3
926,1714,139.0096666,26.422961565,secondary,group_3
1718,1719,247.1026055,33.050776170000006,residential,group_4
1719,1720,228.6718851,30.585607440000004,residential,group_4
636,1724,151.1784101,22.70244315,tertiary,group_3
1692,1726,84.43238702,9.796032755999999,tertiary,group_3
2265,1728,258.3691876,44.72874573,residential,group_4
1728,1729,68.85118409,7.9882670430000005,tertiary,group_3
1167,1730,71.04321706,8.242591569,tertiary,group_3
1730,1731,69.14183631,8.021989158,tertiary,group_3
1386,1733,226.5074285,35.80999533,residential,group_4
300,1738,96.12555896,12.857105763,residential,group_4
1738,1739,46.5777532,6.2299257930000005,residential,group_4
2360,1740,96.66780878,12.732740535000001,unclassified,group_4
2018,1743,78.21335347,13.945671151500001,tertiary,group_3
1743,1744,80.86099334,16.62113826,residential,group_4
1744,1745,77.83713897,15.999578969999998,residential,group_4
1359,1755,83.95762884,11.229605583000001,residential,group_4
1152,1756,109.3476483,14.625603165,residential,group_4
2886,1757,404.060024,35.911926165000004,primary,group_2
1616,1759,362.9319872,48.54333223500001,residential,group_4
1763,1764,44.92700955,7.777741628999999,residential,group_4
1764,1765,46.73648508,8.0909971365,residential,group_4
509,1766,160.0658103,15.704263245,secondary,group_3
2598,1771,187.7445027,25.111437105,residential,group_4
1387,1774,220.8909491,25.62825771,tertiary,group_3
2732,1775,132.7799669,24.192057374999997,secondary,group_3
2672,1776,255.991766,46.640827185,secondary,group_3
3436,1777,131.9356546,15.300254055,secondary,group_3
968,1778,85.24542264,9.8857024425,secondary,group_3
1778,1779,87.01891204,10.0913696535,secondary,group_3
3234,1780,12.29050074,1.1122524285,trunk,group_2
3235,1781,65.41192586,8.3064907755,secondary,group_3
3963,1782,120.5550002,15.308966745,secondary,group_3
3482,1783,291.8870494,37.0659792,secondary,group_3
1131,1784,148.7413106,18.888273165,secondary,group_3
3097,1785,923.2823007,126.61732902,tertiary,group_3
1596,1789,95.79161024,12.812439037499999,residential,group_4
1790,1791,31.70925915,4.241216415,residential,group_4
496,1793,297.4355225,39.782967315,residential,group_4
1795,1794,74.79683384,10.004319495,residential,group_4
1796,1795,74.81830632,10.007191509,residential,group_4
1797,1796,82.8261297,11.078263899,residential,group_4
2597,1799,179.705038,24.036132584999997,residential,group_4
1488,1801,251.5105874,43.54138824,residential,group_4
1102,1805,123.3746397,16.501758825,residential,group_4
1807,1806,82.12969563,10.9851135795,residential,group_4
1808,1807,84.65199897,11.322479844,residential,group_4
3614,1808,47.27750544,5.1655073655,trunk_link,group_2
3111,1813,293.3618211,55.016191485,secondary,group_3
3874,1822,59.52358404,7.135328775,primary,group_2
975,1823,52.11879048,6.971057528999999,residential,group_4
695,1825,110.2174397,14.7419405925,residential,group_4
2117,1828,212.2567812,20.824786770000003,secondary,group_3
1829,1830,66.23669792,11.292246516,unclassified,group_4
1830,1831,114.5868095,19.53512994,unclassified,group_4
2954,1832,56.08941532,10.6614777345,secondary,group_3
2953,1833,32.37239297,4.043953467,secondary_link,group_3
1833,1834,37.2507452,4.906535892,unclassified,group_4
908,1838,95.97696902,12.8372313765,residential,group_4
3553,1841,226.602126,22.232227065,secondary,group_3
1847,1846,107.3046323,14.3523431385,residential,group_4
2323,1847,76.68390687,10.256721641999999,residential,group_4
2247,1848,126.2890945,12.3903860655,secondary,group_3
2854,1849,129.776029,23.411590605,residential,group_4
1147,1855,71.84183672,9.6090790305,residential,group_4
1856,1857,95.62832733,12.790599417,residential,group_4
958,1859,84.03104201,14.256086458499999,residential,group_4
1860,1861,146.2847128,19.56605553,residential,group_4
1861,1862,136.7722055,18.293726775,residential,group_4
1317,1869,300.1539765,40.14656937,residential,group_4
1752,1879,46.98052977,6.283798467,residential,group_4
901,1885,129.70719,17.348758005,residential,group_4
1885,1886,60.41019279,8.080059520499999,residential,group_4
3483,1888,103.2751436,16.32742218,residential,group_4
2162,1891,303.5537887,47.50167462,tertiary,group_3
632,1892,198.6323019,26.567715614999997,residential,group_4
1893,1894,44.99022429,8.116234719000001,residential,group_4
2187,1895,62.27810105,7.225643374500001,tertiary,group_3
1774,1896,316.4768735,36.71834859,tertiary,group_3
4006,1900,13.08950985,3.0545937734999997,residential,group_4
2964,1902,106.3991768,14.231235521999999,residential,group_4
2965,1902,97.23869851,13.005991794,residential,group_4
1902,1903,321.9641936,43.063756755,residential,group_4
1905,1904,78.79273513,10.538784273000001,residential,group_4
1563,1905,28.37988359,3.7959016185000003,residential,group_4
616,1906,127.4593498,17.04810207,residential,group_4
911,1907,250.665053,44.531354655,unclassified,group_4
503,1908,50.20899735,6.715616493000001,residential,group_4
3382,1909,36.30261141,3.813714321,primary,group_2
463,1911,64.26205863,8.4643701885,unclassified,group_4
1913,1912,56.93826173,7.298357569499999,residential,group_4
1461,1914,174.1327584,18.293245815,primary,group_2
1915,1916,80.52236857,13.9399925445,residential,group_4
1395,1917,41.52143133,5.5536263175,residential,group_4
207,1919,102.1094958,13.657476756000001,residential,group_4
1633,1920,167.2220053,34.95255564,residential,group_4
2422,1921,56.5463776,5.5478380935,secondary,group_3
3468,1922,43.32298206,6.506421099000001,secondary,group_3
1235,1923,103.3632315,22.715746395,residential,group_4
1925,1924,156.0109715,20.866974210000002,residential,group_4
1926,1925,170.655484,22.825725345,residential,group_4
2344,1928,50.57121153,6.764063817,residential,group_4
1074,1929,307.3663352,40.330129485,primary,group_2
3879,1930,303.6461647,31.899075075,primary,group_2
2722,1932,174.1871554,23.29809786,residential,group_4
2281,1933,148.6896211,25.603006754999996,primary,group_2
2692,1935,183.5559118,21.29656389,tertiary,group_3
1938,1939,64.10671093,8.5744808295,residential,group_4
2237,1940,26.77335997,3.94003674,tertiary,group_3
227,1942,102.058883,13.650707122499998,residential,group_4
3342,1944,24.26004252,2.548600995,primary,group_2
1766,1945,68.81744861,6.7517687085,secondary,group_3
2077,1946,197.929807,26.47375464,residential,group_4
1946,1947,56.99106217,7.622739693000001,residential,group_4
495,1948,297.8437465,57.780409500000005,residential,group_4
720,1949,59.53391587,6.907256925,tertiary,group_3
1953,1952,244.2402101,51.89756679,residential,group_4
2445,1953,81.70703011,14.145080562,residential,group_4
1275,1956,54.80324528,7.330112078999999,residential,group_4
2326,1957,114.9276445,13.3341601425,tertiary,group_3
1101,1961,191.3929467,29.317030349999996,tertiary,group_3
2488,1962,34.62943818,4.722706302,trunk,group_2
2514,1963,76.73265133,10.2632413725,residential,group_4
1963,1964,81.12701857,10.851002265,residential,group_4
1475,1966,367.1086761,49.10197794,residential,group_4
1156,1973,83.37565982,11.151765336,residential,group_4
1565,1976,362.0529466,48.42575769,residential,group_4
3164,1977,58.85272396,7.722179386500001,primary,group_2
1765,1979,130.860258,22.654463025,residential,group_4
2071,1980,51.09156472,5.927756625000001,tertiary,group_3
2139,1981,371.0641866,36.40558629,secondary,group_3
740,1984,85.82917296,11.4799306905,residential,group_4
1899,1985,18.75473691,2.508506985,residential,group_4
1987,1988,69.37567574,12.515369217,residential,group_4
2326,1989,152.9358535,20.144167590000002,unclassified,group_4
3343,1990,55.05146705,5.783346159000001,primary,group_2
2430,1991,151.7804588,25.74995253,residential,group_4
1991,1992,103.0662169,13.785441313499998,residential,group_4
1922,1999,104.3384823,15.66997632,secondary,group_3
2041,2002,41.18397317,5.5084901925,residential,group_4
2161,2004,79.83768452,10.678549647,residential,group_4
451,2012,55.26917477,7.3924316595,residential,group_4
2038,2014,197.1774018,22.87695936,tertiary,group_3
1119,2015,138.6532628,16.08685899,tertiary,group_3
1702,2021,53.04913167,7.095493684499999,residential,group_4
1334,2024,84.16073903,11.2567722315,residential,group_4
2085,2031,77.38439212,8.9783087595,tertiary,group_3
520,2034,64.15647553,8.5811370075,residential,group_4
1446,2035,177.5252322,17.417229674999998,secondary,group_3
2116,2036,92.27993261,12.108227886,primary,group_2
1546,2038,83.82594293,9.7256717685,tertiary,group_3
3193,2039,13.36406638,2.5402421355,secondary,group_3
1357,2040,87.31569837,11.6787582915,residential,group_4
2040,2041,101.5368957,13.5808896315,residential,group_4
3924,2043,39.09657471,6.302520894000001,secondary,group_3
675,2049,152.6731194,26.691369599999998,residential,group_4
2056,2057,125.4280993,16.776415725,residential,group_4
2244,2061,154.1693629,20.620653089999998,residential,group_4
2457,2062,51.06195068,8.088548238,secondary,group_3
2064,2065,158.9274306,26.962455045000002,residential,group_4
2239,2073,136.3569543,18.23818557,residential,group_4
1665,2074,99.0459276,9.7175238,secondary,group_3
1437,2075,47.08663701,4.6197307335,secondary,group_3
1170,2076,78.12575577,9.064323414,tertiary,group_3
3225,2077,234.857619,31.412969444999998,residential,group_4
685,2078,100.4960466,13.441672688999999,residential,group_4
3145,2079,147.0983695,19.37527494,unclassified,group_4
1126,2080,358.5488359,41.580028485,secondary,group_3
1873,2084,84.98444113,11.366945062500001,residential,group_4
2076,2085,75.24194569,8.729737373999999,tertiary,group_3
3844,2096,34.36421784,4.596325764,residential,group_4
1416,2101,94.91743073,12.695514688500001,residential,group_4
2101,2102,94.39396305,12.625499185499999,residential,group_4
2258,2103,142.1433863,18.65090778,primary,group_2
3507,2108,169.9959339,16.678520504999998,secondary,group_3
3148,2110,94.34387986,23.76069639,residential,group_4
783,2112,80.35274316,9.322703428499999,tertiary,group_3
2257,2116,95.95491478,12.590429382,primary,group_2
4074,2117,140.249594,13.760068693500001,secondary,group_3
16,2118,31.87497854,6.118226122499999,primary_link,group_2
434,2119,112.8080155,23.579004645,residential,group_4
2225,2120,72.17218978,13.333064069999999,secondary,group_3
1360,2124,77.82654425,13.473292773,residential,group_4
1154,2130,143.7167262,36.245172225000005,residential,group_4
2458,2132,26.94271385,3.5652700395,secondary,group_3
2491,2132,193.1010228,25.827889065,residential,group_4
613,2134,63.29093193,10.737472440000001,residential,group_4
2136,2135,81.83303994,8.028745173,secondary,group_3
1841,2136,96.16375921,9.434750538,secondary,group_3
2138,2137,157.9832486,15.499940445,secondary,group_3
3142,2138,52.43001568,5.1439765125,secondary,group_3
3554,2139,59.60339845,5.8477663545,secondary,group_3
3317,2140,23.52169003,4.0861827195,secondary,group_3
2342,2141,92.36550272,15.670049565000001,residential,group_4
1239,2142,79.11190259,13.421541566999998,residential,group_4
2144,2145,55.29526278,7.395921018000001,residential,group_4
796,2148,52.76163307,6.121521658499999,tertiary,group_3
2370,2149,77.06536402,8.941294413000001,tertiary,group_3
2153,2152,46.54596979,7.935307491,unclassified,group_4
2152,2154,41.66193402,5.572419009,residential,group_4
2004,2160,56.5792831,7.567662906000001,residential,group_4
1462,2160,81.76349174,9.4863816075,tertiary,group_3
2354,2161,76.7274502,10.262545703999999,residential,group_4
1892,2162,98.16999506,13.130555733000001,residential,group_4
516,2162,124.6744795,22.491271275,residential,group_4
1343,2164,189.0050718,32.06520567,residential,group_4
1963,2167,82.60355836,11.0484942585,residential,group_4
2293,2168,86.51065869,11.571081619500001,residential,group_4
480,2172,222.4060851,21.820548075,secondary,group_3
3501,2173,279.8924766,41.610917205,primary,group_2
160,2174,484.9244553,56.26201053,tertiary,group_3
351,2176,130.7768907,17.491833945,residential,group_4
2084,2177,106.411164,14.2328388435,residential,group_4
2148,2185,78.36262385,9.0918053745,tertiary,group_3
1571,2186,160.421647,18.612475185,tertiary,group_3
1009,2187,122.7862785,14.2459362885,tertiary,group_3
534,2188,129.3730224,16.975283715,primary,group_2
1397,2199,81.55165026,14.118181280999998,residential,group_4
2206,2205,313.5555954,41.939079435000004,residential,group_4
477,2209,132.8709657,25.776397515,residential,group_4
304,2210,72.49167662,9.695997228,residential,group_4
3977,2212,378.3323888,50.603185965,residential,group_4
1144,2212,78.13547417,10.4508734835,residential,group_4
2214,2213,79.03568722,10.571279903999999,residential,group_4
782,2215,79.43790359,9.216561714000001,tertiary,group_3
2256,2216,209.8792856,27.538665735,primary,group_2
2216,2217,33.57085999,4.4048972685,primary,group_2
1638,2218,300.51205,50.9826567,residential,group_4
157,2226,90.98382538,8.9265405435,secondary,group_3
2232,2233,153.0666489,25.968158055000004,residential,group_4
2108,2235,103.8119309,10.1851225395,secondary,group_3
1635,2236,221.1737832,32.548504664999996,tertiary,group_3
3823,2237,28.23838024,5.0942027025000005,residential,group_4
1612,2239,79.82174239,10.6764173355,residential,group_4
2242,2243,61.82004156,10.487932035,residential,group_4
2167,2244,84.5463905,11.308354368,residential,group_4
2477,2247,295.1145607,28.95407046,secondary,group_3
2809,2250,74.12818832,9.914885985000002,residential,group_4
2985,2254,20.64852582,2.709332886,primary,group_2
3523,2255,263.9304913,34.63082865,primary,group_2
2255,2256,124.4649847,16.33129062,primary,group_2
2188,2257,161.8831559,21.241001025000003,primary,group_2
627,2258,89.16078956,11.698959111,primary,group_2
979,2262,89.04814732,11.7291057825,unclassified,group_4
2262,2263,79.48566615,10.6314660465,residential,group_4
2908,2266,92.98597568,12.4371763005,residential,group_4
2269,2268,136.1616376,29.92372803,residential,group_4
1871,2270,43.13279611,7.781154747,residential,group_4
2459,2272,83.94650934,8.236100385,secondary,group_3
2734,2273,108.0029684,14.445747864000001,residential,group_4
1700,2274,97.17207925,12.997081252500001,residential,group_4
1422,2276,187.3438178,32.4328689,residential,group_4
3850,2277,76.06449014,7.462785305999999,secondary,group_3
1233,2278,99.00984091,13.2428878425,residential,group_4
3135,2281,16.12018673,2.548542516,residential,group_4
2887,2281,76.15956094,13.113986973000001,primary,group_2
3581,2282,14.17938369,2.4415615155,primary,group_2
1961,2283,153.419368,27.091772145,residential,group_4
2283,2284,17.49276972,3.088985031,residential,group_4
2283,2285,12.11030906,1.6197931755,residential,group_4
1100,2286,26.12356218,3.4941113010000002,residential,group_4
2395,2287,60.20457651,5.9067487094999995,secondary,group_3
912,2291,87.33535953,11.6813880345,residential,group_4
966,2297,111.8523316,14.9606126865,residential,group_4
681,2298,60.89513816,8.14492254,residential,group_4
270,2299,92.90582996,16.083811245,residential,group_4
2220,2302,100.7649936,13.477645219500001,residential,group_4
2302,2303,62.53689703,10.8263566245,residential,group_4
1474,2304,82.19530764,10.9938893985,residential,group_4
2442,2304,149.9314954,23.70362061,residential,group_4
3824,2306,18.75430196,2.5084488075,residential,group_4
1794,2309,96.27076344,12.876527333999999,residential,group_4
3380,2320,161.3964912,22.309464345000002,trunk,group_2
1816,2321,183.4660861,24.53918499,residential,group_4
1153,2322,94.36334871,9.258109940999999,secondary,group_3
2324,2323,334.8992306,44.79385998,residential,group_4
1986,2324,90.23613097,12.069375639,residential,group_4
3344,2326,25.90590036,2.5416613215,secondary,group_3
3209,2334,117.6469766,16.26206994,trunk,group_2
1705,2341,166.6863173,22.29483639,residential,group_4
2735,2343,35.08351772,4.692534460499999,residential,group_4
1846,2344,256.356028,34.28845149,residential,group_4
2345,2346,111.4528592,14.9071819635,residential,group_4
2352,2351,37.79269641,5.0548959105,residential,group_4
1380,2353,52.96735991,7.084556446500001,residential,group_4
330,2354,80.37135396,10.7499296685,residential,group_4
1855,2357,81.01391668,10.835874519,residential,group_4
2358,2359,225.9606911,30.222976440000004,residential,group_4
1834,2360,155.0908919,20.428021604999998,unclassified,group_4
3479,2361,75.237536,8.729225754,tertiary,group_3
2126,2363,84.99538421,9.8613529395,tertiary,group_3
967,2364,83.82736773,9.725837076,tertiary,group_3
3624,2366,186.1172151,21.59373198,tertiary,group_3
2368,2367,94.16100829,10.924768967999999,tertiary,group_3
2369,2368,84.24399383,9.7741749615,tertiary,group_3
1020,2368,301.8552177,40.374115905,residential,group_4
1377,2369,123.2953494,14.3049998265,tertiary,group_3
2353,2370,200.6366153,26.835799035,residential,group_4
2819,2371,290.8098159,33.740399655,tertiary,group_3
2142,2379,52.55686897,8.916410532,residential,group_4
2276,2383,90.87872507,15.732879855,residential,group_4
4027,2386,8.362956078,1.5449694615,secondary,group_3
2391,2392,105.6995591,13.922370621,unclassified,group_4
978,2393,79.23029011,10.597308672,residential,group_4
2468,2395,251.4950658,24.674505525,secondary,group_3
2397,2398,69.53438068,11.796689879999999,residential,group_4
1246,2401,107.390141,18.308218619999998,unclassified,group_4
1911,2402,84.72017654,11.1590408385,unclassified,group_4
599,2406,79.26760652,10.602299863499999,residential,group_4
277,2407,138.6327318,24.00002982,residential,group_4
597,2409,32.91864867,3.2296911105,secondary,group_3
1195,2410,64.31774247,8.6027069835,residential,group_4
2000,2411,49.53016814,6.624820881,residential,group_4
2412,2413,121.7049336,16.278430215,residential,group_4
1501,2415,145.4823698,24.681465239999998,residential,group_4
1023,2417,94.67748656,9.2889304095,secondary,group_3
1477,2418,32.0509371,4.7584778145,residential,group_4
2420,2419,139.0061816,23.582762925,residential,group_4
2415,2420,161.9151696,27.469332780000002,residential,group_4
1388,2421,64.58547971,8.6385177105,residential,group_4
2172,2422,238.1556208,23.365755359999998,secondary,group_3
2190,2426,72.95591245,9.7580902785,residential,group_4
1646,2427,98.01156267,13.1093648865,residential,group_4
2420,2428,102.1248537,13.659530922000002,residential,group_4
1991,2431,94.88530089,16.09753992,residential,group_4
1568,2433,29.58073804,3.9565198020000003,residential,group_4
1196,2437,82.85697881,11.0823900675,residential,group_4
1143,2441,153.4521501,20.524723545,residential,group_4
1180,2447,98.76266431,21.563721870000002,residential,group_4
1272,2448,105.2342596,14.0754240645,residential,group_4
1243,2449,22.29475662,2.9502160859999997,secondary,group_3
1969,2450,259.3390897,34.68744567,residential,group_4
2453,2454,95.87853826,12.824065942499999,residential,group_4
3044,2457,50.90189475,7.9337485365,secondary,group_3
114,2458,77.67422455,10.278459222,secondary,group_3
914,2459,428.1532588,42.006668865,secondary,group_3
1241,2461,42.36959374,4.9158142125,tertiary,group_3
2442,2463,128.8715537,22.310179515,residential,group_4
1898,2464,121.9350114,21.109328745,residential,group_4
3148,2465,51.5207727,6.891070708499999,residential,group_4
2165,2466,113.2268219,17.900746079999998,residential,group_4
164,2468,309.1027193,30.326466765,secondary,group_3
2443,2471,116.6014014,25.458610380000003,residential,group_4
1194,2472,66.09759953,8.8407686475,residential,group_4
1234,2474,128.3583638,17.168348115,residential,group_4
1538,2476,58.86852165,7.873855998,residential,group_4
1583,2477,105.8822496,10.388244171,secondary,group_3
1947,2482,71.58363363,9.574543528500001,residential,group_4
1200,2484,57.6947526,10.408131135,residential,group_4
215,2486,53.81909543,9.267161046,primary,group_2
2334,2487,133.2428165,18.4178469,trunk,group_2
3967,2487,144.6481908,15.546302534999999,trunk_link,group_2
3609,2488,143.1884991,12.491002882499998,trunk_link,group_2
1383,2488,119.4289579,15.551317814999999,trunk,group_2
304,2489,41.59197835,7.056188107500001,residential,group_4
1612,2490,126.34088,16.89850311,residential,group_4
2388,2492,43.15494079,7.321348781999999,residential,group_4
1820,2493,38.25647449,5.116927734,residential,group_4
2052,2494,68.8530127,10.885409278500001,residential,group_4
594,2495,98.80786465,17.10556857,residential,group_4
1626,2496,138.7489011,18.558116235,residential,group_4
2051,2498,221.0302915,47.808704655,residential,group_4
1770,2500,148.912139,19.917482324999998,residential,group_4
468,2501,36.62189601,4.898297553,residential,group_4
1121,2504,83.76185871,11.2034206935,residential,group_4
1937,2507,44.05719536,5.8927929930000005,residential,group_4
1817,2509,107.0923053,14.3239437135,residential,group_4
2290,2511,36.68372926,6.6177433365,residential,group_4
596,2514,79.05003845,10.5731994285,residential,group_4
1148,2516,67.00934252,8.9627172345,residential,group_4
271,2519,91.7852383,12.276573777,residential,group_4
3458,2520,327.7380839,17.04543696,motorway,group_1
57,2521,143.3150635,13.29403692,trunk_link,group_2
3079,2522,130.5109139,11.8108353735,trunk,group_2
109,2523,406.5862447,21.146276685,motorway,group_1
91,2524,1023.019034,53.20653079499999,motorway,group_1
2524,2525,257.8985799,13.4131314075,motorway,group_1
3272,2526,737.0235253,99.4922067,motorway_link,group_1
103,2526,227.0160739,22.87469643,motorway,group_1
3955,2527,307.6392814,23.454124725,motorway_link,group_1
3274,2528,485.8533926,63.264895335,trunk,group_2
3297,2529,144.1809274,10.286920099500001,trunk,group_2
2529,2530,365.6599858,27.877567755,motorway_link,group_1
2532,2531,78.95423442,6.019395354,motorway_link,group_1
2533,2532,296.9461814,22.638892995,motorway_link,group_1
2933,2533,138.4586972,10.5559587105,motorway_link,group_1
80,2534,276.8905773,21.109872915,motorway_link,group_1
3331,2534,378.7357988,37.651781235,motorway,group_1
2586,2535,178.630311,17.75842002,motorway,group_1
3122,2536,211.4363441,25.345715565000003,primary,group_2
3301,2537,10.61413568,1.115051499,primary,group_2
12,2538,200.9950034,17.863973895,primary,group_2
3184,2539,93.51197387,8.31112929,primary,group_2
76,2540,104.622497,16.30683075,secondary,group_3
2535,2542,506.9635976,50.399467200000004,motorway,group_1
2544,2543,150.4343726,20.893974659999998,primary,group_2
2562,2544,201.8860301,28.040144835,primary,group_2
3726,2545,10.5804931,1.821865134,primary,group_2
3587,2545,16.3974413,2.1932110395,residential,group_4
2545,2546,18.80334004,3.25522491,residential,group_4
3728,2546,22.29603842,3.6799488015,primary,group_2
2361,2547,97.41033696,12.2145039135,primary_link,group_2
65,2547,87.00764687,14.9819291685,primary,group_2
2551,2548,382.7886278,65.91273656999999,primary,group_2
2547,2549,180.5140719,31.082889105,primary,group_2
2549,2550,379.3453422,65.31983397,primary,group_2
3626,2551,117.5836016,20.24683179,primary,group_2
2550,2552,154.6168617,26.623623945,primary,group_2
3627,2553,197.8990506,34.076425065,primary,group_2
3440,2554,28.82431048,4.963285338,primary,group_2
3629,2555,39.36945961,6.7790645595,primary,group_2
3614,2556,38.08581723,5.264514582,trunk,group_2
1808,2556,32.22036852,6.425353255499999,tertiary,group_3
2558,2557,431.7281436,59.6767845,trunk,group_2
3217,2558,78.2150715,10.811488749,trunk,group_2
3582,2559,13.1002245,1.8108137865,trunk,group_2
3221,2559,33.17796105,4.390366581,secondary,group_3
2559,2560,19.43060927,2.5712097705,secondary,group_3
3218,2560,114.1341035,15.776493615,trunk,group_2
1928,2561,161.7618469,21.636172485,residential,group_4
2768,2561,352.4162421,60.6828867,primary,group_2
2561,2562,16.37918848,2.5631005470000003,tertiary,group_3
2832,2562,269.7978011,37.47247602,primary,group_2
3784,2563,112.1003709,19.01859768,primary,group_2
3465,2564,222.3500343,37.723210110000004,primary,group_2
346,2565,58.00808152,12.2808020475,secondary,group_3
3095,2566,64.41558779,5.8294121175,trunk,group_2
18,2567,202.6675996,18.340792995,trunk,group_2
57,2568,196.7316563,16.59087444,trunk,group_2
1203,2569,43.37322246,5.801309397,residential,group_4
3900,2570,1332.505784,69.30272817000001,motorway,group_1
3306,2571,279.0787319,24.803876205,primary,group_2
3620,2572,182.7844442,19.20213519,primary,group_2
2618,2573,411.3304998,40.89216294,motorway,group_1
3156,2574,142.408071,12.656902015499998,primary,group_2
3099,2575,736.1637944,38.28738303,motorway,group_1
1548,2576,62.62491265,8.287016892,secondary,group_3
3885,2577,156.8116353,15.800725005,motorway,group_1
2579,2578,627.6175381,63.240282555,motorway,group_1
183,2578,422.6034522,61.585493099999994,motorway_link,group_1
2655,2579,781.7453907,78.77058303000001,motorway,group_1
0,2580,770.866878,76.63524585,motorway,group_1
79,2581,4.423720254,0.23007471000000002,motorway,group_1
2638,2582,385.2138066,66.33033042,primary,group_2
134,2583,25.45305822,3.7595417745,motorway_link,group_1
3349,2583,270.8888877,52.63857069,primary,group_2
3269,2584,1219.862726,122.91636037499998,motorway,group_1
33,2585,661.4236466,66.64666897500001,motorway,group_1
2637,2585,324.306088,54.05708559,motorway_link,group_1
136,2586,530.9096719,77.36882832,motorway_link,group_1
3028,2587,33.29540232,6.244119369,secondary,group_3
2140,2588,41.83016907,7.266727594499999,secondary,group_3
3630,2589,221.6415451,38.1646677,primary,group_2
2102,2589,164.739887,27.948553484999998,residential,group_4
3631,2590,242.0680185,41.681921519999996,primary,group_2
2592,2591,13.90871052,1.9966659165,motorway_link,group_1
54,2591,48.26864069,5.9192674845,trunk,group_2
55,2592,15.08632758,1.3341939434999999,motorway_link,group_1
50,2592,220.270181,29.59200249,trunk,group_2
3023,2593,26.99649357,6.611933913,residential,group_4
3022,2594,8.462944817,1.749989073,residential,group_4
2762,2595,200.77864,24.068134184999998,primary,group_2
3054,2596,21.51890416,3.1784478885,motorway_link,group_1
429,2596,125.1600909,23.4721461,secondary,group_3
3134,2599,186.3191376,34.941729345,secondary,group_3
1775,2600,90.86230592,16.554802425,secondary,group_3
2882,2601,90.96138782,16.572854805,secondary,group_3
2724,2602,141.8992216,13.654935928499999,trunk,group_2
2868,2602,145.8199329,19.429755465,trunk_link,group_2
1757,2607,325.1273329,28.896569999999997,primary,group_2
3249,2608,37.10150852,2.6470925145,trunk,group_2
2540,2617,90.1501,14.051111997,secondary,group_3
3455,2618,575.5706252,57.21999171,motorway,group_1
2669,2619,184.911965,21.443786744999997,secondary,group_3
169,2620,332.7170922,21.948890595,motorway,group_1
174,2621,494.5581716,47.82456819,motorway_link,group_1
3969,2623,314.2278811,59.728444995000004,secondary,group_3
2627,2624,164.1938723,31.209976140000002,secondary,group_3
3753,2625,84.18044047,16.001020635,secondary,group_3
2905,2627,80.8674572,15.37128867,secondary,group_3
3389,2627,196.8854186,29.08094382,motorway_link,group_1
2538,2628,133.8058054,11.8923524145,primary,group_2
143,2629,26.95831904,3.5920572464999996,trunk_link,group_2
3730,2629,162.7769152,27.61622139,primary,group_2
3732,2630,81.95745187,10.962075417,residential,group_4
2565,2631,219.4548738,37.23202626,primary,group_2
4067,2632,14.8916052,2.564199612,primary,group_2
4001,2632,9.854962698,2.394105444,primary_link,group_2
331,2633,96.4840611,16.61368191,primary,group_2
3058,2634,370.1033653,42.919978905,secondary,group_3
2584,2635,644.2149063,64.91267409,motorway,group_1
2583,2635,323.1318295,47.728159094999995,motorway_link,group_1
2638,2637,25.2991698,4.217001894,motorway_link,group_1
3110,2637,205.3697446,34.369275045,primary,group_2
33,2638,327.0480428,48.306603030000005,motorway_link,group_1
2583,2638,151.8342803,29.504124599999997,primary,group_2
2640,2639,176.9382558,21.698246505,trunk,group_2
3328,2639,277.8385453,40.43417313,motorway_link,group_1
55,2640,40.53095449,4.970381547000001,trunk,group_2
2567,2641,593.986519,53.75394885,trunk,group_2
75,2642,175.4403426,16.525701555,trunk,group_2
3087,2643,197.7297491,14.1074840295,trunk,group_2
3447,2644,15.94492142,1.137627117,trunk,group_2
3486,2645,281.1659097,20.060428935,trunk,group_2
2654,2646,1300.415978,131.033103585,motorway,group_1
3391,2647,341.6131141,50.457935625000005,motorway_link,group_1
3395,2647,627.5483383,63.23330982,motorway,group_1
3741,2648,897.1826774,132.5182902,motorway_link,group_1
3096,2649,47.01155594,4.254400887,trunk,group_2
2649,2650,75.51265206,6.833662223999999,trunk,group_2
7,2651,878.3327566,45.681494985,motorway,group_1
2932,2652,82.4117859,6.9499927905,trunk,group_2
2905,2653,10.46802277,1.3112898375,motorway_link,group_1
2625,2653,242.2906448,46.054612965,secondary,group_3
2862,2654,1180.65305,118.96549725,motorway,group_1
2699,2654,383.3524583,56.623041885,motorway_link,group_1
3450,2655,332.9027647,49.17137422500001,motorway_link,group_1
3334,2655,1239.422425,124.887243645,motorway,group_1
2699,2656,82.10635022,8.970882722999999,trunk_link,group_2
3845,2656,429.8791451,58.54671822,trunk,group_2
180,2657,101.9547651,17.555687625,primary,group_2
3596,2657,27.6780709,3.6879604754999997,trunk_link,group_2
722,2658,23.27000337,4.4231629335,secondary,group_3
3214,2658,82.94310957,11.465034534,trunk,group_2
3060,2659,189.7126881,13.535488358999999,trunk,group_2
3616,2660,24.18414574,1.725473538,trunk,group_2
2662,2661,152.7172631,10.895964612,trunk,group_2
3309,2662,183.6467668,12.6303744225,trunk_link,group_2
3040,2663,94.56164058,6.7467178815,trunk,group_2
3863,2664,271.8653028,14.139531255,motorway,group_1
72,2665,630.3527025,72.613163835,trunk,group_2
2641,2666,638.710765,57.80135523,trunk,group_2
9,2667,76.45544541,7.201763597999999,trunk,group_2
2600,2668,124.101364,22.6108455,secondary,group_3
3102,2669,15.34994833,1.7800958325,secondary,group_3
1483,2669,600.5306678,100.500702915,primary,group_2
338,2670,20.18699953,3.47601858,primary,group_2
2671,2670,397.7794054,68.49401277,primary,group_2
2582,2671,409.7072579,70.547881005,primary,group_2
2748,2672,173.9832935,32.141610299999996,secondary,group_3
1962,2673,265.8147364,36.251380245,trunk,group_2
3322,2674,81.21470938,15.00357585,secondary,group_3
3680,2675,9.072001203,1.5621164849999998,primary,group_2
3670,2675,86.00396854,22.286421089999997,residential,group_4
1481,2676,287.2645939,55.092712425,primary,group_2
1482,2677,15.21272802,1.4925403815,secondary,group_3
3780,2677,166.7350295,31.977087419999997,primary,group_2
3108,2678,403.934907,77.46819532500001,primary,group_2
2765,2679,52.04150386,5.5004741535,trunk_link,group_2
3059,2680,19.53385269,1.489242255,motorway_link,group_1
2634,2680,67.71044917,7.8522146055,secondary,group_3
407,2681,16.91758018,1.886240067,trunk,group_2
3992,2681,32.29809574,4.7165704575,primary,group_2
2997,2682,18.56950204,3.1975001535,primary,group_2
3513,2682,20.84335099,3.5410193234999996,primary,group_2
3990,2683,136.9541393,23.266760415,primary,group_2
2688,2687,318.3660071,54.819744465,primary,group_2
2906,2688,394.1206391,67.86400635,primary,group_2
3660,2689,36.47968875,4.8792768705,residential,group_4
1077,2692,23.70381321,2.750168967,tertiary,group_3
418,2693,42.53175468,7.3235831445,primary,group_2
2693,2694,13.8557229,1.8532479465,residential,group_4
3795,2694,52.23205953,8.9938878285,primary,group_2
3796,2695,46.65760808,8.034017751,primary,group_2
3886,2696,177.7148803,24.56511759,trunk,group_2
3211,2697,127.8769116,17.676130245,trunk,group_2
3208,2698,100.5566726,13.899716688,trunk,group_2
2700,2699,129.7763625,31.527089999999998,primary_link,group_2
2657,2700,19.24614737,4.6755434415,primary_link,group_2
3945,2700,105.1147261,18.0998043,primary,group_2
2656,2701,87.96522138,11.9802858285,trunk,group_2
3334,2701,330.3564017,48.795263895,motorway_link,group_1
2701,2702,381.2714886,65.65149894000001,primary,group_2
215,2703,19.58404224,2.886427464,secondary,group_3
2708,2703,147.3182483,24.314795355,primary,group_2
2705,2704,368.3637133,60.798227025,primary,group_2
2706,2705,89.89264114,15.250903829999999,primary,group_2
2702,2706,116.8217419,20.11564644,primary,group_2
2704,2707,33.96031664,5.605131468,primary,group_2
2707,2708,48.74035511,8.0445686385,primary,group_2
3746,2709,65.60959953,7.608584229,secondary,group_3
1666,2710,487.6387854,83.96698458,primary,group_2
1321,2712,28.28903664,4.5603034485,secondary,group_3
104,2714,1079.385327,56.13810375,motorway,group_1
3178,2714,361.3691501,48.297902400000005,motorway_link,group_1
172,2715,20.01462445,3.33614541,motorway_link,group_1
2716,2715,279.7028536,47.453509724999996,primary,group_2
3314,2716,402.9506403,69.38445261,primary,group_2
2718,2717,41.65557685,5.571568716,residential,group_4
1240,2718,37.16671861,4.9711693455,residential,group_4
2720,2719,72.58477897,4.9920450645,trunk_link,group_2
1411,2720,30.21093806,2.077768458,trunk_link,group_2
2592,2721,239.8925598,31.784515005000003,trunk,group_2
2721,2722,58.23945597,4.00544016,trunk_link,group_2
2721,2723,33.30414263,4.412625477,trunk,group_2
3113,2724,10.81533651,0.7716450749999999,trunk,group_2
3113,2725,21.01897965,3.8295864450000003,secondary,group_3
2723,2726,76.92339557,5.4882766965,trunk,group_2
1855,2727,73.82343467,9.874124193,residential,group_4
795,2728,142.2755724,25.123929524999998,residential,group_4
2746,2729,48.19172194,6.445799355,residential,group_4
1776,2732,105.8126374,18.381747645,secondary,group_3
2601,2733,131.2191834,23.90768793,secondary,group_3
2733,2734,105.4944768,19.22073408,secondary,group_3
1125,2736,44.08408179,5.896389141,residential,group_4
3330,2737,267.0204755,20.35738578,motorway_link,group_1
2526,2738,525.9335485,52.214452800000004,motorway,group_1
2322,2739,133.5213746,13.099954398000001,secondary,group_3
2741,2740,120.9276272,10.198130379,trunk,group_2
2903,2741,187.9699385,15.85197678,trunk,group_2
3552,2743,217.0700227,25.173077774999996,secondary,group_3
2743,2744,157.6816282,18.28595142,secondary,group_3
2744,2745,225.3974734,26.138791785,secondary,group_3
2747,2746,63.20994879,8.454535981500001,residential,group_4
668,2747,28.12438822,3.7617282825,residential,group_4
2599,2748,173.6696753,31.642022864999998,secondary,group_3
126,2753,40.1882484,5.37530877,residential,group_4
3384,2754,250.1070467,19.06792215,motorway_link,group_1
577,2755,140.805855,22.260890265,residential,group_4
1920,2756,255.7341593,47.14855041,residential,group_4
575,2757,89.36661549,16.121733974999998,residential,group_4
2861,2760,259.8436444,26.18248296,motorway,group_1
3657,2761,97.9667232,10.2917415765,primary,group_2
2536,2762,181.7824737,21.79098816,primary,group_2
11,2763,73.06297417,7.675516996499999,primary,group_2
3372,2764,136.7857801,13.162870399500001,trunk,group_2
3232,2764,137.0793849,17.206204785,trunk_link,group_2
2629,2765,328.6308086,43.202527425,trunk_link,group_2
2765,2766,75.74977743,10.4707168395,trunk,group_2
2679,2766,47.801412,3.2875598189999997,trunk_link,group_2
2673,2767,273.1778449,35.912559105,trunk_link,group_2
3725,2768,119.8389873,20.635188795,primary,group_2
2619,2769,94.16856235,10.9204970535,secondary,group_3
2769,2770,88.4911044,10.26209619,secondary,group_3
3779,2771,76.9185694,8.9200577085,secondary,group_3
2771,2772,95.72527001,11.10102462,secondary,group_3
2772,2773,140.6208462,16.307454405,secondary,group_3
3558,2774,20.33898799,2.3586625185,secondary,group_3
3957,2778,18.1224792,3.787940238,residential,group_4
2894,2779,9.798039461,1.6871337,primary,group_2
2778,2780,87.39161625,12.137905611,primary,group_2
3120,2781,143.4981803,22.686537045,residential,group_4
3950,2782,163.7393718,28.19443761,primary,group_2
3437,2783,11.10609518,1.6218504285000002,primary,group_2
1656,2783,111.3053364,10.920310218000001,secondary,group_3
2783,2784,529.4571799,77.31793582499999,primary,group_2
30,2785,291.7849179,34.97741868,primary,group_2
3734,2786,345.5482685,36.301035345,primary,group_2
2785,2787,434.9153812,52.13503662000001,primary,group_2
2791,2788,114.142965,16.668578265,primary,group_2
2790,2789,114.6144366,19.735568445000002,primary,group_2
3452,2790,82.91903815,14.2779077595,primary,group_2
2794,2791,114.37825,16.70293752,primary,group_2
2789,2792,114.9557446,19.794338595,primary,group_2
2792,2793,113.5271288,19.548343905,primary,group_2
2795,2794,113.5582946,16.583197395,primary,group_2
2799,2795,354.4885171,51.76683111,primary,group_2
564,2796,112.5676951,19.487663595,residential,group_4
29,2796,114.1497984,16.66957617,primary,group_2
2799,2797,18.02884142,1.7688329024999998,secondary,group_3
2796,2797,123.4333146,18.025270905,primary,group_2
2797,2798,118.3063503,17.276567670000002,primary,group_2
2802,2799,227.5483233,33.22944201,primary,group_2
2803,2800,15.5000928,1.5207341115,secondary,group_3
4046,2800,22.43408362,3.2761044765000005,primary,group_2
2802,2801,15.4501181,2.035034697,unclassified,group_4
2798,2801,118.1790173,17.25797292,primary,group_2
4047,2802,172.5948898,25.204456785,primary,group_2
3866,2803,12.96003365,1.8925856295,primary,group_2
3867,2804,208.7907521,30.490227689999998,primary,group_2
3127,2805,268.5354615,39.21489474,primary,group_2
2804,2806,268.5696053,39.21988083,primary,group_2
2808,2807,16.19217566,2.1084473504999997,trunk,group_2
3288,2807,46.19398443,5.5374566505,primary,group_2
94,2808,20.41900617,2.981837754,primary,group_2
3186,2808,661.3487844,86.11684566,trunk,group_2
95,2809,122.4466242,17.88118206,primary,group_2
2815,2810,102.0939192,14.909026440000002,primary,group_2
2812,2811,102.1008159,14.910033584999999,primary,group_2
2809,2812,48.89911539,7.1408582385,primary,group_2
3634,2813,316.9006149,46.277777189999995,primary,group_2
2813,2814,15.24620148,2.708530755,unclassified,group_4
2811,2814,160.6114355,23.454483449999998,primary,group_2
2813,2815,160.9938811,23.51033292,primary,group_2
492,2816,17.13089619,2.9656922595,residential,group_4
28,2816,151.4840868,19.87651911,primary,group_2
2160,2818,17.71587535,2.3695558755,residential,group_4
2371,2818,59.49157618,6.9023445809999995,tertiary,group_3
94,2820,732.1659376,95.338227765,trunk,group_2
3222,2822,34.43367404,6.3612644085,secondary,group_3
3227,2823,53.99532086,4.710264531,trunk_link,group_2
2928,2825,899.4072053,90.62647606499999,motorway,group_1
139,2826,80.1605349,9.036695613,primary,group_2
3371,2828,10.85999674,1.501152276,trunk,group_2
1945,2829,93.96675307,9.219199429500001,secondary,group_3
2829,2830,96.20046539,9.4383518295,secondary,group_3
3,2832,552.162789,76.690420695,primary,group_2
2561,2833,267.0396528,45.981810885,primary,group_2
3369,2835,19.85521003,2.521361613,secondary,group_3
93,2835,108.0236108,7.7071931325000005,trunk,group_2
3890,2836,119.8382687,10.8449938875,trunk,group_2
3107,2837,415.6632419,69.562555635,primary,group_2
2839,2838,136.9808822,20.572344285,secondary,group_3
2840,2839,212.7851946,31.95694326,secondary,group_3
3649,2840,11.99588171,1.801590153,secondary,group_3
2842,2841,159.0019314,23.87955474,secondary,group_3
2843,2842,68.31094314,10.2592144095,secondary,group_3
1010,2843,93.92699895,14.1063375315,secondary,group_3
3401,2844,42.83701995,7.376147061000001,primary,group_2
22,2847,367.4121322,33.249665325,trunk,group_2
3308,2848,17.36912047,1.5437275035,primary,group_2
3908,2848,136.1733207,19.22694729,primary,group_2
647,2849,22.42519771,3.6150296595,secondary,group_3
97,2849,574.121137,69.35160487499999,trunk,group_2
2898,2850,96.90191705,6.6644652435000005,trunk_link,group_2
3245,2851,12.66910964,0.903906786,trunk,group_2
3244,2851,82.76410783,9.597950452500001,secondary,group_3
3051,2852,13.42181666,0.9576103994999999,trunk,group_2
644,2853,84.80854517,11.043256700999999,trunk,group_2
608,2854,85.67444043,11.2847330895,unclassified,group_4
1114,2854,211.4482095,38.14524879,residential,group_4
932,2855,83.88942134,15.94570371,secondary,group_3
2664,2856,225.6514328,11.735979009000001,motorway,group_1
3335,2857,653.5273899,65.85102277499999,motorway,group_1
2653,2857,452.8194551,65.00452873500001,motorway_link,group_1
3213,2859,219.9405353,30.40187238,trunk,group_2
2577,2861,931.4035524,93.850506495,motorway,group_1
2857,2862,788.2592691,79.4269374,motorway,group_1
3995,2863,194.4460229,33.481844955,primary,group_2
3449,2864,7.21557516,1.2424567245,primary,group_2
3448,2864,61.41418049,11.6736092565,secondary,group_3
2039,2865,16.7614372,3.0013057874999998,secondary,group_3
34,2865,325.6816145,61.90557099,secondary,group_3
421,2866,12.95437541,2.230626177,primary,group_2
3194,2866,272.5863111,51.81321414,secondary,group_3
3684,2867,13.0877009,2.2535836199999997,primary,group_2
956,2867,124.9740298,23.75506731,secondary,group_3
3770,2868,19.34756639,3.6775859969999996,secondary,group_3
2754,2870,62.91714178,4.7967427425,motorway_link,group_1
2976,2872,83.9823151,13.085201352,primary,group_2
3016,2873,41.60857308,5.4595411005,primary,group_2
1526,2874,72.3387912,12.523255684499999,residential,group_4
667,2875,75.64711278,10.118047064999999,residential,group_4
672,2878,84.32827249,11.279180376,residential,group_4
2264,2880,42.60937697,9.843285507,residential,group_4
2668,2882,126.3216521,23.015374425,secondary,group_3
2886,2885,19.82875927,1.9454251664999997,secondary,group_3
3304,2886,280.4864281,29.46606501,primary,group_2
2891,2887,155.8613604,26.837915355,primary,group_2
2779,2888,119.1052281,20.5088421,primary,group_2
2281,2889,104.9213886,16.58768748,residential,group_4
2889,2890,89.95115322,14.220948066,residential,group_4
3952,2891,44.81165015,7.7161605060000005,primary,group_2
2890,2892,16.60947167,2.6258966745,residential,group_4
2782,2893,8.356362078,1.4177142059999999,primary,group_2
2893,2894,18.1736297,4.709377614,residential,group_4
2780,2894,78.02753025,8.9759895195,primary,group_2
3443,2895,81.26807113,9.8168675475,trunk,group_2
1016,2897,123.8300212,16.562667585,residential,group_4
2662,2898,140.2265639,9.644133884999999,trunk_link,group_2
2665,2899,88.073339,10.145564172,trunk,group_2
3891,2900,430.2531955,36.28433208,trunk,group_2
3542,2901,11.66060222,0.983367858,trunk,group_2
3881,2902,35.31597174,2.978284554,trunk,group_2
42,2903,341.0528926,28.761846614999996,trunk,group_2
1202,2904,518.3466365,52.229878485,motorway,group_1
82,2905,200.0176761,38.01936582,secondary,group_3
2867,2906,73.99690512,12.7415972175,primary,group_2
683,2907,34.55130285,4.621348992,residential,group_4
2681,2909,23.28563262,3.4004582745,primary,group_2
642,2909,37.20783088,3.3671939909999997,trunk,group_2
2682,2910,16.17530479,2.7852410610000002,primary,group_2
3515,2910,40.28348322,6.936451152,primary,group_2
3748,2911,89.08375274,15.339415800000001,primary,group_2
2912,2913,16.89502785,2.92485885,residential,group_4
3413,2915,407.8808423,60.246004740000004,motorway_link,group_1
1015,2916,143.2771367,24.671025944999997,primary,group_2
3053,2917,2128.808393,211.63414755000002,motorway,group_1
2918,2919,13.55190664,1.812611535,residential,group_4
1537,2922,38.38896986,5.134649421,residential,group_4
15,2923,16.82604561,2.3757479835,primary,group_2
83,2923,98.23220681,18.6719808,secondary,group_3
3467,2924,149.0084787,25.657911149999997,primary,group_2
3464,2925,52.67892369,9.070833792,primary,group_2
70,2926,257.678531,16.998699555,motorway,group_1
170,2927,51.60240933,8.885467764,primary,group_2
3166,2928,261.6849745,38.652156659999996,motorway_link,group_1
2926,2928,252.7567376,16.674015585,motorway,group_1
3809,2929,9.015153692,1.3165050944999999,primary,group_2
182,2930,107.0048945,18.42527418,primary,group_2
2850,2931,87.54998331,6.021282537,trunk_link,group_2
2740,2932,127.6133527,10.76195439,trunk,group_2
88,2933,311.2053007,16.18557804,motorway,group_1
3608,2935,47.43329189,5.5033156995,tertiary,group_3
3607,2935,112.9903417,15.61839405,trunk,group_2
3237,2936,52.61307774,4.4369929245,trunk,group_2
3810,2937,25.26966905,4.803259446,secondary,group_3
1663,2938,130.0393975,24.717892545,secondary,group_3
2940,2939,31.335701,5.9562909795,secondary,group_3
1597,2940,61.57306564,11.703810149999999,secondary,group_3
1657,2941,132.3246563,17.69885262,residential,group_4
1459,2941,126.0330868,14.62263819,tertiary,group_3
3364,2942,87.75070236,13.900287388499999,secondary,group_3
2663,2943,161.2549697,11.505106941000001,trunk,group_2
4073,2944,351.0724291,45.714532035000005,trunk,group_2
177,2945,20.42753056,2.690641794,unclassified,group_4
96,2946,586.0243137,76.308547875,trunk,group_2
2853,2947,154.3135526,20.09377911,trunk,group_2
998,2948,41.71052052,5.5789176105,residential,group_4
1582,2949,83.34632161,9.6700250385,tertiary,group_3
2951,2950,166.1789186,31.587293804999998,secondary,group_3
2952,2951,139.0301631,26.426857544999997,secondary,group_3
1714,2952,91.2526515,17.345306715,secondary,group_3
2955,2953,34.86542623,4.3553827305,secondary_link,group_3
3546,2954,84.33779541,16.030930665,secondary,group_3
384,2955,65.45440215,6.421815879,secondary,group_3
2957,2956,154.4592501,24.899435790000002,secondary,group_3
708,2957,162.809239,15.97342458,secondary,group_3
3453,2958,31.65368357,3.794452953,primary,group_2
3231,2958,34.08076893,4.4718034035,primary,group_2
2960,2959,11.18864644,1.097732544,secondary,group_3
3577,2960,325.9332285,31.977729735000004,secondary,group_3
3503,2961,20.72309242,2.7191169134999997,primary,group_2
2977,2966,96.12127349,11.057424741,primary,group_2
2970,2967,67.58427997,10.5302397375,primary,group_2
2969,2968,88.9209942,13.854692052,primary,group_2
2967,2969,59.15384665,9.216702269999999,primary,group_2
3701,2970,121.7609659,18.97145553,primary,group_2
2972,2971,55.48937023,8.645743827,primary,group_2
2973,2972,179.8002965,28.014506145,primary,group_2
2974,2973,187.3017425,29.18329902,primary,group_2
2975,2974,97.73095018,15.227362575,primary,group_2
3980,2975,382.5748175,59.60860347,primary,group_2
2971,2976,167.9747607,26.17198113,primary,group_2
2872,2977,380.7306576,43.79780292,primary,group_2
2982,2978,235.3392041,27.072524565000002,primary,group_2
2980,2979,124.4287642,14.313810521999999,primary,group_2
2983,2980,211.3060251,24.307839299999998,primary,group_2
3524,2981,58.54677055,6.7349972145,primary,group_2
2966,2982,162.6464262,18.710224619999998,primary,group_2
2978,2983,34.19567564,3.9337401195,primary,group_2
2987,2984,105.939048,12.6993350565,primary,group_2
3521,2985,84.98212341,11.150668269,primary,group_2
2981,2986,20.89525315,2.4037102380000004,primary,group_2
3603,2987,295.0075008,35.363722515,primary,group_2
3012,2988,210.4923479,24.214236989999996,primary,group_2
3002,2989,77.92199751,8.963849436,primary,group_2
2989,2990,80.21456561,9.2275777275,primary,group_2
2996,2991,137.4609474,15.81298317,primary,group_2
2990,2992,161.7719768,18.609631290000003,primary,group_2
2992,2993,85.77142603,9.866817759,primary,group_2
2993,2994,187.6976957,21.592027125,primary,group_2
2417,2994,243.6327182,23.903120445,secondary,group_3
2991,2995,83.5765532,9.614327958,primary,group_2
2646,2995,372.0808702,54.958172925,motorway_link,group_1
162,2996,17.00813207,2.5121846835,motorway_link,group_1
2994,2996,112.7273623,12.967725867000002,primary,group_2
410,2997,16.2887253,1.4477044635,primary,group_2
3510,2997,40.86075917,7.035852843000001,primary,group_2
3928,2998,33.49622522,5.7677467635,primary,group_2
3927,2998,27.53068092,4.7660978384999995,residential,group_4
98,2999,15.29716327,1.4126355,trunk,group_2
3286,2999,49.40032044,8.506287991499999,primary,group_2
3506,3000,39.00230684,6.715844176500001,primary,group_2
3004,3001,190.1486454,21.87397503,primary,group_2
3001,3002,99.63565175,11.4617054145,primary,group_2
3005,3003,78.9414248,9.0811204635,primary,group_2
3003,3004,128.4037343,14.771075920500001,primary,group_2
3006,3005,108.7184478,12.506555637,primary,group_2
3008,3006,58.30499246,6.707183985,primary,group_2
3830,3007,36.5168724,4.200761743499999,primary,group_2
3009,3008,159.1409032,18.30696261,primary,group_2
3829,3009,60.56163279,6.966779283000001,primary,group_2
3013,3010,140.986384,16.218535965,primary,group_2
2988,3011,152.8557436,17.58394182,primary,group_2
3832,3012,70.87009833,8.152625847,primary,group_2
3011,3013,33.70329891,3.8770989780000003,primary,group_2
3015,3014,149.1863637,17.161830345000002,primary,group_2
3585,3015,111.1573073,12.787112725500002,primary,group_2
952,3016,12.24348234,1.6064909250000001,primary,group_2
3504,3017,70.39391536,8.097847573500001,primary,group_2
3505,3018,136.0112553,15.646216124999999,primary,group_2
3591,3019,19.20103538,3.2575059645,residential,group_4
753,3020,3.653945448,0.720383706,residential,group_4
2594,3021,20.29764015,3.937655142,residential,group_4
2593,3022,25.65733202,4.9774123784999995,residential,group_4
3023,3022,16.81772805,3.068216733,residential,group_4
3024,3023,25.68392943,5.904609096,residential,group_4
3019,3024,17.97588069,3.1063975049999994,residential,group_4
3591,3024,13.96267319,3.3713064855,residential,group_4
3403,3025,27.37375742,4.755363003,secondary,group_3
2587,3027,32.40069369,6.076328412,secondary,group_3
4,3028,371.8408472,54.1879197,motorway_link,group_1
3027,3029,93.05461126,17.451181245,secondary,group_3
3031,3030,73.65546043,7.226432292,secondary,group_3
3034,3031,236.1999199,23.173879005,secondary,group_3
3030,3032,500.1777565,49.073085285000005,secondary,group_3
3405,3033,17.89531419,3.356033271,secondary,group_3
3029,3034,223.1553547,21.89405988,secondary,group_3
2643,3035,251.611939,17.95183287,trunk,group_2
36,3036,138.1769285,11.652807258000001,trunk,group_2
89,3037,21.23065628,1.7904345404999997,trunk,group_2
3763,3038,49.16843542,5.7046309005,tertiary,group_3
204,3039,91.40101791,10.604548764,tertiary,group_3
2661,3040,149.5087401,10.667045161499999,trunk,group_2
4077,3042,118.4423615,22.212323384999998,secondary,group_3
3876,3043,76.4702701,8.79684825,primary,group_2
3046,3044,174.874549,33.24015948,secondary,group_3
398,3045,12.5123146,1.439368956,primary,group_2
3875,3045,26.60527644,4.581187764,primary,group_2
3045,3046,16.72981986,2.8807235355,primary,group_2
3043,3046,104.6534519,12.038934002999998,primary,group_2
3046,3047,13.69457283,2.358081474,primary,group_2
3949,3047,27.80232656,5.2846670595,secondary,group_3
2786,3049,101.0614229,10.616850438,primary,group_2
3722,3050,216.0278488,34.153212135000004,residential,group_4
3460,3051,59.24761068,4.2271571429999995,trunk,group_2
1708,3052,76.38641737,10.216931455500001,residential,group_4
2715,3053,369.9351712,53.910207825,motorway_link,group_1
2714,3053,480.2923695,45.589719269999996,motorway,group_1
2715,3054,123.5395203,24.00594513,primary,group_2
3336,3054,447.4354949,65.1158184,motorway_link,group_1
1600,3056,10.54283916,1.410138984,residential,group_4
739,3057,414.3196567,60.37830555000001,motorway_link,group_1
56,3057,450.2853409,44.764833960000004,motorway,group_1
3126,3058,401.9515541,46.6133352,secondary,group_3
3681,3059,94.34709158,9.2565149325,secondary,group_3
3061,3060,57.82084242,4.125361077,trunk,group_2
652,3061,184.4279765,13.158438444,trunk,group_2
3063,3062,74.34708563,6.2698763699999995,trunk,group_2
2652,3063,336.311055,28.36195554,trunk,group_2
3903,3064,1003.204284,52.175978985,motorway,group_1
3066,3065,207.3102465,10.782066264000001,motorway,group_1
205,3066,746.0673857,38.80246215,motorway,group_1
3068,3067,280.9499968,14.612020072500002,motorway,group_1
108,3068,755.716271,39.30429417,motorway,group_1
3776,3069,106.1696564,7.5749184825,trunk,group_2
3071,3070,99.07538856,7.068761619,trunk,group_2
3077,3071,194.369212,13.8677187735,trunk,group_2
3073,3072,135.3960264,11.4182868,trunk,group_2
3036,3073,810.2105043,68.32708576499999,trunk,group_2
3075,3074,170.2436015,12.146421562499999,trunk,group_2
3153,3074,122.7158967,11.142602817,trunk_link,group_2
3081,3075,197.5388299,14.093862459,trunk,group_2
3125,3076,44.0930545,4.003649133,trunk_link,group_2
3125,3077,69.37086027,4.9494236835,trunk,group_2
3154,3078,197.0605933,17.833376205,trunk,group_2
3078,3079,89.81733914,8.1281923065,trunk,group_2
3236,3080,248.8993733,17.758298625000002,trunk,group_2
3080,3081,100.3091515,7.1567872785,trunk,group_2
3083,3082,125.4351438,10.942294617,trunk_link,group_2
3072,3083,149.2802933,12.58918188,trunk,group_2
3083,3084,298.1842961,25.146630255,trunk,group_2
3082,3085,218.1394988,19.74095217,trunk,group_2
38,3086,235.8346975,19.88853207,trunk,group_2
961,3087,91.05163624,6.4962885435,trunk,group_2
3870,3088,370.9761832,26.468149589999996,trunk,group_2
3074,3089,41.85483245,3.9425394375,trunk,group_2
3091,3090,86.78034968,8.174323752,trunk,group_2
3089,3091,350.095064,32.977401075,trunk,group_2
27,3092,384.9144617,32.46080283,trunk,group_2
3094,3093,25.49255096,2.3069972745,trunk,group_2
3488,3094,48.61150522,4.3991913645,trunk,group_2
21,3095,368.0958492,33.311539605,trunk,group_2
3300,3096,810.7126447,73.366995105,trunk,group_2
3038,3097,73.22270964,8.495461131,tertiary,group_3
78,3099,380.5461417,19.791948480000002,motorway,group_1
59,3100,391.7341689,29.865438555,motorway_link,group_1
26,3100,363.2061132,18.89010528,motorway,group_1
3912,3101,196.7035512,11.892251688,"['trunk', 'motorway']",group_1
2677,3102,16.94148973,3.2491042814999997,primary,group_2
2838,3102,408.2467167,61.312147155,secondary,group_3
3093,3103,89.74933165,8.122037837999999,trunk,group_2
3103,3104,289.1835861,26.170223055,trunk,group_2
3892,3105,16.57360562,1.3976937675,trunk,group_2
3904,3106,93.88758507,9.211432154999999,secondary,group_3
3182,3107,112.3593471,18.803691405000002,primary,group_2
3102,3108,601.5609931,115.36968880500001,primary,group_2
335,3110,180.8632042,30.26802813,primary,group_2
334,3111,18.58196609,3.5320606679999997,secondary,group_3
2678,3111,597.2797675,114.548618835,primary,group_2
3054,3112,124.2955852,26.662126035,secondary,group_3
2723,3113,13.58163363,2.474527353,secondary,group_3
53,3113,45.34423963,3.235189137,trunk,group_2
3666,3115,19.24173371,3.313252362,primary,group_2
3427,3115,192.828739,33.20336331,primary,group_2
3042,3116,155.4823786,29.158696515000003,secondary,group_3
1137,3118,16.27640431,1.5968990355000001,secondary,group_3
268,3119,277.2073501,47.73259632,primary,group_2
2892,3120,54.38925151,8.598741576,residential,group_4
3257,3121,4.98443683,0.355626117,trunk,group_2
23,3122,287.8249092,34.502716695000004,primary,group_2
2537,3123,208.5450905,21.908379795000002,primary,group_2
3085,3124,59.14993949,5.159926038,trunk_link,group_2
73,3125,153.4453324,14.453869218000001,trunk,group_2
1446,3126,17.1362658,1.9872506865000001,secondary,group_3
2745,3126,177.5446892,20.589421845,secondary,group_3
2808,3127,312.7062361,45.66526173,primary,group_2
1843,3131,204.2515977,27.319314675,residential,group_4
3283,3132,80.23107444,9.691602372,trunk,group_2
2639,3134,65.76681861,8.8353850335,trunk,group_2
3136,3135,145.9955617,25.139114114999998,primary,group_2
4065,3136,157.1087684,27.05270772,primary,group_2
181,3137,471.5306186,69.64738947,motorway_link,group_1
3139,3140,98.67742108,13.198425612,residential,group_4
3579,3141,36.59569989,4.2459142455,tertiary,group_3
3273,3142,46.75948294,4.587633225,secondary,group_3
2761,3144,103.1548564,10.8367728375,primary,group_2
3228,3145,76.39836061,10.062920793,unclassified,group_4
1703,3148,46.63294142,11.7446003355,residential,group_4
452,3149,105.5178565,13.8984374025,unclassified,group_4
2675,3150,210.9138013,36.317447325,primary,group_2
3737,3152,10.9436022,1.233699378,primary,group_2
3076,3153,184.2897483,17.35927629,trunk,group_2
3124,3154,37.61206661,3.403776078,trunk,group_2
3557,3155,60.95976559,8.0666716455,secondary,group_3
2628,3156,8.018798253,0.712692357,primary,group_2
913,3157,34.40796275,4.602176786999999,residential,group_4
2999,3158,22.474277,3.8698670535,primary,group_2
2947,3158,51.84935114,6.7515094515000005,trunk,group_2
3835,3159,42.13796103,8.009584887,secondary,group_3
4081,3160,303.482774,57.686014725,secondary,group_3
1323,3161,177.1523682,23.694704700000003,residential,group_4
3160,3161,246.624221,46.87833927,secondary,group_3
3161,3162,260.7894986,49.57087566,secondary,group_3
3896,3163,42.38402801,6.1894439850000005,primary,group_2
1944,3164,260.2849457,27.343829730000003,primary,group_2
3205,3166,34.10027421,5.036778069,motorway_link,group_1
2927,3167,128.881998,22.192313385,primary,group_2
2282,3168,16.78393173,3.1902902445,secondary,group_3
3172,3173,32.26951574,4.7909293335,residential,group_4
2816,3175,251.4441929,43.296413865,primary,group_2
406,3176,76.69222414,8.822380998,primary,group_2
3268,3177,459.0297733,76.513555125,motorway_link,group_1
145,3177,190.9498417,26.27980083,motorway_link,group_1
3177,3178,285.2558599,47.547983235000004,motorway_link,group_1
2521,3180,130.4448004,15.636937065,primary,group_2
1482,3182,226.0962924,37.83792822,primary,group_2
543,3183,185.1462774,21.481081635,tertiary,group_3
544,3183,337.2075205,52.7679855,tertiary,group_3
3185,3184,66.76954754,5.9343239085,primary,group_2
2607,3185,113.1411375,10.055724234,primary,group_2
649,3186,71.61565054,9.325357617,trunk,group_2
649,3187,49.68222107,5.764241451,tertiary,group_3
93,3188,127.5479707,16.00982166,trunk_link,group_2
2835,3188,52.45164276,6.660698045999999,secondary,group_3
3190,3189,72.75755004,5.0039274585,trunk_link,group_2
650,3189,51.32685809,5.0357442975,secondary,group_3
3243,3190,507.5543362,42.803331330000006,trunk,group_2
3192,3191,138.3464139,22.27049334,secondary,group_3
4023,3192,56.14057658,7.784508431999999,secondary_link,group_3
226,3192,39.38472079,7.4862489,secondary,group_3
3194,3193,15.95725182,2.992574898,secondary,group_3
421,3193,271.5160581,51.609780405,secondary,group_3
2865,3194,13.076784,2.485635492,secondary,group_3
3195,3194,716.6703655,134.40219969,secondary,group_3
3831,3199,17.33443335,3.8095228455,residential,group_4
3199,3200,35.64368539,6.0470446215,residential,group_4
3204,3202,25.71166805,6.475535448,residential,group_4
3202,3203,25.58220173,5.4358535895,residential,group_4
3204,3203,9.37329769,1.613997012,primary,group_2
2675,3204,14.51117665,3.760317099,residential,group_4
3926,3204,180.3302938,31.051244190000002,primary,group_2
3167,3205,12.71530216,1.8781126125,motorway_link,group_1
3704,3206,488.9976173,100.514434365,residential,group_4
504,3208,139.7861712,9.613845711,trunk_link,group_2
2697,3208,105.8939081,14.637470425500002,trunk,group_2
2320,3209,185.9070315,25.697499735,trunk,group_2
3209,3210,138.0603138,14.592145335,trunk_link,group_2
2859,3211,312.6237402,43.21325781,trunk,group_2
1545,3212,214.0463993,29.587139580000002,trunk,group_2
3215,3213,81.97864928,10.9232330355,trunk_link,group_2
2658,3213,58.5423408,8.092172604,trunk,group_2
2557,3214,126.65995,17.507912445,trunk,group_2
3214,3215,105.3644032,9.191429982,trunk_link,group_2
2556,3216,22.95691684,3.1308268784999997,trunk,group_2
1808,3216,42.28704491,2.9083071795,trunk_link,group_2
3221,3217,132.0437045,9.0813546945,trunk_link,group_2
2559,3217,120.2798825,16.62601044,trunk,group_2
3216,3218,496.290414,67.68327726000001,trunk,group_2
1704,3219,56.69330924,10.449571029,tertiary,group_3
3218,3220,130.3559369,11.371558425,trunk_link,group_2
2822,3221,34.49341443,4.564437633,secondary,group_3
3582,3222,33.39804485,6.16994265,secondary,group_3
3219,3223,125.2301975,13.6825642815,trunk_link,group_2
3583,3223,112.5122704,15.55231137,trunk,group_2
67,3224,63.71529868,8.807218629,trunk,group_2
62,3225,167.2826562,11.504926653,trunk_link,group_2
3227,3226,59.32778812,7.905122379,trunk_link,group_2
2823,3226,53.15800499,6.988268014500001,trunk_link,group_2
3528,3227,60.10787533,8.009064984,trunk_link,group_2
1597,3228,39.20787616,5.164322232,unclassified,group_4
1447,3229,32.66608689,3.2049119490000004,secondary,group_3
562,3230,48.4824728,5.6223933765,secondary,group_3
1184,3231,75.16272233,9.86224572,primary,group_2
3373,3232,31.17734845,5.582621301,secondary,group_3
2899,3233,12.52444064,1.4427466665,trunk,group_2
3233,3234,20.34967952,2.584153011,secondary,group_3
2522,3234,86.78474955,7.8537522975,trunk,group_2
3234,3235,45.07879354,5.72443905,secondary,group_3
3882,3236,209.3482189,14.936430496499998,trunk,group_2
3084,3237,290.9450824,24.536129189999997,trunk,group_2
962,3238,36.56880421,2.6090854995,trunk,group_2
86,3242,457.3345534,32.62958628,trunk,group_2
3246,3243,138.4034626,11.671911447,trunk,group_2
3354,3244,114.9985605,13.336100814000002,secondary,group_3
3242,3245,138.8655272,9.907680636,trunk,group_2
651,3246,12.51251071,1.0552114394999998,trunk,group_2
2851,3247,97.55774077,6.960481545,trunk,group_2
3282,3248,198.2619109,14.1454523325,trunk,group_2
3258,3249,610.2804714,43.541864804999996,trunk,group_2
3941,3250,53.64476082,3.6894382995,trunk_link,group_2
51,3250,42.79707386,3.0534557325,trunk,group_2
2719,3251,935.8924314,66.77339949,trunk,group_2
3249,3252,49.53658842,3.4068972209999995,trunk_link,group_2
2725,3253,11.91733972,2.1712986765,secondary,group_3
3259,3254,18.73360498,2.5056805200000003,residential,group_4
3256,3255,35.2100693,2.421585561,trunk_link,group_2
2726,3256,384.3667633,27.423531345,trunk,group_2
3256,3257,26.21433124,1.8703217939999999,trunk,group_2
3121,3258,24.29442874,1.7333419319999999,trunk,group_2
3255,3259,28.49344323,3.81109059,residential,group_4
3263,3260,59.07258534,7.9011501795,residential,group_4
3250,3261,607.1111833,43.315744635,trunk,group_2
52,3262,29.00349141,2.0693208465,trunk,group_2
3254,3263,42.34873,5.664280203,residential,group_4
158,3264,44.29800763,6.359203602,motorway_link,group_1
3327,3264,149.0868412,14.627102422500002,secondary,group_3
194,3265,212.2378933,20.822933655,secondary,group_3
2585,3267,1194.567971,135.8351538,motorway,group_1
3267,3268,189.6734011,31.615784145,motorway_link,group_1
39,3269,452.5685821,45.601920390000004,motorway,group_1
3386,3269,636.1635465,78.4326816,motorway_link,group_1
3271,3270,237.6469027,23.625517365,motorway,group_1
101,3271,1223.622475,121.645658745,motorway,group_1
1,3272,416.9376642,41.449595654999996,motorway,group_1
2035,3273,126.3973178,12.4010039925,secondary,group_3
3275,3274,94.9676209,6.5314333095,trunk_link,group_2
647,3274,57.8616804,7.5343986675000005,trunk,group_2
3287,3275,19.43191224,3.1325003220000003,secondary,group_3
3278,3276,71.01983542,6.1953926085,trunk_link,group_2
643,3276,50.42700469,3.5978307075,trunk,group_2
716,3277,67.94299136,12.724545554999999,secondary,group_3
2855,3278,202.7986469,38.54797284,secondary,group_3
3158,3279,43.49971841,8.2684277715,secondary,group_3
2849,3280,109.4644946,17.64610506,secondary,group_3
98,3281,38.48957501,6.6275563965,primary,group_2
2660,3282,95.66974397,6.825778068,trunk,group_2
3444,3283,417.4738775,50.42922396,trunk,group_2
3288,3284,152.6234612,17.24689152,trunk_link,group_2
2807,3284,130.5405228,16.998198705,trunk,group_2
3992,3285,104.0484993,9.0766375335,trunk_link,group_2
2681,3285,92.67783114,10.333194023999999,trunk,group_2
3752,3286,61.12361265,10.524932787,primary,group_2
3293,3287,75.4776467,11.572268739,secondary,group_3
2806,3288,266.9060994,38.976954975,primary,group_2
3443,3289,113.2782925,12.376707461999999,trunk_link,group_2
645,3291,98.3180877,6.761862905999999,trunk_link,group_2
3283,3292,78.64664978,5.4089524739999995,trunk_link,group_2
3132,3292,28.63517717,4.3862554634999995,tertiary,group_3
3296,3293,22.4050266,3.4351493489999996,secondary,group_3
648,3293,663.3998828,86.38392729,trunk,group_2
3295,3294,83.97138066,9.4890083145,trunk_link,group_2
646,3294,62.94224277,8.1959588235,trunk,group_2
2528,3295,101.0622072,6.950590742999999,trunk_link,group_2
2849,3296,11.14044356,1.345722339,trunk,group_2
3277,3296,55.43664706,7.0397559990000005,secondary,group_3
4014,3297,41.79536193,2.98198629,trunk,group_2
2120,3298,128.659404,23.768491455000003,secondary,group_3
3300,3299,16.79911571,3.1461834225,secondary,group_3
31,3299,870.9808859,73.452004605,trunk,group_2
3298,3300,50.80501436,9.385699859999999,secondary,group_3
3144,3301,71.11624884,7.471006796999999,primary,group_2
2924,3302,171.6620919,29.558658285,primary,group_2
3302,3303,60.36837538,10.3948877655,primary,group_2
3307,3304,71.66041776,7.5281736165,primary,group_2
2885,3305,346.6130242,30.806168864999997,primary,group_2
3305,3306,72.81861711,6.4719513074999995,primary,group_2
2572,3307,346.1732554,36.366692369999996,primary,group_2
3598,3308,150.5616014,10.7421639675,trunk,group_2
3247,3309,114.3586574,8.1591816075,trunk,group_2
3786,3310,38.4151753,7.096805503500001,secondary,group_3
3312,3311,17.28302313,3.1928594025000003,secondary,group_3
40,3312,13.66571844,2.353113009,primary,group_2
41,3312,101.5242721,18.75555708,secondary,group_3
3115,3313,225.7625167,38.87426169,primary,group_2
3567,3314,10.658072,1.835223519,primary,group_2
328,3314,346.5329259,64.018366605,secondary,group_3
3475,3315,122.1250131,21.02882175,primary,group_2
3551,3316,89.60951668,9.413788258499999,primary,group_2
3033,3317,38.76418795,7.2697189395,secondary,group_3
3326,3318,10.76078588,1.0557545925,secondary,group_3
3325,3319,59.23208544,5.8113363555,secondary,group_3
3323,3320,192.4774012,18.884206275,secondary,group_3
3319,3321,13.93585387,1.3672646115,secondary,group_3
165,3322,190.1780234,35.13341883,secondary,group_3
2226,3323,214.2370487,21.01907337,secondary,group_3
3320,3324,18.55039705,1.8200033985000001,secondary,group_3
485,3325,60.72096555,11.217569073,secondary,group_3
3324,3326,297.9780874,29.235014775,secondary,group_3
3321,3327,124.455236,12.2104638405,secondary,group_3
2738,3328,26.04565385,3.7904549039999997,motorway_link,group_1
54,3329,72.38117677,10.691055489,motorway_link,group_1
2591,3329,47.73567321,6.852697926,motorway_link,group_1
47,3330,3913.92958,203.5608408,motorway,group_1
2580,3331,2287.934541,227.45357339999998,motorway,group_1
4041,3332,298.118418,29.637255030000002,motorway,group_1
2570,3333,572.7524737,29.78847033,motorway,group_1
3393,3334,1167.721423,117.662474745,motorway,group_1
2635,3335,1064.476686,107.25928188,motorway,group_1
2915,3336,2148.955162,216.53399310000003,motorway,group_1
3736,3337,32.34870964,3.6467501474999997,primary,group_2
2620,3338,170.7985604,16.51649466,motorway_link,group_1
3152,3339,205.7249191,23.191879605,primary,group_2
1990,3340,80.97610488,8.5068186225,primary,group_2
1930,3341,48.6370291,5.1094873665,primary,group_2
1510,3342,79.07187969,8.306773209000001,primary,group_2
3341,3343,294.321603,30.919497765000003,primary,group_2
167,3344,31.42868772,3.083509119,secondary,group_3
3861,3345,231.2720141,22.69039581,secondary,group_3
1978,3346,180.9813654,30.854288595,unclassified,group_4
3787,3348,53.59324874,10.1870063175,secondary,group_3
3111,3349,16.75250779,3.2553128069999997,primary,group_2
1813,3349,292.7434868,55.644690690000004,secondary,group_3
3788,3350,34.31554587,8.305002352499999,secondary_link,group_3
3352,3350,92.55744569,17.59332204,secondary,group_3
3349,3351,19.65377264,3.7357896884999997,secondary,group_3
134,3351,273.9389253,46.5387273,primary,group_2
3351,3352,147.2197451,27.983533530000003,secondary,group_3
3877,3354,38.08504928,4.416629691,secondary,group_3
3358,3355,59.77460362,11.596016757000001,residential,group_4
176,3356,6.728892484,0.9000112275000001,residential,group_4
1713,3359,56.11083022,10.66554828,secondary,group_3
2805,3360,180.1818763,26.312403105,primary,group_2
1460,3361,28.92258344,2.837631993,secondary,group_3
1710,3362,26.25614256,3.33419943,secondary,group_3
2941,3363,52.33077332,9.090833016,tertiary_link,group_3
3361,3363,30.7034862,3.0123586620000005,secondary,group_3
3363,3364,63.10223841,8.013189558,secondary,group_3
1711,3365,106.4932895,13.5233065695,secondary,group_3
3362,3366,56.75963164,7.090402905,secondary_link,group_3
2942,3367,66.57060062,8.453627877,secondary,group_3
1656,3367,258.5647313,25.368119534999998,secondary,group_3
1658,3368,220.2521663,27.969251235,secondary,group_3
650,3369,15.85934145,1.732078365,trunk,group_2
4075,3369,36.97779137,4.6957138005,secondary,group_3
3189,3370,17.7044004,1.7370015749999999,secondary,group_3
3372,3371,23.38938817,2.294763063,secondary,group_3
85,3371,91.75690873,12.683345643000001,trunk,group_2
910,3372,11.75861443,1.1315292989999999,trunk,group_2
3232,3372,18.74819498,1.8394096095,secondary,group_3
3838,3373,18.6865346,3.5519370525,secondary,group_3
37,3374,36.89546507,2.999324148,trunk_link,group_2
144,3375,27.42822516,2.4904827105000003,trunk_link,group_2
3781,3376,211.1303558,35.81971461,primary,group_2
2642,3377,204.3616303,18.55603503,trunk_link,group_2
1779,3378,275.7273714,31.97542653,secondary,group_3
68,3379,186.3813176,16.258914585,trunk_link,group_2
2696,3380,83.41886574,11.1151344645,trunk_link,group_2
835,3381,180.1830252,23.64216216,primary,group_2
1914,3382,55.1689138,5.7956843445,primary,group_2
3806,3383,208.1545378,20.422310385,secondary,group_3
46,3384,3858.532249,200.679663,motorway,group_1
133,3385,11.51875972,0.87817923,motorway_link,group_1
3270,3386,244.7448506,35.66637288,motorway_link,group_1
3931,3387,165.0578149,21.629121405,motorway_link,group_1
81,3388,189.4823293,36.016806795,secondary,group_3
3335,3389,186.360598,27.5263761,motorway_link,group_1
2579,3390,195.366733,28.431952425,motorway_link,group_1
186,3391,12.47640181,1.8428258565,motorway_link,group_1
146,3392,259.1099908,25.56838299,motorway_link,group_1
2996,3393,363.0178435,53.619519345,motorway_link,group_1
3394,3393,741.1014391,74.67519879,motorway,group_1
2647,3394,1425.599641,143.646916515,motorway,group_1
2648,3395,279.746784,41.31997467,motorway_link,group_1
191,3396,537.8048387,79.436417445,motorway_link,group_1
2833,3401,164.2665952,28.285220700000004,primary,group_2
3404,3403,21.38578655,3.7151340465,secondary,group_3
2588,3404,36.99127411,6.4261158465,secondary,group_3
1584,3405,41.53880166,9.212193789,tertiary,group_3
3406,3405,27.81829795,2.7292891185,secondary,group_3
3317,3406,7.206317356,1.525929774,tertiary,group_3
2646,3407,835.068423,84.14354256,motorway,group_1
3392,3407,287.0893306,28.32932043,motorway_link,group_1
3905,3408,9.105409197,0.8933434485,secondary,group_3
3408,3409,162.1061003,15.90443874,secondary,group_3
3699,3410,130.757481,20.978995245,primary,group_2
3959,3411,18.94789209,3.1709895525,primary,group_2
3960,3411,19.86366369,4.9338387345,residential,group_4
3695,3412,79.71194273,13.523678439,primary,group_2
2916,3413,31.16869999,4.6037701515,motorway_link,group_1
3412,3413,107.685219,18.542419905,primary,group_2
2917,3414,353.8216688,51.562006485,motorway_link,group_1
3413,3414,147.6430393,25.422794865,primary,group_2
3414,3415,222.5354752,38.31859437,primary,group_2
3789,3416,156.9810678,27.030718829999998,primary,group_2
3416,3417,242.9290897,41.830190175,primary,group_2
3790,3418,118.3676116,20.38183122,primary,group_2
3418,3419,187.1893921,32.232318825,primary,group_2
3419,3420,123.1543185,21.20605881,primary,group_2
3777,3421,23.15815822,6.021800795999999,tertiary_link,group_3
3420,3422,243.8008743,41.98030359,primary,group_2
3422,3424,35.63806383,6.136551984,primary,group_2
3424,3425,382.266236,65.82278544,primary,group_2
3425,3426,97.14112664,16.72682265,primary,group_2
3426,3427,99.67611246,17.16332427,primary,group_2
3489,3431,109.1370954,10.7075812965,secondary,group_3
1777,3435,27.4856472,3.1874430465,secondary,group_3
1785,3436,75.05243358,8.703646518000001,secondary,group_3
1655,3437,84.84296923,12.389827730999999,primary,group_2
2555,3438,27.23350741,4.68936345,primary,group_2
3625,3438,34.21313011,5.1377815185,tertiary,group_3
3633,3439,40.85442607,7.0347623415,primary,group_2
3438,3440,15.85370272,2.3807485770000003,tertiary,group_3
3632,3440,41.94156167,7.2219572505,primary,group_2
3445,3443,173.7155074,24.012293505,trunk,group_2
3289,3444,95.23937539,10.762324233,trunk_link,group_2
2895,3444,62.1552896,7.5081177255,trunk,group_2
3286,3445,91.31459489,12.167199730499998,trunk_link,group_2
2999,3445,58.82006788,5.431812063000001,trunk,group_2
2866,3446,144.8503662,24.94192182,primary,group_2
3485,3447,56.40927822,4.024649781,trunk,group_2
199,3448,60.38395546,11.477784054,secondary,group_3
3450,3449,25.46408214,6.2160194835,residential,group_4
63,3449,394.4307049,67.91739687,primary,group_2
2864,3450,20.40537258,3.878653827,secondary,group_3
3119,3450,198.0301738,34.099003305000004,primary,group_2
3229,3452,45.89032456,7.419833112,secondary_link,group_3
1447,3452,31.1791696,4.553170917,primary,group_2
2788,3453,83.55248849,10.832623971,primary,group_2
2958,3454,31.74753364,3.8057031329999997,primary,group_2
2534,3455,34.0877438,3.3888116115,motorway,group_1
3331,3456,441.2444784,53.441940495,motorway_link,group_1
159,3457,24.78441522,1.28902074,motorway,group_1
3100,3458,634.7457183,33.012697215,motorway,group_1
4017,3459,268.8755434,45.616582215,primary,group_2
3070,3460,62.60428704,4.466646943500001,trunk,group_2
2852,3461,65.03801948,4.640287185,trunk,group_2
2916,3462,91.68143755,15.131970525,primary,group_2
3459,3463,74.00554134,12.5555482575,primary,group_2
3783,3464,294.6626589,50.738242485,primary,group_2
3936,3465,50.0812533,8.496628513500001,primary,group_2
2925,3466,280.4562489,48.292027275,primary,group_2
3466,3467,59.78542638,10.2945092235,primary,group_2
3917,3468,77.8133397,11.6863228515,secondary,group_3
3470,3469,38.19388462,3.7472513175,secondary,group_3
3918,3470,116.9308125,11.472232938000001,secondary,group_3
4018,3471,238.0189977,40.984716765,primary,group_2
2564,3472,383.7897004,65.112558015,primary,group_2
426,3474,214.8768223,36.50482977,primary,group_2
3477,3475,152.3962602,26.24125647,primary,group_2
3313,3476,142.3480929,24.511053015,primary,group_2
3476,3477,63.08362526,10.8624292155,primary,group_2
1178,3479,77.44837353,8.985732025499999,tertiary,group_3
3481,3480,51.38247318,6.1594214355000005,primary,group_2
3854,3481,55.57408234,6.6618862965,primary,group_2
1782,3482,127.961153,16.249454864999997,secondary,group_3
3484,3483,76.41547844,15.97227744,residential,group_4
1888,3484,111.8368925,23.376021599999998,residential,group_4
3069,3485,350.9877522,25.042028985,trunk,group_2
2644,3486,31.10882572,2.2195307685,trunk,group_2
4076,3487,189.375407,32.027752830000004,primary_link,group_2
2566,3488,10.4089732,0.9419799855,trunk,group_2
985,3489,87.80253599,8.614420135500001,secondary,group_3
3956,3491,86.76594714,8.512719065999999,secondary,group_3
3493,3492,34.63731192,3.39831138,secondary,group_3
3494,3493,10.69698166,1.0494946785,secondary,group_3
3498,3494,10.20601606,1.0013254095000002,secondary,group_3
3495,3494,23.88474564,2.3433632235,secondary,group_3
3491,3495,96.90646928,9.5076187815,secondary,group_3
3497,3496,88.92606618,8.7246511335,secondary,group_3
3492,3497,73.88604171,7.249054919999999,secondary,group_3
3499,3498,11.00832748,1.0800412185,secondary,group_3
2739,3498,26.42683281,2.5927706775,secondary,group_3
3496,3499,20.62687746,2.023729572,secondary,group_3
2173,3500,12.09121324,2.705188101,residential,group_4
2103,3501,134.0449212,17.58829257,primary,group_2
3410,3501,36.80592556,5.905217286,primary,group_2
3584,3503,89.89139198,11.794822863,primary,group_2
3522,3504,375.3974807,43.184294595000004,primary,group_2
3017,3505,40.71968586,4.6842373755,primary,group_2
2995,3506,193.137367,33.256506255,primary,group_2
3506,3507,35.30617242,4.427121336,primary_link,group_2
3813,3508,51.69826305,8.9019729075,primary,group_2
410,3509,25.17218917,4.334423107499999,primary,group_2
3815,3510,99.61065122,17.15205243,primary,group_2
3510,3511,42.78898167,8.384630115,primary_link,group_2
2997,3511,40.96798193,3.641140065,primary,group_2
409,3512,94.07046875,8.360767032,primary,group_2
411,3513,136.1900875,23.136957765,primary,group_2
2910,3514,47.27253163,8.1399020205,primary,group_2
693,3515,161.2130968,27.759435930000002,primary,group_2
2682,3516,21.74871178,3.7449312914999995,primary,group_2
412,3517,32.83166801,4.1692083495,secondary,group_3
2235,3517,197.2740358,19.35481029,secondary,group_3
412,3518,40.80524858,7.026294423,primary,group_2
2911,3519,37.39110313,6.438409481999999,primary,group_2
2873,3521,336.2344499,44.117970465,primary,group_2
2986,3522,32.70329737,3.7620626145000005,primary,group_2
2254,3523,35.13814228,4.6105433985,primary,group_2
2979,3524,235.44376,27.084552285,primary,group_2
866,3526,111.1161442,27.975967710000003,unclassified,group_4
3529,3527,53.74203326,4.783972713,trunk_link,group_2
3527,3528,67.96218402,7.679922899999999,trunk_link,group_2
3529,3528,107.4838475,14.321669414999999,trunk_link,group_2
66,3529,183.6598184,24.471725415,trunk_link,group_2
3533,3531,40.0749899,5.360160078,residential,group_4
3533,3532,47.27786538,6.3235680705,residential,group_4
3534,3533,39.59685444,5.2962079079999995,residential,group_4
3530,3534,40.84223069,5.4627810255,residential,group_4
3530,3535,44.81314725,7.758029844,residential,group_4
3541,3539,37.70266845,8.141990964,residential,group_4
3540,3541,58.2817414,7.795372233,residential,group_4
2900,3542,531.5761113,44.82914793,trunk,group_2
3543,3544,184.4586971,31.933398240000002,residential,group_4
3546,3545,10.84981331,1.0644891885,secondary,group_3
2950,3545,138.693993,26.362958309999996,secondary,group_3
3548,3546,9.197519806,1.4392757055,tertiary,group_3
3549,3546,9.09406576,1.7286002909999998,secondary,group_3
3545,3547,10.17870007,1.934767611,secondary,group_3
2956,3547,313.9879998,50.61609474000001,secondary,group_3
3549,3548,8.979693268,1.711824579,tertiary,group_3
3547,3549,10.31289368,1.662478833,secondary,group_3
3550,3549,11.19895996,2.1286986435,secondary,group_3
3547,3550,11.07474156,1.785291693,secondary,group_3
2763,3551,7.869869354,0.8267568719999999,primary,group_2
3574,3551,74.63363075,7.322401845,secondary,group_3
2774,3552,17.43236321,2.021588376,secondary,group_3
542,3553,19.38429161,1.9018178700000001,secondary,group_3
3059,3554,16.26400854,1.59568287,secondary,group_3
0,3555,371.4185846,28.316597835,motorway_link,group_1
3555,3556,54.13068437,4.1268716295,motorway_link,group_1
3487,3557,8.742265887,1.4785189664999998,primary_link,group_2
3431,3557,65.66291531,6.442273375500001,secondary,group_3
2773,3558,85.01521611,9.859005955499999,secondary,group_3
2617,3559,444.5071561,43.61117082,secondary,group_3
3561,3560,338.3124854,62.499725415,secondary,group_3
3563,3561,6.771832563,1.2510258825,secondary,group_3
3564,3561,21.06399068,5.2319821125,residential,group_4
3563,3562,10.34648834,2.6811111149999998,residential,group_4
4026,3562,444.5809003,82.1317137,secondary,group_3
3565,3563,11.83115691,2.248866657,secondary,group_3
3566,3564,19.8114944,4.554565155,residential,group_4
328,3565,10.43620459,2.6681783955,residential,group_4
3566,3565,4.394777699,0.8353594755,secondary,group_3
3567,3566,343.1172479,65.219736705,secondary,group_3
426,3567,15.95673953,2.947842252,secondary,group_3
3315,3567,92.80308181,15.97985061,primary,group_2
3314,3568,16.61348683,3.1156432335,secondary,group_3
427,3568,234.353129,40.353487365,primary,group_2
3570,3569,20.16989215,4.432660902,residential,group_4
3682,3569,40.78673859,7.752744486000001,secondary,group_3
2122,3570,352.1730637,60.968026275,residential,group_4
3572,3571,89.48101778,19.323662445,residential,group_4
1407,3572,89.77344559,23.263215000000002,residential,group_4
142,3573,33.91696411,3.3276371265,secondary,group_3
3573,3574,49.73325989,4.879394320499999,secondary,group_3
64,3575,106.2995455,18.30381948,primary,group_2
3594,3576,30.18868584,5.1982184235,primary,group_2
77,3577,13.64735594,1.338959706,secondary,group_3
3018,3578,26.71222464,3.0728724554999998,primary,group_2
2363,3579,90.22810182,10.468464438,tertiary,group_3
3310,3580,35.55522706,7.527342636,secondary,group_3
2930,3581,19.29254971,3.322002417,primary,group_2
3583,3582,19.35995557,3.5765511450000003,secondary,group_3
3224,3582,146.9001569,20.30566953,trunk,group_2
2560,3583,15.14527606,2.0934965415,trunk,group_2
3381,3584,67.91808005,8.9116622385,primary,group_2
3578,3585,43.34772441,4.986556908,primary,group_2
3724,3587,14.92636154,1.996449342,residential,group_4
69,3588,717.5630845,70.40104041000001,secondary,group_3
3020,3590,24.14821212,4.7608752735,residential,group_4
3592,3591,4.294572942,1.036930494,residential,group_4
3590,3592,23.42697083,5.6564740605,residential,group_4
3824,3593,22.98012292,4.7236100445,residential,group_4
3595,3594,100.1275501,17.24105775,primary,group_2
3596,3595,43.59817525,5.7237397515,trunk_link,group_2
2657,3595,26.41433073,4.54830864,primary,group_2
3845,3596,183.4534351,24.444225915000004,trunk_link,group_2
3106,3597,16.76115786,1.4896931835,primary,group_2
3910,3598,152.5292459,10.882550093999999,trunk,group_2
3599,3600,29.68518297,5.698865772,secondary_link,group_3
699,3601,110.7319613,10.864055646,secondary,group_3
1335,3602,357.4353694,42.847199429999996,primary,group_2
3747,3603,29.86627756,3.580189485,primary,group_2
3744,3604,10.64433632,2.0232757649999997,secondary,group_3
2923,3605,290.2030248,49.970333849999996,primary,group_2
2,3606,153.3409977,26.0153532,primary,group_2
2766,3607,304.7119048,42.119623080000004,trunk,group_2
3846,3608,32.14918792,3.7300200675,tertiary,group_3
2935,3610,130.8805777,18.091320075,trunk,group_2
2764,3611,512.3775339,66.71870886,trunk,group_2
2487,3612,194.9983403,26.954170364999996,trunk,group_2
3612,3613,111.0871557,14.8017916785,trunk_link,group_2
3808,3614,90.5627254,12.518276437499999,trunk,group_2
3253,3615,14.89465237,2.7137548904999997,secondary,group_3
2659,3616,123.2937219,8.7966743505,trunk,group_2
933,3617,46.19315465,7.954043076,primary,group_2
404,3618,74.62958761,8.585103155999999,primary,group_2
24,3620,170.9224536,17.95599225,primary,group_2
61,3621,230.7416415,30.745135995000002,trunk_link,group_2
3621,3622,99.75969648,9.253801071,trunk_link,group_2
143,3622,46.06071567,6.50352762,primary,group_2
2934,3625,338.0011608,50.75759253,tertiary,group_3
3792,3626,51.83181374,6.499309125,primary_link,group_2
2553,3626,37.45200729,6.448896627,primary,group_2
3438,3627,38.21222289,6.5797988714999995,primary,group_2
2814,3628,314.442934,45.918876,primary,group_2
2589,3629,242.7047177,41.791555349999996,primary,group_2
3623,3630,57.35863383,13.9343619765,primary_link,group_2
971,3630,40.33001339,5.8894911704999995,primary,group_2
3636,3631,61.44667294,7.704938208000001,primary_link,group_2
2554,3631,39.69643283,6.835366387500001,primary,group_2
2552,3632,193.7886205,33.368646209999994,primary,group_2
2590,3633,221.6145082,38.16001218,primary,group_2
3439,3634,39.00923575,5.6966147595,primary,group_2
3440,3635,33.19441327,3.8512894305000005,tertiary,group_3
3843,3636,24.1965168,2.8073335305000002,tertiary,group_3
3734,3638,12.66613471,2.1421357619999997,primary_link,group_2
3638,3639,21.52058813,3.6396282284999995,primary_link,group_2
132,3640,56.35390203,5.0783065245,motorway_link,group_1
2938,3641,30.27818672,5.7552786330000005,secondary,group_3
3374,3642,201.0280342,16.342069035,trunk_link,group_2
4005,3643,30.90771105,4.997350967999999,secondary_link,group_3
2386,3644,81.78223646,14.9004447165,secondary,group_3
3569,3645,66.0285124,12.550701603,secondary,group_3
3987,3645,79.0475655,16.37525922,secondary_link,group_3
3799,3647,69.00294478,11.6362209585,secondary,group_3
3615,3648,46.00181973,8.381374752,secondary,group_3
2841,3649,69.87118824,10.493538343500001,secondary,group_3
1828,3650,11.78390039,1.1561336775,secondary,group_3
3653,3654,42.79680594,10.0666228455,secondary_link,group_3
3913,3655,324.6748696,50.604968325,secondary,group_3
2541,3656,63.79974101,7.9999947705,primary_link,group_2
2548,3656,39.51237271,6.803672902500001,primary,group_2
3316,3657,7.245047387,0.7611171735,primary,group_2
3764,3658,58.28536329,6.762397086,tertiary,group_3
3658,3659,105.2953917,12.2166048195,tertiary,group_3
828,3662,54.48153697,5.3452539135,secondary,group_3
4020,3663,57.16446368,9.037492461,residential,group_4
3925,3665,128.0600944,21.75577569,primary,group_2
2670,3666,16.30584178,2.807718348,primary,group_2
3150,3666,189.8213263,32.685514065,primary,group_2
1058,3667,112.6765019,21.41755284,secondary,group_3
3669,3668,22.76034722,3.0548068035,tertiary_link,group_3
3680,3670,85.97462009,22.278815955,residential,group_4
3672,3671,32.91042833,7.7704365105,primary_link,group_2
1517,3672,335.0463996,57.691957065,primary,group_2
3676,3677,51.76818382,8.7826080315,residential,group_4
3203,3680,14.96079878,3.8249614335000004,residential,group_4
2687,3680,386.0966153,66.482342085,primary,group_2
178,3681,21.28378593,1.6226554919999998,motorway_link,group_1
2866,3684,16.46086535,3.128881776,secondary,group_3
3749,3684,103.6387082,17.84564739,primary,group_2
3897,3685,113.7069374,21.613418055,secondary,group_3
173,3686,167.4097653,28.826446139999998,primary,group_2
2447,3688,13.71069884,2.9935775685,residential,group_4
2447,3689,15.78038849,2.1106782209999997,residential,group_4
3691,3690,443.7210833,71.52957567,secondary,group_3
3212,3691,72.56543886,9.539611869,trunk_link,group_2
3692,3691,41.98348459,6.767902068000001,secondary,group_3
2658,3692,21.88605911,3.5281184055,secondary,group_3
3212,3692,55.43180456,7.6622103615,trunk,group_2
3648,3693,126.6795233,23.080577339999998,secondary,group_3
3168,3694,22.97381396,4.3668632415,secondary,group_3
3411,3695,37.95388785,6.43913769,primary,group_2
1521,3695,53.91998545,7.5048761985,primary_link,group_2
3791,3696,118.30205,20.370542099999998,primary,group_2
3698,3697,111.3975597,18.89936094,primary,group_2
3700,3698,65.19920797,10.9112932635,primary,group_2
1523,3698,63.74890756,10.3463030775,primary_link,group_2
3700,3699,57.66301216,8.5464467085,primary_link,group_2
1523,3699,58.25570896,9.346664004,primary,group_2
3502,3700,222.7752156,37.282135544999996,primary,group_2
3410,3701,38.64738443,6.1467723329999995,primary_link,group_2
3501,3701,29.8219602,4.6465300875,primary,group_2
3500,3703,232.8626037,34.61910315,primary,group_2
208,3708,23.16300204,2.611222581,primary,group_2
3735,3710,216.8744962,24.448799039999997,primary,group_2
834,3711,191.2552676,21.560679945,primary,group_2
3713,3712,169.3877729,19.095503129999997,primary,group_2
3710,3713,208.2463898,23.47613124,primary,group_2
3711,3714,186.2414976,20.995465245,primary,group_2
844,3715,81.97387742,14.1151596375,primary,group_2
3718,3719,63.15325324,13.2002220285,residential,group_4
202,3720,222.7578558,32.902429935,motorway_link,group_1
2816,3722,20.99720134,4.2189567435,residential,group_4
3723,3722,227.6999701,33.251587365,primary,group_2
2784,3723,203.4706025,29.713313160000002,primary,group_2
3727,3724,45.20956478,5.668930251,primary_link,group_2
2545,3725,23.71072447,4.082772116999999,primary,group_2
3729,3726,19.10333379,3.240930633,residential,group_4
3727,3726,27.24548154,4.6914252855,primary,group_2
3622,3727,119.6334465,20.599796535000003,primary,group_2
2543,3728,121.3885258,20.035108995,primary,group_2
2546,3729,10.6544721,1.7585147235,primary,group_2
3731,3729,24.05322203,4.080692142,residential,group_4
3729,3730,26.44294789,4.364393916,primary,group_2
3731,3730,35.51542176,6.0064776525,primary_link,group_2
2630,3731,81.86009829,17.70628467,residential,group_4
2546,3732,24.93102453,3.3346055175,residential,group_4
3728,3732,33.58790268,4.211663583,primary_link,group_2
2079,3733,133.22858,17.54839551,unclassified,group_4
3454,3734,106.6399567,12.783355774499999,primary,group_2
3337,3735,11.10142645,1.2514912950000001,primary,group_2
3338,3736,573.3278016,55.44171771,motorway_link,group_1
3714,3737,216.7388074,24.433502505,primary,group_2
3738,3739,22.51868254,3.0119469390000004,residential,group_4
4034,3740,21.93278075,2.3041141335,primary,group_2
2760,3741,158.3824406,23.393864775,motorway_link,group_1
1909,3742,14.17686651,1.4893286385,primary,group_2
3604,3743,15.22323518,2.893632996,secondary,group_3
3745,3744,41.06817402,7.8062397405,secondary,group_3
3747,3745,19.31932867,3.5199158310000005,secondary,group_3
4022,3746,44.37560626,5.146130145000001,secondary,group_3
2703,3747,14.22656039,2.416911045,primary,group_2
3518,3748,44.06710532,7.5879566265000005,primary,group_2
3750,3749,77.29280018,13.309120510499998,primary,group_2
3446,3749,50.23148918,12.2029362645,primary_link,group_2
4004,3750,127.639557,21.97837629,primary,group_2
2998,3752,237.893332,40.963078275,primary,group_2
2623,3753,312.9697339,58.61381073,secondary,group_3
2824,3755,25.50162277,3.3589832040000003,unclassified,group_4
3818,3757,39.07462846,5.2263584865,residential,group_4
3820,3758,126.0665114,16.861805415,residential,group_4
3757,3758,65.04517056,8.7000028545,residential,group_4
3759,3760,47.95143445,6.4136601225,residential,group_4
123,3761,188.1257297,25.162427460000004,residential,group_4
3659,3763,233.5886154,27.101469105,tertiary,group_3
3765,3764,84.56745442,9.811703575500001,tertiary,group_3
3766,3765,100.6101326,11.673010665,tertiary,group_3
3767,3766,101.2538535,11.747696592,tertiary,group_3
3039,3767,296.7465314,34.42919055,tertiary,group_3
934,3768,25.74764633,3.3783983189999995,primary,group_2
162,3769,72.12273884,9.4633636245,primary,group_2
724,3770,30.95171137,5.88330222,secondary,group_3
172,3771,25.7358565,4.4314815195,primary,group_2
3873,3771,101.2193027,14.950588402500001,motorway_link,group_1
1896,3773,102.1758473,11.8546683585,tertiary,group_3
3773,3774,351.5589582,40.788649844999995,tertiary,group_3
3774,3775,315.1781147,36.56766372,tertiary,group_3
3461,3776,112.0752821,7.996268943,trunk,group_2
3423,3777,15.63540341,2.0985240794999998,tertiary_link,group_3
3422,3777,25.47896052,6.6252775065,tertiary_link,group_3
2770,3779,17.21916925,1.9968647969999997,secondary,group_3
2676,3780,300.4521596,57.62187466500001,primary,group_2
3606,3781,24.10706774,4.0899295769999995,primary,group_2
3605,3782,23.76881371,4.0927745565,primary,group_2
3471,3783,37.41121059,6.4418718045,primary,group_2
2631,3784,76.26547305,12.938961190499999,primary,group_2
3312,3785,178.8475095,15.895555544999999,primary,group_2
3311,3786,81.94536783,15.138557429999999,secondary,group_3
3788,3787,69.32456561,13.177215494999999,secondary,group_3
3350,3787,43.20095507,10.3155558495,secondary_link,group_3
749,3788,113.9764692,21.664650645,secondary,group_3
3415,3789,95.04497347,16.365884055000002,primary,group_2
844,3789,22.40524229,5.3701741875,primary_link,group_2
3417,3790,140.571639,24.205163745,primary,group_2
3696,3790,22.98762799,4.661393754,primary_link,group_2
214,3791,204.7012616,35.24770422,primary,group_2
3418,3791,22.91255754,4.7206407465,primary_link,group_2
2695,3793,72.28756771,12.4472647875,primary,group_2
2693,3795,51.42520253,8.8549543575,primary,group_2
415,3796,46.26057579,7.965652386,primary,group_2
4055,3798,34.80312711,2.935035078,trunk,group_2
725,3799,70.73569838,13.2655596165,secondary,group_3
3803,3802,30.45414291,6.845497947,tertiary,group_3
3804,3803,21.62483807,4.8608422529999995,tertiary,group_3
4082,3804,21.14487838,4.752956665499999,tertiary,group_3
3750,3805,53.81654796,12.898956100500001,primary_link,group_2
3446,3805,85.41208308,14.7071875275,primary,group_2
4044,3806,94.39660675,9.26137293,secondary,group_3
3929,3808,85.28582654,10.5378382275,trunk_link,group_2
722,3808,67.37322237,9.312844975500001,trunk,group_2
3938,3809,297.3792054,37.251574485000006,motorway_link,group_1
3162,3810,217.0278199,41.25265446,secondary,group_3
3947,3811,64.40795262,9.4056519315,primary,group_2
3853,3812,40.27358957,3.9512938545000003,secondary,group_3
3934,3813,55.43396806,9.545227494,primary,group_2
3961,3814,51.09160375,8.797511667,primary,group_2
3814,3815,82.36122913,14.181858096000001,primary,group_2
440,3816,120.7969915,18.14006928,tertiary,group_3
440,3817,10.32834188,2.1588184125,residential,group_4
3816,3817,125.2423416,27.39875658,tertiary,group_3
3756,3818,77.80466465,10.4066266365,residential,group_4
3818,3819,220.8199428,38.993796255,residential,group_4
3820,3821,37.54733664,5.022078243,residential,group_4
4043,3823,7.856012584,1.417224366,residential,group_4
2205,3824,69.84412426,14.35659888,residential,group_4
3014,3825,222.7181113,25.62064218,primary,group_2
329,3826,223.1088714,29.274545205000003,primary,group_2
947,3827,21.7342206,2.8517889915000003,primary,group_2
946,3828,67.84684286,8.9023150695,primary,group_2
3007,3829,35.49201403,4.0828659435,primary,group_2
3010,3830,218.3070926,25.113215415,primary,group_2
3200,3831,30.15399795,6.522289647000001,residential,group_4
3825,3832,39.42163742,4.534914834,primary,group_2
2939,3833,120.2377742,22.85479971,secondary,group_3
3279,3835,228.3327122,43.401488730000004,secondary,group_3
931,3837,164.8126881,31.327600665000002,secondary,group_3
3149,3838,194.3756309,25.602467939999997,unclassified,group_4
910,3838,30.77084696,5.8489235055,secondary,group_3
105,3839,95.67314205,11.468720079,primary,group_2
3839,3840,96.60817422,11.580806104499999,primary,group_2
3635,3842,27.77655447,3.22269744,tertiary,group_3
1169,3843,145.4130124,16.871140125,tertiary,group_3
2212,3844,4.476463786,0.598741572,residential,group_4
2698,3845,511.9302315,70.762933935,trunk,group_2
2078,3846,86.07368569,11.5126350615,residential,group_4
3062,3847,239.3018083,20.180922225,trunk,group_2
3851,3850,58.58899424,7.2910699605,secondary,group_3
464,3851,11.12353923,1.8584001810000002,unclassified,group_4
4045,3851,104.0409752,10.2075943635,secondary,group_3
3866,3853,24.61518494,2.4150275655,secondary,group_3
3360,3853,36.12135711,4.5293392005,primary_link,group_2
152,3854,457.7753512,77.42037909000001,primary_link,group_2
3856,3855,47.42227419,6.6600273795,residential,group_4
794,3856,35.81130967,6.719117059499999,tertiary,group_3
937,3857,75.98855465,9.970604772,primary,group_2
151,3861,216.4210618,19.235006505,primary,group_2
2530,3863,254.4992706,19.4027811,motorway_link,group_1
618,3864,73.25264582,14.464657580999999,residential,group_4
3864,3865,30.61211861,5.643817866,residential,group_4
3867,3866,16.32400368,1.6015690710000001,secondary,group_3
3360,3866,27.72023055,4.048053531,primary,group_2
2800,3867,13.08735587,1.9111788060000001,primary,group_2
464,3867,126.3922908,12.400510787999998,secondary,group_3
2207,3868,32.30247672,8.023454955,residential,group_4
3868,3869,34.86946755,5.9156965365,residential,group_4
3871,3870,48.59232225,3.466931067,trunk,group_2
2931,3871,287.9108043,20.541658965,trunk,group_2
2461,3872,42.94814697,4.213698135,secondary,group_3
3178,3873,363.0546726,60.515908395,motorway_link,group_1
3241,3874,72.58843134,9.102028659,primary_link,group_2
3135,3875,280.8464404,48.35921472,primary,group_2
3045,3876,28.10480377,3.2330694465,primary,group_2
3875,3876,38.63189653,6.269869167,primary_link,group_2
3353,3877,74.94539115,8.691233070000001,secondary,group_3
2995,3878,17.32972719,1.7100579584999998,motorway_link,group_1
3617,3878,194.8059683,33.543824295,primary,group_2
3740,3879,31.83082173,3.343937418,primary,group_2
224,3880,35.40405424,4.735407261,residential,group_4
2936,3881,12.69781409,1.0708385385,trunk,group_2
963,3882,27.60185752,1.9693180515000002,trunk,group_2
3884,3883,47.69014169,6.3107315115,secondary,group_3
85,3884,124.4307238,11.542308226500001,trunk_link,group_2
2825,3885,165.5559981,16.68182844,motorway,group_1
156,3885,164.841407,19.964996955,motorway_link,group_1
3994,3886,215.1208189,28.663741785,trunk_link,group_2
197,3886,526.6306304,47.658448575,trunk,group_2
3889,3887,123.9497497,11.2170702375,trunk,group_2
4058,3888,288.6405874,26.121083354999996,trunk,group_2
3888,3889,95.55861641,8.6477602005,trunk,group_2
3887,3890,274.2765002,24.821177745,trunk,group_2
4060,3891,360.3395773,30.388341134999997,trunk,group_2
3092,3892,127.8147376,10.778937688500001,trunk,group_2
3104,3893,75.74291453,6.854500267500001,trunk,group_2
3893,3894,52.79268929,4.7775756330000005,trunk,group_2
3894,3895,330.0582999,29.86925865,trunk,group_2
642,3896,42.70758715,2.9372301285,trunk_link,group_2
2909,3896,18.18254382,2.65524165,primary,group_2
3667,3897,116.8536621,22.211547585,secondary,group_3
3899,3898,84.01148291,15.96890517,secondary,group_3
3684,3899,125.0482605,23.769177074999998,secondary,group_3
3901,3900,267.147512,13.894162137000002,motorway,group_1
131,3901,649.8810436,49.5463095,motorway_link,group_1
2575,3902,1286.171168,66.89289603,motorway,group_1
131,3903,333.2575382,17.33250006,motorway,group_1
3409,3904,18.54354911,1.8193315380000001,secondary,group_3
2959,3905,248.783904,24.408509940000002,secondary,group_3
3937,3906,41.83545535,6.520621369500001,secondary,group_3
2848,3907,99.20409098,15.462298904999999,secondary,group_3
3909,3908,74.45656285,10.512869937000001,primary,group_2
3456,3909,205.7758838,29.054458335,primary,group_2
3911,3910,152.8202266,7.948077040499999,motorway,group_1
2581,3911,349.2713608,18.16536819,motorway,group_1
3597,3912,152.2275611,10.861025703000001,trunk,group_2
3914,3913,253.6500631,39.534791909999996,secondary,group_3
3906,3914,9.420126146,1.4682540284999999,secondary,group_3
3655,3915,13.34428007,2.079886476,secondary,group_3
83,3917,111.9045332,16.806276525,secondary,group_3
2830,3918,104.0386696,10.2073681575,secondary,group_3
2006,3919,79.39805702,11.923196403,tertiary,group_3
3919,3920,93.08137033,13.9780178715,tertiary,group_3
1680,3921,73.43849453,10.80739836,tertiary,group_3
2712,3924,93.98629467,15.150958634999999,secondary,group_3
3476,3925,21.46890313,5.215526373,primary_link,group_2
425,3925,77.62080897,13.18678482,primary,group_2
3150,3926,36.63614335,5.9459629545,primary_link,group_2
2670,3926,220.0593738,37.892232105,primary,group_2
694,3927,254.6087171,44.07773493,residential,group_4
3516,3928,152.9652367,26.339229075,primary,group_2
3690,3929,444.5879308,84.507287115,secondary,group_3
45,3931,236.9995999,23.561166165000003,motorway,group_1
3801,3932,39.18228347,6.2083661385,secondary_link,group_3
3948,3933,40.25268246,5.383927035,residential,group_4
694,3933,125.6019253,22.658582445,residential,group_4
3979,3934,81.4166904,14.019217075499999,primary,group_2
1611,3935,211.8623798,40.270807454999996,secondary,group_3
2563,3936,212.9301521,36.125062424999996,primary,group_2
3944,3937,107.508867,16.75671054,secondary,group_3
155,3938,853.8568224,71.70021704999999,motorway,group_1
3065,3939,375.7782865,19.543975545,motorway,group_1
51,3941,20.9232291,2.052805014,secondary,group_3
439,3942,176.3037272,37.455833085,tertiary,group_3
3817,3943,11.59611889,2.5717086225,tertiary,group_3
3907,3944,26.68837316,4.1597438085,secondary,group_3
3575,3945,33.64599124,5.793535116,primary,group_2
3594,3945,27.55831054,4.6607464620000005,primary_link,group_2
3519,3946,17.42441697,3.0003268709999995,primary,group_2
3618,3947,74.61623497,10.8963925425,primary,group_2
1080,3948,156.7353608,20.963863635,residential,group_4
2062,3949,146.0692226,27.76484217,secondary,group_3
3047,3950,32.70868527,5.632139514,primary,group_2
2888,3951,44.51048069,7.6643018519999995,primary,group_2
398,3952,28.35909231,4.8831789795,primary,group_2
116,3954,176.0193976,23.54316621,residential,group_4
3318,3955,11.2774224,0.8597799030000001,motorway_link,group_1
3498,3956,32.94712187,3.2324846535000002,secondary,group_3
3958,3957,7.339296871,1.019361999,primary,group_2
2893,3958,162.5918123,26.835688635,primary,group_2
3697,3959,79.704807,13.338851048999999,primary,group_2
569,3960,221.4809851,55.012583805000006,residential,group_4
3959,3960,19.68509438,2.632945317,residential,group_4
3000,3961,124.7948149,21.488537445,primary,group_2
1805,3962,92.54316266,12.3779486205,residential,group_4
1781,3963,67.42570916,8.5622158935,secondary,group_3
3966,3965,44.80521016,5.9928424035,residential,group_4
2137,3968,216.652475,21.256053975,secondary,group_3
3753,3969,19.03835791,2.6330481495,unclassified,group_4
2624,3969,82.88807889,15.7553685,secondary,group_3
3935,3971,212.9644082,40.480281045,secondary,group_3
3971,3972,403.6900239,60.62208096,tertiary,group_3
337,3973,25.08567543,6.4015230825,unclassified,group_4
337,3974,13.58852544,2.274082626,primary,group_2
3973,3974,25.34274668,7.1236798485,unclassified,group_4
1929,3976,175.8991834,23.080071015,primary,group_2
2263,3977,114.7091921,15.342727065,residential,group_4
2199,3978,28.13642401,4.8709637820000005,residential,group_4
3509,3979,137.7227411,23.71460931,primary,group_2
2968,3980,7.168035322,1.116844485,primary,group_2
641,3981,384.18753,50.40998658,primary,group_2
3983,3982,60.92903483,7.0090438125,primary,group_2
3993,3983,17.2872278,1.988656761,primary,group_2
3986,3984,17.44662726,2.0069934675,primary,group_2
3984,3985,85.13888384,9.794052517499999,primary,group_2
3982,3986,61.72294745,7.100372493,primary,group_2
3568,3987,255.5425505,47.20883775,secondary,group_3
2683,3988,58.35784287,9.914252719499999,primary,group_2
2683,3989,27.80739193,3.4868321790000003,primary_link,group_2
408,3989,61.83851782,5.496065322,primary,group_2
3514,3990,94.37701135,16.250867024999998,primary,group_2
407,3991,38.66022708,3.4360321185,primary,group_2
3988,3992,117.7964717,20.012117189999998,primary,group_2
3985,3993,85.11949641,9.791822262,primary,group_2
180,3994,10.38212953,1.1547028125,trunk_link,group_2
3686,3994,35.46210781,4.7251433265000005,trunk_link,group_2
2864,3995,16.69128794,2.8740886889999997,primary,group_2
3675,3997,90.95608275,19.98907425,residential,group_4
3999,3998,12.54418848,1.455404562,tertiary,group_3
3947,3999,97.70225098,11.335631796,tertiary,group_3
3998,4000,11.23108779,1.3030557075,tertiary,group_3
4003,4001,10.57609589,2.5692932099999997,primary_link,group_2
420,4001,11.13532886,2.7051499095000002,primary_link,group_2
4067,4002,11.44675867,2.280230799,primary_link,group_2
2632,4002,11.24240327,2.2395225525,primary_link,group_2
3805,4003,78.001622,13.431173211,primary,group_2
4001,4004,9.891746623,2.4030415095,primary_link,group_2
2632,4004,12.94557926,2.229111561,primary,group_2
4007,4006,13.00404587,1.7393333775000002,residential,group_4
4009,4008,9.020943924,2.337619512,residential,group_4
4010,4009,9.731358529,2.5217110050000002,residential,group_4
4011,4010,7.787853045,2.0180856225,residential,group_4
4008,4011,9.450823289,2.416250304,residential,group_4
195,4012,155.4469719,11.0907219705,trunk,group_2
4012,4013,14.87018333,1.060947453,trunk,group_2
4015,4014,15.25011591,1.0880546174999999,trunk,group_2
2943,4015,56.55363814,4.0349494725,trunk,group_2
4025,4016,63.81529489,7.194056229000001,primary,group_2
3472,4017,69.22680646,11.7448030725,primary,group_2
32,4018,97.26006372,16.74730254,primary,group_2
2542,4019,3.00799577,0.29903800799999997,motorway,group_1
752,4020,56.49777427,8.932091307,residential,group_4
3647,4021,43.16033635,7.278286630499999,secondary,group_3
2703,4022,59.79734935,6.934551841499999,secondary,group_3
3712,4024,321.7122752,36.2674215,primary,group_2
4024,4025,64.66009738,7.289292906,primary,group_2
3644,4026,82.24491865,15.19389633,secondary,group_3
3560,4027,91.11507634,16.832566035,secondary,group_3
4052,4033,52.74954936,5.5415217795,primary,group_2
4033,4034,84.74384376,8.9026325655,primary,group_2
3706,4035,81.49052745,10.899622759500001,residential,group_4
4035,4037,80.02612533,10.703754219,residential,group_4
4037,4038,73.10010743,9.777376827,residential,group_4
2110,4039,110.5266219,14.7832947165,residential,group_4
3473,4040,164.4778711,21.99944955,residential,group_4
17,4041,44.2134872,4.3954560224999994,motorway,group_1
3032,4044,174.3647412,17.107149825,secondary,group_3
2801,4046,172.1268157,25.136102775,primary,group_2
2803,4047,23.53007282,3.4361544779999997,primary,group_2
235,4049,32.36981503,7.113791805,residential,group_4
1292,4051,34.58977596,4.626494895,residential,group_4
4053,4052,17.35845226,1.8235651755,primary,group_2
4054,4053,16.08939467,1.3568590425,trunk,group_2
35,4054,67.04696098,5.6542385325,trunk,group_2
4056,4055,14.85748729,1.2529692015,trunk,group_2
3847,4056,53.94371418,4.5492088365,trunk,group_2
3105,4057,274.212965,23.125067715,trunk,group_2
4059,4058,17.29672758,1.5653005245,trunk,group_2
19,4059,71.84287035,6.5015582925,trunk,group_2
4057,4060,17.48578229,1.474619916,trunk,group_2
4062,4061,7.622444263,0.6428198595,trunk,group_2
2901,4062,518.2277479,43.703446935,trunk,group_2
4064,4063,7.321056583,0.6625330515000001,trunk,group_2
2847,4064,36.78375897,3.3288167910000004,trunk,group_2
3137,4065,53.44069883,9.2020045755,primary,group_2
4048,4066,38.21527917,5.111417727,residential,group_4
2633,4067,339.0598382,58.383034845,primary,group_2
4002,4068,10.18429441,1.652887878,primary_link,group_2
420,4068,13.40555368,2.308314993,primary,group_2
4071,4070,47.23647576,6.3180320745,residential,group_4
4075,4073,68.009072,7.6852213755,trunk_link,group_2
3369,4073,47.71052376,5.2107060195,trunk,group_2
2677,4074,404.7429563,39.70985385,secondary,group_3
3370,4075,34.86084275,6.626350027499999,secondary,group_3
2595,4076,90.27784044,10.8219638145,primary,group_2
2748,4077,60.26831658,7.528707192,secondary_link,group_3
48,4077,235.98326,44.255589119999996,secondary,group_3
1029,4080,99.96984607,13.371291652500002,residential,group_4
3159,4081,372.7480657,70.85196343499999,secondary,group_3
3802,4082,30.81964742,6.927656241,tertiary,group_3
1319,4083,94.10485994,16.043300925,unclassified,group_4
