node_index,is_stop_only,pos_x,pos_y,osmid,y,x
0,FALSE,583257.5604,4133946.334,302878,37.348484,-122.059974
1,FALSE,584096.1579,4131421.081,302889,37.3256491,-122.0507934
2,FALSE,586986.048,4134807.718,26027688,37.3559053,-122.0177816
3,FALSE,587317.2105,4134507.649,26027690,37.3531698,-122.0140781
4,FALSE,582428.7999,4138310.867,26028038,37.3878941,-122.068844
5,FALSE,582433.3834,4139149.69,26028045,37.3954537,-122.0686987
6,FALSE,587202.3567,4139282.094,26028101,37.3962104,-122.0148121
7,FALSE,583500.1333,4140283.817,26028106,37.4055796,-122.0565203
8,FALSE,586569.1634,4137709.517,26028723,37.3820969,-122.0221489
9,FALSE,587160.1897,4137372.562,26028729,37.3790047,-122.0155135
10,FALSE,585280.4301,4136259.969,26028750,37.3691522,-122.0368711
11,FALSE,585521.001,4137184.295,26028751,37.3774606,-122.0340477
12,FALSE,583219.733,4136915.635,26029615,37.3752487,-122.0600673
13,FALSE,585276.6836,4136242.666,26029622,37.3689966,-122.0369154
14,FALSE,586974.6046,4134796.637,26029629,37.3558065,-122.0179121
15,FALSE,587318.5136,4134485.493,26029630,37.35297,-122.014066
16,FALSE,587481.296,4134418.89,26029632,37.3523544,-122.0122361
17,FALSE,582554.5723,4137222.174,26029664,37.3780709,-122.0675449
18,FALSE,585765.8665,4137931.432,26029671,37.3841716,-122.0311957
19,FALSE,584597.798,4138234.936,26029674,37.3870143,-122.0443537
20,FALSE,584529.3696,4138230.504,26029675,37.3869806,-122.0451271
21,FALSE,582997.8198,4138490.447,26029682,37.3894618,-122.0623967
22,FALSE,582548.6385,4138707.739,26029683,37.3914603,-122.0674461
23,FALSE,585263.959,4136264.273,26030097,37.3691925,-122.0370566
24,FALSE,585260.0939,4136247.301,26030108,37.3690399,-122.0371022
25,FALSE,589186.7851,4138642.323,26031433,37.3902556,-121.9924729
26,FALSE,585043.6792,4139850.971,26117823,37.4015381,-122.0391316
27,FALSE,585460.1697,4138000.476,26240871,37.3848221,-122.0346404
28,FALSE,594025.9867,4134571.301,26374407,37.3530879,-121.9383309
29,FALSE,592825.4633,4134513.051,26374416,37.3526838,-121.9518915
30,FALSE,594005.021,4134565.717,26374420,37.3530397,-121.9385683
31,FALSE,582408.3865,4138754.731,26374541,37.3918963,-122.0690251
32,FALSE,586842.0764,4134931.07,26409052,37.3570305,-122.0193926
33,FALSE,586053.2204,4132399.137,26497352,37.3342847,-122.0285931
34,FALSE,587327.5085,4131774.186,26497360,37.3285333,-122.0142839
35,FALSE,592869.4195,4136926.647,26506775,37.3744316,-121.9510925
36,FALSE,587747.5272,4137167.226,26506784,37.3770987,-122.0089047
37,FALSE,587407.9178,4137328.182,26506786,37.3785814,-122.012721
38,FALSE,590184.2316,4137275.579,26506793,37.3778414,-121.9813732
39,FALSE,583750.5151,4132211.285,26506813,37.3328022,-122.054605
40,FALSE,585707.4614,4136079.285,26508299,37.3674844,-122.0320699
41,FALSE,585682.1101,4135989.139,26511920,37.3666743,-122.0323666
42,FALSE,590577.1595,4137011.267,26511937,37.375421,-121.9769681
43,FALSE,585413.8297,4136212.522,26630563,37.3687123,-122.0353702
44,FALSE,582613.4706,4137193.731,26639093,37.3778093,-122.0668829
45,FALSE,582893.6897,4132326.279,30237138,37.3339155,-122.064263
46,FALSE,582167.0126,4132285.982,30237212,37.3336169,-122.0724695
47,FALSE,579262.842,4134163.427,30674115,37.3507904,-122.1050483
48,FALSE,582453.1697,4131695.525,30674506,37.3282699,-122.0693053
49,FALSE,582488.8259,4132233.804,30674763,37.3331181,-122.068843
50,FALSE,582501.9878,4132300.684,30674923,37.3337197,-122.068687
51,FALSE,581671.2923,4133607.43,30675690,37.3455705,-122.0779191
52,FALSE,582162.4013,4133143.535,30675692,37.3413462,-122.0724265
53,FALSE,582478.6814,4132829.739,30675695,37.33849,-122.0688912
54,FALSE,582558.0583,4132566.795,30675699,37.3361131,-122.0680245
55,FALSE,582555.7762,4132508.943,30675700,37.3355919,-122.0680567
56,FALSE,583302.7548,4132690.078,31362863,37.3371577,-122.059605
57,FALSE,585972.2233,4137860.167,32331534,37.3835102,-122.0288733
58,FALSE,585594.6719,4137958.636,32331540,37.3844326,-122.0331261
59,FALSE,585386.6211,4139783.148,32788810,37.4008953,-122.0352652
60,FALSE,582637.8457,4138017.37,32789021,37.3852303,-122.0665156
61,FALSE,588906.5686,4134128.767,32875800,37.3496042,-121.9961802
62,FALSE,588930.6296,4133889.422,32875801,37.3474448,-121.9959373
63,FALSE,588913.6477,4131171.182,32875811,37.3229482,-121.996455
64,FALSE,589261.743,4131179.435,32875813,37.3229892,-121.9925257
65,FALSE,588931.4046,4134447.166,32875815,37.3524714,-121.9958616
66,FALSE,588933.8901,4134418.344,32875818,37.3522114,-121.995837
67,FALSE,588950.0545,4133882.062,32875833,37.3473766,-121.9957189
68,FALSE,587183.8447,4137386.567,33003981,37.3791287,-122.0152447
69,FALSE,581656.4413,4135776.586,33060212,37.3651218,-122.0778476
70,FALSE,595312.158,4133641.353,33102524,37.3445757,-121.9239304
71,FALSE,583601.1429,4132211.622,33104718,37.3328187,-122.0562909
72,FALSE,588869.4135,4136105.726,33106550,37.3674251,-121.9963624
73,FALSE,588884.4193,4136915.519,33106555,37.3747219,-121.9960957
74,FALSE,587386.2235,4137255.422,33261972,37.3779277,-122.0129746
75,FALSE,587775.2591,4137133.642,33280028,37.3767934,-122.0085955
76,FALSE,581653.5682,4136491.272,33343472,37.3715633,-122.0778012
77,FALSE,581642.3033,4136701.654,33343473,37.3734604,-122.0779052
78,FALSE,582780.1438,4138077.974,33343482,37.3857638,-122.0649016
79,FALSE,582671.3664,4138011.943,33343494,37.3851784,-122.0661376
80,FALSE,582509.7178,4137240.738,33438029,37.3782422,-122.0680494
81,FALSE,587325.2357,4132050.62,33440837,37.3310249,-122.014277
82,FALSE,587316.303,4131954.805,33440879,37.3301622,-122.0143891
83,FALSE,587304.1304,4134397.099,33619011,37.3521747,-122.0142388
84,FALSE,585692.6215,4135649.689,33619222,37.363614,-122.0322872
85,FALSE,588891.5342,4135945.151,33619908,37.3659758,-121.9961319
86,FALSE,591543.9427,4135780.712,33717345,37.3642358,-121.9662025
87,FALSE,591487.6754,4135698.386,33717352,37.3634994,-121.966848
88,FALSE,590983.8003,4138023.796,33784157,37.3845065,-121.9722514
89,FALSE,590499.0001,4137073.81,33784162,37.3759923,-121.9778431
90,FALSE,590500.7587,4136868.923,33784164,37.3741456,-121.9778483
91,FALSE,587601.5487,4139177.08,33784671,37.3952263,-122.0103152
92,FALSE,582312.0837,4139917.669,34153357,37.402386,-122.0699834
93,FALSE,591413.173,4135598.086,35854875,37.3626028,-121.9677016
94,FALSE,591336.2644,4134470.833,35854895,37.3524511,-121.968709
95,FALSE,591336.7049,4134454.838,35854898,37.3523069,-121.968706
96,FALSE,591226.4383,4133238.525,35854937,37.3413558,-121.9701006
97,FALSE,591432.3623,4132602.656,35854950,37.3356048,-121.9678546
98,FALSE,591577.5438,4131688.832,35854980,37.3273547,-121.9663288
99,FALSE,591622.7845,4131646.143,35854982,37.3269655,-121.9658235
100,FALSE,591791.739,4131227.875,35854997,37.3231792,-121.9639685
101,FALSE,583275.1324,4133947.463,49067107,37.3484926,-122.0597755
102,FALSE,583068.7547,4134720.064,49067139,37.3554743,-122.0620187
103,FALSE,583528.1062,4132133.979,49071606,37.3321255,-122.057124
104,FALSE,583681.3875,4132140.67,49071638,37.332172,-122.0553932
105,FALSE,585639.7337,4135726.416,60006480,37.3643104,-122.0328755
106,FALSE,585684.0568,4135783.68,60006481,37.3648224,-122.0323684
107,FALSE,585651.799,4135735.627,60006482,37.3643923,-122.0327382
108,FALSE,590020.2061,4138333.814,60434555,37.3873946,-121.9830968
109,FALSE,590091.6683,4138332.598,60434557,37.3873767,-121.9822898
110,FALSE,584566.2901,4132190.296,65377483,37.3325391,-122.0453999
111,FALSE,584564.9416,4132287.801,65377487,37.333418,-122.045404
112,FALSE,592256.8398,4133801.186,65377501,37.3463249,-121.9583996
113,FALSE,593856.0071,4132866.541,65377516,37.3377412,-121.9404658
114,FALSE,592996.1767,4132532.299,65377547,37.3348154,-121.9502128
115,FALSE,593005.1764,4131722.404,65377628,37.3275154,-121.9502128
116,FALSE,592800.9358,4131703.982,65377638,37.3273698,-121.9525201
117,FALSE,592459.6127,4131660.337,65377662,37.3270105,-121.9563776
118,FALSE,592361.5535,4131658.412,65377665,37.3270029,-121.9574845
119,FALSE,592256.2499,4131658.549,65377669,37.3270146,-121.9586729
120,FALSE,592149.2448,4131657.902,65377671,37.3270194,-121.9598806
121,FALSE,593360.3704,4131665.198,65377785,37.3269642,-121.9462114
122,FALSE,593112.4683,4131662.97,65377791,37.326969,-121.9490094
123,FALSE,593008.0896,4131658.791,65377793,37.3269418,-121.9501879
124,FALSE,586537.9847,4131547.27,65377889,37.3265621,-122.023221
125,FALSE,586458.1208,4131546.645,65377895,37.3265639,-122.0241224
126,FALSE,586227.2692,4131543.587,65377907,37.3265578,-122.0267281
127,FALSE,586148.1004,4131542.583,65377911,37.3265561,-122.0276217
128,FALSE,588024.5137,4131002.93,65377938,37.3215165,-122.006509
129,FALSE,587930.8511,4131002.767,65377940,37.3215239,-122.007566
130,FALSE,583340.5296,4132506.98,65381191,37.3355041,-122.0591992
131,FALSE,585639.6123,4139674.151,65381269,37.3998896,-122.0324198
132,FALSE,583441.8511,4132690.532,65381646,37.3371493,-122.0580349
133,FALSE,579107.6017,4134436.045,65382961,37.3532607,-122.1067718
134,FALSE,585707.7176,4132478.542,65383026,37.3350323,-122.0324836
135,FALSE,585897.9613,4137634.051,65383893,37.3814792,-122.0297383
136,FALSE,582495.2913,4138654.786,65385555,37.3909878,-122.0680546
137,FALSE,585328.2056,4132542.734,65385699,37.3356458,-122.0367598
138,FALSE,587732.9432,4139120.329,65386173,37.3947024,-122.0088377
139,FALSE,595705.6718,4134241.898,65386530,37.3499475,-121.9194108
140,FALSE,589051.3633,4130382.636,65387070,37.3158282,-121.9949955
141,FALSE,585674.835,4137159.119,65387494,37.3772195,-122.0323133
142,FALSE,585651.0273,4137073.35,65387496,37.3764487,-122.0325921
143,FALSE,588824.2922,4134416.758,65387885,37.3522076,-121.9970745
144,FALSE,587367.0237,4137261.613,65388287,37.3779853,-122.0131907
145,FALSE,583901.3031,4131983.995,65388736,37.3307401,-122.0529288
146,FALSE,590895.2206,4130641.815,65388877,37.3179855,-121.9741576
147,FALSE,579008.0076,4134374.379,65389036,37.3527134,-122.1079028
148,FALSE,595139.1197,4133441.01,65390120,37.3427879,-121.9259094
149,FALSE,594120.98,4135068.457,65390508,37.3575588,-121.9371953
150,FALSE,594038.8213,4135120.293,65390510,37.3580343,-121.9381163
151,FALSE,593823.7655,4135050.237,65390529,37.3574247,-121.9405532
152,FALSE,593740.1072,4134976.853,65390531,37.3567718,-121.941507
153,FALSE,594238.2546,4132530.716,65390602,37.3346759,-121.936194
154,FALSE,594187.2297,4132631.491,65390608,37.3355893,-121.9367571
155,FALSE,594352.3568,4132643.581,65390614,37.3356815,-121.9348918
156,FALSE,594243.766,4132468.519,65390685,37.3341148,-121.9361397
157,FALSE,582286.2507,4139931.528,65391443,37.4025132,-122.0702737
158,FALSE,582215.8785,4139926.286,65391446,37.4024722,-122.0710693
159,FALSE,587389.3793,4139209.841,65391616,37.3955416,-122.012708
160,FALSE,583445.4712,4132730.856,65393371,37.3375124,-122.0579895
161,FALSE,582862.5131,4140430.715,65393469,37.4069608,-122.0637075
162,FALSE,590799.8853,4130499.577,65393612,37.3167129,-121.9752508
163,FALSE,583551.9035,4140248.563,65393813,37.4052572,-122.0559394
164,FALSE,583040.5086,4134341.017,65394528,37.3520606,-122.0623801
165,FALSE,582253.4753,4139881.886,65394577,37.4020687,-122.0706495
166,FALSE,593670.528,4134886.33,65395482,37.355963,-121.942304
167,FALSE,593549.8126,4134673.08,65395494,37.3540533,-121.9436938
168,FALSE,591706.9634,4137694.734,65396376,37.3814696,-121.9641246
169,FALSE,595300.5765,4133654.059,65397622,37.3446914,-121.9240595
170,FALSE,595052.8822,4133461.578,65397643,37.3429821,-121.9268802
171,FALSE,582856.665,4130037.905,65398688,37.3132943,-122.0649365
172,FALSE,584229.7799,4131122.336,65400205,37.3229445,-122.0493193
173,FALSE,588713.4955,4131185.813,65401373,37.3230992,-121.998712
174,FALSE,595994.4336,4133967.853,65402257,37.3474479,-121.9161865
175,FALSE,588716.1947,4129913.94,65403555,37.3116361,-121.9988336
176,FALSE,588747.9925,4129954.176,65403558,37.3119957,-121.99847
177,FALSE,591290.3025,4134381.465,65403826,37.3516502,-121.9692389
178,FALSE,583154.9726,4134339.525,65404310,37.3520369,-122.061088
179,FALSE,585415.254,4131683.886,65404759,37.3278973,-122.0358762
180,FALSE,588912.6448,4131190.522,65405663,37.3231226,-121.996464
181,FALSE,592552.9699,4130512.535,65405974,37.3166567,-121.9554672
182,FALSE,593032.93,4130588.334,65405977,37.3172919,-121.9500418
183,FALSE,587310.4886,4131851.378,65406866,37.3292306,-122.0144669
184,FALSE,585619.6729,4129181.919,65407467,37.3053291,-122.0338578
185,FALSE,591751.0017,4137811.147,65407803,37.3825144,-121.9636128
186,FALSE,592908.5041,4130451.273,65408475,37.3160691,-121.951463
187,FALSE,593722.2531,4133936.481,65409160,37.3473974,-121.9418402
188,FALSE,593905.2372,4133897.523,65409167,37.3470278,-121.9397795
189,FALSE,586515.7338,4132186.033,65409219,37.3323211,-122.0233976
190,FALSE,585092.0015,4127918.43,65410675,37.2939901,-122.0399561
191,FALSE,593422.5862,4130559.473,65410786,37.3169927,-121.9456485
192,FALSE,585218.4277,4128748.101,65411304,37.3014561,-122.0384347
193,FALSE,588880.9522,4136741.135,65411531,37.3731506,-121.9961558
194,FALSE,582493.6754,4140155.964,65411593,37.4045175,-122.0679053
195,FALSE,591641.4499,4137503.4,65411953,37.3797517,-121.9648882
196,FALSE,583344.8634,4129307.612,65413866,37.3066687,-122.0595097
197,FALSE,588982.4059,4130889.817,65414239,37.3204058,-121.9957128
198,FALSE,588963.3403,4130901.92,65414241,37.3205167,-121.9959265
199,FALSE,588607.6161,4131102.673,65414246,37.32236,-121.9999168
200,FALSE,588544.4852,4138851.334,65415279,37.3922009,-121.9997028
201,FALSE,594177.4532,4132675.143,65417075,37.3359837,-121.9368619
202,FALSE,594163.3764,4132457.705,65417082,37.3340255,-121.9370484
203,FALSE,582575.346,4140334.156,65417614,37.4061162,-122.0669627
204,FALSE,586929.8585,4137416.586,65417722,37.3794231,-122.0181096
205,FALSE,587037.8264,4139303.9,65417858,37.3964224,-122.0166681
206,FALSE,583865.5402,4132677.448,65418383,37.3369932,-122.053254
207,FALSE,583792.4579,4132508.575,65418390,37.3354778,-122.054098
208,FALSE,595601.3669,4134337.906,65419089,37.3508235,-121.9205759
209,FALSE,585141.6018,4129974.6,65419386,37.3125172,-122.0391608
210,FALSE,585198.0044,4129976.927,65419388,37.312533,-122.0385241
211,FALSE,585284.4712,4129960.664,65419392,37.3123785,-122.0375503
212,FALSE,585320.9726,4129960.049,65419394,37.3123696,-122.0371385
213,FALSE,585513.5864,4129962.668,65419398,37.3123755,-122.0349648
214,FALSE,585760.5272,4129956.561,65419404,37.3122977,-122.0321791
215,FALSE,588957.6534,4129699.571,65419414,37.309681,-121.9961348
216,FALSE,588838.228,4129704.561,65419422,37.3097374,-121.9974817
217,FALSE,588780.6736,4129712.062,65419423,37.3098105,-121.9981302
218,FALSE,588667.8328,4129725.501,65419425,37.3099424,-121.9994018
219,FALSE,588348.3141,4129760.815,65419426,37.3102911,-122.0030028
220,FALSE,588259.4258,4129770.508,65419429,37.3103869,-122.0040046
221,FALSE,588180.365,4129779.494,65419432,37.3104754,-122.0048956
222,FALSE,588096.9028,4129788.181,65419435,37.3105616,-122.0058363
223,FALSE,587926.4244,4129806.461,65419437,37.3107425,-122.0077577
224,FALSE,587885.9018,4129803.351,65419439,37.3107183,-122.0082153
225,FALSE,587679.5958,4129785.81,65419441,37.3105797,-122.0105452
226,FALSE,587415.3936,4129761.09,65419442,37.3103818,-122.0135292
227,FALSE,587225.2635,4129743.241,65419444,37.3102388,-122.0156766
228,FALSE,587037.4158,4129727.44,65419450,37.310114,-122.017798
229,FALSE,586737.9571,4129660.578,65419461,37.3095394,-122.0211847
230,FALSE,586557.626,4129696.759,65419468,37.3098823,-122.0232152
231,FALSE,586265.1908,4129796.875,65419481,37.3108118,-122.0265032
232,FALSE,586248.7166,4129802.775,65419483,37.3108665,-122.0266884
233,FALSE,586162.7831,4129833.157,65419485,37.3111483,-122.0276545
234,FALSE,586114.3916,4129852.343,65419488,37.3113257,-122.0281983
235,FALSE,586066.4508,4129869.082,65419491,37.311481,-122.0287373
236,FALSE,585889.334,4129931.373,65419493,37.3120588,-122.0307286
237,FALSE,586456.1516,4131879.691,65419671,37.3295657,-122.0241058
238,FALSE,586374.7618,4131879.56,65419672,37.3295721,-122.0250244
239,FALSE,586296.7508,4131878.29,65419675,37.3295679,-122.025905
240,FALSE,586223.8412,4131877.217,65419676,37.329565,-122.026728
241,FALSE,589130.7229,4134643.985,65419989,37.3542261,-121.9935877
242,FALSE,589155.6028,4135195.64,65419992,37.3591955,-121.9932404
243,FALSE,589145.4968,4135276.243,65419993,37.3599229,-121.9933448
244,FALSE,589122.8076,4135355.801,65419995,37.3606421,-121.9935914
245,FALSE,589122.3929,4135498.554,65419998,37.3619287,-121.9935789
246,FALSE,582752.3412,4130815.216,65420298,37.3203093,-122.066027
247,FALSE,582690.3949,4130853.471,65420301,37.3206596,-122.0667218
248,FALSE,582685.8979,4130998.366,65420313,37.3219659,-122.0667564
249,FALSE,582940.4893,4130814.781,65420319,37.3202886,-122.0639038
250,FALSE,582841.9806,4130811.819,65420322,37.3202707,-122.0650158
251,FALSE,582773.0306,4130812.713,65420327,37.3202849,-122.0657938
252,FALSE,587297.7417,4129305.334,65420804,37.3062853,-122.0149103
253,FALSE,585137.3695,4128747.277,65421660,37.3014561,-122.0393493
254,FALSE,584957.553,4128744.708,65421662,37.3014494,-122.0413783
255,FALSE,588026.7259,4130893.662,65422044,37.3205315,-122.006497
256,FALSE,587934.6674,4130894.215,65422045,37.3205452,-122.0075358
257,FALSE,584936.8563,4129839.986,65422051,37.3113227,-122.0414865
258,FALSE,584824.1274,4131812.241,65422262,37.3291083,-122.042533
259,FALSE,584760.4649,4131812.328,65422265,37.3291149,-122.0432515
260,FALSE,586552.4832,4130380.446,65422389,37.3160446,-122.0231935
261,FALSE,586472.7602,4130378.824,65422391,37.3160374,-122.0240933
262,FALSE,586194.8393,4130375.57,65422392,37.3160339,-122.0272298
263,FALSE,586099.2995,4130378.093,65422394,37.3160655,-122.0283076
264,FALSE,586013.4588,4130391.436,65422399,37.3161937,-122.0292747
265,FALSE,585753.9531,4130370.943,65422406,37.316033,-122.0322054
266,FALSE,583993.3018,4129149.588,65422494,37.3051861,-122.0522113
267,FALSE,583994.7192,4129078.936,65422497,37.3045492,-122.0522033
268,FALSE,588022.3951,4131179.151,65422580,37.3231049,-122.006512
269,FALSE,588028.0551,4130781.566,65422581,37.3195211,-122.0064953
270,FALSE,588030.473,4130675.495,65422582,37.3185649,-122.0064806
271,FALSE,588031.8336,4130566.307,65422583,37.3175807,-122.0064782
272,FALSE,587991.6774,4130451.09,65422584,37.3165461,-122.006945
273,FALSE,587955.9451,4130394.659,65422587,37.3160409,-122.0073549
274,FALSE,587940.4705,4130353.465,65422590,37.3156711,-122.0075344
275,FALSE,587936.2889,4130176.114,65422593,37.3140731,-122.0076026
276,FALSE,587930.4999,4129969.509,65422594,37.3122116,-122.0076924
277,FALSE,587927.9689,4129891.492,65422598,37.3115087,-122.0077302
278,FALSE,584171.5239,4131802.08,65422807,37.3290761,-122.0498996
279,FALSE,583918.2089,4129238.498,65422850,37.3059942,-122.0530485
280,FALSE,594964.0676,4133488.353,65422916,37.3432325,-121.9278793
281,FALSE,587600.6324,4130194.809,65423054,37.3142733,-122.0113879
282,FALSE,587599.1083,4130132.092,65423057,37.3137082,-122.0114125
283,FALSE,582353.1834,4131355.676,65423076,37.3252158,-122.0704715
284,FALSE,582353.1585,4131303.261,65423079,37.3247434,-122.0704776
285,FALSE,582514.9999,4130035.497,65423088,37.313303,-122.0687921
286,FALSE,585222.1151,4137531.995,65423310,37.3806218,-122.0373831
287,FALSE,591295.2359,4133789.082,65423398,37.3463109,-121.9692562
288,FALSE,591005.6381,4133172.176,65423495,37.3407795,-121.9726011
289,FALSE,583557.4336,4131106.023,65423528,37.3228582,-122.0569088
290,FALSE,585321.4773,4132022.574,65423595,37.3309584,-122.0368956
291,FALSE,585468.1155,4132024.048,65423597,37.3309582,-122.0352404
292,FALSE,582763.7291,4129653.918,65423646,37.3098418,-122.066028
293,FALSE,582769.1999,4129689.522,65423647,37.3101622,-122.0659623
294,FALSE,588616.852,4130250.05,65423808,37.3146748,-121.9999144
295,FALSE,588547.1224,4130253.607,65423809,37.3147135,-122.0007008
296,FALSE,588314.4191,4130260.425,65423812,37.3147971,-122.0033258
297,FALSE,588195.9489,4130263.06,65423814,37.3148321,-122.0046623
298,FALSE,582620.5455,4130706.688,65423858,37.3193429,-122.0675264
299,FALSE,582625.7041,4130755.947,65423860,37.3197864,-122.0674627
300,FALSE,591189.8804,4135347.157,65423898,37.3603633,-121.9702537
301,FALSE,591274.9889,4135292.551,65423903,37.3598628,-121.9692995
302,FALSE,584935.502,4129995.375,65424122,37.3127233,-122.041484
303,FALSE,584848.6577,4129993.03,65424124,37.3127101,-122.0424642
304,FALSE,584726.0574,4129983.357,65424127,37.3126341,-122.0438487
305,FALSE,583466.1946,4131806.844,65424462,37.3291827,-122.0578596
306,FALSE,588287.0634,4129557.42,65424496,37.3084638,-122.0037181
307,FALSE,586429.8355,4130612.108,65424537,37.3181439,-122.0245505
308,FALSE,588254.5834,4131989.367,65424823,37.330385,-122.0037953
309,FALSE,588590.4173,4131988.388,65424827,37.3303442,-122.0000051
310,FALSE,588494.9041,4131988.288,65424830,37.3303524,-122.0010831
311,FALSE,588419.2238,4131952.636,65424832,37.3300383,-122.0019415
312,FALSE,588355.1069,4131937.014,65424836,37.3299036,-122.002667
313,FALSE,583121.118,4128773.465,65425282,37.3018746,-122.062094
314,FALSE,583203.1484,4128938.713,65425283,37.3033566,-122.06115
315,FALSE,583832.9318,4128823.685,65425334,37.3022633,-122.0540575
316,FALSE,583782.5633,4128915.595,65425337,37.3030962,-122.0546154
317,FALSE,583741.4365,4128962.672,65425339,37.3035242,-122.0550741
318,FALSE,583688.1082,4128978.405,65425342,37.3036708,-122.055674
319,FALSE,583402.6679,4128891.822,65425345,37.3029161,-122.0589042
320,FALSE,582143.949,4130316.701,65425388,37.3158703,-122.0729479
321,FALSE,590119.2525,4132840.805,65425428,37.3378795,-121.9826467
322,FALSE,590098.9747,4132945.963,65425431,37.3388292,-121.9828628
323,FALSE,590103.9234,4133082.05,65425433,37.3400552,-121.9827904
324,FALSE,590101.3987,4133151.127,65425436,37.340678,-121.9828105
325,FALSE,590127.1874,4133282.733,65425439,37.3418616,-121.9825034
326,FALSE,585205.875,4130768.526,65425458,37.3196667,-122.0383444
327,FALSE,585167.2518,4130768.133,65425460,37.3196667,-122.0387803
328,FALSE,584922.0082,4130770.135,65425463,37.3197072,-122.0415476
329,FALSE,590394.7487,4128954.294,65425836,37.3028255,-121.9800106
330,FALSE,589551.4295,4135574.296,65425883,37.36257,-121.9887255
331,FALSE,588118.8588,4131165.575,65426367,37.3229734,-122.005425
332,FALSE,588122.8581,4130779.712,65426370,37.3194954,-122.0054257
333,FALSE,588129.1643,4130442.383,65426373,37.3164546,-122.0053946
334,FALSE,585709.6071,4132768.066,65426547,37.3376415,-122.0324288
335,FALSE,585717.9032,4131945.983,65426561,37.3302316,-122.0324302
336,FALSE,585723.4344,4131536.537,65426563,37.3265409,-122.0324151
337,FALSE,585724.5811,4131373.511,65426564,37.3250715,-122.032421
338,FALSE,585727.2396,4131141.586,65426566,37.322981,-122.0324178
339,FALSE,582598.2955,4130936.521,65426599,37.3214163,-122.0677519
340,FALSE,590692.6482,4132802.351,65426604,37.3374771,-121.9761793
341,FALSE,585987.2469,4137171.238,65426734,37.3772998,-122.0287837
342,FALSE,585936.0838,4137002.546,65426741,37.3757842,-122.0293811
343,FALSE,585886.8742,4136808.122,65426743,37.3740365,-122.0299594
344,FALSE,585840.6852,4136628.886,65426746,37.3724254,-122.0305018
345,FALSE,585801.6852,4136466.867,65426751,37.3709688,-122.030961
346,FALSE,585734.8531,4136149.168,65426754,37.3681117,-122.0317525
347,FALSE,585321.8309,4131993.974,65427249,37.3307006,-122.0368949
348,FALSE,585010.8457,4131990.676,65427255,37.3306994,-122.0404052
349,FALSE,584917.2357,4131991.778,65427256,37.3307179,-122.0414616
350,FALSE,584823.0943,4131991.989,65427258,37.3307284,-122.0425241
351,FALSE,584563.9986,4131943.576,65427275,37.3303157,-122.0454539
352,FALSE,584479.7188,4131942.858,65427279,37.3303169,-122.0464052
353,FALSE,585322.7251,4131941.024,65427290,37.3302233,-122.0368909
354,FALSE,585515.7332,4131943.959,65427295,37.330232,-122.0347122
355,FALSE,590109.6974,4137273.433,65427483,37.3778293,-121.9822152
356,FALSE,581793.1701,4131673.715,65427870,37.3281317,-122.0767566
357,FALSE,581732.459,4131719.057,65427873,37.3285457,-122.0774368
358,FALSE,584139.1424,4129921.829,65428001,37.3121329,-122.0504783
359,FALSE,584280.1511,4129923.569,65428002,37.3121358,-122.048887
360,FALSE,586362.8693,4132830.982,65428300,37.338148,-122.0250478
361,FALSE,586362.8227,4132775.415,65428301,37.3376472,-122.0250548
362,FALSE,592138.6958,4135031.054,65428612,37.3574207,-121.9595803
363,FALSE,591987.5031,4135027.78,65428613,37.3574062,-121.9612877
364,FALSE,591836.9058,4135025.947,65428614,37.3574046,-121.9629882
365,FALSE,591660.4404,4135026.996,65428617,37.3574315,-121.9649804
366,FALSE,586271.6125,4130689.288,65428681,37.3188542,-122.026327
367,FALSE,586436.385,4130531.344,65428690,37.3174154,-122.024486
368,FALSE,592147.4141,4134588.726,65428730,37.3534334,-121.9595369
369,FALSE,592060.8601,4134588.394,65428733,37.353439,-121.9605141
370,FALSE,591967.0239,4134587.373,65428736,37.3534391,-121.9615736
371,FALSE,591895.2341,4134587.194,65428739,37.3534446,-121.9623841
372,FALSE,591819.7546,4134586.653,65428741,37.3534472,-121.9632363
373,FALSE,591747.0296,4134586.954,65428743,37.3534571,-121.9640573
374,FALSE,591669.2116,4134564.608,65428744,37.3532634,-121.9649386
375,FALSE,592149.3317,4131730.503,65428897,37.3276737,-121.9598706
376,FALSE,592146.5878,4131904.887,65428898,37.3292456,-121.9598799
377,FALSE,592145.4622,4131983.788,65428899,37.3299568,-121.9598828
378,FALSE,584154.831,4128847.971,65429302,37.3024531,-122.050423
379,FALSE,584088.3071,4128847.448,65429304,37.3024544,-122.0511736
380,FALSE,585995.9222,4132638.134,65429337,37.336444,-122.0292121
381,FALSE,583562.1524,4128773.958,65429382,37.3018395,-122.0571181
382,FALSE,589578.1137,4134559.156,65429427,37.3534185,-121.988547
383,FALSE,589401.8672,4134554.751,65429431,37.3533958,-121.9905373
384,FALSE,592705.9953,4133702.107,65429701,37.3453872,-121.9533417
385,FALSE,584072.6833,4129452.158,65429867,37.3079059,-122.0512814
386,FALSE,584067.215,4129370.907,65429869,37.3071741,-122.0513523
387,FALSE,585702.507,4133364.312,65430084,37.3430159,-122.03244
388,FALSE,585549.6214,4133362.725,65430086,37.3430157,-122.034166
389,FALSE,585472.0269,4133361.932,65430088,37.3430157,-122.035042
390,FALSE,585365.0513,4133360.818,65430092,37.3430155,-122.0362497
391,FALSE,585160.014,4133359.272,65430097,37.3430204,-122.0385644
392,FALSE,584982.2969,4133356.876,65430104,37.3430151,-122.0405708
393,FALSE,584898.5021,4133356.015,65430108,37.343015,-122.0415168
394,FALSE,592075.0422,4133958.319,65430198,37.3477591,-121.9604323
395,FALSE,588054.5638,4128737.784,65430718,37.3010988,-122.0064386
396,FALSE,582197.0787,4131145.027,65430803,37.3233311,-122.0722566
397,FALSE,582233.5531,4131375.67,65430830,37.3254066,-122.0718194
398,FALSE,593024.129,4131250.411,65430886,37.3232597,-121.9500581
399,FALSE,592833.6966,4131254.71,65430888,37.3233175,-121.9522066
400,FALSE,592721.0651,4131252.741,65430894,37.323311,-121.9534779
401,FALSE,592640.0267,4131251.322,65430897,37.3233063,-121.9543926
402,FALSE,592362.5091,4131246.547,65430902,37.3232909,-121.957525
403,FALSE,592280.5174,4131245.598,65430908,37.3232905,-121.9584504
404,FALSE,592158.876,4131235.393,65430911,37.3232106,-121.9598244
405,FALSE,591949.1232,4131239.233,65430913,37.323266,-121.962191
406,FALSE,591895.9673,4131236.553,65430922,37.3232471,-121.9627912
407,FALSE,591768.7317,4131227.379,65430924,37.323177,-121.9642282
408,FALSE,591598.8671,4131224.431,65430928,37.3231672,-121.9661455
409,FALSE,591398.1764,4131220.474,65430934,37.3231513,-121.9684108
410,FALSE,591269.4016,4131217.504,65430937,37.3231372,-121.9698644
411,FALSE,591107.0627,4131222.471,65430938,37.3231979,-121.9716958
412,FALSE,590773.86,4131209.653,65430942,37.323115,-121.9754576
413,FALSE,590158.6756,4131204.159,65430949,37.3231254,-121.9824007
414,FALSE,590029.8372,4131202.995,65430951,37.3231274,-121.9838548
415,FALSE,589722.5413,4131203.657,65430953,37.3231631,-121.9873226
416,FALSE,589528.8683,4131192.307,65430956,37.3230795,-121.9895096
417,FALSE,589449.5963,4131190.628,65430959,37.323072,-121.9904044
418,FALSE,589260.786,4131192.74,65430965,37.3231092,-121.9925349
419,FALSE,588210.74,4131166.442,65430978,37.3229725,-122.004388
420,FALSE,587669.0785,4131168.63,65430982,37.3230435,-122.0105005
421,FALSE,587332.1246,4131164.399,65430985,37.3230371,-122.0143036
422,FALSE,586862.0972,4131157.334,65430988,37.3230175,-122.0196088
423,FALSE,586544.2418,4131152.866,65430993,37.3230069,-122.0231964
424,FALSE,586284.9286,4131150.444,65430995,37.3230092,-122.0261231
425,FALSE,585295.4259,4131136.754,65431012,37.3229772,-122.0372915
426,FALSE,584927.6173,4131132.682,65431017,37.3229742,-122.0414428
427,FALSE,584682.1047,4131127.321,65431020,37.3229483,-122.0442141
428,FALSE,584513.368,4131123.352,65431022,37.3229279,-122.0461188
429,FALSE,583980.6508,4131120.621,65431028,37.3229516,-122.052131
430,FALSE,583870.8127,4131111.431,65431035,37.3228787,-122.0533716
431,FALSE,583773.0425,4131111.163,65431039,37.3228851,-122.054475
432,FALSE,583674.4267,4131116.601,65431046,37.322943,-122.0555873
433,FALSE,583265.6591,4131118.306,65431058,37.3229951,-122.0602002
434,FALSE,583043.3058,4131072.226,65431065,37.3225997,-122.0627147
435,FALSE,582419.9056,4130995.577,65431082,37.3219644,-122.0697585
436,FALSE,582316.5203,4130994.038,65431087,37.3219597,-122.0709254
437,FALSE,582200.0001,4130990.974,65431089,37.3219424,-122.0722407
438,FALSE,582093.6708,4130992.36,65431091,37.3219643,-122.0734405
439,FALSE,582043.0474,4130994.161,65431097,37.321985,-122.0740116
440,FALSE,581855.691,4131002.035,65431102,37.3220725,-122.0761251
441,FALSE,582305.4317,4130537.343,65431194,37.3178446,-122.0711012
442,FALSE,582303.8122,4130673.256,65431198,37.3190697,-122.0711044
443,FALSE,590493.3739,4136392.923,65431573,37.3698564,-121.9779899
444,FALSE,590423.6995,4136391.059,65431574,37.3698464,-121.9787769
445,FALSE,590344.7312,4136390.394,65431575,37.3698481,-121.9796687
446,FALSE,590266.4152,4136389.192,65431580,37.3698449,-121.9805532
447,FALSE,590188.4042,4136388.45,65431584,37.3698458,-121.9814342
448,FALSE,590112.7021,4136386.302,65431587,37.3698338,-121.9822893
449,FALSE,589392.3925,4136380.009,65431605,37.3698468,-121.9904239
450,FALSE,589310.1337,4136378.186,65431606,37.3698383,-121.991353
451,FALSE,589216.3258,4136376.474,65431608,37.3698319,-121.9924125
452,FALSE,588912.798,4136342.238,65431611,37.3695525,-121.9958441
453,FALSE,585771.8465,4137136.78,65431819,37.3770092,-122.0312203
454,FALSE,590843.6984,4132525.354,65432032,37.3349659,-121.9745083
455,FALSE,590733.4518,4132472.574,65432033,37.334501,-121.9757591
456,FALSE,583280.7489,4132356.174,65432280,37.3341503,-122.0598909
457,FALSE,583010.4529,4132491.438,65432284,37.3353936,-122.0629266
458,FALSE,593461.9626,4134696.01,65432352,37.3542688,-121.9446827
459,FALSE,588439.2825,4133117.98,65432739,37.3405391,-122.0015761
460,FALSE,589939.1731,4131337.909,65432810,37.3243521,-121.9848616
461,FALSE,586040.9928,4130182.701,65433063,37.3143099,-122.0289882
462,FALSE,592610.2127,4134432.76,65433070,37.3519817,-121.9543316
463,FALSE,592413.0046,4134343.399,65433076,37.351196,-121.9565691
464,FALSE,592153.9436,4134336.202,65433077,37.3511569,-121.9594946
465,FALSE,587097.3947,4130535.586,65433104,37.3173919,-122.0170264
466,FALSE,587024.8242,4130546.793,65433106,37.3174997,-122.017844
467,FALSE,586952.8869,4130557.629,65433108,37.3176041,-122.0186545
468,FALSE,586859.9005,4130572.143,65433109,37.3177436,-122.0197021
469,FALSE,586771.103,4130585.247,65433111,37.31787,-122.0207026
470,FALSE,586698.0272,4130596.562,65433115,37.3179788,-122.0215259
471,FALSE,586626.3663,4130607.337,65433117,37.3180826,-122.0223333
472,FALSE,586549.8836,4130618.23,65433119,37.3181879,-122.0231951
473,FALSE,588589.4573,4131684.79,65433368,37.3276081,-122.0000522
474,FALSE,588589.1611,4131720.316,65433369,37.3279283,-122.0000513
475,FALSE,588588.1812,4131796.155,65433372,37.3286119,-122.0000533
476,FALSE,588636.995,4132133.214,65433374,37.331645,-121.9994621
477,FALSE,584625.9888,4130167.983,65433388,37.3143072,-122.0449568
478,FALSE,584598.3082,4130167.537,65433390,37.3143057,-122.0452692
479,FALSE,592076.3181,4133879.431,65433567,37.347048,-121.9604277
480,FALSE,589783.9017,4130397.416,65433690,37.3158909,-121.9867277
481,FALSE,586250.0328,4128934.676,65433720,37.3030425,-122.0267744
482,FALSE,585999.3197,4128931.377,65433723,37.303036,-122.0296034
483,FALSE,585771.524,4128927.555,65433725,37.3030226,-122.0321739
484,FALSE,589454.7097,4132768.986,65433763,37.3372965,-121.9901563
485,FALSE,582045.7353,4139685.481,65433897,37.400317,-122.0730182
486,FALSE,582369.0221,4132119.617,65433906,37.3320996,-122.0702079
487,FALSE,582415.5853,4132127.288,65433915,37.3321646,-122.0696815
488,FALSE,593165.175,4134054.597,65434005,37.348518,-121.948114
489,FALSE,593060.3908,4134005.94,65434007,37.34809,-121.949303
490,FALSE,592957.7118,4133958.263,65434009,37.3476706,-121.9504681
491,FALSE,592853.1012,4133912.118,65434011,37.3472652,-121.9516548
492,FALSE,594109.8497,4134454.273,65434021,37.3520247,-121.937399
493,FALSE,593942.5769,4134414,65434025,37.3516787,-121.9392925
494,FALSE,593578.1296,4134245.707,65434031,37.3501988,-121.9434281
495,FALSE,587763.0169,4129884.169,65434085,37.3114583,-122.0095923
496,FALSE,587681.0039,4129886.65,65434089,37.3114884,-122.0105174
497,FALSE,583627.1911,4132898.647,65434200,37.3390083,-122.0559194
498,FALSE,583820.5202,4133027.303,65434222,37.3401504,-122.0537226
499,FALSE,583797.0486,4132921.561,65434225,37.3391995,-122.0539995
500,FALSE,583961.8518,4133054.317,65434234,37.3403811,-122.0521242
501,FALSE,590146.4975,4131484.194,65434321,37.3256504,-121.9825041
502,FALSE,589034.3277,4131899.352,65434741,37.3294993,-121.9950057
503,FALSE,589096.8608,4132032.055,65434746,37.3306893,-121.994284
504,FALSE,589053.6368,4132110.652,65434748,37.3314018,-121.9947624
505,FALSE,589075.1914,4132489.61,65434751,37.3348151,-121.9944736
506,FALSE,589151.6964,4132538.624,65434755,37.3352495,-121.9936042
507,FALSE,589201.307,4132594.698,65434757,37.3357501,-121.9930375
508,FALSE,589288.1159,4132766.419,65434759,37.3372894,-121.992037
509,FALSE,586548.3266,4134396.5,65434936,37.3522401,-122.0227716
510,FALSE,592529.6354,4133889.615,65435231,37.3470947,-121.9553091
511,FALSE,592429.1532,4134129.35,65435233,37.3492653,-121.9564135
512,FALSE,584116.4484,4131973.073,65435466,37.3306222,-122.0505018
513,FALSE,584236.9591,4131970.946,65435468,37.3305921,-122.0491419
514,FALSE,582834.1688,4131124.888,65435692,37.323093,-122.065069
515,FALSE,589796.3957,4132834.183,65435906,37.3378511,-121.9862917
516,FALSE,589793.7421,4133233.311,65435908,37.3414485,-121.9862733
517,FALSE,589807.8332,4133346.716,65435910,37.3424692,-121.9861005
518,FALSE,586469.8582,4130298.551,65436068,37.3153142,-122.0241354
519,FALSE,586473.1968,4130040.448,65436070,37.3129877,-122.0241278
520,FALSE,586476.7401,4129960.785,65436072,37.3122694,-122.0240971
521,FALSE,586478.091,4129884.029,65436073,37.3115775,-122.0240908
522,FALSE,587222.0126,4130237.481,65436084,37.3146935,-122.0156552
523,FALSE,587210.3753,4130210.387,65436089,37.3144504,-122.0157897
524,FALSE,587105.2939,4130059.858,65436091,37.3131036,-122.0169931
525,FALSE,587043.9863,4129970.157,65436095,37.3123009,-122.0176954
526,FALSE,587040.9599,4129874.215,65436096,37.3114365,-122.0177408
527,FALSE,587038.1207,4129781.56,65436097,37.3106017,-122.0177837
528,FALSE,587031.1395,4129630.355,65436099,37.3092396,-122.0178802
529,FALSE,585092.8009,4129299,65436131,37.3064327,-122.0397889
530,FALSE,585037.633,4129298.573,65436133,37.3064339,-122.0404114
531,FALSE,584944.6672,4129297.852,65436136,37.3064359,-122.0414604
532,FALSE,589204.1225,4135427.947,65436344,37.3612845,-121.9926646
533,FALSE,589231.0198,4135429.655,65436347,37.3612973,-121.9923607
534,FALSE,588075.942,4127862.491,65436544,37.2932081,-122.0063012
535,FALSE,586281.9767,4131373.223,65436589,37.3250173,-122.0261305
536,FALSE,586248.3893,4131372.822,65436592,37.3250168,-122.0265096
537,FALSE,585984.9839,4131543.458,65436648,37.3265791,-122.0294625
538,FALSE,590260.7146,4131797.281,65436683,37.328461,-121.981177
539,FALSE,590047.6593,4131841.166,65436687,37.3288772,-121.9835762
540,FALSE,589970.3531,4131849.222,65436688,37.3289573,-121.9844477
541,FALSE,589811.2794,4131854.249,65436689,37.329018,-121.9862424
542,FALSE,584888.0658,4134376.431,65436751,37.3522126,-122.0415177
543,FALSE,584899.2617,4133267.203,65436763,37.3422145,-122.0415184
544,FALSE,584910.1455,4132748.165,65436766,37.3375356,-122.041455
545,FALSE,588303.2677,4130018.634,65436978,37.312619,-122.0034804
546,FALSE,588179.3531,4130048.996,65436979,37.3129044,-122.004875
547,FALSE,590150.8304,4132306.831,65437076,37.333064,-121.9823552
548,FALSE,590201.7364,4132536.517,65437078,37.3351291,-121.9817527
549,FALSE,591674.6437,4132886.363,65437257,37.3381378,-121.9650849
550,FALSE,586618.366,4131950.837,65437289,37.3301918,-122.0222667
551,FALSE,588901.433,4130801.867,65437319,37.3196209,-121.9966371
552,FALSE,588774.2125,4130799.696,65437321,37.3196135,-121.998073
553,FALSE,585987.2956,4131671.202,65437595,37.3277302,-122.0294216
554,FALSE,586449.9714,4131488.93,65437631,37.3260445,-122.0242211
555,FALSE,582988.9624,4131272.303,65437977,37.3244078,-122.0633056
556,FALSE,588193.7624,4131944.321,65438342,37.3299848,-122.0044871
557,FALSE,588447.9695,4132065.561,65438352,37.3310533,-122.0016036
558,FALSE,588510.6802,4132183.882,65438353,37.3321137,-122.0008817
559,FALSE,588599.7938,4132379.842,65438356,37.3338713,-121.9998525
560,FALSE,588609.6072,4132402.759,65438357,37.3340769,-121.999739
561,FALSE,592230.4753,4132685.102,65438536,37.3362689,-121.9588361
562,FALSE,593387.9074,4134660.785,65438666,37.3539588,-121.9455232
563,FALSE,592970.372,4134470.51,65438676,37.3522859,-121.9502609
564,FALSE,592764.138,4134375.925,65438682,37.3514541,-121.952601
565,FALSE,592660.5573,4134327.564,65438684,37.3510286,-121.9537764
566,FALSE,583085.4215,4132548.647,65438730,37.3359025,-122.062074
567,FALSE,585511.4608,4128663.665,65438980,37.3006682,-122.0351384
568,FALSE,585520.7104,4128488.64,65438981,37.2990899,-122.0350542
569,FALSE,585521.2852,4128401.058,65438983,37.2983005,-122.0350578
570,FALSE,585518.261,4128324.79,65438986,37.2976134,-122.0351007
571,FALSE,585515.3728,4127994.56,65438987,37.2946374,-122.0351713
572,FALSE,582569.4332,4132233.733,65439063,37.3331103,-122.0679332
573,FALSE,582794.1181,4132222.106,65439070,37.3329855,-122.0653985
574,FALSE,583044.5637,4132018.079,65439074,37.3311243,-122.0625946
575,FALSE,583140.3873,4131942.96,65439081,37.3304387,-122.0615215
576,FALSE,583174.2423,4131695.047,65439089,37.3282013,-122.0611672
577,FALSE,583198.9331,4131625.835,65439090,37.3275753,-122.0608963
578,FALSE,583680.5053,4130705.232,65439225,37.3192349,-122.0555651
579,FALSE,583422.0036,4130700.266,65439236,37.3192134,-122.0584828
580,FALSE,584152.7771,4128997.739,65439340,37.3038031,-122.0504292
581,FALSE,584117.1154,4128986.729,65439343,37.3037071,-122.0508328
582,FALSE,583985.7989,4128880.394,65439345,37.3027606,-122.0523264
583,FALSE,583350.5057,4128283.375,65439356,37.297437,-122.059561
584,FALSE,584377.509,4128770.413,65439395,37.3017339,-122.0479195
585,FALSE,590167.7582,4128624.271,65439540,37.2998732,-121.9826116
586,FALSE,590547.9532,4136066.643,65440077,37.3669105,-121.9774135
587,FALSE,590520.2435,4136227.642,65440078,37.3683642,-121.9777067
588,FALSE,586562.9048,4133180.296,65440273,37.3412776,-122.0227491
589,FALSE,586559.3907,4133102.103,65440274,37.3405732,-122.0227979
590,FALSE,586558.7407,4133023.639,65440276,37.3398661,-122.0228144
591,FALSE,586562.5455,4132945.31,65440279,37.3391598,-122.0227806
592,FALSE,581901.9363,4130534.673,65440397,37.3178562,-122.0756548
593,FALSE,581897.2643,4130493.186,65440402,37.3174827,-122.0757121
594,FALSE,589919.1476,4133333.355,65441277,37.342338,-121.9848456
595,FALSE,581214.1495,4133028.925,65441691,37.3403967,-122.0831431
596,FALSE,589203.6034,4132492.309,65441707,37.3348271,-121.9930239
597,FALSE,582043.3505,4134338.065,65441777,37.3521227,-122.0736381
598,FALSE,585026.0048,4131027.685,65441874,37.3220189,-122.0403445
599,FALSE,590329.4451,4132981.014,65442005,37.3391227,-121.9802571
600,FALSE,585515.709,4129787.769,65442013,37.310799,-122.034961
601,FALSE,585271.4338,4129778.832,65442017,37.3107409,-122.0377183
602,FALSE,583389.4378,4133137.778,65442202,37.3411849,-122.0585762
603,FALSE,583883.2871,4131542.271,65442408,37.3267606,-122.0531821
604,FALSE,591758.4324,4134331.576,65442514,37.3511544,-121.9639602
605,FALSE,591671.217,4134330.752,65442517,37.3511556,-121.9649449
606,FALSE,591582.0532,4134329.898,65442519,37.3511567,-121.9659516
607,FALSE,591498.2655,4134329.102,65442522,37.3511578,-121.9668976
608,FALSE,591223.6596,4131802.15,65442657,37.3284108,-121.9703087
609,FALSE,582844.5035,4130428.742,65442803,37.3168179,-122.0650301
610,FALSE,582849.1958,4130292.149,65442806,37.3155864,-122.0649924
611,FALSE,582835.9954,4130186.945,65442808,37.3146394,-122.0651531
612,FALSE,582831.4751,4130428.902,65442826,37.3168205,-122.0651771
613,FALSE,586928.2169,4130942.467,65443015,37.3210748,-122.0188878
614,FALSE,586861.8677,4130942.876,65443018,37.3210847,-122.0196365
615,FALSE,584477.612,4132104.176,65443041,37.331771,-122.0464106
616,FALSE,584394.8571,4132100.889,65443045,37.3317489,-122.047345
617,FALSE,584301.3472,4132074.615,65443049,37.3315206,-122.0484034
618,FALSE,584168.0582,4132057.718,65443051,37.3313804,-122.0499097
619,FALSE,589140.0836,4135660.141,65443400,37.3633833,-121.9933597
620,FALSE,589141.6713,4135734.666,65443402,37.3640548,-121.9933328
621,FALSE,581906.0903,4132815.782,65443634,37.3384149,-122.075356
622,FALSE,587152.4051,4133192.519,65443727,37.3413326,-122.0160934
623,FALSE,587157.5087,4132874.384,65443729,37.3384649,-122.0160732
624,FALSE,584554.9881,4128843.779,65444080,37.302379,-122.0459088
625,FALSE,584463.6907,4128846.763,65444083,37.3024142,-122.0469385
626,FALSE,584373.8554,4128843.639,65444085,37.3023942,-122.0479524
627,FALSE,586143.2579,4127921.281,65444166,37.293919,-122.0280966
628,FALSE,589435.753,4133633.083,65444419,37.345086,-121.990266
629,FALSE,589419.516,4133544.332,65444420,37.3442877,-121.99046
630,FALSE,589402.6463,4133466.671,65444422,37.3435894,-121.9906598
631,FALSE,589387.317,4133387.417,65444424,37.3428766,-121.9908424
632,FALSE,589380.2688,4133313.289,65444426,37.3422092,-121.9909309
633,FALSE,581928.9488,4131683.443,65444679,37.3282074,-122.0752231
634,FALSE,581859.9368,4131752.147,65444689,37.3288327,-122.0759944
635,FALSE,592234.7259,4133276.788,65445142,37.341601,-121.9587145
636,FALSE,591856.8555,4133097.938,65445152,37.3400266,-121.963002
637,FALSE,591782.172,4133062.378,65445153,37.3397135,-121.9638494
638,FALSE,591707.5541,4133028.05,65445154,37.3394115,-121.9646959
639,FALSE,591631.4225,4132992.752,65445157,37.3391009,-121.9655596
640,FALSE,590042.7584,4128485.74,65445201,37.2986368,-121.9840386
641,FALSE,586535.4327,4127918.786,65445236,37.2938601,-122.0236728
642,FALSE,591789.108,4131281.949,65445649,37.3236668,-121.9639915
643,FALSE,591589.3972,4131708.479,65445656,37.3275306,-121.9661926
644,FALSE,591468.4502,4131975.851,65445661,37.3299522,-121.9675246
645,FALSE,591468.7277,4132020.182,65445662,37.3303517,-121.967516
646,FALSE,591463.4472,4132543.855,65445676,37.3350718,-121.967511
647,FALSE,591276.9127,4133155.325,65445685,37.340601,-121.9695411
648,FALSE,591369.6082,4133790.261,65445695,37.3463142,-121.9684165
649,FALSE,591345.4556,4135202.48,65445704,37.3590441,-121.968515
650,FALSE,591505.8472,4135688.843,65445714,37.3634116,-121.966644
651,FALSE,591616.589,4136372.416,65445718,37.3695613,-121.965309
652,FALSE,591585.7939,4137313.206,65445727,37.3780431,-121.9655403
653,FALSE,580275.2538,4133445.538,65445850,37.3442332,-122.0936963
654,FALSE,583339.2641,4129593.341,65446035,37.3092444,-122.0595408
655,FALSE,583278.3182,4129593.101,65446036,37.3092477,-122.0602285
656,FALSE,588593.2566,4130176.747,65446970,37.3140164,-122.0001894
657,FALSE,588548.6228,4130171.215,65446972,37.3139708,-122.0006937
658,FALSE,588349.3512,4130176.656,65446975,37.3140388,-122.0029416
659,FALSE,588311.8588,4130177.991,65446976,37.3140544,-122.0033645
660,FALSE,588283.5614,4130178.858,65446977,37.3140649,-122.0036837
661,FALSE,586253.2289,4129914.531,65447034,37.3118733,-122.0266245
662,FALSE,586198.4069,4129913.578,65447036,37.3118698,-122.0272432
663,FALSE,585193.6871,4129937.86,65447288,37.3121813,-122.0385773
664,FALSE,585570.4982,4129263.657,65447413,37.3060703,-122.0344032
665,FALSE,591964.8218,4135726.468,65447776,37.3637053,-121.961457
666,FALSE,591929.3298,4135745.351,65447778,37.363879,-121.9618554
667,FALSE,584009.6774,4128800.802,65448540,37.3020411,-122.052066
668,FALSE,581624.7441,4133555.448,65448590,37.3451061,-122.0784503
669,FALSE,586839.2949,4130439.037,65448720,37.3165459,-122.0199502
670,FALSE,586780.3667,4130390.827,65448722,37.3161169,-122.0206208
671,FALSE,586738.4058,4130331.763,65448724,37.3155885,-122.0211012
672,FALSE,583078.6561,4130958.471,65448776,37.3215713,-122.0623285
673,FALSE,585764.4417,4129508.487,65448912,37.308259,-122.0321867
674,FALSE,585587.4099,4129529.866,65448916,37.308468,-122.0341817
675,FALSE,585222.0123,4129471.75,65448922,37.3079778,-122.0383112
676,FALSE,593308.0404,4133743.464,65448966,37.3456996,-121.9465404
677,FALSE,592805.4369,4133503.817,65448976,37.3435902,-121.952244
678,FALSE,586693.9244,4131735.467,65449054,37.3282437,-122.0214391
679,FALSE,586690.0026,4131779.631,65449056,37.3286421,-122.0214782
680,FALSE,587680.7522,4130548.043,65449067,37.3174493,-122.0104421
681,FALSE,587596.0443,4130545.304,65449068,37.3174326,-122.0113983
682,FALSE,587514.3263,4130543.074,65449070,37.3174202,-122.0123207
683,FALSE,587430.0733,4130540.052,65449073,37.3174009,-122.0132718
684,FALSE,586630.5799,4127914.953,65450104,37.2938167,-122.0225999
685,FALSE,588738.3788,4135128.899,65450401,37.358634,-121.9979591
686,FALSE,586455.7711,4131625.732,65450622,37.3272769,-122.0241397
687,FALSE,586377.7489,4131624.449,65450627,37.3272726,-122.0250204
688,FALSE,589233.1444,4135196.567,65450823,37.3591964,-121.9923648
689,FALSE,582824.6872,4132799.183,65450843,37.3381838,-122.064989
690,FALSE,582986.5787,4132801.175,65450847,37.3381873,-122.0631614
691,FALSE,583136.3934,4132726.67,65450920,37.3375024,-122.0614787
692,FALSE,591559.5976,4131403.963,65451580,37.3247891,-121.9665665
693,FALSE,591391.3159,4131400.837,65451582,37.3247775,-121.968466
694,FALSE,591102.9729,4131441.123,65451584,37.3251689,-121.9717151
695,FALSE,590716.2257,4131793.528,65451646,37.3283828,-121.9760366
696,FALSE,590735.0163,4131694.88,65451664,37.3274919,-121.9758366
697,FALSE,586722.9313,4129908.286,65451724,37.3117733,-122.0213253
698,FALSE,586724.6101,4129804.349,65451727,37.3108364,-122.0213185
699,FALSE,585413.4481,4134384.277,65451889,37.3522351,-122.0355854
700,FALSE,589675.0941,4131333.933,65452170,37.3243418,-121.9878423
701,FALSE,593626.3477,4134141.756,65452733,37.3492571,-121.9428969
702,FALSE,593523.1096,4134094.587,65452735,37.3488424,-121.9440683
703,FALSE,593420.1069,4134046.855,65452737,37.3484226,-121.9452371
704,FALSE,593315.1555,4133998.216,65452740,37.3479948,-121.946428
705,FALSE,593211.9918,4133950.418,65452741,37.3475744,-121.9475986
706,FALSE,593107.5061,4133901.909,65452743,37.3471477,-121.9487842
707,FALSE,593004.9714,4133856.296,65452744,37.3467469,-121.9499474
708,FALSE,592658.0425,4133623.805,65452749,37.3446863,-121.9538928
709,FALSE,592380.8895,4133524.949,65452754,37.343823,-121.9570337
710,FALSE,592169.1199,4133502.319,65452756,37.3436401,-121.959427
711,FALSE,592025.6907,4133467.264,65452759,37.3433384,-121.9610504
712,FALSE,591931.1349,4133429.808,65452761,37.3430102,-121.9621224
713,FALSE,591829.3264,4133387.99,65452763,37.3426434,-121.9632768
714,FALSE,591743.2692,4133352.549,65452764,37.3423325,-121.9642526
715,FALSE,591527.4923,4133264.116,65452772,37.3415568,-121.9666992
716,FALSE,591142.367,4133105.004,65452779,37.3401607,-121.971066
717,FALSE,591017.5716,4133054.08,65452783,37.339714,-121.9724809
718,FALSE,590638.4676,4132900.905,65452784,37.3383706,-121.9767788
719,FALSE,590435.9985,4132845.576,65452785,37.3378917,-121.9790709
720,FALSE,589690.0607,4132832.033,65452808,37.337842,-121.9874922
721,FALSE,589209.9733,4132825.569,65452812,37.33783,-121.9929119
722,FALSE,588951.3866,4132830.283,65452813,37.3378973,-121.9958301
723,FALSE,588353.3793,4132809.734,65452818,37.3377692,-122.0025825
724,FALSE,582570.4175,4132768.765,65452835,37.3379323,-122.0678625
725,FALSE,582826.871,4132718.185,65452839,37.3374536,-122.0649734
726,FALSE,582938.923,4132723.611,65452842,37.3374925,-122.063708
727,FALSE,586640.8315,4129937.228,65452924,37.3120418,-122.0222483
728,FALSE,586726.4917,4129715.072,65452932,37.3100316,-122.0213077
729,FALSE,585033.7417,4129213.043,65453129,37.3056634,-122.0404651
730,FALSE,584946.3289,4129212.645,65453131,37.3056678,-122.0414514
731,FALSE,588391.9931,4130702.494,65453344,37.3187739,-122.0023978
732,FALSE,588341.88,4130773.92,65453346,37.3194224,-122.0029548
733,FALSE,588304.4546,4130791.844,65453348,37.3195875,-122.003375
734,FALSE,588217.78,4130781.71,65453349,37.3195044,-122.0043543
735,FALSE,587913.2959,4130782.59,65453352,37.3195412,-122.0077902
736,FALSE,588692.7945,4130836.292,65453356,37.3199511,-121.9989874
737,FALSE,588613.5659,4130834.388,65453358,37.3199415,-121.9998817
738,FALSE,588899.936,4130881.096,65453364,37.3203351,-121.9966445
739,FALSE,583242.6378,4132728.103,65453502,37.3375058,-122.0602793
740,FALSE,583710.4587,4132733.902,65453520,37.337516,-122.0549981
741,FALSE,583863.6698,4132735.891,65453525,37.3375201,-122.0532685
742,FALSE,583946.7755,4132736.27,65453527,37.337516,-122.0523304
743,FALSE,584054.8973,4132737.799,65453529,37.33752,-122.0511098
744,FALSE,584152.457,4132738.613,65453536,37.3375185,-122.0500085
745,FALSE,584496.6595,4132742.226,65453538,37.3375198,-122.0461229
746,FALSE,584660.3385,4132744.624,65453541,37.3375265,-122.0442751
747,FALSE,584759.7041,4132746.473,65453546,37.3375341,-122.0431533
748,FALSE,585057.3819,4132749.66,65453548,37.3375356,-122.0397929
749,FALSE,585325.8579,4132752.116,65453550,37.3375331,-122.0367622
750,FALSE,592858.6858,4132851.075,65453800,37.3377021,-121.9517247
751,FALSE,592749.9138,4133236.536,65453808,37.3411869,-121.9529042
752,FALSE,581184.8723,4132224.304,65453951,37.3331474,-122.0835617
753,FALSE,581444.6213,4131958.652,65454003,37.3307304,-122.0806591
754,FALSE,582117.7387,4132153.752,65454017,37.3324295,-122.0730403
755,FALSE,587979.0756,4128257.03,65454068,37.2967731,-122.0073472
756,FALSE,589962.989,4134969.004,65454234,37.357075,-121.9841521
757,FALSE,589654.6759,4134856.865,65454241,37.3560942,-121.9876466
758,FALSE,589439.9803,4134649.284,65454252,37.3542441,-121.9900956
759,FALSE,583674.0655,4131173.128,65454274,37.3234525,-122.055585
760,FALSE,583722.5418,4131434.711,65454282,37.3258057,-122.0550084
761,FALSE,592350.746,4134686.316,65454461,37.3542927,-121.9572292
762,FALSE,583949.5172,4132510.67,65454492,37.3354825,-122.052325
763,FALSE,583948.2021,4132433.344,65454493,37.3347857,-122.0523486
764,FALSE,586849.7189,4130895.883,65455069,37.3206623,-122.0197791
765,FALSE,585997.8157,4129179.768,65455220,37.3052748,-122.0295916
766,FALSE,590493.4842,4136042.474,65455362,37.366698,-121.9780315
767,FALSE,590718.8785,4133860.571,65456066,37.3470117,-121.9757537
768,FALSE,590126.8137,4131338.862,65456730,37.3243425,-121.9827439
769,FALSE,590125.7602,4131416.964,65456731,37.3250465,-121.9827463
770,FALSE,590151.1028,4131494.285,65456732,37.3257409,-121.9824509
771,FALSE,590189.4397,4131562.937,65456736,37.3263559,-121.9820099
772,FALSE,590216.2558,4131647.32,65456738,37.3271138,-121.981697
773,FALSE,590238.4786,4131723.754,65456743,37.3278005,-121.9814369
774,FALSE,590283.8721,4131967.694,65456747,37.3299946,-121.9808949
775,FALSE,590288.0058,4132166.84,65456751,37.331789,-121.980824
776,FALSE,590291.5544,4132246.901,65456753,37.3325102,-121.9807742
777,FALSE,590363.0856,4132539.501,65456754,37.3351403,-121.9799312
778,FALSE,590417.137,4132760.279,65456759,37.3371248,-121.9792942
779,FALSE,584317.502,4131973.188,65456820,37.330605,-122.0482326
780,FALSE,583962.4302,4132971.962,65457006,37.3396388,-122.052127
781,FALSE,590208.6587,4135714.623,65457051,37.363771,-121.9812876
782,FALSE,589775.7609,4135528.624,65457055,37.3621367,-121.9861981
783,FALSE,589747.8938,4135516.641,65457062,37.3620314,-121.9865142
784,FALSE,589571.5583,4135494.323,65457064,37.3618473,-121.9885079
785,FALSE,589295.9672,4135491.73,65457073,37.3618505,-121.9916199
786,FALSE,589201.2592,4135500.405,65457083,37.3619378,-121.9926882
787,FALSE,588344.5414,4133086.255,65457105,37.3402622,-122.0026493
788,FALSE,591455.7817,4133017.394,65457231,37.3393403,-121.9675391
789,FALSE,591478.4827,4132957.126,65457233,37.3387949,-121.9672903
790,FALSE,589581.9089,4131790.365,65457534,37.3284644,-121.9888388
791,FALSE,589594.5657,4134203.304,65457697,37.3502098,-121.9884043
792,FALSE,588699.5343,4133032.158,65458199,37.3397408,-121.9986487
793,FALSE,588687.3605,4132953.716,65458202,37.339035,-121.9987955
794,FALSE,588346.8661,4133153.031,65458365,37.3408638,-122.0026151
795,FALSE,588351.7411,4132896.917,65458367,37.3385551,-122.0025906
796,FALSE,588228.7681,4129354.178,65458391,37.3066376,-122.0044
797,FALSE,587845.1514,4137112.484,65458735,37.3765961,-122.0078087
798,FALSE,588330.8565,4129708.537,65458913,37.3098216,-122.003206
799,FALSE,594138.6784,4132766.869,65458964,37.3368143,-121.9372879
800,FALSE,585224.6789,4129161.725,65459047,37.3051834,-122.0383167
801,FALSE,585302.0513,4129081.083,65459050,37.3044495,-122.037453
802,FALSE,585397.8035,4128938.25,65459052,37.3031534,-122.0363891
803,FALSE,587044.3503,4132301.017,65459063,37.333308,-122.0174178
804,FALSE,587128.6377,4132301.584,65459065,37.3333052,-122.0164664
805,FALSE,583646.8544,4132840.559,65459238,37.338483,-122.055704
806,FALSE,585551.5431,4128488.245,65459389,37.2990835,-122.0347064
807,FALSE,587331.6477,4129995.098,65459462,37.3124987,-122.0144466
808,FALSE,587287.5115,4129996.957,65459465,37.3125196,-122.0149444
809,FALSE,583625.2207,4131247.069,65459614,37.3241233,-122.0561279
810,FALSE,583624.004,4131339.592,65459617,37.3249573,-122.0561312
811,FALSE,583621.9127,4131430.088,65459618,37.3257731,-122.0561446
812,FALSE,583620.7884,4131520.46,65459620,37.3265877,-122.0561471
813,FALSE,583620.6349,4131612.096,65459621,37.3274136,-122.0561385
814,FALSE,583534.2205,4131736.179,65459622,37.3285397,-122.0570998
815,FALSE,593323.3629,4134252.647,65460286,37.350287,-121.9463033
816,FALSE,593085.5141,4134769.848,65460298,37.3549721,-121.9489234
817,FALSE,592274.1055,4135536.62,65460317,37.3619636,-121.9579885
818,FALSE,592192.6376,4135536.964,65460320,37.3619748,-121.9589083
819,FALSE,593561.5505,4133739.372,65460329,37.3456372,-121.9436792
820,FALSE,590894.9916,4132363.525,65460541,37.3335024,-121.9739492
821,FALSE,585634.1747,4129012.673,65460651,37.3038024,-122.0337137
822,FALSE,585504.0475,4129079.98,65460654,37.304421,-122.0351741
823,FALSE,585346.3732,4129244.96,65460655,37.3059224,-122.0369341
824,FALSE,585289.4912,4129304.03,65460659,37.30646,-122.0375691
825,FALSE,590807.8985,4132598.585,65460845,37.3356294,-121.9749034
826,FALSE,582666.0373,4130289.573,65460872,37.3155795,-122.0670595
827,FALSE,582669.0881,4130083.762,65460874,37.3137243,-122.067048
828,FALSE,582328.0303,4134335.637,65461036,37.3520756,-122.0704244
829,FALSE,584886.0669,4137666.259,65461271,37.3818627,-122.041163
830,FALSE,585194.2476,4130644.97,65461347,37.3185542,-122.0384898
831,FALSE,585199.356,4130553.983,65461350,37.3177337,-122.0384426
832,FALSE,585202.186,4130317.656,65461352,37.3156035,-122.0384378
833,FALSE,585248.4272,4130942.648,65461355,37.3212321,-122.0378442
834,FALSE,594895.4878,4134764.283,65461617,37.3547386,-121.92849
835,FALSE,589581.3735,4127971.717,65461720,37.2940487,-121.9893057
836,FALSE,584103.089,4135759.336,65462205,37.3647477,-122.0502228
837,FALSE,590232.2688,4132947.166,65462471,37.3388271,-121.9813581
838,FALSE,591230.6232,4132437.846,65462659,37.3341393,-121.9701519
839,FALSE,591158.5737,4132585.089,65462660,37.3354734,-121.970947
840,FALSE,588615.8096,4130730.402,65463306,37.3190041,-121.9998688
841,FALSE,588538.3407,4130727.918,65463308,37.3189891,-122.0007433
842,FALSE,588387.0945,4130504.197,65463316,37.3169872,-122.0024767
843,FALSE,585997.2539,4129100.673,65463462,37.304562,-122.0296071
844,FALSE,585769.5081,4129096.752,65463464,37.3045477,-122.0321771
845,FALSE,590627.211,4129822.179,65463823,37.3106247,-121.977282
846,FALSE,583420.8261,4131000.763,65463992,37.3219218,-122.0584623
847,FALSE,583422.2526,4130901.174,65463999,37.3210241,-122.0584574
848,FALSE,583424.3198,4130801.313,65464005,37.3201239,-122.0584453
849,FALSE,583423.5507,4130599.236,65464010,37.3183027,-122.0584767
850,FALSE,583426.2589,4130502.633,65464016,37.3174318,-122.058457
851,FALSE,583426.1391,4130399.034,65464026,37.3164981,-122.05847
852,FALSE,583428.3895,4130293.228,65464040,37.3155443,-122.0584565
853,FALSE,585433.2685,4128662.468,65464171,37.3006646,-122.0360207
854,FALSE,585433.1771,4128578.419,65464174,37.2999071,-122.0360314
855,FALSE,585437.7733,4128500.587,65464175,37.2992052,-122.0359885
856,FALSE,585442.5354,4128329.122,65464177,37.2976594,-122.0359545
857,FALSE,585427.6201,4128239.274,65464178,37.296851,-122.0361331
858,FALSE,585428.065,4128156.506,65464179,37.296105,-122.0361376
859,FALSE,585428.9663,4128075.053,65464180,37.2953708,-122.0361368
860,FALSE,585430.1111,4127994.922,65464182,37.2946485,-122.0361331
861,FALSE,583676.2513,4131004.977,65464251,37.3219368,-122.0555793
862,FALSE,583485.3587,4131001.972,65464270,37.3219269,-122.0577339
863,FALSE,589737.9444,4134232.769,65464277,37.3504615,-121.9867821
864,FALSE,589661.1015,4134226.142,65464279,37.3504092,-121.9876504
865,FALSE,589513.2826,4134177.002,65464280,37.3499806,-121.9893251
866,FALSE,589169.1022,4134079.101,65464283,37.3491314,-121.9932224
867,FALSE,583872.4588,4130977.193,65464289,37.3216687,-122.0533682
868,FALSE,583773.505,4130976.391,65464291,37.3216704,-122.054485
869,FALSE,591387.4929,4135905.559,65464386,37.3653764,-121.9679536
870,FALSE,587671.2994,4131036.095,65464881,37.3218488,-122.0104911
871,FALSE,587681.5339,4130486.083,65464887,37.3168908,-122.0104406
872,FALSE,587682.9182,4130408.894,65464889,37.316195,-122.0104341
873,FALSE,587123.0476,4132604.49,65465009,37.3360357,-122.0164939
874,FALSE,587039.8888,4132534.888,65465013,37.3354162,-122.0174407
875,FALSE,582686.1444,4132797.613,65465344,37.338182,-122.066553
876,FALSE,586363.1038,4130532.519,65465350,37.3174328,-122.0253128
877,FALSE,586363.808,4130459.939,65465352,37.3167786,-122.0253133
878,FALSE,590700.9164,4135754.779,65465703,37.3640849,-121.9757245
879,FALSE,593298.6694,4133491.55,65465732,37.3434302,-121.9466779
880,FALSE,593248.9032,4133596.162,65465735,37.344378,-121.9472265
881,FALSE,593011.6451,4134110.92,65465737,37.349041,-121.9498401
882,FALSE,592963.7133,4134212.901,65465740,37.3499649,-121.9503684
883,FALSE,592915.4266,4134320.627,65465745,37.3509406,-121.9509
884,FALSE,590829.9369,4136185.909,65466061,37.3679578,-121.9742148
885,FALSE,590739.0314,4136147.473,65466063,37.3676203,-121.975246
886,FALSE,590644.9602,4136106.896,65466068,37.3672638,-121.9763132
887,FALSE,590420.8566,4136011.242,65466070,37.3664236,-121.9788554
888,FALSE,590349.3085,4135980.054,65466072,37.3661495,-121.9796671
889,FALSE,590274.7844,4135948.015,65466074,37.365868,-121.9805125
890,FALSE,590203.7061,4135918.332,65466076,37.3656074,-121.9813187
891,FALSE,590129.6925,4135885.677,65466078,37.3653203,-121.9821584
892,FALSE,588190.9636,4129222.331,65466336,37.3054529,-122.0048422
893,FALSE,586944.2635,4132109.621,65466355,37.3315924,-122.0185699
894,FALSE,586945.983,4132066.921,65466358,37.3312074,-122.0185555
895,FALSE,590201.2055,4131975.002,65466363,37.3300685,-121.981827
896,FALSE,584252.8434,4129725.629,65466372,37.3103543,-122.0492176
897,FALSE,584240.7856,4129756.064,65466375,37.3106297,-122.0493502
898,FALSE,581774.7079,4138968.714,65466948,37.393881,-122.0761593
899,FALSE,581724.5921,4138863.881,65466957,37.3929406,-122.076737
900,FALSE,581243.8683,4133100.38,65466981,37.3410381,-122.0827998
901,FALSE,581173.7765,4132968.041,65466985,37.3398515,-122.0836055
902,FALSE,580954.7544,4132981.02,65466991,37.3399876,-122.0860764
903,FALSE,581179.602,4133317.192,65467010,37.3429978,-122.0835015
904,FALSE,584863.5092,4130181.227,65467025,37.3144049,-122.0422751
905,FALSE,584817.0237,4130106.361,65467032,37.3137344,-122.0428082
906,FALSE,585600.9815,4127856.075,65467210,37.2933814,-122.0342215
907,FALSE,585585.8348,4127912.219,65467213,37.2938888,-122.0343859
908,FALSE,588727.3441,4134804.1,65467219,37.3557078,-121.9981226
909,FALSE,588709.2617,4136039.847,65467409,37.3668467,-121.9981787
910,FALSE,588901.3943,4136047.27,65467411,37.3668952,-121.9960083
911,FALSE,588710.8025,4136164.191,65467420,37.3679672,-121.9981464
912,FALSE,587104.2375,4131566.003,65467936,37.326678,-122.0168282
913,FALSE,587098.7816,4131888.495,65467938,37.329585,-122.0168519
914,FALSE,592912.8325,4133230.299,65468048,37.3411144,-121.951066
915,FALSE,584665.9143,4132191.758,65468064,37.3325432,-122.0442753
916,FALSE,584665.0297,4132291.453,65468065,37.3334418,-122.0442739
917,FALSE,582273.2289,4139132.144,65468499,37.3953098,-122.0705098
918,FALSE,582187.2698,4138956.898,65468503,37.393738,-122.0715003
919,FALSE,591648.1712,4132952.714,65468544,37.3387384,-121.9653755
920,FALSE,585361.9474,4128498.394,65468696,37.2991924,-122.0368442
921,FALSE,585362.291,4128414.205,65468700,37.2984336,-122.03685
922,FALSE,585362.7414,4128330.838,65468702,37.2976822,-122.0368545
923,FALSE,585347.0098,4128246.208,65468703,37.2969209,-122.0370417
924,FALSE,590560.8869,4135539.012,65468752,37.362154,-121.977332
925,FALSE,590349.3513,4134799.221,65469129,37.3555073,-121.9798107
926,FALSE,592623.0758,4133304.657,65469156,37.3418135,-121.9543274
927,FALSE,592407.6306,4132961.433,65469159,37.3387417,-121.9568021
928,FALSE,592269.7275,4132743.432,65469161,37.3367907,-121.9583858
929,FALSE,592132.2317,4132538.465,65469162,37.3349571,-121.9599632
930,FALSE,591962.1723,4132279.106,65469164,37.3326365,-121.9619148
931,FALSE,591880.9102,4132151.3,65469166,37.3314927,-121.9628478
932,FALSE,591766.9156,4131980.628,65469169,37.3299658,-121.9641555
933,FALSE,591053.2187,4130883.81,65469179,37.320151,-121.972345
934,FALSE,590744.5147,4130408.07,65469194,37.3158936,-121.9758868
935,FALSE,590675.192,4130236.523,65469195,37.3143543,-121.97669
936,FALSE,590628.4495,4129991.934,65469200,37.3121545,-121.9772473
937,FALSE,590628.3344,4129910.025,65469202,37.3114163,-121.9772586
938,FALSE,590623.0649,4129733.568,65469205,37.3098265,-121.9773396
939,FALSE,590601.7606,4129546.587,65469206,37.3081434,-121.9776028
940,FALSE,590583.0477,4129444.426,65469207,37.3072245,-121.9778264
941,FALSE,590577.3409,4129418.922,65469209,37.3069952,-121.9778939
942,FALSE,590556.8221,4129342.739,65469211,37.3063106,-121.9781347
943,FALSE,590524.652,4129238.27,65469214,37.3053722,-121.9785104
944,FALSE,590504.2429,4129182.194,65469218,37.3048688,-121.9787475
945,FALSE,590486.6822,4129137.277,65469219,37.3044657,-121.9789511
946,FALSE,590439.5495,4129035.199,65469221,37.3035503,-121.9794953
947,FALSE,590255.5481,4128736.872,65469223,37.3008795,-121.9816075
948,FALSE,590145.044,4128599.172,65469224,37.2996492,-121.9828709
949,FALSE,589902.5495,4128329.295,65469233,37.2972404,-121.9856393
950,FALSE,589871.0927,4128294.362,65469235,37.2969286,-121.9859984
951,FALSE,589679.4914,4128081.481,65469240,37.2950285,-121.9881856
952,FALSE,589332.4555,4127693.934,65469243,37.2915691,-121.9921471
953,FALSE,591190.7718,4135699.825,65469682,37.3635416,-121.9702002
954,FALSE,591190.3112,4135772.087,65469702,37.3641929,-121.9701965
955,FALSE,584278.6759,4133023.606,65469741,37.3400756,-122.0485514
956,FALSE,587336.1586,4131023.183,65469870,37.321764,-122.0142747
957,FALSE,587235.8181,4131004.872,65469872,37.3216084,-122.0154092
958,FALSE,587035.0935,4130636.452,65469876,37.3183068,-122.0177176
959,FALSE,587329.4447,4129921.656,65469892,37.311837,-122.0144801
960,FALSE,590515.2183,4137043.14,65470220,37.3757143,-121.9776637
961,FALSE,590499.1987,4137057.923,65470221,37.3758491,-121.9778428
962,FALSE,589650.877,4137243.01,65470230,37.3775996,-121.9874005
963,FALSE,589601.473,4137243.29,65470243,37.3776069,-121.9879584
964,FALSE,587388.0656,4137334.964,65470267,37.3786444,-122.0129444
965,FALSE,581303.9975,4133338.783,65470427,37.3431815,-122.0820949
966,FALSE,583355.5347,4131260.878,65470448,37.324272,-122.0591699
967,FALSE,589817.6632,4134212.443,65470463,37.3502706,-121.9858846
968,FALSE,587142.1604,4137004.23,65470600,37.3756868,-122.0157605
969,FALSE,584935.779,4130059.821,65471109,37.3133041,-122.0414735
970,FALSE,584891.0024,4130059.411,65471112,37.3133045,-122.0419788
971,FALSE,590544.6038,4134446.691,65471383,37.3523111,-121.9776494
972,FALSE,590544.467,4134541.957,65471386,37.3531697,-121.9776393
973,FALSE,590543.6736,4134586.598,65471387,37.3535721,-121.9776428
974,FALSE,590543.3252,4134599.144,65471389,37.3536852,-121.9776452
975,FALSE,590540.5917,4134714.166,65471390,37.3547221,-121.977662
976,FALSE,590537.2482,4134760.366,65471394,37.3551388,-121.9776941
977,FALSE,590533.5292,4134832.259,65471397,37.3557871,-121.9777273
978,FALSE,590528.9002,4134987.383,65471399,37.3571856,-121.9777606
979,FALSE,590558.7418,4135119.713,65471401,37.3583753,-121.9774075
980,FALSE,590686.0196,4135384.961,65471403,37.3607534,-121.975938
981,FALSE,590717.4077,4135658.424,65471404,37.3632149,-121.9755501
982,FALSE,590684.2065,4135862.338,65471407,37.3650559,-121.9759
983,FALSE,590563.0958,4136621.685,65471413,37.3719113,-121.9771746
984,FALSE,590517.2453,4136869.091,65471414,37.3741455,-121.9776621
985,FALSE,585300.6454,4137496.303,65471451,37.3802929,-122.0365003
986,FALSE,589673.705,4130395.491,65471667,37.3158842,-121.9879714
987,FALSE,583479.7479,4131338.042,65471826,37.3249563,-122.0577594
988,FALSE,585707.3347,4133024.494,65471827,37.3399528,-122.0324248
989,FALSE,585604.3278,4133022.973,65471832,37.3399486,-122.0335877
990,FALSE,584090.0776,4134764.468,65472058,37.3557825,-122.0504827
991,FALSE,588109.3207,4132595.078,65472755,37.3358578,-122.0053628
992,FALSE,588217.0425,4130345.345,65472805,37.3155717,-122.0044145
993,FALSE,588095.3263,4129965.86,65472806,37.3121631,-122.005833
994,FALSE,585274.8177,4130684.081,65472861,37.3188993,-122.0375761
995,FALSE,585275.8703,4130645.989,65472865,37.3185559,-122.0375686
996,FALSE,585278.8896,4130399.112,65472867,37.3163306,-122.0375629
997,FALSE,585280.1954,4130318.75,65472870,37.3156062,-122.0375574
998,FALSE,588165.055,4129963.431,65472894,37.3121346,-122.0050465
999,FALSE,586996.3972,4129870.146,65473328,37.311404,-122.0182441
1000,FALSE,589731.3935,4134575.823,65473381,37.3535539,-121.9868145
1001,FALSE,589737.8608,4131119.472,65473531,37.3224029,-121.9871599
1002,FALSE,590881.4795,4134681.836,65473732,37.3543974,-121.9738174
1003,FALSE,589741.3037,4132582.574,65473789,37.3355888,-121.986944
1004,FALSE,586122.2407,4132907.613,65473831,37.338861,-122.027755
1005,FALSE,588843.0357,4129850.386,65474068,37.3110512,-121.99741
1006,FALSE,588919.2807,4129849.542,65474072,37.3110363,-121.9965498
1007,FALSE,586446.0812,4132031.163,65474590,37.3309318,-122.0242018
1008,FALSE,586445.1094,4132088.362,65474592,37.3314474,-122.0242061
1009,FALSE,587989.0022,4128398.98,65474725,37.2980515,-122.0072184
1010,FALSE,586871.6084,4134386.881,65474828,37.3521232,-122.019123
1011,FALSE,589912.3434,4132165.092,65474917,37.3318097,-121.9850641
1012,FALSE,589818.4974,4132181.505,65474919,37.3319667,-121.9861213
1013,FALSE,585547.067,4128849.367,65474945,37.3023386,-122.0347153
1014,FALSE,585487.0292,4128845.537,65474947,37.3023096,-122.0353931
1015,FALSE,585778.8173,4128771.861,65474952,37.3016187,-122.0321096
1016,FALSE,591043.8467,4132141.386,65475388,37.3314858,-121.9722964
1017,FALSE,592072.3506,4134044.304,65475644,37.3485343,-121.960452
1018,FALSE,590630.2744,4131679.266,65476369,37.3273614,-121.9770206
1019,FALSE,590271.6415,4134935.759,65476471,37.3567454,-121.9806714
1020,FALSE,590270.7531,4135030.351,65476473,37.357598,-121.9806699
1021,FALSE,590242.672,4135232.579,65476479,37.3594233,-121.9809623
1022,FALSE,590093.4668,4135578.678,65476483,37.362557,-121.9826048
1023,FALSE,590389.1807,4130407.278,65476491,37.3159211,-121.9798965
1024,FALSE,592797.4513,4131991.89,65476530,37.3299649,-121.9525234
1025,FALSE,586692.8031,4131947.236,65476824,37.3301524,-122.021427
1026,FALSE,586691.5302,4132065.846,65476827,37.3312215,-122.0214275
1027,FALSE,586690.9031,4132095.598,65476831,37.3314897,-122.0214311
1028,FALSE,584337.9175,4128293.799,65477091,37.2974419,-122.0484203
1029,FALSE,582044.8222,4130534.508,65480067,37.3178421,-122.0740424
1030,FALSE,591369.6618,4132503.64,65480124,37.3347186,-121.9685745
1031,FALSE,591295.5304,4132651.503,65480144,37.3360585,-121.969393
1032,FALSE,591152.7731,4132941.066,65480146,37.3386822,-121.9709687
1033,FALSE,584251.9053,4131889.178,65480612,37.3298538,-122.0489825
1034,FALSE,584392.9334,4131890.987,65480613,37.3298573,-122.0473906
1035,FALSE,584475.4931,4131891.876,65480615,37.3298578,-122.0464587
1036,FALSE,583760.1404,4129373.744,65480682,37.3072274,-122.0548167
1037,FALSE,583760.9229,4129312.328,65480684,37.3066738,-122.0548148
1038,FALSE,585044.0097,4128658.153,65480733,37.3006614,-122.0404128
1039,FALSE,585045.5693,4128574.365,65480735,37.2999061,-122.0404048
1040,FALSE,585047.0944,4128494.837,65480738,37.2991892,-122.0403967
1041,FALSE,585046.5786,4128451.338,65480742,37.2987972,-122.0404075
1042,FALSE,585056.3567,4128323.728,65480748,37.2976462,-122.0403118
1043,FALSE,585060.4229,4128237.514,65480751,37.2968688,-122.0402758
1044,FALSE,585087.1899,4128155.724,65480754,37.2961292,-122.0399832
1045,FALSE,589465.9767,4131776.321,65481174,37.328349,-121.9901489
1046,FALSE,589493.2938,4131752.291,65481175,37.3281298,-121.9898435
1047,FALSE,583088.2045,4129979.152,65481330,37.3127441,-122.0623304
1048,FALSE,586548.102,4130710.859,65481364,37.3190229,-122.0232044
1049,FALSE,586647.0408,4130725.497,65481365,37.3191456,-122.0220862
1050,FALSE,591857.8587,4133794.809,65481384,37.346307,-121.9629043
1051,FALSE,587653.236,4130404.145,65481748,37.316155,-122.0107696
1052,FALSE,587511.486,4130198.371,65481754,37.3143138,-122.0123934
1053,FALSE,589624.8141,4136150.097,65482081,37.3677523,-121.9878272
1054,FALSE,589475.6914,4136149.021,65482083,37.367757,-121.9895112
1055,FALSE,589394.4982,4136146.71,65482085,37.367744,-121.9904283
1056,FALSE,587338.7353,4130939.272,65482310,37.3210075,-122.0142555
1057,FALSE,587345.5381,4130879.227,65482312,37.3204657,-122.0141858
1058,FALSE,587403.1428,4130686.865,65482321,37.3187266,-122.0135584
1059,FALSE,587426.5306,4130413.381,65482323,37.3162596,-122.0133267
1060,FALSE,587431.6144,4130313.508,65482325,37.315359,-122.0132811
1061,FALSE,587427.9706,4130191.418,65482326,37.314259,-122.0133366
1062,FALSE,587425.1274,4130088.555,65482327,37.3133322,-122.0133808
1063,FALSE,587384.4474,4129659.798,65482328,37.3094718,-122.0138903
1064,FALSE,587339.8007,4129483.501,65482331,37.3078871,-122.0144148
1065,FALSE,587311.5245,4129378.397,65482333,37.3069425,-122.0147462
1066,FALSE,587284.9757,4129174.64,65482334,37.3051086,-122.0150697
1067,FALSE,587285.4318,4129098.54,65482336,37.3044227,-122.0150735
1068,FALSE,587287.7386,4129014.094,65482338,37.3036614,-122.0150574
1069,FALSE,587295.7996,4128583.249,65482345,37.2997776,-122.0150171
1070,FALSE,587299.2222,4128359.388,65482349,37.2977597,-122.0150048
1071,FALSE,587301.352,4128245.992,65482351,37.2967375,-122.0149941
1072,FALSE,587304.7947,4128065.293,65482352,37.2951086,-122.0149765
1073,FALSE,587306.1913,4127986.54,65482354,37.2943987,-122.01497
1074,FALSE,587307.0437,4127888.554,65482356,37.2935155,-122.0149719
1075,FALSE,587338.0868,4130194.32,65483209,37.3142936,-122.0143505
1076,FALSE,587263.6937,4130196.418,65483212,37.3143195,-122.0151897
1077,FALSE,587954.7156,4127965.749,65483280,37.2941502,-122.0076565
1078,FALSE,584405.7665,4129554.135,65483624,37.3087948,-122.0475116
1079,FALSE,589948.7782,4135053.334,65483806,37.3578364,-121.9843023
1080,FALSE,590946.2618,4131613.611,65483843,37.3267388,-121.9734625
1081,FALSE,590828.7498,4131611.148,65483846,37.3267281,-121.974789
1082,FALSE,590721.3639,4131602.316,65483849,37.326659,-121.976002
1083,FALSE,590453.4219,4131614.606,65483850,37.3267959,-121.9790244
1084,FALSE,590356.9377,4131629.287,65483853,37.3269376,-121.9801115
1085,FALSE,590276.515,4131635.254,65483855,37.3269992,-121.9810184
1086,FALSE,589772.315,4131676.245,65483864,37.3274175,-121.9867037
1087,FALSE,589515.5655,4131673.118,65483869,37.3274141,-121.9896017
1088,FALSE,589426.8774,4131672.425,65483875,37.3274164,-121.9906027
1089,FALSE,589032.4273,4131456.582,65483883,37.325509,-121.9950803
1090,FALSE,589022.6205,4131372.217,65483886,37.3247496,-121.9952011
1091,FALSE,589023.725,4131330.01,65483888,37.3243691,-121.9951937
1092,FALSE,584476.0812,4132192.636,65484531,37.3325684,-122.0464178
1093,FALSE,584398.6089,4132185.707,65484533,37.332513,-122.047293
1094,FALSE,584320.7852,4132167.925,65484536,37.3323598,-122.0481734
1095,FALSE,584242.1473,4132146.495,65484539,37.3321738,-122.0490634
1096,FALSE,584166.7771,4132145.459,65484540,37.3321713,-122.0499142
1097,FALSE,589411.2495,4134827.096,65484563,37.3558494,-121.9903985
1098,FALSE,589358.3401,4134882.22,65484565,37.3563513,-121.9909892
1099,FALSE,589308.8508,4134937.292,65484567,37.3568524,-121.9915413
1100,FALSE,589254.6413,4134994.023,65484570,37.3573689,-121.9921465
1101,FALSE,588926.5574,4135020.385,65484576,37.357638,-121.9958475
1102,FALSE,588926.8546,4133256.229,65484939,37.3417385,-121.9960559
1103,FALSE,586491.8585,4132624.694,65485040,37.3362768,-122.0236159
1104,FALSE,586517.9866,4132627.993,65485041,37.3363041,-122.0233206
1105,FALSE,583447.2339,4129236.966,65485414,37.3060228,-122.0583626
1106,FALSE,583442.1324,4129192.123,65485415,37.3056191,-122.0584252
1107,FALSE,583446.0488,4129134.388,65485416,37.3050984,-122.0583875
1108,FALSE,584048.4553,4131297.165,65485987,37.3245366,-122.0513458
1109,FALSE,584043.7903,4131496.159,65485992,37.3263305,-122.0513759
1110,FALSE,587224.4051,4130081.802,65487187,37.3132902,-122.0156465
1111,FALSE,591907.4858,4132757.621,65487229,37.3369545,-121.9624727
1112,FALSE,591722.9721,4133205.585,65487233,37.34101,-121.9644999
1113,FALSE,591415.2829,4131812.396,65487366,37.3284843,-121.9681448
1114,FALSE,591437.7567,4131718.816,65487380,37.3276387,-121.9679027
1115,FALSE,583339.1419,4131865.172,65487420,37.3297198,-122.059287
1116,FALSE,583251.039,4131966.395,65487422,37.33064,-122.06027
1117,FALSE,586454.3087,4129638.894,65487436,37.3093704,-122.0243877
1118,FALSE,589375.9886,4132768.544,65487737,37.3373001,-121.9910449
1119,FALSE,585976.9838,4133168.041,65488338,37.3412216,-122.0293644
1120,FALSE,585968.6512,4133092.672,65488341,37.3405431,-122.0294672
1121,FALSE,585950.3227,4133010.665,65488343,37.3398057,-122.0296836
1122,FALSE,585944.2039,4132930.182,65488346,37.3390809,-122.029762
1123,FALSE,584396.8501,4132264.345,65488460,37.3332219,-122.0473039
1124,FALSE,582178.6887,4130638.919,65488470,37.3187713,-122.0725202
1125,FALSE,582055.7011,4130663.232,65488472,37.3190013,-122.0739054
1126,FALSE,593224.2601,4132844.643,65488626,37.3376075,-121.9475992
1127,FALSE,585354.9016,4130647.383,65488729,37.3185612,-122.0366766
1128,FALSE,585358.0859,4130400.197,65488733,37.3163331,-122.0366691
1129,FALSE,588819.7289,4131948.544,65488975,37.3299632,-121.9974218
1130,FALSE,588737.1693,4131945.904,65488976,37.3299473,-121.9983539
1131,FALSE,590091.4788,4136858.265,65489063,37.3740894,-121.9824715
1132,FALSE,590175.0081,4135790.621,65489180,37.3644592,-121.9816583
1133,FALSE,589742.2486,4135606.068,65489185,37.3628379,-121.9865671
1134,FALSE,583876.654,4130709.68,65489753,37.3192573,-122.0533511
1135,FALSE,583776.3454,4130710.229,65489759,37.3192713,-122.054483
1136,FALSE,583677.8345,4130905.966,65489883,37.3210443,-122.0555726
1137,FALSE,584566.3215,4137796.13,65490074,37.3830624,-122.0447594
1138,FALSE,584664.4683,4128686.919,65490310,37.3009553,-122.0446915
1139,FALSE,583940.8948,4132847.354,65490843,37.3385177,-122.0523842
1140,FALSE,594599.907,4133621.75,65490879,37.3444719,-121.9319729
1141,FALSE,594644.1679,4133756.245,65490881,37.3456795,-121.9314561
1142,FALSE,588792.3921,4129953.471,65490893,37.3119851,-121.9979691
1143,FALSE,588912.2923,4129996.917,65490896,37.3123652,-121.996611
1144,FALSE,590165.2712,4135609.499,65491147,37.3628278,-121.9817903
1145,FALSE,582880.201,4131905.318,65491298,37.3301227,-122.0644623
1146,FALSE,589704.8228,4132478.937,65491545,37.3346583,-121.9873683
1147,FALSE,586937.6043,4132693.457,65491849,37.3368549,-122.0185766
1148,FALSE,586978.7679,4132680.448,65491852,37.3367338,-122.0181135
1149,FALSE,587122.6658,4132682,65491853,37.3367343,-122.0164891
1150,FALSE,589790.3358,4132463.466,65491953,37.3345106,-121.986405
1151,FALSE,586277.9502,4133172.282,65492020,37.3412319,-122.0259666
1152,FALSE,586283.0851,4132914.03,65492023,37.3389039,-122.0259387
1153,FALSE,581933.8962,4134340.01,65492202,37.3521499,-122.0748736
1154,FALSE,585822.8238,4137345.347,65492286,37.3788842,-122.0306204
1155,FALSE,585865.8969,4137510.315,65492288,37.380367,-122.0301148
1156,FALSE,591505.3844,4134032.235,65492326,37.3484816,-121.9668539
1157,FALSE,580762.0418,4134122.803,65492529,37.350295,-122.0881273
1158,FALSE,586321.4401,4129022.955,65492565,37.3038315,-122.0259585
1159,FALSE,585999.4693,4129018.689,65492567,37.3038229,-122.0295916
1160,FALSE,585147.8698,4133106.747,65492579,37.3407456,-122.0387305
1161,FALSE,585144.983,4133020.439,65492582,37.339968,-122.038773
1162,FALSE,592790.2727,4134868.127,65492862,37.3558874,-121.9522443
1163,FALSE,592464.9025,4134890.631,65492871,37.3561227,-121.9559149
1164,FALSE,592338.282,4134897.398,65492882,37.3561963,-121.9573436
1165,FALSE,592142.9653,4134847.765,65492888,37.3557684,-121.9595549
1166,FALSE,591745.4771,4134844.703,65492917,37.3557802,-121.9640429
1167,FALSE,591663.3338,4134843.858,65492923,37.3557807,-121.9649704
1168,FALSE,590443.2815,4134832.237,65492952,37.3557957,-121.9787462
1169,FALSE,589997.0831,4134662.618,65492957,37.3543104,-121.9838044
1170,FALSE,589965.9284,4134662.038,65492960,37.3543082,-121.9841562
1171,FALSE,589736.5486,4134656.722,65492963,37.3542825,-121.9867465
1172,FALSE,589658.3523,4134655.24,65492965,37.3542767,-121.9876295
1173,FALSE,589576.3504,4134652.652,65492967,37.3542613,-121.9885556
1174,FALSE,589363.6331,4134648.013,65492969,37.35424,-121.9909577
1175,FALSE,589286.0814,4134647.551,65492972,37.3542433,-121.9918333
1176,FALSE,589209.8606,4134646.049,65492974,37.3542371,-121.992694
1177,FALSE,589196.2652,4134645.139,65492975,37.3542302,-121.9928476
1178,FALSE,588933.7674,4134638.936,65492976,37.3541995,-121.9958119
1179,FALSE,586222.5994,4131953.896,65493116,37.3302562,-122.0267331
1180,FALSE,586151.2195,4131317.853,65493128,37.3245304,-122.0276126
1181,FALSE,586149.9733,4131389.007,65493132,37.3251718,-122.0276184
1182,FALSE,592877.4623,4134674.629,65493370,37.3541348,-121.9512842
1183,FALSE,592979.907,4134720.306,65493374,37.3545362,-121.9501219
1184,FALSE,593303.6978,4134869.513,65493377,37.3558484,-121.9464476
1185,FALSE,585416.8715,4131590.5,65493382,37.3270555,-122.0358687
1186,FALSE,585327.1131,4131589.674,65493388,37.3270563,-122.0368818
1187,FALSE,585016.4392,4131580.421,65493390,37.3270014,-122.0403891
1188,FALSE,584919.0972,4131579.488,65493393,37.3270019,-122.0414878
1189,FALSE,589973.6178,4131996.386,65493415,37.3302833,-121.984393
1190,FALSE,592269.4528,4131357.865,65493665,37.3243034,-121.9585613
1191,FALSE,588101.0095,4133314.521,65493766,37.3423426,-122.0053711
1192,FALSE,588104.719,4133233.151,65493769,37.3416089,-122.0053389
1193,FALSE,588090.518,4133149.019,65493770,37.340852,-122.0055092
1194,FALSE,588093.4107,4133066.12,65493771,37.3401046,-122.0054864
1195,FALSE,588095.5057,4132979.896,65493772,37.3393273,-122.005473
1196,FALSE,588099.4079,4132892.004,65493774,37.3385348,-122.0054394
1197,FALSE,588103.7975,4132805.782,65493776,37.3377573,-122.0054001
1198,FALSE,589462.8792,4132142.356,65494541,37.3316482,-121.9901397
1199,FALSE,589034.7502,4131751.351,65494555,37.3281654,-121.9950187
1200,FALSE,593683.635,4132943.246,65495270,37.3384499,-121.9424017
1201,FALSE,585813.4396,4137658.968,65495331,37.3817116,-122.03069
1202,FALSE,593858.2641,4131139.542,65495541,37.3221766,-121.9406589
1203,FALSE,581412.7364,4133270.549,65495661,37.342557,-122.0808749
1204,FALSE,581381.7501,4133073.704,65495663,37.3407856,-122.0812463
1205,FALSE,581338.8728,4133026.353,65495666,37.3403626,-122.0817355
1206,FALSE,584861.1298,4131514.069,65496052,37.3264176,-122.0421495
1207,FALSE,584784.5165,4131631.682,65496054,37.3274846,-122.0430007
1208,FALSE,584568.2445,4131619.797,65496063,37.3273972,-122.0454429
1209,FALSE,590935.1443,4135717.967,65496430,37.3637302,-121.9730843
1210,FALSE,585892.5554,4131384.83,65496632,37.325158,-122.030524
1211,FALSE,585888.9042,4131542.915,65496633,37.3265831,-122.0305469
1212,FALSE,585897.7701,4131670.194,65496636,37.3277294,-122.0304321
1213,FALSE,591576.3707,4135207.846,65496670,37.3590697,-121.9659072
1214,FALSE,584821.5897,4132093.242,65496731,37.3316411,-122.0425295
1215,FALSE,584759.7901,4132093.315,65496734,37.3316474,-122.043227
1216,FALSE,584514.8759,4129979.192,65496816,37.3126158,-122.0462321
1217,FALSE,584465.9692,4129961.201,65496817,37.3124581,-122.046786
1218,FALSE,582780.6328,4129938.77,65496852,37.3124076,-122.0658055
1219,FALSE,590046.094,4132274.059,65497075,37.3327788,-121.9835413
1220,FALSE,593919.2046,4133239.683,65497144,37.3410977,-121.9397052
1221,FALSE,586622.6418,4131325.303,65497328,37.3245537,-122.0222915
1222,FALSE,586619.5897,4131418.174,65497329,37.325391,-122.0223151
1223,FALSE,582771.5393,4130945.632,65497437,37.321483,-122.0657958
1224,FALSE,592565.3183,4131351.412,65497537,37.3242158,-121.9552232
1225,FALSE,592886.2192,4131440.626,65497553,37.3249878,-121.9515906
1226,FALSE,582533.8776,4132041.587,65497843,37.3313817,-122.0683559
1227,FALSE,582550.2028,4132135.394,65497845,37.3322257,-122.0681612
1228,FALSE,588770.4024,4129625.862,65498244,37.3090346,-121.9982564
1229,FALSE,588898.849,4130920.874,65498352,37.3206937,-121.996652
1230,FALSE,588877.3493,4130700.652,65498356,37.318711,-121.996921
1231,FALSE,588832.4891,4130646.573,65498359,37.3182279,-121.9974337
1232,FALSE,588843.7945,4130569.113,65498361,37.3175287,-121.9973154
1233,FALSE,588878.8428,4130491.482,65498365,37.3168257,-121.9969292
1234,FALSE,588910.1899,4130411.96,65498367,37.316106,-121.996585
1235,FALSE,588889.1216,4130325.446,65498370,37.3153283,-121.9968331
1236,FALSE,581370.1068,4135924.115,65498586,37.3664766,-122.0810646
1237,FALSE,584239.7021,4132221.298,65498905,37.3328482,-122.0490825
1238,FALSE,585113.891,4129540.131,65498962,37.308604,-122.0395233
1239,FALSE,590999.5192,4133540.854,65498994,37.3441028,-121.9726249
1240,FALSE,580713.4268,4134304.909,65499238,37.3519405,-122.0886563
1241,FALSE,580792.7512,4134373.157,65499545,37.3525487,-122.0877533
1242,FALSE,583684.0047,4130402.073,65499705,37.3165023,-122.0555598
1243,FALSE,592997.6771,4132320.74,65499735,37.3329086,-121.9502224
1244,FALSE,592936.365,4133451.767,65499773,37.343108,-121.9507726
1245,FALSE,592986.6913,4133346.694,65499775,37.342156,-121.9502177
1246,FALSE,592609.4541,4134178.89,65499781,37.3496938,-121.9543719
1247,FALSE,592574.6726,4134252.903,65499783,37.3503643,-121.9547553
1248,FALSE,590757.3154,4135894.144,65500406,37.3653354,-121.9750706
1249,FALSE,589748.3981,4131335.085,65500503,37.3243451,-121.9870149
1250,FALSE,589778.362,4131769.214,65500505,37.3282548,-121.9866242
1251,FALSE,589818.2502,4132013.824,65500507,37.3304555,-121.9861444
1252,FALSE,587013.9971,4131896.989,65501229,37.3296695,-122.0178078
1253,FALSE,586932.2865,4131905.571,65501233,37.3297545,-122.018729
1254,FALSE,586844.5226,4131914.324,65501235,37.3298416,-122.0197185
1255,FALSE,586766.7958,4131938.649,65501236,37.3300681,-122.0205929
1256,FALSE,586532.2729,4131955.772,65501237,37.3302443,-122.0232378
1257,FALSE,586456.8675,4131954.493,65501239,37.3302398,-122.024089
1258,FALSE,586360.0804,4131955.114,65501241,37.3302544,-122.0251813
1259,FALSE,586272.1477,4131954.584,65501243,37.3302578,-122.0261738
1260,FALSE,583973.7076,4131543.355,65501585,37.3267622,-122.0521615
1261,FALSE,586115.8948,4129975.929,65501658,37.3124394,-122.028167
1262,FALSE,585320.3777,4132137.39,65502013,37.3319933,-122.0368948
1263,FALSE,585332.4908,4131375.918,65502020,37.3251293,-122.0368457
1264,FALSE,585326.8786,4131682.208,65502022,37.3278903,-122.0368738
1265,FALSE,585324.4302,4131771.158,65502024,37.3286922,-122.0368912
1266,FALSE,585323.2557,4131861.164,65502026,37.3295035,-122.0368941
1267,FALSE,586177.2423,4131954.039,65502473,37.3302617,-122.027245
1268,FALSE,586173.9234,4132362.399,65502475,37.3339424,-122.027235
1269,FALSE,585532.2691,4130486.655,65503033,37.3170963,-122.0346936
1270,FALSE,585440.7379,4130485.576,65503035,37.317095,-122.0357266
1271,FALSE,582681.4287,4129749.358,65503229,37.3107093,-122.066946
1272,FALSE,582676.6977,4129835.389,65503235,37.3114851,-122.0669898
1273,FALSE,582704.1299,4129906.859,65503238,37.3121268,-122.0666723
1274,FALSE,584533.5434,4129545.06,65503431,37.3087014,-122.0460709
1275,FALSE,584592.417,4129599.623,65503436,37.3091878,-122.0454004
1276,FALSE,582200.7572,4131464.344,65503622,37.3262087,-122.0721797
1277,FALSE,590560.1725,4133291.714,65503717,37.3419004,-121.9776148
1278,FALSE,583360.7783,4130151.166,65504043,37.31427,-122.0592354
1279,FALSE,583366.0921,4130095.42,65504045,37.3137671,-122.0591817
1280,FALSE,585767.3442,4129265.692,65504285,37.3060705,-122.032182
1281,FALSE,585618.4034,4129263.636,65504296,37.3060657,-122.0338627
1282,FALSE,585482.0788,4129278.554,65504299,37.3062127,-122.0353991
1283,FALSE,594384.0281,4133404.051,65504475,37.3425319,-121.9344375
1284,FALSE,594193.463,4133274.023,65504479,37.3413794,-121.9366051
1285,FALSE,593955.1092,4133163.325,65504481,37.3404059,-121.9393096
1286,FALSE,591781.2638,4132539.401,65504810,37.3350003,-121.9639244
1287,FALSE,591746.6836,4132690.524,65504816,37.3363657,-121.964296
1288,FALSE,591731.1559,4132753.256,65504818,37.3369326,-121.9644635
1289,FALSE,591702.6619,4132818.053,65504821,37.3375194,-121.9647771
1290,FALSE,591597.9095,4133075.915,65504823,37.3398537,-121.9659276
1291,FALSE,591570.0921,4133143.838,65504825,37.3404686,-121.9662332
1292,FALSE,586549.7794,4130603.45,65505047,37.3180547,-122.023198
1293,FALSE,592625.576,4131990.242,65505056,37.3299672,-121.9544634
1294,FALSE,582523.8669,4130624.905,65505318,37.3186144,-122.0686265
1295,FALSE,582526.0265,4130538.848,65505320,37.3178386,-122.0686117
1296,FALSE,582525.9206,4130421.913,65505324,37.3167847,-122.0686259
1297,FALSE,582527.7541,4130320.397,65505326,37.3158696,-122.0686165
1298,FALSE,582528.8042,4130286.677,65505329,37.3155656,-122.0686084
1299,FALSE,582530.5069,4130174.154,65505334,37.3145513,-122.0686017
1300,FALSE,582531.177,4130113.357,65505337,37.3140033,-122.0686009
1301,FALSE,590047.373,4135091.433,65505501,37.3581702,-121.9831845
1302,FALSE,590027.1961,4135140.003,65505504,37.3586099,-121.9834064
1303,FALSE,583837.1154,4129146.959,65505508,37.3051765,-122.0539738
1304,FALSE,586003.8365,4128761.618,65506041,37.3015056,-122.0295721
1305,FALSE,585922.0384,4128760.335,65506042,37.3015016,-122.0304951
1306,FALSE,594562.9011,4133103.908,65506216,37.3398087,-121.9324567
1307,FALSE,586813.3995,4129963.824,65506274,37.3122654,-122.020298
1308,FALSE,586739.5746,4129989.611,65506276,37.3125047,-122.021128
1309,FALSE,586633.6061,4130027.437,65506278,37.3128555,-122.0223193
1310,FALSE,586558.3212,4130041.971,65506281,37.3129935,-122.0231671
1311,FALSE,586330.7257,4130049.141,65506283,37.3130793,-122.0257344
1312,FALSE,586251.4935,4130076.153,65506284,37.3133301,-122.0266253
1313,FALSE,588785.6861,4129765.096,65506300,37.310288,-121.9980673
1314,FALSE,588455.436,4129804.564,65506301,37.3106752,-122.0017889
1315,FALSE,588378.883,4129842.136,65506304,37.3110211,-122.0026482
1316,FALSE,588362.2468,4129806.121,65506311,37.3106981,-122.0028402
1317,FALSE,588281.5803,4129824.521,65506314,37.3108716,-122.0037482
1318,FALSE,584150.4808,4129229.866,65506323,37.3058954,-122.0504288
1319,FALSE,581495.9293,4139147.389,65506334,37.3955159,-122.0792887
1320,FALSE,581426.4415,4139008.084,65506337,37.3942665,-122.080089
1321,FALSE,592998.9349,4132154.927,65506875,37.3314141,-121.950229
1322,FALSE,591221.6638,4131915.349,65506946,37.3294312,-121.9703173
1323,FALSE,592133.9671,4132873.299,65507249,37.3379746,-121.959902
1324,FALSE,592057.4729,4132837.961,65507254,37.3376637,-121.9607698
1325,FALSE,591967.2287,4132788.047,65507255,37.3372228,-121.9617946
1326,FALSE,591835.2853,4132723.208,65507257,37.3366515,-121.9632919
1327,FALSE,591514.8708,4132569.693,65507258,37.3352996,-121.9669274
1328,FALSE,591093.2253,4132373.336,65507269,37.3335714,-121.9717106
1329,FALSE,590896.0519,4132279.774,65507276,37.3327475,-121.9739475
1330,FALSE,590217.9942,4132277.63,65507286,37.3327943,-121.9816007
1331,FALSE,590075.0583,4132339.846,65507288,37.3333689,-121.9832064
1332,FALSE,589626.0116,4132506.509,65507292,37.3349144,-121.9882545
1333,FALSE,589547.9369,4132528.22,65507295,37.3351176,-121.9891331
1334,FALSE,591501.5652,4134118.174,65507333,37.3492565,-121.9668864
1335,FALSE,588946.4621,4129256.138,65507552,37.3056856,-121.9963142
1336,FALSE,584149.1159,4129336.623,65507795,37.3068577,-122.0504321
1337,FALSE,582930.7389,4130430.35,65507875,37.3168247,-122.0640568
1338,FALSE,582738.2448,4130425.805,65507878,37.3168009,-122.0662295
1339,FALSE,588434.9096,4133557.621,65508066,37.3445018,-122.001573
1340,FALSE,588436.4072,4133493.049,65508067,37.3439197,-122.0015638
1341,FALSE,582686.5031,4131534.569,65508284,37.3267985,-122.0666898
1342,FALSE,582698.6846,4131446.847,65508286,37.3260068,-122.0665621
1343,FALSE,582382.3412,4131674.678,65508307,37.3280883,-122.070107
1344,FALSE,584939.9811,4129760.829,65508425,37.310609,-122.0414603
1345,FALSE,584863.7788,4129760.179,65508427,37.3106101,-122.0423202
1346,FALSE,582882.4497,4131859.86,65509056,37.3297128,-122.064442
1347,FALSE,582641.8475,4131735.421,65509059,37.3286127,-122.0671714
1348,FALSE,587305.005,4134515.255,65509095,37.3532395,-122.014215
1349,FALSE,591679.8586,4133711.247,65509196,37.3455715,-121.964924
1350,FALSE,586531.1004,4129612.659,65509392,37.3091268,-122.0235243
1351,FALSE,586376.9708,4129666.568,65509394,37.309627,-122.0252571
1352,FALSE,586255.0997,4129706.188,65509396,37.3099954,-122.0266276
1353,FALSE,580123.2911,4133249.968,65509699,37.3424837,-122.0954329
1354,FALSE,580297.9789,4133537.492,65509713,37.34506,-122.0934298
1355,FALSE,580334.4112,4133674.226,65509720,37.3462892,-122.0930037
1356,FALSE,580591.7797,4133842.267,65509723,37.3477814,-122.09008
1357,FALSE,580622.8712,4133842.289,65509725,37.3477789,-122.089729
1358,FALSE,590005.3891,4136102.525,65510278,37.3672867,-121.9835356
1359,FALSE,589728.6758,4136142.768,65510280,37.3676762,-121.9866553
1360,FALSE,590738.4999,4134601.914,65510382,37.3536911,-121.9754414
1361,FALSE,585976.0373,4129262.827,65510812,37.3060254,-122.0298277
1362,FALSE,587121.7537,4132789.174,65511162,37.3377003,-122.0164868
1363,FALSE,587129.4619,4132236.894,65511167,37.3327221,-122.0164647
1364,FALSE,583721.3566,4131905.779,65511181,37.3300514,-122.0549686
1365,FALSE,583692.9342,4131861.357,65511182,37.3296536,-122.0552944
1366,FALSE,592576.947,4135280.37,65511200,37.359624,-121.9546012
1367,FALSE,592136.8502,4135211.385,65511201,37.3590461,-121.9595787
1368,FALSE,591399.3312,4135202.647,65511215,37.3590403,-121.9679067
1369,FALSE,591129.1314,4135230.932,65511216,37.3593218,-121.9709539
1370,FALSE,591027.3265,4135233.618,65511217,37.359356,-121.972103
1371,FALSE,590909.8721,4135277.777,65511220,37.3597655,-121.9734237
1372,FALSE,590855.6,4135305.193,65511222,37.3600179,-121.9740331
1373,FALSE,590759.9726,4135349.192,65511223,37.3604238,-121.9751074
1374,FALSE,590647.2041,4135400.94,65511225,37.3609012,-121.9763743
1375,FALSE,590169.7118,4135201.057,65511232,37.3591463,-121.9817899
1376,FALSE,590098.8117,4135170.644,65511234,37.3588791,-121.9825941
1377,FALSE,589958.2771,4135109.758,65511236,37.358344,-121.9841882
1378,FALSE,589929.253,4135097.362,65511239,37.3582351,-121.9845174
1379,FALSE,589761.7735,4135134.575,65511245,37.3585867,-121.9864038
1380,FALSE,589619.7682,4135280.037,65511250,37.3599114,-121.9879895
1381,FALSE,589386.5742,4135278.506,65511253,37.3599201,-121.9906226
1382,FALSE,588978.0334,4135271.885,65511254,37.3598997,-121.9952361
1383,FALSE,588918.0182,4135261.16,65511255,37.3598088,-121.995915
1384,FALSE,585994.8238,4129521.279,65511983,37.308353,-122.0295858
1385,FALSE,585997.8227,4129260.244,65511990,37.3060001,-122.0295822
1386,FALSE,586001.9864,4128843.418,65511993,37.302243,-122.0295835
1387,FALSE,586005.3102,4128640.504,65511994,37.3004139,-122.0295695
1388,FALSE,585088.2261,4130468.938,65512251,37.3169774,-122.0397064
1389,FALSE,585138.0777,4130469.412,65512252,37.3169771,-122.0391438
1390,FALSE,588612.3677,4130909.926,65512328,37.3206224,-121.9998862
1391,FALSE,588610.6633,4130447.975,65512330,37.3164592,-121.9999606
1392,FALSE,589035.1727,4131828.249,65512335,37.3288584,-121.9950047
1393,FALSE,581226.9078,4133386.443,65512343,37.3436178,-122.0829599
1394,FALSE,581130.5164,4133251.42,65512348,37.3424093,-122.0840628
1395,FALSE,581083.3078,4133176.534,65512353,37.3417385,-122.0846039
1396,FALSE,586956.0547,4132539.52,65512448,37.3354658,-122.0183864
1397,FALSE,587005.8274,4131978.856,65512957,37.3304081,-122.0178904
1398,FALSE,587008.5009,4132007.211,65512961,37.3306634,-122.0178569
1399,FALSE,591310.1019,4131916.036,65513214,37.3294287,-121.9693191
1400,FALSE,585532.0654,4130556.909,65513387,37.3177295,-122.0346878
1401,FALSE,591272.9631,4135766.886,65513493,37.3641379,-121.9692639
1402,FALSE,591270.1978,4135724.081,65513495,37.3637524,-121.9693004
1403,FALSE,584960.0499,4128602.49,65513499,37.3001674,-122.0413664
1404,FALSE,584880.5609,4128595.382,65513504,37.3001106,-122.042264
1405,FALSE,584917.6988,4131514.699,65513904,37.3264181,-122.041511
1406,FALSE,584920.0228,4131722.319,65513916,37.3282891,-122.041461
1407,FALSE,584915.7313,4132251.819,65513933,37.3330617,-122.0414488
1408,FALSE,584914.7539,4132294.882,65513935,37.3334499,-122.0414549
1409,FALSE,580933.8628,4132366.645,65514488,37.3344522,-122.0863793
1410,FALSE,581434.7538,4133350.262,65514532,37.3432735,-122.0806176
1411,FALSE,580877.0188,4134356.929,65514751,37.3523951,-122.0868037
1412,FALSE,592164.1629,4134041.443,65514920,37.3484994,-121.9594159
1413,FALSE,589950.4197,4133428.104,65515384,37.3431889,-121.9844811
1414,FALSE,590631.4588,4134105.438,65515519,37.3492271,-121.9767106
1415,FALSE,590547.1662,4134092.198,65515520,37.349116,-121.9776638
1416,FALSE,590285.9595,4134090.273,65515522,37.3491241,-121.9806128
1417,FALSE,590159.9835,4134089.003,65515523,37.3491249,-121.9820351
1418,FALSE,589739.7574,4134084.439,65515528,37.3491245,-121.9867796
1419,FALSE,589518.6681,4133636.544,65515776,37.3451092,-121.9893296
1420,FALSE,583265.4131,4131176.898,65515962,37.3235232,-122.0601964
1421,FALSE,592459.4151,4133857.493,65516355,37.3468122,-121.9561058
1422,FALSE,592350.6975,4134128.406,65516357,37.3492646,-121.9572993
1423,FALSE,586610.2028,4131733.624,65516394,37.3282349,-122.0223842
1424,FALSE,586610.4693,4131778.086,65516397,37.3286356,-122.022376
1425,FALSE,588360.8233,4131868.048,65516693,37.3292815,-122.0026107
1426,FALSE,583609.4289,4129853.88,65516892,37.3115683,-122.0564631
1427,FALSE,583609.9037,4129773.476,65516894,37.3108436,-122.0564668
1428,FALSE,583594.3327,4129570.086,65516897,37.3090119,-122.0566654
1429,FALSE,583591.1467,4129486.15,65516899,37.3082557,-122.0567108
1430,FALSE,583591.8002,4129314.089,65516900,37.3067049,-122.0567228
1431,FALSE,583592.3701,4129229.448,65516902,37.305942,-122.0567259
1432,FALSE,590303.7542,4132962.839,65517254,37.3389614,-121.9805493
1433,FALSE,588664.2097,4131722.053,65517689,37.3279368,-121.9992041
1434,FALSE,588662.8551,4131798.077,65517691,37.3286221,-121.9992103
1435,FALSE,581921.4549,4131814.506,65517866,37.3293893,-122.0752932
1436,FALSE,582014.1342,4131733.907,65517877,37.3286547,-122.0742561
1437,FALSE,582152.1039,4134337.147,65518135,37.3521048,-122.0724104
1438,FALSE,584208.9668,4136415.694,65518156,37.3706536,-122.0489526
1439,FALSE,584125.2204,4136149.156,65518159,37.368259,-122.0499286
1440,FALSE,584106.1284,4135834.86,65518162,37.3654281,-122.0501799
1441,FALSE,584093.889,4135499.475,65518164,37.3624065,-122.0503562
1442,FALSE,584112.2257,4135173.373,65518165,37.3594658,-122.0501862
1443,FALSE,584113.5014,4135079.14,65518166,37.3586164,-122.0501825
1444,FALSE,584115.0929,4134970.242,65518168,37.3576348,-122.0501769
1445,FALSE,584089.5965,4134660.82,65518171,37.3548484,-122.0504999
1446,FALSE,584091.251,4134371.2,65518172,37.352238,-122.0505141
1447,FALSE,593346.4563,4134750.976,65518421,37.3547758,-121.9459798
1448,FALSE,594482.1732,4134205.196,65518445,37.3497421,-121.9332275
1449,FALSE,594463.3605,4133717.906,65518476,37.3453524,-121.933502
1450,FALSE,585596.3517,4137363.473,65518982,37.3790685,-122.033176
1451,FALSE,591088.1228,4132910.426,65519018,37.3384124,-121.9717022
1452,FALSE,590946.6222,4132843.366,65519022,37.3378219,-121.9733076
1453,FALSE,590878.8149,4132811.24,65519024,37.337539,-121.9740769
1454,FALSE,590809.702,4132779.366,65519027,37.3372585,-121.9748609
1455,FALSE,590735.504,4132744.142,65519029,37.3369483,-121.9757027
1456,FALSE,590812.6335,4134679.845,65519088,37.3543862,-121.9745949
1457,FALSE,588947.9149,4129802.889,65519117,37.3106131,-121.9962323
1458,FALSE,594668.6124,4133116.354,65519363,37.3399101,-121.9312619
1459,FALSE,594126.3157,4133737.275,65519382,37.3455612,-121.9373042
1460,FALSE,594093.5227,4133858.384,65519388,37.346656,-121.937659
1461,FALSE,592985.2043,4135878.973,65519485,37.364978,-121.9499166
1462,FALSE,589691.0392,4135655.682,65520309,37.36329,-121.9871393
1463,FALSE,589621.4548,4135653.937,65520311,37.363281,-121.9879252
1464,FALSE,589203.2095,4133010.428,65520457,37.3394967,-121.992966
1465,FALSE,589211.77,4133192.977,65520459,37.3411411,-121.9928474
1466,FALSE,589209.0507,4133282.668,65520461,37.3419497,-121.9928673
1467,FALSE,583677.3881,4129149.212,65520650,37.3052112,-122.0557757
1468,FALSE,583874.7332,4130845.69,65520969,37.3204833,-122.0533574
1469,FALSE,583884.4089,4130299.115,65521014,37.3155563,-122.05331
1470,FALSE,584784.7653,4131594.87,65521328,37.3271528,-122.0430021
1471,FALSE,581602.2701,4135776.467,65521380,37.3651255,-122.0784593
1472,FALSE,585366.7989,4128933.075,65521521,37.3031096,-122.0367395
1473,FALSE,585293.0879,4128934.221,65521523,37.3031267,-122.037571
1474,FALSE,585212.7501,4128932.461,65521526,37.3031182,-122.0384776
1475,FALSE,584438.2092,4129228.312,65522103,37.3058553,-122.0471826
1476,FALSE,584360.5393,4128956.623,65522128,37.3034137,-122.0480898
1477,FALSE,584362.2756,4128873.092,65522130,37.3026607,-122.0480797
1478,FALSE,584378.6294,4128681.161,65522135,37.3009294,-122.047917
1479,FALSE,582236.7649,4134336.226,65522165,37.352089,-122.0714547
1480,FALSE,585702.8939,4135438.134,65522392,37.3617064,-122.0321957
1481,FALSE,585707.0525,4135136.998,65522420,37.358992,-122.0321836
1482,FALSE,585693.5702,4134384.414,65522429,37.3522105,-122.0324229
1483,FALSE,585696.6637,4133767.798,65522434,37.3466529,-122.0324593
1484,FALSE,590882.2615,4134030.323,65522681,37.3485256,-121.9738885
1485,FALSE,582620.6311,4131877.721,65522751,37.3298971,-122.067395
1486,FALSE,582625.361,4131920.951,65522753,37.3302863,-122.0673368
1487,FALSE,582628.3286,4131966.782,65522755,37.3306991,-122.0672982
1488,FALSE,582632.6544,4132032.077,65522756,37.3312872,-122.0672421
1489,FALSE,585916.7038,4137307.055,65522921,37.3785304,-122.0295646
1490,FALSE,585961.4837,4137485.834,65522922,37.3801375,-122.0290381
1491,FALSE,585282.3672,4129868.772,65523198,37.3115505,-122.0375846
1492,FALSE,585542.1194,4131943.918,65523241,37.3302292,-122.0344144
1493,FALSE,586018.5039,4131983.163,65523257,37.3305389,-122.0290332
1494,FALSE,586775.5516,4130309.879,65523488,37.3153878,-122.0206846
1495,FALSE,586800.6537,4130294.883,65523490,37.3152503,-122.0204031
1496,FALSE,586862.4197,4130258.376,65523494,37.3149155,-122.0197104
1497,FALSE,586923.8325,4130221.798,65523496,37.3145801,-122.0190217
1498,FALSE,587034.2893,4130157.06,65523499,37.3139863,-122.0177829
1499,FALSE,587059.8752,4130401.639,65523543,37.3161882,-122.0174655
1500,FALSE,581731.7892,4139229.294,65524038,37.3962333,-122.0766153
1501,FALSE,581797.0032,4139364.077,65524042,37.3974423,-122.0758637
1502,FALSE,588523.7881,4133087.983,65524053,37.3402607,-122.0006258
1503,FALSE,585266.0932,4132933.751,65524121,37.3391756,-122.0374159
1504,FALSE,585146.3147,4132931.366,65524124,37.3391651,-122.0387682
1505,FALSE,585251.6287,4133107.382,65524410,37.3407418,-122.0375592
1506,FALSE,585057.6651,4133111.344,65524423,37.3407953,-122.0397482
1507,FALSE,584862.5257,4129321.385,65524431,37.3066555,-122.0423845
1508,FALSE,584782.0048,4129320.57,65524432,37.3066555,-122.0432931
1509,FALSE,584616.7802,4129318.91,65524435,37.3066556,-122.0451575
1510,FALSE,593144.2882,4135373.741,65524566,37.3604087,-121.9481839
1511,FALSE,591140.4154,4133785.841,65524670,37.3462969,-121.9710043
1512,FALSE,592997.2029,4132377.768,65524799,37.3334226,-121.9502206
1513,FALSE,594636.6956,4133089.408,65524806,37.3396705,-121.9316256
1514,FALSE,582442.7434,4129742.345,65524918,37.3106673,-122.06964
1515,FALSE,582480.7739,4129889.755,65524952,37.3119925,-122.0691945
1516,FALSE,582465.8635,4129819.064,65524957,37.3113567,-122.0693706
1517,FALSE,585749.7075,4130735.321,65525373,37.3193174,-122.0322112
1518,FALSE,585755.0118,4130283.999,65525381,37.3152493,-122.0322035
1519,FALSE,585763.4777,4129611.288,65525389,37.3091856,-122.0321857
1520,FALSE,585774.5403,4128836.393,65525394,37.3022007,-122.0321504
1521,FALSE,585776.3032,4128409.634,65525402,37.2983543,-122.0321798
1522,FALSE,585776.8812,4128270.037,65525403,37.2970961,-122.0321894
1523,FALSE,585777.4039,4128150.566,65525404,37.2960193,-122.0321973
1524,FALSE,584152.4137,4128449.722,65525629,37.298864,-122.0504954
1525,FALSE,584156.2605,4128681.832,65525663,37.3009556,-122.0504257
1526,FALSE,584151.7242,4128603.098,65525666,37.3002464,-122.0504858
1527,FALSE,582764.3157,4131608.135,65525830,37.3274546,-122.0658034
1528,FALSE,582889.4899,4131685.765,65525833,37.3281431,-122.064382
1529,FALSE,590038.5529,4136173.407,65526073,37.3679223,-121.9831525
1530,FALSE,594766.3884,4133563.373,65526126,37.3439288,-121.9301011
1531,FALSE,585513.6219,4129872.395,65526302,37.3115619,-122.0349748
1532,FALSE,585539.1776,4129723.489,65526304,37.3102175,-122.0347036
1533,FALSE,585586.8655,4129619.578,65526308,37.3092766,-122.0341775
1534,FALSE,588683.5282,4133812.436,65526458,37.3467746,-121.998736
1535,FALSE,588704.4678,4133612.103,65526463,37.3449671,-121.9985236
1536,FALSE,592561.1386,4131436.903,65526976,37.3249867,-121.9552597
1537,FALSE,582441.4738,4131340.179,65526996,37.3250683,-122.0694768
1538,FALSE,582284.4846,4131358.529,65527012,37.3252476,-122.0712465
1539,FALSE,584817.9683,4130233.602,65527051,37.3148811,-122.042783
1540,FALSE,591106.5309,4135767.889,65527244,37.3641633,-121.971143
1541,FALSE,584867.4824,4128937.954,65527598,37.3031993,-122.0423724
1542,FALSE,583010.5598,4130459.523,65527666,37.3170805,-122.0631528
1543,FALSE,582999.7337,4130501.246,65527667,37.3174575,-122.0632703
1544,FALSE,593105.5236,4135497.605,65527944,37.3615289,-121.948606
1545,FALSE,588958.1216,4132545.94,65528140,37.335334,-121.9957882
1546,FALSE,585809.5694,4133363.879,65528192,37.3430021,-122.0312315
1547,FALSE,585789.0897,4133006.048,65528195,37.339779,-122.0315041
1548,FALSE,591380.6729,4135740.345,65528462,37.3638881,-121.968051
1549,FALSE,591389.0596,4135823.012,65528464,37.3646323,-121.9679461
1550,FALSE,591385.6466,4136002.339,65528466,37.3662488,-121.9679625
1551,FALSE,591385.2594,4136018.312,65528469,37.3663928,-121.9679649
1552,FALSE,587039.2625,4132950.256,65528492,37.3391598,-122.017399
1553,FALSE,587074.421,4132951.476,65528493,37.3391675,-122.017002
1554,FALSE,591065.2596,4133783.402,65528847,37.3462823,-121.971853
1555,FALSE,582261.9633,4130316.561,65529103,37.3158586,-122.0716162
1556,FALSE,582262.7177,4130271.344,65529106,37.315451,-122.0716127
1557,FALSE,582401.9034,4129963.218,65529114,37.3126616,-122.0700763
1558,FALSE,586546.9763,4130746.032,65529394,37.31934,-122.023213
1559,FALSE,586462.1269,4130749.471,65529396,37.3193789,-122.0241701
1560,FALSE,590562.755,4132435.107,65530171,37.33418,-121.9776903
1561,FALSE,584071.9419,4129150.721,65530430,37.3051892,-122.0513239
1562,FALSE,584072.6132,4129082.058,65530431,37.3045703,-122.0513241
1563,FALSE,589025.0808,4135825.796,65530567,37.3648873,-121.9946383
1564,FALSE,589053.0367,4136045.567,65530571,37.3668653,-121.9942962
1565,FALSE,582158.1449,4130177.671,65530576,37.314616,-122.0728031
1566,FALSE,589875.0507,4132007.521,65530645,37.3303932,-121.9855041
1567,FALSE,589893.9079,4132093.915,65530647,37.33117,-121.9852808
1568,FALSE,589943.8686,4132232.638,65530649,37.3324154,-121.9847001
1569,FALSE,587305.8725,4133962.069,65530661,37.3482538,-122.0142704
1570,FALSE,585511.4878,4132178.22,65530694,37.3323437,-122.0347331
1571,FALSE,588132.5772,4129021.385,65530833,37.3036474,-122.0055248
1572,FALSE,590530.9945,4135609.457,65531087,37.3627918,-121.9776609
1573,FALSE,584938.7945,4129895.305,65531096,37.3118211,-122.0414583
1574,FALSE,585047.7488,4129896.167,65531098,37.3118189,-122.0402288
1575,FALSE,585098.7882,4129893.468,65531100,37.3117899,-122.0396532
1576,FALSE,589997.495,4134729.685,65531247,37.3549148,-121.9837916
1577,FALSE,585087.2542,4130548.017,65531407,37.3176902,-122.0397083
1578,FALSE,590282.5886,4132538.377,65531678,37.335138,-121.9808399
1579,FALSE,590120.8621,4132533.405,65531680,37.3351089,-121.9826659
1580,FALSE,591524.1091,4133045.37,65531770,37.3395857,-121.9667644
1581,FALSE,591547.7229,4132990.782,65531773,37.3390914,-121.9665046
1582,FALSE,588201.8474,4129260.237,65531835,37.3057935,-122.0047149
1583,FALSE,589198.0854,4129682.644,65531864,37.3095054,-121.993424
1584,FALSE,581865.1281,4138925.462,65531993,37.3934832,-122.0751427
1585,FALSE,581676.758,4139015.3,65531994,37.3943095,-122.0772606
1586,FALSE,581598.3018,4139053.8,65531996,37.3946634,-122.0781426
1587,FALSE,585799.2192,4137246.897,65532008,37.3779991,-122.0308984
1588,FALSE,585659.8932,4137335.686,65532009,37.3788122,-122.0324616
1589,FALSE,590544.4181,4131870.547,65532298,37.3290937,-121.9779662
1590,FALSE,583149.2668,4132488.534,65532665,37.335355,-122.0613601
1591,FALSE,593427.6042,4134301.123,65532706,37.3507134,-121.9451204
1592,FALSE,594052.8605,4132952.314,65532788,37.3384943,-121.938233
1593,FALSE,593988.9051,4133090.194,65532792,37.3397434,-121.9389374
1594,FALSE,593937.1874,4133201.149,65532795,37.3407486,-121.9395071
1595,FALSE,593903.2648,4133273.801,65532799,37.3414068,-121.9398808
1596,FALSE,593884.0299,4133314.995,65532801,37.34178,-121.9400927
1597,FALSE,593800.0976,4133495.216,65532803,37.3434127,-121.9410173
1598,FALSE,593665.726,4133787.074,65532824,37.3460566,-121.9424972
1599,FALSE,581983.1104,4132959.7,65532989,37.3397052,-122.0744707
1600,FALSE,581963.61,4132915.56,65532991,37.3393091,-122.0746957
1601,FALSE,581851.1479,4132679.703,65532993,37.3371933,-122.0759912
1602,FALSE,581794.5478,4132555.324,65532995,37.3360773,-122.0766438
1603,FALSE,581836.375,4132357.658,65533003,37.3342921,-122.0761935
1604,FALSE,586649.496,4130812.789,65533042,37.3199321,-122.0220483
1605,FALSE,591702.7342,4133449.992,65533569,37.3432147,-121.9646981
1606,FALSE,581371.0993,4135958.609,65533776,37.3667874,-122.0810496
1607,FALSE,581378.794,4135855.019,65533778,37.3658531,-122.0809741
1608,FALSE,581422.2843,4135836.048,65533784,37.3656783,-122.0804851
1609,FALSE,581436.2388,4135776.313,65533785,37.3651387,-122.0803341
1610,FALSE,588021.6987,4131321.234,65533822,37.3243855,-122.006503
1611,FALSE,588071.7531,4132197.981,65533830,37.3322825,-122.005834
1612,FALSE,589340.9427,4131375.553,65534002,37.3247491,-121.9916083
1613,FALSE,589256.0245,4131375.035,65534004,37.3247526,-121.9925667
1614,FALSE,584638.5771,4128931.755,65534034,37.3031643,-122.0449557
1615,FALSE,584597.4423,4128920.322,65534037,37.303065,-122.0454211
1616,FALSE,585332.153,4130826.587,65534457,37.3201784,-122.0369127
1617,FALSE,590410.1751,4131344.436,65534487,37.3243652,-121.9795454
1618,FALSE,590362.6256,4131343.701,65534488,37.3243632,-121.9800821
1619,FALSE,590281.1655,4131342.078,65534490,37.3243565,-121.9810016
1620,FALSE,589861.6034,4131337.908,65534492,37.3243596,-121.985737
1621,FALSE,589600.1003,4131308.52,65534494,37.32412,-121.9886917
1622,FALSE,589519.9942,4131300.417,65534496,37.3240547,-121.9895967
1623,FALSE,589431.7011,4131298.042,65534498,37.3240418,-121.9905934
1624,FALSE,583914.5662,4129149.132,65534896,37.3051891,-122.0530997
1625,FALSE,583921.174,4129368.066,65534898,37.3071617,-122.0530004
1626,FALSE,590497.0082,4132606.08,65535413,37.3357273,-121.9784115
1627,FALSE,589349.2899,4135366.896,65535684,37.3607203,-121.9910329
1628,FALSE,589252.3144,4135593.622,65535686,37.362773,-121.9921005
1629,FALSE,589230.7957,4135723.634,65535688,37.3639468,-121.9923278
1630,FALSE,589170.2434,4136048.348,65535694,37.3668791,-121.9929724
1631,FALSE,586700.9799,4131324.594,65535840,37.32454,-122.0214075
1632,FALSE,586698.6449,4131419.148,65535842,37.3253924,-122.0214228
1633,FALSE,582966.37,4131309.571,65535896,37.3247457,-122.0635564
1634,FALSE,581624.1479,4138911.963,65535913,37.3933828,-122.0778663
1635,FALSE,589812.2726,4131013.407,65535982,37.3214398,-121.986333
1636,FALSE,592444.6614,4132835.694,65536736,37.3376048,-121.9563998
1637,FALSE,592434.3691,4132741.632,65536737,37.3367581,-121.9565277
1638,FALSE,587943.0495,4132972.911,65536815,37.3392788,-122.0071947
1639,FALSE,587946.1086,4132892.588,65536816,37.3385546,-122.0071697
1640,FALSE,587949.9305,4132803.752,65536819,37.3377536,-122.0071371
1641,FALSE,590800.4455,4134028.802,65536867,37.3485199,-121.9748123
1642,FALSE,586735.9019,4132947.106,65537359,37.3391598,-122.0208236
1643,FALSE,588580.6106,4132159.002,65537683,37.3318828,-122.0000954
1644,FALSE,588759.9484,4132296.036,65537689,37.3331007,-121.9980549
1645,FALSE,592579.5185,4132873.657,65537841,37.3379335,-121.9548729
1646,FALSE,590591.7019,4135469.287,65538016,37.3615226,-121.9769926
1647,FALSE,590596.0101,4135659.349,65538021,37.3632351,-121.9769207
1648,FALSE,586996.7,4130789.571,65538231,37.3196904,-122.0181329
1649,FALSE,592479.6245,4133244.184,65538252,37.3412828,-121.9559542
1650,FALSE,587397.8146,4130937.525,65539081,37.3209862,-122.013589
1651,FALSE,591388.2232,4131800.162,65539342,37.3283767,-121.9684517
1652,FALSE,593792.2428,4134469.768,65539354,37.3521965,-121.9409826
1653,FALSE,594899.7324,4133513.443,65539401,37.3434652,-121.9286023
1654,FALSE,594537.1199,4133643.31,65539404,37.3446726,-121.9326789
1655,FALSE,594513.421,4133647.369,65539405,37.3447116,-121.9329459
1656,FALSE,594338.6357,4133712.637,65539407,37.3453176,-121.9349106
1657,FALSE,593949.9203,4133795.72,65539427,37.3461058,-121.939288
1658,FALSE,593813.3083,4133732.805,65539429,37.3455526,-121.9408381
1659,FALSE,593400.8919,4133540.015,65539433,37.3438567,-121.9455179
1660,FALSE,593193.8071,4133443.757,65539435,37.34301,-121.9478676
1661,FALSE,593089.7832,4133394.565,65539439,37.3425771,-121.949048
1662,FALSE,592883.0503,4133297.908,65539441,37.3417267,-121.9513937
1663,FALSE,592674.1231,4133201.387,65539444,37.3408777,-121.9537641
1664,FALSE,583744.5203,4129884.688,65539517,37.3118338,-122.0549353
1665,FALSE,589510.7637,4130353.549,65539555,37.3155219,-121.9898151
1666,FALSE,588987.9611,4130382.107,65539561,37.3158295,-121.995711
1667,FALSE,588012.2958,4129968.227,65539567,37.3121923,-122.0067696
1668,FALSE,585748.5959,4137049.441,65539889,37.3762242,-122.031493
1669,FALSE,588230.3219,4129651.778,65540510,37.3093196,-122.0043471
1670,FALSE,583798.4112,4131844.981,65540770,37.3294965,-122.0541058
1671,FALSE,581756.3433,4139121.952,65540775,37.3952637,-122.0763498
1672,FALSE,583873.2432,4131495.003,65540791,37.3263355,-122.0533008
1673,FALSE,583971.2713,4131264.18,65540792,37.3242463,-122.0522206
1674,FALSE,587130.0695,4132181.933,65540809,37.3322267,-122.0164643
1675,FALSE,593147.3286,4133549.171,65541011,37.3439647,-121.948379
1676,FALSE,592908.9195,4134063.542,65541015,37.3486243,-121.9510057
1677,FALSE,592861.4082,4134166.039,65541017,37.3495528,-121.9515292
1678,FALSE,592812.5909,4134271.385,65541020,37.3505071,-121.9520671
1679,FALSE,593894.3978,4134515.031,65541107,37.3525941,-121.9398236
1680,FALSE,593669.3467,4134412.944,65541109,37.3516968,-121.9423772
1681,FALSE,593531.6227,4134347.235,65541111,37.3511185,-121.9439403
1682,FALSE,593220.0692,4134204.881,65541112,37.3498669,-121.9474754
1683,FALSE,593115.8098,4134157.827,65541113,37.3494533,-121.9486583
1684,FALSE,592803.794,4134015.994,65541114,37.3482063,-121.9521984
1685,FALSE,592610.5954,4133927.005,65541116,37.3474236,-121.9543905
1686,FALSE,592385.5455,4133823.667,65541118,37.3465147,-121.9569439
1687,FALSE,592166.9997,4133799.264,65541119,37.3463165,-121.959414
1688,FALSE,592077.1777,4133797.32,65541120,37.3463079,-121.9604282
1689,FALSE,592017.2812,4133796.861,65541121,37.3463097,-121.9611044
1690,FALSE,591937.7913,4133796.253,65541122,37.3463121,-121.9620018
1691,FALSE,591761.4879,4133793.075,65541124,37.3463009,-121.9639924
1692,FALSE,591679.6803,4133792.178,65541125,37.3463009,-121.964916
1693,FALSE,591426.3903,4133790.359,65541127,37.3463095,-121.9677755
1694,FALSE,591218.5164,4133787.89,65541129,37.3463077,-121.9701224
1695,FALSE,590992.1592,4133771.178,65541131,37.3461793,-121.9726797
1696,FALSE,590804.6213,4133767.353,65541134,37.3461632,-121.9747972
1697,FALSE,590639.8674,4133793.794,65541137,37.3464176,-121.9766538
1698,FALSE,590550.1242,4133810.775,65541138,37.3465794,-121.9776648
1699,FALSE,590162.8872,4133806.481,65541140,37.3465784,-121.9820367
1700,FALSE,589905.9112,4133710.977,65541145,37.3457426,-121.9849492
1701,FALSE,589716.7175,4133646.71,65541148,37.3451817,-121.9870927
1702,FALSE,589598.9014,4133643.084,65541150,37.3451604,-121.9884231
1703,FALSE,589080.7231,4133655.036,65541156,37.345318,-121.9942711
1704,FALSE,588842.1412,4133661.143,65541161,37.3453959,-121.9969636
1705,FALSE,588788.1751,4133649.441,65541163,37.3452956,-121.9975742
1706,FALSE,588644.7716,4133543.365,65541166,37.3443533,-121.9992057
1707,FALSE,588616.8179,4133471.047,65541168,37.3437042,-121.9995299
1708,FALSE,588595.6419,4133335.034,65541170,37.3424804,-121.9997852
1709,FALSE,593770.0466,4133835.156,65541540,37.3464794,-121.9413135
1710,FALSE,593457.6991,4133693.484,65541546,37.3452341,-121.9448573
1711,FALSE,593353.8722,4133643.713,65541548,37.344796,-121.9460356
1712,FALSE,593040.6803,4133500.261,65541550,37.3435346,-121.949589
1713,FALSE,592843.0225,4133407.479,65541553,37.3427182,-121.9518318
1714,FALSE,592749.6594,4133362.559,65541555,37.3423227,-121.9528913
1715,FALSE,588760.8305,4129880.105,65542357,37.3113269,-121.998334
1716,FALSE,588522.1103,4129887.509,65542360,37.3114164,-122.0010267
1717,FALSE,584144.0451,4129536.135,65542366,37.3086563,-122.0504667
1718,FALSE,580264.7367,4132854.798,65542793,37.3389099,-122.093879
1719,FALSE,580126.7011,4133042.839,65542799,37.3406166,-122.0954168
1720,FALSE,580157.2057,4133220.002,65542806,37.3422107,-122.0950533
1721,FALSE,585587.2982,4127990.268,65543002,37.2945921,-122.0343604
1722,FALSE,585366.37,4127994.639,65543004,37.2946518,-122.0368522
1723,FALSE,592551.4187,4131988.989,65543240,37.3299633,-121.9553005
1724,FALSE,591800.3744,4133237.902,65543265,37.3412936,-121.9636222
1725,FALSE,591681.2651,4133531.988,65543267,37.3439558,-121.9649303
1726,FALSE,591680.2274,4133876.423,65543270,37.3470601,-121.9648994
1727,FALSE,591668.1513,4134634.666,65543275,37.3538949,-121.9649419
1728,FALSE,591666.3414,4134705.238,65543276,37.3545311,-121.9649536
1729,FALSE,591664.57,4134773.912,65543277,37.3551502,-121.9649651
1730,FALSE,591662.2468,4134914.737,65543280,37.3564196,-121.9649739
1731,FALSE,591661.8093,4134983.726,65543282,37.3570414,-121.9649703
1732,FALSE,591714.1968,4135582.31,65543290,37.3624309,-121.9643047
1733,FALSE,586228.9397,4128844.064,65543479,37.3022278,-122.0270229
1734,FALSE,585812.2155,4128803.004,65543483,37.3018963,-122.0317292
1735,FALSE,584326.9817,4132832.241,65544074,37.3383465,-122.0480279
1736,FALSE,584758.7073,4132798.523,65544694,37.3380033,-122.0431586
1737,FALSE,584708.0866,4132797.511,65544697,37.3379988,-122.0437301
1738,FALSE,591241.081,4135428.404,65545130,37.3610905,-121.9696656
1739,FALSE,591281.6219,4135405.379,65545132,37.360879,-121.9692107
1740,FALSE,592592.8655,4133351.957,65545201,37.3422428,-121.9546625
1741,FALSE,592529.2406,4133323.047,65545204,37.3419886,-121.9553843
1742,FALSE,592340.9207,4133056.797,65545211,37.3396078,-121.9575432
1743,FALSE,586871.0963,4133187.474,65545696,37.3413135,-122.0192694
1744,FALSE,586873.0942,4133106.83,65545698,37.3405865,-122.0192563
1745,FALSE,586874.2017,4133029.172,65545700,37.3398865,-122.0192529
1746,FALSE,586875.3036,4132952.913,65545702,37.3391991,-122.0192494
1747,FALSE,586876.4066,4132875.699,65545705,37.3385031,-122.019246
1748,FALSE,587579.0911,4130690.235,65546099,37.3187404,-122.0115725
1749,FALSE,587513.4588,4130688.816,65546100,37.3187338,-122.0123133
1750,FALSE,584943.1018,4129502.037,65546188,37.3082763,-122.0414547
1751,FALSE,584900.701,4129505.657,65546191,37.3083128,-122.0419327
1752,FALSE,584827.303,4129503.537,65546192,37.3083004,-122.0427611
1753,FALSE,584783.5305,4129231.999,65546856,37.3058571,-122.043286
1754,FALSE,584733.8095,4129231.918,65546858,37.3058609,-122.043847
1755,FALSE,589731.4521,4136059.047,65546926,37.3669214,-121.9866341
1756,FALSE,586392.5177,4132916.291,65547133,37.3389141,-122.0247032
1757,FALSE,583859.3342,4136650.621,65547268,37.3728026,-122.0528742
1758,FALSE,588387.7885,4130422.496,65547997,37.3162508,-122.0024786
1759,FALSE,585598.7206,4130733.998,65548107,37.3193194,-122.0339152
1760,FALSE,585599.6131,4130654.497,65548109,37.3186028,-122.0339143
1761,FALSE,585600.4861,4130574.307,65548112,37.31788,-122.0339137
1762,FALSE,585600.7527,4130546.494,65548114,37.3176293,-122.0339139
1763,FALSE,594290.9703,4133166.071,65548150,37.3403966,-121.9355182
1764,FALSE,594249.8289,4133147.865,65548159,37.3402367,-121.9359849
1765,FALSE,594207.1028,4133128.765,65548161,37.3400689,-121.9364696
1766,FALSE,586708.6956,4134399.016,65548335,37.3522478,-122.0209608
1767,FALSE,587854.3149,4130179.359,65548386,37.3141101,-122.0085272
1768,FALSE,589897.1056,4132004.907,65548486,37.3303675,-121.9852555
1769,FALSE,583950.1418,4131496.185,65548521,37.3263392,-122.0524328
1770,FALSE,581517.6692,4135776.385,65549367,37.3651322,-122.0794146
1771,FALSE,582482.9742,4129512.434,65549383,37.3085916,-122.0692116
1772,FALSE,586422.9376,4129134.346,65549517,37.304826,-122.0248004
1773,FALSE,586214.5052,4128764.405,65549532,37.3015112,-122.027195
1774,FALSE,586217.0496,4128681.67,65549537,37.3007653,-122.0271759
1775,FALSE,582517.8151,4131210.139,65550239,37.3238895,-122.0686297
1776,FALSE,582496.5515,4131447.249,65550247,37.3260284,-122.0688433
1777,FALSE,587010.8163,4137042.373,65550643,37.3760429,-122.0172393
1778,FALSE,587225.0704,4136983.769,65550647,37.3754946,-122.0148266
1779,FALSE,587309.4991,4136962.072,65550649,37.3752911,-122.0138757
1780,FALSE,588892.791,4136821.117,65550657,37.3738703,-121.9960125
1781,FALSE,589004.3988,4136831.414,65550660,37.3739524,-121.9947509
1782,FALSE,589192.7116,4136835.763,65550665,37.3739735,-121.9926238
1783,FALSE,589613.2591,4136846.942,65550667,37.3740337,-121.9878733
1784,FALSE,590240.4534,4136862.902,65550675,37.3741167,-121.9807886
1785,FALSE,586823.7213,4137107.112,65550685,37.3766439,-122.0193446
1786,FALSE,582653.7261,4131442.319,65550765,37.32597,-122.06707
1787,FALSE,584038.2256,4132595.62,65550867,37.3362401,-122.0513141
1788,FALSE,584039.5362,4132511.874,65550870,37.3354852,-122.0513088
1789,FALSE,593970.6439,4133356.179,65551142,37.3421424,-121.9391098
1790,FALSE,586814.6663,4130198.974,65551182,37.3143846,-122.0202562
1791,FALSE,586798.8215,4130171.548,65551186,37.3141389,-122.0204382
1792,FALSE,584490.1667,4130053.97,65553255,37.313292,-122.0465024
1793,FALSE,587689.6937,4130183.303,65553286,37.3141612,-122.0103843
1794,FALSE,591089.4211,4132551.892,65553478,37.335181,-121.9717316
1795,FALSE,591021.6355,4132520.042,65553480,37.3349006,-121.9725006
1796,FALSE,590954.5023,4132486.801,65553482,37.3346076,-121.9732624
1797,FALSE,590878.7356,4132453.068,65553483,37.334311,-121.9741217
1798,FALSE,583112.8783,4131696.513,65553510,37.32822,-122.0618596
1799,FALSE,582499.3081,4129553.836,65553643,37.3089633,-122.0690227
1800,FALSE,582878.1137,4131947.893,65553730,37.3305066,-122.0644811
1801,FALSE,582877.8285,4132053.641,65553737,37.3314597,-122.0644725
1802,FALSE,582788.632,4132134.52,65553740,37.3321966,-122.0654702
1803,FALSE,582894.6418,4131550.263,65553750,37.3269214,-122.064339
1804,FALSE,582886.3508,4131772.811,65553752,37.3289279,-122.0644077
1805,FALSE,588924.5895,4133379.312,65553806,37.342848,-121.9960667
1806,FALSE,588930.5245,4133183.503,65553810,37.3410827,-121.9960232
1807,FALSE,588931.803,4133101.564,65553811,37.3403441,-121.9960186
1808,FALSE,588918.3673,4133020.367,65553814,37.3396136,-121.99618
1809,FALSE,587485.8397,4132795.17,65553949,37.3377201,-122.0123765
1810,FALSE,586954.8174,4132785.618,65553953,37.3376839,-122.0183715
1811,FALSE,586516.5913,4132778.368,65553963,37.3376595,-122.0233188
1812,FALSE,586121.3318,4132772.127,65553971,37.33764,-122.027781
1813,FALSE,586021.1584,4132769.576,65553975,37.3376263,-122.028912
1814,FALSE,583842.3767,4129366.024,65554105,37.3071504,-122.0538897
1815,FALSE,586009.3115,4130738.25,65554350,37.3193198,-122.0292813
1816,FALSE,588921.7193,4131801.045,65554715,37.3286241,-121.9962884
1817,FALSE,588920.668,4131874.987,65554716,37.3292906,-121.9962914
1818,FALSE,587071.8552,4133191.203,65554935,37.3413283,-122.0170028
1819,FALSE,587074.3215,4133107.446,65554938,37.3405732,-122.0169848
1820,FALSE,587075.701,4133029.381,65554940,37.3398695,-122.0169784
1821,FALSE,587077.6771,4132873.552,65554941,37.3384649,-122.0169744
1822,FALSE,594340.3946,4134995.322,65555054,37.3568774,-121.9347274
1823,FALSE,590488.3751,4134714.311,65555882,37.3547285,-121.9782515
1824,FALSE,587047.453,4132231.857,65556181,37.3326844,-122.0173909
1825,FALSE,590824.657,4131809.495,65556195,37.3285161,-121.9748109
1826,FALSE,590823.5835,4131894.543,65556202,37.3292827,-121.9748126
1827,FALSE,581824.0643,4139088.585,65556319,37.394957,-122.0755885
1828,FALSE,586467.4408,4134394.543,65556781,37.35223,-122.023685
1829,FALSE,593423.9259,4133923.035,65557004,37.3473063,-121.9452096
1830,FALSE,593364.1326,4133894.339,65557005,37.3470537,-121.9458882
1831,FALSE,593259.8978,4133846.374,65557006,37.3466319,-121.9470709
1832,FALSE,592895.5338,4133676.758,65557012,37.3451398,-121.9512053
1833,FALSE,592692.2459,4133583.85,65557014,37.3443228,-121.9535117
1834,FALSE,592658.2566,4133568.483,65557015,37.3441877,-121.9538973
1835,FALSE,593675.5799,4134038.328,65557041,37.34832,-121.9423542
1836,FALSE,586042.2161,4130081.756,65557049,37.3134,-122.0289861
1837,FALSE,586039.1379,4130051.855,65557053,37.3131308,-122.0290243
1838,FALSE,588728.0118,4134899.774,65557198,37.35657,-121.9981036
1839,FALSE,582557.817,4132038.029,65557313,37.3313475,-122.0680861
1840,FALSE,588776.2248,4133019.157,65559065,37.3396163,-121.9977846
1841,FALSE,585134.4987,4134380.357,65559491,37.3522254,-122.0387351
1842,FALSE,587561.3356,4132969.107,65559525,37.3392806,-122.0115038
1843,FALSE,593003.9941,4131786.547,65560004,37.3280936,-121.9502181
1844,FALSE,593002.3252,4131845.836,65560011,37.3286281,-121.9502295
1845,FALSE,585012.4888,4131884.742,65560100,37.3297445,-122.0403988
1846,FALSE,588263.4897,4134061.795,65560114,37.349062,-122.003448
1847,FALSE,588370.9301,4134057.57,65560122,37.3490137,-122.0022356
1848,FALSE,589447.9086,4130074.421,65561293,37.3130123,-121.990558
1849,FALSE,591096.4272,4131707.949,65561476,37.3275743,-121.9717562
1850,FALSE,590826.7942,4131725.224,65561481,37.3277564,-121.9747971
1851,FALSE,590095.6846,4132426.238,65561601,37.3341455,-121.9829631
1852,FALSE,590018.7628,4132453.415,65561604,37.3343979,-121.983828
1853,FALSE,584495.343,4132833.118,65562458,37.3383391,-122.0461274
1854,FALSE,591423.6187,4133870.496,65562663,37.347032,-121.9677969
1855,FALSE,586895.7802,4132635.292,65563200,37.3363346,-122.0190555
1856,FALSE,590162.1268,4133899.211,65563685,37.3474142,-121.982034
1857,FALSE,590161.1515,4133994.624,65563688,37.3482742,-121.9820334
1858,FALSE,587252.5038,4130784.655,65563771,37.3196221,-122.0152468
1859,FALSE,587118.3135,4130623.692,65563775,37.318184,-122.01678
1860,FALSE,584545.7742,4129887.456,65563909,37.3117862,-122.0458939
1861,FALSE,584657.0432,4129814.496,65563917,37.3111185,-122.0446467
1862,FALSE,584744.7329,4129709.821,65563922,37.3101671,-122.0436692
1863,FALSE,584792.183,4129658.185,65563924,37.3096974,-122.0431397
1864,FALSE,584843.3629,4129607.609,65563926,37.3092369,-122.042568
1865,FALSE,583349.6404,4131353.61,65564048,37.3251083,-122.059226
1866,FALSE,583275.8228,4131353.453,65564051,37.3251135,-122.0600591
1867,FALSE,591687.5713,4131449.88,65564207,37.3251903,-121.9651166
1868,FALSE,588549.4813,4130089.184,65564405,37.3132314,-122.0006938
1869,FALSE,588463.4735,4130058.039,65564408,37.3129589,-122.001668
1870,FALSE,586494.8776,4129113.175,65564625,37.3046285,-122.0239912
1871,FALSE,588213.6595,4131671.401,65564832,37.3275232,-122.004295
1872,FALSE,589384.9634,4132137.307,65565202,37.3316102,-121.9910197
1873,FALSE,586541.3628,4131325.072,65565659,37.3245592,-122.0232088
1874,FALSE,586537.9629,4131497.096,65565662,37.3261099,-122.0232271
1875,FALSE,586536.4752,4131731.851,65565664,37.3282258,-122.0232165
1876,FALSE,586531.2737,4132070.412,65565665,37.3312776,-122.0232357
1877,FALSE,586531.0789,4132089.25,65565667,37.3314474,-122.0232357
1878,FALSE,586501.5621,4132230.192,65565673,37.3327204,-122.0235524
1879,FALSE,584828.017,4129456.666,65565799,37.3078779,-122.0427584
1880,FALSE,584382.8127,4130307.007,65566079,37.3155823,-122.047685
1881,FALSE,584417.3429,4130207.252,65566081,37.3146801,-122.0473067
1882,FALSE,584445.1198,4130142.779,65566082,37.3140965,-122.0470006
1883,FALSE,584548.1421,4129808.281,65566084,37.3110724,-122.0458762
1884,FALSE,584548.8302,4129740.117,65566086,37.310458,-122.0458762
1885,FALSE,581191.9499,4132841.686,65566102,37.3387111,-122.0834142
1886,FALSE,581132.9572,4132851.721,65566104,37.3388067,-122.084079
1887,FALSE,586458.486,4132367.298,65566188,37.3339601,-122.0240226
1888,FALSE,584149.7826,4130389.598,65566258,37.3163478,-122.0503052
1889,FALSE,585409.7565,4130320.558,65566398,37.3156106,-122.0360952
1890,FALSE,585412.6904,4130070.252,65566401,37.3133544,-122.0360909
1891,FALSE,589705.8904,4133550.228,65566480,37.3443132,-121.9872266
1892,FALSE,589574.5999,4133273.481,65566485,37.3418317,-121.9887421
1893,FALSE,584913.1794,4128692.476,65566681,37.3009827,-122.0418849
1894,FALSE,584913.59,4128647.588,65566684,37.3005781,-122.0418854
1895,FALSE,588008.9552,4128582.111,65566691,37.2997001,-122.0069716
1896,FALSE,586522.7575,4128727.35,65566704,37.3011486,-122.0237216
1897,FALSE,584960.5083,4128677.045,65566742,37.3008393,-122.0413527
1898,FALSE,584863.5437,4128695.024,65566758,37.3010102,-122.0424446
1899,FALSE,584835.2562,4128694.505,65566760,37.3010081,-122.0427638
1900,FALSE,584681.6776,4128685.55,65566767,37.3009414,-122.0444975
1901,FALSE,584555.2201,4128683.774,65566776,37.3009369,-122.0459244
1902,FALSE,583766.2023,4128523.664,65566807,37.2995653,-122.0548442
1903,FALSE,584003.7704,4128673.001,65566853,37.3008898,-122.0521471
1904,FALSE,589056.9961,4135747.911,65566888,37.3641823,-121.9942873
1905,FALSE,589053.5113,4135826.453,65566893,37.3648905,-121.9943172
1906,FALSE,584398.9288,4131973.876,65567082,37.3306038,-122.0473135
1907,FALSE,588816.0951,4136317.088,65567408,37.3693351,-121.9969391
1908,FALSE,589147.0848,4132035.02,65567432,37.3307112,-121.9937168
1909,FALSE,593064.3984,4135625.97,65567461,37.3626899,-121.9490542
1910,FALSE,582272.3124,4131182.469,65567732,37.3236619,-122.0714034
1911,FALSE,592438.837,4134284.666,65568795,37.3506641,-121.9562848
1912,FALSE,584961.3287,4128509.589,65568917,37.29933,-122.0413626
1913,FALSE,584904.4137,4128506.993,65568924,37.2993118,-122.042005
1914,FALSE,593036.4713,4135712.895,65569000,37.3634761,-121.9493586
1915,FALSE,584945.1326,4129390.925,65569071,37.3072747,-122.0414445
1916,FALSE,584866.2282,4129383.713,65569075,37.3072169,-122.0423356
1917,FALSE,581047.5175,4133197.657,65569583,37.341932,-122.0850056
1918,FALSE,584168.0293,4132196.256,65570068,37.332629,-122.0498943
1919,FALSE,583792.034,4132406.692,65570130,37.3345596,-122.0541143
1920,FALSE,582828.1427,4131267.349,65570435,37.3243775,-122.0651211
1921,FALSE,590302.0055,4130405.539,65570718,37.3159139,-121.9808804
1922,FALSE,587071.609,4134387.508,65570907,37.3521101,-122.016865
1923,FALSE,588785.5964,4130328.63,65572034,37.3153669,-121.9980009
1924,FALSE,588701.7419,4130331.281,65572036,37.3153988,-121.9989468
1925,FALSE,588545.4877,4130336.13,65572038,37.3154574,-122.0007094
1926,FALSE,588374.5313,4130340.171,65572040,37.3155101,-122.002638
1927,FALSE,588026.4645,4130351.229,65572042,37.3156428,-122.0065643
1928,FALSE,588125.4911,4134238.159,65572279,37.3506646,-122.0049849
1929,FALSE,586999.2515,4127899.233,65572961,37.2936406,-122.0184428
1930,FALSE,592946.3903,4136413.829,65572997,37.3698022,-121.9502877
1931,FALSE,583758.1895,4129145.159,65573024,37.3051674,-122.0548645
1932,FALSE,582456.399,4132620.426,65573159,37.3366055,-122.069166
1933,FALSE,593028.7701,4130797.632,65573344,37.3191786,-121.9500625
1934,FALSE,583868.0201,4132509.576,65573953,37.33548,-122.053245
1935,FALSE,587968.5858,4128172.072,65574095,37.2960084,-122.0074756
1936,FALSE,587515.7432,4130489.752,65574319,37.3169395,-122.012311
1937,FALSE,587517.4041,4130401.216,65574351,37.3161414,-122.0123027
1938,FALSE,588932.6132,4134716.649,65574360,37.3549,-121.9958156
1939,FALSE,588996.8297,4134718.32,65574363,37.3549089,-121.9950904
1940,FALSE,589774.3187,4131066.348,65574454,37.3219206,-121.9867549
1941,FALSE,587217.3262,4129831.402,65574606,37.3110341,-122.0157558
1942,FALSE,587207.9573,4129644.255,65574608,37.3093483,-122.0158835
1943,FALSE,592742.4172,4134971.83,65574622,37.3568268,-121.9527716
1944,FALSE,593174.8707,4135275.239,65574658,37.3595179,-121.947851
1945,FALSE,586777.3662,4134405.287,65574745,37.3522979,-122.0201848
1946,FALSE,588630.3593,4134225.463,65574857,37.3505021,-121.9992868
1947,FALSE,588574.6755,4134216.518,65574858,37.3504268,-121.9999165
1948,FALSE,587772.1871,4130181.216,65575157,37.3141346,-122.0094537
1949,FALSE,589690.6443,4132772.633,65575363,37.3373066,-121.9874928
1950,FALSE,589609.9916,4132771.38,65575368,37.3373031,-121.9884033
1951,FALSE,589532.519,4132770.185,65575370,37.3372998,-121.9892779
1952,FALSE,586937.6635,4131318.738,65575399,37.3244651,-122.0187371
1953,FALSE,586936.4586,4131561.884,65575401,37.3266566,-122.0187222
1954,FALSE,582943.0119,4130918.825,65575614,37.3212261,-122.0638637
1955,FALSE,582945.924,4130740.262,65575615,37.3196165,-122.0638508
1956,FALSE,584647.3318,4129599.468,65575641,37.3091814,-122.0447808
1957,FALSE,593620.8509,4134516.458,65575664,37.3526346,-121.9429116
1958,FALSE,593483.364,4134452.639,65575666,37.3520733,-121.9444718
1959,FALSE,593070.0977,4134261.641,65575670,37.3503935,-121.9491613
1960,FALSE,592755.8212,4134119.474,65575671,37.3491437,-121.952727
1961,FALSE,588930.2355,4134829.456,65575777,37.3559169,-121.9958289
1962,FALSE,588914.7192,4135107.483,65575783,37.3584241,-121.9959707
1963,FALSE,589353.4237,4132456.548,65576089,37.3344904,-121.9913372
1964,FALSE,589330.7354,4132379.191,65576090,37.3337954,-121.9916026
1965,FALSE,584534.2779,4131538.612,65576190,37.3266686,-122.0458355
1966,FALSE,584250.4705,4128953.463,65576390,37.3033952,-122.049332
1967,FALSE,584154.0131,4128953.225,65576398,37.3034018,-122.0504203
1968,FALSE,582703.2959,4131674.259,65576547,37.328056,-122.0664847
1969,FALSE,582062.8109,4130314.807,65576577,37.3158604,-122.0738637
1970,FALSE,582206.9277,4130316.032,65576580,37.3158587,-122.0722373
1971,FALSE,582397.6584,4130318.095,65576582,37.3158604,-122.0700848
1972,FALSE,582586.9545,4129937.247,65576670,37.3124111,-122.0679911
1973,FALSE,591588.9217,4134033.515,65576856,37.3484849,-121.9659107
1974,FALSE,591416.2275,4134031.271,65576857,37.3484817,-121.9678605
1975,FALSE,586205.8816,4131309.35,65576936,37.3244487,-122.0269967
1976,FALSE,581826.3263,4130078.791,65576972,37.3137541,-122.0765583
1977,FALSE,593269.9147,4134971.218,65576987,37.3567684,-121.9468162
1978,FALSE,592835.4752,4134771.329,65576993,37.3550105,-121.9517461
1979,FALSE,594246.3409,4133005.288,65577033,37.3389521,-121.9360424
1980,FALSE,584758.2192,4127890.327,65577187,37.2937673,-122.0437247
1981,FALSE,583689.3097,4134365.082,65577311,37.3522192,-122.0550526
1982,FALSE,583711.5647,4132919.995,65577323,37.3391931,-122.0549646
1983,FALSE,583712.4342,4132848.15,65577327,37.3385455,-122.0549629
1984,FALSE,583708.9392,4132648.452,65577330,37.336746,-122.0550249
1985,FALSE,584834.9759,4128675.795,65577730,37.3008395,-122.0427691
1986,FALSE,588352.1434,4133560.12,65577772,37.3445322,-122.002507
1987,FALSE,583898.4498,4130052.837,65577785,37.3133354,-122.0531794
1988,FALSE,583899.3914,4129983.622,65577788,37.3127115,-122.0531766
1989,FALSE,593435.1567,4134556.723,65577929,37.3530162,-121.9450029
1990,FALSE,592951.8768,4136016.835,65577941,37.3662238,-121.9502756
1991,FALSE,583336.6063,4130439.317,65578281,37.3168692,-122.0594758
1992,FALSE,583250.7573,4130479.061,65578302,37.3172351,-122.0604401
1993,FALSE,594543.5379,4133792.644,65578836,37.3460178,-121.9325874
1994,FALSE,583810.5383,4131538.18,65578894,37.3267303,-122.0540036
1995,FALSE,583600.3137,4131863.56,65578895,37.3296818,-122.0563395
1996,FALSE,583636.5731,4131935.055,65578904,37.3303229,-122.0559222
1997,FALSE,583747.6528,4129473.889,65578972,37.3081311,-122.0549463
1998,FALSE,588775.9105,4130722.289,65579168,37.3189157,-121.9980631
1999,FALSE,586967.073,4134388.95,65579271,37.3521329,-122.018045
2000,FALSE,586281.1648,4131465.752,65579278,37.3258513,-122.0261289
2001,FALSE,586268.4135,4132364.116,65579283,37.3339491,-122.0261683
2002,FALSE,580739.6191,4134035.1,65579391,37.3495065,-122.08839
2003,FALSE,583676.3154,4129392.357,65579450,37.3074027,-122.0557604
2004,FALSE,589612.1409,4135732.961,65579681,37.3639941,-121.9880208
2005,FALSE,587308.1652,4133797.578,65580209,37.3467711,-122.0142639
2006,FALSE,588263.9243,4133649.562,65580402,37.3453467,-122.0034922
2007,FALSE,588280.4944,4133280.596,65580409,37.3420198,-122.0033491
2008,FALSE,588624.4549,4133054.508,65580416,37.3399494,-121.9994935
2009,FALSE,589037.7151,4133031.556,65580419,37.339703,-121.9948315
2010,FALSE,589127.406,4133034.053,65580420,37.3397169,-121.9938188
2011,FALSE,589686.841,4132998.511,65580427,37.3393427,-121.9875084
2012,FALSE,589216.1617,4136321.327,65580449,37.3693349,-121.992421
2013,FALSE,582743.7901,4130730.03,65580573,37.3195423,-122.066133
2014,FALSE,585900.5281,4133168.321,65580821,37.3412312,-122.0302274
2015,FALSE,586115.9144,4133169.348,65580823,37.3412205,-122.027796
2016,FALSE,586196.1036,4133170.418,65580825,37.3412227,-122.0268907
2017,FALSE,586359.9944,4133173.872,65580827,37.3412386,-122.0250403
2018,FALSE,586949.4571,4133188.876,65580838,37.3413188,-122.0183847
2019,FALSE,587230.3142,4133193.919,65580840,37.3413379,-122.0152138
2020,FALSE,587315.8618,4133201.058,65580841,37.3413942,-122.0142473
2021,FALSE,589600.4514,4133590.174,65581307,37.3446834,-121.988412
2022,FALSE,587151.8571,4130523.87,65581358,37.3172812,-122.0164132
2023,FALSE,586582.8206,4132070.546,65581369,37.331274,-122.0226539
2024,FALSE,591585.8929,4134119.197,65581665,37.3492574,-121.9659343
2025,FALSE,590048.5857,4131988.948,65581901,37.330209,-121.9835478
2026,FALSE,584058.7723,4130054.922,65582055,37.3133397,-122.0513701
2027,FALSE,584059.5501,4129984.496,65582056,37.3127049,-122.0513693
2028,FALSE,586774.5322,4132097.463,65582704,37.3314987,-122.020487
2029,FALSE,583502.5111,4131979.33,65582747,37.330734,-122.0574303
2030,FALSE,583393.8646,4132012.599,65582748,37.3310436,-122.0586528
2031,FALSE,589962.9026,4134892.242,65583091,37.3563832,-121.9841624
2032,FALSE,591814.6395,4135528.333,65583237,37.3619345,-121.9631773
2033,FALSE,585048.3584,4129983.628,65583519,37.3126071,-122.0402119
2034,FALSE,586413.3602,4129956.125,65583625,37.3122333,-122.0248128
2035,FALSE,584269.1321,4134372.724,65583627,37.3522356,-122.0485057
2036,FALSE,587595.8688,4127880.217,65583708,37.2934132,-122.0117147
2037,FALSE,590319.6056,4135661.962,65583844,37.3632856,-121.9800413
2038,FALSE,585893.5225,4133364.873,65584579,37.3430033,-122.0302837
2039,FALSE,587320.4077,4131448.368,65584605,37.3255975,-122.0144024
2040,FALSE,580682.0886,4133906.426,65584802,37.3483518,-122.0890535
2041,FALSE,580721.7382,4133998.068,65584806,37.3491743,-122.0885959
2042,FALSE,584151.8715,4129153.188,65584813,37.3052042,-122.0504218
2043,FALSE,593001.2555,4131993.931,65584901,37.3299629,-121.950223
2044,FALSE,583507.8598,4129482.945,65585291,37.3082343,-122.0576509
2045,FALSE,583512.7134,4129392.599,65585293,37.3074196,-122.0576063
2046,FALSE,583359.1043,4131696.997,65585397,37.3282023,-122.0590806
2047,FALSE,583299.7613,4131698.37,65585402,37.32822,-122.0597502
2048,FALSE,590125.5535,4131981.755,65585657,37.3301367,-121.98268
2049,FALSE,585193.577,4129614.981,65585959,37.3092713,-122.0386156
2050,FALSE,585113.4005,4129605.844,65585964,37.3091963,-122.0395213
2051,FALSE,582383.2402,4130537.875,65586501,37.3178425,-122.0702231
2052,FALSE,582288.9324,4130537.236,65586503,37.3178451,-122.0712874
2053,FALSE,582204.168,4130536.659,65586506,37.3178474,-122.072244
2054,FALSE,582118.9695,4130536.078,65586511,37.3178497,-122.0732055
2055,FALSE,581963.4248,4130533.977,65586512,37.3178445,-122.074961
2056,FALSE,581727.3242,4130628.532,65586517,37.3187175,-122.0776149
2057,FALSE,581623.5488,4130692.926,65586533,37.319307,-122.0787789
2058,FALSE,583794.7052,4131490.3,65586786,37.3263002,-122.0541877
2059,FALSE,590509.6591,4135660.988,65587534,37.3632583,-121.9778955
2060,FALSE,590072.2648,4136243.507,65587540,37.3685508,-121.9827633
2061,FALSE,589469.6419,4132305.402,65587821,37.333117,-121.9900437
2062,FALSE,593018.2093,4131441.049,65588631,37.3249784,-121.950101
2063,FALSE,582843.4492,4130912.358,65588896,37.3211767,-122.064988
2064,FALSE,585809.4601,4131383.8,65589095,37.3251564,-122.0314619
2065,FALSE,585802.4521,4131541.906,65589096,37.326582,-122.0315227
2066,FALSE,585808.2709,4131669.221,65589098,37.3277289,-122.0314423
2067,FALSE,586508.1701,4129533.078,65590730,37.3084117,-122.0237923
2068,FALSE,584463.4441,4128775.395,65591098,37.301771,-122.0469494
2069,FALSE,588746.1257,4130131.176,65591375,37.3135911,-121.9984699
2070,FALSE,592708.3239,4131991.058,65591486,37.3299663,-121.9535294
2071,FALSE,584713.9873,4127866.457,65592474,37.2935562,-122.0442264
2072,FALSE,583080.8537,4130862.019,65593551,37.3207018,-122.0623145
2073,FALSE,589202.5009,4131453.499,65593561,37.3254649,-121.9931613
2074,FALSE,589600.8633,4130392.592,65593750,37.3158651,-121.9887937
2075,FALSE,582104.922,4134336.906,65594204,37.3521068,-122.0729431
2076,FALSE,589964.2486,4134739.968,65594214,37.3550107,-121.9841657
2077,FALSE,588634.5775,4134028.027,65594260,37.3487223,-121.9992628
2078,FALSE,588736.7921,4135229.154,65594275,37.3595377,-121.997965
2079,FALSE,594039.145,4133604.986,65595022,37.3443778,-121.938305
2080,FALSE,593583.1774,4132860.023,65595171,37.33771,-121.9435461
2081,FALSE,587059.1712,4131320.699,65595469,37.3244714,-122.0173656
2082,FALSE,587018.3218,4131319.886,65595472,37.3244679,-122.0178267
2083,FALSE,586778.5829,4131326.418,65595477,37.3245492,-122.0205315
2084,FALSE,586456.256,4131322.262,65595478,37.3245418,-122.0241696
2085,FALSE,589964.4949,4134815.044,65595718,37.3556873,-121.9841538
2086,FALSE,584344.4105,4130104.095,65595809,37.313757,-122.0481414
2087,FALSE,592677.8787,4135122.407,65595826,37.3581903,-121.9534814
2088,FALSE,593582.3446,4132942.4,65596329,37.3384525,-121.9435451
2089,FALSE,593572.8037,4133164.133,65596333,37.3404518,-121.9436248
2090,FALSE,593505.6059,4133310.779,65596335,37.3417802,-121.9443648
2091,FALSE,593021.8846,4134366.627,65596341,37.3513445,-121.9496924
2092,FALSE,592478.1561,4135361.23,65596342,37.3603626,-121.9557065
2093,FALSE,592275.378,4135430.159,65596343,37.361004,-121.9579874
2094,FALSE,592136.4017,4135428.093,65596348,37.3609992,-121.9595568
2095,FALSE,590800.0829,4135662.54,65596358,37.3632439,-121.9746161
2096,FALSE,590248.633,4135676.407,65596360,37.3634227,-121.9808409
2097,FALSE,589970.3189,4136026.863,65596362,37.3666082,-121.9839408
2098,FALSE,589627.0986,4136056.807,65596365,37.3669113,-121.9878127
2099,FALSE,589459.9166,4136054.084,65596367,37.3669029,-121.9897008
2100,FALSE,589396.4168,4136052.605,65596370,37.3668957,-121.990418
2101,FALSE,590284.5829,4134184.971,65596417,37.3499777,-121.9806168
2102,FALSE,590283.7699,4134279.154,65596418,37.3508266,-121.9806145
2103,FALSE,585911.5656,4127927.379,65596566,37.2939954,-122.0307096
2104,FALSE,583262.3062,4131259.418,65596822,37.3242672,-122.0602222
2105,FALSE,582203.5118,4130758.748,65597152,37.3198491,-122.0722268
2106,FALSE,582203.1981,4130672.468,65597156,37.3190715,-122.0722399
2107,FALSE,592168.5691,4133600.555,65597304,37.3445255,-121.959421
2108,FALSE,590831.1464,4130900.227,65597707,37.3203207,-121.974849
2109,FALSE,588309.83,4130461.13,65597768,37.3166064,-122.0033537
2110,FALSE,589173.5245,4133754.022,65598479,37.3462012,-121.9932116
2111,FALSE,585035.666,4129046.176,65598528,37.3041593,-122.0404625
2112,FALSE,589718.724,4135591.369,65598689,37.3627077,-121.9868345
2113,FALSE,584317.4074,4132242.885,65598776,37.3330357,-122.048203
2114,FALSE,588433.3375,4132269.677,65599021,37.3328943,-122.0017444
2115,FALSE,588211.6139,4132281.617,65599024,37.333023,-122.0042455
2116,FALSE,587688.3068,4127877.899,65599289,37.2933836,-122.0106722
2117,FALSE,586254.7746,4134393.889,65599661,37.3522439,-122.026086
2118,FALSE,587455.8358,4134399.716,65599674,37.352184,-122.0125258
2119,FALSE,582993.3242,4131155.878,65599833,37.3233581,-122.0632694
2120,FALSE,581712.2334,4139325.267,65600561,37.3971,-122.0768256
2121,FALSE,584117.7936,4131801.318,65600618,37.3290741,-122.0505061
2122,FALSE,585292.4807,4131375.377,65601078,37.3251281,-122.0372973
2123,FALSE,586653.3462,4130294.289,65601140,37.3152587,-122.0220654
2124,FALSE,590737.2588,4134679.56,65601341,37.354391,-121.9754459
2125,FALSE,589822.6011,4133939.874,65601454,37.3478136,-121.9858619
2126,FALSE,589741.6193,4133938.972,65601457,37.3478133,-121.9867762
2127,FALSE,590547.761,4133903.055,65601462,37.3474113,-121.9776802
2128,FALSE,591648.4401,4133176.463,65601479,37.3407549,-121.9653448
2129,FALSE,581880.9971,4139539.699,65601600,37.3990177,-122.0748954
2130,FALSE,585747.9919,4137430.115,65601618,37.3796551,-122.0314557
2131,FALSE,583424.4743,4129481.637,65601630,37.30823,-122.0585919
2132,FALSE,592996.8758,4132427.928,65601996,37.3338747,-121.950218
2133,FALSE,586545.3129,4130826.368,65602026,37.3200642,-122.0232224
2134,FALSE,586932.3946,4130879.787,65602137,37.3205095,-122.018848
2135,FALSE,585312.8371,4134383.106,65602384,37.3522338,-122.0367214
2136,FALSE,585230.8436,4134382.07,65602385,37.352232,-122.0376472
2137,FALSE,584653.4604,4134373.133,65602390,37.3522043,-122.0441667
2138,FALSE,584495.176,4134372.109,65602394,37.3522095,-122.0459538
2139,FALSE,583317.5425,4134359.361,65602404,37.3522011,-122.0592504
2140,FALSE,581859.156,4138894.403,65602566,37.3932038,-122.0752136
2141,FALSE,591021.0059,4133340.998,65602680,37.3422995,-121.9724069
2142,FALSE,590997.5535,4133619.768,65602683,37.3448142,-121.9726374
2143,FALSE,590740.0614,4134564.127,65602881,37.3533504,-121.9754284
2144,FALSE,586252.103,4129998.035,65603450,37.312626,-122.0266275
2145,FALSE,586196.6949,4129998.119,65603459,37.3126319,-122.0272527
2146,FALSE,584838.5968,4128382.08,65603779,37.298192,-122.0427618
2147,FALSE,584962.7861,4128397.329,65603853,37.2983181,-122.041359
2148,FALSE,588242.4577,4129405.029,65603926,37.3070946,-122.0042395
2149,FALSE,589779.7463,4135445.338,65604300,37.3613857,-121.9861632
2150,FALSE,582983.563,4130319.531,65604427,37.3158212,-122.0634731
2151,FALSE,583074.3222,4130447.673,65604456,37.316968,-122.0624346
2152,FALSE,591138.3293,4131925.249,65604460,37.3295286,-121.9712566
2153,FALSE,591136.8491,4131971.668,65604466,37.3299471,-121.9712676
2154,FALSE,591137.5148,4131883.686,65604467,37.3291541,-121.9712709
2155,FALSE,585056.9758,4132844.512,65604729,37.3383905,-122.0397866
2156,FALSE,585593.7044,4130323.136,65604892,37.3156169,-122.0340192
2157,FALSE,585594.6655,4130231.707,65604893,37.3147928,-122.0340189
2158,FALSE,585596.3665,4130073.081,65604894,37.313363,-122.034018
2159,FALSE,583553.9334,4131880.994,65605466,37.3298431,-122.056861
2160,FALSE,589668.8339,4135733.491,65605520,37.3639934,-121.9873806
2161,FALSE,589532.2132,4135729.531,65605522,37.3639709,-121.9889237
2162,FALSE,589669.8877,4133249.47,65605567,37.3416061,-121.9876694
2163,FALSE,583517.2414,4129770.454,65605588,37.3108247,-122.0575127
2164,FALSE,582367.8344,4131529.94,65605605,37.3267851,-122.0702868
2165,FALSE,582352.3668,4131737.682,65605630,37.3286588,-122.0704383
2166,FALSE,582320.6134,4131869.905,65605640,37.3298533,-122.070782
2167,FALSE,589436.1907,4132457.543,65605790,37.3344914,-121.9904029
2168,FALSE,590710.5081,4131503.491,65606222,37.3257694,-121.9761366
2169,FALSE,583451.0692,4131609.638,65607250,37.3274067,-122.0580525
2170,FALSE,586193.8467,4130530.542,65607998,37.3174307,-122.027223
2171,FALSE,586198.1688,4130295.75,65608006,37.3153142,-122.0272015
2172,FALSE,590006.737,4130400.817,65608258,37.3159,-121.9842128
2173,FALSE,585776.1237,4127645.998,65608431,37.2914719,-122.03227
2174,FALSE,583299.8216,4133136.852,65608585,37.3411846,-122.0595879
2175,FALSE,584824.1026,4131890.752,65608592,37.3298159,-122.0425243
2176,FALSE,584565.5207,4131813.097,65608609,37.3291396,-122.0454516
2177,FALSE,586453.0434,4131428.269,65608690,37.3254975,-122.0241935
2178,FALSE,589305.2073,4132131.186,65608817,37.3315627,-121.9919206
2179,FALSE,584146.5904,4129445.976,65608827,37.3078435,-122.0504482
2180,FALSE,583676.7409,4129487.282,65608838,37.3082582,-122.0557449
2181,FALSE,583340.3263,4129482.131,65608839,37.308242,-122.0595413
2182,FALSE,588697.2854,4130567.105,65608944,37.3175246,-121.9989689
2183,FALSE,588700.6074,4130415.796,65608947,37.3161606,-121.9989495
2184,FALSE,588572.5381,4130047.564,65608951,37.3128541,-122.0004386
2185,FALSE,588264.6403,4129480.036,65608952,37.3077685,-122.0039803
2186,FALSE,588177.0569,4129175.205,65608953,37.3050295,-122.0050047
2187,FALSE,587997.8949,4128521.169,65608956,37.2991519,-122.0071036
2188,FALSE,587946.5355,4127870.12,65608960,37.2932891,-122.0077601
2189,FALSE,586550.9196,4130527.435,65609015,37.3173695,-122.023194
2190,FALSE,586277.6693,4130531.483,65609019,37.3174314,-122.026277
2191,FALSE,586546.6477,4130894.409,65609231,37.3206773,-122.0231994
2192,FALSE,586554.3369,4130316.843,65609244,37.3154712,-122.02318
2193,FALSE,586553.4893,4130300.247,65609246,37.3153217,-122.0231915
2194,FALSE,586557.4691,4129965.78,65609251,37.3123069,-122.0231856
2195,FALSE,586491.6619,4129303.585,65609253,37.3063449,-122.0240053
2196,FALSE,586493.9259,4129205.347,65609255,37.3054593,-122.0239912
2197,FALSE,583403.932,4131436.157,65609571,37.3258474,-122.058604
2198,FALSE,583314.6627,4131462.652,65609573,37.3260942,-122.0596085
2199,FALSE,587087.1904,4131971.28,65609679,37.3303322,-122.016973
2200,FALSE,586857.3124,4132110.271,65609685,37.3316064,-122.0195512
2201,FALSE,584349.9687,4129735.239,65609690,37.3104321,-122.0481206
2202,FALSE,584220.4107,4129693.481,65609693,37.3100675,-122.0495872
2203,FALSE,584142.2769,4129693.628,65609696,37.3100759,-122.0504688
2204,FALSE,585151.1034,4128158.98,65609995,37.2961527,-122.0392618
2205,FALSE,585326.6143,4130153.5,65610383,37.3141126,-122.0370526
2206,FALSE,585017.0461,4130125.232,65610387,37.3138862,-122.040549
2207,FALSE,584934.6763,4130137.966,65610390,37.3140085,-122.041477
2208,FALSE,584708.4408,4130311.748,65610518,37.3155954,-122.04401
2209,FALSE,584710.6059,4130225.614,65610526,37.3148189,-122.0439954
2210,FALSE,584712.1113,4130054.016,65610533,37.3132722,-122.043998
2211,FALSE,587427.4384,4131020.674,65610778,37.3217328,-122.0132449
2212,FALSE,590237.1721,4135640.367,65610791,37.363099,-121.9809747
2213,FALSE,590021.6441,4135547.857,65610794,37.3622862,-121.9834195
2214,FALSE,589948.9129,4135516.638,65610797,37.3620119,-121.9842445
2215,FALSE,589808.3948,4135456.331,65610800,37.361482,-121.9858384
2216,FALSE,588216.886,4127853.633,65610811,37.2931149,-122.0047123
2217,FALSE,588183.3113,4127855.709,65610847,37.2931368,-122.0050908
2218,FALSE,587641.9453,4132969.163,65610902,37.3392735,-122.0105939
2219,FALSE,587645.4751,4132885.916,65610904,37.3385229,-122.0105639
2220,FALSE,584819.9716,4132293.976,65611028,37.3334504,-122.0425248
2221,FALSE,584824.1666,4131721.824,65611524,37.3282934,-122.0425429
2222,FALSE,584566.9604,4131717.957,65611525,37.328282,-122.0454462
2223,FALSE,584143.3362,4129616.414,65611926,37.3093799,-122.0504656
2224,FALSE,583849.3334,4129609.56,65611929,37.3093447,-122.0537837
2225,FALSE,581745.9924,4139388.92,65613167,37.3976707,-122.0764372
2226,FALSE,582349.1662,4139997.235,65613169,37.4030998,-122.0695556
2227,FALSE,581564.2933,4131851.471,65613258,37.3297539,-122.0793202
2228,FALSE,582644.0886,4131521.002,65613612,37.32668,-122.06717
2229,FALSE,584444.8384,4129783.949,65614316,37.3108625,-122.0470446
2230,FALSE,584753.3982,4129569.906,65614321,37.3089053,-122.0435874
2231,FALSE,590545.2518,4134186.391,65614416,37.3499651,-121.9776739
2232,FALSE,581433.2603,4131990.774,65614702,37.3310209,-122.0807838
2233,FALSE,581530.5646,4132101.377,65614705,37.3320092,-122.0796734
2234,FALSE,581348.1432,4132007.055,65614720,37.3311751,-122.0817427
2235,FALSE,590769.8225,4130981.326,65615035,37.3210576,-121.9755311
2236,FALSE,590030.2976,4131001.968,65615040,37.3213156,-121.983874
2237,FALSE,589759.1599,4131088.388,65615043,37.3221207,-121.9869233
2238,FALSE,582206.8374,4130610.469,65615994,37.3185124,-122.0722057
2239,FALSE,589339.1271,4131455.178,65616003,37.3254669,-121.9916192
2240,FALSE,583682.9853,4130504.074,65616049,37.3174217,-122.0555598
2241,FALSE,585278.1843,4129411.752,65616518,37.3074319,-122.0376843
2242,FALSE,584376.3486,4129658.202,65616682,37.3097354,-122.0478317
2243,FALSE,584317.9746,4129637.554,65616688,37.3095546,-122.0484927
2244,FALSE,589520.1749,4132450.774,65616799,37.3344223,-121.9894558
2245,FALSE,585856.7822,4129611.511,65617121,37.309179,-122.0311329
2246,FALSE,586100.5069,4130288.243,65617315,37.3152556,-122.0283044
2247,FALSE,589451.2658,4129948.454,65617345,37.3118767,-121.9905353
2248,FALSE,583372.8089,4131907.171,65618257,37.3300953,-122.0589023
2249,FALSE,583149.9528,4132143.961,65618259,37.3322494,-122.061391
2250,FALSE,591215.5412,4134379.895,65618265,37.3516434,-121.9700831
2251,FALSE,586665.8552,4132065.68,65618294,37.3312224,-122.0217173
2252,FALSE,585549.6807,4131533.527,65618918,37.3265298,-122.0343764
2253,FALSE,586089.2628,4131541.977,65618920,37.3265561,-122.0282858
2254,FALSE,588846.6115,4127776.269,65619041,37.2923577,-121.9976178
2255,FALSE,588549.7263,4127816.899,65619044,37.2927522,-122.000962
2256,FALSE,588426.0374,4127832.802,65619047,37.2929073,-122.0023554
2257,FALSE,587784.4432,4127876.254,65619053,37.2933597,-122.0095879
2258,FALSE,586053.9429,4127923.492,65619058,37.2939472,-122.0291039
2259,FALSE,585512.3436,4127908.317,65619063,37.2938604,-122.0352154
2260,FALSE,584890.7191,4127888.35,65619075,37.2937374,-122.0422302
2261,FALSE,584732.7876,4129597.536,65619223,37.3091562,-122.0438168
2262,FALSE,590474.3777,4135120.564,65620265,37.3583912,-121.9783599
2263,FALSE,590436.6791,4135190.426,65620268,37.3590245,-121.978777
2264,FALSE,583063.8065,4130817.168,65620486,37.3202991,-122.0625119
2265,FALSE,591407.4626,4134701.871,65620672,37.3545263,-121.9678767
2266,FALSE,589509.0416,4131835.744,65620876,37.3288804,-121.9896557
2267,FALSE,591998.6385,4131981.884,65620926,37.3299542,-121.9615401
2268,FALSE,583788.1732,4130413.788,65621023,37.3165985,-122.054383
2269,FALSE,583684.7031,4130380.077,65621030,37.316304,-122.0555544
2270,FALSE,588213.1439,4131714.436,65621268,37.3279111,-122.0042957
2271,FALSE,593780.0522,4132862.716,65621340,37.3377144,-121.9413236
2272,FALSE,592994.8025,4132736.469,65621347,37.3366556,-121.9502027
2273,FALSE,582366.4484,4131442.972,65621391,37.3260014,-122.0703121
2274,FALSE,589948.7475,4133623.992,65621398,37.3449545,-121.9844762
2275,FALSE,592178.6198,4133405.557,65621704,37.3427671,-121.9593318
2276,FALSE,592163.2385,4134126.138,65621708,37.3492628,-121.9594158
2277,FALSE,592160.4683,4134203.89,65621712,37.3499638,-121.9594374
2278,FALSE,588779.6736,4130488.555,65622002,37.3168088,-121.9980486
2279,FALSE,585500.3216,4130321.827,65622337,37.3156137,-122.0350731
2280,FALSE,585503.6427,4130072.057,65622339,37.3133623,-122.0350644
2281,FALSE,593025.2081,4130945.943,65622428,37.3205156,-121.9500841
2282,FALSE,593034.6289,4130448.18,65622454,37.3160286,-121.9500402
2283,FALSE,589060.8511,4134832.267,65622609,37.3559297,-121.9943539
2284,FALSE,589061.71,4134814.833,65622619,37.3557725,-121.9943463
2285,FALSE,589060.5542,4134844.347,65622624,37.3560386,-121.9943558
2286,FALSE,589236.248,4134975.474,65622643,37.3572035,-121.9923564
2287,FALSE,582418.8681,4134335.311,65622871,37.3520646,-122.0693989
2288,FALSE,584710.0771,4131547.823,65622986,37.3267356,-122.0438504
2289,FALSE,583775.6389,4130844.598,65623955,37.3204824,-122.0544758
2290,FALSE,583678.8962,4130841.412,65623967,37.3204624,-122.0555679
2291,FALSE,587016.7655,4131563.362,65624066,37.3266624,-122.0178157
2292,FALSE,590803.9192,4131405.541,65624521,37.3248775,-121.9750944
2293,FALSE,590700.6713,4131417.737,65624527,37.3249975,-121.9762581
2294,FALSE,584155.6335,4128766.317,65624973,37.3017171,-122.0504232
2295,FALSE,587482.138,4132967.036,65625096,37.3392694,-122.012398
2296,FALSE,587484.416,4132884.73,65625098,37.3385274,-122.012382
2297,FALSE,583381.7513,4131181.085,65625221,37.3235505,-122.058883
2298,FALSE,587598.0709,4130484.577,65625361,37.3168851,-122.0113826
2299,FALSE,587937.385,4130674.273,65625763,37.3185627,-122.0075312
2300,FALSE,586781.6116,4130898.306,65625804,37.3206905,-122.0205474
2301,FALSE,585497.0543,4131377.641,65625850,37.3251297,-122.0349883
2302,FALSE,584820.9729,4132193.439,65625874,37.3325442,-122.042525
2303,FALSE,584758.3171,4132192.394,65625875,37.3325405,-122.0432323
2304,FALSE,585217.8637,4128850.606,65625911,37.30238,-122.0384293
2305,FALSE,585321.7078,4130319.328,65626278,37.3156076,-122.0370889
2306,FALSE,585326.2461,4130066.996,65626279,37.313333,-122.0370667
2307,FALSE,588761.4896,4132219.226,65626551,37.3324083,-121.9980467
2308,FALSE,585164.9622,4131485.344,65626620,37.3261309,-122.0387238
2309,FALSE,591131.8335,4132465.618,65626723,37.3343993,-121.9712635
2310,FALSE,583491.4727,4131942.783,65626728,37.3304056,-122.057559
2311,FALSE,585414.7886,4131376.946,65626819,37.325131,-122.0359168
2312,FALSE,583904.158,4131231.563,65627108,37.3239584,-122.0529817
2313,FALSE,580598.4118,4132711.535,65627464,37.3375898,-122.0901281
2314,FALSE,580684.1419,4132517.749,65627470,37.3358358,-122.0891815
2315,FALSE,586088.2224,4131388.116,65627666,37.3251695,-122.0283154
2316,FALSE,585856.3765,4129581.916,65627721,37.3089123,-122.0311409
2317,FALSE,585856.9002,4129623.34,65627727,37.3092856,-122.0311302
2318,FALSE,583272.8527,4128366.739,65627738,37.2981953,-122.0604277
2319,FALSE,585900.6167,4130006.461,65627985,37.3127345,-122.0305926
2320,FALSE,588972.0519,4131800.604,65628560,37.3286153,-121.9957204
2321,FALSE,588737.9078,4131797.697,65628561,37.3286115,-121.9983633
2322,FALSE,581839.5967,4134345.633,65629057,37.3522089,-122.0759376
2323,FALSE,588372.5001,4133981.071,65629090,37.3483241,-122.002227
2324,FALSE,588375.4623,4133647.045,65629097,37.3453134,-122.0022334
2325,FALSE,594306.1123,4133029.973,65629153,37.3391685,-121.9353646
2326,FALSE,593574.0518,4134621.223,65629164,37.3535835,-121.9434267
2327,FALSE,592369.1556,4131986.842,65629465,37.3299621,-121.9573578
2328,FALSE,592291.0403,4131986.158,65629467,37.3299637,-121.9582395
2329,FALSE,591047.4796,4131971.139,65629470,37.3299511,-121.9722763
2330,FALSE,590823.3323,4131978.934,65629471,37.3300433,-121.9748051
2331,FALSE,590584.7409,4131964.831,65629475,37.3299395,-121.9774996
2332,FALSE,590454.4874,4131963.678,65629477,37.3299418,-121.9789698
2333,FALSE,589523.5096,4132132.408,65629482,37.3315527,-121.9894566
2334,FALSE,588973.5015,4132103.486,65629484,37.3313449,-121.9956677
2335,FALSE,588760.8478,4132103.469,65629488,37.3313651,-121.9980678
2336,FALSE,588411.6533,4132202.097,65629491,37.3322873,-122.0019972
2337,FALSE,588211.6021,4132200.352,65629492,37.3322906,-122.0042553
2338,FALSE,584948.5998,4128940.618,65629863,37.3032159,-122.0414569
2339,FALSE,584723.0443,4129014.238,65629868,37.3039,-122.0439933
2340,FALSE,584704.9008,4129060.722,65629869,37.3043206,-122.0441927
2341,FALSE,588771.0781,4133813.875,65630563,37.3467792,-121.9977475
2342,FALSE,591003.5454,4133253.796,65630865,37.3415153,-121.9726147
2343,FALSE,584516.3172,4129267.19,65631463,37.3061986,-122.0462969
2344,FALSE,588176.142,4134239.713,65631487,37.3506738,-122.0044129
2345,FALSE,584138.0003,4130005.522,65631746,37.3128873,-122.0504817
2346,FALSE,584249.6647,4130007.266,65631750,37.3128929,-122.0492215
2347,FALSE,585549.4781,4131378.21,65632338,37.32513,-122.0343966
2348,FALSE,583172.1707,4130050.885,65633421,37.3133831,-122.0613749
2349,FALSE,590016.3085,4132201.372,65634355,37.3321266,-121.9838863
2350,FALSE,587115.024,4130351.284,65634650,37.3157292,-122.0168491
2351,FALSE,588796.6263,4132370.588,65634755,37.3337691,-121.997632
2352,FALSE,588758.7568,4132370.797,65634757,37.3337746,-121.9980594
2353,FALSE,589616.7151,4135331.855,65635093,37.3603787,-121.9880177
2354,FALSE,589536.7869,4135653.108,65635095,37.3632817,-121.9888813
2355,FALSE,584609.2731,4132460.739,65635240,37.3349726,-122.0448839
2356,FALSE,586955.0829,4132876.86,65635355,37.3385062,-122.0183578
2357,FALSE,586862.9591,4132561.543,65635357,37.335673,-122.0194346
2358,FALSE,586737.3955,4130245.352,65635465,37.3148098,-122.0211227
2359,FALSE,586777.7147,4130055.803,65635472,37.3130977,-122.0206899
2360,FALSE,592598.107,4133448.271,65635548,37.3431103,-121.9545913
2361,FALSE,588940.2203,4134486.927,65635713,37.3528289,-121.9957573
2362,FALSE,592658.7455,4132859.621,65636131,37.3377991,-121.9539804
2363,FALSE,589740.7832,4133854.247,65636590,37.3470498,-121.9867959
2364,FALSE,589738.3245,4134184.962,65636592,37.3500306,-121.9867836
2365,FALSE,590546.6928,4133996.825,65637099,37.3482565,-121.9776808
2366,FALSE,589914.3374,4134257.965,65637128,37.3506715,-121.9847877
2367,FALSE,589997.1842,4134814.53,65637130,37.3556795,-121.9837848
2368,FALSE,589994.6587,4134908.451,65637131,37.3565262,-121.9838019
2369,FALSE,589992.2309,4134992.475,65637133,37.3572837,-121.9838191
2370,FALSE,589809.9815,4135374.584,65637162,37.3607451,-121.9858304
2371,FALSE,589661.3866,4135787.903,65637164,37.3644845,-121.9874581
2372,FALSE,584139.3763,4129904.722,65637798,37.3119787,-122.0504776
2373,FALSE,583690.2031,4129858.07,65637803,37.3115988,-122.0555512
2374,FALSE,583395.1698,4129850.567,65637805,37.3115577,-122.0588811
2375,FALSE,583335.8697,4129857,65637807,37.311621,-122.0595495
2376,FALSE,586737.9834,4132873.652,65637836,37.3384976,-122.0208087
2377,FALSE,585292.0543,4128965.223,65638211,37.3034062,-122.0375791
2378,FALSE,591217.6934,4133624.529,65638862,37.3448355,-121.9701518
2379,FALSE,590944.9009,4133618.63,65638866,37.3448091,-121.9732319
2380,FALSE,583344.7157,4131520.736,65639014,37.326615,-122.0592628
2381,FALSE,584785.0158,4129145.669,65639125,37.3050789,-122.0432791
2382,FALSE,592551.7022,4132887.829,65639777,37.338064,-121.9551851
2383,FALSE,592072.1794,4134125.036,65640046,37.3492619,-121.9604439
2384,FALSE,588223.2365,4130443.806,65640665,37.3164585,-122.0043329
2385,FALSE,589038.1344,4131713.917,65641111,37.3278277,-121.994985
2386,FALSE,584938.0944,4130314.718,65641417,37.3156012,-122.0414182
2387,FALSE,584934.0801,4130181.887,65641418,37.3144044,-122.0414787
2388,FALSE,584940.3085,4129716.306,65641428,37.3102077,-122.0414617
2389,FALSE,584952.1783,4128840.33,65641439,37.3023117,-122.041428
2390,FALSE,584977.1284,4128222.478,65641468,37.2967409,-122.0412172
2391,FALSE,589306.1738,4134552.675,65641879,37.3533863,-121.9916179
2392,FALSE,589200.3047,4134549.603,65641882,37.3533688,-121.9928135
2393,FALSE,590449.5079,4134987.024,65641972,37.3571901,-121.978657
2394,FALSE,586805.8647,4129879.342,65642473,37.3115047,-122.0203929
2395,FALSE,582479.1945,4134335.573,65642761,37.3520616,-122.0687178
2396,FALSE,586852.6315,4131997.836,65642990,37.3305935,-122.0196172
2397,FALSE,583978.1563,4130053.714,65643781,37.3133361,-122.0522799
2398,FALSE,583979.5609,4129984.348,65643785,37.3127108,-122.0522719
2399,FALSE,592708.9999,4134223.056,65644073,37.3500819,-121.9532426
2400,FALSE,580747.0743,4132616.517,65644869,37.3367205,-122.0884604
2401,FALSE,592511.5677,4134134.367,65645287,37.3493023,-121.9554825
2402,FALSE,592474.9645,4134208.171,65645289,37.3499711,-121.9558865
2403,FALSE,584135.31,4130303.285,65645389,37.3155712,-122.0504783
2404,FALSE,583686.0402,4130295.932,65645400,37.3155455,-122.0555488
2405,FALSE,583233.5383,4130079.7,65645443,37.3136373,-122.0606792
2406,FALSE,590385.5995,4133036.422,65645529,37.3396166,-121.9796165
2407,FALSE,588066.3591,4129883.714,65645537,37.3114255,-122.0061696
2408,FALSE,583485.3155,4131037.411,65645638,37.3222463,-122.0577304
2409,FALSE,582010.3648,4134338.075,65646408,37.3521257,-122.0740105
2410,FALSE,588031.0672,4132978.707,65646778,37.3393227,-122.0062005
2411,FALSE,586232.3133,4131469.387,65646925,37.3258886,-122.0266798
2412,FALSE,590770.8318,4132671.038,65647109,37.336286,-121.9753129
2413,FALSE,590661.1752,4132617.91,65647111,37.3358179,-121.9765571
2414,FALSE,588742.9561,4132020.184,65647116,37.3306162,-121.9982797
2415,FALSE,581927.9517,4139300.297,65647319,37.3968559,-122.0743915
2416,FALSE,583278.5681,4132450.675,65647418,37.3350022,-122.0599049
2417,FALSE,590484.0478,4130408.225,65648433,37.3159204,-121.9788259
2418,FALSE,584330.6164,4128867.714,65648617,37.3026151,-122.0484375
2419,FALSE,582013.612,4139104.181,65649133,37.3950808,-122.0734456
2420,FALSE,582073.6946,4139229.319,65649134,37.3962033,-122.072753
2421,FALSE,585091.4836,4130404.762,65649408,37.3163987,-122.039677
2422,FALSE,590245.3527,4130404.495,65649478,37.31591,-121.9815198
2423,FALSE,583818.314,4130052.357,65649912,37.3133383,-122.0540837
2424,FALSE,583819.6297,4129982.879,65649914,37.312712,-122.0540767
2425,FALSE,594800.8614,4134014.124,65650668,37.3479876,-121.9296543
2426,FALSE,586278.0737,4130458.689,65650757,37.3167753,-122.0262809
2427,FALSE,590501.5715,4135430.43,65651305,37.3611812,-121.978015
2428,FALSE,582165.4769,4139184.264,65651542,37.3957891,-122.0717212
2429,FALSE,583681.6399,4130603.231,65651767,37.3183155,-122.0555638
2430,FALSE,583376.5157,4130573.204,65651775,37.3180723,-122.0590104
2431,FALSE,583335.2875,4130344.76,65651798,37.3160171,-122.0595013
2432,FALSE,594171.1302,4132988.197,65651908,37.3388057,-121.9368935
2433,FALSE,589917.4978,4132246.113,65652426,37.3325394,-121.9849961
2434,FALSE,586888.3998,4130150.242,65652541,37.3139385,-122.0194299
2435,FALSE,590544.2671,4134282.248,65652680,37.3508291,-121.9776733
2436,FALSE,586982.2652,4130095.061,65652705,37.3134324,-122.0183772
2437,FALSE,588182.4239,4132893.311,65653487,37.3385387,-122.0045022
2438,FALSE,591415.0498,4134117.139,65654065,37.3492557,-121.9678632
2439,FALSE,587514.9421,4130625.753,65654121,37.3181653,-122.012304
2440,FALSE,582801.0882,4132261.764,65654929,37.3333423,-122.0653154
2441,FALSE,588857.3187,4129900.002,65655254,37.311497,-121.9972429
2442,FALSE,585368.0934,4128852.135,65655292,37.30238,-122.0367342
2443,FALSE,583377.1534,4129925.26,65655415,37.3122325,-122.059076
2444,FALSE,587127.5229,4131566.057,65656299,37.3266763,-122.0165654
2445,FALSE,586854.603,4131560.214,65656300,37.3266492,-122.0196462
2446,FALSE,583597.2479,4132816.996,65657176,37.3382751,-122.0562666
2447,FALSE,586052.3586,4131314.361,65657237,37.3245081,-122.0287287
2448,FALSE,582573.801,4129858.34,65657488,37.3117011,-122.0681483
2449,FALSE,592997.8446,4132298.495,65657522,37.3327081,-121.9502233
2450,FALSE,581836.2164,4130386.207,65657917,37.3165239,-122.0764128
2451,FALSE,584698.8555,4131525.463,65658171,37.3265351,-122.0439796
2452,FALSE,583483.9966,4131245.193,65658478,37.3241191,-122.0577219
2453,FALSE,588458.7633,4132339.471,65658714,37.3335209,-122.0014491
2454,FALSE,588511.0944,4132419.491,65658716,37.3342371,-122.0008489
2455,FALSE,588543.67,4130418.351,65659352,37.3161986,-122.0007201
2456,FALSE,588627.9564,4129987.091,65659353,37.3123038,-121.9998205
2457,FALSE,593012.068,4131491.333,65660397,37.3254322,-121.950164
2458,FALSE,592996.6657,4132454.811,65660414,37.334117,-121.950217
2459,FALSE,592994.8195,4132820.231,65660419,37.3374105,-121.950192
2460,FALSE,584785.4631,4128845.742,65660509,37.3023757,-122.0433083
2461,FALSE,580822.585,4134403.214,65660546,37.352817,-122.0874132
2462,FALSE,592479.2058,4132924.598,65660717,37.3384026,-121.9559988
2463,FALSE,585366.3116,4128724.275,65661605,37.3012278,-122.036769
2464,FALSE,584808.6628,4128762.173,65661848,37.3016204,-122.0430561
2465,FALSE,589096.1524,4133740.926,65662048,37.3460906,-121.9940866
2466,FALSE,582381.9688,4131820.535,65662275,37.3294029,-122.070095
2467,FALSE,582494.1947,4130674.764,65662617,37.3190664,-122.0689558
2468,FALSE,582731.0948,4134338.339,65662802,37.3520641,-122.0658736
2469,FALSE,594446.4993,4133094.338,65663883,37.3397343,-121.9337718
2470,FALSE,593930.1177,4132890.219,65663885,37.3379471,-121.9396263
2471,FALSE,583375.9044,4130029.356,65664972,37.3131708,-122.0590784
2472,FALSE,588027.3852,4133060.898,65665001,37.3400638,-122.0062323
2473,FALSE,590897.0856,4132209.883,65665555,37.3321175,-121.9739444
2474,FALSE,588781.5939,4130409.408,65665673,37.3160953,-121.9980364
2475,FALSE,585055.3715,4128942.922,65667324,37.3032269,-122.040252
2476,FALSE,582275.2925,4131301.186,65667589,37.3247316,-122.0713566
2477,FALSE,589299.6185,4129708.313,65667670,37.309727,-121.9922753
2478,FALSE,587323.953,4130622.494,65668489,37.3181539,-122.0144596
2479,FALSE,588209.5671,4132359.797,65668517,37.3337278,-122.0042593
2480,FALSE,590455.4031,4131869.929,65670586,37.3290968,-121.9789709
2481,FALSE,587564.2409,4132884.511,65671026,37.3385179,-122.011481
2482,FALSE,588576.2987,4134145.224,65671288,37.3497841,-121.9999067
2483,FALSE,585123.4371,4129130.982,65671556,37.3049156,-122.0394625
2484,FALSE,593741.4455,4132943.849,65671655,37.3384495,-121.9417491
2485,FALSE,586697.378,4130897.178,65672378,37.3206882,-122.0214981
2486,FALSE,588968.2167,4129752.232,65673178,37.3101546,-121.9960093
2487,FALSE,588969.8382,4132236.384,65673189,37.332543,-121.9956931
2488,FALSE,588914.83,4135142.036,65673203,37.3587355,-121.9959653
2489,FALSE,584690.9115,4129962.131,65673363,37.312446,-122.0442477
2490,FALSE,589341.783,4131249.493,65673853,37.3236129,-121.991614
2491,FALSE,592888.3178,4132512.171,65674114,37.3346448,-121.9514327
2492,FALSE,584897.7851,4129712.014,65674121,37.3101729,-122.041942
2493,FALSE,587037.3664,4133029.481,65674649,37.339874,-122.0174111
2494,FALSE,582289.2354,4130468.536,65675419,37.3172259,-122.0712916
2495,FALSE,589879.4869,4133251.641,65676053,37.3416054,-121.9853032
2496,FALSE,590493.5226,4132739.136,65676247,37.3369268,-121.9784346
2497,FALSE,584140.2852,4129838.947,65676278,37.3113858,-122.0504748
2498,FALSE,582472.7861,4130401.173,65676724,37.3166025,-122.0692278
2499,FALSE,586856.5662,4132166.807,65677013,37.332116,-122.019553
2500,FALSE,581592.8156,4135852.29,65677035,37.3658097,-122.0785577
2501,FALSE,586854.755,4130535.962,65678222,37.317418,-122.0197644
2502,FALSE,584495.6391,4129885.763,65679416,37.3117755,-122.0464598
2503,FALSE,584137.3103,4130055.677,65679836,37.3133394,-122.0504838
2504,FALSE,586034.2244,4133008.387,65681010,37.3397774,-122.0287368
2505,FALSE,584388.66,4130196.356,65681062,37.3145845,-122.0476316
2506,FALSE,582557.8796,4131924.801,65681436,37.330327,-122.068098
2507,FALSE,587515.6122,4130357.292,65681454,37.3157457,-122.0123281
2508,FALSE,586659.1199,4130972.853,65681546,37.3213738,-122.021921
2509,FALSE,588813.3609,4131873.981,65681828,37.3292918,-121.9975026
2510,FALSE,588758.0891,4132406.185,65682376,37.3340936,-121.9980627
2511,FALSE,583679.0759,4130804.81,65682536,37.3201325,-122.05557
2512,FALSE,585036.5409,4129007.129,65682906,37.3038073,-122.0404571
2513,FALSE,585076.1777,4128837.804,65682914,37.3022776,-122.0400293
2514,FALSE,589276.9379,4132463.066,65683044,37.3345565,-121.9921997
2515,FALSE,586776.2952,4131395.809,65683113,37.3251748,-122.0205492
2516,FALSE,586990.2463,4132618.576,65683175,37.3361751,-122.0179912
2517,FALSE,586092.8856,4131476.618,65683955,37.3259667,-122.0282525
2518,FALSE,585683.2577,4130232.747,65684267,37.314794,-122.0330191
2519,FALSE,587940.4324,4130570.583,65684718,37.3176279,-122.0075091
2520,FALSE,586327.4998,4139511.327,67036838,37.3983583,-122.0246679
2521,FALSE,585850.0577,4137819.499,80315898,37.383155,-122.0302578
2522,FALSE,588905.8193,4136919.12,80687965,37.3747523,-121.9958536
2523,FALSE,590476.7076,4138200.016,80698939,37.3861443,-121.9779571
2524,FALSE,588576.7003,4138863.127,82464810,37.3923041,-121.9993375
2525,FALSE,588819.623,4138775.354,82464828,37.3914898,-121.9966041
2526,FALSE,583301.5644,4132144.814,92274382,37.3322435,-122.0596797
2527,FALSE,582907.208,4140440.868,102212724,37.4070483,-122.0632014
2528,FALSE,591448.3218,4132640.478,120745794,37.3359441,-121.9676698
2529,FALSE,591639.1645,4137536.584,121128074,37.380051,-121.9649099
2530,FALSE,591458.4597,4137814.863,121128152,37.3825768,-121.9669163
2531,FALSE,591768.8815,4137771.376,121128193,37.3821542,-121.9634158
2532,FALSE,591693.8588,4137796.384,121128205,37.382387,-121.96426
2533,FALSE,591412.5462,4137892.919,121128212,37.3832848,-121.9674252
2534,FALSE,582534.568,4137238.498,150089564,37.3782198,-122.067769
2535,FALSE,582484.4773,4137949.703,152195400,37.3846341,-122.0682554
2536,FALSE,585384.5754,4136747.685,152306633,37.3735382,-122.0356388
2537,FALSE,585402.957,4136740.051,152306651,37.3734677,-122.0354321
2538,FALSE,583037.0156,4136999.974,152311603,37.3760252,-122.0621213
2539,FALSE,583303.9387,4136873.423,152311607,37.3748607,-122.0591211
2540,FALSE,581653.127,4136386.881,183968499,37.3706225,-122.0778177
2541,FALSE,589169.099,4134376.832,185982651,37.3518147,-121.9931866
2542,FALSE,582533.8173,4137446.254,187632461,37.3800923,-122.0677543
2543,FALSE,588476.1799,4134427.891,189703959,37.3523412,-122.0010032
2544,FALSE,588325.5829,4134421.817,189703964,37.3523008,-122.0027041
2545,FALSE,588620.3852,4134413.551,189703965,37.3521982,-121.9993769
2546,FALSE,588620.089,4134432.311,189703966,37.3523673,-121.999378
2547,FALSE,589018.5489,4134444.488,189703970,37.3524389,-121.9948781
2548,FALSE,589196.7594,4134430.22,189703983,37.3522932,-121.9928679
2549,FALSE,589199.4227,4134445.438,189703992,37.3524301,-121.992836
2550,FALSE,589579.4747,4134452.763,189707404,37.3524595,-121.9885445
2551,FALSE,589580.3044,4134434.02,189707415,37.3522905,-121.9885374
2552,FALSE,589734.3994,4134453.359,189707422,37.3524499,-121.9867954
2553,FALSE,589735.6122,4134437.738,189707433,37.352309,-121.9867836
2554,FALSE,589999.4788,4134456.473,189707455,37.3524523,-121.9838024
2555,FALSE,589999.4789,4134440.817,189707465,37.3523112,-121.9838043
2556,FALSE,588950.0781,4133025.864,189709447,37.3396601,-121.9958214
2557,FALSE,588969.0524,4133030.238,189709454,37.3396977,-121.9956067
2558,FALSE,588956.7484,4133460.841,189709462,37.3435797,-121.9956939
2559,FALSE,588954.7133,4133658.888,189709475,37.3453648,-121.9956931
2560,FALSE,588935.2817,4133657.661,189709486,37.3453556,-121.9959126
2561,FALSE,588123.6133,4134399.548,189710889,37.3521193,-122.0049869
2562,FALSE,588123.3703,4134415.889,189710899,37.3522666,-122.0049877
2563,FALSE,586003.435,4135808.03,189722624,37.3650123,-122.0287593
2564,FALSE,586343.571,4135461.925,189722632,37.3618614,-122.024959
2565,FALSE,585714.1977,4136095.121,189722648,37.3676265,-122.031992
2566,FALSE,583398.9482,4138327.51,189759202,37.3879573,-122.0578842
2567,FALSE,585962.5929,4137881.416,189838400,37.3837026,-122.0289796
2568,FALSE,585780.7033,4137906.664,189838411,37.383947,-122.031031
2569,FALSE,581375.7955,4133293.346,190084477,37.3427657,-122.0812894
2570,FALSE,583772.882,4138554.207,191205608,37.3899667,-122.0536349
2571,FALSE,584926.0972,4136368.083,191692186,37.3701591,-122.0408599
2572,FALSE,584920.8864,4136349.278,191692199,37.3699901,-122.0409209
2573,FALSE,582432.3015,4138252.095,193209044,37.3873641,-122.068811
2574,FALSE,582778.0742,4137118.046,199714977,37.3771125,-122.0650324
2575,FALSE,583745.8542,4138562.945,205905737,37.3900479,-122.0539392
2576,FALSE,591438.9793,4135722.952,206658148,37.3637256,-121.9673948
2577,FALSE,594115.6532,4132393.367,206680206,37.3334505,-121.9375952
2578,FALSE,587057.6005,4132154.926,206691786,37.3319901,-122.0172854
2579,FALSE,587587.5334,4131817.768,206691795,37.3289016,-122.0113441
2580,FALSE,583059.3798,4134683.899,206696652,37.3551492,-122.0621286
2581,FALSE,582667.6899,4138009.477,212678078,37.3851565,-122.0661794
2582,FALSE,585739.4649,4131946.392,220217924,37.3302333,-122.0321868
2583,FALSE,585732.995,4132481.929,220218003,37.3350605,-122.0321979
2584,FALSE,585402.767,4132413.489,220218075,37.3344741,-122.0359331
2585,FALSE,585390.5505,4132387.334,220218084,37.3342395,-122.036074
2586,FALSE,582466.2943,4138127.007,220226948,37.3862337,-122.068441
2587,FALSE,582379.0326,4138690.775,220226963,37.3913225,-122.0693638
2588,FALSE,581840.987,4138856.788,222335940,37.3928664,-122.075423
2589,FALSE,590282.1197,4134443.509,222355829,37.352308,-121.9806131
2590,FALSE,590281.8102,4134459.051,222355845,37.3524481,-121.9806147
2591,FALSE,582556.5042,4132518.67,224490742,37.3356795,-122.0680474
2592,FALSE,582542.7309,4132516.548,224490757,37.3356616,-122.0682031
2593,FALSE,581404.9789,4131928.853,224505318,37.3304653,-122.0811098
2594,FALSE,581429.0172,4131951.533,224505328,37.3306676,-122.080836
2595,FALSE,585479.8204,4137117.399,225190485,37.3768615,-122.0345205
2596,FALSE,584106.0585,4131121.78,240261937,37.3229507,-122.0507156
2597,FALSE,582386.8162,4129693.319,240272853,37.3102304,-122.0702765
2598,FALSE,582295.09,4129502.93,240272885,37.3085226,-122.0713326
2599,FALSE,582473.6737,4132047.884,240285382,37.3314438,-122.0690347
2600,FALSE,582526.5283,4131119.952,240285409,37.3230759,-122.0685414
2601,FALSE,582498.8287,4131209.885,240286009,37.3238889,-122.068844
2602,FALSE,582550.4143,4132646.54,240287378,37.3368325,-122.0681019
2603,FALSE,581674.4068,4134196.538,240288707,37.3508797,-122.077819
2604,FALSE,581677.5312,4133993.611,240288715,37.3490505,-122.0778061
2605,FALSE,581678.7822,4133900.877,240288726,37.3482146,-122.0778022
2606,FALSE,581659.9397,4135607.026,240290928,37.3635933,-122.0778268
2607,FALSE,583551.5969,4136757.085,240296607,37.3737899,-122.0563374
2608,FALSE,581661.5074,4133595.273,240297573,37.3454618,-122.0780309
2609,FALSE,581668.4221,4134801.169,240446430,37.3563296,-122.0778199
2610,FALSE,581668.7069,4134655.933,240446432,37.3550206,-122.0778327
2611,FALSE,581667.9581,4134850.495,240446434,37.3567742,-122.0778197
2612,FALSE,581664.4191,4134952.572,240446438,37.3576945,-122.0778484
2613,FALSE,581663.0452,4135039.746,240446440,37.3584803,-122.0778543
2614,FALSE,581661.9119,4135161.219,240446444,37.3595752,-122.0778537
2615,FALSE,581662.6943,4135222.563,240446445,37.360128,-122.0778381
2616,FALSE,581662.2395,4135351.643,240446447,37.3612914,-122.077829
2617,FALSE,581654.8823,4136296.948,240447300,37.3698118,-122.0778078
2618,FALSE,582474.4375,4137843.852,240448549,37.383681,-122.0683806
2619,FALSE,585507.9161,4134365.981,240985701,37.3520615,-122.034521
2620,FALSE,595544.0227,4133880.874,245917505,37.3467105,-121.9212822
2621,FALSE,595734.197,4134032.799,245919614,37.3480601,-121.9191158
2622,FALSE,587228.0768,4132399.795,247385699,37.334181,-122.0153325
2623,FALSE,587318.8685,4132792.416,247385811,37.337711,-122.0142615
2624,FALSE,587310.9438,4132398.85,247385812,37.3341647,-122.0143973
2625,FALSE,587329.0949,4132397.409,247385813,37.33415,-122.0141926
2626,FALSE,587227.7323,4132504.245,247385814,37.3351224,-122.0153241
2627,FALSE,587313.0782,4132235.035,247385931,37.3326881,-122.0143925
2628,FALSE,582915.2393,4137055.829,247401272,37.3765395,-122.0634903
2629,FALSE,588820.0329,4134443.32,247962497,37.3524474,-121.9971194
2630,FALSE,588623.4869,4134536.28,247962498,37.353304,-121.9993272
2631,FALSE,585871.2784,4135942.127,247962569,37.3662331,-122.030236
2632,FALSE,587667.7581,4131153.405,251390552,37.3229064,-122.0105172
2633,FALSE,588022.1922,4131163.892,251390554,37.3229674,-122.0065161
2634,FALSE,583318.0989,4134341.736,251394978,37.3520422,-122.0592461
2635,FALSE,586048.1985,4132424.827,255655733,37.3345167,-122.0286468
2636,FALSE,585881.0638,4131978.889,255655819,37.3305131,-122.0305849
2637,FALSE,585708.6517,4132331.114,255655914,37.3337035,-122.0324901
2638,FALSE,585733.9965,4132330.563,255655915,37.3336962,-122.0322041
2639,FALSE,582514.1897,4132295.989,257568203,37.3336763,-122.0685498
2640,FALSE,582549.6411,4132468.972,257879159,37.3352322,-122.0681304
2641,FALSE,586539.2927,4137734.838,257880746,37.3823279,-122.0224833
2642,FALSE,587611.3565,4137196.931,257880918,37.3773793,-122.010439
2643,FALSE,590268.5277,4137230.642,257881135,37.3774282,-121.9804267
2644,FALSE,588877.3251,4138270.612,257881171,37.3869353,-121.996013
2645,FALSE,588867.3271,4138582.019,257881189,37.3897428,-121.9960885
2646,FALSE,590553.4416,4130648.797,257883573,37.3180818,-121.9780135
2647,FALSE,592588.4022,4130495.539,257883727,37.3165,-121.9550695
2648,FALSE,593495.0489,4130523.156,257884185,37.3166581,-121.9448354
2649,FALSE,582405.7138,4138777.972,258107423,37.392106,-122.0690527
2650,FALSE,582473.1125,4138743.731,258107770,37.3917914,-122.0682952
2651,FALSE,584343.4186,4140034.156,258944399,37.4032531,-122.0470216
2652,FALSE,591411.8194,4136928.305,258953119,37.3745914,-121.9675526
2653,FALSE,587325.3444,4132155.685,258965243,37.3319718,-122.0142634
2654,FALSE,589273.7911,4130775.017,258965297,37.3193432,-121.9924384
2655,FALSE,588247.3913,4131397.462,258965393,37.3250511,-122.0039469
2656,FALSE,588997.125,4130966.5,258965462,37.3210955,-121.9955375
2657,FALSE,589014.801,4131191.763,258965477,37.323124,-121.995311
2658,FALSE,588972.8174,4132821.135,258965487,37.3378128,-121.9955893
2659,FALSE,591573.1707,4136883.015,258965539,37.3741673,-121.9657361
2660,FALSE,591575.881,4136735.891,258965546,37.3728411,-121.9657237
2661,FALSE,591556.0798,4136888.697,258965571,37.3742202,-121.9659284
2662,FALSE,591556.9789,4136736.317,258965574,37.3728468,-121.9659371
2663,FALSE,591552.2075,4137132.197,258965597,37.3764151,-121.965942
2664,FALSE,590967.6134,4138005.256,258966218,37.384341,-121.9724365
2665,FALSE,588857.7623,4136733.443,258968455,37.3730835,-121.9964186
2666,FALSE,587089.9752,4137424.179,258968512,37.3794765,-122.0163004
2667,FALSE,587088.8337,4137400.322,258968521,37.3792616,-122.0163161
2668,FALSE,582522.2333,4130996.529,258972732,37.3219639,-122.0686036
2669,FALSE,585693.1553,4134366.989,258972825,37.3520535,-122.0324296
2670,FALSE,585747.4512,4131140.772,258972910,37.3229718,-122.0321898
2671,FALSE,585742.1724,4131537.627,258972911,37.326549,-122.0322035
2672,FALSE,582472.621,4131701.541,258987040,37.3283224,-122.0690851
2673,FALSE,588910.1257,4134842.291,259042546,37.3560345,-121.9960544
2674,FALSE,582056.6355,4139695.03,259415186,37.4004021,-122.072894
2675,FALSE,586148.6683,4131132.653,261965133,37.3228615,-122.0276629
2676,FALSE,585699.5819,4134850.523,262239622,37.3564108,-122.0323011
2677,FALSE,585708.8113,4134384.703,262239625,37.3522117,-122.0322508
2678,FALSE,585719.7602,4133364.667,262239989,37.3430175,-122.0322452
2679,FALSE,588858.9343,4134805.253,262241011,37.3557056,-121.9966368
2680,FALSE,583250.2524,4134341.46,262243345,37.3520458,-122.0600121
2681,FALSE,591767.8114,4131244.234,262256296,37.323329,-121.9642365
2682,FALSE,591263.7636,4131232.344,262256297,37.3232715,-121.9699262
2683,FALSE,591559.0999,4131237.2,262256298,37.3232862,-121.9665927
2684,FALSE,590953.1169,4131219.177,262256319,37.3231833,-121.9734335
2685,FALSE,590273.0826,4131205.814,262256322,37.3231292,-121.9811094
2686,FALSE,581670.6341,4134554.728,262451945,37.3541083,-122.0778221
2687,FALSE,586544.5209,4131137.867,262659449,37.3228717,-122.023195
2688,FALSE,586863.4985,4131141.848,262659455,37.3228778,-122.0195948
2689,FALSE,583778.08,4129899.07,262843285,37.3119604,-122.054555
2690,FALSE,584828.4091,4129921.992,262844406,37.3120717,-122.0427008
2691,FALSE,585000.4119,4129428.356,262844455,37.307607,-122.0408165
2692,FALSE,587955.4249,4127989.39,262846581,37.2943632,-122.0076457
2693,FALSE,589303.3635,4131194.448,262982776,37.3231205,-121.9920542
2694,FALSE,589303.3603,4131180.623,262982777,37.3229959,-121.9920559
2695,FALSE,589722.9249,4131189.358,262983016,37.3230342,-121.98732
2696,FALSE,588966.5502,4131585.456,262985424,37.3266768,-121.9958083
2697,FALSE,588994.8019,4132104.279,262985590,37.33135,-121.9954272
2698,FALSE,588987.4652,4131898.487,262985611,37.329496,-121.9955347
2699,FALSE,589019.7658,4131043.19,262985891,37.3217845,-121.9952728
2700,FALSE,589016.2895,4131172.617,262985892,37.3229513,-121.9952965
2701,FALSE,588999.4488,4130878.769,262986320,37.3203046,-121.9955218
2702,FALSE,589006.2568,4130498.406,262986322,37.3168759,-121.9954906
2703,FALSE,588977.1159,4129697.07,262986827,37.3096566,-121.9959155
2704,FALSE,588995.9917,4129924.953,262986828,37.3117086,-121.9956752
2705,FALSE,588999.6653,4130292.29,262986830,37.3150189,-121.9955897
2706,FALSE,589003.454,4130381.905,262986831,37.3158262,-121.9955362
2707,FALSE,588997.2732,4129891.091,262986999,37.3114033,-121.9956648
2708,FALSE,588997.6127,4129842.463,262987150,37.310965,-121.9956668
2709,FALSE,589014.88,4129678.742,262987152,37.3094878,-121.9954916
2710,FALSE,588981.4463,4130868.381,262987520,37.3202127,-121.9957262
2711,FALSE,586770.3318,4130802.467,266192550,37.3198278,-122.0206859
2712,FALSE,592999.0094,4132126.7,267790812,37.3311597,-121.9502317
2713,FALSE,581659.3052,4135476.149,272260185,37.3624138,-122.0778484
2714,FALSE,584161.0313,4131200.345,272272951,37.3236538,-122.0500863
2715,FALSE,584233.3713,4131102.689,272273323,37.3227671,-122.049281
2716,FALSE,584513.5109,4131110.073,272273326,37.3228082,-122.0461187
2717,FALSE,580771.2561,4134355.529,272282623,37.3523917,-122.0879979
2718,FALSE,580734.8801,4134335.162,272283134,37.3522113,-122.0884108
2719,FALSE,580940.0017,4134275.776,272301632,37.3516582,-122.0861015
2720,FALSE,580895.7424,4134333.244,272301697,37.35218,-122.0865949
2721,FALSE,582502.794,4132749.99,272303323,37.3377691,-122.0686279
2722,FALSE,582460.5563,4132746.056,272303325,37.3377374,-122.0691051
2723,FALSE,582490.1322,4132780.732,272303698,37.3380473,-122.0687674
2724,FALSE,582505.0722,4132780.392,272303699,37.3380429,-122.0685988
2725,FALSE,582517.6029,4132801.574,272303848,37.3382327,-122.068455
2726,FALSE,582446.2167,4132843.699,272304455,37.3386187,-122.0692561
2727,FALSE,586854.1704,4132687.864,273006760,37.3368123,-122.019519
2728,FALSE,588493.0177,4132908.141,273009624,37.3386428,-122.0009946
2729,FALSE,581529.6876,4133453.364,274844933,37.3441944,-122.0795346
2730,FALSE,582988.78,4131796.549,276314985,37.3291327,-122.063249
2731,FALSE,582974.7328,4131544.855,276314999,37.3268655,-122.0634357
2732,FALSE,582506.457,4131342.14,276315176,37.3250802,-122.0687432
2733,FALSE,582487.1675,4131340.296,276315177,37.3250653,-122.0689611
2734,FALSE,582474.6542,4131444.814,276315208,37.3260084,-122.0690907
2735,FALSE,584502.3838,4129298.893,276315671,37.3064856,-122.0464505
2736,FALSE,582059.8328,4130619.601,276316227,37.3186077,-122.0738636
2737,FALSE,582595.5908,4132504.476,276317769,37.3355481,-122.0676078
2738,FALSE,582808.7294,4132328.512,276317974,37.3339432,-122.0652217
2739,FALSE,581706.0198,4134340.71,276318106,37.3521763,-122.0774462
2740,FALSE,591201.4503,4136927.127,276323291,37.3746015,-121.9699284
2741,FALSE,591080.3216,4136923.731,276323301,37.3745828,-121.9712967
2742,FALSE,581678.8702,4133912.727,276835879,37.3483214,-122.0777999
2743,FALSE,584653.3681,4134356,276837582,37.3520499,-122.0441697
2744,FALSE,584495.3738,4134354.28,276837588,37.3520488,-122.0459536
2745,FALSE,584269.5169,4134354.753,276837596,37.3520736,-122.0485034
2746,FALSE,581562.8138,4133488.349,276838638,37.3445068,-122.0791568
2747,FALSE,581605.7323,4133534.736,276838862,37.3449211,-122.0786672
2748,FALSE,582465.6236,4131874.872,276838932,37.3298852,-122.0691448
2749,FALSE,582522.2855,4130760.175,276838943,37.3198337,-122.0686293
2750,FALSE,583259.1492,4129949.616,276838984,37.3124626,-122.0604048
2751,FALSE,583234.464,4129603.095,276839143,37.3093417,-122.0607222
2752,FALSE,586102.0542,4131953.177,278613578,37.3302609,-122.0280937
2753,FALSE,586267.5344,4131544.234,278613638,37.3265599,-122.0262736
2754,FALSE,578869.6863,4134456.51,279626725,37.3534654,-122.1094557
2755,FALSE,583219.1911,4131497.208,279670911,37.3264142,-122.0606821
2756,FALSE,582780.3733,4131511.131,279684711,37.3265789,-122.065633
2757,FALSE,583070.5215,4131889.752,279684713,37.3299654,-122.062316
2758,FALSE,583168.8927,4131862.48,279684715,37.3297108,-122.0612088
2759,FALSE,583122.7644,4131803.793,279684717,37.329186,-122.061736
2760,FALSE,593857.7415,4131292.859,279690421,37.3235584,-121.9406454
2761,FALSE,585448.3527,4136918.899,280016475,37.3750754,-122.0348988
2762,FALSE,585429.1963,4136923.541,280016476,37.375119,-122.0351146
2763,FALSE,585499.5421,4137114.594,280016761,37.3768344,-122.0342981
2764,FALSE,588912.3893,4135899.47,280021421,37.3655621,-121.9959019
2765,FALSE,588886.3247,4134764.102,281363813,37.3553321,-121.9963325
2766,FALSE,588888.5242,4134839.654,281363831,37.3560128,-121.9962986
2767,FALSE,588920.6654,4134569.959,281363924,37.3535791,-121.9959681
2768,FALSE,588476.6062,4134409.366,281363949,37.3521742,-122.0010006
2769,FALSE,585413.6054,4134368.013,281366397,37.3520885,-122.0355855
2770,FALSE,585324.9338,4134367.762,281366405,37.3520944,-122.0365866
2771,FALSE,585230.6258,4134366.068,281366426,37.3520878,-122.0376515
2772,FALSE,585134.7189,4134364.814,281366442,37.3520853,-122.0387344
2773,FALSE,584993.8313,4134362.837,281366453,37.3520804,-122.0403252
2774,FALSE,584888.3144,4134359.791,281366514,37.3520626,-122.0415168
2775,FALSE,585139.9197,4129467.875,281376001,37.3079504,-122.0392379
2776,FALSE,584945.7499,4129323.061,281376099,37.306663,-122.0414453
2777,FALSE,584716.8968,4128785.976,281376169,37.3018433,-122.0440887
2778,FALSE,593397.5494,4131257.087,281446811,37.3232824,-121.9458432
2779,FALSE,593221.9796,4131255.585,281447785,37.3232865,-121.9478247
2780,FALSE,593309.9814,4131256.355,281447942,37.3232846,-121.9468315
2781,FALSE,593213.6742,4131180.186,281447977,37.3226078,-121.9479279
2782,FALSE,593221.3795,4131273.665,281448063,37.3234495,-121.9478292
2783,FALSE,594446.7597,4133713.158,282148734,37.3453113,-121.93369
2784,FALSE,594472.7197,4134191.241,282148735,37.3496173,-121.933336
2785,FALSE,593759.5102,4134723.596,282812382,37.3544874,-121.94132
2786,FALSE,593767.2911,4134737.465,282812471,37.3546116,-121.9412304
2787,FALSE,593378.4053,4134766.878,282812924,37.3549159,-121.9456171
2788,FALSE,593234.4611,4134719.179,282812941,37.3545005,-121.9472482
2789,FALSE,593138.585,4134654.864,282812954,37.3539305,-121.9483387
2790,FALSE,593242.4734,4134703.634,282812955,37.3543596,-121.9471597
2791,FALSE,593130.3967,4134671.905,282812991,37.3540849,-121.948429
2792,FALSE,593033.4703,4134607.935,282813008,37.3535181,-121.9495313
2793,FALSE,592930.0039,4134560.837,282813023,37.353104,-121.9507053
2794,FALSE,593026.9364,4134622.786,282813027,37.3536526,-121.9496032
2795,FALSE,592923.8249,4134574.849,282813043,37.3532309,-121.9507733
2796,FALSE,592716.8751,4134477.904,282813048,37.3523779,-121.9531218
2797,FALSE,592593.6493,4134469.482,282813059,37.3523143,-121.954514
2798,FALSE,592475.118,4134467.46,282813078,37.3523079,-121.9558524
2799,FALSE,592584.9182,4134485.23,282813089,37.3524571,-121.9546106
2800,FALSE,592161.7681,4134462.936,282813104,37.3522983,-121.9593905
2801,FALSE,592356.7027,4134466.163,282813107,37.352308,-121.9571894
2802,FALSE,592356.9311,4134481.577,282813108,37.3524469,-121.9571849
2803,FALSE,592160.429,4134478.344,282813137,37.3524373,-121.9594037
2804,FALSE,591939.4572,4134461.82,282813167,37.3523103,-121.9619004
2805,FALSE,591939.1196,4134477.218,282813168,37.3524491,-121.9619023
2806,FALSE,591670.3565,4134458.544,282813194,37.3523074,-121.9649388
2807,FALSE,591356.6325,4134455.067,282813270,37.352307,-121.968481
2808,FALSE,591356.7217,4134471.223,282813291,37.3524526,-121.968478
2809,FALSE,591214.0172,4134453.843,282813314,37.35231,-121.9700912
2810,FALSE,591165.0262,4134468.321,282813327,37.3524453,-121.9706425
2811,FALSE,591062.7194,4134451.972,282813347,37.352308,-121.9717995
2812,FALSE,591165.022,4134453.264,282813349,37.3523096,-121.9706444
2813,FALSE,590901.4227,4134465.452,282813359,37.3524453,-121.9736188
2814,FALSE,590901.7917,4134450.244,282813360,37.3523082,-121.9736165
2815,FALSE,591062.7237,4134467.85,282813362,37.3524511,-121.9717975
2816,FALSE,594126.5465,4134458.245,282814553,37.3520588,-121.93721
2817,FALSE,590617.6876,4136095.083,282816967,37.36716,-121.9766226
2818,FALSE,589686.5755,4135734.103,282817717,37.3639972,-121.9871802
2819,FALSE,589549.4418,4136055.797,282817724,37.3669097,-121.9886897
2820,FALSE,591324.7431,4135201.299,282818508,37.3590355,-121.968749
2821,FALSE,590586.6523,4132781.919,282819940,37.3373033,-121.9773782
2822,FALSE,589021.9284,4133666.727,282822418,37.345429,-121.9949334
2823,FALSE,588985.743,4134046.247,282822469,37.3488529,-121.9952963
2824,FALSE,589095.5881,4132114.15,282823448,37.3314293,-121.9942885
2825,FALSE,594347.4247,4132617.395,283018947,37.335446,-121.9349508
2826,FALSE,595761.8936,4134184.776,283021216,37.3494269,-121.9187835
2827,FALSE,592672.7465,4134299.537,283534572,37.3507748,-121.9536423
2828,FALSE,588877.3311,4136046.559,283536542,37.3668911,-121.9962801
2829,FALSE,586871.5111,4134406.475,283538658,37.3522998,-122.0191218
2830,FALSE,586967.9084,4134406.567,283538677,37.3522916,-122.0180335
2831,FALSE,587311.8391,4133647.582,283539314,37.3454189,-122.0142401
2832,FALSE,587853.0383,4134412.801,283539441,37.3522644,-122.00804
2833,FALSE,587856.0389,4134396.987,283539442,37.3521216,-122.008008
2834,FALSE,585767.3964,4137262.348,286887819,37.3781413,-122.031256
2835,FALSE,591478.1763,4135684.268,286891477,37.3633731,-121.966957
2836,FALSE,585560.2712,4137992.68,287229710,37.3847426,-122.0335107
2837,FALSE,585689.9628,4135136.601,287230485,37.35899,-122.0323766
2838,FALSE,586117.4632,4134374.932,287231250,37.3520858,-122.0276384
2839,FALSE,586254.7207,4134375.925,287231284,37.352082,-122.0260887
2840,FALSE,586467.9357,4134376.662,287231327,37.3520688,-122.0236815
2841,FALSE,586549.9648,4134376.867,287231373,37.352063,-122.0227554
2842,FALSE,586709.273,4134379.205,287231441,37.3520692,-122.0209566
2843,FALSE,586777.5203,4134384.462,287231447,37.3521102,-122.0201855
2844,FALSE,587648.5201,4134395.276,287231881,37.3521258,-122.010351
2845,FALSE,580780.8166,4132413.997,287234019,37.3348923,-122.0881016
2846,FALSE,580825.4712,4132366.052,287234031,37.3344563,-122.0876028
2847,FALSE,582878.8861,4138545.731,287238875,37.3899707,-122.0637339
2848,FALSE,582071.6304,4137462.671,287239925,37.3802813,-122.0729724
2849,FALSE,591255.8327,4133147.572,288057720,37.3405332,-121.96978
2850,FALSE,591391.0942,4136856.61,288058368,37.3739473,-121.9677955
2851,FALSE,591594.5455,4136371.742,288059870,37.3695574,-121.965558
2852,FALSE,588884.5345,4137565.586,288061243,37.3805806,-121.9960163
2853,FALSE,591474.8725,4131891.672,288984342,37.3291929,-121.9674625
2854,FALSE,591225.8846,4131716.693,288984610,37.3276404,-121.9702941
2855,FALSE,591721.3811,4131910.336,288985437,37.3293368,-121.9646781
2856,FALSE,590754.1846,4138079.596,289620912,37.3850319,-121.9748379
2857,FALSE,587611.78,4131833.433,289638735,37.3290405,-122.0110686
2858,FALSE,588071.564,4131674.532,289639373,37.3275649,-122.0058983
2859,FALSE,588979.421,4132543.381,289639465,37.3353089,-121.9955481
2860,FALSE,588173.6191,4131932.903,289641874,37.3298838,-122.0047158
2861,FALSE,593846.2786,4131551.796,289649406,37.3258932,-121.940742
2862,FALSE,588276.5841,4131408.766,289651583,37.3251502,-122.0036161
2863,FALSE,588299.7289,4131162.609,289651705,37.3229295,-122.0033842
2864,FALSE,588511.2544,4131166.785,289651747,37.322947,-122.0009966
2865,FALSE,587337.1703,4131449.419,289652355,37.3256054,-122.0142131
2866,FALSE,587345.105,4131164.512,289652411,37.3230369,-122.0141571
2867,FALSE,587332.5278,4131147.826,289652476,37.3228877,-122.014301
2868,FALSE,582527.7177,4132786.551,289655425,37.3380964,-122.0683425
2869,FALSE,581683.1463,4133651.716,289655642,37.3459686,-122.0777804
2870,FALSE,578904.3155,4134412.7,289656992,37.3530676,-122.1090694
2871,FALSE,585019.2393,4127899.462,289772601,37.2938258,-122.0407791
2872,FALSE,587307.1987,4127901.748,289831378,37.2936344,-122.0149686
2873,FALSE,589285.6442,4127719.332,289831787,37.2918025,-121.9926721
2874,FALSE,584080.1475,4128598.895,289833482,37.300215,-122.0512938
2875,FALSE,583939.9331,4128773.995,289833490,37.3018058,-122.0528559
2876,FALSE,584323.2517,4129241.866,289833501,37.3059879,-122.0484781
2877,FALSE,583717.0973,4128842.976,289833507,37.3024476,-122.0553622
2878,FALSE,583155.5027,4130927.89,289834204,37.3212888,-122.0614647
2879,FALSE,583167.5153,4130866.663,289834210,37.3207359,-122.061336
2880,FALSE,583065.3295,4130779.77,289834387,37.3199619,-122.0624989
2881,FALSE,583065.4973,4130368.919,289834401,37.316259,-122.062543
2882,FALSE,582508.4104,4131119.663,290054417,37.3230749,-122.0687459
2883,FALSE,581795.4184,4130637.341,290057075,37.3187909,-122.0768455
2884,FALSE,582050.0166,4130234.085,290057078,37.315134,-122.074017
2885,FALSE,584253.2048,4136559.25,290879407,37.3719434,-122.0484367
2886,FALSE,584248.2353,4136540.093,290879408,37.3717712,-122.048495
2887,FALSE,593024.4879,4131021.93,291658510,37.3212005,-121.9500827
2888,FALSE,593102.6447,4131253.98,291658514,37.323284,-121.9491716
2889,FALSE,593130.2537,4130949.13,291658516,37.3205338,-121.9488983
2890,FALSE,593144.6499,4131035.505,291658826,37.3213108,-121.948725
2891,FALSE,593025.3035,4131177.413,291659039,37.3226017,-121.950054
2892,FALSE,593161.2908,4131035.601,291659072,37.32131,-121.9485372
2893,FALSE,593229.7517,4131273.813,291659235,37.32345,-121.9477347
2894,FALSE,593231.7956,4131255.794,291659236,37.3232874,-121.9477139
2895,FALSE,591445.8597,4131975.516,291659528,37.3299514,-121.9677796
2896,FALSE,591250.6091,4131973.23,291659551,37.32995,-121.9699835
2897,FALSE,590951.6456,4132079.535,291659558,37.3309374,-121.9733446
2898,FALSE,591486.0331,4136841.926,297335315,37.3738056,-121.9667252
2899,FALSE,588871.601,4136820.237,297690759,37.3738644,-121.9962519
2900,FALSE,583896.3598,4138109.737,297692602,37.3859497,-122.0522906
2901,FALSE,583391.3822,4138312.067,297692620,37.3878188,-122.0579714
2902,FALSE,589649.0271,4137264.394,301175083,37.3777925,-121.9874188
2903,FALSE,590891.9769,4136921.614,303453774,37.3745822,-121.9734239
2904,FALSE,593830.9792,4131655.825,305549799,37.3268323,-121.9409015
2905,FALSE,587314.9387,4132154.367,306087470,37.3319609,-122.014381
2906,FALSE,587258.3898,4131146.665,306087834,37.3228842,-122.0151378
2907,FALSE,587395.4686,4130539.136,306087890,37.3173959,-122.0136624
2908,FALSE,589537.3842,4131922.094,306088343,37.3296559,-121.9893254
2909,FALSE,591791.136,4131244.878,306531231,37.3233325,-121.9639732
2910,FALSE,591279.9535,4131233.12,306531260,37.3232769,-121.9697434
2911,FALSE,590777.8419,4131222.434,306531261,37.3232298,-121.9754111
2912,FALSE,586432.8906,4130667.262,306533777,37.3186407,-122.0245096
2913,FALSE,586449.8104,4130667.836,306533778,37.3186443,-122.0243186
2914,FALSE,585367.8788,4127893.519,306534075,37.2937403,-122.0368468
2915,FALSE,585499.7031,4128962.002,306534142,37.3033581,-122.0352367
2916,FALSE,585779.0045,4128628.908,306534189,37.3003303,-122.032124
2917,FALSE,585482.9556,4129015.445,306534238,37.3038413,-122.0354195
2918,FALSE,584494.5549,4129647.988,306534271,37.3096326,-122.0464991
2919,FALSE,584507.3876,4129652.411,306534274,37.3096713,-122.0463538
2920,FALSE,584416.0846,4129546.916,306534279,37.3087288,-122.047396
2921,FALSE,583510.8431,4129649.528,306534290,37.3097354,-122.0575985
2922,FALSE,582432.9474,4131303.525,306534605,37.3247387,-122.0695771
2923,FALSE,587304.4223,4134494.711,309332588,37.3530544,-122.014224
2924,FALSE,585993.4147,4135792.061,309337078,37.3648693,-122.0288743
2925,FALSE,586337.9892,4135444.991,309337101,37.3617093,-122.025024
2926,FALSE,595157.9007,4133435.576,311575955,37.342737,-121.9256981
2927,FALSE,595101.161,4133443.141,311576187,37.342811,-121.9263376
2928,FALSE,594980.9033,4133255.508,311577375,37.3411323,-121.9277191
2929,FALSE,595006.9895,4133472.752,311577634,37.3430875,-121.9273968
2930,FALSE,593034.5858,4130481.577,312420397,37.3163296,-121.9500365
2931,FALSE,591325.7462,4136905.672,312939237,37.3743959,-121.9685274
2932,FALSE,591329.2721,4136930.654,312939380,37.3746207,-121.9684845
2933,FALSE,591278.2344,4137921.52,312939639,37.3835558,-121.9689386
2934,FALSE,589737.9453,4134208.747,312940808,37.350245,-121.986785
2935,FALSE,588898.9921,4135256.309,312942665,37.3597669,-121.9961304
2936,FALSE,589600.9667,4137262.436,313117475,37.3777795,-121.9879618
2937,FALSE,592535.572,4133168.719,314135969,37.3405971,-121.9553321
2938,FALSE,592556.8506,4133144.81,314136099,37.3403795,-121.9550949
2939,FALSE,593786.5501,4133583.909,314136564,37.3442134,-121.941159
2940,FALSE,593783.8868,4133552.799,314136803,37.3439333,-121.941193
2941,FALSE,594070.7436,4133850.05,314139472,37.3465832,-121.9379172
2942,FALSE,594070.8772,4133890.152,314139512,37.3469446,-121.9379106
2943,FALSE,591559.9773,4137292.639,314144388,37.3778603,-121.9658344
2944,FALSE,591345.9098,4135315.751,314145110,37.3600649,-121.9684959
2945,FALSE,591310.7715,4134381.611,314145521,37.3516495,-121.9690078
2946,FALSE,591346.0076,4133789.581,314145634,37.3463104,-121.968683
2947,FALSE,591542.4572,4131755.078,314146124,37.3279552,-121.9667166
2948,FALSE,588145.466,4129926.665,314151142,37.3118051,-122.0052719
2949,FALSE,588224.9097,4129340.157,314152886,37.3065116,-122.0044452
2950,FALSE,592878.5464,4133674.839,314509192,37.3451242,-121.9513973
2951,FALSE,592793.04,4133533.672,314509196,37.3438605,-121.9523802
2952,FALSE,592831.881,4133402.406,314509200,37.3426736,-121.9519582
2953,FALSE,592680.4934,4133613.956,314509221,37.3445953,-121.9536406
2954,FALSE,592922.0442,4133725.741,314509265,37.3455786,-121.9508999
2955,FALSE,592670.9039,4133647.126,314509375,37.3448952,-121.9537447
2956,FALSE,592646.8711,4133631.049,314509684,37.3447527,-121.954018
2957,FALSE,592530.2005,4133539.016,314509916,37.3439349,-121.9553465
2958,FALSE,593339.5846,4134766.688,314511208,37.3549181,-121.9460554
2959,FALSE,581781.7406,4137015.943,315661218,37.3762807,-122.0762958
2960,FALSE,581776.2218,4137006.225,315661241,37.3761936,-122.0763592
2961,FALSE,589342.1109,4127704.6,316557569,37.2916643,-121.9920369
2962,FALSE,582938.499,4128494.537,316911793,37.299377,-122.0641855
2963,FALSE,582855.3296,4128190.7,316912027,37.296646,-122.0651577
2964,FALSE,583867.6235,4128521.727,316912366,37.2995387,-122.0537002
2965,FALSE,583731.0466,4128433.384,316912447,37.2987548,-122.055251
2966,FALSE,587784.8309,4127888.33,317523315,37.2934685,-122.0095821
2967,FALSE,585995.1189,4127938.955,317525162,37.294092,-122.0297657
2968,FALSE,586143.4111,4127933.976,317525336,37.2940334,-122.0280934
2969,FALSE,586054.3554,4127936.844,317525337,37.2940675,-122.0290977
2970,FALSE,585927.4102,4127939.98,317525338,37.2941075,-122.0305294
2971,FALSE,587054.8632,4127909.93,317525393,37.2937318,-122.0178142
2972,FALSE,586999.304,4127912.116,317525394,37.2937567,-122.0184407
2973,FALSE,586819.3079,4127919.924,317525395,37.2938439,-122.0204703
2974,FALSE,586631.7882,4127927.559,317525396,37.2939302,-122.0225848
2975,FALSE,586533.9298,4127931.264,317525397,37.2939727,-122.0236883
2976,FALSE,587223.0902,4127904.434,317525403,37.2936665,-122.0159171
2977,FALSE,587688.5385,4127890.495,317525409,37.2934971,-122.0106681
2978,FALSE,588183.1326,4127869.322,317525470,37.2932595,-122.0050912
2979,FALSE,588551.49,4127829.522,317525475,37.2928658,-122.0009406
2980,FALSE,588427.9681,4127846.415,317525476,37.2930298,-122.002332
2981,FALSE,588843.5296,4127791.038,317525477,37.2924911,-121.9976508
2982,FALSE,587947.6754,4127882.292,317525478,37.2933987,-122.0077458
2983,FALSE,588217.3363,4127867.274,317525482,37.2932378,-122.0047056
2984,FALSE,588961.0888,4129258.423,317526501,37.3057048,-121.9961489
2985,FALSE,588867.11,4127773.468,317526503,37.2923305,-121.9973869
2986,FALSE,588864.3336,4127788.684,317526506,37.2924679,-121.9974164
2987,FALSE,588944.0272,4129362.752,317526561,37.3066467,-121.9963289
2988,FALSE,590034.3473,4128493.084,317527565,37.2987038,-121.9841326
2989,FALSE,590614.5502,4129912.738,317527926,37.3114421,-121.9774138
2990,FALSE,590615.581,4129992.76,317527948,37.3121632,-121.9773924
2991,FALSE,590860.2174,4130621.297,317528257,37.317804,-121.9745551
2992,FALSE,590636.8044,4130152.657,317528625,37.3136022,-121.9771334
2993,FALSE,590659.3434,4130235.153,317528627,37.3143435,-121.976869
2994,FALSE,590728.097,4130409.368,317528629,37.3159069,-121.9760719
2995,FALSE,590906.7783,4130690.618,317528631,37.3184242,-121.9740212
2996,FALSE,590784.4582,4130506.789,317528633,37.3167794,-121.975424
2997,FALSE,591253.0828,4131217.171,317528634,37.3231358,-121.9700486
2998,FALSE,591378.5635,4131405.824,317528636,37.3248237,-121.9686093
2999,FALSE,591566.1261,4131699.015,317528638,37.3274476,-121.9664564
3000,FALSE,591035.409,4130883.616,317528640,37.320151,-121.972546
3001,FALSE,590609.7299,4129735.699,317528740,37.309847,-121.9774898
3002,FALSE,590614.248,4129834.998,317528741,37.3107415,-121.9774267
3003,FALSE,590564.8368,4129421.217,317528772,37.3070171,-121.9780347
3004,FALSE,590586.8883,4129547.424,317528773,37.3081524,-121.9777705
3005,FALSE,590545.9609,4129344.73,317528781,37.3063296,-121.978257
3006,FALSE,590513.0879,4129241.318,317528796,37.3054008,-121.9786405
3007,FALSE,590382.8844,4128957.206,317529006,37.3028529,-121.9801441
3008,FALSE,590493.6583,4129186.451,317529009,37.3049082,-121.9788664
3009,FALSE,590428.9445,4129041.342,317529017,37.3036067,-121.9796142
3010,FALSE,590245.6171,4128742.956,317529020,37.3009353,-121.9817188
3011,FALSE,590136.6496,4128606.605,317529036,37.299717,-121.9829647
3012,FALSE,589893.6512,4128336.601,317529061,37.2973071,-121.9857388
3013,FALSE,590158.8202,4128631.975,317529064,37.2999435,-121.9827115
3014,FALSE,589671.239,4128088.894,317529071,37.2950961,-121.9882778
3015,FALSE,589571.0812,4127978.398,317529116,37.2941099,-121.989421
3016,FALSE,589323.2738,4127702.035,317529121,37.291643,-121.9922497
3017,FALSE,589334.3003,4127710.486,317529132,37.2917181,-121.9921243
3018,FALSE,589450.5387,4127843.175,317529245,37.2929028,-121.9907971
3019,FALSE,581473.8075,4131927.592,325236581,37.3304479,-122.0803331
3020,FALSE,581448.2332,4131958.055,325236592,37.3307247,-122.0806184
3021,FALSE,581433.7875,4131971.196,325236597,37.3308444,-122.08078
3022,FALSE,581425.9304,4131943.691,325236623,37.3305972,-122.0808717
3023,FALSE,581432.0228,4131928.55,325236628,37.3304602,-122.0808046
3024,FALSE,581455.852,4131929.015,325236633,37.3304623,-122.0805356
3025,FALSE,581780.1363,4138836.564,330779095,37.3926895,-122.0761126
3026,FALSE,582191.716,4138765.999,331734548,37.3920171,-122.0714713
3027,FALSE,582410.5455,4138691.152,331741673,37.3913231,-122.0690078
3028,FALSE,582409.8603,4138680.738,331741674,37.3912293,-122.0690167
3029,FALSE,582499.7822,4138666.192,331741793,37.3910902,-122.0680026
3030,FALSE,582981.2711,4138436.303,331741854,37.3889753,-122.0625897
3031,FALSE,582913.3641,4138465.087,331741881,37.3892408,-122.0633535
3032,FALSE,583445.3561,4138247.919,331741997,37.3872358,-122.057369
3033,FALSE,581918.0872,4138899.064,331742469,37.3932406,-122.0745474
3034,FALSE,582700.2177,4138567.505,331742839,37.3901829,-122.0657496
3035,FALSE,590019.9737,4137250.252,338856049,37.3776291,-121.9832313
3036,FALSE,587879.6037,4137126.983,338856073,37.3767235,-122.0074179
3037,FALSE,590515.474,4137060.408,339279930,37.3758699,-121.9776587
3038,FALSE,586044.1585,4137328.372,339565762,37.3787107,-122.0281227
3039,FALSE,586840.9631,4137438.375,339565770,37.3796278,-122.019111
3040,FALSE,591553.7459,4137037.855,343570369,37.3755647,-121.9659363
3041,FALSE,582359.9044,4132041.371,345438477,37.3313952,-122.0703195
3042,FALSE,582459.7299,4132048.601,345438483,37.3314515,-122.069192
3043,FALSE,592908.6484,4131256.03,347627777,37.3233219,-121.9513606
3044,FALSE,593006.2351,4131441.304,347628880,37.3249819,-121.9502361
3045,FALSE,593011.5925,4131250.216,347628882,37.3232592,-121.9501996
3046,FALSE,593010.9552,4131266.897,347631051,37.3234096,-121.9502047
3047,FALSE,593024.6548,4131267.693,347631063,37.3234154,-121.95005
3048,FALSE,585088.7244,4130674.543,428754545,37.3188304,-122.0396772
3049,FALSE,593852.4492,4134682.94,431721753,37.3541116,-121.9402759
3050,FALSE,594015.0359,4134260.282,431731431,37.350286,-121.938494
3051,FALSE,588884.553,4137552.194,431952815,37.3804599,-121.9960177
3052,FALSE,588601.4867,4133259.945,431977344,37.3418031,-121.9997282
3053,FALSE,584297.5142,4130742.1,433475314,37.3195114,-122.0485981
3054,FALSE,584109.603,4131100.601,433475323,37.3227595,-122.050678
3055,FALSE,584037.0827,4131296.695,433475836,37.3245334,-122.0514742
3056,FALSE,581958.3574,4132906.433,437322223,37.3392273,-122.074756
3057,FALSE,583267.5716,4133136.331,437325360,37.3411828,-122.059952
3058,FALSE,583688.892,4134348.412,437327746,37.352069,-122.0550592
3059,FALSE,583241.5223,4134358.904,437327751,37.3522038,-122.0601087
3060,FALSE,591571.9021,4137072.307,443188720,37.3758734,-121.965727
3061,FALSE,591572.8549,4137129.993,443188721,37.3763932,-121.9657091
3062,FALSE,591822.3134,4136901.582,443188722,37.37431,-121.9629203
3063,FALSE,591747.8328,4136903.105,443188723,37.3743311,-121.9637612
3064,FALSE,584344.0278,4140011.538,447920760,37.4030492,-122.0470173
3065,FALSE,586114.0392,4139546.249,447924496,37.3986929,-122.0270752
3066,FALSE,586314.9866,4139493.822,447924963,37.3982017,-122.0248113
3067,FALSE,589037.9556,4138670.25,447928131,37.3905216,-121.9941506
3068,FALSE,589303.3665,4138576.806,447928265,37.3896539,-121.991164
3069,FALSE,588881.7929,4137848.233,447929276,37.3831282,-121.9960133
3070,FALSE,588884.0048,4137430.612,447930358,37.3793642,-121.9960385
3071,FALSE,588884.72,4137331.757,447930385,37.3784732,-121.9960423
3072,FALSE,588808.5497,4137246.175,447930703,37.3777092,-121.9969128
3073,FALSE,588672.8822,4137244.856,447930737,37.3777103,-121.9984451
3074,FALSE,588645.7963,4137223.92,447936592,37.3775242,-121.9987535
3075,FALSE,588816.3112,4137229.07,447936793,37.3775543,-121.9968272
3076,FALSE,588858.8482,4137101.811,447936828,37.3764033,-121.9963621
3077,FALSE,588886.4998,4137137.822,447936935,37.3767252,-121.9960455
3078,FALSE,588902.7989,4137138.905,447937188,37.3767334,-121.9958613
3079,FALSE,588904.7086,4137049.305,447937202,37.3759257,-121.9958505
3080,FALSE,589114.6939,4137235.443,447937558,37.3775831,-121.9934567
3081,FALSE,589014.2097,4137232.952,447937609,37.3775703,-121.9945918
3082,FALSE,589061.5889,4137293.03,447937817,37.3781072,-121.9940495
3083,FALSE,588958.1156,4137248.665,447937897,37.3777173,-121.9952234
3084,FALSE,589256.7814,4137257.487,447937962,37.3777681,-121.9918494
3085,FALSE,588945.5593,4137407.556,447938266,37.3791505,-121.9953461
3086,FALSE,590389.1008,4137167.102,447940705,37.3768438,-121.9790728
3087,FALSE,590427.1881,4137113.699,447940721,37.3763588,-121.9786492
3088,FALSE,590627.8521,4136949.469,447940798,37.3748591,-121.9764032
3089,FALSE,588603.8728,4137222.721,447941632,37.3775174,-121.9992271
3090,FALSE,588178.8012,4137142.018,447942008,37.3768306,-122.0040372
3091,FALSE,588259.7819,4137173.575,447942072,37.3771073,-122.0031189
3092,FALSE,585086.8235,4138096.792,447944237,37.3857245,-122.0388461
3093,FALSE,583478.4232,4138298.479,447945923,37.3876885,-122.0569898
3094,FALSE,583454.8028,4138308.163,447945944,37.3877779,-122.0572555
3095,FALSE,583338.3129,4138349.529,447946010,37.3881612,-122.0585666
3096,FALSE,582364.2922,4138800.309,447946570,37.392311,-122.0695181
3097,FALSE,586027.8284,4137257.214,448795781,37.3780709,-122.0283154
3098,FALSE,585056.4364,4129669.896,469565095,37.3097788,-122.0401567
3099,FALSE,583157.4044,4138127.091,469840958,37.3861727,-122.060635
3100,FALSE,585395.3015,4139757.506,469846011,37.4006634,-122.0351701
3101,FALSE,582269.6699,4137766.961,470116844,37.3830062,-122.0707019
3102,FALSE,585708.5151,4134367.801,489736490,37.3520594,-122.0322561
3103,FALSE,583561.8036,4138264.972,489741032,37.387379,-122.0560518
3104,FALSE,583831.4431,4138159.315,489773969,37.3864024,-122.0530182
3105,FALSE,584946.456,4138131.701,489778659,37.386052,-122.0404275
3106,FALSE,582057.9379,4137470.27,491270475,37.380351,-122.0731262
3107,FALSE,585688.5432,4134722,517042376,37.3552535,-122.0324406
3108,FALSE,585714.1784,4133767.622,517046064,37.3466497,-122.0322616
3109,FALSE,582112.4138,4130453.653,517781327,37.3171074,-122.0732886
3110,FALSE,585716.8258,4132126.44,517807889,37.3318581,-122.0324215
3111,FALSE,585728.2134,4132768.778,517816592,37.3376462,-122.0322187
3112,FALSE,583985.0879,4131102.303,517821687,37.3227861,-122.052083
3113,FALSE,582500.0875,4132789.973,517827732,37.3381297,-122.068654
3114,FALSE,584671.6552,4129399.152,518311150,37.3073738,-122.0445292
3115,FALSE,585727.9472,4131124.406,518311316,37.3228261,-122.0324118
3116,FALSE,582481.4824,4132202.209,518311828,37.332834,-122.0689294
3117,FALSE,586781.3152,4130939.722,518956249,37.3210638,-122.0205459
3118,FALSE,584581.2103,4137789.501,518962561,37.3830013,-122.044592
3119,FALSE,588300.1297,4131180.056,519169594,37.3230867,-122.0033776
3120,FALSE,593215.7734,4131037.018,519432399,37.3213173,-121.9479222
3121,FALSE,582150.3422,4133134.74,519468031,37.341268,-122.0725636
3122,FALSE,585335.7368,4136542.406,519522070,37.3716926,-122.036214
3123,FALSE,585351.0789,4136538.48,519522085,37.3716558,-122.0360412
3124,FALSE,588902.7782,4137373.036,519532779,37.3788435,-121.9958334
3125,FALSE,588885.6776,4137068.609,519532932,37.3761015,-121.9960631
3126,FALSE,584091.6178,4134354.105,519535896,37.3520839,-122.0505119
3127,FALSE,591670.0599,4134473.487,519544277,37.3524421,-121.9649403
3128,FALSE,592529.4434,4131989.101,519544605,37.3299665,-121.9555485
3129,FALSE,592448.7817,4131987.921,519544606,37.3299639,-121.956459
3130,FALSE,592613.0047,4131990.08,519544607,37.329967,-121.9546053
3131,FALSE,592799.3448,4131783.543,519544608,37.328087,-121.9525281
3132,FALSE,591441.1383,4132534.113,519544687,37.3349862,-121.967764
3133,FALSE,581671.2556,4134499.257,522413921,37.3536083,-122.0778212
3134,FALSE,582500.7537,4132231.747,538164039,37.3330985,-122.0687086
3135,FALSE,593009.2399,4130943.513,574264737,37.3204953,-121.9502646
3136,FALSE,593013.0465,4130797.89,574264738,37.3191825,-121.9502399
3137,FALSE,593015.7168,4130587.821,574264739,37.317289,-121.9502361
3138,FALSE,589510.595,4133635.98,580355910,37.3451049,-121.9894208
3139,FALSE,589579.4488,4133640.512,599064299,37.3451391,-121.988643
3140,FALSE,589571.3071,4133737.368,599064300,37.3460128,-121.9887232
3141,FALSE,589724.8827,4133728.695,599064306,37.3459198,-121.9869906
3142,FALSE,584442.6394,4134372.31,600210172,37.3522161,-122.0465469
3143,FALSE,585842.5869,4137025.619,600212241,37.3760008,-122.0304343
3144,FALSE,585423.3134,4136819.038,601102034,37.3741777,-122.0351931
3145,FALSE,593904.9601,4133544.227,604129213,37.3438438,-121.9398274
3146,FALSE,593949.1081,4134403.499,604129215,37.3515834,-121.9392201
3147,FALSE,590950.9841,4133231.831,604131430,37.3413225,-121.9732107
3148,FALSE,589109.3671,4133691.236,605217736,37.3456415,-121.9939434
3149,FALSE,588911.2699,4136236.979,605220589,37.368604,-121.995874
3150,FALSE,585937.3903,4131128.562,610194249,37.3228442,-122.0300477
3151,FALSE,594251.1543,4134873.714,611436300,37.3557905,-121.9357504
3152,FALSE,595414.4931,4134452.268,611527919,37.3518734,-121.9226708
3153,FALSE,588756.6991,4137199.222,624619853,37.377291,-121.997504
3154,FALSE,588902.044,4137335.514,624619914,37.3785054,-121.9958462
3155,FALSE,585600.1507,4137373.808,641120626,37.3791613,-122.0331319
3156,FALSE,582908.0145,4137059.33,641126426,37.3765717,-122.0635715
3157,FALSE,587133.0243,4131884.491,647768558,37.3295457,-122.0164659
3158,FALSE,591578.4587,4131717.78,648799205,37.3276155,-121.9663149
3159,FALSE,591750.4766,4131980.081,648799209,37.3299625,-121.9643411
3160,FALSE,592119.5592,4132545.97,648799211,37.335026,-121.9601053
3161,FALSE,592255.6235,4132751.41,648799212,37.336864,-121.958544
3162,FALSE,592398.3911,4132969.376,648799213,37.3388142,-121.9569054
3163,FALSE,591851.812,4131246.221,650030384,37.3233386,-121.9632883
3164,FALSE,593252.5837,4135027.347,650853961,37.357276,-121.9470048
3165,FALSE,594163.112,4132714.261,651296358,37.3363377,-121.9370188
3166,FALSE,595206.2245,4133351.719,652373711,37.3419763,-121.9251634
3167,FALSE,595221.2691,4133395.93,652373714,37.3423732,-121.9249879
3168,FALSE,593017.8492,4130449.314,655614112,37.3160405,-121.9502294
3169,FALSE,585718.3447,4128593.881,657298661,37.3000202,-122.0328124
3170,FALSE,585683.1569,4128592.877,657299216,37.3000144,-122.0332095
3171,FALSE,585612.7498,4128571.387,657299225,37.2998272,-122.0340063
3172,FALSE,585569.0958,4128571.351,657299229,37.2998309,-122.0344988
3173,FALSE,585569.6374,4128539.158,657300081,37.2995407,-122.0344964
3174,FALSE,585568.8079,4128622.976,657300084,37.3002962,-122.0344961
3175,FALSE,594321.1397,4134302.576,658744014,37.3506361,-121.935033
3176,FALSE,591821.0215,4131228.23,663152875,37.3231795,-121.963638
3177,FALSE,583978.2042,4131809.636,663168648,37.3291617,-122.0520806
3178,FALSE,584099.5789,4131552.419,663168651,37.3268325,-122.0507399
3179,FALSE,586677.1518,4132873.144,663937563,37.3384987,-122.0214954
3180,FALSE,585821.0453,4137692.589,663942600,37.3820139,-122.0306002
3181,FALSE,584585.7723,4128027.033,663952655,37.2950151,-122.0456545
3182,FALSE,585693.7917,4134610.011,664043052,37.3542437,-122.0323943
3183,FALSE,584906.7509,4133082.671,664103573,37.3405507,-122.041455
3184,FALSE,583389.4072,4136835.209,664135041,37.3745086,-122.0581602
3185,FALSE,583449.1586,4136805.259,664135066,37.3742333,-122.0574888
3186,FALSE,591347.1661,4135131.041,665538270,37.3584001,-121.9685045
3187,FALSE,591395.2399,4135202.58,665538296,37.3590401,-121.9679529
3188,FALSE,591430.7422,4135706.807,665538328,37.3635809,-121.9674898
3189,FALSE,591552.483,4135667.251,665538346,37.3632124,-121.9661201
3190,FALSE,591539.7077,4135735.572,665538348,37.3638294,-121.9662559
3191,FALSE,587370.914,4129593.527,665697577,37.3088758,-122.0140508
3192,FALSE,587416.2586,4129723.219,665697581,37.3100404,-122.0135239
3193,FALSE,587321.2908,4131435.062,665705316,37.3254775,-122.014394
3194,FALSE,587337.2267,4131436.371,665705317,37.3254878,-122.014214
3195,FALSE,588021.733,4131309.539,665705328,37.3242801,-122.006504
3196,FALSE,585926.1422,4130198.01,666133146,37.3144585,-122.0302824
3197,FALSE,586976.7678,4130645.654,666133159,37.3183952,-122.0183747
3198,FALSE,586960.796,4130675.813,666133161,37.3186685,-122.0185514
3199,FALSE,587303.9756,4130878.605,666133165,37.320464,-122.0146549
3200,FALSE,587276.1488,4130858.376,666133166,37.3202843,-122.0149713
3201,FALSE,587286.3483,4130899.181,666133171,37.3206511,-122.0148514
3202,FALSE,586153.268,4131172.189,666161175,37.3232174,-122.0276064
3203,FALSE,586157.9903,4131147.284,666161176,37.3229925,-122.027556
3204,FALSE,586148.599,4131147.132,666161178,37.322992,-122.027662
3205,FALSE,595217.9269,4133383.686,666730387,37.3422632,-121.9250272
3206,FALSE,588809.6729,4132396.014,667226408,37.333997,-121.9974817
3207,FALSE,588879.2482,4132102.496,667228626,37.331345,-121.9967316
3208,FALSE,588993.2935,4131998.654,667228629,37.3303982,-121.9954569
3209,FALSE,588972.9597,4131986.099,667228631,37.330287,-121.9956879
3210,FALSE,588920.0117,4132102.718,667228644,37.3313431,-121.9962715
3211,FALSE,588988.6449,4132231.691,667228654,37.3324989,-121.9954814
3212,FALSE,588952.7513,4132759.419,667229004,37.3372585,-121.9958232
3213,FALSE,588975.3605,4132762.777,667229012,37.3372866,-121.9955676
3214,FALSE,588971.2731,4132903.881,667229022,37.3385587,-121.9955968
3215,FALSE,589026.9427,4132821.7,667229033,37.3378127,-121.9949783
3216,FALSE,588948.9401,4133048.742,667229083,37.3398664,-121.9958315
3217,FALSE,588956.1843,4133538.882,667235896,37.3442831,-121.9956909
3218,FALSE,588938.3081,4133543.818,667235902,37.3443293,-121.9958921
3219,FALSE,588897.6648,4133672.162,667235904,37.3454899,-121.9963355
3220,FALSE,588897.2305,4133658.011,667235905,37.3453624,-121.9963421
3221,FALSE,588987.9146,4133660.606,667235906,37.3453771,-121.9953181
3222,FALSE,588987.8457,4133672.078,667235907,37.3454805,-121.9953175
3223,FALSE,588932.7319,4133785.012,667235918,37.3465036,-121.9959261
3224,FALSE,588950.9874,4133818.493,667235920,37.3468036,-121.995716
3225,FALSE,588869.8769,4134032.21,667235922,37.3487375,-121.996606
3226,FALSE,588949.8829,4134009.815,667235923,37.348528,-121.9957055
3227,FALSE,588945.9064,4134068.88,667235929,37.3490607,-121.9957433
3228,FALSE,593835.902,4133511.318,667236958,37.3435542,-121.9406111
3229,FALSE,593359.5007,4134721.085,667360788,37.3545051,-121.9458363
3230,FALSE,593431.9772,4134681.15,667360801,37.3541379,-121.9450231
3231,FALSE,593326.3912,4134798.042,667367314,37.355202,-121.9462004
3232,FALSE,588921.1103,4136035.386,667701391,37.3667862,-121.9957871
3233,FALSE,588874.1185,4136832.48,667714607,37.3739745,-121.996222
3234,FALSE,588894.4948,4136833.263,667714608,37.3739796,-121.9959918
3235,FALSE,588939.6443,4136834.398,667714609,37.3739855,-121.9954818
3236,FALSE,589364.0742,4137239.316,667718619,37.377594,-121.9906399
3237,FALSE,589548.2591,4137263.624,667718623,37.3777953,-121.9885569
3238,FALSE,589614.2382,4137243.616,667718640,37.3776086,-121.9878142
3239,FALSE,592078.683,4135428.778,668437479,37.3610111,-121.9602084
3240,FALSE,592170.7274,4135429.204,668437492,37.3610058,-121.9591691
3241,FALSE,594299.5894,4134938.705,668453581,37.3563713,-121.9351953
3242,FALSE,591606.0806,4136221.009,668461997,37.3681978,-121.9654464
3243,FALSE,591625.5695,4136222.1,668461998,37.3682057,-121.9652262
3244,FALSE,591511.6305,4136369.946,668462002,37.3695494,-121.9664945
3245,FALSE,591595.6576,4136359.149,668462014,37.3694438,-121.965547
3246,FALSE,591617.5225,4136359.966,668462022,37.369449,-121.9653
3247,FALSE,591586.0528,4136468.715,668462031,37.3704322,-121.9656419
3248,FALSE,591609.8376,4136444.62,668462032,37.3702127,-121.9653763
3249,FALSE,581687.1044,4133568.428,671842655,37.3452176,-122.0777449
3250,FALSE,581703.9386,4133579.877,671842656,37.3453193,-122.0775536
3251,FALSE,581633.539,4133647.282,671842657,37.345933,-122.0783409
3252,FALSE,581640.8793,4133572.271,671842659,37.3452563,-122.0782663
3253,FALSE,582528.3964,4132806.663,671844832,37.3382776,-122.0683326
3254,FALSE,582096.0355,4133093.42,671845919,37.3409004,-122.0731812
3255,FALSE,582138.1704,4133114.87,671845924,37.34109,-122.0727032
3256,FALSE,582172.9133,4133113.225,671845925,37.3410721,-122.0723112
3257,FALSE,582154.1915,4133131.571,671845927,37.3412391,-122.0725205
3258,FALSE,582132.7876,4133151.521,671845929,37.3414208,-122.0727599
3259,FALSE,582112.8568,4133101.718,671845930,37.3409737,-122.0729904
3260,FALSE,582030.7551,4133019.25,671845932,37.3402377,-122.0739263
3261,FALSE,582143.6849,4133161.348,671845933,37.3415084,-122.0726358
3262,FALSE,582183.3721,4133123.503,671845934,37.3411638,-122.072192
3263,FALSE,582060.7581,4133070.062,671845935,37.340693,-122.073582
3264,FALSE,582244.1501,4139892.212,689358728,37.4021626,-122.0707537
3265,FALSE,582359.0149,4139992.173,689360672,37.4030533,-122.0694449
3266,FALSE,585981.3124,4131982.803,704784837,37.3305391,-122.029453
3267,FALSE,584200.3613,4132308.756,704811950,37.33364,-122.0495166
3268,FALSE,584036.4913,4132214.273,704812376,37.3328033,-122.0513769
3269,FALSE,584187.4927,4132332.072,704818479,37.3338513,-122.0496592
3270,FALSE,583397.5709,4132509.301,704831935,37.3355199,-122.0585551
3271,FALSE,583308.4134,4132728.591,704832630,37.3375043,-122.0595368
3272,FALSE,583934.3817,4131801.618,704836612,37.3290934,-122.0525761
3273,FALSE,584395.7867,4134372.769,734864697,37.3522245,-122.0470758
3274,FALSE,591295.2465,4133100.557,760189931,37.3401056,-121.9693409
3275,FALSE,591330.8347,4133175.165,760189943,37.3407745,-121.96893
3276,FALSE,591627.4268,4131675.353,760189948,37.3272283,-121.9657675
3277,FALSE,591201.2001,4133135.992,760189950,37.3404342,-121.9703981
3278,FALSE,591610.5583,4131740.711,760189953,37.327819,-121.9659498
3279,FALSE,591602.5718,4131753.939,760189956,37.327939,-121.9660383
3280,FALSE,591153.1843,4133109.06,760189972,37.3401962,-121.9709434
3281,FALSE,591557.4156,4131656.113,760189975,37.3270618,-121.96656
3282,FALSE,591584.1935,4136640.791,760189983,37.3719832,-121.9656416
3283,FALSE,591441.2334,4132454.058,760189989,37.3342647,-121.9677728
3284,FALSE,591359.1003,4134324.84,760189992,37.3511331,-121.9684692
3285,FALSE,591762.3247,4131336.546,760189995,37.3241615,-121.964287
3286,FALSE,591539.7697,4131657.296,760189996,37.3270742,-121.966759
3287,FALSE,591345.0328,4133188.435,760189997,37.3408927,-121.9687681
3288,FALSE,591402.9154,4134455.806,760189998,37.3523091,-121.9679584
3289,FALSE,591388.3764,4131975.21,760190000,37.3299543,-121.9684284
3290,FALSE,591509.6644,4131976.269,760190010,37.3299519,-121.9670594
3291,FALSE,591548.5397,4131976.672,760190013,37.3299517,-121.9666206
3292,FALSE,591414.4055,4132523.802,760190016,37.3348959,-121.968067
3293,FALSE,591273.0283,4133166.256,760190042,37.3406999,-121.9695836
3294,FALSE,591464.9043,4132481.069,760190058,37.3345058,-121.9675023
3295,FALSE,591490.4882,4132557.565,760190060,37.3351927,-121.9672041
3296,FALSE,591252.1391,4133158.062,760190067,37.3406281,-121.9698204
3297,FALSE,591585.8546,4137402.983,760190070,37.3788522,-121.9655285
3298,FALSE,581656.454,4139209.528,760594302,37.3960618,-122.0774685
3299,FALSE,581630.1397,4139147.557,760594323,37.3955056,-122.0777726
3300,FALSE,581638.0419,4139162.358,760594336,37.3956383,-122.0776817
3301,FALSE,585405.6061,4136750.308,790842928,37.3735599,-122.035401
3302,FALSE,585874.4014,4135915.707,790843039,37.3659947,-122.0302038
3303,FALSE,585831.9565,4135958.622,790843084,37.3663854,-122.0306781
3304,FALSE,584520.4186,4136470.343,790843126,37.3711178,-122.0454293
3305,FALSE,584589.0912,4136471.327,790843133,37.3711204,-122.0446537
3306,FALSE,584658.8829,4136450.131,790843140,37.370923,-122.043868
3307,FALSE,584589.7404,4136451.805,790843156,37.3709444,-122.0446486
3308,FALSE,582081.3528,4137477.047,790843392,37.38041,-122.072861
3309,FALSE,591573.2447,4136582.107,860897912,37.3714554,-121.9657725
3310,FALSE,585744.0554,4136215.526,895573271,37.3687089,-122.0316409
3311,FALSE,585703.7896,4136103.136,895573293,37.3676997,-122.0321086
3312,FALSE,585696.5201,4136087.483,895573300,37.3675593,-122.0321925
3313,FALSE,585501.7406,4131123.547,917880334,37.3228392,-122.0349647
3314,FALSE,584917.2254,4131115.866,917880337,37.3228236,-122.041562
3315,FALSE,585020.8552,4131117.684,917880338,37.3228305,-122.0403923
3316,FALSE,585474.5771,4137020.581,920772678,37.3759894,-122.0345909
3317,FALSE,581879.8906,4138905.08,1027195868,37.3932982,-122.0749782
3318,FALSE,582678.968,4140643.261,1044247139,37.4088928,-122.0657574
3319,FALSE,582037.1039,4139692.763,1044247158,37.4003834,-122.0731149
3320,FALSE,582564.6634,4140337.656,1044247173,37.4061487,-122.067083
3321,FALSE,582047.0817,4139702.492,1044247227,37.4004702,-122.0730011
3322,FALSE,582115.3559,4139751.141,1044247254,37.4009026,-122.0722244
3323,FALSE,582482.7028,4140164.599,1044247340,37.4045963,-122.0680283
3324,FALSE,582570.8992,4140355.094,1044247362,37.4063053,-122.0670106
3325,FALSE,581997.9076,4139649.516,1044247376,37.3999971,-122.0735625
3326,FALSE,582673.3321,4140634.107,1044247383,37.4088108,-122.0658221
3327,FALSE,582136.9577,4139788.59,1044247424,37.4012382,-122.0719762
3328,FALSE,582783.5658,4132324.235,1067441744,37.3339069,-122.0655062
3329,FALSE,582604.2346,4132515.557,1067444484,37.3356472,-122.067509
3330,FALSE,582510.341,4132383.516,1067449074,37.3344655,-122.0685835
3331,FALSE,582517.0647,4136861.71,1067457597,37.3748255,-122.0680087
3332,FALSE,582531.0773,4136881.909,1067460085,37.3750063,-122.0678482
3333,FALSE,583330.2861,4138190.361,1067487494,37.3867274,-122.0586752
3334,FALSE,589295.2151,4130733.792,1067707130,37.3189696,-121.9922016
3335,FALSE,587059.7156,4132184.13,1067712932,37.3322531,-122.0172581
3336,FALSE,584293.3656,4130698.231,1067736024,37.3191164,-122.0486499
3337,FALSE,595404.4585,4134435.831,1070154834,37.3517263,-121.9227862
3338,FALSE,595655.2887,4134009.305,1070170033,37.3478565,-121.9200096
3339,FALSE,595590.3436,4134345.214,1070170042,37.3508905,-121.9206994
3340,FALSE,592967.4227,4135937.717,1071375156,37.3655092,-121.95011
3341,FALSE,592946.9122,4136365.302,1071375157,37.3693648,-121.9502879
3342,FALSE,593167.828,4135298.407,1071375161,37.3597274,-121.9479276
3343,FALSE,592948.15,4136071.63,1071375167,37.366718,-121.9503108
3344,FALSE,593562.6665,4134644.453,1071384085,37.353794,-121.9435523
3345,FALSE,593540.0772,4134709.577,1071384093,37.3543832,-121.9437991
3346,FALSE,592671.3096,4134694.578,1078231518,37.3543352,-121.9536091
3347,FALSE,587315.1721,4130274.79,1105873174,37.315021,-122.0145996
3348,FALSE,585562.0964,4132759.61,1106363197,37.3375789,-122.0340948
3349,FALSE,585729.3676,4132752.102,1106363279,37.3374958,-122.0322076
3350,FALSE,585469.4495,4132747.901,1106363293,37.3374819,-122.0351419
3351,FALSE,585709.6757,4132751.856,1106363299,37.3374954,-122.0324299
3352,FALSE,585562.1651,4132750.291,1106363357,37.3374949,-122.0340951
3353,FALSE,591285.9674,4136360.177,1106542164,37.3694836,-121.9690439
3354,FALSE,591396.4201,4136367.997,1106542195,37.3695432,-121.9677957
3355,FALSE,588835.3777,4129764.391,1106929490,37.3102769,-121.9975067
3356,FALSE,588753.3881,4129950.15,1106929492,37.3119589,-121.9984096
3357,FALSE,588721.3403,4129910.089,1106929493,37.3116009,-121.998776
3358,FALSE,588829.3813,4129705.554,1106929494,37.3097472,-121.9975814
3359,FALSE,592858.5357,4133354.702,1107738435,37.342241,-121.9516633
3360,FALSE,592119.6673,4134478.161,1107787949,37.3524397,-121.9598639
3361,FALSE,594070.9862,4133876.527,1107918110,37.3468218,-121.9379111
3362,FALSE,593482.12,4133703.232,1107918115,37.3453195,-121.9445804
3363,FALSE,594048.3321,4133897.255,1107918135,37.3470109,-121.9381642
3364,FALSE,594015.9384,4133948.309,1107918145,37.3474743,-121.9385234
3365,FALSE,593450.1874,4133689.472,1107918146,37.3451987,-121.9449426
3366,FALSE,593474.9632,4133652.4,1107918176,37.3448621,-121.9446676
3367,FALSE,594119.7052,4133846.096,1107918187,37.3465426,-121.937365
3368,FALSE,593799.4274,4133519.431,1111327326,37.343631,-121.9410218
3369,FALSE,591496.3323,4135676.167,1113311811,37.3632983,-121.966753
3370,FALSE,591563.5807,4135653.469,1113311817,37.3630871,-121.9659965
3371,FALSE,588878.8887,4136035.835,1126243283,37.3667943,-121.9962638
3372,FALSE,588902.3246,4136035.574,1126243341,37.3667897,-121.9959992
3373,FALSE,588949.4587,4136042.023,1126243549,37.3668433,-121.9954662
3374,FALSE,587442.3347,4137314.739,1126448835,37.378457,-122.0123339
3375,FALSE,587341.9021,4137272.712,1126448843,37.3780877,-122.0134731
3376,FALSE,587267.2735,4134540.547,1126448881,37.353471,-122.014638
3377,FALSE,587412.7055,4137245.491,1126448915,37.3778357,-122.0126767
3378,FALSE,587360.2493,4137232.027,1126448921,37.3777193,-122.0132707
3379,FALSE,587365.5715,4137344.604,1126449018,37.3787334,-122.0131973
3380,FALSE,588970.2724,4131639.576,1126492404,37.3271642,-121.9957598
3381,FALSE,589460.7358,4127837.947,1210855320,37.2928547,-121.9906827
3382,FALSE,593053.6686,4135660.581,1254773661,37.3630029,-121.949171
3383,FALSE,583886.609,4138067.709,1270085072,37.3855718,-122.0524055
3384,FALSE,579077.6356,4134363.154,1297777457,37.3526063,-122.1071179
3385,FALSE,579116.3703,4134428.572,1297836050,37.3531926,-122.1066736
3386,FALSE,583571.7584,4132341.667,1297851164,37.3339934,-122.0566079
3387,FALSE,583272.6521,4132214.505,1297851201,37.3328742,-122.0599982
3388,FALSE,587325.9413,4131861.558,1297872125,37.3293209,-122.0142913
3389,FALSE,587222.0059,4132099.895,1297872223,37.3314787,-122.0154363
3390,FALSE,587415.8062,4131907.112,1297872270,37.329723,-122.0132717
3391,FALSE,592908.2774,4130463.72,1298190067,37.3161813,-121.951464
3392,FALSE,591079.6778,4130504.325,1298218813,37.3167283,-121.972093
3393,FALSE,590446.6173,4130631.11,1298225880,37.3179328,-121.9792211
3394,FALSE,591161.8036,4130449.629,1298225884,37.3162273,-121.971173
3395,FALSE,593215.8215,4130524.858,1299142177,37.3167015,-121.947986
3396,FALSE,593843.7685,4130835.01,1299142181,37.3194335,-121.940861
3397,FALSE,585866.0176,4128828.93,1313766354,37.302125,-122.0311192
3398,FALSE,585882.8045,4128835.904,1313766357,37.3021863,-122.030929
3399,FALSE,585243.9777,4130239.426,1364464251,37.3148946,-122.0379752
3400,FALSE,585243.2907,4130318.23,1364464252,37.3156049,-122.0379739
3401,FALSE,587691.4449,4134395.26,1401973679,37.3521216,-122.0098664
3402,FALSE,583677.2097,4130948.089,1588408015,37.321424,-122.0555749
3403,FALSE,581803.4175,4138822.268,1613631133,37.3925586,-122.0758512
3404,FALSE,581824.2093,4138826.233,1613631137,37.3925925,-122.0756159
3405,FALSE,581903.1094,4138908.881,1613631201,37.3933304,-122.0747155
3406,FALSE,581875.5847,4138910.852,1613631203,37.3933506,-122.0750262
3407,FALSE,591362.8907,4130474.167,1652633096,37.3164287,-121.9689009
3408,FALSE,581915.6541,4137235.958,1652849324,37.3782518,-122.0747591
3409,FALSE,582001.3726,4137373.284,1652849341,37.3794819,-122.0737758
3410,FALSE,585778.4833,4127961.977,1700007778,37.2943195,-122.0322069
3411,FALSE,585759.5862,4128419.982,1700007780,37.2984491,-122.0323672
3412,FALSE,585758.9165,4128537.376,1700007781,37.2995072,-122.0323612
3413,FALSE,585751.9876,4128644.509,1700007783,37.3004734,-122.032427
3414,FALSE,585752.377,4128791.795,1700007787,37.3018008,-122.0324056
3415,FALSE,585753.4468,4129013.738,1700007788,37.303801,-122.0323679
3416,FALSE,585751.3959,4129265.174,1700007789,37.3060673,-122.032362
3417,FALSE,585749.5439,4129507.558,1700007790,37.308252,-122.0323549
3418,FALSE,585746.2169,4129765.882,1700007791,37.3105805,-122.0323626
3419,FALSE,585743.2858,4129952.634,1700007793,37.3122639,-122.0323741
3420,FALSE,585741.4164,4130075.497,1700007795,37.3133714,-122.032381
3421,FALSE,585690.8873,4130322.876,1700007796,37.3156056,-122.0329226
3422,FALSE,585738.5539,4130318.737,1700007798,37.3155639,-122.0323852
3423,FALSE,585715.8791,4130334.027,1700007800,37.3157038,-122.0326393
3424,FALSE,585738.243,4130354.295,1700007807,37.3158844,-122.0323846
3425,FALSE,585732.5303,4130735.666,1700007810,37.3193221,-122.032405
3426,FALSE,585731.5734,4130832.587,1700007811,37.3201957,-122.0324046
3427,FALSE,585730.3955,4130932.035,1700007814,37.3210921,-122.0324064
3428,FALSE,586527.1803,4132208.376,1704948727,37.3325214,-122.0232658
3429,FALSE,586134.1482,4132361.879,1704948730,37.3339414,-122.027684
3430,FALSE,584039.4601,4128310.195,1704953882,37.2976167,-122.0517855
3431,FALSE,585482.7381,4137421.605,1735916305,37.3796029,-122.0344524
3432,FALSE,582018.5417,4138851.03,1742537954,37.3927988,-122.073418
3433,FALSE,588879.8969,4132064.777,1787729928,37.331005,-121.9967288
3434,FALSE,583879.0657,4130545.003,1818365456,37.3177729,-122.0533425
3435,FALSE,587036.3286,4137032.043,1831703548,37.3759474,-122.0169524
3436,FALSE,586882.661,4137070.31,1831703551,37.3763067,-122.0186833
3437,FALSE,594451.7439,4133703.251,1836864402,37.3452215,-121.933635
3438,FALSE,589972.1923,4134440.424,1846012631,37.3523103,-121.9841124
3439,FALSE,590544.7961,4134462.471,1846012670,37.3524533,-121.9776453
3440,FALSE,589970.5969,4134456.163,1846012682,37.3524523,-121.9841285
3441,FALSE,586656.9787,4131499.847,1860930443,37.3261236,-122.0218836
3442,FALSE,586527.9033,4132231.862,1860930446,37.332733,-122.0232549
3443,FALSE,591449.7389,4131894.57,1883480101,37.3292215,-121.9677458
3444,FALSE,591445.0227,4132037.521,1883480103,37.3305103,-121.9677814
3445,FALSE,591523.6284,4131739.671,1883480105,37.3278182,-121.966931
3446,FALSE,587490.2445,4131165.927,1913686794,37.323036,-122.012519
3447,FALSE,588878.0786,4138254.719,1926026665,37.386792,-121.9960064
3448,FALSE,588549.8705,4131119.127,1935652853,37.3225138,-122.0005665
3449,FALSE,588518.4841,4131166.883,1935652863,37.3229472,-122.000915
3450,FALSE,588498.5384,4131182.728,1935652864,37.3230919,-122.0011382
3451,FALSE,593368.2621,4134703.529,1953986041,37.354346,-121.9457396
3452,FALSE,593317.944,4134738.252,1953986063,37.354664,-121.9463033
3453,FALSE,593310.5496,4134753.97,1953986066,37.3548064,-121.9463848
3454,FALSE,593367.991,4134780.953,1953986077,37.3550438,-121.9457329
3455,FALSE,582531.2674,4137272.351,1954370143,37.3785252,-122.0678025
3456,FALSE,582442.6305,4137272.708,1954370145,37.3785363,-122.0688035
3457,FALSE,587365.5461,4139216.793,1970807537,37.3956065,-122.0129764
3458,FALSE,586010.4714,4139596.643,1970807538,37.3991567,-122.0282393
3459,FALSE,586848.9205,4134946.653,1992213945,37.3571703,-122.0193135
3460,FALSE,588884.5976,4137493.076,1993066972,37.3799271,-121.9960243
3461,FALSE,588883.7998,4137630.478,1993067022,37.3811655,-121.9960168
3462,FALSE,585775.8275,4128537.494,1994649820,37.2995067,-122.0321704
3463,FALSE,586901.0238,4134894.112,1998283958,37.3566919,-122.0187314
3464,FALSE,586375.1473,4135407.661,2011445962,37.3613694,-122.0246088
3465,FALSE,586188.0421,4135620.763,2011446042,37.3633074,-122.0266966
3466,FALSE,586141.5799,4135644.983,2011446061,37.36353,-122.0272184
3467,FALSE,586099.0881,4135687.03,2011446089,37.3639129,-122.0276933
3468,FALSE,587114.9491,4134385.03,2011559031,37.3520837,-122.016376
3469,FALSE,587227.5067,4134405.165,2011559039,37.3522546,-122.0151029
3470,FALSE,587189.2363,4134404.811,2011559040,37.352255,-122.015535
3471,FALSE,586607.0301,4135170.084,2050794013,37.3592066,-122.0220184
3472,FALSE,586611.8348,4135187.62,2050794021,37.3593642,-122.0219621
3473,FALSE,590545.1955,4134226.768,2068743490,37.350329,-121.9776696
3474,FALSE,585142.9198,4131134.813,2069326050,37.3229737,-122.0390128
3475,FALSE,585143.224,4131118.85,2069326056,37.3228298,-122.0390112
3476,FALSE,585359.1249,4131121.437,2069326228,37.3228333,-122.0365744
3477,FALSE,585295.9138,4131121.048,2069326235,37.3228356,-122.0372878
3478,FALSE,583218.2758,4130581.049,2097214357,37.3181572,-122.0607952
3479,FALSE,588938.0052,4134561.955,2143776998,37.3535053,-121.9957733
3480,FALSE,594165.875,4135047.458,2150761691,37.357365,-121.9366911
3481,FALSE,594128.665,4135079.75,2150761698,37.3576598,-121.9371071
3482,FALSE,589320.8898,4136839.174,2158104917,37.3739919,-121.9911759
3483,FALSE,584073.8718,4130454.953,2181627312,37.3169437,-122.0511544
3484,FALSE,584060.4045,4130452.932,2181627344,37.3169267,-122.0513066
3485,FALSE,588878.6421,4138198.437,2185799645,37.3862847,-121.9960068
3486,FALSE,588875.915,4138301.62,2185799705,37.3872149,-121.9960252
3487,FALSE,585541.3211,4137388.54,2195994048,37.3792995,-122.0337946
3488,FALSE,583408.749,4138323.958,2196283827,37.3879244,-122.0577739
3489,FALSE,585381.812,4137463.501,2232554739,37.3799898,-122.0355874
3490,FALSE,584530.9305,4131559.482,2234890852,37.326857,-122.0458709
3491,FALSE,581673.8224,4134222.817,2267887606,37.3511166,-122.0778227
3492,FALSE,581669.0868,4134388.481,2267887612,37.3526101,-122.0778579
3493,FALSE,581669.3711,4134353.922,2267887614,37.3522986,-122.0778585
3494,FALSE,581669.4576,4134343.249,2267887619,37.3522024,-122.0778587
3495,FALSE,581669.646,4134319.418,2267887620,37.3519876,-122.0778592
3496,FALSE,581679.3575,4134373.47,2267887626,37.3524739,-122.0777436
3497,FALSE,581671.1118,4134461.376,2267887635,37.3532669,-122.077827
3498,FALSE,581679.5949,4134341.905,2267887640,37.3521894,-122.0777444
3499,FALSE,581679.4699,4134352.889,2267887641,37.3522884,-122.0777446
3500,FALSE,585764.0308,4127645.253,2400757268,37.2914663,-122.0324065
3501,FALSE,585778.6996,4127925.253,2400757271,37.2939885,-122.0322087
3502,FALSE,585766.7454,4127923.122,2400757272,37.2939704,-122.0323438
3503,FALSE,589355.9889,4127719.982,2404187436,37.2918016,-121.9918785
3504,FALSE,589269.7951,4127735.862,2404187439,37.291953,-121.9928489
3505,FALSE,589361.3958,4127740.833,2404187442,37.291989,-121.991815
3506,FALSE,591013.4008,4130851.454,2404194127,37.3198633,-121.9727983
3507,FALSE,590998.1761,4130882.479,2404194130,37.3201444,-121.9729663
3508,FALSE,591077.6269,4130923.421,2404194134,37.3205056,-121.9720647
3509,FALSE,591254.8536,4131196.985,2404194135,37.3229537,-121.9700311
3510,FALSE,591230.9758,4131182.855,2404194136,37.3228287,-121.9703023
3511,FALSE,591212.0356,4131216.535,2404194141,37.3231341,-121.9705119
3512,FALSE,591303.9303,4131218.646,2404194142,37.3231441,-121.9694746
3513,FALSE,591242.8783,4131232.283,2404194143,37.323273,-121.9701619
3514,FALSE,591327.3181,4131233.814,2404194144,37.3232785,-121.9692088
3515,FALSE,591302.4158,4131266.519,2404194150,37.3235757,-121.9694858
3516,FALSE,591275.4735,4131250.647,2404194151,37.3234353,-121.9697918
3517,FALSE,590766.0615,4131177.835,2404195077,37.322829,-121.9755495
3518,FALSE,590732.9949,4131208.566,2404195087,37.3231092,-121.9759189
3519,FALSE,590815.2766,4131223.617,2404195089,37.3232368,-121.9749885
3520,FALSE,590786.9869,4131261.635,2404195095,37.3235822,-121.9753031
3521,FALSE,588951.6954,4127763.681,2404221986,37.2922342,-121.9964339
3522,FALSE,588896.8156,4127784.369,2404221988,37.2924259,-121.9970505
3523,FALSE,588811.7229,4127780.992,2404221989,37.2924036,-121.9980108
3524,FALSE,588785.4161,4127799.032,2404221992,37.2925687,-121.9983054
3525,FALSE,590013.3649,4132837.424,2428769733,37.3378593,-121.9838423
3526,FALSE,589057.7775,4134077.038,2441123950,37.3491235,-121.9944794
3527,FALSE,588953.0842,4134189.389,2441123959,37.3501461,-121.9956478
3528,FALSE,588937.2144,4134128.227,2441123961,37.3495964,-121.9958343
3529,FALSE,588931.6288,4134235.33,2441123967,37.3505622,-121.9958845
3530,FALSE,588992.0894,4134190.736,2441123969,37.3501545,-121.9952073
3531,FALSE,588991.2616,4134310.982,2441123971,37.3512383,-121.9952022
3532,FALSE,588944.1773,4134269.782,2441123977,37.3508715,-121.9957387
3533,FALSE,588991.5365,4134270.996,2441123979,37.3508779,-121.9952039
3534,FALSE,588991.8063,4134231.487,2441123985,37.3505218,-121.9952056
3535,FALSE,589036.9643,4134192.379,2441123989,37.350165,-121.9947005
3536,FALSE,589149.0659,4134315.037,2441123993,37.3512597,-121.9934202
3537,FALSE,589151.6252,4134256.091,2441123997,37.3507282,-121.9933984
3538,FALSE,589077.24,4134313.118,2441123999,37.3512493,-121.9942313
3539,FALSE,589078.8199,4134254.605,2441124001,37.3507218,-121.9942205
3540,FALSE,589115.2527,4134313.623,2441124003,37.3512502,-121.9938021
3541,FALSE,589116.5897,4134255.485,2441124005,37.3507261,-121.993794
3542,FALSE,583402.218,4138307.715,2448346766,37.3877786,-122.0578495
3543,FALSE,589555.1467,4134066.882,2453580768,37.3489841,-121.9888658
3544,FALSE,589739.955,4134070.15,2453580770,37.3489957,-121.9867791
3545,FALSE,592894.1088,4133801.082,2457379794,37.3462604,-121.9512058
3546,FALSE,592903.8259,4133805.939,2457379797,37.3463032,-121.9510955
3547,FALSE,592890.3895,4133810.539,2457379799,37.346346,-121.9512466
3548,FALSE,592909.0214,4133813.52,2457379801,37.346371,-121.9510359
3549,FALSE,592900.049,4133814.197,2457379802,37.346378,-121.9511371
3550,FALSE,592891.5786,4133821.526,2457379804,37.3464449,-121.9512318
3551,FALSE,585497.0771,4137107.135,2460703529,37.3767674,-122.0343268
3552,FALSE,584870.8513,4134359.38,2460823060,37.3520605,-122.041714
3553,FALSE,584907.4892,4134376.573,2460823065,37.3522121,-122.0412984
3554,FALSE,583257.8185,4134359.077,2460842383,37.3522039,-122.0599247
3555,FALSE,583168.9531,4134304.469,2460844489,37.3517197,-122.0609341
3556,FALSE,583129.4633,4134339.46,2460844494,37.3520386,-122.061376
3557,FALSE,585543.6789,4137396.941,2461101377,37.379375,-122.033767
3558,FALSE,584908.6945,4134359.931,2466180214,37.352062,-122.0412867
3559,FALSE,581661.8708,4135853.564,2471223355,37.3658151,-122.0777778
3560,FALSE,584936.6092,4130413.963,2471566986,37.3164958,-122.0414236
3561,FALSE,584932.6271,4130751.503,2471566988,37.3195383,-122.0414299
3562,FALSE,584922.219,4130758.088,2471566990,37.3195986,-122.0415466
3563,FALSE,584932.5852,4130758.259,2471566991,37.3195992,-122.0414296
3564,FALSE,584949.4254,4130764.033,2471566993,37.3196497,-122.0412389
3565,FALSE,584932.4654,4130770.064,2471566995,37.3197056,-122.0414296
3566,FALSE,584932.5716,4130774.448,2471566997,37.3197451,-122.0414279
3567,FALSE,584927.8674,4131116.762,2471567001,37.3228307,-122.0414418
3568,FALSE,584916.8801,4131132.44,2471567002,37.322973,-122.041564
3569,FALSE,584925.1318,4131378.555,2471571788,37.3251904,-122.0414427
3570,FALSE,584942.3482,4131389.048,2471571792,37.3252834,-122.0412472
3571,FALSE,584915.7946,4132241.213,2471571797,37.3329661,-122.0414493
3572,FALSE,585004.7927,4132246.41,2471571798,37.3330048,-122.0404442
3573,FALSE,585618.0309,4137081.456,2472237284,37.3765248,-122.0329638
3574,FALSE,585569.4018,4137088.225,2472237287,37.3765903,-122.0335122
3575,FALSE,589155.2603,4131176.725,2474962563,37.322975,-121.9937277
3576,FALSE,589171.8452,4131192.835,2474962567,37.3231186,-121.9935386
3577,FALSE,581642.808,4136715.262,2476575660,37.373583,-122.077898
3578,FALSE,589468.3394,4127863.082,2491724238,37.2930805,-121.9905939
3579,FALSE,589729.5258,4133764.917,2492671620,37.3462458,-121.9869338
3580,FALSE,585742.1976,4136180.811,2493004044,37.3683962,-122.0316659
3581,FALSE,593034.711,4130462.328,2495750004,37.3161561,-121.9500375
3582,FALSE,588954.3794,4133671.955,2504564418,37.3454826,-121.9956953
3583,FALSE,588934.9971,4133672.77,2504564419,37.3454918,-121.995914
3584,FALSE,589415.6774,4127787.159,2505134523,37.2924013,-121.9911971
3585,FALSE,589497.2213,4127895.39,2505134566,37.2933689,-121.9902642
3586,FALSE,581674.6268,4134183.081,2519035769,37.3507584,-122.077818
3587,FALSE,588624.9759,4134398.277,2600351747,37.3520601,-121.9993269
3588,FALSE,581639.2139,4136491.254,2605204480,37.3715644,-122.0779633
3589,FALSE,581874.2302,4131925.885,2610571802,37.3303973,-122.0758139
3590,FALSE,581470.5438,4131967.06,2610571803,37.3308039,-122.0803656
3591,FALSE,581460.8581,4131941.746,2610571804,37.3305766,-122.0804777
3592,FALSE,581460.3559,4131946.001,2610571805,37.330615,-122.0804829
3593,FALSE,585347.5596,4130068.745,2618769034,37.3133468,-122.036826
3594,FALSE,589141.5977,4131192.402,2620426702,37.3231176,-121.99388
3595,FALSE,589041.2653,4131192.144,2620426706,37.3231249,-121.9950123
3596,FALSE,589007.2706,4131218.279,2620426729,37.3233637,-121.9953928
3597,FALSE,582067.2041,4137484.22,2631423361,37.3804759,-122.07302
3598,FALSE,582165.7933,4137601.536,2631423369,37.3815245,-122.0718935
3599,FALSE,585105.4193,4127904.763,2631750421,37.2938657,-122.0398063
3600,FALSE,585076.4918,4127910.261,2631750444,37.2939179,-122.040132
3601,FALSE,585524.359,4134381.272,2665573175,37.3521978,-122.0343336
3602,FALSE,588940.134,4129609.21,2670578918,37.3088683,-121.9963433
3603,FALSE,588968.623,4129653.907,2670578920,37.3092684,-121.9960165
3604,FALSE,588906.6429,4129697.564,2670578929,37.3096678,-121.9967106
3605,FALSE,587085.475,4134684.005,2718228155,37.354781,-122.0166736
3606,FALSE,587093.4307,4134698.29,2718228268,37.354909,-122.0165821
3607,FALSE,588896.1606,4135143.602,2749906538,37.3587514,-121.9961759
3608,FALSE,588853.9563,4135241.173,2749906549,37.3596348,-121.9966407
3609,FALSE,588958.4985,4135271.566,2749906559,37.3598987,-121.9954567
3610,FALSE,588903.1663,4135386.828,2749906567,37.3609428,-121.9960676
3611,FALSE,588920.9439,4135388.293,2749906568,37.3609543,-121.9958667
3612,FALSE,588959.5329,4132430.682,2749921126,37.3342951,-121.9957861
3613,FALSE,588939.0588,4132537.282,2749921131,37.3352578,-121.9960044
3614,FALSE,588950.8098,4132987.869,2749921133,37.3393176,-121.9958177
3615,FALSE,582542.9998,4132808.116,2753899859,37.3382894,-122.0681676
3616,FALSE,591574.9084,4136760.003,2767053136,37.3730585,-121.9657317
3617,FALSE,591028.395,4130844.904,2783649771,37.3198028,-121.9726299
3618,FALSE,592085.8676,4131241.879,2783649787,37.3232763,-121.9606475
3619,FALSE,583019.2401,4132724.652,2794892525,37.3374947,-122.0628013
3620,FALSE,585095.6571,4136294.735,2838131566,37.3694825,-122.0389536
3621,FALSE,588840.3205,4134347.946,2860529993,37.3515859,-121.9969018
3622,FALSE,588778.1398,4134416.245,2860529998,37.3522074,-121.9975956
3623,FALSE,590544.2409,4134409.028,2860539966,37.3519717,-121.9776581
3624,FALSE,590000.926,4134405.948,2860539968,37.3519968,-121.9837922
3625,FALSE,589973.3655,4134406.306,2860539969,37.3520027,-121.9841033
3626,FALSE,589698.0885,4134437.113,2860539993,37.352307,-121.9872073
3627,FALSE,589933.9071,4134439.779,2860539994,37.3523082,-121.9845447
3628,FALSE,590586.7181,4134447.113,2860539995,37.3523108,-121.9771739
3629,FALSE,590038.9274,4134441.198,2860539996,37.3523108,-121.9833589
3630,FALSE,590504.1979,4134446.375,2860539997,37.3523122,-121.9781056
3631,FALSE,590039.2549,4134456.857,2860539998,37.3524519,-121.9833533
3632,FALSE,589928.5722,4134455.666,2860539999,37.3524519,-121.984603
3633,FALSE,590503.8612,4134461.939,2860540000,37.3524525,-121.9781075
3634,FALSE,590583.8815,4134462.839,2860540901,37.3524528,-121.977204
3635,FALSE,589969.8244,4134489.275,2860540917,37.3527508,-121.9841332
3636,FALSE,589997.8326,4134493.382,2860540918,37.3527851,-121.9838165
3637,FALSE,590544.4763,4134499.372,2860540919,37.3527859,-121.9776444
3638,FALSE,593460.9379,4134847.923,2860540921,37.355638,-121.9446751
3639,FALSE,593479.1443,4134859.433,2860540924,37.3557399,-121.9444681
3640,FALSE,583402.6953,4132730.274,2864670779,37.337511,-122.0584724
3641,FALSE,592531.4208,4133128.329,2882833246,37.3402335,-121.955384
3642,FALSE,587617.7792,4137216.915,2903458801,37.3775588,-122.0103641
3643,FALSE,584985.9467,4128197.28,2908071137,37.296513,-122.0411206
3644,FALSE,584933.7135,4130234.642,2908071147,37.3148799,-122.0414768
3645,FALSE,584925.8533,4131312.677,2908071152,37.3245966,-122.0414421
3646,FALSE,589065.9328,4132111.67,2910173011,37.3314098,-121.9946235
3647,FALSE,582825.3578,4132726.958,2928388808,37.3375328,-122.0649895
3648,FALSE,582576.5852,4132776.681,2928388830,37.3380031,-122.067792
3649,FALSE,586479.9526,4134376.952,2940032718,37.3520703,-122.0235458
3650,FALSE,586479.245,4134394.842,2940032719,37.3522316,-122.0235517
3651,FALSE,583828.6209,4130710.064,2988636660,37.3192651,-122.0538931
3652,FALSE,583817.9257,4130710.001,2988636661,37.3192655,-122.0540138
3653,FALSE,584923.5973,4128690.418,3057899475,37.3009632,-122.0417676
3654,FALSE,584959.1595,4128709.53,3057899479,37.3011322,-122.0413642
3655,FALSE,581657.3044,4136715.181,3058051528,37.373581,-122.0777343
3656,FALSE,589157.1734,4134429.454,3074155111,37.3522901,-121.9933149
3657,FALSE,585472.6738,4137013.605,3096280507,37.3759267,-122.0346132
3658,FALSE,586218.2563,4137596.984,3142639524,37.3811154,-122.0261252
3659,FALSE,586113.8322,4137601.821,3142640230,37.3811687,-122.027304
3660,FALSE,583741.5978,4129901.324,3177401350,37.311984,-122.0549664
3661,FALSE,584687.293,4128650.889,3188511569,37.3006285,-122.0444381
3662,FALSE,582273.4385,4134335.899,3243798122,37.3520828,-122.0710407
3663,FALSE,581149.7471,4132329.891,3277801217,37.3341021,-122.0839466
3664,FALSE,582355.1591,4130995.405,3324431188,37.3219686,-122.0704892
3665,FALSE,585501.499,4131138.534,3355011980,37.3229743,-122.0349657
3666,FALSE,585747.228,4131124.504,3369079743,37.3228252,-122.0321942
3667,FALSE,587361.9627,4130790.489,3379139709,37.3196644,-122.0140109
3668,FALSE,586564.7615,4130724.601,3385384500,37.3191452,-122.0230148
3669,FALSE,586547.2711,4130738.945,3385384505,37.3192761,-122.0232105
3670,FALSE,586152.3701,4131047.611,3394771782,37.3220947,-122.027631
3671,FALSE,585784.0856,4130388.051,3394777142,37.3161844,-122.0318634
3672,FALSE,585753.8662,4130401.056,3394777145,37.3163044,-122.0322029
3673,FALSE,587129.9943,4132197.665,3394885047,37.3323685,-122.0164633
3674,FALSE,587163.853,4132198.084,3394885048,37.3323691,-122.0160811
3675,FALSE,586339.5896,4130824.233,3394885057,37.3200641,-122.0255442
3676,FALSE,584943.9024,4129438.823,3394885080,37.3077065,-122.0414529
3677,FALSE,584892.6951,4129442.088,3394885082,37.3077406,-122.0420303
3678,FALSE,583257.7407,4132683.805,3394885406,37.3371052,-122.0601138
3679,FALSE,583215.3636,4132727.732,3394885410,37.3375049,-122.0605872
3680,FALSE,586157.754,4131132.358,3416013414,37.322858,-122.0275604
3681,FALSE,583146.9909,4134359.217,3420318018,37.3522151,-122.0611759
3682,FALSE,584918.934,4131418.269,3426214274,37.3255489,-122.0415081
3683,FALSE,585680.2182,4129012.833,3429668884,37.3037996,-122.0331942
3684,FALSE,587345.6395,4131148.096,3438502778,37.3228889,-122.014153
3685,FALSE,587430.8272,4130578.173,3438502781,37.3177444,-122.0132588
3686,FALSE,588881.1938,4131189.944,3452736630,37.3231204,-121.996819
3687,FALSE,586151.486,4131308.324,3460347019,37.3244445,-122.0276107
3688,FALSE,586052.5967,4131300.683,3460350685,37.3243848,-122.0287276
3689,FALSE,586051.9576,4131330.102,3460350686,37.32465,-122.0287314
3690,FALSE,588465.74,4132810.078,3470912024,37.3377616,-122.0013142
3691,FALSE,588909.8263,4132812.832,3470912031,37.337744,-121.9963013
3692,FALSE,588951.8533,4132814.721,3470912032,37.337757,-121.9958267
3693,FALSE,582685.5484,4132720.76,3472653919,37.3374894,-122.0665683
3694,FALSE,592994.8363,4130449.923,3477575238,37.3160483,-121.950489
3695,FALSE,585758.72,4128457.842,3523003937,37.2987904,-122.0323726
3696,FALSE,585763.1978,4129634.297,3523003943,37.309393,-122.0321862
3697,FALSE,585760.6645,4128321.554,3523003954,37.2975619,-122.0323664
3698,FALSE,585762.3515,4128210.416,3523003955,37.2965601,-122.0323602
3699,FALSE,585777.7329,4128092.44,3523003958,37.2954954,-122.0322003
3700,FALSE,585763.868,4128145.379,3523003961,37.2959738,-122.0323506
3701,FALSE,585805.6851,4127935.448,3523003962,37.2940779,-122.0319031
3702,FALSE,585730.5466,4127920.155,3523003965,37.293947,-122.0327525
3703,FALSE,585766.0503,4127877.579,3523003968,37.29356,-122.0323569
3704,FALSE,588873.33,4132102.455,3529356300,37.3313452,-121.9967984
3705,FALSE,593686.5868,4134295.698,3546334567,37.3506384,-121.9421974
3706,FALSE,594493.7449,4134985.702,3548898940,37.3567751,-121.9329973
3707,FALSE,594390.612,4134993.314,3548898942,37.3568542,-121.9341607
3708,FALSE,595620.6387,4134325.044,3548898963,37.3507056,-121.92036
3709,FALSE,594679.2659,4133593.466,3551309917,37.3442089,-121.9310807
3710,FALSE,595209.431,4134554.133,3553396065,37.3528125,-121.9249727
3711,FALSE,595058.1976,4134663.461,3553396066,37.3538133,-121.926666
3712,FALSE,594886.8862,4134751.093,3553396072,37.3546206,-121.9285888
3713,FALSE,595031.3008,4134662.312,3553396074,37.3538057,-121.9269698
3714,FALSE,595217.7256,4134567.043,3553396078,37.352928,-121.9248774
3715,FALSE,585770.4873,4129014.966,3562917809,37.3038105,-122.0321755
3716,FALSE,590542.6666,4134636.241,3586147901,37.3540196,-121.9776481
3717,FALSE,590541.8709,4134665.558,3586147906,37.3542839,-121.9776535
3718,FALSE,587945.2786,4130374.941,3596698742,37.3158642,-122.0074776
3719,FALSE,587888.9958,4130396.919,3596698757,37.3160676,-122.0081101
3720,FALSE,594177.8837,4132673.894,3605735026,37.3359724,-121.9368572
3721,FALSE,594174.1499,4132686.046,3605735028,37.3360823,-121.9368978
3722,FALSE,594121.3717,4134437.936,3608334997,37.3518763,-121.937271
3723,FALSE,594300.0688,4134299.209,3608335006,37.3506079,-121.9352713
3724,FALSE,588625.4791,4134383.392,3611662417,37.3519259,-121.999323
3725,FALSE,588596.6361,4134412.856,3611662429,37.3521942,-121.9996451
3726,FALSE,588630.9871,4134413.631,3611662430,37.3521979,-121.9992572
3727,FALSE,588658.2792,4134414.341,3611662431,37.3522017,-121.998949
3728,FALSE,588597.7566,4134431.664,3611662433,37.3523636,-121.9996302
3729,FALSE,588630.7585,4134432.69,3611662434,37.3523697,-121.9992575
3730,FALSE,588657.2435,4134433.493,3611662435,37.3523744,-121.9989584
3731,FALSE,588630.4333,4134456.687,3611662441,37.352586,-121.9992583
3732,FALSE,588619.0461,4134457.165,3611662442,37.3525914,-121.9993868
3733,FALSE,594159.7737,4133661.845,3622822253,37.344878,-121.9369361
3734,FALSE,593459.7676,4134835.338,3633625323,37.3555247,-121.9446899
3735,FALSE,595395.3944,4134442.252,3633625392,37.3517851,-121.9228877
3736,FALSE,595431.6668,4134418.288,3633625394,37.3515654,-121.9224813
3737,FALSE,595404.9276,4134457.607,3633625399,37.3519225,-121.9227781
3738,FALSE,588038.4919,4130179.107,3646788518,37.3140904,-122.006449
3739,FALSE,588017.3269,4130186.896,3646788519,37.3141626,-122.0066869
3740,FALSE,592953.0454,4136745.437,3652927437,37.3727901,-121.9501709
3741,FALSE,593887.5951,4131139.583,3664025652,37.322174,-121.9403279
3742,FALSE,593068.7111,4135612.492,3678002363,37.362568,-121.9490072
3743,FALSE,588920.4807,4129703.958,3681667256,37.3097241,-121.9965537
3744,FALSE,588914.8422,4129690.772,3681667257,37.3096058,-121.9966189
3745,FALSE,588955.6494,4129685.48,3681667259,37.3095542,-121.9961591
3746,FALSE,589079.4061,4129681.603,3681667260,37.3095074,-121.9947632
3747,FALSE,588974.8542,4129683.054,3681667262,37.3095305,-121.9959427
3748,FALSE,590690.5655,4131214.453,3694137904,37.3231664,-121.976397
3749,FALSE,587449.472,4131150.045,3695526381,37.3228967,-122.012981
3750,FALSE,587526.898,4131152.008,3695526382,37.3229071,-122.012107
3751,FALSE,583270.5652,4129418.182,3696037831,37.3076719,-122.0603356
3752,FALSE,591506.5613,4131606.058,3696084029,37.3266157,-121.9671401
3753,FALSE,587329.8929,4132481.4,3701140056,37.3349069,-122.0141737
3754,FALSE,588208.8185,4132396.361,3701222236,37.3340574,-122.0042634
3755,FALSE,589096.3373,4132088.715,3701226030,37.3312,-121.9942831
3756,FALSE,590340.348,4133103.539,3701688576,37.3402259,-121.9801191
3757,FALSE,590339.7974,4133220.161,3701688584,37.341277,-121.9801111
3758,FALSE,590342.1858,4133284.486,3701688586,37.3418565,-121.9800763
3759,FALSE,588520.2765,4134569.04,3702036680,37.3536091,-122.0004885
3760,FALSE,588472.2302,4134568.465,3702036681,37.3536085,-122.001031
3761,FALSE,592823.6085,4131633.054,3702205151,37.3267283,-121.9522731
3762,FALSE,585548.8733,4131676.685,3710193384,37.3278201,-122.034369
3763,FALSE,586056.2598,4137375.931,3721135976,37.3791382,-122.0279805
3764,FALSE,586274.7144,4137582.1,3721135982,37.380976,-122.0254893
3765,FALSE,586356.9426,4137561.712,3721135983,37.3807846,-122.024563
3766,FALSE,586454.6408,4137536.947,3721135984,37.3805523,-122.0234625
3767,FALSE,586552.9696,4137512.046,3721135985,37.3803187,-122.0223549
3768,FALSE,590732.389,4130385.392,3756924095,37.3156904,-121.9760264
3769,FALSE,590761.8304,4130438.405,3756924101,37.3161653,-121.9756877
3770,FALSE,582546.8765,4132788.726,3831426401,37.3381143,-122.068126
3771,FALSE,584255.5664,4131122.252,3966753740,37.3229414,-122.0490283
3772,FALSE,585016.1266,4130316.187,3966888143,37.3156073,-122.0405375
3773,FALSE,586625.1219,4128729.285,3966924728,37.3011565,-122.0225665
3774,FALSE,586977.3265,4128736.417,3966924730,37.3011879,-122.0185921
3775,FALSE,587293.0826,4128742.786,3967049966,37.3012157,-122.015029
3776,FALSE,588882.6101,4137742.299,3971909244,37.3821734,-121.9960168
3777,FALSE,585713.0229,4130318.697,4019412006,37.3155659,-122.0326733
3778,FALSE,587294.7674,4128658.5,4114168773,37.3004559,-122.0150199
3779,FALSE,585307.6822,4134367.453,4167687892,37.3520932,-122.0367814
3780,FALSE,585710.5348,4134550.999,4167747516,37.3537103,-122.0322121
3781,FALSE,587110.3851,4134681.158,4167747522,37.354753,-122.0163927
3782,FALSE,587068.8149,4134700.952,4167747523,37.3549353,-122.0168597
3783,FALSE,586581.3295,4135197.257,4167747535,37.3594539,-122.0223054
3784,FALSE,585923.103,4135886.205,4167747548,37.3657243,-122.0296573
3785,FALSE,585542.8131,4136177.925,4167747552,37.3683886,-122.0339177
3786,FALSE,585730.8598,4136180.184,4167769763,37.3683916,-122.031794
3787,FALSE,585508.3965,4132759.061,4167830451,37.3375789,-122.034701
3788,FALSE,585438.9382,4132758.274,4167830452,37.3375782,-122.0354851
3789,FALSE,585751.5191,4129108.54,4167845024,37.3046556,-122.0323787
3790,FALSE,585747.745,4129647.786,4167845026,37.309516,-122.032359
3791,FALSE,585762.0158,4129752.33,4167845029,37.3104569,-122.0321859
3792,FALSE,589735.8051,4134407.382,4167971787,37.3520354,-121.9867851
3793,FALSE,589650.899,4131195.333,4168013072,37.323095,-121.9881321
3794,FALSE,590072.9031,4131203.78,4168013073,37.3231303,-121.9833687
3795,FALSE,589352.2603,4131188.567,4168013075,37.3230628,-121.9915031
3796,FALSE,589768.2605,4131198.299,4168013078,37.3231104,-121.9868073
3797,FALSE,590495.0189,4131210.096,4168013082,37.3231462,-121.9786043
3798,FALSE,592165.5363,4136916.679,4170375290,37.374412,-121.9590425
3799,FALSE,582757.4208,4132721.97,4176084873,37.3374939,-122.0657569
3800,FALSE,587296.8089,4128513.602,4176144216,37.2991498,-122.0150139
3801,FALSE,584988.4591,4128667.065,4176209026,37.3007468,-122.0410385
3802,FALSE,587673.4079,4130911.746,4176672593,37.3207279,-122.010482
3803,FALSE,587676.3645,4130941.658,4176672596,37.3209972,-122.0104451
3804,FALSE,587672.2481,4130961.576,4176672600,37.3211771,-122.0104892
3805,FALSE,587575.8207,4131167.233,4176688207,37.3230397,-122.0115531
3806,FALSE,583695.8595,4138149.567,4176708935,37.3863268,-122.0545507
3807,FALSE,588070.2931,4131823.1,4176719995,37.328904,-122.005895
3808,FALSE,588950.7871,4132897.506,4176790353,37.3385032,-121.9958288
3809,FALSE,595012.0617,4133465.308,4176826264,37.3430199,-121.9273405
3810,FALSE,592520.6926,4133148.316,4176985969,37.3404147,-121.9555026
3811,FALSE,592220.3819,4131244.259,4179596801,37.3232844,-121.9591292
3812,FALSE,592149.5274,4134541.637,4181885889,37.3530088,-121.9595189
3813,FALSE,591105.2432,4130967.05,4182035484,37.3208961,-121.9717477
3814,FALSE,591131.8906,4131030.474,4182035485,37.3214651,-121.9714392
3815,FALSE,591176.8205,4131099.413,4182035487,37.322082,-121.9709237
3816,FALSE,581735.1845,4131008.847,4183782183,37.3221445,-122.0774843
3817,FALSE,581860.4841,4131011.169,4183782184,37.3221544,-122.07607
3818,FALSE,590339.9881,4133181.172,4202927156,37.3409256,-121.9801137
3819,FALSE,590561.2545,4133182.755,4202927157,37.3409183,-121.9776159
3820,FALSE,590468.4911,4133286.739,4213230637,37.3418645,-121.9786503
3821,FALSE,590464.7814,4133320.94,4213230640,37.3421731,-121.978688
3822,FALSE,589752.3635,4131098.279,4215452813,37.3222105,-121.9869988
3823,FALSE,589784.5897,4131099.335,4215452818,37.3222169,-121.986635
3824,FALSE,585332.269,4130084.722,4379447067,37.3134922,-122.0369967
3825,FALSE,589819.7765,4128254.744,4402120149,37.2965765,-121.9865821
3826,FALSE,590275.719,4128765.96,4402120171,37.3011397,-121.9813764
3827,FALSE,590242.8856,4128719.226,4402120172,37.3007217,-121.9817525
3828,FALSE,590406.997,4128975.763,4402179097,37.3030178,-121.9798698
3829,FALSE,590400.4211,4128988.008,4402179098,37.3031288,-121.9799425
3830,FALSE,590364.5309,4128925.696,4402179103,37.3025707,-121.980355
3831,FALSE,587287.4657,4130883.803,4523790671,37.3205124,-122.0148406
3832,FALSE,589846.162,4128284.02,4547445761,37.2968378,-121.9862809
3833,FALSE,593812.2424,4133700.67,4548708762,37.3452631,-121.9408542
3834,FALSE,591715.883,4131978.681,4548715075,37.3299533,-121.9647317
3835,FALSE,591726.9895,4131945.138,4548715078,37.3296499,-121.9646105
3836,FALSE,591812.827,4131980.144,4548715079,37.3299569,-121.9636374
3837,FALSE,591789.0661,4132014.624,4548715082,37.33027,-121.9639013
3838,FALSE,588932.2242,4136047.077,4584836586,37.3668905,-121.9956602
3839,FALSE,585568.8507,4135789.346,4616540076,37.3648841,-122.0336686
3840,FALSE,585487.4081,4135841.427,4616540498,37.365361,-122.0345822
3841,FALSE,589025.2132,4131899.077,4646549443,37.3294977,-121.9951086
3842,FALSE,589969.5616,4134516.989,4664717692,37.3530006,-121.9841328
3843,FALSE,589997.7234,4134517.526,4664717693,37.3530027,-121.9838148
3844,FALSE,590236.2039,4135644.728,4664722666,37.3631384,-121.9809851
3845,FALSE,588948.6166,4131391.103,4728512125,37.3249269,-121.996034
3846,FALSE,588822.8909,4135233.242,4802583456,37.3595663,-121.9969924
3847,FALSE,592061.9138,4136910.898,4869687419,37.3743702,-121.9602134
3848,FALSE,589884.1039,4132835.89,4876459057,37.337858,-121.9853015
3849,FALSE,593002.099,4131965.868,4876739704,37.3297099,-121.950217
3850,FALSE,592165.7886,4134278.157,4877499562,37.3506326,-121.9593681
3851,FALSE,592165.0824,4134336.613,4877499563,37.3511595,-121.9593688
3852,FALSE,591939.5856,4134333.31,4877499583,37.3511521,-121.9619149
3853,FALSE,592145.6049,4134502.913,4877499600,37.3526602,-121.959568
3854,FALSE,594081.8094,4135109.714,4878683531,37.3579346,-121.9376323
3855,FALSE,588344.9829,4133115.763,4885483664,37.3405281,-122.0026408
3856,FALSE,588380.0927,4133139.978,4885483669,37.340743,-122.0022416
3857,FALSE,590627.6746,4129834.212,4888037146,37.3107331,-121.9772753
3858,FALSE,585412.8752,4131857.085,4913147265,37.3294585,-122.0358831
3859,FALSE,585413.0471,4131771.64,4913147275,37.3286884,-122.035891
3860,FALSE,594110.6423,4132828.657,4913810382,37.337374,-121.9375965
3861,FALSE,593682.8205,4134886.479,4940705092,37.3559631,-121.9421652
3862,FALSE,584185.6491,4130629.088,4949144211,37.318503,-122.0498733
3863,FALSE,591224.7827,4137915.777,4989314674,37.3835093,-121.969543
3864,FALSE,584110.7727,4132028.25,5023140120,37.33112,-122.0505596
3865,FALSE,584107.4201,4132058.573,5023140152,37.3313936,-122.050594
3866,FALSE,592147.4426,4134478.423,5041442783,37.3524393,-121.9595503
3867,FALSE,592148.6756,4134462.181,5041442784,37.3522928,-121.9595384
3868,FALSE,584960.2035,4130119.196,5043775590,37.313837,-122.0411911
3869,FALSE,584935.2655,4130096.464,5043775591,37.3136344,-122.0414751
3870,FALSE,590988.594,4136902.271,5050892838,37.3743984,-121.9723352
3871,FALSE,591037.2813,4136902.968,5050892840,37.3743999,-121.9717853
3872,FALSE,580853.7384,4134373.724,5052637630,37.3525485,-122.0870647
3873,FALSE,584206.2887,4131206.958,5052681173,37.3237093,-122.0495748
3874,FALSE,594280.9411,4134999.489,5053141890,37.356921,-121.9353981
3875,FALSE,593011.2582,4131223.671,5057706719,37.32302,-121.9502067
3876,FALSE,592983.4395,4131249.482,5057707123,37.3232554,-121.9505174
3877,FALSE,591358.2691,4136367.203,5058055864,37.3695398,-121.9682266
3878,FALSE,590921.848,4130682.027,5074653853,37.3183453,-121.9738522
3879,FALSE,592944.7652,4136716.807,5116325680,37.3725329,-121.950268
3880,FALSE,587879.5724,4129768.866,5134212126,37.3104081,-122.0082908
3881,FALSE,589613.6905,4137262.484,5185422746,37.3777787,-121.9878181
3882,FALSE,589573.8273,4137242.561,5185422747,37.377603,-121.9882707
3883,FALSE,588778.3906,4136041.647,5223449387,37.3668563,-121.9973979
3884,FALSE,588824.4396,4136035.201,5223449389,37.3667938,-121.9968787
3885,FALSE,594229.3712,4132501.322,5261661337,37.3344119,-121.936298
3886,FALSE,588933.3552,4131411.39,5261704914,37.3251112,-121.9962038
3887,FALSE,585179.6918,4138097.494,5270886968,37.3857223,-122.0377971
3888,FALSE,584966.6828,4138152.09,5278200232,37.3862339,-122.0401967
3889,FALSE,585059.4698,4138128.546,5278200233,37.3860132,-122.0391514
3890,FALSE,585445.2795,4138027.12,5278200249,37.3850636,-122.0348055
3891,FALSE,584314.841,4138139.127,5278666046,37.3861766,-122.0475606
3892,FALSE,584962.6002,4138127.827,5278666057,37.3860156,-122.0402456
3893,FALSE,583902.5363,4138132.989,5290985695,37.3861587,-122.0522182
3894,FALSE,583952.9154,4138116.929,5290985696,37.3860094,-122.051651
3895,FALSE,584275.2122,4138147.903,5290985700,37.3862593,-122.0480072
3896,FALSE,591809.3494,4131245.367,5306375377,37.3233351,-121.9637676
3897,FALSE,587414.5546,4130687.062,5324989567,37.3187273,-122.0134296
3898,FALSE,587350.6147,4130939.629,5324989569,37.3210096,-122.0141214
3899,FALSE,587348.3847,4131023.421,5324989570,37.321765,-122.0141367
3900,FALSE,584805.6539,4139394.261,5334128536,37.3974438,-122.041873
3901,FALSE,585028.7643,4139541.517,5334128538,37.3987505,-122.0393357
3902,FALSE,584745.1989,4139370.956,5334134378,37.3972393,-122.0425586
3903,FALSE,585315.9845,4139756.118,5334134384,37.4006582,-122.0360663
3904,FALSE,582010.2534,4137389.537,5367061250,37.3796276,-122.0736737
3905,FALSE,581910.6283,4137228.375,5367061269,37.3781839,-122.0748167
3906,FALSE,581926.36,4137229.561,5367061296,37.3781932,-122.0746389
3907,FALSE,582021.7448,4137377.057,5367061298,37.3795141,-122.0735453
3908,FALSE,582192.3177,4137399.293,5367061303,37.3796994,-122.0716164
3909,FALSE,582258.1833,4137364.402,5367061310,37.3793791,-122.0708764
3910,FALSE,582253.8679,4137725.363,5367061421,37.3826327,-122.070885
3911,FALSE,582376.4209,4137816.444,5367061424,37.3834427,-122.0694907
3912,FALSE,582150.0208,4137611.778,5367061439,37.3816182,-122.0720705
3913,FALSE,581791.5965,4137004.123,5368814028,37.3761733,-122.0761858
3914,FALSE,581920.9903,4137221.83,5368814034,37.378124,-122.0747004
3915,FALSE,581656.8677,4136701.874,5368814040,37.3734611,-122.0777407
3916,FALSE,587302.6811,4134190.584,5368937184,37.3503136,-122.0142795
3917,FALSE,587192.8706,4134387.562,5368937324,37.3520992,-122.015496
3918,FALSE,587072.1314,4134405.399,5368937327,37.3522713,-122.016857
3919,FALSE,588184.4368,4133652.896,5369064169,37.3453843,-122.0043891
3920,FALSE,588091.2155,4133655.697,5369064174,37.3454184,-122.0054411
3921,FALSE,593699.6363,4134346.164,5369474542,37.3510919,-121.9420437
3922,FALSE,585187.6101,4130317.452,5531814154,37.315603,-122.0386023
3923,FALSE,585188.5588,4130225.07,5531814155,37.3147703,-122.0386022
3924,FALSE,593000.7955,4132032.938,5659997076,37.3303145,-121.9502233
3925,FALSE,585373.2014,4131137.458,5660176800,37.3229764,-122.0364137
3926,FALSE,585967.9419,4131143.377,5660176940,37.3229749,-122.0297012
3927,FALSE,591352.8897,4131415.874,5680651585,37.3249168,-121.9688978
3928,FALSE,591359.9755,4131377.993,5680651589,37.3245747,-121.9688225
3929,FALSE,588910.1947,4132828.192,5694180719,37.3378824,-121.9962953
3930,FALSE,594127.9873,4134704.834,5809596512,37.354281,-121.9371624
3931,FALSE,583111.3556,4132231.73,5834900091,37.3330439,-122.0618168
3932,FALSE,584960.9233,4128643.108,5896055636,37.3005334,-122.0413519
3933,FALSE,591100.5726,4131566.423,5903657827,37.3262984,-121.9717268
3934,FALSE,591135.4519,4131013.47,5905979958,37.3213115,-121.9714011
3935,FALSE,588071.4947,4131986.784,5997650050,37.3303791,-122.005862
3936,FALSE,586152.8604,4135656.394,6052323963,37.3636318,-122.0270897
3937,FALSE,581951.8281,4137262.697,6422093199,37.3784896,-122.0743476
3938,FALSE,594953.4813,4133249.494,6439958932,37.3410809,-121.9280294
3939,FALSE,585750.6221,4139644.367,6447149857,37.3996109,-122.0311692
3940,FALSE,581661.7741,4135144.497,6497920854,37.3594245,-122.0778571
3941,FALSE,581680.2587,4133626.302,6507306606,37.3457398,-122.0778158
3942,FALSE,581867.0612,4131000.072,6507351850,37.3220538,-122.075997
3943,FALSE,581871.9593,4131009.351,6507351851,37.322137,-122.0759407
3944,FALSE,582008.5312,4137353.904,6652451057,37.3793066,-122.0736971
3945,FALSE,589121.547,4131176.388,6770488038,37.3229752,-121.9941082
3946,FALSE,590831.2411,4131216.578,6770488040,37.3231718,-121.9748092
3947,FALSE,592158.562,4131251.034,6770488049,37.3233516,-121.959826
3948,FALSE,591100.0646,4131606.584,6784111922,37.3266604,-121.9717276
3949,FALSE,593023.9746,4131295.414,6788675715,37.3236653,-121.9500542
3950,FALSE,593057.3765,4131269.554,6788675719,37.3234289,-121.9496805
3951,FALSE,593058.0968,4131251.787,6788675720,37.3232687,-121.9496746
3952,FALSE,593024.7535,4131222.123,6788675724,37.3230047,-121.9500546
3953,FALSE,593006.0447,4131691.312,6788711808,37.3272351,-121.9502069
3954,FALSE,592977.3112,4131705.473,6788711812,37.3273656,-121.9505294
3955,FALSE,582688.8292,4140637.767,6821648834,37.4088424,-122.0656466
3956,FALSE,581679.8983,4134309.033,6831245953,37.3518931,-122.0777446
3957,FALSE,593400.0257,4131275.001,6851076501,37.3234436,-121.945813
3958,FALSE,593392.6719,4131274.908,6851076507,37.3234435,-121.945896
3959,FALSE,585759.8771,4128401.078,6852695563,37.2982787,-122.0323661
3960,FALSE,585742.3496,4128410.074,6852695565,37.2983614,-122.0325628
3961,FALSE,591103.8029,4130987.85,6859594952,37.3210837,-121.9717614
3962,FALSE,588884.325,4133436.936,6863013094,37.3433712,-121.9965143
3963,FALSE,589071.9348,4136833.332,6934257589,37.3739632,-121.993988
3964,FALSE,585319.4221,4132236.342,6994041671,37.3328852,-122.0368942
3965,FALSE,586165.9099,4132821.395,7007636132,37.3380799,-122.0272721
3966,FALSE,586121.0163,4132820.855,7007636133,37.3380792,-122.0277789
3967,FALSE,588939.4569,4132103.002,7238456619,37.3313438,-121.996052
3968,FALSE,584870.5026,4134376.287,7244028262,37.3522129,-122.041716
3969,FALSE,587310.8162,4132481.555,7278975769,37.3349101,-122.014389
3970,FALSE,587524.9995,4132319.866,7278975777,37.3334327,-122.0119906
3971,FALSE,588065.021,4132197.832,7278977934,37.3322818,-122.00591
3972,FALSE,588101.1887,4132594.97,7278977986,37.3358576,-122.0054546
3973,FALSE,585700.3424,4131379.986,7279196631,37.3251321,-122.0326938
3974,FALSE,585724.5574,4131387.069,7279196635,37.3251937,-122.0324197
3975,FALSE,591459.6589,4131611.915,7284560775,37.3266731,-121.9676687
3976,FALSE,586823.1296,4127906.128,7300843610,37.2937192,-122.0204288
3977,FALSE,590386.4981,4135293.395,7317184560,37.3599574,-121.979331
3978,FALSE,587115.1551,4131967.71,7360510348,37.3302974,-122.0166578
3979,FALSE,591179.9034,4131081.594,7570550298,37.3219211,-121.9708911
3980,FALSE,586150.5926,4127933.85,7711560642,37.2940316,-122.0280124
3981,FALSE,586150.4832,4127921.211,7711560643,37.2939177,-122.0280151
3982,FALSE,592627.4638,4131251.105,7871306305,37.3233056,-121.9545344
3983,FALSE,592568.6838,4131257.002,7871306307,37.3233646,-121.955197
3984,FALSE,592551.6279,4131242.389,7871306311,37.3232346,-121.9553913
3985,FALSE,592469.2341,4131248.158,7871306316,37.3232948,-121.9563204
3986,FALSE,592569.108,4131242.682,7871306317,37.3232355,-121.955194
3987,FALSE,584914.037,4131387.396,7961715206,37.3252711,-122.0415669
3988,FALSE,591617.5591,4131238.672,8152701664,37.3232937,-121.9659328
3989,FALSE,591536.9136,4131223.221,8152701666,37.3231624,-121.9668448
3990,FALSE,591421.879,4131235.19,8152701668,37.3232816,-121.9681415
3991,FALSE,591729.9969,4131226.777,8152701671,37.3231754,-121.9646654
3992,FALSE,591735.4604,4131243.303,8152701672,37.3233238,-121.9646017
3993,FALSE,592551.3628,4131256.755,8152701674,37.3233641,-121.9553925
3994,FALSE,588912.1361,4131200.869,8152722444,37.3232159,-121.9964685
3995,FALSE,588494.5397,4131166.187,8152722480,37.3229432,-122.0011853
3996,FALSE,582530.6321,4130160.552,8169748268,37.3144287,-122.0686018
3997,FALSE,586370.7973,4130770.342,8207186812,37.3195755,-122.0251983
3998,FALSE,592148.2429,4131356.109,8515556691,37.3242996,-121.9599294
3999,FALSE,592156.2753,4131348.486,8515556693,37.3242301,-121.9598397
4000,FALSE,592155.8153,4131362.905,8515556697,37.3243601,-121.9598431
4001,FALSE,587661.2036,4131160.759,8530225848,37.3229733,-122.0105903
4002,FALSE,587674.889,4131162.089,8530225850,37.322984,-122.0104357
4003,FALSE,587653.9719,4131168.472,8530225858,37.3230435,-122.010671
4004,FALSE,587654.7872,4131153.235,8530225861,37.3229061,-122.0106636
4005,FALSE,584991.8485,4128227.165,8551762156,37.2967818,-122.0410506
4006,FALSE,584686.7067,4128673.818,8611375192,37.3008352,-122.0444421
4007,FALSE,584690.3254,4128685.86,8611375199,37.3009434,-122.0443999
4008,FALSE,586858.054,4131323.259,8678375928,37.3245133,-122.019635
4009,FALSE,586851.9874,4131317.837,8678375930,37.324465,-122.0197041
4010,FALSE,586858.1726,4131311.832,8678375932,37.3244103,-122.019635
4011,FALSE,586863.4202,4131316.769,8678375934,37.3244543,-122.0195752
4012,FALSE,591593.783,4137355.824,8712929519,37.3784264,-121.9654448
4013,FALSE,591591.624,4137341.142,8712929520,37.3782943,-121.965471
4014,FALSE,591575.184,4137362.654,8712929521,37.3784898,-121.965654
4015,FALSE,591571.8935,4137347.794,8712929522,37.3783562,-121.965693
4016,FALSE,594619.152,4134932.129,8720157561,37.3562795,-121.9315883
4017,FALSE,586660.298,4135138.203,8791376121,37.3589143,-122.0214207
4018,FALSE,586773.8044,4135000.319,8791395053,37.357661,-122.0201553
4019,FALSE,582534.0328,4137443.26,8820954213,37.3800653,-122.0677522
4020,FALSE,581176.7829,4132280.057,8875587386,37.3336506,-122.0836469
4021,FALSE,582866.6728,4132722.075,8950854803,37.3374851,-122.0645237
4022,FALSE,589036.6238,4129690.091,8957673485,37.309588,-121.9952449
4023,FALSE,587453.9033,4129764.333,8960572275,37.3104074,-122.0130943
4024,FALSE,594612.657,4134919.828,9247502067,37.3561693,-121.9316632
4025,FALSE,594563.0828,4134958.103,9247502070,37.3565193,-121.932218
4026,FALSE,584927.5944,4130314.578,9268808266,37.3156009,-122.0415367
4027,FALSE,584938.0541,4130323.061,9268808280,37.3156764,-122.0414177
4028,FALSE,586545.9314,4130807.69,9268844623,37.3198958,-122.0232176
4029,FALSE,586565.5019,4130820.119,9268844626,37.320006,-122.0229953
4030,FALSE,584147.6261,4130738.218,9336135422,37.31949,-122.05029
4031,FALSE,584155.0217,4130717.432,9336135423,37.319302,-122.0502089
4032,FALSE,584203.5827,4130578.196,9336135433,37.3180427,-122.0496767
4033,FALSE,592944.5928,4136849.345,9483265788,37.3737274,-121.9502533
4034,FALSE,592944.4086,4136764.792,9483265830,37.3729654,-121.950266
4035,FALSE,594468.848,4134909.547,9863255477,37.3560913,-121.9332881
4036,FALSE,594290.4772,4134926.73,9863255479,37.3562643,-121.9352997
4037,FALSE,594425.9693,4134842.066,9863255480,37.3554875,-121.9337808
4038,FALSE,594383.2936,4134783.996,9863255483,37.3549685,-121.93427
4039,FALSE,589271.704,4133798.753,10118532607,37.3465949,-121.9920979
4040,FALSE,590704.233,4134226.738,10262486221,37.3503132,-121.9758742
4041,FALSE,582556.3625,4137178.099,10734321292,37.3776735,-122.0675296
4042,FALSE,587129.2615,4132256.986,10758633958,37.3329032,-122.0164646
4043,FALSE,589785.0197,4131107.162,10837015558,37.3222874,-121.9866292
4044,FALSE,583608.2691,4138185.117,10942069140,37.3866551,-122.055536
4045,FALSE,592162.8139,4134440.378,11023456208,37.3520949,-121.9593815
4046,FALSE,592184.2451,4134463.317,11023456209,37.3522995,-121.9591367
4047,FALSE,592184.0043,4134478.737,11023456210,37.3524385,-121.9591375
4048,FALSE,588379.1282,4130742.58,11036581823,37.3191364,-122.0025382
4049,FALSE,586047.3872,4129843.255,11179665057,37.31125,-122.0289554
4050,FALSE,586045.4667,4129876.633,11179665070,37.311551,-122.0289732
4051,FALSE,586515.6607,4130600.123,11179665596,37.3180279,-122.0235834
4052,FALSE,592952.2031,4136899.972,11282266257,37.3741829,-121.950161
4053,FALSE,592952.1876,4136917.292,11282266258,37.374339,-121.950159
4054,FALSE,592936.2231,4136919.533,11282266259,37.3743608,-121.950339
4055,FALSE,592130.7114,4136914.819,11282266261,37.3743987,-121.959436
4056,FALSE,592115.8429,4136914.056,11282266262,37.3743933,-121.959604
4057,FALSE,584680.2904,4138199.622,11282266265,37.3866885,-122.043426
4058,FALSE,584685.7447,4138220.526,11282266266,37.3868764,-122.043362
4059,FALSE,584668.8825,4138224.516,11282266267,37.3869139,-122.043552
4060,FALSE,584663.3354,4138204.022,11282266268,37.3867297,-122.043617
4061,FALSE,582904.9607,4138513.413,11282295069,37.3896771,-122.063443
4062,FALSE,582911.8978,4138510.231,11282295070,37.3896478,-122.063365
4063,FALSE,582918.5548,4138526.342,11282295071,37.3897924,-122.063288
4064,FALSE,582911.8847,4138529.382,11282295072,37.3898204,-122.063363
4065,FALSE,593015.3106,4130641.143,11299966175,37.3177696,-121.950234
4066,FALSE,588415.3669,4130742.252,11350831451,37.31913,-122.0021293
4067,FALSE,587682.6772,4131153.705,11883146522,37.3229077,-122.0103488
4068,FALSE,587682.5097,4131168.849,11883146523,37.3230442,-122.0103489
4069,FALSE,585331.0715,4130925.737,12037188536,37.3210721,-122.0369135
4070,FALSE,588521.1983,4134517.943,12196276705,37.3531485,-122.0004842
4071,FALSE,588473.8712,4134517.176,12196276706,37.3531461,-122.0010186
4072,FALSE,591460.2237,4131579.688,12532368007,37.3263826,-121.9676663
4073,FALSE,591468.4678,4135637.482,12653928402,37.3629524,-121.9670724
4074,FALSE,586114.2747,4134391.254,12685654297,37.3522332,-122.0276725
4075,FALSE,591530.0138,4135660.791,12721810980,37.3631564,-121.9663746
4076,FALSE,585506.7354,4137203.4,12755252653,37.3776341,-122.0342066
4077,FALSE,582452.4925,4131930.663,12769122373,37.3303892,-122.0692868
4078,FALSE,582458.1463,4129744.149,12790546825,37.3106822,-122.069466
4079,FALSE,582448.6838,4129752.888,12790546832,37.3107618,-122.0695718
4080,FALSE,582044.002,4130439.135,12834805285,37.3169826,-122.0740622
4081,FALSE,591955.8956,4132290.732,13005264017,37.3327419,-121.9619842
4082,FALSE,587669.0002,4130941.703,13040581469,37.3209983,-122.0105282
4083,FALSE,581580.669,4139106.209,13051361733,37.3951373,-122.078336
