time,share_active_fleet_size
25200,0.6666666666666666
28800,0.6666666666666666
32400,0.6666666666666666
36000,0.7777777777777778
39600,0.7777777777777778
43200,0.8888888888888888
46800,0.8888888888888888
50400,1.0
54000,0.7777777777777778
57600,1.0
61200,0.8888888888888888
64800,0.8888888888888888
