sim_time,reservation_time_trigger,dyn_fleetsizing_strategy,user_requests
25200,0.0,0.0,0.0
25210,0.0,0.0,0.0
25220,0.0,0.0,0.0
25230,0.0,0.0,0.0
25240,0.0,0.0,0.0
25250,0.0,0.0,0.0
25260,0.0,0.0,0.0
25270,0.0,0.0,0.0
25280,0.0,0.0,0.0
25290,0.0,0.0,0.0
25300,0.0,0.0,0.0542
25310,0.0,0.0,0.0
25320,0.0,0.0,0.0
25330,0.0,0.0,0.0
25340,0.0,0.0,0.0
25350,0.0,0.0,0.0
25360,0.0,0.0,0.0
25370,0.0,0.0,0.0742
25380,0.0,0.0,0.0
25390,0.0,0.0,0.0
25400,0.0,0.0,0.0
25410,0.0,0.0,0.0
25420,0.0,0.0,0.0
25430,0.0,0.0,0.0
25440,0.0,0.0,0.0
25450,0.0,0.0,0.0
25460,0.0,0.0,0.0
25470,0.0,0.0,0.0
25480,0.0,0.0,0.0
25490,0.0,0.0,0.0
25500,0.0,0.0,0.0
25510,0.0,0.0,0.0
25520,0.0,0.0,0.0
25530,0.0,0.0,0.0
25540,0.0,0.0,0.0
25550,0.0,0.0,0.0
25560,0.0,0.0,0.0
25570,0.0,0.0,0.0
25580,0.0,0.0,0.0
25590,0.0,0.0,0.0
25600,0.0,0.0,0.04959
25610,0.0,0.0,0.0
25620,0.0,0.0,0.09951
25630,0.0,0.0,0.0
25640,0.0,0.0,0.0
25650,0.0,0.0,0.0
25660,0.0,0.0,0.0
25670,0.0,0.0,0.0
25680,0.0,0.0,0.0
25690,0.0,0.0,0.0
25700,0.0,0.0,0.0
25710,0.0,0.0,0.0
25720,0.0,0.0,0.0
25730,0.0,0.0,0.0
25740,0.0,0.0,0.0
25750,0.0,0.0,0.0
25760,0.0,0.0,0.0
25770,0.0,0.0,0.16835
25780,0.0,0.0,0.16117
25790,0.0,0.0,0.0
25800,0.0,0.0,0.0
25810,0.0,0.0,0.0
25820,0.0,0.0,0.0
25830,0.0,0.0,0.0
25840,0.0,0.0,0.0
25850,0.0,0.0,0.0
25860,0.0,0.0,0.20118
25870,0.0,0.0,0.0
25880,0.0,0.0,0.0
25890,0.0,0.0,0.0
25900,0.0,0.0,0.25081
25910,0.0,0.0,0.2329
25920,0.0,0.0,0.0
25930,0.0,0.0,0.0
25940,0.0,0.0,0.0
25950,0.0,0.0,0.0
25960,0.0,0.0,0.0
25970,0.0,0.0,0.0
25980,0.0,0.0,0.0
25990,0.0,0.0,0.0
26000,0.0,0.0,0.0
26010,0.0,0.0,0.0
26020,0.0,0.0,0.0
26030,0.0,0.0,0.0
26040,0.0,0.0,0.0
26050,0.0,0.0,0.0
26060,0.0,0.0,0.0
26070,0.0,0.0,0.0
26080,0.0,0.0,0.0
26090,0.0,0.0,0.0
26100,0.0,0.0,0.0
26110,0.0,0.0,0.0
26120,0.0,0.0,0.0
26130,0.0,0.0,0.0
26140,0.0,0.0,0.0
26150,0.0,0.0,0.0
26160,0.0,0.0,0.0
26170,0.0,0.0,0.0
26180,0.0,0.0,0.22476
26190,0.0,0.0,0.0
26200,0.0,0.0,0.0
26210,0.0,0.0,0.0
26220,0.0,0.0,0.0
26230,0.0,0.0,0.0
26240,0.0,0.0,0.0
26250,0.0,0.0,0.0
26260,0.0,0.0,0.0
26270,0.0,0.0,0.31999
26280,0.0,0.0,0.0
26290,0.0,0.0,0.0
26300,0.0,0.0,0.0
26310,0.0,0.0,0.0
26320,0.0,0.0,0.22879
26330,0.0,0.0,0.0
26340,0.0,0.0,0.0
26350,0.0,0.0,0.0
26360,0.0,0.0,0.0
26370,0.0,0.0,0.0
26380,0.0,0.0,0.0
26390,0.0,0.0,0.0
26400,0.0,0.0,0.0
26410,0.0,0.0,0.0
26420,0.0,0.0,0.0
26430,0.0,0.0,0.0
26440,0.0,0.0,0.0
26450,0.0,0.0,0.0
26460,0.0,0.0,0.0
26470,0.0,0.0,0.0
26480,0.0,0.0,0.0
26490,0.0,0.0,0.0
26500,0.0,0.0,0.14058
26510,0.0,0.0,0.0
26520,0.0,0.0,0.0
26530,0.0,0.0,0.0
26540,0.0,0.0,0.22943
26550,0.0,0.0,0.0
26560,0.0,0.0,0.0
26570,0.0,0.0,0.0
26580,0.0,0.0,0.0
26590,0.0,0.0,0.0
26600,0.0,0.0,0.0
26610,0.0,0.0,0.0
26620,0.0,0.0,0.0
26630,0.0,0.0,0.0
26640,0.0,0.0,0.0
26650,0.0,0.0,0.0
26660,0.0,0.0,0.0
26670,0.0,0.0,0.0
26680,0.0,0.0,0.0
26690,0.0,0.0,0.0
26700,0.0,0.0,0.0
26710,0.0,0.0,0.0
26720,0.0,0.0,0.0
26730,0.0,0.0,0.11898
26740,0.0,0.0,0.0
26750,0.0,0.0,0.0
26760,0.0,0.0,0.0
26770,0.0,0.0,0.0
26780,0.0,0.0,0.0
26790,0.0,0.0,0.0
26800,0.0,0.0,0.0
26810,0.0,0.0,0.19096
26820,0.0,0.0,0.0
26830,0.0,0.0,0.0
26840,0.0,0.0,0.0
26850,0.0,0.0,0.0
26860,0.0,0.0,0.20748
26870,0.0,0.0,0.0
26880,0.0,0.0,0.0
26890,0.0,0.0,0.18312
26900,0.0,0.0,0.40402
26910,0.0,0.0,0.0
26920,0.0,0.0,0.37212
26930,0.0,0.0,0.09356
26940,0.0,0.0,0.8198099999999999
26950,0.0,0.0,0.3135
26960,0.0,0.0,0.0
26970,0.0,0.0,0.36252
26980,0.0,0.0,0.0
26990,0.0,0.0,0.0
27000,0.0,0.0,0.0
27010,0.0,0.0,0.0
27020,0.0,0.0,0.0
27030,0.0,0.0,0.0
27040,0.0,0.0,0.0
27050,0.0,0.0,0.0
27060,0.0,0.0,0.0
27070,0.0,0.0,0.0
27080,0.0,0.0,0.0
27090,0.0,0.0,0.0
27100,0.0,0.0,0.0
27110,0.0,0.0,0.0
27120,0.0,0.0,0.0
27130,0.0,0.0,0.29986
27140,0.0,0.0,0.0
27150,0.0,0.0,0.0
27160,0.0,0.0,0.0
27170,0.0,0.0,0.0
27180,0.0,0.0,0.0
27190,0.0,0.0,0.0
27200,0.0,0.0,0.0
27210,0.0,0.0,0.0
27220,0.0,0.0,0.0
27230,0.0,0.0,0.0
27240,0.0,0.0,0.0
27250,0.0,0.0,0.0
27260,0.0,0.0,0.0
27270,0.0,0.0,0.0
27280,0.0,0.0,0.0
27290,0.0,0.0,0.0
27300,0.0,0.0,0.0
27310,0.0,0.0,0.05217
27320,0.0,0.0,0.0
27330,0.0,0.0,0.37217
27340,0.0,0.0,0.0
27350,0.0,0.0,0.51899
27360,0.0,0.0,0.0
27370,0.0,0.0,0.0
27380,0.0,0.0,0.0
27390,0.0,0.0,0.0
27400,0.0,0.0,0.0
27410,0.0,0.0,0.0
27420,0.0,0.0,0.0
27430,0.0,0.0,0.0
27440,0.0,0.0,0.19059
27450,0.0,0.0,0.0
27460,0.0,0.0,0.0
27470,0.0,0.0,0.0
27480,0.0,0.0,0.0
27490,0.0,0.0,0.0
27500,0.0,0.0,0.0
27510,0.0,0.0,0.0
27520,0.0,0.0,0.0
27530,0.0,0.0,0.0
27540,0.0,0.0,0.0
27550,0.0,0.0,0.0
27560,0.0,0.0,0.0
27570,0.0,0.0,0.0
27580,0.0,0.0,0.0
27590,0.0,0.0,0.0
27600,0.0,0.0,0.13652
27610,0.0,0.0,0.0
27620,0.0,0.0,0.0
27630,0.0,0.0,0.0
27640,0.0,0.0,0.0
27650,0.0,0.0,0.0
27660,0.0,0.0,0.0
27670,0.0,0.0,0.0
27680,0.0,0.0,0.0
27690,0.0,0.0,0.0
27700,0.0,0.0,0.0
27710,0.0,0.0,0.0
27720,0.0,0.0,0.0
27730,0.0,0.0,0.0
27740,0.0,0.0,0.0
27750,0.0,0.0,0.0
27760,0.0,0.0,0.0
27770,0.0,0.0,0.0
27780,0.0,0.0,0.0
27790,0.0,0.0,0.0
27800,0.0,0.0,0.0
27810,0.0,0.0,0.0
27820,0.0,0.0,0.0
27830,0.0,0.0,0.0
27840,0.0,0.0,0.0
27850,0.0,0.0,0.0
27860,0.0,0.0,0.0
27870,0.0,0.0,0.0
27880,0.0,0.0,0.0
27890,0.0,0.0,0.0
27900,0.0,0.0,0.15564
27910,0.0,0.0,0.0
27920,0.0,0.0,0.20649
27930,0.0,0.0,0.0
27940,0.0,0.0,0.0
27950,0.0,0.0,0.05365
27960,0.0,0.0,0.0
27970,0.0,0.0,0.0
27980,0.0,0.0,0.0
27990,0.0,0.0,0.0
28000,0.0,0.0,0.0
28010,0.0,0.0,0.25457
28020,0.0,0.0,0.0
28030,0.0,0.0,0.23291
28040,0.0,0.0,0.0
28050,0.0,0.0,0.0
28060,0.0,0.0,0.0
28070,0.0,0.0,0.0
28080,0.0,0.0,0.29007
28090,0.0,0.0,0.0
28100,0.0,0.0,0.0
28110,0.0,0.0,0.87896
28120,0.0,0.0,0.35262
28130,0.0,0.0,0.0
28140,0.0,0.0,0.0
28150,0.0,0.0,0.9184800000000001
28160,0.0,0.0,1.69944
28170,0.0,0.0,0.0
28180,0.0,0.0,0.0
28190,0.0,0.0,0.0
28200,0.0,0.0,0.0
28210,0.0,0.0,0.0
28220,0.0,0.0,0.08741
28230,0.0,0.0,0.0
28240,0.0,0.0,0.0
28250,0.0,0.0,0.32652
28260,0.0,0.0,0.0
28270,0.0,0.0,0.0
28280,0.0,0.0,0.0
28290,0.0,0.0,0.48541
28300,0.0,0.0,0.0
28310,0.0,0.0,0.0
28320,0.0,0.0,0.0
28330,0.0,0.0,0.0
28340,0.0,0.0,0.0
28350,0.0,0.0,0.0
28360,0.0,0.0,0.0
28370,0.0,0.0,0.0
28380,0.0,0.0,0.0
28390,0.0,0.0,0.0
28400,0.0,0.0,0.0
28410,0.0,0.0,0.0
28420,0.0,0.0,0.0
28430,0.0,0.0,0.0
28440,0.0,0.0,0.0
28450,0.0,0.0,0.0
28460,0.0,0.0,0.0
28470,0.0,0.0,0.0
28480,0.0,0.0,0.37745
28490,0.0,0.0,0.0
28500,0.0,0.0,0.0
28510,0.0,0.0,0.0
28520,0.0,0.0,0.0
28530,0.0,0.0,0.0
28540,0.0,0.0,0.0
28550,0.0,0.0,0.0
28560,0.0,0.0,0.0
28570,0.0,0.0,0.0
28580,0.0,0.0,0.06663
28590,0.0,0.0,0.0
28600,0.0,0.0,0.0
28610,0.0,0.0,0.46682
28620,0.0,0.0,0.0
28630,0.0,0.0,0.30315
28640,0.0,0.0,0.0
28650,0.0,0.0,0.0
28660,0.0,0.0,0.0
28670,0.0,0.0,0.0
28680,0.0,0.0,0.31672
28690,0.0,0.0,0.0
28700,0.0,0.0,0.0
28710,0.0,0.0,0.0
28720,0.0,0.0,0.0
28730,0.0,0.0,0.0
28740,0.0,0.0,0.0
28750,0.0,0.0,0.0
28760,0.0,0.0,0.0
28770,0.0,0.0,0.0
28780,0.0,0.0,0.0
28790,0.0,0.0,0.0
28800,0.0,0.0,0.0
28810,0.0,0.0,0.0
28820,0.0,0.0,0.0
28830,0.0,0.0,0.0
28840,0.0,0.0,0.0
28850,0.0,0.0,0.0
28860,0.0,0.0,0.0
28870,0.0,0.0,0.0
28880,0.0,0.0,0.16143
28890,0.0,0.0,0.0
28900,0.0,0.0,0.0
28910,0.0,0.0,0.0
28920,0.0,0.0,0.0
28930,0.0,0.0,0.0
28940,0.0,0.0,0.0
28950,0.0,0.0,0.49854
28960,0.0,0.0,0.0
28970,0.0,0.0,0.0
28980,0.0,0.0,0.0
28990,0.0,0.0,0.0
29000,0.0,0.0,0.0
29010,0.0,0.0,0.0
29020,0.0,0.0,0.0
29030,0.0,0.0,0.0
29040,0.0,0.0,0.0
29050,0.0,0.0,0.0
29060,0.0,0.0,0.0
29070,0.0,0.0,0.0
29080,0.0,0.0,0.52838
29090,0.0,0.0,0.0
29100,0.0,0.0,0.0
29110,0.0,0.0,0.0
29120,0.0,0.0,0.0
29130,0.0,0.0,0.0
29140,0.0,0.0,0.0
29150,0.0,0.0,0.0
29160,0.0,0.0,0.0
29170,0.0,0.0,0.0
29180,0.0,0.0,0.0
29190,0.0,0.0,0.0
29200,0.0,0.0,0.0
29210,0.0,0.0,0.0
29220,0.0,0.0,0.0
29230,0.0,0.0,0.0
29240,0.0,0.0,0.2947
29250,0.0,0.0,0.0
29260,0.0,0.0,0.0
29270,0.0,0.0,0.0
29280,0.0,0.0,0.0
29290,0.0,0.0,0.0
29300,0.0,0.0,0.0
29310,0.0,0.0,0.0
29320,0.0,0.0,0.0
29330,0.0,0.0,0.0
29340,0.0,0.0,0.26439
29350,0.0,0.0,0.31782
29360,0.0,0.0,0.0
29370,0.0,0.0,0.0
29380,0.0,0.0,0.33211
29390,0.0,0.0,0.0
29400,0.0,0.0,0.46083
29410,0.0,0.0,0.05285
29420,0.0,0.0,0.44233
29430,0.0,0.0,0.0
29440,0.0,0.0,0.0
29450,0.0,0.0,0.0
29460,0.0,0.0,0.27488
29470,0.0,0.0,0.0
29480,0.0,0.0,0.0
29490,0.0,0.0,0.0
29500,0.0,0.0,0.0
29510,0.0,0.0,0.0
29520,0.0,0.0,0.0
29530,0.0,0.0,0.0
29540,0.0,0.0,0.0
29550,0.0,0.0,0.0
29560,0.0,0.0,0.0
29570,0.0,0.0,0.0
29580,0.0,0.0,0.0
29590,0.0,0.0,0.28291
29600,0.0,0.0,0.0
29610,0.0,0.0,0.0
29620,0.0,0.0,0.0
29630,0.0,0.0,0.0
29640,0.0,0.0,0.0772
29650,0.0,0.0,0.0
29660,0.0,0.0,0.0
29670,0.0,0.0,0.0
29680,0.0,0.0,0.0
29690,0.0,0.0,0.0
29700,0.0,0.0,0.0
29710,0.0,0.0,0.0
29720,0.0,0.0,0.0
29730,0.0,0.0,0.0
29740,0.0,0.0,0.0
29750,0.0,0.0,0.0
29760,0.0,0.0,0.0
29770,0.0,0.0,0.0
29780,0.0,0.0,0.0
29790,0.0,0.0,0.0
29800,0.0,0.0,0.0
29810,0.0,0.0,0.0
29820,0.0,0.0,0.0
29830,0.0,0.0,0.0
29840,0.0,0.0,0.0
29850,0.0,0.0,0.0
29860,0.0,0.0,0.0
29870,0.0,0.0,0.0
29880,0.0,0.0,0.42114
29890,0.0,0.0,0.0
29900,0.0,0.0,0.0
29910,0.0,0.0,0.0
29920,0.0,0.0,0.1395
29930,0.0,0.0,0.0
29940,0.0,0.0,0.0604
29950,0.0,0.0,0.0
29960,0.0,0.0,0.0
29970,0.0,0.0,0.0
29980,0.0,0.0,0.0
29990,0.0,0.0,0.0
30000,0.0,0.0,0.0
30010,0.0,0.0,0.38758
30020,0.0,0.0,0.0
30030,0.0,0.0,0.0
30040,0.0,0.0,0.25266
30050,0.0,0.0,0.0
30060,0.0,0.0,0.7519
30070,0.0,0.0,0.56233
30080,0.0,0.0,0.0
30090,0.0,0.0,0.0
30100,0.0,0.0,0.0
30110,0.0,0.0,0.5841000000000001
30120,0.0,0.0,0.30314
30130,0.0,0.0,0.50876
30140,0.0,0.0,0.0
30150,0.0,0.0,0.8499
30160,0.0,0.0,0.91359
30170,0.0,0.0,0.0
30180,0.0,0.0,0.0
30190,0.0,0.0,0.0
30200,0.0,0.0,0.37832
30210,0.0,0.0,0.73048
30220,0.0,0.0,1.21082
30230,0.0,0.0,0.0
30240,0.0,0.0,0.61779
30250,0.0,0.0,0.0
30260,0.0,0.0,0.0
30270,0.0,0.0,0.0
30280,0.0,0.0,0.0
30290,0.0,0.0,0.0
30300,0.0,0.0,0.0
30310,0.0,0.0,0.0
30320,0.0,0.0,0.0
30330,0.0,0.0,0.0
30340,0.0,0.0,0.0
30350,0.0,0.0,0.0
30360,0.0,0.0,0.0
30370,0.0,0.0,0.0
30380,0.0,0.0,0.0
30390,0.0,0.0,0.0
30400,0.0,0.0,0.0
30410,0.0,0.0,0.0
30420,0.0,0.0,0.33253
30430,0.0,0.0,0.0
30440,0.0,0.0,0.0
30450,0.0,0.0,0.0
30460,0.0,0.0,0.0
30470,0.0,0.0,0.0
30480,0.0,0.0,0.36197
30490,0.0,0.0,0.0
30500,0.0,0.0,0.0
30510,0.0,0.0,0.0
30520,0.0,0.0,0.06858
30530,0.0,0.0,0.0
30540,0.0,0.0,0.0
30550,0.0,0.0,0.0
30560,0.0,0.0,0.0
30570,0.0,0.0,0.0
30580,0.0,0.0,0.0
30590,0.0,0.0,0.0
30600,0.0,0.0,0.0
30610,0.0,0.0,0.0
30620,0.0,0.0,0.0
30630,0.0,0.0,0.0
30640,0.0,0.0,0.0
30650,0.0,0.0,0.0
30660,0.0,0.0,0.0
30670,0.0,0.0,0.0
30680,0.0,0.0,0.0
30690,0.0,0.0,0.0
30700,0.0,0.0,0.0
30710,0.0,0.0,0.0
30720,0.0,0.0,0.0
30730,0.0,0.0,0.0
30740,0.0,0.0,0.0
30750,0.0,0.0,0.0
30760,0.0,0.0,0.0
30770,0.0,0.0,0.0
30780,0.0,0.0,0.0
30790,0.0,0.0,0.0
30800,0.0,0.0,0.0
30810,0.0,0.0,0.0
30820,0.0,0.0,0.0
30830,0.0,0.0,0.0
30840,0.0,0.0,0.0
30850,0.0,0.0,0.0
30860,0.0,0.0,0.0
30870,0.0,0.0,0.69771
30880,0.0,0.0,0.0
30890,0.0,0.0,0.0
30900,0.0,0.0,0.0
30910,0.0,0.0,0.10714
30920,0.0,0.0,0.0
30930,0.0,0.0,0.0
30940,0.0,0.0,0.0
30950,0.0,0.0,0.30608
30960,0.0,0.0,0.0
30970,0.0,0.0,0.0
30980,0.0,0.0,0.0
30990,0.0,0.0,0.19474
31000,0.0,0.0,0.16853
31010,0.0,0.0,0.88304
31020,0.0,0.0,0.16294
31030,0.0,0.0,0.0
31040,0.0,0.0,0.0
31050,0.0,0.0,1.26831
31060,0.0,0.0,0.0
31070,0.0,0.0,0.67571
31080,0.0,0.0,0.8822
31090,0.0,0.0,0.0
31100,0.0,0.0,0.44244
31110,0.0,0.0,0.0
31120,0.0,0.0,0.0
31130,0.0,0.0,0.0
31140,0.0,0.0,0.0
31150,0.0,0.0,0.0
31160,0.0,0.0,0.0
31170,0.0,0.0,0.0
31180,0.0,0.0,0.0
31190,0.0,0.0,0.0
31200,0.0,0.0,0.0
31210,0.0,0.0,0.0
31220,0.0,0.0,0.56621
31230,0.0,0.0,0.0
31240,0.0,0.0,0.0
31250,0.0,0.0,0.20045
31260,0.0,0.0,0.3965
31270,0.0,0.0,0.0
31280,0.0,0.0,0.0
31290,0.0,0.0,0.0
31300,0.0,0.0,0.0
31310,0.0,0.0,0.0
31320,0.0,0.0,0.0
31330,0.0,0.0,0.0
31340,0.0,0.0,0.0
31350,0.0,0.0,0.0
31360,0.0,0.0,0.0
31370,0.0,0.0,0.0
31380,0.0,0.0,0.0
31390,0.0,0.0,0.0
31400,0.0,0.0,0.0
31410,0.0,0.0,0.0
31420,0.0,0.0,0.0
31430,0.0,0.0,0.0
31440,0.0,0.0,0.0
31450,0.0,0.0,0.0
31460,0.0,0.0,0.0
31470,0.0,0.0,0.0
31480,0.0,0.0,0.0
31490,0.0,0.0,0.0
31500,0.0,0.0,0.4062
31510,0.0,0.0,0.40426
31520,0.0,0.0,0.08483
31530,0.0,0.0,0.0
31540,0.0,0.0,0.14646
31550,0.0,0.0,0.4067
31560,0.0,0.0,0.60691
31570,0.0,0.0,0.0
31580,0.0,0.0,0.47941999999999996
31590,0.0,0.0,0.35773
31600,0.0,0.0,0.0
31610,0.0,0.0,0.0
31620,0.0,0.0,0.3628
31630,0.0,0.0,0.0
31640,0.0,0.0,0.0
31650,0.0,0.0,0.0
31660,0.0,0.0,0.2986
31670,0.0,0.0,0.0
31680,0.0,0.0,0.0
31690,0.0,0.0,0.0
31700,0.0,0.0,0.6645300000000001
31710,0.0,0.0,0.50651
31720,0.0,0.0,0.0
31730,0.0,0.0,0.0
31740,0.0,0.0,0.0
31750,0.0,0.0,0.0
31760,0.0,0.0,0.0
31770,0.0,0.0,0.0
31780,0.0,0.0,0.0
31790,0.0,0.0,0.73446
31800,0.0,0.0,0.0
31810,0.0,0.0,0.05045
31820,0.0,0.0,0.0
31830,0.0,0.0,0.08802
31840,0.0,0.0,0.0
31850,0.0,0.0,0.65363
31860,0.0,0.0,0.40251000000000003
31870,0.0,0.0,0.97837
31880,0.0,0.0,0.0
31890,0.0,0.0,0.59856
31900,0.0,0.0,1.36489
31910,0.0,0.0,0.25653
31920,0.0,0.0,0.34757
31930,0.0,0.0,1.2915800000000002
31940,0.0,0.0,0.0
31950,0.0,0.0,0.0
31960,0.0,0.0,0.95881
31970,0.0,0.0,0.0
31980,0.0,0.0,0.76311
31990,0.0,0.0,1.35952
32000,0.0,0.0,0.0
32010,0.0,0.0,0.49365
32020,0.0,0.0,0.11342
32030,0.0,0.0,0.0
32040,0.0,0.0,0.25976
32050,0.0,0.0,0.0
32060,0.0,0.0,0.41182
32070,0.0,0.0,0.14732
32080,0.0,0.0,0.0
32090,0.0,0.0,0.0
32100,0.0,0.0,0.3014
32110,0.0,0.0,0.0
32120,0.0,0.0,0.0
32130,0.0,0.0,0.0747
32140,0.0,0.0,0.0
32150,0.0,0.0,0.0
32160,0.0,0.0,0.86865
32170,0.0,0.0,0.65272
32180,0.0,0.0,0.0
32190,0.0,0.0,0.7536200000000001
32200,0.0,0.0,0.0
32210,0.0,0.0,0.90872
32220,0.0,0.0,0.0
32230,0.0,0.0,0.43284
32240,0.0,0.0,0.0
32250,0.0,0.0,0.0
32260,0.0,0.0,0.0
32270,0.0,0.0,0.0
32280,0.0,0.0,0.0
32290,0.0,0.0,0.0
32300,0.0,0.0,0.0
32310,0.0,0.0,0.0
32320,0.0,0.0,0.0
32330,0.0,0.0,0.49264
32340,0.0,0.0,0.20941
32350,0.0,0.0,0.55571
32360,0.0,0.0,0.0
32370,0.0,0.0,0.0
32380,0.0,0.0,0.0
32390,0.0,0.0,0.0
32400,0.0,0.0,0.0
32410,0.0,0.0,0.0
32420,0.0,0.0,0.0
32430,0.0,0.0,0.0
32440,0.0,0.0,0.56517
32450,0.0,0.0,0.0
32460,0.0,0.0,0.0
32470,0.0,0.0,0.0
32480,0.0,0.0,0.0
32490,0.0,0.0,0.0
32500,0.0,0.0,0.0
32510,0.0,0.0,0.0
32520,0.0,0.0,0.0
32530,0.0,0.0,0.0
32540,0.0,0.0,0.0
32550,0.0,0.0,0.0
32560,0.0,0.0,0.0
32570,0.0,0.0,0.0
32580,0.0,0.0,0.0
32590,0.0,0.0,0.0
32600,0.0,0.0,0.0
32610,0.0,0.0,0.0
32620,0.0,0.0,0.0
32630,0.0,0.0,0.0
32640,0.0,0.0,0.0
32650,0.0,0.0,0.0
32660,0.0,0.0,0.0
32670,0.0,0.0,0.0
32680,0.0,0.0,0.0
32690,0.0,0.0,0.0
32700,0.0,0.0,0.0
32710,0.0,0.0,0.0
32720,0.0,0.0,0.26549
32730,0.0,0.0,0.0
32740,0.0,0.0,0.0
32750,0.0,0.0,0.0
32760,0.0,0.0,0.0
32770,0.0,0.0,0.0
32780,0.0,0.0,0.0
32790,0.0,0.0,0.0
32800,0.0,0.0,0.0
32810,0.0,0.0,0.0
32820,0.0,0.0,0.0
32830,0.0,0.0,0.0
32840,0.0,0.0,0.0
32850,0.0,0.0,0.0
32860,0.0,0.0,0.0
32870,0.0,0.0,0.0
32880,0.0,0.0,0.0
32890,0.0,0.0,0.0
32900,0.0,0.0,0.0
32910,0.0,0.0,0.0
32920,0.0,0.0,0.0
32930,0.0,0.0,0.0
32940,0.0,0.0,0.0
32950,0.0,0.0,0.0
32960,0.0,0.0,0.21439
32970,0.0,0.0,0.0
32980,0.0,0.0,0.0
32990,0.0,0.0,0.0
33000,0.0,0.0,0.20302
33010,0.0,0.0,0.0
33020,0.0,0.0,0.0
33030,0.0,0.0,0.0
33040,0.0,0.0,0.19985
33050,0.0,0.0,0.0
33060,0.0,0.0,0.0
33070,0.0,0.0,0.0
33080,0.0,0.0,0.0
33090,0.0,0.0,0.0
33100,0.0,0.0,0.0
33110,0.0,0.0,0.0
33120,0.0,0.0,0.0
33130,0.0,0.0,0.0
33140,0.0,0.0,0.0
33150,0.0,0.0,0.35074
33160,0.0,0.0,0.0
33170,0.0,0.0,0.0
33180,0.0,0.0,0.0
33190,0.0,0.0,0.17302
33200,0.0,0.0,0.0
33210,0.0,0.0,0.0
33220,0.0,0.0,0.0
33230,0.0,0.0,0.10433
33240,0.0,0.0,0.0
33250,0.0,0.0,0.0
33260,0.0,0.0,0.0
33270,0.0,0.0,0.0
33280,0.0,0.0,0.0
33290,0.0,0.0,0.0
33300,0.0,0.0,0.0
33310,0.0,0.0,0.0
33320,0.0,0.0,0.0
33330,0.0,0.0,0.0
33340,0.0,0.0,0.0
33350,0.0,0.0,0.0
33360,0.0,0.0,0.0
33370,0.0,0.0,0.21042
33380,0.0,0.0,0.0
33390,0.0,0.0,0.0
33400,0.0,0.0,0.0
33410,0.0,0.0,0.0
33420,0.0,0.0,0.0
33430,0.0,0.0,0.0
33440,0.0,0.0,0.0
33450,0.0,0.0,0.0
33460,0.0,0.0,0.0
33470,0.0,0.0,0.0
33480,0.0,0.0,0.0
33490,0.0,0.0,0.0
33500,0.0,0.0,0.0
33510,0.0,0.0,0.0
33520,0.0,0.0,0.0
33530,0.0,0.0,0.0
33540,0.0,0.0,0.0
33550,0.0,0.0,0.0
33560,0.0,0.0,0.0
33570,0.0,0.0,0.0
33580,0.0,0.0,0.0
33590,0.0,0.0,0.0
33600,0.0,0.0,0.0
33610,0.0,0.0,0.0
33620,0.0,0.0,0.1991
33630,0.0,0.0,0.0
33640,0.0,0.0,0.0
33650,0.0,0.0,0.0
33660,0.0,0.0,0.0
33670,0.0,0.0,0.0
33680,0.0,0.0,0.0
33690,0.0,0.0,0.0
33700,0.0,0.0,0.0
33710,0.0,0.0,0.0
33720,0.0,0.0,0.0
33730,0.0,0.0,0.0
33740,0.0,0.0,0.0
33750,0.0,0.0,0.0
33760,0.0,0.0,0.0
33770,0.0,0.0,0.0
33780,0.0,0.0,0.0
33790,0.0,0.0,0.12469
33800,0.0,0.0,0.0
33810,0.0,0.0,0.0
33820,0.0,0.0,0.06742
33830,0.0,0.0,0.11928
33840,0.0,0.0,0.0
33850,0.0,0.0,0.0
33860,0.0,0.0,0.0
33870,0.0,0.0,0.0
33880,0.0,0.0,0.12353
33890,0.0,0.0,0.0
33900,0.0,0.0,0.0
33910,0.0,0.0,0.0
33920,0.0,0.0,0.0
33930,0.0,0.0,0.0
33940,0.0,0.0,0.0
33950,0.0,0.0,0.0
33960,0.0,0.0,0.0
33970,0.0,0.0,0.0
33980,0.0,0.0,0.0
33990,0.0,0.0,0.0
34000,0.0,0.0,0.0
34010,0.0,0.0,0.0
34020,0.0,0.0,0.0
34030,0.0,0.0,0.17361
34040,0.0,0.0,0.0
34050,0.0,0.0,0.0
34060,0.0,0.0,0.0
34070,0.0,0.0,0.0
34080,0.0,0.0,0.0
34090,0.0,0.0,0.0
34100,0.0,0.0,0.0
34110,0.0,0.0,0.0
34120,0.0,0.0,0.0
34130,0.0,0.0,0.0
34140,0.0,0.0,0.0
34150,0.0,0.0,0.0
34160,0.0,0.0,0.0
34170,0.0,0.0,0.0
34180,0.0,0.0,0.0
34190,0.0,0.0,0.0
34200,0.0,0.0,0.10578
34210,0.0,0.0,0.18508
34220,0.0,0.0,0.0
34230,0.0,0.0,0.0
34240,0.0,0.0,0.0
34250,0.0,0.0,0.0
34260,0.0,0.0,0.0
34270,0.0,0.0,0.0
34280,0.0,0.0,0.22293
34290,0.0,0.0,0.14281
34300,0.0,0.0,0.0
34310,0.0,0.0,0.0
34320,0.0,0.0,0.11431
34330,0.0,0.0,0.0
34340,0.0,0.0,0.0
34350,0.0,0.0,0.14248
34360,0.0,0.0,0.13101
34370,0.0,0.0,0.0
34380,0.0,0.0,0.0
34390,0.0,0.0,0.0
34400,0.0,0.0,0.0
34410,0.0,0.0,0.0
34420,0.0,0.0,0.12054
34430,0.0,0.0,0.0
34440,0.0,0.0,0.05564
34450,0.0,0.0,0.0
34460,0.0,0.0,0.0
34470,0.0,0.0,0.0
34480,0.0,0.0,0.0
34490,0.0,0.0,0.0
34500,0.0,0.0,0.0
34510,0.0,0.0,0.0
34520,0.0,0.0,0.0
34530,0.0,0.0,0.0
34540,0.0,0.0,0.0
34550,0.0,0.0,0.0
34560,0.0,0.0,0.0
34570,0.0,0.0,0.08245
34580,0.0,0.0,0.0
34590,0.0,0.0,0.07147
34600,0.0,0.0,0.0
34610,0.0,0.0,0.0
34620,0.0,0.0,0.0
34630,0.0,0.0,0.0
34640,0.0,0.0,0.0
34650,0.0,0.0,0.0
34660,0.0,0.0,0.0
34670,0.0,0.0,0.0
34680,0.0,0.0,0.0
34690,0.0,0.0,0.0
34700,0.0,0.0,0.0
34710,0.0,0.0,0.0
34720,0.0,0.0,0.0
34730,0.0,0.0,0.0
34740,0.0,0.0,0.0
34750,0.0,0.0,0.0
34760,0.0,0.0,0.0
34770,0.0,0.0,0.2765
34780,0.0,0.0,0.0
34790,0.0,0.0,0.0
34800,0.0,0.0,0.0
34810,0.0,0.0,0.0
34820,0.0,0.0,0.0
34830,0.0,0.0,0.0
34840,0.0,0.0,0.0
34850,0.0,0.0,0.0
34860,0.0,0.0,0.0
34870,0.0,0.0,0.0
34880,0.0,0.0,0.0
34890,0.0,0.0,0.35918
34900,0.0,0.0,0.0
34910,0.0,0.0,0.0
34920,0.0,0.0,0.0
34930,0.0,0.0,0.0
34940,0.0,0.0,0.0
34950,0.0,0.0,0.0
34960,0.0,0.0,0.0
34970,0.0,0.0,0.0
34980,0.0,0.0,0.0
34990,0.0,0.0,0.0
35000,0.0,0.0,0.0
35010,0.0,0.0,0.0
35020,0.0,0.0,0.0
35030,0.0,0.0,0.0
35040,0.0,0.0,0.0
35050,0.0,0.0,0.0
35060,0.0,0.0,0.0
35070,0.0,0.0,0.0
35080,0.0,0.0,0.0
35090,0.0,0.0,0.0
35100,0.0,0.0,0.0
35110,0.0,0.0,0.0
35120,0.0,0.0,0.0
35130,0.0,0.0,0.0
35140,0.0,0.0,0.0
35150,0.0,0.0,0.0
35160,0.0,0.0,0.0
35170,0.0,0.0,0.0
35180,0.0,0.0,0.0
35190,0.0,0.0,0.0
35200,0.0,0.0,0.0
35210,0.0,0.0,0.0
35220,0.0,0.0,0.0
35230,0.0,0.0,0.0
35240,0.0,0.0,0.0
35250,0.0,0.0,0.0
35260,0.0,0.0,0.0
35270,0.0,0.0,0.0
35280,0.0,0.0,0.0
35290,0.0,0.0,0.0
35300,0.0,0.0,0.0
35310,0.0,0.0,0.0
35320,0.0,0.0,0.0
35330,0.0,0.0,0.0
35340,0.0,0.0,0.0
35350,0.0,0.0,0.0
35360,0.0,0.0,0.0
35370,0.0,0.0,0.06247
35380,0.0,0.0,0.0
35390,0.0,0.0,0.17366
35400,0.0,0.0,0.40932999999999997
35410,0.0,0.0,0.0
35420,0.0,0.0,0.0
35430,0.0,0.0,0.0
35440,0.0,0.0,0.0
35450,0.0,0.0,0.0
35460,0.0,0.0,0.0
35470,0.0,0.0,0.0
35480,0.0,0.0,0.0
35490,0.0,0.0,0.15731
35500,0.0,0.0,0.23089
35510,0.0,0.0,0.0
35520,0.0,0.0,0.0
35530,0.0,0.0,0.12404
35540,0.0,0.0,0.15083
35550,0.0,0.0,0.0
35560,0.0,0.0,0.34035
35570,0.0,0.0,0.0
35580,0.0,0.0,0.0
35590,0.0,0.0,0.0
35600,0.0,0.0,0.20601
35610,0.0,0.0,0.0
35620,0.0,0.0,0.0
35630,0.0,0.0,0.2241
35640,0.0,0.0,0.0
35650,0.0,0.0,0.21802
35660,0.0,0.0,0.0
35670,0.0,0.0,0.33258
35680,0.0,0.0,0.20581
35690,0.0,0.0,0.0
35700,0.0,0.0,0.20038
35710,0.0,0.0,0.0
35720,0.0,0.0,0.15609
35730,0.0,0.0,0.24377
35740,0.0,0.0,0.20781
35750,0.0,0.0,0.61315
35760,0.0,0.0,0.85738
35770,0.0,0.0,0.0
35780,0.0,0.0,0.337
35790,0.0,0.0,0.0
35800,0.0,0.0,0.0
35810,0.0,0.0,0.0
35820,0.0,0.0,0.57977
35830,0.0,0.0,0.0
35840,0.0,0.0,0.0
35850,0.0,0.0,0.0
35860,0.0,0.0,0.0
35870,0.0,0.0,0.67133
35880,0.0,0.0,0.0
35890,0.0,0.0,0.0
35900,0.0,0.0,0.0
35910,0.0,0.0,0.0
35920,0.0,0.0,0.0
35930,0.0,0.0,0.39896
35940,0.0,0.0,0.09406
35950,0.0,0.0,0.18288
35960,0.0,0.0,0.0
35970,0.0,0.0,0.76447
35980,0.0,0.0,0.0
35990,0.0,0.0,0.0
36000,0.0,0.0,0.0
36010,0.0,0.0,0.0
36020,0.0,0.0,0.0
36030,0.0,0.0,0.0
36040,0.0,0.0,0.0
36050,0.0,0.0,0.52402
36060,0.0,0.0,0.0
36070,0.0,0.0,0.0
36080,0.0,0.0,0.0
36090,0.0,0.0,0.0
36100,0.0,0.0,0.0
36110,0.0,0.0,0.40113000000000004
36120,0.0,0.0,0.0
36130,0.0,0.0,0.0
36140,0.0,0.0,0.0
36150,0.0,0.0,0.0
36160,0.0,0.0,0.06982
36170,0.0,0.0,0.0
36180,0.0,0.0,0.0
36190,0.0,0.0,0.0
36200,0.0,0.0,0.0
36210,0.0,0.0,0.0
36220,0.0,0.0,0.0
36230,0.0,0.0,0.0
36240,0.0,0.0,0.0
36250,0.0,0.0,0.0
36260,0.0,0.0,0.0
36270,0.0,0.0,0.0
36280,0.0,0.0,0.0
36290,0.0,0.0,0.0
36300,0.0,0.0,0.0
36310,0.0,0.0,0.0
36320,0.0,0.0,0.0
36330,0.0,0.0,0.0
36340,0.0,0.0,0.0
36350,0.0,0.0,0.0
36360,0.0,0.0,0.0
36370,0.0,0.0,0.32984
36380,0.0,0.0,0.0
36390,0.0,0.0,0.0
36400,0.0,0.0,0.28019
36410,0.0,0.0,0.0
36420,0.0,0.0,0.0
36430,0.0,0.0,0.0
36440,0.0,0.0,0.0
36450,0.0,0.0,0.0
36460,0.0,0.0,0.0
36470,0.0,0.0,0.0
36480,0.0,0.0,0.0
36490,0.0,0.0,0.0
36500,0.0,0.0,0.1413
36510,0.0,0.0,0.0
36520,0.0,0.0,0.0
36530,0.0,0.0,0.0
36540,0.0,0.0,0.0
36550,0.0,0.0,0.0
36560,0.0,0.0,0.06426
36570,0.0,0.0,0.0
36580,0.0,0.0,0.0
36590,0.0,0.0,0.0
36600,0.0,0.0,0.0
36610,0.0,0.0,0.0
36620,0.0,0.0,0.0
36630,0.0,0.0,0.0
36640,0.0,0.0,0.0
36650,0.0,0.0,0.0
36660,0.0,0.0,0.0
36670,0.0,0.0,0.0
36680,0.0,0.0,0.0
36690,0.0,0.0,0.0
36700,0.0,0.0,0.26914
36710,0.0,0.0,0.0
36720,0.0,0.0,0.15674
36730,0.0,0.0,0.0
36740,0.0,0.0,0.0
36750,0.0,0.0,0.0
36760,0.0,0.0,0.0
36770,0.0,0.0,0.0
36780,0.0,0.0,0.0
36790,0.0,0.0,0.0
36800,0.0,0.0,0.0
36810,0.0,0.0,0.0
36820,0.0,0.0,0.0
36830,0.0,0.0,0.0
36840,0.0,0.0,0.0
36850,0.0,0.0,0.0
36860,0.0,0.0,0.0
36870,0.0,0.0,0.0
36880,0.0,0.0,0.0
36890,0.0,0.0,0.0
36900,0.0,0.0,0.0
36910,0.0,0.0,0.0
36920,0.0,0.0,0.0
36930,0.0,0.0,0.0
36940,0.0,0.0,0.0
36950,0.0,0.0,0.0
36960,0.0,0.0,0.0
36970,0.0,0.0,0.0
36980,0.0,0.0,0.0
36990,0.0,0.0,0.0
37000,0.0,0.0,0.10249
37010,0.0,0.0,0.0
37020,0.0,0.0,0.0
37030,0.0,0.0,0.0
37040,0.0,0.0,0.0
37050,0.0,0.0,0.0
37060,0.0,0.0,0.0
37070,0.0,0.0,0.0
37080,0.0,0.0,0.0
37090,0.0,0.0,0.0
37100,0.0,0.0,0.0
37110,0.0,0.0,0.0
37120,0.0,0.0,0.0
37130,0.0,0.0,0.33283
37140,0.0,0.0,0.0
37150,0.0,0.0,0.0
37160,0.0,0.0,0.0
37170,0.0,0.0,0.0
37180,0.0,0.0,0.0
37190,0.0,0.0,0.0
37200,0.0,0.0,0.0
37210,0.0,0.0,0.0
37220,0.0,0.0,0.0
37230,0.0,0.0,0.08037
37240,0.0,0.0,0.0
37250,0.0,0.0,0.0
37260,0.0,0.0,0.0
37270,0.0,0.0,0.0
37280,0.0,0.0,0.0
37290,0.0,0.0,0.0
37300,0.0,0.0,0.0
37310,0.0,0.0,0.0
37320,0.0,0.0,0.05911
37330,0.0,0.0,0.12672
37340,0.0,0.0,0.0
37350,0.0,0.0,0.0
37360,0.0,0.0,0.0
37370,0.0,0.0,0.0
37380,0.0,0.0,0.0
37390,0.0,0.0,0.0
37400,0.0,0.0,0.18064
37410,0.0,0.0,0.0
37420,0.0,0.0,0.0
37430,0.0,0.0,0.0
37440,0.0,0.0,0.0
37450,0.0,0.0,0.0
37460,0.0,0.0,0.05938
37470,0.0,0.0,0.21226
37480,0.0,0.0,0.0
37490,0.0,0.0,0.0
37500,0.0,0.0,0.08062
37510,0.0,0.0,0.0
37520,0.0,0.0,0.0
37530,0.0,0.0,0.0
37540,0.0,0.0,0.0
37550,0.0,0.0,0.0
37560,0.0,0.0,0.0
37570,0.0,0.0,0.0
37580,0.0,0.0,0.0
37590,0.0,0.0,0.33592
37600,0.0,0.0,0.0
37610,0.0,0.0,0.0
37620,0.0,0.0,0.14834
37630,0.0,0.0,0.0
37640,0.0,0.0,0.11837
37650,0.0,0.0,0.07496
37660,0.0,0.0,0.0
37670,0.0,0.0,0.0
37680,0.0,0.0,0.0
37690,0.0,0.0,0.0
37700,0.0,0.0,0.0
37710,0.0,0.0,0.0
37720,0.0,0.0,0.0
37730,0.0,0.0,0.0
37740,0.0,0.0,0.14785
37750,0.0,0.0,0.0
37760,0.0,0.0,0.05094
37770,0.0,0.0,0.0
37780,0.0,0.0,0.46219
37790,0.0,0.0,0.26399
37800,0.0,0.0,0.0
37810,0.0,0.0,0.0
37820,0.0,0.0,0.0
37830,0.0,0.0,0.0
37840,0.0,0.0,0.0
37850,0.0,0.0,0.14328
37860,0.0,0.0,0.0
37870,0.0,0.0,0.0
37880,0.0,0.0,0.0
37890,0.0,0.0,0.0
37900,0.0,0.0,0.0
37910,0.0,0.0,0.0
37920,0.0,0.0,0.0
37930,0.0,0.0,0.0
37940,0.0,0.0,0.0
37950,0.0,0.0,0.0
37960,0.0,0.0,0.0
37970,0.0,0.0,0.0
37980,0.0,0.0,0.0
37990,0.0,0.0,0.0
38000,0.0,0.0,0.0
38010,0.0,0.0,0.0
38020,0.0,0.0,0.0
38030,0.0,0.0,0.0
38040,0.0,0.0,0.0
38050,0.0,0.0,0.0
38060,0.0,0.0,0.0
38070,0.0,0.0,0.0
38080,0.0,0.0,0.0
38090,0.0,0.0,0.0
38100,0.0,0.0,0.19732
38110,0.0,0.0,0.0
38120,0.0,0.0,0.0
38130,0.0,0.0,0.0
38140,0.0,0.0,0.13278
38150,0.0,0.0,0.0
38160,0.0,0.0,0.28361000000000003
38170,0.0,0.0,0.0
38180,0.0,0.0,0.0
38190,0.0,0.0,0.12872
38200,0.0,0.0,0.06832
38210,0.0,0.0,0.07946
38220,0.0,0.0,0.23587
38230,0.0,0.0,0.0
38240,0.0,0.0,0.0
38250,0.0,0.0,0.18319
38260,0.0,0.0,0.0
38270,0.0,0.0,0.0
38280,0.0,0.0,0.0
38290,0.0,0.0,0.1227
38300,0.0,0.0,0.0
38310,0.0,0.0,0.0
38320,0.0,0.0,0.0
38330,0.0,0.0,0.0
38340,0.0,0.0,0.13998
38350,0.0,0.0,0.0
38360,0.0,0.0,0.0
38370,0.0,0.0,0.0
38380,0.0,0.0,0.0
38390,0.0,0.0,0.0
38400,0.0,0.0,0.0
38410,0.0,0.0,0.0
38420,0.0,0.0,0.0
38430,0.0,0.0,0.0
38440,0.0,0.0,0.0
38450,0.0,0.0,0.0
38460,0.0,0.0,0.0
38470,0.0,0.0,0.0
38480,0.0,0.0,0.0
38490,0.0,0.0,0.0
38500,0.0,0.0,0.0
38510,0.0,0.0,0.0
38520,0.0,0.0,0.0
38530,0.0,0.0,0.0
38540,0.0,0.0,0.3243
38550,0.0,0.0,0.0
38560,0.0,0.0,0.11404
38570,0.0,0.0,0.0
38580,0.0,0.0,0.0
38590,0.0,0.0,0.18739
38600,0.0,0.0,0.0
38610,0.0,0.0,0.0
38620,0.0,0.0,0.0
38630,0.0,0.0,0.0
38640,0.0,0.0,0.0
38650,0.0,0.0,0.0
38660,0.0,0.0,0.0
38670,0.0,0.0,0.0
38680,0.0,0.0,0.0
38690,0.0,0.0,0.0
38700,0.0,0.0,0.0
38710,0.0,0.0,0.0
38720,0.0,0.0,0.0
38730,0.0,0.0,0.0
38740,0.0,0.0,0.0
38750,0.0,0.0,0.2459
38760,0.0,0.0,0.04506
38770,0.0,0.0,0.0
38780,0.0,0.0,0.0
38790,0.0,0.0,0.0
38800,0.0,0.0,0.0
38810,0.0,0.0,0.0
38820,0.0,0.0,0.0
38830,0.0,0.0,0.0
38840,0.0,0.0,0.0
38850,0.0,0.0,0.0
38860,0.0,0.0,0.0
38870,0.0,0.0,0.0
38880,0.0,0.0,0.0
38890,0.0,0.0,0.0
38900,0.0,0.0,0.0
38910,0.0,0.0,0.0
38920,0.0,0.0,0.0
38930,0.0,0.0,0.0
38940,0.0,0.0,0.0
38950,0.0,0.0,0.0
38960,0.0,0.0,0.0
38970,0.0,0.0,0.0
38980,0.0,0.0,0.0
38990,0.0,0.0,0.13949
39000,0.0,0.0,0.0
39010,0.0,0.0,0.0
39020,0.0,0.0,0.0
39030,0.0,0.0,0.0
39040,0.0,0.0,0.36282
39050,0.0,0.0,0.0
39060,0.0,0.0,0.17095
39070,0.0,0.0,0.0
39080,0.0,0.0,0.0
39090,0.0,0.0,0.0
39100,0.0,0.0,0.0
39110,0.0,0.0,0.0
39120,0.0,0.0,0.1011
39130,0.0,0.0,0.0
39140,0.0,0.0,0.0
39150,0.0,0.0,0.0
39160,0.0,0.0,0.22128
39170,0.0,0.0,0.0
39180,0.0,0.0,0.0
39190,0.0,0.0,0.09657
39200,0.0,0.0,0.0
39210,0.0,0.0,0.0
39220,0.0,0.0,0.0
39230,0.0,0.0,0.04356
39240,0.0,0.0,0.0
39250,0.0,0.0,0.0
39260,0.0,0.0,0.08609
39270,0.0,0.0,0.0
39280,0.0,0.0,0.4982
39290,0.0,0.0,0.25397
39300,0.0,0.0,0.0
39310,0.0,0.0,0.0
39320,0.0,0.0,0.20412
39330,0.0,0.0,0.0
39340,0.0,0.0,0.0
39350,0.0,0.0,0.0
39360,0.0,0.0,0.0
39370,0.0,0.0,0.0
39380,0.0,0.0,0.0
39390,0.0,0.0,0.0
39400,0.0,0.0,0.0
39410,0.0,0.0,0.0
39420,0.0,0.0,0.0
39430,0.0,0.0,0.0
39440,0.0,0.0,0.0
39450,0.0,0.0,0.0
39460,0.0,0.0,0.0
39470,0.0,0.0,0.15389
39480,0.0,0.0,0.0
39490,0.0,0.0,0.0
39500,0.0,0.0,0.0
39510,0.0,0.0,0.0
39520,0.0,0.0,0.0
39530,0.0,0.0,0.0
39540,0.0,0.0,0.22268
39550,0.0,0.0,0.0
39560,0.0,0.0,0.0
39570,0.0,0.0,0.0
39580,0.0,0.0,0.0
39590,0.0,0.0,0.0
39600,0.0,0.0,0.0
39610,0.0,0.0,0.13067
39620,0.0,0.0,0.0
39630,0.0,0.0,0.0
39640,0.0,0.0,0.0
39650,0.0,0.0,0.0
39660,0.0,0.0,0.0
39670,0.0,0.0,0.0
39680,0.0,0.0,0.0
39690,0.0,0.0,0.0
39700,0.0,0.0,0.0
39710,0.0,0.0,0.0
39720,0.0,0.0,0.0
39730,0.0,0.0,0.0
39740,0.0,0.0,0.0
39750,0.0,0.0,0.23599
39760,0.0,0.0,0.0
39770,0.0,0.0,0.0
39780,0.0,0.0,0.0
39790,0.0,0.0,0.0
39800,0.0,0.0,0.0
39810,0.0,0.0,0.0
39820,0.0,0.0,0.0
39830,0.0,0.0,0.0
39840,0.0,0.0,0.0
39850,0.0,0.0,0.0
39860,0.0,0.0,0.0
39870,0.0,0.0,0.0
39880,0.0,0.0,0.0
39890,0.0,0.0,0.0
39900,0.0,0.0,0.0
39910,0.0,0.0,0.0
39920,0.0,0.0,0.0
39930,0.0,0.0,0.0
39940,0.0,0.0,0.0
39950,0.0,0.0,0.0
39960,0.0,0.0,0.0
39970,0.0,0.0,0.0
39980,0.0,0.0,0.0
39990,0.0,0.0,0.0
40000,0.0,0.0,0.0
40010,0.0,0.0,0.0
40020,0.0,0.0,0.14569
40030,0.0,0.0,0.0
40040,0.0,0.0,0.0
40050,0.0,0.0,0.0
40060,0.0,0.0,0.0
40070,0.0,0.0,0.0
40080,0.0,0.0,0.0535
40090,0.0,0.0,0.0
40100,0.0,0.0,0.0
40110,0.0,0.0,0.0
40120,0.0,0.0,0.0
40130,0.0,0.0,0.0
40140,0.0,0.0,0.0
40150,0.0,0.0,0.21516
40160,0.0,0.0,0.0
40170,0.0,0.0,0.0
40180,0.0,0.0,0.0
40190,0.0,0.0,0.0
40200,0.0,0.0,0.0
40210,0.0,0.0,0.0
40220,0.0,0.0,0.0
40230,0.0,0.0,0.08055
40240,0.0,0.0,0.0
40250,0.0,0.0,0.06789
40260,0.0,0.0,0.0
40270,0.0,0.0,0.33027
40280,0.0,0.0,0.0
40290,0.0,0.0,0.0
40300,0.0,0.0,0.0
40310,0.0,0.0,0.0
40320,0.0,0.0,0.0
40330,0.0,0.0,0.0
40340,0.0,0.0,0.0
40350,0.0,0.0,0.0
40360,0.0,0.0,0.0
40370,0.0,0.0,0.0
40380,0.0,0.0,0.0
40390,0.0,0.0,0.0
40400,0.0,0.0,0.0
40410,0.0,0.0,0.0
40420,0.0,0.0,0.0
40430,0.0,0.0,0.0
40440,0.0,0.0,0.0
40450,0.0,0.0,0.0
40460,0.0,0.0,0.1296
40470,0.0,0.0,0.0
40480,0.0,0.0,0.0
40490,0.0,0.0,0.0
40500,0.0,0.0,0.0
40510,0.0,0.0,0.29206
40520,0.0,0.0,0.0
40530,0.0,0.0,0.0
40540,0.0,0.0,0.0
40550,0.0,0.0,0.0
40560,0.0,0.0,0.0
40570,0.0,0.0,0.0
40580,0.0,0.0,0.0
40590,0.0,0.0,0.0
40600,0.0,0.0,0.06098
40610,0.0,0.0,0.0
40620,0.0,0.0,0.0
40630,0.0,0.0,0.0
40640,0.0,0.0,0.0
40650,0.0,0.0,0.0
40660,0.0,0.0,0.04515
40670,0.0,0.0,0.0
40680,0.0,0.0,0.05108
40690,0.0,0.0,0.0
40700,0.0,0.0,0.0
40710,0.0,0.0,0.0
40720,0.0,0.0,0.0
40730,0.0,0.0,0.0
40740,0.0,0.0,0.0
40750,0.0,0.0,0.0
40760,0.0,0.0,0.0
40770,0.0,0.0,0.0
40780,0.0,0.0,0.09484
40790,0.0,0.0,0.0
40800,0.0,0.0,0.0
40810,0.0,0.0,0.0
40820,0.0,0.0,0.05376
40830,0.0,0.0,0.0
40840,0.0,0.0,0.0
40850,0.0,0.0,0.0
40860,0.0,0.0,0.0
40870,0.0,0.0,0.0
40880,0.0,0.0,0.0
40890,0.0,0.0,0.0
40900,0.0,0.0,0.0
40910,0.0,0.0,0.0
40920,0.0,0.0,0.0
40930,0.0,0.0,0.0
40940,0.0,0.0,0.0
40950,0.0,0.0,0.0
40960,0.0,0.0,0.0
40970,0.0,0.0,0.0
40980,0.0,0.0,0.0
40990,0.0,0.0,0.0
41000,0.0,0.0,0.0
41010,0.0,0.0,0.0
41020,0.0,0.0,0.06364
41030,0.0,0.0,0.0
41040,0.0,0.0,0.0
41050,0.0,0.0,0.0
41060,0.0,0.0,0.0
41070,0.0,0.0,0.0
41080,0.0,0.0,0.0
41090,0.0,0.0,0.0
41100,0.0,0.0,0.20372
41110,0.0,0.0,0.0
41120,0.0,0.0,0.0
41130,0.0,0.0,0.03171
41140,0.0,0.0,0.0
41150,0.0,0.0,0.0
41160,0.0,0.0,0.0
41170,0.0,0.0,0.0
41180,0.0,0.0,0.0
41190,0.0,0.0,0.03026
41200,0.0,0.0,0.0
41210,0.0,0.0,0.0
41220,0.0,0.0,0.11709
41230,0.0,0.0,0.0
41240,0.0,0.0,0.0
41250,0.0,0.0,0.13234
41260,0.0,0.0,0.0
41270,0.0,0.0,0.0
41280,0.0,0.0,0.47353
41290,0.0,0.0,0.0
41300,0.0,0.0,0.0
41310,0.0,0.0,0.0
41320,0.0,0.0,0.07725
41330,0.0,0.0,0.0
41340,0.0,0.0,0.0
41350,0.0,0.0,0.17161
41360,0.0,0.0,0.0
41370,0.0,0.0,0.0
41380,0.0,0.0,0.0
41390,0.0,0.0,0.0
41400,0.0,0.0,0.0
41410,0.0,0.0,0.0
41420,0.0,0.0,0.0
41430,0.0,0.0,0.0
41440,0.0,0.0,0.12143
41450,0.0,0.0,0.11893
41460,0.0,0.0,0.0
41470,0.0,0.0,0.0
41480,0.0,0.0,0.0
41490,0.0,0.0,0.27
41500,0.0,0.0,0.0
41510,0.0,0.0,0.32562
41520,0.0,0.0,0.0
41530,0.0,0.0,0.0
41540,0.0,0.0,0.0
41550,0.0,0.0,0.0
41560,0.0,0.0,0.0
41570,0.0,0.0,0.11532
41580,0.0,0.0,0.09956
41590,0.0,0.0,0.0
41600,0.0,0.0,0.0
41610,0.0,0.0,0.0
41620,0.0,0.0,0.0
41630,0.0,0.0,0.0
41640,0.0,0.0,0.0
41650,0.0,0.0,0.0
41660,0.0,0.0,0.21512
41670,0.0,0.0,0.0
41680,0.0,0.0,0.0
41690,0.0,0.0,0.0
41700,0.0,0.0,0.0
41710,0.0,0.0,0.0
41720,0.0,0.0,0.0
41730,0.0,0.0,0.0
41740,0.0,0.0,0.14532
41750,0.0,0.0,0.0
41760,0.0,0.0,0.0
41770,0.0,0.0,0.0
41780,0.0,0.0,0.0
41790,0.0,0.0,0.0
41800,0.0,0.0,0.0
41810,0.0,0.0,0.0
41820,0.0,0.0,0.0301
41830,0.0,0.0,0.0
41840,0.0,0.0,0.0
41850,0.0,0.0,0.0
41860,0.0,0.0,0.0
41870,0.0,0.0,0.0
41880,0.0,0.0,0.0
41890,0.0,0.0,0.0
41900,0.0,0.0,0.0
41910,0.0,0.0,0.0
41920,0.0,0.0,0.0
41930,0.0,0.0,0.0
41940,0.0,0.0,0.21051000000000003
41950,0.0,0.0,0.0
41960,0.0,0.0,0.0
41970,0.0,0.0,0.0
41980,0.0,0.0,0.0
41990,0.0,0.0,0.12104
42000,0.0,0.0,0.0
42010,0.0,0.0,0.0
42020,0.0,0.0,0.0
42030,0.0,0.0,0.06602
42040,0.0,0.0,0.0
42050,0.0,0.0,0.0
42060,0.0,0.0,0.0
42070,0.0,0.0,0.21851
42080,0.0,0.0,0.18159
42090,0.0,0.0,0.0
42100,0.0,0.0,0.0
42110,0.0,0.0,0.0
42120,0.0,0.0,0.0
42130,0.0,0.0,0.0
42140,0.0,0.0,0.0
42150,0.0,0.0,0.0
42160,0.0,0.0,0.0
42170,0.0,0.0,0.0
42180,0.0,0.0,0.0
42190,0.0,0.0,0.0
42200,0.0,0.0,0.0
42210,0.0,0.0,0.0
42220,0.0,0.0,0.0535
42230,0.0,0.0,0.0
42240,0.0,0.0,0.17373
42250,0.0,0.0,0.0
42260,0.0,0.0,0.0
42270,0.0,0.0,0.0
42280,0.0,0.0,0.0
42290,0.0,0.0,0.0
42300,0.0,0.0,0.0
42310,0.0,0.0,0.0
42320,0.0,0.0,0.0
42330,0.0,0.0,0.0
42340,0.0,0.0,0.0
42350,0.0,0.0,0.0
42360,0.0,0.0,0.0
42370,0.0,0.0,0.0
42380,0.0,0.0,0.0
42390,0.0,0.0,0.0
42400,0.0,0.0,0.0
42410,0.0,0.0,0.0
42420,0.0,0.0,0.0
42430,0.0,0.0,0.0
42440,0.0,0.0,0.0
42450,0.0,0.0,0.0
42460,0.0,0.0,0.0
42470,0.0,0.0,0.0
42480,0.0,0.0,0.0
42490,0.0,0.0,0.0
42500,0.0,0.0,0.0
42510,0.0,0.0,0.0
42520,0.0,0.0,0.16876
42530,0.0,0.0,0.0
42540,0.0,0.0,0.21463
42550,0.0,0.0,0.0
42560,0.0,0.0,0.0
42570,0.0,0.0,0.0
42580,0.0,0.0,0.0
42590,0.0,0.0,0.0
42600,0.0,0.0,0.0
42610,0.0,0.0,0.0
42620,0.0,0.0,0.0
42630,0.0,0.0,0.0
42640,0.0,0.0,0.0
42650,0.0,0.0,0.0
42660,0.0,0.0,0.0
42670,0.0,0.0,0.0
42680,0.0,0.0,0.0
42690,0.0,0.0,0.0
42700,0.0,0.0,0.0
42710,0.0,0.0,0.0
42720,0.0,0.0,0.0
42730,0.0,0.0,0.0
42740,0.0,0.0,0.0
42750,0.0,0.0,0.0
42760,0.0,0.0,0.0
42770,0.0,0.0,0.0
42780,0.0,0.0,0.0
42790,0.0,0.0,0.0
42800,0.0,0.0,0.04695
42810,0.0,0.0,0.0
42820,0.0,0.0,0.0
42830,0.0,0.0,0.0
42840,0.0,0.0,0.0
42850,0.0,0.0,0.0
42860,0.0,0.0,0.0
42870,0.0,0.0,0.0
42880,0.0,0.0,0.0551
42890,0.0,0.0,0.09701
42900,0.0,0.0,0.0
42910,0.0,0.0,0.0
42920,0.0,0.0,0.0
42930,0.0,0.0,0.0
42940,0.0,0.0,0.0
42950,0.0,0.0,0.07798
42960,0.0,0.0,0.0
42970,0.0,0.0,0.0
42980,0.0,0.0,0.0
42990,0.0,0.0,0.0
43000,0.0,0.0,0.0
43010,0.0,0.0,0.03457
43020,0.0,0.0,0.0
43030,0.0,0.0,0.0
43040,0.0,0.0,0.0
43050,0.0,0.0,0.0
43060,0.0,0.0,0.0
43070,0.0,0.0,0.0
43080,0.0,0.0,0.0
43090,0.0,0.0,0.10516
43100,0.0,0.0,0.0
43110,0.0,0.0,0.0
43120,0.0,0.0,0.0
43130,0.0,0.0,0.05961
43140,0.0,0.0,0.0
43150,0.0,0.0,0.0
43160,0.0,0.0,0.0
43170,0.0,0.0,0.0
43180,0.0,0.0,0.0
43190,0.0,0.0,0.0
43200,0.0,0.0,0.05968
43210,0.0,0.0,0.0
43220,0.0,0.0,0.0
43230,0.0,0.0,0.0
43240,0.0,0.0,0.10881
43250,0.0,0.0,0.0
43260,0.0,0.0,0.0
43270,0.0,0.0,0.0
43280,0.0,0.0,0.07275
43290,0.0,0.0,0.0
43300,0.0,0.0,0.0
43310,0.0,0.0,0.0
43320,0.0,0.0,0.0
43330,0.0,0.0,0.24885
43340,0.0,0.0,0.30015
43350,0.0,0.0,0.0
43360,0.0,0.0,0.0
43370,0.0,0.0,0.08709
43380,0.0,0.0,0.0
43390,0.0,0.0,0.0
43400,0.0,0.0,0.0
43410,0.0,0.0,0.0
43420,0.0,0.0,0.0
43430,0.0,0.0,0.0
43440,0.0,0.0,0.0
43450,0.0,0.0,0.06634
43460,0.0,0.0,0.04105
43470,0.0,0.0,0.0
43480,0.0,0.0,0.0
43490,0.0,0.0,0.13455
43500,0.0,0.0,0.0
43510,0.0,0.0,0.0
43520,0.0,0.0,0.0
43530,0.0,0.0,0.0
43540,0.0,0.0,0.0
43550,0.0,0.0,0.0
43560,0.0,0.0,0.0
43570,0.0,0.0,0.0
43580,0.0,0.0,0.0
43590,0.0,0.0,0.0
43600,0.0,0.0,0.0
43610,0.0,0.0,0.0
43620,0.0,0.0,0.0
43630,0.0,0.0,0.0
43640,0.0,0.0,0.04507
43650,0.0,0.0,0.0
43660,0.0,0.0,0.0
43670,0.0,0.0,0.0
43680,0.0,0.0,0.03996
43690,0.0,0.0,0.0
43700,0.0,0.0,0.0
43710,0.0,0.0,0.0
43720,0.0,0.0,0.14211
43730,0.0,0.0,0.0
43740,0.0,0.0,0.0
43750,0.0,0.0,0.0
43760,0.0,0.0,0.0
43770,0.0,0.0,0.0
43780,0.0,0.0,0.0
43790,0.0,0.0,0.0
43800,0.0,0.0,0.0
43810,0.0,0.0,0.0
43820,0.0,0.0,0.0
43830,0.0,0.0,0.0
43840,0.0,0.0,0.0
43850,0.0,0.0,0.0
43860,0.0,0.0,0.0
43870,0.0,0.0,0.0711
43880,0.0,0.0,0.0
43890,0.0,0.0,0.0
43900,0.0,0.0,0.0
43910,0.0,0.0,0.0
43920,0.0,0.0,0.0
43930,0.0,0.0,0.0
43940,0.0,0.0,0.0
43950,0.0,0.0,0.04144
43960,0.0,0.0,0.0
43970,0.0,0.0,0.0
43980,0.0,0.0,0.0
43990,0.0,0.0,0.0
44000,0.0,0.0,0.0
44010,0.0,0.0,0.0
44020,0.0,0.0,0.0
44030,0.0,0.0,0.0
44040,0.0,0.0,0.0
44050,0.0,0.0,0.0
44060,0.0,0.0,0.0
44070,0.0,0.0,0.0
44080,0.0,0.0,0.0
44090,0.0,0.0,0.0
44100,0.0,0.0,0.0
44110,0.0,0.0,0.0
44120,0.0,0.0,0.0
44130,0.0,0.0,0.0
44140,0.0,0.0,0.0
44150,0.0,0.0,0.0
44160,0.0,0.0,0.0
44170,0.0,0.0,0.0
44180,0.0,0.0,0.0
44190,0.0,0.0,0.0
44200,0.0,0.0,0.0
44210,0.0,0.0,0.0
44220,0.0,0.0,0.0
44230,0.0,0.0,0.0
44240,0.0,0.0,0.0
44250,0.0,0.0,0.0
44260,0.0,0.0,0.0
44270,0.0,0.0,0.0
44280,0.0,0.0,0.0
44290,0.0,0.0,0.0
44300,0.0,0.0,0.0
44310,0.0,0.0,0.0
44320,0.0,0.0,0.0
44330,0.0,0.0,0.0
44340,0.0,0.0,0.0
44350,0.0,0.0,0.0
44360,0.0,0.0,0.0
44370,0.0,0.0,0.0
44380,0.0,0.0,0.0
44390,0.0,0.0,0.0
44400,0.0,0.0,0.04638
44410,0.0,0.0,0.03973
44420,0.0,0.0,0.0
44430,0.0,0.0,0.0
44440,0.0,0.0,0.0
44450,0.0,0.0,0.0
44460,0.0,0.0,0.16582
44470,0.0,0.0,0.0
44480,0.0,0.0,0.0
44490,0.0,0.0,0.0
44500,0.0,0.0,0.0
44510,0.0,0.0,0.0
44520,0.0,0.0,0.0
44530,0.0,0.0,0.0
44540,0.0,0.0,0.04103
44550,0.0,0.0,0.0
44560,0.0,0.0,0.0
44570,0.0,0.0,0.0
44580,0.0,0.0,0.0
44590,0.0,0.0,0.13335999999999998
44600,0.0,0.0,0.07497
44610,0.0,0.0,0.0
44620,0.0,0.0,0.0
44630,0.0,0.0,0.0
44640,0.0,0.0,0.14463
44650,0.0,0.0,0.0
44660,0.0,0.0,0.13476
44670,0.0,0.0,0.0
44680,0.0,0.0,0.0
44690,0.0,0.0,0.0
44700,0.0,0.0,0.0
44710,0.0,0.0,0.0
44720,0.0,0.0,0.0
44730,0.0,0.0,0.0
44740,0.0,0.0,0.0
44750,0.0,0.0,0.0
44760,0.0,0.0,0.0
44770,0.0,0.0,0.0
44780,0.0,0.0,0.0
44790,0.0,0.0,0.0
44800,0.0,0.0,0.0921
44810,0.0,0.0,0.0
44820,0.0,0.0,0.0
44830,0.0,0.0,0.0
44840,0.0,0.0,0.0
44850,0.0,0.0,0.0
44860,0.0,0.0,0.0
44870,0.0,0.0,0.0
44880,0.0,0.0,0.0
44890,0.0,0.0,0.0
44900,0.0,0.0,0.0
44910,0.0,0.0,0.0
44920,0.0,0.0,0.0
44930,0.0,0.0,0.0
44940,0.0,0.0,0.0
44950,0.0,0.0,0.0
44960,0.0,0.0,0.0
44970,0.0,0.0,0.0
44980,0.0,0.0,0.0
44990,0.0,0.0,0.0
45000,0.0,0.0,0.08154
45010,0.0,0.0,0.1021
45020,0.0,0.0,0.0
45030,0.0,0.0,0.04344
45040,0.0,0.0,0.0
45050,0.0,0.0,0.16454
45060,0.0,0.0,0.06342
45070,0.0,0.0,0.09025
45080,0.0,0.0,0.0
45090,0.0,0.0,0.0
45100,0.0,0.0,0.1318
45110,0.0,0.0,0.08183
45120,0.0,0.0,0.09397
45130,0.0,0.0,0.0
45140,0.0,0.0,0.21647
45150,0.0,0.0,0.0
45160,0.0,0.0,0.0
45170,0.0,0.0,0.0
45180,0.0,0.0,0.06723
45190,0.0,0.0,0.2163
45200,0.0,0.0,0.0
45210,0.0,0.0,0.0
45220,0.0,0.0,0.0
45230,0.0,0.0,0.17277
45240,0.0,0.0,0.2192
45250,0.0,0.0,0.1833
45260,0.0,0.0,0.50344
45270,0.0,0.0,0.0
45280,0.0,0.0,0.0
45290,0.0,0.0,0.0
45300,0.0,0.0,0.0
45310,0.0,0.0,0.0
45320,0.0,0.0,0.0
45330,0.0,0.0,0.0
45340,0.0,0.0,0.0
45350,0.0,0.0,0.0
45360,0.0,0.0,0.0
45370,0.0,0.0,0.0
45380,0.0,0.0,0.0
45390,0.0,0.0,0.0
45400,0.0,0.0,0.0
45410,0.0,0.0,0.0
45420,0.0,0.0,0.0
45430,0.0,0.0,0.0
45440,0.0,0.0,0.0
45450,0.0,0.0,0.0
45460,0.0,0.0,0.0
45470,0.0,0.0,0.0
45480,0.0,0.0,0.0
45490,0.0,0.0,0.0
45500,0.0,0.0,0.0
45510,0.0,0.0,0.0
45520,0.0,0.0,0.0
45530,0.0,0.0,0.0
45540,0.0,0.0,0.0
45550,0.0,0.0,0.0
45560,0.0,0.0,0.0
45570,0.0,0.0,0.0
45580,0.0,0.0,0.0
45590,0.0,0.0,0.0
45600,0.0,0.0,0.0
45610,0.0,0.0,0.0
45620,0.0,0.0,0.0
45630,0.0,0.0,0.0
45640,0.0,0.0,0.13371
45650,0.0,0.0,0.0
45660,0.0,0.0,0.0
45670,0.0,0.0,0.0
45680,0.0,0.0,0.33989
45690,0.0,0.0,0.0
45700,0.0,0.0,0.0
45710,0.0,0.0,0.0
45720,0.0,0.0,0.0
45730,0.0,0.0,0.0
45740,0.0,0.0,0.0
45750,0.0,0.0,0.0
45760,0.0,0.0,0.0
45770,0.0,0.0,0.0
45780,0.0,0.0,0.0
45790,0.0,0.0,0.0
45800,0.0,0.0,0.0
45810,0.0,0.0,0.0
45820,0.0,0.0,0.0
45830,0.0,0.0,0.0
45840,0.0,0.0,0.0
45850,0.0,0.0,0.0
45860,0.0,0.0,0.0
45870,0.0,0.0,0.0
45880,0.0,0.0,0.0
45890,0.0,0.0,0.0
45900,0.0,0.0,0.14481
45910,0.0,0.0,0.0
45920,0.0,0.0,0.0
45930,0.0,0.0,0.0
45940,0.0,0.0,0.0
45950,0.0,0.0,0.0
45960,0.0,0.0,0.19637
45970,0.0,0.0,0.0
45980,0.0,0.0,0.0
45990,0.0,0.0,0.0
46000,0.0,0.0,0.0
46010,0.0,0.0,0.11675
46020,0.0,0.0,0.0
46030,0.0,0.0,0.13391
46040,0.0,0.0,0.0
46050,0.0,0.0,0.0
46060,0.0,0.0,0.0
46070,0.0,0.0,0.21031
46080,0.0,0.0,0.0
46090,0.0,0.0,0.0
46100,0.0,0.0,0.20784
46110,0.0,0.0,0.0
46120,0.0,0.0,0.17839
46130,0.0,0.0,0.0
46140,0.0,0.0,0.0
46150,0.0,0.0,0.06908
46160,0.0,0.0,0.0
46170,0.0,0.0,0.0
46180,0.0,0.0,0.0
46190,0.0,0.0,0.12557
46200,0.0,0.0,0.29767
46210,0.0,0.0,0.0
46220,0.0,0.0,0.0
46230,0.0,0.0,0.0
46240,0.0,0.0,0.25917
46250,0.0,0.0,0.0
46260,0.0,0.0,0.0
46270,0.0,0.0,0.0
46280,0.0,0.0,0.0
46290,0.0,0.0,0.0
46300,0.0,0.0,0.0
46310,0.0,0.0,0.0
46320,0.0,0.0,0.0
46330,0.0,0.0,0.0
46340,0.0,0.0,0.0
46350,0.0,0.0,0.0
46360,0.0,0.0,0.0
46370,0.0,0.0,0.0
46380,0.0,0.0,0.0
46390,0.0,0.0,0.0
46400,0.0,0.0,0.0
46410,0.0,0.0,0.0
46420,0.0,0.0,0.31738
46430,0.0,0.0,0.0
46440,0.0,0.0,0.0
46450,0.0,0.0,0.0
46460,0.0,0.0,0.0
46470,0.0,0.0,0.0
46480,0.0,0.0,0.0
46490,0.0,0.0,0.0
46500,0.0,0.0,0.0
46510,0.0,0.0,0.0
46520,0.0,0.0,0.23775000000000002
46530,0.0,0.0,0.21738000000000002
46540,0.0,0.0,0.0
46550,0.0,0.0,0.0
46560,0.0,0.0,0.14573
46570,0.0,0.0,0.0
46580,0.0,0.0,0.0
46590,0.0,0.0,0.0
46600,0.0,0.0,0.0
46610,0.0,0.0,0.0
46620,0.0,0.0,0.0
46630,0.0,0.0,0.0
46640,0.0,0.0,0.0
46650,0.0,0.0,0.0
46660,0.0,0.0,0.0
46670,0.0,0.0,0.0
46680,0.0,0.0,0.0
46690,0.0,0.0,0.0
46700,0.0,0.0,0.08587
46710,0.0,0.0,0.0595
46720,0.0,0.0,0.0
46730,0.0,0.0,0.0
46740,0.0,0.0,0.0
46750,0.0,0.0,0.07479
46760,0.0,0.0,0.0
46770,0.0,0.0,0.0
46780,0.0,0.0,0.0
46790,0.0,0.0,0.0
46800,0.0,0.0,0.0
46810,0.0,0.0,0.0
46820,0.0,0.0,0.0
46830,0.0,0.0,0.0
46840,0.0,0.0,0.04834
46850,0.0,0.0,0.0
46860,0.0,0.0,0.0965
46870,0.0,0.0,0.0
46880,0.0,0.0,0.0
46890,0.0,0.0,0.1369
46900,0.0,0.0,0.10268
46910,0.0,0.0,0.0
46920,0.0,0.0,0.0
46930,0.0,0.0,0.0
46940,0.0,0.0,0.04745
46950,0.0,0.0,0.0
46960,0.0,0.0,0.26749999999999996
46970,0.0,0.0,0.0
46980,0.0,0.0,0.0
46990,0.0,0.0,0.0
47000,0.0,0.0,0.05163
47010,0.0,0.0,0.0
47020,0.0,0.0,0.06474
47030,0.0,0.0,0.11878
47040,0.0,0.0,0.12683
47050,0.0,0.0,0.0
47060,0.0,0.0,0.0
47070,0.0,0.0,0.0
47080,0.0,0.0,0.0
47090,0.0,0.0,0.0
47100,0.0,0.0,0.0
47110,0.0,0.0,0.0
47120,0.0,0.0,0.0
47130,0.0,0.0,0.0
47140,0.0,0.0,0.0
47150,0.0,0.0,0.0
47160,0.0,0.0,0.0
47170,0.0,0.0,0.0
47180,0.0,0.0,0.0
47190,0.0,0.0,0.16277
47200,0.0,0.0,0.0
47210,0.0,0.0,0.0
47220,0.0,0.0,0.0
47230,0.0,0.0,0.0
47240,0.0,0.0,0.22519999999999998
47250,0.0,0.0,0.18792
47260,0.0,0.0,0.0
47270,0.0,0.0,0.0
47280,0.0,0.0,0.08136
47290,0.0,0.0,0.0
47300,0.0,0.0,0.10969
47310,0.0,0.0,0.0
47320,0.0,0.0,0.18467
47330,0.0,0.0,0.0
47340,0.0,0.0,0.07651
47350,0.0,0.0,0.0
47360,0.0,0.0,0.0
47370,0.0,0.0,0.0
47380,0.0,0.0,0.0
47390,0.0,0.0,0.08812
47400,0.0,0.0,0.0
47410,0.0,0.0,0.0
47420,0.0,0.0,0.05814
47430,0.0,0.0,0.06451
47440,0.0,0.0,0.24352
47450,0.0,0.0,0.0
47460,0.0,0.0,0.06027
47470,0.0,0.0,0.0
47480,0.0,0.0,0.09457
47490,0.0,0.0,0.0
47500,0.0,0.0,0.23603
47510,0.0,0.0,0.0
47520,0.0,0.0,0.18135
47530,0.0,0.0,0.0
47540,0.0,0.0,0.0
47550,0.0,0.0,0.0
47560,0.0,0.0,0.1679
47570,0.0,0.0,0.0
47580,0.0,0.0,0.07713
47590,0.0,0.0,0.0
47600,0.0,0.0,0.0
47610,0.0,0.0,0.0
47620,0.0,0.0,0.0
47630,0.0,0.0,0.0
47640,0.0,0.0,0.0
47650,0.0,0.0,0.08758
47660,0.0,0.0,0.0
47670,0.0,0.0,0.0
47680,0.0,0.0,0.0
47690,0.0,0.0,0.0
47700,0.0,0.0,0.15414
47710,0.0,0.0,0.0
47720,0.0,0.0,0.0
47730,0.0,0.0,0.0
47740,0.0,0.0,0.0
47750,0.0,0.0,0.05878
47760,0.0,0.0,0.0
47770,0.0,0.0,0.33048
47780,0.0,0.0,0.0
47790,0.0,0.0,0.0
47800,0.0,0.0,0.0
47810,0.0,0.0,0.06583
47820,0.0,0.0,0.0
47830,0.0,0.0,0.0
47840,0.0,0.0,0.0
47850,0.0,0.0,0.0
47860,0.0,0.0,0.0
47870,0.0,0.0,0.16113
47880,0.0,0.0,0.0
47890,0.0,0.0,0.0
47900,0.0,0.0,0.0
47910,0.0,0.0,0.0
47920,0.0,0.0,0.15349
47930,0.0,0.0,0.0
47940,0.0,0.0,0.0
47950,0.0,0.0,0.0
47960,0.0,0.0,0.07448
47970,0.0,0.0,0.0
47980,0.0,0.0,0.0
47990,0.0,0.0,0.0
48000,0.0,0.0,0.0
48010,0.0,0.0,0.26783
48020,0.0,0.0,0.0
48030,0.0,0.0,0.0
48040,0.0,0.0,0.0
48050,0.0,0.0,0.0
48060,0.0,0.0,0.0
48070,0.0,0.0,0.0713
48080,0.0,0.0,0.056
48090,0.0,0.0,0.0
48100,0.0,0.0,0.0
48110,0.0,0.0,0.0
48120,0.0,0.0,0.0
48130,0.0,0.0,0.0
48140,0.0,0.0,0.0
48150,0.0,0.0,0.0
48160,0.0,0.0,0.0
48170,0.0,0.0,0.0
48180,0.0,0.0,0.0
48190,0.0,0.0,0.0
48200,0.0,0.0,0.28268
48210,0.0,0.0,0.0
48220,0.0,0.0,0.0
48230,0.0,0.0,0.0
48240,0.0,0.0,0.0
48250,0.0,0.0,0.0
48260,0.0,0.0,0.0
48270,0.0,0.0,0.0
48280,0.0,0.0,0.0
48290,0.0,0.0,0.0
48300,0.0,0.0,0.15443
48310,0.0,0.0,0.0
48320,0.0,0.0,0.14084
48330,0.0,0.0,0.0
48340,0.0,0.0,0.0
48350,0.0,0.0,0.0
48360,0.0,0.0,0.0
48370,0.0,0.0,0.0
48380,0.0,0.0,0.28273
48390,0.0,0.0,0.0
48400,0.0,0.0,0.0
48410,0.0,0.0,0.0
48420,0.0,0.0,0.1649
48430,0.0,0.0,0.08201
48440,0.0,0.0,0.0
48450,0.0,0.0,0.0
48460,0.0,0.0,0.0
48470,0.0,0.0,0.06255
48480,0.0,0.0,0.25744
48490,0.0,0.0,0.0
48500,0.0,0.0,0.0
48510,0.0,0.0,0.0
48520,0.0,0.0,0.0
48530,0.0,0.0,0.0
48540,0.0,0.0,0.24980999999999998
48550,0.0,0.0,0.0
48560,0.0,0.0,0.0
48570,0.0,0.0,0.0
48580,0.0,0.0,0.2796
48590,0.0,0.0,0.32036
48600,0.0,0.0,0.0
48610,0.0,0.0,0.0
48620,0.0,0.0,0.0
48630,0.0,0.0,0.0
48640,0.0,0.0,0.0
48650,0.0,0.0,0.05091
48660,0.0,0.0,0.0
48670,0.0,0.0,0.0
48680,0.0,0.0,0.0
48690,0.0,0.0,0.0
48700,0.0,0.0,0.06795
48710,0.0,0.0,0.0
48720,0.0,0.0,0.0
48730,0.0,0.0,0.0
48740,0.0,0.0,0.0
48750,0.0,0.0,0.0
48760,0.0,0.0,0.0
48770,0.0,0.0,0.0
48780,0.0,0.0,0.0
48790,0.0,0.0,0.0
48800,0.0,0.0,0.0
48810,0.0,0.0,0.0
48820,0.0,0.0,0.0
48830,0.0,0.0,0.0
48840,0.0,0.0,0.0
48850,0.0,0.0,0.0
48860,0.0,0.0,0.0
48870,0.0,0.0,0.0
48880,0.0,0.0,0.0
48890,0.0,0.0,0.0
48900,0.0,0.0,0.0
48910,0.0,0.0,0.0
48920,0.0,0.0,0.0
48930,0.0,0.0,0.0
48940,0.0,0.0,0.0
48950,0.0,0.0,0.17713
48960,0.0,0.0,0.0
48970,0.0,0.0,0.0979
48980,0.0,0.0,0.0
48990,0.0,0.0,0.0
49000,0.0,0.0,0.0
49010,0.0,0.0,0.0
49020,0.0,0.0,0.0
49030,0.0,0.0,0.0
49040,0.0,0.0,0.0
49050,0.0,0.0,0.0
49060,0.0,0.0,0.0
49070,0.0,0.0,0.22992
49080,0.0,0.0,0.0
49090,0.0,0.0,0.0
49100,0.0,0.0,0.0
49110,0.0,0.0,0.0
49120,0.0,0.0,0.0
49130,0.0,0.0,0.0
49140,0.0,0.0,0.0
49150,0.0,0.0,0.0
49160,0.0,0.0,0.0
49170,0.0,0.0,0.0
49180,0.0,0.0,0.0
49190,0.0,0.0,0.0
49200,0.0,0.0,0.0
49210,0.0,0.0,0.0
49220,0.0,0.0,0.0
49230,0.0,0.0,0.0
49240,0.0,0.0,0.0
49250,0.0,0.0,0.0
49260,0.0,0.0,0.0
49270,0.0,0.0,0.0
49280,0.0,0.0,0.0
49290,0.0,0.0,0.0
49300,0.0,0.0,0.0
49310,0.0,0.0,0.0
49320,0.0,0.0,0.0
49330,0.0,0.0,0.0
49340,0.0,0.0,0.0
49350,0.0,0.0,0.0
49360,0.0,0.0,0.0
49370,0.0,0.0,0.06265
49380,0.0,0.0,0.0
49390,0.0,0.0,0.0
49400,0.0,0.0,0.0
49410,0.0,0.0,0.0
49420,0.0,0.0,0.0
49430,0.0,0.0,0.0
49440,0.0,0.0,0.0
49450,0.0,0.0,0.0
49460,0.0,0.0,0.0
49470,0.0,0.0,0.0
49480,0.0,0.0,0.0
49490,0.0,0.0,0.0
49500,0.0,0.0,0.0
49510,0.0,0.0,0.0
49520,0.0,0.0,0.0
49530,0.0,0.0,0.0
49540,0.0,0.0,0.0
49550,0.0,0.0,0.0
49560,0.0,0.0,0.0
49570,0.0,0.0,0.0
49580,0.0,0.0,0.0
49590,0.0,0.0,0.0
49600,0.0,0.0,0.0
49610,0.0,0.0,0.0
49620,0.0,0.0,0.12854
49630,0.0,0.0,0.0
49640,0.0,0.0,0.0
49650,0.0,0.0,0.0
49660,0.0,0.0,0.0
49670,0.0,0.0,0.0
49680,0.0,0.0,0.0
49690,0.0,0.0,0.0
49700,0.0,0.0,0.11754
49710,0.0,0.0,0.0
49720,0.0,0.0,0.06263
49730,0.0,0.0,0.0
49740,0.0,0.0,0.0
49750,0.0,0.0,0.0
49760,0.0,0.0,0.0
49770,0.0,0.0,0.0
49780,0.0,0.0,0.0
49790,0.0,0.0,0.0
49800,0.0,0.0,0.0
49810,0.0,0.0,0.0
49820,0.0,0.0,0.0
49830,0.0,0.0,0.0
49840,0.0,0.0,0.15136
49850,0.0,0.0,0.0
49860,0.0,0.0,0.0
49870,0.0,0.0,0.0
49880,0.0,0.0,0.0
49890,0.0,0.0,0.0
49900,0.0,0.0,0.0
49910,0.0,0.0,0.0
49920,0.0,0.0,0.0
49930,0.0,0.0,0.0
49940,0.0,0.0,0.05208
49950,0.0,0.0,0.0
49960,0.0,0.0,0.0
49970,0.0,0.0,0.0
49980,0.0,0.0,0.06768
49990,0.0,0.0,0.0
50000,0.0,0.0,0.0
50010,0.0,0.0,0.0
50020,0.0,0.0,0.0
50030,0.0,0.0,0.07238
50040,0.0,0.0,0.13587
50050,0.0,0.0,0.0
50060,0.0,0.0,0.0
50070,0.0,0.0,0.0
50080,0.0,0.0,0.0
50090,0.0,0.0,0.0
50100,0.0,0.0,0.0
50110,0.0,0.0,0.0
50120,0.0,0.0,0.0
50130,0.0,0.0,0.0
50140,0.0,0.0,0.0
50150,0.0,0.0,0.0
50160,0.0,0.0,0.0
50170,0.0,0.0,0.0
50180,0.0,0.0,0.0
50190,0.0,0.0,0.0
50200,0.0,0.0,0.0
50210,0.0,0.0,0.0
50220,0.0,0.0,0.0
50230,0.0,0.0,0.0
50240,0.0,0.0,0.0
50250,0.0,0.0,0.04449
50260,0.0,0.0,0.0
50270,0.0,0.0,0.0
50280,0.0,0.0,0.0
50290,0.0,0.0,0.0
50300,0.0,0.0,0.0
50310,0.0,0.0,0.0
50320,0.0,0.0,0.03928
50330,0.0,0.0,0.0
50340,0.0,0.0,0.0
50350,0.0,0.0,0.0
50360,0.0,0.0,0.0
50370,0.0,0.0,0.0
50380,0.0,0.0,0.0
50390,0.0,0.0,0.0
50400,0.0,0.0,0.0
50410,0.0,0.0,0.0
50420,0.0,0.0,0.0
50430,0.0,0.0,0.0
50440,0.0,0.0,0.0
50450,0.0,0.0,0.0
50460,0.0,0.0,0.0
50470,0.0,0.0,0.0
50480,0.0,0.0,0.0
50490,0.0,0.0,0.0
50500,0.0,0.0,0.0
50510,0.0,0.0,0.0
50520,0.0,0.0,0.0
50530,0.0,0.0,0.0
50540,0.0,0.0,0.02558
50550,0.0,0.0,0.0
50560,0.0,0.0,0.0
50570,0.0,0.0,0.0
50580,0.0,0.0,0.0
50590,0.0,0.0,0.0315
50600,0.0,0.0,0.0
50610,0.0,0.0,0.0
50620,0.0,0.0,0.0
50630,0.0,0.0,0.0
50640,0.0,0.0,0.0
50650,0.0,0.0,0.0
50660,0.0,0.0,0.0
50670,0.0,0.0,0.0
50680,0.0,0.0,0.0
50690,0.0,0.0,0.0
50700,0.0,0.0,0.01807
50710,0.0,0.0,0.0
50720,0.0,0.0,0.0
50730,0.0,0.0,0.0
50740,0.0,0.0,0.0
50750,0.0,0.0,0.0
50760,0.0,0.0,0.0
50770,0.0,0.0,0.0
50780,0.0,0.0,0.0
50790,0.0,0.0,0.0
50800,0.0,0.0,0.0
50810,0.0,0.0,0.0
50820,0.0,0.0,0.0711
50830,0.0,0.0,0.0
50840,0.0,0.0,0.0
50850,0.0,0.0,0.0
50860,0.0,0.0,0.0
50870,0.0,0.0,0.0
50880,0.0,0.0,0.0
50890,0.0,0.0,0.0
50900,0.0,0.0,0.0
50910,0.0,0.0,0.0
50920,0.0,0.0,0.0
50930,0.0,0.0,0.0
50940,0.0,0.0,0.0
50950,0.0,0.0,0.0
50960,0.0,0.0,0.0
50970,0.0,0.0,0.0
50980,0.0,0.0,0.0
50990,0.0,0.0,0.0
51000,0.0,0.0,0.0
51010,0.0,0.0,0.04735
51020,0.0,0.0,0.0
51030,0.0,0.0,0.0
51040,0.0,0.0,0.0
51050,0.0,0.0,0.0
51060,0.0,0.0,0.06432
51070,0.0,0.0,0.07201
51080,0.0,0.0,0.0
51090,0.0,0.0,0.04211
51100,0.0,0.0,0.0
51110,0.0,0.0,0.03391
51120,0.0,0.0,0.12839
51130,0.0,0.0,0.0
51140,0.0,0.0,0.03094
51150,0.0,0.0,0.07619
51160,0.0,0.0,0.0
51170,0.0,0.0,0.0
51180,0.0,0.0,0.13143
51190,0.0,0.0,0.0
51200,0.0,0.0,0.0
51210,0.0,0.0,0.0
51220,0.0,0.0,0.0
51230,0.0,0.0,0.0
51240,0.0,0.0,0.0
51250,0.0,0.0,0.0
51260,0.0,0.0,0.0
51270,0.0,0.0,0.24586999999999998
51280,0.0,0.0,0.13083
51290,0.0,0.0,0.07066
51300,0.0,0.0,0.14242
51310,0.0,0.0,0.0
51320,0.0,0.0,0.0
51330,0.0,0.0,0.08314
51340,0.0,0.0,0.0709
51350,0.0,0.0,0.04981
51360,0.0,0.0,0.02744
51370,0.0,0.0,0.0
51380,0.0,0.0,0.0
51390,0.0,0.0,0.0
51400,0.0,0.0,0.0
51410,0.0,0.0,0.0
51420,0.0,0.0,0.03252
51430,0.0,0.0,0.0
51440,0.0,0.0,0.0
51450,0.0,0.0,0.0
51460,0.0,0.0,0.16006
51470,0.0,0.0,0.0
51480,0.0,0.0,0.0
51490,0.0,0.0,0.37229
51500,0.0,0.0,0.0
51510,0.0,0.0,0.0
51520,0.0,0.0,0.0
51530,0.0,0.0,0.0
51540,0.0,0.0,0.0
51550,0.0,0.0,0.0
51560,0.0,0.0,0.0
51570,0.0,0.0,0.0
51580,0.0,0.0,0.0
51590,0.0,0.0,0.0
51600,0.0,0.0,0.06906
51610,0.0,0.0,0.0
51620,0.0,0.0,0.06169
51630,0.0,0.0,0.0
51640,0.0,0.0,0.03886
51650,0.0,0.0,0.33215
51660,0.0,0.0,0.20467
51670,0.0,0.0,0.15765
51680,0.0,0.0,0.0
51690,0.0,0.0,0.0
51700,0.0,0.0,0.09449
51710,0.0,0.0,0.11875
51720,0.0,0.0,0.22342
51730,0.0,0.0,0.07578
51740,0.0,0.0,0.06907
51750,0.0,0.0,0.0
51760,0.0,0.0,0.0
51770,0.0,0.0,0.0
51780,0.0,0.0,0.0
51790,0.0,0.0,0.27232
51800,0.0,0.0,0.22564
51810,0.0,0.0,0.0
51820,0.0,0.0,0.0
51830,0.0,0.0,0.0
51840,0.0,0.0,0.0
51850,0.0,0.0,0.0
51860,0.0,0.0,0.0
51870,0.0,0.0,0.0
51880,0.0,0.0,0.0
51890,0.0,0.0,0.0
51900,0.0,0.0,0.0
51910,0.0,0.0,0.0
51920,0.0,0.0,0.0
51930,0.0,0.0,0.0
51940,0.0,0.0,0.10539
51950,0.0,0.0,0.0
51960,0.0,0.0,0.0
51970,0.0,0.0,0.0
51980,0.0,0.0,0.0
51990,0.0,0.0,0.0
52000,0.0,0.0,0.0
52010,0.0,0.0,0.1096
52020,0.0,0.0,0.0
52030,0.0,0.0,0.0
52040,0.0,0.0,0.04368
52050,0.0,0.0,0.0
52060,0.0,0.0,0.0
52070,0.0,0.0,0.0
52080,0.0,0.0,0.0
52090,0.0,0.0,0.0
52100,0.0,0.0,0.0
52110,0.0,0.0,0.0
52120,0.0,0.0,0.0
52130,0.0,0.0,0.0
52140,0.0,0.0,0.0
52150,0.0,0.0,0.0
52160,0.0,0.0,0.0
52170,0.0,0.0,0.0
52180,0.0,0.0,0.0
52190,0.0,0.0,0.0
52200,0.0,0.0,0.0
52210,0.0,0.0,0.12116
52220,0.0,0.0,0.0
52230,0.0,0.0,0.06444
52240,0.0,0.0,0.0
52250,0.0,0.0,0.0
52260,0.0,0.0,0.0
52270,0.0,0.0,0.12415
52280,0.0,0.0,0.0
52290,0.0,0.0,0.22687
52300,0.0,0.0,0.0
52310,0.0,0.0,0.0
52320,0.0,0.0,0.20138
52330,0.0,0.0,0.12892
52340,0.0,0.0,0.17588
52350,0.0,0.0,0.0
52360,0.0,0.0,0.0
52370,0.0,0.0,0.0
52380,0.0,0.0,0.0
52390,0.0,0.0,0.15157
52400,0.0,0.0,0.0
52410,0.0,0.0,0.09394
52420,0.0,0.0,0.0
52430,0.0,0.0,0.22482000000000002
52440,0.0,0.0,0.0
52450,0.0,0.0,0.0
52460,0.0,0.0,0.0
52470,0.0,0.0,0.30977
52480,0.0,0.0,0.0
52490,0.0,0.0,0.26011
52500,0.0,0.0,0.0
52510,0.0,0.0,0.06449
52520,0.0,0.0,0.0
52530,0.0,0.0,0.42523
52540,0.0,0.0,0.0
52550,0.0,0.0,0.0
52560,0.0,0.0,0.0
52570,0.0,0.0,0.0
52580,0.0,0.0,0.06215
52590,0.0,0.0,0.0
52600,0.0,0.0,0.07897
52610,0.0,0.0,0.05237
52620,0.0,0.0,0.0
52630,0.0,0.0,0.0
52640,0.0,0.0,0.0
52650,0.0,0.0,0.0
52660,0.0,0.0,0.0
52670,0.0,0.0,0.0
52680,0.0,0.0,0.12785000000000002
52690,0.0,0.0,0.06099
52700,0.0,0.0,0.0
52710,0.0,0.0,0.0
52720,0.0,0.0,0.0
52730,0.0,0.0,0.0
52740,0.0,0.0,0.11812
52750,0.0,0.0,0.13741
52760,0.0,0.0,0.0
52770,0.0,0.0,0.0
52780,0.0,0.0,0.0
52790,0.0,0.0,0.0
52800,0.0,0.0,0.0
52810,0.0,0.0,0.0
52820,0.0,0.0,0.0
52830,0.0,0.0,0.0
52840,0.0,0.0,0.0
52850,0.0,0.0,0.0482
52860,0.0,0.0,0.0
52870,0.0,0.0,0.0
52880,0.0,0.0,0.0
52890,0.0,0.0,0.0
52900,0.0,0.0,0.0494
52910,0.0,0.0,0.0
52920,0.0,0.0,0.0
52930,0.0,0.0,0.0
52940,0.0,0.0,0.0
52950,0.0,0.0,0.0
52960,0.0,0.0,0.0
52970,0.0,0.0,0.0
52980,0.0,0.0,0.0
52990,0.0,0.0,0.0
53000,0.0,0.0,0.0
53010,0.0,0.0,0.0
53020,0.0,0.0,0.0
53030,0.0,0.0,0.0
53040,0.0,0.0,0.0
53050,0.0,0.0,0.0
53060,0.0,0.0,0.0
53070,0.0,0.0,0.0
53080,0.0,0.0,0.0
53090,0.0,0.0,0.05972
53100,0.0,0.0,0.253
53110,0.0,0.0,0.0
53120,0.0,0.0,0.1683
53130,0.0,0.0,0.09865
53140,0.0,0.0,0.0
53150,0.0,0.0,0.0
53160,0.0,0.0,0.07188
53170,0.0,0.0,0.0
53180,0.0,0.0,0.0
53190,0.0,0.0,0.0
53200,0.0,0.0,0.43412
53210,0.0,0.0,0.0
53220,0.0,0.0,0.0
53230,0.0,0.0,0.05485
53240,0.0,0.0,0.0
53250,0.0,0.0,0.09634
53260,0.0,0.0,0.28724
53270,0.0,0.0,0.0
53280,0.0,0.0,0.05057
53290,0.0,0.0,0.0
53300,0.0,0.0,0.0
53310,0.0,0.0,0.0
53320,0.0,0.0,0.70354
53330,0.0,0.0,0.16308
53340,0.0,0.0,0.05564
53350,0.0,0.0,0.0
53360,0.0,0.0,0.0
53370,0.0,0.0,0.0
53380,0.0,0.0,0.0
53390,0.0,0.0,0.09261
53400,0.0,0.0,0.0
53410,0.0,0.0,0.0
53420,0.0,0.0,0.0
53430,0.0,0.0,0.0
53440,0.0,0.0,0.0
53450,0.0,0.0,0.0
53460,0.0,0.0,0.0
53470,0.0,0.0,0.0
53480,0.0,0.0,0.06577
53490,0.0,0.0,0.0
53500,0.0,0.0,0.0
53510,0.0,0.0,0.07627
53520,0.0,0.0,0.0
53530,0.0,0.0,0.06038
53540,0.0,0.0,0.0
53550,0.0,0.0,0.0
53560,0.0,0.0,0.0
53570,0.0,0.0,0.141
53580,0.0,0.0,0.0
53590,0.0,0.0,0.0
53600,0.0,0.0,0.0
53610,0.0,0.0,0.07222
53620,0.0,0.0,0.0
53630,0.0,0.0,0.0
53640,0.0,0.0,0.0
53650,0.0,0.0,0.0
53660,0.0,0.0,0.0
53670,0.0,0.0,0.0
53680,0.0,0.0,0.0
53690,0.0,0.0,0.0
53700,0.0,0.0,0.0
53710,0.0,0.0,0.0
53720,0.0,0.0,0.0
53730,0.0,0.0,0.0
53740,0.0,0.0,0.0
53750,0.0,0.0,0.0
53760,0.0,0.0,0.0
53770,0.0,0.0,0.0
53780,0.0,0.0,0.0
53790,0.0,0.0,0.0
53800,0.0,0.0,0.0
53810,0.0,0.0,0.0
53820,0.0,0.0,0.0
53830,0.0,0.0,0.0
53840,0.0,0.0,0.0
53850,0.0,0.0,0.0
53860,0.0,0.0,0.0
53870,0.0,0.0,0.0
53880,0.0,0.0,0.0
53890,0.0,0.0,0.0
53900,0.0,0.0,0.0
53910,0.0,0.0,0.0
53920,0.0,0.0,0.0
53930,0.0,0.0,0.15548
53940,0.0,0.0,0.0
53950,0.0,0.0,0.0
53960,0.0,0.0,0.0
53970,0.0,0.0,0.0
53980,0.0,0.0,0.07487
53990,0.0,0.0,0.0
54000,0.0,0.0,0.28962
54010,0.0,0.0,0.0
54020,0.0,0.0,0.07479
54030,0.0,0.0,0.0
54040,0.0,0.0,0.0
54050,0.0,0.0,0.0
54060,0.0,0.0,0.0
54070,0.0,0.0,0.0
54080,0.0,0.0,0.07046
54090,0.0,0.0,0.10101
54100,0.0,0.0,0.0
54110,0.0,0.0,0.0
54120,0.0,0.0,0.0
54130,0.0,0.0,0.12725
54140,0.0,0.0,0.0
54150,0.0,0.0,0.06537
54160,0.0,0.0,0.0
54170,0.0,0.0,0.0
54180,0.0,0.0,0.06357
54190,0.0,0.0,0.0
54200,0.0,0.0,0.09443
54210,0.0,0.0,0.05412
54220,0.0,0.0,0.0
54230,0.0,0.0,0.04785
54240,0.0,0.0,0.08761
54250,0.0,0.0,0.14393
54260,0.0,0.0,0.0
54270,0.0,0.0,0.0
54280,0.0,0.0,0.0
54290,0.0,0.0,0.08177000000000001
54300,0.0,0.0,0.0286
54310,0.0,0.0,0.19689
54320,0.0,0.0,0.0
54330,0.0,0.0,0.15737
54340,0.0,0.0,0.19104
54350,0.0,0.0,0.13388
54360,0.0,0.0,0.0
54370,0.0,0.0,0.04184
54380,0.0,0.0,0.0
54390,0.0,0.0,0.0
54400,0.0,0.0,0.0
54410,0.0,0.0,0.08778
54420,0.0,0.0,0.38500999999999996
54430,0.0,0.0,0.0
54440,0.0,0.0,0.0
54450,0.0,0.0,0.10587
54460,0.0,0.0,0.0
54470,0.0,0.0,0.06497
54480,0.0,0.0,0.07499
54490,0.0,0.0,0.17911
54500,0.0,0.0,0.0
54510,0.0,0.0,0.05475
54520,0.0,0.0,0.0
54530,0.0,0.0,0.0
54540,0.0,0.0,0.15646
54550,0.0,0.0,0.0
54560,0.0,0.0,0.38305999999999996
54570,0.0,0.0,0.0
54580,0.0,0.0,0.0
54590,0.0,0.0,0.0
54600,0.0,0.0,0.0997
54610,0.0,0.0,0.08845
54620,0.0,0.0,0.08246
54630,0.0,0.0,0.05501
54640,0.0,0.0,0.0
54650,0.0,0.0,0.0
54660,0.0,0.0,0.0
54670,0.0,0.0,0.0
54680,0.0,0.0,0.0
54690,0.0,0.0,0.0
54700,0.0,0.0,0.0
54710,0.0,0.0,0.0
54720,0.0,0.0,0.0
54730,0.0,0.0,0.0
54740,0.0,0.0,0.0
54750,0.0,0.0,0.13357
54760,0.0,0.0,0.0
54770,0.0,0.0,0.0
54780,0.0,0.0,0.04615
54790,0.0,0.0,0.0
54800,0.0,0.0,0.0
54810,0.0,0.0,0.09099
54820,0.0,0.0,0.04808
54830,0.0,0.0,0.0
54840,0.0,0.0,0.0
54850,0.0,0.0,0.0
54860,0.0,0.0,0.0
54870,0.0,0.0,0.04769
54880,0.0,0.0,0.0
54890,0.0,0.0,0.0
54900,0.0,0.0,0.08974
54910,0.0,0.0,0.0
54920,0.0,0.0,0.11227
54930,0.0,0.0,0.0
54940,0.0,0.0,0.0
54950,0.0,0.0,0.0
54960,0.0,0.0,0.0
54970,0.0,0.0,0.0
54980,0.0,0.0,0.0
54990,0.0,0.0,0.0
55000,0.0,0.0,0.04536
55010,0.0,0.0,0.0
55020,0.0,0.0,0.0
55030,0.0,0.0,0.0
55040,0.0,0.0,0.17056
55050,0.0,0.0,0.0
55060,0.0,0.0,0.0
55070,0.0,0.0,0.0
55080,0.0,0.0,0.0
55090,0.0,0.0,0.04976
55100,0.0,0.0,0.0
55110,0.0,0.0,0.08063
55120,0.0,0.0,0.0
55130,0.0,0.0,0.0
55140,0.0,0.0,0.0
55150,0.0,0.0,0.12975
55160,0.0,0.0,0.0
55170,0.0,0.0,0.0
55180,0.0,0.0,0.0
55190,0.0,0.0,0.0
55200,0.0,0.0,0.11631
55210,0.0,0.0,0.0
55220,0.0,0.0,0.0
55230,0.0,0.0,0.0
55240,0.0,0.0,0.0
55250,0.0,0.0,0.0
55260,0.0,0.0,0.07958
55270,0.0,0.0,0.0
55280,0.0,0.0,0.12778
55290,0.0,0.0,0.0
55300,0.0,0.0,0.0
55310,0.0,0.0,0.0
55320,0.0,0.0,0.0
55330,0.0,0.0,0.0
55340,0.0,0.0,0.0
55350,0.0,0.0,0.0
55360,0.0,0.0,0.0
55370,0.0,0.0,0.0
55380,0.0,0.0,0.0
55390,0.0,0.0,0.0
55400,0.0,0.0,0.07083
55410,0.0,0.0,0.0
55420,0.0,0.0,0.10421
55430,0.0,0.0,0.0
55440,0.0,0.0,0.0
55450,0.0,0.0,0.0
55460,0.0,0.0,0.0
55470,0.0,0.0,0.0
55480,0.0,0.0,0.0
55490,0.0,0.0,0.0
55500,0.0,0.0,0.0
55510,0.0,0.0,0.0
55520,0.0,0.0,0.14793
55530,0.0,0.0,0.0
55540,0.0,0.0,0.0
55550,0.0,0.0,0.0
55560,0.0,0.0,0.0
55570,0.0,0.0,0.0
55580,0.0,0.0,0.0
55590,0.0,0.0,0.0
55600,0.0,0.0,0.0
55610,0.0,0.0,0.0
55620,0.0,0.0,0.0
55630,0.0,0.0,0.0
55640,0.0,0.0,0.0
55650,0.0,0.0,0.0
55660,0.0,0.0,0.15206
55670,0.0,0.0,0.0
55680,0.0,0.0,0.0
55690,0.0,0.0,0.0
55700,0.0,0.0,0.0
55710,0.0,0.0,0.0
55720,0.0,0.0,0.0
55730,0.0,0.0,0.05259
55740,0.0,0.0,0.0
55750,0.0,0.0,0.0
55760,0.0,0.0,0.0
55770,0.0,0.0,0.0
55780,0.0,0.0,0.0
55790,0.0,0.0,0.0
55800,0.0,0.0,0.0
55810,0.0,0.0,0.0
55820,0.0,0.0,0.0
55830,0.0,0.0,0.0
55840,0.0,0.0,0.02891
55850,0.0,0.0,0.0
55860,0.0,0.0,0.05563
55870,0.0,0.0,0.0
55880,0.0,0.0,0.0
55890,0.0,0.0,0.0
55900,0.0,0.0,0.0
55910,0.0,0.0,0.0
55920,0.0,0.0,0.0
55930,0.0,0.0,0.0
55940,0.0,0.0,0.0
55950,0.0,0.0,0.0
55960,0.0,0.0,0.0
55970,0.0,0.0,0.0
55980,0.0,0.0,0.0
55990,0.0,0.0,0.06686
56000,0.0,0.0,0.0
56010,0.0,0.0,0.0
56020,0.0,0.0,0.0
56030,0.0,0.0,0.0
56040,0.0,0.0,0.04938
56050,0.0,0.0,0.0
56060,0.0,0.0,0.0
56070,0.0,0.0,0.05129
56080,0.0,0.0,0.0
56090,0.0,0.0,0.11828
56100,0.0,0.0,0.0
56110,0.0,0.0,0.0
56120,0.0,0.0,0.0
56130,0.0,0.0,0.0
56140,0.0,0.0,0.0
56150,0.0,0.0,0.0
56160,0.0,0.0,0.0
56170,0.0,0.0,0.0
56180,0.0,0.0,0.0
56190,0.0,0.0,0.0
56200,0.0,0.0,0.0
56210,0.0,0.0,0.0
56220,0.0,0.0,0.0
56230,0.0,0.0,0.0
56240,0.0,0.0,0.0
56250,0.0,0.0,0.0
56260,0.0,0.0,0.0
56270,0.0,0.0,0.0
56280,0.0,0.0,0.0
56290,0.0,0.0,0.0
56300,0.0,0.0,0.0
56310,0.0,0.0,0.0
56320,0.0,0.0,0.11566
56330,0.0,0.0,0.0
56340,0.0,0.0,0.0
56350,0.0,0.0,0.0
56360,0.0,0.0,0.06482
56370,0.0,0.0,0.05211
56380,0.0,0.0,0.0
56390,0.0,0.0,0.0
56400,0.0,0.0,0.27311
56410,0.0,0.0,0.0
56420,0.0,0.0,0.0
56430,0.0,0.0,0.0
56440,0.0,0.0,0.05772
56450,0.0,0.0,0.10705
56460,0.0,0.0,0.0
56470,0.0,0.0,0.1104
56480,0.0,0.0,0.06809
56490,0.0,0.0,0.04914
56500,0.0,0.0,0.0
56510,0.0,0.0,0.0
56520,0.0,0.0,0.17115999999999998
56530,0.0,0.0,0.0
56540,0.0,0.0,0.0
56550,0.0,0.0,0.0
56560,0.0,0.0,0.05277
56570,0.0,0.0,0.0
56580,0.0,0.0,0.0
56590,0.0,0.0,0.09515
56600,0.0,0.0,0.0
56610,0.0,0.0,0.11842
56620,0.0,0.0,0.09325
56630,0.0,0.0,0.0
56640,0.0,0.0,0.0
56650,0.0,0.0,0.0
56660,0.0,0.0,0.0
56670,0.0,0.0,0.0
56680,0.0,0.0,0.0
56690,0.0,0.0,0.16771
56700,0.0,0.0,0.0
56710,0.0,0.0,0.23679999999999998
56720,0.0,0.0,0.0
56730,0.0,0.0,0.0
56740,0.0,0.0,0.11832
56750,0.0,0.0,0.0
56760,0.0,0.0,0.21461999999999998
56770,0.0,0.0,0.0
56780,0.0,0.0,0.06247
56790,0.0,0.0,0.0
56800,0.0,0.0,0.09167
56810,0.0,0.0,0.0
56820,0.0,0.0,0.0
56830,0.0,0.0,0.1173
56840,0.0,0.0,0.0
56850,0.0,0.0,0.0
56860,0.0,0.0,0.0
56870,0.0,0.0,0.0
56880,0.0,0.0,0.07243
56890,0.0,0.0,0.11442
56900,0.0,0.0,0.0
56910,0.0,0.0,0.0
56920,0.0,0.0,0.0
56930,0.0,0.0,0.0
56940,0.0,0.0,0.06425
56950,0.0,0.0,0.0
56960,0.0,0.0,0.0
56970,0.0,0.0,0.1582
56980,0.0,0.0,0.15473
56990,0.0,0.0,0.0
57000,0.0,0.0,0.0
57010,0.0,0.0,0.0
57020,0.0,0.0,0.0
57030,0.0,0.0,0.0
57040,0.0,0.0,0.0
57050,0.0,0.0,0.0
57060,0.0,0.0,0.0
57070,0.0,0.0,0.0
57080,0.0,0.0,0.0
57090,0.0,0.0,0.0
57100,0.0,0.0,0.0
57110,0.0,0.0,0.0
57120,0.0,0.0,0.0
57130,0.0,0.0,0.05542
57140,0.0,0.0,0.0
57150,0.0,0.0,0.0
57160,0.0,0.0,0.0
57170,0.0,0.0,0.0
57180,0.0,0.0,0.0
57190,0.0,0.0,0.0
57200,0.0,0.0,0.0
57210,0.0,0.0,0.0
57220,0.0,0.0,0.0
57230,0.0,0.0,0.0
57240,0.0,0.0,0.0
57250,0.0,0.0,0.0
57260,0.0,0.0,0.0
57270,0.0,0.0,0.0
57280,0.0,0.0,0.0
57290,0.0,0.0,0.0
57300,0.0,0.0,0.0468
57310,0.0,0.0,0.0531
57320,0.0,0.0,0.0
57330,0.0,0.0,0.10408999999999999
57340,0.0,0.0,0.0
57350,0.0,0.0,0.0
57360,0.0,0.0,0.0
57370,0.0,0.0,0.0
57380,0.0,0.0,0.0
57390,0.0,0.0,0.0
57400,0.0,0.0,0.0
57410,0.0,0.0,0.0
57420,0.0,0.0,0.059
57430,0.0,0.0,0.08501
57440,0.0,0.0,0.0
57450,0.0,0.0,0.0
57460,0.0,0.0,0.0
57470,0.0,0.0,0.0
57480,0.0,0.0,0.05454
57490,0.0,0.0,0.0
57500,0.0,0.0,0.0
57510,0.0,0.0,0.0
57520,0.0,0.0,0.05803
57530,0.0,0.0,0.07598
57540,0.0,0.0,0.0
57550,0.0,0.0,0.0
57560,0.0,0.0,0.05807
57570,0.0,0.0,0.04095
57580,0.0,0.0,0.20162000000000002
57590,0.0,0.0,0.0
57600,0.0,0.0,0.04376
57610,0.0,0.0,0.0
57620,0.0,0.0,0.05232
57630,0.0,0.0,0.0
57640,0.0,0.0,0.10812
57650,0.0,0.0,0.0
57660,0.0,0.0,0.0
57670,0.0,0.0,0.0
57680,0.0,0.0,0.0
57690,0.0,0.0,0.16137
57700,0.0,0.0,0.0
57710,0.0,0.0,0.0
57720,0.0,0.0,0.0
57730,0.0,0.0,0.0
57740,0.0,0.0,0.0
57750,0.0,0.0,0.0
57760,0.0,0.0,0.0
57770,0.0,0.0,0.0
57780,0.0,0.0,0.2059
57790,0.0,0.0,0.0
57800,0.0,0.0,0.0
57810,0.0,0.0,0.04389
57820,0.0,0.0,0.0
57830,0.0,0.0,0.0
57840,0.0,0.0,0.0
57850,0.0,0.0,0.0
57860,0.0,0.0,0.0
57870,0.0,0.0,0.0
57880,0.0,0.0,0.0
57890,0.0,0.0,0.0
57900,0.0,0.0,0.26865
57910,0.0,0.0,0.0
57920,0.0,0.0,0.0
57930,0.0,0.0,0.07581
57940,0.0,0.0,0.0
57950,0.0,0.0,0.08474
57960,0.0,0.0,0.11628
57970,0.0,0.0,0.0
57980,0.0,0.0,0.0
57990,0.0,0.0,0.08028
58000,0.0,0.0,0.0
58010,0.0,0.0,0.28313
58020,0.0,0.0,0.15049
58030,0.0,0.0,0.0
58040,0.0,0.0,0.0
58050,0.0,0.0,0.16394
58060,0.0,0.0,0.0
58070,0.0,0.0,0.17631000000000002
58080,0.0,0.0,0.0459
58090,0.0,0.0,0.0
58100,0.0,0.0,0.0
58110,0.0,0.0,0.07297
58120,0.0,0.0,0.0
58130,0.0,0.0,0.08594
58140,0.0,0.0,0.12789
58150,0.0,0.0,0.0
58160,0.0,0.0,0.0
58170,0.0,0.0,0.0
58180,0.0,0.0,0.0
58190,0.0,0.0,0.0
58200,0.0,0.0,0.0
58210,0.0,0.0,0.0
58220,0.0,0.0,0.0
58230,0.0,0.0,0.06169
58240,0.0,0.0,0.06437
58250,0.0,0.0,0.0
58260,0.0,0.0,0.0
58270,0.0,0.0,0.0
58280,0.0,0.0,0.0
58290,0.0,0.0,0.17595
58300,0.0,0.0,0.09356
58310,0.0,0.0,0.0
58320,0.0,0.0,0.12749
58330,0.0,0.0,0.0
58340,0.0,0.0,0.0
58350,0.0,0.0,0.07279
58360,0.0,0.0,0.0
58370,0.0,0.0,0.08925
58380,0.0,0.0,0.0
58390,0.0,0.0,0.0
58400,0.0,0.0,0.0
58410,0.0,0.0,0.0
58420,0.0,0.0,0.0
58430,0.0,0.0,0.0
58440,0.0,0.0,0.0
58450,0.0,0.0,0.0
58460,0.0,0.0,0.0
58470,0.0,0.0,0.0
58480,0.0,0.0,0.0
58490,0.0,0.0,0.0
58500,0.0,0.0,0.0
58510,0.0,0.0,0.0
58520,0.0,0.0,0.0
58530,0.0,0.0,0.0
58540,0.0,0.0,0.0
58550,0.0,0.0,0.0
58560,0.0,0.0,0.0
58570,0.0,0.0,0.0
58580,0.0,0.0,0.0
58590,0.0,0.0,0.0
58600,0.0,0.0,0.05709
58610,0.0,0.0,0.0
58620,0.0,0.0,0.0
58630,0.0,0.0,0.0
58640,0.0,0.0,0.0
58650,0.0,0.0,0.07762
58660,0.0,0.0,0.0
58670,0.0,0.0,0.0
58680,0.0,0.0,0.0
58690,0.0,0.0,0.0
58700,0.0,0.0,0.0
58710,0.0,0.0,0.0
58720,0.0,0.0,0.0
58730,0.0,0.0,0.0
58740,0.0,0.0,0.0
58750,0.0,0.0,0.0
58760,0.0,0.0,0.0
58770,0.0,0.0,0.0
58780,0.0,0.0,0.0
58790,0.0,0.0,0.11042
58800,0.0,0.0,0.0
58810,0.0,0.0,0.0
58820,0.0,0.0,0.0
58830,0.0,0.0,0.0
58840,0.0,0.0,0.0
58850,0.0,0.0,0.0
58860,0.0,0.0,0.0
58870,0.0,0.0,0.0
58880,0.0,0.0,0.0
58890,0.0,0.0,0.0
58900,0.0,0.0,0.0
58910,0.0,0.0,0.0
58920,0.0,0.0,0.06446
58930,0.0,0.0,0.05713
58940,0.0,0.0,0.0
58950,0.0,0.0,0.0
58960,0.0,0.0,0.0
58970,0.0,0.0,0.0
58980,0.0,0.0,0.03768
58990,0.0,0.0,0.0
59000,0.0,0.0,0.0
59010,0.0,0.0,0.0
59020,0.0,0.0,0.0
59030,0.0,0.0,0.0
59040,0.0,0.0,0.0
59050,0.0,0.0,0.0
59060,0.0,0.0,0.0
59070,0.0,0.0,0.0
59080,0.0,0.0,0.0
59090,0.0,0.0,0.0
59100,0.0,0.0,0.0
59110,0.0,0.0,0.0
59120,0.0,0.0,0.0
59130,0.0,0.0,0.0
59140,0.0,0.0,0.02911
59150,0.0,0.0,0.0
59160,0.0,0.0,0.0
59170,0.0,0.0,0.0
59180,0.0,0.0,0.0
59190,0.0,0.0,0.0
59200,0.0,0.0,0.0
59210,0.0,0.0,0.0
59220,0.0,0.0,0.30100000000000005
59230,0.0,0.0,0.18580000000000002
59240,0.0,0.0,0.0
59250,0.0,0.0,0.06895
59260,0.0,0.0,0.0
59270,0.0,0.0,0.0
59280,0.0,0.0,0.0
59290,0.0,0.0,0.0
59300,0.0,0.0,0.0
59310,0.0,0.0,0.11032
59320,0.0,0.0,0.11483
59330,0.0,0.0,0.0
59340,0.0,0.0,0.0
59350,0.0,0.0,0.07513
59360,0.0,0.0,0.0
59370,0.0,0.0,0.0
59380,0.0,0.0,0.24558
59390,0.0,0.0,0.0
59400,0.0,0.0,0.0
59410,0.0,0.0,0.0
59420,0.0,0.0,0.0
59430,0.0,0.0,0.0
59440,0.0,0.0,0.0
59450,0.0,0.0,0.0
59460,0.0,0.0,0.0
59470,0.0,0.0,0.0
59480,0.0,0.0,0.0
59490,0.0,0.0,0.0
59500,0.0,0.0,0.0
59510,0.0,0.0,0.0
59520,0.0,0.0,0.0
59530,0.0,0.0,0.05551
59540,0.0,0.0,0.0
59550,0.0,0.0,0.0
59560,0.0,0.0,0.0
59570,0.0,0.0,0.0
59580,0.0,0.0,0.0
59590,0.0,0.0,0.0
59600,0.0,0.0,0.0
59610,0.0,0.0,0.0
59620,0.0,0.0,0.0
59630,0.0,0.0,0.0
59640,0.0,0.0,0.0
59650,0.0,0.0,0.0
59660,0.0,0.0,0.0
59670,0.0,0.0,0.0
59680,0.0,0.0,0.0
59690,0.0,0.0,0.0
59700,0.0,0.0,0.0
59710,0.0,0.0,0.0
59720,0.0,0.0,0.0
59730,0.0,0.0,0.0
59740,0.0,0.0,0.05584
59750,0.0,0.0,0.0
59760,0.0,0.0,0.0
59770,0.0,0.0,0.0
59780,0.0,0.0,0.0
59790,0.0,0.0,0.0
59800,0.0,0.0,0.0
59810,0.0,0.0,0.0
59820,0.0,0.0,0.0
59830,0.0,0.0,0.10755
59840,0.0,0.0,0.0
59850,0.0,0.0,0.0
59860,0.0,0.0,0.0
59870,0.0,0.0,0.0
59880,0.0,0.0,0.0
59890,0.0,0.0,0.0
59900,0.0,0.0,0.0
59910,0.0,0.0,0.0
59920,0.0,0.0,0.0
59930,0.0,0.0,0.0
59940,0.0,0.0,0.0
59950,0.0,0.0,0.0
59960,0.0,0.0,0.0
59970,0.0,0.0,0.06143
59980,0.0,0.0,0.0
59990,0.0,0.0,0.0
60000,0.0,0.0,0.0
60010,0.0,0.0,0.0
60020,0.0,0.0,0.0
60030,0.0,0.0,0.0
60040,0.0,0.0,0.0
60050,0.0,0.0,0.0
60060,0.0,0.0,0.0
60070,0.0,0.0,0.0
60080,0.0,0.0,0.0
60090,0.0,0.0,0.0
60100,0.0,0.0,0.0
60110,0.0,0.0,0.0
60120,0.0,0.0,0.0
60130,0.0,0.0,0.0
60140,0.0,0.0,0.0
60150,0.0,0.0,0.0
60160,0.0,0.0,0.0
60170,0.0,0.0,0.0
60180,0.0,0.0,0.0
60190,0.0,0.0,0.0
60200,0.0,0.0,0.0
60210,0.0,0.0,0.0
60220,0.0,0.0,0.0
60230,0.0,0.0,0.0
60240,0.0,0.0,0.0
60250,0.0,0.0,0.0
60260,0.0,0.0,0.0
60270,0.0,0.0,0.0
60280,0.0,0.0,0.0
60290,0.0,0.0,0.0
60300,0.0,0.0,0.05634
60310,0.0,0.0,0.04875
60320,0.0,0.0,0.0
60330,0.0,0.0,0.0
60340,0.0,0.0,0.0
60350,0.0,0.0,0.0
60360,0.0,0.0,0.05379
60370,0.0,0.0,0.0
60380,0.0,0.0,0.0
60390,0.0,0.0,0.0
60400,0.0,0.0,0.0
60410,0.0,0.0,0.0
60420,0.0,0.0,0.0
60430,0.0,0.0,0.0
60440,0.0,0.0,0.0
60450,0.0,0.0,0.0
60460,0.0,0.0,0.0
60470,0.0,0.0,0.0
60480,0.0,0.0,0.10502
60490,0.0,0.0,0.05312
60500,0.0,0.0,0.0
60510,0.0,0.0,0.0
60520,0.0,0.0,0.04637
60530,0.0,0.0,0.0
60540,0.0,0.0,0.0
60550,0.0,0.0,0.11585
60560,0.0,0.0,0.05618
60570,0.0,0.0,0.0
60580,0.0,0.0,0.10314
60590,0.0,0.0,0.0
60600,0.0,0.0,0.0
60610,0.0,0.0,0.0
60620,0.0,0.0,0.0
60630,0.0,0.0,0.0
60640,0.0,0.0,0.0
60650,0.0,0.0,0.0
60660,0.0,0.0,0.0
60670,0.0,0.0,0.0
60680,0.0,0.0,0.0
60690,0.0,0.0,0.0
60700,0.0,0.0,0.0
60710,0.0,0.0,0.0
60720,0.0,0.0,0.16562
60730,0.0,0.0,0.0
60740,0.0,0.0,0.0
60750,0.0,0.0,0.0
60760,0.0,0.0,0.0
60770,0.0,0.0,0.07849
60780,0.0,0.0,0.0
60790,0.0,0.0,0.0
60800,0.0,0.0,0.0
60810,0.0,0.0,0.0
60820,0.0,0.0,0.0
60830,0.0,0.0,0.06005
60840,0.0,0.0,0.0
60850,0.0,0.0,0.0
60860,0.0,0.0,0.0
60870,0.0,0.0,0.0
60880,0.0,0.0,0.0
60890,0.0,0.0,0.0
60900,0.0,0.0,0.0718
60910,0.0,0.0,0.0
60920,0.0,0.0,0.08639
60930,0.0,0.0,0.0
60940,0.0,0.0,0.0
60950,0.0,0.0,0.0
60960,0.0,0.0,0.04624
60970,0.0,0.0,0.0
60980,0.0,0.0,0.0
60990,0.0,0.0,0.0
61000,0.0,0.0,0.0
61010,0.0,0.0,0.0
61020,0.0,0.0,0.1014
61030,0.0,0.0,0.0
61040,0.0,0.0,0.10418
61050,0.0,0.0,0.0
61060,0.0,0.0,0.11074
61070,0.0,0.0,0.0
61080,0.0,0.0,0.10833
61090,0.0,0.0,0.0
61100,0.0,0.0,0.0
61110,0.0,0.0,0.0
61120,0.0,0.0,0.0
61130,0.0,0.0,0.0
61140,0.0,0.0,0.09812
61150,0.0,0.0,0.0
61160,0.0,0.0,0.0
61170,0.0,0.0,0.0572
61180,0.0,0.0,0.0
61190,0.0,0.0,0.09521
61200,0.0,0.0,0.0
61210,0.0,0.0,0.0
61220,0.0,0.0,0.0
61230,0.0,0.0,0.0
61240,0.0,0.0,0.0
61250,0.0,0.0,0.0
61260,0.0,0.0,0.03597
61270,0.0,0.0,0.0
61280,0.0,0.0,0.16693
61290,0.0,0.0,0.18445
61300,0.0,0.0,0.0
61310,0.0,0.0,0.0
61320,0.0,0.0,0.0
61330,0.0,0.0,0.0
61340,0.0,0.0,0.0
61350,0.0,0.0,0.0
61360,0.0,0.0,0.0
61370,0.0,0.0,0.0
61380,0.0,0.0,0.05492
61390,0.0,0.0,0.06937
61400,0.0,0.0,0.07259
61410,0.0,0.0,0.05852
61420,0.0,0.0,0.0
61430,0.0,0.0,0.0
61440,0.0,0.0,0.14636
61450,0.0,0.0,0.0
61460,0.0,0.0,0.0
61470,0.0,0.0,0.0
61480,0.0,0.0,0.03521
61490,0.0,0.0,0.0
61500,0.0,0.0,0.0
61510,0.0,0.0,0.0
61520,0.0,0.0,0.0
61530,0.0,0.0,0.0
61540,0.0,0.0,0.0
61550,0.0,0.0,0.0
61560,0.0,0.0,0.08518
61570,0.0,0.0,0.0
61580,0.0,0.0,0.0
61590,0.0,0.0,0.0
61600,0.0,0.0,0.07638
61610,0.0,0.0,0.0
61620,0.0,0.0,0.0
61630,0.0,0.0,0.0
61640,0.0,0.0,0.0
61650,0.0,0.0,0.0
61660,0.0,0.0,0.0
61670,0.0,0.0,0.0
61680,0.0,0.0,0.0
61690,0.0,0.0,0.0
61700,0.0,0.0,0.0
61710,0.0,0.0,0.0
61720,0.0,0.0,0.0
61730,0.0,0.0,0.0
61740,0.0,0.0,0.0
61750,0.0,0.0,0.05237
61760,0.0,0.0,0.0
61770,0.0,0.0,0.0422
61780,0.0,0.0,0.0
61790,0.0,0.0,0.0
61800,0.0,0.0,0.0
61810,0.0,0.0,0.0
61820,0.0,0.0,0.10899
61830,0.0,0.0,0.0
61840,0.0,0.0,0.05142
61850,0.0,0.0,0.0
61860,0.0,0.0,0.17258
61870,0.0,0.0,0.0
61880,0.0,0.0,0.0
61890,0.0,0.0,0.0
61900,0.0,0.0,0.0
61910,0.0,0.0,0.0
61920,0.0,0.0,0.0
61930,0.0,0.0,0.0
61940,0.0,0.0,0.06064
61950,0.0,0.0,0.0
61960,0.0,0.0,0.0
61970,0.0,0.0,0.0
61980,0.0,0.0,0.10311
61990,0.0,0.0,0.0997
62000,0.0,0.0,0.0
62010,0.0,0.0,0.06412
62020,0.0,0.0,0.0
62030,0.0,0.0,0.0
62040,0.0,0.0,0.0
62050,0.0,0.0,0.0
62060,0.0,0.0,0.0
62070,0.0,0.0,0.0
62080,0.0,0.0,0.06726
62090,0.0,0.0,0.0
62100,0.0,0.0,0.0
62110,0.0,0.0,0.0
62120,0.0,0.0,0.0
62130,0.0,0.0,0.0
62140,0.0,0.0,0.0
62150,0.0,0.0,0.0
62160,0.0,0.0,0.0
62170,0.0,0.0,0.0
62180,0.0,0.0,0.0
62190,0.0,0.0,0.0
62200,0.0,0.0,0.14029
62210,0.0,0.0,0.0
62220,0.0,0.0,0.0
62230,0.0,0.0,0.0
62240,0.0,0.0,0.0
62250,0.0,0.0,0.0
62260,0.0,0.0,0.0
62270,0.0,0.0,0.0
62280,0.0,0.0,0.0
62290,0.0,0.0,0.0
62300,0.0,0.0,0.0
62310,0.0,0.0,0.0
62320,0.0,0.0,0.06052
62330,0.0,0.0,0.0
62340,0.0,0.0,0.0
62350,0.0,0.0,0.0
62360,0.0,0.0,0.0
62370,0.0,0.0,0.0653
62380,0.0,0.0,0.0
62390,0.0,0.0,0.0
62400,0.0,0.0,0.0
62410,0.0,0.0,0.0
62420,0.0,0.0,0.0
62430,0.0,0.0,0.0
62440,0.0,0.0,0.0
62450,0.0,0.0,0.0
62460,0.0,0.0,0.0
62470,0.0,0.0,0.0
62480,0.0,0.0,0.0
62490,0.0,0.0,0.0
62500,0.0,0.0,0.0
62510,0.0,0.0,0.0
62520,0.0,0.0,0.0
62530,0.0,0.0,0.0
62540,0.0,0.0,0.0
62550,0.0,0.0,0.0
62560,0.0,0.0,0.0
62570,0.0,0.0,0.0
62580,0.0,0.0,0.0
62590,0.0,0.0,0.0
62600,0.0,0.0,0.0
62610,0.0,0.0,0.0
62620,0.0,0.0,0.0
62630,0.0,0.0,0.0
62640,0.0,0.0,0.0
62650,0.0,0.0,0.0
62660,0.0,0.0,0.0
62670,0.0,0.0,0.0
62680,0.0,0.0,0.0
62690,0.0,0.0,0.0
62700,0.0,0.0,0.0
62710,0.0,0.0,0.0
62720,0.0,0.0,0.0
62730,0.0,0.0,0.0
62740,0.0,0.0,0.0
62750,0.0,0.0,0.0
62760,0.0,0.0,0.0
62770,0.0,0.0,0.04379
62780,0.0,0.0,0.02762
62790,0.0,0.0,0.11523
62800,0.0,0.0,0.0
62810,0.0,0.0,0.0
62820,0.0,0.0,0.0
62830,0.0,0.0,0.22141
62840,0.0,0.0,0.02487
62850,0.0,0.0,0.0
62860,0.0,0.0,0.0
62870,0.0,0.0,0.0
62880,0.0,0.0,0.0
62890,0.0,0.0,0.0
62900,0.0,0.0,0.0
62910,0.0,0.0,0.0
62920,0.0,0.0,0.0
62930,0.0,0.0,0.0
62940,0.0,0.0,0.20221
62950,0.0,0.0,0.0
62960,0.0,0.0,0.0
62970,0.0,0.0,0.0
62980,0.0,0.0,0.0
62990,0.0,0.0,0.0
63000,0.0,0.0,0.0
63010,0.0,0.0,0.0
63020,0.0,0.0,0.0
63030,0.0,0.0,0.0
63040,0.0,0.0,0.05982
63050,0.0,0.0,0.0
63060,0.0,0.0,0.06037
63070,0.0,0.0,0.0
63080,0.0,0.0,0.0
63090,0.0,0.0,0.0
63100,0.0,0.0,0.0
63110,0.0,0.0,0.0
63120,0.0,0.0,0.10679
63130,0.0,0.0,0.09008
63140,0.0,0.0,0.0
63150,0.0,0.0,0.0
63160,0.0,0.0,0.11994
63170,0.0,0.0,0.0
63180,0.0,0.0,0.0
63190,0.0,0.0,0.0
63200,0.0,0.0,0.0
63210,0.0,0.0,0.0
63220,0.0,0.0,0.17271
63230,0.0,0.0,0.0
63240,0.0,0.0,0.0
63250,0.0,0.0,0.0
63260,0.0,0.0,0.0
63270,0.0,0.0,0.0
63280,0.0,0.0,0.0
63290,0.0,0.0,0.0
63300,0.0,0.0,0.25015
63310,0.0,0.0,0.07251
63320,0.0,0.0,0.0
63330,0.0,0.0,0.0
63340,0.0,0.0,0.0
63350,0.0,0.0,0.0
63360,0.0,0.0,0.04927
63370,0.0,0.0,0.0
63380,0.0,0.0,0.0
63390,0.0,0.0,0.0
63400,0.0,0.0,0.0
63410,0.0,0.0,0.06769
63420,0.0,0.0,0.11871
63430,0.0,0.0,0.0
63440,0.0,0.0,0.0
63450,0.0,0.0,0.07061
63460,0.0,0.0,0.0
63470,0.0,0.0,0.0
63480,0.0,0.0,0.0
63490,0.0,0.0,0.0
63500,0.0,0.0,0.0
63510,0.0,0.0,0.0
63520,0.0,0.0,0.0
63530,0.0,0.0,0.0
63540,0.0,0.0,0.10124
63550,0.0,0.0,0.0
63560,0.0,0.0,0.0
63570,0.0,0.0,0.0
63580,0.0,0.0,0.0
63590,0.0,0.0,0.0602
63600,0.0,0.0,0.0
63610,0.0,0.0,0.0
63620,0.0,0.0,0.0
63630,0.0,0.0,0.0
63640,0.0,0.0,0.0
63650,0.0,0.0,0.0
63660,0.0,0.0,0.0
63670,0.0,0.0,0.0
63680,0.0,0.0,0.0
63690,0.0,0.0,0.27811
63700,0.0,0.0,0.09454
63710,0.0,0.0,0.0
63720,0.0,0.0,0.0
63730,0.0,0.0,0.0
63740,0.0,0.0,0.0
63750,0.0,0.0,0.0
63760,0.0,0.0,0.0
63770,0.0,0.0,0.0
63780,0.0,0.0,0.0
63790,0.0,0.0,0.0
63800,0.0,0.0,0.0
63810,0.0,0.0,0.0
63820,0.0,0.0,0.0
63830,0.0,0.0,0.0
63840,0.0,0.0,0.0
63850,0.0,0.0,0.0
63860,0.0,0.0,0.0
63870,0.0,0.0,0.0
63880,0.0,0.0,0.0
63890,0.0,0.0,0.14703
63900,0.0,0.0,0.0
63910,0.0,0.0,0.0
63920,0.0,0.0,0.0
63930,0.0,0.0,0.0
63940,0.0,0.0,0.0
63950,0.0,0.0,0.05542
63960,0.0,0.0,0.04375
63970,0.0,0.0,0.0
63980,0.0,0.0,0.0
63990,0.0,0.0,0.05648
64000,0.0,0.0,0.0
64010,0.0,0.0,0.22506
64020,0.0,0.0,0.04602
64030,0.0,0.0,0.0583
64040,0.0,0.0,0.0
64050,0.0,0.0,0.0
64060,0.0,0.0,0.0
64070,0.0,0.0,0.0
64080,0.0,0.0,0.0
64090,0.0,0.0,0.0
64100,0.0,0.0,0.0
64110,0.0,0.0,0.0
64120,0.0,0.0,0.0
64130,0.0,0.0,0.0
64140,0.0,0.0,0.0
64150,0.0,0.0,0.0
64160,0.0,0.0,0.0
64170,0.0,0.0,0.0
64180,0.0,0.0,0.0
64190,0.0,0.0,0.0
64200,0.0,0.0,0.0
64210,0.0,0.0,0.0
64220,0.0,0.0,0.0
64230,0.0,0.0,0.0
64240,0.0,0.0,0.0
64250,0.0,0.0,0.0
64260,0.0,0.0,0.0
64270,0.0,0.0,0.05591
64280,0.0,0.0,0.04742
64290,0.0,0.0,0.0
64300,0.0,0.0,0.0
64310,0.0,0.0,0.0
64320,0.0,0.0,0.0
64330,0.0,0.0,0.0
64340,0.0,0.0,0.0
64350,0.0,0.0,0.0
64360,0.0,0.0,0.0
64370,0.0,0.0,0.0
64380,0.0,0.0,0.0
64390,0.0,0.0,0.0
64400,0.0,0.0,0.0
64410,0.0,0.0,0.0
64420,0.0,0.0,0.0
64430,0.0,0.0,0.0
64440,0.0,0.0,0.0
64450,0.0,0.0,0.0
64460,0.0,0.0,0.0
64470,0.0,0.0,0.18974
64480,0.0,0.0,0.09597
64490,0.0,0.0,0.0
64500,0.0,0.0,0.04857
64510,0.0,0.0,0.0
64520,0.0,0.0,0.04855
64530,0.0,0.0,0.0
64540,0.0,0.0,0.0
64550,0.0,0.0,0.0
64560,0.0,0.0,0.0
64570,0.0,0.0,0.0
64580,0.0,0.0,0.0
64590,0.0,0.0,0.0
64600,0.0,0.0,0.10775
64610,0.0,0.0,0.0
64620,0.0,0.0,0.0
64630,0.0,0.0,0.0
64640,0.0,0.0,0.0
64650,0.0,0.0,0.0
64660,0.0,0.0,0.0
64670,0.0,0.0,0.0
64680,0.0,0.0,0.0
64690,0.0,0.0,0.0965
64700,0.0,0.0,0.0
64710,0.0,0.0,0.0
64720,0.0,0.0,0.0
64730,0.0,0.0,0.0
64740,0.0,0.0,0.0
64750,0.0,0.0,0.0
64760,0.0,0.0,0.0
64770,0.0,0.0,0.0
64780,0.0,0.0,0.1457
64790,0.0,0.0,0.0
64800,0.0,0.0,0.0
64810,0.0,0.0,0.0
64820,0.0,0.0,0.0536
64830,0.0,0.0,0.09015
64840,0.0,0.0,0.0738
64850,0.0,0.0,0.06182
64860,0.0,0.0,0.0
64870,0.0,0.0,0.12545
64880,0.0,0.0,0.09051
64890,0.0,0.0,0.0644
64900,0.0,0.0,0.0
64910,0.0,0.0,0.0
64920,0.0,0.0,0.12544
64930,0.0,0.0,0.0
64940,0.0,0.0,0.0
64950,0.0,0.0,0.0
64960,0.0,0.0,0.05288
64970,0.0,0.0,0.0
64980,0.0,0.0,0.06199
64990,0.0,0.0,0.0
65000,0.0,0.0,0.0474
65010,0.0,0.0,0.12681
65020,0.0,0.0,0.0
65030,0.0,0.0,0.0
65040,0.0,0.0,0.16303
65050,0.0,0.0,0.06237
65060,0.0,0.0,0.0
65070,0.0,0.0,0.05289
65080,0.0,0.0,0.23593
65090,0.0,0.0,0.26578
65100,0.0,0.0,0.0
65110,0.0,0.0,0.0
65120,0.0,0.0,0.0
65130,0.0,0.0,0.0
65140,0.0,0.0,0.0
65150,0.0,0.0,0.0
65160,0.0,0.0,0.0
65170,0.0,0.0,0.0
65180,0.0,0.0,0.0
65190,0.0,0.0,0.0
65200,0.0,0.0,0.0
65210,0.0,0.0,0.0
65220,0.0,0.0,0.0
65230,0.0,0.0,0.0
65240,0.0,0.0,0.0
65250,0.0,0.0,0.0
65260,0.0,0.0,0.0
65270,0.0,0.0,0.0
65280,0.0,0.0,0.09485
65290,0.0,0.0,0.0
65300,0.0,0.0,0.0
65310,0.0,0.0,0.06112
65320,0.0,0.0,0.0
65330,0.0,0.0,0.0
65340,0.0,0.0,0.0
65350,0.0,0.0,0.0
65360,0.0,0.0,0.0
65370,0.0,0.0,0.0
65380,0.0,0.0,0.0
65390,0.0,0.0,0.0
65400,0.0,0.0,0.06379
65410,0.0,0.0,0.061
65420,0.0,0.0,0.0
65430,0.0,0.0,0.0
65440,0.0,0.0,0.18188
65450,0.0,0.0,0.0
65460,0.0,0.0,0.0
65470,0.0,0.0,0.0
65480,0.0,0.0,0.0
65490,0.0,0.0,0.0
65500,0.0,0.0,0.0
65510,0.0,0.0,0.0
65520,0.0,0.0,0.0
65530,0.0,0.0,0.19096000000000002
65540,0.0,0.0,0.0
65550,0.0,0.0,0.0
65560,0.0,0.0,0.0
65570,0.0,0.0,0.0
65580,0.0,0.0,0.0
65590,0.0,0.0,0.0
65600,0.0,0.0,0.0
65610,0.0,0.0,0.0
65620,0.0,0.0,0.0
65630,0.0,0.0,0.0
65640,0.0,0.0,0.04918
65650,0.0,0.0,0.0
65660,0.0,0.0,0.0
65670,0.0,0.0,0.0
65680,0.0,0.0,0.0
65690,0.0,0.0,0.0
65700,0.0,0.0,0.0
65710,0.0,0.0,0.0
65720,0.0,0.0,0.0
65730,0.0,0.0,0.0
65740,0.0,0.0,0.0
65750,0.0,0.0,0.0
65760,0.0,0.0,0.05044
65770,0.0,0.0,0.0
65780,0.0,0.0,0.0
65790,0.0,0.0,0.0
65800,0.0,0.0,0.0
65810,0.0,0.0,0.08889
65820,0.0,0.0,0.0
65830,0.0,0.0,0.0
65840,0.0,0.0,0.0
65850,0.0,0.0,0.0
65860,0.0,0.0,0.16842
65870,0.0,0.0,0.06045
65880,0.0,0.0,0.0
65890,0.0,0.0,0.0
65900,0.0,0.0,0.0
65910,0.0,0.0,0.06309
65920,0.0,0.0,0.0
65930,0.0,0.0,0.0
65940,0.0,0.0,0.0
65950,0.0,0.0,0.0
65960,0.0,0.0,0.0
65970,0.0,0.0,0.0
65980,0.0,0.0,0.0
65990,0.0,0.0,0.0
66000,0.0,0.0,0.0
66010,0.0,0.0,0.0
66020,0.0,0.0,0.0
66030,0.0,0.0,0.0
66040,0.0,0.0,0.0
66050,0.0,0.0,0.0
66060,0.0,0.0,0.0
66070,0.0,0.0,0.0
66080,0.0,0.0,0.05913
66090,0.0,0.0,0.0
66100,0.0,0.0,0.0
66110,0.0,0.0,0.0
66120,0.0,0.0,0.0
66130,0.0,0.0,0.0
66140,0.0,0.0,0.0
66150,0.0,0.0,0.0
66160,0.0,0.0,0.0
66170,0.0,0.0,0.0
66180,0.0,0.0,0.0
66190,0.0,0.0,0.0
66200,0.0,0.0,0.0
66210,0.0,0.0,0.0
66220,0.0,0.0,0.05841
66230,0.0,0.0,0.0
66240,0.0,0.0,0.0
66250,0.0,0.0,0.0
66260,0.0,0.0,0.0
66270,0.0,0.0,0.08933
66280,0.0,0.0,0.0
66290,0.0,0.0,0.0
66300,0.0,0.0,0.0
66310,0.0,0.0,0.0
66320,0.0,0.0,0.05838
66330,0.0,0.0,0.0
66340,0.0,0.0,0.0
66350,0.0,0.0,0.0
66360,0.0,0.0,0.0
66370,0.0,0.0,0.0
66380,0.0,0.0,0.0
66390,0.0,0.0,0.0
66400,0.0,0.0,0.0
66410,0.0,0.0,0.0
66420,0.0,0.0,0.0
66430,0.0,0.0,0.0
66440,0.0,0.0,0.0
66450,0.0,0.0,0.0
66460,0.0,0.0,0.0
66470,0.0,0.0,0.0
66480,0.0,0.0,0.0
66490,0.0,0.0,0.0
66500,0.0,0.0,0.0
66510,0.0,0.0,0.0
66520,0.0,0.0,0.0
66530,0.0,0.0,0.0
66540,0.0,0.0,0.0
66550,0.0,0.0,0.0
66560,0.0,0.0,0.0
66570,0.0,0.0,0.0
66580,0.0,0.0,0.0
66590,0.0,0.0,0.0
66600,0.0,0.0,0.0
66610,0.0,0.0,0.0
66620,0.0,0.0,0.0
66630,0.0,0.0,0.0
66640,0.0,0.0,0.0
66650,0.0,0.0,0.0
66660,0.0,0.0,0.0
66670,0.0,0.0,0.0
66680,0.0,0.0,0.05914
66690,0.0,0.0,0.0
66700,0.0,0.0,0.0
66710,0.0,0.0,0.0
66720,0.0,0.0,0.0
66730,0.0,0.0,0.07785
66740,0.0,0.0,0.0
66750,0.0,0.0,0.0
66760,0.0,0.0,0.08898
66770,0.0,0.0,0.0
66780,0.0,0.0,0.0
66790,0.0,0.0,0.0
66800,0.0,0.0,0.0
66810,0.0,0.0,0.0
66820,0.0,0.0,0.0
66830,0.0,0.0,0.06997
66840,0.0,0.0,0.04742
66850,0.0,0.0,0.0
66860,0.0,0.0,0.13426
66870,0.0,0.0,0.0
66880,0.0,0.0,0.0
66890,0.0,0.0,0.0
66900,0.0,0.0,0.0
66910,0.0,0.0,0.0
66920,0.0,0.0,0.0
66930,0.0,0.0,0.07182
66940,0.0,0.0,0.0
66950,0.0,0.0,0.0
66960,0.0,0.0,0.0
66970,0.0,0.0,0.0
66980,0.0,0.0,0.0
66990,0.0,0.0,0.10781
67000,0.0,0.0,0.0
67010,0.0,0.0,0.0
67020,0.0,0.0,0.08283
67030,0.0,0.0,0.0
67040,0.0,0.0,0.0
67050,0.0,0.0,0.0
67060,0.0,0.0,0.0
67070,0.0,0.0,0.09768
67080,0.0,0.0,0.0
67090,0.0,0.0,0.0
67100,0.0,0.0,0.0
67110,0.0,0.0,0.0
67120,0.0,0.0,0.0
67130,0.0,0.0,0.0
67140,0.0,0.0,0.0
67150,0.0,0.0,0.0
67160,0.0,0.0,0.0
67170,0.0,0.0,0.0
67180,0.0,0.0,0.0
67190,0.0,0.0,0.0
67200,0.0,0.0,0.0
67210,0.0,0.0,0.0
67220,0.0,0.0,0.0
67230,0.0,0.0,0.0
67240,0.0,0.0,0.0
67250,0.0,0.0,0.0
67260,0.0,0.0,0.0
67270,0.0,0.0,0.0
67280,0.0,0.0,0.0
67290,0.0,0.0,0.0
67300,0.0,0.0,0.0
67310,0.0,0.0,0.0
67320,0.0,0.0,0.0
67330,0.0,0.0,0.0
67340,0.0,0.0,0.0
67350,0.0,0.0,0.0
67360,0.0,0.0,0.0
67370,0.0,0.0,0.0
67380,0.0,0.0,0.0
67390,0.0,0.0,0.0
67400,0.0,0.0,0.0
67410,0.0,0.0,0.0
67420,0.0,0.0,0.0
67430,0.0,0.0,0.0
67440,0.0,0.0,0.0
67450,0.0,0.0,0.15001
67460,0.0,0.0,0.0
67470,0.0,0.0,0.0
67480,0.0,0.0,0.0
67490,0.0,0.0,0.0
67500,0.0,0.0,0.0
67510,0.0,0.0,0.03791
67520,0.0,0.0,0.0
67530,0.0,0.0,0.0
67540,0.0,0.0,0.0
67550,0.0,0.0,0.0
67560,0.0,0.0,0.0
67570,0.0,0.0,0.0
67580,0.0,0.0,0.08108
67590,0.0,0.0,0.0
67600,0.0,0.0,0.0
67610,0.0,0.0,0.0
67620,0.0,0.0,0.0
67630,0.0,0.0,0.0
67640,0.0,0.0,0.0
67650,0.0,0.0,0.0
67660,0.0,0.0,0.03677
67670,0.0,0.0,0.0
67680,0.0,0.0,0.0
67690,0.0,0.0,0.0
67700,0.0,0.0,0.0
67710,0.0,0.0,0.0
67720,0.0,0.0,0.0
67730,0.0,0.0,0.0
67740,0.0,0.0,0.04868
67750,0.0,0.0,0.0
67760,0.0,0.0,0.0
67770,0.0,0.0,0.0
67780,0.0,0.0,0.0
67790,0.0,0.0,0.0
67800,0.0,0.0,0.03828
67810,0.0,0.0,0.0
67820,0.0,0.0,0.0
67830,0.0,0.0,0.05735
67840,0.0,0.0,0.0
67850,0.0,0.0,0.02919
67860,0.0,0.0,0.0
67870,0.0,0.0,0.0
67880,0.0,0.0,0.0
67890,0.0,0.0,0.0
67900,0.0,0.0,0.0
67910,0.0,0.0,0.0
67920,0.0,0.0,0.05812
67930,0.0,0.0,0.0
67940,0.0,0.0,0.0
67950,0.0,0.0,0.04457
67960,0.0,0.0,0.0
67970,0.0,0.0,0.03919
67980,0.0,0.0,0.0
67990,0.0,0.0,0.0
68000,0.0,0.0,0.0
68010,0.0,0.0,0.0
68020,0.0,0.0,0.0
68030,0.0,0.0,0.0
68040,0.0,0.0,0.0
68050,0.0,0.0,0.0
68060,0.0,0.0,0.02759
68070,0.0,0.0,0.03415
68080,0.0,0.0,0.0
68090,0.0,0.0,0.0
68100,0.0,0.0,0.0
68110,0.0,0.0,0.0
68120,0.0,0.0,0.0
68130,0.0,0.0,0.0
68140,0.0,0.0,0.0
68150,0.0,0.0,0.0
68160,0.0,0.0,0.0
68170,0.0,0.0,0.0
68180,0.0,0.0,0.0
68190,0.0,0.0,0.03686
68200,0.0,0.0,0.0
68210,0.0,0.0,0.0
68220,0.0,0.0,0.0
68230,0.0,0.0,0.0
68240,0.0,0.0,0.0
68250,0.0,0.0,0.0
68260,0.0,0.0,0.0
68270,0.0,0.0,0.0
68280,0.0,0.0,0.05241
68290,0.0,0.0,0.0
68300,0.0,0.0,0.0
68310,0.0,0.0,0.0
68320,0.0,0.0,0.09614
68330,0.0,0.0,0.0
68340,0.0,0.0,0.0
68350,0.0,0.0,0.0
68360,0.0,0.0,0.0
68370,0.0,0.0,0.0
68380,0.0,0.0,0.0
68390,0.0,0.0,0.0304
68400,0.0,0.0,0.0
68410,0.0,0.0,0.0
68420,0.0,0.0,0.0
68430,0.0,0.0,0.0
68440,0.0,0.0,0.0
68450,0.0,0.0,0.0
68460,0.0,0.0,0.0
68470,0.0,0.0,0.0
68480,0.0,0.0,0.0
68490,0.0,0.0,0.0
68500,0.0,0.0,0.0
68510,0.0,0.0,0.0
68520,0.0,0.0,0.0
68530,0.0,0.0,0.0
68540,0.0,0.0,0.0
68550,0.0,0.0,0.0
68560,0.0,0.0,0.0
68570,0.0,0.0,0.0
68580,0.0,0.0,0.0
68590,0.0,0.0,0.0
68600,0.0,0.0,0.0
68610,0.0,0.0,0.0
68620,0.0,0.0,0.0
68630,0.0,0.0,0.0
68640,0.0,0.0,0.0
68650,0.0,0.0,0.0
68660,0.0,0.0,0.0
68670,0.0,0.0,0.0
68680,0.0,0.0,0.0
68690,0.0,0.0,0.0
68700,0.0,0.0,0.0
68710,0.0,0.0,0.0
68720,0.0,0.0,0.0
68730,0.0,0.0,0.0
68740,0.0,0.0,0.0
68750,0.0,0.0,0.0
68760,0.0,0.0,0.0
68770,0.0,0.0,0.0
68780,0.0,0.0,0.0
68790,0.0,0.0,0.0
68800,0.0,0.0,0.0
68810,0.0,0.0,0.0
68820,0.0,0.0,0.0
68830,0.0,0.0,0.0
68840,0.0,0.0,0.0
68850,0.0,0.0,0.0
68860,0.0,0.0,0.0
68870,0.0,0.0,0.0
68880,0.0,0.0,0.0
68890,0.0,0.0,0.0
68900,0.0,0.0,0.0
68910,0.0,0.0,0.0
68920,0.0,0.0,0.0
68930,0.0,0.0,0.0
68940,0.0,0.0,0.0
68950,0.0,0.0,0.0
68960,0.0,0.0,0.0
68970,0.0,0.0,0.0
68980,0.0,0.0,0.0
68990,0.0,0.0,0.0
69000,0.0,0.0,0.0
69010,0.0,0.0,0.0
69020,0.0,0.0,0.0
69030,0.0,0.0,0.0
69040,0.0,0.0,0.0
69050,0.0,0.0,0.0
69060,0.0,0.0,0.0
69070,0.0,0.0,0.0
69080,0.0,0.0,0.0
69090,0.0,0.0,0.0
69100,0.0,0.0,0.0
69110,0.0,0.0,0.0
69120,0.0,0.0,0.0
69130,0.0,0.0,0.0
69140,0.0,0.0,0.0
69150,0.0,0.0,0.0
69160,0.0,0.0,0.0
69170,0.0,0.0,0.0
69180,0.0,0.0,0.0
69190,0.0,0.0,0.0
69200,0.0,0.0,0.0
69210,0.0,0.0,0.0
69220,0.0,0.0,0.0
69230,0.0,0.0,0.0
69240,0.0,0.0,0.0
69250,0.0,0.0,0.0
69260,0.0,0.0,0.0
69270,0.0,0.0,0.0
69280,0.0,0.0,0.0
69290,0.0,0.0,0.0
69300,0.0,0.0,0.0
69310,0.0,0.0,0.0
69320,0.0,0.0,0.0
69330,0.0,0.0,0.0
69340,0.0,0.0,0.0
69350,0.0,0.0,0.0
69360,0.0,0.0,0.0
69370,0.0,0.0,0.0
69380,0.0,0.0,0.0
69390,0.0,0.0,0.0
69400,0.0,0.0,0.0
69410,0.0,0.0,0.0
69420,0.0,0.0,0.0
69430,0.0,0.0,0.0
69440,0.0,0.0,0.0
69450,0.0,0.0,0.0
69460,0.0,0.0,0.0
69470,0.0,0.0,0.0
69480,0.0,0.0,0.0
69490,0.0,0.0,0.0
69500,0.0,0.0,0.0
69510,0.0,0.0,0.0
69520,0.0,0.0,0.0
69530,0.0,0.0,0.0
69540,0.0,0.0,0.0
69550,0.0,0.0,0.0
69560,0.0,0.0,0.0
69570,0.0,0.0,0.0
69580,0.0,0.0,0.0
69590,0.0,0.0,0.0
69600,0.0,0.0,0.0
69610,0.0,0.0,0.0
69620,0.0,0.0,0.0
69630,0.0,0.0,0.0
69640,0.0,0.0,0.0
69650,0.0,0.0,0.0
69660,0.0,0.0,0.0
69670,0.0,0.0,0.0
69680,0.0,0.0,0.0
69690,0.0,0.0,0.0
69700,0.0,0.0,0.0
69710,0.0,0.0,0.0
69720,0.0,0.0,0.0
69730,0.0,0.0,0.0
69740,0.0,0.0,0.0
69750,0.0,0.0,0.0
69760,0.0,0.0,0.0
69770,0.0,0.0,0.0
69780,0.0,0.0,0.0
69790,0.0,0.0,0.0
69800,0.0,0.0,0.0
69810,0.0,0.0,0.0
69820,0.0,0.0,0.0
69830,0.0,0.0,0.0
69840,0.0,0.0,0.0
69850,0.0,0.0,0.0
69860,0.0,0.0,0.0
69870,0.0,0.0,0.0
69880,0.0,0.0,0.0
69890,0.0,0.0,0.0
69900,0.0,0.0,0.0
69910,0.0,0.0,0.0
69920,0.0,0.0,0.0
69930,0.0,0.0,0.0
69940,0.0,0.0,0.0
69950,0.0,0.0,0.0
69960,0.0,0.0,0.0
69970,0.0,0.0,0.0
69980,0.0,0.0,0.0
69990,0.0,0.0,0.0
70000,0.0,0.0,0.0
70010,0.0,0.0,0.0
70020,0.0,0.0,0.0
70030,0.0,0.0,0.0
70040,0.0,0.0,0.0
70050,0.0,0.0,0.0
70060,0.0,0.0,0.0
70070,0.0,0.0,0.0
70080,0.0,0.0,0.0
70090,0.0,0.0,0.0
70100,0.0,0.0,0.0
70110,0.0,0.0,0.0
70120,0.0,0.0,0.0
70130,0.0,0.0,0.0
70140,0.0,0.0,0.0
70150,0.0,0.0,0.0
70160,0.0,0.0,0.0
70170,0.0,0.0,0.0
70180,0.0,0.0,0.0
70190,0.0,0.0,0.0
70200,0.0,0.0,0.0
70210,0.0,0.0,0.0
70220,0.0,0.0,0.0
70230,0.0,0.0,0.0
70240,0.0,0.0,0.0
70250,0.0,0.0,0.0
70260,0.0,0.0,0.0
70270,0.0,0.0,0.0
70280,0.0,0.0,0.0
70290,0.0,0.0,0.0
70300,0.0,0.0,0.0
70310,0.0,0.0,0.0
70320,0.0,0.0,0.0
70330,0.0,0.0,0.0
70340,0.0,0.0,0.0
70350,0.0,0.0,0.0
70360,0.0,0.0,0.0
70370,0.0,0.0,0.0
70380,0.0,0.0,0.0
70390,0.0,0.0,0.0
70400,0.0,0.0,0.0
70410,0.0,0.0,0.0
70420,0.0,0.0,0.0
70430,0.0,0.0,0.0
70440,0.0,0.0,0.0
70450,0.0,0.0,0.0
70460,0.0,0.0,0.0
70470,0.0,0.0,0.0
70480,0.0,0.0,0.0
70490,0.0,0.0,0.0
70500,0.0,0.0,0.0
70510,0.0,0.0,0.0
70520,0.0,0.0,0.0
70530,0.0,0.0,0.0
70540,0.0,0.0,0.0
70550,0.0,0.0,0.0
70560,0.0,0.0,0.0
70570,0.0,0.0,0.0
70580,0.0,0.0,0.0
70590,0.0,0.0,0.0
70600,0.0,0.0,0.0
70610,0.0,0.0,0.0
70620,0.0,0.0,0.0
70630,0.0,0.0,0.0
70640,0.0,0.0,0.0
70650,0.0,0.0,0.0
70660,0.0,0.0,0.0
70670,0.0,0.0,0.0
70680,0.0,0.0,0.0
70690,0.0,0.0,0.0
70700,0.0,0.0,0.0
70710,0.0,0.0,0.0
70720,0.0,0.0,0.0
70730,0.0,0.0,0.0
70740,0.0,0.0,0.0
70750,0.0,0.0,0.0
70760,0.0,0.0,0.0
70770,0.0,0.0,0.0
70780,0.0,0.0,0.0
70790,0.0,0.0,0.0
70800,0.0,0.0,0.0
70810,0.0,0.0,0.0
70820,0.0,0.0,0.0
70830,0.0,0.0,0.0
70840,0.0,0.0,0.0
70850,0.0,0.0,0.0
70860,0.0,0.0,0.0
70870,0.0,0.0,0.0
70880,0.0,0.0,0.0
70890,0.0,0.0,0.0
70900,0.0,0.0,0.0
70910,0.0,0.0,0.0
70920,0.0,0.0,0.0
70930,0.0,0.0,0.0
70940,0.0,0.0,0.0
70950,0.0,0.0,0.0
70960,0.0,0.0,0.0
70970,0.0,0.0,0.0
70980,0.0,0.0,0.0
70990,0.0,0.0,0.0
71000,0.0,0.0,0.0
71010,0.0,0.0,0.0
71020,0.0,0.0,0.0
71030,0.0,0.0,0.0
71040,0.0,0.0,0.0
71050,0.0,0.0,0.0
71060,0.0,0.0,0.0
71070,0.0,0.0,0.0
71080,0.0,0.0,0.0
71090,0.0,0.0,0.0
71100,0.0,0.0,0.0
71110,0.0,0.0,0.0
71120,0.0,0.0,0.0
71130,0.0,0.0,0.0
71140,0.0,0.0,0.0
71150,0.0,0.0,0.0
71160,0.0,0.0,0.0
71170,0.0,0.0,0.0
71180,0.0,0.0,0.0
71190,0.0,0.0,0.0
71200,0.0,0.0,0.0
71210,0.0,0.0,0.0
71220,0.0,0.0,0.0
71230,0.0,0.0,0.0
71240,0.0,0.0,0.0
71250,0.0,0.0,0.0
71260,0.0,0.0,0.0
71270,0.0,0.0,0.0
71280,0.0,0.0,0.0
71290,0.0,0.0,0.0
71300,0.0,0.0,0.0
71310,0.0,0.0,0.0
71320,0.0,0.0,0.0
71330,0.0,0.0,0.0
71340,0.0,0.0,0.0
71350,0.0,0.0,0.0
71360,0.0,0.0,0.0
71370,0.0,0.0,0.0
71380,0.0,0.0,0.0
71390,0.0,0.0,0.0
71400,0.0,0.0,0.0
71410,0.0,0.0,0.0
71420,0.0,0.0,0.0
71430,0.0,0.0,0.0
71440,0.0,0.0,0.0
71450,0.0,0.0,0.0
71460,0.0,0.0,0.0
71470,0.0,0.0,0.0
71480,0.0,0.0,0.0
71490,0.0,0.0,0.0
71500,0.0,0.0,0.0
71510,0.0,0.0,0.0
71520,0.0,0.0,0.0
71530,0.0,0.0,0.0
71540,0.0,0.0,0.0
71550,0.0,0.0,0.0
71560,0.0,0.0,0.0
71570,0.0,0.0,0.0
71580,0.0,0.0,0.0
71590,0.0,0.0,0.0
71600,0.0,0.0,0.0
71610,0.0,0.0,0.0
71620,0.0,0.0,0.0
71630,0.0,0.0,0.0
71640,0.0,0.0,0.0
71650,0.0,0.0,0.0
71660,0.0,0.0,0.0
71670,0.0,0.0,0.0
71680,0.0,0.0,0.0
71690,0.0,0.0,0.0
71700,0.0,0.0,0.0
71710,0.0,0.0,0.0
71720,0.0,0.0,0.0
71730,0.0,0.0,0.0
71740,0.0,0.0,0.0
71750,0.0,0.0,0.0
71760,0.0,0.0,0.0
71770,0.0,0.0,0.0
71780,0.0,0.0,0.0
71790,0.0,0.0,0.0
71800,0.0,0.0,0.0
71810,0.0,0.0,0.0
71820,0.0,0.0,0.0
71830,0.0,0.0,0.0
71840,0.0,0.0,0.0
71850,0.0,0.0,0.0
71860,0.0,0.0,0.0
71870,0.0,0.0,0.0
71880,0.0,0.0,0.0
71890,0.0,0.0,0.0
71900,0.0,0.0,0.0
71910,0.0,0.0,0.0
71920,0.0,0.0,0.0
71930,0.0,0.0,0.0
71940,0.0,0.0,0.0
71950,0.0,0.0,0.0
71960,0.0,0.0,0.0
71970,0.0,0.0,0.0
71980,0.0,0.0,0.0
71990,0.0,0.0,0.0
72000,0.0,0.0,0.0
72010,0.0,0.0,0.0
72020,0.0,0.0,0.0
72030,0.0,0.0,0.0
72040,0.0,0.0,0.0
72050,0.0,0.0,0.0
72060,0.0,0.0,0.0
72070,0.0,0.0,0.0
72080,0.0,0.0,0.0
72090,0.0,0.0,0.0
72100,0.0,0.0,0.0
72110,0.0,0.0,0.0
72120,0.0,0.0,0.0
72130,0.0,0.0,0.0
72140,0.0,0.0,0.0
72150,0.0,0.0,0.0
72160,0.0,0.0,0.0
72170,0.0,0.0,0.0
72180,0.0,0.0,0.0
72190,0.0,0.0,0.0
72200,0.0,0.0,0.0
72210,0.0,0.0,0.0
72220,0.0,0.0,0.0
72230,0.0,0.0,0.0
72240,0.0,0.0,0.0
72250,0.0,0.0,0.0
72260,0.0,0.0,0.0
72270,0.0,0.0,0.0
72280,0.0,0.0,0.0
72290,0.0,0.0,0.0
72300,0.0,0.0,0.0
72310,0.0,0.0,0.0
72320,0.0,0.0,0.0
72330,0.0,0.0,0.0
72340,0.0,0.0,0.0
72350,0.0,0.0,0.0
72360,0.0,0.0,0.0
72370,0.0,0.0,0.0
72380,0.0,0.0,0.0
72390,0.0,0.0,0.0
72400,0.0,0.0,0.0
72410,0.0,0.0,0.0
72420,0.0,0.0,0.0
72430,0.0,0.0,0.0
72440,0.0,0.0,0.0
72450,0.0,0.0,0.0
72460,0.0,0.0,0.0
72470,0.0,0.0,0.0
72480,0.0,0.0,0.0
72490,0.0,0.0,0.0
72500,0.0,0.0,0.0
72510,0.0,0.0,0.0
72520,0.0,0.0,0.0
72530,0.0,0.0,0.0
72540,0.0,0.0,0.0
72550,0.0,0.0,0.0
72560,0.0,0.0,0.0
72570,0.0,0.0,0.0
72580,0.0,0.0,0.0
72590,0.0,0.0,0.0
72600,0.0,0.0,0.0
72610,0.0,0.0,0.0
72620,0.0,0.0,0.0
72630,0.0,0.0,0.0
72640,0.0,0.0,0.0
72650,0.0,0.0,0.0
72660,0.0,0.0,0.0
72670,0.0,0.0,0.0
72680,0.0,0.0,0.0
72690,0.0,0.0,0.0
72700,0.0,0.0,0.0
72710,0.0,0.0,0.0
72720,0.0,0.0,0.0
72730,0.0,0.0,0.0
72740,0.0,0.0,0.0
72750,0.0,0.0,0.0
72760,0.0,0.0,0.0
72770,0.0,0.0,0.0
72780,0.0,0.0,0.0
72790,0.0,0.0,0.0
72800,0.0,0.0,0.0
72810,0.0,0.0,0.0
72820,0.0,0.0,0.0
72830,0.0,0.0,0.0
72840,0.0,0.0,0.0
72850,0.0,0.0,0.0
72860,0.0,0.0,0.0
72870,0.0,0.0,0.0
72880,0.0,0.0,0.0
72890,0.0,0.0,0.0
72900,0.0,0.0,0.0
72910,0.0,0.0,0.0
72920,0.0,0.0,0.0
72930,0.0,0.0,0.0
72940,0.0,0.0,0.0
72950,0.0,0.0,0.0
72960,0.0,0.0,0.0
72970,0.0,0.0,0.0
72980,0.0,0.0,0.0
72990,0.0,0.0,0.0
73000,0.0,0.0,0.0
73010,0.0,0.0,0.0
73020,0.0,0.0,0.0
73030,0.0,0.0,0.0
73040,0.0,0.0,0.0
73050,0.0,0.0,0.0
73060,0.0,0.0,0.0
73070,0.0,0.0,0.0
73080,0.0,0.0,0.0
73090,0.0,0.0,0.0
73100,0.0,0.0,0.0
73110,0.0,0.0,0.0
73120,0.0,0.0,0.0
73130,0.0,0.0,0.0
73140,0.0,0.0,0.0
73150,0.0,0.0,0.0
73160,0.0,0.0,0.0
73170,0.0,0.0,0.0
73180,0.0,0.0,0.0
73190,0.0,0.0,0.0
73200,0.0,0.0,0.0
73210,0.0,0.0,0.0
73220,0.0,0.0,0.0
73230,0.0,0.0,0.0
73240,0.0,0.0,0.0
73250,0.0,0.0,0.0
73260,0.0,0.0,0.0
73270,0.0,0.0,0.0
73280,0.0,0.0,0.0
73290,0.0,0.0,0.0
73300,0.0,0.0,0.0
73310,0.0,0.0,0.0
73320,0.0,0.0,0.0
73330,0.0,0.0,0.0
73340,0.0,0.0,0.0
73350,0.0,0.0,0.0
73360,0.0,0.0,0.0
73370,0.0,0.0,0.0
73380,0.0,0.0,0.0
73390,0.0,0.0,0.0
73400,0.0,0.0,0.0
73410,0.0,0.0,0.0
73420,0.0,0.0,0.0
73430,0.0,0.0,0.0
73440,0.0,0.0,0.0
73450,0.0,0.0,0.0
73460,0.0,0.0,0.0
73470,0.0,0.0,0.0
73480,0.0,0.0,0.0
73490,0.0,0.0,0.0
73500,0.0,0.0,0.0
73510,0.0,0.0,0.0
73520,0.0,0.0,0.0
73530,0.0,0.0,0.0
73540,0.0,0.0,0.0
73550,0.0,0.0,0.0
73560,0.0,0.0,0.0
73570,0.0,0.0,0.0
73580,0.0,0.0,0.0
73590,0.0,0.0,0.0
73600,0.0,0.0,0.0
73610,0.0,0.0,0.0
73620,0.0,0.0,0.0
73630,0.0,0.0,0.0
73640,0.0,0.0,0.0
73650,0.0,0.0,0.0
73660,0.0,0.0,0.0
73670,0.0,0.0,0.0
73680,0.0,0.0,0.0
73690,0.0,0.0,0.0
73700,0.0,0.0,0.0
73710,0.0,0.0,0.0
73720,0.0,0.0,0.0
73730,0.0,0.0,0.0
73740,0.0,0.0,0.0
73750,0.0,0.0,0.0
73760,0.0,0.0,0.0
73770,0.0,0.0,0.0
73780,0.0,0.0,0.0
73790,0.0,0.0,0.0
73800,0.0,0.0,0.0
73810,0.0,0.0,0.0
73820,0.0,0.0,0.0
73830,0.0,0.0,0.0
73840,0.0,0.0,0.0
73850,0.0,0.0,0.0
73860,0.0,0.0,0.0
73870,0.0,0.0,0.0
73880,0.0,0.0,0.0
73890,0.0,0.0,0.0
73900,0.0,0.0,0.0
73910,0.0,0.0,0.0
73920,0.0,0.0,0.0
73930,0.0,0.0,0.0
73940,0.0,0.0,0.0
73950,0.0,0.0,0.0
73960,0.0,0.0,0.0
73970,0.0,0.0,0.0
73980,0.0,0.0,0.0
73990,0.0,0.0,0.0
74000,0.0,0.0,0.0
74010,0.0,0.0,0.0
74020,0.0,0.0,0.0
74030,0.0,0.0,0.0
74040,0.0,0.0,0.0
74050,0.0,0.0,0.0
74060,0.0,0.0,0.0
74070,0.0,0.0,0.0
74080,0.0,0.0,0.0
74090,0.0,0.0,0.0
74100,0.0,0.0,0.0
74110,0.0,0.0,0.0
74120,0.0,0.0,0.0
74130,0.0,0.0,0.0
74140,0.0,0.0,0.0
74150,0.0,0.0,0.0
74160,0.0,0.0,0.0
74170,0.0,0.0,0.0
74180,0.0,0.0,0.0
74190,0.0,0.0,0.0
74200,0.0,0.0,0.0
74210,0.0,0.0,0.0
74220,0.0,0.0,0.0
74230,0.0,0.0,0.0
74240,0.0,0.0,0.0
74250,0.0,0.0,0.0
74260,0.0,0.0,0.0
74270,0.0,0.0,0.0
74280,0.0,0.0,0.0
74290,0.0,0.0,0.0
74300,0.0,0.0,0.0
74310,0.0,0.0,0.0
74320,0.0,0.0,0.0
74330,0.0,0.0,0.0
74340,0.0,0.0,0.0
74350,0.0,0.0,0.0
74360,0.0,0.0,0.0
74370,0.0,0.0,0.0
74380,0.0,0.0,0.0
74390,0.0,0.0,0.0
74400,0.0,0.0,0.0
74410,0.0,0.0,0.0
74420,0.0,0.0,0.0
74430,0.0,0.0,0.0
74440,0.0,0.0,0.0
74450,0.0,0.0,0.0
74460,0.0,0.0,0.0
74470,0.0,0.0,0.0
74480,0.0,0.0,0.0
74490,0.0,0.0,0.0
74500,0.0,0.0,0.0
74510,0.0,0.0,0.0
74520,0.0,0.0,0.0
74530,0.0,0.0,0.0
74540,0.0,0.0,0.0
74550,0.0,0.0,0.0
74560,0.0,0.0,0.0
74570,0.0,0.0,0.0
74580,0.0,0.0,0.0
74590,0.0,0.0,0.0
74600,0.0,0.0,0.0
74610,0.0,0.0,0.0
74620,0.0,0.0,0.0
74630,0.0,0.0,0.0
74640,0.0,0.0,0.0
74650,0.0,0.0,0.0
74660,0.0,0.0,0.0
74670,0.0,0.0,0.0
74680,0.0,0.0,0.0
74690,0.0,0.0,0.0
74700,0.0,0.0,0.0
74710,0.0,0.0,0.0
74720,0.0,0.0,0.0
74730,0.0,0.0,0.0
74740,0.0,0.0,0.0
74750,0.0,0.0,0.0
74760,0.0,0.0,0.0
74770,0.0,0.0,0.0
74780,0.0,0.0,0.0
74790,0.0,0.0,0.0
74800,0.0,0.0,0.0
74810,0.0,0.0,0.0
74820,0.0,0.0,0.0
74830,0.0,0.0,0.0
74840,0.0,0.0,0.0
74850,0.0,0.0,0.0
74860,0.0,0.0,0.0
74870,0.0,0.0,0.0
74880,0.0,0.0,0.0
74890,0.0,0.0,0.0
74900,0.0,0.0,0.0
74910,0.0,0.0,0.0
74920,0.0,0.0,0.0
74930,0.0,0.0,0.0
74940,0.0,0.0,0.0
74950,0.0,0.0,0.0
74960,0.0,0.0,0.0
74970,0.0,0.0,0.0
74980,0.0,0.0,0.0
74990,0.0,0.0,0.0
75000,0.0,0.0,0.0
75010,0.0,0.0,0.0
75020,0.0,0.0,0.0
75030,0.0,0.0,0.0
75040,0.0,0.0,0.0
75050,0.0,0.0,0.0
75060,0.0,0.0,0.0
75070,0.0,0.0,0.0
75080,0.0,0.0,0.0
75090,0.0,0.0,0.0
75100,0.0,0.0,0.0
75110,0.0,0.0,0.0
75120,0.0,0.0,0.0
75130,0.0,0.0,0.0
75140,0.0,0.0,0.0
75150,0.0,0.0,0.0
75160,0.0,0.0,0.0
75170,0.0,0.0,0.0
75180,0.0,0.0,0.0
75190,0.0,0.0,0.0
75200,0.0,0.0,0.0
75210,0.0,0.0,0.0
75220,0.0,0.0,0.0
75230,0.0,0.0,0.0
75240,0.0,0.0,0.0
75250,0.0,0.0,0.0
75260,0.0,0.0,0.0
75270,0.0,0.0,0.0
75280,0.0,0.0,0.0
75290,0.0,0.0,0.0
75300,0.0,0.0,0.0
75310,0.0,0.0,0.0
75320,0.0,0.0,0.0
75330,0.0,0.0,0.0
75340,0.0,0.0,0.0
75350,0.0,0.0,0.0
75360,0.0,0.0,0.0
75370,0.0,0.0,0.0
75380,0.0,0.0,0.0
75390,0.0,0.0,0.0
75400,0.0,0.0,0.0
75410,0.0,0.0,0.0
75420,0.0,0.0,0.0
75430,0.0,0.0,0.0
75440,0.0,0.0,0.0
75450,0.0,0.0,0.0
75460,0.0,0.0,0.0
75470,0.0,0.0,0.0
75480,0.0,0.0,0.0
75490,0.0,0.0,0.0
75500,0.0,0.0,0.0
75510,0.0,0.0,0.0
75520,0.0,0.0,0.0
75530,0.0,0.0,0.0
75540,0.0,0.0,0.0
75550,0.0,0.0,0.0
75560,0.0,0.0,0.0
75570,0.0,0.0,0.0
75580,0.0,0.0,0.0
75590,0.0,0.0,0.0
75600,0.0,0.0,0.0
75610,0.0,0.0,0.0
75620,0.0,0.0,0.0
75630,0.0,0.0,0.0
75640,0.0,0.0,0.0
75650,0.0,0.0,0.0
75660,0.0,0.0,0.0
75670,0.0,0.0,0.0
75680,0.0,0.0,0.0
75690,0.0,0.0,0.0
75700,0.0,0.0,0.0
75710,0.0,0.0,0.0
75720,0.0,0.0,0.0
75730,0.0,0.0,0.0
75740,0.0,0.0,0.0
75750,0.0,0.0,0.0
75760,0.0,0.0,0.0
75770,0.0,0.0,0.0
75780,0.0,0.0,0.0
75790,0.0,0.0,0.0
75800,0.0,0.0,0.0
75810,0.0,0.0,0.0
75820,0.0,0.0,0.0
75830,0.0,0.0,0.0
75840,0.0,0.0,0.0
75850,0.0,0.0,0.0
75860,0.0,0.0,0.0
75870,0.0,0.0,0.0
75880,0.0,0.0,0.0
75890,0.0,0.0,0.0
75900,0.0,0.0,0.0
75910,0.0,0.0,0.0
75920,0.0,0.0,0.0
75930,0.0,0.0,0.0
75940,0.0,0.0,0.0
75950,0.0,0.0,0.0
75960,0.0,0.0,0.0
75970,0.0,0.0,0.0
75980,0.0,0.0,0.0
75990,0.0,0.0,0.0
76000,0.0,0.0,0.0
76010,0.0,0.0,0.0
76020,0.0,0.0,0.0
76030,0.0,0.0,0.0
76040,0.0,0.0,0.0
76050,0.0,0.0,0.0
76060,0.0,0.0,0.0
76070,0.0,0.0,0.0
76080,0.0,0.0,0.0
76090,0.0,0.0,0.0
76100,0.0,0.0,0.0
76110,0.0,0.0,0.0
76120,0.0,0.0,0.0
76130,0.0,0.0,0.0
76140,0.0,0.0,0.0
76150,0.0,0.0,0.0
76160,0.0,0.0,0.0
76170,0.0,0.0,0.0
76180,0.0,0.0,0.0
76190,0.0,0.0,0.0
76200,0.0,0.0,0.0
76210,0.0,0.0,0.0
76220,0.0,0.0,0.0
76230,0.0,0.0,0.0
76240,0.0,0.0,0.0
76250,0.0,0.0,0.0
76260,0.0,0.0,0.0
76270,0.0,0.0,0.0
76280,0.0,0.0,0.0
76290,0.0,0.0,0.0
76300,0.0,0.0,0.0
76310,0.0,0.0,0.0
76320,0.0,0.0,0.0
76330,0.0,0.0,0.0
76340,0.0,0.0,0.0
76350,0.0,0.0,0.0
76360,0.0,0.0,0.0
76370,0.0,0.0,0.0
76380,0.0,0.0,0.0
76390,0.0,0.0,0.0
76400,0.0,0.0,0.0
76410,0.0,0.0,0.0
76420,0.0,0.0,0.0
76430,0.0,0.0,0.0
76440,0.0,0.0,0.0
76450,0.0,0.0,0.0
76460,0.0,0.0,0.0
76470,0.0,0.0,0.0
76480,0.0,0.0,0.0
76490,0.0,0.0,0.0
76500,0.0,0.0,0.03696
76510,0.0,0.0,0.0
76520,0.0,0.0,0.0
76530,0.0,0.0,0.0
76540,0.0,0.0,0.0
76550,0.0,0.0,0.0
76560,0.0,0.0,0.0
76570,0.0,0.0,0.0
76580,0.0,0.0,0.0
76590,0.0,0.0,0.0
76600,0.0,0.0,0.0
76610,0.0,0.0,0.0
76620,0.0,0.0,0.0
76630,0.0,0.0,0.0
76640,0.0,0.0,0.0
76650,0.0,0.0,0.0
76660,0.0,0.0,0.0
76670,0.0,0.0,0.0
76680,0.0,0.0,0.0
76690,0.0,0.0,0.0
76700,0.0,0.0,0.0
76710,0.0,0.0,0.0
76720,0.0,0.0,0.0
76730,0.0,0.0,0.0
76740,0.0,0.0,0.0
76750,0.0,0.0,0.0
76760,0.0,0.0,0.0
76770,0.0,0.0,0.0
76780,0.0,0.0,0.0
76790,0.0,0.0,0.0
76800,0.0,0.0,0.0
76810,0.0,0.0,0.0
76820,0.0,0.0,0.0
76830,0.0,0.0,0.0
76840,0.0,0.0,0.0
76850,0.0,0.0,0.0
76860,0.0,0.0,0.0
76870,0.0,0.0,0.0
76880,0.0,0.0,0.0
76890,0.0,0.0,0.0
76900,0.0,0.0,0.0
76910,0.0,0.0,0.0
76920,0.0,0.0,0.0
76930,0.0,0.0,0.0
76940,0.0,0.0,0.0
76950,0.0,0.0,0.0
76960,0.0,0.0,0.0
76970,0.0,0.0,0.0
76980,0.0,0.0,0.0
76990,0.0,0.0,0.0
77000,0.0,0.0,0.0
77010,0.0,0.0,0.0
77020,0.0,0.0,0.0
77030,0.0,0.0,0.0
77040,0.0,0.0,0.0
77050,0.0,0.0,0.0
77060,0.0,0.0,0.0
77070,0.0,0.0,0.0
77080,0.0,0.0,0.0
77090,0.0,0.0,0.0
77100,0.0,0.0,0.0
77110,0.0,0.0,0.0
77120,0.0,0.0,0.0
77130,0.0,0.0,0.0
77140,0.0,0.0,0.0
77150,0.0,0.0,0.0
77160,0.0,0.0,0.0
77170,0.0,0.0,0.0
77180,0.0,0.0,0.0
77190,0.0,0.0,0.0
77200,0.0,0.0,0.0
77210,0.0,0.0,0.0
77220,0.0,0.0,0.0
77230,0.0,0.0,0.0
77240,0.0,0.0,0.0
77250,0.0,0.0,0.0
77260,0.0,0.0,0.0
77270,0.0,0.0,0.0
77280,0.0,0.0,0.0
77290,0.0,0.0,0.0
77300,0.0,0.0,0.0
77310,0.0,0.0,0.0
77320,0.0,0.0,0.0
77330,0.0,0.0,0.0
77340,0.0,0.0,0.0
77350,0.0,0.0,0.0
77360,0.0,0.0,0.0
77370,0.0,0.0,0.0
77380,0.0,0.0,0.0
77390,0.0,0.0,0.0
77400,0.0,0.0,0.0
77410,0.0,0.0,0.0
77420,0.0,0.0,0.0
77430,0.0,0.0,0.0
77440,0.0,0.0,0.0
77450,0.0,0.0,0.0
77460,0.0,0.0,0.0
77470,0.0,0.0,0.0
77480,0.0,0.0,0.0
77490,0.0,0.0,0.0
77500,0.0,0.0,0.0
77510,0.0,0.0,0.0
77520,0.0,0.0,0.0
77530,0.0,0.0,0.0
77540,0.0,0.0,0.0
77550,0.0,0.0,0.0
77560,0.0,0.0,0.0
77570,0.0,0.0,0.0
77580,0.0,0.0,0.0
77590,0.0,0.0,0.0
77600,0.0,0.0,0.0
77610,0.0,0.0,0.0
77620,0.0,0.0,0.0
77630,0.0,0.0,0.0
77640,0.0,0.0,0.0
77650,0.0,0.0,0.0
77660,0.0,0.0,0.0
77670,0.0,0.0,0.0
77680,0.0,0.0,0.0
77690,0.0,0.0,0.0
77700,0.0,0.0,0.0
77710,0.0,0.0,0.0
77720,0.0,0.0,0.0
77730,0.0,0.0,0.0
77740,0.0,0.0,0.0
77750,0.0,0.0,0.0
77760,0.0,0.0,0.0
77770,0.0,0.0,0.0
77780,0.0,0.0,0.0
77790,0.0,0.0,0.0
77800,0.0,0.0,0.0
77810,0.0,0.0,0.0
77820,0.0,0.0,0.0
77830,0.0,0.0,0.0
77840,0.0,0.0,0.0
77850,0.0,0.0,0.0
77860,0.0,0.0,0.0
77870,0.0,0.0,0.0
77880,0.0,0.0,0.0
77890,0.0,0.0,0.0
77900,0.0,0.0,0.0
77910,0.0,0.0,0.0
77920,0.0,0.0,0.0
77930,0.0,0.0,0.0
77940,0.0,0.0,0.0
77950,0.0,0.0,0.0
77960,0.0,0.0,0.0
77970,0.0,0.0,0.0
77980,0.0,0.0,0.0
77990,0.0,0.0,0.0
78000,0.0,0.0,0.0
78010,0.0,0.0,0.0
78020,0.0,0.0,0.0
78030,0.0,0.0,0.0
78040,0.0,0.0,0.0
78050,0.0,0.0,0.0
78060,0.0,0.0,0.0
78070,0.0,0.0,0.0
78080,0.0,0.0,0.0
78090,0.0,0.0,0.0
78100,0.0,0.0,0.0
78110,0.0,0.0,0.0
78120,0.0,0.0,0.0
78130,0.0,0.0,0.0
78140,0.0,0.0,0.0
78150,0.0,0.0,0.0
78160,0.0,0.0,0.0
78170,0.0,0.0,0.0
78180,0.0,0.0,0.0
78190,0.0,0.0,0.0
78200,0.0,0.0,0.0
78210,0.0,0.0,0.0
78220,0.0,0.0,0.0
78230,0.0,0.0,0.0
78240,0.0,0.0,0.0
78250,0.0,0.0,0.0
78260,0.0,0.0,0.0
78270,0.0,0.0,0.0
78280,0.0,0.0,0.0
78290,0.0,0.0,0.0
78300,0.0,0.0,0.0
78310,0.0,0.0,0.0
78320,0.0,0.0,0.0
78330,0.0,0.0,0.0
78340,0.0,0.0,0.0
78350,0.0,0.0,0.0
78360,0.0,0.0,0.0
78370,0.0,0.0,0.0
78380,0.0,0.0,0.0
78390,0.0,0.0,0.0
78400,0.0,0.0,0.0
78410,0.0,0.0,0.0
78420,0.0,0.0,0.0
78430,0.0,0.0,0.0
78440,0.0,0.0,0.0
78450,0.0,0.0,0.0
78460,0.0,0.0,0.0
78470,0.0,0.0,0.0
78480,0.0,0.0,0.0
78490,0.0,0.0,0.0
78500,0.0,0.0,0.0
78510,0.0,0.0,0.0
78520,0.0,0.0,0.0
78530,0.0,0.0,0.0
78540,0.0,0.0,0.0
78550,0.0,0.0,0.0
78560,0.0,0.0,0.0
78570,0.0,0.0,0.0
78580,0.0,0.0,0.0
78590,0.0,0.0,0.0
78600,0.0,0.0,0.0
78610,0.0,0.0,0.0
78620,0.0,0.0,0.0
78630,0.0,0.0,0.0
78640,0.0,0.0,0.0
78650,0.0,0.0,0.0
78660,0.0,0.0,0.0
78670,0.0,0.0,0.0
78680,0.0,0.0,0.0
78690,0.0,0.0,0.0
78700,0.0,0.0,0.0
78710,0.0,0.0,0.0
78720,0.0,0.0,0.0
78730,0.0,0.0,0.0
78740,0.0,0.0,0.0
78750,0.0,0.0,0.0
78760,0.0,0.0,0.0
78770,0.0,0.0,0.0
78780,0.0,0.0,0.0
78790,0.0,0.0,0.0
78800,0.0,0.0,0.0
78810,0.0,0.0,0.0
78820,0.0,0.0,0.0
78830,0.0,0.0,0.0
78840,0.0,0.0,0.0
78850,0.0,0.0,0.0
78860,0.0,0.0,0.0
78870,0.0,0.0,0.0
78880,0.0,0.0,0.0
78890,0.0,0.0,0.0
78900,0.0,0.0,0.0
78910,0.0,0.0,0.0
78920,0.0,0.0,0.0
78930,0.0,0.0,0.0
78940,0.0,0.0,0.0
78950,0.0,0.0,0.0
78960,0.0,0.0,0.0
78970,0.0,0.0,0.0
78980,0.0,0.0,0.0
78990,0.0,0.0,0.0
79000,0.0,0.0,0.0
79010,0.0,0.0,0.0
79020,0.0,0.0,0.0
79030,0.0,0.0,0.0
79040,0.0,0.0,0.0
79050,0.0,0.0,0.0
79060,0.0,0.0,0.0
79070,0.0,0.0,0.0
79080,0.0,0.0,0.0
79090,0.0,0.0,0.0
79100,0.0,0.0,0.0
79110,0.0,0.0,0.0
79120,0.0,0.0,0.0
79130,0.0,0.0,0.0
79140,0.0,0.0,0.04332
79150,0.0,0.0,0.0
79160,0.0,0.0,0.0
79170,0.0,0.0,0.0
79180,0.0,0.0,0.0
79190,0.0,0.0,0.0
79200,0.0,0.0,0.0
79210,0.0,0.0,0.0
79220,0.0,0.0,0.0
79230,0.0,0.0,0.0
79240,0.0,0.0,0.0
79250,0.0,0.0,0.0
79260,0.0,0.0,0.0
79270,0.0,0.0,0.0
79280,0.0,0.0,0.0
79290,0.0,0.0,0.0
79300,0.0,0.0,0.0
79310,0.0,0.0,0.0
79320,0.0,0.0,0.0
79330,0.0,0.0,0.0
79340,0.0,0.0,0.0
79350,0.0,0.0,0.0
79360,0.0,0.0,0.0
79370,0.0,0.0,0.0
79380,0.0,0.0,0.0
79390,0.0,0.0,0.0
79400,0.0,0.0,0.0
79410,0.0,0.0,0.0
79420,0.0,0.0,0.0
79430,0.0,0.0,0.0
79440,0.0,0.0,0.0
79450,0.0,0.0,0.0
79460,0.0,0.0,0.0
79470,0.0,0.0,0.0
79480,0.0,0.0,0.0
79490,0.0,0.0,0.0
79500,0.0,0.0,0.0
79510,0.0,0.0,0.0
79520,0.0,0.0,0.0
79530,0.0,0.0,0.0
79540,0.0,0.0,0.0
79550,0.0,0.0,0.0
79560,0.0,0.0,0.0
79570,0.0,0.0,0.0
79580,0.0,0.0,0.0
79590,0.0,0.0,0.0
79600,0.0,0.0,0.0
79610,0.0,0.0,0.0
79620,0.0,0.0,0.0
79630,0.0,0.0,0.0
79640,0.0,0.0,0.0
79650,0.0,0.0,0.0
79660,0.0,0.0,0.0
79670,0.0,0.0,0.0
79680,0.0,0.0,0.0
79690,0.0,0.0,0.0
79700,0.0,0.0,0.0
79710,0.0,0.0,0.0
79720,0.0,0.0,0.0
79730,0.0,0.0,0.0
79740,0.0,0.0,0.0
79750,0.0,0.0,0.0
79760,0.0,0.0,0.0
79770,0.0,0.0,0.0
79780,0.0,0.0,0.0
79790,0.0,0.0,0.0
79800,0.0,0.0,0.0
79810,0.0,0.0,0.0
79820,0.0,0.0,0.0
79830,0.0,0.0,0.0
79840,0.0,0.0,0.0
79850,0.0,0.0,0.0
79860,0.0,0.0,0.0
79870,0.0,0.0,0.0
79880,0.0,0.0,0.0
79890,0.0,0.0,0.0
79900,0.0,0.0,0.0
79910,0.0,0.0,0.0
79920,0.0,0.0,0.0
79930,0.0,0.0,0.0
79940,0.0,0.0,0.0
79950,0.0,0.0,0.0
79960,0.0,0.0,0.0
79970,0.0,0.0,0.0
79980,0.0,0.0,0.0
79990,0.0,0.0,0.0
80000,0.0,0.0,0.0
80010,0.0,0.0,0.0
80020,0.0,0.0,0.0
80030,0.0,0.0,0.0
80040,0.0,0.0,0.0
80050,0.0,0.0,0.0
80060,0.0,0.0,0.0
80070,0.0,0.0,0.0
80080,0.0,0.0,0.0
80090,0.0,0.0,0.0
80100,0.0,0.0,0.0
80110,0.0,0.0,0.0
80120,0.0,0.0,0.0
80130,0.0,0.0,0.0
80140,0.0,0.0,0.0
80150,0.0,0.0,0.0
80160,0.0,0.0,0.0
80170,0.0,0.0,0.0
80180,0.0,0.0,0.0
80190,0.0,0.0,0.0
80200,0.0,0.0,0.0
80210,0.0,0.0,0.0
80220,0.0,0.0,0.0
80230,0.0,0.0,0.0
80240,0.0,0.0,0.0
80250,0.0,0.0,0.0
80260,0.0,0.0,0.0
80270,0.0,0.0,0.0
80280,0.0,0.0,0.0
80290,0.0,0.0,0.0
80300,0.0,0.0,0.0
80310,0.0,0.0,0.0
80320,0.0,0.0,0.0
80330,0.0,0.0,0.0
80340,0.0,0.0,0.0
80350,0.0,0.0,0.0
80360,0.0,0.0,0.0
80370,0.0,0.0,0.0
80380,0.0,0.0,0.0
80390,0.0,0.0,0.0
80400,0.0,0.0,0.0
80410,0.0,0.0,0.0
80420,0.0,0.0,0.0
80430,0.0,0.0,0.0
80440,0.0,0.0,0.0
80450,0.0,0.0,0.0
80460,0.0,0.0,0.0
80470,0.0,0.0,0.0
80480,0.0,0.0,0.0
80490,0.0,0.0,0.0
80500,0.0,0.0,0.0
80510,0.0,0.0,0.0
80520,0.0,0.0,0.0
80530,0.0,0.0,0.0
80540,0.0,0.0,0.0
80550,0.0,0.0,0.0
80560,0.0,0.0,0.0
80570,0.0,0.0,0.0
80580,0.0,0.0,0.0
80590,0.0,0.0,0.0
80600,0.0,0.0,0.0
80610,0.0,0.0,0.0
80620,0.0,0.0,0.0
80630,0.0,0.0,0.0
80640,0.0,0.0,0.0
80650,0.0,0.0,0.0
80660,0.0,0.0,0.0
80670,0.0,0.0,0.0
80680,0.0,0.0,0.0
80690,0.0,0.0,0.0
80700,0.0,0.0,0.0
80710,0.0,0.0,0.0
80720,0.0,0.0,0.0
80730,0.0,0.0,0.0
80740,0.0,0.0,0.0
80750,0.0,0.0,0.0
80760,0.0,0.0,0.0
80770,0.0,0.0,0.0
80780,0.0,0.0,0.0
80790,0.0,0.0,0.0
80800,0.0,0.0,0.0
80810,0.0,0.0,0.0
80820,0.0,0.0,0.0
80830,0.0,0.0,0.0
80840,0.0,0.0,0.0
80850,0.0,0.0,0.0
80860,0.0,0.0,0.0
80870,0.0,0.0,0.0
80880,0.0,0.0,0.0
80890,0.0,0.0,0.0
80900,0.0,0.0,0.0
80910,0.0,0.0,0.0
80920,0.0,0.0,0.0
80930,0.0,0.0,0.0
80940,0.0,0.0,0.0
80950,0.0,0.0,0.0
80960,0.0,0.0,0.0
80970,0.0,0.0,0.0
80980,0.0,0.0,0.0
80990,0.0,0.0,0.0
81000,0.0,0.0,0.0
81010,0.0,0.0,0.0
81020,0.0,0.0,0.0
81030,0.0,0.0,0.0
81040,0.0,0.0,0.0
81050,0.0,0.0,0.0
81060,0.0,0.0,0.04189
81070,0.0,0.0,0.0
81080,0.0,0.0,0.0
81090,0.0,0.0,0.0
81100,0.0,0.0,0.0
81110,0.0,0.0,0.0
81120,0.0,0.0,0.0
81130,0.0,0.0,0.0
81140,0.0,0.0,0.0
81150,0.0,0.0,0.0
81160,0.0,0.0,0.0
81170,0.0,0.0,0.0
81180,0.0,0.0,0.0
81190,0.0,0.0,0.0
81200,0.0,0.0,0.0
81210,0.0,0.0,0.0
81220,0.0,0.0,0.0
81230,0.0,0.0,0.0
81240,0.0,0.0,0.0
81250,0.0,0.0,0.0
81260,0.0,0.0,0.0
81270,0.0,0.0,0.0
81280,0.0,0.0,0.0
81290,0.0,0.0,0.0
81300,0.0,0.0,0.0
81310,0.0,0.0,0.0
81320,0.0,0.0,0.0
81330,0.0,0.0,0.0
81340,0.0,0.0,0.0
81350,0.0,0.0,0.0
81360,0.0,0.0,0.0
81370,0.0,0.0,0.0
81380,0.0,0.0,0.0
81390,0.0,0.0,0.0
81400,0.0,0.0,0.0
81410,0.0,0.0,0.0
81420,0.0,0.0,0.0
81430,0.0,0.0,0.0
81440,0.0,0.0,0.0
81450,0.0,0.0,0.0
81460,0.0,0.0,0.0
81470,0.0,0.0,0.0
81480,0.0,0.0,0.0
81490,0.0,0.0,0.0
81500,0.0,0.0,0.0
81510,0.0,0.0,0.0
81520,0.0,0.0,0.0
81530,0.0,0.0,0.0
81540,0.0,0.0,0.0
81550,0.0,0.0,0.0
81560,0.0,0.0,0.0
81570,0.0,0.0,0.0
81580,0.0,0.0,0.0
81590,0.0,0.0,0.0
81600,0.0,0.0,0.0
81610,0.0,0.0,0.0
81620,0.0,0.0,0.0
81630,0.0,0.0,0.0
81640,0.0,0.0,0.0
81650,0.0,0.0,0.0
81660,0.0,0.0,0.0
81670,0.0,0.0,0.0
81680,0.0,0.0,0.0
81690,0.0,0.0,0.0
81700,0.0,0.0,0.0
81710,0.0,0.0,0.0
81720,0.0,0.0,0.0
81730,0.0,0.0,0.0
81740,0.0,0.0,0.0
81750,0.0,0.0,0.0
81760,0.0,0.0,0.0
81770,0.0,0.0,0.0
81780,0.0,0.0,0.0
81790,0.0,0.0,0.0
81800,0.0,0.0,0.0
81810,0.0,0.0,0.0
81820,0.0,0.0,0.0
81830,0.0,0.0,0.0
81840,0.0,0.0,0.0
81850,0.0,0.0,0.0
81860,0.0,0.0,0.0
81870,0.0,0.0,0.0
81880,0.0,0.0,0.0
81890,0.0,0.0,0.0
81900,0.0,0.0,0.0
81910,0.0,0.0,0.0
81920,0.0,0.0,0.0
81930,0.0,0.0,0.0
81940,0.0,0.0,0.0
81950,0.0,0.0,0.0
81960,0.0,0.0,0.0
81970,0.0,0.0,0.0
81980,0.0,0.0,0.0
81990,0.0,0.0,0.0
82000,0.0,0.0,0.0
82010,0.0,0.0,0.0
82020,0.0,0.0,0.0
82030,0.0,0.0,0.0
82040,0.0,0.0,0.0
82050,0.0,0.0,0.0
82060,0.0,0.0,0.0
82070,0.0,0.0,0.0
82080,0.0,0.0,0.0
82090,0.0,0.0,0.0
82100,0.0,0.0,0.0
82110,0.0,0.0,0.0
82120,0.0,0.0,0.0
82130,0.0,0.0,0.0
82140,0.0,0.0,0.0
82150,0.0,0.0,0.0
82160,0.0,0.0,0.0
82170,0.0,0.0,0.0
82180,0.0,0.0,0.0
82190,0.0,0.0,0.0
82200,0.0,0.0,0.0
82210,0.0,0.0,0.0
82220,0.0,0.0,0.0
82230,0.0,0.0,0.0
82240,0.0,0.0,0.0
82250,0.0,0.0,0.0
82260,0.0,0.0,0.0
82270,0.0,0.0,0.0
82280,0.0,0.0,0.0
82290,0.0,0.0,0.0
82300,0.0,0.0,0.0
82310,0.0,0.0,0.0
82320,0.0,0.0,0.0
82330,0.0,0.0,0.0
82340,0.0,0.0,0.0
82350,0.0,0.0,0.0
82360,0.0,0.0,0.0
82370,0.0,0.0,0.0
82380,0.0,0.0,0.0
82390,0.0,0.0,0.0
82400,0.0,0.0,0.0
82410,0.0,0.0,0.0
82420,0.0,0.0,0.0
82430,0.0,0.0,0.0
82440,0.0,0.0,0.0
82450,0.0,0.0,0.0
82460,0.0,0.0,0.0
82470,0.0,0.0,0.0
82480,0.0,0.0,0.0
82490,0.0,0.0,0.0
82500,0.0,0.0,0.0
82510,0.0,0.0,0.0
82520,0.0,0.0,0.0
82530,0.0,0.0,0.0
82540,0.0,0.0,0.0
82550,0.0,0.0,0.0
82560,0.0,0.0,0.0
82570,0.0,0.0,0.0
82580,0.0,0.0,0.0
82590,0.0,0.0,0.0
82600,0.0,0.0,0.0
82610,0.0,0.0,0.0
82620,0.0,0.0,0.0
82630,0.0,0.0,0.0
82640,0.0,0.0,0.0
82650,0.0,0.0,0.0
82660,0.0,0.0,0.0
82670,0.0,0.0,0.0
82680,0.0,0.0,0.0
82690,0.0,0.0,0.0
82700,0.0,0.0,0.0
82710,0.0,0.0,0.0
82720,0.0,0.0,0.0
82730,0.0,0.0,0.0
82740,0.0,0.0,0.0
82750,0.0,0.0,0.0
82760,0.0,0.0,0.0
82770,0.0,0.0,0.0
82780,0.0,0.0,0.0
82790,0.0,0.0,0.0
