,operator_id,vehicle_id,final_soc,final_node_index,final_time
0,0,0,1.0,8,46000.0
1,0,1,1.0,8,68400.0
2,0,2,1.0,19,68400.0
3,0,3,0.6777074713018096,2877,68400.0
4,0,4,0.9452957189459406,2860,68400.0
5,0,5,0.8081737057238217,1587,69228.08931965809
6,0,6,0.7724415914984484,2461,68400.0
7,0,7,0.8454519048621393,1587,68400.0
8,0,8,0.7531692410279562,2380,68400.0
