,type,total km,total kWh,total CO2 [g],fix costs,total variable costs
0,default_vehtype,0.0,0.0,0.0,2500.0,0.0
1,default_vehtype,0.0,0.0,0.0,2500.0,0.0
2,default_vehtype,0.0,0.0,0.0,2500.0,0.0
3,default_vehtype,140.132881110774,0.7006644055538701,78.47441342203345,2500.0,3503.0
4,default_vehtype,5.907814450997,0.029539072254985,3.30837609255832,2500.0,148.0
5,default_vehtype,157.096151074937,0.785480755374685,87.97384460196471,2500.0,3927.0
6,default_vehtype,0.0,0.0,0.0,2500.0,0.0
7,default_vehtype,121.427783240683,0.607138916203415,67.99955861478247,2500.0,3036.0
8,default_vehtype,112.78218848493199,0.56391094242466,63.15802555156192,2500.0,2820.0
