65228-src.FleetSimulationBase-INFO-Initialization of network and routing engine...
65228-src.routing.NetworkBasic-INFO-... load network dynamics file: d:\Ritun\FleetPy_stochasticity\data\networks\example_network\network_dynamics.csv
65228-src.FleetSimulationBase-INFO-Initialization of line-based public transportation...
65228-src.FleetSimulationBase-INFO-Initialization of travelers...
65228-src.demand.demand-INFO-init(): 0/445 requests removed (rq_time not in simulation time)
65228-src.demand.demand-INFO-init(): 0/445 requests removed (start == end)
65228-src.FleetSimulationBase-INFO-Initialization of MoD fleets...
65228-src.fleetctrl.FleetControlBase-INFO-Scenario example_depot_time_pool_irsonly_rs_45
Operator 0 control strategy: PoolingInsertionHeuristicOnly
	 control function: {'func_key': 'distance_and_user_times_with_walk', 'vot': 0.45}
Operator 0 additional strategies:
	 RV Heuristics: {}
	 Stop-Insert Heuristics: {}
	 Charging: None
	 On-Street Parking: True
	 Repositioning: None
	 Dynamic Pricing: None
	 Dynamic Fleet Sizing: TimeBasedFS

65228-src.FleetSimulationBase-INFO-Simulation environment specific initializations...
65228-src.fleetctrl.fleetsizing.DynamicFleetSizingBase-INFO-Deactivating vehicle veh 0 at pos (8, None, None) with soc 1.0 leg status 0 remaining time None number remaining legs: 0 ob : [] at depot <src.infra.ChargingInfrastructure.Depot object at 0x000002829771B670> (plan time: 25200)
65228-src.fleetctrl.fleetsizing.DynamicFleetSizingBase-INFO-Deactivating vehicle veh 1 at pos (1990, None, None) with soc 1.0 leg status 0 remaining time None number remaining legs: 0 ob : [] at depot <src.infra.ChargingInfrastructure.Depot object at 0x000002829771B580> (plan time: 25200)
65228-src.fleetctrl.fleetsizing.DynamicFleetSizingBase-INFO-Deactivating vehicle veh 2 at pos (2009, None, None) with soc 1.0 leg status 0 remaining time None number remaining legs: 0 ob : [] at depot <src.infra.ChargingInfrastructure.Depot object at 0x000002829771B760> (plan time: 25200)
65228-src.fleetctrl.fleetsizing.DynamicFleetSizingBase-INFO-Deactivating vehicle veh 3 at pos (8, None, None) with soc 1.0 leg status 0 remaining time None number remaining legs: 0 ob : [] at depot <src.infra.ChargingInfrastructure.Depot object at 0x000002829771B670> (plan time: 25200)
65228-src.fleetctrl.fleetsizing.DynamicFleetSizingBase-INFO-Deactivating vehicle veh 4 at pos (1990, None, None) with soc 1.0 leg status 0 remaining time None number remaining legs: 0 ob : [] at depot <src.infra.ChargingInfrastructure.Depot object at 0x000002829771B580> (plan time: 25200)
65228-src.fleetctrl.fleetsizing.TimeBasedFS-INFO-Loaded nr-of-active-vehicles curve from d:\Ritun\FleetPy_stochasticity\data\fleetctrl\elastic_fleet_size\example_active_fleetsize.csv.
65228-src.FleetSimulationBase-INFO-Creating or loading initial vehicle states...
65228-src.FleetSimulationBase-INFO-Initialization of scenario example_depot_time_pool_irsonly_rs_45 successful.
65228-src.routing.NetworkBasic-INFO-STOCHASTIC NETWORK UPDATE HAPPENED HERE FOR SIMULATION TIME 25200
65228-src.routing.NetworkBasic-INFO-OPERATOR NETWORK UPDATE HAPPENED HERE FOR SIMULATION TIME 25200
65228-src.fleetctrl.fleetsizing.DynamicFleetSizingBase-INFO-to deactivate: 0
65228-src.fleetctrl.fleetsizing.DynamicFleetSizingBase-INFO-to deactivate: 0
65228-src.fleetctrl.fleetsizing.DynamicFleetSizingBase-INFO-to deactivate: 0
65228-src.fleetctrl.fleetsizing.DynamicFleetSizingBase-INFO-to deactivate: 0
65228-src.fleetctrl.fleetsizing.DynamicFleetSizingBase-INFO-to deactivate: 0
65228-src.fleetctrl.fleetsizing.DynamicFleetSizingBase-INFO-to deactivate: 0
65228-src.fleetctrl.fleetsizing.DynamicFleetSizingBase-INFO-to deactivate: 0
65228-src.fleetctrl.fleetsizing.DynamicFleetSizingBase-INFO-to deactivate: 0
65228-src.fleetctrl.fleetsizing.DynamicFleetSizingBase-INFO-to deactivate: 0
65228-src.fleetctrl.fleetsizing.DynamicFleetSizingBase-INFO-to deactivate: 0
65228-src.fleetctrl.fleetsizing.DynamicFleetSizingBase-INFO-to deactivate: 0
65228-src.fleetctrl.fleetsizing.DynamicFleetSizingBase-INFO-to deactivate: 0
65228-src.routing.NetworkBasic-INFO-STOCHASTIC NETWORK UPDATE HAPPENED HERE FOR SIMULATION TIME 25320
65228-src.fleetctrl.fleetsizing.DynamicFleetSizingBase-INFO-to deactivate: 0
65228-src.fleetctrl.fleetsizing.DynamicFleetSizingBase-INFO-to deactivate: 0
65228-src.fleetctrl.fleetsizing.DynamicFleetSizingBase-INFO-to deactivate: 0
65228-src.fleetctrl.fleetsizing.DynamicFleetSizingBase-INFO-to deactivate: 0
65228-src.fleetctrl.fleetsizing.DynamicFleetSizingBase-INFO-to deactivate: 0
65228-src.fleetctrl.fleetsizing.DynamicFleetSizingBase-INFO-to deactivate: 0
65228-src.fleetctrl.fleetsizing.DynamicFleetSizingBase-INFO-to deactivate: 0
65228-src.fleetctrl.fleetsizing.DynamicFleetSizingBase-INFO-to deactivate: 0
65228-src.fleetctrl.fleetsizing.DynamicFleetSizingBase-INFO-to deactivate: 0
65228-src.fleetctrl.fleetsizing.DynamicFleetSizingBase-INFO-to deactivate: 0
65228-src.fleetctrl.fleetsizing.DynamicFleetSizingBase-INFO-to deactivate: 0
65228-src.fleetctrl.fleetsizing.DynamicFleetSizingBase-INFO-to deactivate: 0
65228-src.fleetctrl.fleetsizing.DynamicFleetSizingBase-INFO-to deactivate: 0
65228-src.fleetctrl.fleetsizing.DynamicFleetSizingBase-INFO-to deactivate: 0
65228-src.fleetctrl.fleetsizing.DynamicFleetSizingBase-INFO-to deactivate: 0
65228-src.fleetctrl.fleetsizing.DynamicFleetSizingBase-INFO-to deactivate: 0
65228-src.fleetctrl.fleetsizing.DynamicFleetSizingBase-INFO-to deactivate: 0
65228-src.fleetctrl.fleetsizing.DynamicFleetSizingBase-INFO-to deactivate: 0
65228-src.fleetctrl.fleetsizing.DynamicFleetSizingBase-INFO-to deactivate: 0
65228-src.fleetctrl.fleetsizing.DynamicFleetSizingBase-INFO-to deactivate: 0
65228-src.fleetctrl.fleetsizing.DynamicFleetSizingBase-INFO-to deactivate: 0
65228-src.fleetctrl.fleetsizing.DynamicFleetSizingBase-INFO-to deactivate: 0
65228-src.fleetctrl.fleetsizing.DynamicFleetSizingBase-INFO-to deactivate: 0
65228-src.fleetctrl.fleetsizing.DynamicFleetSizingBase-INFO-to deactivate: 0
65228-src.fleetctrl.fleetsizing.DynamicFleetSizingBase-INFO-to deactivate: 0
65228-src.fleetctrl.fleetsizing.DynamicFleetSizingBase-INFO-to deactivate: 0
65228-src.fleetctrl.fleetsizing.DynamicFleetSizingBase-INFO-to deactivate: 0
65228-src.fleetctrl.fleetsizing.DynamicFleetSizingBase-INFO-to deactivate: 0
65228-src.fleetctrl.fleetsizing.DynamicFleetSizingBase-INFO-to deactivate: 0
65228-src.fleetctrl.fleetsizing.DynamicFleetSizingBase-INFO-to deactivate: 0
65228-src.fleetctrl.fleetsizing.DynamicFleetSizingBase-INFO-to deactivate: 0
65228-src.fleetctrl.fleetsizing.DynamicFleetSizingBase-INFO-to deactivate: 0
65228-src.fleetctrl.fleetsizing.DynamicFleetSizingBase-INFO-to deactivate: 0
65228-src.fleetctrl.fleetsizing.DynamicFleetSizingBase-INFO-to deactivate: 0
65228-src.fleetctrl.fleetsizing.DynamicFleetSizingBase-INFO-to deactivate: 0
65228-src.fleetctrl.fleetsizing.DynamicFleetSizingBase-INFO-to deactivate: 0
65228-src.fleetctrl.fleetsizing.DynamicFleetSizingBase-INFO-to deactivate: 0
65228-src.fleetctrl.fleetsizing.DynamicFleetSizingBase-INFO-to deactivate: 0
65228-src.fleetctrl.fleetsizing.DynamicFleetSizingBase-INFO-to deactivate: 0
65228-src.fleetctrl.fleetsizing.DynamicFleetSizingBase-INFO-to deactivate: 0
65228-src.fleetctrl.fleetsizing.DynamicFleetSizingBase-INFO-to deactivate: 0
65228-src.fleetctrl.fleetsizing.DynamicFleetSizingBase-INFO-to deactivate: 0
65228-src.fleetctrl.fleetsizing.DynamicFleetSizingBase-INFO-to deactivate: 0
65228-src.fleetctrl.fleetsizing.DynamicFleetSizingBase-INFO-to deactivate: 0
65228-src.fleetctrl.fleetsizing.DynamicFleetSizingBase-INFO-to deactivate: 0
65228-src.fleetctrl.fleetsizing.DynamicFleetSizingBase-INFO-to deactivate: 0
65228-src.fleetctrl.fleetsizing.DynamicFleetSizingBase-INFO-to deactivate: 0
65228-src.fleetctrl.fleetsizing.DynamicFleetSizingBase-INFO-to deactivate: 0
65228-src.fleetctrl.fleetsizing.DynamicFleetSizingBase-INFO-to deactivate: 0
65228-src.fleetctrl.fleetsizing.DynamicFleetSizingBase-INFO-to deactivate: 0
65228-src.fleetctrl.fleetsizing.DynamicFleetSizingBase-INFO-to deactivate: 0
65228-src.fleetctrl.fleetsizing.DynamicFleetSizingBase-INFO-to deactivate: 0
65228-src.fleetctrl.fleetsizing.DynamicFleetSizingBase-INFO-to deactivate: 0
65228-src.fleetctrl.fleetsizing.DynamicFleetSizingBase-INFO-to deactivate: 0
65228-src.fleetctrl.fleetsizing.DynamicFleetSizingBase-INFO-to deactivate: 0
65228-src.fleetctrl.fleetsizing.DynamicFleetSizingBase-INFO-to deactivate: 0
65228-src.fleetctrl.fleetsizing.DynamicFleetSizingBase-INFO-to deactivate: 0
65228-src.fleetctrl.fleetsizing.DynamicFleetSizingBase-INFO-to deactivate: 0
65228-src.fleetctrl.fleetsizing.DynamicFleetSizingBase-INFO-to deactivate: 0
65228-src.fleetctrl.fleetsizing.DynamicFleetSizingBase-INFO-to deactivate: 0
65228-src.routing.NetworkBasic-INFO-STOCHASTIC NETWORK UPDATE HAPPENED HERE FOR SIMULATION TIME 25920
65228-src.fleetctrl.fleetsizing.DynamicFleetSizingBase-INFO-to deactivate: 0
65228-src.fleetctrl.fleetsizing.DynamicFleetSizingBase-INFO-to deactivate: 0
65228-src.fleetctrl.fleetsizing.DynamicFleetSizingBase-INFO-to deactivate: 0
65228-src.fleetctrl.fleetsizing.DynamicFleetSizingBase-INFO-to deactivate: 0
65228-src.fleetctrl.fleetsizing.DynamicFleetSizingBase-INFO-to deactivate: 0
65228-src.fleetctrl.fleetsizing.DynamicFleetSizingBase-INFO-to deactivate: 0
65228-src.fleetctrl.fleetsizing.DynamicFleetSizingBase-INFO-to deactivate: 0
65228-src.fleetctrl.fleetsizing.DynamicFleetSizingBase-INFO-to deactivate: 0
65228-src.fleetctrl.fleetsizing.DynamicFleetSizingBase-INFO-to deactivate: 0
65228-src.fleetctrl.fleetsizing.DynamicFleetSizingBase-INFO-to deactivate: 0
65228-src.fleetctrl.fleetsizing.DynamicFleetSizingBase-INFO-to deactivate: 0
65228-src.fleetctrl.fleetsizing.DynamicFleetSizingBase-INFO-to deactivate: 0
65228-src.fleetctrl.fleetsizing.DynamicFleetSizingBase-INFO-to deactivate: 0
65228-src.fleetctrl.fleetsizing.DynamicFleetSizingBase-INFO-to deactivate: 0
65228-src.fleetctrl.fleetsizing.DynamicFleetSizingBase-INFO-to deactivate: 0
65228-src.fleetctrl.fleetsizing.DynamicFleetSizingBase-INFO-to deactivate: 0
65228-src.fleetctrl.fleetsizing.DynamicFleetSizingBase-INFO-to deactivate: 0
65228-src.fleetctrl.fleetsizing.DynamicFleetSizingBase-INFO-to deactivate: 0
65228-src.fleetctrl.fleetsizing.DynamicFleetSizingBase-INFO-to deactivate: 0
65228-src.fleetctrl.fleetsizing.DynamicFleetSizingBase-INFO-to deactivate: 0
65228-src.fleetctrl.fleetsizing.DynamicFleetSizingBase-INFO-to deactivate: 0
65228-src.fleetctrl.fleetsizing.DynamicFleetSizingBase-INFO-to deactivate: 0
65228-src.fleetctrl.fleetsizing.DynamicFleetSizingBase-INFO-to deactivate: 0
65228-src.fleetctrl.fleetsizing.DynamicFleetSizingBase-INFO-to deactivate: 0
65228-src.fleetctrl.fleetsizing.DynamicFleetSizingBase-INFO-to deactivate: 0
65228-src.fleetctrl.fleetsizing.DynamicFleetSizingBase-INFO-to deactivate: 0
65228-src.fleetctrl.fleetsizing.DynamicFleetSizingBase-INFO-to deactivate: 0
65228-src.fleetctrl.fleetsizing.DynamicFleetSizingBase-INFO-to deactivate: 0
65228-src.fleetctrl.fleetsizing.DynamicFleetSizingBase-INFO-to deactivate: 0
65228-src.fleetctrl.fleetsizing.DynamicFleetSizingBase-INFO-to deactivate: 0
65228-src.fleetctrl.fleetsizing.DynamicFleetSizingBase-INFO-to deactivate: 0
65228-src.fleetctrl.fleetsizing.DynamicFleetSizingBase-INFO-to deactivate: 0
65228-src.fleetctrl.fleetsizing.DynamicFleetSizingBase-INFO-to deactivate: 0
65228-src.fleetctrl.fleetsizing.DynamicFleetSizingBase-INFO-to deactivate: 0
65228-src.fleetctrl.fleetsizing.DynamicFleetSizingBase-INFO-to deactivate: 0
65228-src.fleetctrl.fleetsizing.DynamicFleetSizingBase-INFO-to deactivate: 0
65228-src.fleetctrl.fleetsizing.DynamicFleetSizingBase-INFO-to deactivate: 0
65228-src.fleetctrl.fleetsizing.DynamicFleetSizingBase-INFO-to deactivate: 0
65228-src.fleetctrl.fleetsizing.DynamicFleetSizingBase-INFO-to deactivate: 0
65228-src.fleetctrl.fleetsizing.DynamicFleetSizingBase-INFO-to deactivate: 0
65228-src.fleetctrl.fleetsizing.DynamicFleetSizingBase-INFO-to deactivate: 0
65228-src.fleetctrl.fleetsizing.DynamicFleetSizingBase-INFO-to deactivate: 0
65228-src.fleetctrl.fleetsizing.DynamicFleetSizingBase-INFO-to deactivate: 0
65228-src.fleetctrl.fleetsizing.DynamicFleetSizingBase-INFO-to deactivate: 0
65228-src.fleetctrl.fleetsizing.DynamicFleetSizingBase-INFO-to deactivate: 0
65228-src.fleetctrl.fleetsizing.DynamicFleetSizingBase-INFO-to deactivate: 0
65228-src.fleetctrl.fleetsizing.DynamicFleetSizingBase-INFO-to deactivate: 0
65228-src.fleetctrl.fleetsizing.DynamicFleetSizingBase-INFO-to deactivate: 0
65228-src.fleetctrl.fleetsizing.DynamicFleetSizingBase-INFO-to deactivate: 0
65228-src.fleetctrl.fleetsizing.DynamicFleetSizingBase-INFO-to deactivate: 0
65228-src.fleetctrl.fleetsizing.DynamicFleetSizingBase-INFO-to deactivate: 0
65228-src.fleetctrl.fleetsizing.DynamicFleetSizingBase-INFO-to deactivate: 0
65228-src.fleetctrl.fleetsizing.DynamicFleetSizingBase-INFO-to deactivate: 0
65228-src.fleetctrl.fleetsizing.DynamicFleetSizingBase-INFO-to deactivate: 0
65228-src.fleetctrl.fleetsizing.DynamicFleetSizingBase-INFO-to deactivate: 0
65228-src.fleetctrl.fleetsizing.DynamicFleetSizingBase-INFO-to deactivate: 0
65228-src.fleetctrl.fleetsizing.DynamicFleetSizingBase-INFO-to deactivate: 0
65228-src.fleetctrl.fleetsizing.DynamicFleetSizingBase-INFO-to deactivate: 0
65228-src.fleetctrl.fleetsizing.DynamicFleetSizingBase-INFO-to deactivate: 0
65228-src.fleetctrl.fleetsizing.DynamicFleetSizingBase-INFO-to deactivate: 0
65228-src.routing.NetworkBasic-INFO-STOCHASTIC NETWORK UPDATE HAPPENED HERE FOR SIMULATION TIME 26520
65228-src.fleetctrl.fleetsizing.DynamicFleetSizingBase-INFO-to deactivate: 0
65228-src.fleetctrl.fleetsizing.DynamicFleetSizingBase-INFO-to deactivate: 0
65228-src.fleetctrl.fleetsizing.DynamicFleetSizingBase-INFO-to deactivate: 0
65228-src.fleetctrl.fleetsizing.DynamicFleetSizingBase-INFO-to deactivate: 0
65228-src.fleetctrl.fleetsizing.DynamicFleetSizingBase-INFO-to deactivate: 0
65228-src.fleetctrl.fleetsizing.DynamicFleetSizingBase-INFO-to deactivate: 0
65228-src.fleetctrl.fleetsizing.DynamicFleetSizingBase-INFO-to deactivate: 0
65228-src.fleetctrl.fleetsizing.DynamicFleetSizingBase-INFO-to deactivate: 0
65228-src.fleetctrl.fleetsizing.DynamicFleetSizingBase-INFO-to deactivate: 0
65228-src.fleetctrl.fleetsizing.DynamicFleetSizingBase-INFO-to deactivate: 0
65228-src.fleetctrl.fleetsizing.DynamicFleetSizingBase-INFO-to deactivate: 0
65228-src.fleetctrl.fleetsizing.DynamicFleetSizingBase-INFO-to deactivate: 0
65228-src.fleetctrl.fleetsizing.DynamicFleetSizingBase-INFO-to deactivate: 0
65228-src.fleetctrl.fleetsizing.DynamicFleetSizingBase-INFO-to deactivate: 0
65228-src.fleetctrl.fleetsizing.DynamicFleetSizingBase-INFO-to deactivate: 0
65228-src.fleetctrl.fleetsizing.DynamicFleetSizingBase-INFO-to deactivate: 0
65228-src.fleetctrl.fleetsizing.DynamicFleetSizingBase-INFO-to deactivate: 0
65228-src.fleetctrl.fleetsizing.DynamicFleetSizingBase-INFO-to deactivate: 0
65228-src.fleetctrl.fleetsizing.DynamicFleetSizingBase-INFO-to deactivate: 0
65228-src.fleetctrl.fleetsizing.DynamicFleetSizingBase-INFO-to deactivate: 0
65228-src.fleetctrl.fleetsizing.DynamicFleetSizingBase-INFO-to deactivate: 0
65228-src.fleetctrl.fleetsizing.DynamicFleetSizingBase-INFO-to deactivate: 0
65228-src.fleetctrl.fleetsizing.DynamicFleetSizingBase-INFO-to deactivate: 0
65228-src.fleetctrl.fleetsizing.DynamicFleetSizingBase-INFO-to deactivate: 0
65228-src.fleetctrl.fleetsizing.DynamicFleetSizingBase-INFO-to deactivate: 0
65228-src.fleetctrl.fleetsizing.DynamicFleetSizingBase-INFO-to deactivate: 0
65228-src.fleetctrl.fleetsizing.DynamicFleetSizingBase-INFO-to deactivate: 0
65228-src.fleetctrl.fleetsizing.DynamicFleetSizingBase-INFO-to deactivate: 0
65228-src.fleetctrl.fleetsizing.DynamicFleetSizingBase-INFO-to deactivate: 0
65228-src.fleetctrl.fleetsizing.DynamicFleetSizingBase-INFO-to deactivate: 0
65228-src.fleetctrl.fleetsizing.DynamicFleetSizingBase-INFO-to deactivate: 0
65228-src.fleetctrl.fleetsizing.DynamicFleetSizingBase-INFO-to deactivate: 0
65228-src.fleetctrl.fleetsizing.DynamicFleetSizingBase-INFO-to deactivate: 0
65228-src.fleetctrl.fleetsizing.DynamicFleetSizingBase-INFO-to deactivate: 0
65228-src.fleetctrl.fleetsizing.DynamicFleetSizingBase-INFO-to deactivate: 0
65228-src.fleetctrl.fleetsizing.DynamicFleetSizingBase-INFO-to deactivate: 0
65228-src.fleetctrl.fleetsizing.DynamicFleetSizingBase-INFO-to deactivate: 0
65228-src.fleetctrl.fleetsizing.DynamicFleetSizingBase-INFO-to deactivate: 0
65228-src.fleetctrl.fleetsizing.DynamicFleetSizingBase-INFO-to deactivate: 0
65228-src.fleetctrl.fleetsizing.DynamicFleetSizingBase-INFO-to deactivate: 0
65228-src.fleetctrl.fleetsizing.DynamicFleetSizingBase-INFO-to deactivate: 0
65228-src.fleetctrl.fleetsizing.DynamicFleetSizingBase-INFO-to deactivate: 0
65228-src.fleetctrl.fleetsizing.DynamicFleetSizingBase-INFO-to deactivate: 0
65228-src.fleetctrl.fleetsizing.DynamicFleetSizingBase-INFO-to deactivate: 0
65228-src.fleetctrl.fleetsizing.DynamicFleetSizingBase-INFO-to deactivate: 0
65228-src.fleetctrl.fleetsizing.DynamicFleetSizingBase-INFO-to deactivate: 0
65228-src.fleetctrl.fleetsizing.DynamicFleetSizingBase-INFO-to deactivate: 0
65228-src.fleetctrl.fleetsizing.DynamicFleetSizingBase-INFO-to deactivate: 0
65228-src.fleetctrl.fleetsizing.DynamicFleetSizingBase-INFO-to deactivate: 0
65228-src.fleetctrl.fleetsizing.DynamicFleetSizingBase-INFO-to deactivate: 0
65228-src.fleetctrl.fleetsizing.DynamicFleetSizingBase-INFO-to deactivate: 0
65228-src.fleetctrl.fleetsizing.DynamicFleetSizingBase-INFO-to deactivate: 0
65228-src.fleetctrl.fleetsizing.DynamicFleetSizingBase-INFO-to deactivate: 0
65228-src.fleetctrl.fleetsizing.DynamicFleetSizingBase-INFO-to deactivate: 0
65228-src.fleetctrl.fleetsizing.DynamicFleetSizingBase-INFO-to deactivate: 0
65228-src.fleetctrl.fleetsizing.DynamicFleetSizingBase-INFO-to deactivate: 0
65228-src.fleetctrl.fleetsizing.DynamicFleetSizingBase-INFO-to deactivate: 0
65228-src.fleetctrl.fleetsizing.DynamicFleetSizingBase-INFO-to deactivate: 0
65228-src.fleetctrl.fleetsizing.DynamicFleetSizingBase-INFO-to deactivate: 0
65228-src.fleetctrl.fleetsizing.DynamicFleetSizingBase-INFO-to deactivate: 0
65228-src.routing.NetworkBasic-INFO-STOCHASTIC NETWORK UPDATE HAPPENED HERE FOR SIMULATION TIME 27120
65228-src.fleetctrl.fleetsizing.DynamicFleetSizingBase-INFO-to deactivate: 0
65228-src.fleetctrl.fleetsizing.DynamicFleetSizingBase-INFO-to deactivate: 0
65228-src.fleetctrl.fleetsizing.DynamicFleetSizingBase-INFO-to deactivate: 0
65228-src.fleetctrl.fleetsizing.DynamicFleetSizingBase-INFO-to deactivate: 0
65228-src.fleetctrl.fleetsizing.DynamicFleetSizingBase-INFO-to deactivate: 0
65228-src.fleetctrl.fleetsizing.DynamicFleetSizingBase-INFO-to deactivate: 0
65228-src.fleetctrl.fleetsizing.DynamicFleetSizingBase-INFO-to deactivate: 0
65228-src.fleetctrl.fleetsizing.DynamicFleetSizingBase-INFO-to deactivate: 0
65228-src.fleetctrl.fleetsizing.DynamicFleetSizingBase-INFO-to deactivate: 0
65228-src.fleetctrl.fleetsizing.DynamicFleetSizingBase-INFO-to deactivate: 0
65228-src.fleetctrl.fleetsizing.DynamicFleetSizingBase-INFO-to deactivate: 0
65228-src.fleetctrl.fleetsizing.DynamicFleetSizingBase-INFO-to deactivate: 0
65228-src.fleetctrl.fleetsizing.DynamicFleetSizingBase-INFO-to deactivate: 0
65228-src.fleetctrl.fleetsizing.DynamicFleetSizingBase-INFO-to deactivate: 0
65228-src.fleetctrl.fleetsizing.DynamicFleetSizingBase-INFO-to deactivate: 0
65228-src.fleetctrl.fleetsizing.DynamicFleetSizingBase-INFO-to deactivate: 0
65228-src.fleetctrl.fleetsizing.DynamicFleetSizingBase-INFO-to deactivate: 0
65228-src.fleetctrl.fleetsizing.DynamicFleetSizingBase-INFO-to deactivate: 0
65228-src.fleetctrl.fleetsizing.DynamicFleetSizingBase-INFO-to deactivate: 0
65228-src.fleetctrl.fleetsizing.DynamicFleetSizingBase-INFO-to deactivate: 0
65228-src.fleetctrl.fleetsizing.DynamicFleetSizingBase-INFO-to deactivate: 0
65228-src.fleetctrl.fleetsizing.DynamicFleetSizingBase-INFO-to deactivate: 0
65228-src.fleetctrl.fleetsizing.DynamicFleetSizingBase-INFO-to deactivate: 0
65228-src.fleetctrl.fleetsizing.DynamicFleetSizingBase-INFO-to deactivate: 0
65228-src.fleetctrl.fleetsizing.DynamicFleetSizingBase-INFO-to deactivate: 0
65228-src.fleetctrl.fleetsizing.DynamicFleetSizingBase-INFO-to deactivate: 0
65228-src.fleetctrl.fleetsizing.DynamicFleetSizingBase-INFO-to deactivate: 0
65228-src.fleetctrl.fleetsizing.DynamicFleetSizingBase-INFO-to deactivate: 0
65228-src.fleetctrl.fleetsizing.DynamicFleetSizingBase-INFO-to deactivate: 0
65228-src.fleetctrl.fleetsizing.DynamicFleetSizingBase-INFO-to deactivate: 0
65228-src.fleetctrl.fleetsizing.DynamicFleetSizingBase-INFO-to deactivate: 0
65228-src.fleetctrl.fleetsizing.DynamicFleetSizingBase-INFO-to deactivate: 0
65228-src.fleetctrl.fleetsizing.DynamicFleetSizingBase-INFO-to deactivate: 0
65228-src.fleetctrl.fleetsizing.DynamicFleetSizingBase-INFO-to deactivate: 0
65228-src.fleetctrl.fleetsizing.DynamicFleetSizingBase-INFO-to deactivate: 0
65228-src.fleetctrl.fleetsizing.DynamicFleetSizingBase-INFO-to deactivate: 0
65228-src.fleetctrl.fleetsizing.DynamicFleetSizingBase-INFO-to deactivate: 0
65228-src.fleetctrl.fleetsizing.DynamicFleetSizingBase-INFO-to deactivate: 0
65228-src.fleetctrl.fleetsizing.DynamicFleetSizingBase-INFO-to deactivate: 0
65228-src.fleetctrl.fleetsizing.DynamicFleetSizingBase-INFO-to deactivate: 0
65228-src.fleetctrl.fleetsizing.DynamicFleetSizingBase-INFO-to deactivate: 0
65228-src.fleetctrl.fleetsizing.DynamicFleetSizingBase-INFO-to deactivate: 0
65228-src.fleetctrl.fleetsizing.DynamicFleetSizingBase-INFO-to deactivate: 0
65228-src.fleetctrl.fleetsizing.DynamicFleetSizingBase-INFO-to deactivate: 0
65228-src.fleetctrl.fleetsizing.DynamicFleetSizingBase-INFO-to deactivate: 0
65228-src.fleetctrl.fleetsizing.DynamicFleetSizingBase-INFO-to deactivate: 0
65228-src.fleetctrl.fleetsizing.DynamicFleetSizingBase-INFO-to deactivate: 0
65228-src.fleetctrl.fleetsizing.DynamicFleetSizingBase-INFO-to deactivate: 0
65228-src.fleetctrl.fleetsizing.DynamicFleetSizingBase-INFO-to deactivate: 0
65228-src.fleetctrl.fleetsizing.DynamicFleetSizingBase-INFO-to deactivate: 0
65228-src.fleetctrl.fleetsizing.DynamicFleetSizingBase-INFO-to deactivate: 0
65228-src.fleetctrl.fleetsizing.DynamicFleetSizingBase-INFO-to deactivate: 0
65228-src.fleetctrl.fleetsizing.DynamicFleetSizingBase-INFO-to deactivate: 0
65228-src.fleetctrl.fleetsizing.DynamicFleetSizingBase-INFO-to deactivate: 0
65228-src.fleetctrl.fleetsizing.DynamicFleetSizingBase-INFO-to deactivate: 0
65228-src.fleetctrl.fleetsizing.DynamicFleetSizingBase-INFO-to deactivate: 0
65228-src.fleetctrl.fleetsizing.DynamicFleetSizingBase-INFO-to deactivate: 0
65228-src.fleetctrl.fleetsizing.DynamicFleetSizingBase-INFO-to deactivate: 0
65228-src.fleetctrl.fleetsizing.DynamicFleetSizingBase-INFO-to deactivate: 0
65228-src.fleetctrl.fleetsizing.DynamicFleetSizingBase-INFO-to deactivate: 0
65228-src.routing.NetworkBasic-INFO-STOCHASTIC NETWORK UPDATE HAPPENED HERE FOR SIMULATION TIME 27720
65228-src.fleetctrl.fleetsizing.DynamicFleetSizingBase-INFO-to deactivate: 0
65228-src.fleetctrl.fleetsizing.DynamicFleetSizingBase-INFO-to deactivate: 0
65228-src.fleetctrl.fleetsizing.DynamicFleetSizingBase-INFO-to deactivate: 0
65228-src.fleetctrl.fleetsizing.DynamicFleetSizingBase-INFO-to deactivate: 0
65228-src.fleetctrl.fleetsizing.DynamicFleetSizingBase-INFO-to deactivate: 0
65228-src.fleetctrl.fleetsizing.DynamicFleetSizingBase-INFO-to deactivate: 0
65228-src.fleetctrl.fleetsizing.DynamicFleetSizingBase-INFO-to deactivate: 0
65228-src.fleetctrl.fleetsizing.DynamicFleetSizingBase-INFO-to deactivate: 0
65228-src.fleetctrl.fleetsizing.DynamicFleetSizingBase-INFO-to deactivate: 0
65228-src.fleetctrl.fleetsizing.DynamicFleetSizingBase-INFO-to deactivate: 0
65228-src.fleetctrl.fleetsizing.DynamicFleetSizingBase-INFO-to deactivate: 0
65228-src.fleetctrl.fleetsizing.DynamicFleetSizingBase-INFO-to deactivate: 0
65228-src.fleetctrl.fleetsizing.DynamicFleetSizingBase-INFO-to deactivate: 0
65228-src.fleetctrl.fleetsizing.DynamicFleetSizingBase-INFO-to deactivate: 0
65228-src.fleetctrl.fleetsizing.DynamicFleetSizingBase-INFO-to deactivate: 0
65228-src.fleetctrl.fleetsizing.DynamicFleetSizingBase-INFO-to deactivate: 0
65228-src.fleetctrl.fleetsizing.DynamicFleetSizingBase-INFO-to deactivate: 0
65228-src.fleetctrl.fleetsizing.DynamicFleetSizingBase-INFO-to deactivate: 0
65228-src.fleetctrl.fleetsizing.DynamicFleetSizingBase-INFO-to deactivate: 0
65228-src.fleetctrl.fleetsizing.DynamicFleetSizingBase-INFO-to deactivate: 0
65228-src.fleetctrl.fleetsizing.DynamicFleetSizingBase-INFO-to deactivate: 0
65228-src.fleetctrl.fleetsizing.DynamicFleetSizingBase-INFO-to deactivate: 0
65228-src.fleetctrl.fleetsizing.DynamicFleetSizingBase-INFO-to deactivate: 0
65228-src.fleetctrl.fleetsizing.DynamicFleetSizingBase-INFO-to deactivate: 0
65228-src.fleetctrl.fleetsizing.DynamicFleetSizingBase-INFO-to deactivate: 0
65228-src.fleetctrl.fleetsizing.DynamicFleetSizingBase-INFO-to deactivate: 0
65228-src.fleetctrl.fleetsizing.DynamicFleetSizingBase-INFO-to deactivate: 0
65228-src.fleetctrl.fleetsizing.DynamicFleetSizingBase-INFO-to deactivate: 0
65228-src.fleetctrl.fleetsizing.DynamicFleetSizingBase-INFO-to deactivate: 0
65228-src.fleetctrl.fleetsizing.DynamicFleetSizingBase-INFO-to deactivate: 0
65228-src.fleetctrl.fleetsizing.DynamicFleetSizingBase-INFO-to deactivate: 0
65228-src.fleetctrl.fleetsizing.DynamicFleetSizingBase-INFO-to deactivate: 0
65228-src.fleetctrl.fleetsizing.DynamicFleetSizingBase-INFO-to deactivate: 0
65228-src.fleetctrl.fleetsizing.DynamicFleetSizingBase-INFO-to deactivate: 0
65228-src.fleetctrl.fleetsizing.DynamicFleetSizingBase-INFO-to deactivate: 0
65228-src.fleetctrl.fleetsizing.DynamicFleetSizingBase-INFO-to deactivate: 0
65228-src.fleetctrl.fleetsizing.DynamicFleetSizingBase-INFO-to deactivate: 0
65228-src.fleetctrl.fleetsizing.DynamicFleetSizingBase-INFO-to deactivate: 0
65228-src.fleetctrl.fleetsizing.DynamicFleetSizingBase-INFO-to deactivate: 0
65228-src.fleetctrl.fleetsizing.DynamicFleetSizingBase-INFO-to deactivate: 0
65228-src.fleetctrl.fleetsizing.DynamicFleetSizingBase-INFO-to deactivate: 0
65228-src.fleetctrl.fleetsizing.DynamicFleetSizingBase-INFO-to deactivate: 0
65228-src.fleetctrl.fleetsizing.DynamicFleetSizingBase-INFO-to deactivate: 0
65228-src.fleetctrl.fleetsizing.DynamicFleetSizingBase-INFO-to deactivate: 0
65228-src.fleetctrl.fleetsizing.DynamicFleetSizingBase-INFO-to deactivate: 0
65228-src.fleetctrl.fleetsizing.DynamicFleetSizingBase-INFO-to deactivate: 0
65228-src.fleetctrl.fleetsizing.DynamicFleetSizingBase-INFO-to deactivate: 0
65228-src.fleetctrl.fleetsizing.DynamicFleetSizingBase-INFO-to deactivate: 0
65228-src.fleetctrl.fleetsizing.DynamicFleetSizingBase-INFO-to deactivate: 0
65228-src.fleetctrl.fleetsizing.DynamicFleetSizingBase-INFO-to deactivate: 0
65228-src.fleetctrl.fleetsizing.DynamicFleetSizingBase-INFO-to deactivate: 0
65228-src.fleetctrl.fleetsizing.DynamicFleetSizingBase-INFO-to deactivate: 0
65228-src.fleetctrl.fleetsizing.DynamicFleetSizingBase-INFO-to deactivate: 0
65228-src.fleetctrl.fleetsizing.DynamicFleetSizingBase-INFO-to deactivate: 0
65228-src.fleetctrl.fleetsizing.DynamicFleetSizingBase-INFO-to deactivate: 0
65228-src.fleetctrl.fleetsizing.DynamicFleetSizingBase-INFO-to deactivate: 0
65228-src.fleetctrl.fleetsizing.DynamicFleetSizingBase-INFO-to deactivate: 0
65228-src.fleetctrl.fleetsizing.DynamicFleetSizingBase-INFO-to deactivate: 0
65228-src.fleetctrl.fleetsizing.DynamicFleetSizingBase-INFO-to deactivate: 0
65228-src.fleetctrl.fleetsizing.DynamicFleetSizingBase-INFO-to deactivate: 0
65228-src.routing.NetworkBasic-INFO-STOCHASTIC NETWORK UPDATE HAPPENED HERE FOR SIMULATION TIME 28320
65228-src.fleetctrl.fleetsizing.DynamicFleetSizingBase-INFO-to deactivate: 0
65228-src.fleetctrl.fleetsizing.DynamicFleetSizingBase-INFO-to deactivate: 0
65228-src.fleetctrl.fleetsizing.DynamicFleetSizingBase-INFO-to deactivate: 0
65228-src.fleetctrl.fleetsizing.DynamicFleetSizingBase-INFO-to deactivate: 0
65228-src.fleetctrl.fleetsizing.DynamicFleetSizingBase-INFO-to deactivate: 0
65228-src.fleetctrl.fleetsizing.DynamicFleetSizingBase-INFO-to deactivate: 0
65228-src.fleetctrl.fleetsizing.DynamicFleetSizingBase-INFO-to deactivate: 0
65228-src.fleetctrl.fleetsizing.DynamicFleetSizingBase-INFO-to deactivate: 0
65228-src.fleetctrl.fleetsizing.DynamicFleetSizingBase-INFO-to deactivate: 0
65228-src.fleetctrl.fleetsizing.DynamicFleetSizingBase-INFO-to deactivate: 0
65228-src.fleetctrl.fleetsizing.DynamicFleetSizingBase-INFO-to deactivate: 0
65228-src.fleetctrl.fleetsizing.DynamicFleetSizingBase-INFO-to deactivate: 0
65228-src.fleetctrl.fleetsizing.DynamicFleetSizingBase-INFO-to deactivate: 0
65228-src.fleetctrl.fleetsizing.DynamicFleetSizingBase-INFO-to deactivate: 0
65228-src.fleetctrl.fleetsizing.DynamicFleetSizingBase-INFO-to deactivate: 0
65228-src.fleetctrl.fleetsizing.DynamicFleetSizingBase-INFO-to deactivate: 0
65228-src.fleetctrl.fleetsizing.DynamicFleetSizingBase-INFO-to deactivate: 0
65228-src.fleetctrl.fleetsizing.DynamicFleetSizingBase-INFO-to deactivate: 0
65228-src.fleetctrl.fleetsizing.DynamicFleetSizingBase-INFO-to deactivate: 0
65228-src.fleetctrl.fleetsizing.DynamicFleetSizingBase-INFO-to deactivate: 0
65228-src.fleetctrl.fleetsizing.DynamicFleetSizingBase-INFO-to deactivate: 0
65228-src.fleetctrl.fleetsizing.DynamicFleetSizingBase-INFO-to deactivate: 0
65228-src.fleetctrl.fleetsizing.DynamicFleetSizingBase-INFO-to deactivate: 0
65228-src.fleetctrl.fleetsizing.DynamicFleetSizingBase-INFO-to deactivate: 0
65228-src.fleetctrl.fleetsizing.DynamicFleetSizingBase-INFO-to deactivate: 0
65228-src.fleetctrl.fleetsizing.DynamicFleetSizingBase-INFO-to deactivate: 0
65228-src.fleetctrl.fleetsizing.DynamicFleetSizingBase-INFO-to deactivate: 0
65228-src.fleetctrl.fleetsizing.DynamicFleetSizingBase-INFO-to deactivate: 0
65228-src.fleetctrl.fleetsizing.DynamicFleetSizingBase-INFO-to deactivate: 0
65228-src.fleetctrl.fleetsizing.DynamicFleetSizingBase-INFO-to deactivate: 0
65228-src.fleetctrl.fleetsizing.DynamicFleetSizingBase-INFO-to deactivate: 0
65228-src.fleetctrl.fleetsizing.DynamicFleetSizingBase-INFO-to deactivate: 0
65228-src.fleetctrl.fleetsizing.DynamicFleetSizingBase-INFO-to deactivate: 0
65228-src.fleetctrl.fleetsizing.DynamicFleetSizingBase-INFO-to deactivate: 0
65228-src.fleetctrl.fleetsizing.DynamicFleetSizingBase-INFO-to deactivate: 0
65228-src.fleetctrl.fleetsizing.DynamicFleetSizingBase-INFO-to deactivate: 0
65228-src.fleetctrl.fleetsizing.DynamicFleetSizingBase-INFO-to deactivate: 0
65228-src.fleetctrl.fleetsizing.DynamicFleetSizingBase-INFO-to deactivate: 0
65228-src.fleetctrl.fleetsizing.DynamicFleetSizingBase-INFO-to deactivate: 0
65228-src.fleetctrl.fleetsizing.DynamicFleetSizingBase-INFO-to deactivate: 0
65228-src.fleetctrl.fleetsizing.DynamicFleetSizingBase-INFO-to deactivate: 0
65228-src.fleetctrl.fleetsizing.DynamicFleetSizingBase-INFO-to deactivate: 0
65228-src.fleetctrl.fleetsizing.DynamicFleetSizingBase-INFO-to deactivate: 0
65228-src.fleetctrl.fleetsizing.DynamicFleetSizingBase-INFO-to deactivate: 0
65228-src.fleetctrl.fleetsizing.DynamicFleetSizingBase-INFO-to deactivate: 0
65228-src.fleetctrl.fleetsizing.DynamicFleetSizingBase-INFO-to deactivate: 0
65228-src.fleetctrl.fleetsizing.DynamicFleetSizingBase-INFO-to deactivate: 0
65228-src.fleetctrl.fleetsizing.DynamicFleetSizingBase-INFO-to deactivate: 0
65228-src.fleetctrl.fleetsizing.DynamicFleetSizingBase-INFO-Activating vehicle veh 0 at pos (8, None, None) with soc 1.0 leg status VRL_STATES.OUT_OF_SERVICE remaining time 9996390 number remaining legs: 1 ob : [] from depot <src.infra.ChargingInfrastructure.Depot object at 0x000002829771B670> (plan time: 28800)
65228-src.fleetctrl.fleetsizing.DynamicFleetSizingBase-INFO-to deactivate: 0
65228-src.fleetctrl.fleetsizing.DynamicFleetSizingBase-INFO-to deactivate: 0
65228-src.fleetctrl.fleetsizing.DynamicFleetSizingBase-INFO-to deactivate: 0
65228-src.fleetctrl.fleetsizing.DynamicFleetSizingBase-INFO-to deactivate: 0
65228-src.fleetctrl.fleetsizing.DynamicFleetSizingBase-INFO-to deactivate: 0
65228-src.fleetctrl.fleetsizing.DynamicFleetSizingBase-INFO-to deactivate: 0
65228-src.fleetctrl.fleetsizing.DynamicFleetSizingBase-INFO-to deactivate: 0
65228-src.fleetctrl.fleetsizing.DynamicFleetSizingBase-INFO-to deactivate: 0
65228-src.fleetctrl.fleetsizing.DynamicFleetSizingBase-INFO-to deactivate: 0
65228-src.fleetctrl.fleetsizing.DynamicFleetSizingBase-INFO-to deactivate: 0
65228-src.fleetctrl.fleetsizing.DynamicFleetSizingBase-INFO-to deactivate: 0
65228-src.fleetctrl.fleetsizing.DynamicFleetSizingBase-INFO-to deactivate: 0
65228-src.routing.NetworkBasic-INFO-STOCHASTIC NETWORK UPDATE HAPPENED HERE FOR SIMULATION TIME 28920
65228-src.fleetctrl.fleetsizing.DynamicFleetSizingBase-INFO-to deactivate: 0
65228-src.fleetctrl.fleetsizing.DynamicFleetSizingBase-INFO-to deactivate: 0
65228-src.fleetctrl.fleetsizing.DynamicFleetSizingBase-INFO-to deactivate: 0
65228-src.fleetctrl.fleetsizing.DynamicFleetSizingBase-INFO-to deactivate: 0
65228-src.fleetctrl.fleetsizing.DynamicFleetSizingBase-INFO-to deactivate: 0
65228-src.fleetctrl.fleetsizing.DynamicFleetSizingBase-INFO-to deactivate: 0
65228-src.fleetctrl.fleetsizing.DynamicFleetSizingBase-INFO-to deactivate: 0
65228-src.fleetctrl.fleetsizing.DynamicFleetSizingBase-INFO-to deactivate: 0
65228-src.fleetctrl.fleetsizing.DynamicFleetSizingBase-INFO-to deactivate: 0
65228-src.fleetctrl.fleetsizing.DynamicFleetSizingBase-INFO-to deactivate: 0
65228-src.fleetctrl.fleetsizing.DynamicFleetSizingBase-INFO-to deactivate: 0
65228-src.fleetctrl.fleetsizing.DynamicFleetSizingBase-INFO-to deactivate: 0
65228-src.fleetctrl.fleetsizing.DynamicFleetSizingBase-INFO-to deactivate: 0
65228-src.fleetctrl.fleetsizing.DynamicFleetSizingBase-INFO-to deactivate: 0
65228-src.fleetctrl.fleetsizing.DynamicFleetSizingBase-INFO-to deactivate: 0
65228-src.fleetctrl.fleetsizing.DynamicFleetSizingBase-INFO-to deactivate: 0
65228-src.fleetctrl.fleetsizing.DynamicFleetSizingBase-INFO-to deactivate: 0
65228-src.fleetctrl.fleetsizing.DynamicFleetSizingBase-INFO-to deactivate: 0
65228-src.fleetctrl.fleetsizing.DynamicFleetSizingBase-INFO-to deactivate: 0
65228-src.fleetctrl.fleetsizing.DynamicFleetSizingBase-INFO-to deactivate: 0
65228-src.fleetctrl.fleetsizing.DynamicFleetSizingBase-INFO-to deactivate: 0
65228-src.fleetctrl.fleetsizing.DynamicFleetSizingBase-INFO-to deactivate: 0
65228-src.fleetctrl.fleetsizing.DynamicFleetSizingBase-INFO-to deactivate: 0
65228-src.fleetctrl.fleetsizing.DynamicFleetSizingBase-INFO-to deactivate: 0
65228-src.fleetctrl.fleetsizing.DynamicFleetSizingBase-INFO-to deactivate: 0
65228-src.fleetctrl.fleetsizing.DynamicFleetSizingBase-INFO-to deactivate: 0
65228-src.fleetctrl.fleetsizing.DynamicFleetSizingBase-INFO-to deactivate: 0
65228-src.fleetctrl.fleetsizing.DynamicFleetSizingBase-INFO-to deactivate: 0
65228-src.fleetctrl.fleetsizing.DynamicFleetSizingBase-INFO-to deactivate: 0
65228-src.fleetctrl.fleetsizing.DynamicFleetSizingBase-INFO-to deactivate: 0
65228-src.fleetctrl.fleetsizing.DynamicFleetSizingBase-INFO-to deactivate: 0
65228-src.fleetctrl.fleetsizing.DynamicFleetSizingBase-INFO-to deactivate: 0
65228-src.fleetctrl.fleetsizing.DynamicFleetSizingBase-INFO-to deactivate: 0
65228-src.fleetctrl.fleetsizing.DynamicFleetSizingBase-INFO-to deactivate: 0
65228-src.fleetctrl.fleetsizing.DynamicFleetSizingBase-INFO-to deactivate: 0
65228-src.fleetctrl.fleetsizing.DynamicFleetSizingBase-INFO-to deactivate: 0
65228-src.fleetctrl.fleetsizing.DynamicFleetSizingBase-INFO-to deactivate: 0
65228-src.fleetctrl.fleetsizing.DynamicFleetSizingBase-INFO-to deactivate: 0
65228-src.fleetctrl.fleetsizing.DynamicFleetSizingBase-INFO-to deactivate: 0
65228-src.fleetctrl.fleetsizing.DynamicFleetSizingBase-INFO-to deactivate: 0
65228-src.fleetctrl.fleetsizing.DynamicFleetSizingBase-INFO-to deactivate: 0
65228-src.fleetctrl.fleetsizing.DynamicFleetSizingBase-INFO-to deactivate: 0
65228-src.fleetctrl.fleetsizing.DynamicFleetSizingBase-INFO-to deactivate: 0
65228-src.fleetctrl.fleetsizing.DynamicFleetSizingBase-INFO-to deactivate: 0
65228-src.fleetctrl.fleetsizing.DynamicFleetSizingBase-INFO-to deactivate: 0
65228-src.fleetctrl.fleetsizing.DynamicFleetSizingBase-INFO-to deactivate: 0
65228-src.fleetctrl.fleetsizing.DynamicFleetSizingBase-INFO-to deactivate: 0
65228-src.fleetctrl.fleetsizing.DynamicFleetSizingBase-INFO-to deactivate: 0
65228-src.fleetctrl.fleetsizing.DynamicFleetSizingBase-INFO-to deactivate: 0
65228-src.fleetctrl.fleetsizing.DynamicFleetSizingBase-INFO-to deactivate: 0
65228-src.fleetctrl.fleetsizing.DynamicFleetSizingBase-INFO-to deactivate: 0
65228-src.fleetctrl.fleetsizing.DynamicFleetSizingBase-INFO-to deactivate: 0
65228-src.fleetctrl.fleetsizing.DynamicFleetSizingBase-INFO-to deactivate: 0
65228-src.fleetctrl.fleetsizing.DynamicFleetSizingBase-INFO-to deactivate: 0
65228-src.fleetctrl.fleetsizing.DynamicFleetSizingBase-INFO-to deactivate: 0
65228-src.fleetctrl.fleetsizing.DynamicFleetSizingBase-INFO-to deactivate: 0
65228-src.fleetctrl.fleetsizing.DynamicFleetSizingBase-INFO-to deactivate: 0
65228-src.fleetctrl.fleetsizing.DynamicFleetSizingBase-INFO-to deactivate: 0
65228-src.fleetctrl.fleetsizing.DynamicFleetSizingBase-INFO-to deactivate: 0
65228-src.fleetctrl.fleetsizing.DynamicFleetSizingBase-INFO-to deactivate: 0
65228-src.routing.NetworkBasic-INFO-STOCHASTIC NETWORK UPDATE HAPPENED HERE FOR SIMULATION TIME 29520
65228-src.fleetctrl.fleetsizing.DynamicFleetSizingBase-INFO-to deactivate: 0
65228-src.fleetctrl.fleetsizing.DynamicFleetSizingBase-INFO-to deactivate: 0
65228-src.fleetctrl.fleetsizing.DynamicFleetSizingBase-INFO-to deactivate: 0
65228-src.fleetctrl.fleetsizing.DynamicFleetSizingBase-INFO-to deactivate: 0
65228-src.fleetctrl.fleetsizing.DynamicFleetSizingBase-INFO-to deactivate: 0
65228-src.fleetctrl.fleetsizing.DynamicFleetSizingBase-INFO-to deactivate: 0
65228-src.fleetctrl.fleetsizing.DynamicFleetSizingBase-INFO-to deactivate: 0
65228-src.fleetctrl.fleetsizing.DynamicFleetSizingBase-INFO-to deactivate: 0
65228-src.fleetctrl.fleetsizing.DynamicFleetSizingBase-INFO-to deactivate: 0
65228-src.fleetctrl.fleetsizing.DynamicFleetSizingBase-INFO-to deactivate: 0
65228-src.fleetctrl.fleetsizing.DynamicFleetSizingBase-INFO-to deactivate: 0
65228-src.fleetctrl.fleetsizing.DynamicFleetSizingBase-INFO-to deactivate: 0
65228-src.fleetctrl.fleetsizing.DynamicFleetSizingBase-INFO-to deactivate: 0
65228-src.fleetctrl.fleetsizing.DynamicFleetSizingBase-INFO-to deactivate: 0
65228-src.fleetctrl.fleetsizing.DynamicFleetSizingBase-INFO-to deactivate: 0
65228-src.fleetctrl.fleetsizing.DynamicFleetSizingBase-INFO-to deactivate: 0
65228-src.fleetctrl.fleetsizing.DynamicFleetSizingBase-INFO-to deactivate: 0
65228-src.fleetctrl.fleetsizing.DynamicFleetSizingBase-INFO-to deactivate: 0
65228-src.fleetctrl.fleetsizing.DynamicFleetSizingBase-INFO-to deactivate: 0
65228-src.fleetctrl.fleetsizing.DynamicFleetSizingBase-INFO-to deactivate: 0
65228-src.fleetctrl.fleetsizing.DynamicFleetSizingBase-INFO-to deactivate: 0
65228-src.fleetctrl.fleetsizing.DynamicFleetSizingBase-INFO-to deactivate: 0
65228-src.fleetctrl.fleetsizing.DynamicFleetSizingBase-INFO-to deactivate: 0
65228-src.fleetctrl.fleetsizing.DynamicFleetSizingBase-INFO-to deactivate: 0
65228-src.fleetctrl.fleetsizing.DynamicFleetSizingBase-INFO-to deactivate: 0
65228-src.fleetctrl.fleetsizing.DynamicFleetSizingBase-INFO-to deactivate: 0
65228-src.fleetctrl.fleetsizing.DynamicFleetSizingBase-INFO-to deactivate: 0
65228-src.fleetctrl.fleetsizing.DynamicFleetSizingBase-INFO-to deactivate: 0
65228-src.fleetctrl.fleetsizing.DynamicFleetSizingBase-INFO-to deactivate: 0
65228-src.fleetctrl.fleetsizing.DynamicFleetSizingBase-INFO-to deactivate: 0
65228-src.fleetctrl.fleetsizing.DynamicFleetSizingBase-INFO-to deactivate: 0
65228-src.fleetctrl.fleetsizing.DynamicFleetSizingBase-INFO-to deactivate: 0
65228-src.fleetctrl.fleetsizing.DynamicFleetSizingBase-INFO-to deactivate: 0
65228-src.fleetctrl.fleetsizing.DynamicFleetSizingBase-INFO-to deactivate: 0
65228-src.fleetctrl.fleetsizing.DynamicFleetSizingBase-INFO-to deactivate: 0
65228-src.fleetctrl.fleetsizing.DynamicFleetSizingBase-INFO-to deactivate: 0
65228-src.fleetctrl.fleetsizing.DynamicFleetSizingBase-INFO-to deactivate: 0
65228-src.fleetctrl.fleetsizing.DynamicFleetSizingBase-INFO-to deactivate: 0
65228-src.fleetctrl.fleetsizing.DynamicFleetSizingBase-INFO-to deactivate: 0
65228-src.fleetctrl.fleetsizing.DynamicFleetSizingBase-INFO-to deactivate: 0
65228-src.fleetctrl.fleetsizing.DynamicFleetSizingBase-INFO-to deactivate: 0
65228-src.fleetctrl.fleetsizing.DynamicFleetSizingBase-INFO-to deactivate: 0
65228-src.fleetctrl.fleetsizing.DynamicFleetSizingBase-INFO-to deactivate: 0
65228-src.fleetctrl.fleetsizing.DynamicFleetSizingBase-INFO-to deactivate: 0
65228-src.fleetctrl.fleetsizing.DynamicFleetSizingBase-INFO-to deactivate: 0
65228-src.fleetctrl.fleetsizing.DynamicFleetSizingBase-INFO-to deactivate: 0
65228-src.fleetctrl.fleetsizing.DynamicFleetSizingBase-INFO-to deactivate: 0
65228-src.fleetctrl.fleetsizing.DynamicFleetSizingBase-INFO-to deactivate: 0
65228-src.fleetctrl.fleetsizing.DynamicFleetSizingBase-INFO-to deactivate: 0
65228-src.fleetctrl.fleetsizing.DynamicFleetSizingBase-INFO-to deactivate: 0
65228-src.fleetctrl.fleetsizing.DynamicFleetSizingBase-INFO-to deactivate: 0
65228-src.fleetctrl.fleetsizing.DynamicFleetSizingBase-INFO-to deactivate: 0
65228-src.fleetctrl.fleetsizing.DynamicFleetSizingBase-INFO-to deactivate: 0
65228-src.fleetctrl.fleetsizing.DynamicFleetSizingBase-INFO-to deactivate: 0
65228-src.fleetctrl.fleetsizing.DynamicFleetSizingBase-INFO-to deactivate: 0
65228-src.fleetctrl.fleetsizing.DynamicFleetSizingBase-INFO-to deactivate: 0
65228-src.fleetctrl.fleetsizing.DynamicFleetSizingBase-INFO-to deactivate: 0
65228-src.fleetctrl.fleetsizing.DynamicFleetSizingBase-INFO-to deactivate: 0
65228-src.fleetctrl.fleetsizing.DynamicFleetSizingBase-INFO-to deactivate: 0
65228-src.fleetctrl.fleetsizing.DynamicFleetSizingBase-INFO-to deactivate: 0
65228-src.routing.NetworkBasic-INFO-STOCHASTIC NETWORK UPDATE HAPPENED HERE FOR SIMULATION TIME 30120
65228-src.fleetctrl.fleetsizing.DynamicFleetSizingBase-INFO-to deactivate: 0
65228-src.fleetctrl.fleetsizing.DynamicFleetSizingBase-INFO-to deactivate: 0
65228-src.fleetctrl.fleetsizing.DynamicFleetSizingBase-INFO-to deactivate: 0
65228-src.fleetctrl.fleetsizing.DynamicFleetSizingBase-INFO-to deactivate: 0
65228-src.fleetctrl.fleetsizing.DynamicFleetSizingBase-INFO-to deactivate: 0
65228-src.fleetctrl.fleetsizing.DynamicFleetSizingBase-INFO-to deactivate: 0
65228-src.fleetctrl.fleetsizing.DynamicFleetSizingBase-INFO-to deactivate: 0
65228-src.fleetctrl.fleetsizing.DynamicFleetSizingBase-INFO-to deactivate: 0
65228-src.fleetctrl.fleetsizing.DynamicFleetSizingBase-INFO-to deactivate: 0
65228-src.fleetctrl.fleetsizing.DynamicFleetSizingBase-INFO-to deactivate: 0
65228-src.fleetctrl.fleetsizing.DynamicFleetSizingBase-INFO-to deactivate: 0
65228-src.fleetctrl.fleetsizing.DynamicFleetSizingBase-INFO-to deactivate: 0
65228-src.fleetctrl.fleetsizing.DynamicFleetSizingBase-INFO-to deactivate: 0
65228-src.fleetctrl.fleetsizing.DynamicFleetSizingBase-INFO-to deactivate: 0
65228-src.fleetctrl.fleetsizing.DynamicFleetSizingBase-INFO-to deactivate: 0
65228-src.fleetctrl.fleetsizing.DynamicFleetSizingBase-INFO-to deactivate: 0
65228-src.fleetctrl.fleetsizing.DynamicFleetSizingBase-INFO-to deactivate: 0
65228-src.fleetctrl.fleetsizing.DynamicFleetSizingBase-INFO-to deactivate: 0
65228-src.fleetctrl.fleetsizing.DynamicFleetSizingBase-INFO-to deactivate: 0
65228-src.fleetctrl.fleetsizing.DynamicFleetSizingBase-INFO-to deactivate: 0
65228-src.fleetctrl.fleetsizing.DynamicFleetSizingBase-INFO-to deactivate: 0
65228-src.fleetctrl.fleetsizing.DynamicFleetSizingBase-INFO-to deactivate: 0
65228-src.fleetctrl.fleetsizing.DynamicFleetSizingBase-INFO-to deactivate: 0
65228-src.fleetctrl.fleetsizing.DynamicFleetSizingBase-INFO-to deactivate: 0
65228-src.fleetctrl.fleetsizing.DynamicFleetSizingBase-INFO-to deactivate: 0
65228-src.fleetctrl.fleetsizing.DynamicFleetSizingBase-INFO-to deactivate: 0
65228-src.fleetctrl.fleetsizing.DynamicFleetSizingBase-INFO-to deactivate: 0
65228-src.fleetctrl.fleetsizing.DynamicFleetSizingBase-INFO-to deactivate: 0
65228-src.fleetctrl.fleetsizing.DynamicFleetSizingBase-INFO-to deactivate: 0
65228-src.fleetctrl.fleetsizing.DynamicFleetSizingBase-INFO-to deactivate: 0
65228-src.fleetctrl.fleetsizing.DynamicFleetSizingBase-INFO-to deactivate: 0
65228-src.fleetctrl.fleetsizing.DynamicFleetSizingBase-INFO-to deactivate: 0
65228-src.fleetctrl.fleetsizing.DynamicFleetSizingBase-INFO-to deactivate: 0
65228-src.fleetctrl.fleetsizing.DynamicFleetSizingBase-INFO-to deactivate: 0
65228-src.fleetctrl.fleetsizing.DynamicFleetSizingBase-INFO-to deactivate: 0
65228-src.fleetctrl.fleetsizing.DynamicFleetSizingBase-INFO-to deactivate: 0
65228-src.fleetctrl.fleetsizing.DynamicFleetSizingBase-INFO-to deactivate: 0
65228-src.fleetctrl.fleetsizing.DynamicFleetSizingBase-INFO-to deactivate: 0
65228-src.fleetctrl.fleetsizing.DynamicFleetSizingBase-INFO-to deactivate: 0
65228-src.fleetctrl.fleetsizing.DynamicFleetSizingBase-INFO-to deactivate: 0
65228-src.fleetctrl.fleetsizing.DynamicFleetSizingBase-INFO-to deactivate: 0
65228-src.fleetctrl.fleetsizing.DynamicFleetSizingBase-INFO-to deactivate: 0
65228-src.fleetctrl.fleetsizing.DynamicFleetSizingBase-INFO-to deactivate: 0
65228-src.fleetctrl.fleetsizing.DynamicFleetSizingBase-INFO-to deactivate: 0
65228-src.fleetctrl.fleetsizing.DynamicFleetSizingBase-INFO-to deactivate: 0
65228-src.fleetctrl.fleetsizing.DynamicFleetSizingBase-INFO-to deactivate: 0
65228-src.fleetctrl.fleetsizing.DynamicFleetSizingBase-INFO-to deactivate: 0
65228-src.fleetctrl.fleetsizing.DynamicFleetSizingBase-INFO-to deactivate: 0
65228-src.fleetctrl.fleetsizing.DynamicFleetSizingBase-INFO-to deactivate: 0
65228-src.fleetctrl.fleetsizing.DynamicFleetSizingBase-INFO-to deactivate: 0
65228-src.fleetctrl.fleetsizing.DynamicFleetSizingBase-INFO-to deactivate: 0
65228-src.fleetctrl.fleetsizing.DynamicFleetSizingBase-INFO-to deactivate: 0
65228-src.fleetctrl.fleetsizing.DynamicFleetSizingBase-INFO-to deactivate: 0
65228-src.fleetctrl.fleetsizing.DynamicFleetSizingBase-INFO-to deactivate: 0
65228-src.fleetctrl.fleetsizing.DynamicFleetSizingBase-INFO-to deactivate: 0
65228-src.fleetctrl.fleetsizing.DynamicFleetSizingBase-INFO-to deactivate: 0
65228-src.fleetctrl.fleetsizing.DynamicFleetSizingBase-INFO-to deactivate: 0
65228-src.fleetctrl.fleetsizing.DynamicFleetSizingBase-INFO-to deactivate: 0
65228-src.fleetctrl.fleetsizing.DynamicFleetSizingBase-INFO-to deactivate: 0
65228-src.fleetctrl.fleetsizing.DynamicFleetSizingBase-INFO-to deactivate: 0
65228-src.routing.NetworkBasic-INFO-STOCHASTIC NETWORK UPDATE HAPPENED HERE FOR SIMULATION TIME 30720
65228-src.fleetctrl.fleetsizing.DynamicFleetSizingBase-INFO-to deactivate: 0
65228-src.fleetctrl.fleetsizing.DynamicFleetSizingBase-INFO-to deactivate: 0
65228-src.fleetctrl.fleetsizing.DynamicFleetSizingBase-INFO-to deactivate: 0
65228-src.fleetctrl.fleetsizing.DynamicFleetSizingBase-INFO-to deactivate: 0
65228-src.fleetctrl.fleetsizing.DynamicFleetSizingBase-INFO-to deactivate: 0
65228-src.fleetctrl.fleetsizing.DynamicFleetSizingBase-INFO-to deactivate: 0
65228-src.fleetctrl.fleetsizing.DynamicFleetSizingBase-INFO-to deactivate: 0
65228-src.fleetctrl.fleetsizing.DynamicFleetSizingBase-INFO-to deactivate: 0
65228-src.fleetctrl.fleetsizing.DynamicFleetSizingBase-INFO-to deactivate: 0
65228-src.fleetctrl.fleetsizing.DynamicFleetSizingBase-INFO-to deactivate: 0
65228-src.fleetctrl.fleetsizing.DynamicFleetSizingBase-INFO-to deactivate: 0
65228-src.fleetctrl.fleetsizing.DynamicFleetSizingBase-INFO-to deactivate: 0
65228-src.fleetctrl.fleetsizing.DynamicFleetSizingBase-INFO-to deactivate: 0
65228-src.fleetctrl.fleetsizing.DynamicFleetSizingBase-INFO-to deactivate: 0
65228-src.fleetctrl.fleetsizing.DynamicFleetSizingBase-INFO-to deactivate: 0
65228-src.fleetctrl.fleetsizing.DynamicFleetSizingBase-INFO-to deactivate: 0
65228-src.fleetctrl.fleetsizing.DynamicFleetSizingBase-INFO-to deactivate: 0
65228-src.fleetctrl.fleetsizing.DynamicFleetSizingBase-INFO-to deactivate: 0
65228-src.fleetctrl.fleetsizing.DynamicFleetSizingBase-INFO-to deactivate: 0
65228-src.fleetctrl.fleetsizing.DynamicFleetSizingBase-INFO-to deactivate: 0
65228-src.fleetctrl.fleetsizing.DynamicFleetSizingBase-INFO-to deactivate: 0
65228-src.fleetctrl.fleetsizing.DynamicFleetSizingBase-INFO-to deactivate: 0
65228-src.fleetctrl.fleetsizing.DynamicFleetSizingBase-INFO-to deactivate: 0
65228-src.fleetctrl.fleetsizing.DynamicFleetSizingBase-INFO-to deactivate: 0
65228-src.fleetctrl.fleetsizing.DynamicFleetSizingBase-INFO-to deactivate: 0
65228-src.fleetctrl.fleetsizing.DynamicFleetSizingBase-INFO-to deactivate: 0
65228-src.fleetctrl.fleetsizing.DynamicFleetSizingBase-INFO-to deactivate: 0
65228-src.fleetctrl.fleetsizing.DynamicFleetSizingBase-INFO-to deactivate: 0
65228-src.fleetctrl.fleetsizing.DynamicFleetSizingBase-INFO-to deactivate: 0
65228-src.fleetctrl.fleetsizing.DynamicFleetSizingBase-INFO-to deactivate: 0
65228-src.fleetctrl.fleetsizing.DynamicFleetSizingBase-INFO-to deactivate: 0
65228-src.fleetctrl.fleetsizing.DynamicFleetSizingBase-INFO-to deactivate: 0
65228-src.fleetctrl.fleetsizing.DynamicFleetSizingBase-INFO-to deactivate: 0
65228-src.fleetctrl.fleetsizing.DynamicFleetSizingBase-INFO-to deactivate: 0
65228-src.fleetctrl.fleetsizing.DynamicFleetSizingBase-INFO-to deactivate: 0
65228-src.fleetctrl.fleetsizing.DynamicFleetSizingBase-INFO-to deactivate: 0
65228-src.fleetctrl.fleetsizing.DynamicFleetSizingBase-INFO-to deactivate: 0
65228-src.fleetctrl.fleetsizing.DynamicFleetSizingBase-INFO-to deactivate: 0
65228-src.fleetctrl.fleetsizing.DynamicFleetSizingBase-INFO-to deactivate: 0
65228-src.fleetctrl.fleetsizing.DynamicFleetSizingBase-INFO-to deactivate: 0
65228-src.fleetctrl.fleetsizing.DynamicFleetSizingBase-INFO-to deactivate: 0
65228-src.fleetctrl.fleetsizing.DynamicFleetSizingBase-INFO-to deactivate: 0
65228-src.fleetctrl.fleetsizing.DynamicFleetSizingBase-INFO-to deactivate: 0
65228-src.fleetctrl.fleetsizing.DynamicFleetSizingBase-INFO-to deactivate: 0
65228-src.fleetctrl.fleetsizing.DynamicFleetSizingBase-INFO-to deactivate: 0
65228-src.fleetctrl.fleetsizing.DynamicFleetSizingBase-INFO-to deactivate: 0
65228-src.fleetctrl.fleetsizing.DynamicFleetSizingBase-INFO-to deactivate: 0
65228-src.fleetctrl.fleetsizing.DynamicFleetSizingBase-INFO-to deactivate: 0
65228-src.fleetctrl.fleetsizing.DynamicFleetSizingBase-INFO-to deactivate: 0
65228-src.fleetctrl.fleetsizing.DynamicFleetSizingBase-INFO-to deactivate: 0
65228-src.fleetctrl.fleetsizing.DynamicFleetSizingBase-INFO-to deactivate: 0
65228-src.fleetctrl.fleetsizing.DynamicFleetSizingBase-INFO-to deactivate: 0
65228-src.fleetctrl.fleetsizing.DynamicFleetSizingBase-INFO-to deactivate: 0
65228-src.fleetctrl.fleetsizing.DynamicFleetSizingBase-INFO-to deactivate: 0
65228-src.fleetctrl.fleetsizing.DynamicFleetSizingBase-INFO-to deactivate: 0
65228-src.fleetctrl.fleetsizing.DynamicFleetSizingBase-INFO-to deactivate: 0
65228-src.fleetctrl.fleetsizing.DynamicFleetSizingBase-INFO-to deactivate: 0
65228-src.fleetctrl.fleetsizing.DynamicFleetSizingBase-INFO-to deactivate: 0
65228-src.fleetctrl.fleetsizing.DynamicFleetSizingBase-INFO-to deactivate: 0
65228-src.fleetctrl.fleetsizing.DynamicFleetSizingBase-INFO-to deactivate: 0
65228-src.routing.NetworkBasic-INFO-STOCHASTIC NETWORK UPDATE HAPPENED HERE FOR SIMULATION TIME 31320
65228-src.fleetctrl.fleetsizing.DynamicFleetSizingBase-INFO-to deactivate: 0
65228-src.fleetctrl.fleetsizing.DynamicFleetSizingBase-INFO-to deactivate: 0
65228-src.fleetctrl.fleetsizing.DynamicFleetSizingBase-INFO-to deactivate: 0
65228-src.fleetctrl.fleetsizing.DynamicFleetSizingBase-INFO-to deactivate: 0
65228-src.fleetctrl.fleetsizing.DynamicFleetSizingBase-INFO-to deactivate: 0
65228-src.fleetctrl.fleetsizing.DynamicFleetSizingBase-INFO-to deactivate: 0
65228-src.fleetctrl.fleetsizing.DynamicFleetSizingBase-INFO-to deactivate: 0
65228-src.fleetctrl.fleetsizing.DynamicFleetSizingBase-INFO-to deactivate: 0
65228-src.fleetctrl.fleetsizing.DynamicFleetSizingBase-INFO-to deactivate: 0
65228-src.fleetctrl.fleetsizing.DynamicFleetSizingBase-INFO-to deactivate: 0
65228-src.fleetctrl.fleetsizing.DynamicFleetSizingBase-INFO-to deactivate: 0
65228-src.fleetctrl.fleetsizing.DynamicFleetSizingBase-INFO-to deactivate: 0
65228-src.fleetctrl.fleetsizing.DynamicFleetSizingBase-INFO-to deactivate: 0
65228-src.fleetctrl.fleetsizing.DynamicFleetSizingBase-INFO-to deactivate: 0
65228-src.fleetctrl.fleetsizing.DynamicFleetSizingBase-INFO-to deactivate: 0
65228-src.fleetctrl.fleetsizing.DynamicFleetSizingBase-INFO-to deactivate: 0
65228-src.fleetctrl.fleetsizing.DynamicFleetSizingBase-INFO-to deactivate: 0
65228-src.fleetctrl.fleetsizing.DynamicFleetSizingBase-INFO-to deactivate: 0
65228-src.fleetctrl.fleetsizing.DynamicFleetSizingBase-INFO-to deactivate: 0
65228-src.fleetctrl.fleetsizing.DynamicFleetSizingBase-INFO-to deactivate: 0
65228-src.fleetctrl.fleetsizing.DynamicFleetSizingBase-INFO-to deactivate: 0
65228-src.fleetctrl.fleetsizing.DynamicFleetSizingBase-INFO-to deactivate: 0
65228-src.fleetctrl.fleetsizing.DynamicFleetSizingBase-INFO-to deactivate: 0
65228-src.fleetctrl.fleetsizing.DynamicFleetSizingBase-INFO-to deactivate: 0
65228-src.fleetctrl.fleetsizing.DynamicFleetSizingBase-INFO-to deactivate: 0
65228-src.fleetctrl.fleetsizing.DynamicFleetSizingBase-INFO-to deactivate: 0
65228-src.fleetctrl.fleetsizing.DynamicFleetSizingBase-INFO-to deactivate: 0
65228-src.fleetctrl.fleetsizing.DynamicFleetSizingBase-INFO-to deactivate: 0
65228-src.fleetctrl.fleetsizing.DynamicFleetSizingBase-INFO-to deactivate: 0
65228-src.fleetctrl.fleetsizing.DynamicFleetSizingBase-INFO-to deactivate: 0
65228-src.fleetctrl.fleetsizing.DynamicFleetSizingBase-INFO-to deactivate: 0
65228-src.fleetctrl.fleetsizing.DynamicFleetSizingBase-INFO-to deactivate: 0
65228-src.fleetctrl.fleetsizing.DynamicFleetSizingBase-INFO-to deactivate: 0
65228-src.fleetctrl.fleetsizing.DynamicFleetSizingBase-INFO-to deactivate: 0
65228-src.fleetctrl.fleetsizing.DynamicFleetSizingBase-INFO-to deactivate: 0
65228-src.fleetctrl.fleetsizing.DynamicFleetSizingBase-INFO-to deactivate: 0
65228-src.fleetctrl.fleetsizing.DynamicFleetSizingBase-INFO-to deactivate: 0
65228-src.fleetctrl.fleetsizing.DynamicFleetSizingBase-INFO-to deactivate: 0
65228-src.fleetctrl.fleetsizing.DynamicFleetSizingBase-INFO-to deactivate: 0
65228-src.fleetctrl.fleetsizing.DynamicFleetSizingBase-INFO-to deactivate: 0
65228-src.fleetctrl.fleetsizing.DynamicFleetSizingBase-INFO-to deactivate: 0
65228-src.fleetctrl.fleetsizing.DynamicFleetSizingBase-INFO-to deactivate: 0
65228-src.fleetctrl.fleetsizing.DynamicFleetSizingBase-INFO-to deactivate: 0
65228-src.fleetctrl.fleetsizing.DynamicFleetSizingBase-INFO-to deactivate: 0
65228-src.fleetctrl.fleetsizing.DynamicFleetSizingBase-INFO-to deactivate: 0
65228-src.fleetctrl.fleetsizing.DynamicFleetSizingBase-INFO-to deactivate: 0
65228-src.fleetctrl.fleetsizing.DynamicFleetSizingBase-INFO-to deactivate: 0
65228-src.fleetctrl.fleetsizing.DynamicFleetSizingBase-INFO-to deactivate: 0
65228-src.fleetctrl.fleetsizing.DynamicFleetSizingBase-INFO-to deactivate: 0
65228-src.fleetctrl.fleetsizing.DynamicFleetSizingBase-INFO-to deactivate: 0
65228-src.fleetctrl.fleetsizing.DynamicFleetSizingBase-INFO-to deactivate: 0
65228-src.fleetctrl.fleetsizing.DynamicFleetSizingBase-INFO-to deactivate: 0
65228-src.fleetctrl.fleetsizing.DynamicFleetSizingBase-INFO-to deactivate: 0
65228-src.fleetctrl.fleetsizing.DynamicFleetSizingBase-INFO-to deactivate: 0
65228-src.fleetctrl.fleetsizing.DynamicFleetSizingBase-INFO-to deactivate: 0
65228-src.fleetctrl.fleetsizing.DynamicFleetSizingBase-INFO-to deactivate: 0
65228-src.fleetctrl.fleetsizing.DynamicFleetSizingBase-INFO-to deactivate: 0
65228-src.fleetctrl.fleetsizing.DynamicFleetSizingBase-INFO-to deactivate: 0
65228-src.fleetctrl.fleetsizing.DynamicFleetSizingBase-INFO-to deactivate: 0
65228-src.fleetctrl.fleetsizing.DynamicFleetSizingBase-INFO-to deactivate: 0
65228-src.routing.NetworkBasic-INFO-STOCHASTIC NETWORK UPDATE HAPPENED HERE FOR SIMULATION TIME 31920
65228-src.fleetctrl.fleetsizing.DynamicFleetSizingBase-INFO-to deactivate: 0
65228-src.fleetctrl.fleetsizing.DynamicFleetSizingBase-INFO-to deactivate: 0
65228-src.fleetctrl.fleetsizing.DynamicFleetSizingBase-INFO-to deactivate: 0
65228-src.fleetctrl.fleetsizing.DynamicFleetSizingBase-INFO-to deactivate: 0
65228-src.fleetctrl.fleetsizing.DynamicFleetSizingBase-INFO-to deactivate: 0
65228-src.fleetctrl.fleetsizing.DynamicFleetSizingBase-INFO-to deactivate: 0
65228-src.fleetctrl.fleetsizing.DynamicFleetSizingBase-INFO-to deactivate: 0
65228-src.fleetctrl.fleetsizing.DynamicFleetSizingBase-INFO-to deactivate: 0
65228-src.fleetctrl.fleetsizing.DynamicFleetSizingBase-INFO-to deactivate: 0
65228-src.fleetctrl.fleetsizing.DynamicFleetSizingBase-INFO-to deactivate: 0
65228-src.fleetctrl.fleetsizing.DynamicFleetSizingBase-INFO-to deactivate: 0
65228-src.fleetctrl.fleetsizing.DynamicFleetSizingBase-INFO-to deactivate: 0
65228-src.fleetctrl.fleetsizing.DynamicFleetSizingBase-INFO-to deactivate: 0
65228-src.fleetctrl.fleetsizing.DynamicFleetSizingBase-INFO-to deactivate: 0
65228-src.fleetctrl.fleetsizing.DynamicFleetSizingBase-INFO-to deactivate: 0
65228-src.fleetctrl.fleetsizing.DynamicFleetSizingBase-INFO-to deactivate: 0
65228-src.fleetctrl.fleetsizing.DynamicFleetSizingBase-INFO-to deactivate: 0
65228-src.fleetctrl.fleetsizing.DynamicFleetSizingBase-INFO-to deactivate: 0
65228-src.fleetctrl.fleetsizing.DynamicFleetSizingBase-INFO-to deactivate: 0
65228-src.fleetctrl.fleetsizing.DynamicFleetSizingBase-INFO-to deactivate: 0
65228-src.fleetctrl.fleetsizing.DynamicFleetSizingBase-INFO-to deactivate: 0
65228-src.fleetctrl.fleetsizing.DynamicFleetSizingBase-INFO-to deactivate: 0
65228-src.fleetctrl.fleetsizing.DynamicFleetSizingBase-INFO-to deactivate: 0
65228-src.fleetctrl.fleetsizing.DynamicFleetSizingBase-INFO-to deactivate: 0
65228-src.fleetctrl.fleetsizing.DynamicFleetSizingBase-INFO-to deactivate: 0
65228-src.fleetctrl.fleetsizing.DynamicFleetSizingBase-INFO-to deactivate: 0
65228-src.fleetctrl.fleetsizing.DynamicFleetSizingBase-INFO-to deactivate: 0
65228-src.fleetctrl.fleetsizing.DynamicFleetSizingBase-INFO-to deactivate: 0
65228-src.fleetctrl.fleetsizing.DynamicFleetSizingBase-INFO-to deactivate: 0
65228-src.fleetctrl.fleetsizing.DynamicFleetSizingBase-INFO-to deactivate: 0
65228-src.fleetctrl.fleetsizing.DynamicFleetSizingBase-INFO-to deactivate: 0
65228-src.fleetctrl.fleetsizing.DynamicFleetSizingBase-INFO-to deactivate: 0
65228-src.fleetctrl.fleetsizing.DynamicFleetSizingBase-INFO-to deactivate: 0
65228-src.fleetctrl.fleetsizing.DynamicFleetSizingBase-INFO-to deactivate: 0
65228-src.fleetctrl.fleetsizing.DynamicFleetSizingBase-INFO-to deactivate: 0
65228-src.fleetctrl.fleetsizing.DynamicFleetSizingBase-INFO-to deactivate: 0
65228-src.fleetctrl.fleetsizing.DynamicFleetSizingBase-INFO-to deactivate: 0
65228-src.fleetctrl.fleetsizing.DynamicFleetSizingBase-INFO-to deactivate: 0
65228-src.fleetctrl.fleetsizing.DynamicFleetSizingBase-INFO-to deactivate: 0
65228-src.fleetctrl.fleetsizing.DynamicFleetSizingBase-INFO-to deactivate: 0
65228-src.fleetctrl.fleetsizing.DynamicFleetSizingBase-INFO-to deactivate: 0
65228-src.fleetctrl.fleetsizing.DynamicFleetSizingBase-INFO-to deactivate: 0
65228-src.fleetctrl.fleetsizing.DynamicFleetSizingBase-INFO-to deactivate: 0
65228-src.fleetctrl.fleetsizing.DynamicFleetSizingBase-INFO-to deactivate: 0
65228-src.fleetctrl.fleetsizing.DynamicFleetSizingBase-INFO-to deactivate: 0
65228-src.fleetctrl.fleetsizing.DynamicFleetSizingBase-INFO-to deactivate: 0
65228-src.fleetctrl.fleetsizing.DynamicFleetSizingBase-INFO-to deactivate: 0
65228-src.fleetctrl.fleetsizing.DynamicFleetSizingBase-INFO-to deactivate: 0
65228-src.routing.NetworkBasic-INFO-OPERATOR NETWORK UPDATE HAPPENED HERE FOR SIMULATION TIME 32400
65228-src.fleetctrl.fleetsizing.DynamicFleetSizingBase-INFO-to deactivate: 0
65228-src.fleetctrl.fleetsizing.DynamicFleetSizingBase-INFO-to deactivate: 0
65228-src.fleetctrl.fleetsizing.DynamicFleetSizingBase-INFO-to deactivate: 0
65228-src.fleetctrl.fleetsizing.DynamicFleetSizingBase-INFO-to deactivate: 0
65228-src.fleetctrl.fleetsizing.DynamicFleetSizingBase-INFO-to deactivate: 0
65228-src.fleetctrl.fleetsizing.DynamicFleetSizingBase-INFO-to deactivate: 0
65228-src.fleetctrl.fleetsizing.DynamicFleetSizingBase-INFO-to deactivate: 0
65228-src.fleetctrl.fleetsizing.DynamicFleetSizingBase-INFO-to deactivate: 0
65228-src.fleetctrl.fleetsizing.DynamicFleetSizingBase-INFO-to deactivate: 0
65228-src.fleetctrl.fleetsizing.DynamicFleetSizingBase-INFO-to deactivate: 0
65228-src.fleetctrl.fleetsizing.DynamicFleetSizingBase-INFO-to deactivate: 0
65228-src.fleetctrl.fleetsizing.DynamicFleetSizingBase-INFO-to deactivate: 0
65228-src.routing.NetworkBasic-INFO-STOCHASTIC NETWORK UPDATE HAPPENED HERE FOR SIMULATION TIME 32520
65228-src.fleetctrl.fleetsizing.DynamicFleetSizingBase-INFO-to deactivate: 0
65228-src.fleetctrl.fleetsizing.DynamicFleetSizingBase-INFO-to deactivate: 0
65228-src.fleetctrl.fleetsizing.DynamicFleetSizingBase-INFO-to deactivate: 0
65228-src.fleetctrl.fleetsizing.DynamicFleetSizingBase-INFO-to deactivate: 0
65228-src.fleetctrl.fleetsizing.DynamicFleetSizingBase-INFO-to deactivate: 0
65228-src.fleetctrl.fleetsizing.DynamicFleetSizingBase-INFO-to deactivate: 0
65228-src.fleetctrl.fleetsizing.DynamicFleetSizingBase-INFO-to deactivate: 0
65228-src.fleetctrl.fleetsizing.DynamicFleetSizingBase-INFO-to deactivate: 0
65228-src.fleetctrl.fleetsizing.DynamicFleetSizingBase-INFO-to deactivate: 0
65228-src.fleetctrl.fleetsizing.DynamicFleetSizingBase-INFO-to deactivate: 0
65228-src.fleetctrl.fleetsizing.DynamicFleetSizingBase-INFO-to deactivate: 0
65228-src.fleetctrl.fleetsizing.DynamicFleetSizingBase-INFO-to deactivate: 0
65228-src.fleetctrl.fleetsizing.DynamicFleetSizingBase-INFO-to deactivate: 0
65228-src.fleetctrl.fleetsizing.DynamicFleetSizingBase-INFO-to deactivate: 0
65228-src.fleetctrl.fleetsizing.DynamicFleetSizingBase-INFO-to deactivate: 0
65228-src.fleetctrl.fleetsizing.DynamicFleetSizingBase-INFO-to deactivate: 0
65228-src.fleetctrl.fleetsizing.DynamicFleetSizingBase-INFO-to deactivate: 0
65228-src.fleetctrl.fleetsizing.DynamicFleetSizingBase-INFO-to deactivate: 0
65228-src.fleetctrl.fleetsizing.DynamicFleetSizingBase-INFO-to deactivate: 0
65228-src.fleetctrl.fleetsizing.DynamicFleetSizingBase-INFO-to deactivate: 0
65228-src.fleetctrl.fleetsizing.DynamicFleetSizingBase-INFO-to deactivate: 0
65228-src.fleetctrl.fleetsizing.DynamicFleetSizingBase-INFO-to deactivate: 0
65228-src.fleetctrl.fleetsizing.DynamicFleetSizingBase-INFO-to deactivate: 0
65228-src.fleetctrl.fleetsizing.DynamicFleetSizingBase-INFO-to deactivate: 0
65228-src.fleetctrl.fleetsizing.DynamicFleetSizingBase-INFO-to deactivate: 0
65228-src.fleetctrl.fleetsizing.DynamicFleetSizingBase-INFO-to deactivate: 0
65228-src.fleetctrl.fleetsizing.DynamicFleetSizingBase-INFO-to deactivate: 0
65228-src.fleetctrl.fleetsizing.DynamicFleetSizingBase-INFO-to deactivate: 0
65228-src.fleetctrl.fleetsizing.DynamicFleetSizingBase-INFO-to deactivate: 0
65228-src.fleetctrl.fleetsizing.DynamicFleetSizingBase-INFO-to deactivate: 0
65228-src.fleetctrl.fleetsizing.DynamicFleetSizingBase-INFO-to deactivate: 0
65228-src.fleetctrl.fleetsizing.DynamicFleetSizingBase-INFO-to deactivate: 0
65228-src.fleetctrl.fleetsizing.DynamicFleetSizingBase-INFO-to deactivate: 0
65228-src.fleetctrl.fleetsizing.DynamicFleetSizingBase-INFO-to deactivate: 0
65228-src.fleetctrl.fleetsizing.DynamicFleetSizingBase-INFO-to deactivate: 0
65228-src.fleetctrl.fleetsizing.DynamicFleetSizingBase-INFO-to deactivate: 0
65228-src.fleetctrl.fleetsizing.DynamicFleetSizingBase-INFO-to deactivate: 0
65228-src.fleetctrl.fleetsizing.DynamicFleetSizingBase-INFO-to deactivate: 0
65228-src.fleetctrl.fleetsizing.DynamicFleetSizingBase-INFO-to deactivate: 0
65228-src.fleetctrl.fleetsizing.DynamicFleetSizingBase-INFO-to deactivate: 0
65228-src.fleetctrl.fleetsizing.DynamicFleetSizingBase-INFO-to deactivate: 0
65228-src.fleetctrl.fleetsizing.DynamicFleetSizingBase-INFO-to deactivate: 0
65228-src.fleetctrl.fleetsizing.DynamicFleetSizingBase-INFO-to deactivate: 0
65228-src.fleetctrl.fleetsizing.DynamicFleetSizingBase-INFO-to deactivate: 0
65228-src.fleetctrl.fleetsizing.DynamicFleetSizingBase-INFO-to deactivate: 0
65228-src.fleetctrl.fleetsizing.DynamicFleetSizingBase-INFO-to deactivate: 0
65228-src.fleetctrl.fleetsizing.DynamicFleetSizingBase-INFO-to deactivate: 0
65228-src.fleetctrl.fleetsizing.DynamicFleetSizingBase-INFO-to deactivate: 0
65228-src.fleetctrl.fleetsizing.DynamicFleetSizingBase-INFO-to deactivate: 0
65228-src.fleetctrl.fleetsizing.DynamicFleetSizingBase-INFO-to deactivate: 0
65228-src.fleetctrl.fleetsizing.DynamicFleetSizingBase-INFO-to deactivate: 0
65228-src.fleetctrl.fleetsizing.DynamicFleetSizingBase-INFO-to deactivate: 0
65228-src.fleetctrl.fleetsizing.DynamicFleetSizingBase-INFO-to deactivate: 0
65228-src.fleetctrl.fleetsizing.DynamicFleetSizingBase-INFO-to deactivate: 0
65228-src.fleetctrl.fleetsizing.DynamicFleetSizingBase-INFO-to deactivate: 0
65228-src.fleetctrl.fleetsizing.DynamicFleetSizingBase-INFO-to deactivate: 0
65228-src.fleetctrl.fleetsizing.DynamicFleetSizingBase-INFO-to deactivate: 0
65228-src.fleetctrl.fleetsizing.DynamicFleetSizingBase-INFO-to deactivate: 0
65228-src.fleetctrl.fleetsizing.DynamicFleetSizingBase-INFO-to deactivate: 0
65228-src.fleetctrl.fleetsizing.DynamicFleetSizingBase-INFO-to deactivate: 0
65228-src.routing.NetworkBasic-INFO-STOCHASTIC NETWORK UPDATE HAPPENED HERE FOR SIMULATION TIME 33120
65228-src.fleetctrl.fleetsizing.DynamicFleetSizingBase-INFO-to deactivate: 0
65228-src.fleetctrl.fleetsizing.DynamicFleetSizingBase-INFO-to deactivate: 0
65228-src.fleetctrl.fleetsizing.DynamicFleetSizingBase-INFO-to deactivate: 0
65228-src.fleetctrl.fleetsizing.DynamicFleetSizingBase-INFO-to deactivate: 0
65228-src.fleetctrl.fleetsizing.DynamicFleetSizingBase-INFO-to deactivate: 0
65228-src.fleetctrl.fleetsizing.DynamicFleetSizingBase-INFO-to deactivate: 0
65228-src.fleetctrl.fleetsizing.DynamicFleetSizingBase-INFO-to deactivate: 0
65228-src.fleetctrl.fleetsizing.DynamicFleetSizingBase-INFO-to deactivate: 0
65228-src.fleetctrl.fleetsizing.DynamicFleetSizingBase-INFO-to deactivate: 0
65228-src.fleetctrl.fleetsizing.DynamicFleetSizingBase-INFO-to deactivate: 0
65228-src.fleetctrl.fleetsizing.DynamicFleetSizingBase-INFO-to deactivate: 0
65228-src.fleetctrl.fleetsizing.DynamicFleetSizingBase-INFO-to deactivate: 0
65228-src.fleetctrl.fleetsizing.DynamicFleetSizingBase-INFO-to deactivate: 0
65228-src.fleetctrl.fleetsizing.DynamicFleetSizingBase-INFO-to deactivate: 0
65228-src.fleetctrl.fleetsizing.DynamicFleetSizingBase-INFO-to deactivate: 0
65228-src.fleetctrl.fleetsizing.DynamicFleetSizingBase-INFO-to deactivate: 0
65228-src.fleetctrl.fleetsizing.DynamicFleetSizingBase-INFO-to deactivate: 0
65228-src.fleetctrl.fleetsizing.DynamicFleetSizingBase-INFO-to deactivate: 0
65228-src.fleetctrl.fleetsizing.DynamicFleetSizingBase-INFO-to deactivate: 0
65228-src.fleetctrl.fleetsizing.DynamicFleetSizingBase-INFO-to deactivate: 0
65228-src.fleetctrl.fleetsizing.DynamicFleetSizingBase-INFO-to deactivate: 0
65228-src.simulation.Vehicles-INFO-VEHICLE 5: TOTAL NO SHOW DURATION:182.37260310093552, where CL duration:151.13972542621823, AT SIM TIME 33320
65228-src.simulation.Vehicles-INFO-No show leg is being overwritten at 33330
65228-src.fleetctrl.fleetsizing.DynamicFleetSizingBase-INFO-to deactivate: 0
65228-src.simulation.Vehicles-INFO-VEHICLE 5 MOVING-ON FROM POS 1, AT SIM TIME 33330
65228-src.demand.demand-WARNING-waiting rq boarding warning : rid 50 -> vid 5 at 33330
65228-src.fleetctrl.fleetsizing.DynamicFleetSizingBase-INFO-to deactivate: 0
65228-src.fleetctrl.fleetsizing.DynamicFleetSizingBase-INFO-to deactivate: 0
65228-src.fleetctrl.fleetsizing.DynamicFleetSizingBase-INFO-to deactivate: 0
65228-src.fleetctrl.fleetsizing.DynamicFleetSizingBase-INFO-to deactivate: 0
65228-src.fleetctrl.fleetsizing.DynamicFleetSizingBase-INFO-to deactivate: 0
65228-src.fleetctrl.fleetsizing.DynamicFleetSizingBase-INFO-to deactivate: 0
65228-src.fleetctrl.fleetsizing.DynamicFleetSizingBase-INFO-to deactivate: 0
65228-src.fleetctrl.fleetsizing.DynamicFleetSizingBase-INFO-to deactivate: 0
65228-src.fleetctrl.fleetsizing.DynamicFleetSizingBase-INFO-to deactivate: 0
65228-src.fleetctrl.fleetsizing.DynamicFleetSizingBase-INFO-to deactivate: 0
65228-src.fleetctrl.fleetsizing.DynamicFleetSizingBase-INFO-to deactivate: 0
65228-src.fleetctrl.fleetsizing.DynamicFleetSizingBase-INFO-to deactivate: 0
65228-src.fleetctrl.fleetsizing.DynamicFleetSizingBase-INFO-to deactivate: 0
65228-src.fleetctrl.fleetsizing.DynamicFleetSizingBase-INFO-to deactivate: 0
65228-src.fleetctrl.fleetsizing.DynamicFleetSizingBase-INFO-to deactivate: 0
65228-src.fleetctrl.fleetsizing.DynamicFleetSizingBase-INFO-to deactivate: 0
65228-src.fleetctrl.fleetsizing.DynamicFleetSizingBase-INFO-to deactivate: 0
65228-src.fleetctrl.fleetsizing.DynamicFleetSizingBase-INFO-to deactivate: 0
65228-src.fleetctrl.fleetsizing.DynamicFleetSizingBase-INFO-to deactivate: 0
65228-src.fleetctrl.fleetsizing.DynamicFleetSizingBase-INFO-to deactivate: 0
65228-src.fleetctrl.fleetsizing.DynamicFleetSizingBase-INFO-to deactivate: 0
65228-src.fleetctrl.fleetsizing.DynamicFleetSizingBase-INFO-to deactivate: 0
65228-src.fleetctrl.fleetsizing.DynamicFleetSizingBase-INFO-to deactivate: 0
65228-src.fleetctrl.fleetsizing.DynamicFleetSizingBase-INFO-to deactivate: 0
65228-src.fleetctrl.fleetsizing.DynamicFleetSizingBase-INFO-to deactivate: 0
65228-src.fleetctrl.fleetsizing.DynamicFleetSizingBase-INFO-to deactivate: 0
65228-src.fleetctrl.fleetsizing.DynamicFleetSizingBase-INFO-to deactivate: 0
65228-src.fleetctrl.fleetsizing.DynamicFleetSizingBase-INFO-to deactivate: 0
65228-src.fleetctrl.fleetsizing.DynamicFleetSizingBase-INFO-to deactivate: 0
65228-src.fleetctrl.fleetsizing.DynamicFleetSizingBase-INFO-to deactivate: 0
65228-src.fleetctrl.fleetsizing.DynamicFleetSizingBase-INFO-to deactivate: 0
65228-src.fleetctrl.fleetsizing.DynamicFleetSizingBase-INFO-to deactivate: 0
65228-src.fleetctrl.fleetsizing.DynamicFleetSizingBase-INFO-to deactivate: 0
65228-src.fleetctrl.fleetsizing.DynamicFleetSizingBase-INFO-to deactivate: 0
65228-src.fleetctrl.fleetsizing.DynamicFleetSizingBase-INFO-to deactivate: 0
65228-src.fleetctrl.fleetsizing.DynamicFleetSizingBase-INFO-to deactivate: 0
65228-src.fleetctrl.fleetsizing.DynamicFleetSizingBase-INFO-to deactivate: 0
65228-src.fleetctrl.fleetsizing.DynamicFleetSizingBase-INFO-to deactivate: 0
65228-src.routing.NetworkBasic-INFO-STOCHASTIC NETWORK UPDATE HAPPENED HERE FOR SIMULATION TIME 33720
65228-src.fleetctrl.fleetsizing.DynamicFleetSizingBase-INFO-to deactivate: 0
65228-src.fleetctrl.fleetsizing.DynamicFleetSizingBase-INFO-to deactivate: 0
65228-src.fleetctrl.fleetsizing.DynamicFleetSizingBase-INFO-to deactivate: 0
65228-src.fleetctrl.fleetsizing.DynamicFleetSizingBase-INFO-to deactivate: 0
65228-src.fleetctrl.fleetsizing.DynamicFleetSizingBase-INFO-to deactivate: 0
65228-src.fleetctrl.fleetsizing.DynamicFleetSizingBase-INFO-to deactivate: 0
65228-src.fleetctrl.fleetsizing.DynamicFleetSizingBase-INFO-to deactivate: 0
65228-src.fleetctrl.fleetsizing.DynamicFleetSizingBase-INFO-to deactivate: 0
65228-src.fleetctrl.fleetsizing.DynamicFleetSizingBase-INFO-to deactivate: 0
65228-src.fleetctrl.fleetsizing.DynamicFleetSizingBase-INFO-to deactivate: 0
65228-src.fleetctrl.fleetsizing.DynamicFleetSizingBase-INFO-to deactivate: 0
65228-src.fleetctrl.fleetsizing.DynamicFleetSizingBase-INFO-to deactivate: 0
65228-src.fleetctrl.fleetsizing.DynamicFleetSizingBase-INFO-to deactivate: 0
65228-src.fleetctrl.fleetsizing.DynamicFleetSizingBase-INFO-to deactivate: 0
65228-src.fleetctrl.fleetsizing.DynamicFleetSizingBase-INFO-to deactivate: 0
65228-src.fleetctrl.fleetsizing.DynamicFleetSizingBase-INFO-to deactivate: 0
65228-src.fleetctrl.fleetsizing.DynamicFleetSizingBase-INFO-to deactivate: 0
65228-src.fleetctrl.fleetsizing.DynamicFleetSizingBase-INFO-to deactivate: 0
65228-src.fleetctrl.fleetsizing.DynamicFleetSizingBase-INFO-to deactivate: 0
65228-src.fleetctrl.fleetsizing.DynamicFleetSizingBase-INFO-to deactivate: 0
65228-src.fleetctrl.fleetsizing.DynamicFleetSizingBase-INFO-to deactivate: 0
65228-src.fleetctrl.fleetsizing.DynamicFleetSizingBase-INFO-to deactivate: 0
65228-src.fleetctrl.fleetsizing.DynamicFleetSizingBase-INFO-to deactivate: 0
65228-src.fleetctrl.fleetsizing.DynamicFleetSizingBase-INFO-to deactivate: 0
65228-src.fleetctrl.fleetsizing.DynamicFleetSizingBase-INFO-to deactivate: 0
65228-src.fleetctrl.fleetsizing.DynamicFleetSizingBase-INFO-to deactivate: 0
65228-src.fleetctrl.fleetsizing.DynamicFleetSizingBase-INFO-to deactivate: 0
65228-src.fleetctrl.fleetsizing.DynamicFleetSizingBase-INFO-to deactivate: 0
65228-src.fleetctrl.fleetsizing.DynamicFleetSizingBase-INFO-to deactivate: 0
65228-src.fleetctrl.fleetsizing.DynamicFleetSizingBase-INFO-to deactivate: 0
65228-src.fleetctrl.fleetsizing.DynamicFleetSizingBase-INFO-to deactivate: 0
65228-src.fleetctrl.fleetsizing.DynamicFleetSizingBase-INFO-to deactivate: 0
65228-src.fleetctrl.fleetsizing.DynamicFleetSizingBase-INFO-to deactivate: 0
65228-src.fleetctrl.fleetsizing.DynamicFleetSizingBase-INFO-to deactivate: 0
65228-src.fleetctrl.fleetsizing.DynamicFleetSizingBase-INFO-to deactivate: 0
65228-src.fleetctrl.fleetsizing.DynamicFleetSizingBase-INFO-to deactivate: 0
65228-src.fleetctrl.fleetsizing.DynamicFleetSizingBase-INFO-to deactivate: 0
65228-src.fleetctrl.fleetsizing.DynamicFleetSizingBase-INFO-to deactivate: 0
65228-src.fleetctrl.fleetsizing.DynamicFleetSizingBase-INFO-to deactivate: 0
65228-src.fleetctrl.fleetsizing.DynamicFleetSizingBase-INFO-to deactivate: 0
65228-src.fleetctrl.fleetsizing.DynamicFleetSizingBase-INFO-to deactivate: 0
65228-src.fleetctrl.fleetsizing.DynamicFleetSizingBase-INFO-to deactivate: 0
65228-src.fleetctrl.fleetsizing.DynamicFleetSizingBase-INFO-to deactivate: 0
65228-src.fleetctrl.fleetsizing.DynamicFleetSizingBase-INFO-to deactivate: 0
65228-src.fleetctrl.fleetsizing.DynamicFleetSizingBase-INFO-to deactivate: 0
65228-src.fleetctrl.fleetsizing.DynamicFleetSizingBase-INFO-to deactivate: 0
65228-src.fleetctrl.fleetsizing.DynamicFleetSizingBase-INFO-to deactivate: 0
65228-src.fleetctrl.fleetsizing.DynamicFleetSizingBase-INFO-to deactivate: 0
65228-src.fleetctrl.fleetsizing.DynamicFleetSizingBase-INFO-to deactivate: 0
65228-src.fleetctrl.fleetsizing.DynamicFleetSizingBase-INFO-to deactivate: 0
65228-src.fleetctrl.fleetsizing.DynamicFleetSizingBase-INFO-to deactivate: 0
65228-src.fleetctrl.fleetsizing.DynamicFleetSizingBase-INFO-to deactivate: 0
65228-src.fleetctrl.fleetsizing.DynamicFleetSizingBase-INFO-to deactivate: 0
65228-src.fleetctrl.fleetsizing.DynamicFleetSizingBase-INFO-to deactivate: 0
65228-src.fleetctrl.fleetsizing.DynamicFleetSizingBase-INFO-to deactivate: 0
65228-src.fleetctrl.fleetsizing.DynamicFleetSizingBase-INFO-to deactivate: 0
65228-src.fleetctrl.fleetsizing.DynamicFleetSizingBase-INFO-to deactivate: 0
65228-src.fleetctrl.fleetsizing.DynamicFleetSizingBase-INFO-to deactivate: 0
65228-src.fleetctrl.fleetsizing.DynamicFleetSizingBase-INFO-to deactivate: 0
65228-src.fleetctrl.fleetsizing.DynamicFleetSizingBase-INFO-to deactivate: 0
65228-src.routing.NetworkBasic-INFO-STOCHASTIC NETWORK UPDATE HAPPENED HERE FOR SIMULATION TIME 34320
65228-src.fleetctrl.fleetsizing.DynamicFleetSizingBase-INFO-to deactivate: 0
65228-src.fleetctrl.fleetsizing.DynamicFleetSizingBase-INFO-to deactivate: 0
65228-src.fleetctrl.fleetsizing.DynamicFleetSizingBase-INFO-to deactivate: 0
65228-src.fleetctrl.fleetsizing.DynamicFleetSizingBase-INFO-to deactivate: 0
65228-src.fleetctrl.fleetsizing.DynamicFleetSizingBase-INFO-to deactivate: 0
65228-src.fleetctrl.fleetsizing.DynamicFleetSizingBase-INFO-to deactivate: 0
65228-src.fleetctrl.fleetsizing.DynamicFleetSizingBase-INFO-to deactivate: 0
65228-src.fleetctrl.fleetsizing.DynamicFleetSizingBase-INFO-to deactivate: 0
65228-src.fleetctrl.fleetsizing.DynamicFleetSizingBase-INFO-to deactivate: 0
65228-src.fleetctrl.fleetsizing.DynamicFleetSizingBase-INFO-to deactivate: 0
65228-src.fleetctrl.fleetsizing.DynamicFleetSizingBase-INFO-to deactivate: 0
65228-src.fleetctrl.fleetsizing.DynamicFleetSizingBase-INFO-to deactivate: 0
65228-src.fleetctrl.fleetsizing.DynamicFleetSizingBase-INFO-to deactivate: 0
65228-src.fleetctrl.fleetsizing.DynamicFleetSizingBase-INFO-to deactivate: 0
65228-src.fleetctrl.fleetsizing.DynamicFleetSizingBase-INFO-to deactivate: 0
65228-src.fleetctrl.fleetsizing.DynamicFleetSizingBase-INFO-to deactivate: 0
65228-src.fleetctrl.fleetsizing.DynamicFleetSizingBase-INFO-to deactivate: 0
65228-src.fleetctrl.fleetsizing.DynamicFleetSizingBase-INFO-to deactivate: 0
65228-src.fleetctrl.fleetsizing.DynamicFleetSizingBase-INFO-to deactivate: 0
65228-src.fleetctrl.fleetsizing.DynamicFleetSizingBase-INFO-to deactivate: 0
65228-src.fleetctrl.fleetsizing.DynamicFleetSizingBase-INFO-to deactivate: 0
65228-src.fleetctrl.fleetsizing.DynamicFleetSizingBase-INFO-to deactivate: 0
65228-src.fleetctrl.fleetsizing.DynamicFleetSizingBase-INFO-to deactivate: 0
65228-src.fleetctrl.fleetsizing.DynamicFleetSizingBase-INFO-to deactivate: 0
65228-src.fleetctrl.fleetsizing.DynamicFleetSizingBase-INFO-to deactivate: 0
65228-src.fleetctrl.fleetsizing.DynamicFleetSizingBase-INFO-to deactivate: 0
65228-src.fleetctrl.fleetsizing.DynamicFleetSizingBase-INFO-to deactivate: 0
65228-src.fleetctrl.fleetsizing.DynamicFleetSizingBase-INFO-to deactivate: 0
65228-src.fleetctrl.fleetsizing.DynamicFleetSizingBase-INFO-to deactivate: 0
65228-src.fleetctrl.fleetsizing.DynamicFleetSizingBase-INFO-to deactivate: 0
65228-src.fleetctrl.fleetsizing.DynamicFleetSizingBase-INFO-to deactivate: 0
65228-src.fleetctrl.fleetsizing.DynamicFleetSizingBase-INFO-to deactivate: 0
65228-src.fleetctrl.fleetsizing.DynamicFleetSizingBase-INFO-to deactivate: 0
65228-src.fleetctrl.fleetsizing.DynamicFleetSizingBase-INFO-to deactivate: 0
65228-src.fleetctrl.fleetsizing.DynamicFleetSizingBase-INFO-to deactivate: 0
65228-src.fleetctrl.fleetsizing.DynamicFleetSizingBase-INFO-to deactivate: 0
65228-src.fleetctrl.fleetsizing.DynamicFleetSizingBase-INFO-to deactivate: 0
65228-src.fleetctrl.fleetsizing.DynamicFleetSizingBase-INFO-to deactivate: 0
65228-src.fleetctrl.fleetsizing.DynamicFleetSizingBase-INFO-to deactivate: 0
65228-src.fleetctrl.fleetsizing.DynamicFleetSizingBase-INFO-to deactivate: 0
65228-src.fleetctrl.fleetsizing.DynamicFleetSizingBase-INFO-to deactivate: 0
65228-src.fleetctrl.fleetsizing.DynamicFleetSizingBase-INFO-to deactivate: 0
65228-src.fleetctrl.fleetsizing.DynamicFleetSizingBase-INFO-to deactivate: 0
65228-src.fleetctrl.fleetsizing.DynamicFleetSizingBase-INFO-to deactivate: 0
65228-src.fleetctrl.fleetsizing.DynamicFleetSizingBase-INFO-to deactivate: 0
65228-src.fleetctrl.fleetsizing.DynamicFleetSizingBase-INFO-to deactivate: 0
65228-src.fleetctrl.fleetsizing.DynamicFleetSizingBase-INFO-to deactivate: 0
65228-src.fleetctrl.fleetsizing.DynamicFleetSizingBase-INFO-to deactivate: 0
65228-src.fleetctrl.fleetsizing.DynamicFleetSizingBase-INFO-to deactivate: 0
65228-src.fleetctrl.fleetsizing.DynamicFleetSizingBase-INFO-to deactivate: 0
65228-src.fleetctrl.fleetsizing.DynamicFleetSizingBase-INFO-to deactivate: 0
65228-src.fleetctrl.fleetsizing.DynamicFleetSizingBase-INFO-to deactivate: 0
65228-src.fleetctrl.fleetsizing.DynamicFleetSizingBase-INFO-to deactivate: 0
65228-src.fleetctrl.fleetsizing.DynamicFleetSizingBase-INFO-to deactivate: 0
65228-src.fleetctrl.fleetsizing.DynamicFleetSizingBase-INFO-to deactivate: 0
65228-src.fleetctrl.fleetsizing.DynamicFleetSizingBase-INFO-to deactivate: 0
65228-src.fleetctrl.fleetsizing.DynamicFleetSizingBase-INFO-to deactivate: 0
65228-src.fleetctrl.fleetsizing.DynamicFleetSizingBase-INFO-to deactivate: 0
65228-src.fleetctrl.fleetsizing.DynamicFleetSizingBase-INFO-to deactivate: 0
65228-src.fleetctrl.fleetsizing.DynamicFleetSizingBase-INFO-to deactivate: 0
65228-src.routing.NetworkBasic-INFO-STOCHASTIC NETWORK UPDATE HAPPENED HERE FOR SIMULATION TIME 34920
65228-src.fleetctrl.fleetsizing.DynamicFleetSizingBase-INFO-to deactivate: 0
65228-src.fleetctrl.fleetsizing.DynamicFleetSizingBase-INFO-to deactivate: 0
65228-src.fleetctrl.fleetsizing.DynamicFleetSizingBase-INFO-to deactivate: 0
65228-src.fleetctrl.fleetsizing.DynamicFleetSizingBase-INFO-to deactivate: 0
65228-src.fleetctrl.fleetsizing.DynamicFleetSizingBase-INFO-to deactivate: 0
65228-src.fleetctrl.fleetsizing.DynamicFleetSizingBase-INFO-to deactivate: 0
65228-src.fleetctrl.fleetsizing.DynamicFleetSizingBase-INFO-to deactivate: 0
65228-src.fleetctrl.fleetsizing.DynamicFleetSizingBase-INFO-to deactivate: 0
65228-src.fleetctrl.fleetsizing.DynamicFleetSizingBase-INFO-to deactivate: 0
65228-src.fleetctrl.fleetsizing.DynamicFleetSizingBase-INFO-to deactivate: 0
65228-src.fleetctrl.fleetsizing.DynamicFleetSizingBase-INFO-to deactivate: 0
65228-src.fleetctrl.fleetsizing.DynamicFleetSizingBase-INFO-to deactivate: 0
65228-src.fleetctrl.fleetsizing.DynamicFleetSizingBase-INFO-to deactivate: 0
65228-src.fleetctrl.fleetsizing.DynamicFleetSizingBase-INFO-to deactivate: 0
65228-src.fleetctrl.fleetsizing.DynamicFleetSizingBase-INFO-to deactivate: 0
65228-src.fleetctrl.fleetsizing.DynamicFleetSizingBase-INFO-to deactivate: 0
65228-src.fleetctrl.fleetsizing.DynamicFleetSizingBase-INFO-to deactivate: 0
65228-src.fleetctrl.fleetsizing.DynamicFleetSizingBase-INFO-to deactivate: 0
65228-src.fleetctrl.fleetsizing.DynamicFleetSizingBase-INFO-to deactivate: 0
65228-src.fleetctrl.fleetsizing.DynamicFleetSizingBase-INFO-to deactivate: 0
65228-src.fleetctrl.fleetsizing.DynamicFleetSizingBase-INFO-to deactivate: 0
65228-src.fleetctrl.fleetsizing.DynamicFleetSizingBase-INFO-to deactivate: 0
65228-src.fleetctrl.fleetsizing.DynamicFleetSizingBase-INFO-to deactivate: 0
65228-src.fleetctrl.fleetsizing.DynamicFleetSizingBase-INFO-to deactivate: 0
65228-src.fleetctrl.fleetsizing.DynamicFleetSizingBase-INFO-to deactivate: 0
65228-src.fleetctrl.fleetsizing.DynamicFleetSizingBase-INFO-to deactivate: 0
65228-src.fleetctrl.fleetsizing.DynamicFleetSizingBase-INFO-to deactivate: 0
65228-src.fleetctrl.fleetsizing.DynamicFleetSizingBase-INFO-to deactivate: 0
65228-src.fleetctrl.fleetsizing.DynamicFleetSizingBase-INFO-to deactivate: 0
65228-src.fleetctrl.fleetsizing.DynamicFleetSizingBase-INFO-to deactivate: 0
65228-src.fleetctrl.fleetsizing.DynamicFleetSizingBase-INFO-to deactivate: 0
65228-src.fleetctrl.fleetsizing.DynamicFleetSizingBase-INFO-to deactivate: 0
65228-src.fleetctrl.fleetsizing.DynamicFleetSizingBase-INFO-to deactivate: 0
65228-src.fleetctrl.fleetsizing.DynamicFleetSizingBase-INFO-to deactivate: 0
65228-src.fleetctrl.fleetsizing.DynamicFleetSizingBase-INFO-to deactivate: 0
65228-src.fleetctrl.fleetsizing.DynamicFleetSizingBase-INFO-to deactivate: 0
65228-src.fleetctrl.fleetsizing.DynamicFleetSizingBase-INFO-to deactivate: 0
65228-src.fleetctrl.fleetsizing.DynamicFleetSizingBase-INFO-to deactivate: 0
65228-src.fleetctrl.fleetsizing.DynamicFleetSizingBase-INFO-to deactivate: 0
65228-src.fleetctrl.fleetsizing.DynamicFleetSizingBase-INFO-to deactivate: 0
65228-src.fleetctrl.fleetsizing.DynamicFleetSizingBase-INFO-to deactivate: 0
65228-src.fleetctrl.fleetsizing.DynamicFleetSizingBase-INFO-to deactivate: 0
65228-src.fleetctrl.fleetsizing.DynamicFleetSizingBase-INFO-to deactivate: 0
65228-src.fleetctrl.fleetsizing.DynamicFleetSizingBase-INFO-to deactivate: 0
65228-src.fleetctrl.fleetsizing.DynamicFleetSizingBase-INFO-to deactivate: 0
65228-src.fleetctrl.fleetsizing.DynamicFleetSizingBase-INFO-to deactivate: 0
65228-src.fleetctrl.fleetsizing.DynamicFleetSizingBase-INFO-to deactivate: 0
65228-src.fleetctrl.fleetsizing.DynamicFleetSizingBase-INFO-to deactivate: 0
65228-src.fleetctrl.fleetsizing.DynamicFleetSizingBase-INFO-to deactivate: 0
65228-src.fleetctrl.fleetsizing.DynamicFleetSizingBase-INFO-to deactivate: 0
65228-src.fleetctrl.fleetsizing.DynamicFleetSizingBase-INFO-to deactivate: 0
65228-src.fleetctrl.fleetsizing.DynamicFleetSizingBase-INFO-to deactivate: 0
65228-src.fleetctrl.fleetsizing.DynamicFleetSizingBase-INFO-to deactivate: 0
65228-src.fleetctrl.fleetsizing.DynamicFleetSizingBase-INFO-to deactivate: 0
65228-src.fleetctrl.fleetsizing.DynamicFleetSizingBase-INFO-to deactivate: 0
65228-src.fleetctrl.fleetsizing.DynamicFleetSizingBase-INFO-to deactivate: 0
65228-src.fleetctrl.fleetsizing.DynamicFleetSizingBase-INFO-to deactivate: 0
65228-src.fleetctrl.fleetsizing.DynamicFleetSizingBase-INFO-to deactivate: 0
65228-src.fleetctrl.fleetsizing.DynamicFleetSizingBase-INFO-to deactivate: 0
65228-src.fleetctrl.fleetsizing.DynamicFleetSizingBase-INFO-to deactivate: 0
65228-src.routing.NetworkBasic-INFO-STOCHASTIC NETWORK UPDATE HAPPENED HERE FOR SIMULATION TIME 35520
65228-src.fleetctrl.fleetsizing.DynamicFleetSizingBase-INFO-to deactivate: 0
65228-src.fleetctrl.fleetsizing.DynamicFleetSizingBase-INFO-to deactivate: 0
65228-src.fleetctrl.fleetsizing.DynamicFleetSizingBase-INFO-to deactivate: 0
65228-src.fleetctrl.fleetsizing.DynamicFleetSizingBase-INFO-to deactivate: 0
65228-src.fleetctrl.fleetsizing.DynamicFleetSizingBase-INFO-to deactivate: 0
65228-src.fleetctrl.fleetsizing.DynamicFleetSizingBase-INFO-to deactivate: 0
65228-src.fleetctrl.fleetsizing.DynamicFleetSizingBase-INFO-to deactivate: 0
65228-src.fleetctrl.fleetsizing.DynamicFleetSizingBase-INFO-to deactivate: 0
65228-src.fleetctrl.fleetsizing.DynamicFleetSizingBase-INFO-to deactivate: 0
65228-src.fleetctrl.fleetsizing.DynamicFleetSizingBase-INFO-to deactivate: 0
65228-src.fleetctrl.fleetsizing.DynamicFleetSizingBase-INFO-to deactivate: 0
65228-src.fleetctrl.fleetsizing.DynamicFleetSizingBase-INFO-to deactivate: 0
65228-src.fleetctrl.fleetsizing.DynamicFleetSizingBase-INFO-to deactivate: 0
65228-src.fleetctrl.fleetsizing.DynamicFleetSizingBase-INFO-to deactivate: 0
65228-src.fleetctrl.fleetsizing.DynamicFleetSizingBase-INFO-to deactivate: 0
65228-src.fleetctrl.fleetsizing.DynamicFleetSizingBase-INFO-to deactivate: 0
65228-src.fleetctrl.fleetsizing.DynamicFleetSizingBase-INFO-to deactivate: 0
65228-src.fleetctrl.fleetsizing.DynamicFleetSizingBase-INFO-to deactivate: 0
65228-src.fleetctrl.fleetsizing.DynamicFleetSizingBase-INFO-to deactivate: 0
65228-src.fleetctrl.fleetsizing.DynamicFleetSizingBase-INFO-to deactivate: 0
65228-src.fleetctrl.fleetsizing.DynamicFleetSizingBase-INFO-to deactivate: 0
65228-src.fleetctrl.fleetsizing.DynamicFleetSizingBase-INFO-to deactivate: 0
65228-src.fleetctrl.fleetsizing.DynamicFleetSizingBase-INFO-to deactivate: 0
65228-src.fleetctrl.fleetsizing.DynamicFleetSizingBase-INFO-to deactivate: 0
65228-src.fleetctrl.fleetsizing.DynamicFleetSizingBase-INFO-to deactivate: 0
65228-src.fleetctrl.fleetsizing.DynamicFleetSizingBase-INFO-to deactivate: 0
65228-src.fleetctrl.fleetsizing.DynamicFleetSizingBase-INFO-to deactivate: 0
65228-src.fleetctrl.fleetsizing.DynamicFleetSizingBase-INFO-to deactivate: 0
65228-src.fleetctrl.fleetsizing.DynamicFleetSizingBase-INFO-to deactivate: 0
65228-src.fleetctrl.fleetsizing.DynamicFleetSizingBase-INFO-to deactivate: 0
65228-src.fleetctrl.fleetsizing.DynamicFleetSizingBase-INFO-to deactivate: 0
65228-src.fleetctrl.fleetsizing.DynamicFleetSizingBase-INFO-to deactivate: 0
65228-src.fleetctrl.fleetsizing.DynamicFleetSizingBase-INFO-to deactivate: 0
65228-src.fleetctrl.fleetsizing.DynamicFleetSizingBase-INFO-to deactivate: 0
65228-src.fleetctrl.fleetsizing.DynamicFleetSizingBase-INFO-to deactivate: 0
65228-src.fleetctrl.fleetsizing.DynamicFleetSizingBase-INFO-to deactivate: 0
65228-src.fleetctrl.fleetsizing.DynamicFleetSizingBase-INFO-to deactivate: 0
65228-src.fleetctrl.fleetsizing.DynamicFleetSizingBase-INFO-to deactivate: 0
65228-src.fleetctrl.fleetsizing.DynamicFleetSizingBase-INFO-to deactivate: 0
65228-src.fleetctrl.fleetsizing.DynamicFleetSizingBase-INFO-to deactivate: 0
65228-src.fleetctrl.fleetsizing.DynamicFleetSizingBase-INFO-to deactivate: 0
65228-src.fleetctrl.fleetsizing.DynamicFleetSizingBase-INFO-to deactivate: 0
65228-src.fleetctrl.fleetsizing.DynamicFleetSizingBase-INFO-to deactivate: 0
65228-src.fleetctrl.fleetsizing.DynamicFleetSizingBase-INFO-to deactivate: 0
65228-src.fleetctrl.fleetsizing.DynamicFleetSizingBase-INFO-to deactivate: 0
65228-src.fleetctrl.fleetsizing.DynamicFleetSizingBase-INFO-to deactivate: 0
65228-src.fleetctrl.fleetsizing.DynamicFleetSizingBase-INFO-to deactivate: 0
65228-src.fleetctrl.fleetsizing.DynamicFleetSizingBase-INFO-to deactivate: 0
65228-src.fleetctrl.fleetsizing.DynamicFleetSizingBase-INFO-Activating vehicle veh 1 at pos (1990, None, None) with soc 1.0 leg status VRL_STATES.OUT_OF_SERVICE remaining time 9989190 number remaining legs: 1 ob : [] from depot <src.infra.ChargingInfrastructure.Depot object at 0x000002829771B580> (plan time: 36000)
65228-src.fleetctrl.fleetsizing.DynamicFleetSizingBase-INFO-Activating vehicle veh 3 at pos (8, None, None) with soc 1.0 leg status VRL_STATES.OUT_OF_SERVICE remaining time 9989190 number remaining legs: 1 ob : [] from depot <src.infra.ChargingInfrastructure.Depot object at 0x000002829771B670> (plan time: 36000)
65228-src.fleetctrl.fleetsizing.DynamicFleetSizingBase-INFO-Activating vehicle veh 4 at pos (1990, None, None) with soc 1.0 leg status VRL_STATES.OUT_OF_SERVICE remaining time 9989190 number remaining legs: 1 ob : [] from depot <src.infra.ChargingInfrastructure.Depot object at 0x000002829771B580> (plan time: 36000)
65228-src.fleetctrl.fleetsizing.DynamicFleetSizingBase-INFO-to deactivate: 0
65228-src.fleetctrl.fleetsizing.DynamicFleetSizingBase-INFO-to deactivate: 0
65228-src.fleetctrl.fleetsizing.DynamicFleetSizingBase-INFO-to deactivate: 0
65228-src.fleetctrl.fleetsizing.DynamicFleetSizingBase-INFO-to deactivate: 0
65228-src.fleetctrl.fleetsizing.DynamicFleetSizingBase-INFO-to deactivate: 0
65228-src.fleetctrl.fleetsizing.DynamicFleetSizingBase-INFO-to deactivate: 0
65228-src.fleetctrl.fleetsizing.DynamicFleetSizingBase-INFO-to deactivate: 0
65228-src.fleetctrl.fleetsizing.DynamicFleetSizingBase-INFO-to deactivate: 0
65228-src.fleetctrl.fleetsizing.DynamicFleetSizingBase-INFO-to deactivate: 0
65228-src.fleetctrl.fleetsizing.DynamicFleetSizingBase-INFO-to deactivate: 0
65228-src.fleetctrl.fleetsizing.DynamicFleetSizingBase-INFO-to deactivate: 0
65228-src.fleetctrl.fleetsizing.DynamicFleetSizingBase-INFO-to deactivate: 0
65228-src.routing.NetworkBasic-INFO-STOCHASTIC NETWORK UPDATE HAPPENED HERE FOR SIMULATION TIME 36120
65228-src.fleetctrl.fleetsizing.DynamicFleetSizingBase-INFO-to deactivate: 0
65228-src.fleetctrl.fleetsizing.DynamicFleetSizingBase-INFO-to deactivate: 0
65228-src.fleetctrl.fleetsizing.DynamicFleetSizingBase-INFO-to deactivate: 0
65228-src.fleetctrl.fleetsizing.DynamicFleetSizingBase-INFO-to deactivate: 0
65228-src.fleetctrl.fleetsizing.DynamicFleetSizingBase-INFO-to deactivate: 0
65228-src.fleetctrl.fleetsizing.DynamicFleetSizingBase-INFO-to deactivate: 0
65228-src.fleetctrl.fleetsizing.DynamicFleetSizingBase-INFO-to deactivate: 0
65228-src.fleetctrl.fleetsizing.DynamicFleetSizingBase-INFO-to deactivate: 0
65228-src.fleetctrl.fleetsizing.DynamicFleetSizingBase-INFO-to deactivate: 0
65228-src.fleetctrl.fleetsizing.DynamicFleetSizingBase-INFO-to deactivate: 0
65228-src.fleetctrl.fleetsizing.DynamicFleetSizingBase-INFO-to deactivate: 0
65228-src.fleetctrl.fleetsizing.DynamicFleetSizingBase-INFO-to deactivate: 0
65228-src.fleetctrl.fleetsizing.DynamicFleetSizingBase-INFO-to deactivate: 0
65228-src.fleetctrl.fleetsizing.DynamicFleetSizingBase-INFO-to deactivate: 0
65228-src.fleetctrl.fleetsizing.DynamicFleetSizingBase-INFO-to deactivate: 0
65228-src.fleetctrl.fleetsizing.DynamicFleetSizingBase-INFO-to deactivate: 0
65228-src.fleetctrl.fleetsizing.DynamicFleetSizingBase-INFO-to deactivate: 0
65228-src.fleetctrl.fleetsizing.DynamicFleetSizingBase-INFO-to deactivate: 0
65228-src.fleetctrl.fleetsizing.DynamicFleetSizingBase-INFO-to deactivate: 0
65228-src.fleetctrl.fleetsizing.DynamicFleetSizingBase-INFO-to deactivate: 0
65228-src.fleetctrl.fleetsizing.DynamicFleetSizingBase-INFO-to deactivate: 0
65228-src.fleetctrl.fleetsizing.DynamicFleetSizingBase-INFO-to deactivate: 0
65228-src.fleetctrl.fleetsizing.DynamicFleetSizingBase-INFO-to deactivate: 0
65228-src.fleetctrl.fleetsizing.DynamicFleetSizingBase-INFO-to deactivate: 0
65228-src.fleetctrl.fleetsizing.DynamicFleetSizingBase-INFO-to deactivate: 0
65228-src.fleetctrl.fleetsizing.DynamicFleetSizingBase-INFO-to deactivate: 0
65228-src.fleetctrl.fleetsizing.DynamicFleetSizingBase-INFO-to deactivate: 0
65228-src.fleetctrl.fleetsizing.DynamicFleetSizingBase-INFO-to deactivate: 0
65228-src.fleetctrl.fleetsizing.DynamicFleetSizingBase-INFO-to deactivate: 0
65228-src.fleetctrl.fleetsizing.DynamicFleetSizingBase-INFO-to deactivate: 0
65228-src.fleetctrl.fleetsizing.DynamicFleetSizingBase-INFO-to deactivate: 0
65228-src.fleetctrl.fleetsizing.DynamicFleetSizingBase-INFO-to deactivate: 0
65228-src.fleetctrl.fleetsizing.DynamicFleetSizingBase-INFO-to deactivate: 0
65228-src.fleetctrl.fleetsizing.DynamicFleetSizingBase-INFO-to deactivate: 0
65228-src.fleetctrl.fleetsizing.DynamicFleetSizingBase-INFO-to deactivate: 0
65228-src.fleetctrl.fleetsizing.DynamicFleetSizingBase-INFO-to deactivate: 0
65228-src.fleetctrl.fleetsizing.DynamicFleetSizingBase-INFO-to deactivate: 0
65228-src.fleetctrl.fleetsizing.DynamicFleetSizingBase-INFO-to deactivate: 0
65228-src.fleetctrl.fleetsizing.DynamicFleetSizingBase-INFO-to deactivate: 0
65228-src.fleetctrl.fleetsizing.DynamicFleetSizingBase-INFO-to deactivate: 0
65228-src.fleetctrl.fleetsizing.DynamicFleetSizingBase-INFO-to deactivate: 0
65228-src.fleetctrl.fleetsizing.DynamicFleetSizingBase-INFO-to deactivate: 0
65228-src.fleetctrl.fleetsizing.DynamicFleetSizingBase-INFO-to deactivate: 0
65228-src.fleetctrl.fleetsizing.DynamicFleetSizingBase-INFO-to deactivate: 0
65228-src.fleetctrl.fleetsizing.DynamicFleetSizingBase-INFO-to deactivate: 0
65228-src.fleetctrl.fleetsizing.DynamicFleetSizingBase-INFO-to deactivate: 0
65228-src.fleetctrl.fleetsizing.DynamicFleetSizingBase-INFO-to deactivate: 0
65228-src.fleetctrl.fleetsizing.DynamicFleetSizingBase-INFO-to deactivate: 0
65228-src.fleetctrl.fleetsizing.DynamicFleetSizingBase-INFO-to deactivate: 0
65228-src.fleetctrl.fleetsizing.DynamicFleetSizingBase-INFO-to deactivate: 0
65228-src.fleetctrl.fleetsizing.DynamicFleetSizingBase-INFO-to deactivate: 0
65228-src.fleetctrl.fleetsizing.DynamicFleetSizingBase-INFO-to deactivate: 0
65228-src.fleetctrl.fleetsizing.DynamicFleetSizingBase-INFO-to deactivate: 0
65228-src.fleetctrl.fleetsizing.DynamicFleetSizingBase-INFO-to deactivate: 0
65228-src.fleetctrl.fleetsizing.DynamicFleetSizingBase-INFO-to deactivate: 0
65228-src.fleetctrl.fleetsizing.DynamicFleetSizingBase-INFO-to deactivate: 0
65228-src.fleetctrl.fleetsizing.DynamicFleetSizingBase-INFO-to deactivate: 0
65228-src.fleetctrl.fleetsizing.DynamicFleetSizingBase-INFO-to deactivate: 0
65228-src.fleetctrl.fleetsizing.DynamicFleetSizingBase-INFO-to deactivate: 0
65228-src.fleetctrl.fleetsizing.DynamicFleetSizingBase-INFO-to deactivate: 0
65228-src.routing.NetworkBasic-INFO-STOCHASTIC NETWORK UPDATE HAPPENED HERE FOR SIMULATION TIME 36720
65228-src.fleetctrl.fleetsizing.DynamicFleetSizingBase-INFO-to deactivate: 0
65228-src.fleetctrl.fleetsizing.DynamicFleetSizingBase-INFO-to deactivate: 0
65228-src.fleetctrl.fleetsizing.DynamicFleetSizingBase-INFO-to deactivate: 0
65228-src.fleetctrl.fleetsizing.DynamicFleetSizingBase-INFO-to deactivate: 0
65228-src.fleetctrl.fleetsizing.DynamicFleetSizingBase-INFO-to deactivate: 0
65228-src.fleetctrl.fleetsizing.DynamicFleetSizingBase-INFO-to deactivate: 0
65228-src.fleetctrl.fleetsizing.DynamicFleetSizingBase-INFO-to deactivate: 0
65228-src.fleetctrl.fleetsizing.DynamicFleetSizingBase-INFO-to deactivate: 0
65228-src.fleetctrl.fleetsizing.DynamicFleetSizingBase-INFO-to deactivate: 0
65228-src.fleetctrl.fleetsizing.DynamicFleetSizingBase-INFO-to deactivate: 0
65228-src.fleetctrl.fleetsizing.DynamicFleetSizingBase-INFO-to deactivate: 0
65228-src.fleetctrl.fleetsizing.DynamicFleetSizingBase-INFO-to deactivate: 0
65228-src.fleetctrl.fleetsizing.DynamicFleetSizingBase-INFO-to deactivate: 0
65228-src.fleetctrl.fleetsizing.DynamicFleetSizingBase-INFO-to deactivate: 0
65228-src.fleetctrl.fleetsizing.DynamicFleetSizingBase-INFO-to deactivate: 0
65228-src.fleetctrl.fleetsizing.DynamicFleetSizingBase-INFO-to deactivate: 0
65228-src.fleetctrl.fleetsizing.DynamicFleetSizingBase-INFO-to deactivate: 0
65228-src.fleetctrl.fleetsizing.DynamicFleetSizingBase-INFO-to deactivate: 0
65228-src.fleetctrl.fleetsizing.DynamicFleetSizingBase-INFO-to deactivate: 0
65228-src.fleetctrl.fleetsizing.DynamicFleetSizingBase-INFO-to deactivate: 0
65228-src.fleetctrl.fleetsizing.DynamicFleetSizingBase-INFO-to deactivate: 0
65228-src.fleetctrl.fleetsizing.DynamicFleetSizingBase-INFO-to deactivate: 0
65228-src.fleetctrl.fleetsizing.DynamicFleetSizingBase-INFO-to deactivate: 0
65228-src.fleetctrl.fleetsizing.DynamicFleetSizingBase-INFO-to deactivate: 0
65228-src.fleetctrl.fleetsizing.DynamicFleetSizingBase-INFO-to deactivate: 0
65228-src.fleetctrl.fleetsizing.DynamicFleetSizingBase-INFO-to deactivate: 0
65228-src.fleetctrl.fleetsizing.DynamicFleetSizingBase-INFO-to deactivate: 0
65228-src.fleetctrl.fleetsizing.DynamicFleetSizingBase-INFO-to deactivate: 0
65228-src.fleetctrl.fleetsizing.DynamicFleetSizingBase-INFO-to deactivate: 0
65228-src.fleetctrl.fleetsizing.DynamicFleetSizingBase-INFO-to deactivate: 0
65228-src.fleetctrl.fleetsizing.DynamicFleetSizingBase-INFO-to deactivate: 0
65228-src.fleetctrl.fleetsizing.DynamicFleetSizingBase-INFO-to deactivate: 0
65228-src.fleetctrl.fleetsizing.DynamicFleetSizingBase-INFO-to deactivate: 0
65228-src.fleetctrl.fleetsizing.DynamicFleetSizingBase-INFO-to deactivate: 0
65228-src.fleetctrl.fleetsizing.DynamicFleetSizingBase-INFO-to deactivate: 0
65228-src.fleetctrl.fleetsizing.DynamicFleetSizingBase-INFO-to deactivate: 0
65228-src.fleetctrl.fleetsizing.DynamicFleetSizingBase-INFO-to deactivate: 0
65228-src.fleetctrl.fleetsizing.DynamicFleetSizingBase-INFO-to deactivate: 0
65228-src.fleetctrl.fleetsizing.DynamicFleetSizingBase-INFO-to deactivate: 0
65228-src.fleetctrl.fleetsizing.DynamicFleetSizingBase-INFO-to deactivate: 0
65228-src.fleetctrl.fleetsizing.DynamicFleetSizingBase-INFO-to deactivate: 0
65228-src.fleetctrl.fleetsizing.DynamicFleetSizingBase-INFO-to deactivate: 0
65228-src.fleetctrl.fleetsizing.DynamicFleetSizingBase-INFO-to deactivate: 0
65228-src.fleetctrl.fleetsizing.DynamicFleetSizingBase-INFO-to deactivate: 0
65228-src.fleetctrl.fleetsizing.DynamicFleetSizingBase-INFO-to deactivate: 0
65228-src.fleetctrl.fleetsizing.DynamicFleetSizingBase-INFO-to deactivate: 0
65228-src.fleetctrl.fleetsizing.DynamicFleetSizingBase-INFO-to deactivate: 0
65228-src.fleetctrl.fleetsizing.DynamicFleetSizingBase-INFO-to deactivate: 0
65228-src.fleetctrl.fleetsizing.DynamicFleetSizingBase-INFO-to deactivate: 0
65228-src.fleetctrl.fleetsizing.DynamicFleetSizingBase-INFO-to deactivate: 0
65228-src.fleetctrl.fleetsizing.DynamicFleetSizingBase-INFO-to deactivate: 0
65228-src.fleetctrl.fleetsizing.DynamicFleetSizingBase-INFO-to deactivate: 0
65228-src.fleetctrl.fleetsizing.DynamicFleetSizingBase-INFO-to deactivate: 0
65228-src.fleetctrl.fleetsizing.DynamicFleetSizingBase-INFO-to deactivate: 0
65228-src.fleetctrl.fleetsizing.DynamicFleetSizingBase-INFO-to deactivate: 0
65228-src.fleetctrl.fleetsizing.DynamicFleetSizingBase-INFO-to deactivate: 0
65228-src.fleetctrl.fleetsizing.DynamicFleetSizingBase-INFO-to deactivate: 0
65228-src.fleetctrl.fleetsizing.DynamicFleetSizingBase-INFO-to deactivate: 0
65228-src.fleetctrl.fleetsizing.DynamicFleetSizingBase-INFO-to deactivate: 0
65228-src.fleetctrl.fleetsizing.DynamicFleetSizingBase-INFO-to deactivate: 0
65228-src.routing.NetworkBasic-INFO-STOCHASTIC NETWORK UPDATE HAPPENED HERE FOR SIMULATION TIME 37320
65228-src.fleetctrl.fleetsizing.DynamicFleetSizingBase-INFO-to deactivate: 0
65228-src.fleetctrl.fleetsizing.DynamicFleetSizingBase-INFO-to deactivate: 0
65228-src.fleetctrl.fleetsizing.DynamicFleetSizingBase-INFO-to deactivate: 0
65228-src.fleetctrl.fleetsizing.DynamicFleetSizingBase-INFO-to deactivate: 0
65228-src.fleetctrl.fleetsizing.DynamicFleetSizingBase-INFO-to deactivate: 0
65228-src.fleetctrl.fleetsizing.DynamicFleetSizingBase-INFO-to deactivate: 0
65228-src.fleetctrl.fleetsizing.DynamicFleetSizingBase-INFO-to deactivate: 0
65228-src.fleetctrl.fleetsizing.DynamicFleetSizingBase-INFO-to deactivate: 0
65228-src.fleetctrl.fleetsizing.DynamicFleetSizingBase-INFO-to deactivate: 0
65228-src.fleetctrl.fleetsizing.DynamicFleetSizingBase-INFO-to deactivate: 0
65228-src.fleetctrl.fleetsizing.DynamicFleetSizingBase-INFO-to deactivate: 0
65228-src.fleetctrl.fleetsizing.DynamicFleetSizingBase-INFO-to deactivate: 0
65228-src.fleetctrl.fleetsizing.DynamicFleetSizingBase-INFO-to deactivate: 0
65228-src.fleetctrl.fleetsizing.DynamicFleetSizingBase-INFO-to deactivate: 0
65228-src.fleetctrl.fleetsizing.DynamicFleetSizingBase-INFO-to deactivate: 0
65228-src.fleetctrl.fleetsizing.DynamicFleetSizingBase-INFO-to deactivate: 0
65228-src.fleetctrl.fleetsizing.DynamicFleetSizingBase-INFO-to deactivate: 0
65228-src.fleetctrl.fleetsizing.DynamicFleetSizingBase-INFO-to deactivate: 0
65228-src.fleetctrl.fleetsizing.DynamicFleetSizingBase-INFO-to deactivate: 0
65228-src.fleetctrl.fleetsizing.DynamicFleetSizingBase-INFO-to deactivate: 0
65228-src.fleetctrl.fleetsizing.DynamicFleetSizingBase-INFO-to deactivate: 0
65228-src.fleetctrl.fleetsizing.DynamicFleetSizingBase-INFO-to deactivate: 0
65228-src.fleetctrl.fleetsizing.DynamicFleetSizingBase-INFO-to deactivate: 0
65228-src.fleetctrl.fleetsizing.DynamicFleetSizingBase-INFO-to deactivate: 0
65228-src.fleetctrl.fleetsizing.DynamicFleetSizingBase-INFO-to deactivate: 0
65228-src.fleetctrl.fleetsizing.DynamicFleetSizingBase-INFO-to deactivate: 0
65228-src.fleetctrl.fleetsizing.DynamicFleetSizingBase-INFO-to deactivate: 0
65228-src.fleetctrl.fleetsizing.DynamicFleetSizingBase-INFO-to deactivate: 0
65228-src.fleetctrl.fleetsizing.DynamicFleetSizingBase-INFO-to deactivate: 0
65228-src.fleetctrl.fleetsizing.DynamicFleetSizingBase-INFO-to deactivate: 0
65228-src.fleetctrl.fleetsizing.DynamicFleetSizingBase-INFO-to deactivate: 0
65228-src.fleetctrl.fleetsizing.DynamicFleetSizingBase-INFO-to deactivate: 0
65228-src.fleetctrl.fleetsizing.DynamicFleetSizingBase-INFO-to deactivate: 0
65228-src.fleetctrl.fleetsizing.DynamicFleetSizingBase-INFO-to deactivate: 0
65228-src.fleetctrl.fleetsizing.DynamicFleetSizingBase-INFO-to deactivate: 0
65228-src.fleetctrl.fleetsizing.DynamicFleetSizingBase-INFO-to deactivate: 0
65228-src.fleetctrl.fleetsizing.DynamicFleetSizingBase-INFO-to deactivate: 0
65228-src.fleetctrl.fleetsizing.DynamicFleetSizingBase-INFO-to deactivate: 0
65228-src.fleetctrl.fleetsizing.DynamicFleetSizingBase-INFO-to deactivate: 0
65228-src.fleetctrl.fleetsizing.DynamicFleetSizingBase-INFO-to deactivate: 0
65228-src.fleetctrl.fleetsizing.DynamicFleetSizingBase-INFO-to deactivate: 0
65228-src.fleetctrl.fleetsizing.DynamicFleetSizingBase-INFO-to deactivate: 0
65228-src.fleetctrl.fleetsizing.DynamicFleetSizingBase-INFO-to deactivate: 0
65228-src.fleetctrl.fleetsizing.DynamicFleetSizingBase-INFO-to deactivate: 0
65228-src.fleetctrl.fleetsizing.DynamicFleetSizingBase-INFO-to deactivate: 0
65228-src.fleetctrl.fleetsizing.DynamicFleetSizingBase-INFO-to deactivate: 0
65228-src.fleetctrl.fleetsizing.DynamicFleetSizingBase-INFO-to deactivate: 0
65228-src.fleetctrl.fleetsizing.DynamicFleetSizingBase-INFO-to deactivate: 0
65228-src.fleetctrl.fleetsizing.DynamicFleetSizingBase-INFO-to deactivate: 0
65228-src.fleetctrl.fleetsizing.DynamicFleetSizingBase-INFO-to deactivate: 0
65228-src.fleetctrl.fleetsizing.DynamicFleetSizingBase-INFO-to deactivate: 0
65228-src.fleetctrl.fleetsizing.DynamicFleetSizingBase-INFO-to deactivate: 0
65228-src.fleetctrl.fleetsizing.DynamicFleetSizingBase-INFO-to deactivate: 0
65228-src.fleetctrl.fleetsizing.DynamicFleetSizingBase-INFO-to deactivate: 0
65228-src.fleetctrl.fleetsizing.DynamicFleetSizingBase-INFO-to deactivate: 0
65228-src.fleetctrl.fleetsizing.DynamicFleetSizingBase-INFO-to deactivate: 0
65228-src.fleetctrl.fleetsizing.DynamicFleetSizingBase-INFO-to deactivate: 0
65228-src.fleetctrl.fleetsizing.DynamicFleetSizingBase-INFO-to deactivate: 0
65228-src.fleetctrl.fleetsizing.DynamicFleetSizingBase-INFO-to deactivate: 0
65228-src.fleetctrl.fleetsizing.DynamicFleetSizingBase-INFO-to deactivate: 0
65228-src.routing.NetworkBasic-INFO-STOCHASTIC NETWORK UPDATE HAPPENED HERE FOR SIMULATION TIME 37920
65228-src.fleetctrl.fleetsizing.DynamicFleetSizingBase-INFO-to deactivate: 0
65228-src.fleetctrl.fleetsizing.DynamicFleetSizingBase-INFO-to deactivate: 0
65228-src.fleetctrl.fleetsizing.DynamicFleetSizingBase-INFO-to deactivate: 0
65228-src.fleetctrl.fleetsizing.DynamicFleetSizingBase-INFO-to deactivate: 0
65228-src.fleetctrl.fleetsizing.DynamicFleetSizingBase-INFO-to deactivate: 0
65228-src.fleetctrl.fleetsizing.DynamicFleetSizingBase-INFO-to deactivate: 0
65228-src.fleetctrl.fleetsizing.DynamicFleetSizingBase-INFO-to deactivate: 0
65228-src.fleetctrl.fleetsizing.DynamicFleetSizingBase-INFO-to deactivate: 0
65228-src.fleetctrl.fleetsizing.DynamicFleetSizingBase-INFO-to deactivate: 0
65228-src.fleetctrl.fleetsizing.DynamicFleetSizingBase-INFO-to deactivate: 0
65228-src.fleetctrl.fleetsizing.DynamicFleetSizingBase-INFO-to deactivate: 0
65228-src.fleetctrl.fleetsizing.DynamicFleetSizingBase-INFO-to deactivate: 0
65228-src.fleetctrl.fleetsizing.DynamicFleetSizingBase-INFO-to deactivate: 0
65228-src.fleetctrl.fleetsizing.DynamicFleetSizingBase-INFO-to deactivate: 0
65228-src.fleetctrl.fleetsizing.DynamicFleetSizingBase-INFO-to deactivate: 0
65228-src.fleetctrl.fleetsizing.DynamicFleetSizingBase-INFO-to deactivate: 0
65228-src.fleetctrl.fleetsizing.DynamicFleetSizingBase-INFO-to deactivate: 0
65228-src.fleetctrl.fleetsizing.DynamicFleetSizingBase-INFO-to deactivate: 0
65228-src.fleetctrl.fleetsizing.DynamicFleetSizingBase-INFO-to deactivate: 0
65228-src.fleetctrl.fleetsizing.DynamicFleetSizingBase-INFO-to deactivate: 0
65228-src.fleetctrl.fleetsizing.DynamicFleetSizingBase-INFO-to deactivate: 0
65228-src.fleetctrl.fleetsizing.DynamicFleetSizingBase-INFO-to deactivate: 0
65228-src.fleetctrl.fleetsizing.DynamicFleetSizingBase-INFO-to deactivate: 0
65228-src.fleetctrl.fleetsizing.DynamicFleetSizingBase-INFO-to deactivate: 0
65228-src.fleetctrl.fleetsizing.DynamicFleetSizingBase-INFO-to deactivate: 0
65228-src.fleetctrl.fleetsizing.DynamicFleetSizingBase-INFO-to deactivate: 0
65228-src.fleetctrl.fleetsizing.DynamicFleetSizingBase-INFO-to deactivate: 0
65228-src.fleetctrl.fleetsizing.DynamicFleetSizingBase-INFO-to deactivate: 0
65228-src.fleetctrl.fleetsizing.DynamicFleetSizingBase-INFO-to deactivate: 0
65228-src.fleetctrl.fleetsizing.DynamicFleetSizingBase-INFO-to deactivate: 0
65228-src.fleetctrl.fleetsizing.DynamicFleetSizingBase-INFO-to deactivate: 0
65228-src.fleetctrl.fleetsizing.DynamicFleetSizingBase-INFO-to deactivate: 0
65228-src.fleetctrl.fleetsizing.DynamicFleetSizingBase-INFO-to deactivate: 0
65228-src.fleetctrl.fleetsizing.DynamicFleetSizingBase-INFO-to deactivate: 0
65228-src.fleetctrl.fleetsizing.DynamicFleetSizingBase-INFO-to deactivate: 0
65228-src.fleetctrl.fleetsizing.DynamicFleetSizingBase-INFO-to deactivate: 0
65228-src.fleetctrl.fleetsizing.DynamicFleetSizingBase-INFO-to deactivate: 0
65228-src.fleetctrl.fleetsizing.DynamicFleetSizingBase-INFO-to deactivate: 0
65228-src.fleetctrl.fleetsizing.DynamicFleetSizingBase-INFO-to deactivate: 0
65228-src.fleetctrl.fleetsizing.DynamicFleetSizingBase-INFO-to deactivate: 0
65228-src.fleetctrl.fleetsizing.DynamicFleetSizingBase-INFO-to deactivate: 0
65228-src.fleetctrl.fleetsizing.DynamicFleetSizingBase-INFO-to deactivate: 0
65228-src.fleetctrl.fleetsizing.DynamicFleetSizingBase-INFO-to deactivate: 0
65228-src.fleetctrl.fleetsizing.DynamicFleetSizingBase-INFO-to deactivate: 0
65228-src.fleetctrl.fleetsizing.DynamicFleetSizingBase-INFO-to deactivate: 0
65228-src.fleetctrl.fleetsizing.DynamicFleetSizingBase-INFO-to deactivate: 0
65228-src.fleetctrl.fleetsizing.DynamicFleetSizingBase-INFO-to deactivate: 0
65228-src.fleetctrl.fleetsizing.DynamicFleetSizingBase-INFO-to deactivate: 0
65228-src.fleetctrl.fleetsizing.DynamicFleetSizingBase-INFO-to deactivate: 0
65228-src.fleetctrl.fleetsizing.DynamicFleetSizingBase-INFO-to deactivate: 0
65228-src.fleetctrl.fleetsizing.DynamicFleetSizingBase-INFO-to deactivate: 0
65228-src.fleetctrl.fleetsizing.DynamicFleetSizingBase-INFO-to deactivate: 0
65228-src.fleetctrl.fleetsizing.DynamicFleetSizingBase-INFO-to deactivate: 0
65228-src.fleetctrl.fleetsizing.DynamicFleetSizingBase-INFO-to deactivate: 0
65228-src.fleetctrl.fleetsizing.DynamicFleetSizingBase-INFO-to deactivate: 0
65228-src.fleetctrl.fleetsizing.DynamicFleetSizingBase-INFO-to deactivate: 0
65228-src.fleetctrl.fleetsizing.DynamicFleetSizingBase-INFO-to deactivate: 0
65228-src.fleetctrl.fleetsizing.DynamicFleetSizingBase-INFO-to deactivate: 0
65228-src.fleetctrl.fleetsizing.DynamicFleetSizingBase-INFO-to deactivate: 0
65228-src.fleetctrl.fleetsizing.DynamicFleetSizingBase-INFO-to deactivate: 0
65228-src.routing.NetworkBasic-INFO-STOCHASTIC NETWORK UPDATE HAPPENED HERE FOR SIMULATION TIME 38520
65228-src.fleetctrl.fleetsizing.DynamicFleetSizingBase-INFO-to deactivate: 0
65228-src.fleetctrl.fleetsizing.DynamicFleetSizingBase-INFO-to deactivate: 0
65228-src.fleetctrl.fleetsizing.DynamicFleetSizingBase-INFO-to deactivate: 0
65228-src.fleetctrl.fleetsizing.DynamicFleetSizingBase-INFO-to deactivate: 0
65228-src.fleetctrl.fleetsizing.DynamicFleetSizingBase-INFO-to deactivate: 0
65228-src.fleetctrl.fleetsizing.DynamicFleetSizingBase-INFO-to deactivate: 0
65228-src.fleetctrl.fleetsizing.DynamicFleetSizingBase-INFO-to deactivate: 0
65228-src.fleetctrl.fleetsizing.DynamicFleetSizingBase-INFO-to deactivate: 0
65228-src.fleetctrl.fleetsizing.DynamicFleetSizingBase-INFO-to deactivate: 0
65228-src.fleetctrl.fleetsizing.DynamicFleetSizingBase-INFO-to deactivate: 0
65228-src.fleetctrl.fleetsizing.DynamicFleetSizingBase-INFO-to deactivate: 0
65228-src.fleetctrl.fleetsizing.DynamicFleetSizingBase-INFO-to deactivate: 0
65228-src.fleetctrl.fleetsizing.DynamicFleetSizingBase-INFO-to deactivate: 0
65228-src.fleetctrl.fleetsizing.DynamicFleetSizingBase-INFO-to deactivate: 0
65228-src.fleetctrl.fleetsizing.DynamicFleetSizingBase-INFO-to deactivate: 0
65228-src.fleetctrl.fleetsizing.DynamicFleetSizingBase-INFO-to deactivate: 0
65228-src.fleetctrl.fleetsizing.DynamicFleetSizingBase-INFO-to deactivate: 0
65228-src.fleetctrl.fleetsizing.DynamicFleetSizingBase-INFO-to deactivate: 0
65228-src.fleetctrl.fleetsizing.DynamicFleetSizingBase-INFO-to deactivate: 0
65228-src.fleetctrl.fleetsizing.DynamicFleetSizingBase-INFO-to deactivate: 0
65228-src.fleetctrl.fleetsizing.DynamicFleetSizingBase-INFO-to deactivate: 0
65228-src.fleetctrl.fleetsizing.DynamicFleetSizingBase-INFO-to deactivate: 0
65228-src.fleetctrl.fleetsizing.DynamicFleetSizingBase-INFO-to deactivate: 0
65228-src.fleetctrl.fleetsizing.DynamicFleetSizingBase-INFO-to deactivate: 0
65228-src.fleetctrl.fleetsizing.DynamicFleetSizingBase-INFO-to deactivate: 0
65228-src.fleetctrl.fleetsizing.DynamicFleetSizingBase-INFO-to deactivate: 0
65228-src.fleetctrl.fleetsizing.DynamicFleetSizingBase-INFO-to deactivate: 0
65228-src.fleetctrl.fleetsizing.DynamicFleetSizingBase-INFO-to deactivate: 0
65228-src.fleetctrl.fleetsizing.DynamicFleetSizingBase-INFO-to deactivate: 0
65228-src.fleetctrl.fleetsizing.DynamicFleetSizingBase-INFO-to deactivate: 0
65228-src.fleetctrl.fleetsizing.DynamicFleetSizingBase-INFO-to deactivate: 0
65228-src.fleetctrl.fleetsizing.DynamicFleetSizingBase-INFO-to deactivate: 0
65228-src.fleetctrl.fleetsizing.DynamicFleetSizingBase-INFO-to deactivate: 0
65228-src.fleetctrl.fleetsizing.DynamicFleetSizingBase-INFO-to deactivate: 0
65228-src.fleetctrl.fleetsizing.DynamicFleetSizingBase-INFO-to deactivate: 0
65228-src.fleetctrl.fleetsizing.DynamicFleetSizingBase-INFO-to deactivate: 0
65228-src.fleetctrl.fleetsizing.DynamicFleetSizingBase-INFO-to deactivate: 0
65228-src.fleetctrl.fleetsizing.DynamicFleetSizingBase-INFO-to deactivate: 0
65228-src.fleetctrl.fleetsizing.DynamicFleetSizingBase-INFO-to deactivate: 0
65228-src.fleetctrl.fleetsizing.DynamicFleetSizingBase-INFO-to deactivate: 0
65228-src.fleetctrl.fleetsizing.DynamicFleetSizingBase-INFO-to deactivate: 0
65228-src.fleetctrl.fleetsizing.DynamicFleetSizingBase-INFO-to deactivate: 0
65228-src.fleetctrl.fleetsizing.DynamicFleetSizingBase-INFO-to deactivate: 0
65228-src.fleetctrl.fleetsizing.DynamicFleetSizingBase-INFO-to deactivate: 0
65228-src.fleetctrl.fleetsizing.DynamicFleetSizingBase-INFO-to deactivate: 0
65228-src.fleetctrl.fleetsizing.DynamicFleetSizingBase-INFO-to deactivate: 0
65228-src.fleetctrl.fleetsizing.DynamicFleetSizingBase-INFO-to deactivate: 0
65228-src.fleetctrl.fleetsizing.DynamicFleetSizingBase-INFO-to deactivate: 0
65228-src.fleetctrl.fleetsizing.DynamicFleetSizingBase-INFO-to deactivate: 0
65228-src.fleetctrl.fleetsizing.DynamicFleetSizingBase-INFO-to deactivate: 0
65228-src.fleetctrl.fleetsizing.DynamicFleetSizingBase-INFO-to deactivate: 0
65228-src.fleetctrl.fleetsizing.DynamicFleetSizingBase-INFO-to deactivate: 0
65228-src.fleetctrl.fleetsizing.DynamicFleetSizingBase-INFO-to deactivate: 0
65228-src.fleetctrl.fleetsizing.DynamicFleetSizingBase-INFO-to deactivate: 0
65228-src.fleetctrl.fleetsizing.DynamicFleetSizingBase-INFO-to deactivate: 0
65228-src.fleetctrl.fleetsizing.DynamicFleetSizingBase-INFO-to deactivate: 0
65228-src.fleetctrl.fleetsizing.DynamicFleetSizingBase-INFO-to deactivate: 0
65228-src.fleetctrl.fleetsizing.DynamicFleetSizingBase-INFO-to deactivate: 0
65228-src.fleetctrl.fleetsizing.DynamicFleetSizingBase-INFO-to deactivate: 0
65228-src.fleetctrl.fleetsizing.DynamicFleetSizingBase-INFO-to deactivate: 0
65228-src.routing.NetworkBasic-INFO-STOCHASTIC NETWORK UPDATE HAPPENED HERE FOR SIMULATION TIME 39120
65228-src.fleetctrl.fleetsizing.DynamicFleetSizingBase-INFO-to deactivate: 0
65228-src.fleetctrl.fleetsizing.DynamicFleetSizingBase-INFO-to deactivate: 0
65228-src.fleetctrl.fleetsizing.DynamicFleetSizingBase-INFO-to deactivate: 0
65228-src.fleetctrl.fleetsizing.DynamicFleetSizingBase-INFO-to deactivate: 0
65228-src.fleetctrl.fleetsizing.DynamicFleetSizingBase-INFO-to deactivate: 0
65228-src.fleetctrl.fleetsizing.DynamicFleetSizingBase-INFO-to deactivate: 0
65228-src.fleetctrl.fleetsizing.DynamicFleetSizingBase-INFO-to deactivate: 0
65228-src.fleetctrl.fleetsizing.DynamicFleetSizingBase-INFO-to deactivate: 0
65228-src.fleetctrl.fleetsizing.DynamicFleetSizingBase-INFO-to deactivate: 0
65228-src.fleetctrl.fleetsizing.DynamicFleetSizingBase-INFO-to deactivate: 0
65228-src.fleetctrl.fleetsizing.DynamicFleetSizingBase-INFO-to deactivate: 0
65228-src.fleetctrl.fleetsizing.DynamicFleetSizingBase-INFO-to deactivate: 0
65228-src.fleetctrl.fleetsizing.DynamicFleetSizingBase-INFO-to deactivate: 0
65228-src.fleetctrl.fleetsizing.DynamicFleetSizingBase-INFO-to deactivate: 0
65228-src.fleetctrl.fleetsizing.DynamicFleetSizingBase-INFO-to deactivate: 0
65228-src.fleetctrl.fleetsizing.DynamicFleetSizingBase-INFO-to deactivate: 0
65228-src.fleetctrl.fleetsizing.DynamicFleetSizingBase-INFO-to deactivate: 0
65228-src.fleetctrl.fleetsizing.DynamicFleetSizingBase-INFO-to deactivate: 0
65228-src.fleetctrl.fleetsizing.DynamicFleetSizingBase-INFO-to deactivate: 0
65228-src.fleetctrl.fleetsizing.DynamicFleetSizingBase-INFO-to deactivate: 0
65228-src.fleetctrl.fleetsizing.DynamicFleetSizingBase-INFO-to deactivate: 0
65228-src.fleetctrl.fleetsizing.DynamicFleetSizingBase-INFO-to deactivate: 0
65228-src.fleetctrl.fleetsizing.DynamicFleetSizingBase-INFO-to deactivate: 0
65228-src.fleetctrl.fleetsizing.DynamicFleetSizingBase-INFO-to deactivate: 0
65228-src.fleetctrl.fleetsizing.DynamicFleetSizingBase-INFO-to deactivate: 0
65228-src.fleetctrl.fleetsizing.DynamicFleetSizingBase-INFO-to deactivate: 0
65228-src.fleetctrl.fleetsizing.DynamicFleetSizingBase-INFO-to deactivate: 0
65228-src.fleetctrl.fleetsizing.DynamicFleetSizingBase-INFO-to deactivate: 0
65228-src.fleetctrl.fleetsizing.DynamicFleetSizingBase-INFO-to deactivate: 0
65228-src.fleetctrl.fleetsizing.DynamicFleetSizingBase-INFO-to deactivate: 0
65228-src.fleetctrl.fleetsizing.DynamicFleetSizingBase-INFO-to deactivate: 0
65228-src.fleetctrl.fleetsizing.DynamicFleetSizingBase-INFO-to deactivate: 0
65228-src.fleetctrl.fleetsizing.DynamicFleetSizingBase-INFO-to deactivate: 0
65228-src.fleetctrl.fleetsizing.DynamicFleetSizingBase-INFO-to deactivate: 0
65228-src.fleetctrl.fleetsizing.DynamicFleetSizingBase-INFO-to deactivate: 0
65228-src.fleetctrl.fleetsizing.DynamicFleetSizingBase-INFO-to deactivate: 0
65228-src.fleetctrl.fleetsizing.DynamicFleetSizingBase-INFO-to deactivate: 0
65228-src.fleetctrl.fleetsizing.DynamicFleetSizingBase-INFO-to deactivate: 0
65228-src.fleetctrl.fleetsizing.DynamicFleetSizingBase-INFO-to deactivate: 0
65228-src.fleetctrl.fleetsizing.DynamicFleetSizingBase-INFO-to deactivate: 0
65228-src.fleetctrl.fleetsizing.DynamicFleetSizingBase-INFO-to deactivate: 0
65228-src.fleetctrl.fleetsizing.DynamicFleetSizingBase-INFO-to deactivate: 0
65228-src.fleetctrl.fleetsizing.DynamicFleetSizingBase-INFO-to deactivate: 0
65228-src.fleetctrl.fleetsizing.DynamicFleetSizingBase-INFO-to deactivate: 0
65228-src.fleetctrl.fleetsizing.DynamicFleetSizingBase-INFO-to deactivate: 0
65228-src.fleetctrl.fleetsizing.DynamicFleetSizingBase-INFO-to deactivate: 0
65228-src.fleetctrl.fleetsizing.DynamicFleetSizingBase-INFO-to deactivate: 0
65228-src.fleetctrl.fleetsizing.DynamicFleetSizingBase-INFO-to deactivate: 0
65228-src.fleetctrl.fleetsizing.DynamicFleetSizingBase-INFO-Activating vehicle veh 2 at pos (2009, None, None) with soc 1.0 leg status VRL_STATES.OUT_OF_SERVICE remaining time 9985590 number remaining legs: 1 ob : [] from depot <src.infra.ChargingInfrastructure.Depot object at 0x000002829771B760> (plan time: 39600)
65228-src.fleetctrl.fleetsizing.DynamicFleetSizingBase-INFO-to deactivate: 0
65228-src.fleetctrl.fleetsizing.DynamicFleetSizingBase-INFO-to deactivate: 0
65228-src.fleetctrl.fleetsizing.DynamicFleetSizingBase-INFO-to deactivate: 0
65228-src.fleetctrl.fleetsizing.DynamicFleetSizingBase-INFO-to deactivate: 0
65228-src.fleetctrl.fleetsizing.DynamicFleetSizingBase-INFO-to deactivate: 0
65228-src.fleetctrl.fleetsizing.DynamicFleetSizingBase-INFO-to deactivate: 0
65228-src.fleetctrl.fleetsizing.DynamicFleetSizingBase-INFO-to deactivate: 0
65228-src.fleetctrl.fleetsizing.DynamicFleetSizingBase-INFO-to deactivate: 0
65228-src.fleetctrl.fleetsizing.DynamicFleetSizingBase-INFO-to deactivate: 0
65228-src.fleetctrl.fleetsizing.DynamicFleetSizingBase-INFO-to deactivate: 0
65228-src.fleetctrl.fleetsizing.DynamicFleetSizingBase-INFO-to deactivate: 0
65228-src.fleetctrl.fleetsizing.DynamicFleetSizingBase-INFO-to deactivate: 0
65228-src.routing.NetworkBasic-INFO-STOCHASTIC NETWORK UPDATE HAPPENED HERE FOR SIMULATION TIME 39720
65228-src.fleetctrl.fleetsizing.DynamicFleetSizingBase-INFO-to deactivate: 0
65228-src.fleetctrl.fleetsizing.DynamicFleetSizingBase-INFO-to deactivate: 0
65228-src.fleetctrl.fleetsizing.DynamicFleetSizingBase-INFO-to deactivate: 0
65228-src.fleetctrl.fleetsizing.DynamicFleetSizingBase-INFO-to deactivate: 0
65228-src.fleetctrl.fleetsizing.DynamicFleetSizingBase-INFO-to deactivate: 0
65228-src.fleetctrl.fleetsizing.DynamicFleetSizingBase-INFO-to deactivate: 0
65228-src.fleetctrl.fleetsizing.DynamicFleetSizingBase-INFO-to deactivate: 0
65228-src.fleetctrl.fleetsizing.DynamicFleetSizingBase-INFO-to deactivate: 0
65228-src.fleetctrl.fleetsizing.DynamicFleetSizingBase-INFO-to deactivate: 0
65228-src.fleetctrl.fleetsizing.DynamicFleetSizingBase-INFO-to deactivate: 0
65228-src.fleetctrl.fleetsizing.DynamicFleetSizingBase-INFO-to deactivate: 0
65228-src.fleetctrl.fleetsizing.DynamicFleetSizingBase-INFO-to deactivate: 0
65228-src.fleetctrl.fleetsizing.DynamicFleetSizingBase-INFO-to deactivate: 0
65228-src.fleetctrl.fleetsizing.DynamicFleetSizingBase-INFO-to deactivate: 0
65228-src.fleetctrl.fleetsizing.DynamicFleetSizingBase-INFO-to deactivate: 0
65228-src.fleetctrl.fleetsizing.DynamicFleetSizingBase-INFO-to deactivate: 0
65228-src.fleetctrl.fleetsizing.DynamicFleetSizingBase-INFO-to deactivate: 0
65228-src.fleetctrl.fleetsizing.DynamicFleetSizingBase-INFO-to deactivate: 0
65228-src.fleetctrl.fleetsizing.DynamicFleetSizingBase-INFO-to deactivate: 0
65228-src.fleetctrl.fleetsizing.DynamicFleetSizingBase-INFO-to deactivate: 0
65228-src.fleetctrl.fleetsizing.DynamicFleetSizingBase-INFO-to deactivate: 0
65228-src.fleetctrl.fleetsizing.DynamicFleetSizingBase-INFO-to deactivate: 0
65228-src.fleetctrl.fleetsizing.DynamicFleetSizingBase-INFO-to deactivate: 0
65228-src.fleetctrl.fleetsizing.DynamicFleetSizingBase-INFO-to deactivate: 0
65228-src.fleetctrl.fleetsizing.DynamicFleetSizingBase-INFO-to deactivate: 0
65228-src.fleetctrl.fleetsizing.DynamicFleetSizingBase-INFO-to deactivate: 0
65228-src.fleetctrl.fleetsizing.DynamicFleetSizingBase-INFO-to deactivate: 0
65228-src.fleetctrl.fleetsizing.DynamicFleetSizingBase-INFO-to deactivate: 0
65228-src.fleetctrl.fleetsizing.DynamicFleetSizingBase-INFO-to deactivate: 0
65228-src.fleetctrl.fleetsizing.DynamicFleetSizingBase-INFO-to deactivate: 0
65228-src.fleetctrl.fleetsizing.DynamicFleetSizingBase-INFO-to deactivate: 0
65228-src.fleetctrl.fleetsizing.DynamicFleetSizingBase-INFO-to deactivate: 0
65228-src.fleetctrl.fleetsizing.DynamicFleetSizingBase-INFO-to deactivate: 0
65228-src.fleetctrl.fleetsizing.DynamicFleetSizingBase-INFO-to deactivate: 0
65228-src.fleetctrl.fleetsizing.DynamicFleetSizingBase-INFO-to deactivate: 0
65228-src.fleetctrl.fleetsizing.DynamicFleetSizingBase-INFO-to deactivate: 0
65228-src.fleetctrl.fleetsizing.DynamicFleetSizingBase-INFO-to deactivate: 0
65228-src.fleetctrl.fleetsizing.DynamicFleetSizingBase-INFO-to deactivate: 0
65228-src.fleetctrl.fleetsizing.DynamicFleetSizingBase-INFO-to deactivate: 0
65228-src.fleetctrl.fleetsizing.DynamicFleetSizingBase-INFO-to deactivate: 0
65228-src.fleetctrl.fleetsizing.DynamicFleetSizingBase-INFO-to deactivate: 0
65228-src.fleetctrl.fleetsizing.DynamicFleetSizingBase-INFO-to deactivate: 0
65228-src.fleetctrl.fleetsizing.DynamicFleetSizingBase-INFO-to deactivate: 0
65228-src.fleetctrl.fleetsizing.DynamicFleetSizingBase-INFO-to deactivate: 0
65228-src.fleetctrl.fleetsizing.DynamicFleetSizingBase-INFO-to deactivate: 0
65228-src.fleetctrl.fleetsizing.DynamicFleetSizingBase-INFO-to deactivate: 0
65228-src.fleetctrl.fleetsizing.DynamicFleetSizingBase-INFO-to deactivate: 0
65228-src.fleetctrl.fleetsizing.DynamicFleetSizingBase-INFO-to deactivate: 0
65228-src.fleetctrl.fleetsizing.DynamicFleetSizingBase-INFO-to deactivate: 0
65228-src.fleetctrl.fleetsizing.DynamicFleetSizingBase-INFO-to deactivate: 0
65228-src.fleetctrl.fleetsizing.DynamicFleetSizingBase-INFO-to deactivate: 0
65228-src.fleetctrl.fleetsizing.DynamicFleetSizingBase-INFO-to deactivate: 0
65228-src.fleetctrl.fleetsizing.DynamicFleetSizingBase-INFO-to deactivate: 0
65228-src.fleetctrl.fleetsizing.DynamicFleetSizingBase-INFO-to deactivate: 0
65228-src.fleetctrl.fleetsizing.DynamicFleetSizingBase-INFO-to deactivate: 0
65228-src.fleetctrl.fleetsizing.DynamicFleetSizingBase-INFO-to deactivate: 0
65228-src.fleetctrl.fleetsizing.DynamicFleetSizingBase-INFO-to deactivate: 0
65228-src.fleetctrl.fleetsizing.DynamicFleetSizingBase-INFO-to deactivate: 0
65228-src.fleetctrl.fleetsizing.DynamicFleetSizingBase-INFO-to deactivate: 0
65228-src.fleetctrl.fleetsizing.DynamicFleetSizingBase-INFO-to deactivate: 0
65228-src.routing.NetworkBasic-INFO-STOCHASTIC NETWORK UPDATE HAPPENED HERE FOR SIMULATION TIME 40320
65228-src.fleetctrl.fleetsizing.DynamicFleetSizingBase-INFO-to deactivate: 0
65228-src.fleetctrl.fleetsizing.DynamicFleetSizingBase-INFO-to deactivate: 0
65228-src.fleetctrl.fleetsizing.DynamicFleetSizingBase-INFO-to deactivate: 0
65228-src.fleetctrl.fleetsizing.DynamicFleetSizingBase-INFO-to deactivate: 0
65228-src.fleetctrl.fleetsizing.DynamicFleetSizingBase-INFO-to deactivate: 0
65228-src.fleetctrl.fleetsizing.DynamicFleetSizingBase-INFO-to deactivate: 0
65228-src.fleetctrl.fleetsizing.DynamicFleetSizingBase-INFO-to deactivate: 0
65228-src.fleetctrl.fleetsizing.DynamicFleetSizingBase-INFO-to deactivate: 0
65228-src.fleetctrl.fleetsizing.DynamicFleetSizingBase-INFO-to deactivate: 0
65228-src.fleetctrl.fleetsizing.DynamicFleetSizingBase-INFO-to deactivate: 0
65228-src.fleetctrl.fleetsizing.DynamicFleetSizingBase-INFO-to deactivate: 0
65228-src.fleetctrl.fleetsizing.DynamicFleetSizingBase-INFO-to deactivate: 0
65228-src.fleetctrl.fleetsizing.DynamicFleetSizingBase-INFO-to deactivate: 0
65228-src.fleetctrl.fleetsizing.DynamicFleetSizingBase-INFO-to deactivate: 0
65228-src.fleetctrl.fleetsizing.DynamicFleetSizingBase-INFO-to deactivate: 0
65228-src.fleetctrl.fleetsizing.DynamicFleetSizingBase-INFO-to deactivate: 0
65228-src.fleetctrl.fleetsizing.DynamicFleetSizingBase-INFO-to deactivate: 0
65228-src.fleetctrl.fleetsizing.DynamicFleetSizingBase-INFO-to deactivate: 0
65228-src.fleetctrl.fleetsizing.DynamicFleetSizingBase-INFO-to deactivate: 0
65228-src.fleetctrl.fleetsizing.DynamicFleetSizingBase-INFO-to deactivate: 0
65228-src.fleetctrl.fleetsizing.DynamicFleetSizingBase-INFO-to deactivate: 0
65228-src.fleetctrl.fleetsizing.DynamicFleetSizingBase-INFO-to deactivate: 0
65228-src.fleetctrl.fleetsizing.DynamicFleetSizingBase-INFO-to deactivate: 0
65228-src.fleetctrl.fleetsizing.DynamicFleetSizingBase-INFO-to deactivate: 0
65228-src.fleetctrl.fleetsizing.DynamicFleetSizingBase-INFO-to deactivate: 0
65228-src.fleetctrl.fleetsizing.DynamicFleetSizingBase-INFO-to deactivate: 0
65228-src.fleetctrl.fleetsizing.DynamicFleetSizingBase-INFO-to deactivate: 0
65228-src.fleetctrl.fleetsizing.DynamicFleetSizingBase-INFO-to deactivate: 0
65228-src.fleetctrl.fleetsizing.DynamicFleetSizingBase-INFO-to deactivate: 0
65228-src.fleetctrl.fleetsizing.DynamicFleetSizingBase-INFO-to deactivate: 0
65228-src.fleetctrl.fleetsizing.DynamicFleetSizingBase-INFO-to deactivate: 0
65228-src.fleetctrl.fleetsizing.DynamicFleetSizingBase-INFO-to deactivate: 0
65228-src.fleetctrl.fleetsizing.DynamicFleetSizingBase-INFO-to deactivate: 0
65228-src.fleetctrl.fleetsizing.DynamicFleetSizingBase-INFO-to deactivate: 0
65228-src.fleetctrl.fleetsizing.DynamicFleetSizingBase-INFO-to deactivate: 0
65228-src.fleetctrl.fleetsizing.DynamicFleetSizingBase-INFO-to deactivate: 0
65228-src.fleetctrl.fleetsizing.DynamicFleetSizingBase-INFO-to deactivate: 0
65228-src.fleetctrl.fleetsizing.DynamicFleetSizingBase-INFO-to deactivate: 0
65228-src.fleetctrl.fleetsizing.DynamicFleetSizingBase-INFO-to deactivate: 0
65228-src.fleetctrl.fleetsizing.DynamicFleetSizingBase-INFO-to deactivate: 0
65228-src.fleetctrl.fleetsizing.DynamicFleetSizingBase-INFO-to deactivate: 0
65228-src.fleetctrl.fleetsizing.DynamicFleetSizingBase-INFO-to deactivate: 0
65228-src.fleetctrl.fleetsizing.DynamicFleetSizingBase-INFO-to deactivate: 0
65228-src.fleetctrl.fleetsizing.DynamicFleetSizingBase-INFO-to deactivate: 0
65228-src.fleetctrl.fleetsizing.DynamicFleetSizingBase-INFO-to deactivate: 0
65228-src.fleetctrl.fleetsizing.DynamicFleetSizingBase-INFO-to deactivate: 0
65228-src.fleetctrl.fleetsizing.DynamicFleetSizingBase-INFO-to deactivate: 0
65228-src.fleetctrl.fleetsizing.DynamicFleetSizingBase-INFO-to deactivate: 0
65228-src.fleetctrl.fleetsizing.DynamicFleetSizingBase-INFO-to deactivate: 0
65228-src.fleetctrl.fleetsizing.DynamicFleetSizingBase-INFO-to deactivate: 0
65228-src.fleetctrl.fleetsizing.DynamicFleetSizingBase-INFO-to deactivate: 0
65228-src.fleetctrl.fleetsizing.DynamicFleetSizingBase-INFO-to deactivate: 0
65228-src.fleetctrl.fleetsizing.DynamicFleetSizingBase-INFO-to deactivate: 0
65228-src.fleetctrl.fleetsizing.DynamicFleetSizingBase-INFO-to deactivate: 0
65228-src.fleetctrl.fleetsizing.DynamicFleetSizingBase-INFO-to deactivate: 0
65228-src.fleetctrl.fleetsizing.DynamicFleetSizingBase-INFO-to deactivate: 0
65228-src.fleetctrl.fleetsizing.DynamicFleetSizingBase-INFO-to deactivate: 0
65228-src.fleetctrl.fleetsizing.DynamicFleetSizingBase-INFO-to deactivate: 0
65228-src.fleetctrl.fleetsizing.DynamicFleetSizingBase-INFO-to deactivate: 0
65228-src.fleetctrl.fleetsizing.DynamicFleetSizingBase-INFO-to deactivate: 0
65228-src.routing.NetworkBasic-INFO-STOCHASTIC NETWORK UPDATE HAPPENED HERE FOR SIMULATION TIME 40920
65228-src.fleetctrl.fleetsizing.DynamicFleetSizingBase-INFO-to deactivate: 0
65228-src.fleetctrl.fleetsizing.DynamicFleetSizingBase-INFO-to deactivate: 0
65228-src.fleetctrl.fleetsizing.DynamicFleetSizingBase-INFO-to deactivate: 0
65228-src.fleetctrl.fleetsizing.DynamicFleetSizingBase-INFO-to deactivate: 0
65228-src.fleetctrl.fleetsizing.DynamicFleetSizingBase-INFO-to deactivate: 0
65228-src.fleetctrl.fleetsizing.DynamicFleetSizingBase-INFO-to deactivate: 0
65228-src.fleetctrl.fleetsizing.DynamicFleetSizingBase-INFO-to deactivate: 0
65228-src.fleetctrl.fleetsizing.DynamicFleetSizingBase-INFO-to deactivate: 0
65228-src.fleetctrl.fleetsizing.DynamicFleetSizingBase-INFO-to deactivate: 0
65228-src.fleetctrl.fleetsizing.DynamicFleetSizingBase-INFO-to deactivate: 0
65228-src.fleetctrl.fleetsizing.DynamicFleetSizingBase-INFO-to deactivate: 0
65228-src.fleetctrl.fleetsizing.DynamicFleetSizingBase-INFO-to deactivate: 0
65228-src.fleetctrl.fleetsizing.DynamicFleetSizingBase-INFO-to deactivate: 0
65228-src.fleetctrl.fleetsizing.DynamicFleetSizingBase-INFO-to deactivate: 0
65228-src.fleetctrl.fleetsizing.DynamicFleetSizingBase-INFO-to deactivate: 0
65228-src.fleetctrl.fleetsizing.DynamicFleetSizingBase-INFO-to deactivate: 0
65228-src.fleetctrl.fleetsizing.DynamicFleetSizingBase-INFO-to deactivate: 0
65228-src.fleetctrl.fleetsizing.DynamicFleetSizingBase-INFO-to deactivate: 0
65228-src.fleetctrl.fleetsizing.DynamicFleetSizingBase-INFO-to deactivate: 0
65228-src.fleetctrl.fleetsizing.DynamicFleetSizingBase-INFO-to deactivate: 0
65228-src.fleetctrl.fleetsizing.DynamicFleetSizingBase-INFO-to deactivate: 0
65228-src.fleetctrl.fleetsizing.DynamicFleetSizingBase-INFO-to deactivate: 0
65228-src.fleetctrl.fleetsizing.DynamicFleetSizingBase-INFO-to deactivate: 0
65228-src.fleetctrl.fleetsizing.DynamicFleetSizingBase-INFO-to deactivate: 0
65228-src.fleetctrl.fleetsizing.DynamicFleetSizingBase-INFO-to deactivate: 0
65228-src.fleetctrl.fleetsizing.DynamicFleetSizingBase-INFO-to deactivate: 0
65228-src.fleetctrl.fleetsizing.DynamicFleetSizingBase-INFO-to deactivate: 0
65228-src.fleetctrl.fleetsizing.DynamicFleetSizingBase-INFO-to deactivate: 0
65228-src.fleetctrl.fleetsizing.DynamicFleetSizingBase-INFO-to deactivate: 0
65228-src.fleetctrl.fleetsizing.DynamicFleetSizingBase-INFO-to deactivate: 0
65228-src.fleetctrl.fleetsizing.DynamicFleetSizingBase-INFO-to deactivate: 0
65228-src.fleetctrl.fleetsizing.DynamicFleetSizingBase-INFO-to deactivate: 0
65228-src.fleetctrl.fleetsizing.DynamicFleetSizingBase-INFO-to deactivate: 0
65228-src.fleetctrl.fleetsizing.DynamicFleetSizingBase-INFO-to deactivate: 0
65228-src.fleetctrl.fleetsizing.DynamicFleetSizingBase-INFO-to deactivate: 0
65228-src.fleetctrl.fleetsizing.DynamicFleetSizingBase-INFO-to deactivate: 0
65228-src.fleetctrl.fleetsizing.DynamicFleetSizingBase-INFO-to deactivate: 0
65228-src.fleetctrl.fleetsizing.DynamicFleetSizingBase-INFO-to deactivate: 0
65228-src.fleetctrl.fleetsizing.DynamicFleetSizingBase-INFO-to deactivate: 0
65228-src.fleetctrl.fleetsizing.DynamicFleetSizingBase-INFO-to deactivate: 0
65228-src.fleetctrl.fleetsizing.DynamicFleetSizingBase-INFO-to deactivate: 0
65228-src.fleetctrl.fleetsizing.DynamicFleetSizingBase-INFO-to deactivate: 0
65228-src.fleetctrl.fleetsizing.DynamicFleetSizingBase-INFO-to deactivate: 0
65228-src.fleetctrl.fleetsizing.DynamicFleetSizingBase-INFO-to deactivate: 0
65228-src.fleetctrl.fleetsizing.DynamicFleetSizingBase-INFO-to deactivate: 0
65228-src.fleetctrl.fleetsizing.DynamicFleetSizingBase-INFO-to deactivate: 0
65228-src.fleetctrl.fleetsizing.DynamicFleetSizingBase-INFO-to deactivate: 0
65228-src.fleetctrl.fleetsizing.DynamicFleetSizingBase-INFO-to deactivate: 0
65228-src.fleetctrl.fleetsizing.DynamicFleetSizingBase-INFO-to deactivate: 0
65228-src.fleetctrl.fleetsizing.DynamicFleetSizingBase-INFO-to deactivate: 0
65228-src.fleetctrl.fleetsizing.DynamicFleetSizingBase-INFO-to deactivate: 0
65228-src.fleetctrl.fleetsizing.DynamicFleetSizingBase-INFO-to deactivate: 0
65228-src.fleetctrl.fleetsizing.DynamicFleetSizingBase-INFO-to deactivate: 0
65228-src.fleetctrl.fleetsizing.DynamicFleetSizingBase-INFO-to deactivate: 0
65228-src.fleetctrl.fleetsizing.DynamicFleetSizingBase-INFO-to deactivate: 0
65228-src.fleetctrl.fleetsizing.DynamicFleetSizingBase-INFO-to deactivate: 0
65228-src.fleetctrl.fleetsizing.DynamicFleetSizingBase-INFO-to deactivate: 0
65228-src.fleetctrl.fleetsizing.DynamicFleetSizingBase-INFO-to deactivate: 0
65228-src.fleetctrl.fleetsizing.DynamicFleetSizingBase-INFO-to deactivate: 0
65228-src.fleetctrl.fleetsizing.DynamicFleetSizingBase-INFO-to deactivate: 0
65228-src.routing.NetworkBasic-INFO-STOCHASTIC NETWORK UPDATE HAPPENED HERE FOR SIMULATION TIME 41520
65228-src.fleetctrl.fleetsizing.DynamicFleetSizingBase-INFO-to deactivate: 0
65228-src.fleetctrl.fleetsizing.DynamicFleetSizingBase-INFO-to deactivate: 0
65228-src.fleetctrl.fleetsizing.DynamicFleetSizingBase-INFO-to deactivate: 0
65228-src.fleetctrl.fleetsizing.DynamicFleetSizingBase-INFO-to deactivate: 0
65228-src.fleetctrl.fleetsizing.DynamicFleetSizingBase-INFO-to deactivate: 0
65228-src.fleetctrl.fleetsizing.DynamicFleetSizingBase-INFO-to deactivate: 0
65228-src.fleetctrl.fleetsizing.DynamicFleetSizingBase-INFO-to deactivate: 0
65228-src.fleetctrl.fleetsizing.DynamicFleetSizingBase-INFO-to deactivate: 0
65228-src.fleetctrl.fleetsizing.DynamicFleetSizingBase-INFO-to deactivate: 0
65228-src.fleetctrl.fleetsizing.DynamicFleetSizingBase-INFO-to deactivate: 0
65228-src.fleetctrl.fleetsizing.DynamicFleetSizingBase-INFO-to deactivate: 0
65228-src.fleetctrl.fleetsizing.DynamicFleetSizingBase-INFO-to deactivate: 0
65228-src.fleetctrl.fleetsizing.DynamicFleetSizingBase-INFO-to deactivate: 0
65228-src.fleetctrl.fleetsizing.DynamicFleetSizingBase-INFO-to deactivate: 0
65228-src.fleetctrl.fleetsizing.DynamicFleetSizingBase-INFO-to deactivate: 0
65228-src.fleetctrl.fleetsizing.DynamicFleetSizingBase-INFO-to deactivate: 0
65228-src.fleetctrl.fleetsizing.DynamicFleetSizingBase-INFO-to deactivate: 0
65228-src.fleetctrl.fleetsizing.DynamicFleetSizingBase-INFO-to deactivate: 0
65228-src.fleetctrl.fleetsizing.DynamicFleetSizingBase-INFO-to deactivate: 0
65228-src.fleetctrl.fleetsizing.DynamicFleetSizingBase-INFO-to deactivate: 0
65228-src.fleetctrl.fleetsizing.DynamicFleetSizingBase-INFO-to deactivate: 0
65228-src.fleetctrl.fleetsizing.DynamicFleetSizingBase-INFO-to deactivate: 0
65228-src.fleetctrl.fleetsizing.DynamicFleetSizingBase-INFO-to deactivate: 0
65228-src.fleetctrl.fleetsizing.DynamicFleetSizingBase-INFO-to deactivate: 0
65228-src.fleetctrl.fleetsizing.DynamicFleetSizingBase-INFO-to deactivate: 0
65228-src.fleetctrl.fleetsizing.DynamicFleetSizingBase-INFO-to deactivate: 0
65228-src.fleetctrl.fleetsizing.DynamicFleetSizingBase-INFO-to deactivate: 0
65228-src.fleetctrl.fleetsizing.DynamicFleetSizingBase-INFO-to deactivate: 0
65228-src.fleetctrl.fleetsizing.DynamicFleetSizingBase-INFO-to deactivate: 0
65228-src.fleetctrl.fleetsizing.DynamicFleetSizingBase-INFO-to deactivate: 0
65228-src.fleetctrl.fleetsizing.DynamicFleetSizingBase-INFO-to deactivate: 0
65228-src.fleetctrl.fleetsizing.DynamicFleetSizingBase-INFO-to deactivate: 0
65228-src.fleetctrl.fleetsizing.DynamicFleetSizingBase-INFO-to deactivate: 0
65228-src.fleetctrl.fleetsizing.DynamicFleetSizingBase-INFO-to deactivate: 0
65228-src.fleetctrl.fleetsizing.DynamicFleetSizingBase-INFO-to deactivate: 0
65228-src.fleetctrl.fleetsizing.DynamicFleetSizingBase-INFO-to deactivate: 0
65228-src.fleetctrl.fleetsizing.DynamicFleetSizingBase-INFO-to deactivate: 0
65228-src.fleetctrl.fleetsizing.DynamicFleetSizingBase-INFO-to deactivate: 0
65228-src.fleetctrl.fleetsizing.DynamicFleetSizingBase-INFO-to deactivate: 0
65228-src.fleetctrl.fleetsizing.DynamicFleetSizingBase-INFO-to deactivate: 0
65228-src.fleetctrl.fleetsizing.DynamicFleetSizingBase-INFO-to deactivate: 0
65228-src.fleetctrl.fleetsizing.DynamicFleetSizingBase-INFO-to deactivate: 0
65228-src.fleetctrl.fleetsizing.DynamicFleetSizingBase-INFO-to deactivate: 0
65228-src.fleetctrl.fleetsizing.DynamicFleetSizingBase-INFO-to deactivate: 0
65228-src.fleetctrl.fleetsizing.DynamicFleetSizingBase-INFO-to deactivate: 0
65228-src.fleetctrl.fleetsizing.DynamicFleetSizingBase-INFO-to deactivate: 0
65228-src.fleetctrl.fleetsizing.DynamicFleetSizingBase-INFO-to deactivate: 0
65228-src.fleetctrl.fleetsizing.DynamicFleetSizingBase-INFO-to deactivate: 0
65228-src.fleetctrl.fleetsizing.DynamicFleetSizingBase-INFO-to deactivate: 0
65228-src.fleetctrl.fleetsizing.DynamicFleetSizingBase-INFO-to deactivate: 0
65228-src.fleetctrl.fleetsizing.DynamicFleetSizingBase-INFO-to deactivate: 0
65228-src.fleetctrl.fleetsizing.DynamicFleetSizingBase-INFO-to deactivate: 0
65228-src.fleetctrl.fleetsizing.DynamicFleetSizingBase-INFO-to deactivate: 0
65228-src.fleetctrl.fleetsizing.DynamicFleetSizingBase-INFO-to deactivate: 0
65228-src.fleetctrl.fleetsizing.DynamicFleetSizingBase-INFO-to deactivate: 0
65228-src.fleetctrl.fleetsizing.DynamicFleetSizingBase-INFO-to deactivate: 0
65228-src.fleetctrl.fleetsizing.DynamicFleetSizingBase-INFO-to deactivate: 0
65228-src.fleetctrl.fleetsizing.DynamicFleetSizingBase-INFO-to deactivate: 0
65228-src.fleetctrl.fleetsizing.DynamicFleetSizingBase-INFO-to deactivate: 0
65228-src.fleetctrl.fleetsizing.DynamicFleetSizingBase-INFO-to deactivate: 0
65228-src.routing.NetworkBasic-INFO-STOCHASTIC NETWORK UPDATE HAPPENED HERE FOR SIMULATION TIME 42120
65228-src.fleetctrl.fleetsizing.DynamicFleetSizingBase-INFO-to deactivate: 0
65228-src.fleetctrl.fleetsizing.DynamicFleetSizingBase-INFO-to deactivate: 0
65228-src.fleetctrl.fleetsizing.DynamicFleetSizingBase-INFO-to deactivate: 0
65228-src.fleetctrl.fleetsizing.DynamicFleetSizingBase-INFO-to deactivate: 0
65228-src.fleetctrl.fleetsizing.DynamicFleetSizingBase-INFO-to deactivate: 0
65228-src.fleetctrl.fleetsizing.DynamicFleetSizingBase-INFO-to deactivate: 0
65228-src.fleetctrl.fleetsizing.DynamicFleetSizingBase-INFO-to deactivate: 0
65228-src.fleetctrl.fleetsizing.DynamicFleetSizingBase-INFO-to deactivate: 0
65228-src.fleetctrl.fleetsizing.DynamicFleetSizingBase-INFO-to deactivate: 0
65228-src.fleetctrl.fleetsizing.DynamicFleetSizingBase-INFO-to deactivate: 0
65228-src.fleetctrl.fleetsizing.DynamicFleetSizingBase-INFO-to deactivate: 0
65228-src.fleetctrl.fleetsizing.DynamicFleetSizingBase-INFO-to deactivate: 0
65228-src.fleetctrl.fleetsizing.DynamicFleetSizingBase-INFO-to deactivate: 0
65228-src.fleetctrl.fleetsizing.DynamicFleetSizingBase-INFO-to deactivate: 0
65228-src.fleetctrl.fleetsizing.DynamicFleetSizingBase-INFO-to deactivate: 0
65228-src.fleetctrl.fleetsizing.DynamicFleetSizingBase-INFO-to deactivate: 0
65228-src.fleetctrl.fleetsizing.DynamicFleetSizingBase-INFO-to deactivate: 0
65228-src.fleetctrl.fleetsizing.DynamicFleetSizingBase-INFO-to deactivate: 0
65228-src.fleetctrl.fleetsizing.DynamicFleetSizingBase-INFO-to deactivate: 0
65228-src.fleetctrl.fleetsizing.DynamicFleetSizingBase-INFO-to deactivate: 0
65228-src.fleetctrl.fleetsizing.DynamicFleetSizingBase-INFO-to deactivate: 0
65228-src.fleetctrl.fleetsizing.DynamicFleetSizingBase-INFO-to deactivate: 0
65228-src.fleetctrl.fleetsizing.DynamicFleetSizingBase-INFO-to deactivate: 0
65228-src.fleetctrl.fleetsizing.DynamicFleetSizingBase-INFO-to deactivate: 0
65228-src.fleetctrl.fleetsizing.DynamicFleetSizingBase-INFO-to deactivate: 0
65228-src.fleetctrl.fleetsizing.DynamicFleetSizingBase-INFO-to deactivate: 0
65228-src.simulation.Vehicles-INFO-VEHICLE 2: TOTAL NO SHOW DURATION:183.87180534891377, where CL duration:95.75552121111616, AT SIM TIME 42370
65228-src.simulation.Vehicles-INFO-No show leg is being overwritten at 42380
65228-src.fleetctrl.fleetsizing.DynamicFleetSizingBase-INFO-to deactivate: 0
65228-src.simulation.Vehicles-INFO-VEHICLE 2 MOVING-ON FROM POS 1, AT SIM TIME 42380
65228-src.fleetctrl.fleetsizing.DynamicFleetSizingBase-INFO-to deactivate: 0
65228-src.fleetctrl.fleetsizing.DynamicFleetSizingBase-INFO-to deactivate: 0
65228-src.fleetctrl.fleetsizing.DynamicFleetSizingBase-INFO-to deactivate: 0
65228-src.fleetctrl.fleetsizing.DynamicFleetSizingBase-INFO-to deactivate: 0
65228-src.fleetctrl.fleetsizing.DynamicFleetSizingBase-INFO-to deactivate: 0
65228-src.fleetctrl.fleetsizing.DynamicFleetSizingBase-INFO-to deactivate: 0
65228-src.fleetctrl.fleetsizing.DynamicFleetSizingBase-INFO-to deactivate: 0
65228-src.fleetctrl.fleetsizing.DynamicFleetSizingBase-INFO-to deactivate: 0
65228-src.fleetctrl.fleetsizing.DynamicFleetSizingBase-INFO-to deactivate: 0
65228-src.fleetctrl.fleetsizing.DynamicFleetSizingBase-INFO-to deactivate: 0
65228-src.fleetctrl.fleetsizing.DynamicFleetSizingBase-INFO-to deactivate: 0
65228-src.fleetctrl.fleetsizing.DynamicFleetSizingBase-INFO-to deactivate: 0
65228-src.fleetctrl.fleetsizing.DynamicFleetSizingBase-INFO-to deactivate: 0
65228-src.fleetctrl.fleetsizing.DynamicFleetSizingBase-INFO-to deactivate: 0
65228-src.fleetctrl.fleetsizing.DynamicFleetSizingBase-INFO-to deactivate: 0
65228-src.fleetctrl.fleetsizing.DynamicFleetSizingBase-INFO-to deactivate: 0
65228-src.fleetctrl.fleetsizing.DynamicFleetSizingBase-INFO-to deactivate: 0
65228-src.fleetctrl.fleetsizing.DynamicFleetSizingBase-INFO-to deactivate: 0
65228-src.fleetctrl.fleetsizing.DynamicFleetSizingBase-INFO-to deactivate: 0
65228-src.fleetctrl.fleetsizing.DynamicFleetSizingBase-INFO-to deactivate: 0
65228-src.fleetctrl.fleetsizing.DynamicFleetSizingBase-INFO-to deactivate: 0
65228-src.fleetctrl.fleetsizing.DynamicFleetSizingBase-INFO-to deactivate: 0
65228-src.fleetctrl.fleetsizing.DynamicFleetSizingBase-INFO-to deactivate: 0
65228-src.fleetctrl.fleetsizing.DynamicFleetSizingBase-INFO-to deactivate: 0
65228-src.fleetctrl.fleetsizing.DynamicFleetSizingBase-INFO-to deactivate: 0
65228-src.fleetctrl.fleetsizing.DynamicFleetSizingBase-INFO-to deactivate: 0
65228-src.fleetctrl.fleetsizing.DynamicFleetSizingBase-INFO-to deactivate: 0
65228-src.fleetctrl.fleetsizing.DynamicFleetSizingBase-INFO-to deactivate: 0
65228-src.fleetctrl.fleetsizing.DynamicFleetSizingBase-INFO-to deactivate: 0
65228-src.fleetctrl.fleetsizing.DynamicFleetSizingBase-INFO-to deactivate: 0
65228-src.fleetctrl.fleetsizing.DynamicFleetSizingBase-INFO-to deactivate: 0
65228-src.fleetctrl.fleetsizing.DynamicFleetSizingBase-INFO-to deactivate: 0
65228-src.fleetctrl.fleetsizing.DynamicFleetSizingBase-INFO-to deactivate: 0
65228-src.routing.NetworkBasic-INFO-STOCHASTIC NETWORK UPDATE HAPPENED HERE FOR SIMULATION TIME 42720
65228-src.fleetctrl.fleetsizing.DynamicFleetSizingBase-INFO-to deactivate: 0
65228-src.fleetctrl.fleetsizing.DynamicFleetSizingBase-INFO-to deactivate: 0
65228-src.fleetctrl.fleetsizing.DynamicFleetSizingBase-INFO-to deactivate: 0
65228-src.fleetctrl.fleetsizing.DynamicFleetSizingBase-INFO-to deactivate: 0
65228-src.fleetctrl.fleetsizing.DynamicFleetSizingBase-INFO-to deactivate: 0
65228-src.fleetctrl.fleetsizing.DynamicFleetSizingBase-INFO-to deactivate: 0
65228-src.fleetctrl.fleetsizing.DynamicFleetSizingBase-INFO-to deactivate: 0
65228-src.fleetctrl.fleetsizing.DynamicFleetSizingBase-INFO-to deactivate: 0
65228-src.fleetctrl.fleetsizing.DynamicFleetSizingBase-INFO-to deactivate: 0
65228-src.fleetctrl.fleetsizing.DynamicFleetSizingBase-INFO-to deactivate: 0
65228-src.fleetctrl.fleetsizing.DynamicFleetSizingBase-INFO-to deactivate: 0
65228-src.fleetctrl.fleetsizing.DynamicFleetSizingBase-INFO-to deactivate: 0
65228-src.fleetctrl.fleetsizing.DynamicFleetSizingBase-INFO-to deactivate: 0
65228-src.fleetctrl.fleetsizing.DynamicFleetSizingBase-INFO-to deactivate: 0
65228-src.fleetctrl.fleetsizing.DynamicFleetSizingBase-INFO-to deactivate: 0
65228-src.fleetctrl.fleetsizing.DynamicFleetSizingBase-INFO-to deactivate: 0
65228-src.fleetctrl.fleetsizing.DynamicFleetSizingBase-INFO-to deactivate: 0
65228-src.fleetctrl.fleetsizing.DynamicFleetSizingBase-INFO-to deactivate: 0
65228-src.fleetctrl.fleetsizing.DynamicFleetSizingBase-INFO-to deactivate: 0
65228-src.fleetctrl.fleetsizing.DynamicFleetSizingBase-INFO-to deactivate: 0
65228-src.fleetctrl.fleetsizing.DynamicFleetSizingBase-INFO-to deactivate: 0
65228-src.fleetctrl.fleetsizing.DynamicFleetSizingBase-INFO-to deactivate: 0
65228-src.fleetctrl.fleetsizing.DynamicFleetSizingBase-INFO-to deactivate: 0
65228-src.fleetctrl.fleetsizing.DynamicFleetSizingBase-INFO-to deactivate: 0
65228-src.fleetctrl.fleetsizing.DynamicFleetSizingBase-INFO-to deactivate: 0
65228-src.fleetctrl.fleetsizing.DynamicFleetSizingBase-INFO-to deactivate: 0
65228-src.fleetctrl.fleetsizing.DynamicFleetSizingBase-INFO-to deactivate: 0
65228-src.fleetctrl.fleetsizing.DynamicFleetSizingBase-INFO-to deactivate: 0
65228-src.fleetctrl.fleetsizing.DynamicFleetSizingBase-INFO-to deactivate: 0
65228-src.fleetctrl.fleetsizing.DynamicFleetSizingBase-INFO-to deactivate: 0
65228-src.fleetctrl.fleetsizing.DynamicFleetSizingBase-INFO-to deactivate: 0
65228-src.fleetctrl.fleetsizing.DynamicFleetSizingBase-INFO-to deactivate: 0
65228-src.fleetctrl.fleetsizing.DynamicFleetSizingBase-INFO-to deactivate: 0
65228-src.fleetctrl.fleetsizing.DynamicFleetSizingBase-INFO-to deactivate: 0
65228-src.fleetctrl.fleetsizing.DynamicFleetSizingBase-INFO-to deactivate: 0
65228-src.fleetctrl.fleetsizing.DynamicFleetSizingBase-INFO-to deactivate: 0
65228-src.fleetctrl.fleetsizing.DynamicFleetSizingBase-INFO-to deactivate: 0
65228-src.fleetctrl.fleetsizing.DynamicFleetSizingBase-INFO-to deactivate: 0
65228-src.fleetctrl.fleetsizing.DynamicFleetSizingBase-INFO-to deactivate: 0
65228-src.fleetctrl.fleetsizing.DynamicFleetSizingBase-INFO-to deactivate: 0
65228-src.fleetctrl.fleetsizing.DynamicFleetSizingBase-INFO-to deactivate: 0
65228-src.fleetctrl.fleetsizing.DynamicFleetSizingBase-INFO-to deactivate: 0
65228-src.fleetctrl.fleetsizing.DynamicFleetSizingBase-INFO-to deactivate: 0
65228-src.fleetctrl.fleetsizing.DynamicFleetSizingBase-INFO-to deactivate: 0
65228-src.fleetctrl.fleetsizing.DynamicFleetSizingBase-INFO-to deactivate: 0
65228-src.fleetctrl.fleetsizing.DynamicFleetSizingBase-INFO-to deactivate: 0
65228-src.fleetctrl.fleetsizing.DynamicFleetSizingBase-INFO-to deactivate: 0
65228-src.fleetctrl.fleetsizing.DynamicFleetSizingBase-INFO-to deactivate: 0
65228-src.routing.NetworkBasic-INFO-OPERATOR NETWORK UPDATE HAPPENED HERE FOR SIMULATION TIME 43200
65228-src.fleetctrl.fleetsizing.DynamicFleetSizingBase-INFO-to deactivate: 1
65228-src.fleetctrl.fleetsizing.DynamicFleetSizingBase-INFO-Deactivating vehicle veh 8 at pos (2846, None, None) with soc 0.8168055794474571 leg status VRL_STATES.IDLE remaining time None number remaining legs: 0 ob : [] at depot <src.infra.ChargingInfrastructure.Depot object at 0x000002829771B760> (plan time: 43200)
65228-src.routing.NetworkBasic-INFO-STOCHASTIC NETWORK UPDATE HAPPENED HERE FOR SIMULATION TIME 43320
65228-src.routing.NetworkBasic-INFO-STOCHASTIC NETWORK UPDATE HAPPENED HERE FOR SIMULATION TIME 43920
65228-src.routing.NetworkBasic-INFO-STOCHASTIC NETWORK UPDATE HAPPENED HERE FOR SIMULATION TIME 44520
65228-src.routing.NetworkBasic-INFO-STOCHASTIC NETWORK UPDATE HAPPENED HERE FOR SIMULATION TIME 45120
65228-src.routing.NetworkBasic-INFO-STOCHASTIC NETWORK UPDATE HAPPENED HERE FOR SIMULATION TIME 45720
65228-src.routing.NetworkBasic-INFO-STOCHASTIC NETWORK UPDATE HAPPENED HERE FOR SIMULATION TIME 46320
65228-src.routing.NetworkBasic-INFO-STOCHASTIC NETWORK UPDATE HAPPENED HERE FOR SIMULATION TIME 46920
65228-src.routing.NetworkBasic-INFO-STOCHASTIC NETWORK UPDATE HAPPENED HERE FOR SIMULATION TIME 47520
65228-src.routing.NetworkBasic-INFO-STOCHASTIC NETWORK UPDATE HAPPENED HERE FOR SIMULATION TIME 48120
65228-src.routing.NetworkBasic-INFO-STOCHASTIC NETWORK UPDATE HAPPENED HERE FOR SIMULATION TIME 48720
65228-src.routing.NetworkBasic-INFO-STOCHASTIC NETWORK UPDATE HAPPENED HERE FOR SIMULATION TIME 49320
65228-src.routing.NetworkBasic-INFO-STOCHASTIC NETWORK UPDATE HAPPENED HERE FOR SIMULATION TIME 49920
65228-src.routing.NetworkBasic-INFO-STOCHASTIC NETWORK UPDATE HAPPENED HERE FOR SIMULATION TIME 50520
65228-src.routing.NetworkBasic-INFO-STOCHASTIC NETWORK UPDATE HAPPENED HERE FOR SIMULATION TIME 51120
65228-src.routing.NetworkBasic-INFO-STOCHASTIC NETWORK UPDATE HAPPENED HERE FOR SIMULATION TIME 51720
65228-src.routing.NetworkBasic-INFO-STOCHASTIC NETWORK UPDATE HAPPENED HERE FOR SIMULATION TIME 52320
65228-src.routing.NetworkBasic-INFO-STOCHASTIC NETWORK UPDATE HAPPENED HERE FOR SIMULATION TIME 52920
65228-src.routing.NetworkBasic-INFO-STOCHASTIC NETWORK UPDATE HAPPENED HERE FOR SIMULATION TIME 53520
65228-src.routing.NetworkBasic-INFO-STOCHASTIC NETWORK UPDATE HAPPENED HERE FOR SIMULATION TIME 54120
65228-src.routing.NetworkBasic-INFO-STOCHASTIC NETWORK UPDATE HAPPENED HERE FOR SIMULATION TIME 54720
65228-src.routing.NetworkBasic-INFO-STOCHASTIC NETWORK UPDATE HAPPENED HERE FOR SIMULATION TIME 55320
65228-src.routing.NetworkBasic-INFO-STOCHASTIC NETWORK UPDATE HAPPENED HERE FOR SIMULATION TIME 55920
65228-src.routing.NetworkBasic-INFO-STOCHASTIC NETWORK UPDATE HAPPENED HERE FOR SIMULATION TIME 56520
65228-src.routing.NetworkBasic-INFO-STOCHASTIC NETWORK UPDATE HAPPENED HERE FOR SIMULATION TIME 57120
65228-src.routing.NetworkBasic-INFO-OPERATOR NETWORK UPDATE HAPPENED HERE FOR SIMULATION TIME 57600
65228-src.routing.NetworkBasic-INFO-STOCHASTIC NETWORK UPDATE HAPPENED HERE FOR SIMULATION TIME 57720
65228-src.routing.NetworkBasic-INFO-STOCHASTIC NETWORK UPDATE HAPPENED HERE FOR SIMULATION TIME 58320
65228-src.routing.NetworkBasic-INFO-STOCHASTIC NETWORK UPDATE HAPPENED HERE FOR SIMULATION TIME 58920
65228-src.routing.NetworkBasic-INFO-STOCHASTIC NETWORK UPDATE HAPPENED HERE FOR SIMULATION TIME 59520
65228-src.routing.NetworkBasic-INFO-STOCHASTIC NETWORK UPDATE HAPPENED HERE FOR SIMULATION TIME 60120
65228-src.routing.NetworkBasic-INFO-STOCHASTIC NETWORK UPDATE HAPPENED HERE FOR SIMULATION TIME 60720
65228-src.routing.NetworkBasic-INFO-OPERATOR NETWORK UPDATE HAPPENED HERE FOR SIMULATION TIME 64800
65228-src.FleetSimulationBase-INFO-Saving final simulation state.
65228-src.FleetSimulationBase-INFO-record_remaining_assignments()
65228-src.FleetSimulationBase-INFO-	 time 70000, remaining tasks 6
65228-src.FleetSimulationBase-INFO-	 time 70010, remaining tasks 6
65228-src.FleetSimulationBase-INFO-	 time 70020, remaining tasks 6
65228-src.FleetSimulationBase-INFO-	 time 70030, remaining tasks 6
65228-src.FleetSimulationBase-INFO-	 time 70040, remaining tasks 6
65228-src.FleetSimulationBase-INFO-	 time 70050, remaining tasks 6
65228-src.FleetSimulationBase-INFO-	 time 70060, remaining tasks 6
65228-src.FleetSimulationBase-INFO-	 time 70070, remaining tasks 6
65228-src.FleetSimulationBase-INFO-	 time 70080, remaining tasks 6
65228-src.FleetSimulationBase-INFO-	 time 70090, remaining tasks 6
65228-src.FleetSimulationBase-INFO-	 time 70100, remaining tasks 6
65228-src.FleetSimulationBase-INFO-	 time 70110, remaining tasks 6
65228-src.FleetSimulationBase-INFO-	 time 70120, remaining tasks 6
65228-src.FleetSimulationBase-INFO-	 time 70130, remaining tasks 6
65228-src.FleetSimulationBase-INFO-	 time 70140, remaining tasks 6
65228-src.FleetSimulationBase-INFO-	 time 70150, remaining tasks 6
65228-src.FleetSimulationBase-INFO-	 time 70160, remaining tasks 6
65228-src.FleetSimulationBase-INFO-	 time 70170, remaining tasks 6
65228-src.FleetSimulationBase-INFO-	 time 70180, remaining tasks 6
65228-src.FleetSimulationBase-INFO-	 time 70190, remaining tasks 6
65228-src.FleetSimulationBase-INFO-	 time 70200, remaining tasks 6
65228-src.FleetSimulationBase-INFO-	 time 70210, remaining tasks 6
65228-src.FleetSimulationBase-INFO-	 time 70220, remaining tasks 6
65228-src.FleetSimulationBase-INFO-	 time 70230, remaining tasks 6
65228-src.FleetSimulationBase-INFO-	 time 70240, remaining tasks 6
65228-src.FleetSimulationBase-INFO-	 time 70250, remaining tasks 6
65228-src.FleetSimulationBase-INFO-	 time 70260, remaining tasks 6
65228-src.FleetSimulationBase-INFO-	 time 70270, remaining tasks 6
65228-src.FleetSimulationBase-INFO-	 time 70280, remaining tasks 6
65228-src.FleetSimulationBase-INFO-	 time 70290, remaining tasks 6
65228-src.FleetSimulationBase-INFO-	 time 70300, remaining tasks 6
65228-src.FleetSimulationBase-INFO-	 time 70310, remaining tasks 6
65228-src.FleetSimulationBase-INFO-	 time 70320, remaining tasks 6
65228-src.FleetSimulationBase-INFO-	 time 70330, remaining tasks 6
65228-src.FleetSimulationBase-INFO-	 time 70340, remaining tasks 6
65228-src.FleetSimulationBase-INFO-	 time 70350, remaining tasks 6
65228-src.FleetSimulationBase-INFO-	 time 70360, remaining tasks 6
65228-src.FleetSimulationBase-INFO-	 time 70370, remaining tasks 5
65228-src.FleetSimulationBase-INFO-	 time 70380, remaining tasks 5
65228-src.FleetSimulationBase-INFO-	 time 70390, remaining tasks 5
65228-src.FleetSimulationBase-INFO-	 time 70400, remaining tasks 4
65228-src.FleetSimulationBase-INFO-	 time 70410, remaining tasks 4
65228-src.FleetSimulationBase-INFO-	 time 70420, remaining tasks 4
65228-src.FleetSimulationBase-INFO-	 time 70430, remaining tasks 4
65228-src.FleetSimulationBase-INFO-	 time 70440, remaining tasks 4
65228-src.FleetSimulationBase-INFO-	 time 70450, remaining tasks 4
65228-src.FleetSimulationBase-INFO-	 time 70460, remaining tasks 4
65228-src.FleetSimulationBase-INFO-	 time 70470, remaining tasks 4
65228-src.FleetSimulationBase-INFO-	 time 70480, remaining tasks 4
65228-src.FleetSimulationBase-INFO-	 time 70490, remaining tasks 4
65228-src.FleetSimulationBase-INFO-	 time 70500, remaining tasks 4
65228-src.FleetSimulationBase-INFO-	 time 70510, remaining tasks 4
65228-src.FleetSimulationBase-INFO-	 time 70520, remaining tasks 4
65228-src.FleetSimulationBase-INFO-	 time 70530, remaining tasks 4
65228-src.FleetSimulationBase-INFO-	 time 70540, remaining tasks 4
65228-src.FleetSimulationBase-INFO-	 time 70550, remaining tasks 4
65228-src.FleetSimulationBase-INFO-	 time 70560, remaining tasks 3
65228-src.FleetSimulationBase-INFO-	 time 70570, remaining tasks 3
65228-src.FleetSimulationBase-INFO-	 time 70580, remaining tasks 3
65228-src.FleetSimulationBase-INFO-	 time 70590, remaining tasks 1
65228-src.FleetSimulationBase-INFO-	 time 70600, remaining tasks 1
65228-src.FleetSimulationBase-INFO-	 time 70610, remaining tasks 1
65228-src.FleetSimulationBase-INFO-	 time 70620, remaining tasks 0
65228-src.FleetSimulationBase-INFO-Scenario example_depot_time_pool_irsonly_rs_45 finished:
      initialization : 0:00:03 h
          simulation : 0:04:14 h
          evaluation : 0:00:00 h

