request_id,rq_type,number_passenger,rq_time,earliest_pickup_time,start,end,pickup_location,dropoff_location,access_time,egress_time,direct_route_travel_time,direct_route_distance,offers,rider_declined,decision_time,chosen_operator_id,operator_id,vehicle_id,vehicle_id_cancelled_rq,pickup_time,dropoff_time,fare,modal_state,initial_expected_wait_time,last_wait_time,diffusion_cancelled,diffusion_decision_time,max_diff_dec_time_reached,last_diffusion_state_value,no_show_stat,diffusion_state_values
0,BasicRequest_no_show,1,25260,25260,1169;-1;-1,3613;-1;-1,,,,,379.730806386,3488.96795059,0:t_wait:253.60319661299945;t_drive:679.730806386;fare:348,False,,0,0,7,,25579.930808018376,26150.56983078928,348,0,,253.60319661299945,False,25267.949999999884,False,80.55923825741438,False,[]
1,BasicRequest_no_show,1,25260,25260,3964;-1;-1,442;-1;-1,,,,,688.9644988845,4660.77485407,0:t_wait:318.1427022255011;t_drive:988.9644988844993;fare:466,False,,0,0,9,,25600.253204074008,26584.271065109893,466,0,,318.1427022255011,False,25268.549999999876,False,80.53161168064373,False,[]
2,BasicRequest_no_show,1,25500,25500,1887;-1;-1,1587;-1;-1,,,,,726.1530086947806,6764.812435077,0:t_wait:162.0907939210083;t_drive:1026.1530086947823;fare:676,False,,0,0,10,,25662.09079392101,26590.2020974373,676,0,,162.0907939210083,False,25506.14999999991,False,82.98471342082006,False,[]
8,BasicRequest_no_show,1,27420,27420,3151;-1;-1,422;-1;-1,,,,,1289.708724113084,11416.31056367,0:t_wait:1059.7472390759394;t_drive:1589.708724113083;fare:1141,False,27450,0,,,,,,1141,0,,1059.7472390759394,True,27450.0,True,-22.60759017184118,False,[]
3,BasicRequest_no_show,1,25920,25920,1323;-1;-1,1587;-1;-1,,,,,966.1602587200096,13392.450077108002,0:t_wait:249.09220255623586;t_drive:1266.1602587200105;fare:1339,False,,0,0,11,,26169.092202556236,27515.291489368185,1339,0,,249.09220255623586,False,25929.59999999986,False,80.07722869517042,False,[]
9,BasicRequest_no_show,1,27660,27660,325;-1;-1,3988;-1;-1,,,,,330.06353604817855,3890.3228559400004,0:t_wait:791.6426811640267;t_drive:630.0635360481792;fare:389,True,,,,,,,,,0,,,False,,False,,False,[]
10,BasicRequest_no_show,1,27780,27780,366;-1;-1,1047;-1;-1,,,,,766.9680500648112,5065.36012783,0:t_wait:1028.2172061779347;t_drive:1066.96805006481;fare:506,True,,,,,,,,,0,,,False,,False,,False,[]
14,BasicRequest_no_show,1,28320,28320,852;-1;-1,1140;-1;-1,,,,,1708.453272372202,17942.931462892,0:,False,,,,,,,,,0,,,False,,False,,False,[]
13,BasicRequest_no_show,1,28320,28320,2355;-1;-1,1520;-1;-1,,,,,794.3811551104625,6721.134364000001,0:t_wait:1382.309836387496;t_drive:1094.3811551104627;fare:672,False,28330,0,,,,,,672,0,,1382.309836387496,True,28332.44999999982,False,-81.27470589103584,False,[]
4,BasicRequest_no_show,1,26400,26400,1176;-1;-1,3562;-1;-1,,,,,887.0511791005638,8449.111780430001,0:t_wait:313.6397119936519;t_drive:1187.0511791005629;fare:844,False,,0,0,7,,26748.213617800156,28364.63068048311,844,0,,313.6397119936519,False,26407.54999999989,False,81.15360479169685,False,[]
6,BasicRequest_no_show,1,27180,27180,418;-1;-1,1587;-1;-1,,,,,840.6548226289749,9508.980411106997,0:t_wait:250.31289180184467;t_drive:1140.6548226289742;fare:950,False,,0,0,5,,27430.31289180185,28565.320277780855,950,0,,250.31289180184467,False,27184.399999999936,False,80.75779051010323,False,[]
17,BasicRequest_no_show,1,28860,28860,1005;-1;-1,385;-1;-1,,,,,1078.8390198402067,8704.549943938,0:t_wait:1173.7840728668416;t_drive:1378.8390198402085;fare:870,True,,,,,,,,,0,,,False,,False,,False,[]
19,BasicRequest_no_show,1,29160,29160,3661;-1;-1,428;-1;-1,,,,,519.9217650593796,3195.270834449,0:t_wait:1290.6854301560415;t_drive:819.9217650593782;fare:319,False,29190,0,,,,,,319,0,,1290.6854301560415,True,29190.0,True,-53.790312217859814,False,[]
7,BasicRequest_no_show,1,27240,27240,1889;-1;-1,2617;-1;-1,,,,,975.9376200998163,9420.768802183,0:t_wait:710.3942646007745;t_drive:1275.9376200998158;fare:942,False,,0,0,9,,28075.4942818508,29274.743941299334,942,0,,710.3942646007745,False,27244.04999999994,False,80.81332139215876,False,[]
11,BasicRequest_no_show,1,27900,27900,1125;-1;-1,2064;-1;-1,,,,,863.9664568473852,4723.93200185,0:t_wait:628.3352807411356;t_drive:1163.9664568473854;fare:472,False,,0,0,8,,28608.06466111898,29525.85666087131,472,0,,628.3352807411356,False,27908.99999999987,False,80.4807050447496,False,[]
5,BasicRequest_no_show,1,27060,27060,3723;-1;-1,2508;-1;-1,,,,,1144.772949796189,11525.345790793002,0:t_wait:764.1487762485995;t_drive:1444.7729497961882;fare:1152,False,,0,0,6,,28606.158501407812,30062.27223738173,1152,0,,764.1487762485995,False,27068.049999999883,False,81.15704454525951,False,[]
16,BasicRequest_no_show,1,28680,28680,3232;-1;-1,33;-1;-1,,,,,836.3777582177219,7275.267450840001,0:t_wait:434.19683660073133;t_drive:1136.3777582177208;fare:727,False,,0,0,10,,29134.684513315176,30140.06887822062,727,0,,434.19683660073133,False,28686.7499999999,False,82.38026483792733,False,[]
15,BasicRequest_no_show,1,28500,28500,332;-1;-1,2094;-1;-1,,,,,825.2818459777866,8914.77469944,0:t_wait:527.4144713186652;t_drive:1125.2818459777882;fare:891,False,,0,0,7,,29091.13660693209,30164.733493538846,891,0,,527.4144713186652,False,28509.199999999866,False,80.65823764012421,False,[]
26,BasicRequest_no_show,1,30360,30360,3516;-1;-1,3852;-1;-1,,,,,395.46958284264423,4795.0769294,0:t_wait:1340.1106419246062;t_drive:695.4695828426447;fare:479,True,,,,,,,,,0,,,False,,False,,False,[]
12,BasicRequest_no_show,1,28260,28260,495;-1;-1,3562;-1;-1,,,,,689.8304647370317,4078.680403199999,0:t_wait:993.9701751597131;t_drive:989.8304647370314;fare:407,False,,0,0,11,,29665.640752624393,30582.546643669328,407,0,,993.9701751597131,False,28290.0,True,7.440346984210903,False,[]
27,BasicRequest_no_show,1,30600,30600,3529;-1;-1,3562;-1;-1,,,,,993.0044307842718,7535.89621771,0:t_wait:1141.8877497185858;t_drive:1293.0044307842727;fare:753,True,,,,,,,,,0,,,False,,False,,False,[]
29,BasicRequest_no_show,1,30720,30720,3442;-1;-1,427;-1;-1,,,,,440.46332478509703,3080.9563235939995,0:t_wait:1030.0040729233879;t_drive:740.4633247850979;fare:308,True,,,,,,,,,0,,,False,,False,,False,[]
32,BasicRequest_no_show,1,30840,30840,3417;-1;-1,427;-1;-1,,,,,342.6832970900353,2733.51306175,0:,False,,,,,,,,,0,,,False,,False,,False,[]
33,BasicRequest_no_show,1,30840,30840,3178;-1;-1,1587;-1;-1,,,,,827.2690410471484,9369.836811417,0:t_wait:1274.4669697186946;t_drive:1127.2690410471514;fare:936,True,,,,,,,,,0,,,False,,False,,False,[]
34,BasicRequest_no_show,1,30900,30900,1541;-1;-1,3972;-1;-1,,,,,1025.1437451996426,6870.215157387,0:t_wait:1334.5224425261404;t_drive:1325.1437451996462;fare:687,True,,,,,,,,,0,,,False,,False,,False,[]
18,BasicRequest_no_show,1,29100,29100,1807;-1;-1,3665;-1;-1,,,,,858.8182325286054,5582.193583029999,0:t_wait:624.2868565738681;t_drive:1158.818232528607;fare:558,False,,0,0,0,,29756.061022045065,31033.660589822346,558,0,,624.2868565738681,False,29105.949999999913,False,82.17696209776487,False,[]
35,BasicRequest_no_show,1,31020,31020,3750;-1;-1,3478;-1;-1,,,,,644.0738366243656,5078.940806443001,0:t_wait:1348.006700730224;t_drive:944.073836624364;fare:507,False,31050,0,,,,,,507,0,,1348.006700730224,True,31050.0,True,-31.611563957238626,False,[]
36,BasicRequest_no_show,2,31200,31200,866;-1;-1,1809;-1;-1,,,,,377.14446537693436,2936.2285797799996,0:t_wait:1285.3602983026467;t_drive:677.1444653769395;fare:587,True,,,,,,,,,0,,,False,,False,,False,[]
23,BasicRequest_no_show,1,29880,29880,2823;-1;-1,2675;-1;-1,,,,,820.5993889256056,6342.212746073001,0:t_wait:638.4053078260549;t_drive:1120.599388925606;fare:634,False,,0,0,5,,30523.29157385165,31331.75314734111,634,0,,638.4053078260549,False,29885.099999999926,False,80.91164552437361,False,[]
39,BasicRequest_no_show,1,31320,31320,2205;-1;-1,849;-1;-1,,,,,424.71472618510006,3629.57044949,0:t_wait:1196.50107289886;t_drive:724.7147261850951;fare:362,False,31350,0,,,,,,362,0,,1196.50107289886,True,31350.0,True,-14.415199531786193,False,[]
31,BasicRequest_no_show,1,30780,30780,2311;-1;-1,3562;-1;-1,,,,,231.36667942893268,1113.58371437,0:t_wait:516.6485708944492;t_drive:531.3666794289311;fare:111,False,,0,0,0,,31172.412860959892,31360.86172341881,111,0,,516.6485708944492,False,30783.049999999956,False,81.4815811781733,False,[]
24,BasicRequest_no_show,1,30360,30360,1815;-1;-1,1047;-1;-1,,,,,662.1939866014354,4874.32797916,0:t_wait:375.7103154549768;t_drive:962.1939866014363;fare:487,False,,0,0,10,,30737.351363473757,31363.265247614094,487,0,,375.7103154549768,False,30366.599999999904,False,80.39011855803201,False,[]
40,BasicRequest_no_show,1,31440,31440,2311;-1;-1,3562;-1;-1,,,,,231.36667942893268,1113.58371437,0:t_wait:1382.0182770525207;t_drive:531.3666794289311;fare:111,True,,,,,,,,,0,,,False,,False,,False,[]
21,BasicRequest_no_show,1,29640,29640,1392;-1;-1,2098;-1;-1,,,,,580.6333799410728,6480.633806774,0:t_wait:650.0471333425376;t_drive:880.6333799410713;fare:648,False,,0,0,8,,30287.0427054287,31484.01725982623,648,0,,650.0471333425376,False,29645.799999999916,False,81.16755943489751,False,[]
41,BasicRequest_no_show,1,31560,31560,833;-1;-1,1493;-1;-1,,,,,433.8447036567692,1853.12906867,0:t_wait:997.8032581552616;t_drive:733.8447036567668;fare:185,True,,,,,,,,,0,,,False,,False,,False,[]
22,BasicRequest_no_show,1,29760,29760,2319;-1;-1,1587;-1;-1,,,,,1122.4228264966396,9062.545539421,0:t_wait:794.6976708175935;t_drive:1422.4228264966405;fare:906,False,,0,0,6,,30525.587783461386,31801.08057996734,906,0,,794.6976708175935,False,29773.6999999998,False,81.73728971733482,False,[]
43,BasicRequest_no_show,1,31860,31860,2448;-1;-1,898;-1;-1,,,,,1320.498114412759,11095.392385733,0:t_wait:1411.960486087417;t_drive:1620.4981144127596;fare:1109,True,,,,,,,,,0,,,False,,False,,False,[]
37,BasicRequest_no_show,1,31200,31200,1504;-1;-1,3313;-1;-1,,,,,374.2025913915719,2931.1181962699998,0:t_wait:967.1374571231609;t_drive:674.202591391575;fare:293,False,,0,0,0,,31770.975313792427,32269.172122957814,293,0,,967.1374571231609,False,31230.0,True,33.6514933898801,False,[]
28,BasicRequest_no_show,1,30660,30660,1;-1;-1,1809;-1;-1,,,,,713.9608050640257,5910.04881399,0:t_wait:601.9216716831288;t_drive:1013.9608050640272;fare:591,False,,0,0,9,,31609.63943206592,32428.433633156066,591,0,,601.9216716831288,False,30672.799999999814,False,81.02435807510192,False,[]
20,BasicRequest_no_show,1,29520,29520,1591;-1;-1,3484;-1;-1,,,,,1548.7929137975298,13857.694036290999,0:t_wait:952.9420238961102;t_drive:1848.7929137975298;fare:1385,False,,0,0,7,,30438.718262162092,32435.945499973604,1385,0,,952.9420238961102,False,29550.0,True,39.340312798744925,False,[]
30,BasicRequest_no_show,1,30780,30780,2403;-1;-1,3266;-1;-1,,,,,464.6042483555558,3796.08331696,0:t_wait:1116.4953739163902;t_drive:764.6042483555575;fare:379,False,,0,0,5,,31926.05391077516,32516.424451870207,379,0,,1116.4953739163902,False,30810.0,True,-4.1029491637890345,False,[]
25,BasicRequest_no_show,1,30360,30360,821;-1;-1,2858;-1;-1,,,,,542.9660870794107,4984.711858449999,0:t_wait:767.3877173561305;t_drive:842.9660870794105;fare:498,False,,0,0,11,,31060.231692421985,32526.148911611515,498,0,,767.3877173561305,False,30363.749999999945,False,80.66776225912628,False,[]
42,BasicRequest_no_show,1,31740,31740,2168;-1;-1,1687;-1;-1,,,,,327.43838328814564,3428.7984149900003,0:t_wait:673.1908869538747;t_drive:627.4383832881431;fare:342,False,,0,0,8,,32517.600653722482,32926.66224860271,342,0,,673.1908869538747,False,31749.899999999856,False,82.39873459122155,False,[]
38,BasicRequest_no_show,1,31260,31260,3931;-1;-1,3754;-1;-1,,,,,827.2316191365392,7166.034599749999,0:t_wait:1051.9804090934194;t_drive:1127.231619136539;fare:716,False,,0,0,10,,32125.81953038711,32943.19178681914,716,0,,1051.9804090934194,False,31290.0,True,5.858358763132399,False,[]
52,BasicRequest_no_show,2,33120,33120,802;-1;-1,3541;-1;-1,,,,,1185.1901041915344,14024.21476521,0:t_wait:1488.9859320479518;t_drive:1485.1901041915335;fare:2804,True,,,,,,,,,0,,,False,,False,,False,[]
53,BasicRequest_no_show,1,33120,33120,1985;-1;-1,1587;-1;-1,,,,,1077.262391752467,15878.902561730001,0:,False,,,,,,,,,0,,,False,,False,,False,[]
45,BasicRequest_no_show,2,32400,32400,1391;-1;-1,1586;-1;-1,,,,,1659.2855118390003,15802.559269953003,0:t_wait:1034.6312640565375;t_drive:1959.2855118389998;fare:3160,False,33330,0,,,,,,3160,0,,,False,,False,,True,[]
55,BasicRequest_no_show,1,33360,33360,3157;-1;-1,2911;-1;-1,,,,,907.493241982604,6142.933404795,0:t_wait:1219.7700055815658;t_drive:1207.4932419826073;fare:614,True,,,,,,,,,0,,,False,,False,,False,[]
56,BasicRequest_no_show,1,33420,33420,2054;-1;-1,704;-1;-1,,,,,1879.2778496616738,17420.281094895,0:,False,,,,,,,,,0,,,False,,False,,False,[]
47,BasicRequest_no_show,1,32700,32700,3178;-1;-1,1809;-1;-1,,,,,658.7900649240474,4672.90018149,0:t_wait:309.874248641172;t_drive:958.7900649240473;fare:467,False,,0,0,7,,33009.87424864117,33667.21930536331,467,0,,309.874248641172,False,32705.249999999924,False,81.48350319642748,False,[]
58,BasicRequest_no_show,1,33720,33720,1336;-1;-1,3475;-1;-1,,,,,731.2459624616955,3419.633808739,0:t_wait:1236.3306197878264;t_drive:1031.2459624616968;fare:341,True,,,,,,,,,0,,,False,,False,,False,[]
60,BasicRequest_no_show,1,33720,33720,319;-1;-1,3475;-1;-1,,,,,750.7477063261426,4536.748304713,0:t_wait:1350.1181830000205;t_drive:1050.7477063261395;fare:453,True,,,,,,,,,0,,,False,,False,,False,[]
44,BasicRequest_no_show,2,32220,32220,1312;-1;-1,3044;-1;-1,,,,,1087.3253995307027,9431.64188364,0:t_wait:584.1140637223871;t_drive:1387.3253995307023;fare:1886,False,,0,0,0,,32560.859219762064,33796.60267050192,1886,0,,584.1140637223871,False,32226.699999999903,False,82.44616754275181,False,[]
46,BasicRequest_no_show,1,32580,32580,2385;-1;-1,2098;-1;-1,,,,,557.2059613627473,5563.044121088,0:t_wait:378.8964337962607;t_drive:857.2059613627498;fare:556,False,,0,0,11,,32958.89643379625,33829.2469473993,556,0,,378.8964337962607,False,32588.14999999988,False,83.11499281452848,False,[]
54,BasicRequest_no_show,1,33120,33120,3752;-1;-1,1610;-1;-1,,,,,476.122303889681,4453.152315220001,0:t_wait:344.9046075481383;t_drive:776.1223038896787;fare:445,False,,0,0,8,,33464.90460754814,33998.7319467547,445,0,,344.9046075481383,False,33133.90000000081,False,83.64548835165397,False,[]
49,BasicRequest_no_show,1,32880,32880,748;-1;-1,4068;-1;-1,,,,,556.3256690120007,4170.20649039,0:t_wait:726.5523144354083;t_drive:856.3256690120033;fare:417,False,,0,0,6,,33613.001012281515,34295.74349074117,417,0,,726.5523144354083,False,32886.55000000038,False,81.36308262317125,False,[]
48,BasicRequest_no_show,1,32760,32760,3171;-1;-1,3562;-1;-1,,,,,424.3428541727869,4550.802877370001,0:t_wait:790.5957661994908;t_drive:724.3428541727844;fare:455,False,,0,0,9,,33804.10487074703,34398.20856995308,455,0,,790.5957661994908,False,32780.900000000634,False,80.42754892828245,False,[]
67,BasicRequest_no_show,1,34740,34740,189;-1;-1,3044;-1;-1,,,,,920.715187556525,8757.36641094,0:t_wait:740.9822641930004;t_drive:1220.715187556525;fare:875,True,,,,,,,,,0,,,False,,False,,False,[]
51,BasicRequest_no_show,1,33000,33000,1014;-1;-1,3562;-1;-1,,,,,448.7471320586586,4850.696605290001,0:t_wait:810.9198860801553;t_drive:748.7471320586556;fare:485,False,,0,0,10,,34337.61965902536,34779.48546712588,485,0,,810.9198860801553,False,33017.30000000101,False,80.75208626371263,False,[]
57,BasicRequest_no_show,1,33600,33600,276;-1;-1,833;-1;-1,,,,,587.3877262223464,5220.2008651099995,0:t_wait:874.9297380932767;t_drive:887.3877262223468;fare:522,False,,0,0,8,,34260.948846323154,34891.89706592902,522,0,,874.9297380932767,False,33630.0,True,57.07421349554711,False,[]
63,BasicRequest_no_show,1,34320,34320,236;-1;-1,3562;-1;-1,,,,,224.08542899262272,1811.250778739,0:t_wait:596.5969069762941;t_drive:524.085428992621;fare:181,False,,0,0,9,,34681.08321671945,34910.92983786121,181,0,,596.5969069762941,False,34324.75000000028,False,80.90300585979034,False,[]
70,BasicRequest_no_show,1,34980,34980,2599;-1;-1,3691;-1;-1,,,,,973.6453645619263,8999.3744647,0:,False,,,,,,,,,0,,,False,,False,,False,[]
71,BasicRequest_no_show,1,35040,35040,2003;-1;-1,1736;-1;-1,,,,,825.6216241493269,4989.718275509999,0:t_wait:1402.7434899525906;t_drive:1125.621624149324;fare:498,True,,,,,,,,,0,,,False,,False,,False,[]
72,BasicRequest_no_show,1,35040,35040,1080;-1;-1,427;-1;-1,,,,,1145.901346646428,9105.950280413,0:,False,,,,,,,,,0,,,False,,False,,False,[]
73,BasicRequest_no_show,1,35160,35160,749;-1;-1,2208;-1;-1,,,,,584.6598389627956,3073.5590208000003,0:t_wait:1493.1462351865484;t_drive:884.659838962798;fare:307,True,,,,,,,,,0,,,False,,False,,False,[]
76,BasicRequest_no_show,1,35400,35400,1693;-1;-1,3562;-1;-1,,,,,1339.957184534503,11067.834115555,0:t_wait:1402.780437073714;t_drive:1639.9571845345054;fare:1106,True,,,,,,,,,0,,,False,,False,,False,[]
75,BasicRequest_no_show,1,35400,35400,1315;-1;-1,3562;-1;-1,,,,,759.3881357390297,6125.666459004999,0:t_wait:1156.3679243315564;t_drive:1059.3881357390273;fare:612,False,35430,0,,,,,,612,0,,1156.3679243315564,True,35430.0,True,-14.441452103551262,False,[]
77,BasicRequest_no_show,1,35460,35460,1693;-1;-1,3562;-1;-1,,,,,1339.957184534503,11067.834115555,0:t_wait:1341.8370726508947;t_drive:1639.9571845345054;fare:1106,True,,,,,,,,,0,,,False,,False,,False,[]
78,BasicRequest_no_show,1,35520,35520,2944;-1;-1,2858;-1;-1,,,,,856.6814457269039,6774.62650966,0:t_wait:1444.9510124357403;t_drive:1156.6814457269065;fare:677,True,,,,,,,,,0,,,False,,False,,False,[]
64,BasicRequest_no_show,1,34380,34380,1994;-1;-1,3475;-1;-1,,,,,505.4422806024379,1678.4727722599998,0:t_wait:794.1126011058514;t_drive:805.4422806024377;fare:167,False,,0,0,6,,35110.49594669632,35571.1500433172,167,0,,794.1126011058514,False,34391.15000000065,False,80.20395580854267,False,[]
62,BasicRequest_no_show,1,34260,34260,2637;-1;-1,3702;-1;-1,,,,,654.5001771503885,6716.43239892,0:t_wait:349.5750445190861;t_drive:954.5001771503885;fare:671,False,,0,0,7,,34825.76697328282,35617.13406080286,671,0,,349.5750445190861,False,34269.350000000544,False,80.06310749332222,False,[]
80,BasicRequest_no_show,1,35640,35640,674;-1;-1,427;-1;-1,,,,,478.1683599388821,2996.4371961099996,0:t_wait:1053.2720287704724;t_drive:778.1683599388853;fare:299,True,,,,,,,,,0,,,False,,False,,False,[]
50,BasicRequest_no_show,2,32940,32940,1391;-1;-1,1586;-1;-1,,,,,1659.2855118390003,15802.559269953003,0:t_wait:181.4458871680472;t_drive:1959.2855118389998;fare:3160,False,,0,0,5,,33330.0,35659.57181212168,3160,0,,181.4458871680472,False,32949.550000000556,False,80.4635439780774,False,[]
59,BasicRequest_no_show,1,33720,33720,199;-1;-1,1586;-1;-1,,,,,1116.914438554627,14149.10589572,0:t_wait:233.39390425035526;t_drive:1416.9144385546242;fare:1414,False,,0,0,5,,33949.66460991219,35659.57181212168,1414,0,,233.39390425035526,False,33724.45000000026,False,80.92827979738745,False,[]
81,BasicRequest_no_show,1,35700,35700,1281;-1;-1,989;-1;-1,,,,,585.7809217242324,4065.36925756,0:t_wait:1095.0641255472947;t_drive:885.780921724232;fare:406,True,,,,,,,,,0,,,False,,False,,False,[]
83,BasicRequest_no_show,1,35820,35820,3654;-1;-1,427;-1;-1,,,,,521.5958335280086,2675.909621271,0:t_wait:1404.5315170273825;t_drive:821.5958335280084;fare:267,True,,,,,,,,,0,,,False,,False,,False,[]
61,BasicRequest_no_show,1,34140,34140,3511;-1;-1,3432;-1;-1,,,,,1374.7934431349659,17025.972401309,0:t_wait:271.4630117607303;t_drive:1674.793443134964;fare:1702,False,,0,0,0,,34392.95019680514,35849.81053168006,1702,0,,271.4630117607303,False,34145.750000000335,False,80.2073757206197,False,[]
84,BasicRequest_no_show,1,36000,36000,2224;-1;-1,3562;-1;-1,,,,,231.2799015769707,2238.1452653610004,0:t_wait:1359.4621133112087;t_drive:531.2799015769706;fare:223,True,,,,,,,,,0,,,False,,False,,False,[]
86,BasicRequest_no_show,1,36000,36000,1926;-1;-1,1587;-1;-1,,,,,1114.7326397722236,11986.576635157002,0:t_wait:1208.187884794046;t_drive:1414.7326397722209;fare:1198,True,,,,,,,,,0,,,False,,False,,False,[]
69,BasicRequest_no_show,1,34920,34920,870;-1;-1,3562;-1;-1,,,,,487.9890925703162,4030.334830835,0:t_wait:815.1763139044051;t_drive:787.9890925703148;fare:403,False,,0,0,9,,35465.17631390441,36064.155413950284,403,0,,815.1763139044051,False,34933.650000000795,False,80.90114974051004,False,[]
88,BasicRequest_no_show,1,36180,36180,428;-1;-1,2155;-1;-1,,,,,409.32163120335537,2255.70051995,0:t_wait:837.1335071504363;t_drive:709.3216312033546;fare:225,True,,,,,,,,,0,,,False,,False,,False,[]
74,BasicRequest_no_show,1,35280,35280,2317;-1;-1,3562;-1;-1,,,,,305.77218024366925,2116.001808523,0:t_wait:869.0746752182677;t_drive:605.7721802436718;fare:211,False,,0,0,7,,35924.2629849354,36356.644175502726,211,0,,869.0746752182677,False,35310.0,True,76.366843318699,False,[]
90,BasicRequest_no_show,1,36480,36480,230;-1;-1,443;-1;-1,,,,,1253.0088462384742,11983.402955939997,0:t_wait:1138.4114531343948;t_drive:1553.0088462384738;fare:1198,True,,,,,,,,,0,,,False,,False,,False,[]
68,BasicRequest_no_show,2,34740,34740,1312;-1;-1,3044;-1;-1,,,,,1328.5507267470002,8681.859273148,0:t_wait:794.9796839814953;t_drive:1628.550726747002;fare:1736,False,,0,0,8,,35216.17176184086,36507.46274617588,1736,0,,794.9796839814953,False,34747.450000000434,False,80.23817188107029,False,[]
66,BasicRequest_no_show,1,34560,34560,1234;-1;-1,2122;-1;-1,,,,,764.8675296516403,5174.522835380001,0:t_wait:999.7675851621825;t_drive:1064.8675296516376;fare:517,False,,0,0,11,,35614.12206916334,36635.17409513213,517,0,,999.7675851621825,False,34590.0,True,14.494795612652728,False,[]
65,BasicRequest_no_show,1,34380,34380,4050;-1;-1,1587;-1;-1,,,,,1169.172595111691,14570.871428937,0:t_wait:993.7035562877572;t_drive:1469.1725951116896;fare:1457,False,,0,0,10,,35200.4846564752,36688.04351015194,1457,0,,993.7035562877572,False,34410.0,True,4.13819460148391,False,[]
89,BasicRequest_no_show,1,36180,36180,3562;-1;-1,1722;-1;-1,,,,,409.01115315470395,3880.87207329,0:t_wait:171.50945860087086;t_drive:709.0111531547009;fare:388,False,,0,0,7,,36356.644175502726,36806.76219711127,388,0,,171.50945860087086,False,36188.80000000051,False,81.24966835595596,False,[]
96,BasicRequest_no_show,1,36840,36840,3315;-1;-1,1587;-1;-1,,,,,966.5122884224108,10645.805055767,0:t_wait:1375.5857381569513;t_drive:1266.512288422411;fare:1064,True,,,,,,,,,0,,,False,,False,,False,[]
97,BasicRequest_no_show,1,36900,36900,1060;-1;-1,427;-1;-1,,,,,533.5287209128387,3529.4666112529994,0:t_wait:1444.7253297159332;t_drive:833.5287209128364;fare:352,True,,,,,,,,,0,,,False,,False,,False,[]
99,BasicRequest_no_show,1,36900,36900,2508;-1;-1,1587;-1;-1,,,,,1230.805497823887,9195.448099796999,0:t_wait:1261.4542580179404;t_drive:1530.805497823887;fare:919,True,,,,,,,,,0,,,False,,False,,False,[]
100,BasicRequest_no_show,1,36900,36900,332;-1;-1,2311;-1;-1,,,,,485.53863035935615,4057.852540773,0:t_wait:1409.330966964706;t_drive:785.538630359355;fare:405,True,,,,,,,,,0,,,False,,False,,False,[]
79,BasicRequest_no_show,1,35520,35520,2494;-1;-1,425;-1;-1,,,,,658.368597847674,4612.903330621,0:t_wait:920.4951172477158;t_drive:958.3685978476715;fare:461,False,,0,0,6,,36196.61134933661,37033.74982349267,461,0,,920.4951172477158,False,35550.0,True,26.881764110869184,False,[]
102,BasicRequest_no_show,1,37140,37140,1923;-1;-1,3562;-1;-1,,,,,604.7935792474199,5750.703181541,0:t_wait:1085.4720167362248;t_drive:904.7935792474163;fare:575,True,,,,,,,,,0,,,False,,False,,False,[]
105,BasicRequest_no_show,1,37380,37380,2001;-1;-1,802;-1;-1,,,,,806.1332219325282,5574.9464364099995,0:t_wait:1260.796811890068;t_drive:1106.1332219325268;fare:557,True,,,,,,,,,0,,,False,,False,,False,[]
106,BasicRequest_no_show,1,37380,37380,1028;-1;-1,1827;-1;-1,,,,,1431.1930921828966,15133.63444522,0:,False,,,,,,,,,0,,,False,,False,,False,[]
85,BasicRequest_no_show,1,36000,36000,1311;-1;-1,3562;-1;-1,,,,,469.9528756662828,3633.151256532,0:t_wait:1088.9609536592907;t_drive:769.952875666284;fare:363,False,,0,0,11,,37106.49715245488,37763.33055730833,363,0,,1088.9609536592907,False,36030.0,True,-4.313487657466068,False,[]
108,BasicRequest_no_show,1,37860,37860,637;-1;-1,1454;-1;-1,,,,,254.92060868691905,2035.52406944,0:,False,,,,,,,,,0,,,False,,False,,False,[]
82,BasicRequest_no_show,1,35760,35760,3672;-1;-1,2846;-1;-1,,,,,1129.036158461525,7259.891607345,0:t_wait:770.3460832088094;t_drive:1429.0361584615239;fare:725,False,,0,0,9,,36357.70399489009,38054.2708393557,725,0,,770.3460832088094,False,35777.250000001004,False,80.54591445954803,False,[]
94,BasicRequest_no_show,1,36780,36780,748;-1;-1,427;-1;-1,,,,,362.7432262074902,2001.4241935,0:t_wait:726.5523144354083;t_drive:662.7432262074872;fare:200,False,,0,0,10,,37478.60880972637,38052.96387901235,200,0,,726.5523144354083,False,36783.55000000021,False,84.14417288935671,False,[]
92,BasicRequest_no_show,1,36600,36600,1503;-1;-1,427;-1;-1,,,,,345.39078856621614,2566.67376677,0:t_wait:1110.5671413927485;t_drive:645.3907885662193;fare:256,False,,0,0,6,,37552.91486439324,38084.77908333338,256,0,,1110.5671413927485,False,36630.0,True,10.547455357217945,False,[]
110,BasicRequest_no_show,1,38100,38100,664;-1;-1,2220;-1;-1,,,,,622.9245474998178,4180.15524816,0:t_wait:785.7073975177846;t_drive:922.924547499817;fare:418,True,,,,,,,,,0,,,False,,False,,False,[]
95,BasicRequest_no_show,1,36840,36840,2823;-1;-1,3266;-1;-1,,,,,866.6849772003627,8415.36357331,0:t_wait:502.1167047980707;t_drive:1166.6849772003625;fare:841,False,,0,0,3,,37360.25634361855,38197.388341371465,841,0,,502.1167047980707,False,36848.80000000051,False,81.54367648570808,False,[]
91,BasicRequest_no_show,1,36600,36600,2455;-1;-1,3475;-1;-1,,,,,576.2470330699924,4252.098104581,0:t_wait:685.1008964353023;t_drive:876.2470330699944;fare:425,False,,0,0,8,,37483.60277494256,38203.68285056183,425,0,,685.1008964353023,False,36606.40000000037,False,83.84589668951213,False,[]
87,BasicRequest_no_show,1,36120,36120,1013;-1;-1,333;-1;-1,,,,,647.7530000348559,4941.79689394,0:t_wait:813.7623732535067;t_drive:947.7530000348561;fare:494,False,,0,0,7,,37003.15027549657,38237.88408455745,494,0,,813.7623732535067,False,36129.40000000055,False,81.05472261822521,False,[]
93,BasicRequest_no_show,1,36720,36720,1786;-1;-1,427;-1;-1,,,,,524.3234256526398,4991.4863707,0:t_wait:954.6720098536243;t_drive:824.3234256526412;fare:499,False,,0,0,0,,37778.73819457393,38445.264147464535,499,0,,954.6720098536243,False,36750.0,True,48.00420603701271,False,[]
101,BasicRequest_no_show,1,37080,37080,1802;-1;-1,2122;-1;-1,,,,,731.6431570366159,5448.97960309,0:t_wait:979.2466110024252;t_drive:1031.6431570366185;fare:544,False,,0,0,5,,38018.881356997146,38675.73903931108,544,0,,979.2466110024252,False,37110.0,True,24.87686110464978,False,[]
98,BasicRequest_no_show,1,36900,36900,3537;-1;-1,3562;-1;-1,,,,,995.5136303697558,8225.118032251998,0:t_wait:545.9955134386546;t_drive:1295.5136303697582;fare:822,False,,0,0,1,,37558.5495109816,38764.726879948226,822,0,,545.9955134386546,False,36908.80000000051,False,81.28486271158864,False,[]
107,BasicRequest_no_show,1,37500,37500,301;-1;-1,3807;-1;-1,,,,,775.8032310156545,7113.555398967001,0:t_wait:451.7803976303112;t_drive:1075.803231015656;fare:711,False,,0,0,4,,37929.90830467297,38795.453034586455,711,0,,451.7803976303112,False,37505.750000000335,False,81.83230604119454,False,[]
109,BasicRequest_no_show,1,37980,37980,2131;-1;-1,3562;-1;-1,,,,,355.7659527365593,2752.985906501,0:t_wait:706.1282367819149;t_drive:655.7659527365613;fare:275,False,,0,0,10,,38424.36024718105,39032.5663774557,275,0,,706.1282367819149,False,37986.250000000364,False,80.07808672556898,False,[]
103,BasicRequest_no_show,1,37260,37260,427;-1;-1,3691;-1;-1,,,,,958.0926277096414,6029.6684033129995,0:t_wait:660.0593965737571;t_drive:1258.0926277096441;fare:602,False,,0,0,11,,37908.77737965688,39121.859627616075,602,0,,660.0593965737571,False,37269.40000000055,False,82.89258644610985,False,[]
112,BasicRequest_no_show,1,38400,38400,598;-1;-1,524;-1;-1,,,,,577.7650696318466,4261.27642435,0:t_wait:43.5168971296298;t_drive:877.7650696318451;fare:426,False,,0,0,8,,38443.51689712964,39309.80415771732,426,0,,43.5168971296298,False,38411.30000000066,False,81.53819270076335,False,[]
114,BasicRequest_no_show,1,38640,38640,3931;-1;-1,427;-1;-1,,,,,338.9407293693925,2950.8176160999997,0:t_wait:421.4704506735143;t_drive:638.9407293693948;fare:295,False,,0,0,3,,39061.47045067351,39492.520696695865,295,0,,421.4704506735143,False,38644.30000000025,False,80.3618303221359,False,[]
113,BasicRequest_no_show,1,38580,38580,824;-1;-1,3562;-1;-1,,,,,300.58699913614737,2423.005447583,0:t_wait:524.1274074908433;t_drive:600.5869991361469;fare:242,False,,0,0,0,,39104.12740749082,39655.199726528306,242,0,,524.1274074908433,False,38593.55000000079,False,80.28546081067702,False,[]
111,BasicRequest_no_show,1,38160,38160,731;-1;-1,3562;-1;-1,,,,,516.3264519504363,4498.933654142,0:t_wait:646.7238229274808;t_drive:816.3264519504373;fare:449,False,,0,0,6,,38880.51721493957,39660.71850182683,449,0,,646.7238229274808,False,38169.550000000556,False,80.10909470339485,False,[]
104,BasicRequest_no_show,1,37260,37260,3117;-1;-1,1587;-1;-1,,,,,1209.8647440589316,9039.082706727,0:t_wait:1203.1929901255207;t_drive:1509.8647440589339;fare:903,False,,0,0,7,,38583.1603852597,40152.8628734838,903,0,,1203.1929901255207,False,37290.0,True,3.2693933849253645,False,[]
117,BasicRequest_no_show,1,38940,38940,1941;-1;-1,3562;-1;-1,,,,,511.1294192001351,3300.524862583,0:t_wait:593.0601919309775;t_drive:811.1294192001369;fare:330,False,,0,0,1,,39661.40066342741,40338.307597075865,330,0,,593.0601919309775,False,38946.65000000039,False,80.02813324835101,False,[]
123,BasicRequest_no_show,1,39780,39780,325;-1;-1,3971;-1;-1,,,,,469.80477526986544,3428.7733618169996,0:t_wait:240.3775358393832;t_drive:769.8047752698621;fare:342,False,,0,0,2,,40020.37753583938,40442.19867708281,342,0,,240.3775358393832,False,39787.00000000041,False,81.53548630608563,False,[]
120,BasicRequest_no_show,1,39360,39360,3572;-1;-1,2404;-1;-1,,,,,583.7116252120957,3281.327196241,0:t_wait:728.8581730907536;t_drive:883.7116252120977;fare:328,False,,0,0,3,,39855.8157731944,40466.095878033644,328,0,,728.8581730907536,False,39365.400000000314,False,80.35446629146965,False,[]
116,BasicRequest_no_show,1,38820,38820,414;-1;-1,427;-1;-1,,,,,951.95693886292,5474.387252463001,0:t_wait:742.189439952941;t_drive:1251.956938862917;fare:547,False,,0,0,5,,39649.98270508955,40495.53627263617,547,0,,742.189439952941,False,38826.20000000036,False,80.83603853031269,False,[]
127,BasicRequest_no_show,1,40620,40620,2426;-1;-1,437;-1;-1,,,,,931.1875616237927,5783.445642471,0:t_wait:342.12315108029725;t_drive:1231.1875616237958;fare:578,False,40630,0,,,,,,578,0,,1469.6155778745451,True,40632.300000000716,False,-80.09528795109304,False,[]
118,BasicRequest_no_show,2,39120,39120,694;-1;-1,1587;-1;-1,,,,,1104.013156350421,11373.98606163,0:t_wait:636.6339247074284;t_drive:1404.0131563504183;fare:2274,False,,0,0,11,,39485.449106367705,40738.09827588017,2274,0,,636.6339247074284,False,39127.150000000416,False,82.28667381966493,False,[]
131,BasicRequest_no_show,1,40800,40800,2863;-1;-1,3562;-1;-1,,,,,580.5835660283624,3812.706985023,0:t_wait:1112.9436052399324;t_drive:880.5835660283628;fare:381,False,40830,0,,,,,,381,0,,1112.9436052399324,True,40830.0,True,-9.982470884937294,False,[]
135,BasicRequest_no_show,1,40920,40920,2122;-1;-1,1235;-1;-1,,,,,622.359759573659,4679.761634332999,0:t_wait:1072.7184978346704;t_drive:922.3597595736574;fare:467,True,,,,,,,,,0,,,False,,False,,False,[]
136,BasicRequest_no_show,1,40920,40920,259;-1;-1,1983;-1;-1,,,,,471.3041604371045,2407.88187614,0:t_wait:1135.7846698975409;t_drive:771.3041604371028;fare:240,True,,,,,,,,,0,,,False,,False,,False,[]
137,BasicRequest_no_show,1,41040,41040,328;-1;-1,1123;-1;-1,,,,,410.832500802993,2035.5265296989999,0:t_wait:1018.5012211341891;t_drive:710.8325008029933;fare:203,True,,,,,,,,,0,,,False,,False,,False,[]
138,BasicRequest_no_show,1,41100,41100,527;-1;-1,3474;-1;-1,,,,,483.9964861920258,3409.39250799,0:t_wait:1189.013380423632;t_drive:783.9964861920234;fare:340,True,,,,,,,,,0,,,False,,False,,False,[]
115,BasicRequest_no_show,2,38820,38820,3526;-1;-1,1014;-1;-1,,,,,1159.460340737602,10034.555707339998,0:t_wait:717.6566392723616;t_drive:1459.4603407376053;fare:2006,False,,0,0,4,,39314.68135447904,41146.60724151852,2006,0,,717.6566392723616,False,38826.100000000355,False,81.57670880132555,False,[]
142,BasicRequest_no_show,1,41280,41280,439;-1;-1,460;-1;-1,,,,,1458.492911786907,11777.65160832,0:t_wait:1385.7726702891669;t_drive:1758.4929117869033;fare:1177,True,,,,,,,,,0,,,False,,False,,False,[]
140,BasicRequest_no_show,2,41280,41280,2405;-1;-1,2893;-1;-1,,,,,1580.2710858218798,14448.863371198,0:t_wait:659.2638166899997;t_drive:1880.271085821878;fare:2889,False,41310,0,,,,,,2889,0,,1038.455042652924,True,41310.0,True,-11.833610299988162,False,[]
129,BasicRequest_no_show,1,40620,40620,2316;-1;-1,3562;-1;-1,,,,,299.0164233532225,2115.209489271,0:t_wait:228.4760034410283;t_drive:599.0164233532196;fare:211,False,,0,0,1,,40848.476003441036,41310.206876080636,211,0,,228.4760034410283,False,40631.750000000684,False,82.60673031972998,False,[]
130,BasicRequest_no_show,1,40740,40740,213;-1;-1,427;-1;-1,,,,,287.59562633417875,2001.168461741,0:t_wait:239.48114974683267;t_drive:587.5956263341795;fare:200,False,,0,0,5,,41065.56998075424,41363.27141626681,200,0,,239.48114974683267,False,40747.35000000043,False,81.63809791267369,False,[]
119,BasicRequest_no_show,2,39180,39180,3948;-1;-1,1587;-1;-1,,,,,1083.7049622872144,11208.131453869999,0:t_wait:1022.9581114721368;t_drive:1383.7049622872146;fare:2241,False,,0,0,10,,40320.603968308096,41433.912473065946,2241,0,,1022.9581114721368,False,39210.0,True,14.059018903688324,False,[]
145,BasicRequest_no_show,1,41580,41580,1454;-1;-1,3634;-1;-1,,,,,290.2489866887615,1885.42749483,0:t_wait:1402.6336949383913;t_drive:590.2489866887627;fare:188,True,,,,,,,,,0,,,False,,False,,False,[]
146,BasicRequest_no_show,1,41640,41640,2404;-1;-1,3973;-1;-1,,,,,429.1012137138037,3143.714614808,0:t_wait:1305.0949740750148;t_drive:729.1012137138023;fare:314,True,,,,,,,,,0,,,False,,False,,False,[]
147,BasicRequest_no_show,1,41640,41640,3997;-1;-1,735;-1;-1,,,,,490.60686239876776,3451.91277006,0:t_wait:1089.6900216268696;t_drive:790.6068623987667;fare:345,True,,,,,,,,,0,,,False,,False,,False,[]
122,BasicRequest_no_show,1,39600,39600,1517;-1;-1,2846;-1;-1,,,,,737.4557098030082,7356.187980615,0:t_wait:344.4829216245853;t_drive:1037.4557098030054;fare:735,False,,0,0,8,,40026.150508492945,41670.06468309737,735,0,,344.4829216245853,False,39606.30000000037,False,80.57341641950748,False,[]
128,BasicRequest_no_show,1,40620,40620,1610;-1;-1,2347;-1;-1,,,,,519.6474790823877,2958.51298603,0:t_wait:129.69379532858875;t_drive:819.647479082385;fare:295,False,,0,0,2,,40749.69379532858,41709.5591228757,295,0,,129.69379532858875,False,40627.10000000041,False,83.38251316778145,False,[]
125,BasicRequest_no_show,1,39900,39900,137;-1;-1,1587;-1;-1,,,,,737.1801121574666,6618.690541970999,0:t_wait:753.7558668867423;t_drive:1037.180112157468;fare:661,False,,0,0,9,,40826.839552281665,41902.24226202452,661,0,,753.7558668867423,False,39908.05000000047,False,80.34807151992382,False,[]
134,BasicRequest_no_show,1,40920,40920,1762;-1;-1,427;-1;-1,,,,,223.33943716782767,1543.0441461219998,0:t_wait:935.1708667671192;t_drive:523.3394371678296;fare:154,False,,0,0,1,,41682.83941492896,41911.08036789505,154,0,,935.1708667671192,False,40944.45000000142,False,80.65088156744369,False,[]
149,BasicRequest_no_show,1,42060,42060,1941;-1;-1,3562;-1;-1,,,,,511.1294192001351,3300.524862583,0:t_wait:853.3812364116457;t_drive:811.1294192001369;fare:330,True,,,,,,,,,0,,,False,,False,,False,[]
139,BasicRequest_no_show,4,41100,41100,2220;-1;-1,1815;-1;-1,,,,,454.43446842361874,2751.87739973,0:t_wait:839.0967368468118;t_drive:754.4344684236203;fare:1100,False,,0,0,5,,41644.794390820374,42285.42140557072,1100,0,,839.0967368468118,False,41130.0,True,46.97493239520273,False,[]
124,BasicRequest_no_show,1,39840,39840,3691;-1;-1,1227;-1;-1,,,,,931.8596184067028,9120.605154017,0:t_wait:983.5358893335797;t_drive:1231.8596184066992;fare:912,False,,0,0,6,,40858.11680329806,42290.92036898358,912,0,,983.5358893335797,False,39870.0,True,20.112533994290857,False,[]
126,BasicRequest_no_show,1,40320,40320,2880;-1;-1,360;-1;-1,,,,,1080.9521067146025,6857.643451750001,0:t_wait:884.7064994372704;t_drive:1380.9521067146052;fare:685,False,,0,0,3,,40979.72573163115,42341.80266978736,685,0,,884.7064994372704,False,40350.0,True,63.02628787476028,False,[]
132,BasicRequest_no_show,1,40860,40860,4068;-1;-1,3266;-1;-1,,,,,585.8180749332867,3031.46285095,0:t_wait:1100.3631374431934;t_drive:885.8180749332896;fare:303,False,42380,0,,,,,,303,0,,,False,,False,,True,[]
144,BasicRequest_no_show,1,41580,41580,2589;-1;-1,619;-1;-1,,,,,251.41745638543227,2247.9209983,0:t_wait:647.7728611776402;t_drive:551.4174563854322;fare:224,False,,0,0,10,,42232.5666062108,42465.77646658652,224,0,,647.7728611776402,False,41585.400000000314,False,83.5470160310607,False,[]
121,BasicRequest_no_show,1,39540,39540,852;-1;-1,1140;-1;-1,,,,,1638.4522798207925,17996.795258702,0:t_wait:847.3610711753572;t_drive:1938.4522798207909;fare:1799,False,,0,0,0,,40049.9639270171,42558.85164810349,1799,0,,847.3610711753572,False,39553.60000000079,False,80.7624398185206,False,[]
157,BasicRequest_no_show,1,42780,42780,1215;-1;-1,427;-1;-1,,,,,337.7209947958418,1368.18786321,0:t_wait:1097.7483666658882;t_drive:637.7209947958399;fare:136,True,,,,,,,,,0,,,False,,False,,False,[]
143,BasicRequest_no_show,1,41400,41400,3183;-1;-1,2003;-1;-1,,,,,764.6218295554357,5309.479472659999,0:t_wait:626.5218303884612;t_drive:1064.6218295554354;fare:530,False,,0,0,7,,42133.18579905182,42931.409676255294,530,0,,626.5218303884612,False,41406.75000000039,False,81.59610545415886,False,[]
161,BasicRequest_no_show,1,43080,43080,3053;-1;-1,3804;-1;-1,,,,,615.7897000241784,4065.9627244000003,0:t_wait:1108.1931409993194;t_drive:915.7897000241792;fare:406,True,,,,,,,,,0,,,False,,False,,False,[]
156,BasicRequest_no_show,1,42720,42720,1263;-1;-1,427;-1;-1,,,,,135.1116192868795,923.2076496300001,0:t_wait:259.0055325479407;t_drive:435.11161928687943;fare:100,False,,0,0,3,,42978.85597730181,43133.099668024435,100,0,,259.0055325479407,False,42729.45000000055,False,80.03873794841516,False,[]
163,BasicRequest_no_show,1,43260,43260,1086;-1;-1,3150;-1;-1,,,,,534.94790166,4266.442639643,0:t_wait:1350.3642568744617;t_drive:834.9479016600017;fare:426,True,,,,,,,,,0,,,False,,False,,False,[]
164,BasicRequest_no_show,4,43260,43260,2220;-1;-1,1815;-1;-1,,,,,377.4785023215,2743.30902647,0:t_wait:1331.0851675750673;t_drive:677.4785023215009;fare:1097,True,,,,,,,,,0,,,False,,False,,False,[]
165,BasicRequest_no_show,1,43440,43440,2115;-1;-1,427;-1;-1,,,,,779.6915619807248,4861.191489733,0:t_wait:1054.5840690426921;t_drive:1079.691561980726;fare:486,True,,,,,,,,,0,,,False,,False,,False,[]
150,BasicRequest_no_show,1,42060,42060,427;-1;-1,1924;-1;-1,,,,,701.7993880133799,5792.1558321190005,0:t_wait:722.594643056269;t_drive:1001.7993880133799;fare:579,False,,0,0,5,,42528.10505699137,43449.66076326924,579,0,,722.594643056269,False,42071.750000000684,False,82.05469782279125,False,[]
166,BasicRequest_no_show,1,43500,43500,789;-1;-1,1815;-1;-1,,,,,1020.7839474409285,8688.947310091002,0:t_wait:934.8192665315;t_drive:1320.7839474409266;fare:868,True,,,,,,,,,0,,,False,,False,,False,[]
148,BasicRequest_no_show,1,42000,42000,173;-1;-1,427;-1;-1,,,,,610.2734372068295,4109.986905733,0:t_wait:686.2433311258137;t_drive:910.2734372068298;fare:410,False,,0,0,1,,43029.282437527014,43711.95199363878,410,0,,686.2433311258137,False,42008.90000000052,False,80.13863464562657,False,[]
133,BasicRequest_no_show,3,40860,40860,2378;-1;-1,1429;-1;-1,,,,,1626.8629460765987,12144.969001767,0:t_wait:811.712246672425;t_drive:1926.862946076595;fare:3643,False,,0,0,11,,41762.1797102088,43717.114410774324,3643,0,,811.712246672425,False,40866.65000000039,False,80.10597362489379,False,[]
141,BasicRequest_no_show,2,41280,41280,2348;-1;-1,2893;-1;-1,,,,,1593.4872642788546,14516.571155178,0:t_wait:725.2388641959478;t_drive:2193.487264278854;fare:2903,False,,0,0,4,,41916.28599506638,43774.28371816603,2903,0,,725.2388641959478,False,41285.80000000034,False,82.70324609221451,False,[]
168,BasicRequest_no_show,1,43800,43800,1587;-1;-1,420;-1;-1,,,,,1054.7906140786529,9092.514862171,0:t_wait:1129.0628255356132;t_drive:1354.7906140786508;fare:909,True,,,,,,,,,0,,,False,,False,,False,[]
153,BasicRequest_no_show,1,42420,42420,2433;-1;-1,2091;-1;-1,,,,,455.0396212167056,5211.378798629999,0:t_wait:804.1676945509389;t_drive:755.0396212167034;fare:521,False,,0,0,2,,43335.116117498525,43834.76927068377,521,0,,804.1676945509389,False,42432.75000000074,False,80.43001815732775,False,[]
154,BasicRequest_no_show,1,42540,42540,425;-1;-1,734;-1;-1,,,,,545.2943406788585,3343.7892212300003,0:t_wait:419.18798366426927;t_drive:845.2943406788618;fare:334,False,,0,0,3,,43289.51434958565,43874.42152639584,334,0,,419.18798366426927,False,42547.75000000045,False,81.77280146003736,False,[]
155,BasicRequest_no_show,1,42540,42540,1853;-1;-1,1280;-1;-1,,,,,807.7828617875031,5489.345305131,0:t_wait:784.1610697352153;t_drive:1107.7828617875057;fare:548,False,,0,0,9,,43254.36111167295,43893.10076879385,548,0,,784.1610697352153,False,42545.80000000034,False,81.91266804923085,False,[]
152,BasicRequest_no_show,1,42420,42420,3430;-1;-1,2306;-1;-1,,,,,793.1862560454526,3451.70680771,0:t_wait:877.0426024068511;t_drive:1093.1862560454538;fare:345,False,,0,0,6,,43442.65817068849,44220.67319091587,345,0,,877.0426024068511,False,42450.0,True,44.70267247473451,False,[]
162,BasicRequest_no_show,1,43260,43260,427;-1;-1,1123;-1;-1,,,,,276.7080225495,1780.39076643,0:t_wait:359.0215738660627;t_drive:576.708022549501;fare:178,False,,0,0,1,,43711.95199363878,44272.438559466165,178,0,,359.0215738660627,False,43267.05000000041,False,85.05144228679393,False,[]
173,BasicRequest_no_show,2,44340,44340,1311;-1;-1,3044;-1;-1,,,,,1032.0291814627078,9015.291289717998,0:t_wait:1437.4453584517905;t_drive:1332.0291814627053;fare:1803,True,,,,,,,,,0,,,False,,False,,False,[]
174,BasicRequest_no_show,1,44340,44340,833;-1;-1,276;-1;-1,,,,,682.5410224129511,5342.125594088,0:t_wait:1148.461494174313;t_drive:982.5410224129519;fare:534,True,,,,,,,,,0,,,False,,False,,False,[]
158,BasicRequest_no_show,1,42960,42960,2069;-1;-1,427;-1;-1,,,,,678.9358781074225,5420.054763323,0:t_wait:647.6712184142161;t_drive:978.9358781074188;fare:542,False,,0,0,5,,43516.38736095415,44355.269919008446,542,0,,647.6712184142161,False,42970.50000000061,False,81.73641939968805,False,[]
175,BasicRequest_no_show,2,44400,44400,427;-1;-1,1408;-1;-1,,,,,210.58401188292743,1580.83982961,0:t_wait:245.4784943190025;t_drive:510.5840118829292;fare:316,False,44430,0,,,,,,316,0,,1309.3680885629146,True,44430.0,True,-72.30726598839361,False,[]
179,BasicRequest_no_show,2,44520,44520,3434;-1;-1,3541;-1;-1,,,,,1367.7054713690545,11515.985919900002,0:t_wait:978.2978228145294;t_drive:1667.7054713690522;fare:2303,True,,,,,,,,,0,,,False,,False,,False,[]
171,BasicRequest_no_show,1,44220,44220,1405;-1;-1,2208;-1;-1,,,,,240.81205046790598,1422.37865399,0:t_wait:484.5035081909664;t_drive:540.8120504679027;fare:142,False,,0,0,5,,44430.31164645195,44658.08156199115,142,0,,484.5035081909664,False,44229.40000000055,False,84.06183620740968,False,[]
151,BasicRequest_no_show,1,42360,42360,3213;-1;-1,2146;-1;-1,,,,,1287.4359784798066,9204.147871818,0:t_wait:755.3754191342596;t_drive:1587.435978479807;fare:920,False,,0,0,10,,42952.819803078644,44673.84755773984,920,0,,755.3754191342596,False,42365.35000000031,False,80.20122962985381,False,[]
169,BasicRequest_no_show,1,44100,44100,717;-1;-1,1765;-1;-1,,,,,400.5507124495868,3873.01311037,0:t_wait:274.9495819645599;t_drive:700.5507124495853;fare:387,False,,0,0,2,,44374.94958196457,44827.335403579826,387,0,,274.9495819645599,False,44104.70000000027,False,82.9785791714361,False,[]
176,BasicRequest_no_show,2,44400,44400,3562;-1;-1,1408;-1;-1,,,,,256.1028826256723,1741.734904339,0:t_wait:192.51027434132266;t_drive:556.1028826256734;fare:348,False,,0,0,6,,44577.31052963844,44882.906097753425,348,0,,192.51027434132266,False,44405.55000000032,False,80.6080308625736,False,[]
172,BasicRequest_no_show,1,44340,44340,1263;-1;-1,3562;-1;-1,,,,,204.4068419820225,1031.44686159,0:t_wait:250.9612671101131;t_drive:504.40684198202507;fare:103,False,,0,0,1,,44701.3168544172,44895.22004824064,103,0,,250.9612671101131,False,44353.05000000076,False,80.66303989515754,False,[]
159,BasicRequest_no_show,1,43020,43020,886;-1;-1,2478;-1;-1,,,,,936.7412148301023,9603.881317769998,0:t_wait:578.2214295604717;t_drive:1236.741214830101;fare:960,False,,0,0,0,,43609.662355735905,44911.9219862001,960,0,,578.2214295604717,False,43024.65000000027,False,80.09663970701826,False,[]
160,BasicRequest_no_show,2,43080,43080,1027;-1;-1,427;-1;-1,,,,,548.6559114007449,3468.663106207,0:t_wait:1056.292390041781;t_drive:848.6559114007468;fare:693,False,,0,0,7,,44425.840224386964,44955.23200214934,693,0,,1056.292390041781,False,43110.0,True,10.41062512523793,False,[]
190,BasicRequest_no_show,1,45120,45120,285;-1;-1,1815;-1;-1,,,,,855.481187587395,6075.38257469,0:t_wait:1451.7367271480034;t_drive:1155.481187587393;fare:607,True,,,,,,,,,0,,,False,,False,,False,[]
191,BasicRequest_no_show,1,45120,45120,2304;-1;-1,1698;-1;-1,,,,,1133.4340150535868,12146.360748961999,0:t_wait:1268.997438357561;t_drive:1433.4340150535863;fare:1214,True,,,,,,,,,0,,,False,,False,,False,[]
167,BasicRequest_no_show,1,43800,43800,328;-1;-1,1059;-1;-1,,,,,531.600757742925,4099.598844413,0:t_wait:638.895809171845;t_drive:831.6007577429264;fare:409,False,,0,0,11,,44497.61533994262,45126.622577864466,409,0,,638.895809171845,False,43811.90000000069,False,81.75386111280332,False,[]
192,BasicRequest_no_show,1,45180,45180,2316;-1;-1,1611;-1;-1,,,,,846.6618288987271,5378.120906717,0:t_wait:1211.9608513010025;t_drive:1146.6618288987302;fare:537,True,,,,,,,,,0,,,False,,False,,False,[]
193,BasicRequest_no_show,1,45300,45300,2347;-1;-1,1610;-1;-1,,,,,470.6096710817467,2963.3937077599994,0:t_wait:1262.1839973530514;t_drive:770.6096710817437;fare:296,True,,,,,,,,,0,,,False,,False,,False,[]
194,BasicRequest_no_show,1,45360,45360,2636;-1;-1,2589;-1;-1,,,,,850.8100090593061,7382.258309839999,0:t_wait:1153.8283078796449;t_drive:1150.810009059307;fare:738,True,,,,,,,,,0,,,False,,False,,False,[]
170,BasicRequest_no_show,2,44100,44100,1900;-1;-1,1267;-1;-1,,,,,834.9128080042151,4954.693587168,0:t_wait:460.4662811248345;t_drive:1134.9128080042137;fare:990,False,,0,0,9,,44524.66516658254,45399.250995727016,990,0,,460.4662811248345,False,44108.350000000486,False,80.45144010597356,False,[]
196,BasicRequest_no_show,1,45420,45420,545;-1;-1,1027;-1;-1,,,,,536.3634115043828,4421.619084315,0:t_wait:1343.4671032009937;t_drive:836.3634115043824;fare:442,True,,,,,,,,,0,,,False,,False,,False,[]
178,BasicRequest_no_show,1,44460,44460,2716;-1;-1,350;-1;-1,,,,,177.4800444239841,1365.28737015,0:t_wait:762.4345583812901;t_drive:477.48004442398087;fare:136,False,,0,0,5,,45101.18839646409,45496.02769968504,136,0,,762.4345583812901,False,44470.95000000064,False,80.01659051957355,False,[]
186,BasicRequest_no_show,1,45060,45060,3346;-1;-1,2091;-1;-1,,,,,58.639290286188626,627.4204004000001,0:t_wait:312.2197038209997;t_drive:358.6392902861917;fare:100,False,,0,0,2,,45391.26713642049,45554.86755317424,100,0,,312.2197038209997,False,45070.3000000006,False,81.12027831305325,False,[]
197,BasicRequest_no_show,1,45600,45600,1531;-1;-1,3562;-1;-1,,,,,283.4112170234787,1516.3671007910002,0:t_wait:1165.471505578047;t_drive:583.4112170234803;fare:151,True,,,,,,,,,0,,,False,,False,,False,[]
182,BasicRequest_no_show,1,44940,44940,3477;-1;-1,1336;-1;-1,,,,,684.0512692135161,3592.5272792,0:t_wait:140.97161772911204;t_drive:984.0512692135162;fare:359,False,,0,0,1,,45080.971617729105,45783.38918326542,359,0,,140.97161772911204,False,44948.90000000052,False,80.90074404041276,False,[]
177,BasicRequest_no_show,1,44400,44400,833;-1;-1,1670;-1;-1,,,,,533.5666887177254,2747.7413986700003,0:t_wait:435.88269997236785;t_drive:833.5666887177285;fare:274,False,,0,0,3,,45156.7869076312,45835.75850211748,274,0,,435.88269997236785,False,44405.600000000326,False,81.54867205102158,False,[]
183,BasicRequest_no_show,1,45000,45000,3450;-1;-1,427;-1;-1,,,,,533.2860744737756,3872.9226262800003,0:t_wait:251.03455659700558;t_drive:833.2860744737773;fare:387,False,,0,0,0,,45315.17873180226,45881.30686152232,387,0,,251.03455659700558,False,45007.90000000046,False,82.3601048084126,False,[]
187,BasicRequest_no_show,1,45060,45060,734;-1;-1,1611;-1;-1,,,,,249.05987984726522,1623.22935569,0:t_wait:717.4819216341057;t_drive:549.0598798472638;fare:162,False,,0,0,4,,45785.301004440626,46160.117211883735,162,0,,717.4819216341057,False,45066.950000000405,False,80.07120217403798,False,[]
180,BasicRequest_no_show,1,44640,44640,1524;-1;-1,521;-1;-1,,,,,746.9735307055646,5567.384104334,0:t_wait:562.6767539876892;t_drive:1046.973530705567;fare:556,False,,0,0,10,,44933.34925785196,46361.63117012636,556,0,,562.6767539876892,False,44645.85000000034,False,82.22189981651647,False,[]
181,BasicRequest_no_show,1,44760,44760,1363;-1;-1,2596;-1;-1,,,,,648.4762404088517,5974.3452782,0:t_wait:895.0926137801944;t_drive:948.4762404088542;fare:597,False,,0,0,6,,45560.10118461259,46424.99315839858,597,0,,895.0926137801944,False,44790.0,True,36.76796746071529,False,[]
185,BasicRequest_no_show,1,45060,45060,1533;-1;-1,4068;-1;-1,,,,,597.0365471662365,3727.69008134,0:t_wait:885.5936543572534;t_drive:897.0365471662371;fare:372,False,,0,0,11,,45730.477124935496,46420.7597004192,372,0,,885.5936543572534,False,45070.750000000626,False,80.24228331519986,False,[]
188,BasicRequest_no_show,1,45060,45060,3475;-1;-1,319;-1;-1,,,,,722.7938933915623,4567.262361014,0:t_wait:857.9503393508858;t_drive:1022.7938933915648;fare:456,False,,0,0,9,,45830.61028435231,46518.12939026402,456,0,,857.9503393508858,False,45090.0,True,50.14382955764888,False,[]
189,BasicRequest_no_show,1,45120,45120,2906;-1;-1,3562;-1;-1,,,,,388.2792116525649,2917.856293459,0:t_wait:983.6778244477537;t_drive:688.279211652567;fare:291,False,,0,0,5,,46099.95662783859,46622.318724931094,291,0,,983.6778244477537,False,45150.0,True,51.656733352229146,False,[]
195,BasicRequest_no_show,1,45420,45420,328;-1;-1,3171;-1;-1,,,,,611.4149662233539,2973.60622333,0:t_wait:900.2652941206688;t_drive:911.414966223354;fare:297,False,,0,0,0,,46013.33080928217,46726.47763080741,297,0,,900.2652941206688,False,45436.30000000095,False,80.16096013547677,False,[]
209,BasicRequest_no_show,2,46980,46980,427;-1;-1,199;-1;-1,,,,,706.9000147095871,5596.356315213001,0:t_wait:986.7888866211069;t_drive:1006.9000147095867;fare:1119,True,,,,,,,,,0,,,False,,False,,False,[]
210,BasicRequest_no_show,2,46980,46980,427;-1;-1,199;-1;-1,,,,,706.9000147095871,5596.356315213001,0:t_wait:986.7888866211069;t_drive:1006.9000147095867;fare:1119,True,,,,,,,,,0,,,False,,False,,False,[]
211,BasicRequest_no_show,1,46980,46980,2448;-1;-1,898;-1;-1,,,,,1365.5041438110052,11503.359142310002,0:,False,,,,,,,,,0,,,False,,False,,False,[]
212,BasicRequest_no_show,1,47040,47040,824;-1;-1,3702;-1;-1,,,,,270.87877165365,1743.68975239,0:t_wait:1220.6377766899677;t_drive:570.8787716536535;fare:174,False,47070,0,,,,,,174,0,,1220.6377766899677,True,47070.0,True,-36.48526907871005,False,[]
199,BasicRequest_no_show,1,45960,45960,1815;-1;-1,789;-1;-1,,,,,1093.5120675217586,8104.0254020699995,0:t_wait:110.00436354881822;t_drive:1653.240074798523;fare:810,False,,0,0,11,,46069.87333701188,47144.186268874604,810,0,,110.00436354881822,False,45966.250000000364,False,81.76508808260186,False,[]
184,BasicRequest_no_show,1,45000,45000,4003;-1;-1,1827;-1;-1,,,,,1583.1125991422168,16542.850065105,0:t_wait:393.37230456172256;t_drive:1883.112599142216;fare:1654,False,,0,0,7,,45531.91410872559,47349.39348173136,1654,0,,393.37230456172256,False,45004.50000000026,False,81.20950172808179,False,[]
208,BasicRequest_no_show,1,46860,46860,2916;-1;-1,427;-1;-1,,,,,398.97612144930685,3492.82974495,0:t_wait:19.204482251654554;t_drive:698.9761214493046;fare:349,False,,0,0,0,,46881.201679806756,47384.559223501135,349,0,,19.204482251654554,False,46870.60000000062,False,81.29809151354969,False,[]
201,BasicRequest_no_show,1,46200,46200,598;-1;-1,333;-1;-1,,,,,654.9839558835031,4166.84493283,0:t_wait:725.6915667961075;t_drive:954.983955883501;fare:416,False,,0,0,5,,46723.99996791314,47428.055132981564,416,0,,725.6915667961075,False,46209.15000000053,False,80.1444782828477,False,[]
217,BasicRequest_no_show,1,47460,47460,427;-1;-1,2823;-1;-1,,,,,941.3078489543598,8190.38906929,0:t_wait:1105.5392448987695;t_drive:1241.3078489543623;fare:819,True,,,,,,,,,0,,,False,,False,,False,[]
219,BasicRequest_no_show,1,47700,47700,348;-1;-1,1586;-1;-1,,,,,1340.5882348318335,12661.68387706,0:t_wait:1171.739963040338;t_drive:1640.5882348318337;fare:1266,True,,,,,,,,,0,,,False,,False,,False,[]
220,BasicRequest_no_show,1,47700,47700,2845;-1;-1,2311;-1;-1,,,,,966.5568683456685,6724.2010618019995,0:,False,,,,,,,,,0,,,False,,False,,False,[]
203,BasicRequest_no_show,1,46440,46440,1735;-1;-1,1587;-1;-1,,,,,843.5550238371106,8673.515044707001,0:t_wait:700.9398506580328;t_drive:1143.555023837107;fare:867,False,,0,0,6,,46870.93985065803,47800.57577765102,867,0,,700.9398506580328,False,46445.90000000034,False,82.46501027017595,False,[]
221,BasicRequest_no_show,1,47820,47820,1654;-1;-1,852;-1;-1,,,,,1629.0811604419612,18198.335162050003,0:t_wait:767.1652721422433;t_drive:1929.0811604419578;fare:1819,True,,,,,,,,,0,,,False,,False,,False,[]
200,BasicRequest_no_show,1,46080,46080,688;-1;-1,3562;-1;-1,,,,,898.2803109495421,9157.74232152,0:t_wait:574.1241016422719;t_drive:1198.2803109495435;fare:915,False,,0,0,2,,46591.240591888396,47937.4064059057,915,0,,574.1241016422719,False,46087.20000000042,False,83.87450884465387,False,[]
202,BasicRequest_no_show,1,46200,46200,867;-1;-1,225;-1;-1,,,,,684.0763749790209,6613.642623,0:t_wait:452.37272135891544;t_drive:984.0763749790203;fare:661,False,,0,0,1,,46822.012594877466,47966.256683460975,661,0,,452.37272135891544,False,46205.2000000003,False,81.6201275520445,False,[]
205,BasicRequest_no_show,1,46620,46620,3194;-1;-1,288;-1;-1,,,,,700.263660686998,5547.42470398,0:t_wait:266.6647714612336;t_drive:1000.2636606870001;fare:554,False,,0,0,4,,46886.66477146123,47993.99987201432,554,0,,266.6647714612336,False,46625.050000000294,False,81.64783857761687,False,[]
204,BasicRequest_no_show,1,46440,46440,1428;-1;-1,3743;-1;-1,,,,,1203.1395987429264,8410.309096514,0:t_wait:508.4378981889604;t_drive:1503.1395987429278;fare:841,False,,0,0,9,,46716.30026613691,48095.980737166785,841,0,,508.4378981889604,False,46446.35000000037,False,85.47155714002574,False,[]
223,BasicRequest_no_show,2,48120,48120,3562;-1;-1,2687;-1;-1,,,,,277.2401761069694,2046.290346773,0:t_wait:1096.7094584296792;t_drive:577.2401761069705;fare:409,True,,,,,,,,,0,,,False,,False,,False,[]
224,BasicRequest_no_show,2,48120,48120,427;-1;-1,2687;-1;-1,,,,,308.5698718419686,1906.36877292,0:t_wait:875.5903577774297;t_drive:608.5698718419662;fare:381,True,,,,,,,,,0,,,False,,False,,False,[]
198,BasicRequest_no_show,1,45960,45960,3562;-1;-1,2794;-1;-1,,,,,1269.610672583285,14714.833245019996,0:t_wait:465.46633381980064;t_drive:1569.610672583287;fare:1471,False,,0,0,3,,46426.17388024747,48137.26774308293,1471,0,,465.46633381980064,False,45967.10000000041,False,81.29771502472863,False,[]
206,BasicRequest_no_show,1,46680,46680,537;-1;-1,2765;-1;-1,,,,,762.8200772361597,6737.88210201,0:t_wait:532.280767162556;t_drive:1062.8200772361597;fare:673,False,,0,0,10,,47135.97147158068,48130.802902098854,673,0,,532.280767162556,False,46688.350000000486,False,83.29365106907437,False,[]
226,BasicRequest_no_show,1,48240,48240,2519;-1;-1,3426;-1;-1,,,,,432.51407744891924,3478.567571288,0:t_wait:795.7718316536047;t_drive:732.5140774489191;fare:347,True,,,,,,,,,0,,,False,,False,,False,[]
227,BasicRequest_no_show,1,48300,48300,3115;-1;-1,359;-1;-1,,,,,514.5787990872626,3156.1753513330004,0:t_wait:953.912267559157;t_drive:814.5787990872632;fare:315,True,,,,,,,,,0,,,False,,False,,False,[]
232,BasicRequest_no_show,1,48540,48540,1611;-1;-1,734;-1;-1,,,,,257.39985496679583,1631.506684607,0:t_wait:1174.997950558165;t_drive:557.3998549667958;fare:163,True,,,,,,,,,0,,,False,,False,,False,[]
207,BasicRequest_no_show,1,46800,46800,1027;-1;-1,3995;-1;-1,,,,,517.0875796037442,2750.1512149329997,0:t_wait:766.5587570627322;t_drive:817.0875796037435;fare:275,False,,0.0,0.0,0.0,,48112.01701122434,48595.45536962354,275.0,0,,766.5587570627322,False,46819.30000000112,False,81.57055132966522,False,[]
234,BasicRequest_no_show,1,48600,48600,3173;-1;-1,1815;-1;-1,,,,,539.4371269596577,2828.2830965800003,0:t_wait:1254.4343699761957;t_drive:839.4371269596595;fare:282,True,,,,,,,,,0,,,False,,False,,False,[]
235,BasicRequest_no_show,1,48660,48660,694;-1;-1,427;-1;-1,,,,,961.5599044190592,11429.245422779999,0:t_wait:1241.169007061777;t_drive:1261.5599044190603;fare:1142,True,,,,,,,,,0,,,False,,False,,False,[]
236,BasicRequest_no_show,1,48660,48660,427;-1;-1,2460;-1;-1,,,,,428.9810185536779,2701.91935928,0:t_wait:742.7153153225736;t_drive:728.9810185536771;fare:270,True,,,,,,,,,0,,,False,,False,,False,[]
237,BasicRequest_no_show,1,48840,48840,1185;-1;-1,427;-1;-1,,,,,264.6486401835145,1227.10006665,0:t_wait:773.2207020831338;t_drive:564.6486401835136;fare:122,True,,,,,,,,,0,,,False,,False,,False,[]
216,BasicRequest_no_show,1,47160,47160,385;-1;-1,3562;-1;-1,,,,,583.5449303541322,2850.7883447599997,0:t_wait:1060.0106450231688;t_drive:883.5449303541318;fare:285,False,,0,0,2,,48437.71922103573,49122.66823086569,285,0,,1060.0106450231688,False,47190.0,True,1.3230930514080028,False,[]
218,BasicRequest_no_show,1,47460,47460,1229;-1;-1,427;-1;-1,,,,,747.4813165343293,4859.259539250001,0:t_wait:880.3876015039568;t_drive:1047.4813165343294;fare:485,False,,0,0,11,,48335.90966789914,49256.342464812966,485,0,,880.3876015039568,False,47481.80000000127,False,81.96622068914542,False,[]
242,BasicRequest_no_show,1,49380,49380,2882;-1;-1,1564;-1;-1,,,,,1269.8219429470557,17443.213646869997,0:t_wait:1250.4633767591076;t_drive:1569.8219429470555;fare:1744,True,,,,,,,,,0,,,False,,False,,False,[]
244,BasicRequest_no_show,2,49380,49380,2208;-1;-1,3350;-1;-1,,,,,431.80036514494816,3734.7656655989995,0:t_wait:894.8543656509428;t_drive:731.8003651449471;fare:746,True,,,,,,,,,0,,,False,,False,,False,[]
225,BasicRequest_no_show,1,48240,48240,3788;-1;-1,1611;-1;-1,,,,,596.9658423053608,4568.733659257,0:t_wait:592.4931903594916;t_drive:896.9658423053625;fare:456,False,,0,0,9,,48874.79070637014,49531.47277416339,456,0,,592.4931903594916,False,48249.15000000053,False,80.21000488867949,False,[]
228,BasicRequest_no_show,1,48300,48300,544;-1;-1,1281;-1;-1,,,,,777.6247945973619,4616.15705571,0:t_wait:616.2210287938942;t_drive:1077.6247945973591;fare:461,False,,0,0,10,,48844.33010037457,49597.50835868475,461,0,,616.2210287938942,False,48306.75000000039,False,80.2127888226097,False,[]
231,BasicRequest_no_show,1,48540,48540,3971;-1;-1,3562;-1;-1,,,,,651.9742340865166,4941.411793633,0:t_wait:585.4143110635268;t_drive:951.9742340865196;fare:494,False,,0,0,0,,48895.6726335967,49746.978670445285,494,0,,585.4143110635268,False,48546.250000000364,False,80.47069838384728,False,[]
229,BasicRequest_no_show,1,48480,48480,427;-1;-1,2223;-1;-1,,,,,481.61379617782893,2533.4286349100003,0:t_wait:653.8888801544526;t_drive:781.6137961778295;fare:253,False,,0,0,11,,49256.342464812966,49852.06717363841,253,0,,653.8888801544526,False,48491.55000000067,False,80.16769203446682,False,[]
215,BasicRequest_no_show,1,47100,47100,295;-1;-1,1587;-1;-1,,,,,1135.7699540358847,10328.453696606997,0:t_wait:1026.9161044498178;t_drive:1435.769954035888;fare:1032,False,,0,0,1,,48261.687324339786,49902.39560672282,1032,0,,1026.9161044498178,False,47130.0,True,8.907566551165182,False,[]
213,BasicRequest_no_show,1,47040,47040,3446;-1;-1,1827;-1;-1,,,,,1397.4276188577028,14503.844240819999,0:t_wait:785.4862438904092;t_drive:1697.427618857706;fare:1450,False,,0,0,5,,47892.6484927353,49951.32586042752,1450,0,,785.4862438904092,False,47047.35000000043,False,81.39066154572726,False,[]
214,BasicRequest_no_show,1,47100,47100,3194;-1;-1,1827;-1;-1,,,,,1549.9526008229516,13148.217444680002,0:t_wait:859.9822471260995;t_drive:2072.7292599379143;fare:1314,False,,0,0,5,,47816.38783325535,49951.32586042752,1314,0,,859.9822471260995,False,47115.25000000089,False,81.88220652244169,False,[]
238,BasicRequest_no_show,1,49140,49140,3397;-1;-1,430;-1;-1,,,,,332.67111334807583,3452.6517502999995,0:t_wait:660.5252822362309;t_drive:632.6711133480785;fare:345,False,,0,0,2,,49636.11851367402,50057.082965764894,345,0,,660.5252822362309,False,49145.35000000031,False,81.71129436389803,False,[]
240,BasicRequest_no_show,1,49260,49260,1611;-1;-1,3562;-1;-1,,,,,553.0006987671204,4546.873073769,0:t_wait:256.7870073655504;t_drive:853.0006987671222;fare:454,False,,0,0,9,,49531.47277416339,50231.40018926981,454,0,,256.7870073655504,False,49266.600000000384,False,80.19352586874136,False,[]
230,BasicRequest_no_show,1,48540,48540,1693;-1;-1,2687;-1;-1,,,,,837.4407218372357,7731.96072541,0:t_wait:131.79443758361595;t_drive:1137.4407218372362;fare:773,False,,0,0,4,,48671.79443758362,50264.84447291036,773,0,,131.79443758361595,False,48550.3000000006,False,82.25749144358632,False,[]
233,BasicRequest_no_show,1,48540,48540,3691;-1;-1,3562;-1;-1,,,,,817.3234922823337,6519.859699883,0:t_wait:719.9139878986971;t_drive:1117.3234922823322;fare:651,False,,0,0,6,,49532.37552064095,50428.20108851641,651,0,,719.9139878986971,False,48545.55000000032,False,82.96321418947863,False,[]
241,BasicRequest_no_show,1,49380,49380,2208;-1;-1,278;-1;-1,,,,,314.4464381879817,2420.617327299,0:t_wait:609.3520625805759;t_drive:614.4464381879807;fare:242,False,,0,0,0,,49952.90352285132,50435.86658774643,242,0,,609.3520625805759,False,49386.100000000355,False,81.6474530676032,False,[]
239,BasicRequest_no_show,1,49260,49260,1671;-1;-1,2623;-1;-1,,,,,1297.3925404538936,15745.790784260003,0:t_wait:10.299333966257109;t_drive:1597.3925404538968;fare:1574,False,,0.0,0.0,7.0,,49270.29933396626,50638.10178542682,1574.0,0,,10.299333966257109,False,49264.900000000285,False,83.83748168771646,False,[]
250,BasicRequest_no_show,1,50640,50640,705;-1;-1,3109;-1;-1,,,,,1789.5888595831875,18555.583017349996,0:t_wait:1086.0089153568333;t_drive:2089.5888595831857;fare:1855,True,,,,,,,,,0,,,False,,False,,False,[]
245,BasicRequest_no_show,1,49500,49500,2636;-1;-1,2403;-1;-1,,,,,552.3740335750751,3405.594076751,0:t_wait:803.8093593827653;t_drive:852.3740335750772;fare:340,False,,0,0,10,,50112.00951809629,50762.507849192305,340,0,,803.8093593827653,False,49526.95000000157,False,82.0300848305439,False,[]
243,BasicRequest_no_show,2,49380,49380,3562;-1;-1,3350;-1;-1,,,,,338.0178377488402,3071.454572699,0:t_wait:988.252364700209;t_drive:638.017837748841;fare:614,False,,0,0,9,,50231.40018926981,50823.13910137443,614,0,,988.252364700209,False,49410.0,True,31.075410128759984,False,[]
249,BasicRequest_no_show,1,50460,50460,328;-1;-1,2915;-1;-1,,,,,483.27233418957195,3811.06881787,0:t_wait:1.071922658898984;t_drive:783.2723341895689;fare:381,False,,0,0,6,,50464.20194202152,50988.58396111354,381,0,,1.071922658898984,False,50469.40000000055,False,86.25259080455871,False,[]
256,BasicRequest_no_show,1,51000,51000,839;-1;-1,3475;-1;-1,,,,,1005.9916415915098,7320.691584855998,0:t_wait:919.9150692807889;t_drive:1305.9916415915068;fare:732,True,,,,,,,,,0,,,False,,False,,False,[]
258,BasicRequest_no_show,1,51120,51120,427;-1;-1,1815;-1;-1,,,,,229.139282589,1727.94594769,0:t_wait:1060.0239735236974;t_drive:529.1392825889998;fare:172,True,,,,,,,,,0,,,False,,False,,False,[]
246,BasicRequest_no_show,1,49800,49800,427;-1;-1,1587;-1;-1,,,,,841.7970962882405,9526.246315691,0:t_wait:608.4088686017058;t_drive:1141.7970962882391;fare:952,False,,0,0.0,2.0,,50234.30193466037,51320.23068115851,952,0,,608.4088686017058,False,49806.450000000375,False,80.55097692467679,False,[]
261,BasicRequest_no_show,1,51300,51300,3427;-1;-1,1673;-1;-1,,,,,339.45424401702684,2163.45009934,0:t_wait:1107.9095935514051;t_drive:639.4542440170262;fare:216,False,51330.0,0,,,,,,216,0,,1107.9095935514051,True,51330.0,True,-14.588183094500566,False,[]
262,BasicRequest_no_show,1,51360,51360,1656;-1;-1,1391;-1;-1,,,,,1008.2695456885847,10203.886472701999,0:t_wait:1360.0679375415348;t_drive:1308.269545688585;fare:1020,True,,,,,,,,,0,,,False,,False,,False,[]
263,BasicRequest_no_show,1,51360,51360,284;-1;-1,1564;-1;-1,,,,,1366.317908761907,11801.765969426999,0:t_wait:1126.687501722401;t_drive:1666.3179087619064;fare:1180,True,,,,,,,,,0,,,False,,False,,False,[]
264,BasicRequest_no_show,1,51420,51420,427;-1;-1,849;-1;-1,,,,,300.51511211833537,1849.2915589499999,0:t_wait:875.5903577774297;t_drive:600.5151121183371;fare:184,True,,,,,,,,,0,,,False,,False,,False,[]
222,BasicRequest_no_show,1,47940,47940,2383;-1;-1,1429;-1;-1,,,,,1523.688950694488,16182.195972859994,0:t_wait:597.9450176097016;t_drive:1823.6889506944863;fare:1618,False,,0,0,3,,48259.21123034687,51513.65743058892,1618,0,,597.9450176097016,False,47952.25000000071,False,82.78358660511932,False,[]
265,BasicRequest_no_show,1,51540,51540,438;-1;-1,1887;-1;-1,,,,,954.6878537302966,5849.97472032,0:t_wait:1036.509011947368;t_drive:1254.6878537302982;fare:584,True,,,,,,,,,0,,,False,,False,,False,[]
266,BasicRequest_no_show,1,51540,51540,3942;-1;-1,1281;-1;-1,,,,,891.8407041140445,5893.11174452,0:t_wait:1069.005187921015;t_drive:1191.8407041140454;fare:589,False,51570,0,,,,,,589,0,,1069.005187921015,True,51570.0,True,-13.229848942100222,False,[]
247,BasicRequest_no_show,2,50280,50280,1813;-1;-1,1955;-1;-1,,,,,784.2847072833418,5766.03420959,0:t_wait:811.0855161036889;t_drive:1084.2847072833392;fare:1153,False,,0,0,7,,50886.298141569714,52059.91740660629,1153,0,,811.0855161036889,False,50288.6000000005,False,80.03653029939925,False,[]
255,BasicRequest_no_show,1,50820,50820,427;-1;-1,1503;-1;-1,,,,,522.823133029348,3657.5170695300003,0:t_wait:798.2381538501286;t_drive:822.8231330293493;fare:365,False,,0,0,6,,51385.87253741879,52066.73463355032,365,0,,798.2381538501286,False,50828.05000000047,False,81.72893564151437,False,[]
267,BasicRequest_no_show,1,51540,51540,3665;-1;-1,1503;-1;-1,,,,,424.7600768857669,2889.11662112,0:t_wait:6.743122746112931;t_drive:724.7600768857665;fare:288,False,,0,0,6,,51554.21352170002,52066.73463355032,288,0,,6.743122746112931,False,51546.75000000039,False,81.59310646623534,False,[]
252,BasicRequest_no_show,2,50760,50760,1429;-1;-1,1815;-1;-1,,,,,590.6951809684051,4022.6826934130004,0:t_wait:104.60168644691294;t_drive:890.6951809684033;fare:804,False,,0,0,11,,50933.66056446554,52103.343489464205,804,0,,104.60168644691294,False,50766.9000000004,False,83.4581455971719,False,[]
248,BasicRequest_no_show,1,50340,50340,1503;-1;-1,2062;-1;-1,,,,,1157.2167955047212,11143.337580298998,0:t_wait:470.48639642504713;t_drive:1457.216795504719;fare:1114,False,,0,0,4,,50852.09756047666,52133.121673203714,1114,0,,470.48639642504713,False,50349.65000000056,False,81.68090661046232,False,[]
254,BasicRequest_no_show,1,50820,50820,2670;-1;-1,898;-1;-1,,,,,1214.622503693975,10800.50353384,0:t_wait:376.9387091354147;t_drive:1514.6225036939722;fare:1080,False,,0,0,10,,51189.01034916171,52467.923988872775,1080,0,,376.9387091354147,False,50827.70000000045,False,80.81861604553613,False,[]
260,BasicRequest_no_show,1,51180,51180,2451;-1;-1,1573;-1;-1,,,,,390.0750820064268,1867.427711541,0:t_wait:787.3927663540453;t_drive:690.0750820064277;fare:186,False,,0,0,1,,52257.60468867155,52677.776320918434,186,0,,787.3927663540453,False,51192.75000000074,False,83.300904655387,False,[]
251,BasicRequest_no_show,1,50700,50700,514;-1;-1,793;-1;-1,,,,,1174.6815814953961,11083.165558809998,0:t_wait:719.0042119391001;t_drive:1474.6815814953952;fare:1108,False,,0,0,0,,51528.85605224414,52789.735298260086,1108,0,,719.0042119391001,False,50713.7000000008,False,85.1738384152893,False,[]
257,BasicRequest_no_show,1,51060,51060,2917;-1;-1,3759;-1;-1,,,,,1131.0538649504178,9563.76232293,0:t_wait:675.6961542296631;t_drive:1431.053864950416;fare:956,False,,0,0,9,,51934.70756794117,53079.78045073907,956,0,,675.6961542296631,False,51073.300000000774,False,82.0859446932199,False,[]
253,BasicRequest_no_show,1,50760,50760,3033;-1;-1,3515;-1;-1,,,,,1444.286654497787,16822.270037212995,0:t_wait:204.55873116681323;t_drive:1744.2866544977878;fare:1682,False,,0,0,5,,50964.55873116682,53092.163934858465,1682,0,,204.55873116681323,False,50768.40000000049,False,80.03766225024012,False,[]
259,BasicRequest_no_show,1,51180,51180,4003;-1;-1,288;-1;-1,,,,,664.7677766575388,6305.363874420002,0:t_wait:1006.426537933643;t_drive:964.7677766575362;fare:630,False,,0,0,11,,52506.652899942834,53359.49684094357,630,0,,1006.426537933643,False,51210.0,True,-4.495050041767114,False,[]
278,BasicRequest_no_show,1,53460,53460,2508;-1;-1,2816;-1;-1,,,,,1233.0096228735197,11209.563082059998,0:t_wait:1120.682765508427;t_drive:1533.0096228735201;fare:1120,True,,,,,,,,,0,,,False,,False,,False,[]
271,BasicRequest_no_show,1,52200,52200,525;-1;-1,3562;-1;-1,,,,,611.2333004122487,4371.640939673,0:t_wait:740.5954220523054;t_drive:911.2333004122484;fare:437,False,,0,0,6,,53012.8075491628,53739.64257443491,437,0,,740.5954220523054,False,52208.90000000052,False,82.56978208976113,False,[]
273,BasicRequest_no_show,1,52920,52920,1121;-1;-1,2311;-1;-1,,,,,310.9352968091947,2574.8839998000003,0:t_wait:487.4164612010791;t_drive:610.9352968091916;fare:257,False,,0,0,2,,53407.416461201065,53872.41311192443,257,0,,487.4164612010791,False,52925.050000000294,False,80.71501575745617,False,[]
269,BasicRequest_no_show,1,51900,51900,1673;-1;-1,1587;-1;-1,,,,,1165.9544310060828,10284.172385646998,0:t_wait:464.11110255830863;t_drive:1465.954431006081;fare:1028,False,,0,0,3,,52366.499930940765,53916.90639624784,1028,0,,464.11110255830863,False,51906.00000000035,False,80.49633592017872,False,[]
270,BasicRequest_no_show,1,52080,52080,427;-1;-1,1587;-1;-1,,,,,841.7970962882405,9526.246315691,0:t_wait:702.3549498262146;t_drive:1141.7970962882391;fare:952,False,,0,0,3,,52629.63043169251,53916.90639624784,952,0,,702.3549498262146,False,52085.750000000335,False,83.73268685341468,False,[]
274,BasicRequest_no_show,1,52980,52980,427;-1;-1,1516;-1;-1,,,,,679.3150197265127,3480.98611114,0:t_wait:212.19753810246038;t_drive:979.3150197265131;fare:348,False,,0,0,1,,53210.00675474892,53936.527435236094,348,0,,212.19753810246038,False,52992.0500000007,False,86.39318188519663,False,[]
272,BasicRequest_no_show,1,52860,52860,2054;-1;-1,425;-1;-1,,,,,529.8995471702651,3630.91357893,0:t_wait:303.84740151941514;t_drive:829.8995471702656;fare:363,False,,0,0,7,,53115.10300691609,53968.05252805304,363,0,,303.84740151941514,False,52867.10000000041,False,80.85457058575271,False,[]
275,BasicRequest_no_show,1,53040,53040,380;-1;-1,1815;-1;-1,,,,,503.8957405580318,2762.81223055,0:t_wait:582.6041168798329;t_drive:803.8957405580295;fare:276,False,,0,0,0,,53719.51147529969,54096.5043090014,276,0,,582.6041168798329,False,53045.1000000003,False,80.82849105557722,False,[]
285,BasicRequest_no_show,1,54360,54360,1971;-1;-1,3790;-1;-1,,,,,874.6195210182518,6578.16646452,0:t_wait:1190.0175773341034;t_drive:1174.6195210182486;fare:657,True,,,,,,,,,0,,,False,,False,,False,[]
268,BasicRequest_no_show,2,51900,51900,2782;-1;-1,2348;-1;-1,,,,,1664.0569992672429,11232.240691652001,0:t_wait:615.0584104817754;t_drive:1964.0569992672463;fare:2246,False,,0,0,4,,52244.858516318236,54405.264159653365,2246,0,,615.0584104817754,False,51908.000000000466,False,83.02008004281592,False,[]
276,BasicRequest_no_show,1,53160,53160,3526;-1;-1,3562;-1;-1,,,,,938.3232407877456,7555.338883585,0:t_wait:118.76933291496243;t_drive:1238.323240787744;fare:755,False,,0,0,9,,53278.76933291496,54598.57063816654,755,0,,118.76933291496243,False,53170.10000000059,False,84.70608972099016,False,[]
291,BasicRequest_no_show,1,54840,54840,2301;-1;-1,3671;-1;-1,,,,,286.1367548893597,1268.78021339,0:t_wait:1343.2914688681121;t_drive:586.1367548893613;fare:126,True,,,,,,,,,0,,,False,,False,,False,[]
283,BasicRequest_no_show,1,54060,54060,2308;-1;-1,1573;-1;-1,,,,,399.81938379036444,2049.306997281,0:t_wait:736.7144778610891;t_drive:699.8193837903673;fare:204,False,,0,0,0,,54448.363526498986,54840.699813114705,204,0,,736.7144778610891,False,54067.05000000041,False,83.77148566892983,False,[]
293,BasicRequest_no_show,1,54960,54960,427;-1;-1,748;-1;-1,,,,,347.5935270757909,2182.5890106200004,0:t_wait:1038.4035396924592;t_drive:647.5935270757909;fare:218,True,,,,,,,,,0,,,False,,False,,False,[]
279,BasicRequest_no_show,1,53520,53520,1586;-1;-1,429;-1;-1,,,,,1167.4385751238547,9992.45189317,0:t_wait:22.457793316876632;t_drive:1467.4385751238515;fare:999,False,,0,0,10,,53542.45779331688,55041.53633073251,999,0,,22.457793316876632,False,53528.10000000047,False,80.0235040493961,False,[]
288,BasicRequest_no_show,1,54480,54480,328;-1;-1,3174;-1;-1,,,,,545.437741061678,4468.34157708,0:t_wait:396.3079071615066;t_drive:845.4377410616798;fare:446,False,,0,0,9,,54629.94662029017,55202.85206981573,446,0,,396.3079071615066,False,54487.75000000045,False,81.25809113110144,False,[]
290,BasicRequest_no_show,1,54720,54720,427;-1;-1,2311;-1;-1,,,,,170.21309220450223,1005.3380883,0:t_wait:764.7481867060997;t_drive:470.2130922045035;fare:100,False,,0,0,0,,55049.34227869857,55388.15863459289,100,0,,764.7481867060997,False,54729.85000000057,False,80.62099188289828,False,[]
297,BasicRequest_no_show,1,55440,55440,427;-1;-1,749;-1;-1,,,,,362.4854961522966,2459.7801807200003,0:t_wait:946.6715724728274;t_drive:662.4854961522942;fare:245,True,,,,,,,,,0,,,False,,False,,False,[]
299,BasicRequest_no_show,1,55440,55440,1263;-1;-1,2687;-1;-1,,,,,284.7111106577024,1727.611258983,0:t_wait:1105.3018062655756;t_drive:584.7111106576995;fare:172,False,55470,0,,,,,,172,0,,1105.3018062655756,True,55470.0,True,-11.549830634761083,False,[]
300,BasicRequest_no_show,1,55500,55500,674;-1;-1,2404;-1;-1,,,,,616.7511625841775,3088.27109508,0:t_wait:1242.1432048441347;t_drive:916.7511625841798;fare:308,False,55510,0,,,,,,308,0,,1242.1432048441347,True,55517.30000000101,False,-80.91716686208075,False,[]
284,BasicRequest_no_show,1,54180,54180,3971;-1;-1,1281;-1;-1,,,,,812.6267951201485,5604.17066498,0:t_wait:461.09968864342954;t_drive:1112.6267951201517;fare:560,False,,0,0,5,,54641.09968864345,55576.93554219464,560,0,,461.09968864342954,False,54183.10000000018,False,81.1129410028678,False,[]
280,BasicRequest_no_show,1,53700,53700,2687;-1;-1,3299;-1;-1,,,,,1369.6238500949837,11932.418893819999,0:t_wait:722.452926533304;t_drive:1669.623850094984;fare:1193,False,,0,0,7,,54186.34424287482,55853.26262422479,1193,0,,722.452926533304,False,53720.75000000121,False,81.78211797128252,False,[]
282,BasicRequest_no_show,1,53940,53940,2688;-1;-1,2816;-1;-1,,,,,1261.5171158933072,11233.638445813,0:t_wait:225.20209177747165;t_drive:1561.517115893308;fare:1123,False,,0,0,2,,54161.76560448305,55889.99980167803,1123,0,,225.20209177747165,False,53949.45000000055,False,80.90338987614423,False,[]
294,BasicRequest_no_show,1,55020,55020,825;-1;-1,2816;-1;-1,,,,,543.8471620272185,6078.72649567,0:t_wait:161.00622833632224;t_drive:843.8471620272176;fare:607,False,,0,0,2,,55181.491618026594,55889.99980167803,607,0,,161.00622833632224,False,55028.40000000049,False,81.46058681841322,False,[]
289,BasicRequest_no_show,1,54480,54480,3562;-1;-1,1503;-1;-1,,,,,423.36956147933296,2895.264566629,0:t_wait:645.5851875951848;t_drive:723.3695614793323;fare:289,False,,0,0,4,,55401.062545837485,55908.72915304551,289,0,,645.5851875951848,False,54483.4500000002,False,82.12560843396474,False,[]
281,BasicRequest_no_show,2,53820,53820,1901;-1;-1,1267;-1;-1,,,,,896.8282852101664,5826.001041314001,0:t_wait:1042.545194179016;t_drive:1196.8282852101693;fare:1165,False,,0,0,1,,54662.525850493206,55910.10765452443,1165,0,,1042.545194179016,False,53850.0,True,19.402803934924684,False,[]
306,BasicRequest_no_show,1,56160,56160,427;-1;-1,2069;-1;-1,,,,,680.7121277055,5136.18901477,0:t_wait:1016.565670975695;t_drive:980.7121277054976;fare:513,True,,,,,,,,,0,,,False,,False,,False,[]
307,BasicRequest_no_show,1,56340,56340,2223;-1;-1,1815;-1;-1,,,,,499.3442978825025,2968.66346386,0:t_wait:1083.9089424094855;t_drive:799.3442978825042;fare:296,False,56370,0,,,,,,296,0,,1083.9089424094855,True,56370.0,True,-8.19211572091749,False,[]
287,BasicRequest_no_show,1,54360,54360,657;-1;-1,3562;-1;-1,,,,,657.1437953263903,5164.814895193001,0:t_wait:672.0053267066105;t_drive:957.1437953263885;fare:516,False,,0,0,11,,55177.80416071347,56377.315508261985,516,0,,672.0053267066105,False,54366.35000000037,False,80.12684793091638,False,[]
308,BasicRequest_no_show,1,56400,56400,1217;-1;-1,2515;-1;-1,,,,,638.571608511174,3923.8398722819993,0:t_wait:976.6983979566576;t_drive:938.5716085111708;fare:392,True,,,,,,,,,0,,,False,,False,,False,[]
286,BasicRequest_no_show,1,54360,54360,1468;-1;-1,225;-1;-1,,,,,795.0470283110398,5938.177995990001,0:t_wait:848.0006105015127;t_drive:1095.0470283110408;fare:593,False,,0,0,10,,55154.59403925971,56404.50566465548,593,0,,848.0006105015127,False,54374.150000000824,False,80.40974894440828,False,[]
296,BasicRequest_no_show,1,55200,55200,427;-1;-1,2228;-1;-1,,,,,504.3329305230352,4912.12302249,0:t_wait:799.3336567951774;t_drive:804.3329305230363;fare:491,False,,0,0,0,,55571.48183993534,56463.361743492045,491,0,,799.3336567951774,False,55209.700000000565,False,81.30037998419512,False,[]
298,BasicRequest_no_show,1,55440,55440,2906;-1;-1,3477;-1;-1,,,,,247.6587093594484,1980.1410899899997,0:t_wait:898.872965542716;t_drive:547.6587093594499;fare:198,False,,0,0,5,,56319.63825991674,56684.677305491285,198,0,,898.872965542716,False,55470.0,True,55.603878240269374,False,[]
304,BasicRequest_no_show,2,55920,55920,1539;-1;-1,1405;-1;-1,,,,,295.5886574880017,1500.24790443,0:t_wait:628.7643432761906;t_drive:595.5886574879987;fare:300,False,,0,0,11,,56512.61254850356,56714.03957813518,300,0,,628.7643432761906,False,55928.05000000047,False,80.79466536023297,False,[]
312,BasicRequest_no_show,1,56760,56760,1262;-1;-1,3044;-1;-1,,,,,1171.5320420295166,8715.504374139999,0:t_wait:1080.2887939257416;t_drive:1471.5320420295175;fare:871,True,,,,,,,,,0,,,False,,False,,False,[]
301,BasicRequest_no_show,2,55500,55500,1179;-1;-1,624;-1;-1,,,,,827.5113057407054,5503.8302263040005,0:t_wait:501.0447260354995;t_drive:1127.511305740707;fare:1100,False,,0,0,1,,55940.982805099076,56821.07099772427,1100,0,,501.0447260354995,False,55505.050000000294,False,80.3885998113465,False,[]
302,BasicRequest_no_show,1,55800,55800,2600;-1;-1,428;-1;-1,,,,,399.97820573653536,2143.96411363,0:t_wait:1136.770633074084;t_drive:699.9782057365373;fare:214,False,,0,0,0,,56625.59398985515,56963.91317634908,214,0,,997.9394109537607,False,55830.0,True,27.484494920976836,False,[]
292,BasicRequest_no_show,1,54840,54840,3995;-1;-1,544;-1;-1,,,,,602.7242016544353,4698.0393477279995,0:t_wait:982.9187013507617;t_drive:902.7242016544333;fare:469,False,,0,0,3,,55911.72823536849,56970.981090757894,469,0,,982.9187013507617,False,54870.0,True,46.717272910743915,False,[]
277,BasicRequest_no_show,1,53400,53400,3484;-1;-1,2816;-1;-1,,,,,1865.6585386450543,14271.98423572,0:t_wait:913.6151756330437;t_drive:2165.6585386450533;fare:1427,False,,0,0,6,,54130.532604210974,56983.092939535425,1427,0,,913.6151756330437,False,53430.0,True,34.523535651918976,False,[]
295,BasicRequest_no_show,1,55200,55200,2146;-1;-1,544;-1;-1,,,,,782.5227555356845,4690.994482761001,0:t_wait:699.7032680175325;t_drive:1082.5227555356832;fare:469,False,,0,0,9,,55739.06895750245,56999.95126213862,469,0,,699.7032680175325,False,55205.85000000034,False,81.78876926769463,False,[]
311,BasicRequest_no_show,1,56700,56700,3475;-1;-1,427;-1;-1,,,,,81.76920414783855,476.55278274,0:t_wait:445.51544768264284;t_drive:381.7692041478367;fare:100,False,,0,0,11,,56878.09198858706,57070.74433525238,100,0,,445.51544768264284,False,56706.00000000035,False,80.77704775036509,False,[]
315,BasicRequest_no_show,1,57060,57060,2716;-1;-1,2223;-1;-1,,,,,397.38854858304944,2096.42832391,0:t_wait:1153.3177767048692;t_drive:697.3885485830469;fare:209,False,57090,0,,,,,,209,0,,1153.3177767048692,True,57090.0,True,-40.54679669299952,False,[]
303,BasicRequest_no_show,1,55860,55860,3299;-1;-1,1815;-1;-1,,,,,1241.5974000512902,12448.743678166,0:t_wait:293.2626242247934;t_drive:1541.597400051287;fare:1244,False,,0,0,7,,55883.26262422479,57174.24952277315,1244,0,,293.2626242247934,False,55864.65000000027,False,81.34057532303294,False,[]
305,BasicRequest_no_show,1,56100,56100,129;-1;-1,3675;-1;-1,,,,,452.8343263512665,3274.689145092,0:t_wait:698.5073030472049;t_drive:752.8343263512652;fare:327,False,,0,0,4,,56905.213544905724,57275.33954909063,327,0,,698.5073030472049,False,56106.55000000038,False,81.57595039101678,False,[]
319,BasicRequest_no_show,1,57300,57300,1585;-1;-1,1478;-1;-1,,,,,1414.0490303049442,14682.025263663998,0:t_wait:1412.0377406382177;t_drive:1714.0490303049446;fare:1468,True,,,,,,,,,0,,,False,,False,,False,[]
310,BasicRequest_no_show,1,56580,56580,427;-1;-1,2223;-1;-1,,,,,481.61379617782893,2533.4286349100003,0:t_wait:473.2577826874258;t_drive:781.6137961778295;fare:253,False,,0,0,5,,56854.79484410977,57405.63195087686,253,0,,473.2577826874258,False,56588.150000000474,False,80.12913613505796,False,[]
314,BasicRequest_no_show,1,57060,57060,749;-1;-1,427;-1;-1,,,,,490.82482638886336,3117.1368444199998,0:t_wait:36.002746340993326;t_drive:790.82482638886;fare:311,False,,0,0,9,,57096.00274634099,57785.16150795288,311,0,,36.002746340993326,False,57067.150000000416,False,81.10461612698516,False,[]
321,BasicRequest_no_show,1,57420,57420,2122;-1;-1,427;-1;-1,,,,,137.81456531421765,863.85003923,0:t_wait:135.61276318210003;t_drive:437.8145653142201;fare:100,False,,0,0,9,,57554.53674841615,57785.16150795288,100,0,,135.61276318210003,False,57428.75000000051,False,80.10402489794868,False,[]
309,BasicRequest_no_show,1,56460,56460,1747;-1;-1,3562;-1;-1,,,,,690.72123784533,4746.003492829001,0:t_wait:514.6674349115929;t_drive:990.7212378453332;fare:474,False,,0,0,10,,57236.89507353887,57935.32097555857,474,0,,514.6674349115929,False,56464.550000000265,False,81.60968258316963,False,[]
326,BasicRequest_no_show,1,57960,57960,3484;-1;-1,815;-1;-1,,,,,1821.4562081158015,13899.06383296,0:t_wait:995.3561877211396;t_drive:2121.4562081158;fare:1389,True,,,,,,,,,0,,,False,,False,,False,[]
317,BasicRequest_no_show,1,57120,57120,1468;-1;-1,1802;-1;-1,,,,,508.4596203091789,3465.3007400499996,0:t_wait:142.48883354528516;t_drive:808.4596203091787;fare:346,False,,0,0,0,,57262.48883354528,57976.430421895915,346,0,,142.48883354528516,False,57126.00000000035,False,82.17802101833894,False,[]
328,BasicRequest_no_show,1,58080,58080,3427;-1;-1,3719;-1;-1,,,,,438.0557319339424,3118.197564373,0:t_wait:932.7548272053391;t_drive:738.0557319339423;fare:311,True,,,,,,,,,0,,,False,,False,,False,[]
316,BasicRequest_no_show,1,57120,57120,3749;-1;-1,1736;-1;-1,,,,,568.4971101501,4584.42849803,0:t_wait:587.2909799027402;t_drive:868.4971101500996;fare:458,False,,0,0,7,,57468.40892662501,58249.09011257208,458,0,,587.2909799027402,False,57125.30000000031,False,82.08138923229458,False,[]
329,BasicRequest_no_show,1,58260,58260,1671;-1;-1,1217;-1;-1,,,,,1481.615194029569,12237.29332945,0:t_wait:1447.6323708338896;t_drive:1781.6151940295676;fare:1223,True,,,,,,,,,0,,,False,,False,,False,[]
320,BasicRequest_no_show,2,57360,57360,2445;-1;-1,1217;-1;-1,,,,,552.9122446138479,4110.553520213,0:t_wait:357.9639239367534;t_drive:852.9122446138499;fare:822,False,,0,0,4,,57717.96392393676,58380.90043899052,822,0,,357.9639239367534,False,57367.70000000045,False,81.18113948535188,False,[]
323,BasicRequest_no_show,1,57480,57480,427;-1;-1,3995;-1;-1,,,,,693.5593853366868,4871.760339293,0:t_wait:513.2856829284137;t_drive:993.5593853366881;fare:487,False,,0,0,9,,57785.16150795288,58419.174735858025,487,0,,513.2856829284137,False,57485.600000000326,False,80.50354177989136,False,[]
335,BasicRequest_no_show,1,58500,58500,2384;-1;-1,3174;-1;-1,,,,,693.6138033602026,5105.29449226,0:t_wait:994.0082230423359;t_drive:993.6138033602037;fare:510,True,,,,,,,,,0,,,False,,False,,False,[]
313,BasicRequest_no_show,2,57060,57060,2355;-1;-1,3044;-1;-1,,,,,1305.6613430087996,9592.90781931,0:t_wait:104.52287082029216;t_drive:1605.6613430087964;fare:1918,False,,0,0,3,,57253.97101180369,58597.624648205405,1918,0,,104.52287082029216,False,57066.250000000364,False,80.98018174024925,False,[]
318,BasicRequest_no_show,1,57240,57240,1061;-1;-1,258;-1;-1,,,,,854.1204040948096,5504.892240858,0:t_wait:544.3982283916994;t_drive:1154.1204040948069;fare:550,False,,0,0,11,,57828.1308346386,58668.96315168338,550,0,,544.3982283916994,False,57248.70000000051,False,80.39411305941725,False,[]
336,BasicRequest_no_show,1,58800,58800,236;-1;-1,199;-1;-1,,,,,588.6865026218205,4769.540036128001,0:t_wait:443.687617050462;t_drive:888.686502621822;fare:476,False,58810,0,,,,,,476,0,,1487.2285091509984,True,58810.50000000061,False,-81.25629267853851,False,[]
324,BasicRequest_no_show,1,57780,57780,1390;-1;-1,420;-1;-1,,,,,155.2898426136588,1389.2562958500002,0:t_wait:1055.7838014896115;t_drive:455.28984261365986;fare:138,False,,0,0,10,,58651.431258976394,58877.1190448031,138,0,,1055.7838014896115,False,57810.0,True,9.44260435773225,False,[]
341,BasicRequest_no_show,1,58980,58980,3346;-1;-1,340;-1;-1,,,,,634.1292349988038,5267.8807664079995,0:t_wait:1150.0036523590243;t_drive:934.1292349988071;fare:526,True,,,,,,,,,0,,,False,,False,,False,[]
327,BasicRequest_no_show,2,58080,58080,424;-1;-1,3762;-1;-1,,,,,231.6272381575318,1368.0512629099999,0:t_wait:645.5713606914505;t_drive:531.6272381575327;fare:273,False,,0,0,0,,58800.66975117,59017.790605560825,273,0,,645.5713606914505,False,58089.85000000057,False,81.77206728594541,False,[]
337,BasicRequest_no_show,2,58800,58800,259;-1;-1,137;-1;-1,,,,,317.52154988220434,1720.5855652,0:t_wait:43.18972355058213;t_drive:617.5215498822072;fare:344,False,,0,0,11,,58843.18972355058,59228.482926782846,344,0,,43.18972355058213,False,58810.80000000063,False,81.75705366125118,False,[]
344,BasicRequest_no_show,1,59340,59340,453;-1;-1,3562;-1;-1,,,,,1102.8145780713767,9100.845012246,0:t_wait:1446.11541380758;t_drive:1402.8145780713749;fare:910,True,,,,,,,,,0,,,False,,False,,False,[]
330,BasicRequest_no_show,2,58260,58260,2168;-1;-1,2457;-1;-1,,,,,397.9633254297685,3315.3974443900006,0:t_wait:867.6163268164091;t_drive:697.963325429766;fare:663,False,,0,0,9,,58873.121207137374,59340.2449734147,663,0,,867.6163268164091,False,58270.2500000006,False,82.88198940197888,False,[]
331,BasicRequest_no_show,2,58260,58260,2293;-1;-1,2457;-1;-1,,,,,408.2739826165581,3401.9081030800007,0:t_wait:708.2302422779103;t_drive:708.2739826165562;fare:680,False,,0,0,2,,59054.1558915076,59453.68175537205,680,0,,708.2302422779103,False,58265.750000000335,False,81.01659015137767,False,[]
348,BasicRequest_no_show,1,59520,59520,1280;-1;-1,745;-1;-1,,,,,807.7473687610234,4791.563324090001,0:t_wait:1387.5011855709963;t_drive:1107.7473687610254;fare:479,True,,,,,,,,,0,,,False,,False,,False,[]
349,BasicRequest_no_show,1,59580,59580,3266;-1;-1,2589;-1;-1,,,,,1083.0875370792082,8275.08244683,0:t_wait:1128.356516352098;t_drive:1383.0875370792055;fare:827,True,,,,,,,,,0,,,False,,False,,False,[]
334,BasicRequest_no_show,1,58440,58440,184;-1;-1,2404;-1;-1,,,,,498.076277548501,3343.28695257,0:t_wait:503.00008545670426;t_drive:798.0762775484982;fare:334,False,,0,0,4,,58923.72023121635,59594.37512058121,334,0,,503.00008545670426,False,58448.6500000005,False,81.28179634860058,False,[]
350,BasicRequest_no_show,2,59640,59640,3350;-1;-1,1060;-1;-1,,,,,714.8466328454356,4289.676092850001,0:t_wait:1110.4507727464443;t_drive:1014.8466328454379;fare:857,True,,,,,,,,,0,,,False,,False,,False,[]
322,BasicRequest_no_show,1,57480,57480,3974;-1;-1,593;-1;-1,,,,,707.1812943284733,4625.74651268,0:t_wait:635.456746896336;t_drive:1007.1812943284749;fare:462,False,,0,0,5,,58328.435460295834,59709.487002834,462,0,,635.456746896336,False,57488.6000000005,False,80.83918785290652,False,[]
332,BasicRequest_no_show,1,58260,58260,3930;-1;-1,3972;-1;-1,,,,,1037.440694213131,9559.971410727998,0:t_wait:341.60933380862116;t_drive:1337.4406942131318;fare:955,False,,0,0,6,,58494.414197573686,59802.24206302187,955,0,,341.60933380862116,False,58265.50000000032,False,81.57039810429164,False,[]
325,BasicRequest_no_show,1,57900,57900,3859;-1;-1,1587;-1;-1,,,,,971.1047695463874,7470.954451717,0:t_wait:812.8988866642321;t_drive:1271.1047695463858;fare:747,False,,0,0,1,,58850.75556428541,60067.84290560396,747,0,,812.8988866642321,False,57920.90000000122,False,82.30627589671342,False,[]
354,BasicRequest_no_show,1,60180,60180,898;-1;-1,2448;-1;-1,,,,,1758.0748666183777,13289.402024177001,0:,False,,,,,,,,,0,,,False,,False,,False,[]
355,BasicRequest_no_show,1,60240,60240,1123;-1;-1,538;-1;-1,,,,,1174.7500500107476,7961.539544121002,0:t_wait:1481.44857606211;t_drive:1474.750050010749;fare:796,True,,,,,,,,,0,,,False,,False,,False,[]
343,BasicRequest_no_show,1,59280,59280,3788;-1;-1,427;-1;-1,,,,,414.8975686963228,3294.8740702600003,0:t_wait:44.74697220262169;t_drive:714.897568696324;fare:329,False,,0.0,0.0,11.0,,59324.74697220262,60358.849939336666,329.0,0,,44.74697220262169,False,59285.050000000294,False,80.50571603075241,False,[]
357,BasicRequest_no_show,2,60360,60360,3541;-1;-1,2429;-1;-1,,,,,1256.4878129444562,12004.43384537,0:t_wait:919.576381662082;t_drive:1556.487812944455;fare:2400,True,,,,,,,,,0,,,False,,False,,False,[]
340,BasicRequest_no_show,1,58980,58980,1390;-1;-1,2780;-1;-1,,,,,727.8419345664796,5607.944412758,0:t_wait:535.8835174965861;t_drive:1027.8419345664806;fare:560,False,,0,0,3,,59642.61841212548,60408.822137345196,560,0,,535.8835174965861,False,58986.100000000355,False,80.07898591279715,False,[]
339,BasicRequest_no_show,1,58980,58980,1254;-1;-1,2293;-1;-1,,,,,883.8759229258314,6413.006507315,0:t_wait:248.8891038273141;t_drive:1183.8759229258285;fare:641,False,,0,0,10,,59228.889103827314,60450.084255191265,641,0,,248.8891038273141,False,58988.350000000486,False,80.56666275409415,False,[]
358,BasicRequest_no_show,1,60480,60480,2053;-1;-1,425;-1;-1,,,,,661.1444951324208,4692.30383831,0:t_wait:1421.4549733567255;t_drive:961.1444951324229;fare:469,True,,,,,,,,,0,,,False,,False,,False,[]
346,BasicRequest_no_show,1,59400,59400,3448;-1;-1,613;-1;-1,,,,,318.948564309917,2013.0729536899998,0:t_wait:546.5794055655497;t_drive:618.9485643099179;fare:201,False,,0,0,9,,60169.04226736923,60569.82626639939,201,0,,546.5794055655497,False,59409.40000000055,False,83.79997686469848,False,[]
347,BasicRequest_no_show,1,59400,59400,427;-1;-1,1531;-1;-1,,,,,362.0773274881948,2191.7363374789998,0:t_wait:362.31234307429986;t_drive:662.077327488194;fare:219,False,,0,0,11,,60358.849939336666,60658.480266254424,219,0,,362.31234307429986,False,59408.10000000047,False,83.98436824481637,False,[]
362,BasicRequest_no_show,1,60720,60720,3478;-1;-1,870;-1;-1,,,,,886.531523294103,7035.492638199999,0:t_wait:1347.267915128803;t_drive:1186.5315232941066;fare:703,True,,,,,,,,,0,,,False,,False,,False,[]
363,BasicRequest_no_show,1,60900,60900,2877;-1;-1,3562;-1;-1,,,,,495.80602195696326,3354.15288916,0:t_wait:1360.0366713451149;t_drive:795.8060219569597;fare:335,True,,,,,,,,,0,,,False,,False,,False,[]
366,BasicRequest_no_show,1,61020,61020,1361;-1;-1,1587;-1;-1,,,,,1266.3501229547348,12651.776576701002,0:t_wait:1435.8328507897168;t_drive:1566.3501229547328;fare:1265,True,,,,,,,,,0,,,False,,False,,False,[]
367,BasicRequest_no_show,1,61020,61020,674;-1;-1,3442;-1;-1,,,,,424.67862702874527,3781.2787144500003,0:t_wait:1369.1414317741655;t_drive:724.6786270287485;fare:378,True,,,,,,,,,0,,,False,,False,,False,[]
368,BasicRequest_no_show,1,61080,61080,1721;-1;-1,824;-1;-1,,,,,339.84673241798646,2265.38212199,0:,False,,,,,,,,,0,,,False,,False,,False,[]
369,BasicRequest_no_show,1,61080,61080,2716;-1;-1,1014;-1;-1,,,,,486.2261393456291,3087.4551919200003,0:t_wait:1146.434701265127;t_drive:786.2261393456283;fare:308,False,61110,0,,,,,,308,0,,1146.434701265127,True,61110.0,True,-60.55707112103723,False,[]
371,BasicRequest_no_show,1,61140,61140,427;-1;-1,2006;-1;-1,,,,,843.3400047562568,6598.73938344,0:t_wait:1109.9047641611978;t_drive:1143.3400047562536;fare:659,True,,,,,,,,,0,,,False,,False,,False,[]
372,BasicRequest_no_show,1,61140,61140,1585;-1;-1,1390;-1;-1,,,,,1491.2371296712975,15526.41805293,0:,False,,,,,,,,,0,,,False,,False,,False,[]
373,BasicRequest_no_show,1,61200,61200,1145;-1;-1,1344;-1;-1,,,,,747.5448003681943,5481.51205981,0:t_wait:1445.4198725687602;t_drive:1047.5448003681959;fare:548,True,,,,,,,,,0,,,False,,False,,False,[]
374,BasicRequest_no_show,1,61260,61260,991;-1;-1,3931;-1;-1,,,,,784.164868405725,6002.464763577,0:t_wait:1138.553151663713;t_drive:1084.1648684057218;fare:600,False,61290,0,,,,,,600,0,,1138.553151663713,True,61290.0,True,-25.06674766497368,False,[]
338,BasicRequest_no_show,1,58920,58920,1587;-1;-1,1323;-1;-1,,,,,1115.296819433016,13144.286349729999,0:t_wait:1018.2218679794896;t_drive:1415.296819433017;fare:1314,False,,0,0,1,,60067.84290560396,61336.604200223956,1314,0,,1018.2218679794896,False,58950.0,True,10.05661792083793,False,[]
333,BasicRequest_no_show,1,58320,58320,1489;-1;-1,236;-1;-1,,,,,1275.648235891977,8637.352853717,0:t_wait:1086.0222983802596;t_drive:1575.6482358919748;fare:863,False,,0,0,7,,59395.38846188732,61417.18616678157,863,0,,1086.0222983802596,False,58350.0,True,-4.409757952307255,False,[]
376,BasicRequest_no_show,1,61440,61440,3364;-1;-1,2782;-1;-1,,,,,569.6659141875883,3718.360558429,0:t_wait:1329.845425616295;t_drive:869.6659141875862;fare:371,True,,,,,,,,,0,,,False,,False,,False,[]
342,BasicRequest_no_show,1,59280,59280,2203;-1;-1,1149;-1;-1,,,,,1126.2260881270067,7473.8049569800005,0:t_wait:583.1265168444079;t_drive:1426.226088127005;fare:747,False,,0,0,0,,60267.116675055084,61562.916884684964,747,0,,583.1265168444079,False,59293.10000000076,False,82.3341764205843,False,[]
356,BasicRequest_no_show,1,60300,60300,3572;-1;-1,3562;-1;-1,,,,,263.06460483099056,1598.190398259,0:t_wait:1084.4252132005204;t_drive:563.0646048309936;fare:159,False,,0,0,9,,61255.31842954947,61605.41723930915,159,0,,1084.4252132005204,False,60330.0,True,9.927834119439558,False,[]
353,BasicRequest_no_show,1,60060,60060,2404;-1;-1,2241;-1;-1,,,,,618.2228584716772,3426.4632662599997,0:t_wait:530.4974271833198;t_drive:918.2228584716795;fare:342,False,,0,0,5,,60440.732256873845,61635.358502007344,342,0,,530.4974271833198,False,60066.75000000039,False,80.6546689619373,False,[]
352,BasicRequest_no_show,1,59880,59880,1392;-1;-1,2308;-1;-1,,,,,972.4864819954371,6629.484370548,0:t_wait:272.6560467343006;t_drive:1272.4864819954382;fare:662,False,,0,0,6,,60188.52423001794,61655.69064283809,662,0,,272.6560467343006,False,59889.550000000556,False,80.5571779602125,False,[]
345,BasicRequest_no_show,1,59340,59340,3562;-1;-1,1627;-1;-1,,,,,1294.6055574376865,10451.332789316,0:t_wait:945.7961422995722;t_drive:1594.6055574376878;fare:1045,False,,0,0,4,,59969.05242196267,61717.67345715532,1045,0,,945.7961422995722,False,59370.0,True,40.56350818491529,False,[]
351,BasicRequest_no_show,1,59700,59700,1013;-1;-1,333;-1;-1,,,,,790.0182913619451,5722.93015784,0:t_wait:1154.080715657772;t_drive:1090.0182913619428;fare:572,False,,0,0,2,,60898.46185064695,61801.07401686004,572,0,,1154.080715657772,False,59730.0,True,-6.834411609358176,False,[]
379,BasicRequest_no_show,1,61860,61860,1028;-1;-1,521;-1;-1,,,,,874.2899727459352,5033.734092724,0:t_wait:1070.330440945363;t_drive:1174.2899727459371;fare:503,True,,,,,,,,,0,,,False,,False,,False,[]
361,BasicRequest_no_show,1,60720,60720,821;-1;-1,2317;-1;-1,,,,,126.8924929886071,836.8908401599999,0:t_wait:850.7568732104846;t_drive:426.8924929886052;fare:100,False,,0,0,5,,61812.34822549385,61945.45884180644,100,0,,850.7568732104846,False,60726.00000000035,False,80.4192863504392,False,[]
359,BasicRequest_no_show,1,60660,60660,427;-1;-1,1587;-1;-1,,,,,1078.4484493033704,7878.524738907,0:t_wait:670.4110041891545;t_drive:1378.448449303367;fare:787,False,,0,0,11,,61129.57803467577,62305.38128749726,787,0,,670.4110041891545,False,60664.60000000027,False,80.97760026892692,False,[]
382,BasicRequest_no_show,1,62040,62040,1390;-1;-1,3802;-1;-1,,,,,204.75820871420905,1754.3705539100001,0:t_wait:56.23080819765164;t_drive:504.7582087142073;fare:175,False,,0,0,2,,62096.23080819766,62315.415544742995,175,0,,56.23080819765164,False,62044.45000000026,False,81.7026633057227,False,[]
370,BasicRequest_no_show,1,61140,61140,3346;-1;-1,340;-1;-1,,,,,634.1292349988038,5267.8807664079995,0:t_wait:895.2687132389037;t_drive:934.1292349988071;fare:526,False,,0,0,1,,61758.86165219502,62448.20227679417,526,0,,895.2687132389037,False,61170.0,True,66.89856832572609,False,[]
360,BasicRequest_no_show,1,60660,60660,3675;-1;-1,2626;-1;-1,,,,,522.2889610728889,2795.93815722,0:t_wait:786.5779170445821;t_drive:822.2889610728889;fare:279,False,,0,0,10,,61954.57565369992,62468.39923871486,279,0,,786.5779170445821,False,60664.45000000026,False,80.90566626080813,False,[]
375,BasicRequest_no_show,1,61320,61320,427;-1;-1,2183;-1;-1,,,,,808.1097714493335,4971.202096352999,0:t_wait:738.4461134207158;t_drive:1108.1097714493299;fare:497,False,,0,0,9,,61743.38437309244,62570.08599498139,497,0,,738.4461134207158,False,61325.80000000034,False,81.13436684565329,False,[]
365,BasicRequest_no_show,1,60960,60960,598;-1;-1,1924;-1;-1,,,,,792.4652151979129,4623.476102723,0:t_wait:798.8301284871995;t_drive:1092.4652151979099;fare:462,False,,0,0,6,,61834.268991099925,62668.937503687725,462,0,,798.8301284871995,False,60971.15000000065,False,80.25018935909482,False,[]
377,BasicRequest_no_show,1,61560,61560,4068;-1;-1,3790;-1;-1,,,,,646.9381761321235,4542.143401703001,0:t_wait:445.0414204690678;t_drive:946.9381761321201;fare:454,False,,0,0,7,,62005.04142046907,62811.9755947946,454,0,,445.0414204690678,False,61565.1500000003,False,81.82528763028617,False,[]
381,BasicRequest_no_show,1,61980,61980,1281;-1;-1,2404;-1;-1,,,,,561.2872941888347,3311.06926046,0:t_wait:172.87497321188857;t_drive:861.2872941888345;fare:331,False,,0,0,5,,62152.874973211896,62899.252257351196,331,0,,172.87497321188857,False,61992.25000000071,False,84.32496427766542,False,[]
378,BasicRequest_no_show,1,61620,61620,1673;-1;-1,1786;-1;-1,,,,,639.7716057873647,2407.7182841599997,0:t_wait:778.4758857112247;t_drive:939.7716057873622;fare:240,False,,0,0,0,,62398.475885711225,63066.33473003124,240,0,,778.4758857112247,False,61623.500000000204,False,81.16271522128565,False,[]
364,BasicRequest_no_show,1,60900,60900,2479;-1;-1,1587;-1;-1,,,,,1248.5756244882439,7936.961999358,0:t_wait:834.4939155563043;t_drive:1548.5756244882432;fare:793,False,,0,0,3,,61734.49391555632,63090.186308188815,793,0,,834.4939155563043,False,60914.150000000824,False,80.00063954042477,False,[]
383,BasicRequest_no_show,2,62220,62220,2170;-1;-1,2003;-1;-1,,,,,604.6271202689143,4830.07405051,0:t_wait:817.1501161040433;t_drive:904.6271202689168;fare:966,False,,0,0,2,,62785.16751254617,63484.22672416245,966,0,,817.1501161040433,False,62229.000000000524,False,80.19270288646354,False,[]
384,BasicRequest_no_show,1,62400,62400,567;-1;-1,1815;-1;-1,,,,,416.7656742518143,3287.2463345700007,0:t_wait:940.5449706696163;t_drive:716.7656742518157;fare:328,False,,0,0,7,,63062.543009069355,63497.306239416874,328,0,,940.5449706696163,False,62411.600000000675,False,80.00046106986765,False,[]
395,BasicRequest_no_show,1,63660,63660,2636;-1;-1,865;-1;-1,,,,,945.1000922523772,7261.685215400001,0:t_wait:992.9977438192509;t_drive:1245.1000922523745;fare:726,True,,,,,,,,,0,,,False,,False,,False,[]
380,BasicRequest_no_show,1,61980,61980,1156;-1;-1,236;-1;-1,,,,,1181.5263820555374,10967.615194259997,0:t_wait:570.5653827776841;t_drive:1481.526382055541;fare:1096,False,,0,0,4,,62550.565382777684,63853.027785290156,1096,0,,570.5653827776841,False,61986.00000000035,False,80.0886286057469,False,[]
385,BasicRequest_no_show,1,62640,62640,328;-1;-1,1503;-1;-1,,,,,522.7701868008639,2514.30223338,0:t_wait:686.6218766626189;t_drive:822.7701868008662;fare:251,False,,0,0,10,,63326.621876662604,63974.772621130105,251,0,,686.6218766626189,False,62651.950000000696,False,80.79407791557776,False,[]
390,BasicRequest_no_show,1,63360,63360,1815;-1;-1,2223;-1;-1,,,,,428.5690968589169,3469.0946897000003,0:t_wait:138.84843119672587;t_drive:728.5690968589188;fare:346,False,,0,0,7,,63497.306239416874,63982.204764374816,346,0,,138.84843119672587,False,63367.95000000046,False,80.97983038928788,False,[]
400,BasicRequest_no_show,1,64140,64140,1606;-1;-1,2205;-1;-1,,,,,968.0690550720369,8795.963733870001,0:,False,,,,,,,,,0,,,False,,False,,False,[]
398,BasicRequest_no_show,1,64140,64140,2122;-1;-1,1140;-1;-1,,,,,1449.392155937606,16357.305119702998,0:t_wait:1264.4087884571854;t_drive:1749.3921559376104;fare:1635,False,64170,0,,,,,,1635,0,,1264.4087884571854,True,64170.0,True,-53.694218720703404,False,[]
403,BasicRequest_no_show,2,64320,64320,1187;-1;-1,3427;-1;-1,,,,,285.27187748566826,1557.15160723,0:,False,,,,,,,,,0,,,False,,False,,False,[]
404,BasicRequest_no_show,1,64320,64320,2171;-1;-1,427;-1;-1,,,,,292.33423460564956,2533.16134286,0:,False,,,,,,,,,0,,,False,,False,,False,[]
405,BasicRequest_no_show,1,64440,64440,3266;-1;-1,2155;-1;-1,,,,,404.536655249183,1838.20228535,0:t_wait:1473.2683228800306;t_drive:704.536655249176;fare:183,True,,,,,,,,,0,,,False,,False,,False,[]
406,BasicRequest_no_show,1,64440,64440,1408;-1;-1,1559;-1;-1,,,,,447.9224062695826,3380.44352909,0:t_wait:1414.348178773871;t_drive:747.9224062695866;fare:338,True,,,,,,,,,0,,,False,,False,,False,[]
407,BasicRequest_no_show,1,64500,64500,3525;-1;-1,3442;-1;-1,,,,,1006.8435949943691,4909.33040923,0:t_wait:1158.3464846408606;t_drive:1306.8435949943669;fare:490,False,64530,0,,,,,,490,0,,1158.3464846408606,True,64530.0,True,-13.041092275336283,False,[]
388,BasicRequest_no_show,1,63180,63180,3603;-1;-1,2180;-1;-1,,,,,1196.3667404509472,6773.975466258001,0:t_wait:150.86218442519748;t_drive:1496.366740450947;fare:677,False,,0,0,9,,63330.86218442518,64533.1256830015,677,0,,150.86218442519748,False,63184.35000000025,False,80.33722785878591,False,[]
402,BasicRequest_no_show,2,64320,64320,3315;-1;-1,3562;-1;-1,,,,,40.447119065963044,462.07018958,0:t_wait:162.1965640465205;t_drive:340.4471190659606;fare:100,False,,0,0,10,,64495.08509647396,64554.039046044265,100,0,,162.1965640465205,False,64330.85000000063,False,81.3818298832822,False,[]
387,BasicRequest_no_show,1,63120,63120,4003;-1;-1,1587;-1;-1,,,,,1187.7186411240746,8571.629737781,0:t_wait:194.01902846452867;t_drive:1487.7186411240764;fare:857,False,,0,0,6,,63314.019028464536,64717.9069206686,857,0,,194.01902846452867,False,63127.90000000046,False,80.27906913354374,False,[]
386,BasicRequest_no_show,1,63060,63060,2045;-1;-1,3299;-1;-1,,,,,1474.2432347882896,11489.039972989998,0:t_wait:279.73438844285556;t_drive:1774.243234788286;fare:1148,False,,0,0,5,,63339.73438844286,64846.3818334759,1148,0,,279.73438844285556,False,63063.500000000204,False,80.5263424945104,False,[]
396,BasicRequest_no_show,2,63840,63840,1531;-1;-1,2082;-1;-1,,,,,333.69742238706215,3077.6191504629996,0:t_wait:949.377406454616;t_drive:633.6974223870639;fare:615,False,,0,0,7,,64515.76255952206,64912.93137287613,615,0,,949.377406454616,False,63870.0,True,28.479733718192797,False,[]
389,BasicRequest_no_show,2,63180,63180,439;-1;-1,2062;-1;-1,,,,,1468.1629688175567,14199.194468327001,0:t_wait:189.0616977083555;t_drive:1768.1629688175599;fare:2839,False,,0,0,0,,63369.061697708355,64929.16639619314,2839,0,,189.0616977083555,False,63187.60000000044,False,80.95853378191279,False,[]
391,BasicRequest_no_show,1,63420,63420,3665;-1;-1,507;-1;-1,,,,,865.9226939551161,6122.77628244,0:t_wait:1006.2595908311923;t_drive:1165.9226939551154;fare:612,False,,0,0,4,,64154.297782556925,65160.63836255731,612,0,,1006.2595908311923,False,63450.0,True,31.751792478310122,False,[]
397,BasicRequest_no_show,1,63900,63900,427;-1;-1,1504;-1;-1,,,,,508.7829608503787,2505.06696775,0:t_wait:867.1278883988998;t_drive:808.7829608503816;fare:250,False,,0,0,10,,64692.00617982756,65272.967532519935,250,0,,867.1278883988998,False,63910.050000000585,False,80.65802217925653,False,[]
401,BasicRequest_no_show,1,64260,64260,3562;-1;-1,861;-1;-1,,,,,305.26255540238736,1801.9926500299998,0:t_wait:939.607051880128;t_drive:605.2625554023834;fare:180,False,,0,0,9,,64915.502195683184,65432.52802583133,180,0,,939.607051880128,False,64290.0,True,41.54957675052206,False,[]
394,BasicRequest_no_show,1,63660,63660,2636;-1;-1,2589;-1;-1,,,,,988.8022956764773,7686.326158350001,0:t_wait:815.0582678189094;t_drive:1288.8022956764762;fare:768,False,,0,0,2,,64475.05826781889,65473.37509334693,768,0,,815.0582678189094,False,63690.0,True,64.33779112430769,False,[]
417,BasicRequest_no_show,1,65700,65700,33;-1;-1,301;-1;-1,,,,,971.397224223,9713.373948330001,0:t_wait:1205.957721506842;t_drive:1271.3972242229938;fare:971,False,65730,0,,,,,,971,0,,1205.957721506842,True,65730.0,True,-40.70461265463994,False,[]
415,BasicRequest_no_show,2,65580,65580,334;-1;-1,1811;-1;-1,,,,,111.753357465,806.45606659,0:t_wait:6.823401504079811;t_drive:411.7533574650006;fare:161,False,,0,0,10,,65597.9771480724,65775.98178754468,161,0,,6.823401504079811,False,65587.70000000045,False,80.28170846326313,False,[]
392,BasicRequest_no_show,1,63540,63540,3969;-1;-1,1827;-1;-1,,,,,1537.6683047267575,12907.84148073,0:t_wait:709.1739195677364;t_drive:1837.668304726758;fare:1290,False,,0,0,1,,64249.17391956774,65786.99316907751,1290,0,,709.1739195677364,False,63548.40000000049,False,80.8124319671257,False,[]
418,BasicRequest_no_show,1,65820,65820,420;-1;-1,2292;-1;-1,,,,,411.0689951445,3306.5825045500005,0:t_wait:1021.4719458198815;t_drive:711.0689951444947;fare:330,False,65850,0,,,,,,330,0,,1021.4719458198815,True,65850.0,True,-9.20630219313607,False,[]
421,BasicRequest_no_show,1,66060,66060,1815;-1;-1,3174;-1;-1,,,,,377.45903869800003,2800.0201070900002,0:t_wait:1124.0016557959752;t_drive:677.459038697998;fare:280,True,,,,,,,,,0,,,False,,False,,False,[]
393,BasicRequest_no_show,1,63540,63540,1671;-1;-1,2448;-1;-1,,,,,1748.8593752422535,15438.19535555,0:t_wait:847.0469465912392;t_drive:2048.859375242253;fare:1543,False,,0,0,3,,64387.04694659123,66151.5011060758,1543,0,,847.0469465912392,False,63555.200000000885,False,82.0231661985703,False,[]
424,BasicRequest_no_show,1,66360,66360,428;-1;-1,2223;-1;-1,,,,,327.855228,2121.20535267,0:t_wait:1207.1445045595174;t_drive:627.8552280000004;fare:212,True,,,,,,,,,0,,,False,,False,,False,[]
412,BasicRequest_no_show,2,65220,65220,2494;-1;-1,427;-1;-1,,,,,456.8513814015,3139.0638152499996,0:t_wait:787.7025748449087;t_drive:756.8513814015023;fare:627,False,,0,0,9,,65929.14733271768,66536.940634524,627,0,,787.7025748449087,False,65227.55000000044,False,82.37947951510122,False,[]
428,BasicRequest_no_show,1,66600,66600,3266;-1;-1,4069;-1;-1,,,,,244.312319487,1681.40055439,0:t_wait:1116.549538021296;t_drive:544.3123194869986;fare:168,True,,,,,,,,,0,,,False,,False,,False,[]
409,BasicRequest_no_show,1,64920,64920,2122;-1;-1,502;-1;-1,,,,,598.8451873230001,4721.821761188001,0:t_wait:596.0587373721355;t_drive:898.8451873229933;fare:472,False,,0,0,7,,65470.29824111859,66668.12934082304,472,0,,596.0587373721355,False,64923.10000000018,False,80.48730124122446,False,[]
408,BasicRequest_no_show,1,64740,64740,3176;-1;-1,1587;-1;-1,,,,,1437.740824005194,12914.315669270003,0:t_wait:641.2495990369571;t_drive:1737.7408240051955;fare:1291,False,,0.0,0.0,0.0,,65128.66466869613,66776.08883083244,1291.0,0,,641.2495990369571,False,64748.95000000052,False,81.47043057982535,False,[]
429,BasicRequest_no_show,2,66780,66780,821;-1;-1,988;-1;-1,,,,,531.0052721325,4139.29961021,0:t_wait:787.1648214224988;t_drive:831.0052721325046;fare:827,True,,,,,,,,,0,,,False,,False,,False,[]
425,BasicRequest_no_show,1,66480,66480,427;-1;-1,3572;-1;-1,,,,,199.772883411,1435.8444203899999,0:t_wait:32.76411816923064;t_drive:499.7728834110021;fare:143,False,,0,0,9,,66536.940634524,66815.91475738364,143,0,,32.76411816923064,False,66483.90000000023,False,80.98952499068362,False,[]
411,BasicRequest_no_show,1,65160,65160,2020;-1;-1,1587;-1;-1,,,,,633.865413774,4883.96507059,0:t_wait:654.4151519222651;t_drive:933.8654137739941;fare:488,False,,0,0,4,,65716.72912231904,66825.03383276005,488,0,,654.4151519222651,False,65169.05000000053,False,80.04946856689706,False,[]
435,BasicRequest_no_show,1,67260,67260,873;-1;-1,4068;-1;-1,,,,,311.1219693945,2239.8660702899997,0:t_wait:1308.8058632002067;t_drive:611.1219693945022;fare:223,True,,,,,,,,,0,,,False,,False,,False,[]
410,BasicRequest_no_show,1,65040,65040,2636;-1;-1,1541;-1;-1,,,,,545.5939951815,4052.82615446,0:t_wait:738.634227717761;t_drive:845.5939951814944;fare:405,False,,0,0,10,,66242.68089978943,67263.31944393122,405,0,,738.634227717761,False,65044.00000000023,False,82.32268339907532,False,[]
420,BasicRequest_no_show,1,66000,66000,2582;-1;-1,2862;-1;-1,,,,,289.09829376,3366.4432613999998,0:t_wait:875.9515789299767;t_drive:589.0982937600056;fare:336,False,,0,0,9,,66952.04721005964,67296.63857960791,336,0,,875.9515789299767,False,66030.0,True,62.28623487118526,False,[]
436,BasicRequest_no_show,2,67320,67320,1186;-1;-1,613;-1;-1,,,,,343.40039946900004,2339.2984463499997,0:t_wait:1373.1312587390858;t_drive:643.4003994689992;fare:467,True,,,,,,,,,0,,,False,,False,,False,[]
437,BasicRequest_no_show,1,67380,67380,1587;-1;-1,544;-1;-1,,,,,689.9331088679999,5983.281768966999,0:t_wait:1459.4358758180606;t_drive:989.9331088680046;fare:598,True,,,,,,,,,0,,,False,,False,,False,[]
414,BasicRequest_no_show,1,65400,65400,4083;-1;-1,1887;-1;-1,,,,,1119.6233522400003,12404.88991683,0:t_wait:103.90094687999954;t_drive:1419.6233522399925;fare:1240,False,,0,0,5,,65593.5022734356,67425.94327239675,1240,0,,103.90094687999954,False,65406.250000000364,False,80.93134410244528,False,[]
416,BasicRequest_no_show,1,65640,65640,3930;-1;-1,99;-1;-1,,,,,686.432426484,5510.9889241559995,0:t_wait:553.985434356;t_drive:986.4324264839961;fare:551,False,,0,0,2,,66579.31942533341,67547.16106676779,551,0,,553.985434356,False,65644.10000000024,False,84.00130943679092,False,[]
438,BasicRequest_no_show,1,67560,67560,3300;-1;-1,1955;-1;-1,,,,,1000.884404334,10913.31544831,0:,False,,,,,,,,,0,,,False,,False,,False,[]
419,BasicRequest_no_show,1,65820,65820,3177;-1;-1,2308;-1;-1,,,,,290.553021087,2196.80675784,0:t_wait:832.0542515730049;t_drive:590.5530210870056;fare:219,False,,0,0,1,,67168.06294621078,67610.62200757912,219,0,,832.0542515730049,False,65826.05000000035,False,80.19043260789955,False,[]
441,BasicRequest_no_show,1,67860,67860,2780;-1;-1,3364;-1;-1,,,,,417.31164792000004,3773.009149454,0:,False,,,,,,,,,0,,,False,,False,,False,[]
413,BasicRequest_no_show,1,65340,65340,1027;-1;-1,1315;-1;-1,,,,,599.3520524114999,3985.567541284,0:t_wait:880.813022960996;t_drive:899.3520524115011;fare:398,False,,0,0,6,,66873.72877201326,67945.14702096129,398,0,,880.813022960996,False,65354.500000000844,False,81.45223312862822,False,[]
399,BasicRequest_no_show,2,64140,64140,2087;-1;-1,433;-1;-1,,,,,1578.4525476023568,23316.331930164,0:t_wait:986.8550883618882;t_drive:1878.4525476023555;fare:4663,False,,0,0,11,,65126.85508836191,67963.80933038301,4663,0,,986.8550883618882,False,64170.0,True,25.516370412715087,False,[]
427,BasicRequest_no_show,1,66600,66600,427;-1;-1,2223;-1;-1,,,,,348.96502438500005,2289.64521727,0:t_wait:1085.3468162281788;t_drive:648.9650243850047;fare:228,False,,0,0,10,,67846.51556639523,68423.72876425127,228,0,,1085.3468162281788,False,66630.0,True,4.472642199441135,False,[]
434,BasicRequest_no_show,1,67200,67200,3562;-1;-1,1027;-1;-1,,,,,431.75022253500003,3102.64671708,0:t_wait:729.5515822771558;t_drive:731.7502225350036;fare:310,False,,0,0,1,,67836.6133549283,68460.29815102652,310,0,,729.5515822771558,False,67205.0500000003,False,81.0948838983541,False,[]
422,BasicRequest_no_show,2,66240,66240,2636;-1;-1,452;-1;-1,,,,,899.7732874169999,7762.30138128,0:t_wait:799.3939299149934;t_drive:1199.7732874170033;fare:1552,False,,0,0,3,,67491.97850868049,68877.45042320734,1552,0,,799.3939299149934,False,66259.25000000112,False,81.10428234201446,False,[]
423,BasicRequest_no_show,2,66240,66240,2636;-1;-1,452;-1;-1,,,,,899.7732874169999,7762.30138128,0:t_wait:799.3939299149934;t_drive:1199.7732874170033;fare:1552,False,,0,0,3,,67491.97850868049,68877.45042320734,1552,0,,799.3939299149934,False,66253.30000000077,False,80.1484119559326,False,[]
426,BasicRequest_no_show,1,66540,66540,1493;-1;-1,3530;-1;-1,,,,,716.9557157520001,6187.451041630001,0:t_wait:1139.5464538146334;t_drive:1016.955715752003;fare:618,False,,0,0,5,,68083.79656164275,69162.86406711665,618,0,,1139.5464538146334,False,66570.0,True,-0.7089158571967222,False,[]
433,BasicRequest_no_show,1,67080,67080,2223;-1;-1,1815;-1;-1,,,,,474.9108362325,2946.2914943700002,0:t_wait:1255.576444446735;t_drive:774.910836232506;fare:294,False,,0,0,9,,68640.26472378868,69446.61894305135,294,0,,1255.576444446735,False,67110.0,True,10.255033175116125,False,[]
442,BasicRequest_no_show,2,68160,68160,3964;-1;-1,2451;-1;-1,,,,,228.8393892465,1345.62714598,0:t_wait:457.7821049399936;t_drive:528.8393892464956;fare:269,False,,0,0,11,,68898.29656614612,69487.83544176427,269,0,,457.7821049399936,False,68168.25000000048,False,80.26225681761505,False,[]
432,BasicRequest_no_show,1,66960,66960,328;-1;-1,3397;-1;-1,,,,,404.05019537399994,4099.246053639999,0:t_wait:942.5786965529987;t_drive:704.0501953740022;fare:409,False,,0,0,4,,68633.0032806173,69548.38184590639,409,0,,942.5786965529987,False,66990.0,True,48.331545424972155,False,[]
439,BasicRequest_no_show,2,67620,67620,2145;-1;-1,399;-1;-1,,,,,948.2885532315,7850.546260708,0:t_wait:868.8220272074395;t_drive:1248.2885532314976;fare:1570,False,,0,0,6,,68524.16385861294,69793.29730595085,1570,0,,868.8220272074395,False,67649.70000000173,False,80.60678060708501,False,[]
430,BasicRequest_no_show,1,66960,66960,3661;-1;-1,544;-1;-1,,,,,611.9454308339998,4364.12566544,0:t_wait:986.8030986134982;t_drive:911.9454308340064;fare:436,False,,0,0,7,,68634.18017596123,69854.79479611265,436,0,,986.8030986134982,False,66990.0,True,28.513519716428515,False,[]
440,BasicRequest_no_show,1,67740,67740,3958;-1;-1,2355;-1;-1,,,,,960.785822439,10556.300837388,0:t_wait:212.66035032150103;t_drive:1260.785822438993;fare:1055,False,,0,0,2,,67956.3071643626,69877.05610663202,1055,0,,212.66035032150103,False,67746.05000000035,False,82.97741738173137,False,[]
443,BasicRequest_no_show,1,68160,68160,3675;-1;-1,2893;-1;-1,,,,,859.6651058670001,8305.008544968001,0:t_wait:834.2531748729234;t_drive:1159.6651058669959;fare:830,False,,0,0,1,,69088.0086354736,70369.85771541056,830,0,,834.2531748729234,False,68183.05000000134,False,81.19974036343844,False,[]
431,BasicRequest_no_show,1,66960,66960,214;-1;-1,1156;-1;-1,,,,,1138.7122111575,9681.930599698,0:t_wait:940.2613362090051;t_drive:1438.7122111575009;fare:968,False,,0,0,0,,68836.42196386459,70552.09071829917,968,0,,940.2613362090051,False,66990.0,True,53.96713947725652,False,[]
444,BasicRequest_no_show,1,68400,68400,33;-1;-1,1587;-1;-1,,,,,680.8689521399999,5957.407866016999,0:t_wait:938.7807739536802;t_drive:980.8689521399938;fare:595,False,,0,0,10,,69365.22779954225,70582.0925406363,595,0,,938.7807739536802,False,68430.0,True,69.08729483169593,False,[]
