operator_id,vehicle_id,vehicle_type,status,locked,earliest_start_time,start_time,end_time,first_attempt_time,no_show_wait_delay,start_pos,end_pos,driven_distance,start_soc,end_soc,charging_power,charging_unit,toll,rq_on_board,occupancy,rq_boarding,rq_alighting,route,trajectory
0,7,default_vehtype,route,False,-1000,25260,25565.994508876847,25260,0,4039;-1;-1,1169;-1;-1,1744.5794729599995,0.7747723634223627,0.7745979054750669,0.0,,0,,0,,,4039;2110;866;865;791;864;863;2934;3625;3438;3440;2554;3631;3636;3843;1169,4039:25260;2110:25268.88247050858;866:25387.71110436972;865:25475.475330769288;791:25486.080888414486;864:25493.580326707273;863:25496.860419679746;2934:25502.608302255907;3625:25522.91656670095;3438:25525.42508487973;3440:25527.519275120758;2554:25533.557507765792;3631:25537.943828025465;3636:25547.823946491004;3843:25550.66170906312;1169:25565.994508876847
0,9,default_vehtype,route,False,-1000,25260,25585.3532508991,25260,0,1815;-1;-1,3964;-1;-1,2198.7925363599998,0.7364039848777426,0.7361841056241069,0.0,,0,,0,,,1815;1517;3666;2670;2671;2582;335;3110;1570;1262;3964,1815:25260;1517:25271.134358979718;3666:25331.66489411915;2670:25334.02121294398;2671:25426.651969412836;2582:25478.399451091103;335:25492.963438495208;3110:25507.966243958217;1570:25551.938405982048;1262:25580.38319725781;3964:25585.3532508991
0,9,default_vehtype,boarding,True,25260,25585.3532508991,25595.246367415933,25585.3532508991,0.0,3964;-1;-1,3964;-1;-1,0.0,0.7361841056241069,0.7361841056241069,0,,0,1,1,1,,,
0,10,default_vehtype,route,False,-1000,25500,25662.09079392101,25500,0,1149;-1;-1,1887;-1;-1,1483.6847628799997,0.5386447830395864,0.538496414563298,0.0,,0,,0,,,1149;1362;1810;1811;1104;1878;3442;1887,1149:25500;1362:25511.001994511407;1810:25525.831922915502;1811:25601.335125112448;1104:25636.70797154513;1878:25647.579120082635;3442:25651.182788420738;1887:25662.09079392101
0,6,default_vehtype,route,False,-1000,25500,25662.09079392101,25500,0,198;-1;-1,2655;2579;0.976,1649.9206660524972,0.5816622241041334,0.5814972320375283,0.0,,0,,0,,,198;199;3448;2864;3450;2655,198:25500;199:25553.80888408046;3448:25560.910395436527;2864:25566.298432557942;3450:25569.087619952843;2655:25607.346124518455
0,7,default_vehtype,boarding,True,25260,25565.994508876847,25684.385417423466,25565.994508876847,0.0,1169;-1;-1,1169;-1;-1,0.0,0.7745979054750669,0.7745979054750669,0,,0,0,1,0,,,
0,10,default_vehtype,boarding,True,25500,25662.09079392101,25693.58092262564,25662.09079392101,0.0,1887;-1;-1,1887;-1;-1,0.0,0.538496414563298,0.538496414563298,0,,0,2,1,2,,,
0,7,default_vehtype,route,False,-1000,25684.385417423466,26146.018410243207,25684.385417423466,0.0,1169;-1;-1,3613;-1;-1,3350.914634330001,0.7745979054750669,0.7742628140116335,0.0,,0,0,1,,,1169;3843;3636;3631;2554;3440;3438;3625;2934;863;864;791;865;866;3526;2823;3226;67;3224;3582;2559;2560;3218;3216;1808;3614;3808;3929;722;3692;3212;1545;3612;3613,1169:25684.385417423466;3843:25695.442143493576;3636:25704.336755185504;3631:25717.864345594626;2554:25721.093316744722;3440:25725.815542393168;3438:25727.920547851594;3625:25729.50435639785;2934:25756.67835362533;863:25758.19903534735;864:25766.117899039302;791:25771.173680461383;865:25779.48689283262;866:25849.651826758218;3526:25861.145623725166;2823:25873.238741931313;3226:25874.424266766015;67:25896.038633225147;3224:25915.28262826466;3582:25927.066358297798;2559:25929.177534291855;2560:25931.002759051098;3218:25939.357157434817;3216:26028.918175357845;1808:26030.76058055526;3614:26042.12682555169;3808:26056.044694668588;3929:26072.099658914976;722:26077.793685425822;3692:26080.677785857653;3212:26083.83735061165;1545:26122.708449255533;3612:26133.987021130106;3613:26146.018410243207
0,7,default_vehtype,boarding,True,-1,26146.018410243207,26176.018410243207,26146.018410243207,0.0,3613;-1;-1,3613;-1;-1,0.0,0.7742628140116335,0.7742628140116335,0,,0,0,1,,0,,
0,8,default_vehtype,route,False,-1000,25920.0,26342.97291274242,25920.0,0.0,473;-1;-1,1323;-1;-1,4610.487926512001,0.8136958413522131,0.8132347925595619,0.0,,0,,0,,,473;474;475;309;476;2335;3704;3207;3210;3967;2334;2697;504;3646;2824;2178;1872;1198;2333;1251;1566;1768;1189;2025;2048;895;774;2332;2331;2330;2329;2153;2896;3289;3444;3283;3132;646;3295;1327;1287;1326;1111;1325;1324;1323,473:25920;474:25924.544613087197;475:25940.14939768806;309:25952.082384757952;476:25957.47507575902;2335:25968.862634579928;3704:25991.497090380748;3207:25992.56910744247;3210:25996.26820438407;3967:25998.569631745468;2334:26004.66500446137;2697:26006.3523118863;504:26011.70406512169;3646:26012.557144998522;2824:26014.23372945979;2178:26035.254406781267;1872:26049.019864413054;1198:26053.504092066985;2333:26066.620715898793;1251:26099.523341794393;1566:26105.070034584623;1768:26106.052264267004;1189:26111.766359705056;2025:26116.235886721734;2048:26124.967168819127;895:26129.993427562265;774:26132.758613480666;2332:26145.314984589273;2331:26164.835274281075;2330:26193.807545989;2329:26204.7759574158;2153:26210.117451849183;2896:26219.811039630487;3289:26233.649746929397;3444:26237.721235285346;3283:26261.620064453524;3132:26264.201714570227;646:26266.23481377646;3295:26268.2822327111;1327:26269.58180410113;1287:26279.559110186572;1326:26286.339709988042;1111:26299.243425367593;1325:26313.145870404554;1324:26334.444847642495;1323:26342.97291274242
0,8,default_vehtype,boarding,True,25920,26342.97291274242,26347.788145353752,26342.97291274242,0.0,1323;-1;-1,1323;-1;-1,0.0,0.8132347925595619,0.8132347925595619,0.0,,0,3,1,3,,,
0,9,default_vehtype,route,False,-1000,25595.246367415933,26583.249976524352,25595.246367415933,0.0,3964;-1;-1,442;-1;-1,6360.274266920004,0.7361841056241069,0.7355480781974167,0.0,,0,1,1,,,3964;1262;1570;3110;2637;2585;3267;103;2526;2738;3328;2639;3134;49;3116;3042;4077;48;2734;2733;2601;2882;2668;2749;1294;1295;2051;441;442,3964:25595.246367415933;1262:25612.54399326618;1570:25635.357806471442;3110:25659.093869512577;2637:25676.72552623404;2585:25703.298453633615;3267:25805.857451840366;103:25874.924182744355;2526:25891.381091851068;2738:25946.22532894209;3328:25948.545497410945;2639:25984.78977973625;3134:25999.46736202408;49:26002.64127558359;3116:26006.185428303597;3042:26032.396871430086;4077:26061.36838805585;48:26086.90900671543;2734:26132.179673315874;2733:26146.65818824097;2601:26175.484070455033;2882:26194.574717868556;2668:26233.938711909606;2749:26250.472740638594;1294:26313.049424058838;1295:26532.572885751753;2051:26541.49974940546;441:26545.61124053891;442:26583.249976524352
0,10,default_vehtype,route,False,-1000,25693.58092262564,26590.2020974373,25693.58092262564,0.0,1887;-1;-1,1587;-1;-1,6764.812435077,0.538496414563298,0.5378199333197902,0.0,,0,2,1,,,1887;3442;1878;1104;1811;361;1812;3966;1004;2015;1119;2014;2038;1546;2678;387;1483;2669;1482;2677;3780;2676;1481;1480;84;107;13;24;23;3122;2536;2762;2595;4076;3487;3557;3155;1588;2834;1587,1887:25693.58092262564;3442:25710.461553614638;1878:25713.088149280215;1104:25745.175818637912;1811:25756.460481925023;361:25772.056515454853;1812:25823.409498341243;3966:25825.29972180191;1004:25832.137730064616;2015:25851.954458777967;1119:25861.989861671293;2014:25872.797338164797;2038:25882.519725519094;1546:25902.99241941814;2678:25913.962708884934;387:25914.69999369669;1483:25962.038143499998;2669:26002.670342384376;1482:26004.107590862335;2677:26007.453764394246;3780:26054.0365516606;2676:26103.01706798577;1481:26132.240414351767;1480:26187.112017988762;84:26206.97421491087;107:26209.872760132133;13:26438.619857783917;24:26440.407764030653;23:26440.785213826002;3122:26451.8976597464;2536:26483.19526092032;2762:26509.198161847118;2595:26521.744287230133;4076:26529.382038674124;3487:26548.756433798084;3557:26549.433562205242;3155:26557.557982802064;1588:26571.04465311983;2834:26586.200613039884;1587:26590.2020974373
0,9,default_vehtype,boarding,True,-1,26583.249976524352,26613.249976524352,26583.249976524352,0.0,442;-1;-1,442;-1;-1,0.0,0.7355480781974167,0.7355480781974167,0,,0,1,1,,1,,
0,10,default_vehtype,boarding,True,-1,26590.2020974373,26620.2020974373,26590.2020974373,0.0,1587;-1;-1,1587;-1;-1,0.0,0.5378199333197902,0.5378199333197902,0,,0,2,1,,2,,
0,7,default_vehtype,route,False,-1000,26400,26748.213617800156,26400,0,3613;-1;-1,1176;-1;-1,2853.5893387500005,0.7742628140116335,0.7739774550777584,0.0,,0,,0,,,3613;3612;1545;2859;3213;3215;3214;2557;2558;3217;3221;2559;2560;3583;3223;62;61;3621;143;66;3656;2548;2549;2392;1177;1176,3613:26400;3612:26410.79405219091;1545:26421.697482982017;2859:26424.485002293735;3213:26453.108968788416;3215:26465.37580183614;3214:26474.811844453146;2557:26483.474456850872;2558:26520.884162959384;3217:26527.868093357894;3221:26541.326167530213;2559:26544.855313964516;2560:26546.0141304242;3583:26547.67952720017;3223:26563.319406294395;62:26592.080636421313;61:26602.89626989333;3621:26632.651349929387;143:26639.094297728447;66:26672.185321927773;3656:26713.927212962124;2548:26721.132275627777;2549:26725.208668059528;2392:26732.788381327082;1177:26747.3042615513;1176:26748.213617800156
0,6,default_vehtype,route,False,-1000,26400,26748.213617800156,26400,0,2655;2579;0.976,2005;1569;0.958,2616.854724127438,0.5814972320375283,0.5812355465651161,0.0,,0,,0,,,2655;2579;3390;82;2905;2627;2624;2625;3753;2623;2020;2831;2005,2655:26400;2579:26402.964361547452;3390:26413.064918542786;82:26430.05210003422;2905:26436.88170470747;2627:26445.22208726831;2624:26461.542251336195;2625:26463.177647140463;3753:26473.640915280088;2623:26536.42425441467;2020:26653.147296700557;2831:26710.38020777397;2005:26725.591175542922
0,7,default_vehtype,boarding,True,26400,26748.213617800156,26786.437733816736,26748.213617800156,0.0,1176;-1;-1,1176;-1;-1,0.0,0.7739774550777584,0.7739774550777584,0,,0,4,1,4,,,
0,8,default_vehtype,route,False,-1000,26347.788145353752,27746.42697629097,26347.788145353752,0.0,1323;-1;-1,1587;-1;-1,13392.450077107991,0.8132347925595619,0.8118955475518518,0.0,,0,3,1,,,1323;3161;3162;3810;2937;926;1714;2952;2951;2950;3545;3547;3549;3548;707;706;705;488;1683;1959;2091;563;2793;2795;2794;2791;2788;3453;2958;3231;1184;1977;3164;1944;3342;1510;1544;3742;1909;3382;1914;1461;3340;1990;3343;3341;1930;3879;3740;4034;4033;4052;4053;4054;35;3798;4055;4056;3847;3062;3063;2652;2932;2740;2741;2903;42;3037;89;3086;38;355;2902;3881;2936;3237;3084;3083;3072;3073;3036;36;3642;3374;37;964;144;3375;9;2667;204;3039;3767;3766;3765;3764;3658;3659;3763;3038;3097;341;342;3143;1668;453;1587,1323:26347.788145353752;3161:26356.877667534744;3162:26368.44155941334;3810:26400.48442659117;2937:26402.990790509226;926:26410.23805862731;1714:26425.050989873078;2952:26430.645236344364;2951:26439.352277281105;2950:26451.184630790623;3545:26462.31531622899;3547:26462.981473379677;3549:26463.9267037596;3548:26464.57532728725;707:26488.76365213659;706:26499.732882944372;705:26513.813443572897;488:26519.50175510554;1683:26539.228027466383;1959:26544.521775161717;2091:26555.207442402887;563:26588.049179098554;2793:26592.299978491134;2795:26593.520812598195;2794:26604.536407280477;2791:26617.764671791283;2788:26627.50197962955;3453:26633.3322967634;2958:26636.208184163286;3231:26639.147927291353;1184:26642.437990583006;1977:26645.389139615523;3164:26653.452463955917;1944:26703.033677966912;3342:26704.188771798705;1510:26707.936516293477;1544:26714.365354360918;3742:26724.240571684364;1909:26725.140981190136;3382:26728.209267635968;1914:26729.37731922995;1461:26741.54578664993;3340:26749.407257596937;1990:26754.92135051746;3343:26758.771525120912;3341:26783.928714592457;1930:26790.142928169458;3879:26832.52852198998;3740:26843.48537997865;4034:26845.768131620505;4033:26853.592946139022;4052:26858.632377939848;4053:26860.838727618906;4054:26861.399952716907;35:26864.954356418697;3798:26923.71961534365;4055:26925.22195019214;4056:26925.489855553602;3847:26928.982874874462;3062:26940.91708390665;3063:26945.933740741388;2652:27085.668716181717;2932:27089.863375884535;2740:27101.304249412806;2741:27105.346239920284;2903:27111.053650318874;42:27132.2929927891;3037:27136.577623610538;89:27138.354937176515;3086:27155.87842158383;38:27186.43568964629;355:27189.027217345636;2902:27224.983982567424;3881:27226.81860045923;2936:27227.706952910303;3237:27229.61629181992;3084:27248.75680954966;3083:27276.62433294615;3072:27298.624284228943;3073:27314.211050284037;3036:27388.02413920814;36:27395.050171409715;3642:27401.16600580035;3374:27433.503368616097;37:27437.465286570663;964:27451.942819055912;144:27457.961752034545;3375:27458.452477163646;9:27472.24921009465;2667:27480.538304410078;204:27487.783128108826;3039:27515.38336790428;3767:27591.5160452921;3766:27599.746924945717;3765:27612.133879350848;3764:27616.65616637047;3658:27618.002233452324;3659:27628.201970513233;3763:27642.24882548394;3038:27645.252770213232;3097:27659.54220500339;341:27669.03715800968;342:27717.2193292035;3143:27722.761300961163;1668:27734.768920554157;453:27737.93560073907;1587:27746.42697629097
0,8,default_vehtype,boarding,True,-1,27746.42697629097,27776.42697629097,27746.42697629097,0.0,1587;-1;-1,1587;-1;-1,0.0,0.8118955475518518,0.8118955475518518,0,,0,3,1,,3,,
0,9,default_vehtype,route,False,-1000,27240,27867.11843825128,27240,0,442;-1;-1,1889;-1;-1,4558.576445089999,0.7355480781974167,0.7350922205529083,0.0,,0,,0,,,442;441;2051;1295;1296;1297;1298;1299;3996;1300;827;611;171;2348;2405;1278;852;2404;1469;2403;1880;2208;4026;2386;3644;2387;2207;3868;2206;2306;3593;1890;1889,442:27240;441:27268.713931604852;2051:27289.801953983522;1295:27306.28745390885;1296:27321.029161888695;1297:27329.655005900044;1298:27334.36071038309;1299:27345.191669030017;3996:27346.105887370737;1300:27359.206560548548;827:27368.87814739954;611:27383.655497112708;171:27392.428104119997;2348:27414.89807174672;2405:27420.451004032264;1278:27435.38996594707;852:27453.5533497343;2404:27491.03275968209;1469:27510.05441629913;2403:27534.40105425934;1880:27610.973339394135;2208:27687.770613643956;4026:27752.539205478315;2386:27754.93488765734;3644:27775.058257244295;2387:27781.969341501965;2207:27799.809924348076;3868:27802.036636030847;2206:27814.221250767234;2306:27828.366036051848;3593:27832.50774663833;1890:27836.74677472806;1889:27867.11843825128
0,11,default_vehtype,route,False,-1000,27240,27867.11843825128,27240,0,3496;-1;-1,2716;3314;0.889,6419.753631687227,0.8250512105437763,0.8244092351806082,0.0,,0,,0,,,3496;3499;3498;3956;3491;2603;3586;2604;2742;2605;2869;3941;3250;3261;52;3262;53;3113;2724;2602;54;2591;55;2640;2639;3328;2738;2526;3272;1;3336;3054;2596;172;3771;428;2716,3496:27240;3499:27241.449993206912;3498:27242.55430219442;3956:27248.13669068861;3491:27258.881245394743;2603:27259.838237778942;3586:27260.723103933124;2604:27269.71120300326;2742:27288.314776799125;2605:27289.548994884222;2869:27305.523501380016;3941:27308.467261019825;3250:27312.544190380493;3261:27331.346048298376;52:27333.15760108207;3262:27335.364319526478;53:27356.79987736495;3113:27361.48336083304;2724:27362.62719910873;2602:27374.62527001127;54:27379.07022573233;2591:27382.772734408893;55:27383.459036721622;2640:27386.489336497118;2639:27392.41131986425;3328:27434.883183927122;2738:27437.89920721878;2526:27473.95134077889;3272:27562.494843936165;1:27615.77935771306;3336:27655.2368430466;3054:27683.9209169394;2596:27691.8236179946;172:27718.59813957783;3771:27722.026353838566;428:27788.375488219557;2716:27789.841267489897
0,9,default_vehtype,boarding,True,27240,27867.11843825128,28027.66162613593,27867.11843825128,0.0,1889;-1;-1,1889;-1;-1,0.0,0.7350922205529083,0.7350922205529083,0,,0,7,1,7,,,
0,10,default_vehtype,route,False,-1000,27060,28119.745354220333,27060,0,1587;-1;-1,3723;-1;-1,11270.89554005,0.5378199333197902,0.536692843765786,0.0,,0,,0,,,1587;341;3097;1785;3436;1777;3435;968;1778;1779;3378;144;964;37;3374;3642;36;3036;3073;3072;3083;3084;3237;2936;3881;2902;355;38;3086;89;3037;42;2903;2741;2740;2932;2652;3063;3062;3847;4056;4055;3798;35;4054;4053;4052;4033;4034;3740;3879;1930;3341;3343;1990;3340;1461;1914;3382;1909;3742;1544;1510;3342;1944;3164;1977;1184;3231;2958;3454;3734;2786;3049;28;2816;3722;3723,1587:27060;341:27075.823650805723;3097:27090.182046493173;1785:27137.936554333577;3436:27144.646203260356;1777:27185.94117690347;3435:27187.645938809062;968:27204.519040254672;1778:27211.547250488944;1779:27217.238573285373;3378:27242.79683122084;144:27246.068219249402;964:27257.664223134096;37:27261.557344138673;3374:27269.104031805426;3642:27288.49758446737;36:27301.99748220065;3036:27311.974256595277;3073:27506.634681481166;3072:27537.331949267365;3083:27560.153975219426;3084:27579.636029066103;3237:27593.116028831926;2936:27600.280783867445;3881:27603.10306113588;2902:27603.601590303293;355:27648.010523366953;38:27654.05580109531;3086:27679.67174702449;89:27682.41252712578;3037:27683.675349552337;42:27692.622034532702;2903:27707.32068325232;2741:27721.445966082225;2740:27732.974797349652;2932:27740.312467611177;2652:27755.572675872474;3063:27766.52917717448;3062:27770.05766897972;3847:27784.670742721835;4056:27786.32329280185;4055:27787.879688714533;3798:27788.50883460166;35:27856.10179189972;4054:27859.07645159464;4053:27859.984265255996;4052:27862.43923727222;4033:27869.163722340512;4034:27879.125269281118;3740:27882.557384440646;3879:27884.42686176073;1930:27892.52899146448;3341:27896.36220012587;3343:27911.1881038222;1990:27913.24412347835;3340:27925.15870682395;1461:27933.123783220497;1914:27945.396186078204;3382:27949.47222334767;1909:27956.918038436597;3742:27957.93145903551;1544:27966.976827634237;1510:27976.112695519463;3342:27981.2637291064;1944:27983.79209651884;3164:28023.049969022984;1977:28027.373565311133;1184:28035.19679673872;3231:28041.8159716055;2958:28043.00925113843;3454:28046.47698793836;3734:28048.525999174366;2786:28059.186091822172;3049:28069.96629423279;28:28083.74724730722;2816:28090.003272182123;3722:28094.39409196093;3723:28119.745354220333
0,6,default_vehtype,route,False,-1000,27060,28119.745354220333,27060,0,2005;1569;0.958,1447;2787;0.719,8242.478812677624,0.5812355465651161,0.5804112986838488,0.0,,0,,0,,,2005;1569;3916;83;2118;16;2844;3401;2833;2561;2768;3725;2545;3587;3724;1946;2077;3225;62;3223;3583;2560;2559;3221;2822;1703;628;3138;1419;3139;1702;1701;1700;1699;1698;1697;1696;1695;1554;1511;1694;287;2946;648;1693;1692;1691;1050;1690;1689;1688;1687;1412;2276;2277;2402;1247;2827;565;462;2797;2799;2795;2793;2792;2789;2790;3452;1447,2005:27060;1569:27061.059386163244;3916:27071.889607596968;83:27102.263227381034;2118:27108.189405131972;16:27111.58866051427;2844:27121.974684142366;3401:27127.855284144796;2833:27243.142198673377;2561:27290.30692061633;2768:27334.600316953514;3725:27347.840252065427;2545:27353.752251336846;3587:27354.64120824327;3724:27358.418934868725;1946:27387.886831774173;2077:27411.911604454286;3225:27468.660201353196;62:27505.314845060308;3223:27521.955184480335;3583:27545.274580731137;2560:27547.260326626685;2559:27552.277936642313;3221:27554.70778304462;2822:27556.616116302608;1703:27564.648702770046;628:27594.28048387344;3138:27595.427109287724;1419:27595.87717040864;3139:27600.362123911833;1702:27601.789216028283;1701:27613.349330140758;1700:27649.555757965136;1699:27671.594970614613;1698:27692.735258762717;1697:27699.39135163684;1696:27742.49245744276;1695:27758.61982308169;1554:27761.43425312078;1511:27764.566051690002;1694:27772.58806235789;287:27781.868457315195;2946:27787.445371029236;648:27791.778204409762;1693:27795.1922905371;1692:27819.958687734063;1691:27834.381000396716;1050:27843.52495859527;1690:27845.834495558218;1689:27848.606560351334;1688:27853.058826757948;1687:27876.09709396176;1412:27908.206161672922;2276:27915.07077187697;2277:27919.24582633453;2402:27934.879152922975;1247:27942.66200968915;2827:27975.105707056508;565:27978.980969083288;462:27986.431070931492;2797:27991.227080731882;2799:27992.445777049597;2795:28030.053851292843;2793:28031.573550346504;2792:28059.52886406705;2789:28075.83356974608;2790:28097.090636496127;3452:28114.208446492088;1447:28116.87407557515
0,10,default_vehtype,boarding,True,27060,28119.745354220333,28142.44826359558,28119.745354220333,0.0,3723;-1;-1,3723;-1;-1,0.0,0.536692843765786,0.536692843765786,0,,0,5,1,5,,,
0,11,default_vehtype,route,False,-1000,27900,28509.743944579855,27900,0,2716;3314;0.889,1125;-1;-1,4688.496152999775,0.8244092351806082,0.8239403855653075,0.0,,0,,0,,,2716;3314;2716;2715;172;2596;429;430;867;868;861;862;846;847;848;579;849;850;851;852;1278;2405;2348;171;611;610;609;612;1338;1296;1295;2051;441;2052;2053;2054;1124;1125,2716:27900;3314:27908.765894411456;2716:27971.45346375838;2715:28003.369312943683;172:28006.00812741191;2596:28022.457902409824;429:28032.151987403347;430:28045.003375049106;867:28062.38212973033;868:28065.27409656181;861:28083.91242602549;862:28124.77352433491;846:28131.555664654683;847:28143.829947697315;848:28155.66810766858;579:28169.052502375835;849:28185.829691224688;850:28195.151283596195;851:28209.64680896721;852:28230.340095154705;1278:28247.2157205736;2405:28259.33113818816;2348:28271.767019770785;171:28316.559019692333;611:28330.443608000412;610:28338.26766074251;609:28347.32008538206;612:28348.085150307455;1338:28356.158791760743;1296:28381.24421874838;1295:28391.45410972133;2051:28453.125149149877;441:28463.555917873313;2052:28465.32178858327;2053:28471.80724946804;2054:28478.370586806555;1124:28499.00520323786;1125:28509.743944579855
0,8,default_vehtype,route,False,-1000,27900,28509.743944579855,27900,0,1587;-1;-1,101;3271;0.822,6882.38549728982,0.8118955475518518,0.8112073090021233,0.0,,0,,0,,,1587;453;1668;142;3573;3574;3551;3316;3657;2761;3144;3301;2537;3123;10;13;24;3620;2572;3307;3304;2886;1438;1439;1440;836;1441;1442;1443;1444;990;1445;1446;3126;3058;2634;2680;101,1587:27900;453:27908.17577660163;1668:27915.034757167312;142:27930.89627631668;3573:27935.78694690623;3574:27940.31797694895;3551:27949.60368583782;3316:27955.88010114064;3657:27956.194004640653;2761:27962.74116053387;3144:27971.172054147497;3301:27977.548120308988;2537:27978.344684511812;3123:28001.72508582015;10:28024.431337818576;13:28025.032025472632;24:28025.871419382864;3620:28037.432261951326;2572:28061.340759961047;3307:28090.617089086918;3304:28093.991916825395;2886:28114.101400547584;1438:28123.09549952499;1439:28136.564715239278;1440:28150.091366531702;836:28152.335264114852;1441:28163.898935894613;1442:28190.49418400703;1443:28195.648815636017;1444:28204.84751007092;990:28234.972531775165;1445:28243.862773731613;1446:28285.336688077277;3126:28286.91545010423;3058:28325.574602459845;2634:28345.47236315013;2680:28349.996340982554;101:28407.86410881603
0,11,default_vehtype,boarding,True,27900,28509.743944579855,28566.563470168876,28509.743944579855,0.0,1125;-1;-1,1125;-1;-1,0.0,0.8239403855653075,0.8239403855653075,0,,0,11,1,11,,,
0,7,default_vehtype,route,False,-1000,26786.437733816736,28700.750132453235,26786.437733816736,0.0,1176;-1;-1,3562;-1;-1,9078.979647081007,0.7739774550777584,0.7730695571130524,0.0,,0,4,1,,,1176;1177;2392;2549;2548;3656;66;143;3621;61;62;3223;3583;2560;2559;3221;3217;2558;2557;2556;3614;3808;722;3929;3690;723;1197;3972;3971;3935;3807;2858;1610;3195;3194;2866;3684;2867;956;1056;1057;3199;3200;1858;1859;465;466;467;468;469;470;471;472;1048;3669;1558;4028;2133;3675;1815;1517;3425;1759;1760;1127;995;830;326;327;3564;3566;3565;328;3562,1176:26786.437733816736;1177:26787.850507022624;2392:26794.238726460302;2549:26803.0705358109;2548:26805.694947946693;3656:26810.782258734504;66:26834.238698530058;143:26848.327988667967;3621:26854.255808792524;61:26868.857668868226;62:26889.39852780234;3223:26896.013066254796;3583:26920.078837432822;2560:26922.99592532871;2559:26931.962561245316;3221:26934.620357217245;3217:26938.384032330105;2558:26948.60044455637;2557:26973.461346817363;2556:26977.455274917957;3614:26979.614631059878;3808:27000.577427443855;722:27005.633072394332;3929:27007.019941892682;3690:27038.599398696882;723:27065.57031718257;1197:27118.338764732343;3972:27241.090370905156;3971:27397.462090564677;3935:27437.320249170836;3807:27488.53042108085;2858:27518.026257061454;1610:27543.577897298754;3195:27544.320866471502;3194:27744.7413125444;2866:27789.07398856788;3684:27792.7098755164;2867:27793.724669625546;956:27834.41687234454;1056:27854.688287717898;1057:27867.630965093453;3199:27884.263060156463;3200:27893.60520246181;1858:27912.951816248853;1859:27947.6413537893;465:27962.905507668696;466:27977.36893767951;467:27987.69280403946;468:28011.35088092818;469:28040.258761447705;470:28053.278120393592;471:28061.470863868977;472:28068.59791856723;1048:28110.935105863766;3669:28130.89057522685;1558:28134.176125981372;4028:28141.452498169852;2133:28146.449463518275;3675:28164.39190594731;1815:28184.019758473627;1517:28283.7294433568;3425:28287.778864660348;1759:28333.547415367175;1760:28344.65310707977;1127:28373.166087473317;995:28384.438094431207;830:28401.717278685945;326:28424.861773668006;327:28427.360855219766;3564:28690.175372762187;3566:28693.663356820492;3565:28694.568738041122;328:28699.166265346976;3562:28700.750132453235
0,7,default_vehtype,boarding,True,-1,28700.750132453235,28730.750132453235,28700.750132453235,0.0,3562;-1;-1,3562;-1;-1,0.0,0.7730695571130524,0.7730695571130524,0,,0,4,1,,4,,
0,0,default_vehtype,out_of_service,True,-1,25190,28800,25190,0,8.0;-1;-1,8.0;-1;-1,0.0,1.0,1.0,0,,0,,0,,,,
0,9,default_vehtype,route,False,-1000,28027.66162613593,29086.251127406107,28027.66162613593,0.0,1889;-1;-1,2617;-1;-1,8684.684658140999,0.7350922205529083,0.7342237520870943,0.0,,0,7,1,,,1889;2305;997;3400;832;3922;3772;2386;4027;3560;3561;3563;3562;328;3314;2716;2715;172;3873;3178;3177;145;3387;3931;45;3329;2591;2592;2721;2723;3113;53;3262;52;3261;3250;3941;2869;2605;2742;2604;3586;2603;3491;3495;3494;3498;3499;3496;3497;3133;2686;2610;2609;2611;2612;2613;3940;2614;2615;2616;2713;2606;69;3559;2617,1889:28027.66162613593;2305:28064.22922561508;997:28087.517739031064;3400:28089.482572084464;832:28100.402112426327;3922:28101.95674473974;3772:28112.490956820693;2386:28128.9441805464;4027:28129.615384919503;3560:28141.411355811593;3561:28158.39874006437;3563:28159.342007899988;3562:28163.05115673582;328:28165.0177217294;3314:28238.555089046513;2716:28301.242658393436;2715:28371.66809746422;172:28377.717658272522;3873:28388.35442358813;3178:28443.077347100476;3177:28476.485627125254;145:28492.88999712051;3387:28598.61287700505;3931:28633.944303377393;45:28664.448093378072;3329:28690.13651007438;2591:28701.969785548314;2592:28703.06308958391;2721:28770.783358940356;2723:28772.54357153791;3113:28773.83484605397;53:28778.246736000838;3262:28808.819048669462;52:28810.308093625037;3261:28812.0072059611;3250:28839.251479343926;3941:28842.92767441302;2869:28846.485342013817;2605:28858.4361379275;2742:28859.23845412655;2604:28865.858582332105;3586:28884.19981694846;2603:28884.77161178777;3491:28888.763708211176;3495:28918.685473063186;3494:28920.75104323685;3498:28921.75733427611;3499:28922.80748439403;3496:28926.918155771436;3497:28938.56271917368;3133:28944.919706189576;2686:28949.70531361257;2610:28954.92047312491;2609:28970.938959260027;2611:28976.220884350176;2612:28982.43705154514;2613:28987.018837773805;3940:28992.7604850581;2614:28993.833805739567;2615:28999.64232985926;2616:29006.570361560574;2713:29018.204276146913;2606:29023.672355250194;69:29038.396100788097;3559:29045.210256110247;2617:29086.251127406107
0,9,default_vehtype,boarding,True,-1,29086.251127406107,29116.251127406107,29086.251127406107,0.0,2617;-1;-1,2617;-1;-1,0.0,0.7342237520870943,0.7342237520870943,0,,0,7,1,,7,,
0,10,default_vehtype,route,False,-1000,28142.44826359558,29540.614782237048,28142.44826359558,0.0,3723;-1;-1,2508;-1;-1,11532.56405033102,0.536692843765786,0.5355395873607532,0.0,,0,5,1,,,3723;3722;2816;28;30;1679;1652;1680;1681;1591;815;1682;1683;881;882;1677;1960;1684;1685;510;1421;1686;112;1687;2107;710;711;712;713;714;715;3287;3275;647;2849;97;3132;3283;3444;3289;2896;2153;2329;2330;2331;2332;774;895;2048;2025;1189;1768;1566;1251;541;1250;790;2266;1045;1088;1623;417;3795;2694;64;3575;3945;2700;63;3449;2864;3450;3119;268;2633;4067;2632;4001;4004;3750;3749;3684;2867;2906;957;1859;958;3197;3198;1648;764;2300;2485;2508,3723:28142.44826359558;3722:28189.701481624517;2816:28197.487501469062;28:28200.997149570998;30:28203.311386057543;1679:28214.586899547707;1652:28226.485874707618;1680:28232.17305669929;1681:28247.821445366626;1591:28252.33408343588;815:28268.732633333075;1682:28293.48935089309;1683:28303.57852642245;881:28317.605810931957;882:28326.836972403893;1677:28350.805473749013;1960:28369.9949162162;1684:28379.61498798486;1685:28406.52762498944;510:28414.206284022748;1421:28423.099268323254;1686:28429.09757351028;112:28440.699276221032;1687:28475.003942379375;2107:28486.93269010108;710:28493.88335857955;711:28501.713112626272;712:28518.96983753559;713:28525.408905240194;714:28537.153475133986;715:28578.367340531175;3287:28602.377635870453;3275:28605.742114059696;647:28611.87473942992;2849:28619.263281952874;97:28653.60443161214;3132:28657.476930428973;3283:28660.87218429272;3444:28691.08725936921;3289:28694.950609212287;2896:28718.450102228948;2153:28726.27974435028;2329:28729.29770856539;2330:28740.437741016864;2331:28772.127996575386;2332:28778.560661597752;774:28791.023760517724;895:28799.305951499253;2048:28807.414865705287;2025:28811.69227433301;1189:28818.081690704086;1768:28825.365361053548;1566:28828.347071037595;1251:28839.55334628303;541:28845.91332242504;1250:28850.137860008515;790:28858.638571051637;2266:28877.482990251814;1045:28888.27181144232;1088:28908.13265675772;1623:28942.36564817617;417:28955.46522622209;3795:28969.0582702739;2694:28975.1855314632;64:28981.349882113685;3575:28998.800335420696;3945:29001.95363095117;2700:29010.344924674406;63:29027.764074295876;3449:29106.57464398634;2864:29107.923025253487;3450:29111.024949428764;3119:29182.068775496213;268:29211.822461775497;2633:29214.720142202004;4067:29272.564395651614;2632:29273.75885657436;4001:29274.465816810996;4004:29276.240857161723;3750:29296.49161649176;3749:29310.30149884892;3684:29331.360516451437;2867:29333.150688732065;2906:29347.78148290672;957:29365.13251158315;1859:29382.149382799696;958:29395.218602007808;3197:29402.95371784633;3198:29404.18504946171;1648:29423.06871918958;764:29480.03778732434;2300:29483.762299967697;2485:29491.182737458526;2508:29540.614782237048
0,11,default_vehtype,route,False,-1000,28566.563470168876,29559.902802707198,28566.563470168876,0.0,1125;-1;-1,2064;-1;-1,4725.655845960005,0.8239403855653075,0.8234678199807118,0.0,,0,11,1,,,1125;1124;2106;2105;437;436;3664;435;2668;248;434;433;432;431;430;3112;3054;2715;2716;428;427;3568;426;3567;3315;3475;3474;425;3925;3476;3313;3665;2347;2252;336;2671;2065;2064,1125:28566.563470168876;1124:28589.552418626943;2106:28591.690504313163;2105:28607.049491830563;437:28635.74318574243;436:28659.88527897145;3664:28672.677237565396;435:28685.330644012174;2668:28708.236440237215;248:28737.061406598492;434:28842.773308105203;433:28873.584312196468;432:28926.033414944402;431:28942.499293337805;430:28955.965116613395;3112:28984.244936957482;3054:28998.33030624341;2715:29049.978558928684;2716:29140.906636971584;428:29145.33144707887;427:29179.94563232529;3568:29241.54642542212;426:29245.769183895703;3567:29246.789504230284;3315:29256.647218195943;3475:29316.95338876629;3474:29321.404115070993;425:29350.2261135151;3925:29365.818044668034;3476:29367.55589116961;3313:29393.185096612473;3665:29394.888827131297;2347:29455.898502527634;2252:29478.0051306702;336:29530.944813260176;2671:29537.58453306637;2065:29547.20033580877;2064:29559.902802707198
0,10,default_vehtype,boarding,True,-1,29540.614782237048,29570.614782237048,29540.614782237048,0.0,2508;-1;-1,2508;-1;-1,0.0,0.5355395873607532,0.5355395873607532,0,,0,5,1,,5,,
0,11,default_vehtype,boarding,True,-1,29559.902802707198,29589.902802707198,29559.902802707198,0.0,2064;-1;-1,2064;-1;-1,0.0,0.8234678199807118,0.8234678199807118,0,,0,11,1,,11,,
0,6,default_vehtype,route,False,-1000,28260,29653.712303904907,28260,0,1447;2787;0.719,495;-1;-1,11010.807803914453,0.5804112986838488,0.5793102179034577,0.0,,0,,0,,,1447;2787;1447;3452;2790;2789;2792;2793;29;2796;564;565;2827;2399;1960;1684;1685;510;1421;1686;112;1687;2107;710;711;712;713;714;715;3287;3275;647;2849;97;3132;3283;3444;3289;3443;3445;2999;98;99;3285;2681;407;3991;408;3989;409;3512;410;2997;3510;3815;3814;3961;3000;3506;2995;2991;2996;2994;2417;1023;1921;2422;2172;480;986;2074;1665;1848;2247;2477;1583;3746;4022;2703;215;3745;3744;3604;216;3358;217;1313;1715;3357;175;2456;2184;1315;1316;219;220;221;222;223;224;225;496;495,1447:28260;2787:28261.22289104735;1447:28262.149445957675;3452:28264.097667085076;2790:28280.234098133176;2789:28310.454372531527;2792:28323.057497116566;2793:28340.199509806087;29:28360.36081155013;2796:28387.999155498877;564:28396.676752028154;565:28427.85168334476;2827:28429.886815208552;2399:28437.177235811905;1960:28445.306453116176;1684:28454.926524884835;1685:28481.839161889417;510:28489.517820922723;1421:28498.41080522323;1686:28504.409110410255;112:28516.010813121007;1687:28550.31547927935;2107:28562.244227001054;710:28569.194895479526;711:28577.024649526247;712:28594.281374435566;713:28600.72044214017;714:28612.46501203396;715:28653.67887743115;3287:28677.689172770428;3275:28681.05365095967;647:28687.186276329896;2849:28694.57481885285;97:28728.915968512116;3132:28732.788467328948;3283:28736.183721192694;3444:28766.398796269186;3289:28770.26214611226;3443:28783.365139082613;3445:28815.847004131672;2999:28819.45051186538;98:28821.18414178005;99:28825.24768890869;3285:28845.72085506795;2681:28866.103119051106;407:28867.383653292116;3991:28869.545340371205;408:28881.9853250242;3989:28886.791096085508;409:28902.80833530522;3512:28906.597841549585;410:28908.630199365056;2997:28912.971992960953;3510:28923.771531005616;3815:28987.870662628327;3814:29005.319449007406;3961:29012.795902178095;3000:29051.96225484697;3506:29057.048902180395;2995:29083.013066976688;2991:29093.683789813538;2996:29097.915351231783;2994:29109.721988563968;2417:29132.914538621204;1023:29142.997142742657;1921:29158.07996138766;2422:29161.08833355704;2172:29169.016634480544;480:29194.383039598873;986:29200.514977981224;2074:29202.670027404518;1665:29211.633496763705;1848:29253.421596688724;2247:29267.89037017869;2477:29283.464862445664;1583:29292.218109186088;3746:29307.038769039355;4022:29316.539596350645;2703:29321.763054302464;215:29322.60775025838;3745:29324.21756560605;3744:29328.36927208436;3604:29329.970503767636;216:29336.640639986086;3358:29338.10393346266;217:29343.61534957558;1313:29356.31656596;1715:29375.43743627171;3357:29389.176750794024;175:29390.771970317954;2456:29412.692784406165;2184:29422.47505599832;1315:29460.539565735642;1316:29468.113531878014;219:29479.557240183956;220:29483.66629826806;221:29491.47322234743;222:29501.92950490389;223:29529.128840796624;224:29542.538696891683;225:29556.029888032223;496:29616.34694449578;495:29653.712303904907
0,6,default_vehtype,boarding,True,28260,29653.712303904907,29715.698057121142,29653.712303904907,0.0,495;-1;-1,495;-1;-1,0.0,0.5793102179034577,0.5793102179034577,0,,0,12,1,12,,,
0,0,default_vehtype,route,False,-1000,29100,29772.364277648503,29100,0,8.0;-1;-1,1807;-1;-1,7061.486545319998,1.0,0.999293851345468,0.0,,0,,0,,,8.0;2667;9;3375;144;74;3377;2642;75;797;3090;3091;3089;3074;3153;3076;3125;73;3233;3234;1780;193;910;2828;3371;85;3610;2935;3607;2766;2679;2765;2629;143;66;3529;3527;3528;3227;3226;67;3224;3582;2559;3221;3217;2558;2557;2556;3216;1808;1807,8.0:29100;2667:29127.582005369208;9:29138.962079234356;3375:29149.34600050991;144:29149.993209381308;74:29151.192218569387;3377:29151.778270070343;2642:29175.10372656943;75:29190.034677113956;797:29194.77836488524;3090:29222.897015580333;3091:29228.121493911647;3089:29257.047899125344;3074:29259.981718597737;3153:29264.58994055609;3076:29272.99800811025;3125:29274.64174033771;73:29285.75447421468;3233:29292.012380273314;3234:29293.57937318554;1780:29295.181341960742;193:29299.327617982777;910:29403.07708603327;2828:29407.568193457322;3371:29408.224961068547;85:29414.04557326003;3610:29451.68763131929;2935:29464.021529688867;3607:29472.20195188836;2766:29500.76377631644;2679:29503.82337376234;2765:29507.119360455832;2629:29566.906680987067;143:29569.50210772677;66:29577.400303401155;3529:29586.28914428504;3527:29593.077301463836;3528:29598.142644879386;3227:29604.006392351195;3226:29615.464860981494;67:29631.321670020592;3224:29638.18988477783;3582:29658.954378364633;2559:29659.719074963275;3221:29661.86389122199;3217:29673.923359889424;2558:29686.82668460122;2557:29741.469462284418;2556:29748.010594303512;3216:29752.4715380877;1808:29754.87116832891;1807:29772.364277648503
0,7,default_vehtype,route,False,-1000,28860,29785.651114878197,28860,0,3562;-1;-1,1005;-1;-1,6209.414714456,0.7730695571130524,0.7724486156416065,0.0,,0,,0,,,3562;3563;3561;3564;327;833;4069;3427;3115;3666;3150;2675;3680;3203;424;423;422;421;2866;3684;3899;3898;1057;3667;1058;3897;3685;683;682;681;680;871;272;333;2384;2109;1758;1926;1925;1924;2184;1315;1314;1313;217;3358;3355;1005,3562:28860;3563:28860.782946033643;3561:28862.92442167128;3564:28865.172804273578;327:28873.82948156199;833:28890.096655781235;4069:28898.78426588073;3427:29011.310790624528;3115:29043.983270673394;3666:29047.94131837919;3150:29096.4382158893;2675:29117.787788196412;3680:29119.799091582354;3203:29126.092621227624;424:29143.892748027836;423:29185.874878153158;422:29216.062960752977;421:29338.625566823433;2866:29342.560240009385;3684:29343.392853783545;3899:29361.634945018028;3898:29368.262256210153;1057:29390.280608246514;3667:29397.636479848137;1058:29405.5017295769;3897:29407.127678328216;3685:29437.15640441064;683:29448.86649727256;682:29450.990135168795;681:29456.024257784677;680:29463.330875396554;871:29474.96974083138;272:29525.53631710235;333:29530.733048033162;2384:29563.766956861975;2109:29568.067763392115;1758:29576.017830775894;1926:29587.24188281808;1925:29600.80354851921;1924:29628.15041874961;2184:29642.77257788044;1315:29667.262895847343;1314:29670.62902350123;1313:29732.757143091796;217:29745.763198455625;3358:29761.830819282368;3355:29778.87288642742;1005:29785.651114878197
0,0,default_vehtype,boarding,True,29100,29772.364277648503,29793.50823543332,29772.364277648503,0.0,1807;-1;-1,1807;-1;-1,0.0,0.999293851345468,0.999293851345468,0,,0,18,1,18,,,
0,7,default_vehtype,boarding,True,28860,29785.651114878197,29799.477748608533,29785.651114878197,0.0,1005;-1;-1,1005;-1;-1,0.0,0.7724486156416065,0.7724486156416065,0,,0,17,1,17,,,
0,8,default_vehtype,route,False,-1000,29160,29921.751670058162,29160,0,101;3271;0.822,3661;-1;-1,6502.626557641178,0.8112073090021233,0.8105570463463604,0.0,,0,,0,,,101;3271;3270;3386;145;3177;3178;2714;3053;2917;3414;3413;3412;3169;567;853;1038;3801;1897;3653;1893;1898;1899;4007;1900;4006;3661,101:29160;3271:29190.41440400933;3270:29202.242412092644;3386:29226.747951546655;145:29330.253791243395;3177:29345.325097130608;3178:29414.095822383282;2714:29423.503893999852;3053:29447.87366304852;2917:29658.908962332192;3414:29714.214925364675;3413:29749.905562471708;3412:29769.27159395512;3169:29785.627702434864;567:29809.74375992964;853:29827.69413097929;1038:29850.571689503242;3801:29853.5780243836;1897:29855.318122970195;3653:29859.42410948685;1893:29864.435474400685;1898:29877.72929683295;1899:29879.535583843237;4007:29915.08556657745;1900:29916.57371495052;4006:29916.96448729986;3661:29921.751670058162
0,8,default_vehtype,boarding,True,29160,29921.751670058162,30030.216556664607,29921.751670058162,0.0,3661;-1;-1,3661;-1;-1,0.0,0.8105570463463604,0.8105570463463604,0,,0,19,1,19,,,
0,11,default_vehtype,route,False,-1000,29760,30089.98652863959,29760,0,2064;-1;-1,2319;-1;-1,2014.0445882299998,0.8234678199807118,0.8232664155218884,0.0,,0,,0,,,2064;2065;2671;2670;3666;1517;3672;265;1518;214;236;2319,2064:29760;2065:29776.064680981857;2671:29781.294770301232;2670:29829.748161473857;3666:29831.387179765537;1517:29884.531859126015;3672:29959.640003606553;265:29967.593907909748;1518:29988.00089903443;214:30034.835556230533;236:30074.941271153795;2319:30089.98652863959
0,11,default_vehtype,boarding,True,29760,30089.98652863959,30091.08056527146,30089.98652863959,0.0,2319;-1;-1,2319;-1;-1,0.0,0.8232664155218884,0.8232664155218884,0,,0,22,1,22,,,
0,10,default_vehtype,route,False,-1000,29640,30263.753477520284,29640,0,2508;-1;-1,1392;-1;-1,3547.2103064460002,0.5355395873607532,0.5351848663301075,0.0,,0,,0,,,2508;2485;2300;764;614;2688;422;421;2866;3446;3805;4003;4001;2632;4067;2633;331;419;2863;3995;2864;3449;63;2700;2657;3596;3845;2698;3841;502;1392,2508:29640;2485:29655.0779746333;2300:29674.770530710295;764:29681.3493522686;614:29687.240865210846;2688:29710.55337984934;422:29717.614660086838;421:29807.03443504479;2866:29812.39753416272;3446:29823.58839897185;3805:29828.719962252035;4003:29841.173646436226;4001:29843.65870307004;2632:29845.168989337555;4067:29847.688069773096;2633:29984.63794212748;331:29990.986757515842;419:30002.397054010115;2863:30020.409839704844;3995:30068.721264605487;2864:30073.57233836544;3449:30075.275603428232;63:30112.96050711649;2700:30125.727639554207;2657:30128.412408341672;3596:30142.978349173343;3845:30203.77514157397;2698:30254.072191066476;3841:30256.096590349556;502:30257.08296269661;1392:30263.753477520284
0,0,default_vehtype,route,False,-1000,29793.50823543332,30413.528863294647,29793.50823543332,0.0,1807;-1;-1,3665;-1;-1,5620.976486639997,0.999293851345468,0.9987317536968041,0.0,,0,18,1,,,1807;1808;3614;3808;722;3692;3212;1545;3612;2487;3967;2334;2697;3208;2698;3845;3596;2657;180;3994;3686;173;3450;3119;268;2633;4067;2632;4004;3750;3749;3684;2867;421;422;423;2687;3680;3203;3204;3926;3150;3666;3115;338;3665,1807:29793.50823543332;1808:29804.01216583733;3614:29815.710680879096;3808:29831.49442603579;722:29840.93420732186;3692:29842.086903823685;3212:29848.295189055207;1545:29860.903877151475;3612:29866.830716313987;2487:29878.58117180822;3967:29886.097640614113;2334:29888.024256845165;2697:29891.199411939382;3208:29902.307827791024;2698:29922.226846921138;3845:29947.522777056416;3596:29964.975389373154;2657:29972.774377582595;180:29983.527176649775;3994:29984.370320538517;3686:29987.423705577552;173:30002.780495511808;3450:30020.246534381142;3119:30051.109205480865;268:30067.616883376522;2633:30068.725732312403;4067:30085.89837526699;2632:30088.02201357767;4004:30090.097248449187;3750:30102.453846633416;3749:30114.400913083664;3684:30126.94968350793;2867:30128.038800752773;421:30132.383523953536;422:30210.479666592662;423:30261.43137476238;2687:30263.761444810163;3680:30312.89323355451;3203:30315.336154512144;3204:30316.1134426242;3926:30345.059750316468;3150:30349.465529596902;3666:30378.017368111407;3115:30382.383405392313;338:30384.225783497463;3665:30413.528863294647
0,0,default_vehtype,boarding,True,-1,30413.528863294647,30443.528863294647,30413.528863294647,0.0,3665;-1;-1,3665;-1;-1,0.0,0.9987317536968041,0.9987317536968041,0,,0,18,1,,18,,
0,10,default_vehtype,boarding,True,29640,30263.753477520284,30499.250930422357,30263.753477520284,0.0,1392;-1;-1,1392;-1;-1,0.0,0.5351848663301075,0.5351848663301075,0,,0,21,1,21,,,
0,6,default_vehtype,route,False,-1000,29715.698057121142,30508.901703561434,29715.698057121142,0.0,495;-1;-1,3562;-1;-1,5173.433621228998,0.5793102179034577,0.5787928745413349,0.0,,0,12,1,,,495;496;1793;281;1052;1062;1061;1060;1059;683;3685;1058;3897;3667;1057;3898;1056;956;957;958;3197;3198;1648;764;2300;2485;2191;2133;3675;1815;1517;3425;3426;1616;4069;833;327;3564;3566;3565;3563;3562,495:29715.698057121142;496:29732.203542091116;1793:29777.58690910806;281:29808.007627692266;1052:29829.853275221703;1062:29841.170441856673;1061:29846.804485701756;1060:29866.75093802537;1059:29892.581826982834;683:29909.141398696534;3685:29917.07100153596;1058:29932.097055969567;3897:29935.25793000904;3667:29947.964328928265;1057:29970.152868051264;3898:29981.4986094668;1056:29984.277920354052;956:29991.396435795123;957:30006.075174448655;958:30032.113384569784;3197:30035.267529257588;3198:30037.9609415045;1648:30048.718986895547;764:30064.588436231723;2300:30078.389743646236;2485:30086.581072347864;2191:30121.40223132893;2133:30146.949167444935;3675:30168.18594644603;1815:30189.44199792078;1517:30226.311327355717;3425:30232.42182841492;3426:30238.967523877098;1616:30294.725707142854;4069:30304.044686598398;833:30320.3889714665;327:30458.053878488685;3564:30494.76174679897;3566:30500.210416609487;3565:30500.95692678545;3563:30506.346388280475;3562:30508.901703561434
0,6,default_vehtype,boarding,True,-1,30508.901703561434,30538.901703561434,30508.901703561434,0.0,3562;-1;-1,3562;-1;-1,0.0,0.5787928745413349,0.5787928745413349,0,,0,12,1,,12,,
0,0,default_vehtype,route,False,-1000,30443.528863294647,30585.19680656276,30443.528863294647,0.0,3665;-1;-1,1815;-1;-1,911.1934843099998,0.9987317536968041,0.9986406343483732,0.0,,0,,0,,,3665;338;2670;3666;1517;1815,3665:30443.528863294647;338:30503.324082437273;2670:30507.725096064743;3666:30509.517402786143;1517:30545.99095598601;1815:30585.19680656276
0,0,default_vehtype,boarding,True,30360,30585.19680656276,30614.694435116715,30585.19680656276,0.0,1815;-1;-1,1815;-1;-1,0.0,0.9986406343483732,0.9986406343483732,0.0,,0,24,1,24,,,
0,8,default_vehtype,route,False,-1000,30030.216556664607,30610.66559193091,30030.216556664607,0.0,3661;-1;-1,428;-1;-1,4823.621645344004,0.8105570463463604,0.810074684181826,0.0,,0,19,1,,,3661;4006;1900;4007;1899;1898;1893;3653;1897;3932;3801;1038;853;567;3169;3412;3462;2916;3413;2915;3336;3054;2715;2716;428,3661:30030.216556664607;4006:30031.06063679863;1900:30032.349799636824;4007:30033.127297526164;1899:30080.472361545933;1898:30085.666174133003;1893:30089.64060062538;3653:30090.998064100422;1897:30096.85214556492;3932:30102.45218207252;3801:30105.7892113191;1038:30111.063821088024;853:30141.989363581048;567:30156.804005268976;3169:30206.727110917203;3412:30227.927442566714;3462:30231.913120675836;2916:30249.35238198277;3413:30254.328273493633;2915:30318.53823190655;3336:30484.090008621948;3054:30523.610585435894;2715:30532.71460809059;2716:30608.595305367875;428:30610.66559193091
0,8,default_vehtype,boarding,True,-1,30610.66559193091,30640.66559193091,30610.66559193091,0.0,428;-1;-1,428;-1;-1,0.0,0.810074684181826,0.810074684181826,0,,0,19,1,,19,,
0,9,default_vehtype,route,False,-1000,30720,30750,30720,0,2617;-1;-1,76;3915;0.854,375.31452181602776,0.7342237520870943,0.7341862206349128,0.0,,0,,0,,,2617;2540;76,2617:30720;2540:30730.228955342405;76:30735.061941717722
0,8,default_vehtype,route,False,-1000,30660.0,30787.66260794982,30660.0,0.0,428;-1;-1,1;-1;-1,750.4586684100001,0.810074684181826,0.8099996383149849,0.0,,0,,0,,,428;3771;172;2715;3054;2596;1,428:30660;3771:30696.72648205616;172:30700.223032277987;2715:30706.304669667534;3054:30712.399077801743;2596:30716.144449504547;1:30787.66260794982
0,8,default_vehtype,boarding,True,30660,30787.66260794982,30789.040379683887,30787.66260794982,0.0,1;-1;-1,1;-1;-1,0.0,0.8099996383149849,0.8099996383149849,0.0,,0,28,1,28,,,
0,6,default_vehtype,route,False,-1000,30538.901703561434,31064.083441526127,30538.901703561434,0.0,3562;-1;-1,821;-1;-1,2979.52518197,0.5787928745413349,0.5784949220231376,0.0,,0,,0,,,3562;4026;3644;2387;2207;3868;2206;2306;212;213;1531;600;1532;1533;2049;675;2241;824;823;822;821,3562:30538.901703561434;4026:30589.479136143003;3644:30596.806121615897;2387:30607.274819810038;2207:30612.165884844137;3868:30620.564761042377;2206:30628.112550007027;2306:30657.936802686374;212:30678.528092775367;213:30700.85744484632;1531:30708.080500378477;600:30712.42961922387;1532:30725.413486315607;1533:30732.68181085197;2049:30889.993034510884;675:30915.465968714478;2241:30946.241227727412;824:30971.631388069323;823:31003.36429958356;822:31027.066044220905;821:31064.083441526127
0,6,default_vehtype,boarding,True,30360,31064.083441526127,31082.121315646717,31064.083441526127,0.0,821;-1;-1,821;-1;-1,0.0,0.5784949220231376,0.5784949220231376,0,,0,25,1,25,,,
0,7,default_vehtype,route,False,-1000,29799.477748608533,31111.152724601125,29799.477748608533,0.0,1005;-1;-1,385;-1;-1,8034.545494111996,0.7724486156416065,0.7716451610921948,0.0,,0,17,1,,,1005;3355;216;3358;217;1313;1715;3357;175;2456;2184;1924;1925;2455;1758;2109;2384;734;419;331;2633;4067;2632;4004;3750;3749;3684;2867;421;422;423;2687;2191;2133;3675;1815;1517;3425;1759;1760;1761;1400;1269;1128;996;997;3400;832;3922;3772;2386;4026;2208;1880;2403;2503;2345;358;2372;2497;2203;2223;1717;2179;385,1005:29799.477748608533;3355:29837.217217653273;216:29840.06111579783;3358:29841.059415810687;217:29864.195008448416;1313:29869.228262911027;1715:29880.16041714008;3357:29884.80563694605;175:29885.534062499817;2456:29919.371630592625;2184:29933.17442210577;1924:29948.396306020422;1925:29954.040101472972;2455:29960.309971183455;1758:29976.121815474526;2109:29978.31431767165;2384:29984.339253481678;734:30042.260103693952;419:30077.196620917086;331:30089.353207404412;2633:30101.836570265343;4067:30119.009213219928;2632:30120.49514306827;4004:30122.5437547036;3750:30146.472370421892;3749:30154.18976647366;3684:30165.79515011132;2867:30166.884267356163;421:30171.228990556927;422:30249.325133196053;423:30300.27684136577;2687:30302.606911413553;2191:30345.739383820746;2133:30371.28631993675;3675:30392.523098937843;1815:30413.779150412596;1517:30450.648479847532;3425:30456.758980906736;1759:30476.94788624135;1760:30501.10300158481;1761:30521.830436261967;1400:30550.455906343126;1269:30552.976950988035;1128:30569.64315681721;996:30585.287188057235;997:30589.105303404787;3400:30596.897158530875;832:30602.08794370313;3922:30602.792602433165;3772:30643.411322293392;2386:30701.409195919317;4026:30703.765125544993;2208:30775.077401377417;1880:30797.823265630963;2403:30898.801638639252;2503:30972.39832948948;2345:30987.25240230407;358:31019.648884552742;2372:31024.947916823916;2497:31040.342987845986;2203:31060.504850075675;2223:31074.826917979186;1717:31094.352181565246;2179:31098.479523619244;385:31111.152724601125
0,7,default_vehtype,boarding,True,-1,31111.152724601125,31141.152724601125,31111.152724601125,0.0,385;-1;-1,385;-1;-1,0.0,0.7716451610921948,0.7716451610921948,0,,0,17,1,,17,,
0,8,default_vehtype,route,False,-1000,30789.040379683887,31428.868866203047,30789.040379683887,0.0,1;-1;-1,1809;-1;-1,5792.489974220001,0.8099996383149849,0.8094203893175622,0.0,,0,28,1,,,1;3272;2526;103;3267;2585;2637;134;2583;3349;1813;1812;361;1811;1810;1362;2623;1809,1:30789.040379683887;3272:30813.023867419834;2526:30886.6216147652;103:30915.532635782754;3267:30984.906725403223;2585:31084.697718558135;2637:31124.809255732907;134:31142.2932853147;2583:31145.5561581914;3349:31163.13623093707;1813:31232.024272346596;1812:31270.11778705449;361:31304.714621693827;1811:31317.17968749276;1810:31368.385415355173;1362:31394.258866413176;2623:31405.883897081614;1809:31428.868866203047
0,11,default_vehtype,route,False,-1000,30091.08056527146,31443.55992511432,30091.08056527146,0.0,2319;-1;-1,1587;-1;-1,8612.451234426995,0.8232664155218884,0.8224051703984461,0.0,,0,22,1,,,2319;236;214;3419;3420;3422;3424;3425;3426;3427;3115;338;337;3974;336;2252;3762;1492;335;3110;2637;134;3351;334;3111;2678;3108;3102;2677;3780;2676;1481;1480;84;107;13;24;23;3122;2536;2762;2595;4076;3487;3557;3155;1450;1588;2834;1587,2319:30091.08056527146;236:30105.870093933037;214:30117.573282306366;3419:30120.65997818056;3420:30129.58674755841;3422:30234.368789437074;3424:30239.769195716573;3425:30294.81634971831;3426:30301.362045180485;3427:30316.120411755186;3115:30327.52713210395;338:30329.3695102091;337:30390.457467786986;3974:30392.428983869027;336:30418.550520595832;2252:30432.76449971053;3762:30447.836740192513;1492:30492.830543702257;335:30532.04996776029;3110:30559.30971978405;2637:30599.985896989838;134:30624.90322484533;3351:30749.910450647865;334:30754.74443035265;3111:30758.184732866215;2678:30874.391819943456;3108:30898.126034828987;3102:30961.29796430372;2677:30966.579916782488;3780:30989.753412588394;2676:31032.51761226224;1481:31078.61721999927;1480:31137.78613534479;84:31170.200043223333;107:31176.36401461162;13:31314.018154160745;24:31315.712688285195;23:31316.841908208135;3122:31331.864457458076;2536:31359.484322422715;2762:31379.706706311285;2595:31393.222903656664;4076:31404.283014989258;3487:31410.727746865963;3557:31412.040171504395;3155:31415.31294195823;1450:31418.260156373428;1588:31420.860836343512;2834:31436.009671950622;1587:31443.55992511432
0,8,default_vehtype,boarding,True,-1,31428.868866203047,31458.868866203047,31428.868866203047,0.0,1809;-1;-1,1809;-1;-1,0.0,0.8094203893175622,0.8094203893175622,0,,0,28,1,,28,,
0,11,default_vehtype,boarding,True,-1,31443.55992511432,31473.55992511432,31443.55992511432,0.0,1587;-1;-1,1587;-1;-1,0.0,0.8224051703984461,0.8224051703984461,0,,0,22,1,,22,,
0,10,default_vehtype,route,False,-1000,30499.250930422357,31508.941109058596,30499.250930422357,0.0,1392;-1;-1,2098;-1;-1,6702.062739213996,0.5351848663301075,0.534514660056186,0.0,,0,21,1,,,1392;502;3841;2698;3208;504;3211;2859;505;506;507;1333;1332;1949;720;515;516;2162;1891;1701;3141;3579;2363;2126;3544;1418;2364;2934;3625;3438;3440;2554;3631;2590;2589;3630;3623;971;3439;3637;972;973;974;3716;3717;975;976;977;978;979;2262;2263;3977;2212;3844;2096;781;1132;891;2097;1755;2098,1392:30499.250930422357;502:30517.390865618385;3841:30519.176023009208;2698:30550.7309839991;3208:30582.467885520116;504:30587.06920950795;3211:30592.243911040823;2859:30634.28177081983;505:30647.58322926214;506:30657.143103760252;507:30662.91551455718;1333:30686.756900851542;1332:30688.589381400077;1949:30699.135285333017;720:30712.666722364665;515:30725.719164090442;516:30806.793933402965;2162:30820.483715579197;1891:30899.655983280798;1701:30915.858329455645;3141:30924.93765586835;3579:30927.64732508267;2363:30967.75318548969;2126:30975.00293567272;3544:31001.374410125904;1418:31007.343212744174;2364:31035.291535559394;2934:31040.747811228695;3625:31065.887853298547;3438:31073.68424687416;3440:31074.88552635815;2554:31076.34545828969;3631:31084.20112802362;2590:31096.507693151576;2589:31103.53235740288;3630:31135.005218254915;3623:31151.822448027717;971:31153.850221624674;3439:31158.174926090374;3637:31163.241335059804;972:31170.706277881844;973:31181.98614441877;974:31185.290788192946;3716:31200.38249188284;3717:31208.76752292213;975:31220.893909179653;976:31230.9795755519;977:31242.308624063025;978:31264.616259842318;979:31295.46449766117;2262:31303.73725461559;2263:31313.479871823576;3977:31331.51797485498;2212:31348.651700450504;3844:31348.990522617878;2096:31353.214916652425;781:31360.33861414155;1132:31368.78168314644;891:31391.12214951346;2097:31439.375819131834;1755:31499.736448267344;2098:31508.941109058596
0,10,default_vehtype,boarding,True,-1,31508.941109058596,31538.941109058596,31508.941109058596,0.0,2098;-1;-1,2098;-1;-1,0.0,0.534514660056186,0.534514660056186,0,,0,21,1,,21,,
0,0,default_vehtype,route,False,-1000,30614.694435116715,31673.214410652723,30614.694435116715,0.0,1815;-1;-1,1047;-1;-1,4631.755895660004,0.9986406343483732,0.9981774587588059,0.0,,0,24,1,,,1815;1517;3425;3426;3427;3115;338;3665;3925;3476;3477;3475;3474;426;3568;3314;328;3562;4026;2208;1880;2403;2503;2345;358;2372;2689;1664;2373;1426;2374;2375;1047,1815:30614.694435116715;1517:30651.56376455165;3425:30657.674265610854;3426:30664.21996107303;3427:30678.978327647732;3115:30690.385047996497;338:30692.227426101646;3665:30721.615994030763;3925:30731.46323225646;3476:30735.58981292106;3477:30760.195043956777;3475:30794.28135412183;3474:30797.83033570093;426:30829.74217450676;3568:30830.885014352898;3314:30834.7573990463;328:30922.22597993299;3562:30923.201841563292;4026:31007.35264302748;2208:31074.49837106912;1880:31097.244235322665;2403:31198.222608330954;2503:31271.81929918118;2345:31286.673371995774;358:31319.069854244444;2372:31321.209631757672;2689:31609.441401257434;1664:31617.958328384237;2373:31622.08640772976;1426:31632.370958371186;2374:31660.614894836093;2375:31662.641217852517;1047:31673.214410652723
0,0,default_vehtype,boarding,True,-1,31673.214410652723,31703.214410652723,31673.214410652723,0.0,1047;-1;-1,1047;-1;-1,0.0,0.9981774587588059,0.9981774587588059,0,,0,24,1,,24,,
0,8,default_vehtype,route,False,-1000,31458.868866203047,31770.09921545561,31458.868866203047,0.0,1809;-1;-1,3750;-1;-1,2099.5604940000003,0.8094203893175622,0.8092104332681621,0.0,,0,,0,,,1809;2623;3753;2625;2653;2905;82;183;2039;2865;3194;2866;3446;3749;3750,1809:31458.868866203047;2623:31492.724737342083;3753:31530.10677644938;2625:31533.548988151004;2653:31568.250062433708;2905:31571.31852618037;82:31599.00550583416;183:31620.56591681015;2039:31686.770048640195;2865:31688.449383135023;3194:31689.887364363476;2866:31737.964334867644;3446:31751.932909396106;3749:31760.716152209763;3750:31770.09921545561
0,8,default_vehtype,boarding,True,31020,31770.09921545561,31794.715651399005,31770.09921545561,0.0,3750;-1;-1,3750;-1;-1,0.0,0.8092104332681621,0.8092104332681621,0,,0,35,1,35,,,
0,0,default_vehtype,route,False,-1000,31703.214410652723,31907.157667271866,31703.214410652723,0.0,1047;-1;-1,2403;-1;-1,1693.2033208100004,0.9981774587588059,0.9980081384267249,0.0,,0,,0,,,1047;2375;2374;2443;2405;1278;852;2404;1469;2403,1047:31703.214410652723;2375:31731.081365112004;2374:31735.58942893616;2443:31746.605944767638;2405:31766.85728325189;1278:31813.37959211472;852:31837.050545888407;2404:31869.32023517733;1469:31900.372775770917;2403:31907.157667271866
0,0,default_vehtype,boarding,True,30780,31907.157667271866,31941.193126001413,31907.157667271866,0.0,2403;-1;-1,2403;-1;-1,0.0,0.9980081384267249,0.9980081384267249,0,,0,30,1,30,,,
0,7,default_vehtype,route,False,-1000,31141.152724601125,31955.52113315603,31141.152724601125,0.0,385;-1;-1,3417;-1;-1,3388.2906652799943,0.7716451610921948,0.7713063320256681,0.0,,0,,0,,,385;2179;1717;2223;2203;2497;2372;358;2345;2503;2403;1880;2208;4026;3644;2387;2207;3868;2206;2306;212;213;3419;214;3791;3418;3790;3417,385:31141.152724601125;2179:31170.164506865403;1717:31176.548195662377;2223:31196.85826853748;2203:31207.250805748547;2497:31234.502267551172;2372:31249.94704752568;358:31254.32995465921;2345:31265.105587739115;2503:31267.19926632472;2403:31293.00659986061;1880:31370.600376966537;2208:31419.887737137873;4026:31456.52019821108;3644:31475.046893633822;2387:31485.263645724863;2207:31493.046920376764;3868:31497.541991564714;2206:31503.91968415619;2306:31802.980712466797;212:31829.80427787313;213:31837.46424372264;3419:31876.154399334762;214:31882.07808964592;3791:31912.477442698342;3418:31915.00001151995;3790:31926.994145943347;3417:31955.52113315603
0,9,default_vehtype,route,False,-1000,30840.0,31955.52113315603,30840.0,0.0,76;3915;0.854,3336;2915;0.700,9859.61210093938,0.7341862206349128,0.7332002594248173,0.0,,0,,0,,,76;3915;3655;3913;3914;3906;3937;3944;3907;2848;3908;3909;3456;3331;2580;0;3057;56;71;3272;1;3336,76:30840;3915:30842.55356939035;3655:30843.201429167486;3913:30860.568396851777;3914:30888.116150446403;3906:30889.05619076961;3937:30891.450031377684;3944:30904.666678951093;3907:30907.687434287753;2848:30915.729683435606;3908:30929.513094652288;3909:30941.976319348556;3456:31004.586978198;3331:31035.249145249567;2580:31233.585206951422;0:31323.453605701994;3057:31452.022830507078;56:31520.335396764767;71:31571.990368636772;3272:31664.346070070624;1:31706.59606138667;3336:31754.2373590668
0,7,default_vehtype,boarding,True,30840,31955.52113315603,32059.774627813596,31955.52113315603,0.0,3417;-1;-1,3417;-1;-1,0.0,0.7713063320256681,0.7713063320256681,0,,0,32,1,32,,,
0,6,default_vehtype,route,False,-1000,31082.121315646717,32070.935039019747,31082.121315646717,0.0,821;-1;-1,2858;-1;-1,4958.32048549,0.5784949220231376,0.5779990899745885,0.0,,0,25,1,,,821;3683;3415;3715;483;482;481;1158;1772;1870;2196;2195;2067;1350;230;229;228;227;226;4023;225;496;495;1948;1767;275;274;3718;273;272;271;270;269;255;128;2633;268;3195;1610;2858,821:31082.121315646717;3683:31092.728075352687;3415:31127.71137414105;3715:31132.4067166449;483:31140.662373495255;482:31142.777359120737;481:31164.692874993776;1158:31174.202540232243;1772:31198.89896047428;1870:31206.832986160523;2196:31210.29971078618;2195:31224.460300226285;2067:31244.2819113975;1350:31250.196163122462;230:31256.7465075641;229:31276.477710364285;228:31307.439240526157;227:31343.030402451954;226:31387.408148070608;4023:31389.68011957688;225:31498.667724539857;496:31571.822112240498;495:31612.621814073595;1948:31635.821185949364;1767:31645.77527547861;275:31658.11056309277;274:31672.41455137045;3718:31676.901050469136;273:31682.505947894733;272:31687.437355850412;271:31704.852485247255;270:31758.638243697264;269:31832.112559698166;255:31834.719679641694;128:31903.871166154913;2633:31950.1022976242;268:31953.154611151953;3195:31970.34725074346;1610:31974.941786528892;2858:32070.935039019747
0,6,default_vehtype,boarding,True,-1,32070.935039019747,32100.935039019747,32070.935039019747,0.0,2858;-1;-1,2858;-1;-1,0.0,0.5779990899745885,0.5779990899745885,0,,0,25,1,,25,,
0,1,default_vehtype,out_of_service,True,-1,25190,32400,25190,0,1990.0;-1;-1,1990.0;-1;-1,0.0,1.0,1.0,0,,0,,0,,,,
0,5,default_vehtype,out_of_service,True,-1,25190,32400,25190,0,19.0;-1;-1,19.0;-1;-1,0.0,1.0,1.0,0,,0,,0,,,,
0,0,default_vehtype,route,False,-1000,31941.193126001413,32404.62037229546,31941.193126001413,0.0,2403;-1;-1,3266;-1;-1,3474.820009479999,0.9980081384267249,0.9976606564257767,0.0,,0,30,1,,,2403;1880;2208;4026;2386;3772;3922;832;3400;997;996;1128;1269;1400;1761;1760;1759;3425;1517;3666;2670;2671;2582;2636;3266,2403:31941.193126001413;1880:31981.51746900207;2208:32018.871811603287;4026:32034.093165348353;2386:32035.44894525304;3772:32047.82291734119;3922:32063.868876184617;832:32064.296288843827;3400:32071.803329962386;997:32074.6270364561;996:32082.19339724402;1128:32091.913244675023;1269:32120.84686590273;1400:32125.95230462607;1761:32132.71870608333;1760:32145.264150384082;1759:32151.88394329731;3425:32185.317468395555;1517:32188.64796203937;3666:32236.240814289;2670:32237.994030570306;2671:32287.64460295817;2582:32360.375305938873;2636:32374.03268599646;3266:32404.62037229546
0,0,default_vehtype,boarding,True,-1,32404.62037229546,32434.62037229546,32404.62037229546,0.0,3266;-1;-1,3266;-1;-1,0.0,0.9976606564257767,0.9976606564257767,0.0,,0,30,1,,30,,
0,7,default_vehtype,route,False,-1000,32059.774627813596,32430.455498711694,32059.774627813596,0.0,3417;-1;-1,427;-1;-1,2746.2449350099982,0.7713063320256681,0.7710317075321668,0.0,,0,32,1,,,3417;3790;3418;3419;214;1518;265;3672;1517;3666;3115;338;3665;3925;425;3477;3475;3474;426;3568;427,3417:32059.774627813596;3790:32075.962358398723;3418:32092.531135171583;3419:32131.65711684825;214:32136.975890557347;1518:32193.955896333202;265:32206.88745835257;3672:32210.024677548015;1517:32237.267124376092;3666:32284.859976625725;3115:32285.575386661003;338:32288.04921102314;3665:32325.945610616658;3925:32343.767851945482;425:32353.092928427846;3477:32356.90360456425;3475:32363.283800003017;3474:32366.22124181866;426:32386.727290051927;3568:32387.901555959994;427:32430.455498711694
0,7,default_vehtype,boarding,True,-1,32430.455498711694,32460.455498711694,32430.455498711694,0.0,427;-1;-1,427;-1;-1,0.0,0.7710317075321668,0.7710317075321668,0,,0,32,1,,32,,
0,8,default_vehtype,route,False,-1000,31794.715651399005,32645.275559678474,31794.715651399005,0.0,3750;-1;-1,3478;-1;-1,5048.176162593,0.8092104332681621,0.8087056156519027,0.0,,0,35,1,,,3750;3749;3684;2867;421;422;2688;2687;3680;2675;3150;3666;2670;338;3665;3313;3476;3477;3475;3474;426;3568;427;428;3771;172;2715;3054;3112;430;867;868;861;862;846;847;848;579;849;2430;3478,3750:31794.715651399005;3749:31805.608072653988;3684:31826.81733857699;2867:31828.449362695297;421:31831.294503023157;422:31850.285392193153;2688:31859.72615578323;2687:31896.97683601112;3680:31983.58919018633;2675:31985.544581790142;3150:32037.83640778985;3666:32050.941259165218;2670:32052.694475446522;338:32055.042732541762;3665:32092.93913213528;3313:32096.864183831854;3476:32127.33520928138;3477:32140.678458163326;3475:32147.058653602093;3474:32149.996095417737;426:32170.502143651003;3568:32171.67640955907;427:32214.23035231077;428:32232.17061558858;3771:32318.61319511676;172:32325.688896958753;2715:32328.671243845936;3054:32345.203234571483;3112:32359.542642028977;430:32382.97670025378;867:32396.167094260774;868:32406.997922682694;861:32425.739166253188;862:32454.366156812277;846:32471.368793348796;847:32490.31412433248;848:32510.175365361643;579:32532.282351246384;849:32539.031960934175;2430:32541.480165130837;3478:32645.275559678474
0,10,default_vehtype,route,False,-1000,31740,32659.351147727008,31740,0,2098;-1;-1,2168;-1;-1,5926.323342900005,0.534514660056186,0.5339220277218949,0.0,,0,,0,,,2098;2819;2371;2818;2160;1462;2112;783;2149;2370;2353;1380;1379;1378;1377;2369;2368;2367;1576;1169;3843;3636;3631;2590;3633;3439;971;3630;3623;2435;3473;2231;1415;2365;2127;1698;1277;3819;718;340;1455;2412;825;454;1797;820;1329;2473;2330;1826;1825;1850;1081;1082;2168,2098:31740;2819:31748.793666050904;2371:31759.610599659725;2818:31763.55292382166;2160:31763.88387086815;1462:31775.070778891797;2112:31777.141279871652;783:31781.519818761924;2149:31785.24219107726;2370:31795.15037425373;2353:31807.099496576142;1380:31812.992629147026;1379:31831.95458005108;1378:31858.925741045536;1377:31860.43287823459;2369:31864.337901883813;2368:31871.742761783564;2367:31877.270271607827;1576:31888.72594609705;1169:31892.675931113947;3843:31898.79889021407;3636:31900.846932303193;3631:31906.408592423184;2590:31924.01479681854;3633:31974.361436815154;3439:31977.843329503838;971:31980.71523670972;3630:31996.83807843773;3623:32003.020578042815;2435:32034.797891526923;3473:32053.690337536504;2231:32061.91408804235;1415:32080.742456420743;2365:32088.420036317006;2127:32103.099131117702;1698:32135.598180894478;1277:32233.29318815705;3819:32238.177869687046;718:32390.91051231176;340:32395.093132229737;1455:32404.20806245207;2412:32412.833909708366;825:32415.790912594424;454:32419.792130760277;1797:32434.30553236204;820:32469.059894570128;1329:32494.186187363044;2473:32504.090651835515;2330:32555.327293437076;1826:32579.40055822441;1825:32591.780817528183;1850:32601.959751066268;1081:32619.140484528252;1082:32635.18824425157;2168:32659.351147727008
0,6,default_vehtype,route,False,-1000,32400.0,32670.42575592106,32400.0,0.0,2858;-1;-1,1391;-1;-1,1848.55026794,0.5779990899745885,0.5778142349477949,0.0,,0,,0,,,2858;1610;3195;268;2633;331;332;734;2384;2109;1758;2455;1391,2858:32400;1610:32478.890283844365;3195:32481.155410616953;268:32526.723642808283;2633:32529.053184326378;331:32553.743074550304;332:32588.929002841403;734:32594.220425489486;2384:32639.243113935558;2109:32645.09020796717;1758:32651.248388207576;2455:32662.553524844076;1391:32670.42575592106
0,6,default_vehtype,boarding,True,32400,32670.42575592106,32671.493687236514,32670.42575592106,0.0,1391;-1;-1,1391;-1;-1,0.0,0.5778142349477949,0.5778142349477949,0.0,,0,45,2,45,,,
0,8,default_vehtype,boarding,True,-1,32645.275559678474,32675.275559678474,32645.275559678474,0.0,3478;-1;-1,3478;-1;-1,0.0,0.8087056156519027,0.8087056156519027,0.0,,0,35,1,,35,,
0,9,default_vehtype,route,False,-1000,32220.0,32701.94976200205,32220.0,0.0,3336;2915;0.700,1312;-1;-1,3455.1299023305837,0.7332002594248173,0.7328547464345837,0.0,,0,,0,,,3336;2915;3413;2916;1015;1520;483;482;481;1158;1772;1870;2196;2195;2067;1350;230;2194;1310;519;1311;1312,3336:32220;2915:32304.16695596752;3413:32355.269769344075;2916:32357.818051238457;1015:32368.40283400148;1520:32374.628509239417;483:32391.99373185105;482:32439.555028005987;481:32446.645257689863;1158:32460.656991990534;1772:32472.54436890324;1870:32521.325581970035;2196:32523.767617635705;2195:32533.302605743957;2067:32549.541434649534;1350:32558.448027513838;230:32572.274426351352;2194:32602.44972295921;1310:32606.38442254874;519:32618.625374460076;1311:32668.44994541658;1312:32701.94976200205
0,9,default_vehtype,boarding,True,32220,32701.94976200205,32706.775027373566,32701.94976200205,0.0,1312;-1;-1,1312;-1;-1,0.0,0.7328547464345837,0.7328547464345837,0.0,,0,44,2,44,,,
0,10,default_vehtype,boarding,True,31740,32659.351147727008,32781.76611535274,32659.351147727008,0.0,2168;-1;-1,2168;-1;-1,0.0,0.5339220277218949,0.5339220277218949,0,,0,42,1,42,,,
0,8,default_vehtype,route,False,-1000,32700,33001.54650920386,32700,0,3478;-1;-1,3178;-1;-1,2128.75796581,0.8087056156519027,0.8084927398553218,0.0,,0,,0,,,3478;2430;849;579;848;847;846;862;861;868;867;430;3112;3054;2596;172;3873;3178,3478:32700;2430:32721.811991362363;849:32729.695881366268;579:32753.368322414928;848:32766.896102576145;847:32788.062474069535;846:32808.05046444103;862:32823.47734017077;861:32864.80046306059;868:32871.33201023597;867:32875.848180268134;430:32893.84377921424;3112:32916.022623343146;3054:32930.681420236775;2596:32933.80154957245;172:32950.705310141515;3873:32959.500036781785;3178:33001.54650920386
0,8,default_vehtype,boarding,True,32700,33001.54650920386,33055.70286106969,33001.54650920386,0.0,3178;-1;-1,3178;-1;-1,0.0,0.8084927398553218,0.8084927398553218,0,,0,47,1,47,,,
0,10,default_vehtype,route,False,-1000,32781.76611535274,33149.00116302863,32781.76611535274,0.0,2168;-1;-1,1687;-1;-1,3463.13964904,0.5339220277218949,0.5335757137569906,0.0,,0,42,1,,,2168;1082;1081;1850;1825;1826;2330;2473;1329;1328;838;1030;3292;3132;97;2849;3296;3293;3287;715;714;713;712;711;1689;1688;1687,2168:32781.76611535274;1082:32793.11431302289;1081:32801.58280156203;1850:32815.23166628379;1825:32828.14324569381;1826:32834.92296350482;2330:32843.1602412754;2473:32883.71935656595;1329:32888.267125827246;1328:32909.400186447405;838:32917.34650700714;1030:32934.40545982191;3292:32944.26642126734;3132:32947.4782836729;97:32960.59197717047;2849:33028.06416913798;3296:33029.38387765476;3293:33031.31013979503;3287:33035.17644462277;715:33044.47908365739;714:33071.47801834667;713:33082.130816929006;712:33094.832300035945;711:33111.983323954955;1689:33134.050034661646;1688:33141.74732276454;1687:33149.00116302863
0,10,default_vehtype,boarding,True,-1,33149.00116302863,33179.00116302863,33149.00116302863,0.0,1687;-1;-1,1687;-1;-1,0.0,0.5335757137569906,0.5335757137569906,0,,0,42,1,,42,,
0,0,default_vehtype,route,False,-1000,32580,33351.45772284804,32580,0,3266;-1;-1,2385;-1;-1,5534.185536168001,0.9976606564257767,0.9971072378721594,0.0,,0,,0,,,3266;2636;2582;2638;33;2578;183;3388;34;3390;2579;2655;3450;173;3686;3994;180;2657;3596;3845;2698;3841;502;1392;1199;2385,3266:32580;2636:32581.941232206413;2582:32628.294401183033;2638:32695.168025152572;33:32750.52536673201;2578:32883.23640793272;183:32933.69279328592;3388:32936.36825725929;34:32962.46870325585;3390:32976.501959621695;2579:33003.5149194743;2655:33036.14377558669;3450:33077.47751887234;173:33124.549683683596;3686:33162.74538710779;3994:33166.49806119999;180:33167.05790406917;2657:33185.808484994865;3596:33190.30498104244;3845:33220.01627934188;2698:33297.12645243865;3841:33306.87110751973;502:33307.08623383677;1392:33337.342541721904;1199:33349.0140326261;2385:33351.45772284804
0,7,default_vehtype,route,False,-1000,32580,33351.45772284804,32580,0,427;-1;-1,3845;2698;0.415,4824.3382000838565,0.7710317075321668,0.7705492737121584,0.0,,0,,0,,,427;3568;3314;3567;3315;3475;3477;3476;3313;3115;3666;3150;2675;3680;2687;2688;2906;2867;3684;3749;3750;4004;2632;4067;2633;331;419;2863;3995;2864;3449;3450;173;3686;3994;180;2657;3596;3845,427:32580;3568:32639.757399252332;3314:32642.611180943313;3567:32644.933732159898;3315:32654.58738212926;3475:32682.82423810937;3477:32725.043013585375;3476:32734.974906693715;3313:32757.934596987685;3115:32789.2071546714;3666:32794.834973637706;3150:32819.6216240592;2675:32860.76632358349;3680:32862.37767010568;2687:32905.94542655623;2688:32940.35684276099;2906:32995.49383553621;2867:33008.03987839658;3684:33009.57014855294;3749:33022.73304398936;3750:33032.00381939346;4004:33053.28347592027;2632:33056.134931669665;4067:33057.74669749826;2633:33079.46409733586;331:33104.15398755979;419:33123.51406338733;2863:33140.35561489784;3995:33175.20296130552;2864:33178.239066765644;3449:33179.371633090224;3450:33184.07192526228;173:33222.56980208588;3686:33260.76550551008;3994:33264.51817960228;180:33265.078022471454;2657:33283.82860339715;3596:33288.32509944473;3845:33318.03639774417
0,0,default_vehtype,boarding,True,32580,33351.45772284804,33387.69648308684,33351.45772284804,0.0,2385;-1;-1,2385;-1;-1,0.0,0.9971072378721594,0.9971072378721594,0,,0,46,1,46,,,
0,10,default_vehtype,route,False,-1000,33179.00116302863,33429.33388450879,33179.00116302863,0.0,1687;-1;-1,3752;-1;-1,3003.8929332199996,0.5335757137569906,0.5332753244636685,0.0,,0,,0,,,1687;1688;1689;711;712;713;714;715;3287;3275;3274;2528;3295;646;3132;3292;3283;3444;2895;644;2853;2947;3158;2999;3286;3752,1687:33179.00116302863;1688:33186.86168981062;1689:33196.743748968904;711:33203.490422382325;712:33210.37890671112;713:33219.83705236565;714:33225.089961002275;715:33246.961601177056;3287:33256.80348421542;3275:33257.99044486558;3274:33266.2974574735;2528:33302.69748206456;3295:33307.68054296984;646:33320.3085873643;3132:33322.15783015066;3292:33323.66502381819;3283:33331.2375782048;3444:33372.63861116606;2895:33378.88057831333;644:33382.15156217121;2853:33388.28111142398;2947:33397.98108645824;3158:33405.141498723184;2999:33408.29706616351;3286:33416.64125490555;3752:33429.33388450879
0,1,default_vehtype,route,False,-1000,33120.0,33429.33388450879,33120.0,0.0,1990.0;-1;-1,1421;1686;0.288,2973.750870623199,1.0,0.9997026249129376,0.0,,0,,0,,,1990.0;3340;1461;1914;3382;1909;3742;1544;1510;3342;1944;3164;1977;1184;3231;2958;3453;2788;2791;2794;2795;2793;563;2091;1959;1683;881;1676;1684;1685;510;1421,1990.0:33120;3340:33126.017960982914;1461:33132.91834658464;1914:33145.9217257954;3382:33159.49533344935;1909:33165.543282731145;3742:33166.361567169035;1544:33174.79113039661;1510:33182.69996167437;3342:33190.10395292972;1944:33192.34012818712;3164:33203.82552709881;1977:33211.2551989409;1184:33233.70649845222;3231:33241.81903817384;2958:33244.332671474906;3453:33245.95336984776;2788:33251.16467142662;2791:33259.658617809124;2794:33272.31943972182;2795:33277.65575526114;2793:33279.329791215794;563:33292.5494162054;2091:33322.86386412535;1959:33333.54079384705;1683:33352.997002485856;881:33366.96802483786;1676:33376.492730777485;1684:33395.04993320583;1685:33413.59875823868;510:33424.40003199874;1421:33428.231163023294
0,10,default_vehtype,boarding,True,33120,33429.33388450879,33436.181633838794,33429.33388450879,0.0,3752;-1;-1,3752;-1;-1,0.0,0.5332753244636685,0.5332753244636685,0,,0,54,1,54,,,
0,11,default_vehtype,route,False,-1000,32880,33609.33711746049,32880,0,1587;-1;-1,748;-1;-1,5914.924143251003,0.8224051703984461,0.82181367798412,0.0,,0,,0,,,1587;2834;1588;1450;11;2763;3551;3316;3657;2761;3144;3301;2537;3123;10;13;107;84;1480;1481;2676;3780;2677;3102;3108;2678;387;988;989;1505;1160;1506;2155;748,1587:32880;2834:32884.80379498227;1588:32893.27912792617;1450:32899.67663122765;11:32918.7724405262;2763:32926.31971621081;3551:32927.41763026261;3316:32932.63774220974;3657:32933.83897605828;2761:32938.58969832582;3144:32951.45806941245;3301:32955.725729395264;2537:32956.64693215118;3123:32975.10784709054;10:33006.07456816585;13:33008.41167670278;107:33033.22199098502;84:33041.07796371949;1480:33077.57358456122;1481:33130.90743436156;2676:33170.69472123931;3780:33213.95460293148;2677:33231.09959265709;3102:33233.88135416205;3108:33346.611388216006;2678:33455.92462970571;387:33456.09072223996;988:33497.65953456584;989:33507.76099468024;1505:33544.39609163604;1160:33557.361742218076;1506:33566.96582857141;2155:33586.73510384353;748:33609.33711746049
0,11,default_vehtype,boarding,True,32880,33609.33711746049,33614.18563116429,33609.33711746049,0.0,748;-1;-1,748;-1;-1,0.0,0.82181367798412,0.82181367798412,0,,0,49,1,49,,,
0,9,default_vehtype,route,False,-1000,32706.775027373566,33798.33909742569,32706.775027373566,0.0,1312;-1;-1,3044;-1;-1,9351.943167520003,0.7328547464345837,0.7319195521178321,0.0,,0,44,2,,,1312;2171;518;2193;2192;2123;2358;1494;1495;466;465;1859;1858;3200;3199;1057;3898;3899;3684;3749;3750;4004;2632;4067;2633;331;419;2863;3995;2864;3449;3450;173;3686;3994;180;2657;3596;3845;2698;3208;504;3646;2824;2178;1872;1198;2333;1251;1566;1768;1189;2025;2048;895;774;2332;2331;2330;2329;2153;2896;3289;2895;644;3290;3291;3834;3159;932;3836;2267;377;2328;2327;3129;3128;1723;3130;1293;2070;1024;2043;3849;1844;1843;115;3953;123;2457;3044,1312:32706.775027373566;2171:32738.230173988188;518:32759.715458420185;2193:32760.916510943214;2192:32765.71819236233;2123:32781.5407318871;2358:32786.19448220751;1494:32809.62660070628;1495:32811.80875095796;466:32851.599987838556;465:32857.02378450676;1859:32862.78409744598;1858:32883.569839706994;3200:32889.20605546426;3199:32892.417716267526;1057:32910.36447478107;3898:32925.32329989394;3899:32935.16248968098;3684:32957.38198050184;3749:32970.54487593826;3750:32979.81565134236;4004:33001.09530786917;2632:33003.946763618565;4067:33005.55852944716;2633:33027.27592928476;331:33051.96581950869;419:33075.147630164094;2863:33104.50051176491;3995:33132.331835634126;2864:33135.36794109425;3449:33136.50050741883;3450:33141.200799590886;173:33179.69867641449;3686:33217.89437983868;3994:33221.64705393089;180:33222.20689680006;2657:33240.95747772576;3596:33245.453973773336;3845:33275.16527207277;2698:33352.275445169544;3208:33366.54846112721;504:33379.883106644076;3646:33380.42552200034;2824:33382.2143515231;2178:33396.58145071504;1872:33399.97348536255;1198:33406.75442468143;2333:33410.92979556142;1251:33434.20751159882;1566:33438.91402384737;1768:33442.032232022924;1189:33449.57207646967;2025:33452.22711698715;2048:33464.54566884321;895:33471.57543220597;774:33478.88724360987;2332:33490.30739167054;2331:33496.85616986283;2330:33515.57149439626;2329:33538.517658901306;2153:33545.33262930395;2896:33559.867833837125;3289:33567.58349842399;2895:33572.373223985356;644:33575.64420784324;3290:33579.0364564518;3291:33582.40272596561;3834:33594.43362852808;3159:33598.73283638758;932:33601.90724674239;3836:33607.01297320773;2267:33615.98276738983;377:33628.65028298878;2328:33641.36277847187;2327:33647.426557289175;3129:33674.573637301095;3128:33686.482598281444;1723:33688.558289442706;3130:33692.707446176064;1293:33693.75018260836;2070:33701.492141152994;1024:33712.34614163892;2043:33724.31986558804;3849:33729.1019982956;1844:33734.93084756874;1843:33738.486832819755;115:33747.41008186056;3953:33755.64198608514;123:33759.933366310695;2457:33790.28584894222;3044:33798.33909742569
0,9,default_vehtype,boarding,True,-1,33798.33909742569,33828.33909742569,33798.33909742569,0.0,3044;-1;-1,3044;-1;-1,0.0,0.7319195521178321,0.7319195521178321,0,,0,44,2,,44,,
0,0,default_vehtype,route,False,-1000,33387.69648308684,34088.5119005395,33387.69648308684,0.0,2385;-1;-1,2098;-1;-1,6037.185950657998,0.9971072378721594,0.9965035192770939,0.0,,0,46,1,,,2385;1199;1392;502;3841;2698;3208;504;3211;2859;3213;3215;721;1464;1465;1466;632;631;630;629;628;3138;1419;3139;1702;1701;1700;1699;1856;1857;1417;1416;2101;2102;2589;2590;3631;2554;3440;3635;3842;1170;2076;2085;2031;756;1079;1378;1377;2215;782;1133;2818;2371;2819;2098,2385:33387.69648308684;1199:33389.86699236717;1392:33394.39821598862;502:33418.50767697222;3841:33419.39116052333;2698:33424.04515030301;3208:33438.31816626068;504:33451.652811777545;3211:33461.51448456266;2859:33523.609944438234;3213:33555.89529729364;3215:33558.919689360344;721:33572.821331198975;1464:33578.54076285958;1465:33589.23745905896;1466:33594.10703646216;632:33620.16404515159;631:33633.29306638731;630:33638.21930923343;629:33655.83519650992;628:33672.32663140955;3138:33680.014566079124;1419:33680.50668533842;3139:33689.636944881844;1702:33691.06219537411;1701:33707.91367855877;1700:33731.65589599944;1699:33747.45202557591;1856:33766.54967765483;1857:33774.010285383214;1417:33781.789220728875;1416:33792.04007163484;2101:33796.55607977066;2102:33805.662608334555;2589:33838.03850364776;2590:33839.74003912952;3631:33857.85787005843;2554:33859.90325004336;3440:33862.594468339405;3635:33866.7333756836;3842:33869.00179887119;1170:33903.79261364048;2076:33909.78818950399;2085:33920.92848643492;2031:33924.56231329596;756:33926.28311805406;1079:33929.18696864626;1378:33933.53295676762;1377:33933.8788338675;2215:33989.66059446899;782:34003.537163871435;1133:34006.932832389786;2818:34030.10279033416;2371:34043.50914886189;2819:34063.58769766243;2098:34088.5119005395
0,7,default_vehtype,route,False,-1000,33360,34094.92573356643,33360,0,3845;2698;0.415,3157;-1;-1,4257.544968693146,0.7705492737121584,0.770123519215289,0.0,,0,,0,,,3845;2698;3845;3596;2657;2700;63;3449;2864;3995;2863;419;331;2633;268;4068;420;4003;3805;3446;3749;3684;2867;2906;2688;422;4010;4011;4008;2445;1953;2291;1252;913;3157,3845:33360;2698:33405.14657084094;3845:33478.44538922531;3596:33507.66532743894;2657:33511.364161713296;2700:33516.89709676011;63:33531.82407397445;3449:33596.43217225371;2864:33597.46162313719;3995:33599.61232466961;2863:33632.45155858042;419:33643.58441337503;331:33650.5400832056;2633:33664.3723190817;268:33676.62665735539;4068:33720.565679477375;420:33722.68908180751;4003:33724.11227215065;3805:33746.72256839182;3446:33758.36393457921;3749:33763.26835207831;3684:33784.84649131254;2867:33789.14535552684;2906:33797.0407608687;2688:33902.66355136912;422:33904.33054965643;4010:33987.34705723375;4011:33988.464730298394;4008:33988.97011438299;2445:34014.55051245121;1953:34034.957325674;2291:34039.31608394587;1252:34065.565285934885;913:34078.6528023709;3157:34094.92573356643
0,0,default_vehtype,boarding,True,-1,34088.5119005395,34118.5119005395,34088.5119005395,0.0,2098;-1;-1,2098;-1;-1,0.0,0.9965035192770939,0.9965035192770939,0,,0,46,1,,46,,
0,8,default_vehtype,route,False,-1000,33055.70286106969,34157.33799803361,33055.70286106969,0.0,3178;-1;-1,1809;-1;-1,5383.353844260001,0.8084927398553218,0.8079544044708958,0.0,,0,47,1,,,3178;3873;3771;428;2716;3314;3567;3315;3475;3477;3476;3313;3115;338;2670;2671;2065;1211;537;2253;127;126;240;239;238;237;1257;1256;1876;1877;189;1878;1104;1811;1810;1362;2623;1809,3178:33055.70286106969;3873:33112.34947382792;3771:33122.85695970954;428:33161.670064807346;2716:33166.754294271755;3314:33273.68489512737;3567:33274.98737274043;3315:33298.67225888943;3475:33320.88356229252;3477:33342.70622327102;3476:33351.485895896294;3313:33376.862548729485;3115:33421.03729283876;338:33427.11922757589;2670:33431.81724051127;2671:33500.635751983566;2065:33512.873260664055;1211:33556.20712584603;537:33611.228054456384;2253:33624.179622169104;127:33630.33268009597;126:33666.802451841744;240:33690.41264876863;239:33711.56242136103;238:33714.28964158795;237:33721.88928190778;1257:33773.77793838733;1256:33798.22077202709;1876:33807.7994487051;1877:33812.91540775071;189:33830.67458901359;1878:33852.53644114123;1104:33953.6140238096;1811:33995.20799970718;1810:34058.09085883328;1362:34075.78649482514;2623:34119.94963534703;1809:34157.33799803361
0,7,default_vehtype,boarding,True,33360,34094.92573356643,34160.02726170904,34094.92573356643,0.0,3157;-1;-1,3157;-1;-1,0.0,0.770123519215289,0.770123519215289,0,,0,55,1,55,,,
0,8,default_vehtype,boarding,True,-1,34157.33799803361,34187.33799803361,34157.33799803361,0.0,1809;-1;-1,1809;-1;-1,0.0,0.8079544044708958,0.8079544044708958,0.0,,0,47,1,,47,,
0,11,default_vehtype,route,False,-1000,33614.18563116429,34188.807092444746,33614.18563116429,0.0,748;-1;-1,4068;-1;-1,4188.372722339999,0.82181367798412,0.8213948407118856,0.0,,0,49,1,,,748;749;3350;3352;3351;134;2583;2635;3335;3389;81;3388;183;2039;3193;421;2866;3684;3749;3446;3805;4003;420;4068,748:33614.18563116429;749:33642.2329149113;3350:33653.83804375016;3352:33669.731007691735;3351:33689.24791521832;134:33731.0659571067;2583:33736.48525870512;2635:33770.856335343255;3335:33902.63786906132;3389:33929.244039672216;81:33979.69441434062;3388:34018.35014528785;183:34023.67992738311;2039:34083.59653079033;3193:34085.615794113466;421:34128.234859545024;2866:34131.13432379079;3684:34133.4487715655;3749:34147.5023611374;3446:34156.82025985589;3805:34168.536850364864;4003:34180.411107182525;420:34185.549151344545;4068:34188.807092444746
0,11,default_vehtype,boarding,True,-1,34188.807092444746,34218.807092444746,34188.807092444746,0.0,4068;-1;-1,4068;-1;-1,0.0,0.8213948407118856,0.8213948407118856,0,,0,49,1,,49,,
0,10,default_vehtype,route,False,-1000,33436.181633838794,34224.9106442496,33436.181633838794,0.0,3752;-1;-1,1610;-1;-1,5421.994105770001,0.5332753244636685,0.5327331250530928,0.0,,0,54,1,,,3752;3286;2999;98;3281;693;2998;3927;694;3933;3948;1080;1081;1850;1825;695;696;1018;1589;2480;1083;1084;1085;772;771;770;501;769;768;413;3794;414;3796;415;2695;3793;416;417;3795;2694;64;3575;3945;3594;3595;2657;2700;63;3449;2864;3995;2863;419;331;2633;268;3195;1610,3752:33436.181633838794;3286:33444.21200593605;2999:33454.28831425433;98:33455.88413425362;3281:33471.6849098224;693:33508.69199079511;2998:33509.84184189512;3927:33516.73138437376;694:33565.282168712096;3933:33594.044687468464;3948:33595.72293381811;1080:33603.40329011262;1081:33608.40690813172;1850:33623.759392463624;1825:33627.70028346264;695:33630.230277124836;696:33643.48764155347;1018:33648.10741870078;1589:33655.43544129415;2480:33662.9456399642;1083:33668.87625873119;1084:33674.69764276968;1085:33690.098811589676;772:33691.23956128505;771:33708.46988321417;770:33710.44330637446;501:33711.60461932709;769:33721.29834746424;768:33724.72801287827;413:33726.762688296716;3794:33740.617223319845;414:33745.81482281066;3796:33809.598817317994;415:33816.17610269494;2695:33818.301641729646;3793:33828.916894590664;416:33858.85600859474;417:33875.41284195697;3795:33897.80209753817;2694:33909.83275216752;64:33917.71077387168;3575:33935.9219379379;3945:33939.48834565691;3594:33943.8350111611;3595:33973.66046170223;2657:33978.34510930045;2700:33986.16903239032;63:34005.49632328823;3449:34106.94268665917;2864:34108.628425508694;3995:34110.65496060323;2863:34134.58884860912;419:34152.13772548238;331:34169.667199554824;2633:34198.61727878652;268:34202.03612673813;3195:34222.85515349011;1610:34224.9106442496
0,10,default_vehtype,boarding,True,-1,34224.9106442496,34254.9106442496,34224.9106442496,0.0,1610;-1;-1,1610;-1;-1,0.0,0.5327331250530928,0.5327331250530928,0,,0,54,1,,54,,
0,6,default_vehtype,route,False,-1000,32671.493687236514,34349.82076088843,32671.493687236514,0.0,1391;-1;-1,1586;-1;-1,16693.417868583,0.5778142349477949,0.5761448931609369,0.0,,0,45,2,,,1391;2183;1924;1925;1926;1758;2109;2384;333;332;331;419;2863;3995;2864;3449;3450;173;3686;3994;180;2657;3596;3845;2698;3208;2697;3211;2859;3213;2658;3214;2557;2558;3217;2559;3582;3224;67;3226;2823;3227;3528;3529;66;65;2547;2361;3479;1178;1938;1961;1101;1962;2488;3609;1383;2935;3610;85;3371;2828;72;2665;2899;3233;73;3125;3076;3153;3074;3089;3091;3090;797;75;2642;3377;74;144;3375;9;2667;8;57;2568;58;27;3092;3892;3105;4057;4060;3891;2900;3542;2901;4062;4061;31;3299;1586,1391:32671.493687236514;2183:32678.55681299835;1924:32693.05461964662;1925:32705.94977463257;1926:32718.869865723525;1758:32722.10804471015;2109:32724.65065344032;2384:32732.245110540352;333:32749.62283250706;332:32769.00806531777;331:32779.97297914561;419:32803.15478980102;2863:32832.507671401836;3995:32856.496291562486;2864:32858.79865630216;3449:32859.47535040657;3450:32861.59193470417;173:32909.81321216466;3686:32926.895679718386;3994:32930.71753500921;180:32931.244612977425;2657:32942.25859570817;3596:32944.541430750454;3845:32963.426066863256;2698:33013.811752296875;3208:33026.90289171869;2697:33038.052099318964;3211:33051.09957886879;2859:33106.151354688096;3213:33127.4341960989;2658:33136.00409865197;3214:33142.008378546234;2557:33160.93860719347;2558:33232.04390850411;3217:33260.128548798406;2559:33301.04603506681;3582:33303.7370200154;3224:33345.02773816399;67:33357.93099270727;3226:33375.02765555554;2823:33381.553614403325;3227:33383.93506380873;3528:33395.74426613205;3529:33406.296059075845;66:33455.12748756823;65:33459.15750463883;2547:33480.49677047774;2361:33496.223160773596;3479:33503.5884870896;1178:33508.348928405474;1938:33515.725110534106;1961:33524.92469290513;1101:33589.36021228059;1962:33595.022667425466;2488:33600.02561118876;3609:33606.56894547901;1383:33610.470152359725;2935:33621.576286064585;3610:33643.92033979777;85:33697.256737236974;3371:33715.49868720491;2828:33717.243737600234;72:33724.27600023431;2665:33754.95599387143;2899:33759.35871422837;3233:33759.99672164299;73:33763.45644956164;3125:33772.80757111363;3076:33774.31162454758;3153:33785.203680134815;3074:33789.68147304798;3089:33791.79730952288;3091:33816.46131101121;3090:33827.35875782231;797:33844.053330339666;75:33849.71341654713;2642:33876.527897792184;3377:33887.99848146894;74:33889.56273748969;144:33891.1721183088;3375:33892.413996420975;9:33906.39400474664;2667:33913.04278940143;8:33978.56589266356;57:34026.1549060995;2568:34039.78333693603;58:34052.281120691696;27:34059.28311417989;3092:34075.85224459392;3892:34079.653020667494;3105:34080.90303144377;4057:34092.17814886574;4060:34093.247482073944;3891:34121.59612556461;2900:34141.510938758474;3542:34179.31202448855;2901:34180.977209455625;4062:34207.78833368132;4061:34208.140521347894;31:34252.98410108247;3299:34335.768907646896;1586:34349.82076088843
0,6,default_vehtype,boarding,True,-1,34349.82076088843,34379.82076088843,34349.82076088843,0.0,1586;-1;-1,1586;-1;-1,0.0,0.5761448931609369,0.5761448931609369,0,,0,45,2,,45,,
0,9,default_vehtype,route,False,-1000,34140,34430.50446325757,34140,0,3044;-1;-1,3511;-1;-1,2027.50548193,0.7319195521178321,0.7317168015696396,0.0,,0,,0,,,3044;2062;3949;3047;398;3045;3876;3043;399;400;401;3982;3986;3984;3985;402;403;3811;404;3618;405;406;3176;100;407;3991;408;3989;409;3512;410;2997;3511,3044:34140;2062:34141.83856607828;3949:34172.68352740007;3047:34176.407910108006;398:34180.503631615145;3045:34181.18171464511;3876:34183.45402219438;3043:34190.819797414435;399:34204.15897217267;400:34210.72620826899;401:34215.27930717754;3982:34216.10578707116;3986:34221.436861452676;3984:34223.03957393223;3985:34229.98642173351;402:34272.037734964324;403:34288.29356058165;3811:34305.52505854195;404:34312.55055012525;3618:34317.77728706658;405:34364.01904498963;406:34370.328832769344;3176:34380.251515934215;100:34382.56997799823;407:34384.499385426505;3991:34387.78388814116;408:34397.77708588338;3989:34405.14841533735;409:34416.84413970716;3512:34420.65583550376;410:34423.706656939416;2997:34424.4954647855;3511:34430.50446325757
0,10,default_vehtype,route,False,-1000,34254.9106442496,34489.52702777914,34254.9106442496,0.0,1610;-1;-1,276;-1;-1,1609.1936421300002,0.5327331250530928,0.5325722056888798,0.0,,0,,0,,,1610;3195;268;2633;128;255;269;332;333;272;273;3718;274;275;276,1610:34254.9106442496;3195:34256.89024262043;268:34285.23219350966;2633:34286.94723524009;128:34299.824152223446;255:34308.198464315974;269:34315.462380590616;332:34330.085937184966;333:34364.24709148103;272:34409.5025769475;273:34436.627023203204;3718:34439.14474818571;274:34442.70192259882;275:34461.15977531704;276:34489.52702777914
0,9,default_vehtype,boarding,True,34140,34430.50446325757,34498.779998852835,34430.50446325757,0.0,3511;-1;-1,3511;-1;-1,0.0,0.7317168015696396,0.7317168015696396,0,,0,61,1,61,,,
0,10,default_vehtype,boarding,True,33600,34489.52702777914,34613.28570520544,34489.52702777914,0.0,276;-1;-1,276;-1;-1,0.0,0.5325722056888798,0.5325722056888798,0,,0,57,1,57,,,
0,11,default_vehtype,route,False,-1000,34260,34777.90567697501,34260,0,4068;-1;-1,2637;-1;-1,2872.794656229999,0.8213948407118856,0.8211075612462627,0.0,,0,,0,,,4068;420;4003;3805;3446;2866;421;3193;2039;183;2578;33;2638;2637,4068:34260;420:34262.12340233014;4003:34263.54659267327;3805:34286.15688891445;3446:34297.798255101836;2866:34312.30064520348;421:34315.386799443004;3193:34380.80355106894;2039:34383.19542419193;183:34543.39994390009;2578:34569.19902502224;33:34700.55990198506;2638:34770.27611793906;2637:34777.90567697501
0,11,default_vehtype,boarding,True,34260,34777.90567697501,34783.05692311141,34777.90567697501,0.0,2637;-1;-1,2637;-1;-1,0.0,0.8211075612462627,0.8211075612462627,0,,0,62,1,62,,,
0,8,default_vehtype,route,False,-1000,34320,35006.92759868577,34320,0,1809;-1;-1,236;-1;-1,4514.0326517620015,0.8079544044708958,0.8075030012057192,0.0,,0,,0,,,1809;2623;1362;1810;1811;1104;1878;189;1877;1876;1256;1875;124;1874;1873;423;2687;2191;2133;4028;1558;3669;1048;472;1292;2189;367;261;262;263;2246;461;1836;2319;236,1809:34320;2623:34351.77822869287;1362:34381.85505026939;1810:34412.61623750827;1811:34502.017230242585;1104:34550.47059998298;1878:34583.05854485004;189:34592.16998326994;1877:34602.911764698576;1876:34609.86763557528;1256:34621.10065351677;1875:34672.30002191351;124:34695.996674056485;1874:34699.315703127475;1873:34716.92479152531;423:34726.83359922932;2687:34728.8849607725;2191:34748.74862128017;2133:34797.21805414918;4028:34804.913551342805;1558:34808.554081661016;3669:34809.098669878076;1048:34812.14204525948;472:34831.50942095726;1292:34832.103706491274;2189:34856.438839194045;367:34887.46654842795;261:34894.9169179825;262:34911.41570711508;263:34915.97752670312;2246:34933.2566167823;461:34948.10266380098;1836:34956.946595006106;2319:34998.4878893606;236:35006.92759868577
0,1,default_vehtype,route,False,-1000,34320,35006.92759868577,34320,0,1421;1686;0.288,3119;268;0.160,6439.266383973004,0.9997026249129376,0.9990586982745404,0.0,,0,,0,,,1421;1686;112;1687;1688;1689;711;712;713;714;715;3287;3293;3296;2849;97;3132;3292;1030;838;1328;1329;2473;2330;2331;2332;774;538;773;772;771;770;501;769;768;413;3794;414;3796;415;3793;416;417;3795;2694;64;418;3576;3594;3595;2657;180;3994;3686;173;3450;3119,1421:34320;1686:34323.065593533334;112:34334.15547062405;1687:34340.9517226053;1688:34347.109400336645;1689:34352.85920092007;711:34371.03752406238;712:34383.16317618586;713:34392.38615237055;714:34406.03187311085;715:34419.02588983778;3287:34433.64693710049;3293:34438.650486449165;3296:34440.155965942016;2849:34441.14635483673;97:34477.504856307736;3132:34486.27831918384;3292:34487.172367903215;1030:34493.797968151506;838:34502.03443619606;1328:34509.64151631207;1329:34542.654219887874;2473:34556.16603709674;2330:34591.58802998962;2331:34615.99342442758;2332:34632.371930016336;774:34644.9558868596;538:34651.36022839828;773:34653.97222329966;772:34662.17199979676;771:34668.389998578044;770:34670.79119782156;501:34671.09690679406;769:34678.17070002908;768:34683.28653634301;413:34691.2264371581;3794:34704.23254242329;414:34711.39959164602;3796:34748.83215428574;415:34759.12202043997;3793:34764.256739569246;416:34778.39529357734;417:34788.1566208965;3795:34800.02169490907;2694:34805.43510353308;64:34809.25472794895;418:34810.189616396674;3576:34823.66452717108;3594:34829.60087207823;3595:34847.5080629964;2657:34853.262182115635;180:34862.715616699694;3994:34864.35001498132;3686:34867.77229851017;173:34921.351963675166;3450:34950.362222001815;3119:34995.67158593482
0,8,default_vehtype,boarding,True,34320,35006.92759868577,35012.68879083491,35006.92759868577,0.0,236;-1;-1,236;-1;-1,0.0,0.8075030012057192,0.8075030012057192,0,,0,63,1,63,,,
0,7,default_vehtype,route,False,-1000,34160.02726170904,35260.46080176447,34160.02726170904,0.0,3157;-1;-1,2911;-1;-1,6209.126460494002,0.770123519215289,0.7695026065692401,0.0,,0,55,1,,,3157;913;1252;1253;1254;2445;4008;4011;4010;422;421;2866;3684;3749;3446;3805;4003;4001;420;4002;4067;2633;268;3119;2863;3995;2864;3448;199;198;197;2701;3334;3393;2996;162;146;3878;2995;3506;3507;2108;2235;3517;412;2911,3157:34160.02726170904;913:34166.350825515416;1252:34175.37162613489;1253:34191.31789307855;1254:34193.58476485058;2445:34232.7302847902;4008:34261.89834229949;4011:34262.38166716281;4010:34263.860384462125;422:34330.330768978194;421:34409.89197829362;2866:34412.443981723896;3684:34414.95502319583;3749:34433.1217485186;3446:34441.987468025516;3805:34462.923710560586;4003:34475.97330534708;4001:34480.03022228026;420:34482.06192734094;4002:34483.162569846616;4067:34484.46839088289;2633:34519.965644577074;268:34530.89729524005;3119:34630.98139205004;2863:34644.49214383306;3995:34671.92683469445;2864:34674.69633165954;3448:34687.03537516022;199:34692.959967921284;198:34779.02559882201;197:34782.21411719137;2701:34786.79804873509;3334:34874.90422410435;3393:35039.29700921249;2996:35079.963890999294;162:35080.778603599574;146:35109.30431444356;3878:35115.88580154453;2995:35116.49742918016;3506:35159.196642428804;3507:35168.00729388382;2108:35195.62549800238;2235:35215.4028822398;3517:35257.947987695385;412:35259.43098628387;2911:35260.46080176447
0,10,default_vehtype,route,False,-1000,34613.28570520544,35283.907107275074,34613.28570520544,0.0,276;-1;-1,833;-1;-1,4639.343219913,0.5325722056888798,0.532108271366888,0.0,,0,57,1,,,276;275;274;3718;273;272;333;2384;734;419;331;2633;268;4068;4002;2632;4004;3750;3749;3684;2867;2906;2688;2687;3680;2675;3150;3666;3115;3427;4069;833,276:34613.28570520544;275:34634.43940243836;274:34649.23742244203;3718:34660.015262953006;273:34663.88330712327;272:34669.503582547535;333:34679.972104378576;2384:34690.38356694141;734:34734.29006978375;419:34752.50305744182;331:34777.270932748346;2633:34790.598066822335;268:34801.52971748531;4068:34835.008745694526;4002:34837.53916144561;2632:34840.95634248762;4004:34843.50339612337;3750:34853.12866723716;3749:34868.47684729634;3684:34892.54140549871;2867:34895.41650428935;2906:34918.97171098656;2688:34968.29455633642;2687:35012.116530004685;3680:35096.02880292296;2675:35096.702715327585;3150:35139.42650759617;3666:35177.53227754352;3115:35181.75369310876;3427:35217.40303507871;4069:35278.48824990932;833:35283.907107275074
0,7,default_vehtype,boarding,True,-1,35260.46080176447,35290.46080176447,35260.46080176447,0.0,2911;-1;-1,2911;-1;-1,0.0,0.7695026065692401,0.7695026065692401,0,,0,55,1,,55,,
0,8,default_vehtype,route,False,-1000,35012.68879083491,35304.344759004096,35012.68879083491,0.0,236;-1;-1,3562;-1;-1,1812.4160439529992,0.8075030012057192,0.8073217596013239,0.0,,0,63,1,,,236;214;3419;213;212;2306;3824;2205;2305;997;3400;832;831;830;326;327;3564;3561;3563;3562,236:35012.68879083491;214:35045.0285316162;3419:35047.72295244532;213:35069.68210136877;212:35090.552330521714;2306:35111.826135254756;3824:35112.496020343235;2205:35124.38733050388;2305:35176.71730052656;997:35186.194317879526;3400:35211.24408480971;832:35215.773056298836;831:35228.01409309583;830:35239.59724508316;326:35257.557645842244;327:35262.893113824764;3564:35300.31600315729;3561:35301.74661075988;3563:35303.413919038176;3562:35304.344759004096
0,10,default_vehtype,boarding,True,-1,35283.907107275074,35313.907107275074,35283.907107275074,0.0,833;-1;-1,833;-1;-1,0.0,0.532108271366888,0.532108271366888,0,,0,57,1,,57,,
0,6,default_vehtype,route,False,-1000,34380.0,35335.58355291923,34380.0,0.0,1586;-1;-1,1994;-1;-1,9499.994730940005,0.5761448931609369,0.5751948936878434,0.0,,0,,0,,,1586;1585;898;1584;3405;3033;3432;3026;2587;3028;4;2573;2618;3455;2534;3331;2580;0;3057;56;71;3272;1;2596;3054;3112;429;2312;2058;1994,1586:34380;1585:34412.315254296824;898:34434.91024132025;1584:34439.11698659052;3405:34443.36483540123;3033:34445.95326755492;3432:34472.16659742611;3026:34504.56860223932;2587:34526.11924586832;3028:34528.8008395938;4:34550.635309940284;2573:34555.51323886197;2618:34579.35935429774;3455:34596.67502560457;2534:34599.309938855156;3331:34615.45652936843;2580:34869.28129264432;0:35005.29531618048;3057:35088.90676329254;56:35114.670878586585;71:35133.32719479361;3272:35158.53763482311;1:35230.55577610647;2596:35251.34691136192;3054:35253.94240502414;3112:35291.17341962953;429:35296.849858995796;2312:35303.36703528042;2058:35325.05177334203;1994:35335.58355291923
0,8,default_vehtype,boarding,True,-1,35304.344759004096,35334.344759004096,35304.344759004096,0.0,3562;-1;-1,3562;-1;-1,0.0,0.8073217596013239,0.8073217596013239,0.0,,0,63,1,,63,,
0,7,default_vehtype,route,False,-1000,35290.46080176447,35363.154688168725,35290.46080176447,0.0,2911;-1;-1,1080;-1;-1,510.4898284499999,0.7695026065692401,0.7694515575863952,0.0,,0,,0,,,2911;3520;2292;1081;1080,2911:35290.46080176447;3520:35295.444868652005;2292:35308.50073131672;1081:35326.84047722047;1080:35363.154688168725
0,7,default_vehtype,boarding,True,35040,35363.154688168725,35364.101251802655,35363.154688168725,0.0,1080;-1;-1,1080;-1;-1,0.0,0.7694515575863952,0.7694515575863952,0.0,,0,72,1,72,,,
0,5,default_vehtype,route,False,-1000,35400,35430,35400,0,19.0;-1;-1,4058;3888;0.254,162.5164419018019,1.0,0.9999837483558097,0.0,,0,,0,,,19.0;4059;4058,19.0:35400;4059:35407.117739164205;4058:35412.86646179052
0,6,default_vehtype,boarding,True,34380,35335.58355291923,35523.48932639629,35335.58355291923,0.0,1994;-1;-1,1994;-1;-1,0.0,0.5751948936878434,0.5751948936878434,0,,0,64,1,64,,,
0,11,default_vehtype,route,False,-1000,34783.05692311141,35535.97245370893,34783.05692311141,0.0,2637;-1;-1,3702;-1;-1,7621.658659320001,0.8211075612462627,0.820345395380331,0.0,,0,62,1,,,2637;134;2584;3269;39;71;3272;1;3336;2915;3413;3412;3695;3411;3959;3697;3698;3700;3502;3702,2637:34783.05692311141;134:34804.86472894023;2584:34826.77279943178;3269:34917.98672101559;39:34965.563958703315;71:35014.33186904186;3272:35039.54230907136;1:35111.56045035472;3336:35255.09762670428;2915:35352.75155530412;3413:35415.10444254774;3412:35422.903015677955;3695:35433.58268343959;3411:35441.04568662936;3959:35444.69553661053;3697:35454.280050528694;3698:35466.66313892737;3700:35474.34906375906;3502:35529.984851780355;3702:35535.97245370893
0,11,default_vehtype,boarding,True,-1,35535.97245370893,35565.97245370893,35535.97245370893,0.0,3702;-1;-1,3702;-1;-1,0.0,0.820345395380331,0.820345395380331,0,,0,62,1,,62,,
0,10,default_vehtype,route,False,-1000,35313.907107275074,35676.08807575913,35313.907107275074,0.0,833;-1;-1,870;-1;-1,3117.6987856080004,0.532108271366888,0.5317965014883272,0.0,,0,,0,,,833;4069;1616;1759;3425;1517;1815;3675;2133;2191;2687;423;422;2688;2906;2867;3684;3749;3446;3805;4003;4001;2632;870,833:35313.907107275074;4069:35315.949578528875;1616:35334.43593613091;1759:35346.54323237087;3425:35361.3825277832;1517:35363.24054094615;1815:35380.32120687607;3675:35397.51463179936;2133:35419.07865065624;2191:35431.90321560752;2687:35455.71034839377;423:35460.36278084617;422:35524.31068266106;2688:35530.79158109654;2906:35590.90311984031;2867:35601.74810152677;3684:35605.626946816315;3749:35617.6400528069;3446:35623.53380830782;3805:35633.76430074317;4003:35647.28888218719;4001:35649.76658498493;2632:35651.05024727203;870:35676.08807575913
0,8,default_vehtype,route,False,-1000,35334.344759004096,35676.08807575913,35334.344759004096,0.0,3562;-1;-1,2906;2867;0.355,3139.242898923297,0.8073217596013239,0.8070078353114309,0.0,,0,,0,,,3562;328;3565;3563;3561;3564;327;326;833;4069;1616;1759;3425;1517;1815;3675;2133;2191;2687;423;422;2688;2906,3562:35334.344759004096;328:35336.12799557983;3565:35337.924474238294;3563:35341.09009308626;3561:35341.651397597605;3564:35344.18156253066;327:35362.32048531413;326:35364.82165500543;833:35410.26988512509;4069:35412.31235637889;1616:35430.79871398093;1759:35442.90601022088;3425:35457.745305633216;1517:35459.603318796166;1815:35476.683984726085;3675:35493.87740964937;2133:35515.44142850626;2191:35535.50929804787;2687:35558.849819114854;423:35559.359805857566;422:35609.55222531824;2688:35616.033123753725;2906:35676.14466249749
0,7,default_vehtype,route,False,-1000,35364.101251802655,35760,35364.101251802655,0.0,1080;-1;-1,180;3686;0.660,3167.679903423498,0.7694515575863952,0.7691347895960527,0.0,,0,72,1,,,1080;1081;1850;1825;1826;2330;2331;2332;774;895;2048;2025;1189;1768;1566;1251;541;1250;1086;1249;415;3793;416;417;3795;2694;64;418;3576;3594;3595;2657;180,1080:35364.101251802655;1081:35382.236596810624;1850:35403.60001165392;1825:35418.36719748235;1826:35425.737319713895;2330:35429.81470442501;2331:35450.744219745065;2332:35457.59258017915;774:35471.78332820443;895:35483.82600192723;2048:35494.639243716054;2025:35501.400191608016;1189:35511.17435317695;1768:35515.365403246404;1566:35517.60247151029;1251:35530.04556037845;541:35547.43960305842;1250:35568.85216626775;1086:35570.99675436057;1249:35607.996697582;415:35614.68841597871;3793:35629.25095352068;416:35652.681346101446;417:35663.695032275224;3795:35682.10918952397;2694:35689.27422366301;64:35697.59880027199;418:35697.844375437766;3576:35711.80500026749;3594:35715.62901607207;3595:35735.70275646312;2657:35740.81544459301;180:35755.77583405695
0,10,default_vehtype,boarding,True,34920,35676.08807575913,35772.08267435267,35676.08807575913,0.0,870;-1;-1,870;-1;-1,0.0,0.5317965014883272,0.5317965014883272,0,,0,69,1,69,,,
0,6,default_vehtype,route,False,-1000,35523.48932639629,35808.189999580136,35523.48932639629,0.0,1994;-1;-1,3475;-1;-1,1684.9856687599995,0.5751948936878434,0.5750263951209672,0.0,,0,64,1,,,1994;2058;2312;429;3112;3054;2715;172;3771;428;427;3568;426;3474;3475,1994:35523.48932639629;2058:35550.19362428803;2312:35613.84600075297;429:35636.48798626227;3112:35642.92948494702;3054:35665.555793777516;2715:35674.499508440145;172:35682.187894689254;3771:35686.21192107027;428:35720.24473316499;427:35760.27330164248;3568:35787.12010113147;426:35788.79666784568;3474:35805.21314537782;3475:35808.189999580136
0,6,default_vehtype,boarding,True,-1,35808.189999580136,35838.189999580136,35808.189999580136,0.0,3475;-1;-1,3475;-1;-1,0.0,0.5750263951209672,0.5750263951209672,0,,0,64,1,,64,,
0,11,default_vehtype,route,False,-1000,35565.97245370893,35846.58265530404,35565.97245370893,0.0,3702;-1;-1,2317;-1;-1,1897.8628215300002,0.820345395380331,0.8201556090981779,0.0,,0,,0,,,3702;3502;3700;3698;3697;3959;3960;3411;3695;3412;3462;2916;1015;3414;3415;3789;3416;3417;673;1519;2245;2317,3702:35565.97245370893;3502:35570.603912477156;3700:35599.60687949384;3698:35605.79555313835;3697:35623.71277299697;3959:35630.934788509614;3960:35634.25546197456;3411:35635.625877592116;3695:35644.69973878293;3412:35657.45858015229;3462:35658.23235627654;2916:35671.85020291439;1015:35691.85060979159;3414:35695.775156368814;3415:35754.037298229094;3789:35770.4089638961;3416:35797.0338541722;3417:35820.16739550248;673:35820.83454487841;1519:35838.29771951035;2245:35844.632642794626;2317:35846.58265530404
0,11,default_vehtype,boarding,True,35280,35846.58265530404,35926.3624625349,35846.58265530404,0.0,2317;-1;-1,2317;-1;-1,0.0,0.8201556090981779,0.8201556090981779,0,,0,74,1,74,,,
0,0,default_vehtype,route,False,-1000,34740.0,36136.968668570305,34740.0,0.0,2098;-1;-1,189;-1;-1,6885.854382340013,0.9965035192770939,0.9958149338388608,0.0,,0,,0,,,2098;2819;2099;2100;1630;1564;3373;3232;2764;3611;1383;2935;3607;2766;2679;908;2630;3731;3729;2546;3728;2543;2768;2561;2833;3401;2844;16;2118;83;3916;1569;2005;2831;2020;2019;622;1818;1819;1820;1553;1821;2356;1810;1811;1104;1878;189,2098:34740;2819:34749.683696275504;2099:34758.49214283059;2100:34763.67525006219;1630:34779.88042560446;1564:34789.51217766797;3373:34816.810397364345;3232:34822.71763260532;2764:34837.872045608274;3611:34905.33883141276;1383:34913.82746646179;2935:34915.09329004355;3607:34926.60530142157;2766:34964.1986496081;2679:34968.54527596887;908:35055.69687430635;2630:35121.55675898872;3731:35125.602197466884;3729:35126.98240824663;2546:35129.78870686754;3728:35138.57654457733;2543:35150.61373342919;2768:35152.75635426966;2561:35201.97061768368;2833:35230.0805894786;3401:35252.313620094785;2844:35258.904471223046;16:35277.53363632129;2118:35286.55121245936;83:35306.48032198392;3916:35342.04411779338;1569:35408.23223498759;2005:35424.27798012809;2831:35440.574680591075;2020:35551.70346172746;2019:35559.64050436395;622:35570.14233167845;1818:35574.99155055888;1819:35595.474506600636;1820:35614.681203127424;1553:35623.912589895896;1821:35629.521682096165;2356:35634.48575118908;1810:35646.76184247207;1811:35796.43542774585;1104:35876.051510917656;1878:36131.53129480995;189:36136.968668570305
0,0,default_vehtype,boarding,True,34740,36136.968668570305,36137.61044665016,36136.968668570305,0.0,189;-1;-1,189;-1;-1,0.0,0.9958149338388608,0.9958149338388608,0.0,,0,67,1,67,,,
0,6,default_vehtype,route,False,-1000,35838.189999580136,36153.02442386553,35838.189999580136,0.0,3475;-1;-1,674;-1;-1,2815.0606080089997,0.5750263951209672,0.5747448890601662,0.0,,0,,0,,,3475;3315;3567;3566;3565;328;3562;4026;2386;3644;2387;2207;3869;3868;2206;2306;212;211;1491;601;600;1532;1533;674,3475:35838.189999580136;3315:35855.832612569204;3567:35867.49182536465;3566:35907.706032347945;3565:35908.394883033136;328:35912.454775059094;3562:35915.24737795333;4026:35973.25664726302;2386:35974.299909060464;3644:35983.910261628334;2387:35990.23961820596;2207:35997.74706090091;3869:36004.37688659739;3868:36015.76888272965;2206:36027.79161554437;2306:36056.31578935073;212:36065.435318625554;211:36074.69699174741;1491:36086.970896408;601:36125.988690035;600:36137.7794657624;1532:36141.503838199766;1533:36147.4178370114;674:36153.02442386553
0,8,default_vehtype,route,False,-1000,35700,36227.21634264882,35700,0,2906;2867;0.355,1281;-1;-1,4366.120809959705,0.8070078353114309,0.8065712232304342,0.0,,0,,0,,,2906;2867;421;422;423;2687;2191;2133;3675;1815;264;3671;265;3424;3422;3420;3419;213;1531;600;1532;1533;674;2241;824;823;1282;664;1281,2906:35700;2867:35706.98964418395;421:35708.967061387506;422:35774.04184318255;423:35824.52086337317;2687:35833.81066073012;2191:35859.30280869706;2133:35868.794602935515;3675:35900.249751836796;1815:35923.67070242605;264:35947.225071632485;3671:35967.904004160584;265:35972.87321923732;3424:35985.661849383665;3422:35991.57119245292;3420:36043.691037336845;3419:36062.67846206536;213:36083.26884366244;1531:36094.85188081143;600:36111.01460551983;1532:36120.245832024586;1533:36126.15983083622;674:36131.76641769035;2241:36157.264614867185;824:36163.519888383526;823:36189.11566290079;1282:36204.61578055313;664:36206.80993191199;1281:36227.21634264882
0,6,default_vehtype,boarding,True,35640,36153.02442386553,36237.75848232387,36153.02442386553,0.0,674;-1;-1,674;-1;-1,0.0,0.5747448890601662,0.5747448890601662,0,,0,80,1,80,,,
0,11,default_vehtype,route,False,-1000,35926.3624625349,36246.28804062775,35926.3624625349,0.0,2317;-1;-1,3562;-1;-1,2137.448638601,0.8201556090981779,0.8199418642343176,0.0,,0,74,1,,,2317;2245;1519;3696;3791;214;3419;213;212;2306;2206;3868;3869;2207;2387;3644;4026;2386;4027;3560;3561;3563;3562,2317:35926.3624625349;2245:35928.71302375566;1519:35954.22414654937;3696:35957.219991456106;3791:35971.99116979403;214:35993.36073697069;3419:35998.24223926628;213:36018.83262086335;212:36025.13397387881;2306:36081.356110254485;2206:36093.31745392792;3868:36099.135330584;3869:36105.636035178344;2207:36114.65507627052;2387:36119.80576297272;3644:36132.759272506046;4026:36152.12435850485;2386:36153.34051822183;4027:36154.66288727838;3560:36168.05345959165;3561:36243.713050204235;3563:36245.71132985312;3562:36246.28804062775
0,8,default_vehtype,boarding,True,35700,36227.21634264882,36270.137797337455,36227.21634264882,0.0,1281;-1;-1,1281;-1;-1,0.0,0.8065712232304342,0.8065712232304342,0,,0,81,1,81,,,
0,11,default_vehtype,boarding,True,-1,36246.28804062775,36276.28804062775,36246.28804062775,0.0,3562;-1;-1,3562;-1;-1,0.0,0.8199418642343176,0.8199418642343176,0,,0,74,1,,74,,
0,9,default_vehtype,route,False,-1000,34498.779998852835,36338.22962121917,34498.779998852835,0.0,3511;-1;-1,3432;-1;-1,16010.916441989992,0.7317168015696396,0.7301157099254396,0.0,,0,61,1,,,3511;2997;410;3509;3979;3934;3813;3508;933;3617;3878;2995;2646;2654;2862;2857;3335;2635;2584;3269;39;71;56;3057;0;2580;3331;2534;3455;2618;2573;4;3028;2587;3026;3432,3511:34498.779998852835;2997:34502.76650235249;410:34504.88901285094;3509:34506.65204705131;3979:34533.86609176119;3934:34571.88409578827;3813:34576.9576110143;3508:34585.44859631924;933:34592.35094769198;3617:34598.11559722653;3878:34629.25210604205;2995:34630.037711093355;2646:34679.366382269305;2654:34812.91883816175;2862:34881.57038359629;2857:34938.98330434071;3335:34990.10780165982;2635:35173.721795025354;2584:35275.72762142133;3269:35532.1097967104;39:35602.57480247936;71:35656.45144846127;56:35688.44969449335;3057:35755.52222816704;0:35827.431117699845;2580:35888.06662086445;3331:36127.92633183725;2534:36150.62742445457;3455:36152.301764995864;2618:36176.508702998566;2573:36222.101526978295;4:36230.91661616774;3028:36273.97076446829;2587:36278.13666914904;3026:36313.36175735774;3432:36338.22962121917
0,1,default_vehtype,route,False,-1000,35040.0,36364.49883117951,35040.0,0.0,3119;268;0.160,2003;-1;-1,6686.853906563792,0.9990586982745404,0.9983900128838831,0.0,,0,,0,,,3119;268;4068;420;4003;3805;3446;3749;3684;2867;2906;2688;422;423;424;3203;3204;3926;2670;3666;3115;3313;3665;3925;3476;3477;425;3474;3475;3315;3567;3314;2716;2715;172;2596;429;3112;4030;4031;3862;4032;1888;2403;2503;2345;358;2372;2497;2203;2223;1717;2179;385;386;1625;1814;1036;2003,3119:35040;268:35115.25741002437;4068:35144.50255923968;420:35147.25400765889;4003:35151.277939692365;3805:35158.897687893405;3446:35178.78898873686;3749:35183.47427095733;3684:35196.174041051636;2867:35200.33723588465;2906:35216.9088568035;2688:35265.89299876171;422:35267.598632216956;423:35311.54012396796;424:35361.71641713052;3203:35389.23811006811;3204:35392.327324008715;3926:35430.277945863665;2670:35445.95760742668;3666:35448.05672168092;3115:35452.27813724616;3313:35481.21284617747;3665:35483.40195790434;3925:35502.95030836803;3476:35506.504314756196;3477:35511.514625034826;425:35514.28388659491;3474:35537.17670303094;3475:35540.15355723326;3315:35557.796170222326;3567:35569.45538301777;3314:35572.053298417326;2716:35697.49626616353;2715:35780.769383337865;172:35788.457769586974;2596:35813.862691562186;429:35829.06409499142;3112:35835.50559367617;4030:35980.07687698634;4031:35994.088807617285;3862:36002.12698969734;4032:36011.32889402332;1888:36112.924848233335;2403:36121.45044185379;2503:36171.838075045634;2345:36173.02926061758;358:36177.936630289165;2372:36179.26813145327;2497:36186.083208392236;2203:36197.75057764486;2223:36205.52347581672;1717:36209.48244207385;2179:36216.52138420777;385:36246.083712691594;386:36281.0281039753;1625:36307.70390126617;1814:36320.38672413612;1036:36343.825292165326;2003:36364.49883117951
0,1,default_vehtype,boarding,True,35040,36364.49883117951,36365.184070925214,36364.49883117951,0.0,2003;-1;-1,2003;-1;-1,0.0,0.9983900128838831,0.9983900128838831,0.0,,0,71,1,71,,,
0,9,default_vehtype,boarding,True,-1,36338.22962121917,36368.22962121917,36338.22962121917,0.0,3432;-1;-1,3432;-1;-1,0.0,0.7301157099254396,0.7301157099254396,0.0,,0,61,1,,61,,
0,5,default_vehtype,route,False,-1000,35460,36518.65691387665,35460,0,4058;3888;0.254,1693;-1;-1,10500.996022448198,0.9999837483558097,0.998933648753564,0.0,,0,,0,,,4058;3888;3889;3887;3890;2836;18;2567;2641;2666;68;3379;964;144;74;3377;2642;75;797;3090;3091;3089;3074;3075;3081;3080;3236;3882;963;3238;962;3035;2643;3087;961;960;3088;3870;3871;2931;2850;2898;2662;3309;3247;2851;651;3246;3243;3190;650;3369;4073;2944;649;3186;2808;2807;3288;3284;648;1693,4058:35460;3888:35510.26421652258;3889:35532.350718442205;3887:35563.572170607;3890:35591.445168860315;2836:35602.92622972462;18:35635.43816150524;2567:35675.77909010295;2641:35787.51413344723;2666:35837.47564932306;68:35847.59389650753;3379:35884.86698563252;964:35889.72556486865;144:35894.854122274606;74:35896.04096786025;3377:35898.202635455826;2642:35913.42382332754;75:35922.77515662131;797:35928.407515002495;3090:35960.70735700717;3091:35963.8918131057;3089:35982.31519233571;3074:35984.378031952016;3075:35999.19131842152;3081:36012.71055993766;3080:36017.88407845789;3236:36040.579865956184;3882:36063.68524334352;963:36064.4037661896;3238:36065.005928621285;962:36067.47614780645;3035:36088.32724910512;2643:36101.80638584286;3087:36119.935182677815;961:36123.795461964066;960:36126.50186873284;3088:36136.6253386089;3870:36148.41629777178;3871:36151.553126690895;2931:36172.11744469313;2850:36177.84239018142;2898:36181.112544292286;2662:36187.26513466847;3309:36194.1079674298;3247:36199.26738558073;2851:36206.52808416948;651:36209.55639958816;3246:36210.28691037558;3243:36222.54325924737;3190:36247.5116640734;650:36251.10218383553;3369:36253.18926999047;4073:36257.602623849096;2944:36296.30496415841;649:36312.96460991456;3186:36318.27523731961;2808:36403.52552308578;2807:36406.582778376614;3288:36410.575656157154;3284:36428.66545601375;648:36508.68083762821;1693:36518.65691387665
0,7,default_vehtype,route,False,-1000,35760,36517.086979467094,35760,0,180;3686;0.660,3672;-1;-1,4014.1122836464983,0.7691347895960527,0.7687333783676885,0.0,,0,72,1,,,180;3686;3994;180;63;3449;2864;3995;2863;3119;268;2633;4067;2632;4004;3750;3749;3684;2867;421;422;423;2687;2191;2133;3675;1815;264;3671;265;3672,180:35760;3686:35762.17153328211;3994:35765.36099056736;180:35766.64225116208;63:35768.54429668774;3449:35827.30686006446;2864:35828.52709186038;3995:35830.44258159401;2863:35853.004472129796;3119:35854.98447655672;268:35915.06039728899;2633:35920.85760012439;4067:35954.416297569296;2632:35956.35980960411;4004:35960.09338244694;3750:35985.6629654443;3749:35999.131871742175;3684:36028.01228845181;2867:36029.2329207341;421:36031.21033793766;422:36096.2851197327;423:36161.74458040164;2687:36163.48403027246;2191:36198.539001813224;2133:36335.88785434563;3675:36355.26266618477;1815:36403.77283343709;264:36437.69115541053;3671:36510.21408856527;265:36512.54859556931;3672:36517.086979467094
0,5,default_vehtype,boarding,True,35460,36518.65691387665,36561.170642389545,36518.65691387665,0.0,1693;-1;-1,1693;-1;-1,0.0,0.998933648753564,0.998933648753564,0,,0,77,1,77,,,
0,10,default_vehtype,route,False,-1000,35772.08267435267,36628.88616204388,35772.08267435267,0.0,870;-1;-1,3562;-1;-1,3616.532895232992,0.5317965014883272,0.5314348481988042,0.0,,0,69,1,,,870;2632;4004;3750;3749;3684;2867;421;422;423;2687;2191;2133;3675;1815;1517;3425;3426;1616;4069;833;326;327;3564;3561;3563;3562,870:35772.08267435267;2632:35776.54473971574;4004:35780.27831255857;3750:35805.84789555593;3749:35819.316801853805;3684:35848.197218563444;2867:35849.41785084573;421:35851.39526804929;422:35916.470049844334;423:35966.94907003495;2687:35976.238867391905;2191:36001.73101535884;2133:36011.2228095973;3675:36042.67795849858;1815:36066.09890908783;1517:36105.00625591175;3425:36110.31689419185;3426:36124.348539489045;1616:36138.67029218367;4069:36149.28264917756;833:36151.832905804426;326:36188.738424250216;327:36190.89718082123;3564:36621.38570338585;3561:36626.311171620364;3563:36628.30945126925;3562:36628.88616204388
0,7,default_vehtype,boarding,True,35760,36517.086979467094,36647.42278112148,36517.086979467094,0.0,3672;-1;-1,3672;-1;-1,0.0,0.7687333783676885,0.7687333783676885,0,,0,72;82,2,82,,,
0,10,default_vehtype,boarding,True,-1,36628.88616204388,36658.88616204388,36628.88616204388,0.0,3562;-1;-1,3562;-1;-1,0.0,0.5314348481988042,0.5314348481988042,0,,0,69,1,,69,,
0,6,default_vehtype,route,False,-1000,36237.75848232387,36669.8997258336,36237.75848232387,0.0,674;-1;-1,427;-1;-1,2471.6396336400003,0.5747448890601662,0.5744977250968021,0.0,,0,80,1,,,674;1533;1532;600;1531;213;212;2306;2206;3868;2207;2387;3644;2386;4026;3562;328;3314;3567;426;3568;427,674:36237.75848232387;1533:36252.4755321217;1532:36281.8209467711;600:36292.63025679145;1531:36309.02850451253;213:36317.92867181922;212:36352.42491998646;2306:36398.24531006502;2206:36439.3034364684;3868:36445.07553849072;2207:36454.59202350614;2387:36463.78144651486;3644:36476.8386832084;2386:36485.35227562814;4026:36487.125302273256;3562:36542.62623975739;328:36546.10630113314;3314:36595.434964898806;3567:36597.02035097309;426:36600.19539579108;3568:36601.261894089694;427:36669.8997258336
0,6,default_vehtype,boarding,True,-1,36669.8997258336,36699.8997258336,36669.8997258336,0.0,427;-1;-1,427;-1;-1,0.0,0.5744977250968021,0.5744977250968021,0,,0,80,1,,80,,
0,11,default_vehtype,route,False,-1000,36276.28804062775,36774.9426388592,36276.28804062775,0.0,3562;-1;-1,1311;-1;-1,2715.8471557200005,0.8199418642343176,0.8196702795187455,0.0,,0,,0,,,3562;4026;2386;3772;3922;832;3400;997;2305;1889;2279;2156;3421;3423;3777;3422;3420;3419;214;236;2319;1261;234;233;232;661;2144;1312;1311,3562:36276.28804062775;4026:36327.19656551017;2386:36328.41272522714;3772:36356.26660886957;3922:36387.36713692321;832:36388.95590664046;3400:36398.44866488434;997:36408.023334148376;2305:36415.17246978062;1889:36417.45093569571;2279:36437.76785846132;2156:36464.44511139496;3421:36477.66986857986;3423:36478.861216738514;3777:36479.52552071761;3422:36491.49055029484;3420:36522.00367065888;3419:36542.99822648263;214:36549.016109937606;236:36570.245330907805;2319:36578.744640203346;1261:36593.91641338909;234:36604.852352714704;233:36615.41855702485;232:36623.42443170934;661:36645.97147154659;2144:36720.48588381317;1312:36744.526521770225;1311:36774.9426388592
0,10,default_vehtype,route,False,-1000,36658.88616204388,36793.73442971524,36658.88616204388,0.0,3562;-1;-1,428;-1;-1,774.8697305299997,0.5314348481988042,0.5313573612257512,0.0,,0,,0,,,3562;328;3314;2716;428,3562:36658.88616204388;328:36662.36622341963;3314:36711.694887185295;2716:36790.62072066561;428:36793.73442971524
0,11,default_vehtype,boarding,True,36000,36774.9426388592,36818.79980920117,36774.9426388592,0.0,1311;-1;-1,1311;-1;-1,0.0,0.8196702795187455,0.8196702795187455,0,,0,85,1,85,,,
0,10,default_vehtype,boarding,True,36180,36793.73442971524,36837.46133515975,36793.73442971524,0.0,428;-1;-1,428;-1;-1,0.0,0.5313573612257512,0.5313573612257512,0,,0,88,1,88,,,
0,8,default_vehtype,route,False,-1000,36270.137797337455,36912.919705683824,36270.137797337455,0.0,1281;-1;-1,989;-1;-1,4076.3265913299983,0.8065712232304342,0.8061635905713006,0.0,,0,81,1,,,1281;3416;3417;673;1519;3696;3791;214;3419;3420;3422;3424;3425;1517;3666;2670;2671;2582;2638;2583;3349;3111;334;988;989,1281:36270.137797337455;3416:36275.15440959928;3417:36301.17907085109;673:36302.89106167483;1519:36328.027823879216;3696:36331.70391020506;3791:36352.90609615987;214:36380.65356646287;3419:36384.227044980296;3420:36402.62315476605;3422:36447.01430879483;3424:36453.860006607596;3425:36515.649721295835;1517:36518.79006227164;3666:36586.120924185154;2670:36588.75721365837;2671:36642.896235209846;2582:36684.88110373479;2638:36745.5134800466;2583:36769.19619852017;3349:36818.708598984325;3111:36820.2980926472;334:36824.05186461409;988:36900.640658590215;989:36912.919705683824
0,8,default_vehtype,boarding,True,-1,36912.919705683824,36942.919705683824,36912.919705683824,0.0,989;-1;-1,989;-1;-1,0.0,0.8061635905713006,0.8061635905713006,0,,0,81,1,,81,,
0,8,default_vehtype,route,False,-1000,36942.919705683824,36971.889177904086,36942.919705683824,0.0,989;-1;-1,1503;-1;-1,590.4244766,0.8061635905713006,0.8061045481236406,0.0,,0,,0,,,989;1505;1503,989:36942.919705683824;1505:36960.32851086345;1503:36971.889177904086
0,8,default_vehtype,boarding,True,36600,36971.889177904086,36978.81061215312,36971.889177904086,0.0,1503;-1;-1,1503;-1;-1,0.0,0.8061045481236406,0.8061045481236406,0.0,,0,92,1,92,,,
0,7,default_vehtype,route,False,-1000,36647.42278112148,36998.600359295786,36647.42278112148,0.0,3672;-1;-1,427;-1;-1,1921.3365431299994,0.7687333783676885,0.7685412447133753,0.0,,0,72;82,2,,,3672;265;3424;3425;1517;3666;3115;3313;3476;3477;3475;3315;3567;426;3568;427,3672:36647.42278112148;265:36651.507150336925;3424:36653.720299943554;3425:36715.51001463179;1517:36718.6503556076;3666:36824.414914819405;3115:36826.8984043488;3313:36862.92695377526;3476:36888.011266703375;3477:36900.11472219614;3475:36927.132895436545;3315:36942.33998962891;3567:36964.24415385794;426:36967.498913862684;3568:36970.387608990815;427:36998.600359295786
0,7,default_vehtype,boarding,True,-1,36998.600359295786,37028.600359295786,36998.600359295786,0.0,427;-1;-1,427;-1;-1,0.0,0.7685412447133753,0.7685412447133753,0,,0,72;82,2,,72,,
0,1,default_vehtype,route,False,-1000,36365.184070925214,37075.76278354806,36365.184070925214,0.0,2003;-1;-1,1736;-1;-1,4793.897193360002,0.9983900128838831,0.9979106231645469,0.0,,0,71,1,,,2003;2180;2373;1664;3660;2423;1987;2397;2026;2503;2403;1880;2208;4026;3562;328;3314;3567;426;3568;3987;3682;1405;1188;1406;349;3571;1407;1408;544;747;1736,2003:36365.184070925214;2180:36389.78748853542;2373:36410.47859416309;1664:36412.71894964363;3660:36414.318739901064;2423:36426.308381335235;1987:36435.049262786924;2397:36437.691794552855;2026:36454.05269767846;2503:36468.341910265575;2403:36495.79096320354;1880:36506.252976467724;2208:36572.879702407095;4026:36613.20984536831;3562:36668.71078285244;328:36672.19084422819;3314:36721.93079568916;3567:36724.145204173845;426:36727.39996417859;3568:36730.28865930672;3987:36768.09654349094;3682:36773.65768074614;1405:36803.90360238463;1188:36814.80564111321;1406:36856.981000001935;349:36907.03096532245;3571:36944.372947847456;1407:36946.02463961896;1408:36955.78516673436;544:37040.62287716821;747:37068.01236807348;1736:37075.76278354806
0,1,default_vehtype,boarding,True,-1,37075.76278354806,37105.76278354806,37075.76278354806,0.0,1736;-1;-1,1736;-1;-1,0.0,0.9979106231645469,0.9979106231645469,0,,0,71,1,,71,,
0,1,default_vehtype,route,False,-1000,37105.76278354806,37169.51346942916,37105.76278354806,0.0,1736;-1;-1,748;-1;-1,349.26934167,0.9979106231645469,0.99787569623038,0.0,,0,,0,,,1736;747;544;748,1736:37105.76278354806;747:37116.89111876236;544:37145.47025475316;748:37169.51346942916
0,11,default_vehtype,route,False,-1000,36818.79980920117,37182.973573089665,36818.79980920117,0.0,1311;-1;-1,3562;-1;-1,2430.5667957729997,0.8196702795187455,0.8194272228391676,0.0,,0,85,1,,,1311;1312;2171;262;263;264;1815;1517;3425;3426;3427;4069;833;326;327;3564;3561;3563;3562,1311:36818.79980920117;1312:36838.14740945609;2171:36921.63834666394;262:36962.67731574008;263:36973.31617344309;264:36978.599323380426;1815:37001.016766474415;1517:37062.71701974331;3425:37063.17445232258;3426:37083.022766873226;3427:37114.17602394148;4069:37153.38502391481;833:37158.48851672154;326:37167.05678967088;327:37170.21583138343;3564:37179.61430153404;3561:37180.67536934732;3563:37181.64063652812;3562:37182.973573089665
0,11,default_vehtype,boarding,True,-1,37182.973573089665,37212.973573089665,37182.973573089665,0.0,3562;-1;-1,3562;-1;-1,0.0,0.8194272228391676,0.8194272228391676,0,,0,85,1,,85,,
0,10,default_vehtype,route,False,-1000,36837.46133515975,37271.5103335124,36837.46133515975,0.0,428;-1;-1,2155;-1;-1,2295.0185372400006,0.5313573612257512,0.5311278593720273,0.0,,0,88,1,,,428;2716;3314;3568;3987;3682;1405;1188;1406;349;3571;1407;1408;544;748;2155,428:36837.46133515975;2716:36838.37071077714;3314:36908.88950731715;3568:36912.32441070143;3987:36950.13229488565;3682:36955.69343214085;1405:36985.93935377934;1188:36996.84139250792;1406:37039.016751396644;349:37089.066716717156;3571:37126.408699242165;1407:37128.06039101367;1408:37137.820918129066;544:37222.65862856292;748:37246.701843238916;2155:37271.5103335124
0,1,default_vehtype,boarding,True,36780,37169.51346942916,37280.920158623434,37169.51346942916,0.0,748;-1;-1,748;-1;-1,0.0,0.99787569623038,0.99787569623038,0,,0,94,1,94,,,
0,11,default_vehtype,route,False,-1000,37212.973573089665,37297.36907211912,37212.973573089665,0.0,3562;-1;-1,3315;-1;-1,462.0701895800001,0.8194272228391676,0.8193810158202094,0.0,,0,,0,,,3562;328;3314;3567;3315,3562:37212.973573089665;328:37214.969637500726;3314:37277.65017076266;3567:37279.86457924735;3315:37297.36907211912
0,10,default_vehtype,boarding,True,-1,37271.5103335124,37301.5103335124,37271.5103335124,0.0,2155;-1;-1,2155;-1;-1,0.0,0.5311278593720273,0.5311278593720273,0,,0,88,1,,88,,
0,0,default_vehtype,route,False,-1000,36137.61044665016,37324.95661709895,36137.61044665016,0.0,189;-1;-1,3044;-1;-1,8703.437418725001,0.9958149338388608,0.9949445900969895,0.0,,0,67,1,,,189;1877;1876;1256;550;1025;1255;1254;1253;1252;2291;1953;1952;4011;4010;422;2688;2906;2867;3684;3749;3750;4004;2632;4067;2633;268;3119;3450;2864;3449;199;198;197;2701;2656;2699;2654;2646;2995;3878;3617;933;3508;3813;3934;3979;3509;410;3512;409;3989;408;3991;407;100;3176;406;405;3618;404;3811;403;402;3985;3984;3986;3982;401;400;399;3043;3876;3045;3046;3044,189:36137.61044665016;1877:36159.8152815696;1876:36162.73417963273;1256:36170.17613794892;550:36176.29772957048;1025:36182.192034625776;1255:36200.6445000044;1254:36210.52620883266;1253:36224.04597158124;1252:36228.833079683245;2291:36259.542775698676;1953:36268.589643537474;1952:36286.36425056944;4011:36290.6937658685;4010:36291.148851754246;422:36327.73414844204;2688:36328.45947062674;2906:36415.42669179081;2867:36437.19043927308;3684:36440.129146814514;3749:36450.35466882474;3750:36463.12325501224;4004:36477.448817018565;2632:36478.99550884916;4067:36480.81395655141;2633:36528.46100546168;268:36530.317663852584;3119:36555.88292782202;3450:36579.847045560666;2864:36582.00789597669;3449:36583.21475563964;199:36603.9047177693;198:36662.63656066234;197:36665.27275288147;2701:36668.141403073656;2656:36676.53454206984;2699:36698.81907094088;2654:36727.80022281068;2646:36916.05562468092;2995:37007.14642008612;3878:37009.976399859865;3617:37044.13542022733;933:37050.77764472273;3508:37069.45208114961;3813:37077.51324198839;3934:37087.887767806285;3979:37107.520689522884;3509:37118.90476441216;410:37122.93802954876;3512:37124.1822407781;409:37131.81842550429;3989:37162.323338859474;408:37164.7466920137;3991:37180.0305876205;407:37181.80183958521;100:37182.56554792646;3176:37186.55873494679;406:37190.87329155105;405:37194.90311597438;3618:37205.06400299885;404:37210.09709360589;3811:37215.8031014319;403:37219.8037324641;402:37227.17554577478;3985:37237.33869014806;3984:37248.888314487085;3986:37250.56924001303;3982:37254.37996555107;401:37255.27306521787;400:37261.05253248102;399:37274.82326204567;3043:37278.44342233848;3876:37284.884929978274;3045:37289.888907371256;3046:37290.8074981052;3044:37324.95661709895
0,0,default_vehtype,boarding,True,-1,37324.95661709895,37354.95661709895,37324.95661709895,0.0,3044;-1;-1,3044;-1;-1,0.0,0.9949445900969895,0.9949445900969895,0,,0,67,1,,67,,
0,0,default_vehtype,route,False,-1000,37380,37410,37380,0,3044;-1;-1,3875;3135;0.126,278.27078173231024,0.9949445900969895,0.9949167630188163,0.0,,0,,0,,,3044;2062;3949;3047;3046;3045;3875,3044:37380;2062:37381.03012045727;3949:37398.86954948581;3047:37404.278431448416;3046:37404.979082962454;3045:37406.514088407625;3875:37408.370438679245
0,11,default_vehtype,boarding,True,36840,37297.36907211912,37509.27375095808,37297.36907211912,0.0,3315;-1;-1,3315;-1;-1,0.0,0.8193810158202094,0.8193810158202094,0,,0,96,1,96,,,
0,8,default_vehtype,route,False,-1000,36978.81061215312,37516.524511264135,36978.81061215312,0.0,1503;-1;-1,427;-1;-1,3653.083319429998,0.8061045481236406,0.8057392397916977,0.0,,0,92,1,,,1503;1505;989;988;334;3351;134;2637;2638;2582;2671;336;2252;2347;3665;3925;3476;3477;3475;3474;426;3568;427,1503:36978.81061215312;1505:36984.550512539405;989:37027.747136160586;988:37035.61234035414;334:37074.66946151419;3351:37076.694270881104;134:37108.66867643939;2637:37127.86820819648;2638:37131.26712445988;2582:37226.52986126394;2671:37270.10670104331;336:37272.65045569766;2252:37277.28308828434;2347:37316.3420961908;3665:37386.369776352236;3925:37408.08542383817;3476:37412.14273502004;3477:37428.23211864814;3475:37442.865537027756;3474:37447.03923838788;426:37481.28267230038;3568:37482.27928650032;427:37516.524511264135
0,8,default_vehtype,boarding,True,37260,37516.524511264135,37581.15906670601,37516.524511264135,0.0,427;-1;-1,427;-1;-1,0.0,0.8057392397916977,0.8057392397916977,0,,0,92;103,2,103,92,,
0,9,default_vehtype,route,False,-1000,36720,37717.66142929843,36720,0,3432;-1;-1,1786;-1;-1,8861.324893960003,0.7301157099254396,0.7292295774360437,0.0,,0,,0,,,3432;3026;2587;3028;4;2573;2618;3455;2534;3331;2580;0;3057;739;3679;691;3619;726;4021;3647;3799;3693;3648;724;3770;2868;2602;54;2591;2592;50;49;3116;3042;4077;48;2672;1341;1342;1786,3432:36720;3026:36733.97296973444;2587:36781.21975310024;3028:36784.62953265295;4:36787.85573162141;2573:36791.94309022201;2618:36898.07933976716;3455:36937.894082983636;2534:36939.5159196697;3331:37006.82980517448;2580:37138.119237842184;0:37282.162190361574;3057:37329.470541808405;739:37359.08690878066;3679:37362.659131916545;691:37376.80048465348;3619:37399.11589444203;726:37421.26432150907;4021:37435.86966145104;3647:37445.092656650246;3799:37455.175472743394;3693:37466.85115719427;3648:37483.56548043129;724:37484.7273867543;3770:37492.34956525381;2868:37494.25709438117;2602:37517.10591989769;54:37543.84329437602;2591:37548.05245017722;2592:37549.85615268409;50:37571.19818884425;49:37582.82907613314;3116:37587.88082446337;3042:37607.52032413;4077:37622.89334808593;48:37658.92420922068;2672:37661.520975020205;1341:37695.87220566582;1342:37712.53642621259;1786:37717.66142929843
0,9,default_vehtype,boarding,True,36720,37717.66142929843,37757.78535295691,37717.66142929843,0.0,1786;-1;-1,1786;-1;-1,0.0,0.7292295774360437,0.7292295774360437,0,,0,93,1,93,,,
0,6,default_vehtype,route,False,-1000,36699.8997258336,37802.21145288019,36699.8997258336,0.0,427;-1;-1,2455;-1;-1,5185.978077573008,0.5744977250968021,0.5739791272890449,0.0,,0,,0,,,427;3987;3682;3569;3570;2122;425;3477;3476;3313;3665;338;3115;3666;3150;3926;3204;2675;3680;2687;2688;2906;2867;3684;3749;3750;4004;2632;4067;2633;331;419;734;733;732;4048;731;842;1758;2455,427:36699.8997258336;3987:36777.66424638087;3682:36783.22538363607;3569:36789.69697693373;3570:36791.91905906981;2122:36824.28027017516;425:36835.92046824546;3477:36846.32605356739;3476:36856.33192627113;3313:36888.48330715467;3665:36889.06714055535;338:36926.18662516753;3115:36931.78056252086;3666:36935.3276866068;3150:36972.6659066717;3926:36977.019094440664;3204:37015.729087598724;2675:37019.97525391425;3680:37021.06593958764;2687:37139.152166739994;2688:37199.8156615987;2906:37272.0793197413;2867:37283.000651087066;3684:37284.644222655734;3749:37308.436106817935;3750:37331.25323846939;4004:37351.74384473928;2632:37353.4823434086;4067:37354.85639749004;2633:37402.9593957601;331:37411.802045546756;419:37424.36798443714;734:37479.78804229306;733:37496.34870824007;732:37499.45087279218;4048:37504.359130958124;731:37509.72291016641;842:37780.8446128088;1758:37784.236814285454;2455:37802.21145288019
0,6,default_vehtype,boarding,True,36600,37802.21145288019,37822.85815776737,37802.21145288019,0.0,2455;-1;-1,2455;-1;-1,0.0,0.5739791272890449,0.5739791272890449,0,,0,91,1,91,,,
0,1,default_vehtype,route,False,-1000,37280.920158623434,37851.95041089284,37280.920158623434,0.0,748;-1;-1,427;-1;-1,2783.2289970800016,0.99787569623038,0.9975973733306713,0.0,,0,94,1,,,748;544;1408;1407;3571;349;348;1845;1266;1265;1264;1186;1187;1188;1405;3682;3987;3568;427,748:37280.920158623434;544:37305.43090734823;1408:37410.25467642807;1407:37421.254569795914;3571:37422.757316456824;349:37500.838824740356;348:37524.17748232628;1845:37544.6921083753;1266:37575.10683034454;1265:37582.756981225575;1264:37594.741327128744;1186:37605.11421453541;1187:37692.10763045638;1188:37705.65126542615;1405:37714.44045788407;3682:37733.522298673204;3987:37743.7886050917;3568:37817.705186129024;427:37851.95041089284
0,1,default_vehtype,boarding,True,-1,37851.95041089284,37881.95041089284,37851.95041089284,0.0,427;-1;-1,427;-1;-1,0.0,0.9975973733306713,0.9975973733306713,0,,0,94,1,,94,,
0,0,default_vehtype,route,False,-1000,37500.0,38095.840560566176,37500.0,0.0,3875;3135;0.126,301;-1;-1,6589.019186157689,0.9949167630188163,0.9942578611002005,0.0,,0,,0,,,3875;3135;3875;3045;3046;3044;2457;123;3953;115;1843;1844;3849;2043;3924;2712;1321;2449;1243;1512;2132;2458;114;2272;2459;914;1662;3359;1713;2952;2951;2950;3545;3547;3549;3550;491;1684;1960;2399;2827;1247;2402;2277;3850;3851;464;3867;2804;2805;3127;2808;94;2820;1369;300;301,3875:37500;3135:37511.292298737964;3875:37535.6515757407;3045:37538.4219445846;3046:37539.96472414494;3044:37570.83128503376;2457:37573.70525543237;123:37585.237119146244;3953:37588.19380639386;115:37590.33530230705;1843:37594.097220019394;1844:37598.70854520119;3849:37612.02676145315;2043:37612.86022562368;3924:37617.22469869661;2712:37621.1340496754;1321:37625.53584152879;2449:37631.57033374733;1243:37633.37314837351;1512:37639.09063115749;2132:37643.07533942089;2458:37644.597774809255;114:37653.283771805;2272:37667.40865406156;2459:37672.560583457;914:37712.2862871361;1662:37716.57221353865;3359:37721.475841148014;1713:37726.424854317454;2952:37727.461664582355;2951:37745.168677200636;2950:37754.61921637089;3545:37775.206331857655;3547:37775.653262609325;3549:37776.24356236219;3550:37777.317288869715;491:37789.4355415003;1684:37796.73688382494;1960:37807.596856307144;2399:37824.247695863116;2827:37827.86110386495;1247:37844.11190031688;2402:37847.975021566264;2277:37864.28265326103;3850:37868.4016034961;3851:37873.903519653984;464:37874.55344102674;3867:37880.73498117892;2804:37892.76928775672;2805:37893.89301838228;3127:37933.46385155474;2808:37981.76355645651;94:37984.791501714375;2820:38031.87825793732;1369:38056.079297003984;300:38059.57547999343;301:38095.840560566176
0,0,default_vehtype,boarding,True,37500,38095.840560566176,38099.586500724836,38095.840560566176,0.0,301;-1;-1,301;-1;-1,0.0,0.9942578611002005,0.9942578611002005,0.0,,0,107,1,107,,,
0,7,default_vehtype,route,False,-1000,37028.600359295786,38129.72048139111,37028.600359295786,0.0,427;-1;-1,2846;-1;-1,5354.911691954997,0.7685412447133753,0.7680057535441781,0.0,,0,82,1,,,427;428;2716;2715;3054;2596;1;3272;2526;2738;3328;2639;3134;49;3116;3042;3041;754;3590;3020;753;3021;2594;3022;2593;752;1409;2846,427:37028.600359295786;428:37055.45078805955;2716:37056.36016367694;2715:37123.443332692026;3054:37139.342961920105;2596:37141.68262903721;1:37174.8556549013;3272:37216.50837446944;2526:37242.886373395704;2738:37293.41994511823;3328:37299.18639070271;2639:37328.32065851687;3134:37336.099028841585;49:37338.933597263975;3116:37343.98534559421;3042:37363.624845260834;3041:37402.2777946061;754:37554.53015152858;3590:37958.33811124486;3020:37963.86700823715;753:37964.61850579321;3021:37966.79128221708;2594:37971.70555840643;3022:37974.24573097702;2593:37978.49625723595;752:38009.37476164908;1409:38119.34093614888;2846:38129.72048139111
0,10,default_vehtype,route,False,-1000,37301.5103335124,38147.38941613069,37301.5103335124,0.0,2155;-1;-1,3117;-1;-1,4456.602570980004,0.5311278593720273,0.5306821991149304,0.0,,0,,0,,,2155;1506;1160;1505;989;988;334;3351;134;2637;2638;2582;2671;2670;3666;1517;1815;3675;2133;2191;2485;2300;3117,2155:37301.5103335124;1506:37323.19521739655;1160:37330.527168326305;1505:37335.74649146532;989:37383.71269084396;988:37388.17758874345;334:37438.512874603155;3351:37442.04519804191;134:37538.72185657265;2637:37581.39592656802;2638:37583.23467210263;2582:37660.14665608206;2671:37698.3585667207;2670:37768.95204769485;3666:37770.37290315477;1517:37802.74856017712;1815:37923.42347467883;3675:38005.56303529614;2133:38029.95504682118;2191:38056.012531352986;2485:38122.08212388649;2300:38141.809225077915;3117:38147.38941613069
0,7,default_vehtype,boarding,True,-1,38129.72048139111,38159.72048139111,38129.72048139111,0.0,2846;-1;-1,2846;-1;-1,0.0,0.7680057535441781,0.7680057535441781,0,,0,82,1,,82,,
0,9,default_vehtype,route,False,-1000,37757.78535295691,38245.81775570385,37757.78535295691,0.0,1786;-1;-1,427;-1;-1,2931.567504449999,0.7292295774360437,0.7289364206855994,0.0,,0,93,1,,,1786;1342;2732;2733;2601;2882;2600;2668;248;434;433;432;431;430;429;2596;3054;2715;172;3771;428;427,1786:37757.78535295691;1342:37763.83903434735;2732:37827.383714844385;2733:37832.15827161288;2601:37843.47394036817;2882:37870.17097227631;2600:37870.77298284749;2668:37884.277673543445;248:37919.78958915344;434:38005.41700243871;433:38041.52038583883;432:38074.90201830601;431:38100.25164530076;430:38114.28916770436;429:38130.792122070525;2596:38154.73898914005;3054:38158.78016420867;2715:38180.35423339499;172:38184.23014497439;3771:38189.32931199834;428:38211.46592132588;427:38245.81775570385
0,9,default_vehtype,boarding,True,-1,38245.81775570385,38275.81775570385,38245.81775570385,0.0,427;-1;-1,427;-1;-1,0.0,0.7289364206855994,0.7289364206855994,0,,0,93,1,,93,,
0,1,default_vehtype,route,False,-1000,37980,38407.68181197497,37980,0,427;-1;-1,2131;-1;-1,3271.594998549999,0.9975973733306713,0.9972702138308166,0.0,,0,,0,,,427;428;3771;172;2715;3054;2596;429;430;867;868;2289;1135;578;2429;2240;1242;2269;2404;852;1278;2405;2443;2374;2375;654;2181;2131,427:37980;428:37999.057576286905;3771:38034.02574875258;172:38041.22457779337;2715:38046.28924338235;3054:38057.49170455909;2596:38059.68587258778;429:38072.11982742647;430:38083.57708246053;867:38108.594117733126;868:38118.38647578077;2289:38174.22679917899;1135:38226.47158266356;578:38228.9235566154;2429:38243.612798397946;2240:38251.44658089964;1242:38259.05975924791;2269:38262.03194809407;2404:38270.01709663523;852:38328.38112329582;1278:38354.39722437497;2405:38366.295758775486;2443:38377.20267264792;2374:38384.67436288288;2375:38389.37888403588;654:38401.89489473457;2181:38405.284320884304;2131:38407.68181197497
0,10,default_vehtype,boarding,True,37260,38147.38941613069,38445.23881839999,38147.38941613069,0.0,3117;-1;-1,3117;-1;-1,0.0,0.5306821991149304,0.5306821991149304,0,,0,104,1,104,,,
0,5,default_vehtype,route,False,-1000,36561.170642389545,38495.82964299243,36561.170642389545,0.0,1693;-1;-1,3562;-1;-1,13627.931195590007,0.998933648753564,0.9975708556340043,0.0,,0,77,1,,,1693;1692;1691;1050;1690;1689;1688;1687;2107;710;2275;635;1742;3162;3161;928;561;929;930;931;3837;932;2855;3278;643;98;99;3285;2681;407;3991;408;3989;409;3512;410;3509;3979;3934;3813;3508;933;3617;3878;146;162;2996;3393;3334;2655;2579;2578;33;2585;2637;3110;335;336;2252;2347;3665;3313;3476;3477;3475;3315;3567;3314;328;3562,1693:36561.170642389545;1692:36573.335241909066;1691:36581.326823189265;1050:36591.53820397886;1690:36597.04150521793;1689:36604.96881748383;1688:36609.02319403891;1687:36617.33595728051;2107:36631.97519014716;710:36641.10596052757;2275:36650.66204097618;635:36661.17357600847;1742:36679.136102914315;3162:36688.42579357356;3161:36700.21189936807;928:36701.10729659894;561:36715.971505132795;929:36735.024836875906;930:36778.64449961106;931:36790.20666931582;3837:36804.95255228648;932:36809.742982455675;2855:36818.974646117225;3278:36835.47972505829;643:36839.38383173116;98:36842.80755681876;99:36853.036699455595;3285:36925.382379359915;2681:36932.902739252066;407:36934.87581748174;3991:36936.67793212922;408:36953.852782874674;3989:36960.55798785664;409:36964.65249170357;3512:36971.52937510973;410:36974.67637688609;3509:36980.508913257145;3979:36989.584256860835;3934:37010.38411544104;3813:37016.02510194828;3508:37030.206039176475;933:37040.10416447548;3617:37047.48116147165;3878:37104.53224070264;146:37112.40833539669;162:37191.33351417197;2996:37196.01390087358;3393:37265.84597533765;3334:37341.48204519892;2655:37452.01669427127;2579:37646.15816835039;2578:37709.55038380239;33:37900.97256089962;2585:38018.3749999442;2637:38047.43031286638;3110:38088.53722331105;335:38121.215589886444;336:38198.4769883144;2252:38261.65138805794;2347:38294.69340186911;3665:38326.96433793917;3313:38333.7563477846;3476:38359.008055916216;3477:38366.81619968179;3475:38385.93695730527;3315:38411.71688483395;3567:38431.551803156966;3314:38433.16428268252;328:38493.08323970624;3562:38495.82964299243
0,5,default_vehtype,boarding,True,-1,38495.82964299243,38525.82964299243,38495.82964299243,0.0,3562;-1;-1,3562;-1;-1,0.0,0.9975708556340043,0.9975708556340043,0,,0,77,1,,77,,
0,1,default_vehtype,boarding,True,37980,38407.68181197497,38542.01108284402,38407.68181197497,0.0,2131;-1;-1,2131;-1;-1,0.0,0.9972702138308166,0.9972702138308166,0.0,,0,109,1,109,,,
0,11,default_vehtype,route,False,-1000,37509.27375095808,38546.95780953877,37509.27375095808,0.0,3315;-1;-1,1587;-1;-1,11194.663614877005,0.8193810158202094,0.818261549458722,0.0,,0,96,1,,,3315;3567;426;3568;427;428;3771;3873;3178;2714;104;3270;3271;132;3640;739;3057;0;3555;178;3681;3059;2680;2634;3058;3126;1446;1445;990;1444;1443;1442;1441;836;1440;1439;1438;2886;3304;3307;2572;3620;24;23;3122;2536;2762;2595;4076;3487;3557;3155;1588;2834;1587,3315:37509.27375095808;3567:37519.362410449365;426:37522.75772291767;3568:37523.75433711761;427:37557.99956188142;428:37619.27752489641;3771:37658.22826838443;3873:37666.41313150801;3178:37688.473251938914;2714:37729.8247208066;104:37769.55579083235;3270:37791.12858833777;3271:37819.59398205104;132:37825.19571787534;3640:37828.45116569939;739:37847.864573892075;3057:37874.7264579944;0:37932.19954378947;3555:37954.22150435245;178:37957.262617844906;3681:37975.39356811108;3059:37993.07367115873;2680:37994.936135134325;2634:37997.707262589756;3058:38054.60817536472;3126:38083.188055010316;1446:38084.59801455689;1445:38115.125149263295;990:38119.02013701491;1444:38132.392054251446;1443:38139.71899134418;1442:38146.57155332571;1441:38178.45111955848;836:38200.43104402557;1440:38204.58444825695;1439:38260.40337665198;1438:38276.22412368748;2886:38283.93625797484;3304:38295.746963034224;3307:38301.16983568992;2572:38317.132085428246;3620:38325.35291605494;24:38343.38818232654;23:38344.20893503924;3122:38373.370701005064;2536:38398.044893017875;2762:38419.14186590456;2595:38435.11821186055;4076:38443.386655680726;3487:38501.43313851212;3557:38502.89615415159;3155:38512.94598068302;1588:38522.265242884416;2834:38540.85140868098;1587:38546.95780953877
0,6,default_vehtype,route,False,-1000,37822.85815776737,38566.915043967245,37822.85815776737,0.0,2455;-1;-1,3475;-1;-1,4379.623631040001,0.5739791272890449,0.5735411649259405,0.0,,0,91,1,,,2455;1391;840;737;4066;4048;732;733;734;332;331;2633;4067;4002;420;4003;3805;3446;2866;421;422;423;424;3203;3204;3926;2670;338;3665;3925;425;3477;3475,2455:37822.85815776737;1391:37835.381049692194;840:37858.82654373741;737:37867.96281707125;4066:37897.2287163261;4048:37900.572753170665;732:37907.5247486187;733:37912.99608272096;734:37927.43582741253;332:37935.62406957582;331:37998.44277120256;2633:38012.67472699964;4067:38085.296469004046;4002:38087.57433817276;420:38088.515384769074;4003:38092.525302332724;3805:38107.297734752094;3446:38122.19108841606;2866:38156.65226631619;421:38158.42780850003;422:38257.08575126536;423:38296.854731476065;424:38351.11363839483;3203:38373.04547698289;3204:38375.08266624626;3926:38395.33933684931;2670:38434.022663060896;338:38438.49192032246;3665:38499.50568012107;3925:38522.259653736364;425:38537.24389479555;3477:38538.943894995784;3475:38566.915043967245
0,11,default_vehtype,boarding,True,-1,38546.95780953877,38576.95780953877,38546.95780953877,0.0,1587;-1;-1,1587;-1;-1,0.0,0.818261549458722,0.818261549458722,0,,0,96,1,,96,,
0,6,default_vehtype,boarding,True,-1,38566.915043967245,38596.915043967245,38566.915043967245,0.0,3475;-1;-1,3475;-1;-1,0.0,0.5735411649259405,0.5735411649259405,0,,0,91,1,,91,,
0,6,default_vehtype,route,False,-1000,38596.915043967245,38647.56073475697,38596.915043967245,0.0,3475;-1;-1,598;-1;-1,212.93233860000004,0.5735411649259405,0.5735198716920805,0.0,,0,,0,,,3475;3315;598,3475:38596.915043967245;3315:38628.58075392358;598:38647.56073475697
0,6,default_vehtype,boarding,True,38400,38647.56073475697,38670.70021657658,38647.56073475697,0.0,598;-1;-1,598;-1;-1,0.0,0.5735198716920805,0.5735198716920805,0,,0,112,1,112,,,
0,8,default_vehtype,route,False,-1000,37581.15906670601,38695.12893575624,37581.15906670601,0.0,427;-1;-1,3691;-1;-1,5952.700783477,0.8057392397916977,0.8051439697133502,0.0,,0,103,1,,,427;3568;426;3567;3315;3475;3477;3476;3313;3115;3666;3150;2675;3680;2687;423;422;421;2866;3446;3805;4003;420;4002;4067;2633;268;3195;1610;2858;3807;3935;3971;1611;991;3972;1197;723;3690;3929;722;3692;3691,427:37581.15906670601;3568:37632.548791715126;426:37635.3868270569;3567:37637.07056235642;3315:37647.62770985088;3475:37658.73675680502;3477:37674.892021558786;3476:37685.809232058964;3313:37700.49935214723;3115:37737.04267953702;3666:37739.27060060952;3150:37766.16622305813;2675:37797.50023714079;3680:37799.32763288579;2687:37837.0945016048;423:37843.046553740176;422:37893.943302937456;421:37977.24886187477;2866:37978.55713134729;3446:38007.647522738735;3805:38027.64221143561;4003:38035.63111860215;420:38037.57100990574;4002:38038.48913086917;4067:38040.18232925156;2633:38089.91269196197;268:38091.98657225781;3195:38132.9636752246;1610:38135.98023748865;2858:38186.25920760936;3807:38219.886810025826;3935:38252.97916424181;3971:38324.24988354583;1611:38326.00394724936;991:38527.23482975897;3972:38527.92458075652;1197:38570.9420573496;723:38595.943165987126;3690:38608.06441619159;3929:38678.23047610397;722:38687.63523289139;3692:38690.97813646473;3691:38695.12893575624
0,9,default_vehtype,route,False,-1000,38275.81775570385,38693.71392271201,38275.81775570385,0.0,427;-1;-1,664;-1;-1,3979.2045061599993,0.7289364206855994,0.7285385002349835,0.0,,0,,0,,,427;428;3771;172;2715;3053;2917;3414;3415;3789;3416;1281;664,427:38275.81775570385;428:38294.875331990756;3771:38329.84350445643;172:38337.04233349722;2715:38342.1069990862;3053:38376.93221085694;2917:38500.054430997676;3414:38545.64242069733;3415:38610.77731576634;3789:38627.27142503074;3416:38666.90198868152;1281:38682.887489846005;664:38693.71392271201
0,8,default_vehtype,boarding,True,-1,38695.12893575624,38725.12893575624,38695.12893575624,0.0,3691;-1;-1,3691;-1;-1,0.0,0.8051439697133502,0.8051439697133502,0,,0,103,1,,103,,
0,9,default_vehtype,boarding,True,38100,38693.71392271201,38823.24470582925,38693.71392271201,0.0,664;-1;-1,664;-1;-1,0.0,0.7285385002349835,0.7285385002349835,0,,0,110,1,110,,,
0,5,default_vehtype,route,False,-1000,38580,38856.702222612475,38580,0,3562;-1;-1,824;-1;-1,2412.6143175400007,0.9975708556340043,0.9973295942022504,0.0,,0,,0,,,3562;4026;3644;2387;2207;3868;2206;2205;3824;2306;212;213;1531;600;1532;1533;674;2241;824,3562:38580;4026:38643.83632685142;3644:38665.21002352197;2387:38672.924603480824;2207:38683.72834568744;3868:38689.763428916325;2206:38692.45204040292;2205:38702.23340384163;3824:38711.639982387474;2306:38714.08373088596;212:38723.511040252524;213:38735.66310088194;1531:38751.110252573424;600:38754.86667571562;1532:38757.41874214158;1533:38796.93390047106;674:38815.65206461125;2241:38844.902539975104;824:38856.702222612475
0,5,default_vehtype,boarding,True,38580,38856.702222612475,38960.43720429756,38856.702222612475,0.0,824;-1;-1,824;-1;-1,0.0,0.9973295942022504,0.9973295942022504,0,,0,113,1,113,,,
0,1,default_vehtype,route,False,-1000,38542.01108284402,38972.33219633619,38542.01108284402,0.0,2131;-1;-1,3562;-1;-1,2752.9859065010005,0.9972702138308166,0.996994915240166,0.0,,0,109,1,,,2131;2044;1429;2180;2373;1664;3660;2423;1987;2397;2026;2503;2403;1880;2208;4026;2386;4027;3560;3561;3563;3562,2131:38542.01108284402;2044:38546.84184897971;1429:38557.010432430725;2180:38573.909547400726;2373:38587.80458577108;1664:38606.5546018137;3660:38607.494126255886;2423:38618.81062623351;1987:38631.158484030486;2397:38642.000744045166;2026:38653.07355441163;2503:38663.438704066684;2403:38692.913014458514;1880:38825.88208106902;2208:38836.8797687086;4026:38889.354474318185;2386:38891.2302957961;4027:38894.11975175533;3560:38923.82656051832;3561:38969.291986727985;3563:38969.87286644858;3562:38972.33219633619
0,8,default_vehtype,route,False,-1000,38820,38985.45360681935,38820,0,3691;-1;-1,3526;-1;-1,1431.8157316700003,0.8051439697133502,0.8050007881401832,0.0,,0,,0,,,3691;3692;722;3808;3614;2556;2557;2558;3217;3221;2559;3582;3224;67;3226;2823;3526,3691:38820;3692:38822.33340028368;722:38823.83819261374;3808:38834.4880282288;3614:38841.889627790544;2556:38847.08486615268;2557:38847.987483963494;2558:38886.25628571448;3217:38892.6536614893;3221:38903.26255173457;2559:38907.67119971087;3582:38910.10456402197;3224:38940.65383147306;67:38955.46922195546;3226:38970.34819980704;2823:38977.871714369685;3526:38985.45360681935
0,1,default_vehtype,boarding,True,-1,38972.33219633619,39002.33219633619,38972.33219633619,0.0,3562;-1;-1,3562;-1;-1,0.0,0.996994915240166,0.996994915240166,0,,0,109,1,,109,,
0,0,default_vehtype,route,False,-1000,38099.586500724836,39027.050142330496,38099.586500724836,0.0,301;-1;-1,3807;-1;-1,7201.0320831289955,0.9942578611002005,0.9935377578918879,0.0,,0,107,1,,,301;300;1369;2820;94;2810;2815;2813;3634;3439;3633;2590;2589;2102;2101;1416;1417;1857;1856;2125;2126;2363;3579;3141;1701;1702;3139;1419;3138;628;629;630;631;632;1466;1465;1464;721;3215;2658;3692;3212;1545;3612;2487;2334;3967;3210;3207;3704;2335;476;1643;558;2336;2337;1611;3971;3935;3807,301:38099.586500724836;300:38137.53075454974;1369:38140.483904930574;2820:38160.26568595198;94:38216.63565114539;2810:38237.410540803925;2815:38263.74975681103;2813:38287.47829101006;3634:38318.69936267977;3439:38323.09582124178;3633:38339.21028926642;2590:38353.1919712328;2589:38361.617887680135;2102:38370.93598094843;2101:38391.08575786789;1416:38393.18759289026;1417:38403.39245051501;1857:38404.912880128475;1856:38410.31665295785;2125:38422.676293539655;2126:38426.17884098718;2363:38432.47546787527;3579:38445.86869490941;3141:38447.22698718831;1701:38452.63679585615;1702:38463.65521835762;3139:38465.579639273354;1419:38470.425092643614;3138:38470.91108733547;628:38477.745930725665;629:38487.29604649988;630:38498.4574140151;631:38509.10425391116;632:38517.23479303835;1466:38530.66151103945;1465:38537.964224102565;1464:38550.25776680426;721:38580.0787725106;3215:38623.393319438124;2658:38635.73162585637;3692:38637.86149208586;3212:38650.23963283388;1545:38678.2807456852;3612:38690.05328017147;2487:38704.06387038119;2334:38719.87115012105;3967:38724.165693931966;3210:38727.13217675094;3207:38735.12239036768;3704:38736.35912130696;2335:38774.78509928592;476:38782.85688088271;1643:38788.05644228328;558:38792.08359179243;2336:38833.29302676502;2337:38922.3844880025;1611:38944.53946822505;3971:38946.705909958604;3935:38982.22828810676;3807:39027.050142330496
0,0,default_vehtype,boarding,True,-1,39027.050142330496,39057.050142330496,39027.050142330496,0.0,3807;-1;-1,3807;-1;-1,0.0,0.9935377578918879,0.9935377578918879,0,,0,107,1,,107,,
0,8,default_vehtype,boarding,True,38820,38985.45360681935,39096.68993635047,38985.45360681935,0.0,3526;-1;-1,3526;-1;-1,0.0,0.8050007881401832,0.8050007881401832,0,,0,115,2,115,,,
0,6,default_vehtype,route,False,-1000,38670.70021657658,39187.11536221936,38670.70021657658,0.0,598;-1;-1,524;-1;-1,3897.993475460001,0.5735198716920805,0.5731300723445345,0.0,,0,112,1,,,598;3315;3475;3477;3476;3925;3665;338;3115;3666;1517;1815;264;263;2246;461;1836;1261;234;233;232;231;230;229;228;527;526;525;524,598:38670.70021657658;3315:38683.10761433114;3475:38707.1543706441;3477:38721.27876726122;3476:38730.660836425144;3925:38738.84261093207;3665:38748.366058291096;338:38795.688040427456;3115:38799.893816296884;3666:38803.748750464445;1517:38848.27054198319;1815:38877.26851494208;264:38902.41063098035;263:38910.89138784036;2246:38920.97075409696;461:38946.05296511614;1836:38955.140275961945;1261:38971.17449875526;234:38979.93296560969;233:38994.330492640365;232:39035.53304131201;231:39038.35028456069;230:39084.16829055464;229:39121.57211225154;228:39157.55331702303;527:39165.17078748466;526:39171.979308695954;525:39175.62441865085;524:39187.11536221936
0,6,default_vehtype,boarding,True,-1,39187.11536221936,39217.11536221936,39187.11536221936,0.0,524;-1;-1,524;-1;-1,0.0,0.5731300723445345,0.5731300723445345,0,,0,112,1,,112,,
0,5,default_vehtype,route,False,-1000,38960.43720429756,39426.91619725724,38960.43720429756,0.0,824;-1;-1,3562;-1;-1,2874.4638414109995,0.9973295942022504,0.9970421478181093,0.0,,0,113,1,,,824;823;1282;664;1281;3416;3417;3790;3418;3791;214;3419;3420;2158;2280;1890;1889;2305;997;3400;832;3922;3772;2386;4027;3560;3561;3563;3562,824:38960.43720429756;823:39026.36255632899;1282:39046.40557042657;664:39051.02930147608;1281:39056.241870776204;3416:39064.91553578351;3417:39086.593065938374;3790:39113.51844136581;3418:39132.33348563834;3791:39135.309557400586;214:39178.11273169394;3419:39180.77893990366;3420:39213.486591472;2158:39224.5756970233;2280:39247.56341396214;1890:39251.58914392983;1889:39270.740607943626;2305:39299.95370816789;997:39305.552141499014;3400:39314.847452683534;832:39334.62711337872;3922:39336.52662799264;3772:39351.02885515609;2386:39359.99270807753;4027:39361.51722668422;3560:39385.59123677443;3561:39425.05361345827;3563:39426.257940932555;3562:39426.91619725724
0,6,default_vehtype,route,False,-1000,39217.11536221936,39423.30968628873,39217.11536221936,0.0,524;-1;-1,1941;-1;-1,1123.3794784299996,0.5731300723445345,0.5730177343966917,0.0,,0,,0,,,524;523;1076;1075;1061;1062;226;227;1941,524:39217.11536221936;523:39240.79851224312;1076:39252.62867972814;1075:39255.29620498447;1061:39265.574081496445;1062:39288.4120995395;226:39360.49671695673;227:39392.53830359429;1941:39423.30968628873
0,9,default_vehtype,route,False,-1000,38823.24470582925,39441.20698636193,38823.24470582925,0.0,664;-1;-1,2220;-1;-1,5896.61317072,0.7285385002349835,0.7279488389179107,0.0,,0,110,1,,,664;1281;3416;3789;3415;3414;3413;2915;3336;3054;2596;172;3771;428;427;3568;3987;3682;1405;1188;1406;349;350;1214;2302;2220,664:38823.24470582925;1281:38828.457275129374;3416:38837.13094013668;3789:38873.82195702122;3415:38888.395919503055;3414:38915.752623460176;3413:38934.835134092595;2915:38950.24779707216;3336:39051.71022430338;3054:39076.87081420369;2596:39080.30666728645;172:39103.43376597073;3771:39108.9590279474;428:39145.0522768363;427:39179.58384807702;3568:39212.42297504877;3987:39256.786867179355;3682:39267.58272445761;1405:39286.025087461516;1188:39297.07443446347;1406:39333.20292118417;349:39382.23822914472;350:39407.30973184129;1214:39416.832253268905;2302:39436.20337509934;2220:39441.20698636193
0,5,default_vehtype,boarding,True,-1,39426.91619725724,39456.91619725724,39426.91619725724,0.0,3562;-1;-1,3562;-1;-1,0.0,0.9970421478181093,0.9970421478181093,0,,0,113,1,,113,,
0,6,default_vehtype,boarding,True,38940,39423.30968628873,39456.01128964704,39423.30968628873,0.0,1941;-1;-1,1941;-1;-1,0.0,0.5730177343966917,0.5730177343966917,0,,0,117,1,117,,,
0,9,default_vehtype,boarding,True,-1,39441.20698636193,39471.20698636193,39441.20698636193,0.0,2220;-1;-1,2220;-1;-1,0.0,0.7279488389179107,0.7279488389179107,0,,0,110,1,,110,,
0,9,default_vehtype,route,False,-1000,39471.20698636193,39513.89948598891,39471.20698636193,0.0,2220;-1;-1,3572;-1;-1,227.53677027999998,0.7279488389179107,0.7279260852408828,0.0,,0,,0,,,2220;1408;1407;3572,2220:39471.20698636193;1408:39495.97660902858;1407:39500.9794705082;3572:39513.89948598891
0,9,default_vehtype,boarding,True,39360,39513.89948598891,39539.43294773674,39513.89948598891,0.0,3572;-1;-1,3572;-1;-1,0.0,0.7279260852408828,0.7279260852408828,0,,0,120,1,120,,,
0,0,default_vehtype,route,False,-1000,39057.050142330496,39598.555612919794,39057.050142330496,0.0,3807;-1;-1,414;-1;-1,2685.2589774199996,0.9935377578918879,0.9932692319941462,0.0,,0,,0,,,3807;2858;1610;3195;268;2633;331;419;2863;3995;2864;3449;63;2700;3945;3594;3576;418;2693;3795;417;416;3793;415;3796;414,3807:39057.050142330496;2858:39087.316255467194;1610:39178.814507876916;3195:39179.99246176344;268:39202.384337391646;2633:39208.22137675662;331:39225.03237563223;419:39236.64941408667;2863:39249.83417088614;3995:39290.49193862733;2864:39292.4319829313;3449:39293.48632548858;63:39352.960781170375;2700:39368.40398011898;3945:39380.53484203573;3594:39382.0786585124;3576:39387.47600517116;418:39403.32810118602;2693:39412.33352721999;3795:39427.775255322565;417:39452.59993456343;416:39463.315083032256;3793:39483.54965317954;415:39498.728426952664;3796:39505.194025781726;414:39598.555612919794
0,3,default_vehtype,out_of_service,True,-1,25190.0,39600.0,25190.0,0.0,8.0;-1;-1,8.0;-1;-1,0.0,1.0,1.0,0.0,,0,,0,,,,
0,4,default_vehtype,out_of_service,True,-1,25190.0,39600.0,25190.0,0.0,1990.0;-1;-1,1990.0;-1;-1,0.0,1.0,1.0,0.0,,0,,0,,,,
0,0,default_vehtype,boarding,True,38820,39598.555612919794,39602.77844852656,39598.555612919794,0.0,414;-1;-1,414;-1;-1,0.0,0.9932692319941462,0.9932692319941462,0,,0,116,1,116,,,
0,7,default_vehtype,route,False,-1000,38640,39614.63445433133,38640,0,2846;-1;-1,3931;-1;-1,3309.096368322,0.7680057535441781,0.7676748439073462,0.0,,0,,0,,,2846;1409;752;2593;3022;2594;753;3020;3590;754;3041;3042;3116;49;3134;2639;2640;55;2591;3329;45;3931,2846:38640;1409:38649.88155455945;752:38738.07430903622;2593:38784.92951873426;3022:38787.81464296231;2594:38788.71919993675;753:38790.64061538278;3020:38790.90029486774;3590:38802.55052159636;754:39209.17802962698;3041:39407.733832499114;3042:39425.42888791017;3116:39469.86604202432;49:39474.244707934195;3134:39479.01661195422;2639:39488.79276914995;2640:39528.276222609944;55:39533.1633970441;2591:39533.84913379257;3329:39541.35218270418;45:39573.40283511885;3931:39614.63445433133
0,7,default_vehtype,boarding,True,38640,39614.63445433133,39630.70444655809,39614.63445433133,0.0,3931;-1;-1,3931;-1;-1,0.0,0.7676748439073462,0.7676748439073462,0,,0,114,1,114,,,
0,5,default_vehtype,route,False,-1000,39540,39985.77638646339,39540,0,3562;-1;-1,852;-1;-1,2903.4781155290007,0.9970421478181093,0.9967518000065569,0.0,,0,,0,,,3562;328;3565;3566;3567;3314;2716;2715;3054;3112;429;430;431;868;867;1468;2289;1135;578;2429;2240;1242;2269;2404;852,3562:39540;328:39542.47939654178;3565:39542.964227721284;3566:39543.67143096136;3567:39584.73102325259;3314:39586.75889882805;2716:39636.08473627385;2715:39680.550232183195;3054:39697.782116713825;3112:39711.196083751915;429:39713.376646492674;430:39734.87388732465;431:39750.22432747292;868:39769.06330461325;867:39779.53773894551;1468:39795.38403765762;2289:39803.53486332732;1135:39838.2388101577;578:39846.404331664264;2429:39862.651422157556;2240:39885.70746841845;1242:39936.98419071476;2269:39941.119432111984;2404:39959.16381425807;852:39985.77638646339
0,5,default_vehtype,boarding,True,39540,39985.77638646339,40054.29838082719,39985.77638646339,0.0,852;-1;-1,852;-1;-1,0.0,0.9967518000065569,0.9967518000065569,0,,0,121,1,121,,,
0,7,default_vehtype,route,False,-1000,39630.70444655809,40073.462916444936,39630.70444655809,0.0,3931;-1;-1,427;-1;-1,3649.8906924700004,0.7676748439073462,0.7673098548380993,0.0,,0,114,1,,,3931;39;3269;3386;145;3177;3178;3873;172;3771;428;427,3931:39630.70444655809;39:39699.85398374533;3269:39761.74115487934;3386:39806.50561370467;145:39839.365174819126;3177:39852.34736202665;3178:39941.18613954791;3873:39969.64682578368;172:39976.9118883931;3771:39982.83273069855;428:40020.603923761795;427:40073.462916444936
0,7,default_vehtype,boarding,True,-1,40073.462916444936,40103.462916444936,40073.462916444936,0.0,427;-1;-1,427;-1;-1,0.0,0.7673098548380993,0.7673098548380993,0,,0,114,1,,114,,
0,6,default_vehtype,route,False,-1000,39456.01128964704,40148.06603367346,39456.01128964704,0.0,1941;-1;-1,3562;-1;-1,3818.596198753001,0.5730177343966917,0.572635874776816,0.0,,0,117,1,,,1941;227;228;229;230;1350;1117;1351;1352;231;232;233;234;1261;1836;461;2246;1518;265;3672;1517;3425;1759;1760;1127;995;830;326;327;3564;3561;3563;3562,1941:39456.01128964704;227:39524.86917422123;228:39573.51106487871;229:39643.54611082361;230:39679.16744418145;1350:39687.53176727628;1117:39701.0420198331;1351:39710.85173125454;1352:39720.09351280381;231:39736.89486357356;232:39740.937391289175;233:39756.77358989988;234:39768.14570671727;1261:39773.0437575441;1836:39788.386315235606;461:39800.760965425936;2246:39826.18986188765;1518:39890.02235267658;265:39907.232149775795;3672:39912.60698454145;1517:39995.11449968839;3425:39998.57040868444;1759:40001.22073995692;1760:40004.52381400695;1127:40029.819359835485;995:40038.69290848139;830:40072.90197079529;326:40104.079086168815;327:40107.23375415343;3564:40138.62730300096;3561:40145.1501534694;3563:40146.05928753969;3562:40148.06603367346
0,6,default_vehtype,boarding,True,-1,40148.06603367346,40178.06603367346,40148.06603367346,0.0,3562;-1;-1,3562;-1;-1,0.0,0.572635874776816,0.572635874776816,0,,0,117,1,,117,,
0,9,default_vehtype,route,False,-1000,39539.43294773674,40244.42640851244,39539.43294773674,0.0,3572;-1;-1,2404;-1;-1,3481.9839890500016,0.7279260852408828,0.727577886841978,0.0,,0,120,1,,,3572;1407;3571;349;1406;1188;1405;3682;3987;427;428;2716;2715;3054;3112;429;430;431;868;867;1468;2289;1135;578;2429;2240;1242;2269;2404,3572:39539.43294773674;1407:39548.24325445551;3571:39550.6469742386;349:39596.820626187495;1406:39638.00659472381;1188:39669.55834709306;1405:39684.481458127135;3682:39699.81727625387;3987:39705.50086800656;427:39784.72156922057;428:39859.24212269788;2716:39870.13729447624;2715:39914.25119049553;3054:39959.395788417045;3112:39989.168447492775;429:39992.01396263918;430:40020.136481579015;431:40035.486921727286;868:40054.32589886762;867:40064.80033319988;1468:40080.646631911986;2289:40088.797457581684;1135:40123.50140441207;578:40131.66692591863;2429:40147.91401641192;2240:40170.970062672815;1242:40222.246784969124;2269:40226.38202636635;2404:40244.42640851244
0,1,default_vehtype,route,False,-1000,39120,40264.54777505899,39120,0,3562;-1;-1,694;-1;-1,9522.867857853002,0.996994915240166,0.9960426284543813,0.0,,0,,0,,,3562;3563;3561;3564;327;833;4069;1616;3426;3427;3115;338;2670;2671;336;335;2582;2638;33;2578;2579;2655;3334;3393;2996;2991;2995;3878;3617;933;3508;3813;3934;3979;3509;410;2997;2682;3513;411;694,3562:39120;3563:39121.60178186614;3561:39122.657450100225;3564:39127.2356173;327:39156.39439818896;833:39197.455549496466;4069:39209.28983808469;1616:39212.07259476013;3426:39220.71028311688;3427:39242.25008980104;3115:39262.9028059691;338:39266.25680001946;2670:39267.91801843792;2671:39311.46250701753;336:39315.9962109767;335:39360.65557569414;2582:39366.156248952175;2638:39404.025167380474;33:39438.31042184721;2578:39624.7210887686;2579:39678.51508355219;2655:39707.28980900983;3334:39791.687775977654;3393:40009.11940607664;2996:40035.22583310663;2991:40046.14564456873;2995:40051.378788925715;3878:40053.599446053995;3617:40086.71416117074;933:40095.714113601985;3508:40103.07897564366;3813:40115.04352778272;3934:40127.52957571252;3979:40140.048536736576;3509:40179.836694806916;410:40186.57969407062;2997:40189.651576175034;2682:40193.41983108957;3513:40194.75470150556;411:40205.94072663351;694:40264.54777505899
0,9,default_vehtype,boarding,True,-1,40244.42640851244,40274.42640851244,40244.42640851244,0.0,2404;-1;-1,2404;-1;-1,0.0,0.727577886841978,0.727577886841978,0,,0,120,1,,120,,
0,1,default_vehtype,boarding,True,39120,40264.54777505899,40281.145894712026,40264.54777505899,0.0,694;-1;-1,694;-1;-1,0.0,0.9960426284543813,0.9960426284543813,0,,0,118,2,118,,,
0,10,default_vehtype,route,False,-1000,38445.23881839999,40296.121560158594,38445.23881839999,0.0,3117;-1;-1,1587;-1;-1,9340.576867816995,0.5306821991149304,0.5297481414281479,0.0,,0,104,1,,,3117;2300;2485;2191;2133;3675;1815;3670;2675;3204;3926;2670;338;337;3973;2347;2252;3762;1492;1570;3110;2637;134;2583;3349;3351;334;988;989;389;388;387;1483;2669;1482;3182;3107;2837;105;3839;3840;24;13;10;3123;2537;3301;3144;2761;3657;3316;3551;3574;3573;142;1668;453;1587,3117:38445.23881839999;2300:38445.787553915216;2485:38473.655236278166;2191:38503.90888104451;2133:38511.740148520665;3675:38538.619955690025;1815:38582.718731562956;3670:38607.61925903464;2675:38617.79450254432;3204:38620.49261567133;3926:38647.51316573121;2670:38680.947635328535;338:38683.3466528128;337:38710.50608201461;3973:38714.93391763458;2347:38758.186797035094;2252:38780.206778241416;3762:38782.47673217998;1492:39090.150984606254;1570:39178.22453975871;3110:39265.95028232682;2637:39285.15860975861;134:39322.195363837;2583:39324.0007906289;3349:39359.86500547296;3351:39365.12463937203;334:39367.744532903984;988:39432.98233709672;989:39443.08843337572;389:39508.2624308546;388:39514.22682874298;387:39520.32844098513;1483:39623.49010855622;2669:39742.43420865276;1482:39745.765558071515;3182:39773.099237394155;3107:39796.86011649706;2837:39879.79252284312;105:40041.14173827019;3839:40049.907495524894;3840:40054.875109701636;24:40135.84701675369;13:40137.00438750748;10:40140.42748446944;3123:40170.474946166876;2537:40187.713986050454;3301:40188.817459887876;3144:40196.90404065561;2761:40204.449369360875;3657:40212.00544633372;3316:40212.612777049566;3551:40216.62010710183;3574:40221.12042925046;3573:40226.53066865519;142:40227.89859541515;1668:40232.61698753857;453:40246.00357384594;1587:40296.121560158594
0,10,default_vehtype,boarding,True,-1,40296.121560158594,40326.121560158594,40296.121560158594,0.0,1587;-1;-1,1587;-1;-1,0.0,0.5297481414281479,0.5297481414281479,0,,0,104,1,,104,,
0,4,default_vehtype,route,False,-1000,39780,40418.06523195343,39780,0,1990.0;-1;-1,325;-1;-1,6515.210625970005,1.0,0.999348478937403,0.0,,0,,0,,,1990.0;3340;1461;1914;3382;1909;3742;1544;1510;3342;1944;3164;1977;1184;3231;2958;1447;3452;3229;3451;562;1989;1958;1681;1591;815;1682;1683;881;882;1677;1960;2399;1246;2401;511;1422;2276;1412;1687;2107;710;711;712;713;714;715;3287;3293;3296;3277;716;717;718;3819;3818;3757;3758;325,1990.0:39780;3340:39790.025494623915;1461:39797.14689699377;1914:39809.317786345055;3382:39814.05929785619;1909:39815.745242517485;3742:39816.530717628164;1544:39824.77083107299;1510:39838.59300397128;3342:39848.67610812289;1944:39850.91534078354;3164:39867.23432541785;1977:39870.69959896602;1184:39880.71534002513;3231:39884.096194105034;2958:39886.98687887454;1447:39890.332769961875;3452:39892.486031299966;3229:39901.034069454276;3451:39904.265863843786;562:39913.58074223288;1989:39940.623703470796;1958:39955.33731742447;1681:39969.02857390538;1591:39978.946877263195;815:39989.58663991733;1682:39996.59111909328;1683:40010.801187092395;881:40031.31332595684;882:40037.775131323506;1677:40044.33626239639;1960:40054.539325687976;2399:40065.715986002506;1246:40070.24659880329;2401:40079.96828188863;511:40084.15344595405;1422:40086.06793955922;2276:40093.820523226816;1412:40098.47876877417;1687:40116.6865988499;2107:40143.534985545375;710:40151.36278460992;711:40160.6673778838;712:40175.75487548471;713:40184.3669770394;714:40191.642942944425;715:40211.29417268004;3287:40228.72579079385;3293:40239.628455644954;3296:40246.57014970594;3277:40253.04605220396;716:40264.05007226173;717:40285.460340020254;718:40355.49240029393;3819:40383.92333374792;3818:40399.272553108145;3757:40403.19331723366;3758:40408.36418030944;325:40418.06523195343
0,3,default_vehtype,route,False,-1000,39840,40420.915747151725,39840,0,8.0;-1;-1,3691;-1;-1,7158.976209530003,1.0,0.9992841023790473,0.0,,0,,0,,,8.0;2667;9;3375;144;74;3377;2642;75;797;3090;3091;3089;3074;3153;3076;3125;73;3233;3234;1780;193;910;3372;3371;85;3610;2935;1383;3609;2488;1962;2673;2767;65;66;3529;3527;3528;3227;2823;3226;67;3224;3582;2559;2560;3218;3216;2556;2557;3214;2658;3692;3691,8.0:39840;2667:39875.587463987365;9:39877.84668192081;3375:39891.51945934522;144:39894.331627849046;74:39894.87998278316;3377:39896.16221773807;2642:39906.643679301786;75:39928.61670661874;797:39935.30342890458;3090:39950.76884156311;3091:39960.992098967195;3089:39979.16257582646;3074:39980.77629789846;3153:39990.67569738182;3076:40005.87866691321;3125:40008.21731117799;73:40013.18105208228;3233:40021.62596754507;3234:40023.610170378124;1780:40024.367796178696;193:40028.19259789804;910:40062.047861273226;3372:40063.060994938074;3371:40064.23974214097;85:40071.09658681868;3610:40119.04753227803;2935:40131.56662446643;1383:40132.780830969095;3609:40138.12863784571;2488:40144.628589049586;1962:40150.581680227646;2673:40172.4598531043;2767:40194.84371940076;65:40202.35914541684;66:40205.063708834634;3529:40233.12369043042;3527:40237.49007238081;3528:40241.41529980008;3227:40251.724801090604;2823:40254.74322746373;3226:40260.88624473262;67:40282.46698793407;3224:40287.41937206529;3582:40310.21622480711;2559:40312.92700397748;2560:40314.07002689409;3218:40331.16232610285;3216:40360.11016534638;2556:40369.56189111068;2557:40372.245428756774;3214:40402.93964799874;2658:40415.124015592744;3692:40416.70120586956;3691:40420.915747151725
0,4,default_vehtype,boarding,True,39780,40418.06523195343,40447.12627939661,40418.06523195343,0.0,325;-1;-1,325;-1;-1,0.0,0.999348478937403,0.999348478937403,0,,0,123,1,123,,,
0,6,default_vehtype,route,False,-1000,40178.06603367346,40495.87161902942,40178.06603367346,0.0,3562;-1;-1,1517;-1;-1,1678.2562598700001,0.572635874776816,0.572468049150829,0.0,,0,,0,,,3562;4026;2386;3772;3922;832;3400;997;996;995;1127;1760;1759;3425;1517,3562:40178.06603367346;4026:40243.242450358266;2386:40243.61859775527;3772:40250.114813340064;3922:40262.97326994943;832:40265.04311449169;3400:40270.348086603706;997:40283.14548137857;996:40287.48690307887;995:40312.419519523726;1127:40345.37342315011;1760:40390.34573462143;1759:40447.391089532925;3425:40490.63399756146;1517:40495.87161902942
0,6,default_vehtype,boarding,True,39600,40495.87161902942,40561.926415363276,40495.87161902942,0.0,1517;-1;-1,1517;-1;-1,0.0,0.572468049150829,0.572468049150829,0,,0,122,1,122,,,
0,3,default_vehtype,boarding,True,39840,40420.915747151725,40607.040825879514,40420.915747151725,0.0,3691;-1;-1,3691;-1;-1,0.0,0.9992841023790473,0.9992841023790473,0,,0,124,1,124,,,
0,9,default_vehtype,route,False,-1000,40320,40643.70575939675,40320,0,2404;-1;-1,2880;-1;-1,1998.84719955,0.727577886841978,0.7273780021220235,0.0,,0,,0,,,2404;852;1278;2405;2348;171;611;610;609;1337;1955;2264;2880,2404:40320;852:40355.00609385674;1278:40366.41391881299;2405:40425.53661203069;2348:40436.338317346184;171:40460.02977543087;611:40483.37170414467;610:40532.208788769436;609:40549.973433756386;1337:40557.49202188184;1955:40615.28247074981;2264:40635.26526739632;2880:40643.70575939675
0,8,default_vehtype,route,False,-1000,39096.68993635047,40650.12955879168,39096.68993635047,0.0,3526;-1;-1,1014;-1;-1,10398.2565484,0.8050007881401832,0.8039609624853427,0.0,,0,115,2,,,3526;2823;3226;67;3224;3582;2559;3217;2558;2557;3214;2658;3213;2859;1545;3612;2487;2334;2697;3208;2698;3845;2656;2701;2702;2706;2705;2704;2707;2708;2703;215;3745;3744;3604;216;3358;217;218;219;798;306;2185;2148;796;2949;1582;892;2186;1571;395;1895;2187;1009;755;1935;2692;1077;2982;2966;2977;2872;2976;2971;2972;2973;2974;2975;3980;2968;2969;2967;2970;3701;3410;3699;1523;1522;1521;3462;3412;3169;567;1014,3526:39096.68993635047;2823:39114.54818076682;3226:39119.27661391175;67:39136.412992148325;3224:39143.21971860338;3582:39183.992571880306;2559:39185.81404725367;3217:39207.72693322834;2558:39219.82877333804;2557:39293.461301582196;3214:39315.43629518137;2658:39337.016847639534;3213:39345.91704343641;2859:39391.395190866184;1545:39396.10155852572;3612:39408.882257598154;2487:39441.41851632736;2334:39457.26131396423;2697:39460.64829592786;3208:39480.358966825275;2698:39503.87190142449;3845:39548.20872620046;2656:39577.98093681861;2701:39609.4035522707;2702:39654.70380568729;2706:39668.360846974836;2705:39688.0969465474;2704:39744.107624290016;2707:39747.959883459436;2708:39755.49743953743;2703:39796.501044594836;215:39800.91333056081;3745:39801.77483678326;3744:39807.36037473433;3604:39808.810252898;216:39834.331566187364;3358:39838.31147710432;217:39849.686498337476;218:39879.652235552145;219:39942.32981555747;798:39945.89650644293;306:39963.97312013468;2185:39971.28142023699;2148:39974.8963412156;796:39979.9363407222;2949:39980.16297981329;1582:40004.961557903494;892:40008.670694069086;2186:40009.61325529511;1571:40023.05916809749;395:40063.78562773097;1895:40072.589976936804;2187:40087.313028196215;1009:40092.97419967212;755:40112.67251121001;1935:40116.09648693662;2692:40123.62622247476;1077:40126.47873852246;2982:40148.82541323518;2966:40166.443871786534;2977:40172.302180524566;2872:40189.84104536056;2976:40194.03322717348;2971:40218.38993721221;2972:40224.468227172954;2973:40255.83906483458;2974:40277.98597311373;2975:40286.25578359881;3980:40314.426497937;2968:40314.79193329152;2969:40318.49515494617;2967:40325.41231676435;2970:40331.26042248199;3701:40344.25519916653;3410:40350.71111867589;3699:40365.48928294229;1523:40373.482860631746;1522:40398.89990690174;1521:40430.04880732516;3462:40460.83490165607;3412:40461.146943197804;3169:40479.16954275368;567:40580.127493336244;1014:40650.12955879168
0,11,default_vehtype,route,False,-1000,39900.0,40677.82204277236,39900.0,0.0,1587;-1;-1,137;-1;-1,5682.807058337003,0.818261549458722,0.817693268752888,0.0,,0,,0,,,1587;453;1668;142;3573;3574;3551;3316;3657;2761;3144;3301;2537;3123;10;13;107;105;2837;3107;3182;1482;2669;3102;3108;2678;387;988;334;3351;3352;3350;3788;749;137,1587:39900;453:39926.646295028266;1668:39930.6844247181;142:39938.599179476405;3573:39942.12595936177;3574:39945.5764739027;3551:39950.24674449679;3316:39952.869510298144;3657:39953.4817033982;2761:39963.136778741195;3144:39974.29481806539;3301:39978.032124807345;2537:39979.060457460524;3123:40006.85126526288;10:40017.23150600613;13:40019.57782920715;107:40056.68686672174;105:40058.12258962043;2837:40179.70120985529;3107:40226.09077287523;3182:40236.10649403484;1482:40261.00137518642;2669:40263.19697381124;3102:40265.17782113608;3108:40330.540426745894;2678:40395.04287684976;387:40396.330911686855;988:40457.61800272789;334:40537.44269992907;3351:40544.08422796521;3352:40576.074030064;3350:40594.84397306447;3788:40598.519644904496;749:40617.5210836202;137:40677.82204277236
0,11,default_vehtype,boarding,True,39900,40677.82204277236,40678.94966507634,40677.82204277236,0.0,137;-1;-1,137;-1;-1,0.0,0.817693268752888,0.817693268752888,0.0,,0,125,1,125,,,
0,8,default_vehtype,boarding,True,-1,40650.12955879168,40680.12955879168,40650.12955879168,0.0,1014;-1;-1,1014;-1;-1,0.0,0.8039609624853427,0.8039609624853427,0,,0,115,2,,115,,
0,9,default_vehtype,boarding,True,40320,40643.70575939675,40717.57825032718,40643.70575939675,0.0,2880;-1;-1,2880;-1;-1,0.0,0.7273780021220235,0.7273780021220235,0,,0,126,1,126,,,
0,4,default_vehtype,route,False,-1000,40447.12627939661,40731.74360827875,40447.12627939661,0.0,325;-1;-1,3971;-1;-1,3389.5377727269997,0.999348478937403,0.99900952516013,0.0,,0,123,1,,,325;1413;594;517;516;2162;1892;632;1466;1465;2010;2009;2557;2556;3614;3808;3929;3690;723;1197;991;3972;3971,325:40447.12627939661;1413:40476.03579881799;594:40481.28302222562;517:40490.45137610161;516:40496.7517218626;2162:40500.850826190785;1892:40504.67985799599;632:40508.4425866788;1466:40512.22539815404;1465:40518.7137972851;2010:40546.65522182388;2009:40556.02143179297;2557:40558.3916312933;2556:40559.37490825112;3614:40562.25176368569;3808:40574.068506531374;3929:40588.86086261267;3690:40628.98736286545;723:40637.84357965277;1197:40707.80388744212;991:40715.4390731168;3972:40717.49064947062;3971:40731.74360827875
0,4,default_vehtype,boarding,True,-1,40731.74360827875,40761.74360827875,40731.74360827875,0.0,3971;-1;-1,3971;-1;-1,0.0,0.99900952516013,0.99900952516013,0,,0,123,1,,123,,
0,4,default_vehtype,route,False,-1000,40761.74360827875,40937.265173767766,40761.74360827875,0.0,3971;-1;-1,1610;-1;-1,894.734322817,0.99900952516013,0.9989200517278481,0.0,,0,,0,,,3971;1611;3935;3807;2858;1610,3971:40761.74360827875;1611:40763.851984644534;3935:40809.21554263098;3807:40836.839614995006;2858:40871.62383470851;1610:40937.265173767766
0,0,default_vehtype,route,False,-1000,39602.77844852656,40984.56547338503,39602.77844852656,0.0,414;-1;-1,427;-1;-1,7287.780747400001,0.9932692319941462,0.9925404539194053,0.0,,0,116,1,,,414;3796;2695;3793;416;417;3795;2693;418;3576;3594;3945;2700;2657;180;63;3449;3450;2655;2579;2578;33;2638;2582;335;1492;3762;2252;2347;2301;2311;1263;2122;3570;3569;3682;3987;427,414:39602.77844852656;3796:39645.93911004352;2695:39651.75760353787;3793:39657.98571335224;416:39676.51500174739;417:39684.2811918484;3795:39693.18636815655;2693:39704.50759695342;418:39709.93195691522;3576:39721.01326262791;3594:39725.52530917454;3945:39730.63019071846;2700:39746.85376016456;2657:39750.08595751531;180:39774.20671127531;63:39776.28877598243;3449:39835.53369789661;3450:39836.71477603799;2655:39904.41678353233;2579:39950.87481916778;2578:40006.69098934083;33:40151.971036430776;2638:40225.12194448607;2582:40291.2485799878;335:40293.91691117732;1492:40349.42814994188;3762:40353.86220850352;2252:40372.19256633689;2347:40391.350792954836;2301:40401.31708297855;2311:40430.75206537332;1263:40439.44953429769;2122:40454.84024591699;3570:40471.223404789416;3569:40477.52109744651;3682:40484.1253445968;3987:40490.84742059995;427:40984.56547338503
0,4,default_vehtype,boarding,True,40620,40937.265173767766,41005.323735964936,40937.265173767766,0.0,1610;-1;-1,1610;-1;-1,0.0,0.9989200517278481,0.9989200517278481,0,,0,128,1,128,,,
0,0,default_vehtype,boarding,True,-1,40984.56547338503,41014.56547338503,40984.56547338503,0.0,427;-1;-1,427;-1;-1,0.0,0.9925404539194053,0.9925404539194053,0,,0,116,1,,116,,
0,7,default_vehtype,route,False,-1000,40620,41023.77531419096,40620,0,427;-1;-1,2426;-1;-1,2648.848441279999,0.7673098548380993,0.7670449699939711,0.0,,0,,0,,,427;3568;426;3474;425;3925;3665;3313;3115;3666;1517;3425;3424;265;3671;264;263;262;2170;2190;2426,427:40620;3568:40663.119767131735;426:40666.10747526207;3474:40694.20209354741;425:40718.98572686977;3925:40735.02165072093;3665:40751.0770622608;3313:40751.99096392704;3115:40789.21603913716;3666:40793.20788235198;1517:40832.652440347505;3425:40837.42107384898;3424:40879.27800049767;265:40883.134533798075;3671:40886.28046608224;264:40921.559174088805;263:40973.52324646738;262:40977.242981991265;2170:40990.943749338054;2190:41020.55522113685;2426:41023.77531419096
0,7,default_vehtype,boarding,True,40620,41023.77531419096,41046.291927094404,41023.77531419096,0.0,2426;-1;-1,2426;-1;-1,0.0,0.7670449699939711,0.7670449699939711,0.0,,0,127,1,127,,,
0,8,default_vehtype,route,False,-1000,40680.12955879168,41044.21759930962,40680.12955879168,0.0,1014;-1;-1,2316;-1;-1,1835.02625945,0.8039609624853427,0.8037774598593976,0.0,,0,,0,,,1014;567;3169;3412;3462;2916;1015;1520;483;3715;3415;3789;844;1280;3416;3417;673;1519;2245;2316,1014:40680.12955879168;567:40697.798719826904;3169:40808.139544151636;3412:40830.22126029513;3462:40830.63696700158;2916:40842.986199376115;1015:40867.31695140094;1520:40874.844106102166;483:40888.28666241319;3715:40899.61857305881;3415:40901.06875986063;3789:40914.64390470491;844:40917.92494543887;1280:40982.07321808332;3416:40982.40669199787;3417:41003.97187015075;673:41013.43832716111;1519:41036.32060878593;2245:41038.41295091538;2316:41044.21759930962
0,8,default_vehtype,boarding,True,40620,41044.21759930962,41070.513366137464,41044.21759930962,0.0,2316;-1;-1,2316;-1;-1,0.0,0.8037774598593976,0.8037774598593976,0,,0,129,1,129,,,
0,11,default_vehtype,route,False,-1000,40678.94966507634,41395.593884701484,40678.94966507634,0.0,137;-1;-1,1587;-1;-1,5740.2650965170005,0.817693268752888,0.8171192422432364,0.0,,0,125,1,,,137;749;3350;3352;3351;3349;3111;2678;387;1483;2669;3102;2677;3780;2676;1481;1480;84;107;105;3839;3840;24;13;10;3123;2537;3301;3144;2761;3657;3316;3551;3574;3573;142;1668;453;1587,137:40678.94966507634;749:40717.878716722786;3350:40744.66772097527;3352:40766.02117221752;3351:40788.741682786356;3349:40791.94738287902;3111:40794.33296234657;2678:40865.78854986488;387:40867.07658470198;1483:40903.288438895645;2669:40978.053756902824;3102:40978.77689612915;2677:40981.15439033703;3780:41026.74226322378;2676:41077.92384646402;1481:41116.25915869561;1480:41137.28907818441;84:41182.12731892392;107:41187.226674634614;105:41190.40538963916;3839:41198.32466373325;3840:41204.209435562996;24:41256.161258516004;13:41256.624918965754;10:41257.47491876253;3123:41269.81445710381;2537:41284.82333154245;3301:41285.51192030577;3144:41292.65581883601;2761:41303.23407725659;3657:41309.46142049989;3316:41309.82660495359;3551:41328.91565975814;3574:41338.40404440725;3573:41341.819789697285;142:41345.132561309125;1668:41355.61040176844;453:41390.9089785256;1587:41395.593884701484
0,8,default_vehtype,route,False,-1000,41070.513366137464,41403.537266584695,41070.513366137464,0.0,2316;-1;-1,3562;-1;-1,2135.3121477529994,0.8037774598593976,0.8035639286446224,0.0,,0,129,1,,,2316;2245;1519;3696;3790;3418;3419;3420;2158;2280;1890;1889;2305;997;996;995;830;326;327;3564;3561;3563;3562,2316:41070.513366137464;2245:41076.84039375047;1519:41099.08344101196;3696:41103.13021580569;3790:41110.61033524927;3418:41132.037641890274;3419:41175.76377023342;3420:41197.625600843065;2158:41203.97070658273;2280:41218.56885602439;1890:41221.98323976803;1889:41246.73585884501;2305:41254.154023800744;997:41258.66019581783;996:41292.52942825228;995:41311.74510418335;830:41320.17043664763;326:41340.099676838436;327:41341.80003991064;3564:41395.90162279514;3561:41398.23269345414;3563:41399.14821110434;3562:41403.537266584695
0,11,default_vehtype,boarding,True,-1,41395.593884701484,41425.593884701484,41395.593884701484,0.0,1587;-1;-1,1587;-1;-1,0.0,0.8171192422432364,0.8171192422432364,0,,0,125,1,,125,,
0,4,default_vehtype,route,False,-1000,41005.323735964936,41434.03349669655,41005.323735964936,0.0,1610;-1;-1,2347;-1;-1,2986.8997456299994,0.9989200517278481,0.9986213617532856,0.0,,0,128,1,,,1610;3195;268;2633;4067;4002;420;4003;3805;3750;3749;3684;2867;421;422;423;424;3203;3204;2675;3150;3666;3115;3313;3665;2347,1610:41005.323735964936;3195:41007.956938063704;268:41030.38756441112;2633:41033.66084870378;4067:41101.40816442114;4002:41103.677587685495;420:41104.523866528274;4003:41107.11070748839;3805:41115.910843614794;3750:41124.290917499304;3749:41140.44553070253;3684:41153.64640688249;2867:41156.456187558986;421:41158.896344522545;422:41207.87896359248;423:41260.463901808886;424:41286.56118297528;3203:41297.89799305298;3204:41299.12591186461;2675:41300.222074243306;3150:41331.552764380074;3666:41355.77739795583;3115:41361.32496770029;3313:41381.10817452017;3665:41382.589713393645;2347:41434.03349669655
0,8,default_vehtype,boarding,True,-1,41403.537266584695,41433.537266584695,41403.537266584695,0.0,3562;-1;-1,3562;-1;-1,0.0,0.8035639286446224,0.8035639286446224,0.0,,0,129,1,,129,,
0,8,default_vehtype,route,False,-1000,41433.537266584695,41437.20869806425,41433.537266584695,0.0,3562;-1;-1,328;-1;-1,12.07610987,0.8035639286446224,0.8035627210336355,0.0,,0,,0,,,3562;328,3562:41433.537266584695;328:41437.20869806425
0,0,default_vehtype,route,False,-1000,41014.56547338503,41459.28879332712,41014.56547338503,0.0,427;-1;-1,213;-1;-1,4667.703334749999,0.9925404539194053,0.9920736835859297,0.0,,0,,0,,,427;428;3771;172;2715;3053;2917;3414;3415;3789;3416;3417;674;1533;1532;600;1531;213,427:41014.56547338503;428:41063.54982720014;3771:41090.32246308984;172:41098.2220924896;2715:41103.817841425014;3053:41159.73519464413;2917:41208.56354175972;3414:41246.2482062728;3415:41274.62065897417;3789:41287.182126991625;3416:41316.51638130142;3417:41338.0815594543;674:41397.2870698076;1533:41401.47556857078;1532:41417.11343547134;600:41435.20096432696;1531:41438.94263141539;213:41459.28879332712
0,0,default_vehtype,boarding,True,40740,41459.28879332712,41464.94801992173,41459.28879332712,0.0,213;-1;-1,213;-1;-1,0.0,0.9920736835859297,0.9920736835859297,0,,0,130,1,130,,,
0,4,default_vehtype,boarding,True,-1,41434.03349669655,41464.03349669655,41434.03349669655,0.0,2347;-1;-1,2347;-1;-1,0.0,0.9986213617532856,0.9986213617532856,0,,0,128,1,,128,,
0,6,default_vehtype,route,False,-1000,40561.926415363276,41503.462134621834,40561.926415363276,0.0,1517;-1;-1,2846;-1;-1,8158.312291825002,0.572468049150829,0.5716522179216472,0.0,,0,122,1,,,1517;3425;3426;1616;4069;833;327;3564;3561;3563;3562;328;3314;2716;428;3771;172;3873;3178;2714;104;103;2526;2738;3328;2639;3134;49;3116;3042;3041;754;3590;3592;3591;3024;3023;2593;752;1409;2846,1517:40561.926415363276;3425:40566.69504886475;3426:40573.978255912276;1616:40585.097431931834;4069:40588.26156649004;833:40611.29074664967;327:40620.93478543691;3564:40654.051057575336;3561:40658.68652058145;3563:40659.66233880078;3562:40660.438559894224;328:40662.97920859628;3314:40729.536834822895;2716:40764.47058120261;428:40765.90371526432;3771:40788.838212743554;172:40793.03215584794;3873:40802.29436393738;3178:40823.56086099368;2714:40860.31459403426;104:40882.862543679206;103:40908.416544549786;2526:40919.429295180045;2738:40961.541569102854;3328:40963.90406674496;2639:41017.11688162811;3134:41023.112596940126;49:41024.7316470208;3116:41032.75671854611;3042:41074.16685227418;3041:41083.373278625484;754:41179.587578926396;3590:41302.96575988002;3592:41303.76282112771;3591:41304.16379951353;3024:41304.78056582379;3023:41314.69458012981;2593:41319.10338335284;752:41386.0096206;1409:41482.49131180406;2846:41503.462134621834
0,6,default_vehtype,boarding,True,-1,41503.462134621834,41533.462134621834,41503.462134621834,0.0,2846;-1;-1,2846;-1;-1,0.0,0.5716522179216472,0.5716522179216472,0,,0,122,1,,122,,
0,8,default_vehtype,boarding,True,41040,41437.20869806425,41552.81343785706,41437.20869806425,0.0,328;-1;-1,328;-1;-1,0.0,0.8035627210336355,0.8035627210336355,0,,0,137,1,137,,,
0,9,default_vehtype,route,False,-1000,40717.57825032718,41597.11294134882,40717.57825032718,0.0,2880;-1;-1,360;-1;-1,6626.145296309999,0.7273780021220235,0.7267153875923933,0.0,,0,126,1,,,2880;2264;1955;249;250;251;246;247;248;2668;2600;1775;2601;2733;2732;1776;2672;48;4077;3042;3116;49;3134;2639;3328;2738;2526;103;3267;2585;2637;2638;2583;3349;1813;1812;361;360,2880:40717.57825032718;2264:40719.99681011734;1955:40739.060409615304;249:40758.8916457396;250:40791.43802327517;251:40823.11219021701;246:40824.635391127034;247:40837.80304239584;248:40860.73404032494;2668:40917.42257712453;2600:40953.885497276955;1775:40974.173381465414;2601:40976.140925478845;2733:41000.755180690336;2732:41004.33442589515;1776:41021.11675429848;2672:41086.932561204594;48:41088.540111636205;4077:41127.04556944172;3042:41140.62167941008;3116:41174.85153486357;49:41179.15751342152;3134:41180.9138291885;2639:41184.270870417764;3328:41208.54874104258;2738:41212.23418204551;2526:41266.10558910555;103:41282.0802768335;3267:41310.55941102209;2585:41337.20662238887;2637:41389.841477754824;2638:41397.29136421907;2583:41413.40282585808;3349:41454.410143118745;1813:41547.17386018766;1812:41571.940172652314;361:41594.99651154542;360:41597.11294134882
0,9,default_vehtype,boarding,True,-1,41597.11294134882,41627.11294134882,41597.11294134882,0.0,360;-1;-1,360;-1;-1,0.0,0.7267153875923933,0.7267153875923933,0,,0,126,1,,126,,
0,1,default_vehtype,route,False,-1000,40281.145894712026,41769.45342592321,40281.145894712026,0.0,694;-1;-1,1587;-1;-1,12331.437254010001,0.9960426284543813,0.994809484728981,0.0,,0,118,2,,,694;3933;3948;1080;1081;1850;1825;1826;2330;2473;1329;820;1797;454;825;2412;1455;340;718;3819;1277;1698;1699;1856;2125;2126;3544;1418;2364;2934;863;3792;2553;2552;2550;2549;2548;3656;66;65;2547;2361;3479;1178;1938;1961;1101;1962;2488;3609;1383;3611;2764;3372;910;193;1780;3234;2522;3079;3078;3154;3124;3085;3082;3083;3072;3073;3036;36;3642;3374;37;964;144;3378;1779;1778;968;3435;1777;3436;1785;3097;341;1587,694:40281.145894712026;3933:40368.841172731554;3948:40371.63671094633;1080:40388.58220981317;1081:40420.3883401706;1850:40446.05437827485;1825:40461.00177343525;1826:40473.590633912616;2330:40487.24974806415;2473:40508.50856661721;1329:40516.24430026713;820:40523.08519510408;1797:40534.315424691216;454:40541.74215128577;825:40552.21681444699;2412:40559.37610068044;1455:40567.13412273317;340:40572.31568737892;718:40593.98760331849;3819:40622.418536772486;1277:40634.701081079904;1698:40659.49939764653;1699:40708.924013427204;1856:40727.59536284214;2125:40808.34237521529;2126:40824.31896761191;3544:40827.50285485946;1418:40828.78724767768;2364:40833.124356111104;2934:40834.4471009275;863:40836.043686353514;3792:40920.258114194694;2553:40922.49082156241;2552:40923.20777092465;2550:40973.40441781988;2549:41043.648779456526;2548:41048.550531460125;3656:41051.671275765686;66:41073.90950728143;65:41077.121488778284;2547:41089.18229695795;2361:41101.103897455425;3479:41104.865877102005;1178:41110.84260575893;1938:41125.70459487706;1961:41158.46031452963;1101:41175.640028032365;1962:41181.063742547376;2488:41187.94029805667;3609:41198.74774741413;1383:41204.83791405316;3611:41213.830009031466;2764:41261.79056816041;3372:41274.25621137856;910:41274.89407973229;193:41296.382757323314;1780:41300.152012829945;3234:41301.16493673363;2522:41311.83761814457;3079:41320.62748651822;3078:41326.70943035135;3154:41349.198737483486;3124:41351.42739508076;3085:41354.82890787986;3082:41368.118793942005;3083:41373.53931479622;3072:41381.038754175774;3073:41390.24842879095;3036:41454.172627981156;36:41461.84866657191;3642:41473.376666237345;3374:41481.672603807085;37:41483.99755248886;964:41485.232843516555;144:41493.76989521077;3378:41496.12523333576;1779:41513.241420316655;1778:41524.274251641495;968:41528.343602007524;3435:41540.60984519857;1777:41543.75337383877;3436:41551.325011975714;1785:41556.23066175732;3097:41695.39242731929;341:41726.628331087064;1587:41769.45342592321
0,1,default_vehtype,boarding,True,-1,41769.45342592321,41799.45342592321,41769.45342592321,0.0,1587;-1;-1,1587;-1;-1,0.0,0.994809484728981,0.994809484728981,0,,0,118,2,,118,,
0,3,default_vehtype,route,False,-1000,40607.040825879514,41820.37870125616,40607.040825879514,0.0,3691;-1;-1,1227;-1;-1,9173.852218879996,0.9992841023790473,0.9983667171571582,0.0,,0,124,1,,,3691;3212;1545;3612;2487;2334;2697;3208;2698;3845;3596;2657;180;3994;3686;173;2862;2857;3335;2635;2583;2638;2637;2585;3267;103;2526;2738;3328;2639;3134;2599;1226;1227,3691:40607.040825879514;3212:40614.226886263634;1545:40647.79844466975;3612:40664.655452949344;2487:40681.2864685347;2334:40697.42007601818;2697:40701.16507871133;3208:40709.71198988476;2698:40728.40165023929;3845:40778.23939587992;3596:40804.52530878526;2657:40808.77091160923;180:40823.523294890576;3994:40824.42854518621;3686:40827.14868040318;173:40848.054123133916;2862:40906.176019152095;2857:41015.90451468623;3335:41120.763153439555;2635:41276.973107629354;2583:41298.049507287215;2638:41321.8352217921;2637:41323.832246036014;2585:41375.05204148331;3267:41545.78113322765;103:41566.7960841306;2526:41596.084821626704;2738:41642.66648022172;3328:41646.18584541889;2639:41702.83178024531;3134:41708.094673920845;2599:41752.909473206004;1226:41793.87027528412;1227:41820.37870125616
0,7,default_vehtype,route,False,-1000,41046.291927094404,41820.89259024716,41046.291927094404,0.0,2426;-1;-1,437;-1;-1,5317.257081399999,0.7670449699939711,0.7665132442858302,0.0,,0,127,1,,,2426;2190;2170;262;263;2246;1518;265;3424;3425;3426;3427;3115;3313;3476;3477;3475;3315;3567;3314;2716;428;3771;172;2715;3054;3112;429;430;431;432;433;434;248;2668;435;3664;436;437,2426:41046.291927094404;2190:41054.23096816977;2170:41062.7391357456;262:41080.82851385619;263:41122.83288208218;2246:41126.89536869599;1518:41149.14146522039;265:41168.28325504651;3424:41171.278476986445;3425:41211.16160597441;3426:41239.36200252885;3427:41246.85198924475;3115:41280.93689245227;3313:41300.720099272155;3476:41329.659256555664;3477:41338.6770979904;3475:41350.60540924684;3315:41363.63947147973;3567:41377.77441238639;3314:41381.479070993046;2716:41431.7071700037;428:41432.80067670307;3771:41459.573312592765;172:41467.47294199253;2715:41473.06869092794;3054:41488.62134990244;3112:41511.683909226296;429:41513.98828436989;430:41538.555132906884;431:41549.98066565604;432:41571.42747555364;433:41653.40346475035;434:41686.175752500145;248:41737.04022669719;2668:41786.141157228696;435:41794.945477360634;3664:41800.63546020939;436:41808.608721322;437:41820.89259024716
0,8,default_vehtype,route,False,-1000,41552.81343785706,41834.78747077103,41552.81343785706,0.0,328;-1;-1,1123;-1;-1,2039.36813485,0.8035627210336355,0.8033587842201507,0.0,,0,137,1,,,328;3314;3568;426;3645;3987;3682;1405;1188;1406;2221;2222;2176;351;352;615;1092;1093;1123,328:41552.81343785706;3314:41587.15562316839;3568:41589.12652091775;426:41590.17167499711;3645:41611.491742227;3987:41623.67722158912;3682:41626.392020987376;1405:41640.13902705915;1188:41656.37130356652;1406:41665.8985798282;2221:41689.90177862932;2222:41716.50398691881;2176:41725.444864844474;351:41739.22042237615;352:41767.133146815046;615:41799.5452626709;1092:41812.34714414211;1093:41831.22376369044;1123:41834.78747077103
0,0,default_vehtype,route,False,-1000,41464.94801992173,41845.41022348291,41464.94801992173,0.0,213;-1;-1,427;-1;-1,2479.7056709400013,0.9920736835859297,0.9918257130188355,0.0,,0,130,1,,,213;3419;3420;2158;2280;1890;1889;2305;997;996;995;830;326;327;3564;3566;3567;426;3568;427,213:41464.94801992173;3419:41486.36541173621;3420:41508.227242345856;2158:41514.57234808552;2280:41529.452448911594;1890:41542.90991797435;1889:41546.588181995605;2305:41563.03720559148;997:41564.03907451139;996:41574.73939566753;995:41597.46935784894;830:41609.35401992274;326:41633.56676464368;327:41643.289273833325;3564:41692.11847537486;3566:41698.53249530731;3567:41756.224116257334;426:41762.711779389894;3568:41764.04575542237;427:41845.41022348291
0,3,default_vehtype,boarding,True,-1,41820.37870125616,41850.37870125616,41820.37870125616,0.0,1227;-1;-1,1227;-1;-1,0.0,0.9983667171571582,0.9983667171571582,0,,0,124,1,,124,,
0,7,default_vehtype,boarding,True,-1,41820.89259024716,41850.89259024716,41820.89259024716,0.0,437;-1;-1,437;-1;-1,0.0,0.7665132442858302,0.7665132442858302,0,,0,127,1,,127,,
0,8,default_vehtype,boarding,True,-1,41834.78747077103,41864.78747077103,41834.78747077103,0.0,1123;-1;-1,1123;-1;-1,0.0,0.8033587842201507,0.8033587842201507,0,,0,137,1,,137,,
0,0,default_vehtype,boarding,True,-1,41845.41022348291,41875.41022348291,41845.41022348291,0.0,427;-1;-1,427;-1;-1,0.0,0.9918257130188355,0.9918257130188355,0,,0,130,1,,130,,
0,10,default_vehtype,route,False,-1000,40800,41888.411998441945,40800,0,1587;-1;-1,2863;-1;-1,9069.728349086998,0.5297481414281479,0.5288411685932396,0.0,,0,,0,,,1587;453;1668;142;3573;3574;3551;3316;3657;2761;3144;3301;2537;3123;10;13;107;84;1480;1481;2676;3780;2677;3102;3108;2678;3111;3349;2583;2635;3335;2857;2862;173;3450;3119;2863,1587:40800;453:40817.34756674908;1668:40837.606425482816;142:40840.91912202564;3573:40844.23122334549;3574:40846.588692631565;3551:40850.50588295869;3316:40864.62074229164;3657:40865.46195329642;2761:40871.4497719059;3144:40881.19845454415;3301:40884.355489287256;2537:40884.89558752488;3123:40901.23942349433;10:40907.638014783355;13:40908.37077866165;107:40942.3583563408;84:40955.03555850319;1480:40989.82879769167;1481:41029.06838320075;2676:41079.50744273281;3780:41149.65630321896;2677:41181.68389154798;3102:41186.27842363516;3108:41276.198023572484;2678:41342.808939599774;3111:41421.00877548062;3349:41423.09819641942;2583:41468.50842833626;2635:41539.11621824487;3335:41651.78838029227;2857:41737.07555055058;2862:41767.807225398436;173:41822.34307951499;3450:41865.08257532406;3119:41887.669778675154;2863:41888.411998441945
0,10,default_vehtype,boarding,True,40800,41888.411998441945,41907.656130736694,41888.411998441945,0.0,2863;-1;-1,2863;-1;-1,0.0,0.5288411685932396,0.5288411685932396,0,,0,131,1,131,,,
0,9,default_vehtype,route,False,-1000,41627.11294134882,41930.97278081691,41627.11294134882,0.0,360;-1;-1,3183;-1;-1,1845.2562723099993,0.7267153875923933,0.7265308619651621,0.0,,0,,0,,,360;361;1812;1813;3349;3351;3352;3350;749;748;544;3183,360:41627.11294134882;361:41639.266522739534;1812:41705.10758683306;1813:41723.789431999045;3349:41757.897454023085;3351:41762.400831085484;3352:41778.16775934565;3350:41783.99762197546;749:41795.43593038682;748:41868.96193686123;544:41919.49533205448;3183:41930.97278081691
0,4,default_vehtype,route,False,-1000,41464.03349669655,41930.97278081691,41464.03349669655,0.0,2347;-1;-1,1408;544;0.058,1950.104139202614,0.9986213617532856,0.9984263513393653,0.0,,0,,0,,,2347;3973;3974;336;2671;2582;335;3110;1570;1262;3572;1407;1408,2347:41464.03349669655;3973:41482.30919502786;3974:41484.93649422637;336:41515.2398098244;2671:41517.940875356624;2582:41593.0762772096;335:41595.211370167264;3110:41624.8507432922;1570:41701.588191354276;1262:41716.453979970975;3572:41901.408268759784;1407:41915.97682948158;1408:41924.7233210503
0,9,default_vehtype,boarding,True,41400,41930.97278081691,42023.44286227418,41930.97278081691,0.0,3183;-1;-1,3183;-1;-1,0.0,0.7265308619651621,0.7265308619651621,0,,0,143,1,143,,,
0,0,default_vehtype,route,False,-1000,41875.41022348291,42130.34703853484,41875.41022348291,0.0,427;-1;-1,2404;-1;-1,2047.8296669799997,0.9918257130188355,0.9916209300521376,0.0,,0,,0,,,427;428;3771;172;2596;429;3112;4030;4031;3862;4032;1888;2403;1469;2404,427:41875.41022348291;428:41909.46334866598;3771:41937.68596602138;172:41941.230297814545;2596:41963.72239973869;429:41982.31979812061;3112:41988.53561407214;4030:42004.75930091007;4031:42015.156553698755;3862:42022.38391846707;4032:42041.266443191635;1888:42076.75533336353;2403:42081.314846980014;1469:42110.904435115626;2404:42130.34703853484
0,0,default_vehtype,boarding,True,41640,42130.34703853484,42132.28489380939,42130.34703853484,0.0,2404;-1;-1,2404;-1;-1,0.0,0.9916209300521376,0.9916209300521376,0.0,,0,146,1,146,,,
0,11,default_vehtype,route,False,-1000,41580.0,42234.00119239899,41580.0,0.0,1587;-1;-1,2589;-1;-1,7402.754729959999,0.8171192422432364,0.8163789667702404,0.0,,0,,0,,,1587;341;3097;1785;3436;1777;3435;968;1778;1779;3378;144;74;3377;2642;75;797;3090;3091;3089;3074;3153;3076;3125;73;3233;2899;2665;72;2828;3371;3372;3232;3373;1564;1630;2100;2099;2819;2371;2818;1133;782;2215;1377;2369;2368;2367;1576;1169;3843;3636;3631;2590;2589,1587:41580;341:41614.990005752494;3097:41619.01881972512;1785:41684.34633237789;3436:41690.69456825226;1777:41696.22845921507;3435:41698.015125652855;968:41710.861873086855;1778:41719.07875522462;1779:41727.94749637104;3378:41767.285535092786;144:41772.19688663733;74:41772.9876461284;3377:41774.70643951248;2642:41791.67166922588;75:41799.47044759492;797:41804.78554441086;3090:41819.7253963684;3091:41829.37136422316;3089:41847.23234760795;3074:41849.141913914835;3153:41855.41717980242;3076:41862.24803061246;3125:41864.62860882504;73:41878.714395194664;3233:41884.800645396645;2899:41885.32733728699;2665:41893.54927002717;72:41932.13599074458;2828:41935.67999813019;3371:41936.82469338745;3372:41938.173462246275;3232:41940.88069916801;3373:41943.97013491162;1564:41978.0433032482;1630:42010.68553590832;2100:42047.47950888105;2099:42058.996192982144;2819:42070.58054704742;2371:42090.9650895126;2818:42093.28522796004;1133:42104.4190113591;782:42111.79702030405;2215:42116.16396040199;1377:42143.57818179599;2369:42149.007933729146;2368:42157.9384905818;2367:42167.26827844045;1576:42184.77448339783;1169:42196.435398808295;3843:42203.73410746427;3636:42204.52822405322;3631:42211.490594569186;2590:42228.947163973724;2589:42234.00119239899
0,11,default_vehtype,boarding,True,41580,42234.00119239899,42239.458992738524,42234.00119239899,0.0,2589;-1;-1,2589;-1;-1,0.0,0.8163789667702404,0.8163789667702404,0.0,,0,144,1,144,,,
0,11,default_vehtype,route,False,-1000,42239.458992738524,42478.54769366504,42239.458992738524,0.0,2589;-1;-1,619;-1;-1,2247.9209982999996,0.8163789667702404,0.8161541746704104,0.0,,0,144,1,,,2589;2590;3631;2554;3440;3635;3842;1170;2076;2085;2031;756;1079;1378;1379;1380;1381;1627;785;1628;1629;620;619,2589:42239.458992738524;2590:42242.58534042752;3631:42272.331171239035;2554:42276.57545870105;3440:42278.81859662896;3635:42281.47339062614;3842:42283.67544776774;1170:42292.275376688995;2076:42294.27095126336;2085:42303.15263026674;2031:42311.78167160131;756:42313.32355787419;1079:42319.347299163695;1378:42337.23791652814;1379:42363.93777530946;1380:42384.714296461265;1381:42412.10894957342;1627:42417.362696085016;785:42422.17182544689;1628:42440.38793647379;1629:42450.67713966698;620:42468.50265363895;619:42478.54769366504
0,11,default_vehtype,boarding,True,-1,42478.54769366504,42508.54769366504,42478.54769366504,0.0,619;-1;-1,619;-1;-1,0.0,0.8161541746704104,0.8161541746704104,0,,0,144,1,,144,,
0,10,default_vehtype,route,False,-1000,41907.656130736694,42540.98130106474,41907.656130736694,0.0,2863;-1;-1,3562;-1;-1,3791.522624519002,0.5288411685932396,0.528462016330788,0.0,,0,131,1,,,2863;3119;268;4068;420;4003;3805;3446;2866;421;422;423;424;3203;3204;3926;2670;3666;3115;3313;3665;3925;3476;3477;3475;3315;3567;3566;3565;3563;3562,2863:41907.656130736694;3119:41917.68615906192;268:41946.05968036048;4068:41966.415291209494;420:41967.70067286959;4003:41970.930648814436;3805:41978.857911694686;3446:42002.04065452764;2866:42022.1703468022;421:42026.50776525952;422:42091.98282264697;423:42149.538870117525;424:42198.43934220935;3203:42220.689851411385;3204:42223.20813506083;3926:42254.93711208227;2670:42287.961911072554;3666:42291.29397512466;3115:42296.629831981714;3313:42349.02007165492;3665:42355.128661518575;3925:42374.79839487766;3476:42377.55817888737;3477:42390.21055112196;3475:42412.21634263617;3315:42431.022506771864;3567:42448.13587123839;3566:42534.53506827026;3565:42536.08877009591;3563:42538.564965697034;3562:42540.98130106474
0,10,default_vehtype,boarding,True,-1,42540.98130106474,42570.98130106474,42540.98130106474,0.0,3562;-1;-1,3562;-1;-1,0.0,0.528462016330788,0.528462016330788,0,,0,131,1,,131,,
0,0,default_vehtype,route,False,-1000,42132.28489380939,42600.74273908921,42132.28489380939,0.0,2404;-1;-1,3973;-1;-1,3382.0815666199996,0.9916209300521376,0.991282721895476,0.0,,0,146,1,,,2404;1469;2403;1888;4032;3862;4031;4030;3112;429;2596;172;3771;428;427;3568;426;3474;425;3477;3476;3313;3115;338;337;3973,2404:42132.28489380939;1469:42177.55198195731;2403:42214.53003956659;1888:42224.60408129402;4032:42233.64431066241;3862:42238.94820437804;4031:42246.48957775747;4030:42254.75381670116;3112:42301.54544512473;429:42303.026799744934;2596:42320.31816536422;172:42338.042305378396;3771:42341.4318860112;428:42360.37342012395;427:42382.91719938492;3568:42415.75100400646;426:42417.1686405062;3474:42457.61584237628;425:42483.43702076541;3477:42486.09610378533;3476:42498.19833340509;3313:42521.62615014492;3115:42543.93051885478;338:42546.018606733065;337:42597.796077153056;3973:42600.74273908921
0,7,default_vehtype,route,False,-1000,42060.0,42601.47204605986,42060.0,0.0,437;-1;-1,427;-1;-1,2529.4055688699987,0.7665132442858302,0.7662603037289436,0.0,,0,,0,,,437;436;3664;435;2668;248;434;433;432;431;430;429;2596;3054;2715;2716;428;427,437:42060;436:42098.25604669342;3664:42104.22780095752;435:42107.093316298204;2668:42115.78586521087;248:42134.34250084927;434:42207.32898177289;433:42258.92299876358;432:42408.76845167719;431:42431.40190458438;430:42442.389596022746;429:42476.05380612502;2596:42493.3451717443;3054:42496.692958162464;2715:42528.00746547766;2716:42555.51600387945;428:42578.92826679889;427:42601.47204605986
0,0,default_vehtype,boarding,True,-1,42600.74273908921,42630.74273908921,42600.74273908921,0.0,3973;-1;-1,3973;-1;-1,0.0,0.991282721895476,0.991282721895476,0,,0,146,1,,146,,
0,7,default_vehtype,boarding,True,42060,42601.47204605986,42657.34533867141,42601.47204605986,0.0,427;-1;-1,427;-1;-1,0.0,0.7662603037289436,0.7662603037289436,0,,0,150,1,150,,,
0,0,default_vehtype,route,False,-1000,42630.74273908921,42720,42630.74273908921,0.0,3973;-1;-1,3665;3925;0.005,497.51487694465885,0.991282721895476,0.9912329704077816,0.0,,0,,0,,,3973;3974;337;338;3665,3973:42630.74273908921;3974:42636.575465083086;337:42639.856298908475;338:42684.090561181816;3665:42719.91088905821
0,0,default_vehtype,route,False,-1000,42720,42800.634993184925,42720,0,3665;3925;0.005,1263;-1;-1,484.2075212253411,0.9912329704077816,0.9911845496556592,0.0,,0,,0,,,3665;3925;425;2122;1263,3665:42720;3925:42750.4865381107;425:42758.89369566551;2122:42785.30676192979;1263:42800.634993184925
0,0,default_vehtype,boarding,True,42720,42800.634993184925,42819.76706462067,42800.634993184925,0.0,1263;-1;-1,1263;-1;-1,0.0,0.9911845496556592,0.9911845496556592,0,,0,156,1,156,,,
0,5,default_vehtype,route,False,-1000,40054.29838082719,42843.25221629868,40054.29838082719,0.0,852;-1;-1,1140;-1;-1,16178.453018475973,0.9967518000065569,0.9951339547047078,0.0,,0,121,1,,,852;2404;1469;2403;1880;2208;4026;2386;3772;3922;832;3400;997;996;995;1127;1760;1759;3425;1517;1815;3675;2133;2191;2687;2688;2906;2867;421;3193;2039;183;82;2905;2653;2857;2862;2654;2646;2995;3506;3000;3961;3814;3815;3510;2997;2682;3516;3928;2998;3752;3286;3445;2999;98;643;3278;2855;932;3837;931;930;929;561;928;927;2462;2382;1645;2362;750;2459;914;1662;3359;1713;1244;1712;1675;880;879;1659;1711;3365;1710;3362;819;1598;1709;1658;1657;2941;3363;3361;1460;3367;1656;2783;1449;1654;1140,852:40054.29838082719;2404:40065.43119763243;1469:40136.622554874506;2403:40155.95387185491;1880:40173.95811435503;2208:40192.17217617813;4026:40211.956797515166;2386:40212.33294491217;3772:40218.82916049696;3922:40231.68761710633;832:40233.75746164859;3400:40239.062433760606;997:40251.85982853547;996:40256.20125023577;995:40281.133866680626;1127:40295.782328985006;1760:40329.13834269345;1759:40386.183697604945;3425:40429.42660563348;1517:40434.66422710144;1815:40510.99527191598;3675:40527.05363237646;2133:40553.00331916561;2191:40590.27018613614;2687:40663.209872919506;2688:40859.7801722039;2906:40935.93546643668;2867:40945.9313788849;421:40948.37153584846;3193:41012.22721225414;2039:41013.68517341574;183:41093.48314197407;82:41103.37776685618;2905:41147.833196362866;2653:41148.34515953535;2857:41235.60668152069;2862:41345.37873411321;2654:41492.741543737415;2646:41917.06991063605;2995:41951.76789164338;3506:41990.79960856153;3000:41997.29165185646;3961:42013.56440200142;3814:42021.242525278;3815:42038.1339505957;3510:42059.8921528322;2997:42069.5658306286;2682:42072.8652117765;3516:42075.48553139938;3928:42096.84484818531;2998:42102.38848918696;3752:42139.604589686205;3286:42145.08032872591;3445:42154.893582179975;2999:42167.358262878646;98:42170.25856903852;643:42173.33936012115;3278:42185.3037990258;2855:42230.063086622016;932:42245.28563454383;3837:42251.160208067435;931:42271.2955411889;930:42299.39981265329;929:42383.436061698005;561:42419.77147981411;928:42432.534660614154;927:42483.000636227975;2462:42488.45022639341;2382:42491.53840549339;1645:42494.64622949774;2362:42505.850298062476;750:42518.21235166376;2459:42529.00246061044;914:42548.26720440327;1662:42558.65218456218;3359:42565.6642850578;1713:42574.6155527853;1244:42586.79836609273;1712:42594.731590110445;1675:42608.48869004679;880:42622.58360305414;879:42627.7478399282;1659:42637.2158561643;1711:42642.28848172324;3365:42648.30683726444;1710:42648.98402231104;3362:42652.26138334721;819:42660.670509626725;1598:42679.3565719987;1709:42686.562609619425;1658:42706.03706027704;1657:42718.60443243583;2941:42760.527079798056;3363:42769.41281289288;3361:42772.51662857819;1460:42774.616260586336;3367:42777.46414409882;1656:42810.05397377925;2783:42819.7588963358;1449:42821.37281856384;1654:42828.12806476723;1140:42843.25221629868
0,5,default_vehtype,boarding,True,-1,42843.25221629868,42873.25221629868,42843.25221629868,0.0,1140;-1;-1,1140;-1;-1,0.0,0.9951339547047078,0.9951339547047078,0,,0,121,1,,121,,
0,4,default_vehtype,route,False,-1000,42000,42941.07802796243,42000,0,1408;544;0.058,173;-1;-1,6157.21949040738,0.9984263513393653,0.9978106293903253,0.0,,0,,0,,,1408;544;748;2155;1503;1505;989;988;334;3351;134;2584;2635;3335;2857;2862;173,1408:42000;544:42191.5158917917;748:42223.58962134566;2155:42246.72395940316;1503:42358.11250225276;1505:42385.2489343988;989:42427.43679210923;988:42440.4677558104;334:42460.93857047548;3351:42463.24489289807;134:42512.87772843005;2584:42532.77529161916;2635:42639.12996422261;3335:42734.074283398615;2857:42865.34751935566;2862:42916.63596263633;173:42941.07802796243
0,4,default_vehtype,boarding,True,42000,42941.07802796243,42953.173643153816,42941.07802796243,0.0,173;-1;-1,173;-1;-1,0.0,0.9978106293903253,0.9978106293903253,0,,0,148,1,148,,,
0,0,default_vehtype,route,False,-1000,42819.76706462067,42973.30663501895,42819.76706462067,0.0,1263;-1;-1,427;-1;-1,903.78300651,0.9911845496556592,0.9910941713550082,0.0,,0,156,1,,,1263;2122;3570;3569;3645;426;3568;427,1263:42819.76706462067;2122:42853.988379379596;3570:42870.89752325223;3569:42874.13786086718;3645:42883.61288208265;426:42906.678975945935;3568:42907.45976563382;427:42973.30663501895
0,0,default_vehtype,boarding,True,-1,42973.30663501895,43003.30663501895,42973.30663501895,0.0,427;-1;-1,427;-1;-1,0.0,0.9910941713550082,0.9910941713550082,0,,0,156,1,,156,,
0,0,default_vehtype,route,False,-1000,43003.30663501895,43087.6097637472,43003.30663501895,0.0,427;-1;-1,425;-1;-1,612.1716691800001,0.9910941713550082,0.9910329541880902,0.0,,0,,0,,,427;3568;426;3474;425,427:43003.30663501895;3568:43029.482148882445;426:43031.134020616664;3474:43066.58779409383;425:43087.6097637472
0,0,default_vehtype,boarding,True,42540,43087.6097637472,43095.510188311884,43087.6097637472,0.0,425;-1;-1,425;-1;-1,0.0,0.9910329541880902,0.9910329541880902,0,,0,154,1,154,,,
0,2,default_vehtype,out_of_service,True,-1,25190,43200,25190,0,2009.0;-1;-1,2009.0;-1;-1,0.0,1.0,1.0,0,,0,,0,,,,
0,9,default_vehtype,route,False,-1000,42023.44286227418,43212.265987936684,42023.44286227418,0.0,3183;-1;-1,2003;-1;-1,8071.33476689,0.7265308619651621,0.7257237284884732,0.0,,0,143,1,,,3183;543;393;392;391;390;389;388;387;2678;3111;334;3351;134;2584;3269;39;71;3272;1;2596;429;3112;4030;4031;3862;4032;1888;2403;2503;2026;2397;1987;2423;3660;1664;2373;2180;2003,3183:42023.44286227418;543:42047.48877581021;393:42054.72921812469;392:42060.44639596901;391:42084.289364592616;390:42120.542923180554;389:42148.83766257672;388:42150.74756782249;387:42154.08015959057;2678:42160.583032904615;3111:42303.01152655137;334:42305.8741990769;3351:42308.18052149948;134:42357.81335703147;2584:42377.710920220576;3269:42449.7600816991;39:42502.76620157739;71:42589.41945084596;3272:42678.99586550939;1:42727.28083509255;2596:42768.66172303534;429:42796.43410315046;3112:42801.700799923216;4030:42846.6304954454;4031:42850.47147573544;3862:42870.90921642923;4032:42876.33798520699;1888:42891.97495083642;2403:42900.93261664459;2503:43032.391992490186;2026:43038.822333669326;2397:43067.880052565844;1987:43078.48376973906;2423:43093.71801506807;3660:43147.224439027086;1664:43149.68408602871;2373:43158.61624808484;2180:43210.95723475928;2003:43212.265987936684
0,10,default_vehtype,route,False,-1000,42570.98130106474,43230.989089056195,42570.98130106474,0.0,3562;-1;-1,3430;-1;-1,3586.037841733999,0.528462016330788,0.5281034125466147,0.0,,0,,0,,,3562;4026;2386;3644;2387;2207;3869;969;302;1573;257;1344;2388;1750;3676;1915;2776;531;730;2338;2389;254;3654;3653;1893;1898;1899;4007;1900;1138;1901;1478;1525;1526;1524;3430,3562:42570.98130106474;4026:42623.68318777343;2386:42625.58596380255;3644:42648.19829831792;2387:42667.71313884835;2207:42680.256101932435;3869:42689.33788052359;969:42695.21735762707;302:42709.542036455125;1573:42737.25262144874;257:42747.3929842824;1344:42776.60635245199;2388:42784.4763723963;1750:42829.83213370194;3676:42837.97131664009;1915:42847.52505899494;2776:42856.36746739848;531:42861.0147623624;730:42890.96348228499;2338:42973.31225968437;2389:42992.34914326555;254:43011.45869465119;3654:43018.242163017756;3653:43027.449594805796;1893:43030.96548208552;1898:43047.28017565213;1899:43052.29480147766;4007:43062.12120906698;1900:43064.589182771895;1138:43066.781626021635;1901:43114.43849670378;1478:43122.573406434465;1525:43172.36809156009;1526:43187.973778618325;1524:43221.41645589483;3430:43230.989089056195
0,3,default_vehtype,route,False,-1000,42420.0,43230.989089056195,42420.0,0.0,1227;-1;-1,1967;378;0.925,5118.337403184142,0.9983667171571582,0.9978548834168394,0.0,,0,,0,,,1227;1226;2599;3042;4077;2748;2672;1776;2732;1775;2600;2882;2668;2749;299;2013;1338;612;609;610;611;171;2348;2405;2443;2374;2375;654;2181;2131;2044;1429;2180;2003;1036;1814;1625;279;1624;266;1561;2042;580;1967,1227:42420;1226:42438.21894422874;2599:42447.520196527475;3042:42448.388491169026;4077:42463.8507149168;2748:42473.12105700927;2672:42508.713309867;1776:42545.16572844787;2732:42569.67374621726;1775:42591.38157379414;2600:42610.48029387541;2882:42610.97460010059;2668:42626.54848675322;2749:42661.69100856662;299:42680.15471100591;2013:42689.98495536142;1338:42698.48493763985;612:42703.43093920233;609:42705.35138864193;610:42723.62346372555;611:42738.562042041915;171:42749.82060983738;2348:42784.37657367135;2405:42789.358901868116;2443:42795.86986056813;2374:42806.56881515771;2375:42808.96832978472;654:42964.950404023264;2181:42985.772256058524;2131:42988.82976574751;2044:43003.8602002578;1429:43017.79287522196;2180:43029.50925906088;2003:43030.818012238284;1036:43055.7145978338;1814:43074.16650853881;1625:43076.53482458976;279:43107.19832659486;1624:43130.462340558326;266:43180.198747610106;1561:43184.08399858637;2042:43192.120055873995;580:43198.44833851929;1967:43206.125063272986
0,9,default_vehtype,boarding,True,-1,43212.265987936684,43242.265987936684,43212.265987936684,0.0,2003;-1;-1,2003;-1;-1,0.0,0.7257237284884732,0.7257237284884732,0,,0,143,1,,143,,
0,10,default_vehtype,boarding,True,42420,43230.989089056195,43400.65428254176,43230.989089056195,0.0,3430;-1;-1,3430;-1;-1,0.0,0.5281034125466147,0.5281034125466147,0,,0,152,1,152,,,
0,11,default_vehtype,route,False,-1000,42508.54769366504,43427.57767492791,42508.54769366504,0.0,619;-1;-1,2433;-1;-1,5299.9543220999985,0.8161541746704104,0.8156241792381997,0.0,,0,,0,,,619;620;1629;1628;785;1627;1381;1380;1379;1378;1377;2369;2368;2367;1576;1169;3843;3636;3631;2590;3633;3439;971;3623;2435;3473;2231;1415;2365;2127;1698;1277;3819;718;719;778;777;1578;548;1579;1851;1331;1219;2349;1568;2433,619:42508.54769366504;620:42638.236156083905;1629:42644.324745965576;1628:42662.933013195565;785:42672.02599057587;1627:42724.277658090745;1381:42728.0850336259;1380:42738.63887094025;1379:42753.59107699494;1378:42777.30093404885;1377:42788.74913779985;2369:42795.80863501418;2368:42808.10139853183;2367:42827.13808919689;1576:42833.805673512754;1169:42857.67519252579;3843:42872.294426210225;3636:42874.32079012987;3631:42880.93847831154;2590:42906.533728232054;3633:42940.22249174903;3439:42942.69672651558;971:42944.35654069832;3623:42947.38253084451;2435:42970.968187578546;3473:42977.26939720249;2231:42982.68931021799;1415:42997.3005178279;2365:43004.93527075271;2127:43015.15354096247;1698:43021.43948735792;1277:43114.004530509745;3819:43143.88560911583;718:43207.25481239944;719:43263.86740396742;778:43271.114554485466;777:43328.558807911206;1578:43351.37127725232;548:43365.81750331168;1579:43377.199414964496;1851:43385.03773374962;1331:43395.37641687924;1219:43399.34206517115;2349:43418.331060199744;1568:43424.436844593;2433:43427.57767492791
0,11,default_vehtype,boarding,True,42420,43427.57767492791,43457.2610498054,43427.57767492791,0.0,2433;-1;-1,2433;-1;-1,0.0,0.8156241792381997,0.8156241792381997,0,,0,153,1,153,,,
0,8,default_vehtype,route,False,-1000,42060,43489.404072942525,42060,0,1123;-1;-1,1941;-1;-1,6206.329306049998,0.8033587842201507,0.8027381512895474,0.0,,0,,0,,,1123;1093;1092;111;916;2220;2302;1214;350;2175;258;2221;1406;1188;1405;3682;3569;3645;426;3567;3566;3564;327;833;4069;1616;3426;3425;3424;265;1518;2246;263;262;261;260;2192;2193;1310;2194;727;728;229;228;227;1941,1123:42060;1093:42076.53463878325;1092:42115.99824454641;111:42123.07433658901;916:42145.01079480681;2220:42284.032413215624;2302:42293.86806928864;1214:42310.5167052286;350:42339.21969119381;2175:42348.80502403812;258:42359.99946364625;2221:42450.98952240031;1406:42454.80574612024;1188:42483.57753340156;1405:42493.15212849749;3682:42530.639793405455;3569:42539.1294295607;3645:42548.435158989945;426:42590.12301391493;3567:42591.28609996307;3566:42677.68529699495;3564:42679.799331769915;327:42723.46506389594;833:42743.29138442354;4069:42770.515983907535;1616:42774.92420601565;3426:42964.13259669917;3425:42979.4458328907;3424:43036.983092690796;265:43044.26136732699;1518:43064.458110984866;2246:43093.11748312105;263:43103.56684722932;262:43115.96529956217;261:43177.16544598788;260:43200.44941333961;2192:43209.956798909334;2193:43213.60025462146;1310:43223.779845781915;2194:43318.415493857065;727:43327.67187821108;728:43344.607834360395;229:43360.27276458285;228:43463.205947623595;227:43485.62341298596;1941:43489.404072942525
0,8,default_vehtype,boarding,True,42060,43489.404072942525,43493.32284505705,43489.404072942525,0.0,1941;-1;-1,1941;-1;-1,0.0,0.8027381512895474,0.8027381512895474,0,,0,149,1,149,,,
0,2,default_vehtype,route,False,-1000,43260,43569.24743716159,43260,0,2009.0;-1;-1,1086;-1;-1,2159.5834618299996,1.0,0.9997840416538172,0.0,,0,,0,,,2009.0;2557;3214;2658;3213;2859;3211;504;3646;2824;2178;1872;1198;2333;1251;541;1250;1086,2009.0:43260;2557:43268.748230259305;3214:43281.871290997726;2658:43295.155376257404;3213:43305.94782582933;2859:43336.10422473745;3211:43403.67796208332;504:43407.793830247065;3646:43409.274437155145;2824:43413.89542050419;2178:43429.59495829864;1872:43439.52273627044;1198:43451.64595779201;2333:43463.27126027089;1251:43531.925509050685;541:43546.392359481266;1250:43560.503952724925;1086:43569.24743716159
0,0,default_vehtype,route,False,-1000,43095.510188311884,43627.049562780274,43095.510188311884,0.0,425;-1;-1,734;-1;-1,3400.646533509999,0.9910329541880902,0.9906928895347392,0.0,,0,154,1,,,425;3925;3665;3313;3115;338;2670;3666;3150;2675;3204;3203;424;423;2687;2688;2906;2867;3684;3749;3750;4004;2632;4002;4068;268;2633;331;332;734,425:43095.510188311884;3925:43105.6987599009;3665:43126.25344101785;3313:43127.73266538326;3115:43183.29400805995;338:43185.13684994504;2670:43186.79934520689;3666:43188.415372038595;3150:43229.49182250673;2675:43265.73690131766;3204:43266.76721791048;3203:43267.82380852102;424:43304.03970098342;423:43326.11765086811;2687:43327.58374169577;2688:43346.84316645904;2906:43415.272462276276;2867:43425.33256280887;3684:43431.55841874472;3749:43436.384612877475;3750:43451.39842744363;4004:43458.04875790264;2632:43461.740855730626;4002:43466.57700353522;4068:43467.622484520274;268:43531.317760299644;2633:43531.72292690733;331:43548.5864881684;332:43624.64530705658;734:43627.049562780274
0,2,default_vehtype,boarding,True,43260,43569.24743716159,43634.782929368754,43569.24743716159,0.0,1086;-1;-1,1086;-1;-1,0.0,0.9997840416538172,0.9997840416538172,0,,0,163,1,163,,,
0,5,default_vehtype,route,False,-1000,43020,43642.94242206162,43020,0,1140;-1;-1,886;-1;-1,5823.648937869997,0.9951339547047078,0.9945515898109208,0.0,,0,,0,,,1140;1654;1449;2783;2784;1448;3175;2816;28;3049;2786;3734;3454;2958;3453;2788;2791;2794;2795;1182;1978;1162;1943;2087;1366;2092;2093;3240;2094;3239;2032;1732;3370;4075;3369;2835;3188;1548;1401;954;1540;1209;2095;981;878;982;886,1140:43020;1654:43027.29071184953;1449:43034.267226693235;2783:43035.470101785715;2784:43079.09447786508;1448:43082.11794422653;3175:43092.19273098713;2816:43114.576388846064;28:43122.62479919594;3049:43139.57986131233;2786:43144.14798082194;3734:43171.15202359233;3454:43180.6783027086;2958:43183.59639137408;3453:43185.79514525272;2788:43192.3859848517;2791:43204.38884910479;2794:43209.84092937392;2795:43223.52315920532;1182:43232.85396016821;1978:43246.37304327981;1162:43258.29029484574;1943:43267.50222418117;2087:43280.27793498703;1366:43296.05668486673;2092:43304.221520357554;2093:43318.337607608926;3240:43391.33237207632;2094:43392.857556598465;3239:43397.73447247485;2032:43449.69431568491;1732:43460.5762632623;3370:43467.8530320013;4075:43472.575896217604;3369:43476.18601344753;2835:43477.59940851569;3188:43480.922881914776;1548:43485.96557267329;1401:43497.59410261901;954:43503.89043208525;1540:43521.015382733895;1209:43526.2619418461;2095:43533.8332521689;981:43544.84627239844;878:43569.521171885295;982:43584.03971089674;886:43642.94242206162
0,0,default_vehtype,boarding,True,-1,43627.049562780274,43657.049562780274,43627.049562780274,0.0,734;-1;-1,734;-1;-1,0.0,0.9906928895347392,0.9906928895347392,0,,0,154,1,,154,,
0,5,default_vehtype,boarding,True,43020,43642.94242206162,43682.950769433104,43642.94242206162,0.0,886;-1;-1,886;-1;-1,0.0,0.9945515898109208,0.9945515898109208,0,,0,159,1,159,,,
0,1,default_vehtype,boarding,True,43800,43800.0,43800.10739718292,43800.0,0.0,1587;-1;-1,1587;-1;-1,0.0,0.994809484728981,0.994809484728981,0.0,,0,168,1,168,,,
0,7,default_vehtype,route,False,-1000,42657.34533867141,43808.87561812525,42657.34533867141,0.0,427;-1;-1,1924;-1;-1,4960.045005471003,0.7662603037289436,0.765764299228397,0.0,,0,150,1,,,427;3568;426;3474;425;3477;3476;3313;3115;3666;3150;2675;3680;2687;2688;2906;2867;3684;3749;3446;3805;4003;4001;2632;4067;2633;331;332;734;733;732;4048;4066;737;840;1391;2183;1924,427:42657.34533867141;3568:42690.179143292946;426:42691.596779792686;3474:42730.55708622333;425:42751.5790558767;3477:42757.16028959916;3476:42767.621682271776;3313:42785.61753900126;3115:42841.17888167795;3666:42847.61140169736;3150:42888.687852165494;2675:42924.93293097642;3680:42925.80813019814;2687:43068.08118173544;2688:43111.30980194536;2906:43156.37030262391;2867:43174.75895607557;3684:43176.40732615362;3749:43194.69237951133;3446:43198.07640876445;3805:43211.52970538066;4003:43230.26046297771;4001:43232.26056814286;2632:43234.7282044954;4067:43237.073967556054;2633:43298.03641381574;331:43324.1820522405;332:43400.24087112868;734:43402.645126852374;733:43411.585538603285;732:43419.30041464958;4048:43431.01234535679;4066:43437.667786186765;737:43514.02471458742;840:43540.454231337426;1391:43660.4835702706;2183:43787.622806120446;1924:43808.87561812525
0,4,default_vehtype,route,False,-1000,42953.173643153816,43827.11456706981,42953.173643153816,0.0,173;-1;-1,427;-1;-1,5721.505297759988,0.9978106293903253,0.9972384788605495,0.0,,0,148,1,,,173;2862;2857;3335;2635;2583;2638;2582;2671;336;2252;2347;3665;3313;3476;3477;3475;3315;3567;426;3568;427,173:42953.173643153816;2862:42981.981126725295;2857:43075.30180370934;3335:43115.654954439844;2635:43195.94804203088;2583:43234.67073342765;2638:43257.55982338236;2582:43314.69435913344;2671:43354.606954494026;336:43356.8998766051;2252:43526.560791671676;2347:43539.408805164036;3665:43678.94627753731;3313:43680.54302470087;3476:43696.940004412994;3477:43706.80394371954;3475:43728.25632151987;3315:43767.065699160965;3567:43792.868932239835;426:43794.06853169306;3568:43796.28354041471;427:43827.11456706981
0,7,default_vehtype,boarding,True,-1,43808.87561812525,43838.87561812525,43808.87561812525,0.0,1924;-1;-1,1924;-1;-1,0.0,0.765764299228397,0.765764299228397,0,,0,150,1,,150,,
0,4,default_vehtype,boarding,True,43260,43827.11456706981,43907.77230893082,43827.11456706981,0.0,427;-1;-1,427;-1;-1,0.0,0.9972384788605495,0.9972384788605495,0.0,,0,148;162,2,162,148,,
0,11,default_vehtype,route,False,-1000,43457.2610498054,43900.32823715031,43457.2610498054,0.0,2433;-1;-1,2091;-1;-1,5309.571023499999,0.8156241792381997,0.8150932221358496,0.0,,0,153,1,,,2433;1568;2349;1219;1331;547;1330;776;775;774;2332;2331;2330;2329;2153;2896;3289;2895;644;3290;3291;3834;3159;4081;3160;3161;3162;3810;2937;926;1714;2952;2951;2950;3545;3547;3550;491;1684;1676;881;1683;1959;2091,2433:43457.2610498054;1568:43459.10043102196;2349:43480.75119958728;1219:43483.31381348334;1331:43492.211193381045;547:43505.265644174055;1330:43507.70182559476;776:43522.96093188879;775:43528.92475406489;774:43535.14272615391;2332:43540.77145305722;2331:43547.83391352681;2330:43558.46129762107;2329:43568.70838755238;2153:43572.40409195721;2896:43580.86570247706;3289:43588.20157110292;2895:43592.006891326215;644:43594.911304596804;3290:43599.135997358804;3291:43601.98878479888;3834:43619.53376151652;3159:43622.788493019965;4081:43673.735095890515;3160:43685.01621347461;3161:43716.22620436471;3162:43745.22929966664;3810:43763.91126369825;2937:43765.60614247997;926:43776.10062601224;1714:43782.5117482266;2952:43787.61882923276;2951:43793.281653311344;2950:43810.588163227025;3545:43817.892967326254;3547:43818.32685392656;3550:43820.13780854615;491:43829.64492678014;1684:43842.30612599762;1676:43852.113068411636;881:43862.080188395026;1683:43878.39565532323;1959:43882.96042431719;2091:43900.32823715031
0,11,default_vehtype,boarding,True,-1,43900.32823715031,43930.32823715031,43900.32823715031,0.0,2091;-1;-1,2091;-1;-1,0.0,0.8150932221358496,0.8150932221358496,0,,0,153,1,,153,,
0,6,default_vehtype,route,False,-1000,43080,43954.11646606076,43080,0,2846;-1;-1,3053;-1;-1,5548.808069352002,0.5716522179216472,0.5710973371147118,0.0,,0,,0,,,2846;1409;752;2593;3023;3024;3591;3592;3590;754;3041;3042;3116;49;3134;2639;3328;2738;2526;103;104;2714;3053,2846:43080;1409:43087.591402525206;752:43137.85456399063;2593:43185.171721565996;3023:43185.933184144815;3024:43187.55683421481;3591:43193.828450534864;3592:43194.62571915774;3590:43197.17063623738;754:43508.15307631572;3041:43615.2810784735;3042:43681.85409202488;3116:43700.2471327601;49:43707.28750811253;3134:43708.92274731372;2639:43720.23574644245;3328:43757.82595407889;2738:43761.268095912084;2526:43826.09365365003;103:43839.359906367376;104:43870.272179311236;2714:43915.36674870157;3053:43954.11646606076
0,8,default_vehtype,route,False,-1000,43493.32284505705,43962.18234214354,43493.32284505705,0.0,1941;-1;-1,3562;-1;-1,3711.540786789001,0.8027381512895474,0.8023669972108681,0.0,,0,149,1,,,1941;227;228;229;230;2194;1310;2193;518;2171;262;263;264;3671;265;3424;3425;1759;1760;1127;995;830;326;327;3564;3566;3565;3563;3562,1941:43493.32284505705;227:43517.939486406234;228:43545.99603733695;229:43574.84988375872;230:43605.47563239428;2194:43618.651326604246;1310:43636.27469038895;2193:43659.25585666745;518:43668.17406295042;2171:43683.98873226709;262:43691.59679737523;263:43712.44034788095;264:43742.83524511193;3671:43762.49899176651;265:43768.14172189934;3424:43772.0858392525;3425:43807.92464037538;1759:43856.53479603151;1760:43868.084377360574;1127:43883.8773062674;995:43890.468044141635;830:43892.94966112869;326:43910.53946633462;327:43919.77866276171;3564:43955.86324250573;3566:43958.22467974044;3565:43959.538576126426;3563:43960.23619754766;3562:43962.18234214354
0,6,default_vehtype,boarding,True,43080,43954.11646606076,43974.31347878628,43954.11646606076,0.0,3053;-1;-1,3053;-1;-1,0.0,0.5710973371147118,0.5710973371147118,0,,0,161,1,161,,,
0,8,default_vehtype,boarding,True,-1,43962.18234214354,43992.18234214354,43962.18234214354,0.0,3562;-1;-1,3562;-1;-1,0.0,0.8023669972108681,0.8023669972108681,0.0,,0,149,1,,149,,
0,8,default_vehtype,route,False,-1000,43992.18234214354,43993.79490299405,43992.18234214354,0.0,3562;-1;-1,328;-1;-1,12.07610987,0.8023669972108681,0.8023657895998811,0.0,,0,,0,,,3562;328,3562:43992.18234214354;328:43993.79490299405
0,8,default_vehtype,boarding,True,43800,43993.79490299405,44109.68475345877,43993.79490299405,0.0,328;-1;-1,328;-1;-1,0.0,0.8023657895998811,0.8023657895998811,0,,0,167,1,167,,,
0,10,default_vehtype,route,False,-1000,43400.65428254176,44136.29022326656,43400.65428254176,0.0,3430;-1;-1,2306;-1;-1,3894.2098822039993,0.5281034125466147,0.5277139915583939,0.0,,0,152,1,,,3430;1524;1526;1525;2294;378;1967;1966;1476;1477;626;584;1478;1901;1138;1900;4007;1899;1898;1893;3653;3654;254;2389;2338;730;531;2776;1915;3676;1750;2388;1344;257;1573;302;969;3869;3868;2206;2306,3430:43400.65428254176;1524:43457.723657538285;1526:43477.515532533725;1525:43509.6701339595;2294:43556.73565788108;378:43575.18443586756;1967:43598.52731679911;1966:43608.5971748205;1476:43615.420337583;1477:43639.42454971023;626:43645.116893338476;584:43650.53953313683;1478:43654.125438671086;1901:43686.53586420864;1138:43751.67636727833;1900:43757.44594945985;4007:43760.10109895597;1899:43818.47838540452;1898:43822.26773600867;1893:43838.74556999624;3653:43842.64871991152;3654:43851.27538896296;254:43855.087846756855;2389:43874.361944054726;2338:43884.936250551546;730:43927.20247276418;531:43940.794048718024;2776:43944.2416109215;1915:43952.79530612123;3676:43962.905748174424;1750:43970.70630114907;2388:43976.83116053906;1344:43990.77550266119;257:44013.445216377564;1573:44026.53198573227;302:44044.72286578689;969:44063.48354785147;3869:44066.71408982123;3868:44069.89812548545;2206:44074.42053467503;2306:44136.29022326656
0,7,default_vehtype,route,False,-1000,43838.87561812525,44162.25355204819,43838.87561812525,0.0,1924;-1;-1,2115;-1;-1,2769.1777162870003,0.765764299228397,0.7654873814567688,0.0,,0,,0,,,1924;1925;1926;1758;2109;733;734;419;331;2633;268;3195;1610;2858;3807;3935;3971;1611;2337;2115,1924:43838.87561812525;1925:43853.34260525857;1926:43858.98213279383;1758:43862.525435168565;2109:43866.62555669185;733:43911.68715945685;734:43933.957577608904;419:43976.729105436374;331:43992.63385621613;2633:44000.748071387025;268:44001.71022193932;3195:44016.5704354148;1610:44021.58868039122;2858:44059.71711272;3807:44094.96509201067;3935:44117.90276576554;3971:44135.92555892182;1611:44137.14134087562;2337:44158.61963645603;2115:44162.25355204819
0,10,default_vehtype,boarding,True,-1,44136.29022326656,44166.29022326656,44136.29022326656,0.0,2306;-1;-1,2306;-1;-1,0.0,0.5277139915583939,0.5277139915583939,0.0,,0,152,1,,152,,
0,3,default_vehtype,route,False,-1000,44100.0,44184.771298313506,44100.0,0.0,1967;378;0.925,1900;-1;-1,700.8726800058533,0.9978548834168394,0.9977847961488385,0.0,,0,,0,,,1967;378;2294;1525;1478;1901;1138;1900,1967:44100;378:44101.40665037826;2294:44106.09181404995;1525:44110.465807979;1478:44134.28574398077;1901:44169.197186905265;1138:44182.337066365464;1900:44184.771298313506
0,3,default_vehtype,boarding,True,44100,44184.771298313506,44185.965450841075,44184.771298313506,0.0,1900;-1;-1,1900;-1;-1,0.0,0.9977847961488385,0.9977847961488385,0.0,,0,170,2,170,,,
0,2,default_vehtype,route,False,-1000,43634.782929368754,44228.551023633394,43634.782929368754,0.0,1086;-1;-1,3150;-1;-1,4346.410247501,0.9997840416538172,0.999349400629067,0.0,,0,163,1,,,1086;1249;415;2695;3793;416;417;3795;2693;418;3576;3594;3595;2657;180;63;3449;2864;3995;2863;419;331;2633;268;4068;4002;2632;4001;4003;3805;3446;2866;3684;2867;2906;2688;2687;3680;2675;3150,1086:43634.782929368754;1249:43667.90246969188;415:43681.26615330461;2695:43681.8777490543;3793:43688.180938016834;416:43704.107482156054;417:43741.97139889322;3795:43771.600163363306;2693:43776.10536057779;418:43782.39457125748;3576:43799.222763972284;3594:43801.34567596652;3595:43810.94382593027;2657:43820.73259841948;180:43836.50995224895;63:43837.79573291832;3449:43896.26075157104;2864:43898.03512693726;3995:43901.05906922371;2863:43916.71648272941;419:43931.283325607816;331:43947.188076387574;2633:43955.302291558466;268:43956.26444211076;4068:43972.177751134775;4002:43972.67321193143;2632:43976.265715911635;4001:43977.76893746746;4003:43979.81817857275;3805:43994.003810834445;3446:44005.364678377606;2866:44054.69023482045;3684:44060.83950084954;2867:44062.51283021053;2906:44069.46265386672;2688:44122.60954271109;2687:44146.117597760174;3680:44202.241572509236;2675:44203.69591599911;3150:44228.551023633394
0,7,default_vehtype,boarding,True,43440,44162.25355204819,44247.567134741636,44162.25355204819,0.0,2115;-1;-1,2115;-1;-1,0.0,0.7654873814567688,0.7654873814567688,0,,0,165,1,165,,,
0,2,default_vehtype,boarding,True,-1,44228.551023633394,44258.551023633394,44228.551023633394,0.0,3150;-1;-1,3150;-1;-1,0.0,0.999349400629067,0.999349400629067,0,,0,163,1,,163,,
0,11,default_vehtype,route,False,-1000,43930.32823715031,44265.684026116716,43930.32823715031,0.0,2091;-1;-1,789;-1;-1,2928.7381883480007,0.8150932221358496,0.8148003483170149,0.0,,0,,0,,,2091;1959;1683;488;705;706;707;3548;3549;3547;2956;2957;709;710;711;712;713;714;1724;636;637;638;639;1290;1580;788;789,2091:43930.32823715031;1959:43934.40300130295;1683:43944.51136744561;488:43948.854303916356;705:43958.431492204036;706:43968.94076175751;707:43993.79964185797;3548:43999.89950313339;3549:44000.48520471921;3547:44001.15257810257;2956:44028.288944666325;2957:44047.49890021901;709:44055.39845148692;710:44072.24603637222;711:44096.71573998039;712:44101.389231038986;713:44109.30048591388;714:44121.94328537235;1724:44143.71831606581;636:44168.413880396845;637:44178.18248741661;638:44185.3647566749;639:44192.322316149024;1290:44195.32095410057;1580:44217.22606091822;788:44260.91530363516;789:44265.684026116716
0,11,default_vehtype,boarding,True,43500,44265.684026116716,44301.57839265793,44265.684026116716,0.0,789;-1;-1,789;-1;-1,0.0,0.8148003483170149,0.8148003483170149,0,,0,166,1,166,,,
0,2,default_vehtype,route,False,-1000,44340,44442.61464940853,44340,0,3150;-1;-1,1263;-1;-1,955.3701576899999,0.999349400629067,0.9992538636132979,0.0,,0,,0,,,3150;3666;3115;3313;3476;3925;425;2122;1263,3150:44340;3666:44356.73372779471;3115:44359.21167988231;3313:44377.733282741596;3476:44398.68434146;3925:44407.40032167147;425:44410.84875312732;2122:44432.84835103633;1263:44442.61464940853
0,2,default_vehtype,boarding,True,44340,44442.61464940853,44459.897940910065,44442.61464940853,0.0,1263;-1;-1,1263;-1;-1,0.0,0.9992538636132979,0.9992538636132979,0.0,,0,172,1,172,,,
0,4,default_vehtype,route,False,-1000,43907.77230893082,44458.45505933104,43907.77230893082,0.0,427;-1;-1,1123;-1;-1,2067.244965199999,0.9972384788605495,0.9970317543640294,0.0,,0,162,1,,,427;3987;3682;1405;1188;1406;349;3571;1407;1408;2220;916;111;1092;1093;1123,427:43907.77230893082;3987:44069.46652984431;3682:44076.112068988194;1405:44116.207932037854;1188:44131.97663636613;1406:44172.890398698655;349:44210.421420237086;3571:44303.919222029544;1407:44306.51239385201;1408:44316.63452965646;2220:44342.877211507504;916:44390.69113791758;111:44404.39447981584;1092:44423.78268360031;1093:44449.05577354423;1123:44458.45505933104
0,4,default_vehtype,boarding,True,-1,44458.45505933104,44488.45505933104,44458.45505933104,0.0,1123;-1;-1,1123;-1;-1,0.0,0.9970317543640294,0.9970317543640294,0,,0,162,1,,162,,
0,10,default_vehtype,route,False,-1000,44220,44541.61908249042,44220,0,2306;-1;-1,1405;-1;-1,2041.0007237100003,0.5277139915583939,0.5275098914860228,0.0,,0,,0,,,2306;3824;3593;1890;1889;2305;997;996;995;830;326;327;3564;3566;3567;426;3645;3569;3682;1405,2306:44220;3824:44225.74684978007;3593:44228.04879626423;1890:44235.8938573082;1889:44246.19184924618;2305:44276.882938782874;997:44282.76013023174;996:44296.115247456546;995:44360.31761261943;830:44366.363843781466;326:44387.34568079752;327:44394.67013311199;3564:44430.613965069344;3566:44432.97540230405;3567:44477.42896573395;426:44481.54018581169;3645:44506.709577908005;3569:44522.28786623076;3682:44528.756045661394;1405:44541.61908249042
0,10,default_vehtype,boarding,True,44220,44541.61908249042,44564.10600500048,44541.61908249042,0.0,1405;-1;-1,1405;-1;-1,0.0,0.5275098914860228,0.5275098914860228,0,,0,171,1,171,,,
0,0,default_vehtype,route,False,-1000,44100,44617.75165022346,44100,0,734;-1;-1,717;-1;-1,4794.86076658,0.9906928895347392,0.9902134034580817,0.0,,0,,0,,,734;733;2863;3995;2864;3449;3450;173;3686;3994;180;2657;2700;3945;3594;3576;418;64;2694;3795;417;416;3793;415;1249;1086;1250;541;1251;1566;1768;1189;2025;2048;895;774;775;776;777;778;719;718;717,734:44100;733:44104.26523516651;2863:44114.22502537768;3995:44137.37226147759;2864:44138.84792969057;3449:44140.10922635624;3450:44142.153637691554;173:44161.954441352995;3686:44178.521514859305;3994:44190.36170911426;180:44190.95766002149;2657:44211.77936990315;2700:44213.25976615323;3945:44218.12224654872;3594:44220.338516272896;3576:44229.56437693409;418:44234.58436348059;64:44234.95057942411;2694:44243.76830880109;3795:44247.95874716662;417:44267.15128284466;416:44274.42896564667;3793:44286.93831481436;415:44299.396088736;1249:44306.01287498411;1086:44346.53267016621;1250:44351.940805995255;541:44381.13342280041;1251:44391.44267937474;1566:44396.45088769283;1768:44397.59933868256;1189:44403.93519407568;2025:44409.37702114894;2048:44413.04234769091;895:44422.14766284409;774:44425.55648829836;775:44456.85324926391;776:44463.00429332871;777:44476.430372694456;778:44502.78084280946;719:44510.032364625025;718:44535.850465157535;717:44617.75165022346
0,0,default_vehtype,boarding,True,44100,44617.75165022346,44621.65612782698,44617.75165022346,0.0,717;-1;-1,717;-1;-1,0.0,0.9902134034580817,0.9902134034580817,0.0,,0,169,1,169,,,
0,8,default_vehtype,route,False,-1000,44109.68475345877,44627.54010014331,44109.68475345877,0.0,328;-1;-1,1059;-1;-1,3945.358697420999,0.8023657895998811,0.8019712537301392,0.0,,0,167,1,,,328;3562;3563;3561;3560;4027;2386;3772;3922;832;3400;997;2305;1889;2279;2156;3421;3777;3423;3424;265;3671;264;263;262;2171;518;2193;2192;2123;2358;1494;1495;466;465;1859;1858;3200;3831;3199;1057;3667;1058;3897;3685;683;1059,328:44109.68475345877;3562:44111.37405554477;3563:44112.775836625944;3561:44113.366080550404;3560:44131.24556046166;4027:44146.19733296273;2386:44147.84003009821;3772:44157.595405617765;3922:44208.889138739694;832:44212.14216444889;3400:44227.8427637401;997:44229.7085688735;2305:44233.43500205213;1889:44239.44078320905;2279:44250.59257284726;2156:44264.160280646414;3421:44279.62241962136;3777:44282.04698648068;3423:44285.934427999324;3424:44290.13102238233;265:44293.9588304787;3671:44295.677404122885;264:44316.86367000501;263:44328.3725119841;262:44359.22061377205;2171:44368.856299146035;518:44405.9751694385;2193:44414.46451806538;2192:44416.024779667845;2123:44423.58437369093;2358:44436.40293161653;1494:44443.09326693824;1495:44445.18809007079;466:44479.43248378629;465:44491.430716903466;1859:44502.849375409154;1858:44525.11336668599;3200:44528.55378514427;3831:44529.95485705333;3199:44535.754082310516;1057:44538.87046002375;3667:44553.283948923076;1058:44562.01107377151;3897:44564.52013373415;3685:44605.05957469272;683:44609.15326611;1059:44627.54010014331
0,8,default_vehtype,boarding,True,-1,44627.54010014331,44657.54010014331,44627.54010014331,0.0,1059;-1;-1,1059;-1;-1,0.0,0.8019712537301392,0.8019712537301392,0,,0,167,1,,167,,
0,2,default_vehtype,route,False,-1000,44459.897940910065,44687.466347358815,44459.897940910065,0.0,1263;-1;-1,3562;-1;-1,1031.52726729,0.9992538636132979,0.9991507108865689,0.0,,0,172,1,,,1263;2122;425;3474;3475;3315;3567;3314;328;3562,1263:44459.897940910065;2122:44491.233179806535;425:44521.364541696756;3474:44538.23269998036;3475:44540.59996460243;3315:44564.51136193948;3567:44587.24380649229;3314:44590.189839817;328:44685.92921919608;3562:44687.466347358815
0,6,default_vehtype,route,False,-1000,43974.31347878628,44700.82315726407,43974.31347878628,0.0,3053;-1;-1,3804;-1;-1,4083.8336357229987,0.5710973371147118,0.5706889537511393,0.0,,0,161,1,,,3053;2715;172;3771;428;2716;3314;3567;3315;3475;3477;3476;3313;3115;3666;3150;3926;3204;3203;424;423;422;2688;2906;2867;421;2866;3446;3805;4003;4001;4004;2632;870;3804,3053:43974.31347878628;2715:44041.83181958907;172:44044.667241731375;3771:44048.86304649608;428:44075.03245350709;2716:44078.92739870378;3314:44170.02349538541;3567:44170.78336212665;3315:44184.616667563554;3475:44206.33664517538;3477:44223.30284529671;3476:44236.76761949754;3313:44250.3896540815;3115:44267.610364773536;3666:44269.50180545248;3150:44287.48840112222;3926:44290.55095932264;3204:44302.46430455714;3203:44303.95451464146;424:44313.97271916799;423:44364.88279665627;422:44393.796569369035;2688:44396.2415219025;2906:44556.26608846364;2867:44608.77381249498;421:44611.565160666934;2866:44614.518018435665;3446:44651.79051241252;3805:44658.294729306894;4003:44671.860391163245;4001:44674.62035331486;4004:44676.401725498756;2632:44678.78245463107;870:44696.27450782479;3804:44700.82315726407
0,2,default_vehtype,boarding,True,44400,44687.466347358815,44717.466347358815,44687.466347358815,0.0,3562;-1;-1,3562;-1;-1,0.0,0.9991507108865689,0.9991507108865689,0,,0,172;176,3,176,172,,
0,6,default_vehtype,boarding,True,-1,44700.82315726407,44730.82315726407,44700.82315726407,0.0,3804;-1;-1,3804;-1;-1,0.0,0.5706889537511393,0.5706889537511393,0,,0,161,1,,161,,
0,10,default_vehtype,route,False,-1000,44564.10600500048,44834.72861534659,44564.10600500048,0.0,1405;-1;-1,2208;-1;-1,1454.8656831889998,0.5275098914860228,0.5273644049177038,0.0,,0,171,1,,,1405;3682;3569;3645;426;3568;3314;3567;3566;3565;3563;3562;4026;2208,1405:44564.10600500048;3682:44596.65711958592;3569:44606.61256062373;3645:44622.4565302413;426:44631.9980470772;3568:44634.12053370252;3314:44637.72574171741;3567:44639.435487649964;3566:44701.26835563633;3565:44702.14449763499;3563:44703.8136025692;3562:44704.480478094425;4026:44767.154956609214;2208:44834.72861534659
0,9,default_vehtype,route,False,-1000,44400.0,44861.88168547733,44400.0,0.0,2003;-1;-1,833;-1;-1,3155.1787931100002,0.7257237284884732,0.7254082106091616,0.0,,0,,0,,,2003;2180;2373;1664;3660;2423;1987;2397;2026;2503;2403;1880;2208;4026;2386;3772;3922;832;831;830;326;327;833,2003:44400;2180:44408.85444037315;2373:44429.88896369613;1664:44435.311175209456;3660:44442.13891567257;2423:44486.57210912701;1987:44518.62291448973;2397:44521.85320791905;2026:44546.4172415176;2503:44552.792166343876;2403:44560.90934714309;1880:44576.16191783702;2208:44658.382126744815;4026:44694.03216337467;2386:44696.17999703764;3772:44704.88686470453;3922:44734.88274392107;832:44736.4968250056;831:44777.26447985217;830:44808.70810856063;326:44848.85564364535;327:44852.347501524215;833:44861.88168547733
0,10,default_vehtype,boarding,True,-1,44834.72861534659,44864.72861534659,44834.72861534659,0.0,2208;-1;-1,2208;-1;-1,0.0,0.5273644049177038,0.5273644049177038,0.0,,0,171,1,,171,,
0,4,default_vehtype,route,False,-1000,44488.45505933104,44922.08106389571,44488.45505933104,0.0,1123;-1;-1,2716;-1;-1,1625.2609562900013,0.9970317543640294,0.9968692282684021,0.0,,0,,0,,,1123;1093;1094;1095;1096;618;3864;512;2121;428;2716,1123:44488.45505933104;1093:44495.02580314465;1094:44499.83952992706;1095:44506.79271612389;1096:44523.06077566818;618:44535.88739897115;3864:44547.4307081728;512:44551.60833370799;2121:44604.223903869424;428:44920.18921951088;2716:44922.08106389571
0,4,default_vehtype,boarding,True,44460,44922.08106389571,44929.52492046687,44922.08106389571,0.0,2716;-1;-1,2716;-1;-1,0.0,0.9968692282684021,0.9968692282684021,0.0,,0,178,1,178,,,
0,2,default_vehtype,route,False,-1000,44717.466347358815,44936.788971807306,44717.466347358815,0.0,3562;-1;-1,1408;-1;-1,1554.9461931000003,0.9991507108865689,0.9989952162672592,0.0,,0,176,2,,,3562;328;3314;3567;426;3645;3987;3682;1405;1188;1406;349;3571;1407;1408,3562:44717.466347358815;328:44720.264590236024;3314:44757.50643463671;3567:44759.21618056926;426:44761.04471293908;3645:44785.89655765802;3987:44795.07683029636;3682:44801.43838204824;1405:44814.301418877265;1188:44835.545836974576;1406:44853.0431316359;349:44881.59028320374;3571:44931.73056517819;1407:44933.19487136083;1408:44936.788971807306
0,5,default_vehtype,route,False,-1000,43682.950769433104,44938.77994819726,43682.950769433104,0.0,886;-1;-1,2478;-1;-1,8844.749669018009,0.9945515898109208,0.9936671148440185,0.0,,0,159,1,,,886;982;878;981;980;979;978;977;976;975;3717;3716;974;973;972;3637;3439;3633;2590;3631;2554;3440;3438;3625;2934;2364;1418;3544;2126;2363;3579;3141;1701;1702;3139;1419;3138;628;629;630;631;632;1466;1465;1464;721;3215;2658;3692;3691;3212;1545;3612;2487;3967;2334;2697;3208;2698;3845;3596;2657;180;63;3449;2864;3995;2863;419;331;2633;268;4068;4002;2632;4001;4003;3805;3446;2866;3684;2867;956;1056;1057;3667;1058;2478,886:43682.950769433104;982:43693.55593022732;878:43707.77509358638;981:43722.885549035906;980:43741.67004109448;979:43750.912516877965;978:43757.67446166098;977:43767.393717138606;976:43776.02491027655;975:43778.613494763515;3717:43783.73927544304;3716:43784.72467691167;974:43786.652920773886;973:43787.046400692765;972:43789.063927665055;3637:43790.81041732396;3439:43793.699253832405;3633:43796.28594404448;2590:43804.18247989819;3631:43809.29958235248;2554:43812.027946323455;3440:43813.77684987226;3438:43814.08213064161;3625:43815.77365548814;2934:43833.737668498725;2364:43837.147564494815;1418:43845.969254576215;3544:43850.97736183955;2126:43862.05313014791;2363:43864.855290888314;3579:43883.31803036677;3141:43886.56590802246;1701:43896.00276406755;1702:43913.439565569584;3139:43916.539835752315;1419:43927.82124014427;3138:43930.200215699246;628:43944.42904352804;629:43965.61151122988;630:43980.210337986005;631:44012.913982534;632:44024.07964534431;1466:44042.61136902289;1465:44083.609054825414;1464:44090.109034079665;721:44114.111271825954;3215:44158.68826698734;2658:44180.46230959865;3692:44183.45549027261;3691:44189.639445969166;3212:44197.35884313347;1545:44223.90352745152;3612:44270.97015184811;2487:44341.62861825497;3967:44348.49828343185;2334:44349.87595276341;2697:44353.08505162229;3208:44376.058536689285;2698:44383.10876366492;3845:44411.76978530343;3596:44498.138690874526;2657:44503.41713224082;180:44514.59254518463;63:44517.705263997355;3449:44649.52129024;2864:44651.109398827575;3995:44652.78833806311;2863:44705.643991704404;419:44724.504306053655;331:44737.61077254796;2633:44762.24433155501;268:44765.743328713026;4068:44796.28185514641;4002:44797.50823749524;2632:44798.72511477586;4001:44802.20034271459;4003:44803.47354753244;3805:44832.647866556465;3446:44844.009474313316;2866:44851.32777965432;3684:44853.93812328771;2867:44859.46692581249;956:44890.74854020232;1056:44900.51805690194;1057:44909.03992336231;3667:44923.45341226164;1058:44932.18053711007;2478:44938.77994819726
0,9,default_vehtype,boarding,True,44400,44861.88168547733,44938.278506908246,44861.88168547733,0.0,833;-1;-1,833;-1;-1,0.0,0.7254082106091616,0.7254082106091616,0.0,,0,177,1,177,,,
0,2,default_vehtype,boarding,True,-1,44936.788971807306,44966.788971807306,44936.788971807306,0.0,1408;-1;-1,1408;-1;-1,0.0,0.9989952162672592,0.9989952162672592,0,,0,176,2,,176,,
0,5,default_vehtype,boarding,True,-1,44938.77994819726,44968.77994819726,44938.77994819726,0.0,2478;-1;-1,2478;-1;-1,0.0,0.9936671148440185,0.9936671148440185,0,,0,159,1,,159,,
0,7,default_vehtype,route,False,-1000,44247.567134741636,45013.10757411114,44247.567134741636,0.0,2115;-1;-1,427;-1;-1,4688.4053593200015,0.7654873814567688,0.7650185409208364,0.0,,0,165,1,,,2115;2337;1611;3971;3935;3807;2858;1610;3195;268;4068;4002;2632;4004;3750;3749;3684;2867;2906;2688;2687;3680;2675;3204;3926;3150;3666;3115;3313;3476;3925;425;3474;3475;3315;3567;426;3568;427,2115:44247.567134741636;2337:44257.16836670491;1611:44331.67784343961;3971:44333.54088324397;3935:44382.02335090742;3807:44414.54631079679;2858:44448.500435538524;1610:44497.085286891735;3195:44499.46820482444;268:44514.90637878711;4068:44540.76358359675;4002:44541.989965945584;2632:44543.2068432262;4004:44549.86592188738;3750:44566.28931218764;3749:44580.726725339715;3684:44592.06385747817;2867:44597.59266000295;2906:44604.364946115;2688:44653.33418878869;2687:44688.833470497666;3680:44740.46025568756;2675:44740.98813018738;3204:44742.95385614119;3926:44763.97778076846;3150:44787.66041243846;3666:44817.887407819784;3115:44819.08889086307;3313:44864.454438664296;3476:44900.43809498552;3925:44902.92472652014;425:44915.49173019527;3474:44932.35988847887;3475:44934.72715310094;3315:44958.638550437994;3567:44981.3709949908;426:44983.19952736062;3568:44985.32201398594;427:45013.10757411114
0,0,default_vehtype,route,False,-1000,44621.65612782698,45044.272927829734,44621.65612782698,0.0,717;-1;-1,1765;-1;-1,4130.175617309999,0.9902134034580817,0.9898003858963506,0.0,,0,169,1,,,717;716;3277;3296;3293;647;3274;2528;3295;1327;1287;1326;1111;1325;1324;1323;3161;3162;927;2462;2382;1645;2362;750;2459;1126;2080;2271;113;2470;1592;2432;1979;1765,717:44621.65612782698;716:44634.08999035623;3277:44643.10267839621;3296:44645.38236923248;3293:44646.409660117075;647:44647.14519056011;3274:44656.51516046188;2528:44758.67005155369;3295:44763.103678686275;1327:44763.77121658321;1287:44788.193457321206;1326:44793.336387146606;1111:44801.187854426375;1325:44808.53254260051;1324:44813.5025808193;1323:44817.94982252953;3161:44825.69278093936;3162:44854.59786573063;927:44855.03753422955;2462:44862.1140382946;2382:44869.936614932005;1645:44871.21552524361;2362:44886.45250320512;750:44907.04336221272;2459:44915.39130790894;1126:44940.74537894624;2080:44964.80195198237;2271:44989.67619985034;113:44991.79970996751;2470:45004.14730870178;1592:45019.160438560975;2432:45038.5444800043;1979:45041.2566775846;1765:45044.272927829734
0,8,default_vehtype,route,False,-1000,45000,45060,45000,0,1059;-1;-1,872;3719;0.109,281.5716782825386,0.8019712537301392,0.801943096562311,0.0,,0,,0,,,1059;1937;1051;872,1059:45000;1937:45017.44067053814;1051:45053.17968659782;872:45057.29614003131
0,0,default_vehtype,boarding,True,-1,45044.272927829734,45074.272927829734,45044.272927829734,0.0,1765;-1;-1,1765;-1;-1,0.0,0.9898003858963506,0.9898003858963506,0.0,,0,169,1,,169,,
0,3,default_vehtype,route,False,-1000,44185.965450841075,45070.51030046335,44185.965450841075,0.0,1900;-1;-1,1267;-1;-1,5430.162915513995,0.9977847961488385,0.9972417798572868,0.0,,0,170,2,,,1900;4007;1899;1898;1893;3653;3654;254;2389;2338;730;531;2776;1915;3676;1750;2388;1344;257;1573;302;969;3869;3868;2206;2205;3824;3593;1890;1889;2279;2156;3421;3777;3423;3424;3425;1517;3666;3150;3926;3204;3203;424;535;2000;125;686;237;238;239;240;1179;1267,1900:44185.965450841075;4007:44189.41339392145;1899:44205.54496863266;1898:44219.98337482913;1893:44223.22180134769;3653:44224.89922456367;3654:44233.99412179037;254:44238.00267565003;2389:44252.4665066603;2338:44266.19774118425;730:44287.84716046075;531:44301.438736414595;2776:44304.88629861807;1915:44313.4399938178;3676:44323.550435870995;1750:44331.35098884564;2388:44337.475848235634;1344:44351.42019035776;257:44374.089904074135;1573:44387.17667342884;302:44405.36755348346;969:44424.12823554804;3869:44427.3587775178;3868:44430.54281318202;2206:44435.0652223716;2205:44480.7626583775;3824:44492.07610633331;3593:44494.37805281747;1890:44502.22311386144;1889:44512.52110579942;2279:44523.953860650974;2156:44543.419687483765;3421:44556.69742884107;3777:44562.5521438748;3423:44562.85849968308;3424:44568.94160612831;3425:44712.87405799547;1517:44713.73482170472;3666:44807.22773892662;3150:44836.51380682172;3926:44841.118404203815;3204:44870.4813507367;3203:44872.50112478896;424:44910.453456347444;535:44930.5647573498;2000:44941.0976076204;125:44963.56656289999;686:44991.300379539454;237:45027.602038403376;238:45034.43519078849;239:45042.758919229665;240:45049.73061166003;1179:45060.773805302466;1267:45070.51030046335
0,6,default_vehtype,route,False,-1000,44760.0,45074.48324724571,44760.0,0.0,3804;-1;-1,1363;-1;-1,3093.2592773,0.5706889537511393,0.5703796278234093,0.0,,0,,0,,,3804;870;2632;4002;4067;2633;268;3195;1610;2865;34;3390;82;2905;2627;2624;2622;4042;1363,3804:44760;870:44771.79843184388;2632:44807.89854041691;4002:44809.45836889519;4067:44811.82027612643;2633:44849.58139799464;268:44853.080395152654;3195:44869.15965814895;1610:44869.68089083659;2865:44904.31641972702;34:44954.65712019368;3390:44962.025338165324;82:44994.953127253706;2905:45006.45880541964;2627:45018.19758395584;2624:45040.30640815725;2622:45060.04840242961;4042:45067.23450737179;1363:45074.48324724571
0,3,default_vehtype,boarding,True,-1,45070.51030046335,45100.51030046335,45070.51030046335,0.0,1267;-1;-1,1267;-1;-1,0.0,0.9972417798572868,0.9972417798572868,0,,0,170,2,,170,,
0,4,default_vehtype,route,False,-1000,44929.52492046687,45110.89241454317,44929.52492046687,0.0,2716;-1;-1,350;-1;-1,1386.74169069,0.9968692282684021,0.9967305540993331,0.0,,0,178,1,,,2716;428;427;3568;426;3645;3987;3682;1405;1188;1406;349;350,2716:44929.52492046687;428:44932.49514930758;427:44951.24706957242;3568:44976.36642639965;426:44978.90635413297;3645:45003.75819885191;3987:45012.93847149025;3682:45019.300023242125;1405:45032.16306007115;1188:45053.40747816846;1406:45070.90477282979;349:45099.451924397625;350:45110.89241454317
0,4,default_vehtype,boarding,True,-1,45110.89241454317,45140.89241454317,45110.89241454317,0.0,350;-1;-1,350;-1;-1,0.0,0.9967305540993331,0.9967305540993331,0,,0,178,1,,178,,
0,10,default_vehtype,route,False,-1000,44940.0,45156.268324499746,44940.0,0.0,2208;-1;-1,3477;-1;-1,1431.3840758300005,0.5273644049177038,0.5272212665101206,0.0,,0,,0,,,2208;4026;3562;328;3314;3567;426;3474;425;3477,2208:44940;4026:44975.65003662986;3562:45041.79877723902;328:45044.59702011623;3314:45081.83886451691;3567:45083.54861044946;426:45085.377142819285;3474:45125.40378334579;425:45152.80422425039;3477:45156.268324499746
0,10,default_vehtype,boarding,True,44940,45156.268324499746,45159.44956336527,45156.268324499746,0.0,3477;-1;-1,3477;-1;-1,0.0,0.5272212665101206,0.5272212665101206,0.0,,0,182,1,182,,,
0,8,default_vehtype,route,False,-1000,45060.0,45175.88592386017,45060.0,0.0,872;3719;0.109,734;-1;-1,1059.9104008574616,0.801943096562311,0.8018371055222253,0.0,,0,,0,,,872;3719;273;272;333;2384;2109;733;734,872:45060;3719:45082.2146094302;273:45095.75873187621;272:45100.19487414557;333:45124.215464519075;2384:45131.6627890692;2109:45136.04518598578;733:45158.53594611589;734:45175.88592386017
0,3,default_vehtype,route,False,-1000,45100.51030046335,45175.88592386017,45100.51030046335,0.0,1267;-1;-1,1257;1256;0.945,350.1675984960499,0.9972417798572868,0.9972067630974372,0.0,,0,,0,,,1267;1179;1259;1258;1257,1267:45100.51030046335;1179:45106.11984421882;1259:45112.35858683139;1258:45126.492944481106;1257:45132.53000766267
0,8,default_vehtype,boarding,True,45060,45175.88592386017,45180.528972908716,45175.88592386017,0.0,734;-1;-1,734;-1;-1,0.0,0.8018371055222253,0.8018371055222253,0,,0,187,1,187,,,
0,5,default_vehtype,route,False,-1000,45000,45240.808044031946,45000,0,2478;-1;-1,4003;-1;-1,931.61065684,0.9936671148440185,0.9935739537783344,0.0,,0,,0,,,2478;1058;3667;1057;1056;956;3899;3684;3749;3446;3805;4003,2478:45000;1058:45062.06162331583;3667:45079.059486031176;1057:45098.40256983918;1056:45110.19017377148;956:45116.572252661404;3899:45119.08619453706;3684:45134.25083143615;3749:45176.17033563766;3446:45181.018321289994;3805:45232.12017533347;4003:45240.808044031946
0,5,default_vehtype,boarding,True,45000,45240.808044031946,45256.23735270823,45240.808044031946,0.0,4003;-1;-1,4003;-1;-1,0.0,0.9935739537783344,0.9935739537783344,0,,0,184,1,184,,,
0,6,default_vehtype,boarding,True,44760,45074.48324724571,45259.3654281096,45074.48324724571,0.0,1363;-1;-1,1363;-1;-1,0.0,0.5703796278234093,0.5703796278234093,0,,0,181,1,181,,,
0,7,default_vehtype,boarding,True,44400,45013.10757411114,45273.6486107957,45013.10757411114,0.0,427;-1;-1,427;-1;-1,0.0,0.7650185409208364,0.7650185409208364,0,,0,165;175,3,175,165,,
0,4,default_vehtype,route,False,-1000,45140.89241454317,45303.31786700329,45140.89241454317,0.0,350;-1;-1,3475;-1;-1,1186.91690082,0.9967305540993331,0.996611862409251,0.0,,0,,0,,,350;349;1406;1188;1405;3682;3569;3645;426;3474;3475,350:45140.89241454317;349:45151.178521402755;1406:45186.982679512;1188:45203.51226213761;1405:45208.15584622042;3682:45233.11099106951;3569:45243.068343445884;3645:45252.86169009152;426:45275.357409112155;3474:45300.36533213898;3475:45303.31786700329
0,4,default_vehtype,boarding,True,45060,45303.31786700329,45308.83095738117,45303.31786700329,0.0,3475;-1;-1,3475;-1;-1,0.0,0.996611862409251,0.996611862409251,0.0,,0,188,1,188,,,
0,0,default_vehtype,route,False,-1000,45074.272927829734,45413.44068886476,45074.272927829734,0.0,1765;-1;-1,3346;-1;-1,3170.32137083,0.9898003858963506,0.9894833537592679,0.0,,0,,0,,,1765;1979;2432;1592;1593;1285;1594;1220;1595;1596;1597;3368;1658;1709;187;1835;701;494;1681;1958;1989;562;3451;3229;1447;2958;3453;2788;2791;2794;2795;1182;1978;3346,1765:45074.272927829734;1979:45078.90168224771;2432:45083.71384570647;1592:45106.608990679895;1593:45122.54961456321;1285:45135.737794681205;1594:45147.76273571664;1220:45152.78071180744;1595:45157.971311403046;1596:45163.3892820993;1597:45195.12335219524;3368:45203.23325305043;1658:45224.892274825776;1709:45242.83488817586;187:45254.553649614485;1835:45270.17216805781;701:45278.62330530224;494:45288.92681361391;1681:45294.766239429606;1958:45316.26176783484;1989:45328.158692802586;562:45341.99900446119;3451:45343.677536461146;3229:45344.98732302339;1447:45349.81173072363;2958:45354.71561617577;3453:45356.16207966491;2788:45361.01672537644;2791:45363.328826752215;2794:45369.23642323186;2795:45377.582675735845;1182:45384.19795522345;1978:45402.60762130973;3346:45413.44068886476
0,9,default_vehtype,route,False,-1000,44938.278506908246,45422.52226093399,44938.278506908246,0.0,833;-1;-1,1670;-1;-1,2741.2511213490016,0.7254082106091616,0.7251340854970262,0.0,,0,177,1,,,833;327;3564;3566;3565;3563;3562;328;3314;2716;2715;172;2596;429;2312;2058;1994;603;1670,833:44938.278506908246;327:44965.75314638038;3564:44993.24381595893;3566:44996.03512045474;3565:44996.911262453395;3563:44998.58036738761;3562:44999.24724291283;328:45002.04548579004;3314:45039.287330190724;2716:45087.17204101057;2715:45125.079132486244;172:45129.024005013096;2596:45153.58872138703;429:45174.39328282456;2312:45246.939300392725;2058:45298.232130395554;1994:45305.573100578775;603:45317.69562983056;1670:45422.52226093399
0,9,default_vehtype,boarding,True,-1,45422.52226093399,45452.52226093399,45422.52226093399,0.0,1670;-1;-1,1670;-1;-1,0.0,0.7251340854970262,0.7251340854970262,0,,0,177,1,,177,,
0,1,default_vehtype,route,False,-1000,43800.10739718292,45486.81234636595,43800.10739718292,0.0,1587;-1;-1,420;-1;-1,8609.420671890013,0.994809484728981,0.9939485426617934,0.0,,0,168,1,,,1587;453;1668;142;3573;3574;3551;3316;3657;2761;3144;3301;2537;3123;10;13;107;84;1480;1481;2676;3780;2677;3102;3108;2678;3111;334;3351;134;2583;2635;3335;3389;2627;2905;2653;81;3388;34;2865;2039;3193;421;2866;3684;3749;3750;4004;4001;4003;420,1587:43800.10739718292;453:43808.84405706607;1668:43828.39793540281;142:43838.88461209399;3573:43840.89325536007;3574:43844.063211803405;3551:43847.88971945942;3316:43853.46544398062;3657:43854.76333636473;2761:43863.58428433637;3144:43873.192552142034;3301:43877.01552730879;2537:43877.5727357141;3123:43884.47338028642;10:43919.387457349185;13:43920.966954209136;107:44042.9085700875;84:44051.79058080026;1480:44090.781307525096;1481:44218.774288424545;2676:44305.06545138213;3780:44326.27386486939;2677:44354.679350640654;3102:44357.7555104782;3108:44465.109844674946;2678:44535.92270468185;3111:44837.23909028334;334:44839.119086770515;3351:44840.17313550261;134:44889.64712989191;2583:44896.06538682172;2635:44965.55353321886;3335:45138.82811551284;3389:45156.9344133592;2627:45188.80401597959;2905:45224.83824886471;2653:45225.626707188065;81:45242.34984812341;3388:45272.84974277756;34:45289.31588427068;2865:45381.708967889266;2039:45385.68824743301;3193:45388.27801471973;421:45405.65334279858;2866:45408.19891594439;3684:45410.80780632187;3749:45452.72731052338;3750:45463.1572335955;4004:45476.36703547499;4001:45483.16233740142;4003:45485.464090822476;420:45486.81234636595
0,7,default_vehtype,route,False,-1000,45273.6486107957,45490.676010724106,45273.6486107957,0.0,427;-1;-1,1408;-1;-1,1600.8249810299997,0.7650185409208364,0.7648584584227336,0.0,,0,175,2,,,427;3568;426;3645;3569;3682;1405;1188;1406;2221;258;2175;350;1214;2302;2220;1408,427:45273.6486107957;3568:45298.74822672457;426:45299.90218037133;3645:45329.12619397951;3569:45341.586874991124;3682:45347.62296705644;1405:45357.16842761473;1188:45370.20855983373;1406:45393.32074952422;2221:45402.21112212175;258:45426.97956686351;2175:45446.38674668947;350:45458.06126748744;1214:45460.67867101532;2302:45468.29438971873;2220:45484.719084946686;1408:45490.676010724106
0,8,default_vehtype,route,False,-1000,45180.528972908716,45503.96798369001,45180.528972908716,0.0,734;-1;-1,1611;-1;-1,1619.0879369100003,0.8018371055222253,0.8016751967285345,0.0,,0,187,1,,,734;419;331;2633;268;3195;1610;2858;3807;3935;1611,734:45180.528972908716;419:45221.48332613046;331:45245.592610339525;2633:45251.53510633338;268:45257.01498258874;3195:45314.430916072786;1610:45316.40429661944;2858:45401.10232669845;3807:45436.07997744825;3935:45482.66381784079;1611:45503.96798369001
0,0,default_vehtype,boarding,True,45060,45413.44068886476,45515.31090653227,45413.44068886476,0.0,3346;-1;-1,3346;-1;-1,0.0,0.9894833537592679,0.9894833537592679,0,,0,186,1,186,,,
0,1,default_vehtype,boarding,True,-1,45486.81234636595,45516.81234636595,45486.81234636595,0.0,420;-1;-1,420;-1;-1,0.0,0.9939485426617934,0.9939485426617934,0,,0,168,1,,168,,
0,7,default_vehtype,boarding,True,-1,45490.676010724106,45520.676010724106,45490.676010724106,0.0,1408;-1;-1,1408;-1;-1,0.0,0.7648584584227336,0.7648584584227336,0,,0,175,2,,175,,
0,8,default_vehtype,boarding,True,-1,45503.96798369001,45533.96798369001,45503.96798369001,0.0,1611;-1;-1,1611;-1;-1,0.0,0.8016751967285345,0.8016751967285345,0,,0,187,1,,187,,
0,3,default_vehtype,route,False,-1000,45180,45603.760760442514,45180,0,1257;1256;0.945,2316;-1;-1,3389.8469632369506,0.9972067630974372,0.996867778401113,0.0,,0,,0,,,1257;1256;1875;124;125;2000;535;424;3203;3680;2675;3150;3926;2670;338;3115;3427;3426;3425;1517;3672;265;3424;3422;3420;3419;3418;3791;3696;1519;2245;2316,1257:45180;1256:45182.77650599792;1875:45195.706566142275;124:45211.75572160741;125:45226.640299343686;2000:45231.725352364585;535:45252.392995416;424:45268.6349497315;3203:45287.67652949144;3680:45289.294434434116;2675:45290.88694718028;3150:45312.571503600986;3926:45326.7489212784;2670:45340.72911038122;338:45341.83410212465;3115:45346.1570699637;3427:45371.2326905364;3426:45415.174957290255;3425:45428.08645648087;1517:45429.73058994562;3672:45478.50295907118;265:45484.128151560704;3424:45488.182437962496;3422:45489.750430023;3420:45505.56763895366;3419:45520.99651316859;3418:45548.31213333149;3791:45549.78978707658;3696:45558.021477892056;1519:45562.19285565397;2245:45602.65654989161;2316:45603.760760442514
0,0,default_vehtype,route,False,-1000,45515.31090653227,45617.55293387021,45515.31090653227,0.0,3346;-1;-1,2091;-1;-1,627.4204004000001,0.9894833537592679,0.9894206117192278,0.0,,0,186,1,,,3346;1978;1182;2795;2793;563;2091,3346:45515.31090653227;1978:45523.8632506772;1182:45528.296688753035;2795:45543.91933217038;2793:45545.100025135056;563:45608.4956351726;2091:45617.55293387021
0,0,default_vehtype,boarding,True,-1,45617.55293387021,45647.55293387021,45617.55293387021,0.0,2091;-1;-1,2091;-1;-1,0.0,0.9894206117192278,0.9894206117192278,0,,0,186,1,,186,,
0,10,default_vehtype,route,False,-1000,45159.44956336527,45688.32544012196,45159.44956336527,0.0,3477;-1;-1,1336;-1;-1,3571.3843448000016,0.5272212665101206,0.5268641280756416,0.0,,0,182,1,,,3477;425;3474;426;3567;3566;3565;3563;3561;3560;4027;2386;4026;2208;1880;2403;2503;2345;358;2372;2497;2203;2223;1717;2179;1336,3477:45159.44956336527;425:45161.90156492229;3474:45175.38657999154;426:45189.514768908164;3567:45192.38041621052;3566:45271.98721609513;3565:45273.05486081074;3563:45275.60075006323;3561:45276.56008116594;3560:45338.88531434388;4027:45352.39929668506;2386:45357.63279527972;4026:45359.280585290784;2208:45377.09217279633;1880:45436.88249486692;2403:45473.94196467799;2503:45529.593678432255;2345:45536.61403603967;358:45556.93771308573;2372:45565.023384782886;2497:45577.3206035016;2203:45616.05398657875;2223:45642.46038401778;1717:45662.11650706487;2179:45667.48102620654;1336:45688.32544012196
0,10,default_vehtype,boarding,True,-1,45688.32544012196,45718.32544012196,45688.32544012196,0.0,1336;-1;-1,1336;-1;-1,0.0,0.5268641280756416,0.5268641280756416,0,,0,182,1,,182,,
0,7,default_vehtype,route,False,-1000,45520.676010724106,45728.97057201311,45520.676010724106,0.0,1408;-1;-1,2347;-1;-1,1938.61323607,0.7648584584227336,0.7646645970991267,0.0,,0,,0,,,1408;1407;3572;1262;1570;1492;335;2582;2671;336;2252;2347,1408:45520.676010724106;1407:45534.23411640826;3572:45550.967963880714;1262:45575.964380531295;1570:45609.496060196245;1492:45628.20091672742;335:45655.91095613282;2582:45658.676472483436;2671:45689.92330992797;336:45692.65188766109;2252:45697.60444540992;2347:45728.97057201311
0,9,default_vehtype,route,False,-1000,45452.52226093399,45728.97057201311,45452.52226093399,0.0,1670;-1;-1,3054;2715;0.742,1145.005530080654,0.7251340854970262,0.7250195849440182,0.0,,0,,0,,,1670;603;1994;2058;2312;429;3112;3054,1670:45452.52226093399;603:45562.22612325599;1994:45573.358620051884;2058:45579.84525220139;2312:45637.882505337526;429:45684.111241763916;3112:45684.58719317012;3054:45708.713467944166
0,7,default_vehtype,boarding,True,45300,45728.97057201311,45776.28563966365,45728.97057201311,0.0,2347;-1;-1,2347;-1;-1,0.0,0.7646645970991267,0.7646645970991267,0,,0,193,1,193,,,
0,3,default_vehtype,boarding,True,45180,45603.760760442514,45793.97587175206,45603.760760442514,0.0,2316;-1;-1,2316;-1;-1,0.0,0.996867778401113,0.996867778401113,0,,0,192,1,192,,,
0,2,default_vehtype,route,False,-1000,45060,45845.681066659345,45060,0,1408;-1;-1,1533;-1;-1,3783.0677763900003,0.9989952162672592,0.998616909489621,0.0,,0,,0,,,1408;1407;3572;1262;1570;1492;3762;2252;2347;3973;337;338;2670;3666;1517;3672;265;3424;3422;3420;3419;213;1531;600;1532;1533,1408:45060;1407:45067.84989912883;3572:45103.543373390305;1262:45129.922020396196;1570:45163.453700061145;1492:45182.15855659232;3762:45237.33317977108;2252:45258.34940973339;2347:45285.01399416287;3973:45425.40347205082;337:45427.028144994205;338:45459.145058534894;2670:45464.898999746874;3666:45467.84809788277;1517:45618.258088075345;3672:45667.030457200904;265:45672.65564969043;3424:45676.70993609222;3422:45678.277928152726;3420:45694.09513708339;3419:45709.524011298316;213:45779.58247600424;1531:45800.325227524154;600:45827.81227667155;1532:45837.70491028627;1533:45845.681066659345
0,2,default_vehtype,boarding,True,45060,45845.681066659345,45858.82906871865,45845.681066659345,0.0,1533;-1;-1,1533;-1;-1,0.0,0.998616909489621,0.998616909489621,0.0,,0,185,1,185,,,
0,11,default_vehtype,route,False,-1000,44301.57839265793,45857.78014722015,44301.57839265793,0.0,789;-1;-1,1815;-1;-1,9474.983069163003,0.8148003483170149,0.8138528500100981,0.0,,0,166,1,,,789;788;1580;1290;1291;2128;1112;1724;714;715;3287;3293;3296;3277;716;717;718;719;778;777;1578;548;1579;1851;1331;1219;2349;1568;1011;1567;1566;1251;2333;1198;1872;2178;2824;3646;504;2697;3208;2698;3845;2656;2701;197;198;199;3448;2864;3995;2863;3119;268;4068;4002;2632;4004;3750;3749;3684;2867;2906;2688;2687;3680;2675;3204;3926;3150;3666;1517;1815,789:44301.57839265793;788:44307.11773971986;1580:44314.5143153342;1290:44325.67872541723;1291:44328.994626431;2128:44346.17714723941;1112:44351.778636756775;1724:44359.2371534172;714:44363.868578870235;715:44375.78775299805;3287:44397.32405754763;3293:44402.19983573533;3296:44406.06155060004;3277:44410.35026948962;716:44426.941115193404;717:44435.08053966459;718:44503.32842347668;719:44526.699794174405;778:44536.623373188704;777:44571.98395227059;1578:44578.81163645928;548:44587.6291701975;1579:44598.52659484583;1851:44611.623388634;1331:44629.18496708357;1219:44633.42281820611;2349:44652.86011187175;1568:44677.35490221738;1011:44688.21334545574;1567:44694.00627782281;1566:44712.88450748629;1251:44718.037082852396;2333:44749.37959546066;1198:44757.20979947758;1872:44764.158301841235;2178:44776.72024697935;2824:44817.42659319438;3646:44821.193859644605;504:44822.33313689207;2697:44827.07960649624;3208:44848.800402956644;2698:44863.52418594332;3845:45018.53112129805;2656:45041.9156028358;2701:45049.00834167288;197:45052.39231135227;198:45055.05692195234;199:45157.86659539975;3448:45162.91747084013;2864:45177.412216732606;3995:45180.0547032795;2863:45200.182238785805;3119:45201.49793092194;268:45264.333089669875;4068:45356.66905595176;4002:45359.12321910622;2632:45362.15709341023;4004:45367.26303452391;3750:45396.43925789504;3749:45417.58302766689;3684:45422.687301695674;2867:45423.908348695426;2906:45432.90438021676;2688:45532.677358384935;2687:45632.55165166378;3680:45659.20970902447;2675:45660.80222177064;3204:45664.1312481629;3926:45720.2887967998;3150:45729.49035879884;3666:45759.40798104932;1517:45841.77421381317;1815:45857.78014722015
0,8,default_vehtype,route,False,-1000,45533.96798369001,45863.3145033455,45533.96798369001,0.0,1611;-1;-1,3450;-1;-1,1546.1636871069998,0.8016751967285345,0.8015205803598238,0.0,,0,,0,,,1611;3971;3935;3807;2858;1610;3195;268;2633;331;419;2863;3119;3450,1611:45533.96798369001;3971:45534.75121342359;3935:45558.48291095564;3807:45677.855032719104;2858:45699.13442738272;1610:45739.848074811474;3195:45741.990978853944;268:45757.96129788432;2633:45761.18327272831;331:45773.29442580404;419:45814.78647030139;2863:45824.29169620806;3119:45835.133220024996;3450:45863.3145033455
0,11,default_vehtype,boarding,True,-1,45857.78014722015,45887.78014722015,45857.78014722015,0.0,1815;-1;-1,1815;-1;-1,0.0,0.8138528500100981,0.8138528500100981,0,,0,166,1,,166,,
0,8,default_vehtype,boarding,True,45000,45863.3145033455,45894.13768868366,45863.3145033455,0.0,3450;-1;-1,3450;-1;-1,0.0,0.8015205803598238,0.8015205803598238,0,,0,183,1,183,,,
0,6,default_vehtype,route,False,-1000,45259.3654281096,45944.39709892054,45259.3654281096,0.0,1363;-1;-1,2596;-1;-1,5408.3865953930035,0.5703796278234093,0.5698387891638702,0.0,,0,181,1,,,1363;4042;2622;2624;2625;2653;81;3388;34;2865;3194;3193;421;422;2688;614;764;2300;2485;2191;2687;3680;2675;3150;3926;2670;338;3665;3925;425;3474;426;3567;3314;2716;2715;172;2596,1363:45259.3654281096;4042:45260.23839363254;2622:45270.57842666815;2624:45290.00152155365;2625:45291.53771062223;2653:45325.85427758333;81:45342.577418518675;3388:45373.07731317282;34:45389.543454665945;2865:45481.93653828453;3194:45483.26715466451;3193:45487.55037962328;421:45504.925707702125;422:45551.35613036277;2688:45553.43994740833;614:45577.37997630132;764:45592.10379746041;2300:45597.76154949449;2485:45604.125708795815;2191:45609.523508706494;2687:45614.12371043328;3680:45640.781767793975;2675:45642.37428054014;3150:45664.058836960845;3926:45678.23625463826;2670:45692.216443741076;338:45693.32143548451;3665:45718.32893378478;3925:45751.073874299145;425:45761.043758421445;3474:45769.26475590121;426:45842.11642875467;3567:45843.1761985702;3314:45844.85605951781;2716:45878.18476282805;2715:45932.78344124466;172:45935.36611768511;2596:45944.39709892054
0,6,default_vehtype,boarding,True,-1,45944.39709892054,45974.39709892054,45944.39709892054,0.0,2596;-1;-1,2596;-1;-1,0.0,0.5698387891638702,0.5698387891638702,0,,0,181,1,,181,,
0,4,default_vehtype,route,False,-1000,45308.83095738117,46025.43730188569,45308.83095738117,0.0,3475;-1;-1,319;-1;-1,4062.320028799999,0.996611862409251,0.996205630406372,0.0,,0,188,1,,,3475;3474;426;3567;3566;3565;3563;3561;3560;4027;2386;4026;2208;1880;2403;2503;2026;2397;1987;2423;3660;1664;2373;2180;1429;1430;1431;1467;318;319,3475:45308.83095738117;3474:45315.12663528099;426:45329.25482419762;3567:45332.12047149998;3566:45411.72727138458;3565:45412.794916100196;3563:45415.34080535269;3561:45416.30013645539;3560:45478.62536963334;4027:45492.13935197451;2386:45497.372850569176;4026:45499.02064058024;2208:45516.83222808578;1880:45576.622550156375;2403:45613.68201996745;2503:45669.33373372171;2026:45673.95029271662;2397:45691.0497853486;1987:45697.78830383519;2423:45705.07955895132;3660:45774.495489009394;1664:45775.457823731456;2373:45791.842201489424;2180:45856.07691994232;1429:45879.63552542176;1430:45904.537654707005;1431:45912.72376349208;1467:45939.753942654475;318:45987.629959959995;319:46025.43730188569
0,4,default_vehtype,boarding,True,-1,46025.43730188569,46055.43730188569,46025.43730188569,0.0,319;-1;-1,319;-1;-1,0.0,0.996205630406372,0.996205630406372,0,,0,188,1,,188,,
0,9,default_vehtype,route,False,-1000,45960.0,46136.231681276775,45960.0,0.0,3054;2715;0.742,3562;-1;-1,1134.005847688346,0.7250195849440182,0.7249061843592497,0.0,,0,,0,,,3054;2715;172;3771;428;427;3568;426;3567;3566;3565;3563;3562,3054:45960;2715:45963.81164270887;172:45966.394319149316;3771:45968.57682345235;428:45989.25718040699;427:46014.22486193977;3568:46054.97209006728;426:46056.28617073486;3567:46057.34594055039;3566:46131.41595821416;3565:46132.10879737498;3563:46134.85090170017;3562:46136.231681276775
0,9,default_vehtype,boarding,True,45960,46136.231681276775,46139.21786517826,46136.231681276775,0.0,3562;-1;-1,3562;-1;-1,0.0,0.7249061843592497,0.7249061843592497,0.0,,0,198,1,198,,,
0,1,default_vehtype,route,False,-1000,45600,46202.18406141844,45600,0,420;-1;-1,1531;-1;-1,3740.0436589999995,0.9939485426617934,0.9935745382958937,0.0,,0,,0,,,420;4003;3805;3446;3749;3684;2867;421;422;2688;614;764;2300;2485;2191;2133;3675;1815;264;3671;265;3424;3422;3420;2158;2280;1890;3593;2306;212;213;1531,420:45600;4003:45604.0936415161;3805:45619.701169893124;3446:45635.648631958946;3749:45640.986525684224;3684:45646.090799713005;2867:45647.31184671276;421:45649.96675073747;422:45696.397173398116;2688:45698.48099044368;614:45723.823582927456;764:45732.61024203311;2300:45758.20357480879;2485:45764.32409030999;2191:45769.351345318995;2133:45800.694178093014;3675:45824.567483280916;1815:45881.453564746414;264:45931.83453507133;3671:45975.51020980509;265:45979.64176052154;3424:45999.65961867136;3422:46002.05504024983;3420:46083.14246651265;2158:46096.6828399733;2280:46104.427089467106;1890:46107.58286773979;3593:46127.8626012554;2306:46132.43702014875;212:46173.20079871567;213:46181.441309898524;1531:46202.18406141844
0,7,default_vehtype,route,False,-1000,45776.28563966365,46235.67870251766,45776.28563966365,0.0,2347;-1;-1,1610;-1;-1,4088.8452008200006,0.7646645970991267,0.7642557125790452,0.0,,0,193,1,,,2347;2252;336;2671;2582;2638;33;2578;183;2039;2865;1610,2347:45776.28563966365;2252:45799.812928051695;336:45823.006826017445;2671:45835.270572726324;2582:45874.01633921342;2638:45925.452328008396;33:45959.14690289522;2578:46025.31988486958;183:46074.66246578722;2039:46139.12726956919;2865:46141.350015318276;1610:46235.67870251766
0,7,default_vehtype,boarding,True,-1,46235.67870251766,46265.67870251766,46235.67870251766,0.0,1610;-1;-1,1610;-1;-1,0.0,0.7642557125790452,0.7642557125790452,0,,0,193,1,,193,,
0,11,default_vehtype,route,False,-1000,45887.78014722015,46326.64265854888,45887.78014722015,0.0,1815;-1;-1,2636;-1;-1,1654.0605916599984,0.8138528500100981,0.8136874439509312,0.0,,0,,0,,,1815;1517;3425;3426;3427;3115;338;337;3974;336;2671;2582;2636,1815:45887.78014722015;1517:45974.19083326927;3425:45976.32623745074;3426:45994.915653880365;3427:46003.32028125892;3115:46034.282375508286;338:46035.90419009708;337:46060.493727138004;3974:46062.424264758134;336:46083.54882982491;2671:46095.81257653379;2582:46134.558343020886;2636:46326.64265854888
0,6,default_vehtype,route,False,-1000,45974.39709892054,46326.64265854888,45974.39709892054,0.0,2596;-1;-1,2582;2636;0.318,2494.3667861717145,0.5698387891638702,0.569589352485253,0.0,,0,,0,,,2596;3054;2715;172;3771;428;427;3568;426;3474;425;3925;3665;2347;2252;336;2671;2582,2596:45974.39709892054;3054:45976.74875454192;2715:45991.54786499827;172:45994.13054143872;3771:45996.31304574175;428:46016.99340269639;427:46041.96108422917;3568:46082.70831235668;426:46084.02239302426;3474:46125.84100829301;425:46137.805396216645;3925:46151.88057203957;3665:46175.573059520575;2347:46188.149904452635;2252:46211.67719284068;336:46234.87109080643;2671:46247.13483751531;2582:46285.88060400241
0,11,default_vehtype,boarding,True,45360,46326.64265854888,46347.86640041105,46326.64265854888,0.0,2636;-1;-1,2636;-1;-1,0.0,0.8136874439509312,0.8136874439509312,0,,0,194,1,194,,,
0,1,default_vehtype,boarding,True,45600,46202.18406141844,46351.0865832955,46202.18406141844,0.0,1531;-1;-1,1531;-1;-1,0.0,0.9935745382958937,0.9935745382958937,0,,0,197,1,197,,,
0,2,default_vehtype,route,False,-1000,45858.82906871865,46390.99469112923,45858.82906871865,0.0,1533;-1;-1,4068;-1;-1,3825.3720572899983,0.998616909489621,0.9982343722838926,0.0,,0,185,1,,,1533;674;3417;673;1519;3696;3790;3418;3419;214;1518;265;3672;1517;1815;3675;2133;2191;2485;2300;764;614;2688;2906;2867;421;2866;3684;3749;3750;4004;2632;4002;420;4068,1533:45858.82906871865;674:45875.99141231546;3417:45885.950356119276;673:45888.40474285425;1519:45902.159998219926;3696:45904.571469565984;3790:45907.08563298747;3418:45919.87366634446;3419:45951.049915947;214:45956.29709394152;1518:46003.22043983623;265:46011.78867681396;3672:46019.3267487146;1517:46065.78669187754;1815:46081.79262528452;3675:46140.570753228676;2133:46164.48485272705;2191:46176.30477635987;2485:46195.10319871465;2300:46207.212468660735;764:46211.99587499385;614:46219.088690021665;2688:46234.47713592902;2906:46307.57291150137;2867:46320.177682285874;421:46321.76018252568;2866:46324.272656029374;3684:46327.23371377358;3749:46351.175357210894;3750:46358.30443908788;4004:46385.0064417246;2632:46387.059329793745;4002:46388.37772155705;420:46389.10738094869;4068:46390.99469112923
0,2,default_vehtype,boarding,True,-1,46390.99469112923,46420.99469112923,46390.99469112923,0.0,4068;-1;-1,4068;-1;-1,0.0,0.9982343722838926,0.9982343722838926,0,,0,185,1,,185,,
0,3,default_vehtype,route,False,-1000,45793.97587175206,46521.36291598102,45793.97587175206,0.0,2316;-1;-1,1611;-1;-1,4951.958362726995,0.996867778401113,0.9963725825648415,0.0,,0,192,1,,,2316;2245;1519;3696;3790;3418;3419;214;1518;265;3672;1517;1815;3675;2133;2191;2485;2300;764;614;2688;2906;2867;421;2866;3684;3749;3750;4004;2632;4002;420;4068;268;3195;1610;2858;3807;3935;3971;1611,2316:45793.97587175206;2245:45798.74844735082;1519:45829.43599859843;3696:45831.847469944485;3790:45834.361633365974;3418:45847.14966672296;3419:45878.3259163255;214:45883.57309432002;1518:45930.49644021473;265:45939.06467719246;3672:45946.6027490931;1517:45993.06269225604;1815:46009.06862566302;3675:46067.84675360718;2133:46091.76085310555;2191:46103.580776738374;2485:46122.37919909315;2300:46134.488469039235;764:46139.27187537235;614:46146.364690400165;2688:46161.75313630752;2906:46234.84891187987;2867:46247.59565936523;421:46252.09104957614;2866:46253.03753244919;3684:46254.98208990598;3749:46278.974665479065;3750:46296.49556899376;4004:46305.265649877096;2632:46306.98418071387;4002:46308.45047752968;420:46308.872664422925;4068:46310.35731353737;268:46350.75415135042;3195:46377.008648447365;1610:46378.10670872379;2858:46472.2675403122;3807:46488.872123368776;3935:46499.369085804356;3971:46519.37497042004;1611:46521.36291598102
0,3,default_vehtype,boarding,True,-1,46521.36291598102,46551.36291598102,46521.36291598102,0.0,1611;-1;-1,1611;-1;-1,0.0,0.9963725825648415,0.9963725825648415,0.0,,0,192,1,,192,,
0,8,default_vehtype,route,False,-1000,45894.13768868366,46553.81786744696,45894.13768868366,0.0,3450;-1;-1,427;-1;-1,3959.477952001001,0.8015205803598238,0.801124632564624,0.0,,0,183,1,,,3450;2864;3995;2863;419;331;2633;268;4068;420;4001;2632;4004;3750;3749;3684;2867;421;422;2688;2687;3680;2675;3150;3666;3115;338;3665;3313;3476;3477;3475;3315;3567;3314;3568;427,3450:45894.13768868366;2864:45895.793598019205;3995:45897.946397831576;2863:45923.10641039388;419:45936.54252658267;331:45944.70339370618;2633:45956.60847240174;268:45958.689285849134;4068:46006.5086007029;420:46007.24517824923;4001:46008.156783812316;2632:46009.73264570177;4004:46011.09117025842;3750:46023.166557898025;3749:46034.36598000941;3684:46048.28683304827;2867:46049.592828200024;421:46054.088218410936;422:46142.352003438915;2688:46145.1244804289;2687:46206.70780321045;3680:46229.81148368425;2675:46231.184635892605;3150:46258.02178458077;3666:46287.939406831254;3115:46289.87037501972;338:46291.49218960851;3665:46316.934067317496;3313:46320.93825921351;3476:46366.44275186446;3477:46375.683314149486;3475:46404.08924289753;3315:46418.349123695705;3567:46454.95304417756;3314:46456.642161521326;3568:46460.15019065674;427:46553.81786744696
0,1,default_vehtype,route,False,-1000,46351.0865832955,46580.69335081241,46351.0865832955,0.0,1531;-1;-1,3562;-1;-1,1522.1253039090002,0.9935745382958937,0.993422325765503,0.0,,0,197,1,,,1531;213;212;2306;3824;2205;2305;997;3400;832;831;830;326;327;3564;3566;3565;328;3562,1531:46351.0865832955;213:46385.850495181316;212:46421.090499203354;2306:46439.80272114536;3824:46441.31953139217;2205:46461.65590965321;2305:46481.397423400784;997:46491.71963420171;3400:46494.021658326164;832:46496.44347879479;831:46511.60706932584;830:46519.29976839311;326:46533.988870088455;327:46544.44068749385;3564:46572.7253819728;3566:46575.69605639857;3565:46576.482608508864;328:46577.81601075004;3562:46580.69335081241
0,8,default_vehtype,boarding,True,-1,46553.81786744696,46583.81786744696,46553.81786744696,0.0,427;-1;-1,427;-1;-1,0.0,0.801124632564624,0.801124632564624,0.0,,0,183,1,,183,,
0,1,default_vehtype,boarding,True,-1,46580.69335081241,46610.69335081241,46580.69335081241,0.0,3562;-1;-1,3562;-1;-1,0.0,0.993422325765503,0.993422325765503,0,,0,197,1,,197,,
0,8,default_vehtype,route,False,-1000,46583.81786744696,46663.614459800534,46583.81786744696,0.0,427;-1;-1,598;-1;-1,444.63830312,0.801124632564624,0.801080168734312,0.0,,0,,0,,,427;3568;426;3567;3315;598,427:46583.81786744696;3568:46620.55790824861;426:46622.79940375964;3567:46623.98848118358;3315:46646.342240282276;598:46663.614459800534
0,0,default_vehtype,route,False,-1000,46080,46677.47657535259,46080,0,2091;-1;-1,688;-1;-1,5424.187259700003,0.9894206117192278,0.9888781929932571,0.0,,0,,0,,,2091;563;2793;2795;2799;2802;4047;2803;3866;3360;2805;3127;2808;94;2810;2815;2813;3634;3439;3633;2590;3631;2554;3440;3632;2552;2553;3626;2551;2548;2549;2547;2361;3479;1178;1938;1961;1101;1962;2488;3609;1382;243;242;688,2091:46080;563:46089.257574213894;2793:46091.41117287932;2795:46094.00866630859;2799:46137.8145801126;2802:46144.891975138766;4047:46159.24172052683;2803:46160.60286788279;3866:46160.955719749705;3360:46163.36685036009;2805:46181.81309195806;3127:46196.59896788277;2808:46228.62106728112;94:46232.15498973156;2810:46241.05241272008;2815:46253.5085164325;2813:46260.44055843137;3634:46305.50063371629;3439:46310.42578703158;3633:46312.07622830023;2590:46341.647676629305;3631:46360.99642313944;2554:46367.37070570443;3440:46368.87865660937;3632:46372.439109634;2552:46405.633600791625;2553:46408.779727633155;3626:46412.047750850084;2551:46425.158834567505;2548:46483.787126639814;2549:46486.75151397778;2547:46519.003463398636;2361:46539.7123759308;3479:46545.958712371714;1178:46565.64589373676;1938:46569.66726071428;1961:46584.924644392944;1101:46600.53410820271;1962:46603.03660750684;2488:46608.194190750226;3609:46638.135271152634;1382:46643.4059441359;243:46650.832127550624;242:46675.76243048072;688:46677.47657535259
0,0,default_vehtype,boarding,True,46080,46677.47657535259,46686.61838010451,46677.47657535259,0.0,688;-1;-1,688;-1;-1,0.0,0.9888781929932571,0.9888781929932571,0,,0,200,1,200,,,
0,7,default_vehtype,route,False,-1000,46620.0,46715.3660322664,46620.0,0.0,1610;-1;-1,3194;-1;-1,729.4830961,0.7642557125790452,0.7641827642694353,0.0,,0,,0,,,1610;2865;3194,1610:46620;2865:46713.72269809767;3194:46715.3660322664
0,7,default_vehtype,boarding,True,46620,46715.3660322664,46716.94541511038,46715.3660322664,0.0,3194;-1;-1,3194;-1;-1,0.0,0.7641827642694353,0.7641827642694353,0.0,,0,205,1,205,,,
0,8,default_vehtype,boarding,True,46200,46663.614459800534,46720.19729454442,46663.614459800534,0.0,598;-1;-1,598;-1;-1,0.0,0.801080168734312,0.801080168734312,0,,0,201,1,201,,,
0,5,default_vehtype,route,False,-1000,45256.23735270823,46740.92598987121,45256.23735270823,0.0,4003;-1;-1,1827;-1;-1,14886.942211862994,0.9935739537783344,0.9920852595571477,0.0,,0,184,1,,,4003;3805;3446;3749;3684;2867;421;422;2688;614;764;2300;2485;2191;2687;3680;2675;3150;3926;2670;338;3665;3925;425;3474;426;3567;3314;2716;2715;172;2596;1;3272;71;56;3057;0;2580;3331;2534;3455;2618;2573;4;5;92;158;3264;165;3322;2674;485;3325;2129;2225;1501;1500;1671;1827,4003:45256.23735270823;3805:45271.84488108526;3446:45287.79234315108;3749:45293.13023687636;3684:45298.23451090514;2867:45299.45555790489;421:45302.1104619296;422:45348.54088459025;2688:45350.62470163581;614:45374.5647305288;764:45389.28855168789;2300:45394.94630372197;2485:45401.31046302329;2191:45406.70826293397;2687:45411.30846466076;3680:45437.96652202145;2675:45439.55903476762;3150:45461.24359118832;3926:45475.421008865735;2670:45489.40119796855;338:45490.50618971199;3665:45515.51368801226;3925:45528.586354197374;425:45535.49447848491;3474:45548.97949355415;426:45563.10768247078;3567:45565.973329773136;3314:45567.750939417994;2716:45603.30921633895;2715:45643.184962410814;172:45647.12983493767;2596:45671.6945513116;1:45713.36960891237;3272:45747.62426680361;71:45781.75802537043;56:45813.50361353315;3057:45879.4819402668;0:46047.65463411617;2580:46189.11868093652;3331:46358.989836241526;2534:46378.50492655522;3455:46382.35969886262;2618:46425.97725021528;2573:46464.61588864433;4:46469.074772708474;5:46516.68252833115;92:46534.161982578014;158:46560.73104620065;3264:46564.41482134192;165:46565.18376531603;3322:46576.709609499194;2674:46580.43074478367;485:46582.11009368797;3325:46588.034761420065;2129:46598.89564886622;2225:46619.547372538946;1501:46653.072836800864;1500:46687.53174168318;1671:46708.73679303983;1827:46740.92598987121
0,5,default_vehtype,boarding,True,-1,46740.92598987121,46770.92598987121,46740.92598987121,0.0,1827;-1;-1,1827;-1;-1,0.0,0.9920852595571477,0.9920852595571477,0,,0,184,1,,184,,
0,0,default_vehtype,route,False,-1000,46686.61838010451,46800,46686.61838010451,0.0,688;-1;-1,2547;65;0.621,1298.6627847143343,0.9888781929932571,0.9887483267147857,0.0,,0,200,1,,,688;242;243;1382;3609;2488;1962;1101;1961;1938;1178;3479;2361;2547,688:46686.61838010451;242:46694.296320700174;243:46701.38792222321;1382:46713.27519436443;3609:46716.78859556149;2488:46723.6893016871;1962:46724.6813608346;1101:46735.72578010697;1961:46757.643436157436;1938:46768.13834353999;1178:46782.36257441627;3479:46785.128265556035;2361:46787.04754774253;2547:46796.80576729257
0,1,default_vehtype,route,False,-1000,46610.69335081241,46800,46610.69335081241,0.0,3562;-1;-1,430;431;0.719,1527.1492844551206,0.993422325765503,0.9932696108370576,0.0,,0,,0,,,3562;328;3314;2716;428;3771;172;2715;3054;3112;429;430,3562:46610.69335081241;328:46611.81962810447;3314:46631.61024073488;2716:46683.507634051166;428:46688.86316205118;3771:46725.706600010475;172:46731.01803359214;2715:46733.039169182266;3054:46744.324265572235;3112:46764.410525074694;429:46765.56657161518;430:46780.23767086836
0,10,default_vehtype,route,False,-1000,45960,46948.46200923229,45960,0,1336;-1;-1,1815;-1;-1,4545.679553794008,0.5268641280756416,0.5264095601202623,0.0,,0,,0,,,1336;1318;2042;580;1967;1966;1476;1477;626;584;1478;1901;1138;1900;4007;1899;1898;1893;3653;3654;254;2389;2338;730;531;2776;1915;3676;1750;2388;1344;257;1573;302;969;3869;2207;3868;2206;2205;2305;1889;2279;2156;3421;3423;3424;3425;1517;1815,1336:45960;1318:45962.53564684584;2042:45970.83837261865;580:45988.16053990782;1967:45994.1442332553;1966:46021.34836121191;1476:46062.084007765676;1477:46076.69397900148;626:46078.46421445745;584:46091.881747986954;1478:46099.76397612508;1901:46118.0855737875;1138:46158.24873851806;1900:46161.11987172314;4007:46164.87018491296;1899:46175.778837127174;1898:46190.759241960026;1893:46210.42492235459;3653:46216.028895490505;3654:46227.82232749648;254:46233.28393025006;2389:46254.15627467416;2338:46266.490358690295;730:46304.04684227328;531:46312.598114585024;2776:46314.957204781684;1915:46327.89719813588;3676:46342.082637910906;1750:46363.30022420144;2388:46405.072307008035;1344:46408.35125643529;257:46423.109221841034;1573:46430.29925476685;302:46456.35187857468;969:46472.599538498405;3869:46477.67141969784;2207:46483.96809972588;3868:46487.461311465275;2206:46501.57082458831;2205:46541.0151014372;2305:46560.75661518478;1889:46590.24361056877;2279:46592.60200118912;2156:46635.81932956272;3421:46674.16241755505;3423:46699.29939365671;3424:46702.233128225984;3425:46727.687792817145;1517:46728.46041758352;1815:46948.46200923229
0,10,default_vehtype,boarding,True,45960,46948.46200923229,46956.366424804,46948.46200923229,0.0,1815;-1;-1,1815;-1;-1,0.0,0.5264095601202623,0.5264095601202623,0,,0,199,1,199,,,
0,6,default_vehtype,route,False,-1000,46440,46962.178456473426,46440,0,2582;2636;0.318,1735;-1;-1,2552.886874068286,0.569589352485253,0.5693340637978457,0.0,,0,,0,,,2582;2636;2582;335;3110;1570;1262;3572;3571;1407;1408;544;747;746;745;1853;1735,2582:46440;2636:46484.85581254169;2582:46537.123919406185;335:46539.27996607508;3110:46581.866271172104;1570:46641.45001793894;1262:46688.882612938505;3572:46709.32444943643;3571:46722.521583721;1407:46724.57960336649;1408:46749.85122986957;544:46865.87752416878;747:46892.66434694145;746:46920.88550037544;745:46938.292051554934;1853:46959.200416431966;1735:46962.178456473426
0,4,default_vehtype,route,False,-1000,46200,46997.58828558947,46200,0,319;-1;-1,867;-1;-1,3324.7023033700016,0.996205630406372,0.9958731601760344,0.0,,0,,0,,,319;318;1467;1431;1105;196;2181;654;2375;2374;2443;2405;1278;852;851;850;849;579;848;847;846;862;861;868;867,319:46200;318:46271.14794769462;1467:46295.864046228744;1431:46321.277588516066;1105:46332.31392853025;196:46341.019243493196;2181:46360.68066682366;654:46405.69781134319;2375:46446.040487826715;2374:46455.39956471309;2443:46469.109966405216;2405:46516.17098122835;1278:46522.996250145006;852:46577.572949111745;851:46659.00845703266;850:46774.26744703561;849:46789.02052476033;579:46813.01146584079;848:46819.62679208263;847:46830.77362848557;846:46869.54422250323;862:46887.294752448826;861:46935.76336819284;868:46977.74049960733;867:46997.58828558947
0,4,default_vehtype,boarding,True,46200,46997.58828558947,47003.6088665744,46997.58828558947,0.0,867;-1;-1,867;-1;-1,0.0,0.9958731601760344,0.9958731601760344,0,,0,202,1,202,,,
0,6,default_vehtype,boarding,True,46440,46962.178456473426,47058.76758706725,46962.178456473426,0.0,1735;-1;-1,1735;-1;-1,0.0,0.5693340637978457,0.5693340637978457,0,,0,203,1,203,,,
0,1,default_vehtype,route,True,-1000,46800,47119.07135714348,46800,0,430;431;0.719,1428;-1;-1,2385.37650011488,0.9932696108370576,0.9930310731870455,0.0,,0,,0,,,430;431;868;861;862;846;847;848;579;849;850;851;852;1278;2405;2443;2374;1426;1427;1428,430:46800;431:46807.72313554033;868:46814.82675914691;861:46828.955619061024;862:46837.261153353465;846:46841.27396180154;847:46844.62301250546;848:46876.93393753945;579:46884.79676634083;849:46895.82163172039;850:46909.19252098407;851:46915.66894108279;852:46931.27779468509;1278:46946.613173894584;2405:46997.29519925206;2443:47023.9071200666;2374:47045.41694311757;1426:47081.25737729614;1427:47085.953376803394;1428:47119.07135714348
0,11,default_vehtype,route,False,-1000,46347.86640041105,47136.13198570355,46347.86640041105,0.0,2636;-1;-1,2589;-1;-1,7471.20817895,0.8136874439509312,0.8129403231330371,0.0,,0,194,1,,,2636;2582;335;3110;2637;2638;2583;3349;3111;2678;387;1483;2669;1482;2677;4074;2117;1828;3650;509;1766;1945;2829;2830;3918;3470;3469;83;2923;15;3;2832;2562;2561;2768;3725;2545;2546;3729;3730;2629;143;66;3656;2548;2551;3626;2553;2552;3632;3440;2554;3631;2590;2589,2636:46347.86640041105;2582:46400.13450727554;335:46402.29055394444;3110:46444.87685904146;2637:46481.87906425213;2638:46487.21042075607;2583:46500.9790115165;3349:46577.361689721365;3111:46582.213200234306;2678:46627.51187190728;387:46628.22980635138;1483:46656.82204661333;2669:46762.873172963285;1482:46765.91011284879;2677:46767.87672125382;4074:46783.54965913946;2117:46789.225275687364;1828:46802.10745520268;3650:46802.798383303736;509:46808.31253118285;1766:46813.50126184981;1945:46823.41565216394;2829:46830.27815768901;2830:46836.97988051675;3918:46844.5862199956;3470:46848.51366512141;3469:46852.02593169992;83:46857.569305225785;2923:46871.20022438043;15:46871.93123816429;3:46875.740828231115;2832:46893.26987479584;2562:46905.84092647471;2561:46907.12527480462;2768:46921.33439069342;3725:46925.11658117815;2545:46926.91913643394;2546:46929.82125235229;3729:46930.55556708614;3730:46931.462037195546;2629:46945.994863030355;143:46950.9974371374;66:46953.460210304154;3656:47003.36444383076;2548:47006.4189018437;2551:47036.86552349705;3626:47041.66256739209;2553:47046.512786148596;2552:47048.00554912433;3632:47075.198135809114;3440:47078.81730761563;2554:47085.26750440865;3631:47090.07260655853;2590:47135.08495974462;2589:47136.13198570355
0,1,default_vehtype,boarding,True,46440,47119.07135714348,47140.34536896587,47119.07135714348,0.0,1428;-1;-1,1428;-1;-1,0.0,0.9930310731870455,0.9930310731870455,0.0,,0,204,1,204,,,
0,2,default_vehtype,route,False,-1000,46680.0,47145.7433542838,46680.0,0.0,4068;-1;-1,537;-1;-1,2225.8496530370003,0.9982343722838926,0.9980117873185896,0.0,,0,,0,,,4068;4002;420;4001;4004;3750;3749;3446;2866;421;2867;2906;2688;2687;423;424;3203;3204;3202;3687;1180;1181;127;2253;537,4068:46680;4002:46681.02145491673;420:46681.75111430837;4001:46683.63195827808;4004:46685.906369951794;3750:46697.017369014364;3749:46710.406371936435;3446:46726.3316590561;2866:46750.43414059757;421:46751.7187272817;2867:46754.31949297641;2906:46757.55810279712;2688:46790.2286908732;2687:46818.52938854813;423:46824.989245847835;424:46863.62338671671;3203:46882.70963047604;3204:46886.695296795675;3202:46888.17995065438;3687:46940.44396706555;1180:46943.44281668187;1181:47019.64094027829;127:47061.28279426354;2253:47083.7508933485;537:47145.7433542838
0,11,default_vehtype,boarding,True,-1,47136.13198570355,47166.13198570355,47136.13198570355,0.0,2589;-1;-1,2589;-1;-1,0.0,0.8129403231330371,0.8129403231330371,0,,0,194,1,,194,,
0,5,default_vehtype,to_depot,True,-1000,46800,47172.132094385444,46800,0,1827;-1;-1,19;-1;-1,3891.5157450630004,0.9920852595571477,0.9916961079826415,0.0,,0,,0,,,1827;1671;1500;1501;2225;2120;3298;3300;3096;2649;2650;22;2847;4064;4063;21;3095;2566;3488;3094;3093;3103;3104;3893;3894;3895;20;19,1827:46800;1671:46821.557544091884;1500:46840.1423514708;1501:46860.00209235168;2225:46866.58356512281;2120:46878.44954044839;3298:46895.97413096775;3300:46902.978177845915;3096:46997.235539172165;2649:46999.5231573434;2650:47006.82702756932;22:47011.2256380914;2847:47036.51276268386;4064:47039.93053161576;4063:47040.80290796392;21:47056.48916888584;3095:47085.0529120914;2566:47088.10769896453;3488:47089.05751660227;3094:47089.80082838013;3093:47090.580242731914;3103:47097.98130203889;3104:47117.61270932654;3893:47122.282594540455;3894:47126.10804022512;3895:47148.993434398915;20:47168.310241600775;19:47172.132094385444
0,2,default_vehtype,boarding,True,46680,47145.7433542838,47181.08820595846,47145.7433542838,0.0,537;-1;-1,537;-1;-1,0.0,0.9980117873185896,0.9980117873185896,0,,0,206,1,206,,,
0,8,default_vehtype,route,False,-1000,46720.19729454442,47341.90414824114,46720.19729454442,0.0,598;-1;-1,333;-1;-1,3911.2838012979996,0.801080168734312,0.8006890403541832,0.0,,0,201,1,,,598;3315;3475;3477;3476;3313;3665;338;2670;3926;3204;3203;3680;2687;2688;2906;2867;421;2866;3446;3805;4003;4001;2632;870;3804;3803;3802;680;871;272;333,598:46720.19729454442;3315:46723.21695184635;3475:46736.3026065343;3477:46753.59789831736;3476:46761.16090188257;3313:46777.35278541191;3665:46783.797846484056;338:46794.90355090316;2670:46797.053094328425;3926:46829.11979844027;3204:46850.552037896254;3203:46852.61861391842;3680:46857.74217169689;2687:46907.810363350785;2688:46954.01486718046;2906:47031.548464007574;2867:47042.36661195289;421:47043.5352389841;2866:47045.86424223562;3446:47065.86843369517;3805:47085.64771895086;4003:47132.51543222605;4001:47133.79406794564;2632:47136.3364784626;870:47203.181126250194;3804:47240.342280004545;3803:47242.98870130401;3802:47244.17315187657;680:47272.73602324051;871:47275.22159164934;272:47335.23416366364;333:47341.90414824114
0,8,default_vehtype,boarding,True,-1,47341.90414824114,47371.90414824114,47341.90414824114,0.0,333;-1;-1,333;-1;-1,0.0,0.8006890403541832,0.8006890403541832,0,,0,201,1,,201,,
0,7,default_vehtype,route,False,-1000,46716.94541511038,47564.76065666609,46716.94541511038,0.0,3194;-1;-1,288;-1;-1,6047.525384269998,0.7641827642694353,0.7635780117310075,0.0,,0,205,1,,,3194;3193;2039;2865;1610;3195;268;2633;331;419;2863;3995;2864;3449;63;180;3994;3886;2696;3380;2320;3209;2334;2697;3211;2859;505;506;507;1333;1332;1146;1150;1331;547;1330;776;777;778;719;718;717;288,3194:46716.94541511038;3193:46720.157875123674;2039:46724.80615588142;2865:46726.67590725375;1610:46791.23178637934;3195:46795.52856638743;268:46845.708734456755;2633:46847.14642450242;331:46861.24976166913;419:46871.16623952252;2863:46882.74209521507;3995:46898.291225321096;2864:46900.45531061255;3449:46901.26829781861;63:46963.757655859845;180:46966.13349222756;3994:46966.851471222944;3886:46980.45764872826;2696:47019.04661006455;3380:47024.83609998518;2320:47063.10987047049;3209:47081.17519076884;2334:47087.07041245432;2697:47087.93494782356;3211:47120.167562316274;2859:47145.08048905021;505:47160.93051387718;506:47166.98029873599;507:47193.384301867954;1333:47204.388320020305;1332:47213.59651435072;1146:47218.52437203856;1150:47246.049150945044;1331:47263.61324966274;547:47266.97237237467;1330:47275.305524012976;776:47284.666382822084;777:47364.353317543355;778:47376.34207344174;719:47381.53709051625;718:47468.43431900515;717:47555.08712601149;288:47564.76065666609
0,7,default_vehtype,boarding,True,-1,47564.76065666609,47594.76065666609,47564.76065666609,0.0,288;-1;-1,288;-1;-1,0.0,0.7635780117310075,0.7635780117310075,0,,0,205,1,,205,,
0,3,default_vehtype,route,False,-1000,46800.0,47773.952552685245,46800.0,0.0,1611;-1;-1,1027;-1;-1,3550.333309165001,0.9963725825648415,0.9960175492339253,0.0,,0,,0,,,1611;3971;3935;3807;2858;1610;3195;268;4068;4002;420;4001;4004;3750;3749;3446;2866;421;2867;2906;2688;422;4010;4011;1952;1953;1253;1254;1255;1025;1026;1027,1611:46800;3971:46801.29807202046;3935:46846.00275075914;3807:46857.607905224366;2858:46878.66291710346;1610:46962.18626217569;3195:46968.01877310084;268:47015.60311903897;4068:47109.669446058055;4002:47111.62907930618;420:47112.44707448404;4001:47114.40319829149;4004:47117.42581855413;3750:47158.67988666866;3749:47163.75801251056;3446:47177.07022308641;2866:47228.73771177385;421:47233.8089856104;2867:47234.770957568864;2906:47254.848369980136;2688:47367.73595771336;422:47371.462289875795;4010:47394.07558949198;4011:47395.36067258471;1952:47446.65389447192;1953:47547.6876236979;1253:47653.00206835545;1254:47678.82541454847;1255:47740.0626357301;1025:47748.76947896602;1026:47765.49035217264;1027:47773.952552685245
0,4,default_vehtype,route,False,-1000,47003.6088665744,47773.829047868654,47003.6088665744,0.0,867;-1;-1,225;-1;-1,6401.2684291800015,0.9958731601760344,0.9952330333331173,0.0,,0,202,1,,,867;430;429;2596;172;2715;3053;2917;3414;1015;1520;1734;1387;1774;1896;3773;3774;3775;1068;1067;1066;252;1065;1064;3191;3192;4023;225,867:47003.6088665744;430:47019.24361214205;429:47035.74022282825;2596:47053.59743195562;172:47073.1823542297;2715:47075.27365558546;3053:47121.627158541065;2917:47434.05993072827;3414:47543.868953423254;1015:47548.86577740062;1520:47555.456525207795;1734:47565.551838454274;1387:47588.846598807824;1774:47597.937918796015;1896:47604.10176664224;3773:47607.67931544117;3774:47618.114389137794;3775:47638.27242639793;1068:47645.68357857405;1067:47648.03390168976;1066:47661.29877658626;252:47689.5121735092;1065:47701.11510179942;1064:47710.51906168421;3191:47720.63752765078;3192:47737.29812255419;4023:47743.52704173536;225:47773.829047868654
0,11,default_vehtype,route,False,-1000,47166.13198570355,47795.687698059024,47166.13198570355,0.0,2589;-1;-1,3446;-1;-1,6014.28870551,0.8129403231330371,0.8123388942624854,0.0,,0,,0,,,2589;2102;2101;1416;1417;1857;1856;1699;1700;1701;1702;3139;1419;3138;628;1703;2822;3221;3217;2558;2557;3214;3215;3213;2859;3211;2697;2334;3209;2320;3380;2696;3886;3994;3686;173;3450;3119;268;2633;4067;4002;420;4003;3805;3446,2589:47166.13198570355;2102:47172.073185852016;2101:47186.64792919772;1416:47200.943356196796;1417:47207.573872499735;1857:47220.04589556481;1856:47227.62645020146;1699:47244.94591748592;1700:47274.247673806996;1701:47294.387705432135;1702:47301.52395562326;3139:47302.54568851831;1419:47306.54652815715;3138:47307.8382248271;628:47311.73929303901;1703:47341.889390419965;2822:47354.385372834346;3221:47360.522532649215;3217:47367.57201610635;2558:47377.62341920756;2557:47401.90904664469;3214:47408.16527710292;3215:47414.31816532807;3213:47421.981074039526;2859:47445.49144443985;3211:47485.704764603404;2697:47496.39531926541;2334:47498.85832017172;3209:47508.17483359567;2320:47526.87140860929;3380:47533.8979669288;2696:47545.456088082574;3886:47582.386876951496;3994:47599.8914792593;3686:47602.51114083458;173:47625.341021787375;3450:47666.95130548344;3119:47680.09026772512;268:47707.96992702764;2633:47715.35086040057;4067:47757.62846339289;4002:47760.14482164889;420:47762.6623732609;4003:47763.88010272862;3805:47768.43612285662;3446:47795.687698059024
0,4,default_vehtype,boarding,True,-1,47773.829047868654,47803.829047868654,47773.829047868654,0.0,225;-1;-1,225;-1;-1,0.0,0.9952330333331173,0.9952330333331173,0,,0,202,1,,202,,
0,11,default_vehtype,boarding,True,47040,47795.687698059024,47837.592589444204,47795.687698059024,0.0,3446;-1;-1,3446;-1;-1,0.0,0.8123388942624854,0.8123388942624854,0,,0,213,1,213,,,
0,3,default_vehtype,boarding,True,46800,47773.952552685245,47854.00767952844,47773.952552685245,0.0,1027;-1;-1,1027;-1;-1,0.0,0.9960175492339253,0.9960175492339253,0,,0,207,1,207,,,
0,9,default_vehtype,route,False,-1000,46139.21786517826,47933.9525007415,46139.21786517826,0.0,3562;-1;-1,2794;-1;-1,13150.979570453,0.7249061843592497,0.7235910864022043,0.0,,0,198,1,,,3562;3563;3561;3564;327;833;4069;3427;3115;338;337;3974;336;2671;2582;2638;33;2578;2579;2655;3450;173;3686;180;63;2700;3945;3575;64;418;2693;3795;417;416;3793;415;3796;414;3794;413;768;769;501;770;771;772;773;538;774;2332;2331;2330;2473;1329;1328;838;1030;3292;3132;646;3295;2528;3274;647;3275;3287;715;714;713;712;711;1689;1688;1687;1412;2276;1422;511;2401;1246;2399;2827;565;462;2797;2799;2795;2794,3562:46139.21786517826;3563:46140.8965585405;3561:46144.36872708303;3564:46155.111310787055;327:46186.22928197315;833:46192.59167815662;4069:46216.109024018646;3427:46231.67260312346;3115:46262.63469737282;338:46264.25651196161;337:46288.84604900254;3974:46290.77658662267;336:46311.901151689446;2671:46320.908805448176;2582:46368.80675621704;2638:46465.78662692839;33:46489.928430638545;2578:46587.441421207644;2579:46637.91271329271;2655:46716.02035899782;3450:46790.8776817521;173:46903.20830485063;3686:46917.28551397766;180:46923.96736614937;63:46926.20809583287;2700:46947.38596526956;3945:46956.262749668116;3575:46959.22957324978;64:46982.20310699632;418:46983.71941055177;2693:46992.79884816016;3795:46997.709431617484;417:47004.65635150441;416:47012.133556243185;3793:47032.90777613077;415:47041.47119348501;3796:47045.53034755152;414:47168.4586147204;3794:47172.54685300598;413:47203.15579318771;768:47238.51364316085;769:47245.094551087284;501:47248.150973921765;770:47250.42676039602;771:47263.53468398508;772:47268.27389716537;773:47272.90937111589;538:47283.28277746924;774:47295.67593932076;2332:47319.601176663826;2331:47339.01174806781;2330:47386.58279238072;2473:47413.022758237705;1329:47416.135536646005;1328:47450.96775814033;838:47464.20651547572;1030:47479.850503436035;3292:47490.97525581167;3132:47491.38201241965;646:47493.555967362554;3295:47499.083879938866;2528:47501.59091906852;3274:47567.01534298754;647:47581.61444698101;3275:47589.35524793071;3287:47594.604234125014;715:47622.61701855805;714:47632.92343225517;713:47641.23437121029;712:47670.26568039206;711:47712.41257851139;1689:47724.771778539885;1688:47728.92156204473;1687:47738.54007592728;1412:47790.66442610255;2276:47813.752481972886;1422:47827.501653872954;511:47834.53461651647;2401:47839.53100506115;1246:47848.763350979745;2399:47855.231438026465;2827:47867.94563138946;565:47871.24832702783;462:47881.355523977545;2797:47884.685283751016;2799:47887.59495677546;2795:47928.24498645207;2794:47933.9525007415
0,9,default_vehtype,boarding,True,-1,47933.9525007415,47963.9525007415,47933.9525007415,0.0,2794;-1;-1,2794;-1;-1,0.0,0.7235910864022043,0.7235910864022043,0,,0,198,1,,198,,
0,6,default_vehtype,route,False,-1000,47058.76758706725,48015.212271544864,47058.76758706725,0.0,1735;-1;-1,1587;-1;-1,6672.258242937002,0.5693340637978457,0.568666837973552,0.0,,0,203,1,,,1735;1853;745;746;747;544;3183;543;393;392;391;390;389;388;387;1483;2669;1482;3182;3107;2837;105;107;13;24;23;3122;2536;2762;2595;4076;3487;3557;3155;1588;2834;1587,1735:47058.76758706725;1853:47090.60604766822;745:47117.827448389406;746:47152.26826288469;747:47167.93253311482;544:47180.96230758901;3183:47201.28921593333;543:47214.34234055256;393:47240.27723838808;392:47244.70052390492;391:47250.2166192445;390:47271.13717493374;389:47279.12203820212;388:47318.826209350074;387:47325.31904166005;1483:47383.371149662344;2669:47519.44660677168;1482:47521.4175435367;3182:47561.14825789962;3107:47578.49890314919;2837:47671.241128393594;105:47768.956430563696;107:47779.39123947461;13:47810.33449883922;24:47811.96791737684;23:47814.03833120765;3122:47841.60375876884;2536:47906.55803294321;2762:47911.728722466185;2595:47931.90679459255;4076:47936.00541977234;3487:47957.03004343509;3557:47957.79061464717;3155:47960.888117539536;1588:47968.343600949906;2834:48007.18739284061;1587:48015.212271544864
0,6,default_vehtype,boarding,True,-1,48015.212271544864,48045.212271544864,48015.212271544864,0.0,1587;-1;-1,1587;-1;-1,0.0,0.568666837973552,0.568666837973552,0,,0,203,1,,203,,
0,0,default_vehtype,route,True,-1000,46800.0,48081.88659753852,46800.0,0.0,2547;65;0.621,3562;-1;-1,7774.228966134654,0.9887483267147857,0.987970903818173,0.0,,0,200,1,,,2547;65;66;143;3622;3727;3726;2545;3725;2768;2543;2544;2562;2561;2833;3401;2844;16;2118;83;3469;3470;3918;2830;2829;1945;1766;509;3650;1828;2117;4074;2677;3102;3108;2678;3111;3349;2583;2638;2637;3110;335;336;2252;2347;3665;3925;3476;3477;425;3474;426;3567;3566;3565;328;3562,2547:46800;65:46801.949078551006;66:46805.73284356613;143:46812.030084417696;3622:46814.483180157455;3727:46819.02615212438;3726:46822.32529599196;2545:46823.18505995734;3725:46825.97165934451;2768:46832.525735747644;2543:46834.88396977079;2544:46844.723275507255;2562:46859.190492074966;2561:46860.47484040487;2833:46864.79477957122;3401:46887.28631241019;2844:46890.32853586352;16:46909.44942369218;2118:46912.89246764294;83:46919.17921858912;3469:46928.87339411222;3470:46932.33434999448;3918:46944.62589704975;2830:46958.371747080244;2829:46962.14452498131;1945:46969.51430540266;1766:46976.8771470761;509:46984.73076285884;3650:46991.816724592536;1828:46993.23762059652;2117:47007.64145711187;4074:47023.068549446674;2677:47052.19588670799;3102:47055.78142995872;3108:47146.1654073824;2678:47204.07438807334;3111:47330.55101164131;3349:47335.479471650804;2583:47429.91784889919;2638:47449.334261950105;2637:47455.945377339485;3110:47516.950197289625;335:47542.912507298686;336:47631.53562082205;2252:47651.68084662561;2347:47685.23539742858;3665:47784.962532211954;3925:47799.523737817835;3476:47805.2266351353;3477:47818.82576643026;425:47827.30759359251;3474:47887.011975129164;426:48003.79953128448;3567:48011.242234191704;3566:48062.8121413335;3565:48063.416434611856;328:48079.55097566667;3562:48081.88659753852
0,8,default_vehtype,route,False,-1000,47371.90414824114,48085.60663551489,47371.90414824114,0.0,333;-1;-1,824;-1;-1,4614.0723327,0.8006890403541832,0.8002276331209127,0.0,,0,,0,,,333;272;871;872;1051;1052;1062;1061;1075;807;959;1941;227;228;229;230;1350;2067;2195;2196;1870;1772;1158;481;482;483;3715;3415;3683;821;822;823;824,333:47371.90414824114;272:47441.99680512793;871:47448.43059337108;872:47459.35998694742;1051:47461.85755222071;1052:47472.1689463374;1062:47481.86503759128;1061:47500.74825178939;1075:47505.5497609351;807:47521.159394391434;959:47532.9233043877;1941:47555.053859069536;227:47559.8025727539;228:47576.7208869522;229:47610.386827157505;230:47710.13730199412;1350:47719.118235559574;2067:47735.60062610807;2195:47772.48372565325;2196:47789.0203704572;1870:47823.497297139096;1772:47853.19939739669;1158:47876.55138033434;481:47894.495186395936;482:47955.96664647787;483:47974.059712373666;3715:47989.08066554918;3415:47992.38733858821;3683:48006.01128025672;821:48015.32495034841;822:48042.28052309218;823:48075.182043792396;824:48085.60663551489
0,4,default_vehtype,route,False,-1000,47803.829047868654,48085.60663551489,47803.829047868654,0.0,225;-1;-1,1896;1774;0.350,2163.066213583402,0.9952330333331173,0.9950167267117591,0.0,,0,,0,,,225;4023;3192;3191;1064;1065;252;1066;1067;1068;3775;3774;3773;1896,225:47803.829047868654;4023:47855.289285926316;3192:47865.01272170759;3191:47881.14131121333;1064:47894.21359256809;1065:47904.97621836311;252:47911.87634290436;1066:47919.24211154507;1067:47923.98523557334;1068:47932.57725457249;3775:47958.12388521592;3774:47977.303077361656;3773:48039.77976496662;1896:48081.37213149181
0,0,default_vehtype,boarding,True,-1,48081.88659753852,48111.88659753852,48081.88659753852,0.0,3562;-1;-1,3562;-1;-1,0.0,0.987970903818173,0.987970903818173,0,,0,200,1,,200,,
0,8,default_vehtype,boarding,True,47040,48085.60663551489,48125.649583912586,48085.60663551489,0.0,824;-1;-1,824;-1;-1,0.0,0.8002276331209127,0.8002276331209127,0,,0,212,1,212,,,
0,9,default_vehtype,route,False,-1000,47963.9525007415,48171.10683785883,47963.9525007415,0.0,2794;-1;-1,1654;-1;-1,2396.33940697,0.7235910864022043,0.7233514524615071,0.0,,0,,0,,,2794;2791;2788;3453;2958;3454;3734;2786;3049;28;2816;3175;1448;2784;2783;1449;1654,2794:47963.9525007415;2791:47969.92469526922;2788:47981.08199507739;3453:47986.97683678867;2958:47989.959322838266;3454:47992.06552166043;3734:47999.41660373972;2786:48018.27729986105;3049:48027.33961877339;28:48055.824879361986;2816:48077.98998993425;3175:48088.446930547565;1448:48102.683467452014;2784:48103.33496786938;2783:48137.63642397143;1449:48140.56875546054;1654:48171.10683785883
0,9,default_vehtype,boarding,True,47820,48171.10683785883,48173.26719474569,48171.10683785883,0.0,1654;-1;-1,1654;-1;-1,0.0,0.7233514524615071,0.7233514524615071,0.0,,0,221,1,221,,,
0,2,default_vehtype,route,False,-1000,47181.08820595846,48188.38829963453,47181.08820595846,0.0,537;-1;-1,2765;-1;-1,6946.862651959998,0.9980117873185896,0.9973171010533933,0.0,,0,206,1,,,537;1211;2065;2671;336;2252;3762;1492;335;3110;2637;134;3351;334;988;387;1483;2669;1482;2677;4074;2117;1828;3650;509;1766;1945;2829;2830;3918;3470;3469;83;2118;16;2844;3401;2833;2561;2768;2543;3728;2546;3729;3730;2629;2765,537:47181.08820595846;1211:47290.32173589554;2065:47299.47328814899;2671:47324.98516873973;336:47327.9454354728;2252:47339.17459494312;3762:47357.98011115924;1492:47376.17979827883;335:47400.88199844126;3110:47421.45495465318;2637:47454.95385323953;134:47484.12697441067;3351:47512.9336085865;334:47516.4122914955;988:47569.43152107594;387:47586.87638172147;1483:47656.432068426555;2669:47841.888312078976;1482:47843.82464180405;2677:47844.82166714743;4074:47872.38558258903;2117:47908.78522325545;1828:47917.90897853446;3650:47918.55956426817;509:47928.19745867139;1766:47941.337058512385;1945:47950.39125828505;2829:47957.382499507614;2830:47965.94358394137;3918:47982.88948535679;3470:47999.80796602875;3469:48001.57972532128;83:48008.042362362474;2118:48012.823546248634;16:48013.99470495995;2844:48036.52185905127;3401:48037.85329094269;2833:48046.93262459603;2561:48057.09160007695;2768:48083.75018270335;2543:48084.67895037055;3728:48093.65836860177;2546:48094.86013017596;3729:48095.22387293161;3730:48095.716697159645;2629:48102.87782807043;2765:48188.38829963453
0,2,default_vehtype,boarding,True,-1,48188.38829963453,48218.38829963453,48188.38829963453,0.0,2765;-1;-1,2765;-1;-1,0.0,0.9973171010533933,0.9973171010533933,0,,0,206,1,,206,,
0,10,default_vehtype,route,False,-1000,46956.366424804,48240.973599999044,46956.366424804,0.0,1815;-1;-1,789;-1;-1,8413.669213533996,0.5264095601202623,0.5255681931989082,0.0,,0,199,1,,,1815;3670;2675;3680;3203;424;423;2687;2688;2906;2867;421;2866;3446;3805;3750;4004;4001;2632;4067;2633;331;419;2863;3995;2864;3450;173;3686;180;2657;2700;3945;3575;64;2694;2693;3795;417;416;3793;415;1249;1086;1250;541;1251;1566;1768;1189;2025;2048;895;774;2332;2331;2330;2329;2153;2896;3289;2895;644;645;3294;3295;1327;1287;1326;638;639;1290;1580;788;789,1815:46956.366424804;3670:46996.03970369369;2675:47008.74067858979;3680:47010.07467587902;3203:47011.86801569419;424:47023.48268344483;423:47073.52198813305;2687:47074.312205995455;2688:47120.81212184465;2906:47198.34571867176;2867:47209.16386661708;421:47210.33249364828;2866:47212.661496899804;3446:47232.66568835935;3805:47252.44497361504;3750:47265.63417737662;4004:47274.84440243009;4001:47276.33207088358;2632:47278.87448140055;4067:47280.62894673863;2633:47350.32393103238;331:47366.627322971646;419:47373.60669590716;2863:47391.68873306625;3995:47415.87032805517;2864:47420.622986111885;3450:47422.22125607177;173:47463.97413867603;3686:47488.996922904786;180:47494.876001268545;2657:47503.72591643886;2700:47508.11457829452;3945:47516.99136269307;3575:47519.95818627474;64:47542.64139743376;2694:47546.80791192986;2693:47547.11962135838;3795:47560.73593981106;417:47572.60376741327;416:47579.60263106756;3793:47631.84309652917;415:47641.49229815228;1249:47647.375185951656;1086:47673.93198124562;1250:47677.848436249056;541:47695.8192343996;1251:47732.81000650043;1566:47735.3911198343;1768:47743.94973500973;1189:47752.963290946005;2025:47767.31327168422;2048:47781.98977184668;895:47803.41295115276;774:47819.58683151188;2332:47850.32458892411;2331:47876.93683377778;2330:47892.488747081385;2329:47924.07606203933;2153:47931.81211482197;2896:47936.19335829117;3289:47946.50691106132;2895:47949.94849012959;644:47952.13072303168;645:47956.701864008755;3294:48060.33332501776;3295:48068.59588209692;1327:48071.900116871046;1287:48083.58361825934;1326:48115.14068150896;638:48210.57771719161;639:48219.47297406445;1290:48229.75499924907;1580:48233.24301867459;788:48239.621183006675;789:48240.973599999044
0,10,default_vehtype,boarding,True,-1,48240.973599999044,48270.973599999044,48240.973599999044,0.0,789;-1;-1,789;-1;-1,0.0,0.5255681931989082,0.5255681931989082,0,,0,199,1,,199,,
0,1,default_vehtype,route,True,-1000,47140.34536896587,48281.80267389626,47140.34536896587,0.0,1428;-1;-1,3743;-1;-1,8475.899975102,0.9930310731870455,0.992183483189536,0.0,,0,204,1,,,1428;1429;1430;1431;1467;1931;1303;1624;266;1561;2042;580;1967;1966;1476;1477;626;584;1478;1901;1138;1900;4007;1899;1898;1893;3653;1897;3801;1038;853;567;3169;3412;3695;3411;3959;3697;3698;1523;3699;3410;3701;3501;2103;2258;627;3981;641;684;3976;1929;1074;2872;2977;2966;2982;1077;2692;1935;755;1009;2187;1895;395;1571;2186;892;1582;2949;796;2148;2185;306;798;219;218;217;3358;216;3604;3743,1428:47140.34536896587;1429:47156.210514092025;1430:47178.85695116238;1431:47201.1226162369;1467:47209.75420052445;1931:47217.62741788577;1303:47227.08381971935;1624:47239.56266854568;266:47255.09255603325;1561:47268.85895940947;2042:47278.629869885925;580:47314.835870743875;1967:47319.16354087582;1966:47328.75868150104;1476:47340.40090162827;1477:47364.23865879437;626:47368.8172515489;584:47372.96552057883;1478:47384.103941702575;1901:47406.4837683495;1138:47426.34168632393;1900:47430.0993646277;4007:47430.45451331875;1899:47452.166579775425;1898:47456.667782795215;1893:47464.1076113736;3653:47465.95969418927;1897:47469.37268245219;3801:47476.83220401473;1038:47490.27265842681;853:47531.03446203623;567:47555.08372568323;3169:47645.54369003391;3412:47667.19391130346;3695:47680.323981838985;3411:47696.6816641748;3959:47699.46053114025;3697:47721.81875152633;3698:47728.5312292394;1523:47734.32560801168;3699:47740.70490464874;3410:47763.88552830672;3701:47769.096008663284;3501:47770.05944080304;2103:47776.90142581314;2258:47782.23569636622;627:47785.45531992176;3981:47786.43343065103;641:47806.18372738776;684:47811.12566058727;3976:47841.178094899726;1929:47845.90683767616;1074:47865.72649382973;2872:47866.43209845441;2977:47905.41497163425;2966:47913.218012257326;2982:47919.359919470786;1077:47921.73234345597;2692:47922.982756234866;1935:47969.432223780874;755:47972.021915172634;1009:48007.517845968345;2187:48018.033823036516;1895:48019.872200220314;395:48037.04737799836;1571:48056.92942208981;2186:48059.03183845627;892:48071.557402802355;1582:48077.50583392963;2949:48095.44678163731;796:48096.972499345364;2148:48100.09677885611;2185:48108.96394859189;306:48122.74883517959;798:48141.59734465782;219:48150.42857905499;218:48243.77727888688;217:48256.16394908063;3358:48269.66398841872;216:48271.20564998478;3604:48275.39490100469;3743:48281.80267389626
0,1,default_vehtype,boarding,True,-1,48281.80267389626,48311.80267389626,48281.80267389626,0.0,3743;-1;-1,3743;-1;-1,0.0,0.992183483189536,0.992183483189536,0,,0,204,1,,204,,
0,8,default_vehtype,route,False,-1000,48125.649583912586,48366.904872830884,48125.649583912586,0.0,824;-1;-1,3702;-1;-1,1730.1164369399999,0.8002276331209127,0.800054621477219,0.0,,0,212,1,,,824;823;822;821;3683;3415;3414;3413;3412;3695;3411;3959;3697;3698;3700;3699;3410;3501;3502;3702,824:48125.649583912586;823:48130.15032596963;822:48140.96455470257;821:48166.966127497704;3683:48197.46222954061;3415:48239.53405653236;3414:48283.07177896562;3413:48291.53068494921;3412:48304.114131063434;3695:48312.776462195674;3411:48317.718951948176;3959:48318.92274441586;3697:48327.61253954503;3698:48340.71234921436;3700:48346.27271997641;3699:48351.35105497618;3410:48358.03152794278;3501:48362.20340843129;3502:48363.235913102486;3702:48366.904872830884
0,8,default_vehtype,boarding,True,-1,48366.904872830884,48396.904872830884,48366.904872830884,0.0,3702;-1;-1,3702;-1;-1,0.0,0.800054621477219,0.800054621477219,0,,0,212,1,,212,,
0,3,default_vehtype,route,False,-1000,47854.00767952844,48479.93389213166,47854.00767952844,0.0,1027;-1;-1,3995;-1;-1,3664.3492435739995,0.9960175492339253,0.9956511143095681,0.0,,0,207,1,,,1027;1026;1025;1255;1254;1253;1252;2291;1953;2445;4008;4009;2083;1631;1221;1873;423;422;421;2866;3446;3805;4003;420;4068;268;2633;331;419;2863;3995,1027:47854.00767952844;1026:47863.88672057821;1025:47887.80526636826;1255:47908.51131023729;1254:47922.20266889056;1253:47932.792630004325;1252:47942.02768828267;2291:47948.42756589015;1953:47957.05644990636;2445:47974.35801251341;4008:48038.45589655762;4009:48040.949579098655;2083:48052.347118610516;1631:48065.12850667206;1221:48067.30132121083;1873:48070.18801363023;423:48092.2707940265;422:48122.391678566644;421:48254.83731516139;2866:48255.897070991436;3446:48282.39361268793;3805:48298.02983569823;4003:48319.47111199905;420:48321.90520162593;4068:48322.74121257869;268:48403.87643653089;2633:48407.782119739546;331:48437.563406734575;419:48449.70899157814;2863:48464.85423318033;3995:48479.93389213166
0,3,default_vehtype,boarding,True,-1,48479.93389213166,48509.93389213166,48479.93389213166,0.0,3995;-1;-1,3995;-1;-1,0.0,0.9956511143095681,0.9956511143095681,0.0,,0,207,1,,207,,
0,7,default_vehtype,route,False,-1000,47594.76065666609,48503.372517154676,47594.76065666609,0.0,288;-1;-1,1229;-1;-1,5011.421848299993,0.7635780117310075,0.7630768695461778,0.0,,0,,0,,,288;717;718;719;778;777;776;775;774;538;773;772;771;770;501;769;768;413;3794;414;3796;415;2695;3793;416;417;3795;2694;2693;418;64;3575;3945;2700;2699;2656;2701;197;198;199;1390;737;736;738;1229,288:47594.76065666609;717:47599.064171845;718:47662.00494271735;719:47736.73995159525;778:47746.132874003044;777:47767.74315336418;776:47787.53916953227;775:47793.96778175007;774:47829.80378161792;538:47832.53474240602;773:47837.46387491409;772:47846.36429199789;771:47875.77288772127;770:47882.48997092918;501:47883.94489850489;769:47892.968891496406;768:47896.07731287146;413:47934.85467389269;3794:47954.64287955848;414:47960.60826785004;3796:47989.498539395136;415:47995.20613588774;2695:47996.08349828945;3793:48003.319369446544;416:48014.989665528345;417:48025.69562841732;3795:48036.284559375956;2694:48045.140254556645;2693:48045.451963985164;418:48050.307951328316;64:48050.77613402635;3575:48069.02045218308;3945:48071.45736409195;2700:48085.37833551332;2699:48108.577403003255;2656:48121.7909886521;2701:48132.21635690804;197:48137.970809427155;198:48141.475328506116;199:48239.19118090911;1390:48287.315823618854;737:48307.26447774717;736:48339.78048113335;738:48493.41069848157;1229:48503.372517154676
0,7,default_vehtype,boarding,True,47460,48503.372517154676,48619.07127909744,48503.372517154676,0.0,1229;-1;-1,1229;-1;-1,0.0,0.7630768695461778,0.7630768695461778,0,,0,218,1,218,,,
0,2,default_vehtype,route,False,-1000,48218.38829963453,48651.83227466694,48218.38829963453,0.0,2765;-1;-1,2383;-1;-1,5100.384498949999,0.9973171010533933,0.9968070626034984,0.0,,0,,0,,,2765;2629;143;66;3529;3527;3528;3227;3226;67;3224;3582;2559;3221;2822;1703;628;3138;1419;3139;1702;1701;1700;1699;1698;1697;1696;1695;1554;1511;1694;287;2946;648;1693;1692;1691;1050;1690;1689;1688;1687;1412;2276;2383,2765:48218.38829963453;2629:48244.32347790601;143:48247.63780460724;66:48256.50335773617;3529:48309.57521829803;3527:48311.56660709802;3528:48315.947416669085;3227:48320.82067215551;3226:48325.32303467096;67:48332.78938050323;3224:48343.29838920136;3582:48353.24782892115;2559:48355.444904911805;3221:48356.4925790123;2822:48358.171475212635;1703:48360.9022871738;628:48382.45319625724;3138:48387.24945020151;1419:48387.63471564028;3139:48391.86367821212;1702:48393.45289056659;1701:48406.01486224774;1700:48413.90823503123;1699:48432.917624301896;1698:48451.43330784053;1697:48458.3555674838;1696:48491.57249602207;1695:48510.986560406236;1554:48518.12509536501;1511:48521.489381555264;1694:48525.880688271296;287:48532.42651131142;2946:48536.16977063019;648:48538.26107850425;1693:48543.5498897033;1692:48564.14204389063;1691:48567.7417348203;1050:48580.26707324039;1690:48584.84090337855;1689:48593.66574991643;1688:48596.83820190528;1687:48600.80721600242;1412:48617.37014901351;2276:48641.702952306594;2383:48651.83227466694
0,1,default_vehtype,to_depot,True,-1000,48311.80267389626,48669.57139993861,48311.80267389626,0.0,3743;-1;-1,2009;-1;-1,3680.8511229799997,0.992183483189536,0.9918153980772383,0.0,,0,,0,,,3743;215;2486;1666;2706;2702;2701;197;3886;2696;3380;2320;3209;2334;2697;3211;2859;1545;3212;3691;3692;722;3929;3808;3614;2556;2557;2009,3743:48311.80267389626;215:48317.021945758584;2486:48320.977163188574;1666:48366.93849159555;2706:48371.51140969857;2702:48390.186242123455;2701:48438.175114100566;197:48443.929566619685;3886:48504.704811903495;2696:48511.836458827005;3380:48522.62113987332;2320:48542.09979361734;3209:48551.66187902485;2334:48559.97104006274;2697:48561.34940430166;3211:48577.92213774976;2859:48594.47927004767;1545:48598.542505310936;3212:48624.45636831033;3691:48631.12733726193;3692:48635.74669825803;722:48637.6745823732;3929:48643.29665199554;3808:48648.46489725802;3614:48653.26104925435;2556:48656.55411243212;2557:48660.51994481352;2009:48669.57139993861
0,2,default_vehtype,boarding,True,47940,48651.83227466694,48679.01727171931,48651.83227466694,0.0,2383;-1;-1,2383;-1;-1,0.0,0.9968070626034984,0.9968070626034984,0,,0,222,1,222,,,
0,4,default_vehtype,route,False,-1000,48120,48842.19888677057,48120,0,1896;1774;0.350,3562;-1;-1,3957.932517225597,0.9950167267117591,0.9946209334600372,0.0,,0,,0,,,1896;1774;1387;1734;1520;483;3715;844;1280;3416;3417;3790;3418;3419;214;1518;265;3424;3425;1759;1616;4069;833;326;327;3564;3566;3565;328;3562,1896:48120;1774:48125.8961727824;1387:48276.81063754534;1734:48342.63257632199;1520:48346.41550160062;483:48357.83764238128;3715:48373.31968446014;844:48386.82897526493;1280:48425.656028859565;3416:48427.412421595145;3417:48454.06121781204;3790:48469.30278749936;3418:48480.12007022466;3419:48516.74083870643;214:48520.47452831888;1518:48561.64919041571;265:48583.19137733655;3424:48586.60406477395;3425:48617.96866247381;1759:48630.39316659517;1616:48667.60689180555;4069:48676.81426330377;833:48709.96780656846;326:48740.599037509375;327:48752.71515095241;3564:48831.390696638824;3566:48834.43789666614;3565:48835.16023154066;328:48839.719165394126;3562:48842.19888677057
0,10,default_vehtype,route,False,-1000,48540,48848.12865475959,48540,0,789;-1;-1,1693;-1;-1,2626.370330639999,0.5255681931989082,0.5253055561658446,0.0,,0,,0,,,789;788;1580;1290;639;638;1326;1287;1327;3295;2528;3274;647;2849;3296;3277;96;2946;648;1693,789:48540;788:48543.83828612025;1580:48549.10338506078;1290:48568.46706954458;639:48574.38901666306;638:48581.78813621785;1326:48602.39305502452;1287:48604.438431469105;1327:48632.77938537213;3295:48640.90080456154;2528:48647.558416074135;3274:48697.21440042177;647:48718.9247891857;2849:48722.30491872118;3296:48723.25848394523;3277:48732.70509382578;96:48752.75388143035;2946:48839.47891520698;648:48845.32565776743;1693:48848.12865475959
0,10,default_vehtype,boarding,True,48540,48848.12865475959,48854.28057433976,48848.12865475959,0.0,1693;-1;-1,1693;-1;-1,0.0,0.5253055561658446,0.5253055561658446,0,,0,230,1,230,,,
0,4,default_vehtype,boarding,True,48120,48842.19888677057,48890.92141093211,48842.19888677057,0.0,3562;-1;-1,3562;-1;-1,0.0,0.9946209334600372,0.9946209334600372,0,,0,223,2,223,,,
0,6,default_vehtype,route,False,-1000,48240.0,48960.0812824285,48240.0,0.0,1587;-1;-1,3788;-1;-1,5484.5123056970015,0.568666837973552,0.5681183867429824,0.0,,0,,0,,,1587;2834;1588;3155;3557;3487;4076;2595;2762;2536;3122;23;24;13;107;84;1480;1481;2676;3780;2677;3102;2669;1483;387;988;334;3351;3352;3350;3788,1587:48240;2834:48247.17166999779;1588:48262.19963048163;3155:48263.99429333593;3557:48267.271736138064;3487:48269.203535905166;4076:48279.18430022938;2595:48291.264504393424;2762:48319.85632256506;2536:48330.73413605182;3122:48356.161275330625;23:48383.53855223189;24:48384.652001405906;13:48385.82063595728;107:48443.48120962632;84:48450.81756353427;1480:48462.54179386923;1481:48547.62913663625;2676:48569.225290101705;3780:48594.96478231028;2677:48616.46423914899;3102:48621.45040758064;2669:48622.50444849128;1483:48701.283688346506;387:48780.43585669582;988:48823.44549273362;334:48882.34311594074;3351:48886.912126382216;3352:48928.63813946204;3350:48954.80825766828;3788:48960.0812824285
0,3,default_vehtype,route,False,-1000,48509.93389213166,48960.0812824285,48509.93389213166,0.0,3995;-1;-1,3351;3352;0.651,3712.5293470597244,0.9956511143095681,0.9952798613748621,0.0,,0,,0,,,3995;2864;3450;2655;2579;2578;33;2638;2583;134;3351,3995:48509.93389213166;2864:48513.03966153342;3450:48516.913399586854;2655:48567.2391289949;2579:48615.11474391154;2578:48680.8272512981;33:48773.393318807575;2638:48837.8625845384;2583:48884.346983963565;134:48887.27169108097;3351:48942.84234370343
0,8,default_vehtype,route,False,-1000,48396.904872830884,48990.9876471232,48396.904872830884,0.0,3702;-1;-1,2519;-1;-1,4985.920941521998,0.800054621477219,0.7995560293830662,0.0,,0,,0,,,3702;3502;3501;3701;2970;2967;2969;2968;3980;2975;2974;2973;2972;2971;2976;2872;1073;1072;1071;1070;3800;1069;3778;3775;1068;1067;1066;252;1065;1064;3191;3192;226;1062;1061;1060;1059;1937;1051;872;871;272;271;2519,3702:48396.904872830884;3502:48400.95993383496;3501:48402.56122444651;3701:48405.90470111605;2970:48415.007596052514;2967:48417.30280913215;2969:48420.767401868354;2968:48437.12022714634;3980:48438.00445512774;2975:48457.01566617736;2974:48477.431792204625;2973:48494.79282822474;2972:48513.38096553815;2971:48519.200131054975;2976:48532.19586240989;2872:48536.536313242235;1073:48544.602483739014;1072:48556.188712913805;1071:48569.37737375906;1070:48578.31449450938;3800:48585.03000595902;1069:48589.31893076886;3778:48593.086440554034;3775:48599.80956554765;1068:48630.459514417875;1067:48638.8435971177;1066:48644.85060588344;252:48653.02330445872;1065:48661.060503803055;1064:48676.76817930492;3191:48680.306439015556;3192:48690.68973209818;226:48695.06950200954;1062:48726.639140125146;1061:48744.237623713714;1060:48756.33714400865;1059:48773.71945501366;1937:48783.191834975;1051:48801.16324845226;872:48806.32819508841;871:48829.04054471393;272:48968.75967330323;271:48984.57586432318;2519:48990.9876471232
0,0,default_vehtype,to_depot,True,-1000,48111.88659753852,49077.749797216224,48111.88659753852,0.0,3562;-1;-1,2009;-1;-1,6867.057228518996,0.987970903818173,0.9872841980953211,0.0,,0,,0,,,3562;328;3565;3566;3564;327;326;833;4069;1616;3426;3425;1517;1815;3670;3680;2687;423;422;421;2866;3446;3805;4003;420;4068;268;2633;331;419;2863;3995;2864;3449;63;180;3994;3886;2696;3380;2320;3209;3210;3967;2487;3612;1545;3212;3691;3692;722;3929;3808;3614;2556;2557;2009,3562:48111.88659753852;328:48113.301760937444;3565:48114.905630899404;3566:48115.49611325031;3564:48117.80303825378;327:48146.018788379915;326:48149.1998461987;833:48178.00782953659;4069:48187.98168761414;1616:48193.787693193924;3426:48209.331351702356;3425:48217.94350485534;1517:48221.08444963401;1815:48255.627266924945;3670:48288.95125860832;3680:48300.9770803104;2687:48334.37677073723;423:48340.2545226491;422:48370.73814191185;421:48503.183778506595;2866:48504.24353433664;3446:48530.74007603313;3805:48546.37629904343;4003:48567.817575344256;420:48570.25166497113;4068:48571.08767592389;268:48652.22289987609;2633:48656.12858308475;331:48685.90987007978;419:48698.05545492334;2863:48713.200696525535;3995:48729.87202808897;2864:48734.81222987869;3449:48736.358343126216;63:48812.776948132414;180:48815.16835616273;3994:48815.888358250944;3886:48829.29428831835;2696:48859.404886197895;3380:48867.808524940745;2320:48880.128058610375;3209:48928.83807148363;3210:48947.25333519083;3967:48950.73792951387;2487:48955.642596473255;3612:48974.54436918718;1545:48980.9644159941;3212:49013.291283998245;3691:49020.69972900739;3692:49025.78648548859;722:49027.343691242924;3929:49035.322912617135;3808:49047.51392570109;3614:49058.154461680664;2556:49063.57683557091;2557:49066.415220086696;2009:49077.749797216224
0,8,default_vehtype,boarding,True,48240,48990.9876471232,49085.884093782865,48990.9876471232,0.0,2519;-1;-1,2519;-1;-1,0.0,0.7995560293830662,0.7995560293830662,0,,0,226,1,226,,,
0,6,default_vehtype,boarding,True,48240,48960.0812824285,49105.75215059569,48960.0812824285,0.0,3788;-1;-1,3788;-1;-1,0.0,0.5681183867429824,0.5681183867429824,0,,0,225,1,225,,,
0,4,default_vehtype,route,False,-1000,48890.92141093211,49134.058694404506,48890.92141093211,0.0,3562;-1;-1,2687;-1;-1,2245.4447034729997,0.9946209334600372,0.9943963889896895,0.0,,0,223,2,,,3562;3563;3561;3564;327;833;4069;1616;3426;3427;3115;338;2670;3926;3204;3203;424;423;2687,3562:48890.92141093211;3563:48893.795966394326;3561:48894.898496366055;3564:48897.19157850594;327:48931.64761058367;833:48937.68663568275;4069:48954.07619821299;1616:48956.9324897125;3426:48977.18286652284;3427:48985.380856693686;3115:48998.31117157874;338:49001.61935126531;2670:49004.77370487035;3926:49029.14896639106;3204:49057.55279222429;3203:49058.266262898906;424:49085.519210752194;423:49130.14788932755;2687:49134.058694404506
0,4,default_vehtype,boarding,True,-1,49134.058694404506,49164.058694404506,49134.058694404506,0.0,2687;-1;-1,2687;-1;-1,0.0,0.9943963889896895,0.9943963889896895,0,,0,223,2,,223,,
0,4,default_vehtype,route,False,-1000,49164.058694404506,49448.6057357783,49164.058694404506,0.0,2687;-1;-1,427;-1;-1,1907.0288198229996,0.9943963889896895,0.9942056861077071,0.0,,0,,0,,,2687;3680;2675;3204;3926;2670;338;3115;3313;3476;3477;3475;3474;426;3568;427,2687:49164.058694404506;3680:49197.36716489143;2675:49197.90026598516;3204:49200.05700315084;3926:49225.85052367908;2670:49259.49468707198;338:49260.078821279756;3115:49262.95917619882;3313:49298.18309508924;3476:49318.149906086444;3477:49327.499577485796;3475:49366.00205053962;3474:49370.827110990416;426:49393.90168298382;3568:49395.11815887136;427:49448.6057357783
0,4,default_vehtype,boarding,True,48480,49448.6057357783,49501.790473412824,49448.6057357783,0.0,427;-1;-1,427;-1;-1,0.0,0.9942056861077071,0.9942056861077071,0,,0,229,1,229,,,
0,7,default_vehtype,route,False,-1000,48619.07127909744,49658.77135435056,48619.07127909744,0.0,1229;-1;-1,427;-1;-1,6044.609964259996,0.7630768695461778,0.7624724085497518,0.0,,0,218,1,,,1229;738;551;1230;1231;1232;2182;2183;1924;1925;1926;1758;2109;733;734;332;331;2633;4067;2632;4004;3750;3749;3684;2866;421;422;2688;2687;3680;3203;3204;3926;2670;3666;3115;3313;3476;3477;425;3474;426;3567;3314;2716;428;427,1229:48619.07127909744;738:48621.957460153346;551:48627.032614323296;1230:48669.890355159485;1231:48680.31939201587;1232:48694.40725919864;2182:48740.49066916676;2183:48753.03490237558;1924:48768.776645891565;1925:48774.82596338944;1926:48812.665179842974;1758:48817.44829211744;2109:48843.694300972515;733:48885.77082013791;734:48898.53063764747;332:48905.47552303312;331:48919.90108116496;2633:48941.01763345207;4067:48989.261233767174;2632:48989.76875256662;4004:48993.387978318045;3750:49005.36070754214;3749:49014.93070154567;3684:49031.86160930888;2866:49036.632388890284;421:49037.32992718468;422:49110.10451523712;2688:49112.390582000524;2687:49218.44599036606;3680:49251.754460852986;3203:49253.92055285731;3204:49255.47447381275;3926:49281.26799434099;2670:49314.91215773389;3666:49317.66623667834;3115:49321.123289974465;3313:49431.33347372699;3476:49453.13119560189;3477:49462.60432831959;425:49470.05305194163;3474:49499.79614141412;426:49522.87071340752;3567:49528.074605583875;3314:49529.5839371886;2716:49629.379440029625;428:49632.97627421288;427:49658.77135435056
0,7,default_vehtype,boarding,True,-1,49658.77135435056,49688.77135435056,49658.77135435056,0.0,427;-1;-1,427;-1;-1,0.0,0.7624724085497518,0.7624724085497518,0.0,,0,218,1,,218,,
0,8,default_vehtype,route,False,-1000,49085.884093782865,49685.58082993654,49085.884093782865,0.0,2519;-1;-1,3426;-1;-1,3605.272933353001,0.7995560293830662,0.7991955020897318,0.0,,0,226,1,,,2519;271;270;269;332;331;2633;4067;2632;4004;3750;3749;3684;2867;421;422;423;2687;3680;2675;3670;1815;1517;3425;3426,2519:49085.884093782865;271:49100.971811593234;270:49161.10564972268;269:49171.08239483908;332:49179.91270395668;331:49194.33826208852;2633:49215.45481437563;4067:49263.698414690734;2632:49264.20593349018;4004:49267.825159241605;3750:49279.7978884657;3749:49289.36788246923;3684:49306.29879023244;2867:49309.50608883567;421:49311.444258164076;422:49369.38586475827;423:49393.260355742255;2687:49395.03927478922;3680:49448.48329689788;2675:49450.44283871156;3670:49465.653162489136;1815:49649.33746043263;1517:49675.258205424965;3425:49677.046670167;3426:49685.58082993654
0,3,default_vehtype,route,False,-1000,48970.0,49716.44443896419,48970.0,0.0,3351;3352;0.651,1611;-1;-1,4522.944361327275,0.9952798613748621,0.9948275669387291,0.0,,0,,0,,,3351;3352;3351;134;2637;2638;33;2578;183;3388;34;2865;3194;3195;1610;2858;3807;3935;3971;1611,3351:48970;3352:48984.56835678325;3351:49023.71270674928;134:49078.02915259119;2637:49127.42137466283;2638:49130.90015674424;33:49176.40449819761;2578:49226.52181120317;183:49300.8219715021;3388:49304.442562714314;34:49318.83663563759;2865:49400.08950852589;3194:49405.165212733824;3195:49541.11600551342;1610:49543.07249096096;2858:49614.666754877115;3807:49641.173261538424;3935:49662.67100258697;3971:49715.973224927344;1611:49716.44443896419
0,8,default_vehtype,boarding,True,-1,49685.58082993654,49715.58082993654,49685.58082993654,0.0,3426;-1;-1,3426;-1;-1,0.0,0.7991955020897318,0.7991955020897318,0.0,,0,226,1,,226,,
0,3,default_vehtype,boarding,True,48540,49716.44443896419,49744.441553073724,49716.44443896419,0.0,1611;-1;-1,1611;-1;-1,0.0,0.9948275669387291,0.9948275669387291,0,,0,232,1,232,,,
0,11,default_vehtype,route,False,-1000,47837.592589444204,49752.226783084014,47837.592589444204,0.0,3446;-1;-1,1827;-1;-1,14152.845051292998,0.8123388942624854,0.8109236097573542,0.0,,0,213,1,,,3446;2866;421;422;423;2687;3680;2675;3204;3926;2670;338;3665;3925;425;3477;3475;3315;3567;3314;3568;427;428;3771;172;2596;1;3272;71;56;3057;0;2580;3331;2534;3455;2618;2573;4;5;92;158;3264;3327;3321;3319;3325;2129;2225;1501;1500;1671;1827,3446:47837.592589444204;2866:47848.52436095577;421:47851.889689677286;422:47896.84687695535;423:47928.0822108589;2687:47930.67851057002;3680:47945.81575843308;2675:47948.06926652414;3204:47950.92883238903;3926:47975.1939357615;2670:47981.191492863996;338:47982.65759724788;3665:48007.79998930726;3925:48022.361194913145;425:48034.82284669935;3477:48036.24832366437;3475:48094.19189273889;3315:48113.55335194783;3567:48120.74938114327;3314:48122.931891007254;3568:48130.484338193164;427:48288.21628767315;428:48329.57194245152;3771:48364.809244135955;172:48366.80239291586;2596:48388.58194288439;1:48410.75324224508;3272:48457.76842406743;71:48555.26265426542;56:48616.31942264673;3057:48640.12522890771;0:48724.45146196295;2580:48770.23350187572;3331:48995.704485212176;2534:49039.047948434294;3455:49041.546727587775;2618:49091.421376011356;2573:49136.789078247595;4:49143.72550774987;5:49234.13705466604;92:49288.27588322462;158:49330.51723511277;3264:49339.79172855188;3327:49391.43720463577;3321:49417.17647103535;3319:49418.00109796835;3325:49431.34261709259;2129:49458.12381211468;2225:49520.524169615484;1501:49535.88426571018;1500:49571.34596553084;1671:49732.9384932972;1827:49752.226783084014
0,11,default_vehtype,boarding,True,-1,49752.226783084014,49782.226783084014,49752.226783084014,0.0,1827;-1;-1,1827;-1;-1,0.0,0.8109236097573542,0.8109236097573542,0,,0,213,1,,213,,
0,11,default_vehtype,route,False,-1000,49782.226783084014,49798.95631144141,49782.226783084014,0.0,1827;-1;-1,1671;-1;-1,75.40641655,0.8109236097573542,0.8109160691156991,0.0,,0,,0,,,1827;1671,1827:49782.226783084014;1671:49798.95631144141
0,4,default_vehtype,route,False,-1000,49501.790473412824,49819.555790375256,49501.790473412824,0.0,427;-1;-1,2223;-1;-1,2278.17824297,0.9942056861077071,0.9939778682834105,0.0,,0,229,1,,,427;428;2716;2715;3054;3112;4030;4031;3862;4032;1888;2403;2503;2345;358;2372;2497;2203;2223,427:49501.790473412824;428:49529.81291838593;2716:49531.077025902974;2715:49549.0941496241;3054:49562.633654724574;3112:49589.771287860385;4030:49642.01471401864;4031:49644.466206461984;3862:49652.044911417135;4032:49662.24650173679;1888:49686.618498729054;2403:49692.366144147294;2503:49746.91674374358;2345:49761.437268359055;358:49767.30291283206;2372:49768.28387202691;2497:49792.24194137293;2203:49809.57321744002;2223:49819.555790375256
0,11,default_vehtype,boarding,True,49260,49798.95631144141,49811.06904592572,49798.95631144141,0.0,1671;-1;-1,1671;-1;-1,0.0,0.8109160691156991,0.8109160691156991,0.0,,0,239,1,239,,,
0,4,default_vehtype,boarding,True,-1,49819.555790375256,49849.555790375256,49819.555790375256,0.0,2223;-1;-1,2223;-1;-1,0.0,0.9939778682834105,0.9939778682834105,0,,0,229,1,,229,,
0,10,default_vehtype,route,False,-1000,48854.28057433976,49916.12117433842,48854.28057433976,0.0,1693;-1;-1,2687;-1;-1,8076.858217750006,0.5253055561658446,0.5244978703440689,0.0,,0,230,1,,,1693;648;3293;3296;3277;716;717;718;719;778;777;1578;548;1579;1851;1331;1219;2349;1568;1011;1567;1566;1251;2333;1198;1872;2178;2824;3646;504;2697;3208;2698;3845;3596;3595;2657;180;63;3449;199;1390;732;733;734;332;331;2633;4067;2632;4004;3750;3749;3684;2867;421;422;423;2687,1693:48854.28057433976;648:48869.795017351404;3293:48912.88102968752;3296:48915.08543555964;3277:48924.53204544019;716:48932.30634186853;717:48941.60819064922;718:48996.16657825404;719:49039.56593131496;778:49068.83385940765;777:49079.91977770683;1578:49086.02869926808;548:49091.69210770805;1579:49094.650921609886;1851:49111.60594067938;1331:49114.52851461544;1219:49134.167155790055;2349:49151.20043323403;1568:49153.97084669888;1011:49161.160331720384;1567:49177.89139440793;1566:49183.339442861914;1251:49186.57882411421;2333:49206.38131997138;1198:49217.9093373205;1872:49220.99358690583;2178:49232.5336193163;2824:49242.584737819096;3646:49247.56882733723;504:49248.36877985632;2697:49253.196615577064;3208:49258.5692849706;2698:49277.72677186812;3845:49315.34672792673;3596:49339.84694543403;3595:49342.278084075944;2657:49351.75088890015;180:49369.1335568713;63:49371.76758733717;3449:49484.34337698896;199:49500.512045397;1390:49528.96635844588;732:49551.53356935715;733:49592.81161878835;734:49604.73321661611;332:49618.604504471215;331:49672.17568348563;2633:49691.467268771994;4067:49750.535922357914;2632:49754.73887024283;4004:49758.027900978996;3750:49778.703108226975;3749:49797.250350879454;3684:49819.98037569772;2867:49828.90285023809;421:49834.50232464076;422:49890.46776430747;423:49914.342255291456;2687:49916.12117433842
0,7,default_vehtype,route,False,-1000,49688.77135435056,49933.986157742336,49688.77135435056,0.0,427;-1;-1,2636;-1;-1,2090.1598354700004,0.7624724085497518,0.7622633925662051,0.0,,0,,0,,,427;3568;426;3474;3475;3477;3476;3313;3115;3666;2670;2671;336;335;2582;2636,427:49688.77135435056;3568:49699.87206079659;426:49703.254182361416;3474:49729.48299568285;3475:49737.7452963992;3477:49749.73006476522;3476:49753.901873143295;3313:49776.64729233576;3115:49799.77862517198;3666:49801.96917691354;2670:49803.47686841962;2671:49856.59118248932;336:49859.50441862163;335:49890.85964871034;2582:49894.67714318419;2636:49933.986157742336
0,7,default_vehtype,boarding,True,49500,49933.986157742336,49940.487673293406,49933.986157742336,0.0,2636;-1;-1,2636;-1;-1,0.0,0.7622633925662051,0.7622633925662051,0.0,,0,245,1,245,,,
0,8,default_vehtype,route,False,-1000,49715.58082993654,49945.857752196694,49715.58082993654,0.0,3426;-1;-1,2208;-1;-1,1769.169590553001,0.7991955020897318,0.7990185851306767,0.0,,0,,0,,,3426;1616;4069;833;326;327;3564;3561;3563;3562;4026;2208,3426:49715.58082993654;1616:49743.09649474128;4069:49749.53737249014;833:49780.56176639592;326:49797.26266763907;327:49810.65167216792;3564:49820.340546468695;3561:49826.615064492995;3563:49827.54108519372;3562:49829.80678209575;4026:49927.71694728814;2208:49945.857752196694
0,10,default_vehtype,boarding,True,-1,49916.12117433842,49946.12117433842,49916.12117433842,0.0,2687;-1;-1,2687;-1;-1,0.0,0.5244978703440689,0.5244978703440689,0.0,,0,230,1,,230,,
0,8,default_vehtype,boarding,True,49380,49945.857752196694,49959.40168667611,49945.857752196694,0.0,2208;-1;-1,2208;-1;-1,0.0,0.7990185851306767,0.7990185851306767,0,,0,241,1,241,,,
0,6,default_vehtype,route,False,-1000,49105.75215059569,49980.445867365,49105.75215059569,0.0,3788;-1;-1,1611;-1;-1,4598.416569206997,0.5681183867429824,0.5676585450860608,0.0,,0,225,1,,,3788;3350;3352;3351;134;2637;2638;33;2578;183;3388;34;2865;3194;3195;1610;2858;3807;3935;3971;1611,3788:49105.75215059569;3350:49112.20714043092;3352:49121.58098385741;3351:49160.72533382344;134:49215.04177966535;2637:49264.43400173699;2638:49267.9127838184;33:49313.41712527177;2578:49464.94054117226;183:49538.08675406386;3388:49541.36458642944;34:49560.83156337922;2865:49646.984915515415;3194:49652.06061972335;3195:49788.01141250294;1610:49789.96789795049;2858:49861.56216186664;3807:49888.06866852795;3935:49909.566409576495;3971:49979.01706984098;1611:49980.445867365
0,6,default_vehtype,boarding,True,49260,49980.445867365,50010.445867365,49980.445867365,0.0,1611;-1;-1,1611;-1;-1,0.0,0.5676585450860608,0.5676585450860608,0,,0,225;240,2,240,225,,
0,3,default_vehtype,route,False,-1000,49744.441553073724,50156.33618160864,49744.441553073724,0.0,1611;-1;-1,734;-1;-1,1631.5066846070008,0.9948275669387291,0.9946644162702686,0.0,,0,232,1,,,1611;3971;3935;3807;2858;1610;3195;268;2633;331;332;734,1611:49744.441553073724;3971:49746.74105191854;3935:49789.67219933478;3807:49816.594079534916;2858:49922.85683217692;1610:50007.26746616541;3195:50009.43402271143;268:50031.609637270456;2633:50035.62288665819;331:50067.5844551295;332:50123.083412562584;734:50156.33618160864
0,3,default_vehtype,boarding,True,-1,50156.33618160864,50186.33618160864,50156.33618160864,0.0,734;-1;-1,734;-1;-1,0.0,0.9946644162702686,0.9946644162702686,0,,0,232,1,,232,,
0,9,default_vehtype,route,False,-1000,48173.26719474569,50216.677761820916,48173.26719474569,0.0,1654;-1;-1,852;-1;-1,17526.272974520012,0.7233514524615071,0.7215988251640548,0.0,,0,221,1,,,1654;1449;2783;2784;1448;3175;2816;28;3049;2786;3734;3454;2958;3453;2788;2791;2794;2795;2799;2802;4047;2803;3866;3360;2805;3127;2806;3288;2807;95;94;2810;2815;2813;2814;3628;971;3630;2589;2590;3631;2554;3440;3438;3627;2553;3626;2551;2548;3656;66;143;2629;3730;3729;2546;3728;2543;2768;2561;2833;3401;2844;16;2118;83;3917;3468;1922;1999;1010;2843;2842;2841;3649;2840;2839;2838;3102;2669;2619;2769;2770;3779;2771;2772;2773;3558;2774;3552;2743;2744;2745;3126;1446;1981;2139;3554;3059;3681;178;3555;0;3057;56;71;3272;1;2596;3054;3112;430;431;868;861;862;846;847;848;579;849;850;851;852,1654:48173.26719474569;1449:48193.68054243498;2783:48197.8086862237;2784:48264.048702930224;1448:48265.07049739455;3175:48278.85146472384;2816:48299.19713001319;28:48308.8564117308;3049:48313.42151898965;2786:48319.68928454474;3734:48346.066340921694;3454:48355.11963777385;2958:48357.24798191643;3453:48363.22454505398;2788:48369.362210004525;2791:48384.93192739337;2794:48392.706409851315;2795:48397.51031924155;2799:48412.356620928134;2802:48436.81083731391;4047:48450.098470073666;2803:48450.54710018125;3866:48451.27026618942;3360:48452.63938147608;2805:48466.09943040333;3127:48483.15876119903;2806:48483.97842079446;3288:48514.94162540253;2807:48519.19643687627;95:48522.04290841996;94:48523.91789283022;2810:48538.73870976163;2815:48550.0682555847;2813:48560.09723079533;2814:48560.771526914374;3628:48587.70012147161;971:48597.65668793798;3630:48602.01362703997;2589:48614.39129063798;2590:48617.5221255073;3631:48642.95092042641;2554:48645.82151594012;3440:48648.96777340851;3438:48650.00679498058;3627:48653.38371982198;2553:48671.63101749802;3626:48673.36816231571;2551:48680.56686490049;2548:48693.90672529219;3656:48696.32628523946;66:48704.42203702105;143:48713.02605931067;2629:48715.70257615347;3730:48739.57871318148;3729:48745.017061944156;2546:48746.60115304117;3728:48748.924602733954;2543:48787.066297414654;2768:48789.029823111945;2561:48875.35852948722;2833:48947.256150860114;3401:48983.24399225859;2844:48987.39941062656;16:49013.396658819955;2118:49019.9506734294;83:49041.552713657766;3917:49076.15402585522;3468:49088.51605612816;1922:49096.97473608998;1999:49116.729238322696;1010:49139.924610765935;2843:49165.31311795898;2842:49209.13818794809;2841:49220.44638369826;3649:49237.72513872114;2840:49238.592919989234;2839:49269.237581545276;2838:49296.738674514476;3102:49346.52858660762;2669:49349.00111093479;2619:49362.66994775712;2769:49369.45259421115;2770:49372.48372243066;3779:49373.604422043325;2771:49375.99428639505;2772:49378.7781758929;2773:49389.51831324535;3558:49401.23220070951;2774:49401.85859483537;3552:49403.71328161792;2743:49419.45272030534;2744:49441.89786283286;2745:49461.58645424271;3126:49469.03306470782;1446:49471.936072504934;1981:49516.357730158685;2139:49532.89305918678;3554:49538.74229012912;3059:49540.08449148602;3681:49552.3988698958;178:49554.0170828855;3555:49555.832904018476;0:49606.30606207542;3057:49671.95340819489;56:49709.94537689018;71:49756.56444566046;3272:49821.66129688639;1:49864.068965334525;2596:49929.36869594997;3054:49932.15097021797;3112:49937.42550092323;430:49961.56901486499;431:49980.4069283388;868:49993.18244670017;861:50005.33592410615;862:50035.71416033096;846:50056.312485725386;847:50063.02129082554;848:50109.01458991936;579:50139.102355466544;849:50146.31769236759;850:50162.063563642594;851:50188.359721786765;852:50216.677761820916
0,9,default_vehtype,boarding,True,-1,50216.677761820916,50246.677761820916,50216.677761820916,0.0,852;-1;-1,852;-1;-1,0.0,0.7215988251640548,0.7215988251640548,0,,0,221,1,,221,,
0,4,default_vehtype,route,False,-1000,49849.555790375256,50283.1627745755,49849.555790375256,0.0,2223;-1;-1,427;-1;-1,2288.23561236,0.9939778682834105,0.9937490447221746,0.0,,0,,0,,,2223;2203;2497;2372;358;2345;2503;2403;1888;4032;3862;4031;4030;3112;429;2596;172;3771;428;427,2223:49849.555790375256;2203:49861.99724934042;2497:49886.61209843734;2372:49894.2211350918;358:49898.3819741932;2345:49933.950678198824;2503:49963.678813852675;2403:49996.13978508679;1888:50056.46549707595;4032:50076.213920520655;3862:50085.15768314645;4031:50100.94831933104;4030:50105.77651342073;3112:50181.56639260389;429:50183.44204956399;2596:50197.2396358113;172:50230.815036909255;3771:50233.11648559919;428:50269.60182252876;427:50283.1627745755
0,4,default_vehtype,boarding,True,49800,50283.1627745755,50307.59597009077,50283.1627745755,0.0,427;-1;-1,427;-1;-1,0.0,0.9937490447221746,0.9937490447221746,0,,0,246,1,246,,,
0,8,default_vehtype,route,False,-1000,49959.40168667611,50337.95921203581,49959.40168667611,0.0,2208;-1;-1,278;-1;-1,2422.562145860001,0.7990185851306767,0.7987763289160904,0.0,,0,241,1,,,2208;4026;3562;3563;3565;328;3314;3568;427;428;2121;278,2208:49959.40168667611;4026:49992.66533489972;3562:50082.226187702785;3563:50085.23974819018;3565:50086.4613051319;328:50087.07244771739;3314:50132.529510101645;3568:50138.09210509914;427:50177.1727483815;428:50210.07956716736;2121:50321.415910246935;278:50337.95921203581
0,8,default_vehtype,boarding,True,-1,50337.95921203581,50367.95921203581,50337.95921203581,0.0,278;-1;-1,278;-1;-1,0.0,0.7987763289160904,0.7987763289160904,0,,0,241,1,,241,,
0,1,default_vehtype,out_of_service,True,-1,48669.57139993861,50400,48669.57139993861,0.0,2009;-1;-1,2009;-1;-1,0.0,0.9918153980772383,0.9918153980772383,0,,0,,0,,,,
0,5,default_vehtype,out_of_service,True,-1,47172.132094385444,50400,47172.132094385444,0.0,19;-1;-1,19;-1;-1,0.0,0.9916961079826415,0.9916961079826415,0,,0,,0,,,,
0,7,default_vehtype,route,False,-1000,49940.487673293406,50482.51177510356,49940.487673293406,0.0,2636;-1;-1,2403;-1;-1,3391.344653070001,0.7622633925662051,0.7619242581008985,0.0,,0,245,1,,,2636;2582;2671;336;3974;337;338;3115;3313;3476;3477;3475;3315;3567;3314;328;3562;4026;2208;1880;2403,2636:49940.487673293406;2582:49969.081839659564;2671:50043.28757102028;336:50047.7742678327;3974:50086.37627939072;337:50089.22829125003;338:50123.40806566507;3115:50125.38437339423;3313:50147.13257327209;3476:50184.00344674645;3477:50195.20314963568;3475:50221.34298945727;3315:50245.41757913789;3567:50264.04370953257;3314:50265.72997298919;328:50299.06504170789;3562:50301.00918224601;4026:50351.03760384586;2208:50369.178408754415;1880:50448.23481070081;2403:50482.51177510356
0,7,default_vehtype,boarding,True,-1,50482.51177510356,50512.51177510356,50482.51177510356,0.0,2403;-1;-1,2403;-1;-1,0.0,0.7619242581008985,0.7619242581008985,0,,0,245,1,,245,,
0,6,default_vehtype,route,False,-1000,50010.445867365,50634.03918142148,50010.445867365,0.0,1611;-1;-1,3562;-1;-1,4751.715966400003,0.5676585450860608,0.5671833734894204,0.0,,0,240,1,,,1611;3935;3807;2858;1610;2865;3194;3193;421;2867;2906;2688;422;423;2687;3680;3203;3204;3926;2670;3666;3115;3313;3476;3477;3475;3315;3567;3314;328;3562,1611:50010.445867365;3935:50029.288151059984;3807:50050.65704563499;2858:50074.1258123856;1610:50158.53644637409;2865:50208.5946216705;3194:50211.12507006484;3193:50213.72466212463;421:50251.24181722117;2867:50254.85732346045;2906:50264.91990769029;2688:50300.16709627652;422:50304.81395152157;423:50324.84898191521;2687:50327.14922303458;3680:50342.11782811412;3203:50343.05017846278;3204:50343.94189024668;3926:50370.06011923094;2670:50413.839652036324;3666:50414.53593332965;3115:50418.33871214899;3313:50440.08691202685;3476:50476.95778550121;3477:50488.15748839044;3475:50514.29732821203;3315:50550.85778135062;3567:50570.968062393695;3314:50574.393811909664;328:50633.200311909626;3562:50634.03918142148
0,6,default_vehtype,boarding,True,-1,50634.03918142148,50664.03918142148,50634.03918142148,0.0,3562;-1;-1,3562;-1;-1,0.0,0.5671833734894204,0.5671833734894204,0,,0,240,1,,240,,
0,10,default_vehtype,route,False,-1000,50280,50788.82271807685,50280,0,2687;-1;-1,1813;-1;-1,2777.708139950003,0.5244978703440689,0.5242200995300745,0.0,,0,,0,,,2687;3680;3203;3204;3926;2670;338;337;3974;336;335;3110;2637;134;2583;3349;3111;1813,2687:50280;3680:50294.968605079535;3203:50295.900955428195;3204:50296.792667212096;3926:50322.91089619636;2670:50366.69042900174;338:50369.51883625791;337:50424.55353852689;3974:50426.75637846886;336:50436.23491905484;335:50482.87132869325;3110:50510.40958521516;2637:50529.5432270244;134:50554.94002406575;2583:50560.97530037286;3349:50653.793452089005;3111:50656.233550689416;1813:50788.82271807685
0,3,default_vehtype,route,False,-1000,50340,50820,50340,0,734;-1;-1,2635;2583;0.788,4186.565874355828,0.9946644162702686,0.9942457596828328,0.0,,0,,0,,,734;419;2863;3995;2864;3449;3450;173;2862;2857;3335;2635,734:50340;419:50377.77978013849;2863:50388.933026215316;3995:50407.57530325463;2864:50409.12705679896;3449:50410.12791465429;3450:50411.82257669135;173:50453.65463326332;2862:50531.18480397063;2857:50585.749342062416;3335:50652.64010314398;2635:50798.07653125741
0,10,default_vehtype,boarding,True,50280,50788.82271807685,50876.98326956555,50788.82271807685,0.0,1813;-1;-1,1813;-1;-1,0.0,0.5242200995300745,0.5242200995300745,0,,0,247,2,247,,,
0,5,default_vehtype,route,False,-1000,50760,50986.99513271155,50760,0,19;-1;-1,3033;-1;-1,3687.816624059001,0.9916961079826415,0.9913273263202357,0.0,,0,,0,,,19;20;3895;3894;3893;3104;3103;3093;3094;3488;2566;3095;21;4063;4064;2847;22;2650;2649;3096;3300;3299;1586;1585;898;1584;3406;3317;3033,19:50760;20:50763.66723118605;3895:50776.002900996966;3894:50785.190959609325;3893:50787.577090121704;3104:50792.01206031322;3103:50801.68877967809;3093:50807.0804809698;3094:50807.8495313852;3488:50812.0510256066;2566:50812.65189184551;3095:50817.084152191426;21:50828.84792811858;4063:50831.509347574094;4064:50831.89466330685;2847:50832.92500153004;22:50860.29787498341;2650:50862.86539170223;2649:50865.082304000614;3096:50868.481456411915;3300:50899.12144742285;3299:50902.96245820742;1586:50926.13920031806;1585:50941.80462546751;898:50949.925700243526;1584:50976.24314647792;3406:50981.795219020365;3317:50983.22267249374;3033:50986.99513271155
0,8,default_vehtype,route,False,-1000,50460,51012.30084416262,50460,0,278;-1;-1,328;-1;-1,1747.3565551000015,0.7987763289160904,0.7986015932605814,0.0,,0,,0,,,278;2121;428;427;3568;426;3567;3314;328,278:50460;2121:50473.193547356575;428:50783.21118584524;427:50876.42944049078;3568:50944.85240081141;426:50946.338853255045;3567:50950.06859464669;3314:50953.49434416266;328:51012.30084416262
0,5,default_vehtype,boarding,True,50760,50986.99513271155,51027.72999986707,50986.99513271155,0.0,3033;-1;-1,3033;-1;-1,0.0,0.9913273263202357,0.9913273263202357,0,,0,253,1,253,,,
0,9,default_vehtype,route,False,-1000,50760,51035.18075194351,50760,0,852;-1;-1,1429;-1;-1,1217.9698248700004,0.7215988251640548,0.7214770281815679,0.0,,0,,0,,,852;1278;2405;2443;2374;1426;1427;1428;1429,852:50760;1278:50818.81757326333;2405:50829.628602769066;2443:50892.73171493436;2374:50928.91664210953;1426:50980.43559262359;1427:50995.30956673347;1428:51025.73599580991;1429:51035.18075194351
0,8,default_vehtype,boarding,True,50460,51012.30084416262,51053.75539242874,51012.30084416262,0.0,328;-1;-1,328;-1;-1,0.0,0.7986015932605814,0.7986015932605814,0,,0,249,1,249,,,
0,6,default_vehtype,route,False,-1000,50700,51093.60692562086,50700,0,3562;-1;-1,514;-1;-1,2921.603871758999,0.5671833734894204,0.5668912131022446,0.0,,0,,0,,,3562;328;3565;3566;3567;3314;2716;428;3771;172;2715;3054;2596;429;3112;430;431;432;433;434;2119;555;1633;1920;514,3562:50700;328:50701.75638645146;3565:50704.67075387555;3566:50705.863106231474;3567:50726.92841746106;3314:50730.35416697703;2716:50760.86219743288;428:50767.5263271928;3771:50785.862225584686;172:50789.838775708544;2715:50795.676297973885;3054:50804.58642430222;2596:50806.70601400155;429:50818.19367925709;3112:50822.284059535275;430:50841.90606874927;431:50879.00685126394;432:50886.5322273275;433:50927.22776009938;434:50977.6265266968;2119:51004.57585717004;555:51032.26442108651;1633:51041.27799809887;1920:51083.702360094205;514:51093.60692562086
0,6,default_vehtype,boarding,True,50700,51093.60692562086,51114.62673121923,51093.60692562086,0.0,514;-1;-1,514;-1;-1,0.0,0.5668912131022446,0.5668912131022446,0.0,,0,251,1,251,,,
0,7,default_vehtype,route,False,-1000,50820.0,51120.0,50820.0,0.0,2403;-1;-1,3672;1517;0.344,1778.9628883891316,0.7619242581008985,0.7617463618120598,0.0,,0,,0,,,2403;1880;2208;4026;2386;3772;3922;832;3400;997;2305;1889;2279;2156;3421;3423;3424;265;3672,2403:50820;1880:50841.60953649666;2208:50856.65148057939;4026:50965.89357586;2386:50967.35103202993;3772:50976.498842459456;3922:50991.63415360309;832:50994.21484761571;3400:51006.662204208136;997:51014.581677436676;2305:51018.92263104502;1889:51025.81406916136;2279:51053.7852544024;2156:51077.70309226403;3421:51085.54449378866;3423:51087.89962336465;3424:51093.01480196843;265:51100.317199547746;3672:51103.4045852723
0,3,default_vehtype,route,False,-1000,50820,51128.33567294401,50820,0,2635;2583;0.788,427;-1;-1,2459.6872661541734,0.9942457596828328,0.9939997909562176,0.0,,0,,0,,,2635;2583;2638;2582;335;336;3974;3973;2347;3665;3925;3476;3477;425;3474;426;3568;427,2635:50820;2583:50825.90816052688;2638:50838.90552915833;2582:50881.06522786604;335:50882.39298894623;336:50953.284578390754;3974:50996.26988167921;3973:50999.29190721347;2347:51009.75652574702;3665:51019.1634290095;3925:51040.73791244815;3476:51042.763114294234;3477:51057.35767562479;425:51059.11985868261;3474:51066.79655960731;426:51111.71438500469;3568:51114.34066893015;427:51128.33567294401
0,3,default_vehtype,boarding,True,50820,51128.33567294401,51133.39297492799,51128.33567294401,0.0,427;-1;-1,427;-1;-1,0.0,0.9939997909562176,0.9939997909562176,0,,0,255,1,255,,,
0,9,default_vehtype,boarding,True,50760,51035.18075194351,51130.94809708784,51035.18075194351,0.0,1429;-1;-1,1429;-1;-1,0.0,0.7214770281815679,0.7214770281815679,0,,0,252,2,252,,,
0,1,default_vehtype,route,False,-1000,50640,51291.53056839277,50640,0,2009;-1;-1,705;-1;-1,5365.448414838002,0.9918153980772383,0.9912788532357547,0.0,,0,,0,,,2009;2557;2558;3217;3221;2822;1703;628;3138;1419;3139;1702;1701;1700;1699;1698;1697;1696;1695;1554;1511;1694;287;2946;648;1693;1692;1691;1050;1690;1689;1688;1687;112;1686;1421;510;1685;1684;491;3550;3549;3548;707;706;705,2009:50640;2557:50644.7393613882;2558:50677.61107843302;3217:50687.57409475612;3221:50703.17349575816;2822:50705.308453373465;1703:50713.174777284505;628:50731.072904814995;3138:50741.23340341617;1419:50742.30821787797;3139:50744.587819277054;1702:50745.712913223666;1701:50752.843638890634;1700:50772.62690242003;1699:50797.01227806197;1698:50818.765405191494;1697:50827.18934909358;1696:50880.226793758215;1695:50906.708028966874;1554:50910.79710744329;1511:50917.850349017004;1694:50925.02703058071;287:50932.42329825875;2946:50940.69672529176;648:50944.377166009355;1693:50951.18632809438;1692:50995.8282502118;1691:51004.002244656156;1050:51012.05977890878;1690:51023.37137545619;1689:51037.01157370355;1688:51048.00875654229;1687:51057.478636994114;112:51068.561480597666;1686:51079.981221950155;1421:51086.084804840015;510:51104.16390508351;1685:51114.219334758876;1684:51141.10313026349;491:51212.416526097455;3550:51225.27915563749;3549:51227.21619175039;3548:51227.46587377963;707:51251.13683441241;706:51269.711846244114;705:51291.53056839277
0,1,default_vehtype,boarding,True,50640,51291.53056839277,51320.458150670784,51291.53056839277,0.0,705;-1;-1,705;-1;-1,0.0,0.9912788532357547,0.9912788532357547,0,,0,250,1,250,,,
0,7,default_vehtype,route,False,-1000,51120,51345.72374991894,51120,0,3672;1517;0.344,427;-1;-1,1685.6718763708686,0.7617463618120598,0.7615777946244228,0.0,,0,,0,,,3672;1517;3425;3426;3427;3115;3313;3476;3477;425;3474;426;3568;427,3672:51120;1517:51148.90512867499;3425:51151.63630271849;3426:51180.44019513359;3427:51203.840360402064;3115:51227.19769445587;3313:51239.863658064816;3476:51279.767548307536;3477:51289.29208160944;425:51300.16379414636;3474:51314.7845295173;426:51332.16479072407;3568:51333.79815730875;427:51345.72374991894
0,2,default_vehtype,route,False,-1000,48679.01727171931,51351.1096875373,48679.01727171931,0.0,2383;-1;-1,1429;-1;-1,15989.851227980016,0.9968070626034984,0.9952080774807011,0.0,,0,222,1,,,2383;2276;2277;464;3867;3866;3360;2805;3127;2806;3288;2807;95;94;2810;2815;2813;2814;3628;971;3630;2589;2590;3631;2554;3440;3438;3627;2553;3626;2551;2548;3656;66;143;2629;3730;3729;2546;3728;2543;2768;2561;2833;3401;2844;16;2118;83;3917;3468;1922;1999;1010;2843;2842;2841;3649;2840;2839;2838;3102;2669;2619;2769;2770;3779;2771;2772;2773;3558;2774;3552;2743;2744;2745;3126;1446;1981;2139;3554;3059;3681;178;3555;0;3057;56;71;3272;1;2596;3054;3112;430;431;868;861;862;846;847;848;579;849;850;851;852;1278;2405;2443;2374;2375;654;2181;2131;2044;1429,2383:48679.01727171931;2276:48691.028100824486;2277:48698.15527859185;464:48703.80497324866;3867:48716.71365050865;3866:48717.896693858806;3360:48719.265809145465;2805:48770.910294081776;3127:48820.034261340865;2806:48820.80819497503;3288:48865.231506082964;2807:48874.036130992354;95:48875.40409374491;94:48877.094821558574;2810:48898.29934427255;2815:48905.23270635886;2813:48934.27589922833;2814:48935.89251753642;3628:48954.84612034836;971:48960.388685285805;3630:48964.78079090278;2589:49010.92065870003;2590:49012.83710584173;3631:49039.545063846606;2554:49046.433740501874;3440:49060.61190889552;3438:49068.04057690968;3627:49075.12408348571;2553:49083.01214548734;3626:49090.44552637621;2551:49121.86799917951;2548:49230.7273548873;3656:49239.29199432158;66:49268.55656549017;143:49290.140759219415;2629:49292.09760726568;3730:49322.92051861076;3729:49330.493718565915;2546:49332.285221499646;3728:49336.59958808654;2543:49367.397430778816;2768:49372.47049729782;2561:49413.80992818273;2833:49485.06004213748;3401:49507.99043773983;2844:49514.22875991161;16:49548.717958330235;2118:49564.41557692907;83:49601.03567742446;3917:49607.58774313653;3468:49624.915407589804;1922:49628.914543405044;1999:49643.36890205593;1010:49661.109968872144;2843:49680.72066381099;2842:49698.20076618633;2841:49726.5415378502;3649:49746.1231889441;2840:49751.78684655252;2839:49844.58080620767;2838:49856.61051320947;3102:49925.60638801332;2669:49926.8976159855;2619:49954.87451145479;2769:49962.585830175725;2770:49967.13088645917;3779:49969.27592431598;2771:49981.196834873466;2772:49987.61843611898;2773:49993.302695174185;3558:50002.201292794714;2774:50004.579526372065;3552:50005.55678377343;2743:50035.98287019311;2744:50053.08752258343;2745:50069.95589910653;3126:50080.5492224083;1446:50085.00992292531;1981:50150.11589219243;2139:50197.18658968264;3554:50203.48066868722;3059:50206.128370989565;3681:50211.89832045132;178:50213.95480418879;3555:50215.3311503417;0:50267.781676245235;3057:50346.74958735763;56:50434.12768497097;71:50513.18251260707;3272:50555.61120804474;1:50595.786227349396;2596:50626.67853873364;3054:50630.052700228414;3112:50649.2258034011;430:50668.847812615095;431:50705.94859512977;868:50747.64916381637;861:50752.46822183109;862:50792.450455338694;846:50805.631236994544;847:50833.942323725416;848:50850.88014799485;579:50891.048268768114;849:50909.36904666359;850:50912.86626514451;851:50931.009423259;852:50950.55143956808;1278:51009.36901283141;2405:51020.180042337146;2443:51083.28315450244;2374:51119.46808167761;2375:51127.122110102864;654:51250.52011778462;2181:51268.77636099617;2131:51284.14328044547;2044:51296.71882033658;1429:51351.1096875373
0,2,default_vehtype,boarding,True,-1,51351.1096875373,51381.1096875373,51351.1096875373,0.0,1429;-1;-1,1429;-1;-1,0.0,0.9952080774807011,0.9952080774807011,0,,0,222,1,,222,,
0,11,default_vehtype,route,False,-1000,49811.06904592572,51411.95171106206,49811.06904592572,0.0,1671;-1;-1,2623;-1;-1,16221.381167709998,0.8109160691156991,0.8092939309989277,0.0,,0,239,1,,,1671;1500;1501;2225;2129;3325;3319;3321;3327;3264;165;3265;194;203;161;163;3064;3903;131;3939;3065;3066;205;3457;159;138;200;2645;3486;2644;3447;3485;3069;3776;3461;2852;3051;3460;3070;3071;3077;3125;73;3233;3234;1780;193;910;3372;2764;3611;1383;2488;1962;2673;2767;65;66;3529;3528;3227;3226;67;3224;3582;2559;3221;3217;2558;2557;3214;3215;2658;3692;3691;3690;723;1197;1640;1639;1638;2218;1842;2295;2296;1809;2623,1671:49811.06904592572;1500:49814.17106737614;1501:49843.16739703511;2225:49857.46720340748;2129:49879.43727597531;3325:49912.13449655184;3319:49922.83005207544;3321:49925.657091013025;3327:49941.21524334704;3264:49958.15592525466;165:49960.698208257374;3265:49981.474523767654;194:50001.98384634922;203:50009.6268763991;161:50035.03113755183;163:50067.55452046003;3064:50102.28681817877;3903:50139.75496437881;131:50157.94396193689;3939:50162.92093426762;3065:50179.34837764323;3066:50188.73299544162;205:50224.894815958025;3457:50264.035588229584;159:50265.153827253416;138:50278.060339861615;200:50335.84231591132;2645:50365.31793259827;3486:50390.169129186026;2644:50394.562948500265;3447:50395.14074459531;3485:50399.37806293504;3069:50414.092908725455;3776:50417.25399131669;3461:50420.916120296795;2852:50427.63058687654;3051:50429.33046685225;3460:50434.014849089916;3070:50435.74914851522;3071:50441.36120272108;3077:50461.87637859655;3125:50467.97586333275;73:50472.6646528118;3233:50487.02699123483;3234:50488.529759378325;1780:50489.10996068449;193:50496.169231266926;910:50509.81518327759;3372:50510.31375688037;2764:50516.3237306698;3611:50591.96321483432;1383:50618.87785817854;2488:50626.079750536344;1962:50635.16139521362;2673:50693.04133213096;2767:50710.565116584716;65:50718.86452552988;66:50721.00769558264;3529:50742.85013537746;3528:50767.33348037816;3227:50782.047429622915;3226:50789.77314414484;67:50829.08517470135;3224:50840.832900531816;3582:50862.390119643096;2559:50863.7709958842;3221:50866.027218718955;3217:50882.80368083988;2558:50888.07870311241;2557:50946.335931121896;3214:50974.28041495026;3215:50981.76520904807;2658:50988.182644239154;3692:50989.84879322271;3691:51001.57729027233;3690:51109.00769949357;723:51127.23451994502;1197:51156.618930778066;1640:51208.96512237171;1639:51224.17151591408;1638:51236.098294032585;2218:51283.473441230395;1842:51288.947678468;2295:51298.23328989767;2296:51309.205225978396;1809:51380.03354150945;2623:51411.95171106206
0,11,default_vehtype,boarding,True,-1,51411.95171106206,51441.95171106206,51411.95171106206,0.0,2623;-1;-1,2623;-1;-1,0.0,0.8092939309989277,0.8092939309989277,0,,0,239,1,,239,,
0,4,default_vehtype,route,False,-1000,50307.59597009077,51499.23182941211,50307.59597009077,0.0,427;-1;-1,1587;-1;-1,8065.8700464369995,0.9937490447221746,0.9929424577175313,0.0,,0,246,1,,,427;3568;426;3645;3569;3682;1405;1188;1406;2221;258;2175;350;1214;2302;2220;1408;544;3183;543;393;392;391;390;389;388;387;1483;2669;1482;2677;3780;2676;1481;1480;84;107;13;24;23;3122;2536;2762;2595;4076;3487;3557;3155;1588;2834;1587,427:50307.59597009077;3568:50322.28625774841;426:50323.246299437706;3645:50347.65910169494;3569:50354.37332632909;3682:50359.038768234044;1405:50372.37621039297;1188:50386.22778179601;1406:50415.88006727243;2221:50430.792540264214;258:50452.40061045006;2175:50456.97698137948;350:50462.43319849325;1214:50467.88356545951;2302:50507.629122782775;2220:50522.36491057554;1408:50549.60073731173;544:50679.39278822891;3183:50719.905430639774;543:50724.4375179413;393:50729.12467218186;392:50779.4641188111;391:50790.054588343446;390:50814.440647337666;389:50823.02052239901;388:50833.63266395866;387:50845.13350941199;1483:50920.58132386384;2669:50983.431465781316;1482:50988.92527320036;2677:50989.950754417514;3780:51031.839050263276;2676:51129.24978925444;1481:51218.741851077524;1480:51249.9067652576;84:51292.09413926058;107:51302.246485374824;13:51353.31861407757;24:51359.124105479255;23:51360.541416140266;3122:51379.59304879517;2536:51423.17530352255;2762:51429.19948748193;2595:51440.293859887846;4076:51445.592501911575;3487:51467.01420438233;3557:51467.84154664942;3155:51471.79473398232;1588:51476.40120822594;2834:51489.91455979339;1587:51499.23182941211
0,3,default_vehtype,route,False,-1000,51133.39297492799,51500.12777752107,51133.39297492799,0.0,427;-1;-1,1503;-1;-1,2376.2721203500005,0.9939997909562176,0.9937621637441825,0.0,,0,255,1,,,427;3987;3682;1405;1188;1406;349;3571;1407;1408;544;748;2155;1503,427:51133.39297492799;3987:51210.30203319434;3682:51214.129621734886;1405:51236.88749581434;1188:51254.99622711647;1406:51282.29035942076;349:51318.15728955329;3571:51359.54662442222;1407:51361.129980387304;1408:51364.71093731146;544:51420.86527506964;748:51428.13941705731;2155:51438.59204813627;1503:51500.12777752107
0,8,default_vehtype,route,False,-1000,51053.75539242874,51511.61294063092,51053.75539242874,0.0,328;-1;-1,2915;-1;-1,4437.1896062589985,0.7986015932605814,0.7981578742999548,0.0,,0,249,1,,,328;3565;3566;3567;3314;2716;428;3771;172;2715;3054;2596;1;3336;2915,328:51053.75539242874;3565:51056.66975985283;3566:51057.86211220876;3567:51078.92742343834;3314:51082.35317295431;2716:51112.86120341016;428:51119.52533317008;3771:51169.79216246181;172:51176.702476769984;2715:51178.259539629566;3054:51184.63602415587;2596:51187.177951092526;1:51215.582026578144;3336:51310.26332864928;2915:51511.61294063092
0,4,default_vehtype,boarding,True,-1,51499.23182941211,51529.23182941211,51499.23182941211,0.0,1587;-1;-1,1587;-1;-1,0.0,0.9929424577175313,0.9929424577175313,0,,0,246,1,,246,,
0,3,default_vehtype,boarding,True,50340,51500.12777752107,51530.12777752107,51500.12777752107,0.0,1503;-1;-1,1503;-1;-1,0.0,0.9937621637441825,0.9937621637441825,0,,0,255;248,2,248,255,,
0,8,default_vehtype,boarding,True,-1,51511.61294063092,51541.61294063092,51511.61294063092,0.0,2915;-1;-1,2915;-1;-1,0.0,0.7981578742999548,0.7981578742999548,0,,0,249,1,,249,,
0,8,default_vehtype,route,False,-1000,51541.61294063092,51723.95162233713,51541.61294063092,0.0,2915;-1;-1,2917;-1;-1,909.3455504000004,0.7981578742999548,0.7980669397449147,0.0,,0,,0,,,2915;3413;3414;2917,2915:51541.61294063092;3413:51594.27700443497;3414:51608.175713660305;2917:51723.95162233713
0,8,default_vehtype,boarding,True,51060,51723.95162233713,51727.380891642184,51723.95162233713,0.0,2917;-1;-1,2917;-1;-1,0.0,0.7980669397449147,0.7980669397449147,0.0,,0,257,1,257,,,
0,11,default_vehtype,route,False,-1000,51441.95171106206,51757.44314149101,51441.95171106206,0.0,2623;-1;-1,4003;-1;-1,1993.7660068300006,0.8092939309989277,0.8090945543982448,0.0,,0,,0,,,2623;3753;2625;2624;2627;2905;2653;81;3388;34;2865;3194;2866;3684;3749;3750;3805;4003,2623:51441.95171106206;3753:51470.84585633077;2625:51495.01149159364;2624:51497.58328425886;2627:51508.97498151248;2905:51515.418542040934;2653:51516.61279936689;81:51529.54454350134;3388:51561.58353032069;34:51577.998286280075;2865:51653.19096029901;3194:51658.59223094852;2866:51690.12400659466;3684:51691.347613335056;3749:51705.26623357683;3750:51721.69615136663;3805:51733.53895455364;4003:51757.44314149101
0,11,default_vehtype,boarding,True,51180,51757.44314149101,51758.45009272669,51757.44314149101,0.0,4003;-1;-1,4003;-1;-1,0.0,0.8090945543982448,0.8090945543982448,0.0,,0,259,1,259,,,
0,9,default_vehtype,route,False,-1000,51130.94809708784,51763.564095977614,51130.94809708784,0.0,1429;-1;-1,1815;-1;-1,4188.7440414,0.7214770281815679,0.7210581537774268,0.0,,0,252,2,,,1429;1428;1427;1426;2373;1664;3660;2689;2372;358;2345;2503;2403;1880;2208;4026;2386;3772;3922;832;3400;997;996;995;830;326;833;4069;1616;3426;3425;1517;1815,1429:51130.94809708784;1428:51152.1357336806;1427:51169.96355948991;1426:51184.68294849145;2373:51211.02066831347;1664:51245.249407790165;3660:51247.64364632927;2689:51251.215043016215;2372:51346.77902025867;358:51350.52933709229;2345:51372.74760534941;2503:51383.68528227609;2403:51407.37813680852;1880:51448.752240525304;2208:51503.00940298414;4026:51513.679098596534;2386:51514.52777143976;3772:51531.44392861402;3922:51535.09492563024;832:51538.244620264595;3400:51541.50861969065;997:51544.339934745556;996:51561.30902811906;995:51613.406023238356;830:51636.93698625403;326:51654.95175878675;833:51660.97052543575;4069:51665.8328600093;1616:51670.9672917531;3426:51686.06774276201;3425:51694.00991462074;1517:51696.254032542514;1815:51763.564095977614
0,9,default_vehtype,boarding,True,-1,51763.564095977614,51793.564095977614,51763.564095977614,0.0,1815;-1;-1,1815;-1;-1,0.0,0.7210581537774268,0.7210581537774268,0,,0,252,2,,252,,
0,7,default_vehtype,boarding,True,51120,51345.72374991894,51818.54990642424,51345.72374991894,0.0,427;-1;-1,427;-1;-1,0.0,0.7615777946244228,0.7615777946244228,0,,0,258,1,258,,,
0,10,default_vehtype,route,False,-1000,50876.98326956555,51837.16922103246,50876.98326956555,0.0,1813;-1;-1,1955;-1;-1,5562.425018859998,0.5242200995300745,0.5236638570281883,0.0,,0,247,2,,,1813;3111;3349;2583;2638;2582;335;336;3974;3973;2347;3665;3925;3476;3477;425;3474;426;3568;3314;2716;428;3771;172;2715;3054;2596;429;3112;430;431;432;433;434;248;247;246;251;250;249;1955,1813:50876.98326956555;3111:50910.74669272502;3349:50916.07113665903;2583:50950.345776117116;2638:50963.343144748564;2582:51005.50284345628;335:51006.830604536466;336:51077.72219398099;3974:51120.3410101727;3973:51125.426891141935;2347:51149.79332099954;3665:51166.56421157872;3925:51220.462867921335;3476:51223.03447284255;3477:51232.55900614445;425:51243.430718681375;3474:51258.051454052315;426:51275.43171525908;3568:51277.065081843764;3314:51280.022132828926;2716:51306.16340650757;428:51311.031491086585;3771:51362.14689309258;172:51369.05720740075;2715:51370.61427026033;3054:51376.99075478664;2596:51379.53268172329;429:51401.369188422;3112:51403.19214470905;430:51414.56827254516;431:51429.73444110302;432:51448.53609639649;433:51585.93369000192;434:51638.310539827784;248:51749.16865609001;247:51785.98921106624;246:51796.18496414474;251:51798.65470306033;250:51803.15338247813;249:51834.74001834479;1955:51837.16922103246
0,10,default_vehtype,boarding,True,-1,51837.16922103246,51867.16922103246,51837.16922103246,0.0,1955;-1;-1,1955;-1;-1,0.0,0.5236638570281883,0.5236638570281883,0,,0,247,2,,247,,
0,9,default_vehtype,route,False,-1000,51793.564095977614,51891.98860644714,51793.564095977614,0.0,1815;-1;-1,3665;-1;-1,911.19348431,0.7210581537774268,0.7209670344289956,0.0,,0,,0,,,1815;1517;3666;2670;338;3665,1815:51793.564095977614;1517:51847.56446033629;3666:51881.10510507493;2670:51884.68786358475;338:51886.016659980814;3665:51891.98860644714
0,9,default_vehtype,boarding,True,51540,51891.98860644714,51893.75373606648,51891.98860644714,0.0,3665;-1;-1,3665;-1;-1,0.0,0.7209670344289956,0.7209670344289956,0.0,,0,267,1,267,,,
0,2,default_vehtype,route,False,-1000,51420,52075.398229033344,51420,0,1429;-1;-1,427;-1;-1,3191.1531644510014,0.9952080774807011,0.994888962164256,0.0,,0,,0,,,1429;1428;1427;1426;2373;1664;3660;2689;2372;358;2345;2503;2403;1880;2208;4026;2386;4027;3560;3561;3563;3565;328;3314;3568;427,1429:51420;1428:51441.18763659276;1427:51459.015462402065;1426:51473.734851403606;2373:51500.072571225624;1664:51534.30131070232;3660:51536.69554924143;2689:51540.26694592837;2372:51635.830923170826;358:51639.581240004445;2345:51661.79950826157;2503:51672.73718518825;2403:51696.430039720675;1880:51765.98934538057;2208:51790.850130992694;4026:51854.31146716467;2386:51859.79118542384;4027:51861.807705361614;3560:51881.34380711942;3561:51950.06922436153;3563:51951.95212588498;3565:51953.84820078287;328:51954.849492893554;3314:51979.11568082347;3568:51980.610083926;427:52075.398229033344
0,2,default_vehtype,boarding,True,51420,52075.398229033344,52110.16821748063,52075.398229033344,0.0,427;-1;-1,427;-1;-1,0.0,0.994888962164256,0.994888962164256,0.0,,0,264,1,264,,,
0,7,default_vehtype,route,False,-1000,51818.54990642424,52110.11533505841,51818.54990642424,0.0,427;-1;-1,1815;-1;-1,1749.1961099,0.7615777946244228,0.7614028750134331,0.0,,0,258,1,,,427;3568;426;3474;425;3477;3476;3925;3665;338;3115;3427;3426;3425;1517;1815,427:51818.54990642424;3568:51848.71995291824;426:51850.55888649477;3474:51900.59541418791;425:51922.35292227124;3477:51923.95517517369;3476:51937.21729173403;3925:51941.70904233361;3665:51961.90636040409;338:51996.782699488285;3115:51999.143701516055;3427:52021.83769269883;3426:52036.40268802012;3425:52048.05005576976;1517:52056.77974774592;1815:52110.11533505841
0,10,default_vehtype,route,False,-1000,51867.16922103246,52122.989392039344,51867.16922103246,0.0,1955;-1;-1,438;-1;-1,1243.24701788,0.5236638570281883,0.5235395323264004,0.0,,0,,0,,,1955;249;250;251;246;2013;299;2749;2668;435;3664;436;437;438,1955:51867.16922103246;249:51882.933401050344;250:51899.28090859319;251:51905.325839703044;246:51906.828320273504;2013:51949.29891022005;299:51976.8243318379;2749:51997.379202939715;2668:52023.347079324034;435:52029.89601333247;3664:52051.415651850155;436:52061.59003818624;437:52076.71073254974;438:52122.989392039344
0,7,default_vehtype,boarding,True,-1,52110.11533505841,52140.11533505841,52110.11533505841,0.0,1815;-1;-1,1815;-1;-1,0.0,0.7614028750134331,0.7614028750134331,0,,0,258,1,,258,,
0,10,default_vehtype,boarding,True,51540,52122.989392039344,52144.01606206368,52122.989392039344,0.0,438;-1;-1,438;-1;-1,0.0,0.5235395323264004,0.5235395323264004,0,,0,265,1,265,,,
0,7,default_vehtype,route,False,-1000,52140.11533505841,52231.23910266555,52140.11533505841,0.0,1815;-1;-1,2670;-1;-1,665.46356998,0.7614028750134331,0.7613363286564349,0.0,,0,,0,,,1815;1517;3666;2670,1815:52140.11533505841;1517:52194.11569941709;3666:52227.65634415573;2670:52231.23910266555
0,7,default_vehtype,boarding,True,50820,52231.23910266555,52233.680737115734,52231.23910266555,0.0,2670;-1;-1,2670;-1;-1,0.0,0.7613363286564349,0.7613363286564349,0.0,,0,254,1,254,,,
0,9,default_vehtype,route,False,-1000,51893.75373606648,52240.21694026822,51893.75373606648,0.0,3665;-1;-1,1503;-1;-1,2888.55142955,0.7209670344289956,0.7206781792860403,0.0,,0,267,1,,,3665;338;2670;2671;336;335;3110;2637;134;2583;3349;3111;334;988;989;1505;1503,3665:51893.75373606648;338:51928.63007515067;2670:51934.0233401985;2671:51958.14640804907;336:51963.546799398886;335:51995.60243738276;3110:52019.16059868011;2637:52032.13122124179;134:52041.00267376255;2583:52044.49796350589;3349:52092.28810964303;3111:52094.82957405046;334:52096.613929174564;988:52142.097829262064;989:52164.3679985968;1505:52224.00200338418;1503:52240.21694026822
0,9,default_vehtype,boarding,True,-1,52240.21694026822,52270.21694026822,52240.21694026822,0.0,1503;-1;-1,1503;-1;-1,0.0,0.7206781792860403,0.7206781792860403,0,,0,267,1,,267,,
0,11,default_vehtype,route,False,-1000,51758.45009272669,52323.491386844005,51758.45009272669,0.0,4003;-1;-1,288;-1;-1,4979.320477459999,0.8090945543982448,0.808596622350499,0.0,,0,259,1,,,4003;4001;420;4068;268;3119;3450;173;3686;180;63;2700;2657;3595;3594;3576;418;2693;3795;417;416;3793;2695;415;1249;1086;1250;541;1251;1566;1567;1011;1568;2349;1219;1331;1851;1579;548;1578;777;778;719;718;717;288,4003:51758.45009272669;4001:51759.85355762777;420:51761.22815135908;4068:51762.7319226461;268:51815.02802659685;3119:51842.26763588935;3450:51862.476125200075;173:51878.529789796754;3686:51892.54822361994;180:51895.591240600836;63:51898.23146858723;2700:51910.9529008246;2657:51913.34951056224;3595:51915.34285117965;3594:51925.65903125228;3576:51937.062547964735;418:51944.049014500386;2693:51946.4854595141;3795:51957.78486812557;417:51974.17183660353;416:51986.21339988168;3793:52008.396235728535;2695:52013.24825294643;415:52013.601990503;1249:52029.64405367809;1086:52043.17220295444;1250:52046.401607200634;541:52056.59712268591;1251:52079.067489271285;1566:52081.30473938862;1567:52088.98154278088;1011:52092.9918989289;1568:52107.52523581526;2349:52112.85869227113;1219:52122.38633745462;1331:52136.73498702608;1851:52139.630355628535;1579:52144.11866093121;548:52181.72949412121;1578:52188.98860672085;777:52199.462995764254;778:52213.11724475227;719:52219.786543496186;718:52297.0924333082;717:52313.78479263803;288:52323.491386844005
0,11,default_vehtype,boarding,True,-1,52323.491386844005,52353.491386844005,52323.491386844005,0.0,288;-1;-1,288;-1;-1,0.0,0.808596622350499,0.808596622350499,0,,0,259,1,,259,,
0,2,default_vehtype,route,False,-1000,52110.16821748063,52470.37916723386,52110.16821748063,0.0,427;-1;-1,849;-1;-1,2383.42737138,0.994888962164256,0.994650619427118,0.0,,0,264,1,,,427;428;3771;172;2596;429;430;867;1468;2289;1135;578;2429;2240;1242;2269;2404;852;851;850;849,427:52110.16821748063;428:52125.93210390306;3771:52170.63424881632;172:52177.78345906712;2596:52189.00271323069;429:52206.37266723868;430:52214.11077096239;867:52222.04109217098;1468:52236.689156593275;2289:52248.773220512885;1135:52275.786110329376;578:52302.55555082077;2429:52322.86738355426;2240:52340.33473462868;1242:52355.937038548356;2269:52358.34259617067;2404:52363.728139192004;852:52402.536821016874;851:52409.74493856256;850:52417.88378019534;849:52470.37916723386
0,2,default_vehtype,boarding,True,-1,52470.37916723386,52500.37916723386,52470.37916723386,0.0,849;-1;-1,849;-1;-1,0.0,0.994650619427118,0.994650619427118,0,,0,264,1,,264,,
0,6,default_vehtype,route,False,-1000,51114.62673121923,52519.867099260686,51114.62673121923,0.0,514;-1;-1,793;-1;-1,8633.34761740999,0.5668912131022446,0.5660278783405037,0.0,,0,251,1,,,514;2600;1775;2732;1776;2734;48;4077;3042;3116;49;3134;2639;3328;2738;2526;103;3267;2585;2637;134;3351;3349;1813;1812;361;1811;1810;1362;2623;1809;1640;1197;723;795;787;3855;3856;459;1502;2008;792;793,514:51114.62673121923;2600:51151.77115469261;1775:51157.02179226956;2732:51182.75998348553;1776:51226.4763178838;2734:51228.425041397924;48:51273.61730375593;4077:51303.57134393185;3042:51315.95219707221;3116:51339.03934583033;49:51354.674775477484;3134:51356.96808674341;2639:51362.19042787229;3328:51423.57740058492;2738:51427.370135981124;2526:51483.93567261481;103:51511.72052367685;3267:51568.42548013578;2585:51697.80442533862;2637:51740.574263891765;134:51749.44571641253;3351:51827.23822467924;3349:51829.217366030396;1813:51875.2114252072;1812:51919.09141876819;361:52001.347571492544;1811:52028.42920068031;1810:52141.36835625708;1362:52153.92625926722;2623:52173.64180497629;1809:52223.49691721645;1640:52287.42977446285;1197:52329.03224609887;723:52396.55638219339;795:52403.75720293373;787:52444.30768418482;3855:52447.033194437216;3856:52460.076304575225;459:52476.2259656325;1502:52487.40686961232;2008:52496.44580673586;792:52506.87661692599;793:52519.867099260686
0,6,default_vehtype,boarding,True,-1,52519.867099260686,52549.867099260686,52519.867099260686,0.0,793;-1;-1,793;-1;-1,0.0,0.5660278783405037,0.5660278783405037,0,,0,251,1,,251,,
0,2,default_vehtype,route,False,-1000,52500.37916723386,52771.566099860625,52500.37916723386,0.0,849;-1;-1,427;-1;-1,1801.70088213,0.994650619427118,0.9944704493389049,0.0,,0,,0,,,849;579;848;847;846;862;861;432;431;430;3112;3054;2596;172;3771;428;427,849:52500.37916723386;579:52521.857419007705;848:52552.12798777087;847:52569.725566840876;846:52575.94758227643;862:52585.26186708191;861:52617.420380841024;432:52638.476443432584;431:52660.698732718076;430:52673.2110975428;3112:52696.68167951171;3054:52710.81670178358;2596:52712.54456485081;172:52721.84610025681;3771:52724.2147542942;428:52753.530846818285;427:52771.566099860625
0,9,default_vehtype,route,False,-1000,52270.21694026822,52771.566099860625,52270.21694026822,0.0,1503;-1;-1,3665;3925;0.543,3676.0405717999447,0.7206781792860403,0.7203105752288606,0.0,,0,,0,,,1503;1505;989;988;387;2678;3111;3349;2583;2638;2637;3110;1570;1492;3762;2252;2347;3665,1503:52270.21694026822;1505:52311.32750388255;989:52331.08933988578;988:52339.01270667196;387:52378.0273976422;2678:52379.43611365114;3111:52474.29821086131;3349:52477.55646726782;2583:52503.627274445695;2638:52529.30080615269;2637:52532.616073079844;3110:52557.140454678236;1570:52619.79629839074;1492:52662.57109712979;3762:52695.61518546014;2252:52725.299146829544;2347:52746.903169269244;3665:52758.292001938105
0,5,default_vehtype,route,False,-1000,51027.72999986707,52804.339293698875,51027.72999986707,0.0,3033;-1;-1,3515;-1;-1,18297.439082390003,0.9913273263202357,0.9894975824119957,0.0,,0,253,1,,,3033;3405;1584;898;1585;1586;3299;3300;3298;2120;2225;2129;3325;3319;3321;3327;3264;165;3265;194;203;161;163;3064;3903;131;3939;3065;3066;205;3457;159;138;200;2645;3486;2644;3447;3485;3069;3776;3461;2852;3051;3460;3070;3071;3077;3125;73;3233;3234;1780;193;910;3372;3232;3373;1564;1630;2100;2099;2819;2098;1755;2097;891;1132;781;2096;2037;2059;1572;924;1646;1374;980;1373;1372;1371;1370;1369;2820;649;3186;2808;2807;95;2946;96;3296;2849;647;3274;2528;646;3294;645;644;2895;3443;3445;2999;3286;3752;2998;693;3515,3033:51027.72999986707;3405:51031.38766093637;1584:51040.52559662357;898:51065.19328550203;1585:51071.34525472964;1586:51086.16599186024;3299:51102.12137446235;3300:51104.03782484495;3298:51110.323530152215;2120:51141.7786546223;2225:51161.042866828924;2129:51194.86328046093;3325:51237.5378886869;3319:51240.173526312596;3321:51244.32541249286;3327:51257.05831333529;3264:51275.856747023696;165:51277.546817966504;3265:51290.247424805035;194:51310.490916448805;203:51341.53154493972;161:51362.374134365295;163:51394.322610966214;3064:51460.69159795614;3903:51500.5644281108;131:51513.41011329915;3939:51517.49745191499;3065:51536.76253215181;3066:51543.98234734922;205:51607.2744638141;3457:51632.61423909875;159:51634.77773181794;138:51645.450811335235;200:51698.843493047345;2645:51732.65302094402;3486:51742.66194609011;2644:51744.24420320749;3447:51744.92759607825;3485:51748.51330953249;3069:51780.92413831677;3776:51791.60087772011;3461:51799.57635494802;2852:51805.55162923432;3051:51806.05313706512;3460:51814.82465982243;3070:51819.124429229894;3071:51826.56357048345;3077:51850.90917420777;3125:51857.358092359274;73:51862.61235160066;3233:51865.462932605995;3234:51867.57870570576;1780:51869.46913058959;193:51872.40486608506;910:51934.324791583305;3372:51934.83860407263;3232:51936.8122389458;3373:51941.28717500592;1564:51950.026288001056;1630:51964.95257795549;2100:51993.704934110785;2099:52002.972255405526;2819:52008.1867735921;2098:52027.49145061449;1755:52039.60249728675;2097:52062.75167782886;891:52084.10919901199;1132:52094.80154187086;781:52103.892766620964;2096:52114.024766701;2037:52118.282340719095;2059:52137.17073486415;1572:52155.849617610285;924:52162.13821911475;1646:52169.46657559051;1374:52180.02746411424;980:52188.082687128655;1373:52198.88038710653;1372:52222.159522768445;1371:52232.45133388349;1370:52256.00449781791;1369:52261.130722067835;2820:52311.56773271246;649:52312.93964954003;3186:52320.41495597454;2808:52395.60516750587;2807:52400.205346930496;95:52409.41843236429;2946:52451.08545654262;96:52537.23384819264;3296:52548.638165780874;2849:52549.79944834136;647:52559.83470687387;3274:52565.698193460456;2528:52632.28359636743;646:52636.9538236467;3294:52639.99113886561;645:52684.56545269225;644:52685.72587637689;2895:52686.68515110345;3443:52693.75869747889;3445:52707.38682601492;2999:52712.01543039924;3286:52718.20243103855;3752:52722.030979471194;2998:52765.741053786965;693:52766.91431116127;3515:52804.339293698875
0,2,default_vehtype,boarding,True,52080,52771.566099860625,52819.687700917035,52771.566099860625,0.0,427;-1;-1,427;-1;-1,0.0,0.9944704493389049,0.9944704493389049,0,,0,270,1,270,,,
0,5,default_vehtype,boarding,True,-1,52804.339293698875,52834.339293698875,52804.339293698875,0.0,3515;-1;-1,3515;-1;-1,0.0,0.9894975824119957,0.9894975824119957,0,,0,253,1,,253,,
0,3,default_vehtype,route,False,-1000,51530.12777752107,52920.60839589872,51530.12777752107,0.0,1503;-1;-1,2062;-1;-1,9580.536734929996,0.9937621637441825,0.9928041100706895,0.0,,0,248,1,,,1503;1505;989;988;334;3111;3349;2583;2635;3335;2857;2862;2654;2646;2995;3506;3000;3961;3814;3815;3510;2997;410;3512;409;3989;2683;3988;3992;2681;2909;100;3176;406;405;3618;404;3947;3811;403;402;3985;3993;3983;3982;401;400;399;3043;3876;3045;3046;3044;2062,1503:51530.12777752107;1505:51548.767985232436;989:51607.04427627111;988:51608.54755542639;334:51678.9922007582;3111:51681.34368988287;3349:51683.34731065005;2583:51745.40260471202;2635:51783.03645539037;3335:51922.0812012999;2857:52045.914437714935;2862:52140.74613292309;2654:52285.74125757992;2646:52397.45340637814;2995:52430.91684950519;3506:52439.12060016666;3000:52443.863458618114;3961:52483.99767294153;3814:52489.549464815296;3815:52495.721753337595;3510:52505.79422321049;2997:52515.78829789191;410:52518.34459446444;3512:52522.47829399654;409:52533.66329363408;3989:52561.41231650661;2683:52565.96329965283;3988:52577.18077285203;3992:52588.237038478204;2681:52590.33255484801;2909:52592.20466196177;100:52594.39569676293;3176:52596.064400482974;406:52611.460628726934;405:52629.07442117437;3618:52666.08399396211;404:52679.3536002529;3947:52686.07556751941;3811:52693.16046329917;403:52702.98066805581;402:52728.226291502724;3985:52741.0712812915;3993:52745.89850651258;3983:52747.875825838615;3982:52759.644345886234;401:52760.77635819979;400:52782.765082247504;399:52787.6801033718;3043:52796.10345858544;3876:52806.88797327138;3045:52830.49778357053;3046:52832.00575762533;3044:52920.229686587314;2062:52920.60839589872
0,3,default_vehtype,boarding,True,-1,52920.60839589872,52950.60839589872,52920.60839589872,0.0,2062;-1;-1,2062;-1;-1,0.0,0.9928041100706895,0.9928041100706895,0,,0,248,1,,248,,
0,8,default_vehtype,route,False,-1000,51727.380891642184,53097.836373366925,51727.380891642184,0.0,2917;-1;-1,3759;-1;-1,9153.947476020001,0.7980669397449147,0.7971515449973134,0.0,,0,257,1,,,2917;3414;1015;1520;483;3715;844;1280;673;1519;3696;3791;3418;3419;3420;3422;3424;3425;1517;3666;2670;2671;336;335;3110;2637;134;2583;3349;3111;2678;3108;3102;2677;4074;2117;1828;3650;509;1766;1945;2829;2830;3918;3470;3469;83;15;3;2832;2562;2544;2543;4071;3760;3759,2917:51727.380891642184;3414:51771.30479470325;1015:51777.06948115257;1520:51788.40339897773;483:51802.62804532556;3715:51828.136693807144;844:51836.443476669716;1280:51847.91911687217;673:51863.42869412747;1519:51886.58285608484;3696:51888.501942921626;3791:51903.55500840677;3418:51910.07567672016;3419:51928.13379437302;3420:51937.41796003719;3422:51998.91748991943;3424:52002.90528595702;3425:52040.37566259705;1517:52049.10535457321;3666:52082.64599931185;2670:52086.22875782167;2671:52110.35182567224;336:52115.752217022055;335:52147.80785500593;3110:52171.36601630328;2637:52184.33663886496;134:52193.20809138572;2583:52196.70338112906;3349:52244.4935272662;3111:52247.03499167363;2678:52291.8045700778;3108:52378.237809249695;3102:52592.628453779056;2677:52596.95278950039;4074:52630.34703845625;2117:52640.40118849461;1828:52668.929736104925;3650:52669.766847411396;509:52673.53804887569;1766:52689.96412719139;1945:52697.937330787136;2829:52704.17135570588;2830:52711.44574644562;3918:52724.01152353461;3470:52735.62102601409;3469:52738.55857547279;83:52740.34571096504;15:52778.46122556456;3:52780.172932007394;2832:52960.90723192691;2562:53035.74585500553;2544:53053.91807434807;2543:53066.884688295264;4071:53073.62861134389;3760:53087.91597076486;3759:53097.836373366925
0,8,default_vehtype,boarding,True,-1,53097.836373366925,53127.836373366925,53097.836373366925,0.0,3759;-1;-1,3759;-1;-1,0.0,0.7971515449973134,0.7971515449973134,0,,0,257,1,,257,,
0,4,default_vehtype,route,False,-1000,51900,53221.31083596028,51900,0,1587;-1;-1,1673;-1;-1,10349.974308206989,0.9929424577175313,0.9919074602867108,0.0,,0,,0,,,1587;2834;1588;1450;3155;3557;3487;4076;2595;2762;2536;3122;23;2571;3306;3305;2885;2886;1438;1439;1440;836;1441;1442;1443;1444;990;1445;1446;1981;2139;3554;3059;2680;101;3271;3270;104;2714;3053;2715;172;2596;429;2312;1673,1587:51900;2834:51901.775976610406;1588:51912.997672692654;1450:51916.64254092368;3155:51917.31315898037;3557:51924.381341674234;3487:51925.185812340394;4076:51948.20415698311;2595:51955.42120900188;2762:51994.375412081325;2536:52005.00142083107;3122:52023.26478961795;23:52052.61766813526;2571:52084.22135163826;3306:52095.31957265604;3305:52101.5478929966;2885:52112.75968912649;2886:52115.88067751406;1438:52121.79847632043;1439:52149.205914529746;1440:52180.33543624896;836:52187.9570277844;1441:52206.211869625164;1442:52227.72307745475;1443:52246.77531388836;1444:52251.6799448184;990:52263.389276320675;1445:52267.128110318314;1446:52284.82294293663;1981:52403.07469502233;2139:52419.93590478656;3554:52427.111282604346;3059:52428.05004962075;2680:52430.54025025928;101:52490.950916056005;3271:52716.15696109836;3270:52742.08796112795;104:52783.57067231515;2714:52886.96136548624;3053:52994.84521104593;2715:53049.569097558044;172:53056.400343465226;2596:53071.744806809336;429:53101.266657879896;2312:53212.6382147638;1673:53221.31083596028
0,4,default_vehtype,boarding,True,51900,53221.31083596028,53258.79064251635,53221.31083596028,0.0,1673;-1;-1,1673;-1;-1,0.0,0.9919074602867108,0.9919074602867108,0,,0,269,1,269,,,
0,1,default_vehtype,route,False,-1000,51320.458150670784,53308.131061219174,51320.458150670784,0.0,705;-1;-1,3109;-1;-1,15873.194254207005,0.9912788532357547,0.9896915338103341,0.0,,0,250,1,,,705;1831;676;1711;1659;879;1660;1661;1245;1662;751;1663;2938;3641;927;3162;3161;928;561;929;930;931;3837;932;3159;3835;3279;3158;2999;3286;3752;2998;693;3515;2910;410;2997;3510;3815;3814;3961;3000;3506;2995;2646;2654;2862;2857;3335;2635;2584;3269;39;3931;45;3329;2591;55;2640;2639;3134;2599;3042;4077;48;2672;1776;2732;1775;2601;2882;2668;435;3664;436;437;2105;2106;1124;2054;3109,705:51320.458150670784;1831:51343.4504280006;676:51373.999612615924;1711:51380.74963865282;1659:51393.168649368665;879:51403.05782317333;1660:51408.066342476144;1661:51420.26350103616;1245:51423.64344114469;1662:51437.91202621448;751:51443.17535137505;1663:51461.02864212401;2938:51468.26672634195;3641:51476.21702272244;927:51502.17494392672;3162:51502.99366531711;3161:51541.560160291905;928:51546.21259468109;561:51556.64229504483;929:51576.52215998556;930:51618.22005671071;931:51634.05718877639;3837:51656.25012048778;932:51662.02917055488;3159:51664.78273706163;3835:51671.873449511564;3279:51698.70168166027;3158:51702.62051900983;2999:51708.03036984425;3286:51711.26119735917;3752:51724.60090142866;2998:51748.651699214206;693:51752.14721320817;3515:51776.756046117065;2910:51780.192805779865;410:51782.006644129244;2997:51783.07301217317;3510:51787.711280883974;3815:51807.104461899384;3814:51821.95063588962;3961:51829.56726754524;3000:51840.624373168896;3506:51842.47400906006;2995:51878.9353169832;2646:51917.971703705254;2654:52137.08351916092;2862:52258.56635327633;2857:52325.32447409346;3335:52393.589993291185;2635:52450.44858372601;2584:52546.51583605868;3269:52643.93737793712;39:52697.051493444735;3931:52764.308814302894;45:52795.24880863767;3329:52845.78474136319;2591:52853.36786452952;55:52854.106438264374;2640:52856.0756382807;2639:52883.4668298663;3134:52890.880638508315;2599:52917.53173724322;3042:52920.94002454451;4077:52930.89635106009;48:52997.070820525245;2672:53000.524660202784;1776:53031.59308660234;2732:53045.869668972184;1775:53063.07206968195;2601:53063.90667653833;2882:53072.902388406765;2668:53131.34486005679;435:53150.90785239006;3664:53154.4195462304;436:53171.47135940547;437:53212.39454579787;2105:53233.4119496771;2106:53247.14196549277;1124:53255.66691401538;2054:53293.14033398374;3109:53308.131061219174
0,8,default_vehtype,route,False,-1000,53160.0,53305.18452972723,53160.0,0.0,3759;-1;-1,3526;-1;-1,1162.14536819,0.7971515449973134,0.7970353304604942,0.0,,0,,0,,,3759;3760;4071;2543;2768;3725;2545;3726;3727;3622;143;66;3529;3527;3528;3227;2823;3526,3759:53160;3760:53184.50748275597;4071:53189.81490806582;2543:53201.87002741448;2768:53205.171006580385;3725:53214.810348518375;2545:53218.614169369765;3726:53219.50747476706;3727:53224.77225686357;3622:53230.18248713812;143:53231.16889926079;66:53242.7224798155;3529:53253.662266006395;3527:53258.07807222128;3528:53260.55093759585;3227:53274.9259016256;2823:53279.024748712494;3526:53305.18452972723
0,8,default_vehtype,boarding,True,53160,53305.18452972723,53307.61539478844,53305.18452972723,0.0,3526;-1;-1,3526;-1;-1,0.0,0.7970353304604942,0.7970353304604942,0.0,,0,276,1,276,,,
0,10,default_vehtype,route,False,-1000,52144.01606206368,53301.58059193,52144.01606206368,0.0,438;-1;-1,1887;-1;-1,5770.702287800003,0.5235395323264004,0.5229624620976198,0.0,,0,265,1,,,438;437;436;3664;435;2668;248;434;433;432;431;430;3112;3054;2715;2716;3314;3567;426;3474;425;3477;3476;3925;3665;338;2670;3666;3150;3926;3204;3203;424;535;2000;125;124;1875;1256;1876;1877;189;1887,438:52144.01606206368;437:52182.691764205345;436:52214.22492932828;3664:52220.3126992398;435:52250.847503238576;2668:52257.816192676684;248:52293.2957890438;434:52349.97202174111;433:52431.27593489308;432:52500.648002433125;431:52522.87029171862;430:52535.38265654334;3112:52558.85323851225;3054:52572.98826078412;2715:52611.80183853466;2716:52640.07041286302;3314:52688.27193862198;3567:52691.582573946165;426:52696.49464739389;3474:52728.59697971087;425:52756.452887057996;3477:52762.12102405525;3476:52773.12233914337;3925:52779.57960286167;3665:52795.50363078914;338:52848.09508767134;2670:52864.87306468424;3666:52867.6633459531;3150:52901.61942079193;3926:52916.140444980614;3204:52949.024257000274;3203:52950.99983488205;424:52973.16771834575;535:52986.715626699115;2000:52998.913127112435;125:53063.18578690135;124:53070.84606345572;1875:53114.008785794336;1256:53140.25821953859;1876:53187.68317116412;1877:53195.50954308055;189:53220.787699429406;1887:53301.58059193
0,1,default_vehtype,boarding,True,-1,53308.131061219174,53338.131061219174,53308.131061219174,0.0,3109;-1;-1,3109;-1;-1,0.0,0.9896915338103341,0.9896915338103341,0,,0,250,1,,250,,
0,10,default_vehtype,boarding,True,-1,53301.58059193,53331.58059193,53301.58059193,0.0,1887;-1;-1,1887;-1;-1,0.0,0.5229624620976198,0.5229624620976198,0,,0,265,1,,265,,
0,1,default_vehtype,route,False,-1000,53338.131061219174,53352.44038351901,53338.131061219174,0.0,3109;-1;-1,2054;-1;-1,83.43897357,0.9896915338103341,0.9896831899129772,0.0,,0,,0,,,3109;2054,3109:53338.131061219174;2054:53352.44038351901
0,9,default_vehtype,route,False,-1000,52860.0,53352.44038351901,52860.0,0.0,3665;3925;0.543,433;434;0.295,2277.8175795903667,0.7203105752288606,0.7200827934709013,0.0,,0,,0,,,3665;3925;3476;3477;3475;3315;3567;426;3568;427;428;3771;172;2596;429;3112;430;431;432;433,3665:52860;3925:52869.871106291925;3476:52880.41751977865;3477:52903.14545178482;3475:52927.42320254582;3315:52954.40501259962;3567:52975.62275524201;426:52979.72636692701;3568:52981.20102647449;427:53066.47503116647;428:53090.82834869454;3771:53140.68568919398;172:53144.197025261725;2596:53159.541488605835;429:53189.063339676395;3112:53192.27884166947;430:53203.764917788234;431:53211.314516843304;432:53225.40138118566;433:53323.94022713159
0,6,default_vehtype,route,False,-1000,52920.0,53561.4677323211,52920.0,0.0,793;-1;-1,1121;-1;-1,3413.02959463,0.5660278783405037,0.5656865753810406,0.0,,0,,0,,,793;792;2008;1502;459;3856;3855;787;795;723;1197;1640;1809;2623;1362;1810;1811;361;1812;1813;1122;1121,793:52920;792:52929.40745644607;2008:52936.98303549527;1502:52948.84223453604;459:52961.828633588266;3856:52974.54661378706;3855:52976.13245418424;787:52978.85366502072;795:53045.16375690451;723:53061.72388006342;1197:53098.24766423544;1640:53127.36414612028;1809:53285.56825865224;2623:53308.01346849909;1362:53351.68324272832;1810:53366.146627123606;1811:53420.35287912328;361:53447.969366207486;1812:53502.40616114424;1813:53517.6114247426;1122:53541.95985726569;1121:53561.4677323211
0,6,default_vehtype,boarding,True,52920,53561.4677323211,53562.910322913,53561.4677323211,0.0,1121;-1;-1,1121;-1;-1,0.0,0.5656865753810406,0.5656865753810406,0.0,,0,273,1,273,,,
0,1,default_vehtype,boarding,True,52860,53352.44038351901,53584.19288685478,53352.44038351901,0.0,2054;-1;-1,2054;-1;-1,0.0,0.9896831899129772,0.9896831899129772,0,,0,272,1,272,,,
0,9,default_vehtype,route,False,-1000,53400,53786.69332353444,53400,0,433;434;0.295,3484;-1;-1,2080.63052342969,0.7200827934709013,0.7198747304185577,0.0,,0,,0,,,433;434;433;432;431;430;3112;4030;4031;3862;4032;1888;3483;3484,433:53400;434:53462.3064244665;433:53497.626543218445;432:53567.773686116125;431:53584.66640651283;430:53601.11567921979;3112:53609.28654987549;4030:53655.0930279494;4031:53665.46220867002;3862:53679.286408818036;4032:53682.819632671635;1888:53741.823907311846;3483:53749.642603307744;3484:53786.69332353444
0,9,default_vehtype,boarding,True,53400,53786.69332353444,53835.33809417478,53786.69332353444,0.0,3484;-1;-1,3484;-1;-1,0.0,0.7198747304185577,0.7198747304185577,0.0,,0,277,1,277,,,
0,11,default_vehtype,route,False,-1000,53040.0,53831.00963083818,53040.0,0.0,288;-1;-1,380;-1;-1,6044.6210769699965,0.808596622350499,0.8079921602428015,0.0,,0,,0,,,288;717;718;3819;3818;3757;3758;325;324;323;322;321;3525;3848;515;720;721;3215;2658;3692;3691;3690;723;1197;1640;1809;2623;1362;1810;1811;361;1812;1813;380,288:53040;717:53045.39157444162;718:53087.57393179133;3819:53099.08327365938;3818:53127.70048833647;3757:53135.966575900224;3758:53139.85708851283;325:53146.45087816408;324:53161.11551974437;323:53168.54164839428;322:53185.84309502825;321:53201.38168640648;3525:53237.799562639986;3848:53243.81282641247;515:53257.82328343627;720:53274.71936220666;721:53321.45385281873;3215:53354.537630429535;2658:53361.15996602574;3692:53363.06604299965;3691:53371.29806968192;3690:53405.3457729568;723:53411.99680224367;1197:53448.52058641569;1640:53477.63706830053;1809:53549.23908771118;2623:53581.78763128841;1362:53609.59676743801;1810:53659.095646476824;1811:53723.25963671003;361:53741.081525588335;1812:53785.20144541573;1813:53807.276076152404;380:53831.00963083818
0,11,default_vehtype,boarding,True,53040,53831.00963083818,53835.18321543345,53831.00963083818,0.0,380;-1;-1,380;-1;-1,0.0,0.8079921602428015,0.8079921602428015,0.0,,0,275,1,275,,,
0,9,default_vehtype,route,False,-1000,53835.33809417478,53940,53835.33809417478,0.0,3484;-1;-1,2403;1880;0.369,360.1221882377965,0.7198747304185577,0.7198387181997339,0.0,,0,277,1,,,3484;3483;1888;2403,3484:53835.33809417478;3483:53865.33619164433;1888:53876.976853254404;2403:53909.04567034882
0,10,default_vehtype,route,False,-1000,53331.58059193,54012.6901047266,53331.58059193,0.0,1887;-1;-1,427;-1;-1,3627.374381329999,0.5229624620976198,0.5225997246594868,0.0,,0,,0,,,1887;189;1877;1876;1256;1257;237;686;125;2000;535;424;3203;3204;3926;2670;338;3665;3925;3476;3477;3475;3315;3567;3314;3568;3987;427,1887:53331.58059193;189:53342.48624743261;1877:53347.27454171416;1876:53350.58680026314;1256:53370.69205429035;1257:53387.72761839378;237:53401.58595549697;686:53460.55750661458;125:53489.65454915119;2000:53508.68385004558;535:53535.62305031145;424:53568.89222227238;3203:53577.28524330785;3204:53578.096553388605;3926:53615.813157888886;2670:53648.17739802421;338:53652.01489319074;3665:53704.37787092946;3925:53737.90849181665;3476:53747.727661331955;3477:53758.78069324303;3475:53814.153629597364;3315:53829.99419778144;3567:53855.357200793485;3314:53856.53381037191;3568:53861.51820345401;3987:53927.14399081457;427:54012.6901047266
0,6,default_vehtype,route,False,-1000,53562.910322913,54043.88885446203,53562.910322913,0.0,1121;-1;-1,2311;-1;-1,2606.6941873599985,0.5656865753810406,0.565425905962305,0.0,,0,273,1,,,1121;1122;1813;3111;3349;3351;134;2637;3110;335;2582;2671;336;2252;2347;2301;2311,1121:53562.910322913;1122:53571.80046854648;1813:53582.12938505299;3111:53685.05155537529;3349:53690.11433130984;3351:53693.21148904691;134:53719.36529251722;2637:53754.17028229901;3110:53765.746306148154;335:53782.682119796606;2582:53784.85869955756;2671:53825.117237526036;336:53830.16121109713;2252:53843.0222470462;2347:53866.81114075742;2301:53935.68180906002;2311:54043.88885446203
0,10,default_vehtype,boarding,True,52980,54012.6901047266,54055.40987978323,54012.6901047266,0.0,427;-1;-1,427;-1;-1,0.0,0.5225997246594868,0.5225997246594868,0,,0,274,1,274,,,
0,6,default_vehtype,boarding,True,-1,54043.88885446203,54073.88885446203,54043.88885446203,0.0,2311;-1;-1,2311;-1;-1,0.0,0.565425905962305,0.565425905962305,0,,0,273,1,,273,,
0,7,default_vehtype,route,False,-1000,52233.680737115734,54113.833131869156,52233.680737115734,0.0,2670;-1;-1,898;-1;-1,10774.882779063002,0.7613363286564349,0.7602588403785295,0.0,,0,254,1,,,2670;2671;336;335;3110;2637;134;2583;3349;3111;2678;3108;3102;2677;3780;2676;1481;1480;84;107;105;3839;3840;24;23;2571;3306;3305;2885;2886;1757;2607;3185;3184;2539;12;2538;2628;3156;2574;44;80;2534;3455;2618;2573;4;3028;2587;3026;3432;3033;3405;3406;1584;898,2670:52233.680737115734;2671:52257.8038049663;336:52263.20419631612;335:52295.25983429999;3110:52318.81799559734;2637:52358.13959190414;134:52388.80127573355;2583:52394.65944796249;3349:52446.00789368699;3111:52448.13049438743;2678:52581.56050742775;3108:52661.60875143926;3102:52875.99939596862;2677:52880.323731689954;3780:52911.787623922806;2676:52951.95154960017;1481:53014.50734371971;1480:53141.70240786309;84:53184.97170160218;107:53190.895595960246;105:53199.305444370235;3839:53205.805702181024;3840:53211.4837969275;24:53242.10501212186;23:53243.435244491404;2571:53275.97572285688;3306:53290.2672736848;3305:53297.4198188643;2885:53340.774719907844;2886:53343.395415094594;1757:53484.39021716079;2607:53537.76247372827;3185:53567.76278194478;3184:53575.66022356005;2539:53595.43688259507;12:53616.63414315926;2538:53634.50602889474;2628:53650.76751909414;3156:53651.75605204295;2574:53666.5113576742;44:53683.12715387987;80:53711.826320919026;2534:53741.8838551511;3455:53747.12532904202;2618:53869.06651492795;2573:53909.97855573601;4:53917.197573093625;3028:53958.34423856159;2587:53960.551819793734;3026:53981.07502580438;3432:54086.368907486976;3033:54097.40206165893;3405:54100.44953739155;3406:54106.25974261887;1584:54107.323495578465;898:54113.833131869156
0,1,default_vehtype,route,False,-1000,53584.19288685478,54134.02267203947,53584.19288685478,0.0,2054;-1;-1,425;-1;-1,3653.6799231600003,0.9896831899129772,0.989317821920661,0.0,,0,272,1,,,2054;1124;2106;2105;437;436;3664;435;2668;248;434;433;432;431;430;3112;3054;2596;172;2715;2716;428;427;3568;426;3474;425,2054:53584.19288685478;1124:53624.11030019683;2106:53629.95273811184;2105:53641.01450947392;437:53672.03563041157;436:53686.51923031655;3664:53693.03555143335;435:53695.70371732218;2668:53703.63793324327;248:53726.50489183162;434:53768.26603896248;433:53839.67429449401;432:53898.22629418631;431:53915.11901458301;430:53931.56828728997;3112:53939.739157945674;3054:53958.073698400876;2596:53961.17120862038;172:53974.76649271947;2715:53977.82465717;2716:54011.599907110256;428:54013.02056507461;427:54032.1643428794;3568:54070.45309445461;426:54073.30442830243;3474:54115.734649530175;425:54134.02267203947
0,7,default_vehtype,boarding,True,-1,54113.833131869156,54143.833131869156,54113.833131869156,0.0,898;-1;-1,898;-1;-1,0.0,0.7602588403785295,0.7602588403785295,0,,0,254,1,,254,,
0,1,default_vehtype,boarding,True,-1,54134.02267203947,54164.02267203947,54134.02267203947,0.0,425;-1;-1,425;-1;-1,0.0,0.989317821920661,0.989317821920661,0,,0,272,1,,272,,
0,2,default_vehtype,route,False,-1000,52819.687700917035,54175.6286977806,52819.687700917035,0.0,427;-1;-1,1587;-1;-1,9776.471351927004,0.9944704493389049,0.9934928022037128,0.0,,0,270,1,,,427;428;3771;172;2596;1;3272;71;56;3057;0;3555;178;3681;3059;3554;2139;1981;1446;1445;990;1444;1443;1442;1441;836;1440;1439;1438;2886;2885;3305;3306;2571;23;3122;2536;2762;2595;4076;3487;3557;3155;1450;1588;2834;1587,427:52819.687700917035;428:52839.18556168881;3771:52854.70063540527;172:52858.55702095689;2596:52883.724839289;1:52920.24461234072;3272:52994.011059554374;71:53038.25785223969;56:53076.89977708263;3057:53133.45644430158;0:53266.44255190736;3555:53336.380278785924;178:53343.10111830039;3681:53347.269801754155;3059:53366.15954724914;3554:53366.91355079065;2139:53369.94714136652;1981:53432.13815019805;1446:53458.28439305301;1445:53477.83085503589;990:53509.216326405105;1444:53584.398786845544;1443:53601.42385660804;1442:53623.394408470456;1441:53651.595096497505;836:53687.55267487994;1440:53699.32146072577;1439:53834.987964665124;1438:53863.96563915426;2886:53909.20346964094;2885:53911.76876657244;3305:53957.59533789987;3306:53967.89970814512;2571:53989.4373065141;23:54006.84151223712;3122:54065.24099055233;2536:54071.57970379418;2762:54082.11873844852;2595:54088.92667563434;4076:54106.30643680733;3487:54125.5193390115;3557:54125.97402092156;3155:54131.079784787136;1450:54132.30278122939;1588:54154.41172664529;2834:54171.60603840957;1587:54175.6286977806
0,7,default_vehtype,route,False,-1000,54143.833131869156,54188.083240309126,54143.833131869156,0.0,898;-1;-1,1586;-1;-1,195.63680161999997,0.7602588403785295,0.7602392766983675,0.0,,0,,0,,,898;1585;1586,898:54143.833131869156;1585:54153.96271449005;1586:54188.083240309126
0,2,default_vehtype,boarding,True,-1,54175.6286977806,54205.6286977806,54175.6286977806,0.0,1587;-1;-1,1587;-1;-1,0.0,0.9934928022037128,0.9934928022037128,0,,0,270,1,,270,,
0,7,default_vehtype,boarding,True,53520,54188.083240309126,54300.51484596381,54188.083240309126,0.0,1586;-1;-1,1586;-1;-1,0.0,0.7602392766983675,0.7602392766983675,0,,0,279,1,279,,,
0,11,default_vehtype,route,False,-1000,53835.18321543345,54349.40230785554,53835.18321543345,0.0,380;-1;-1,1815;-1;-1,3145.356139369999,0.8079921602428015,0.8076776246288647,0.0,,0,275,1,,,380;1813;3111;3349;3351;134;2637;3110;335;2582;2671;336;2252;2347;3973;337;338;3115;3427;3426;3425;1517;1815,380:53835.18321543345;1813:53853.48289775243;3111:53956.40506807473;3349:53961.467844009276;3351:53964.56500174635;134:53990.71880521666;2637:54025.52379499845;3110:54037.09981884759;335:54054.035632496045;2582:54056.212212257;2671:54096.470750225475;336:54101.51472379657;2252:54114.37575974564;2347:54155.889356277505;3973:54171.425525038416;337:54179.982604087556;338:54209.62231886486;3115:54213.79003880425;3427:54240.732050511004;3426:54257.7264420565;3425:54266.61201864495;1517:54273.55176187133;1815:54349.40230785554
0,1,default_vehtype,route,False,-1000,54164.02267203947,54361.895880709126,54164.02267203947,0.0,425;-1;-1,2687;-1;-1,1305.0979880500001,0.989317821920661,0.9891873121218561,0.0,,0,,0,,,425;3477;3476;3925;3665;3313;3115;3666;3150;3926;3204;3203;424;423;2687,425:54164.02267203947;3477:54169.04478767901;3476:54172.48762117792;3925:54177.61513847987;3665:54206.93504187441;3313:54210.04075138562;3115:54239.6258965279;3666:54244.0700994247;3150:54283.531986827045;3926:54289.689774038176;3204:54309.697398127224;3203:54312.09994967744;424:54327.38859275974;423:54355.30538571468;2687:54361.895880709126
0,1,default_vehtype,boarding,True,53700,54361.895880709126,54366.59095025536,54361.895880709126,0.0,2687;-1;-1,2687;-1;-1,0.0,0.9891873121218561,0.9891873121218561,0.0,,0,280,1,280,,,
0,11,default_vehtype,boarding,True,-1,54349.40230785554,54379.40230785554,54349.40230785554,0.0,1815;-1;-1,1815;-1;-1,0.0,0.8076776246288647,0.8076776246288647,0,,0,275,1,,275,,
0,6,default_vehtype,route,False,-1000,54073.88885446203,54603.729238739936,54073.88885446203,0.0,2311;-1;-1,2508;-1;-1,2124.314594673001,0.565425905962305,0.5652134745028375,0.0,,0,,0,,,2311;2301;2347;3973;337;338;3115;3666;3150;2675;3680;2687;2191;2485;2508,2311:54073.88885446203;2301:54129.431640765135;2347:54184.589560747576;3973:54200.12572950849;337:54208.68280855763;338:54238.32252333493;3115:54242.49024327432;3666:54246.93444617112;3150:54286.396333573466;2675:54352.57279239625;3680:54354.395321403244;2687:54452.03940339486;2191:54506.96977109057;2485:54594.224511920416;2508:54603.729238739936
0,5,default_vehtype,route,False,-1000,53460.0,54603.729238739936,53460.0,0.0,3515;-1;-1,2191;2485;0.010,6696.74869653315,0.9894975824119957,0.9888279075423417,0.0,,0,,0,,,3515;2910;410;2997;3510;3815;3814;3961;3000;3506;2995;2991;2996;3393;3334;2701;197;3886;3994;180;63;3449;2864;3995;2863;3119;268;3195;1610;2865;2039;3193;421;422;2688;2687;2191,3515:53460;2910:53466.530261015956;410:53469.18299398262;2997:53471.840322072196;3510:53478.75926177173;3815:53496.49209485418;3814:53520.44125787455;3961:53530.68292151917;3000:53567.72628563298;3506:53569.0675084214;2995:53591.98000846376;2991:53601.688315742016;2996:53617.954926443716;3393:53717.35285227596;3334:53826.09331062455;2701:53881.82162112298;197:53883.93938479559;3886:53958.81291868726;3994:53978.263034951044;180:53980.416482281646;63:53981.51982398257;3449:54020.47350313657;2864:54021.60173692694;3995:54025.475328021435;2863:54055.25276357097;3119:54057.98906370799;268:54087.15959329633;3195:54117.384792710785;1610:54119.945005484544;2865:54266.61398200586;2039:54273.90022582945;3193:54276.00428367898;421:54330.66657748177;422:54369.85938045356;2688:54373.98651515079;2687:54554.22921646542;2191:54609.15958416113
0,9,default_vehtype,route,False,-1000,53940,54641.39684652093,53940,0,2403;1880;0.369,2688;-1;-1,3452.594393915202,0.7198387181997339,0.719493458760342,0.0,,0,277,1,,,2403;1880;2208;4026;2386;3772;3922;832;3400;997;2305;1889;2279;2156;3421;3423;3424;3425;1517;3666;3150;2675;3680;2687;423;422;2688,2403:53940;1880:53992.85474945119;2208:54010.03739512017;4026:54052.800838372976;2386:54054.30006198792;3772:54079.840409894;3922:54090.5889342953;832:54096.32734933846;3400:54099.27407296478;997:54106.115644183876;2305:54117.87302029799;1889:54132.34947523985;2279:54138.549200125926;2156:54204.8214973048;3421:54267.77629715199;3423:54268.67413582576;3424:54273.77412145232;3425:54337.89611703547;1517:54344.83586026185;3666:54411.350050725065;3150:54450.81193812741;2675:54516.98839695019;3680:54518.81092595719;2687:54616.4550079488;423:54624.90079171792;422:54637.269711823705;2688:54641.39684652093
0,11,default_vehtype,route,False,-1000,54480,54662.00261026912,54480,0,1815;-1;-1,328;-1;-1,1475.744407939,0.8076776246288647,0.8075300501880707,0.0,,0,,0,,,1815;1517;3425;1759;1616;4069;833;327;3564;3566;3565;328,1815:54480;1517:54519.843100233695;3425:54523.3612327608;1759:54537.13964801848;1616:54576.854964627484;4069:54590.0251108805;833:54598.06214086818;327:54620.331096272355;3564:54649.52237050232;3566:54658.628413647384;3565:54659.51436234491;328:54662.00261026912
0,9,default_vehtype,boarding,True,53940,54641.39684652093,54690.718319385036,54641.39684652093,0.0,2688;-1;-1,2688;-1;-1,0.0,0.719493458760342,0.719493458760342,0,,0,277;282,2,282,,,
0,6,default_vehtype,boarding,True,53460,54603.729238739936,54734.422615732416,54603.729238739936,0.0,2508;-1;-1,2508;-1;-1,0.0,0.5652134745028375,0.5652134745028375,0,,0,278,1,278,,,
0,11,default_vehtype,boarding,True,54480,54662.00261026912,54734.94495777271,54662.00261026912,0.0,328;-1;-1,328;-1;-1,0.0,0.8075300501880707,0.8075300501880707,0,,0,288,1,288,,,
0,3,default_vehtype,route,False,-1000,54180,54815.73545437496,54180,0,2062;-1;-1,3971;-1;-1,5731.7673371989995,0.9928041100706895,0.9922309333369699,0.0,,0,,0,,,2062;3044;3046;3043;399;400;401;3982;3983;3993;3985;402;403;3811;3947;3618;405;406;3163;3896;2909;2681;3285;99;98;2999;3158;2947;2853;644;2895;3289;2896;2153;2329;2330;2331;2332;774;895;2048;2025;1189;1768;1566;1251;2333;1198;1872;2178;2824;3646;504;2697;2334;3967;3210;3207;3704;2335;476;1643;558;2336;2337;1611;3971,2062:54180;3044:54182.61816969185;3046:54209.91571279433;3043:54214.93788612963;399:54228.39471523224;400:54237.21886717077;401:54247.16806611261;3982:54247.49638815593;3983:54257.82834189544;3993:54259.61878284558;3985:54276.196073002284;402:54283.300220359524;403:54294.026514709694;3811:54299.139583091426;3947:54305.938985242916;3618:54311.5138332041;405:54323.832330366065;406:54328.497365510884;3163:54331.507231457545;3896:54335.247179730155;2909:54339.219262696264;2681:54342.2952264756;3285:54346.283198779915;99:54370.84814121879;98:54376.96831967879;2999:54379.61761147897;3158:54381.071316966205;2947:54385.24717722003;2853:54406.53117409104;644:54410.63279463549;2895:54411.56450375426;3289:54421.38530117519;2896:54459.35262893274;2153:54471.64134170414;2329:54493.42059916955;2330:54523.80888543641;2331:54542.46696689192;2332:54546.04182976754;774:54570.45135988397;895:54576.84988621396;2048:54588.73185383371;2025:54592.77083958472;1189:54609.777232528024;1768:54618.60840103288;1566:54620.43687736643;1251:54625.45629087486;2333:54647.28695580674;1198:54650.40369722502;1872:54652.56062845084;2178:54654.94623694581;2824:54673.54193452785;3646:54676.890866213376;504:54678.168776918574;2697:54688.73551884245;2334:54690.023016181214;3967:54695.95408664831;3210:54699.29333232693;3207:54710.21223899216;3704:54711.15099049566;2335:54719.99663145668;476:54727.10918705129;1643:54737.45030809463;558:54749.07674581777;2336:54767.63026459426;2337:54793.60654073437;1611:54814.07945132084;3971:54815.73545437496
0,10,default_vehtype,route,False,-1000,54055.40987978323,54826.58675830602,54055.40987978323,0.0,427;-1;-1,1516;-1;-1,3794.4451611300005,0.5225997246594868,0.5222202801433723,0.0,,0,274,1,,,427;428;3771;172;2715;3054;3112;430;431;432;433;434;248;2668;2749;299;2013;1338;1296;1297;1298;1299;3996;1300;285;1515;1516,427:54055.40987978323;428:54081.74131831394;3771:54111.29791503723;172:54121.52257234899;2715:54124.95405841638;3054:54145.52805723659;3112:54154.830571451675;430:54163.11031526036;431:54186.376154157995;432:54217.542165579216;433:54302.77989501083;434:54377.63338624395;248:54512.5898432065;2668:54573.69676697613;2749:54595.881383127366;299:54613.288534540014;2013:54665.843747083934;1338:54679.46622361616;1296:54736.81921508408;1297:54747.463083766415;1298:54758.00196819183;1299:54770.878184715264;3996:54772.915469263804;1300:54791.90983673201;285:54798.09706012872;1515:54809.15949016891;1516:54826.58675830602
0,10,default_vehtype,boarding,True,-1,54826.58675830602,54856.58675830602,54826.58675830602,0.0,1516;-1;-1,1516;-1;-1,0.0,0.5222202801433723,0.5222202801433723,0,,0,274,1,,274,,
0,8,default_vehtype,route,False,-1000,53307.61539478844,54890.007243387416,53307.61539478844,0.0,3526;-1;-1,3562;-1;-1,7572.342961249005,0.7970353304604942,0.7962780961643681,0.0,,0,276,1,,,3526;2823;3226;67;3224;3582;2559;3217;2558;2557;3214;2658;3692;3691;3690;723;1197;3972;3971;3935;3807;2858;1610;2865;2039;3193;421;422;2688;2687;423;424;3203;3204;3926;2670;338;3115;3427;4069;833;327;3564;3566;3565;3563;3562,3526:53307.61539478844;2823:53358.56085236917;3226:53365.26305110831;67:53406.46852247945;3224:53416.22166214957;3582:53443.37570339156;2559:53445.26845990161;3217:53456.48260346176;2558:53464.93092473033;2557:53528.83832393332;3214:53546.72963554536;2658:53553.97813676209;3692:53559.069250289314;3691:53573.027244794575;3690:53638.384450889316;723:53664.74150608865;1197:53690.44353645384;3972:53725.657940396944;3971:53789.35869700041;3935:53853.323256736854;3807:53870.318741498006;2858:53918.78077069962;1610:54099.33030677647;2865:54254.40247229409;2039:54261.68871611768;3193:54263.79277396721;421:54318.455067769995;422:54357.64787074179;2688:54361.77500543902;2687:54542.01770675365;423:54550.463490522765;424:54571.73815514366;3203:54593.58914619881;3204:54595.62210731244;3926:54681.482603844124;2670:54746.44950451024;338:54748.051011346295;3115:54750.66107836983;3427:54777.17306245554;4069:54816.90551677204;833:54839.41520381112;327:54873.01921721653;3564:54878.82318195766;3566:54884.793320355544;3565:54885.57652697725;3563:54889.060722195965;3562:54890.007243387416
0,3,default_vehtype,boarding,True,54180,54815.73545437496,54925.19427343565,54815.73545437496,0.0,3971;-1;-1,3971;-1;-1,0.0,0.9922309333369699,0.9922309333369699,0,,0,284,1,284,,,
0,4,default_vehtype,route,False,-1000,53258.79064251635,54933.01793471064,53258.79064251635,0.0,1673;-1;-1,1587;-1;-1,9441.789436717001,0.9919074602867108,0.9909632813430382,0.0,,0,269,1,,,1673;2312;429;3112;3054;2596;172;3771;428;427;3568;3987;3682;1405;1188;1406;349;3571;1407;1408;544;748;749;3788;3787;3348;334;3111;3349;1813;1122;1121;1120;1119;2014;2038;1546;2678;387;1483;2669;1482;3182;3107;2837;105;3839;3840;24;23;3122;2536;2762;2595;4076;3487;3557;3155;1588;2834;1587,1673:53258.79064251635;2312:53306.32207009505;429:53377.63440924008;3112:53380.849911233156;3054:53394.6318706037;2596:53399.486095202;172:53413.9549359192;3771:53416.412068787395;428:53450.06264789845;427:53465.37147265617;3568:53494.595722274185;3987:53515.09946524518;3682:53522.21549367359;1405:53543.322470173625;1188:53553.59208764897;1406:53585.355060266964;349:53695.856168613296;3571:53814.64719358302;1407:53816.67339390503;1408:53829.0415676673;544:54034.94046131032;748:54056.584712381045;749:54098.42663581658;3788:54117.19865280557;3787:54131.578385678054;3348:54140.605484449;334:54160.65758164201;3111:54161.53950766185;3349:54163.21560677944;1813:54190.338064062176;1122:54235.78263337738;1121:54271.684039604916;1120:54281.30540824057;1119:54282.95611836438;2014:54298.55718299655;2038:54312.721032969224;1546:54316.07877275588;2678:54323.49979349856;387:54324.72713047409;1483:54351.89036174402;2669:54447.25885435027;1482:54449.45121190188;3182:54487.06467536308;3107:54527.3254952724;2837:54603.91734405257;105:54714.56242263964;3839:54721.291626815124;3840:54737.19961636304;24:54769.527088375246;23:54772.20763695849;3122:54790.31033959027;2536:54800.6580177761;2762:54813.29076037645;2595:54854.2966413398;4076:54859.061458003045;3487:54890.42884395799;3557:54890.884318445926;3155:54897.46850147569;1588:54902.12221457529;2834:54920.64636133566;1587:54933.01793471064
0,8,default_vehtype,boarding,True,54480,54890.007243387416,54932.110529758975,54890.007243387416,0.0,3562;-1;-1,3562;-1;-1,0.0,0.7962780961643681,0.7962780961643681,0.0,,0,276;289,2,289,276,,
0,4,default_vehtype,boarding,True,-1,54933.01793471064,54963.01793471064,54933.01793471064,0.0,1587;-1;-1,1587;-1;-1,0.0,0.9909632813430382,0.9909632813430382,0,,0,269,1,,269,,
0,10,default_vehtype,route,False,-1000,54856.58675830602,54996.34195366325,54856.58675830602,0.0,1516;-1;-1,1971;-1;-1,536.6194994700002,0.5222202801433723,0.5221666181934248,0.0,,0,,0,,,1516;1515;1557;1971,1516:54856.58675830602;1515:54863.75414639648;1557:54886.16673444162;1971:54996.34195366325
0,6,default_vehtype,route,False,-1000,54734.422615732416,55020,54734.422615732416,0.0,2508;-1;-1,4067;2633;0.815,1632.1690947985073,0.5652134745028375,0.5650502575933576,0.0,,0,278,1,,,2508;2485;2300;764;614;2688;2906;2867;3684;3749;3446;3805;4003;4001;2632;4002;4067,2508:54734.422615732416;2485:54746.28755285485;2300:54763.47813224002;764:54766.56254432624;614:54775.249011265965;2688:54807.753922033495;2906:54845.75729570398;2867:54877.270934245964;3684:54879.101153388714;3749:54897.39331380641;3446:54903.13943044982;3805:54926.931319493306;4003:54934.68765596752;4001:54939.816972311906;2632:54941.19833941897;4002:54942.373751288505;4067:54948.103393839374
0,10,default_vehtype,boarding,True,54360,54996.34195366325,55088.15396955448,54996.34195366325,0.0,1971;-1;-1,1971;-1;-1,0.0,0.5221666181934248,0.5221666181934248,0,,0,285,1,285,,,
0,5,default_vehtype,route,False,-1000,54720,55123.499648750774,54720,0,2191;2485;0.010,427;-1;-1,2462.92378234986,0.9888279075423417,0.9885816151641067,0.0,,0,,0,,,2191;2485;2191;2687;3680;2675;3204;3926;3150;3666;2670;338;3665;3925;3476;3477;3475;3474;426;3568;427,2191:54720;2485:54752.57276736112;2191:54762.00949212478;2687:54845.61346850047;3680:54904.5174143028;2675:54906.06058396767;3204:54907.496147210935;3926:54930.987054113015;3150:54940.2384197725;3666:54956.835828199095;2670:54960.46057097849;338:54962.062077814546;3665:55004.86374572137;3925:55037.71545518331;3476:55047.13287094455;3477:55055.48507608229;3475:55079.81310310222;3474:55081.927574723166;426:55104.78007270759;3568:55105.802076026404;427:55123.499648750774
0,11,default_vehtype,route,False,-1000,54734.94495777271,55221.39554125045,54734.94495777271,0.0,328;-1;-1,3174;-1;-1,3502.470828580001,0.8075300501880707,0.807179803105213,0.0,,0,288,1,,,328;3562;4026;2386;3644;2387;2207;3869;3868;2206;2205;3824;2306;212;213;3419;214;3791;3696;1519;673;1280;3416;3789;3415;3414;3413;3412;3169;3170;3171;3172;3174,328:54734.94495777271;3562:54737.362448523774;4026:54788.04897063555;2386:54790.164091357015;3644:54803.331587667744;2387:54815.76043206454;2207:54828.593492963344;3869:54834.66259242711;3868:54839.91595494876;2206:54846.95281679117;2205:54874.278351444234;3824:54884.05809727675;2306:54884.9552450918;212:54903.299038957244;213:54914.13363630448;3419:54965.26309569552;214:54970.576779687224;3791:54993.919734591145;3696:55005.21837762239;1519:55011.76282908396;673:55033.077001521284;1280:55045.6153859394;3416:55046.40634828061;3789:55069.38575538007;3415:55092.47143278981;3414:55112.08838275243;3413:55142.304548893495;3412:55165.858229824094;3169:55180.00600751244;3170:55183.33764904871;3171:55200.90204351423;3172:55209.63756700955;3174:55221.39554125045
0,11,default_vehtype,boarding,True,-1,55221.39554125045,55251.39554125045,55221.39554125045,0.0,3174;-1;-1,3174;-1;-1,0.0,0.807179803105213,0.807179803105213,0,,0,288,1,,288,,
0,5,default_vehtype,boarding,True,54720,55123.499648750774,55278.276597118034,55123.499648750774,0.0,427;-1;-1,427;-1;-1,0.0,0.9885816151641067,0.9885816151641067,0,,0,290,1,290,,,
0,7,default_vehtype,route,False,-1000,54300.51484596381,55446.88891180569,54300.51484596381,0.0,1586;-1;-1,429;-1;-1,9214.95711553601,0.7602392766983675,0.7593177809868138,0.0,,0,279,1,,,1586;1585;1634;899;3025;3403;3404;2588;2140;3317;3406;3405;3033;3432;3026;2587;3028;4;2573;2618;3455;2534;3331;2580;0;3057;56;71;3272;1;2596;429,1586:54300.51484596381;1585:54327.83467347694;1634:54339.9191013898;899:54352.8520941107;3025:54368.072663874525;3403:54369.598846654044;3404:54372.83666331583;2588:54375.38740043595;2140:54377.45607482739;3317:54383.31315816001;3406:54384.17531957552;3405:54388.66623755641;3033:54392.05916310919;3432:54418.47806263903;3026:54462.43121616591;2587:54524.9295323961;3028:54528.08014136601;4:54556.335825716735;2573:54561.14390488161;2618:54628.6798432204;3455:54674.12954631552;2534:54677.31165951251;3331:54731.573394640676;2580:54910.858065030814;0:55111.13439848667;3057:55170.935974378124;56:55248.410378418;71:55296.36741624803;3272:55343.170851464005;1:55385.666348356426;2596:55426.1736345413;429:55446.88891180569
0,7,default_vehtype,boarding,True,-1,55446.88891180569,55476.88891180569,55446.88891180569,0.0,429;-1;-1,429;-1;-1,0.0,0.7593177809868138,0.7593177809868138,0,,0,279,1,,279,,
0,8,default_vehtype,route,False,-1000,54932.110529758975,55486.60691454245,54932.110529758975,0.0,3562;-1;-1,1503;-1;-1,2548.4517195390013,0.7962780961643681,0.7960232509924134,0.0,,0,289,1,,,3562;328;3565;3566;3567;3314;3568;3987;3682;1405;1188;1406;349;3571;1407;1408;544;748;2155;1503,3562:54932.110529758975;328:54933.63452865871;3565:54934.10945262924;3566:54935.00223146752;3567:55024.43585213173;3314:55025.45338672888;3568:55032.31827864267;3987:55087.261997373695;3682:55098.73213240309;1405:55108.6623546495;1188:55129.74883234415;1406:55144.2134424478;349:55183.77402252712;3571:55239.03778140762;1407:55239.75751202363;1408:55248.96779032776;544:55383.05693743913;748:55407.92176572637;2155:55434.70244089472;1503:55486.60691454245
0,5,default_vehtype,route,False,-1000,55278.276597118034,55494.04146694053,55278.276597118034,0.0,427;-1;-1,2311;-1;-1,1056.7450143499998,0.9885816151641067,0.9884759406626719,0.0,,0,290,1,,,427;3568;3987;3682;3569;3570;2122;1263;2311,427:55278.276597118034;3568:55311.200229107555;3987:55362.816216613246;3682:55371.11394492002;3569:55384.18163104475;3570:55387.8476123223;2122:55406.39716999955;1263:55426.38391192639;2311:55494.04146694053
0,8,default_vehtype,boarding,True,-1,55486.60691454245,55516.60691454245,55486.60691454245,0.0,1503;-1;-1,1503;-1;-1,0.0,0.7960232509924134,0.7960232509924134,0,,0,289,1,,289,,
0,5,default_vehtype,boarding,True,-1,55494.04146694053,55524.04146694053,55494.04146694053,0.0,2311;-1;-1,2311;-1;-1,0.0,0.9884759406626719,0.9884759406626719,0,,0,290,1,,290,,
0,5,default_vehtype,route,False,-1000,55524.04146694053,55543.14447531103,55524.04146694053,0.0,2311;-1;-1,2301;-1;-1,323.2225725,0.9884759406626719,0.9884436184054218,0.0,,0,,0,,,2311;2301,2311:55524.04146694053;2301:55543.14447531103
0,2,default_vehtype,route,False,-1000,54840.0,55543.14447531103,54840.0,0.0,1587;-1;-1,335;336;0.442,6222.953806834613,0.9934928022037128,0.9928705068230286,0.0,,0,,0,,,1587;2834;1588;3155;3557;3487;4076;2595;2762;2536;3122;23;24;13;107;105;2837;3107;3182;1482;2669;3102;3108;2678;387;988;334;3351;134;2637;3110;335,1587:54840;2834:54853.8136285974;1588:54865.7355557675;3155:54873.56906612053;3557:54879.76483172701;3487:54880.24567849911;4076:54902.189811739765;2595:54910.42256569739;2762:54919.22107123607;2536:54925.055761674856;3122:54936.78329083423;23:54955.10084468532;24:54956.23826946808;13:54957.98593201829;107:55020.037427229465;105:55024.75024287015;2837:55091.278465549294;3107:55196.11570528682;3182:55203.563722938336;1482:55236.30500512753;2669:55238.305256527696;3102:55238.94408783127;3108:55294.399629222804;2678:55325.47110638605;387:55326.6614062682;988:55374.89811948431;334:55419.48972925956;3351:55422.12147278916;134:55456.86108144343;2637:55471.13991356049;3110:55504.47343004054;335:55534.853768441506
0,7,default_vehtype,route,False,-1000,55476.88891180569,55593.538350779825,55476.88891180569,0.0,429;-1;-1,427;-1;-1,700.100454,0.7593177809868138,0.7592477709414138,0.0,,0,,0,,,429;2596;172;3771;428;427,429:55476.88891180569;2596:55492.78957150035;172:55508.470792327076;3771:55512.25000250658;428:55552.7208685508;427:55593.538350779825
0,8,default_vehtype,route,False,-1000,55516.60691454245,55593.538350779825,55516.60691454245,0.0,1503;-1;-1,748;544;0.109,747.7741283147168,0.7960232509924134,0.795948473579582,0.0,,0,,0,,,1503;1505;1160;1506;2155;748,1503:55516.60691454245;1505:55526.82302771086;1160:55535.18486717164;1506:55544.00025783457;2155:55560.45394229374;748:55586.73417908684
0,5,default_vehtype,boarding,True,54840,55543.14447531103,55617.36305631977,55543.14447531103,0.0,2301;-1;-1,2301;-1;-1,0.0,0.9884436184054218,0.9884436184054218,0,,0,291,1,291,,,
0,6,default_vehtype,route,False,-1000,55020,55655.505325547965,55020,0,4067;2633;0.815,825;-1;-1,4753.405558159493,0.5650502575933576,0.5645749170375419,0.0,,0,278,1,,,4067;2633;268;3119;3450;173;3686;180;63;2700;3945;3575;64;2694;3795;417;416;3793;2695;3796;414;3794;413;768;1619;1618;1084;1083;2480;1589;1018;696;695;1825;1826;2330;2473;1329;820;1797;454;825,4067:55020;2633:55036.313596026346;268:55045.658118351275;3119:55061.27200707628;3450:55089.43327492261;173:55133.06548573594;3686:55163.46423932592;180:55167.431105351825;63:55168.66312349072;2700:55176.10795049182;3945:55195.32693587582;3575:55202.07086677919;64:55229.20924791868;2694:55232.8670297376;3795:55243.15336929569;417:55274.31625105484;416:55285.58194524079;3793:55299.91784653421;2695:55305.891588729064;3796:55310.55261282251;414:55351.134049205364;3794:55353.992584953856;413:55371.194037657406;768:55387.866187507825;1619:55408.03486090841;1618:55413.08799086289;1084:55448.763658289376;1083:55463.36826942358;2480:55502.59391670844;1589:55508.78504395672;1018:55532.69676293283;696:55539.140572048396;695:55544.32770737927;1825:55565.845079027946;1826:55574.594732808444;2330:55584.619209252516;2473:55612.50716209015;1329:55619.79851806827;820:55624.28851694461;1797:55635.20971243415;454:55645.00428630215;825:55655.505325547965
0,11,default_vehtype,route,False,-1000,55251.39554125045,55738.16309526519,55251.39554125045,0.0,3174;-1;-1,2146;-1;-1,1442.8628277799996,0.807179803105213,0.8070355168224342,0.0,,0,,0,,,3174;3172;3171;3170;3169;567;853;1038;3801;3932;1403;1912;2147;2146,3174:55251.39554125045;3172:55256.06784762943;3171:55277.87204066298;3170:55320.2009577026;3169:55326.15983513758;567:55390.17563082905;853:55392.37791450011;1038:55586.75882006989;3801:55604.32214855809;3932:55612.32823037174;1403:55618.34319690964;1912:55631.476047116346;2147:55683.44605362985;2146:55738.16309526519
0,6,default_vehtype,boarding,True,55020,55655.505325547965,55740.824733872156,55655.505325547965,0.0,825;-1;-1,825;-1;-1,0.0,0.5645749170375419,0.5645749170375419,0,,0,278;294,2,294,,,
0,2,default_vehtype,route,False,-1000,55550.0,55751.38660946466,55550.0,0.0,335;336;0.442,427;-1;-1,1741.0294931923886,0.9928705068230286,0.9926964038737093,0.0,,0,,0,,,335;336;2671;2670;338;3665;3925;425;3474;3475;3315;3567;426;3568;427,335:55550;336:55569.10732099566;2671:55572.2160832948;2670:55631.86863124615;338:55634.41173489848;3665:55651.79854982735;3925:55696.723772181256;425:55704.21100209618;3474:55717.11234993154;3475:55718.808503066066;3315:55731.34487521894;3567:55735.500040721745;426:55737.785944242816;3568:55738.585243494126;427:55751.38660946466
0,2,default_vehtype,boarding,True,55440,55751.38660946466,55756.14970117534,55751.38660946466,0.0,427;-1;-1,427;-1;-1,0.0,0.9926964038737093,0.9926964038737093,0.0,,0,297,1,297,,,
0,11,default_vehtype,boarding,True,55200,55738.16309526519,55796.78831882365,55738.16309526519,0.0,2146;-1;-1,2146;-1;-1,0.0,0.8070355168224342,0.8070355168224342,0,,0,295,1,295,,,
0,3,default_vehtype,route,False,-1000,54925.19427343565,55819.53174140961,54925.19427343565,0.0,3971;-1;-1,1281;-1;-1,5507.508202397,0.9922309333369699,0.99168018251673,0.0,,0,284,1,,,3971;1611;3935;3807;2858;1610;3195;268;4068;4002;420;4003;3805;3446;3749;3684;2867;2906;957;958;1859;465;466;467;468;469;470;471;472;1292;2189;367;261;262;263;2246;461;1836;2319;236;214;3791;3696;1519;673;1280;3416;1281,3971:54925.19427343565;1611:54927.621218791915;3935:54964.67590258568;3807:54995.61418756905;2858:55001.89885560715;1610:55040.34618548114;3195:55042.89711360644;268:55067.365984869335;4068:55118.15146463171;4002:55119.40839506023;420:55120.76363699204;4003:55124.02309486993;3805:55135.0739451097;3446:55140.97489865347;3749:55145.338022122654;3684:55157.69848803943;2867:55159.64495778624;2906:55167.17039095307;957:55174.66961032271;958:55200.03043356883;1859:55211.420739446694;465:55224.90389177944;466:55241.89469735167;467:55246.46167523953;468:55254.49118790811;469:55261.84808372393;470:55277.3184156131;471:55280.534444647965;472:55300.98581730952;1292:55308.9925533222;2189:55337.86574991921;367:55373.465379446054;261:55405.36689269267;262:55457.179461071835;263:55469.02788625695;2246:55488.50128365727;461:55537.01789200934;1836:55545.84733691106;2319:55561.69222640195;236:55584.15315386503;214:55623.25702443237;3791:55648.95660863166;3696:55684.97999023127;1519:55687.17716141102;673:55709.21189305223;1280:55757.69266458577;3416:55759.34962816789;1281:55819.53174140961
0,7,default_vehtype,boarding,True,55200,55593.538350779825,55825.48133207487,55593.538350779825,0.0,427;-1;-1,427;-1;-1,0.0,0.7592477709414138,0.7592477709414138,0,,0,296,1,296,,,
0,10,default_vehtype,route,False,-1000,55088.15396955448,55839.107706798684,55088.15396955448,0.0,1971;-1;-1,3790;-1;-1,4623.015708150001,0.5221666181934248,0.5217043166226092,0.0,,0,285,1,,,1971;1297;1298;826;610;611;171;2348;2405;1278;852;2404;1469;2403;1880;2208;4026;2386;3644;2387;2207;3869;3868;2206;2205;3824;2306;212;213;3419;214;3791;3696;3790,1971:55088.15396955448;1297:55096.92686176709;1298:55107.4657461925;826:55110.07435687681;610:55119.66438014135;611:55146.65914604353;171:55198.058702969756;2348:55220.33821724254;2405:55232.630339373216;1278:55277.742000986414;852:55295.309767969506;2404:55308.7408229895;1469:55344.40278995018;2403:55377.81147093046;1880:55398.98050620597;2208:55462.11537278911;4026:55500.47041814585;2386:55502.125810686935;3644:55511.28773597783;2387:55521.587796118605;2207:55527.186793885565;3869:55534.107660981055;3868:55580.88157882379;2206:55590.146750892796;2205:55630.79057349727;3824:55635.501516601544;2306:55636.92877549661;212:55672.55210451807;213:55686.01442653508;3419:55768.90986462464;214:55770.9436182203;3791:55796.64320241959;3696:55832.6665840192;3790:55839.107706798684
0,3,default_vehtype,boarding,True,-1,55819.53174140961,55849.53174140961,55819.53174140961,0.0,1281;-1;-1,1281;-1;-1,0.0,0.99168018251673,0.99168018251673,0,,0,284,1,,284,,
0,5,default_vehtype,route,False,-1000,55617.36305631977,55855.29479054312,55617.36305631977,0.0,2301;-1;-1,3671;-1;-1,1321.37450583,0.9884436184054218,0.9883114809548389,0.0,,0,291,1,,,2301;2347;3973;3974;337;338;3115;3427;3426;3425;3424;265;3671,2301:55617.36305631977;2347:55627.11797358165;3973:55666.91966369874;3974:55673.26749986831;337:55673.99958908893;338:55712.26554073307;3115:55713.52640623581;3427:55760.84886179178;3426:55775.66356187594;3425:55796.14871373457;3424:55835.975443023104;265:55840.59989980018;3671:55855.29479054312
0,10,default_vehtype,boarding,True,-1,55839.107706798684,55869.107706798684,55839.107706798684,0.0,3790;-1;-1,3790;-1;-1,0.0,0.5217043166226092,0.5217043166226092,0,,0,285,1,,285,,
0,5,default_vehtype,boarding,True,-1,55855.29479054312,55885.29479054312,55855.29479054312,0.0,3671;-1;-1,3671;-1;-1,0.0,0.9883114809548389,0.9883114809548389,0,,0,291,1,,291,,
0,1,default_vehtype,route,False,-1000,54366.59095025536,55927.408946048155,54366.59095025536,0.0,2687;-1;-1,3299;-1;-1,12046.379190566993,0.9891873121218561,0.9879826742028,0.0,,0,280,1,,,2687;423;424;3203;3204;2675;3150;3666;2670;338;337;3974;336;335;2582;2638;2637;134;3351;334;988;387;2678;3108;3102;2677;3780;2676;1481;1480;84;107;105;3839;3840;24;23;3122;2536;2762;2595;4076;3487;3557;3431;3489;985;286;829;3118;1137;3383;3806;4044;3032;3030;3031;3034;3029;3027;2587;3026;3432;3033;3317;2140;2588;3404;3403;3025;899;1634;1585;1586;3299,2687:54366.59095025536;423:54375.03673402448;424:54396.311398645375;3203:54418.16238970052;3204:54420.19535081415;2675:54421.93832437263;3150:54459.22086156263;3666:54519.22805658272;2670:54520.587002718115;338:54524.225150506616;337:54544.21090849635;3974:54546.13967353149;336:54575.7467821446;335:54639.704353197674;2582:54642.67592895958;2638:54697.21367190801;2637:54700.120245843114;134:54735.034187640835;3351:54799.094294065035;334:54800.99497988734;988:54827.18363669392;387:54848.98702533124;2678:54853.884122688825;3108:54883.10235574772;3102:54960.93666657433;2677:54963.49735433135;3780:54995.60196317781;2676:55025.84219556846;1481:55072.079665053585;1480:55164.575709909535;84:55190.08862235424;107:55197.937657280796;105:55202.65047292148;3839:55207.287412217454;3840:55223.19540176537;24:55255.522873777576;23:55258.20342236082;3122:55276.3061249926;2536:55286.65380317843;2762:55299.28654577878;2595:55328.697638673046;4076:55330.48834589385;3487:55381.33086325245;3557:55382.58212594818;3431:55385.900123669206;3489:55395.86615037022;985:55406.896372528194;286:55412.301873662094;829:55451.448049991675;3118:55480.36624994125;1137:55481.10247530837;3383:55549.47046141736;3806:55576.6775651245;4044:55595.081739003166;3032:55604.82605728911;3030:55679.642863176974;3031:55685.29152296623;3034:55690.54976392483;3029:55702.447969888584;3027:55709.71207270863;2587:55721.444258386946;3026:55759.2062570456;3432:55808.69065107738;3033:55843.5414922788;3317:55849.41389887128;2140:55851.82529431576;2588:55859.98437044968;3404:55861.17597217015;3403:55862.096354678666;3025:55863.70481075847;899:55872.79795129829;1634:55878.09575690242;1585:55893.754618918385;1586:55914.095564753734;3299:55927.408946048155
0,1,default_vehtype,boarding,True,55860,55927.408946048155,55981.11554980276,55927.408946048155,0.0,3299;-1;-1,3299;-1;-1,0.0,0.9879826742028,0.9879826742028,0,,0,280;303,2,303,280,,
0,5,default_vehtype,route,False,-1000,55920,56117.46407868339,55920,0,3671;-1;-1,1539;-1;-1,1472.6933720599995,0.9883114809548389,0.9881642116176327,0.0,,0,,0,,,3671;265;3424;3422;3420;2158;2280;1890;3593;3824;2205;2206;3868;3869;2207;2387;904;1539,3671:55920;265:55929.39101553459;3424:55934.61046639449;3422:55940.51967477;3420:55962.966713858885;2158:55989.24257221501;2280:55998.67630247603;1890:56016.93115267832;3593:56024.26717542614;3824:56025.737371493466;2205:56044.77093901409;2206:56067.394071909;3868:56070.84189430828;3869:56071.98311291962;2207:56085.815531388434;2387:56088.17528124657;904:56114.59888600657;1539:56117.46407868339
0,5,default_vehtype,boarding,True,55920,56117.46407868339,56132.427612200736,56117.46407868339,0.0,1539;-1;-1,1539;-1;-1,0.0,0.9881642116176327,0.9881642116176327,0,,0,304,2,304,,,
0,2,default_vehtype,route,False,-1000,55756.14970117534,56238.32808043671,55756.14970117534,0.0,427;-1;-1,749;-1;-1,3143.1615021880007,0.9926964038737093,0.9923820877234907,0.0,,0,297,1,,,427;3568;426;3474;3475;3477;3476;3313;3115;338;337;3974;336;2671;2582;2638;2637;134;3351;334;3348;3352;3350;749,427:55756.14970117534;3568:55782.676212272076;426:55785.06732320305;3474:55799.83376089747;3475:55801.52991403199;3477:55817.544061389235;3476:55832.30455197748;3313:55852.59121915578;3115:55867.9469614418;338:55870.2512099776;337:55939.56217405565;3974:55940.58709081515;336:55957.91260652855;2671:55960.280636353054;2582:56025.82970712;2638:56135.34737962054;2637:56138.854512201404;134:56155.241574069914;3351:56175.00895364579;334:56177.525707158406;3348:56210.20996088742;3352:56212.90687978911;3350:56228.70695870613;749:56238.32808043671
0,2,default_vehtype,boarding,True,-1,56238.32808043671,56268.32808043671,56238.32808043671,0.0,749;-1;-1,749;-1;-1,0.0,0.9923820877234907,0.9923820877234907,0,,0,297,1,,297,,
0,9,default_vehtype,route,False,-1000,54690.718319385036,56318.504476092545,54690.718319385036,0.0,2688;-1;-1,2816;-1;-1,10823.954011299998,0.719493458760342,0.7184110633592115,0.0,,0,277;282,2,,,2688;2906;2867;3684;2866;3446;3805;4003;420;4068;268;2633;331;419;2863;3995;2864;3449;63;2700;3945;3594;3576;418;64;2694;2693;3795;417;416;3793;415;1249;1086;1250;541;1251;1566;1768;1189;2025;2048;895;774;2332;2331;2330;2473;1329;1328;838;1030;3292;3132;646;2528;3274;647;3293;3296;96;2946;648;1693;1692;1691;1050;1690;1689;1688;1687;112;1686;1421;510;1685;1684;1960;2399;2827;565;462;2797;2799;2795;2794;2791;2788;3453;2958;3454;3734;2786;3049;28;2816,2688:54690.718319385036;2906:54746.35033937754;2867:54777.86397791952;3684:54779.69419706227;2866:54782.14668043176;3446:54810.069267723105;3805:54833.861156766594;4003:54841.61749324081;420:54845.81616379755;4068:54855.19628817104;268:54958.79021151382;2633:54966.41178704105;331:54986.37425646763;419:55015.793481569315;2863:55026.7026617276;3995:55063.51818551606;2864:55066.95928026021;3449:55068.61995013542;63:55233.05824891938;2700:55240.50307592048;3945:55259.72206130448;3594:55262.59940928445;3576:55268.43177244281;418:55296.52227723118;64:55297.36677353415;2694:55301.02455535307;2693:55304.38757730479;3795:55316.10400143884;417:55342.25393698578;416:55373.95921448796;3793:55388.64098669593;415:55402.99038576072;1249:55406.96237673806;1086:55415.0041214788;1250:55422.166041012155;541:55442.073215553566;1251:55448.59623899061;1566:55463.98315896112;1768:55466.769489243496;1189:55472.95946903035;2025:55477.392349759335;2048:55483.12559258898;895:55486.85596058211;774:55492.95681389309;2332:55527.21566017558;2331:55548.32799854805;2330:55599.92776176577;2473:55627.81571460341;1329:55635.10707058153;1328:55683.92662019733;838:55705.33513331239;1030:55712.80799304847;3292:55715.02014121437;3132:55718.86894272438;646:55723.16210055882;2528:55730.452023751226;3274:55755.24994218345;647:55761.34514079664;3293:55764.330836254456;3296:55769.69436247864;96:55778.35469942157;2946:55875.3746726791;648:55876.12360955853;1693:55883.074549958656;1692:55903.495386321454;1691:55909.76618914574;1050:55916.20169580883;1690:55923.00591680984;1689:55929.743642287925;1688:55932.79653953475;1687:55938.99094982882;112:55953.16367974423;1686:55978.85137563896;1421:55992.094876628325;510:56008.168867329376;1685:56030.243426366695;1684:56082.13814377602;1960:56088.867508796706;2399:56100.12769629739;2827:56106.80450878609;565:56111.59329244985;462:56131.854075092466;2797:56136.03942761939;2799:56137.708219793574;2795:56167.54941421836;2794:56188.05825445989;2791:56200.22449283226;2788:56216.29404250569;3453:56226.89093166574;2958:56229.74778647925;3454:56231.06735720818;3734:56238.59857138168;2786:56283.71499622267;3049:56293.881324720205;28:56304.670758433145;2816:56318.504476092545
0,9,default_vehtype,boarding,True,-1,56318.504476092545,56348.504476092545,56318.504476092545,0.0,2816;-1;-1,2816;-1;-1,0.0,0.7184110633592115,0.7184110633592115,0,,0,277;282,2,,277;282,,
0,6,default_vehtype,route,False,-1000,55740.824733872156,56373.51784845744,55740.824733872156,0.0,825;-1;-1,2816;-1;-1,5342.32296206,0.5645749170375419,0.5640406847413357,0.0,,0,278;294,2,,,825;2412;1455;340;718;717;716;3280;2849;647;3274;3275;3287;715;714;713;712;711;710;2107;1687;112;1686;1421;510;1685;1684;1960;2399;2827;565;462;2797;2799;2795;2794;2791;2788;3453;2958;3454;3734;2786;3049;28;2816,825:55740.824733872156;2412:55752.03114543041;1455:55761.71527001433;340:55770.70450216828;718:55777.81635851542;717:55802.09997704253;716:55814.134427690886;3280:55815.47294816934;2849:55827.58266671635;647:55830.481716442046;3274:55831.13613328549;3275:55840.90229778454;3287:55842.785069306985;715:55849.06704498226;714:55859.67820155012;713:55865.469709659774;712:55882.62632106843;711:55911.15265073047;710:55934.447348645896;2107:55952.15221684988;1687:55994.004322193716;112:56008.17705210913;1686:56033.864748003856;1421:56047.10824899322;510:56063.18223969427;1685:56085.25679873159;1684:56137.15151614092;1960:56143.8808811616;2399:56155.14106866229;2827:56161.817881150986;565:56166.606664814746;462:56186.86744745736;2797:56191.05279998429;2799:56192.72159215847;2795:56222.56278658326;2794:56243.071626824785;2791:56255.23786519716;2788:56271.307414870585;3453:56281.904304030635;2958:56284.76115884415;3454:56286.08072957308;3734:56293.611943746575;2786:56338.72836858757;3049:56348.8946970851;28:56359.68413079804;2816:56373.51784845744
0,6,default_vehtype,boarding,True,-1,56373.51784845744,56403.51784845744,56373.51784845744,0.0,2816;-1;-1,2816;-1;-1,0.0,0.5640406847413357,0.5640406847413357,0,,0,278;294,2,,278;294,,
0,5,default_vehtype,route,False,-1000,56132.427612200736,56484.95299044067,56132.427612200736,0.0,1539;-1;-1,1405;-1;-1,1506.7709269400002,0.9881642116176327,0.9880135345249388,0.0,,0,304,2,,,1539;904;2387;3644;4026;3562;328;3314;3567;426;3645;3569;3682;1405,1539:56132.427612200736;904:56175.0196725366;2387:56194.62015715161;3644:56204.17524501483;4026:56221.701174814574;3562:56302.516899605675;328:56303.385011456645;3314:56420.831895173724;3567:56421.57560807018;426:56423.932592297264;3645:56450.006231319225;3569:56456.984621614094;3682:56466.42277218124;1405:56484.95299044067
0,5,default_vehtype,boarding,True,-1,56484.95299044067,56514.95299044067,56484.95299044067,0.0,1405;-1;-1,1405;-1;-1,0.0,0.9880135345249388,0.9880135345249388,0,,0,304,2,,304,,
0,8,default_vehtype,route,False,-1000,55800,56570.25095626734,55800,0,748;544;0.109,2600;-1;-1,5849.588782993279,0.795948473579582,0.7953635147012825,0.0,,0,,0,,,748;544;748;749;3788;3787;3348;3352;3351;134;2637;2585;3267;103;2526;2738;3328;2639;3134;49;3116;3042;4077;48;2734;2733;2601;1775;2600,748:55800;544:55826.831076772425;748:55851.69590505967;749:55896.17621930087;3788:55919.53900049871;3787:55932.48434750739;3348:55938.55993237147;3352:55941.25685127316;3351:55965.395533125535;134:56000.55026119833;2637:56022.08714458344;2585:56065.0733698868;3267:56191.45052689559;103:56239.296015148444;2526:56271.200455122984;2738:56320.7775108445;3328:56324.60094177147;2639:56356.04407065238;3134:56362.57813345446;49:56364.280681119475;3116:56373.83461663945;3042:56396.46546881136;4077:56413.73654513316;48:56489.36848630487;2734:56522.1837018313;2733:56537.703295879575;2601:56558.14424253436;1775:56559.30276680893;2600:56570.25095626734
0,2,default_vehtype,route,False,-1000,56340,56580.0,56340,0,749;-1;-1,2221;1406;0.592,1593.9329424845487,0.9923820877234907,0.9922226944292426,0.0,,0,,0,,,749;748;544;1408;2220;2302;1214;350;2175;258;2221,749:56340;748:56408.91803303777;544:56426.9104399216;1408:56449.57546000477;2220:56472.52523400367;2302:56478.5335042841;1214:56482.592190880976;350:56488.96970756523;2175:56508.12137862028;258:56520.873984011545;2221:56539.18737658255
0,10,default_vehtype,route,False,-1000,56100,56581.933966004035,56100,0,3790;-1;-1,129;-1;-1,4180.736208039999,0.5217043166226092,0.5212862430018049,0.0,,0,,0,,,3790;3418;3419;214;1518;2246;263;262;2171;518;2193;2192;260;2189;1292;472;471;470;469;468;467;466;465;1859;957;956;3899;3684;2866;3446;3805;4003;420;4068;268;2633;128;129,3790:56100;3418:56124.012033985564;3419:56131.889254693655;214:56137.315485544124;1518:56213.09086978039;2246:56223.49788895889;263:56235.75590370284;262:56256.17330355156;2171:56258.96151792468;518:56273.02211416609;2193:56289.59887583145;2192:56291.4354645942;260:56302.85095577077;2189:56312.1568259004;1292:56318.509521665444;472:56320.44513531104;471:56327.74865039011;470:56331.93341469238;469:56336.217983110626;468:56345.54451941525;467:56352.21934065601;466:56357.54520510968;465:56370.74620411155;1859:56378.471720528;957:56419.37878772939;956:56432.033726251415;3899:56434.19870194971;3684:56455.65849804919;2866:56458.876835706455;3446:56472.38023066696;3805:56483.4470310447;4003:56495.10973300825;420:56496.60167490222;4068:56498.17562682227;268:56560.45104642755;2633:56562.93847261357;128:56575.70056080485;129:56581.933966004035
0,3,default_vehtype,route,False,-1000,56100,56581.933966004035,56100,0,1281;-1;-1,3805;4003;0.122,3990.47686618167,0.99168018251673,0.9912811348301122,0.0,,0,,0,,,1281;3416;3417;3790;3418;3419;214;1518;2246;263;262;2171;518;2193;2192;260;2189;1292;472;471;470;469;468;467;466;465;1859;957;956;3899;3684;2866;3446;3805,1281:56100;3416:56113.755944015;3417:56190.29566182015;3790:56219.20337557035;3418:56243.215409555916;3419:56251.09263026401;214:56256.51886111448;1518:56332.29424535074;2246:56342.70126452924;263:56354.95927927319;262:56375.37667912191;2171:56378.164893495035;518:56392.22548973644;2193:56408.8022514018;2192:56410.63884016455;260:56422.054331341125;2189:56431.36020147075;1292:56437.7128972358;472:56439.648510881394;471:56446.95202596046;470:56451.13679026273;469:56455.42135868098;468:56464.7478949856;467:56471.42271622636;466:56476.74858068003;465:56489.9495796819;1859:56497.675096098355;957:56526.127044518784;956:56536.009848595226;3899:56540.04756656269;3684:56562.737344793044;2866:56564.84947033784;3446:56584.11707735607;3805:56588.9321074624
0,10,default_vehtype,boarding,True,56100,56581.933966004035,56593.75856775891,56581.933966004035,0.0,129;-1;-1,129;-1;-1,0.0,0.5212862430018049,0.5212862430018049,0,,0,305,1,305,,,
0,4,default_vehtype,route,False,-1000,55440,56604.91771714581,55440,0,1587;-1;-1,2906;-1;-1,8305.244460917003,0.9909632813430382,0.990132756896946,0.0,,0,,0,,,1587;2834;1588;3155;3557;3487;4076;2595;2762;2536;3122;23;24;3840;3839;105;107;84;1480;1481;2676;3780;2677;3102;3108;2678;3111;3349;3351;134;2637;2638;33;2578;183;3388;34;2865;3194;2866;421;2867;2906,1587:55440;2834:55447.63309808623;1588:55489.09893941646;3155:55499.06767399729;3557:55508.011982413;3487:55508.76415028081;4076:55520.80058189092;2595:55528.935351573586;2762:55539.04253430045;2536:55545.05329533186;3122:55551.66724048491;23:55564.63540116526;24:55566.91140947602;3840:55609.40230392797;3839:55627.73843438005;105:55639.542137139106;107:55641.5993576581;84:55643.875932093964;1480:55698.33276392211;1481:55727.55391617283;2676:55769.2871693442;3780:55803.97820189107;2677:55842.723656351656;3102:55844.66733017459;3108:55878.45920658736;2678:55947.83738671197;3111:56077.08098213815;3349:56082.88441887084;3351:56089.628069672704;134:56124.7827977455;2637:56146.31968113061;2638:56153.66381088448;33:56200.60807868616;2578:56309.40779152754;183:56346.16128033041;3388:56348.42882031564;34:56360.679773718526;2865:56494.2435995853;3194:56500.455956346166;2866:56588.38366409928;421:56590.420276353376;2867:56594.660080950765;2906:56604.91771714581
0,7,default_vehtype,route,False,-1000,55825.48133207487,56632.019604555986,55825.48133207487,0.0,427;-1;-1,2228;-1;-1,3840.6250380700008,0.7592477709414138,0.7588637084376064,0.0,,0,296,1,,,427;428;3771;172;2596;1;3272;2526;2738;3328;2639;3134;49;3116;3042;4077;48;2672;1341;2228,427:55825.48133207487;428:55862.001996072286;3771:55916.771858241795;172:55920.77881367375;2596:55944.66622534892;1:56007.54188458626;3272:56067.57910641628;2526:56182.266569973646;2738:56231.84362569516;3328:56235.66705662213;2639:56267.11018550304;3134:56273.64424830512;49:56275.34679597014;3116:56284.90073149011;3042:56307.53158366202;4077:56324.80265998382;48:56400.43460115553;2672:56401.870809700435;1341:56600.70757485266;2228:56632.019604555986
0,5,default_vehtype,route,False,-1000,56514.95299044067,56645.355455765275,56514.95299044067,0.0,1405;-1;-1,427;-1;-1,608.9613381900001,0.9880135345249388,0.9879526383911192,0.0,,0,,0,,,1405;3682;3987;427,1405:56514.95299044067;3682:56532.48220017302;3987:56536.20332690693;427:56645.355455765275
0,8,default_vehtype,boarding,True,55800,56570.25095626734,56641.59861174434,56570.25095626734,0.0,2600;-1;-1,2600;-1;-1,0.0,0.7953635147012825,0.7953635147012825,0.0,,0,302,1,302,,,
0,4,default_vehtype,boarding,True,55440,56604.91771714581,56664.08150395115,56604.91771714581,0.0,2906;-1;-1,2906;-1;-1,0.0,0.990132756896946,0.990132756896946,0,,0,298,1,298,,,
0,7,default_vehtype,boarding,True,-1,56632.019604555986,56662.019604555986,56632.019604555986,0.0,2228;-1;-1,2228;-1;-1,0.0,0.7588637084376064,0.7588637084376064,0,,0,296,1,,296,,
0,5,default_vehtype,boarding,True,56160,56645.355455765275,56676.60030837554,56645.355455765275,0.0,427;-1;-1,427;-1;-1,0.0,0.9879526383911192,0.9879526383911192,0,,0,306,1,306,,,
0,11,default_vehtype,route,False,-1000,55796.78831882365,56763.40069677403,55796.78831882365,0.0,2146;-1;-1,544;-1;-1,4680.6411939200025,0.8070355168224342,0.8065674527030415,0.0,,0,295,1,,,2146;2147;1912;1403;3932;1897;3654;254;2389;2338;730;531;2776;1915;3676;1750;2388;1344;257;1573;302;969;3869;2207;2387;3644;4026;3562;328;3314;3568;3987;3682;1405;1188;1406;2221;258;2175;350;1214;2302;2220;1408;544,2146:55796.78831882365;2147:55821.51838804668;1912:55847.021211206666;1403:55871.07148819476;3932:55889.0825513575;1897:55893.0526252917;3654:55895.92922361924;254:55899.94659202604;2389:55920.03259738595;2338:55927.13614834349;730:55973.93617279201;531:55982.6094016539;2776:55987.341982334656;1915:56001.33618495154;3676:56008.38336747674;1750:56018.984551806156;2388:56037.71910162116;1344:56049.60149289011;257:56068.693816903935;1573:56078.727028455425;302:56091.02438899885;969:56099.646694479714;3869:56103.52306925731;2207:56117.35548772613;2387:56119.71523758426;3644:56129.27032544748;4026:56146.79625524723;3562:56227.61198003833;328:56228.4800918893;3314:56345.92697560638;3568:56349.60328222027;3987:56416.89220276168;3682:56426.27513764597;1405:56444.8053559054;1188:56463.40441421095;1406:56478.32425388653;2221:56514.957106581154;258:56544.088567378676;2175:56560.199013662466;350:56574.26181299761;1214:56593.74457829045;2302:56605.997570137006;2220:56610.83536961882;1408:56629.6755910681;544:56763.40069677403
0,2,default_vehtype,route,False,-1000,56580,56772.146546851305,56580,0,2221;1406;0.592,427;-1;-1,856.122376325452,0.9922226944292426,0.9921370821916098,0.0,,0,,0,,,2221;1406;1188;1405;3682;3987;427,2221:56580;1406:56608.167538937625;1188:56634.46410683464;1405:56642.65246987073;3682:56659.27329125905;3987:56662.99441799296;427:56772.146546851305
0,2,default_vehtype,boarding,True,56580,56772.146546851305,56784.162536108,56772.146546851305,0.0,427;-1;-1,427;-1;-1,0.0,0.9921370821916098,0.9921370821916098,0,,0,310,1,310,,,
0,11,default_vehtype,boarding,True,-1,56763.40069677403,56793.40069677403,56763.40069677403,0.0,544;-1;-1,544;-1;-1,0.0,0.8065674527030415,0.8065674527030415,0,,0,295,1,,295,,
0,4,default_vehtype,route,False,-1000,56664.08150395115,56898.606923534644,56664.08150395115,0.0,2906;-1;-1,3477;-1;-1,2021.3495424630003,0.990132756896946,0.9899306219426998,0.0,,0,298,1,,,2906;2688;422;423;2687;3680;2675;3150;3666;2670;338;3665;3925;425;3477,2906:56664.08150395115;2688:56696.727843830035;422:56702.628456041864;423:56723.37210795506;2687:56724.96396880119;3680:56774.04950961536;2675:56775.34033615282;3150:56788.48341330621;3666:56819.62125336388;2670:56823.17287023161;338:56825.895213488904;3665:56854.23559712818;3925:56878.121493064704;425:56891.60848521257;3477:56898.606923534644
0,4,default_vehtype,boarding,True,-1,56898.606923534644,56928.606923534644,56898.606923534644,0.0,3477;-1;-1,3477;-1;-1,0.0,0.9899306219426998,0.9899306219426998,0,,0,298,1,,298,,
0,8,default_vehtype,route,False,-1000,56641.59861174434,56968.663281539084,56641.59861174434,0.0,2600;-1;-1,428;-1;-1,2437.21579107,0.7953635147012825,0.795119793122176,0.0,,0,302,1,,,2600;2668;248;434;433;432;861;868;867;430;429;2596;3054;2715;2716;428,2600:56641.59861174434;2668:56666.64881477972;248:56684.757785270784;434:56743.307695516996;433:56820.94043994615;432:56862.389926960044;861:56870.20687685669;868:56873.7592697866;867:56882.25520697206;430:56892.683657155685;429:56897.96181710964;2596:56916.24252950751;3054:56922.803845949515;2715:56932.28013835652;2716:56968.10239848226;428:56968.663281539084
0,8,default_vehtype,boarding,True,-1,56968.663281539084,56998.663281539084,56968.663281539084,0.0,428;-1;-1,428;-1;-1,0.0,0.795119793122176,0.795119793122176,0,,0,302,1,,302,,
0,10,default_vehtype,route,False,-1000,56593.75856775891,57016.083449120364,56593.75856775891,0.0,129;-1;-1,3675;-1;-1,2964.1556828800008,0.5212862430018049,0.5209898274335171,0.0,,0,305,1,,,129;128;2633;268;4068;420;4003;3805;3446;3749;3684;2867;2906;2688;422;423;2687;3680;3670;1815;3675,129:56593.75856775891;128:56600.35577194583;2633:56635.87518523684;268:56641.77616957814;4068:56711.27890088763;420:56713.04304220642;4003:56717.52267109201;3805:56737.94780271199;3446:56750.654962909306;3749:56755.283513176306;3684:56772.709730497576;2867:56773.495264874946;2906:56783.75290106999;2688:56816.39924094887;422:56822.2998531607;423:56843.043505073896;2687:56844.635365920025;3680:56893.7209067342;3670:56899.670348943626;1815:56965.462181642935;3675:57016.083449120364
0,3,default_vehtype,route,False,-1000,56700,57039.2339429001,56700,0,3805;4003;0.122,3475;-1;-1,2646.657512841329,0.9912811348301122,0.9910164690788279,0.0,,0,,0,,,3805;4003;3805;3446;3749;3684;2867;2906;2688;422;423;2687;3680;2675;3150;3666;2670;338;3665;3925;425;3474;3475,3805:56700;4003:56707.664560495905;3805:56728.089692115886;3446:56740.7968523132;3749:56745.4254025802;3684:56762.85161990147;2867:56763.63715427884;2906:56773.89479047388;2688:56806.541130352765;422:56812.441742564595;423:56833.18539447779;2687:56834.77725532392;3680:56883.86279613809;2675:56885.15362267555;3150:56898.29669982894;3666:56929.43453988661;2670:56932.98615675434;338:56935.708500011635;3665:56964.04888365091;3925:56987.934779587435;425:57001.4217717353;3474:57035.616411034986;3475:57039.2339429001
0,10,default_vehtype,boarding,True,-1,57016.083449120364,57046.083449120364,57016.083449120364,0.0,3675;-1;-1,3675;-1;-1,0.0,0.5209898274335171,0.5209898274335171,0,,0,305,1,,305,,
0,3,default_vehtype,boarding,True,56700,57039.2339429001,57120.339941583065,57039.2339429001,0.0,3475;-1;-1,3475;-1;-1,0.0,0.9910164690788279,0.9910164690788279,0,,0,311,1,311,,,
0,3,default_vehtype,route,False,-1000,57120.339941583065,57166.56125188687,57120.339941583065,0.0,3475;-1;-1,427;-1;-1,475.95599072,0.9910164690788279,0.9909688734797559,0.0,,0,311,1,,,3475;3315;3567;426;3568;427,3475:57120.339941583065;3315:57133.689772200814;3567:57141.861395310894;426:57143.88090056815;3568:57145.29613621594;427:57166.56125188687
0,11,default_vehtype,route,False,-1000,56793.40069677403,57167.46017090392,56793.40069677403,0.0,544;-1;-1,1747;-1;-1,2229.7842065000004,0.8065674527030415,0.8063444742823911,0.0,,0,,0,,,544;748;749;3788;3787;3348;334;3351;3349;1813;1812;361;1811;1810;2356;1747,544:56793.40069677403;748:56816.55063740223;749:56875.98889730688;3788:56887.5598740759;3787:56896.63805962869;3348:56900.39867627601;334:56918.9864211223;3351:56922.08546705771;3349:56923.637149499475;1813:56980.82220694395;1812:57035.7940298702;361:57074.23576042809;1811:57113.7351672623;1810:57144.84010107763;2356:57160.363526942136;1747:57167.46017090392
0,11,default_vehtype,boarding,True,56460,57167.46017090392,57170.97480546284,57167.46017090392,0.0,1747;-1;-1,1747;-1;-1,0.0,0.8063444742823911,0.8063444742823911,0,,0,309,1,309,,,
0,3,default_vehtype,boarding,True,-1,57166.56125188687,57196.56125188687,57166.56125188687,0.0,427;-1;-1,427;-1;-1,0.0,0.9909688734797559,0.9909688734797559,0,,0,311,1,,311,,
0,4,default_vehtype,route,False,-1000,56928.606923534644,57211.853114427264,56928.606923534644,0.0,3477;-1;-1,1262;-1;-1,1058.1553474000004,0.9899306219426998,0.9898248064079594,0.0,,0,,0,,,3477;425;2122;1263;1186;1264;1265;1266;353;347;290;1262,3477:56928.606923534644;425:56932.345857258486;2122:56945.322863194306;1263:56956.9731203633;1186:57012.37485720714;1264:57068.551415100024;1265:57078.02514403482;1266:57123.27733708235;353:57128.99745953083;347:57178.052709684795;290:57183.407479688016;1262:57211.853114427264
0,2,default_vehtype,route,False,-1000,56784.162536108,57243.24552297423,56784.162536108,0.0,427;-1;-1,2223;-1;-1,2288.1950475599997,0.9921370821916098,0.9919082626868537,0.0,,0,310,1,,,427;428;3771;172;2715;3054;3112;4030;4031;3862;4032;1888;2403;2503;2345;358;2372;2497;2203;2223,427:56784.162536108;428:56855.47881447291;3771:56883.151111693616;172:56885.96651603499;2715:56887.16979307521;3054:56908.37516026735;3112:56937.66067044518;4030:56995.23101669363;4031:57002.65053129342;3862:57015.142040431834;4032:57053.79583528324;1888:57098.06694166228;2403:57105.50673224866;2503:57160.71736386084;2345:57168.36694355277;358:57191.214248345386;2372:57195.78841485057;2497:57208.99072883444;2203:57236.12389410392;2223:57243.24552297423
0,4,default_vehtype,boarding,True,56760,57211.853114427264,57276.170965909594,57211.853114427264,0.0,1262;-1;-1,1262;-1;-1,0.0,0.9898248064079594,0.9898248064079594,0,,0,312,1,312,,,
0,2,default_vehtype,boarding,True,56340,57243.24552297423,57412.47418682157,57243.24552297423,0.0,2223;-1;-1,2223;-1;-1,0.0,0.9919082626868537,0.9919082626868537,0,,0,310;307,2,307,310,,
0,7,default_vehtype,route,False,-1000,57120,57433.1880899026,57120,0,2228;-1;-1,1468;-1;-1,2398.339080630001,0.7588637084376064,0.758623874529543,0.0,,0,,0,,,2228;1341;1342;2732;1775;2600;2668;248;434;433;432;431;868;2289;1468,2228:57120;1341:57124.36378749521;1342:57130.02715549306;2732:57161.304177833765;1775:57177.60115152939;2600:57192.65297751079;2668:57221.89736794098;248:57239.87725641145;434:57289.92486999695;433:57316.18451941964;432:57390.47933824999;431:57405.01535636775;868:57414.364732525355;2289:57423.4723428649;1468:57433.1880899026
0,7,default_vehtype,boarding,True,57120,57433.1880899026,57455.80803590761,57433.1880899026,0.0,1468;-1;-1,1468;-1;-1,0.0,0.758623874529543,0.758623874529543,0,,0,317,1,317,,,
0,5,default_vehtype,route,False,-1000,56676.60030837554,57608.772855352785,56676.60030837554,0.0,427;-1;-1,2069;-1;-1,5185.914741360003,0.9879526383911192,0.9874340469169826,0.0,,0,306,1,,,427;3568;3314;3567;3315;3475;3474;425;3925;3665;338;2670;3926;3204;3203;424;423;2687;2688;2906;2867;421;2866;3446;3805;4003;420;4068;268;3119;2863;733;2109;1758;1926;1925;1924;1923;2069,427:56676.60030837554;3568:56693.77738619636;3314:56695.6904111321;3567:56696.938601836315;3315:56710.37220159815;3475:56736.10711288421;3474:56739.570948065215;425:56766.68644658648;3925:56779.73986593198;3665:56835.500536680476;338:56867.046742187646;2670:56869.679152376;3926:56901.11960071868;3204:56914.69929099968;3203:56917.78513453699;424:56929.38253699513;423:56953.36800580439;2687:56954.95986665052;2688:56997.72684977384;2906:57083.03081055628;2867:57092.343129262415;421:57096.46023821338;2866:57097.66251874649;3446:57116.930125764724;3805:57125.60411523868;4003:57141.26367417209;420:57145.72016246703;4068:57146.76893854117;268:57298.23557893518;3119:57326.4721521591;2863:57329.221208038405;733:57367.01571450792;2109:57402.599768235574;1758:57421.43013246216;1926:57429.698649391146;1925:57520.283938491666;1924:57558.11894559983;1923:57587.04724525624;2069:57608.772855352785
0,8,default_vehtype,route,False,-1000,57060.0,57606.399611577,57060.0,0.0,428;-1;-1,2355;-1;-1,2613.5960595700017,0.795119793122176,0.7948584335162192,0.0,,0,,0,,,428;427;3568;3987;3682;1405;1188;1406;349;3571;1407;1408;544;747;746;2355,428:57060;427:57081.2722676242;3568:57098.44934544501;3987:57191.637476741074;3682:57198.8196970525;1405:57206.94755571721;1188:57219.091475046676;1406:57237.974885044874;349:57268.849055497885;3571:57294.47319068098;1407:57297.912092334474;1408:57312.339606698035;544:57443.662823566534;747:57479.3614943324;746:57505.02110291484;2355:57606.399611577
0,1,default_vehtype,route,False,-1000,55981.11554980276,57637.578108507754,55981.11554980276,0.0,3299;-1;-1,1815;-1;-1,12037.417641870004,0.9879826742028,0.9867789324386134,0.0,,0,303,1,,,3299;1586;1585;898;1584;3405;3033;3432;3026;2587;3027;3029;136;2586;2535;2542;4019;17;4041;3332;102;101;3271;3270;104;2714;3053;2715;2716;3314;3567;3315;3475;3477;425;3925;3476;3313;3115;3666;1517;1815,3299:55981.11554980276;1586:55995.93224530019;1585:56009.189651349116;898:56023.973997490844;1584:56046.764357767155;3405:56051.31606190636;3033:56052.17050113862;3432:56068.43768702055;3026:56175.031053279235;2587:56245.802928210986;3027:56253.68943334049;3029:56261.59811655138;136:56262.740448100776;2586:56330.17925750866;2535:56344.89559354528;2542:56384.271298643;4019:56384.584147813635;17:56409.21370039021;4041:56417.36779270596;3332:56436.021585519455;102:56614.35780761285;101:56689.744190776684;3271:56931.89236735077;3270:56946.69001372167;104:56976.83091335618;2714:57023.730654632665;3053:57063.66376824018;2715:57127.841187825594;2716:57148.99137774697;3314:57271.76647344723;3567:57273.84816416251;3315:57280.633354794154;3475:57295.321190781;3477:57311.72797415444;425:57317.36592448643;3925:57323.862828628924;3476:57332.775933370474;3313:57355.693672679074;3115:57389.219676365065;3666:57405.53635966875;1517:57471.5991393886;1815:57637.578108507754
0,5,default_vehtype,boarding,True,-1,57608.772855352785,57638.772855352785,57608.772855352785,0.0,2069;-1;-1,2069;-1;-1,0.0,0.9874340469169826,0.9874340469169826,0.0,,0,306,1,,306,,
0,8,default_vehtype,boarding,True,57060,57606.399611577,57653.89478060464,57606.399611577,0.0,2355;-1;-1,2355;-1;-1,0.0,0.7948584335162192,0.7948584335162192,0,,0,313,2,313,,,
0,1,default_vehtype,boarding,True,-1,57637.578108507754,57667.578108507754,57637.578108507754,0.0,1815;-1;-1,1815;-1;-1,0.0,0.9867789324386134,0.9867789324386134,0.0,,0,303,1,,303,,
0,10,default_vehtype,route,False,-1000,57060.0,57667.664366002085,57060.0,0.0,3675;-1;-1,749;-1;-1,3079.80579573,0.5209898274335171,0.5206818468539438,0.0,,0,,0,,,3675;1815;1517;3666;2670;2671;336;335;3110;2637;2638;2583;3349;3351;3352;3350;749,3675:57060;1815:57138.46141773339;1517:57201.395704212795;3666:57238.87467621693;2670:57240.597626206676;2671:57328.854229283614;336:57331.37764905135;335:57389.794965428206;3110:57420.894623657165;2637:57488.0957326967;2638:57491.22214668461;2583:57518.82461823462;3349:57588.57420793442;3351:57593.73992478859;3352:57623.18263934177;3350:57638.51823315052;749:57667.664366002085
0,10,default_vehtype,boarding,True,57060,57667.664366002085,57729.59152632788,57667.664366002085,0.0,749;-1;-1,749;-1;-1,0.0,0.5206818468539438,0.5206818468539438,0,,0,314,1,314,,,
0,11,default_vehtype,route,False,-1000,57170.97480546284,57768.895853145266,57170.97480546284,0.0,1747;-1;-1,3562;-1;-1,5100.332041409001,0.8063444742823911,0.8058344410782508,0.0,,0,309,1,,,1747;2376;1642;591;590;589;588;2017;1151;2016;2015;1119;2014;2038;1546;2678;387;388;389;390;391;392;393;543;3183;544;1408;1407;3571;349;1406;1188;1405;3682;3987;3568;426;3567;3566;3565;328;3562,1747:57170.97480546284;2376:57192.75841449616;1642:57194.58094451777;591:57206.13082880752;590:57215.71363250439;589:57225.89117631545;588:57233.801405117534;2017:57243.57992207931;1151:57250.606419513104;2016:57253.92984842268;2015:57259.30114555836;1119:57265.83554772172;2014:57271.966327087175;2038:57284.60286730631;1546:57290.12787859048;2678:57295.761140963215;387:57307.44460585224;388:57336.093046183894;389:57354.530887171866;390:57356.192509179775;391:57381.57043048922;392:57402.93135090271;393:57405.372760983475;543:57413.87058761133;3183:57426.5737588489;544:57449.10890869253;1408:57571.45438973843;1407:57578.89677491783;3571:57580.64189169788;349:57593.55668050919;1406:57614.26901088102;1188:57634.641215203446;1405:57645.64317522222;3682:57691.54944003916;3987:57696.82473825334;3568:57714.44094285654;426:57716.71426846042;3567:57718.57278018466;3566:57763.840817288816;3565:57764.65976851803;328:57766.25819513386;3562:57768.895853145266
0,3,default_vehtype,route,False,-1000,57240.0,57797.80093375388,57240.0,0.0,427;-1;-1,1061;-1;-1,3732.1389545099996,0.9909688734797559,0.9905956595843052,0.0,,0,,0,,,427;3568;426;3567;3315;3475;3477;425;3925;3665;338;2670;3926;3204;3203;424;423;2687;2688;2906;957;956;1056;1057;3667;3897;1058;3685;683;1059;1060;1061,427:57240;3568:57250.076144647646;426:57252.34947025152;3567:57254.207981975764;3315:57260.99317260741;3475:57275.68100859425;3477:57292.08779196769;425:57297.725742299684;3925:57304.22264644218;3665:57321.40006607873;338:57349.42285209075;2670:57355.98039242928;3926:57388.31277084277;3204:57423.97710376354;3203:57424.84749069092;424:57454.994117684655;423:57468.063757967364;2687:57468.72902373995;2688:57511.68700011845;2906:57584.72245632514;957:57608.06951342607;956:57620.71953376942;1056:57627.182635165766;1057:57632.79322579243;3667:57649.51489713202;3897:57670.5089639052;1058:57671.260049584525;3685:57698.010834432425;683:57721.503999800356;1059:57742.25711612361;1060:57775.60204822351;1061:57797.80093375388
0,11,default_vehtype,boarding,True,-1,57768.895853145266,57798.895853145266,57768.895853145266,0.0,3562;-1;-1,3562;-1;-1,0.0,0.8058344410782508,0.8058344410782508,0.0,,0,309,1,,309,,
0,3,default_vehtype,boarding,True,57240,57797.80093375388,57800.627574133156,57797.80093375388,0.0,1061;-1;-1,1061;-1;-1,0.0,0.9905956595843052,0.9905956595843052,0,,0,318,1,318,,,
0,5,default_vehtype,route,False,-1000,57780,57893.658387893964,57780,0,2069;-1;-1,1390;-1;-1,938.9944145,0.9874340469169826,0.9873401474755324,0.0,,0,,0,,,2069;1923;1924;2183;1391;840;737;1390,2069:57780;1923:57817.78699372424;1924:57824.464562486966;2183:57829.208095176895;1391:57847.564087127204;840:57856.203142298174;737:57878.50517778947;1390:57893.658387893964
0,5,default_vehtype,boarding,True,57780,57893.658387893964,57931.28298781554,57893.658387893964,0.0,1390;-1;-1,1390;-1;-1,0.0,0.9873401474755324,0.9873401474755324,0,,0,324,1,324,,,
0,11,default_vehtype,route,False,-1000,57798.895853145266,57991.72326581061,57798.895853145266,0.0,3562;-1;-1,2122;-1;-1,1004.4252933290002,0.8058344410782508,0.8057339985489183,0.0,,0,,0,,,3562;3563;3565;3566;3567;426;3645;3569;3570;2122,3562:57798.895853145266;3563:57799.73222371959;3565:57801.97113512124;3566:57802.88340329544;3567:57863.46493815805;426:57868.16072630122;3645:57928.80612207811;3569:57948.44537222731;3570:57953.24621451926;2122:57991.72326581061
0,1,default_vehtype,route,False,-1000,57667.578108507754,58013.99134374261,57667.578108507754,0.0,1815;-1;-1,2445;-1;-1,1572.187684944,0.9867789324386134,0.9866217136701185,0.0,,0,,0,,,1815;3670;3680;2687;423;422;4010;4011;4008;2445,1815:57667.578108507754;3670:57709.065121594576;3680:57722.3583786884;2687:57845.062045832114;423:57861.69846452174;422:57899.22542348445;4010:57936.31948829057;4011:57937.611956628025;4008:57938.836633973115;2445:58013.99134374261
0,1,default_vehtype,boarding,True,57360,58013.99134374261,58041.29745087408,58013.99134374261,0.0,2445;-1;-1,2445;-1;-1,0.0,0.9866217136701185,0.9866217136701185,0.0,,0,320,2,320,,,
0,5,default_vehtype,route,False,-1000,57931.28298781554,58049.273280913374,57931.28298781554,0.0,1390;-1;-1,420;-1;-1,1387.8664180700002,0.9873401474755324,0.9872013608337253,0.0,,0,324,1,,,1390;732;733;734;332;331;2633;268;4068;420,1390:57931.28298781554;732:57950.59586669083;733:57966.03512032796;734:57970.33091156331;332:57983.76796542249;331:58001.53294038394;2633:58014.48166573836;268:58017.068874306235;4068:58046.98191167415;420:58049.273280913374
0,11,default_vehtype,boarding,True,57420,57991.72326581061,58040.188113673605,57991.72326581061,0.0,2122;-1;-1,2122;-1;-1,0.0,0.8057339985489183,0.8057339985489183,0.0,,0,321,1,321,,,
0,7,default_vehtype,route,False,-1000,57455.80803590761,58055.849287580895,57455.80803590761,0.0,1468;-1;-1,1802;-1;-1,3377.3522195899986,0.758623874529543,0.758286139307584,0.0,,0,317,1,,,1468;867;430;431;432;433;434;2119;555;1633;1920;514;2600;1775;2601;2733;2734;1776;2672;2748;4077;3042;2599;1226;1227;1802,1468:57455.80803590761;867:57465.33915454583;430:57478.391676115236;431:57513.85338024231;432:57521.31016094046;433:57571.390399762924;434:57602.3633583944;2119:57616.214797450724;555:57639.81350672644;1633:57648.25234826522;1920:57726.02553350879;514:57729.95933163287;2600:57754.224615925275;1775:57799.16069632244;2601:57800.05481547523;2733:57824.28549358808;2734:57834.350723843185;1776:57849.013785201154;2672:57893.97848285964;2748:57929.73093238172;4077:57940.625888571005;3042:57958.70153971109;2599:57959.67801562595;1226:57970.28394285177;1227:57979.06411185282;1802:58055.849287580895
0,2,default_vehtype,route,False,-1000,57412.47418682157,58062.4749591619,57412.47418682157,0.0,2223;-1;-1,1815;-1;-1,3420.911007069998,0.9919082626868537,0.9915661715861467,0.0,,0,307,1,,,2223;2203;2497;2372;358;2345;2503;2403;1880;2208;4026;3644;2387;2207;3868;2206;2306;3824;2205;2305;1889;2279;2156;3421;3423;3424;265;3671;264;1815,2223:57412.47418682157;2203:57419.67246404996;2497:57449.97493771917;2372:57468.128031740955;358:57472.63883112078;2345:57478.64724411991;2503:57493.210493055885;2403:57574.66557609736;1880:57591.73914880835;2208:57654.04589872366;4026:57681.50463353837;3644:57691.73403208266;2387:57694.03561257408;2207:57699.413824122144;3868:57714.24309701671;2206:57720.40690815588;2306:57737.89772129537;3824:57742.43763042736;2205:57744.792408451656;2305:57769.547827820315;1889:57812.23104107494;2279:57822.15640162106;2156:57833.82352376382;3421:57870.48277481969;3423:57890.65235165334;3424:57954.04481987151;265:57956.475241416;3671:57962.25960275707;264:57986.79027344157;1815:58062.4749591619
0,5,default_vehtype,boarding,True,-1,58049.273280913374,58079.273280913374,58049.273280913374,0.0,420;-1;-1,420;-1;-1,0.0,0.9872013608337253,0.9872013608337253,0,,0,324,1,,324,,
0,7,default_vehtype,boarding,True,-1,58055.849287580895,58085.849287580895,58055.849287580895,0.0,1802;-1;-1,1802;-1;-1,0.0,0.758286139307584,0.758286139307584,0,,0,317,1,,317,,
0,2,default_vehtype,boarding,True,-1,58062.4749591619,58092.4749591619,58062.4749591619,0.0,1815;-1;-1,1815;-1;-1,0.0,0.9915661715861467,0.9915661715861467,0,,0,307,1,,307,,
0,11,default_vehtype,route,False,-1000,58040.188113673605,58147.37679912058,58040.188113673605,0.0,2122;-1;-1,427;-1;-1,925.4383649900002,0.8057339985489183,0.8056414547124192,0.0,,0,321,1,,,2122;3570;3569;3682;3987;427,2122:58040.188113673605;3570:58076.086323408505;3569:58077.17235250921;3682:58092.97018439078;3987:58098.79911956199;427:58147.37679912058
0,10,default_vehtype,route,False,-1000,57729.59152632788,58156.94692902517,57729.59152632788,0.0,749;-1;-1,427;-1;-1,3406.2155938899996,0.5206818468539438,0.520341225294555,0.0,,0,314,1,,,749;3350;3352;3351;134;2637;2638;2582;335;1492;3762;2252;2347;2301;2311;1263;2122;3570;3569;3682;3987;427,749:57729.59152632788;3350:57747.06055225842;3352:57759.634420673174;3351:57786.955388245544;134:57820.3514909421;2637:57843.41904180276;2638:57845.95208627553;2582:57918.27607165501;335:57923.37090985792;1492:57955.18630056383;3762:57982.44897150915;2252:57987.56278566117;2347:57994.58511876075;2301:58013.412836720745;2311:58024.64701216478;1263:58044.08117957083;2122:58049.758243578195;3570:58085.656453313095;3569:58086.7424824138;3682:58102.54031429537;3987:58108.36924946658;427:58156.94692902517
0,11,default_vehtype,boarding,True,-1,58147.37679912058,58177.37679912058,58147.37679912058,0.0,427;-1;-1,427;-1;-1,0.0,0.8056414547124192,0.8056414547124192,0,,0,321,1,,321,,
0,10,default_vehtype,boarding,True,-1,58156.94692902517,58186.94692902517,58156.94692902517,0.0,427;-1;-1,427;-1;-1,0.0,0.520341225294555,0.520341225294555,0,,0,314,1,,314,,
0,2,default_vehtype,route,False,-1000,58092.4749591619,58239.971676642286,58092.4749591619,0.0,1815;-1;-1,3974;-1;-1,1157.0378135429999,0.9915661715861467,0.9914504678047923,0.0,,0,,0,,,1815;3670;3680;2675;3204;3926;3150;3666;2670;338;337;3974,1815:58092.4749591619;3670:58118.983600237436;3680:58122.7815340031;2675:58124.61859141504;3204:58126.24575331027;3926:58175.25188025976;3150:58180.211061733404;3666:58207.93817013447;2670:58209.94766430116;338:58211.464152279375;337:58238.04673166341;3974:58239.971676642286
0,10,default_vehtype,route,False,-1000,58186.94692902517,58239.971676642286,58186.94692902517,0.0,427;-1;-1,426;3474;0.090,264.3537683396466,0.520341225294555,0.5203147899177211,0.0,,0,,0,,,427;3568;426,427:58186.94692902517;3568:58225.5116166284;426:58227.14884685011
0,10,default_vehtype,route,False,-1000,58260,58290,58260,0,426;3474;0.090,3474;3475;0.133,197.72289754670888,0.5203147899177211,0.5202950176279664,0.0,,0,,0,,,426;3474,426:58260;3474:58288.92082498479
0,6,default_vehtype,route,False,-1000,58260,58290,58260,0,2816;-1;-1,2785;2787;0.107,511.5309987152078,0.5640406847413357,0.5639895316414643,0.0,,0,,0,,,2816;28;30;2785,2816:58260;28:58275.1866594233;30:58278.66838847332;2785:58286.3461272442
0,5,default_vehtype,route,False,-1000,58080.0,58328.715251240326,58080.0,0.0,420;-1;-1,424;-1;-1,1413.2120919200001,0.9872013608337253,0.9870600396245331,0.0,,0,,0,,,420;4003;3805;3446;2866;421;422;2688;2687;423;424,420:58080;4003:58080.9776720616;3805:58089.97998330196;3446:58095.461757960264;2866:58122.691852163225;421:58124.354924554915;422:58215.86577596932;2688:58218.77743645052;2687:58263.304146718634;423:58279.94056540826;424:58328.715251240326
0,7,default_vehtype,route,False,-1000,58085.849287580895,58328.715251240326,58085.849287580895,0.0,1802;-1;-1,2639;3328;0.194,729.1405156148732,0.758286139307584,0.7582132252560224,0.0,,0,,0,,,1802;1227;1226;2599;3042;3116;49;3134;2639,1802:58085.849287580895;1227:58233.46131916772;1226:58247.078716486336;2599:58262.73668035274;3042:58264.666123175215;3116:58287.9073592496;49:58294.577876419615;3134:58295.481542400434;2639:58311.11036974848
0,5,default_vehtype,boarding,True,58080,58328.715251240326,58334.14156982895,58328.715251240326,0.0,424;-1;-1,424;-1;-1,0.0,0.9870600396245331,0.9870600396245331,0.0,,0,327,2,327,,,
0,11,default_vehtype,route,False,-1000,58177.37679912058,58335.87977703951,58177.37679912058,0.0,427;-1;-1,3859;-1;-1,1351.7781466699998,0.8056414547124192,0.8055062768977524,0.0,,0,,0,,,427;3987;3682;1405;1188;1187;1186;1264;1265;3859,427:58177.37679912058;3987:58251.04861005552;3682:58257.02907672215;1405:58273.63832628415;1188:58281.376188253205;1187:58296.167930068135;1186:58311.11937313722;1264:58329.34353153062;1265:58333.7675810576;3859:58335.87977703951
0,11,default_vehtype,boarding,True,57900,58335.87977703951,58349.83493182669,58335.87977703951,0.0,3859;-1;-1,3859;-1;-1,0.0,0.8055062768977524,0.8055062768977524,0,,0,325,1,325,,,
0,2,default_vehtype,boarding,True,57480,58239.971676642286,58386.397737668085,58239.971676642286,0.0,3974;-1;-1,3974;-1;-1,0.0,0.9914504678047923,0.9914504678047923,0,,0,322,1,322,,,
0,4,default_vehtype,route,False,-1000,57276.170965909594,58602.59692680724,57276.170965909594,0.0,1262;-1;-1,3044;-1;-1,9048.757804900002,0.9898248064079594,0.9889199306274693,0.0,,0,312,1,,,1262;1570;3110;2637;2638;33;2578;2579;2655;3334;3393;2996;162;146;3878;3617;933;3508;3813;3934;3979;3509;410;3512;409;3989;408;3991;407;100;3176;406;405;3618;3947;3811;403;402;3985;3993;3983;3982;401;400;399;3043;3046;3047;3949;2062;3044,1262:57276.170965909594;1570:57334.05334277388;3110:57440.02729928019;2637:57507.22840831973;2638:57510.354822307636;33:57531.77335480458;2578:57665.993375132595;2579:57720.48094448509;2655:57828.48809731165;3334:57920.8935661701;3393:58127.42167054331;2996:58184.51374408235;162:58185.201784871846;146:58195.104269966636;3878:58200.120151526375;3617:58230.00469668802;933:58239.645680305024;3508:58248.72944405941;3813:58254.01588626904;3934:58266.25435130222;3979:58279.93756527679;3509:58300.27598823221;410:58302.93524904914;3512:58305.36562879291;409:58317.98330914799;3989:58338.52898139012;408:58342.86206812718;3991:58353.128122765585;407:58354.75898841586;100:58359.004206115176;3176:58365.85400107717;406:58382.625450469444;405:58388.64435580401;3618:58429.94729619829;3947:58435.61448194551;3811:58438.376159942425;403:58452.091480791;402:58464.044919141284;3985:58489.89447165908;3993:58495.70728870804;3983:58496.79574649368;3982:58501.266877823036;401:58502.39535852388;400:58514.1079970074;399:58543.18653033042;3043:58554.724475719435;3046:58561.15373580078;3047:58564.43264043228;3949:58569.95909896725;2062:58599.48775523768;3044:58602.59692680724
0,5,default_vehtype,route,False,-1000,58334.14156982895,58601.12484526608,58334.14156982895,0.0,424;-1;-1,3762;-1;-1,1293.81810549,0.9870600396245331,0.9869306578139846,0.0,,0,327,2,,,424;3203;3204;3926;3150;3666;2670;338;337;3974;336;2252;3762,424:58334.14156982895;3203:58386.40760609305;3204:58387.47741570562;3926:58412.40637661163;3150:58416.32392708573;3666:58437.80774633853;2670:58440.74161705732;338:58445.95456269339;337:58481.33995781149;3974:58484.353516436204;336:58507.688985475615;2252:58559.67270019628;3762:58601.12484526608
0,4,default_vehtype,boarding,True,-1,58602.59692680724,58632.59692680724,58602.59692680724,0.0,3044;-1;-1,3044;-1;-1,0.0,0.9889199306274693,0.9889199306274693,0,,0,312,1,,312,,
0,5,default_vehtype,boarding,True,-1,58601.12484526608,58631.12484526608,58601.12484526608,0.0,3762;-1;-1,3762;-1;-1,0.0,0.9869306578139846,0.9869306578139846,0,,0,327,2,,327,,
0,10,default_vehtype,route,False,-1000,58440,58894.057246855824,58440,0,3474;3475;0.133,184;-1;-1,2763.8317210936443,0.5202950176279664,0.5200186344558568,0.0,,0,,0,,,3474;3475;3474;425;3925;3665;338;3115;3427;3426;3425;3424;265;1518;214;3791;3696;1519;673;1280;3416;1281;184,3474:58440;3475:58448.08502237415;3474:58450.03653488044;425:58476.573536105294;3925:58481.43897275142;3665:58494.67424897679;338:58527.12639964692;3115:58531.94515525815;3427:58586.40412075234;3426:58605.37398229158;3425:58622.52372702195;3424:58659.07429381866;265:58661.10403349452;1518:58666.35557994537;214:58703.62022318056;3791:58732.26471039778;3696:58747.31973883011;1519:58754.72799712839;673:58785.05868386097;1280:58818.860046892;3416:58820.02679517075;1281:58862.58563633007;184:58894.057246855824
0,10,default_vehtype,boarding,True,58440,58894.057246855824,58942.77082360372,58894.057246855824,0.0,184;-1;-1,184;-1;-1,0.0,0.5200186344558568,0.5200186344558568,0,,0,334,1,334,,,
0,3,default_vehtype,route,False,-1000,57800.627574133156,58972.3533389732,57800.627574133156,0.0,1061;-1;-1,258;-1;-1,5905.913808379998,0.9905956595843052,0.9900050682034678,0.0,,0,318,1,,,1061;1075;1076;523;524;525;526;527;228;229;728;727;2194;230;231;232;233;234;1261;2319;236;214;1518;265;3672;1517;3425;3426;3427;3115;338;3665;2347;2301;2311;1263;2122;3570;3569;3682;1405;1188;1406;2221;258,1061:57800.627574133156;1075:57810.94026458437;1076:57844.434325701965;523:57846.83792161299;524:57856.07685442349;525:57858.2822323319;526:57874.481418805386;527:57880.549156626854;228:57891.390774454165;229:57976.15729948136;728:57977.54533793077;727:57982.567497395605;2194:57999.42541954745;230:58004.40463520531;231:58033.07939570459;232:58035.57998397411;233:58052.252333326986;234:58057.87301878048;1261:58077.4037204514;2319:58081.07145151169;236:58088.965059181035;214:58098.91897074921;1518:58131.17967667209;265:58141.319811810405;3672:58145.09319881804;1517:58195.770044157274;3425:58196.28876921999;3426:58224.27885677764;3427:58236.91172349746;3115:58259.09553759242;338:58261.59619849386;3665:58294.03974068379;2347:58320.58223399835;2301:58330.352665415376;2311:58368.413604392044;1263:58400.104303698914;2122:58406.08405828147;3570:58861.06665565275;3569:58864.44461068365;3682:58869.885903525654;1405:58893.38388533727;1188:58897.74998414759;1406:58921.853013629865;2221:58936.14037191958;258:58972.3533389732
0,3,default_vehtype,boarding,True,-1,58972.3533389732,59002.3533389732,58972.3533389732,0.0,258;-1;-1,258;-1;-1,0.0,0.9900050682034678,0.9900050682034678,0,,0,318,1,,318,,
0,1,default_vehtype,route,False,-1000,58041.29745087408,59038.333704839664,58041.29745087408,0.0,2445;-1;-1,1217;-1;-1,5166.063697707002,0.9866217136701185,0.9861051073003464,0.0,,0,320,2,,,2445;4008;4011;4010;422;2688;2687;3680;2675;3670;1815;264;3671;265;3424;3423;3421;2156;2157;2158;2280;1890;3593;3824;2306;2206;3868;3869;969;302;1573;257;1344;2388;1750;1751;1864;2230;1274;2918;2229;1883;1860;1216;1217,2445:58041.29745087408;4008:58153.38631479564;4011:58155.30381083112;4010:58156.43672935891;422:58200.14656224004;2688:58203.058222721236;2687:58247.58493298935;3680:58316.20615845151;2675:58318.04321586345;3670:58326.802000087024;1815:58417.50925560311;264:58456.96186377308;3671:58471.88579752753;265:58473.809011814716;3424:58481.71142049942;3423:58492.51841354093;3421:58499.61138172524;2156:58509.496050510905;2157:58545.91753809254;2158:58633.7204692008;2280:58684.22541218958;1890:58690.70885903996;3593:58697.384205673116;3824:58714.05306168553;2306:58717.88367304784;2206:58751.88801748241;3868:58757.3973381079;3869:58759.94096155699;969:58772.867271044066;302:58783.646544366;1573:58814.297823382076;257:58831.59791353682;1344:58844.837551209755;2388:58853.1126348931;1750:58881.72363810402;1751:58893.61234667883;1864:58916.92435979604;2230:58928.862555199106;1274:58984.29654255623;2918:58986.51593123068;2229:58994.97784906123;1883:59001.4614241061;1860:59010.911785888115;1216:59026.6708197182;1217:59038.333704839664
0,9,default_vehtype,route,False,-1000,58260,59056.72970862565,58260,0,2816;-1;-1,2168;-1;-1,6408.281019306002,0.7184110633592115,0.7177702352572811,0.0,,0,,0,,,2816;28;30;2785;2787;1447;3229;3451;562;1989;1958;1681;494;701;702;703;704;705;706;707;3548;3546;3545;384;2955;708;2957;709;710;711;712;713;714;1724;636;637;638;1326;1287;1327;3295;646;3132;3292;1030;838;1328;1329;2473;2330;1826;1825;1850;1081;1082;2168,2816:58260;28:58275.1866594233;30:58278.66838847332;2785:58286.3461272442;2787:58320.49403974735;1447:58322.27878530909;3229:58324.87720320798;3451:58327.06077152758;562:58329.90302029631;1989:58335.843444901795;1958:58347.58645023749;1681:58357.84654522053;494:58377.77714894367;701:58398.98193959765;702:58428.13791528725;703:58429.72126494144;704:58432.254657065074;705:58437.86130382595;706:58456.34563705494;707:58464.965931543564;3548:58468.92709774422;3546:58469.416405115444;3545:58470.40077787207;384:58493.902887419;2955:58501.97771733061;708:58506.24341064919;2957:58529.96843090993;709:58538.79278410615;710:58567.33196131578;711:58589.86220836904;712:58603.74222419021;713:58626.3048393495;714:58648.95563591177;1724:58707.806327296195;636:58744.37587686901;637:58754.32639488613;638:58811.70637912087;1326:58814.766838530515;1287:58828.847302979564;1327:58846.08227613447;3295:58846.49307751876;646:58848.871407177365;3132:58850.189923714905;3292:58855.0210807282;1030:58859.604949470035;838:58892.17557746988;1328:58896.227826224116;1329:58913.654640494016;2473:58926.699135715644;2330:58959.54945286742;1826:58983.451761419645;1825:59007.35360279947;1850:59021.36018981136;1081:59045.4989297638;1082:59050.54017274695;2168:59056.72970862565
0,1,default_vehtype,boarding,True,-1,59038.333704839664,59068.333704839664,59038.333704839664,0.0,1217;-1;-1,1217;-1;-1,0.0,0.9861051073003464,0.9861051073003464,0,,0,320,2,,320,,
0,9,default_vehtype,boarding,True,58260,59056.72970862565,59070.27777894748,59056.72970862565,0.0,2168;-1;-1,2168;-1;-1,0.0,0.7177702352572811,0.7177702352572811,0,,0,330,2,330,,,
0,6,default_vehtype,route,False,-1000,58320,59146.57479847868,58320,0,2785;2787;0.107,1489;-1;-1,10293.15777576479,0.5639895316414643,0.5629602158638881,0.0,,0,,0,,,2785;2787;1447;2958;3453;2788;2791;2794;2795;1182;1978;1162;1943;2087;1366;2092;2093;3240;2094;3239;2032;1732;3370;3189;650;87;86;3242;3245;2851;3247;3309;2662;2898;2850;2931;3871;3870;3088;960;961;3087;2643;3035;962;3238;963;3882;3236;3080;3081;3075;3074;3089;3091;3090;797;75;2642;3377;74;144;3378;1779;1778;968;3435;1777;3436;1785;3097;1489,2785:58320;2787:58353.85645577498;1447:58355.64120133672;2958:58357.957899659916;3453:58361.65502749744;2788:58367.059237432266;2791:58382.92601547882;2794:58419.454579051955;2795:58437.88226286826;1182:58453.855046864024;1978:58473.53013250226;1162:58479.97123092463;1943:58494.172144049;2087:58508.57659893782;1366:58520.381542899355;2092:58537.44390740276;2093:58563.96753352024;3240:58574.11067217688;2094:58577.150654087585;3239:58581.39407050481;2032:58607.33751849969;1732:58614.41345060154;3370:58625.854135496156;3189:58626.900164492654;650:58632.4135159388;87:58634.57666341156;86:58638.1817545105;3242:58660.5189668635;3245:58678.80397218012;2851:58679.73819683011;3247:58704.21781230851;3309:58710.410601753545;2662:58723.65472621653;2898:58734.833602195984;2850:58741.36885701355;2931:58747.417454136375;3871:58774.3955124064;3870:58776.13374665908;3088:58800.82208367905;960:58808.33548875964;961:58809.74438730036;3087:58820.36909443308;2643:58830.23340420715;3035:58849.892028080765;962:58872.173361478024;3238:58873.79283001248;963:58875.072834003986;3882:58876.580422578925;3236:58893.04707803835;3080:58905.31609731255;3081:58910.02110163845;3075:58927.77362271702;3074:58945.66613264072;3089:58947.69910136015;3091:58965.08150679726;3090:58969.79139565248;797:59003.29795877278;75:59008.56596188001;2642:59021.3303282409;3377:59035.926195245724;74:59037.15633125449;144:59038.50547613863;3378:59041.359115215026;1779:59061.620914264946;1778:59071.56666799584;968:59077.69970905714;3435:59088.04153435486;1777:59089.431421361456;3436:59097.70330407044;1785:59100.70661649278;3097:59142.32148146136;1489:59146.57479847868
0,6,default_vehtype,boarding,True,58320,59146.57479847868,59186.154561433825,59146.57479847868,0.0,1489;-1;-1,1489;-1;-1,0.0,0.5629602158638881,0.5629602158638881,0,,0,333,1,333,,,
0,2,default_vehtype,route,False,-1000,58386.397737668085,59260.91722408048,58386.397737668085,0.0,3974;-1;-1,593;-1;-1,4509.552649260004,0.9914504678047923,0.9909995125398656,0.0,,0,322,1,,,3974;337;3973;2347;3665;3925;425;3474;426;3568;427;428;3771;172;2596;429;430;431;432;433;434;248;2668;435;3664;436;437;2105;2106;1124;2054;1029;2055;592;593,3974:58386.397737668085;337:58389.105887422076;3973:58394.077913597706;2347:58423.086763610576;3665:58448.70278699721;3925:58469.87790232248;425:58480.56743470825;3474:58504.65423303831;426:58537.39825861698;3568:58538.3055259628;427:58583.83174703211;428:58611.33613422153;3771:58666.734647574056;172:58672.374507548724;2596:58697.81227386504;429:58711.789903038654;430:58727.21207912189;431:58736.755041896;432:58765.97001186995;433:58880.985228563535;434:58932.19587419728;248:59029.70640293282;2668:59056.62614113705;435:59060.162435251215;3664:59063.890046230794;436:59069.104106163955;437:59094.05555617894;2105:59182.76779253903;2106:59210.57854724901;1124:59213.43264536674;2054:59218.44255888731;1029:59224.92410657401;2055:59229.20503202649;592:59237.048169506976;593:59260.91722408048
0,8,default_vehtype,route,False,-1000,57653.89478060464,59268.29759888427,57653.89478060464,0.0,2355;-1;-1,3044;-1;-1,9947.266244430008,0.7948584335162192,0.7938637068917753,0.0,,0,313,2,,,2355;746;747;544;748;749;3350;3352;3351;134;2583;2635;3335;2857;2862;2654;2646;2995;3506;3000;3961;3814;3815;3510;2997;410;3512;409;3989;408;3991;407;100;3176;406;405;3618;404;3811;403;402;3985;3993;3983;3982;401;400;399;3043;3046;3044,2355:57653.89478060464;746:57707.44103674544;747:57726.06195545772;544:57757.870390713964;748:57782.37328828579;749:57833.19236810053;3350:57850.66139403107;3352:57863.23526244582;3351:57890.55623001819;134:57923.95233271475;2583:57926.14793094895;2635:57981.57853027832;3335:58126.08340187088;2857:58205.59394331446;2862:58267.13495171682;2654:58384.575737154264;2646:58754.11556588228;2995:58830.14207189945;3506:58877.37225255209;3000:58882.00853650061;3961:58927.46761759164;3814:58936.24464331925;3815:58951.1791476734;3510:58962.918281565726;2997:58984.08073315313;410:58985.16818586933;3512:58989.16276986281;409:58996.19574554308;3989:59003.87021956121;408:59013.48243906569;3991:59030.58698023499;407:59035.9558290984;100:59039.584271452324;3176:59045.849676269;406:59070.118639779044;405:59084.172849763476;3618:59100.81823502637;404:59112.924945456216;3811:59119.98731105974;403:59133.73413919432;402:59148.30481501058;3985:59167.89014195713;3993:59173.75723012884;3983:59174.94212570769;3982:59177.46104172375;401:59179.23311549742;400:59200.04373291514;399:59217.96003401805;3043:59235.63529278391;3046:59243.73905962123;3044:59268.29759888427
0,5,default_vehtype,route,False,-1000,58631.12484526608,59280.34029734015,58631.12484526608,0.0,3762;-1;-1,2384;-1;-1,4050.5393095600016,0.9869306578139846,0.9865256038830285,0.0,,0,,0,,,3762;2252;2347;3665;338;2670;3666;3150;3926;3204;3203;424;423;2687;2688;422;421;2866;3446;3805;4003;420;4002;4067;2633;331;332;333;2384,3762:58631.12484526608;2252:58637.24934396346;2347:58651.180816290966;3665:58676.7968396776;338:58709.248990347725;2670:58713.09055950868;3666:58715.74193792747;3150:58740.691294887394;3926:58745.793879947916;3204:58768.71991978801;3203:58770.77459509453;424:58798.25566121392;423:58842.24560445187;2687:58843.97240705092;2688:58884.787696427826;422:58888.973300083635;421:58986.55681517215;2866:58988.226519092976;3446:59019.699113431314;3805:59034.55003361876;4003:59048.656266511396;420:59049.99107371457;4002:59050.41944405805;4067:59052.93514382177;2633:59161.852135500594;331:59168.63616356944;332:59231.874407231604;333:59275.827294374285;2384:59280.34029734015
0,7,default_vehtype,route,False,-1000,58500.0,59280.34029734015,58500.0,0.0,2639;3328;0.194,3194;3195;0.423,5771.152497330147,0.7582132252560224,0.7576361100062899,0.0,,0,,0,,,2639;3328;2738;2526;103;3267;2585;33;2578;183;2039;3193;3194,2639:58500;3328:58541.68339472041;2738:58545.53319925372;2526:58630.48127654572;103:58674.340341181305;3267:58726.09054510747;2585:58841.717631075364;33:58863.645024487545;2578:58954.01503264692;183:59038.96342072743;2039:59120.82533717595;3193:59123.39860205747;3194:59126.10203137895
0,2,default_vehtype,boarding,True,-1,59260.91722408048,59290.91722408048,59260.91722408048,0.0,593;-1;-1,593;-1;-1,0.0,0.9909995125398656,0.9909995125398656,0.0,,0,322,1,,322,,
0,8,default_vehtype,boarding,True,-1,59268.29759888427,59298.29759888427,59268.29759888427,0.0,3044;-1;-1,3044;-1;-1,0.0,0.7938637068917753,0.7938637068917753,0.0,,0,313,2,,313,,
0,11,default_vehtype,route,False,-1000,58349.83493182669,59296.31500342764,58349.83493182669,0.0,3859;-1;-1,1587;-1;-1,6727.997606386999,0.8055062768977524,0.8048334771371144,0.0,,0,325,1,,,3859;1265;1266;353;347;290;1262;1570;3110;2637;134;2583;3349;3111;2678;3108;3102;2677;1482;3182;3107;2837;105;3839;3840;24;23;3122;2536;2762;2595;4076;3487;3557;3155;1588;2834;1587,3859:58349.83493182669;1265:58354.279923267786;1266:58372.96392339127;353:58406.2619656021;347:58413.14478481784;290:58416.22297341095;1262:58436.21069971935;1570:58447.42003259194;3110:58463.99501587959;2637:58516.86106769776;134:58537.02775273714;2583:58539.001662510585;3349:58572.982764060675;3111:58575.74422434591;2678:58672.143123499976;3108:58821.293370914704;3102:58889.83154609472;2677:58892.369232854064;1482:58893.653302816856;3182:58914.69110994468;3107:58934.06792482075;2837:58977.926560074724;105:59056.90471732125;3839:59068.85465611932;3840:59077.66631816246;24:59123.35656914726;23:59125.23188294879;3122:59160.998493014595;2536:59175.41547131247;2762:59191.36930621924;2595:59223.24501472029;4076:59231.86098285678;3487:59247.170172738006;3557:59248.84221119812;3155:59253.52775762445;1588:59264.967783603846;2834:59289.89197794282;1587:59296.31500342764
0,5,default_vehtype,boarding,True,58500,59280.34029734015,59324.851889434365,59280.34029734015,0.0,2384;-1;-1,2384;-1;-1,0.0,0.9865256038830285,0.9865256038830285,0,,0,335,1,335,,,
0,11,default_vehtype,boarding,True,58920,59296.31500342764,59394.33627371979,59296.31500342764,0.0,1587;-1;-1,1587;-1;-1,0.0,0.8048334771371144,0.8048334771371144,0,,0,325;338,2,338,325,,
0,1,default_vehtype,route,False,-1000,59068.333704839664,59451.77573271731,59068.333704839664,0.0,1217;-1;-1,236;-1;-1,2556.3947215999992,0.9861051073003464,0.9858494678281864,0.0,,0,,0,,,1217;1216;1792;1882;1881;1880;2208;2209;2210;304;303;302;969;3869;3868;2206;2205;3824;2306;212;213;3419;214;236,1217:59068.333704839664;1216:59127.023598041385;1792:59140.20330942442;1882:59148.403817554456;1881:59196.23437232773;1880:59202.568823335205;2208:59248.15810058702;2209:59255.09861838014;2210:59258.87523681236;304:59269.773776914764;303:59282.992240382606;302:59301.92517138639;969:59334.79039467535;3869:59339.245293929744;3868:59339.67385574705;2206:59346.49326047129;2205:59365.197550919715;3824:59374.3652029384;2306:59375.05235513447;212:59392.79907656135;213:59427.40097613205;3419:59435.60501780131;214:59437.68945893682;236:59451.77573271731
0,9,default_vehtype,route,False,-1000,59070.27777894748,59467.45625990635,59070.27777894748,0.0,2168;-1;-1,2457;-1;-1,3295.0718873000005,0.7177702352572811,0.7174407280685514,0.0,,0,330,2,,,2168;1082;1081;1080;3948;3933;694;3927;2998;3752;3286;2999;3158;643;3276;642;3896;3163;406;405;3618;3947;3811;403;402;3985;3993;3983;3982;401;400;399;3043;3046;3044;2457,2168:59070.27777894748;1082:59073.384038284974;1081:59094.68495909753;1080:59111.286425759536;3948:59113.91092517869;3933:59123.61931282079;694:59162.597247590376;3927:59181.91009286975;2998:59190.80915921099;3752:59217.43577527251;3286:59229.33313354593;2999:59235.171309010024;3158:59236.758931349555;643:59238.116000196525;3276:59244.05369029529;642:59257.71350726732;3896:59259.884320680154;3163:59264.662358265356;406:59268.879600649;405:59282.93381063343;3618:59299.579195896324;3947:59305.26170741013;3811:59312.74328549985;403:59326.49011363443;402:59341.06078945069;3985:59360.646116397234;3993:59366.513204568946;3983:59367.6981001478;3982:59370.21701616386;401:59371.98908993753;400:59392.79970735525;399:59410.716008458156;3043:59428.39126722402;3046:59436.495034061336;3044:59461.05357332438;2457:59467.45625990635
0,9,default_vehtype,boarding,True,-1,59467.45625990635,59497.45625990635,59467.45625990635,0.0,2457;-1;-1,2457;-1;-1,0.0,0.7174407280685514,0.7174407280685514,0,,0,330,2,,330,,
0,10,default_vehtype,route,False,-1000,58942.77082360372,59523.03699771062,58942.77082360372,0.0,184;-1;-1,2404;-1;-1,4930.962089639998,0.5200186344558568,0.5195255382468924,0.0,,0,334,1,,,184;1281;3416;3789;3415;3414;2917;3053;2715;3054;2596;429;430;431;868;2289;1135;578;2429;2240;1242;2269;2404,184:58942.77082360372;1281:58960.576854823565;3416:58972.869826737035;3789:59004.060173441016;3415:59023.76863723897;3414:59057.31399280139;2917:59090.87352832987;3053:59214.373212396415;2715:59231.28672016794;3054:59244.82696366727;2596:59248.86518440333;429:59264.10903618556;430:59276.41090315195;431:59301.061975934565;868:59347.41873796783;2289:59385.910744553126;1135:59414.50862444963;578:59422.09149872612;2429:59452.05398696755;2240:59477.209464877094;1242:59482.82907323305;2269:59491.68778238917;2404:59523.03699771062
0,10,default_vehtype,boarding,True,-1,59523.03699771062,59553.03699771062,59523.03699771062,0.0,2404;-1;-1,2404;-1;-1,0.0,0.5195255382468924,0.5195255382468924,0,,0,334,1,,334,,
0,4,default_vehtype,route,False,-1000,58980,59708.54751088315,58980,0,3044;-1;-1,1390;-1;-1,5501.961373890001,0.9889199306274693,0.9883697344900808,0.0,,0,,0,,,3044;2062;3949;3047;3046;3043;399;400;401;3982;3983;3993;3985;402;403;3811;3947;3618;405;406;3163;3896;2909;2681;407;3991;408;3989;409;3512;410;3509;3979;3934;3813;3508;933;3617;3878;2995;2646;2654;2699;2656;2701;197;198;199;1390,3044:58980;2062:58980.4860819787;3949:59016.17955919018;3047:59028.340729832446;3046:59030.07419692199;3043:59039.904144028565;399:59045.22768112207;400:59051.58048313079;401:59057.68219291192;3982:59059.60552624838;3983:59063.14600598664;3993:59064.29433530388;3985:59074.68953366052;402:59084.210291961426;403:59097.78209743031;3811:59110.03178190127;3947:59117.81721676929;3618:59124.55044167625;405:59140.278600526246;406:59143.68013154144;3163:59148.29613265488;3896:59152.514714761826;2909:59153.688199502845;2681:59155.82105655432;407:59158.04766394725;3991:59160.72990986457;408:59170.82672965222;3989:59176.86621358448;409:59187.67191137754;3512:59193.07681199303;410:59199.74368885959;3509:59210.11505205966;3979:59239.97163378939;3934:59251.507100711504;3813:59258.599450387126;3508:59267.94887024416;933:59271.80124427554;3617:59278.99123174594;3878:59300.415217507354;2995:59304.16423998231;2646:59348.25531219545;2654:59473.464527062366;2699:59566.76807762338;2656:59571.36718401494;2701:59588.67111905568;197:59591.62194628928;198:59595.9548077578;199:59640.37612489215;1390:59708.54751088315
0,4,default_vehtype,boarding,True,58980,59708.54751088315,59716.263723643926,59708.54751088315,0.0,1390;-1;-1,1390;-1;-1,0.0,0.9883697344900808,0.9883697344900808,0,,0,340,1,340,,,
0,1,default_vehtype,boarding,True,58800,59451.77573271731,59731.59412336987,59451.77573271731,0.0,236;-1;-1,236;-1;-1,0.0,0.9858494678281864,0.9858494678281864,0,,0,336,1,336,,,
0,3,default_vehtype,route,False,-1000,59280,59906.82635042327,59280,0,258;-1;-1,2203;-1;-1,3792.7837241499983,0.9900050682034678,0.9896257898310523,0.0,,0,,0,,,258;2221;2222;1208;1207;1206;1405;3682;3987;3645;426;3567;3314;2716;428;3771;172;2596;429;3112;4030;4031;3862;4032;1888;2403;2503;2345;358;2372;2497;2203,258:59280;2221:59288.233714204274;2222:59300.25759282208;1208:59326.24910980907;1207:59330.15225892388;1206:59345.28728499931;1405:59350.124810426176;3682:59371.67456749172;3987:59381.00175031864;3645:59395.85422898036;426:59416.45583426677;3567:59418.78773357286;3314:59420.13025260865;2716:59477.95432674635;428:59482.00208671582;3771:59522.937239483304;172:59529.528659417;2596:59553.369201442445;429:59579.27660414055;3112:59580.843901697284;4030:59626.910979595705;4031:59628.44780753114;3862:59638.18244352695;4032:59672.138703969555;1888:59692.232824898856;2403:59723.7196653616;2503:59854.154767914864;2345:59874.66374620078;358:59877.13623776358;2372:59878.647675868895;2497:59892.894581236134;2203:59906.82635042327
0,3,default_vehtype,boarding,True,59280,59906.82635042327,59917.8757351312,59906.82635042327,0.0,2203;-1;-1,2203;-1;-1,0.0,0.9896257898310523,0.9896257898310523,0,,0,342,1,342,,,
0,5,default_vehtype,route,False,-1000,59324.851889434365,59979.82428038309,59324.851889434365,0.0,2384;-1;-1,3174;-1;-1,4874.671304629996,0.9865256038830285,0.9860381367525659,0.0,,0,335,1,,,2384;333;272;871;872;1051;1052;1062;226;3192;3191;1064;1065;252;1066;1067;1068;3775;3774;3773;1896;1774;1387;1734;1520;1015;2916;3413;3412;3169;3170;3171;3172;3174,2384:59324.851889434365;333:59341.489343746776;272:59345.22010847932;871:59356.55519728575;872:59367.02371170832;1051:59387.94070982663;1052:59414.47933002736;1062:59424.34868662568;226:59473.438929128795;3192:59478.465577458766;3191:59498.20203485065;1064:59509.86379846423;1065:59519.26813697216;252:59532.842952379855;1066:59544.26717702433;1067:59568.37375091997;1068:59606.77421876837;3775:59703.59080355787;3774:59752.74707240203;3773:59766.19563616764;1896:59767.79388594961;1774:59789.4736598617;1387:59819.550205487845;1734:59828.5617133224;1520:59862.45789491911;1015:59873.01483698332;2916:59910.16339240219;3413:59915.92288714653;3412:59937.49394626561;3169:59947.67459228523;3170:59952.55712017085;3171:59958.34546407001;3172:59974.22077916166;3174:59979.82428038309
0,5,default_vehtype,boarding,True,-1,59979.82428038309,60009.82428038309,59979.82428038309,0.0,3174;-1;-1,3174;-1;-1,0.0,0.9860381367525659,0.9860381367525659,0,,0,335,1,,335,,
0,2,default_vehtype,route,False,-1000,59290.91722408048,60235.89062538568,59290.91722408048,0.0,593;-1;-1,3788;-1;-1,6580.6558111870045,0.9909995125398656,0.9903414469587469,0.0,,0,,0,,,593;592;2055;1029;2054;1124;2106;2105;437;436;3664;435;2668;2882;2601;2733;2732;1776;2734;48;4077;3042;3116;49;3134;2639;2640;55;2591;54;3329;45;3931;39;3269;2584;134;3351;334;3348;3787;3788,593:59290.91722408048;592:59300.12361074413;2055:59315.72993178392;1029:59324.4171948611;2054:59330.685138132925;1124:59352.13533075234;2106:59362.33042135086;2105:59376.530583145744;437:59386.91170139525;436:59420.8121898599;3664:59432.06573237847;435:59442.68912962687;2668:59455.29052506898;2882:59472.53770190658;2601:59481.066192958635;2733:59492.281567873455;2732:59496.06190960074;1776:59508.579520113824;2734:59509.41322151994;48:59559.429139823056;4077:59603.16987589309;3042:59639.72219204307;3116:59669.33924058564;49:59678.54662940819;3134:59680.60467469737;2639:59690.931747605166;2640:59711.7889129499;55:59718.385319622044;2591:59719.34310196522;54:59727.810224242465;3329:59735.84452611304;45:59788.61747238749;3931:59813.44591820559;39:59853.086650469246;3269:59944.693643478065;2584:60022.43314258138;134:60066.75245297067;3351:60136.57869701669;334:60138.8752528359;3348:60198.84711803271;3787:60208.97655197872;3788:60235.89062538568
0,10,default_vehtype,route,False,-1000,59553.03699771062,60235.89062538568,59553.03699771062,0.0,2404;-1;-1,2583;3349;0.339,4765.9861861517265,0.5195255382468924,0.5190489396282774,0.0,,0,,0,,,2404;1469;2403;1888;4032;3862;4031;4030;3112;3054;2715;172;3873;3178;3177;3268;3267;2585;2637;134;2583,2404:59553.03699771062;1469:59580.91315092708;2403:59677.99622009883;1888:59690.75114023981;4032:59795.38702539818;3862:59809.24961492193;4031:59827.93069839245;4030:59838.440162517305;3112:59853.160256646464;3054:59881.532571078846;2715:59895.93599527957;172:59903.3133215429;3873:59910.09260131366;3178:59964.4901965609;3177:59990.520834181625;3268:60031.33820945337;3267:60042.770644636934;2585:60172.419095423065;2637:60195.19207655975;134:60218.22135082662;2583:60219.272967202785
0,2,default_vehtype,boarding,True,59280,60235.89062538568,60258.876355782646,60235.89062538568,0.0,3788;-1;-1,3788;-1;-1,0.0,0.9903414469587469,0.9903414469587469,0,,0,343,1,343,,,
0,5,default_vehtype,route,False,-1000,60009.82428038309,60268.86650734753,60009.82428038309,0.0,3174;-1;-1,1013;-1;-1,1201.52178441,0.9860381367525659,0.9859179845741253,0.0,,0,,0,,,3174;3172;3171;3170;3169;3412;3695;3411;3960;569;568;567;1014;1013,3174:60009.82428038309;3172:60030.49817956556;3171:60048.402202608006;3170:60068.93284951992;3169:60081.1990588238;3412:60090.61142959662;3695:60111.693786243915;3411:60115.09527572083;3960:60116.818405151425;569:60210.593983056635;568:60213.611364536184;567:60217.09033423896;1014:60262.42150226327;1013:60268.86650734753
0,8,default_vehtype,route,False,-1000,59400.0,60265.23411004075,59400.0,0.0,3044;-1;-1,3448;-1;-1,4850.70480455,0.7938637068917753,0.7933786364113209,0.0,,0,,0,,,3044;2062;3949;3047;3046;3043;399;400;401;3982;3983;3993;3985;402;403;3811;3947;3618;405;406;3163;3896;2909;2681;407;3991;408;3989;409;3512;410;2997;3511;411;2684;3946;3519;2911;3748;3797;2685;413;3794;414;3796;2695;3793;416;417;3795;2693;2694;64;3575;3945;2700;2657;180;63;3449;2864;3448,3044:59400;2062:59400.4860819787;3949:59436.17955919018;3047:59448.340729832446;3046:59450.07419692199;3043:59459.904144028565;399:59465.22768112207;400:59471.58048313079;401:59477.68219291192;3982:59479.60552624838;3983:59483.14600598664;3993:59484.29433530388;3985:59494.68953366052;402:59504.210291961426;403:59517.78209743031;3811:59533.84574266845;3947:59554.52917689222;3618:59577.378652632695;405:59624.120863549746;406:59637.098752341815;3163:59651.32679793935;3896:59658.920648287516;2909:59666.53021306536;2681:59671.960659761804;407:59672.53773602492;3991:59673.73386733429;408:59680.931283077574;3989:59685.965088446836;409:59696.745041732844;3512:59707.32173435731;410:59714.604979726355;2997:59717.0151275208;3511:59719.63734289183;411:59741.586949953016;2684:59769.14741780967;3946:59786.93475040474;3519:59789.830338140804;2911:59802.5075742098;3748:59821.67208349544;3797:59860.5679820723;2685:59894.64779729328;413:59918.60266593008;3794:59945.67894050904;414:59950.43041818951;3796:60001.713256228104;2695:60008.05938609998;3793:60018.16441907842;416:60031.41621677222;417:60046.753950519116;3795:60058.8276515806;2693:60066.37490832804;2694:60067.28862526642;64:60076.4105788899;3575:60092.31935815354;3945:60096.769812054394;2700:60114.431723104346;2657:60118.29185573573;180:60136.67613765488;63:60147.16601577206;3449:60240.82216652576;2864:60241.93551687067;3448:60265.23411004075
0,4,default_vehtype,route,False,-1000,59716.263723643926,60271.084378379186,59716.263723643926,0.0,1390;-1;-1,2780;-1;-1,5993.6319850380005,0.9883697344900808,0.9877703712915776,0.0,,0,340,1,,,1390;199;198;197;2701;3334;3393;2996;162;3394;2647;3391;186;3694;3168;2282;3581;2930;182;1933;2281;3135;3875;3876;3045;398;3047;3950;2782;2893;2894;2780,1390:59716.263723643926;199:59760.02676880485;198:59788.93078072183;197:59796.51680588564;2701:59799.28215362622;3334:59837.927512804956;3393:59921.56238323374;2996:59947.782521371846;162:59950.62957114332;3394:59985.819587897626;2647:60037.488260090955;3391:60073.71284951927;186:60076.414048654944;3694:60088.13497327681;3168:60091.476617495406;2282:60098.52311709208;3581:60100.92644925589;2930:60106.485862154324;182:60130.022296306524;1933:60139.89955793143;2281:60151.02942063137;3135:60154.14819828439;3875:60216.19451632996;3876:60218.133308788965;3045:60221.31289281904;398:60223.11170200182;3047:60225.640713307104;3950:60232.42432147911;2782:60257.49801621001;2893:60258.498995650196;2894:60261.78887798654;2780:60271.084378379186
0,4,default_vehtype,boarding,True,-1,60271.084378379186,60301.084378379186,60271.084378379186,0.0,2780;-1;-1,2780;-1;-1,0.0,0.9877703712915776,0.9877703712915776,0,,0,340,1,,340,,
0,8,default_vehtype,boarding,True,59400,60265.23411004075,60344.50033962244,60265.23411004075,0.0,3448;-1;-1,3448;-1;-1,0.0,0.7933786364113209,0.7933786364113209,0,,0,346,1,346,,,
0,5,default_vehtype,boarding,True,59700,60268.86650734753,60476.687496592254,60268.86650734753,0.0,1013;-1;-1,1013;-1;-1,0.0,0.9859179845741253,0.9859179845741253,0.0,,0,351,1,351,,,
0,7,default_vehtype,route,False,-1000,59340.0,60471.62320443074,59340.0,0.0,3194;3195;0.423,3562;-1;-1,4094.729378126982,0.7576361100062899,0.757226637068477,0.0,,0,,0,,,3194;3195;268;4068;4002;420;4003;3805;3446;2866;421;422;2688;2687;3680;2675;3204;3926;2670;3666;3115;3427;4069;833;327;3564;3566;3565;328;3562,3194:59340;3195:59538.90284158535;268:59564.321968783115;4068:59661.07506086571;4002:59663.18557752368;420:59664.293514893056;4003:59670.193535419654;3805:59684.782825991795;3446:59706.43772973838;2866:59739.3540263459;421:59741.53946139695;422:59807.31658641932;2688:59809.217464857684;2687:59883.00379286856;3680:59997.2979284767;2675:59998.812177051346;3204:60000.463909765145;3926:60033.081030814945;2670:60053.05711074719;3666:60058.92564009457;3115:60064.83348700048;3427:60121.639328400954;4069:60171.11258952926;833:60188.21665314914;327:60411.07923046069;3564:60463.139541307646;3566:60465.01131808752;3565:60465.672840393214;328:60467.52172830637;3562:60471.62320443074
0,1,default_vehtype,route,False,-1000,59731.59412336987,60495.44824505399,59731.59412336987,0.0,236;-1;-1,199;-1;-1,5274.020686619998,0.9858494678281864,0.9853220657595245,0.0,,0,336,1,,,236;4050;235;234;233;232;231;1352;1351;1117;1350;230;2194;1310;2193;2192;2123;2358;1494;1495;466;465;1859;1858;3200;3199;1057;3667;1058;3685;683;682;681;680;871;872;3719;273;3718;274;1927;992;1926;1758;2109;733;732;1390;199,236:59731.59412336987;4050:59749.36642415704;235:59760.9701959302;234:59772.02385230582;233:59784.18418103287;232:59800.66871542108;231:59803.87422779897;1352:59811.530531804645;1351:59820.83140734185;1117:59844.41667698004;1350:59848.75343661587;230:59853.39410335207;2194:59862.404874842476;1310:59864.96158767586;2193:59881.421933259466;2192:59882.906014570195;2123:59891.346635808935;2358:59897.94900500884;1494:59903.62092890727;1495:59907.57868578567;466:59951.22301278738;465:59968.84718348069;1859:60039.93025199033;1858:60079.211638879664;3200:60084.1225451809;3199:60086.45656119511;1057:60089.343951135015;3667:60107.00468954621;1058:60125.803765847755;3685:60169.494215756444;683:60175.97443962616;682:60187.21541223417;681:60217.972305157826;680:60229.69227080202;871:60235.24767167912;872:60248.10063633029;3719:60305.905731217994;273:60322.11518762581;3718:60324.56224035731;274:60327.315627469536;1927:60336.56650238155;992:60369.87912222091;1926:60391.091356852645;1758:60414.678317403304;2109:60420.5641531149;733:60437.67400998297;732:60446.58117321497;1390:60456.416892994916;199:60495.44824505399
0,1,default_vehtype,boarding,True,-1,60495.44824505399,60525.44824505399,60495.44824505399,0.0,199;-1;-1,199;-1;-1,0.0,0.9853220657595245,0.9853220657595245,0.0,,0,336,1,,336,,
0,9,default_vehtype,route,False,-1000,59880.0,60520.39185900641,59880.0,0.0,2457;-1;-1,1392;-1;-1,5355.213265628002,0.7174407280685514,0.7169052067419888,0.0,,0,,0,,,2457;3044;3046;3043;399;400;401;3982;3986;3984;3985;402;403;3811;404;3947;3999;3998;4000;120;375;376;377;2267;3836;932;3159;3834;3291;3290;644;2895;3289;2896;2153;2329;2330;2331;2332;774;895;2048;2025;1189;1768;1566;1251;2333;1198;1872;2178;2824;3646;504;2697;3208;2698;3841;502;1392,2457:59880;3044:59883.689939619966;3046:59902.38944485817;3043:59914.21543102761;399:59920.834010119346;400:59931.388446833735;401:59935.93382841146;3982:59937.12863031403;3986:59940.726117808146;3984:59941.540629874034;3985:59950.21805121174;402:59959.91874038868;403:59973.16062380229;3811:59990.067488467386;404:59995.010216293165;3947:59996.41573153023;3999:60006.56212807635;3998:60007.284759878916;4000:60007.670454607985;120:60022.33072418787;375:60025.834268573526;376:60038.58416393146;377:60058.72308275235;2267:60070.27483121992;3836:60085.25900620751;932:60089.94637818335;3159:60091.18532911572;3834:60095.34888291002;3291:60105.44557586095;3290:60107.22021393869;644:60110.47453904836;2895:60111.68212312484;3289:60116.397475758175;2896:60133.18956773359;2153:60157.034436564914;2329:60184.611702691655;2330:60228.26940120665;2331:60259.44136332864;2332:60269.28580427989;774:60321.899160334484;895:60335.306853011105;2048:60345.48373506628;2025:60350.76419865109;1189:60356.299728804755;1768:60361.78034847865;1566:60363.6129820219;1251:60367.42302289776;2333:60392.457650466466;1198:60396.31245323338;1872:60400.75286297251;2178:60404.71062160152;2824:60418.27663612424;3646:60421.67608986175;504:60422.455505608;2697:60425.91544985748;3208:60459.49582475613;2698:60476.20211413067;3841:60484.96984205525;502:60485.91635832212;1392:60520.39185900641
0,9,default_vehtype,boarding,True,59880,60520.39185900641,60524.856931647744,60520.39185900641,0.0,1392;-1;-1,1392;-1;-1,0.0,0.7169052067419888,0.7169052067419888,0.0,,0,352,1,352,,,
0,7,default_vehtype,boarding,True,59340,60471.62320443074,60597.503277612996,60471.62320443074,0.0,3562;-1;-1,3562;-1;-1,0.0,0.757226637068477,0.757226637068477,0,,0,345,1,345,,,
0,2,default_vehtype,route,False,-1000,60258.876355782646,60682.53843399754,60258.876355782646,0.0,3788;-1;-1,427;-1;-1,2971.259815797999,0.9903414469587469,0.9900443209771671,0.0,,0,343,1,,,3788;3787;3348;3352;3351;3349;2583;134;2637;3110;335;1492;3762;2252;2347;3665;3925;3476;3477;425;3474;426;3568;427,3788:60258.876355782646;3787:60270.23079511154;3348:60279.52281613869;3352:60281.91065445737;3351:60321.30237637471;3349:60325.789551285154;2583:60361.43394825708;134:60362.95075966966;2637:60400.66599339811;3110:60432.32017320062;335:60461.07369163061;1492:60469.08503548809;3762:60491.50665658428;2252:60516.196070913415;2347:60532.71921757969;3665:60565.22433014557;3925:60583.73250170264;3476:60589.90522463315;3477:60596.46173127225;425:60600.04700259186;3474:60612.37461069437;426:60636.82331417045;3568:60639.12310591241;427:60682.53843399754
0,10,default_vehtype,route,False,-1000,60240,60708.36686865668,60240,0,2583;3349;0.339,1123;-1;-1,2482.482179748273,0.5190489396282774,0.5188006914103026,0.0,,0,,0,,,2583;3349;2583;134;2637;3110;1570;1262;3572;3571;1407;1408;2220;916;111;1092;1093;1123,2583:60240;3349:60260.91293934729;2583:60296.557336319216;134:60298.07414773179;2637:60335.78938146024;3110:60367.44356126276;1570:60398.573667606855;1262:60508.868294315966;3572:60526.2447174477;3571:60537.77949260215;1407:60540.058632613276;1408:60551.00542217944;2220:60565.02528623936;916:60578.31608058625;111:60685.152997431054;1092:60697.276595587326;1093:60703.073446609655;1123:60708.36686865668
0,2,default_vehtype,boarding,True,-1,60682.53843399754,60712.53843399754,60682.53843399754,0.0,427;-1;-1,427;-1;-1,0.0,0.9900443209771671,0.9900443209771671,0.0,,0,343,1,,343,,
0,8,default_vehtype,route,False,-1000,60344.50033962244,60719.59318008889,60344.50033962244,0.0,3448;-1;-1,613;-1;-1,2961.0673851399993,0.7933786364113209,0.793082529672807,0.0,,0,346,1,,,3448;2864;3450;2655;2579;3390;34;2865;2039;3193;421;422;2688;614;613,3448:60344.50033962244;2864:60352.80312310859;3450:60356.44235364455;2655:60390.625462135875;2579:60433.67535433864;3390:60477.086600342205;34:60502.21849862498;2865:60564.89798704735;2039:60566.2800241949;3193:60569.382841959145;421:60599.87185867803;422:60660.73268185749;2688:60678.203511061365;614:60698.04449597338;613:60719.59318008889
0,8,default_vehtype,boarding,True,-1,60719.59318008889,60749.59318008889,60719.59318008889,0.0,613;-1;-1,613;-1;-1,0.0,0.793082529672807,0.793082529672807,0,,0,346,1,,346,,
0,10,default_vehtype,boarding,True,60240,60708.36686865668,60741.14518551038,60708.36686865668,0.0,1123;-1;-1,1123;-1;-1,0.0,0.5188006914103026,0.5188006914103026,0,,0,355,1,355,,,
0,6,default_vehtype,route,False,-1000,59186.154561433825,60841.805714643655,59186.154561433825,0.0,1489;-1;-1,236;-1;-1,13163.73430081699,0.5629602158638881,0.5616438424338082,0.0,,0,333,1,,,1489;3097;341;1587;2834;1588;3155;3557;3487;4076;2595;2762;2536;3122;23;2571;3306;3305;2885;2886;1438;1439;1440;836;1441;1442;1443;1444;990;1445;1446;1981;2139;3554;3059;2680;101;3271;3270;104;2714;3178;3873;172;3771;428;2716;3314;3567;3315;3475;3477;425;3925;3665;3313;3115;3666;1517;3425;3424;265;1518;214;236,1489:59186.154561433825;3097:59252.521923982036;341:59276.953909474556;1587:59340.93417925522;2834:59345.34824340327;1588:59357.580263145624;3155:59365.00547652401;3557:59368.06129508591;3487:59369.03310062511;4076:59397.64636819806;2595:59403.400256287125;2762:59418.90083936294;2536:59428.00524691027;3122:59449.847284603915;23:59472.715984497714;2571:59503.3545628588;3306:59525.834678567255;3305:59535.50324513674;2885:59572.37177344239;2886:59575.007404895274;1438:59579.14602668301;1439:59594.81734407804;1440:59613.844475018166;836:59621.230118659725;1441:59639.951164474696;1442:59664.35115221856;1443:59675.98602234421;1444:59685.3979328229;990:59698.14311495566;1445:59714.94647724155;1446:59765.70877965437;1981:59786.64919040067;2139:59804.052825996034;3554:59815.43183297386;3059:59816.912710517085;2680:59821.71989990749;101:59838.245273868255;3271:60026.83100092782;3270:60055.80781359281;104:60145.346361356416;2714:60203.13213101391;3178:60329.1526869995;3873:60344.40950622573;172:60350.94528063075;3771:60356.21252610003;428:60389.2073544748;2716:60391.07796890609;3314:60439.62965158969;3567:60441.56696229323;3315:60460.415335631005;3475:60485.67989118627;3477:60506.5518862512;425:60510.13715757082;3925:60527.60251918443;3665:60541.92170826001;3313:60544.00308542109;3115:60574.17522707919;3666:60578.10287941341;1517:60650.02482263995;3425:60653.51266541286;3424:60715.37066980264;265:60717.6143105583;1518:60749.64290079299;214:60810.10477784672;236:60841.805714643655
0,6,default_vehtype,boarding,True,-1,60841.805714643655,60871.805714643655,60841.805714643655,0.0,236;-1;-1,236;-1;-1,0.0,0.5616438424338082,0.5616438424338082,0,,0,333,1,,333,,
0,11,default_vehtype,route,False,-1000,59394.33627371979,61037.62072284578,59394.33627371979,0.0,1587;-1;-1,1323;-1;-1,11236.828061319991,0.8048334771371144,0.8037097943309824,0.0,,0,338,1,,,1587;341;3097;3038;3763;3659;3658;3764;3765;3766;3767;3039;204;2667;9;3375;144;74;3377;2642;75;797;3090;3091;3089;3074;3153;3076;3125;73;3233;2899;2665;72;2828;3371;3372;3232;3373;1564;1630;2100;2099;2819;2371;2818;1133;782;2215;1377;2369;2368;2367;1576;1169;3843;3636;3631;2590;2589;3630;3623;2435;3473;2231;1415;2365;2127;1698;1697;1696;1695;1554;1511;1694;287;2946;648;3293;647;3274;2528;3295;1327;1287;1326;1111;1325;1324;1323,1587:59394.33627371979;341:59415.516018365044;3097:59418.43686762401;3038:59423.7846665528;3763:59426.96993853545;3659:59467.47521905547;3658:59472.75206883696;3764:59479.18826991193;3765:59486.30707503869;3766:59496.4926704481;3767:59521.02213479067;3039:59540.71108143377;204:59548.759776440675;2667:59563.12161715906;9:59575.67126453216;3375:59593.276832982534;144:59598.03101338189;74:59599.72180091731;3377:59604.027352112214;2642:59669.43820721844;75:59702.270903142205;797:59708.61795830013;3090:59784.11838310364;3091:59797.81189638095;3089:59824.70334547257;3074:59831.62855279767;3153:59840.84077307;3076:59873.99849030612;3125:59879.03879272571;73:59894.815002299016;3233:59919.51141531753;2899:59921.91481013879;2665:59929.94860826134;72:60017.03968827002;2828:60028.65057306454;3371:60031.74649950257;3372:60033.95156239537;3232:60035.53379488554;3373:60050.073459987456;1564:60061.493090901626;1630:60072.144011348915;2100:60086.206771473844;2099:60092.45083105117;2819:60107.1377501524;2371:60123.71427081311;2818:60126.08081257795;1133:60136.1682318622;782:60140.49349685221;2215:60154.18985083947;1377:60177.922944024045;2369:60181.601540554424;2368:60202.08086956936;2367:60218.31901400649;1576:60239.15831198456;1169:60244.03804872795;3843:60252.10947611763;3636:60253.276122493706;3631:60263.3109026553;2590:60304.67094946761;2589:60306.92930174138;3630:60353.851402467815;3623:60382.451507204154;2435:60425.016064076444;3473:60450.33300249149;2231:60456.26922727537;1415:60473.73629080881;2365:60506.84604260381;2127:60518.16148284169;1698:60538.52126782351;1697:60556.82811983581;1696:60662.03094301934;1695:60705.800000647425;1554:60717.5373683755;1511:60726.469599615186;1694:60738.373568917734;287:60753.31165821156;2946:60762.127084156324;648:60766.3907275446;3293:60856.49766117411;647:60858.29080830785;3274:60867.027920835564;2528:60951.74764790182;3295:60962.136564750595;1327:60968.06961680679;1287:61003.36660881376;1326:61010.08015530418;1111:61013.16053347173;1325:61027.10742676592;1324:61033.785143497495;1323:61037.62072284578
0,4,default_vehtype,route,False,-1000,60360,61055.86979700613,60360,0,2780;-1;-1,3541;-1;-1,7520.881582730999,0.9877703712915776,0.9870182831333045,0.0,,0,,0,,,2780;2894;2779;2888;3951;398;3045;3876;3043;399;400;401;3982;3986;3984;3985;402;403;3811;404;3947;3999;3998;4000;120;375;376;377;2267;3836;932;3159;3834;3291;645;3294;3295;2528;3274;647;3293;3296;96;2946;287;1694;1511;1554;1695;1696;1697;1698;1699;1856;2125;2126;3544;1418;2364;2934;863;864;791;865;866;3537;3541,2780:60360;2894:60370.316606120956;2779:60372.85574233816;2888:60390.83910664429;3951:60397.10773591858;398:60403.399404784774;3045:60404.57736255454;3876:60406.42095149952;3043:60421.964557476516;399:60428.04762512681;400:60435.106476403256;401:60440.664145498275;3982:60441.8269552415;3986:60443.414098276924;3984:60446.007686073994;3985:60455.4608763711;402:60465.23968658656;403:60478.16443005053;3811:60484.75628055901;404:60491.56921590968;3947:60491.874326208665;3999:60512.90368296679;3998:60513.32297373574;4000:60515.134102527125;120:60526.130238947735;375:60533.48414937725;376:60542.868524001315;377:60552.137063097885;2267:60564.677374039515;3836:60586.26087456296;932:60595.96189479546;3159:60597.18255815228;3834:60600.13798839419;3291:60614.381985277825;645:60618.37009797427;3294:60655.00284620462;3295:60664.88484211149;2528:60674.494328057575;3274:60719.93650691573;647:60728.26984238866;3293:60730.03135619837;3296:60731.654664843074;96:60746.20574149744;2946:60827.017611493284;287:60832.24484258423;1694:60838.60979752092;1511:60847.14084283338;1554:60850.75234475235;1695:60854.53036027631;1696:60876.404987998445;1697:60878.49717141171;1698:60881.807221109695;1699:60913.504632854245;1856:60915.89188486367;2125:60945.807298053245;2126:60953.529550663625;3544:60958.65528021614;1418:60963.804054217544;2364:60977.17339820046;2934:60978.01936323997;863:60978.95775074619;864:60981.13811426042;791:60994.42025998123;865:60995.60074535574;866:61005.22455698942;3537:61051.5918725436;3541:61055.86979700613
0,11,default_vehtype,boarding,True,-1,61037.62072284578,61067.62072284578,61037.62072284578,0.0,1323;-1;-1,1323;-1;-1,0.0,0.8037097943309824,0.8037097943309824,0,,0,338,1,,338,,
0,4,default_vehtype,boarding,True,60360,61055.86979700613,61098.17063164281,61055.86979700613,0.0,3541;-1;-1,3541;-1;-1,0.0,0.9870182831333045,0.9870182831333045,0,,0,357,2,357,,,
0,8,default_vehtype,route,False,-1000,60749.59318008889,61215.210895318916,60749.59318008889,0.0,613;-1;-1,427;-1;-1,2543.2179458400005,0.793082529672807,0.7928282078782233,0.0,,0,,0,,,613;614;2688;422;423;2687;3680;3203;3204;3926;2670;338;3115;3313;3665;3925;3476;3477;425;3474;426;3568;427,613:60749.59318008889;614:60776.99054477327;2688:60832.46911659716;422:60833.47278052239;423:60877.99549391263;2687:60880.80130580569;3680:60933.59244611424;3203:60935.8204964468;3204:60937.89045695551;3926:60981.608093293195;2670:61016.68638122791;338:61019.00623861388;3115:61021.24268758336;3313:61066.00076542076;3665:61067.17953980033;3925:61078.041094725435;3476:61082.3054234661;3477:61092.55120105051;425:61093.440819539464;3474:61126.22767320371;426:61149.97988654893;3568:61153.41598857974;427:61215.210895318916
0,3,default_vehtype,route,False,-1000,59917.8757351312,61245.68088304662,59917.8757351312,0.0,2203;-1;-1,1149;-1;-1,7473.118922210004,0.9896257898310523,0.9888784779388314,0.0,,0,342,1,,,2203;2497;2372;358;2345;2503;2403;1888;4032;3862;4031;4030;3112;3054;2715;172;3873;3178;3177;3268;3267;2585;2637;134;2583;2635;3335;3389;2627;2624;3969;2623;1362;1149,2203:59917.8757351312;2497:59932.70545090473;2372:59949.494733351436;358:59950.376186589834;2345:59969.66375974614;2503:60000.29302289761;2403:60024.13989406629;1888:60036.89481420727;4032:60131.527085644884;3862:60138.95822263103;4031:60155.52581282209;4030:60161.58893687058;3112:60314.747999325504;3054:60351.15834959274;2715:60378.6004590753;172:60382.86395881767;3873:60401.2326127343;3178:60431.65349487435;3177:60474.740962550175;3268:60513.25230094243;3267:60541.14111413596;2585:60771.484966092394;2637:60819.969435235435;134:60851.39334589209;2583:60854.778372797904;2635:60903.480445229405;3335:61024.52169999233;3389:61072.894977596065;2627:61091.02433977599;2624:61141.585023106054;3969:61159.14514599925;2623:61208.368498765;1362:61234.553319643484;1149:61245.68088304662
0,2,default_vehtype,route,False,-1000,60720.0,61253.08634428806,60720.0,0.0,427;-1;-1,821;-1;-1,3389.0472999090016,0.9900443209771671,0.9897054162471766,0.0,,0,,0,,,427;3568;426;3567;3566;3565;328;3562;4026;3644;2387;2207;3868;2206;2205;3824;3593;2306;212;213;3419;3418;3791;3696;1519;673;3417;3416;3789;3415;3683;821,427:60720;3568:60772.860469977815;426:60776.57190043091;3567:60778.84069167829;3566:60860.67972147137;3565:60861.37178279245;328:60863.7293208756;3562:60865.803015324906;4026:60950.13201354103;3644:60958.92286859651;2387:60977.348245633046;2207:60987.47873907922;3868:60992.34482196357;2206:60998.35245114135;2205:61003.80762805111;3824:61008.35296217081;3593:61008.76647694079;2306:61012.695737640606;212:61021.022862135345;213:61080.23388638605;3419:61098.791979414804;3418:61128.98174543931;3791:61136.123151667816;3696:61152.29968254537;1519:61155.65155578004;673:61168.40094180479;3417:61172.34944378518;3416:61194.56257433854;3789:61216.284562386434;3415:61231.9223714797;3683:61239.746795684434;821:61253.08634428806
0,2,default_vehtype,boarding,True,60720,61253.08634428806,61259.30446761204,61253.08634428806,0.0,821;-1;-1,821;-1;-1,0.0,0.9897054162471766,0.9897054162471766,0.0,,0,361,1,361,,,
0,3,default_vehtype,boarding,True,-1,61245.68088304662,61275.68088304662,61245.68088304662,0.0,1149;-1;-1,1149;-1;-1,0.0,0.9888784779388314,0.9888784779388314,0,,0,342,1,,342,,
0,1,default_vehtype,route,False,-1000,60660.0,61330.49902724203,60660.0,0.0,199;-1;-1,3675;-1;-1,3591.555451479998,0.9853220657595245,0.9849629102143762,0.0,,0,,0,,,199;3448;2864;3450;2655;2579;3390;34;2865;2039;3193;421;422;2688;2687;2191;2133;3675,199:60660;3448:60672.193528631535;2864:60680.496312117684;3450:60684.13554265364;2655:60718.31865114497;2579:60767.973813118806;3390:60815.66432563524;34:60845.227761142996;2865:60942.01923505369;2039:60944.1951350412;3193:60948.70076147307;421:61016.75609882196;422:61184.71649176324;2688:61186.6704488876;2687:61255.461116099825;2191:61292.13423047737;2133:61317.04260330658;3675:61330.49902724203
0,1,default_vehtype,boarding,True,60660,61330.49902724203,61337.38540676052,61330.49902724203,0.0,3675;-1;-1,3675;-1;-1,0.0,0.9849629102143762,0.9849629102143762,0.0,,0,360,1,360,,,
0,6,default_vehtype,route,False,-1000,60871.805714643655,61406.848900824916,60871.805714643655,0.0,236;-1;-1,3478;-1;-1,3438.331123399997,0.5616438424338082,0.5613000093214685,0.0,,0,,0,,,236;214;3419;3420;2158;2280;1890;3593;3824;2205;2206;3868;2207;2387;3644;2386;4026;2208;1880;2403;1469;2404;852;851;850;849;2430;3478,236:60871.805714643655;214:60890.10581134737;3419:60897.02794794565;3420:60919.144280536384;2158:60942.84428784821;2280:60947.14738752754;1890:60947.82611453198;3593:60951.18766074641;3824:60952.1435250963;2205:60954.978015665765;2206:60976.78924977771;3868:60978.30866829546;2207:60980.78772185816;2387:60991.3448360736;3644:61005.93236217342;2386:61015.58906478419;4026:61017.366130628674;2208:61057.680437623305;1880:61093.25856785895;2403:61120.51266421556;1469:61144.59793668723;2404:61189.23503726498;852:61233.909106071274;851:61254.34247001975;850:61261.479152033615;849:61310.4873442973;2430:61314.372745692446;3478:61406.848900824916
0,8,default_vehtype,boarding,True,60660,61215.210895318916,61412.918647298284,61215.210895318916,0.0,427;-1;-1,427;-1;-1,0.0,0.7928282078782233,0.7928282078782233,0,,0,359,1,359,,,
0,5,default_vehtype,route,False,-1000,60476.687496592254,61427.52087722134,60476.687496592254,0.0,1013;-1;-1,333;-1;-1,6710.55448046,0.9859179845741253,0.9852469291260788,0.0,,0,351,1,,,1013;1014;567;3169;3412;3695;3411;3959;3697;3698;1523;3699;3410;3501;2103;2258;627;3981;641;684;3976;1929;1074;2872;2977;2966;2982;1077;2692;1935;755;1009;2187;1895;395;1571;2186;892;1582;2949;796;2148;2185;306;798;219;1316;1315;2184;1924;1925;1926;1758;2109;2384;333,1013:60476.687496592254;1014:60481.19147005637;567:60578.03159062965;3169:60614.94031885234;3412:60628.35858957331;3695:60640.834969206015;3411:60646.498364425206;3959:60650.14622752387;3697:60669.84277472022;3698:60685.64786709668;1523:60690.83644206947;3699:60699.44350499662;3410:60717.75679264249;3501:60727.84607295922;2103:60738.01229648205;2258:60749.92914514484;627:60753.55360417249;3981:60754.30295130402;641:60821.11526063262;684:60831.94243710649;3976:60843.822708800806;1929:60857.82392848073;1074:60872.87460204316;2872:60875.51108313482;2977:60928.662241450715;2966:60942.25022404865;2982:60954.6352585042;1077:60966.21886918355;2692:60967.219344150864;1935:60975.8629969982;755:60980.989150041154;1009:60996.29483742836;2187:61002.080064771435;1895:61008.02080845251;395:61023.99768266175;1571:61059.36755136121;2186:61074.251378187764;892:61081.97437167328;1582:61084.19986958036;2949:61093.184007954595;796:61094.06111654861;2148:61095.838121796376;2185:61098.62808978721;306:61103.30313152421;798:61110.61271463722;219:61114.72748537901;1316:61121.09412060703;1315:61125.50067116595;2184:61287.65553300801;1924:61307.31160732488;1925:61340.30325629721;1926:61352.732734362544;1758:61360.245179792306;2109:61361.212013972734;2384:61379.64544580631;333:61427.52087722134
0,5,default_vehtype,boarding,True,-1,61427.52087722134,61457.52087722134,61427.52087722134,0.0,333;-1;-1,333;-1;-1,0.0,0.9852469291260788,0.9852469291260788,0,,0,351,1,,351,,
0,2,default_vehtype,route,False,-1000,61259.30446761204,61461.13931659798,61259.30446761204,0.0,821;-1;-1,2317;-1;-1,1269.4074530900002,0.9897054162471766,0.9895784755018677,0.0,,0,361,1,,,821;822;823;1282;664;1281;3416;1280;673;1519;2245;2317,821:61259.30446761204;822:61275.44903457822;823:61297.499689511395;1282:61302.954414103406;664:61333.7116396539;1281:61340.48664237729;3416:61389.23263331726;1280:61394.17612257873;673:61431.15733208473;1519:61438.534124256876;2245:61458.96514134714;2317:61461.13931659798
0,2,default_vehtype,boarding,True,-1,61461.13931659798,61491.13931659798,61461.13931659798,0.0,2317;-1;-1,2317;-1;-1,0.0,0.9895784755018677,0.9895784755018677,0,,0,361,1,,361,,
0,6,default_vehtype,boarding,True,60720,61406.848900824916,61514.509854368014,61406.848900824916,0.0,3478;-1;-1,3478;-1;-1,0.0,0.5613000093214685,0.5613000093214685,0,,0,362,1,362,,,
0,9,default_vehtype,route,False,-1000,60524.856931647744,61623.49129005955,60524.856931647744,0.0,1392;-1;-1,2308;-1;-1,6254.756142067996,0.7169052067419888,0.7162797311277826,0.0,,0,352,1,,,1392;502;3841;2698;3845;3596;2657;180;3994;3686;173;3450;2655;2579;2578;33;2638;2637;3110;1570;1262;290;347;353;1266;1265;1264;1186;1187;2308,1392:60524.856931647744;502:60533.361777239625;3841:60533.879643085405;2698:60536.89368320212;3845:60630.12612503615;3596:60644.68357500035;2657:60649.56487631153;180:60667.181428099044;3994:60669.5857166676;3686:60674.387076488725;173:60710.02560545715;3450:60749.37618375543;2655:60817.40951895015;2579:60867.33314004457;2578:60908.33833383203;33:61162.868827100836;2638:61200.423276115886;2637:61206.80506934417;3110:61248.51518685909;1570:61303.584198141114;1262:61374.12868752748;290:61410.01232181847;347:61423.01134640211;353:61425.099474380986;1266:61471.64375847295;1265:61475.98970080581;1264:61490.54167714853;1186:61503.04278571571;1187:61581.31348265994;2308:61623.49129005955
0,11,default_vehtype,route,False,-1000,61140,61636.46690212328,61140,0,1323;-1;-1,3346;-1;-1,3040.34850422,0.8037097943309824,0.8034057594805606,0.0,,0,,0,,,1323;3161;3162;3810;2937;926;1740;2360;1834;1833;2953;2955;384;3545;3547;3550;491;1684;1960;2399;2827;565;462;2797;2799;2795;1182;1978;3346,1323:61140;3161:61152.061330954966;3162:61183.98433732323;3810:61256.62111631886;2937:61261.52672100554;926:61288.5397559425;1740:61300.35133953427;2360:61310.08565783916;1834:61345.935271208284;1833:61348.638904248066;2953:61351.751387851225;2955:61357.030743333824;384:61364.7318860578;3545:61383.60108022375;3547:61386.33482315518;3550:61388.53348207767;491:61410.7126517227;1684:61426.432502860385;1960:61433.205590750375;2399:61444.14414430343;2827:61457.68362852223;565:61460.219052112756;462:61466.31893861283;2797:61471.354826470015;2799:61473.47987652325;2795:61516.76054547804;1182:61530.18074146832;1978:61539.829108443315;3346:61636.46690212328
0,9,default_vehtype,boarding,True,-1,61623.49129005955,61653.49129005955,61623.49129005955,0.0,2308;-1;-1,2308;-1;-1,0.0,0.7162797311277826,0.7162797311277826,0,,0,352,1,,352,,
0,11,default_vehtype,boarding,True,61140,61636.46690212328,61681.65723110647,61636.46690212328,0.0,3346;-1;-1,3346;-1;-1,0.0,0.8034057594805606,0.8034057594805606,0,,0,370,1,370,,,
0,9,default_vehtype,route,False,-1000,61653.49129005955,61792.2524056737,61653.49129005955,0.0,2308;-1;-1,598;-1;-1,997.48987146,0.7162797311277826,0.7161799821406365,0.0,,0,,0,,,2308;1187;1188;1405;3682;3987;3568;426;3567;3315;598,2308:61653.49129005955;1187:61668.04162284802;1188:61671.85720354333;1405:61679.20759208094;3682:61712.04097320652;3987:61719.48101124479;3568:61751.05329363338;426:61754.76472408647;3567:61757.03351533385;3315:61787.78954837408;598:61792.2524056737
0,5,default_vehtype,route,False,-1000,61457.52087722134,61821.575353069245,61457.52087722134,0.0,333;-1;-1,2479;-1;-1,2173.866340987,0.9852469291260788,0.9850295424919803,0.0,,0,,0,,,333;332;331;2633;268;3195;1610;2858;3807;3935;3971;1611;2337;2115;2479,333:61457.52087722134;332:61482.61991680217;331:61502.6698445356;2633:61535.993699228246;268:61537.725072936104;3195:61568.188314717256;1610:61570.04024356281;2858:61665.68165654928;3807:61716.22000954896;3935:61742.24803395891;3971:61782.99091994148;1611:61784.39814988945;2337:61807.22204730142;2115:61813.57930317563;2479:61821.575353069245
0,1,default_vehtype,route,False,-1000,61337.38540676052,61831.407523021895,61337.38540676052,0.0,3675;-1;-1,2626;-1;-1,2765.1818071199987,0.9849629102143762,0.984686392033664,0.0,,0,360,1,,,3675;2133;2191;2485;2300;764;614;2688;2906;2867;3684;2866;3194;2865;2039;183;82;2905;2627;2624;2622;2626,3675:61337.38540676052;2133:61373.931034522575;2191:61380.55065753999;2485:61396.449826555116;2300:61399.88908354979;764:61405.82663817983;614:61410.31314323962;2688:61465.79171506351;2906:61555.02069760452;2867:61566.61794710595;3684:61569.340358095724;2866:61572.29970923271;3194:61585.28061638869;2865:61587.8446162369;2039:61590.02051622441;183:61637.35378382576;82:61663.57491395209;2905:61701.98884256804;2627:61719.64815283747;2624:61770.208836167534;2622:61784.27156394516;2626:61831.407523021895
0,9,default_vehtype,boarding,True,60960,61792.2524056737,61834.45570306359,61792.2524056737,0.0,598;-1;-1,598;-1;-1,0.0,0.7161799821406365,0.7161799821406365,0.0,,0,365,1,365,,,
0,1,default_vehtype,boarding,True,-1,61831.407523021895,61861.407523021895,61831.407523021895,0.0,2626;-1;-1,2626;-1;-1,0.0,0.984686392033664,0.984686392033664,0,,0,360,1,,360,,
0,2,default_vehtype,route,False,-1000,61491.13931659798,61882.272382981944,61491.13931659798,0.0,2317;-1;-1,427;-1;-1,2723.9998036210004,0.9895784755018677,0.989306075521506,0.0,,0,,0,,,2317;2245;1519;3696;3791;214;3419;3420;2158;2280;1890;3593;3824;2205;2206;3868;2207;2387;3644;2386;4027;3560;3561;3563;3565;328;3314;3568;427,2317:61491.13931659798;2245:61495.40017427157;1519:61512.36551335456;3696:61517.88163469932;3791:61538.556784287364;214:61585.01369276969;3419:61591.93582936797;3420:61614.0521619587;2158:61637.75216927053;2280:61642.05526894986;1890:61642.733995954295;3593:61646.095542168725;3824:61647.051406518614;2205:61649.88589708808;2206:61671.697131200024;3868:61673.21654971778;2207:61675.69560328048;2387:61686.25271749592;3644:61700.84024359574;2386:61710.496946206506;4027:61714.8226342281;3560:61734.08397517271;3561:61774.12976735152;3563:61774.912078241905;3565:61776.76826114243;328:61779.125799225585;3314:61817.74537650784;3568:61820.47747624277;427:61882.272382981944
0,2,default_vehtype,boarding,True,61320,61882.272382981944,61900.86423342156,61882.272382981944,0.0,427;-1;-1,427;-1;-1,0.0,0.989306075521506,0.989306075521506,0,,0,375,1,375,,,
0,5,default_vehtype,boarding,True,60900,61821.575353069245,61928.692121213484,61821.575353069245,0.0,2479;-1;-1,2479;-1;-1,0.0,0.9850295424919803,0.9850295424919803,0,,0,364,1,364,,,
0,10,default_vehtype,route,False,-1000,60741.14518551038,62028.97043746724,60741.14518551038,0.0,1123;-1;-1,538;-1;-1,7647.707861340002,0.5188006914103026,0.518035920624169,0.0,,0,355,1,,,1123;1093;1092;111;916;2220;1408;544;748;749;3350;3352;3351;3349;2583;2635;3335;2857;2862;173;3686;3994;180;2657;3595;3594;3576;418;2693;3795;417;416;3793;415;2695;3796;414;3794;413;768;769;501;770;771;772;773;538,1123:60741.14518551038;1093:60756.924326235196;1092:60781.31366054688;111:60804.198776815116;916:60898.29753822617;2220:60920.97715549817;1408:60985.84869701115;544:61088.012152145035;748:61109.38176388525;749:61130.051489530706;3350:61158.56923913563;3352:61182.673509489156;3351:61204.50367447462;3349:61208.88135093435;2583:61246.11530460583;2635:61294.81737703733;3335:61415.858631800256;2857:61536.3981293693;2862:61582.73755274007;173:61628.16405282502;3686:61653.491239940275;3994:61657.20504762187;180:61658.877739476055;2657:61681.289529314636;3595:61686.763513435064;3594:61713.42335313958;3576:61717.14718890597;418:61731.403973552726;2693:61740.15222974074;3795:61749.05469038895;417:61786.12209946572;416:61816.99821184579;3793:61833.26628003606;415:61844.607364861535;2695:61846.12608610181;3796:61854.86212023455;414:61904.34669905001;3794:61911.43997173799;413:61933.21895607044;768:61953.31981949029;769:61958.62936370077;501:61965.405488155644;770:61966.38067614202;771:61979.67729853402;772:61997.21839825059;773:62005.95468411352;538:62028.97043746724
0,3,default_vehtype,route,False,-1000,61275.68088304662,62049.69129877143,61275.68088304662,0.0,1149;-1;-1,427;-1;-1,4805.7668970999985,0.9888784779388314,0.9883979012491211,0.0,,0,,0,,,1149;1362;1810;1811;1104;1878;3442;1887;2001;1259;1179;240;126;127;2253;537;1211;2065;2671;336;3974;3973;2347;2301;2311;1263;2122;3570;3569;3682;3987;3568;427,1149:61275.68088304662;1362:61374.01443739579;1810:61398.994213071004;1811:61506.565108395414;1104:61523.35159470958;1878:61573.57959984258;3442:61575.85283843719;1887:61590.679134424296;2001:61601.76234058541;1259:61640.34770984552;1179:61644.66491182129;240:61684.616895625186;126:61707.269889416406;127:61724.21401998977;2253:61739.87568119175;537:61756.10748162158;1211:61776.63451646373;2065:61792.4978720957;2671:61803.92868833104;336:61806.306175442456;3974:61826.9294580799;3973:61831.44221706497;2347:61862.93205720779;2301:61872.211299782946;2311:61893.525338143685;1263:61897.11696337995;2122:61903.27365838676;3570:61927.6732400573;3569:61935.97479305336;3682:61948.884071605404;3987:61956.32410964367;3568:61987.89639203226;427:62049.69129877143
0,10,default_vehtype,boarding,True,-1,62028.97043746724,62058.97043746724,62028.97043746724,0.0,538;-1;-1,538;-1;-1,0.0,0.518035920624169,0.518035920624169,0,,0,355,1,,355,,
0,3,default_vehtype,boarding,True,61140,62049.69129877143,62133.463400145934,62049.69129877143,0.0,427;-1;-1,427;-1;-1,0.0,0.9883979012491211,0.9883979012491211,0,,0,371,1,371,,,
0,1,default_vehtype,route,False,-1000,61861.407523021895,62236.01269294842,61861.407523021895,0.0,2626;-1;-1,4068;-1;-1,3274.3987845500005,0.984686392033664,0.9843589521552091,0.0,,0,,0,,,2626;2622;2624;2625;2653;2857;2862;173;3450;3449;2864;3995;2863;3119;268;4068,2626:61861.407523021895;2622:61872.79938211642;2624:61895.84974064618;2625:61896.41178206644;2653:61952.41689133754;2857:61995.6919606397;2862:62042.03138401047;173:62087.45788409542;3450:62132.46265998237;3449:62138.58427497844;2864:62139.94652606663;3995:62144.805827447904;2863:62161.73679498439;3119:62165.11579020742;268:62194.61034628193;4068:62236.01269294842
0,8,default_vehtype,route,False,-1000,61412.918647298284,62252.56889719078,61412.918647298284,0.0,427;-1;-1,1587;-1;-1,10232.292607476995,0.7928282078782233,0.7918049786174755,0.0,,0,359,1,,,427;428;2716;2715;3053;2714;104;3270;3271;101;2680;2634;3058;3126;1446;1445;990;1444;1443;1442;1441;836;1440;1439;1438;2886;2885;3305;3306;2571;23;24;13;10;3123;2537;3301;3144;2761;3657;3316;3551;3574;3573;142;1668;453;1587,427:61412.918647298284;428:61450.382403983764;2716:61452.23546605865;2715:61491.12432434673;3053:61522.48059121647;2714:61585.68924090847;104:61602.133548717095;3270:61649.08182169965;3271:61668.332812712324;101:61719.32775075212;2680:61742.33002899233;2634:61749.57101753194;3058:61771.09461485566;3126:61796.10814304984;1446:61797.19639782346;1445:61830.175974517246;990:61841.54516161343;1444:61859.521902065775;1443:61869.73756797281;1442:61875.596854993884;1441:61909.1952833599;836:61942.673831729415;1440:61948.38169513022;1439:61969.08223128554;1438:62021.280124405224;2886:62032.73118039389;2885:62033.608193870175;3305:62053.49738463085;3306:62057.588062852185;2571:62073.32073580999;23:62122.16433296313;24:62127.15080919497;13:62128.31733534984;10:62129.474789759865;3123:62148.07042944856;2537:62172.144119711586;3301:62173.394800492;3144:62183.5257636612;2761:62191.327884034756;3657:62201.014033670996;3316:62201.48632126507;3551:62207.20568734845;3574:62214.577134629275;3573:62221.19283459667;142:62223.54986167834;1668:62235.44625689314;453:62246.32329745765;1587:62252.56889719078
0,11,default_vehtype,route,False,-1000,61681.65723110647,62270.37843576874,61681.65723110647,0.0,3346;-1;-1,340;-1;-1,4936.022413809998,0.8034057594805606,0.8029121572391791,0.0,,0,370,1,,,3346;1978;1162;1943;2087;1366;2092;2093;3240;2094;1367;362;1165;368;3812;3853;3866;3867;464;2277;2276;1412;1687;2107;710;711;712;713;714;715;3287;3293;3296;3277;716;717;718;340,3346:61681.65723110647;1978:61734.29609143587;1162:61740.966156183225;1943:61751.6663792112;2087:61765.45145762587;1366:61779.77820815217;2092:61787.49765599253;2093:61821.418489314834;3240:61831.376561154866;2094:61835.42718886176;1367:61857.15314000543;362:61869.50637318547;1165:61879.872971989265;368:61897.79814010167;3812:61902.97225066589;3853:61905.527710182796;3866:61907.29297664973;3867:61908.40996635026;464:61916.24763653655;2277:61928.24015977025;2276:61934.43366846826;1412:61939.350870021204;1687:61958.898703864084;2107:61969.51309644737;710:61980.892301673994;711:62001.441155937486;712:62026.156864156095;713:62045.29910315585;714:62056.94462469383;715:62084.634088786726;3287:62105.58134137662;3293:62109.498167964346;3296:62111.12147660905;3277:62115.44234728027;716:62132.508760142686;717:62168.91147515917;718:62244.94976213907;340:62270.37843576874
0,8,default_vehtype,boarding,True,-1,62252.56889719078,62282.56889719078,62252.56889719078,0.0,1587;-1;-1,1587;-1;-1,0.0,0.7918049786174755,0.7918049786174755,0,,0,359,1,,359,,
0,11,default_vehtype,boarding,True,-1,62270.37843576874,62300.37843576874,62270.37843576874,0.0,340;-1;-1,340;-1;-1,0.0,0.8029121572391791,0.8029121572391791,0,,0,370,1,,370,,
0,7,default_vehtype,route,False,-1000,60597.503277612996,62347.16654087196,60597.503277612996,0.0,3562;-1;-1,1627;-1;-1,12579.716639499988,0.757226637068477,0.7559686654045268,0.0,,0,345,1,,,3562;328;3314;2716;2715;172;3771;3873;3178;2714;104;3270;3271;101;2680;2634;3058;3126;2745;2744;2743;3552;2774;3558;2773;2772;2771;3779;2770;2769;2619;2669;1482;2677;4074;2117;1828;3650;509;1766;1945;2829;2830;3918;3470;3469;83;15;3;2832;2562;2544;2543;2768;3725;2545;2546;3729;3730;2629;143;66;65;2767;2673;1962;2488;3609;1382;243;1381;1627,3562:60597.503277612996;328:60604.257421395014;3314:60698.774987263365;2716:60794.81998619121;2715:60833.70884447929;172:60842.76201289297;3771:60845.30559833716;3873:60853.18918691651;3178:60928.39414506739;2714:61113.86890317141;104:61130.313210980035;3270:61177.26148396259;3271:61196.512474975265;101:61247.50741301506;2680:61270.50969125527;2634:61277.75067979488;3058:61299.2742771186;3126:61324.28780531278;2745:61335.92391574092;2744:61351.48275528843;2743:61360.17051852939;3552:61400.681050676096;2774:61401.638388817984;3558:61403.14428710032;2773:61408.29212072381;2772:61431.39531813733;2771:61440.5894656779;3779:61443.420968445425;2770:61445.26251043619;2769:61454.26352707351;2619:61460.11745849776;2669:61477.652822078126;1482:61484.7893071124;2677:61486.143549846456;4074:61514.66514607836;2117:61524.91239494729;1828:61540.18457471327;3650:61541.687159999325;509:61552.058104938056;1766:61567.31022193307;1945:61572.50732438245;2829:61586.14879337098;2830:61594.23823384699;3918:61600.0525400096;3470:61609.82480083673;3469:61611.94502322348;83:61619.63741808909;15:61655.08105845836;3:61658.514478933284;2832:61721.897952647654;2562:61764.744458785746;2544:61798.40463422704;2543:61816.30653838236;2768:61819.379101888735;3725:61842.410272502595;2545:61847.70453236669;2546:61848.629815834385;3729:61850.9470348084;3730:61857.11811345723;2629:61891.374950219186;143:61898.8009104916;66:61905.481003524976;65:61911.23529977021;2767:61937.7710130585;2673:61975.49475164739;1962:62037.12077513317;2488:62048.17739276605;3609:62057.81633133458;1382:62058.32684231457;243:62318.87785154862;1381:62333.74716426574;1627:62347.16654087196
0,7,default_vehtype,boarding,True,-1,62347.16654087196,62377.16654087196,62347.16654087196,0.0,1627;-1;-1,1627;-1;-1,0.0,0.7559686654045268,0.7559686654045268,0,,0,345,1,,345,,
0,1,default_vehtype,boarding,True,61560,62236.01269294842,62396.00869114182,62236.01269294842,0.0,4068;-1;-1,4068;-1;-1,0.0,0.9843589521552091,0.9843589521552091,0.0,,0,377,1,377,,,
0,6,default_vehtype,route,False,-1000,61514.509854368014,62391.99464661727,61514.509854368014,0.0,3478;-1;-1,870;-1;-1,5249.584606253003,0.5613000093214685,0.5607750508608428,0.0,,0,362,1,,,3478;2430;849;579;848;847;846;862;861;868;867;430;429;2596;172;3771;428;427;3568;426;3474;425;3925;3665;338;2670;3666;3150;2675;3680;2687;423;422;2688;2906;2867;3684;3749;3750;4004;2632;870,3478:61514.509854368014;2430:61546.55184652907;849:61548.766229580964;579:61580.22702376896;848:61584.81655676861;847:61595.9435195012;846:61647.64688750295;862:61650.30421110128;861:61684.71477560616;868:61688.72204809235;867:61695.99496350864;430:61709.30185602474;429:61719.03566957794;2596:61756.674616962184;172:61779.053689058645;3771:61781.597274502834;428:61809.938615276114;427:61837.19333927613;3568:61890.05380925394;426:61893.765239707034;3474:61922.16998431927;425:61939.86179171503;3925:61955.45587152585;3665:61998.46146314398;338:62031.332165837266;2670:62033.90112045064;3666:62038.79464198532;3150:62065.20310241411;2675:62103.00556175318;3680:62104.78017604259;2687:62169.97743537659;423:62174.009449854886;422:62222.32522733083;2688:62224.27918445519;2906:62313.5081669962;2867:62325.10541649763;3684:62327.8278274874;3749:62341.733410506815;3750:62353.977991545486;4004:62374.213390021854;2632:62376.163087587374;870:62391.99464661727
0,6,default_vehtype,boarding,True,-1,62391.99464661727,62421.99464661727,62391.99464661727,0.0,870;-1;-1,870;-1;-1,0.0,0.5607750508608428,0.5607750508608428,0,,0,362,1,,362,,
0,4,default_vehtype,route,False,-1000,61098.17063164281,62466.36444383036,61098.17063164281,0.0,3541;-1;-1,2429;-1;-1,11684.903225940003,0.9870182831333045,0.9858497928107101,0.0,,0,357,2,,,3541;3537;3536;2541;3656;2548;2549;2547;65;66;143;3622;3727;3726;2545;2546;3728;2543;2544;2562;2561;2833;3401;2844;16;15;83;3469;3470;3918;2830;2829;1945;1766;509;3650;1828;2117;4074;2677;3102;3108;2678;3111;3349;2583;134;2637;2585;3267;103;104;2714;3053;2715;3054;3112;430;867;868;2289;1135;578;2429,3541:61098.17063164281;3537:61102.05961890734;3536:61103.64442663471;2541:61121.26747150999;3656:61126.12464622213;2548:61133.175895544584;2549:61134.1442834801;2547:61162.48407273031;65:61186.94418810495;66:61193.58436180097;143:61201.25777558955;3622:61205.25910695067;3727:61230.480545771454;3726:61234.46807984058;2545:61236.74174266961;2546:61237.66702613731;3728:61240.703225940786;2543:61258.53129918099;2544:61280.037500263184;2562:61323.168204906484;2561:61324.72115703355;2833:61362.383983521715;3401:61417.814376538816;2844:61426.709693522935;16:61467.332074914746;15:61489.04058070098;83:61496.96743061022;3469:61504.84832849594;3470:61509.42613998541;3918:61521.58340102802;2830:61531.11052488406;2829:61542.58697189041;1945:61549.35307388555;1766:61554.495422133645;509:61565.61335667098;3650:61571.544892163176;1828:61572.372660284746;2117:61591.15925831024;4074:61607.12084080618;2677:61656.264441916435;3102:61660.61485099243;3108:61782.31293849194;2678:61806.23331926729;3111:61909.18511318781;3349:61912.02872295849;2583:61949.262676629965;134:61954.036915089986;2637:61976.23216133189;2585:62059.88708103554;3267:62131.77258219073;103:62169.28894800837;104:62204.64531942314;2714:62242.53502902798;3053:62275.86094157282;2715:62322.81061445695;3054:62330.59231124824;3112:62351.90719851579;430:62368.83173019391;867:62390.52173579548;868:62398.306030509986;2289:62405.38837589084;1135:62417.919915029204;578:62458.06726445076;2429:62466.36444383036
0,4,default_vehtype,boarding,True,-1,62466.36444383036,62496.36444383036,62466.36444383036,0.0,2429;-1;-1,2429;-1;-1,0.0,0.9858497928107101,0.9858497928107101,0.0,,0,357,2,,357,,
0,9,default_vehtype,route,False,-1000,61834.45570306359,62490.78427278004,61834.45570306359,0.0,598;-1;-1,1924;-1;-1,4681.130574702999,0.7161799821406365,0.7157118690831652,0.0,,0,365,1,,,598;3315;3475;3477;425;3925;3665;338;2670;3666;3150;2675;3680;2687;423;422;2688;2906;2867;3684;3749;3750;4004;2632;4002;4068;268;2633;331;332;734;2384;2109;1758;1926;1925;1924,598:61834.45570306359;3315:61843.23091574407;3475:61862.51133021272;3477:61879.64242492217;425:61880.53204341112;3925:61896.12612322194;3665:61939.13171484007;338:61972.00241753335;2670:61974.571372146725;3666:61979.464893681405;3150:62005.8733541102;2675:62043.67581344927;3680:62045.45042773867;2687:62110.64768707268;423:62114.67970155097;422:62162.99547902692;2688:62164.94943615128;2906:62254.17841869229;2867:62265.77566819372;3684:62268.49807918349;3749:62282.4036622029;3750:62294.64824324157;4004:62314.88364171794;2632:62316.83333928346;4002:62318.28639663715;4068:62318.89358771715;268:62360.97607910107;2633:62363.725260779414;331:62385.94098860113;332:62389.916472634286;734:62397.783774937605;2384:62441.715775651326;2109:62447.23041974856;1758:62452.08814806877;1926:62464.442260641634;1925:62474.5584932747;1924:62490.78427278004
0,10,default_vehtype,route,False,-1000,62058.97043746724,62518.07230470822,62058.97043746724,0.0,538;-1;-1,1156;-1;-1,3022.113212639997,0.518035920624169,0.5177337093029052,0.0,,0,,0,,,538;774;775;776;777;778;719;718;717;716;3277;3296;3293;648;1693;1854;1974;1156,538:62058.97043746724;774:62065.128769421826;775:62076.744929360146;776:62084.556421072564;777:62094.98538744585;778:62138.824867773;719:62152.95010024285;718:62174.779461436185;717:62244.431955678556;716:62274.06894039282;3277:62283.617799858745;3296:62288.022571273614;3293:62289.261674758076;648:62325.18759720757;1693:62342.17295041152;1854:62372.32237996455;1974:62503.28322159867;1156:62518.07230470822
0,9,default_vehtype,boarding,True,-1,62490.78427278004,62520.78427278004,62490.78427278004,0.0,1924;-1;-1,1924;-1;-1,0.0,0.7157118690831652,0.7157118690831652,0,,0,365,1,,365,,
0,2,default_vehtype,route,False,-1000,61900.86423342156,62625.494988434926,61900.86423342156,0.0,427;-1;-1,2183;-1;-1,4834.510887702998,0.989306075521506,0.9888226244327349,0.0,,0,375,1,,,427;3568;426;3474;425;3925;3665;338;2670;3666;3150;2675;3680;2687;423;422;2688;2906;2867;3684;3749;3750;4004;2632;4002;4068;268;2633;331;332;734;2384;2109;1758;2455;1391;2183,427:61900.86423342156;3568:61953.72470339938;426:61957.43613385247;3474:61985.8408784647;425:62003.53268586047;3925:62019.12676567129;3665:62062.13235728942;338:62095.0030599827;2670:62097.57201459607;3666:62102.46553613075;3150:62128.873996559545;2675:62166.67645589862;3680:62168.45107018802;2687:62233.648329522024;423:62237.68034400032;422:62285.996121476266;2688:62287.950078600625;2906:62377.179061141636;2867:62388.776310643065;3684:62391.49872163284;3749:62405.40430465225;3750:62417.64888569092;4004:62437.88428416729;2632:62439.83398173281;4002:62441.2870390865;4068:62441.8942301665;268:62483.97672155042;2633:62486.72590322876;331:62508.941631050475;332:62512.917115083634;734:62520.78441738695;2384:62564.716418100674;2109:62570.231062197905;1758:62575.088790518115;2455:62599.89046978312;1391:62601.70325590618;2183:62625.494988434926
0,10,default_vehtype,boarding,True,61980,62518.07230470822,62639.008325165174,62518.07230470822,0.0,1156;-1;-1,1156;-1;-1,0.0,0.5177337093029052,0.5177337093029052,0,,0,380,1,380,,,
0,2,default_vehtype,boarding,True,-1,62625.494988434926,62655.494988434926,62625.494988434926,0.0,2183;-1;-1,2183;-1;-1,0.0,0.9888226244327349,0.9888226244327349,0,,0,375,1,,375,,
0,9,default_vehtype,route,False,-1000,62520.78427278004,62675.87236467984,62520.78427278004,0.0,1924;-1;-1,1390;-1;-1,806.0357006600002,0.7157118690831652,0.715631265513099,0.0,,0,,0,,,1924;1925;2455;841;840;737;1390,1924:62520.78427278004;1925:62553.77592175236;2455:62565.56433187392;841:62574.35045677492;840:62580.874261451085;737:62606.244974685884;1390:62675.87236467984
0,9,default_vehtype,boarding,True,62040,62675.87236467984,62690.298892510975,62675.87236467984,0.0,1390;-1;-1,1390;-1;-1,0.0,0.715631265513099,0.715631265513099,0,,0,382,1,382,,,
0,6,default_vehtype,route,False,-1000,62421.99464661727,62758.34479544925,62421.99464661727,0.0,870;-1;-1,2170;-1;-1,2237.068084991999,0.5607750508608428,0.5605513440523436,0.0,,0,,0,,,870;2632;4004;3750;3749;3684;2867;2906;2688;422;423;2687;2191;2133;4028;1558;3669;1048;472;1292;2189;367;876;2190;2170,870:62421.99464661727;2632:62443.05581340654;4004:62444.61755694411;3750:62455.31430484027;3749:62470.410769797156;3684:62495.21758862791;2867:62497.495786981424;2906:62508.72087776008;2688:62557.89149267987;422:62558.8951566051;423:62603.41786999534;2687:62606.2236818884;2191:62642.896796265944;2133:62667.805169095154;4028:62673.691096858434;1558:62687.79211350581;3669:62688.14575792555;1048:62699.496247637144;472:62703.86954094899;1292:62708.0892012649;2189:62716.71113337655;367:62729.49975166413;876:62730.83704669005;2190:62736.90699804287;2170:62758.34479544925
0,6,default_vehtype,boarding,True,62220,62758.34479544925,62852.77688679662,62758.34479544925,0.0,2170;-1;-1,2170;-1;-1,0.0,0.5605513440523436,0.5605513440523436,0.0,,0,383,2,383,,,
0,9,default_vehtype,route,False,-1000,62690.298892510975,62858.22524315799,62690.298892510975,0.0,1390;-1;-1,3802;-1;-1,1438.05206341,0.715631265513099,0.7154874603067582,0.0,,0,382,1,,,1390;199;3449;2864;3995;2863;3119;268;4068;420;4002;2632;870;3804;3803;3802,1390:62690.298892510975;199:62712.9453088915;3449:62717.43031324322;2864:62718.79256433141;3995:62723.65186571268;2863:62740.582833249166;3119:62743.961828472195;268:62773.456384546706;4068:62814.85873121319;420:62816.4923007021;4002:62817.305871617165;2632:62819.01335467684;870:62834.84491370674;3804:62845.4691417416;3803:62854.14374135268;3802:62858.22524315799
0,1,default_vehtype,route,False,-1000,62396.00869114182,62862.08170116955,62396.00869114182,0.0,4068;-1;-1,3790;-1;-1,3391.998853579999,0.9843589521552091,0.9840197522698513,0.0,,0,377,1,,,4068;420;4003;3805;3446;2866;421;2867;2906;2688;422;423;2687;2191;2133;3675;1815;264;3671;265;3424;3422;3420;3419;3418;3790,4068:62396.00869114182;420:62397.642260630724;4003:62400.28500309149;3805:62407.61217318649;3446:62422.250903835506;2866:62446.51658103734;421:62450.11036064899;2867:62452.24189804921;2906:62463.466988827866;2688:62512.63760374765;422:62513.64126767288;423:62558.163981063124;2687:62560.96979295618;2191:62597.64290733373;2133:62622.55128016294;3675:62636.00770409839;1815:62673.861336134985;264:62699.78439337812;3671:62727.99256318407;265:62744.801420719356;3424:62748.09839097921;3422:62754.197182958575;3420:62778.507252874064;3419:62811.9708722128;3418:62842.16063823731;3790:62862.08170116955
0,9,default_vehtype,boarding,True,-1,62858.22524315799,62888.22524315799,62858.22524315799,0.0,3802;-1;-1,3802;-1;-1,0.0,0.7154874603067582,0.7154874603067582,0,,0,382,1,,382,,
0,1,default_vehtype,boarding,True,-1,62862.08170116955,62892.08170116955,62862.08170116955,0.0,3790;-1;-1,3790;-1;-1,0.0,0.9840197522698513,0.9840197522698513,0,,0,377,1,,377,,
0,4,default_vehtype,route,False,-1000,62640,62997.157557674014,62640,0,2429;-1;-1,328;-1;-1,2130.6258696490004,0.9858497928107101,0.9856367302237458,0.0,,0,,0,,,2429;578;1135;2289;868;867;430;429;2596;172;3771;428;427;3568;426;3567;3566;3565;328,2429:62640;578:62657.54847709892;1135:62670.85771059336;2289:62691.15630415528;868:62704.956945614635;867:62712.22986103092;430:62725.53675354702;429:62735.270567100226;2596:62772.90951448447;172:62795.28858658093;3771:62797.83217202512;428:62826.1735127984;427:62853.42823679841;3568:62906.28870677623;426:62910.00013722932;3567:62912.268928476704;3566:62994.107958269786;3565:62994.80001959086;328:62997.157557674014
0,5,default_vehtype,route,False,-1000,61928.692121213484,63083.44346820679,61928.692121213484,0.0,2479;-1;-1,1587;-1;-1,8865.087741194006,0.9850295424919803,0.9841430337178609,0.0,,0,364,1,,,2479;2115;2337;1611;3971;3972;1197;1196;1195;1194;1193;1192;2007;1986;2324;2323;1847;1846;2344;1928;2561;2833;3401;2844;16;15;83;3469;3470;3918;2830;2829;1945;1766;509;3650;1828;2117;4074;2677;3780;2676;1481;1480;84;107;13;10;3123;2537;3301;3144;2761;3657;3316;3551;3574;3573;142;1668;453;1587,2479:61928.692121213484;2115:61947.85676174472;2337:61955.43496585587;1611:62000.560527701644;3971:62002.24624514087;3972:62036.41235475513;1197:62085.77604022988;1196:62095.148345988935;1195:62111.13178156638;1194:62114.77923271143;1193:62122.296521217875;1192:62138.78910560191;2007:62150.186248182996;1986:62256.36395789207;2324:62261.3213720885;2323:62271.64436712209;1847:62277.82886948849;1846:62287.252689901805;2344:62296.90135798272;1928:62307.23203069875;2561:62313.965706165414;2833:62351.62853265358;3401:62407.05892567068;2844:62415.9542426548;16:62456.57662404661;15:62478.285129832846;83:62486.21197974208;3469:62494.0928776278;3470:62498.67068911727;3918:62510.82795015989;2830:62520.355074015926;2829:62531.83152102227;1945:62538.59762301741;1766:62543.73997126551;509:62554.85790580285;3650:62560.78944129504;1828:62561.61720941661;2117:62580.403807442104;4074:62596.365389938044;2677:62645.5089910483;3780:62709.77162623219;2676:62776.07887773042;1481:62808.710252536635;1480:62869.57609047559;84:62894.298478524855;107:62900.845939112645;13:62959.19190636585;10:62960.34936077587;3123:62978.94500046457;2537:63003.01869072759;3301:63004.26937150801;3144:63014.40033467721;2761:63022.20245505076;3657:63031.888604687;3316:63032.360892281074;3551:63038.080258364454;3574:63045.45170564528;3573:63052.06740561268;142:63054.424432694344;1668:63066.32082790915;453:63077.19786847366;1587:63083.44346820679
0,3,default_vehtype,route,False,-1000,62133.463400145934,63092.02635636101,62133.463400145934,0.0,427;-1;-1,2006;-1;-1,8462.007561790002,0.9883979012491211,0.9875517004929418,0.0,,0,371,1,,,427;428;2716;2715;3054;2596;1;3272;71;39;3269;2584;2635;3335;3389;2627;2624;3969;2623;1809;1640;1197;1196;1195;1194;1193;1192;1191;3920;3919;2006,427:62133.463400145934;428:62170.927156831414;2716:62172.7802189063;2715:62211.66907719438;3054:62219.45077398568;2596:62224.78327261405;1:62272.10890594973;3272:62317.849165067106;71:62393.82353547691;39:62438.087686714374;3269:62466.485365716035;2584:62496.083726816214;2635:62535.24412436469;3335:62656.285379127614;3389:62704.65865673135;2627:62722.78801891128;2624:62773.34870224134;3969:62790.90882513454;2623:62840.13217790028;1809:62892.799276765385;1640:62958.737125627704;1197:62983.64038804653;1196:62993.012693805584;1195:63008.99612938303;1194:63012.64358052808;1193:63020.160869034524;1192:63036.653453418556;1191:63038.10032349381;3920:63052.79796832627;3919:63068.32900281935;2006:63092.02635636101
0,5,default_vehtype,boarding,True,-1,63083.44346820679,63113.44346820679,63083.44346820679,0.0,1587;-1;-1,1587;-1;-1,0.0,0.9841430337178609,0.9841430337178609,0,,0,364,1,,364,,
0,3,default_vehtype,boarding,True,-1,63092.02635636101,63122.02635636101,63092.02635636101,0.0,2006;-1;-1,2006;-1;-1,0.0,0.9875517004929418,0.9875517004929418,0,,0,371,1,,371,,
0,4,default_vehtype,boarding,True,62640,62997.157557674014,63122.538115340656,62997.157557674014,0.0,328;-1;-1,328;-1;-1,0.0,0.9856367302237458,0.9856367302237458,0,,0,385,1,385,,,
0,1,default_vehtype,route,False,-1000,62892.08170116955,63142.352400277035,62892.08170116955,0.0,3790;-1;-1,567;-1;-1,1778.5556427400002,0.9840197522698513,0.9838418967055771,0.0,,0,,0,,,3790;3696;1519;673;3417;3416;3789;3415;3414;3413;3412;3695;3411;3959;3960;569;568;567,3790:62892.08170116955;3696:62898.66326695853;1519:62902.0151401932;673:62914.76452621796;3417:62918.71302819834;3416:62940.9261587517;3789:62962.6481467996;3415:62978.28595589286;3414:63017.92812366261;3413:63045.57816914846;3412:63064.250786541656;3695:63082.25596982161;3411:63090.55855402639;3959:63091.91781490948;3960:63093.98095995426;569:63126.25795648169;568:63134.416065610225;567:63142.352400277035
0,1,default_vehtype,boarding,True,62400,63142.352400277035,63160.349956372746,63142.352400277035,0.0,567;-1;-1,567;-1;-1,0.0,0.9838418967055771,0.9838418967055771,0,,0,384,1,384,,,
0,9,default_vehtype,route,False,-1000,63120,63184.559197844545,63120,0,3802;-1;-1,4003;-1;-1,279.36068465,0.7154874603067582,0.7154595242382932,0.0,,0,,0,,,3802;4082;3804;870;2632;4002;420;4003,3802:63120;4082:63127.09452645455;3804:63131.28850710221;870:63158.15082000713;2632:63179.21198679641;4002:63180.6650441501;420:63181.916455383776;4003:63184.559197844545
0,2,default_vehtype,route,False,-1000,63120,63184.559197844545,63120,0,2183;-1;-1,733;734;0.192,935.0980453911557,0.9888226244327349,0.9887291146281959,0.0,,0,,0,,,2183;1924;1925;1926;1758;2109;733,2183:63120;1924:63128.12600451877;1925:63161.11765349109;1926:63173.54713155643;1758:63181.05957698619;2109:63182.02641116662;733:63186.922982625445
0,6,default_vehtype,route,False,-1000,62852.77688679662,63409.87525570546,62852.77688679662,0.0,2170;-1;-1,2003;-1;-1,4101.1456667,0.5605513440523436,0.5601412294856737,0.0,,0,383,2,,,2170;262;263;264;3671;265;3424;3423;3421;2156;2157;2158;2280;1890;3593;3824;2205;2206;3868;2207;2387;3644;2386;4026;2208;1880;2403;2503;2345;358;2372;2689;3660;1664;2373;2180;2003,2170:62852.77688679662;262:62888.32750549485;263:62906.052585158206;264:62909.13477396979;3671:62937.34294377574;265:62954.151801311025;3424:62957.44877157088;3423:62960.39007511834;3421:62963.59204974402;2156:62972.2955672033;2157:62986.81466912;2158:63002.97383658791;2280:63007.27693626724;1890:63007.95566327168;3593:63011.31720948611;3824:63012.273073836;2205:63015.107564405465;2206:63036.91879851741;3868:63038.43821703516;2207:63040.91727059786;2387:63051.4743848133;3644:63066.06191091312;2386:63075.71861352389;4026:63077.495679368374;2208:63117.809986363005;1880:63153.38811659865;2403:63180.64221295526;2503:63224.51447869432;2345:63237.724226662926;358:63268.88888163558;2372:63276.60428535881;2689:63318.88635768474;3660:63324.289521747196;1664:63325.47619928645;2373:63370.65103493841;2180:63405.93520545325;2003:63409.87525570546
0,9,default_vehtype,boarding,True,63120,63184.559197844545,63400.72844892456,63184.559197844545,0.0,4003;-1;-1,4003;-1;-1,0.0,0.7154595242382932,0.7154595242382932,0.0,,0,387,1,387,,,
0,6,default_vehtype,boarding,True,-1,63409.87525570546,63439.87525570546,63409.87525570546,0.0,2003;-1;-1,2003;-1;-1,0.0,0.5601412294856737,0.5601412294856737,0,,0,383,2,,383,,
0,6,default_vehtype,route,False,-1000,63439.87525570546,63584.4481137873,63439.87525570546,0.0,2003;-1;-1,2045;-1;-1,354.8271923600001,0.5601412294856737,0.5601057467664379,0.0,,0,,0,,,2003;2180;1429;2044;2045,2003:63439.87525570546;2180:63456.97939280215;1429:63480.99574598429;2044:63487.32721766701;2045:63584.4481137873
0,4,default_vehtype,route,False,-1000,63122.538115340656,63604.51944755142,63122.538115340656,0.0,328;-1;-1,1503;-1;-1,2514.302233380001,0.9856367302237458,0.9853853000004071,0.0,,0,385,1,,,328;3314;3568;3987;3682;1405;1188;1406;349;3571;1407;1408;544;748;2155;1503,328:63122.538115340656;3314:63161.15769262291;3568:63163.88979235784;3987:63210.59219156325;3682:63214.848787408984;1405:63238.79934241754;1188:63249.12175969436;1406:63301.1447258064;349:63361.092111986385;3571:63403.59812004679;1407:63406.52458565251;1408:63420.940777659904;544:63523.10423279379;748:63544.473844534004;2155:63593.07024504669;1503:63604.51944755142
0,6,default_vehtype,boarding,True,63060,63584.4481137873,63616.85232403205,63584.4481137873,0.0,2045;-1;-1,2045;-1;-1,0.0,0.5601057467664379,0.5601057467664379,0,,0,386,1,386,,,
0,1,default_vehtype,route,False,-1000,63160.349956372746,63630.40717195808,63160.349956372746,0.0,567;-1;-1,1815;-1;-1,2843.2286692499997,0.9838418967055771,0.983557573838652,0.0,,0,384,1,,,567;3169;3412;3462;2916;1015;1520;483;3715;844;1280;673;1519;3696;3791;214;3419;3420;3422;3424;265;3671;264;1815,567:63160.349956372746;3169:63193.96243133616;3412:63216.732858627984;3462:63224.47580320049;2916:63240.80997560157;1015:63260.793014991425;1520:63272.00949947964;483:63297.41070528209;3715:63315.58853937302;844:63328.181359491224;1280:63364.96052876584;673:63401.941738271846;1519:63409.31853044399;3696:63414.83465178875;3791:63435.50980137679;214:63481.966709859116;3419:63488.8888464574;3420:63511.00517904813;3422:63547.215891379616;3424:63555.23055781922;265:63556.317607741024;3671:63559.012304220385;264:63586.71741595805;1815:63630.40717195808
0,2,default_vehtype,route,False,-1000,63360.0,63630.40717195808,63360.0,0.0,733;734;0.192,422;423;0.706,2077.579180725245,0.9887291146281959,0.9885213567101236,0.0,,0,,0,,,733;734;332;331;2633;268;4068;420;4003;3805;3446;2866;421;2867;2906;2688;422,733:63360;734:63372.98443409919;332:63384.42825555952;331:63404.47818329295;2633:63437.802037985595;268:63439.533411693454;4068:63480.93575835994;420:63482.56932784885;4003:63485.212070309615;3805:63492.539240404614;3446:63507.17797105363;2866:63531.44364825546;421:63535.037427867115;2867:63537.16896526733;2906:63548.39405604599;2688:63597.564670965774;422:63598.568334891
0,4,default_vehtype,boarding,True,-1,63604.51944755142,63634.51944755142,63604.51944755142,0.0,1503;-1;-1,1503;-1;-1,0.0,0.9853853000004071,0.9853853000004071,0.0,,0,385,1,,385,,
0,1,default_vehtype,boarding,True,63360,63630.40717195808,63686.73660005711,63630.40717195808,0.0,1815;-1;-1,1815;-1;-1,0.0,0.983557573838652,0.983557573838652,0,,0,384;390,2,390,384,,
0,11,default_vehtype,route,False,-1000,63180,63875.29030684132,63180,0,340;-1;-1,3603;-1;-1,5074.76797878,0.8029121572391791,0.8024046804413004,0.0,,0,,0,,,340;718;719;778;777;776;775;774;895;2048;2025;1189;1768;1566;1251;2333;1198;1872;2178;2824;3646;504;2697;2334;3209;2320;3380;2696;3886;197;2710;1666;2706;2705;2704;2707;2708;2703;3747;3603,340:63180;718:63198.22825293097;719:63237.55390604038;778:63256.1847065378;777:63287.194890220635;776:63306.27830618066;775:63323.77188287515;774:63338.21323586835;895:63346.3218141524;2048:63350.776699766706;2025:63359.78519125208;1189:63363.31479936504;1768:63373.884306702676;1566:63375.26085739722;1251:63383.03902349818;2333:63404.31017541808;1198:63410.85334557131;1872:63418.90444739157;2178:63424.36411973515;2824:63450.21271451664;3646:63453.18140638339;504:63454.267101632264;2697:63460.263674891474;2334:63467.50841516096;3209:63493.188639276195;2320:63556.7796970297;3380:63566.47647835644;2696:63579.40076839469;3886:63610.940560970455;197:63645.14801469374;2710:63647.73108646418;1666:63778.62145120909;2706:63778.98569457204;2705:63797.68782996307;2704:63839.23985781332;2707:63845.849761037054;2708:63851.319328722144;2703:63866.760729110145;3747:63871.31026206542;3603:63875.29030684132
0,11,default_vehtype,boarding,True,63180,63875.29030684132,63881.18706496668,63875.29030684132,0.0,3603;-1;-1,3603;-1;-1,0.0,0.8024046804413004,0.8024046804413004,0,,0,388,1,388,,,
0,2,default_vehtype,route,False,-1000,63660,63897.98019037651,63660,0,422;423;0.706,2636;-1;-1,1908.9474148075994,0.9885213567101236,0.9883304619686432,0.0,,0,,0,,,422;423;2687;3680;3203;3202;3687;1180;1181;127;2253;537;1211;2065;2671;336;335;2582;2636,422:63660;423:63673.09104828125;2687:63675.8968601743;3680:63728.688000482856;3203:63730.91605081542;3202:63732.4858211767;3687:63737.03703692484;1180:63737.45436513856;1181:63740.98241946129;127:63747.77899011153;2253:63763.44065131351;537:63779.67245174334;1211:63800.199486585494;2065:63816.06284221746;2671:63827.493658452804;336:63829.87114556422;335:63891.21609540393;2582:63893.72057191737;2636:63897.98019037651
0,2,default_vehtype,boarding,True,63660,63897.98019037651,63907.49472022806,63897.98019037651,0.0,2636;-1;-1,2636;-1;-1,0.0,0.9883304619686432,0.9883304619686432,0.0,,0,394,1,394,,,
0,10,default_vehtype,route,False,-1000,62639.008325165174,63902.295885654064,62639.008325165174,0.0,1156;-1;-1,236;-1;-1,11099.208615509999,0.5177337093029052,0.5166237884413545,0.0,,0,380,1,,,1156;1974;1854;1693;648;2946;287;1694;1511;1554;1695;1696;1697;1698;1699;1856;2125;2126;2363;3579;3141;1701;1702;3139;1419;3138;628;1703;2822;3221;3217;2558;2557;2556;1808;3614;3808;722;2658;3213;2859;1545;3612;2487;3967;3210;3209;2320;3380;2696;3886;197;198;199;3449;2864;3995;2863;3119;268;4068;420;4003;3805;3446;2866;421;2867;2906;2688;422;423;2687;2191;2133;3675;1815;264;263;2246;1518;214;236,1156:62639.008325165174;1974:62645.25537011699;1854:62676.99447750678;1693:62690.00763658569;648:62705.69966306903;2946:62712.2890500157;287:62717.51628110665;1694:62723.88123604334;1511:62732.4122813558;1554:62736.023783274766;1695:62739.801798798726;1696:62761.67642652086;1697:62763.76860993413;1698:62767.07865963211;1699:62798.77607137666;1856:62801.163323386085;2125:62831.07873657566;2126:62838.80098918604;2363:62850.34556796428;3579:62858.87695666943;3141:62862.23867474469;1701:62879.41174327702;1702:62893.19155936808;3139:62894.567761190905;1419:62900.44500840656;3138:62901.25105774343;628:62907.5750088967;1703:62935.489048712996;2822:62944.92104932546;3221:62950.13964123566;3217:62956.212829220814;2558:62971.0975953851;2557:63006.77953691035;2556:63016.79949497313;1808:63022.73984128042;3614:63024.73771295713;3808:63036.447003424124;722:63045.44442774556;2658:63050.120292609136;3213:63059.644370419046;2859:63076.63381850557;1545:63077.353449554925;3612:63098.188894796825;2487:63115.53423735933;3967:63136.89589207325;3210:63139.64043176338;3209:63153.96553867331;2320:63217.55659642681;3380:63227.25337775355;2696:63240.1776677918;3886:63271.71746036757;197:63305.92491409085;198:63308.198574036665;199:63357.14505210788;3449:63361.630056459595;2864:63362.992307547785;3995:63367.85160892906;2863:63384.78257646554;3119:63388.16157168857;268:63417.65612776308;4068:63459.05847442957;420:63460.692043918476;4003:63463.334786379244;3805:63470.66195647424;3446:63485.30068712326;2866:63509.56636432509;421:63513.160143936744;2867:63515.29168133696;2906:63526.51677211562;2688:63575.6873870354;422:63576.69105096063;423:63621.213764350876;2687:63624.01957624393;2191:63660.69269062148;2133:63685.60106345069;3675:63699.05748738614;1815:63736.91111942274;264:63762.83417666587;263:63772.220826865116;2246:63787.27382290764;1518:63810.1330718034;214:63870.59494885713;236:63902.295885654064
0,10,default_vehtype,boarding,True,-1,63902.295885654064,63932.295885654064,63902.295885654064,0.0,236;-1;-1,236;-1;-1,0.0,0.5166237884413545,0.5166237884413545,0,,0,380,1,,380,,
0,4,default_vehtype,route,False,-1000,63634.51944755142,64101.19134833565,63634.51944755142,0.0,1503;-1;-1,3665;-1;-1,3295.5902018399997,0.9853853000004071,0.9850557409802234,0.0,,0,,0,,,1503;1505;1160;1506;2155;748;749;3350;3352;3351;134;2637;3110;335;2582;2671;336;3974;337;338;3115;3313;3665,1503:63634.51944755142;1505:63659.53670605262;1160:63668.830139476064;1506:63676.267166091835;2155:63691.58806954442;748:63700.29739605999;749:63720.96712170545;3350:63749.48487131037;3352:63773.5891416639;3351:63795.41930664936;134:63837.90044084648;2637:63860.09568708839;3110:63901.80580460331;335:63932.51891310611;2582:63935.02338961956;2671:63982.19357807428;336:63984.57106518569;3974:64005.19434782314;337:64007.52386515034;338:64053.0180471492;3115:64055.25449611868;3313:64100.012573956075;3665:64101.19134833565
0,3,default_vehtype,route,False,-1000,63420.0,64101.19134833565,63420.0,0.0,2006;-1;-1,3204;3926;0.464,4687.670451154834,0.9875517004929418,0.987082933447826,0.0,,0,,0,,,2006;3919;3920;1191;1192;1193;1194;1195;1196;1197;991;1611;3935;3807;2858;1610;3195;268;4068;420;4003;3805;3446;2866;421;2867;2906;2688;422;423;2687;3680;3203;3204,2006:63420;3919:63431.146435316165;3920:63439.82954583196;1191:63465.68210245468;1192:63483.86507117762;1193:63520.42485623756;1194:63527.65879981541;1195:63530.27919266251;1196:63540.366496195034;1197:63547.46342686339;991:63567.696099231725;1611:63628.294975957295;3935:63661.99483073175;3807:63711.477319977144;2858:63729.52107013029;1610:63791.398864936156;3195:63795.22122429291;268:63826.24735503127;4068:63867.64970169776;420:63869.283271186665;4003:63871.92601364743;3805:63879.25318374243;3446:63893.891914391446;2866:63918.15759159328;421:63921.75137120493;2867:63923.88290860515;2906:63935.10799938381;2688:63984.27861430359;422:63985.28227822882;423:64029.804991619065;2687:64032.61080351212;3680:64085.401943820674;3203:64087.629994153234;3204:64089.69995466194
0,1,default_vehtype,route,False,-1000,63686.73660005711,64201.988987672965,63686.73660005711,0.0,1815;-1;-1,2223;-1;-1,3452.8754662800015,0.983557573838652,0.9832122862920241,0.0,,0,390,1,,,1815;264;3671;265;3424;3423;3421;2156;2157;2158;2280;1890;3593;3824;2205;2206;3868;2207;2387;3644;2386;4026;2208;1880;2403;2503;2345;358;2372;2497;2203;2223,1815:63686.73660005711;264:63712.659657300246;3671:63740.867827106194;265:63757.67668464148;3424:63760.97365490134;3423:63763.9149584488;3421:63767.116933074474;2156:63775.820450533756;2157:63790.33955245046;2158:63806.49871991837;2280:63810.8018195977;1890:63811.480546602135;3593:63814.842092816565;3824:63815.797957166455;2205:63818.63244773592;2206:63840.443681847864;3868:63841.96310036562;2207:63844.44215392832;2387:63854.99926814376;3644:63869.58679424358;2386:63879.243496854346;4026:63881.02056269883;2208:63921.33486969346;1880:63956.91299992911;2403:63984.16709628572;2503:64028.03936202478;2345:64041.24910999338;358:64072.41376496604;2372:64080.129168689265;2497:64115.98677033948;2203:64193.23488161462;2223:64201.988987672965
0,1,default_vehtype,boarding,True,-1,64201.988987672965,64231.988987672965,64201.988987672965,0.0,2223;-1;-1,2223;-1;-1,0.0,0.9832122862920241,0.9832122862920241,0,,0,390,1,,390,,
0,4,default_vehtype,boarding,True,63420,64101.19134833565,64241.60923438092,64101.19134833565,0.0,3665;-1;-1,3665;-1;-1,0.0,0.9850557409802234,0.9850557409802234,0,,0,391,1,391,,,
0,10,default_vehtype,route,False,-1000,63932.295885654064,64267.75027188145,63932.295885654064,0.0,236;-1;-1,2636;-1;-1,2348.4492084999997,0.5166237884413545,0.5163889435205044,0.0,,0,,0,,,236;214;3419;3420;3422;3424;265;3672;1517;3666;2670;2671;336;335;2582;2636,236:63932.295885654064;214:63950.59598235778;3419:63957.51811895606;3420:63979.63445154679;3422:64015.84516387828;3424:64023.85983031788;265:64024.94688023969;3672:64028.993977692575;1517:64054.54539483012;3666:64126.25424345409;2670:64130.068231571335;2671:64197.26373995774;336:64199.64122706916;335:64260.98617690887;2582:64263.49065342231;2636:64267.75027188145
0,10,default_vehtype,boarding,True,63660,64267.75027188145,64271.72238889017,64267.75027188145,0.0,2636;-1;-1,2636;-1;-1,0.0,0.5163889435205044,0.5163889435205044,0,,0,395,1,395,,,
0,3,default_vehtype,route,False,-1000,64140.0,64315.8067919385,64140.0,0.0,3204;3926;0.464,2122;-1;-1,1062.3938562951662,0.987082933447826,0.9869766940621967,0.0,,0,,0,,,3204;3926;2670;338;3115;3313;3665;3925;3476;3477;425;2122,3204:64140;3926:64163.41759099963;2670:64198.49587893434;338:64200.81573632031;3115:64203.052185289795;3313:64247.81026312719;3665:64248.98903750676;3925:64259.85059243187;3476:64264.114921172535;3477:64274.360698756944;425:64275.2503172459;2122:64315.8067919385
0,3,default_vehtype,boarding,True,64140,64315.8067919385,64319.03475298812,64315.8067919385,0.0,2122;-1;-1,2122;-1;-1,0.0,0.9869766940621967,0.9869766940621967,0.0,,0,398,1,398,,,
0,1,default_vehtype,route,False,-1000,64260.0,64320.0,64260.0,0.0,2223;-1;-1,358;2345;0.868,378.91745604288013,0.9832122862920241,0.9831743945464199,0.0,,0,,0,,,2223;2203;2497;2372;358,2223:64260;2203:64261.79975100902;2497:64299.63604240243;2372:64305.67656760082;358:64307.1222045325
0,5,default_vehtype,route,False,-1000,63540,64399.84163869889,63540,0,1587;-1;-1,1671;-1;-1,8785.695066253995,0.9841430337178609,0.9832644642112359,0.0,,0,,0,,,1587;2834;1588;1450;11;2763;3551;3316;3657;2761;3144;3301;2537;3123;10;13;24;23;2571;3306;3305;2885;2886;1757;2607;3185;3184;2539;12;2538;2628;3156;2574;44;80;2534;3455;2618;2573;4;5;92;158;3264;3327;3321;3319;3325;2129;2225;1501;1500;1671,1587:63540;2834:63549.48352367352;1588:63561.809329833435;1450:63566.819865266065;11:63581.71916429328;2763:63587.85484345242;3551:63588.38955998739;3316:63602.0192277147;3657:63602.42399971172;2761:63606.49807627628;3144:63612.84272237069;3301:63619.905552874865;2537:63620.37601384983;3123:63643.8932719606;10:63655.19945795046;13:63656.15662720591;24:63657.9895424997;23:63661.21036382992;2571:63680.2127176158;3306:63702.51242101117;3305:63707.99030536331;2885:63723.98741395195;2886:63725.154816838534;1757:63772.82811817675;2607:63809.922310536946;3185:63824.56562610123;3184:63829.672949617016;2539:63840.06938518189;12:63850.577072548134;2538:63870.08358329239;2628:63878.3826135272;3156:63879.32733426835;2574:63899.170419553;44:63917.81877420801;80:63925.6810386983;2534:63930.96820426599;3455:63932.79555079206;2618:63978.969755804224;2573:64009.71352588365;4:64012.634944968544;5:64081.7116484817;92:64113.98960080566;158:64161.82035946433;3264:64170.796036017266;3327:64193.89155872742;3321:64204.082309079626;3319:64206.35727669429;3325:64211.08369754462;2129:64225.90527620715;2225:64242.59334828288;1501:64245.447880868385;1500:64284.5478629181;1671:64399.84163869889
0,8,default_vehtype,route,False,-1000,63540,64399.84163869889,63540,0,1587;-1;-1,1500;1671;0.915,8772.687758035647,0.7918049786174755,0.7909277098416723,0.0,,0,,0,,,1587;2834;1588;1450;11;2763;3551;3316;3657;2761;3144;3301;2537;3123;10;13;24;23;2571;3306;3305;2885;2886;1757;2607;3185;3184;2539;12;2538;2628;3156;2574;44;80;2534;3455;2618;2573;4;5;92;158;3264;3327;3321;3319;3325;2129;2225;1501;1500,1587:63540;2834:63549.48352367352;1588:63561.809329833435;1450:63566.819865266065;11:63581.71916429328;2763:63587.85484345242;3551:63588.38955998739;3316:63602.0192277147;3657:63602.42399971172;2761:63606.49807627628;3144:63612.84272237069;3301:63619.905552874865;2537:63620.37601384983;3123:63643.8932719606;10:63655.19945795046;13:63656.15662720591;24:63657.9895424997;23:63661.21036382992;2571:63680.2127176158;3306:63702.51242101117;3305:63707.99030536331;2885:63723.98741395195;2886:63725.154816838534;1757:63772.82811817675;2607:63809.922310536946;3185:63824.56562610123;3184:63829.672949617016;2539:63840.06938518189;12:63850.577072548134;2538:63870.08358329239;2628:63878.3826135272;3156:63879.32733426835;2574:63899.170419553;44:63917.81877420801;80:63925.6810386983;2534:63930.96820426599;3455:63932.79555079206;2618:63978.969755804224;2573:64009.71352588365;4:64012.634944968544;5:64081.7116484817;92:64113.98960080566;158:64161.82035946433;3264:64170.796036017266;3327:64193.89155872742;3321:64204.082309079626;3319:64206.35727669429;3325:64211.08369754462;2129:64225.90527620715;2225:64242.59334828288;1501:64245.447880868385;1500:64284.5478629181
0,5,default_vehtype,boarding,True,63540,64399.84163869889,64415.436422941224,64399.84163869889,0.0,1671;-1;-1,1671;-1;-1,0.0,0.9832644642112359,0.9832644642112359,0,,0,393,1,393,,,
0,9,default_vehtype,route,False,-1000,63400.72844892456,64621.014945921015,63400.72844892456,0.0,4003;-1;-1,1587;-1;-1,8572.749893997001,0.7154595242382932,0.7146022492488946,0.0,,0,387,1,,,4003;3805;3446;2866;3194;2865;2039;183;82;2905;2627;2624;3969;2623;1362;1810;1811;361;1812;3966;1004;2015;1119;2014;2038;1546;2678;3108;3102;2677;3780;2676;1481;1480;84;107;13;10;3123;2537;3301;3144;2761;3657;3316;3551;3574;3573;142;1668;453;1587,4003:63400.72844892456;3805:63408.05561901956;3446:63422.69434966857;2866:63446.9600268704;3194:63459.94093402638;2865:63462.50493387459;2039:63464.6808338621;183:63512.01410146345;82:63538.23523158978;2905:63576.64916020573;2627:63594.30847047516;2624:63644.86915380522;3969:63662.42927669842;2623:63711.652629464166;1362:63737.83745034265;1810:63762.81722601787;1811:63870.38812134228;361:63898.757199027445;1812:63958.24289535148;3966:63969.72083308346;1004:63985.13909926652;2015:63988.50490162952;1119:63990.698426067625;2014:64006.77293208884;2038:64017.20729605068;1546:64019.77680393778;2678:64027.574989672205;3108:64099.438795791015;3102:64178.91970017295;2677:64183.08046876253;3780:64247.34310394642;2676:64313.650355444646;1481:64346.28173025086;1480:64407.147568189816;84:64431.86995623908;107:64438.41741682687;13:64496.76338408008;10:64497.9208384901;3123:64516.5164781788;2537:64540.59016844182;3301:64541.84084922224;3144:64551.971812391435;2761:64559.77393276499;3657:64569.46008240123;3316:64569.9323699953;3551:64575.65173607868;3574:64583.02318335951;3573:64589.63888332691;142:64591.99591040857;1668:64603.892305623376;453:64614.76934618789;1587:64621.014945921015
0,9,default_vehtype,boarding,True,-1,64621.014945921015,64651.014945921015,64621.014945921015,0.0,1587;-1;-1,1587;-1;-1,0.0,0.7146022492488946,0.7146022492488946,0,,0,387,1,,387,,
0,7,default_vehtype,route,False,-1000,64140,64789.72792831638,64140,0,1627;-1;-1,2087;-1;-1,4408.748426730001,0.7559686654045268,0.7555277905618538,0.0,,0,,0,,,1627;1381;1380;2353;2370;2149;783;2112;1462;2160;2818;1133;1132;781;2096;2037;2059;1647;981;2095;1209;1540;954;1401;1548;3188;2835;3369;650;3189;3370;1732;2032;3239;2094;3240;2093;2092;1366;2087,1627:64140;1381:64156.46466223849;1380:64181.37772412625;2353:64183.149159072775;2370:64193.58697542632;2149:64199.48170288515;783:64217.007287891094;2112:64218.72729260982;1462:64239.79423569808;2160:64247.416110912796;2818:64251.12916567352;1133:64297.05038741352;1132:64318.849823115466;781:64327.4281576381;2096:64334.53682576437;2037:64340.207002832;2059:64368.2925068916;1647:64375.879318399806;981:64389.707735424854;2095:64394.63932923291;1209:64403.966581368855;1540:64424.70528116888;954:64433.53679779066;1401:64474.98774414356;1548:64499.61078436361;3188:64507.92770231743;2835:64514.86306704729;3369:64517.30580611758;650:64519.9839650877;3189:64524.68690134421;3370:64526.16772465998;1732:64566.07371536367;2032:64612.751635697896;3239:64682.76016613951;2094:64689.805944957654;3240:64697.97193248617;2093:64715.980001913464;2092:64738.2803410334;1366:64757.4637305548;2087:64789.72792831638
0,7,default_vehtype,boarding,True,64140,64789.72792831638,64790.61671690453,64789.72792831638,0.0,2087;-1;-1,2087;-1;-1,0.0,0.7555277905618538,0.7555277905618538,0,,0,399,2,399,,,
0,1,default_vehtype,route,False,-1000,64320,64839.59828366164,64320,0,358;2345;0.868,3315;-1;-1,2027.6579467881204,0.9831743945464199,0.9829716287517404,0.0,,0,,0,,,358;2345;2503;2403;1880;2208;4026;2386;4027;3560;3561;3563;3565;328;3314;3567;3315,358:64320;2345:64321.96293629925;2503:64325.879642063104;2403:64527.96820601096;1880:64620.96819147974;2208:64690.627051434385;4026:64698.033688358984;2386:64699.62196447047;4027:64703.94765249206;3560:64723.208993436674;3561:64763.254785615485;3563:64764.03709650587;3565:64765.893279406395;328:64768.25081748955;3314:64806.8703947718;3567:64808.84225062141;3315:64839.59828366164
0,1,default_vehtype,boarding,True,64320,64839.59828366164,64858.105114165985,64839.59828366164,0.0,3315;-1;-1,3315;-1;-1,0.0,0.9829716287517404,0.9829716287517404,0,,0,402,2,402,,,
0,2,default_vehtype,route,False,-1000,63907.49472022806,64961.03550454604,63907.49472022806,0.0,2636;-1;-1,2589;-1;-1,8117.801847800004,0.9883304619686432,0.9875186817838622,0.0,,0,394,1,,,2636;2582;2638;2583;134;3351;334;3111;1813;1122;1121;1120;1119;2014;2038;1546;2678;3108;3102;2677;4074;2117;1828;3650;509;1766;1945;2829;2830;3918;3470;3469;83;2923;1348;3;2832;2562;2544;2543;3728;3732;2546;2545;3587;3724;3727;3622;143;66;3656;2548;2549;2550;2551;3626;2553;3627;3438;3440;2554;3631;2590;2589,2636:63907.49472022806;2582:63929.82398432186;2638:64021.797368378735;2583:64048.717217348254;134:64053.491455808275;3351:64083.08547389446;334:64086.92236963059;3111:64089.41480421663;1813:64149.647205754096;1122:64171.78179805891;1121:64175.14977341995;1120:64188.145837971504;1119:64197.948912345826;2014:64214.02341836704;2038:64224.45778232888;1546:64227.02729021598;2678:64234.825475950405;3108:64306.689282069216;3102:64386.17018645115;2677:64390.33095504073;4074:64418.852551272634;2117:64429.099800141565;1828:64444.37197990754;3650:64445.8745651936;509:64456.24551013233;1766:64471.49762712734;1945:64476.694729576724;2829:64490.33619856525;2830:64498.42563904126;3918:64504.23994520387;3470:64514.012206031;3469:64516.13242841775;83:64523.824823283365;2923:64533.52302512466;1348:64534.961134813144;3:64537.24523560387;2832:64600.62870931824;2562:64643.47521545633;2544:64677.13539089762;2543:64695.03729505295;3728:64709.51964742464;3732:64711.413067653884;2546:64712.497526086445;2545:64713.06488664437;3587:64713.438229629784;3724:64714.674561570115;3727:64718.5727334793;3622:64733.146444056205;143:64736.31818769489;66:64742.998280728265;3656:64775.635040336456;2548:64782.68628965891;2549:64783.65467759442;2550:64831.14225280875;2551:64831.86391523576;3626:64847.93226059687;2553:64853.910139869324;3627:64882.385326010975;3438:64900.00763313033;3440:64900.68154192405;2554:64904.2295285245;3631:64916.2700604268;2590:64960.056930961066;2589:64961.03550454604
0,1,default_vehtype,route,False,-1000,64858.105114165985,64977.77802834443,64858.105114165985,0.0,3315;-1;-1,3562;-1;-1,462.0701895800001,0.9829716287517404,0.9829254217327822,0.0,,0,402,2,,,3315;3567;3314;328;3562,3315:64858.105114165985;3567:64866.09435786447;3314:64869.27787184994;328:64975.704333895126;3562:64977.77802834443
0,2,default_vehtype,boarding,True,-1,64961.03550454604,64991.03550454604,64961.03550454604,0.0,2589;-1;-1,2589;-1;-1,0.0,0.9875186817838622,0.9875186817838622,0,,0,394,1,,394,,
0,11,default_vehtype,route,False,-1000,63881.18706496668,65006.31730693663,63881.18706496668,0.0,3603;-1;-1,2180;-1;-1,8615.385699292008,0.8024046804413004,0.8015431418713713,0.0,,0,388,1,,,3603;3747;3745;3744;3604;216;3358;217;1313;1715;3357;175;2456;2069;1923;1924;1925;1926;1758;2109;733;734;332;331;2633;268;4068;420;4003;3805;3446;2866;421;2867;2906;2688;422;423;2687;3680;3203;3204;3926;2670;338;3115;3427;4069;833;326;830;831;832;3922;3772;2386;4026;2208;1880;2403;2503;2345;358;2372;2689;3660;1664;2373;2180,3603:63881.18706496668;3747:63888.10372837933;3745:63894.908459811384;3744:63900.41376615734;3604:63902.91462828145;216:63914.76369329236;3358:63916.353596747584;217:63938.77943956622;1313:63940.57819358835;1715:63974.76997330552;3357:63975.951820479044;175:63976.607418995794;2456:63979.49307977162;2069:63987.837406730294;1923:64019.199706206506;1924:64023.32518886449;1925:64056.316837836814;1926:64068.74631590215;1758:64076.25876133191;2109:64077.22559551234;733:64082.12216697117;734:64098.18361844491;332:64109.62743990524;331:64129.67736763867;2633:64163.00122233132;268:64164.732596039175;4068:64206.13494270566;420:64207.76851219457;4003:64210.41125465534;3805:64217.738424750336;3446:64232.37715539935;2866:64256.64283260118;421:64260.23661221284;2867:64262.36814961305;2906:64273.59324039171;2688:64322.763855311496;422:64323.767519236724;423:64368.29023262697;2687:64371.096044520025;3680:64423.88718482858;3203:64426.11523516114;3204:64428.185195669845;3926:64471.90283200753;2670:64506.98111994225;338:64509.30097732822;3115:64511.5374262977;3427:64531.3854694991;4069:64563.93039045076;833:64569.555270795754;326:64576.19973542538;830:64607.648994922994;831:64611.89665691365;832:64626.753273118295;3922:64627.921137035104;3772:64664.367778249594;2386:64676.10071500727;4026:64677.877780851755;2208:64718.192087846386;1880:64753.770218082034;2403:64781.02431443864;2503:64824.8965801777;2345:64838.10632814631;358:64869.270983118964;2372:64876.98638684219;2689:64919.268459168125;3660:64924.67162323058;1664:64925.85830076983;2373:64971.03313642179;2180:65006.31730693663
0,11,default_vehtype,boarding,True,-1,65006.31730693663,65036.31730693663,65006.31730693663,0.0,2180;-1;-1,2180;-1;-1,0.0,0.8015431418713713,0.8015431418713713,0,,0,388,1,,388,,
0,4,default_vehtype,route,False,-1000,64241.60923438092,65109.07685399225,64241.60923438092,0.0,3665;-1;-1,507;-1;-1,5651.827299012999,0.9850557409802234,0.9844905582503217,0.0,,0,391,1,,,3665;338;2670;3666;3150;2675;3680;2687;423;422;2688;2906;2867;3684;3749;3750;4004;2632;4002;4068;268;2633;331;419;2863;3119;3450;3449;199;198;197;3886;2696;3380;2320;3209;2334;2697;3211;2859;505;506;507,3665:64241.60923438092;338:64274.479937074204;2670:64277.04889168758;3666:64281.942413222256;3150:64308.35087365105;2675:64346.15333299012;3680:64347.927947279524;2687:64413.12520661353;423:64417.157221091824;422:64465.47299856777;2688:64467.42695569213;2906:64556.65593823314;2867:64568.25318773457;3684:64570.97559872434;3749:64584.88118174375;3750:64597.12576278242;4004:64617.36116125879;2632:64619.31085882431;4002:64620.763916178;4068:64621.371107258004;268:64663.45359864192;2633:64666.202780320265;331:64688.41850814198;419:64705.716153065216;2863:64731.64549850753;3119:64735.02449373056;3450:64751.514303260636;3449:64757.63591825671;199:64771.26177208019;198:64813.78713056024;197:64816.84008870479;3886:64847.0811932743;2696:64893.332153535586;3380:64911.950912901586;2320:64927.9998302655;3209:64950.46168848517;2334:64962.628496378056;2697:64968.494406500635;3211:64987.419253061635;2859:65022.73868546614;505:65043.01878557907;506:65105.065006889236;507:65109.07685399225
0,6,default_vehtype,route,False,-1000,63616.85232403205,65120.16410972885,63616.85232403205,0.0,2045;-1;-1,3299;-1;-1,13375.902568939991,0.5601057467664379,0.5587681565095433,0.0,,0,386,1,,,2045;2044;2131;2181;654;2375;2374;2443;2405;1278;852;2404;2269;1242;2240;2429;578;1135;2289;868;867;430;429;2596;1;3272;71;56;3057;0;2580;3331;2534;3455;2618;2573;4;5;92;158;3264;3327;3321;3319;3325;2129;2225;2120;3298;3300;3299,2045:63616.85232403205;2044:63617.68000470404;2131:63626.1798656723;2181:63636.72739818456;654:63661.335831881814;2375:63808.22389795534;2374:63812.07187410108;2443:63816.533881660136;2405:63902.94849969538;1278:63923.5051602225;852:63943.600268841525;2404:63983.927036940346;2269:64017.586861220974;1242:64021.81468244576;2240:64043.81617637575;2429:64060.7553637026;578:64078.30384080152;1135:64091.61307429596;2289:64111.91166785788;868:64125.712309317234;867:64132.98522473352;430:64146.29211724962;429:64156.025930802825;2596:64193.66487818707;1:64240.99051152275;3272:64286.730770640126;71:64362.70514104993;56:64397.21830848267;3057:64431.97390716078;0:64506.033588709935;2580:64602.21865765631;3331:64739.87065615572;2534:64765.95579211262;3455:64767.78313863869;2618:64813.95734365085;2573:64844.701113730276;4:64847.62253281517;5:64916.69923632833;92:64948.97718865229;158:64996.807947310954;3264:65005.78362386389;3327:65028.87914657404;3321:65039.06989692625;3319:65041.344864540915;3325:65046.07128539125;2129:65060.89286405378;2225:65077.5809361295;2120:65092.19495165512;3298:65113.544405316774;3300:65118.63134752951;3299:65120.16410972885
0,4,default_vehtype,boarding,True,-1,65109.07685399225,65139.07685399225,65109.07685399225,0.0,507;-1;-1,507;-1;-1,0.0,0.9844905582503217,0.9844905582503217,0,,0,391,1,,391,,
0,1,default_vehtype,boarding,True,64260,64977.77802834443,65149.16184336451,64977.77802834443,0.0,3562;-1;-1,3562;-1;-1,0.0,0.9829254217327822,0.9829254217327822,0,,0,402;401,3,401,402,,
0,6,default_vehtype,boarding,True,-1,65120.16410972885,65150.16410972885,65120.16410972885,0.0,3299;-1;-1,3299;-1;-1,0.0,0.5587681565095433,0.5587681565095433,0,,0,386,1,,386,,
0,10,default_vehtype,route,False,-1000,64271.72238889017,65241.86700380414,64271.72238889017,0.0,2636;-1;-1,865;-1;-1,7961.882443130004,0.5163889435205044,0.5155927552761911,0.0,,0,395,1,,,2636;2582;2638;2583;134;3351;334;3111;1813;1122;1121;1120;1119;2014;2038;1546;2678;3108;3102;2677;4074;2117;1828;3650;509;1766;1945;2829;2830;3918;3470;3469;83;2923;1348;3;2832;2562;2544;2543;3728;3732;2546;2545;3587;3724;3727;3622;143;66;3656;2548;2549;2550;2551;3626;3792;863;864;791;865,2636:64271.72238889017;2582:64294.05165298397;2638:64386.02503704085;2583:64412.944886010366;134:64417.719124470386;3351:64447.31314255657;334:64451.150038292704;3111:64453.64247287874;1813:64513.87487441621;1122:64536.00946672102;1121:64539.37744208206;1120:64552.373506633616;1119:64562.17658100794;2014:64578.25108702915;2038:64588.68545099099;1546:64591.25495887809;2678:64599.05314461252;3108:64670.91695073133;3102:64750.39785511326;2677:64754.55862370284;4074:64783.080219934745;2117:64793.327468803676;1828:64808.59964856965;3650:64810.10223385571;509:64820.47317879444;1766:64835.72529578945;1945:64840.922398238836;2829:64854.56386722736;2830:64862.653307703375;3918:64868.467613865985;3470:64878.239874693114;3469:64880.360097079865;83:64888.05249194548;2923:64897.75069378677;1348:64899.188803475256;3:64901.47290426598;2832:64964.85637798035;2562:65007.702884118444;2544:65041.363059559735;2543:65059.26496371506;3728:65073.74731608675;3732:65075.640736315996;2546:65076.72519474856;2545:65077.292555306485;3587:65077.665898291896;3724:65078.90223023223;3727:65082.80040214141;3622:65097.37411271832;143:65100.545856357;66:65107.22594939038;3656:65139.86270899857;2548:65146.91395832102;2549:65147.882346256534;2550:65195.36992147086;2551:65196.09158389787;3626:65212.15992925898;3792:65217.52877734596;863:65225.224009194586;864:65227.40437270882;791:65240.686518429626;865:65241.86700380414
0,4,default_vehtype,route,False,-1000,65139.07685399225,65262.43516364151,65139.07685399225,0.0,507;-1;-1,3525;-1;-1,1102.6695457600001,0.9844905582503217,0.9843802912957457,0.0,,0,,0,,,507;1333;1332;1949;720;515;3848;3525,507:65139.07685399225;1333:65148.70845827703;1332:65161.92249095635;1949:65182.997885028584;720:65191.79778550193;515:65219.47536025635;3848:65230.084089735086;3525:65262.43516364151
0,10,default_vehtype,boarding,True,-1,65241.86700380414,65271.86700380414,65241.86700380414,0.0,865;-1;-1,865;-1;-1,0.0,0.5155927552761911,0.5155927552761911,0,,0,395,1,,395,,
0,4,default_vehtype,boarding,True,64500,65262.43516364151,65284.03979987034,65262.43516364151,0.0,3525;-1;-1,3525;-1;-1,0.0,0.9843802912957457,0.9843802912957457,0,,0,407,1,407,,,
0,1,default_vehtype,route,False,-1000,65149.16184336451,65488.80398571185,65149.16184336451,0.0,3562;-1;-1,861;-1;-1,1712.51023814,0.9829254217327822,0.9827541707089689,0.0,,0,401,1,,,3562;328;3314;2716;2715;3054;3112;430;431;432;861,3562:65149.16184336451;328:65151.74036593524;3314:65190.359943217496;2716:65335.36018729004;2715:65374.24904557812;3054:65382.03074236942;3112:65403.34562963697;430:65420.270161315086;431:65440.020345295925;432:65457.42029633857;861:65488.80398571185
0,6,default_vehtype,route,False,-1000,65400.0,65489.49753182321,65400.0,0.0,3299;-1;-1,4083;-1;-1,778.9427241599999,0.5587681565095433,0.5586902622371271,0.0,,0,,0,,,3299;1586;1585;1634;1320;1319;4083,3299:65400;1586:65414.307843588096;1585:65433.700013201385;1634:65456.563717551624;1320:65469.912316437374;1319:65478.14968284581;4083:65489.49753182321
0,1,default_vehtype,boarding,True,-1,65488.80398571185,65518.80398571185,65488.80398571185,0.0,861;-1;-1,861;-1;-1,0.0,0.9827541707089689,0.9827541707089689,0,,0,401,1,,401,,
0,6,default_vehtype,boarding,True,65400,65489.49753182321,65559.09359360687,65489.49753182321,0.0,4083;-1;-1,4083;-1;-1,0.0,0.5586902622371271,0.5586902622371271,0,,0,414,1,414,,,
0,11,default_vehtype,route,False,-1000,65036.31730693663,65857.8905895159,65036.31730693663,0.0,2180;-1;-1,2122;-1;-1,3461.6134381499965,0.8015431418713713,0.8011969805275564,0.0,,0,,0,,,2180;2373;1664;2689;2372;358;2345;2503;2403;1880;2208;4026;2386;4027;3560;3561;3563;3565;3566;3567;426;3474;425;2122,2180:65036.31730693663;2373:65143.15039770585;1664:65158.4373814775;2689:65162.54927710998;2372:65207.91108494141;358:65209.35672187308;2345:65224.197453639834;2503:65228.11415940369;2403:65430.20272335155;1880:65523.202708820325;2208:65592.86156877497;4026:65600.26820569957;2386:65601.85648181105;4027:65606.18216983264;3560:65625.44351077724;3561:65665.48930295606;3563:65666.27161384645;3565:65668.12779674698;3566:65668.87646264823;3567:65767.7095863105;426:65771.2375628153;3474:65799.64230742754;425:65817.3341148233;2122:65857.8905895159
0,11,default_vehtype,boarding,True,64920,65857.8905895159,65890.15523424465,65857.8905895159,0.0,2122;-1;-1,2122;-1;-1,0.0,0.8011969805275564,0.8011969805275564,0,,0,409,1,409,,,
0,3,default_vehtype,route,False,-1000,64319.03475298812,65935.31321945631,64319.03475298812,0.0,2122;-1;-1,1140;-1;-1,14827.427205520007,0.9869766940621967,0.9854939513416446,0.0,,0,398,1,,,2122;1263;2311;2301;2347;2252;3762;1492;335;2582;2638;33;2578;183;3388;34;3390;2579;2655;3334;3393;2996;2991;2995;3878;3617;933;3508;3813;3934;3979;3509;410;3512;409;3989;408;3991;407;2681;3285;99;98;2999;3445;3443;3289;3444;3283;3292;3132;646;3295;1327;1287;1326;1111;1325;1324;1323;3161;3162;927;2462;2382;1645;2362;750;2459;914;1662;1245;1661;1660;879;1659;3366;3362;819;1598;1709;188;3364;3363;3361;1460;3367;1656;3437;1655;1654;1140,2122:64319.03475298812;1263:64360.37109107895;2311:64393.560539300895;2301:64416.020378801906;2347:64429.10807607419;2252:64436.83940645439;3762:64453.05068407325;1492:64486.2331178255;335:64501.27508812648;2582:64503.779564639925;2638:64595.7529486968;33:64645.669804017016;2578:64810.78927945726;183:64825.150995748125;3388:64830.081887410546;34:64852.69482455729;3390:64882.6704613975;2579:64897.290019891305;2655:64938.045538569895;3334:65053.62101502115;3393:65145.17745607793;2996:65183.99612185225;2991:65193.8738647698;2995:65200.70903603686;3878:65202.10786238946;3617:65233.356060972255;933:65241.38497925246;3508:65247.1820691499;3813:65256.83927376578;3934:65268.461692498735;3979:65280.64528529433;3509:65294.519498929854;410:65303.48450113691;3512:65307.43880493857;409:65318.88030394922;3989:65324.70026180922;408:65327.891554014954;3991:65342.18788573803;407:65348.98558562616;2681:65350.47440798199;3285:65357.93172370767;99:65390.03778913629;98:65391.52007926809;2999:65392.2842932544;3445:65396.293193890546;3443:65413.49148127042;3289:65421.77846044192;3444:65431.33842357722;3283:65494.141816524665;3292:65496.56672640497;3132:65500.68286648424;646:65505.06162848698;3295:65506.62832514832;1327:65512.56137720451;1287:65547.85836921149;1326:65554.5719157019;1111:65557.65229386945;1325:65571.59918716365;1324:65578.27690389522;1323:65582.11248324352;3161:65594.17381419848;3162:65626.09682056675;927:65627.18509270984;2462:65634.16233990148;2382:65643.47545017327;1645:65645.67833279932;2362:65650.04942925127;750:65664.90846906888;2459:65675.86389938527;914:65698.00437751245;1662:65701.44469036821;1245:65716.37367087282;1661:65723.55976983259;1660:65735.90650838976;879:65747.41096503928;1659:65755.460502968;3366:65772.9477912531;3362:65776.82282139666;819:65788.91644591809;1598:65803.40500785007;1709:65812.53926060403;188:65836.20442087721;3364:65853.00848615203;3363:65859.95796026509;3361:65865.17683656065;1460:65867.65598766912;3367:65870.08883700354;1656:65898.93976391964;3437:65903.17826528643;1655:65914.89486476354;1654:65919.22776205192;1140:65935.31321945631
0,3,default_vehtype,boarding,True,-1,65935.31321945631,65965.31321945631,65935.31321945631,0.0,1140;-1;-1,1140;-1;-1,0.0,0.9854939513416446,0.9854939513416446,0,,0,398,1,,398,,
0,2,default_vehtype,route,False,-1000,65160,66022.87054089834,65160,0,2589;-1;-1,2020;-1;-1,4180.2677366800035,0.9875186817838622,0.987100655010193,0.0,,0,,0,,,2589;3629;2555;3438;3627;2553;3626;2551;2548;3656;66;143;3622;3727;3726;2545;3725;2768;2561;2833;3401;2844;16;2118;83;3916;1569;2005;2831;2020,2589:65160;3629:65251.49357082139;2555:65256.803940573955;3438:65259.50701491633;3627:65267.16834814276;2553:65323.15927522197;3626:65327.3125331083;2551:65343.14891692563;2548:65406.20381765245;3656:65414.449891280965;66:65483.17268453716;143:65490.84609832574;3622:65494.84742968686;3727:65520.068868507646;3726:65524.056402576774;2545:65526.330065405804;3725:65529.35344718562;2768:65547.13647690046;2561:65639.90670111215;2833:65677.56952760031;3401:65732.99992061741;2844:65741.89523760154;16:65782.51761899334;2118:65791.92561331688;83:65815.39538009968;3916:65852.01514293619;1569:65896.89331850417;2005:65945.7064076686;2831:65972.48353333278;2020:66022.87054089834
0,2,default_vehtype,boarding,True,65160,66022.87054089834,66030.18779373523,66022.87054089834,0.0,2020;-1;-1,2020;-1;-1,0.0,0.987100655010193,0.987100655010193,0,,0,411,1,411,,,
0,4,default_vehtype,route,False,-1000,65284.03979987034,66054.34532499651,65284.03979987034,0.0,3525;-1;-1,3442;-1;-1,4071.616831879997,0.9843802912957457,0.9839731296125589,0.0,,0,407,1,,,3525;3848;515;720;721;3215;2658;3692;3691;3690;723;1197;1640;1809;2623;1362;1810;1811;1104;1878;3442,3525:65284.03979987034;3848:65299.68144517442;515:65322.04006514504;720:65336.136325822255;721:65376.41908897811;3215:65415.965701400004;2658:65427.40826443078;3692:65431.5297818456;3691:65435.03181744208;3690:65520.45766466841;723:65536.9389090856;1197:65585.50863674741;1640:65634.07294486278;1809:65779.28607133859;2623:65826.32210307663;1362:65852.50692395512;1810:65877.48669963033;1811:65985.05759495475;1104:66001.84408126891;1878:66052.07208640191;3442:66054.34532499651
0,4,default_vehtype,boarding,True,-1,66054.34532499651,66084.34532499651,66054.34532499651,0.0,3442;-1;-1,3442;-1;-1,0.0,0.9839731296125589,0.9839731296125589,0,,0,407,1,,407,,
0,1,default_vehtype,route,False,-1000,65580,66113.83234304833,65580,0,861;-1;-1,334;-1;-1,4542.725571980001,0.9827541707089689,0.9822998981517703,0.0,,0,,0,,,861;432;431;430;429;2596;1;3272;71;39;3269;2584;134;3351;334,861:65580;432:65643.36215448563;431:65678.65575841942;430:65710.30097650894;429:65720.03479006214;2596:65757.67373744638;1:65804.99937078207;3272:65850.73962989944;71:65926.71400030925;39:65970.97815154672;3269:65999.37583054838;2584:66028.97419164855;134:66080.40142922601;3351:66109.99544731219;334:66113.83234304833
0,1,default_vehtype,boarding,True,65580,66113.83234304833,66138.3971190671,66113.83234304833,0.0,334;-1;-1,334;-1;-1,0.0,0.9822998981517703,0.9822998981517703,0,,0,415,2,415,,,
0,5,default_vehtype,route,False,-1000,64415.436422941224,66179.25143298428,64415.436422941224,0.0,1671;-1;-1,2448;-1;-1,18431.919583814008,0.9832644642112359,0.9814212722528538,0.0,,0,393,1,,,1671;1500;1501;2225;2129;3325;3319;3321;3327;3264;157;2226;3323;3320;3324;3326;3318;3955;2527;7;2651;26;3100;59;3902;2575;3099;78;60;3101;3912;3597;3106;3904;3409;3408;3905;2959;2960;3577;77;3588;69;2606;2713;2616;2615;2614;3940;2613;2612;2611;2609;2610;2686;3133;3497;3492;3493;3494;3498;3956;3491;2603;3586;2604;2742;2605;2869;3941;3250;3261;52;3262;53;3113;2724;2602;54;2591;55;2640;2639;3134;2599;2748;2672;48;2734;2733;2601;2882;2668;248;247;246;251;250;612;609;610;611;827;1300;285;1273;1272;2448,1671:64415.436422941224;1500:64448.69941481808;1501:64467.08290848041;2225:64474.87496755367;2129:64524.000082246734;3325:64555.93748974055;3319:64560.51890420456;3321:64562.29574486868;3327:64567.54601154753;3264:64577.48009520511;157:64594.0739648455;2226:64605.73844847935;3323:64638.19236832165;3320:64651.90097452421;3324:64653.41459982918;3326:64686.59509298494;3318:64687.32520078513;3955:64688.44475717771;2527:64696.97841401445;7:64720.35939924978;2651:64747.24264014916;26:64772.72159482108;3100:64784.31245433913;59:64830.88098606256;3902:64851.79749527867;2575:64892.25572951311;3099:64925.45883341737;78:64930.5983733726;60:64939.43095444788;3101:64964.62897875211;3912:64978.64572204035;3597:64991.5684015468;3106:64994.85247725301;3904:65001.8371522783;3409:65004.47094519828;3408:65018.01559874088;3905:65019.01433974472;2959:65029.28828003164;2960:65031.14075424208;3577:65067.62909770225;77:65068.88183582182;3588:65089.23518884262;69:65168.82072079418;2606:65179.62481879777;2713:65185.649163303795;2616:65196.13424829011;2615:65209.944495653566;2614:65217.61793423005;3940:65218.73033034657;2613:65225.86154380297;2612:65235.16052250695;2611:65252.023585831776;2609:65256.0856873521;2610:65267.425630335376;2686:65274.19621223136;3133:65282.44604229237;3497:65286.31020478273;3492:65290.79231796399;3493:65295.65850975417;3494:65296.59248388377;3498:65297.32856827105;3956:65300.888614723284;3491:65315.81199579096;2603:65320.88644345182;3586:65322.076850888654;2604:65340.36778467332;2742:65345.75070097637;2605:65346.84001789376;2869:65368.569442700835;3941:65369.89455633944;3250:65374.05684458293;3261:65407.90699558267;52:65409.83305618811;3262:65411.97002792931;53:65432.59724903709;3113:65436.80591497936;2724:65437.491567966106;2602:65466.71707362586;54:65474.209597495974;2591:65477.95222729489;55:65479.46816113472;2640:65484.11257469911;2639:65523.2625250636;3134:65530.85268222664;2599:65556.20076361518;2748:65573.99850627629;2672:65638.37234625641;48:65642.25581926576;2734:65682.0857794102;2733:65703.71275820392;2601:65751.24155410334;2882:65781.15035756779;2668:65822.78745737004;248:65840.90770954634;247:65846.81999650731;246:65849.58046625565;251:65853.52190418822;250:65897.00961894986;612:65932.91401365549;609:65933.95995519405;610:65990.36824446887;611:66013.29421495274;827:66092.36370369409;1300:66112.91740237811;285:66128.99134167642;1273:66171.84543843537;1272:66173.51302580915;2448:66179.25143298428
0,5,default_vehtype,boarding,True,-1,66179.25143298428,66209.25143298428,66179.25143298428,0.0,2448;-1;-1,2448;-1;-1,0.0,0.9814212722528538,0.9814212722528538,0,,0,393,1,,393,,
0,4,default_vehtype,route,False,-1000,66084.34532499651,66262.4097620156,66084.34532499651,0.0,3442;-1;-1,1027;-1;-1,614.9271712899999,0.9839731296125589,0.9839116368954302,0.0,,0,,0,,,3442;1878;189;1877;1876;1256;550;1025;1026;1027,3442:66084.34532499651;1878:66093.05884438049;189:66101.31856998177;1877:66109.85187193406;1876:66114.68253100503;1256:66133.48849180252;550:66146.46870115362;1025:66167.57170029002;1026:66255.47360862503;1027:66262.4097620156
0,1,default_vehtype,route,False,-1000,66138.3971190671,66285.4036244346,66138.3971190671,0.0,334;-1;-1,1811;-1;-1,806.4560665900001,0.9822998981517703,0.9822192525451111,0.0,,0,415,2,,,334;3111;1813;1812;361;1811,334:66138.3971190671;3111:66140.88955365313;1813:66201.1219551906;1812:66224.4088285904;361:66265.86640763632;1811:66285.4036244346
0,9,default_vehtype,route,False,-1000,65040.0,66283.6764793687,65040.0,0.0,1587;-1;-1,2636;-1;-1,6162.218647116996,0.7146022492488946,0.7139860273841824,0.0,,0,,0,,,1587;2834;1588;3155;3557;3487;4076;2595;2762;2536;3122;23;24;3840;3839;105;2837;3107;3182;1482;2669;1483;387;988;334;3351;134;2637;2638;2582;2636,1587:65040;2834:65049.48352367352;1588:65061.809329833435;3155:65067.80734460848;3557:65083.057038225146;3487:65086.73415340338;4076:65152.645312348686;2595:65166.21085092055;2762:65203.8574707366;2536:65224.54753839961;3122:65286.062262613406;23:65389.837434096466;24:65394.823910328305;3840:65479.92381769614;3839:65505.52774536219;105:65523.04372147905;2837:65584.80186232827;3107:65657.94210053256;3182:65702.84984355651;1482:65726.76262700581;2669:65730.09606222021;1483:65880.45050872206;387:65942.29914940201;988:66029.6598595094;334:66082.9366345646;3351:66086.12661397511;134:66128.60774817223;2637:66150.80299441415;2638:66156.09564209118;2582:66279.41686090957;2636:66283.6764793687
0,1,default_vehtype,boarding,True,-1,66285.4036244346,66315.4036244346,66285.4036244346,0.0,1811;-1;-1,1811;-1;-1,0.0,0.9822192525451111,0.9822192525451111,0,,0,415,2,,415,,
0,9,default_vehtype,boarding,True,65040,66283.6764793687,66381.91300106916,66283.6764793687,0.0,2636;-1;-1,2636;-1;-1,0.0,0.7139860273841824,0.7139860273841824,0,,0,410,1,410,,,
0,4,default_vehtype,boarding,True,65340,66262.4097620156,66475.93044469206,66262.4097620156,0.0,1027;-1;-1,1027;-1;-1,0.0,0.9839116368954302,0.9839116368954302,0,,0,413,1,413,,,
0,7,default_vehtype,route,False,-1000,64790.61671690453,66532.555134246,64790.61671690453,0.0,2087;-1;-1,433;-1;-1,15611.896904860001,0.7555277905618538,0.7539666008713685,0.0,,0,399,2,,,2087;1366;2092;2093;3240;2094;1367;362;1165;368;3812;3853;3866;3867;464;2277;2276;1412;1687;2107;710;711;712;713;714;715;3287;3293;3296;2849;97;3132;3283;3444;2895;3443;3445;2999;98;99;3285;2681;407;3991;408;3989;409;3512;410;2997;3510;3815;3814;3961;3000;3506;2995;2991;2996;162;3394;3393;3334;2701;197;198;199;3449;2864;3995;2863;3119;268;4068;420;4003;3805;3446;2866;421;2867;2906;2688;422;423;2687;3680;3203;3204;3926;2670;338;3115;3313;3665;3925;3476;3477;425;3474;426;3568;427;428;2716;2715;3054;3112;430;431;432;433,2087:64790.61671690453;1366:64804.94346743083;2092:64812.66291527118;2093:64846.58374859349;3240:64856.54182043352;2094:64860.592448140414;1367:64882.318399284086;362:64894.671632464124;1165:64905.03823126792;368:64922.96339938033;3812:64928.13750994454;3853:64930.69296946145;3866:64932.45823592839;3867:64933.57522562891;464:64941.41289581521;2277:64953.405419048904;2276:64959.59892774691;1412:64964.51612929986;1687:64984.06396314274;2107:64994.67835572603;710:65006.05756095265;711:65026.60641521614;712:65051.32212343475;713:65070.464362434504;714:65082.10988397249;715:65109.79934806538;3287:65130.74660065528;3293:65134.663427243;3296:65136.286735887705;2849:65138.19511428512;97:65177.725661035016;3132:65190.464705193895;3283:65196.12582144745;3444:65246.654526581144;2895:65254.97880482402;3443:65267.82179525342;3445:65276.84172931748;2999:65281.77547985724;98:65282.83160745831;99:65285.70272188015;3285:65312.9604994504;2681:65316.70875754257;407:65317.32278612007;3991:65319.74160807568;408:65331.1753523183;3989:65335.35768812381;409:65350.57312822956;3512:65367.71863395646;410:65373.77938824953;2997:65374.4063210316;3510:65380.732983505506;3815:65404.332806359445;3814:65435.68840124077;3961:65442.89894783182;3000:65479.23997466287;3506:65489.249985867405;2995:65530.578055095786;2991:65540.1707686283;2996:65549.89360288058;162:65551.48606609939;3394:65570.80590555444;3393:65604.48015936522;3334:65637.87662399904;2701:65667.46038041591;197:65670.15577258596;198:65672.42943253178;199:65721.37591060299;3449:65725.8609149547;2864:65727.22316604288;3995:65732.08246742414;2863:65749.01343496062;3119:65752.39243018365;268:65781.88698625816;4068:65823.28933292466;420:65824.92290241356;4003:65827.56564487432;3805:65834.89281496932;3446:65849.53154561833;2866:65873.79722282017;421:65877.39100243183;2867:65879.52253983205;2906:65890.74763061071;2688:65939.9182455305;422:65940.92190945572;423:65985.44462284596;2687:65988.25043473902;3680:66041.04157504758;3203:66043.26962538014;3204:66045.33958588885;3926:66089.05722222655;2670:66124.13551016127;338:66126.45536754724;3115:66128.69181651672;3313:66173.44989435411;3665:66174.62866873368;3925:66185.4902236588;3476:66189.75455239946;3477:66200.00032998387;425:66200.88994847283;3474:66233.67680213708;426:66257.4290154823;3568:66260.86511751311;427:66322.66002425228;428:66360.12378093776;2716:66361.97684301266;2715:66400.86570130075;3054:66408.64739809204;3112:66429.9622853596;430:66446.88681703771;431:66466.63700101855;432:66484.0369520612;433:66532.555134246
0,7,default_vehtype,boarding,True,-1,66532.555134246,66562.555134246,66532.555134246,0.0,433;-1;-1,433;-1;-1,0.0,0.7539666008713685,0.7539666008713685,0,,0,399,2,,399,,
0,1,default_vehtype,route,False,-1000,66315.4036244346,66690.03108962844,66315.4036244346,0.0,1811;-1;-1,2636;-1;-1,1741.8377581000002,0.9822192525451111,0.9820450687693016,0.0,,0,,0,,,1811;361;1812;1813;3349;2583;2638;2582;2636,1811:66315.4036244346;361:66343.77270211976;1812:66403.25839844381;1813:66419.58417046713;3349:66495.17869320537;2583:66532.41264687685;2638:66562.45025235091;2582:66685.7714711693;2636:66690.03108962844
0,1,default_vehtype,boarding,True,66240,66690.03108962844,66728.07902325678,66690.03108962844,0.0,2636;-1;-1,2636;-1;-1,0.0,0.9820450687693016,0.9820450687693016,0,,0,422;423,4,422;423,,,
0,7,default_vehtype,route,False,-1000,66562.555134246,66832.43929946286,66562.555134246,0.0,433;-1;-1,427;-1;-1,1417.10240307,0.7539666008713685,0.7538248906310617,0.0,,0,,0,,,433;432;431;430;429;2596;172;3771;428;427,433:66562.555134246;432:66637.60899418817;431:66672.90259812196;430:66704.54781621147;429:66714.28162976468;2596:66751.92057714892;172:66774.29964924538;3771:66776.84323468957;428:66805.18457546284;427:66832.43929946286
0,7,default_vehtype,boarding,True,66480,66832.43929946286,66845.12106458697,66832.43929946286,0.0,427;-1;-1,427;-1;-1,0.0,0.7538248906310617,0.7538248906310617,0,,0,425,1,425,,,
0,10,default_vehtype,route,False,-1000,65640.0,66862.61278447644,65640.0,0.0,865;-1;-1,3930;-1;-1,5604.358745999995,0.5155927552761911,0.5150323194015903,0.0,,0,,0,,,865;791;864;863;2934;3625;3438;3440;2554;3631;2590;3633;3439;3634;2813;2815;2810;94;2808;3127;2805;3360;3866;2803;4047;2802;2799;2795;2794;2791;2788;3453;2958;3454;3734;3638;3639;166;152;3854;3481;3480;3874;3241;4036;3151;3930,865:65640;791:65641.33505006484;864:65658.16009301282;863:65670.53628482886;2934:65678.35968066099;3625:65774.32914365554;3438:65777.42791458998;3440:65778.10182338371;2554:65781.64980998416;3631:65793.69034188645;2590:65837.47721242072;3633:65893.11762913181;3439:65898.48616002778;3634:65904.6714233295;2813:66019.5839136767;2815:66044.03155167021;2810:66066.95091264225;94:66119.51729485736;2808:66121.81533090463;3127:66187.81087192148;2805:66223.58250686382;3360:66278.99279525812;3866:66284.0180922763;2803:66287.41600987816;4047:66294.30230290326;2802:66389.25303191565;2799:66466.92281922675;2795:66510.20348818153;2794:66529.34563673823;2791:66551.48484287373;2788:66565.5126567949;3453:66579.08608925226;2958:66582.98726913412;3454:66590.16913856825;3734:66612.74218134534;3638:66618.95965782358;3639:66626.73955920407;166:66667.94912962471;152:66688.61004911546;3854:66812.04233434598;3481:66824.18091389556;3480:66834.79242571523;3874:66841.98774751532;3241:66849.11183509867;4036:66853.13594986855;3151:66859.87748525549;3930:66862.61278447644
0,10,default_vehtype,boarding,True,65640,66862.61278447644,66866.86488487701,66862.61278447644,0.0,3930;-1;-1,3930;-1;-1,0.0,0.5150323194015903,0.5150323194015903,0.0,,0,416,1,416,,,
0,11,default_vehtype,route,False,-1000,65890.15523424465,66937.98091314534,65890.15523424465,0.0,2122;-1;-1,502;-1;-1,4721.821761187997,0.8011969805275564,0.8007247983514371,0.0,,0,409,1,,,2122;425;3925;3665;338;2670;3926;3204;3203;424;423;422;421;2866;3446;3805;4003;420;4068;268;3119;3450;173;3686;180;2657;3596;3845;2698;3841;502,2122:65890.15523424465;425:66050.14711901042;3925:66065.74119882124;3665:66108.74679043937;338:66141.61749313265;2670:66144.18644774603;3926:66192.88257853461;3204:66223.88570611163;3203:66225.50990992243;424:66250.99735688526;423:66312.74776776101;422:66361.06354523696;421:66463.54581167187;2866:66466.65445859819;3446:66485.96334476199;3805:66511.42307637395;4003:66530.0220027017;420:66532.40489392502;4068:66534.2975688982;268:66576.38006028211;3119:66658.14257842647;3450:66674.63238795655;173:66748.20627060493;3686:66773.53345772019;180:66782.99321982397;2657:66805.40500966256;3596:66808.33135244799;3845:66859.90094926402;2698:66933.53964113684;3841:66934.9830171066;502:66937.98091314534
0,11,default_vehtype,boarding,True,-1,66937.98091314534,66967.98091314534,66937.98091314534,0.0,502;-1;-1,502;-1;-1,0.0,0.8007247983514371,0.8007247983514371,0,,0,409,1,,409,,
0,5,default_vehtype,route,False,-1000,66360,67017.27814217549,66360,0,2448;-1;-1,428;-1;-1,3530.225477349998,0.9814212722528538,0.981068249705119,0.0,,0,,0,,,2448;1272;1273;285;1300;3996;1299;1298;1297;1296;1338;2013;246;247;248;434;433;432;431;430;429;2596;172;3771;428,2448:66360;1272:66362.38049884012;1273:66386.59359209158;285:66394.12466173257;1300:66415.61814970453;3996:66420.70707416387;1299:66421.50493427599;1298:66428.28237518795;1297:66431.13766332835;1296:66441.07281848634;1338:66494.2081057155;2013:66568.824724806;246:66573.52964045756;247:66601.9926294798;248:66609.74105820312;434:66686.58571968853;433:66774.64870095864;432:66849.70256090081;431:66884.9961648346;430:66916.64138292412;429:66926.37519647733;2596:66964.01414386157;172:66986.39321595803;3771:66988.93680140222;428:67017.27814217549
0,5,default_vehtype,boarding,True,66360,67017.27814217549,67024.0122957064,67017.27814217549,0.0,428;-1;-1,428;-1;-1,0.0,0.981068249705119,0.981068249705119,0,,0,424,1,424,,,
0,6,default_vehtype,route,False,-1000,65559.09359360687,67066.72047699758,65559.09359360687,0.0,4083;-1;-1,1887;-1;-1,12404.88991683,0.5586902622371271,0.5574497732454445,0.0,,0,414,1,,,4083;1319;1320;1634;899;3025;3403;3404;2588;2140;3317;3033;3432;3026;2587;3028;4;2573;2618;3455;2534;3331;2580;0;3057;56;71;39;3269;2584;134;3351;3349;1813;1812;361;1811;1104;1878;3442;1887,4083:65559.09359360687;1319:65565.99147055387;1320:65584.7099179734;1634:65631.64807054584;899:65638.7814744868;3025:65651.4407187164;3403:65659.204158284;3404:65664.55367238862;2588:65669.23634998786;2140:65677.53242612073;3317:65682.00612086916;3033:65693.35857328738;3432:65718.63210621373;3026:65764.91792590432;2587:65800.28508280074;3028:65804.03501284427;4:65853.34246723127;2573:65861.87465788271;2618:65883.97563059635;3455:65965.15262300501;2534:65966.47627270396;3331:66066.72853471308;2580:66238.51423146736;0:66278.00201497531;3057:66400.40758403519;56:66429.58522985326;71:66601.4990523717;39:66645.76320360917;3269:66674.16088261083;2584:66703.759243711;134:66755.18648128846;3351:66784.78049937464;3349:66789.15817583438;1813:66898.3247817247;1812:66921.6116551245;361:66963.06923417043;1811:66982.60645096871;1104:66999.39293728287;1878:67049.62094241587;3442:67051.89418101047;1887:67066.72047699758
0,6,default_vehtype,boarding,True,-1,67066.72047699758,67096.72047699758,67066.72047699758,0.0,1887;-1;-1,1887;-1;-1,0.0,0.5574497732454445,0.5574497732454445,0,,0,414,1,,414,,
0,9,default_vehtype,route,False,-1000,66381.91300106916,67160.05996520347,66381.91300106916,0.0,2636;-1;-1,1541;-1;-1,4052.8261544599986,0.7139860273841824,0.7135807447687362,0.0,,0,410,1,,,2636;2582;2671;2670;3666;3115;3313;3476;3477;3475;3315;3567;3566;3565;3563;3561;3560;4027;2386;3644;2387;2207;3869;969;302;1573;257;1344;2388;1750;3676;1915;2776;531;730;2338;1541,2636:66381.91300106916;2582:66404.24226516296;2671:66451.41245361768;2670:66532.14673660537;3666:66537.04025814006;3115:66539.60402433322;3313:66584.36210217062;3476:66603.4749548333;3477:66613.72073241771;3475:66647.69086233768;3315:66672.46893017765;3567:66680.45817387613;3566:66762.29720366921;3565:66762.98926499028;3563:66764.95474795182;3561:66766.4484673047;3560:66841.15938231959;4027:66875.13670825584;2386:66876.30250442911;3644:66890.45744264117;2387:66908.8828196777;2207:66919.01331312387;3869:66931.83852664355;969:66940.62074973168;302:66954.70860996193;1573:66968.04134517004;257:66988.00394556831;1344:67000.82332092436;2388:67011.89592878973;1750:67064.00633834052;3676:67081.12941754467;1915:67091.30462772271;2776:67108.22549150704;531:67112.65507211303;730:67132.9156673058;2338:67154.91716159722;1541:67160.05996520347
0,7,default_vehtype,route,False,-1000,66845.12106458697,67198.33094373895,66845.12106458697,0.0,427;-1;-1,3572;-1;-1,1435.8444203900003,0.7538248906310617,0.7536813061890224,0.0,,0,425,1,,,427;3568;3987;3682;1405;1188;1406;349;3571;3572,427:66845.12106458697;3568:66897.98153456478;3987:66944.6839337702;3682:66948.94052961592;1405:66972.89108462448;1188:66983.21350190131;1406:67035.23646801335;349:67095.18385419332;3571:67137.68986225373;3572:67198.33094373895
0,9,default_vehtype,boarding,True,-1,67160.05996520347,67190.05996520347,67160.05996520347,0.0,1541;-1;-1,1541;-1;-1,0.0,0.7135807447687362,0.7135807447687362,0.0,,0,410,1,,410,,
0,2,default_vehtype,route,False,-1000,66030.18779373523,67227.9273010057,66030.18779373523,0.0,2020;-1;-1,1587;-1;-1,4883.965070590008,0.987100655010193,0.9866122585031354,0.0,,0,411,1,,,2020;2831;2005;1569;3916;83;2923;3605;3782;14;32;4018;3471;3783;3464;2925;3466;3467;2924;3302;3303;40;2565;346;3580;3310;345;344;343;342;341;1587,2020:66030.18779373523;2831:66196.12525265949;2005:66223.70635745492;1569:66257.5296883752;3916:66291.42200689504;83:66328.94533712794;2923:66338.64353896923;3605:66417.80806471204;3782:66423.57739170942;14:66454.77346622985;32:66494.42192964499;4018:66508.68789692977;3471:66540.1106446638;3783:66545.72044451299;3464:66651.59378391164;2925:66661.87483607169;3466:66692.95947563103;3467:66706.36214740088;2924:66786.6299169656;3302:66817.07790222911;3303:66823.42877288468;40:66861.99446500698;2565:66865.44078578905;346:66879.80002098122;3580:66884.31868606164;3310:66893.71211652245;345:66976.06157616155;344:67038.26452633225;343:67084.78889792638;342:67135.34996814522;341:67190.17319889527;1587:67227.9273010057
0,7,default_vehtype,boarding,True,-1,67198.33094373895,67228.33094373895,67198.33094373895,0.0,3572;-1;-1,3572;-1;-1,0.0,0.7536813061890224,0.7536813061890224,0.0,,0,425,1,,425,,
0,2,default_vehtype,boarding,True,-1,67227.9273010057,67257.9273010057,67227.9273010057,0.0,1587;-1;-1,1587;-1;-1,0.0,0.9866122585031354,0.9866122585031354,0,,0,411,1,,411,,
0,4,default_vehtype,route,False,-1000,66475.93044469206,67328.52837472345,66475.93044469206,0.0,1027;-1;-1,1315;-1;-1,3985.567541284001,0.9839116368954302,0.9835130801413009,0.0,,0,413,1,,,1027;1026;1025;1255;1254;2445;4008;4011;4010;422;421;2867;956;1056;1057;3667;1058;3685;683;1059;1060;1061;1062;226;4023;225;224;223;222;221;220;219;1316;1315,1027:66475.93044469206;1026:66478.44568478399;1025:66513.45363123112;1255:66515.65161443646;1254:66554.26310176354;2445:66571.5195398383;4008:66674.95460026409;4011:66675.26793047084;4010:66675.62724495288;422:66696.98014526261;421:66799.46241169752;2867:66801.59394909773;956:66819.67840174121;1056:66832.55930562205;1057:66845.02203613544;3667:66862.20625433234;1058:66890.45415051779;3685:66915.49308573318;683:66925.20682342109;1059:66961.00966056867;1060:66989.97329035464;1061:67015.61908317485;1062:67040.75568145527;226:67110.67664010175;4023:67118.44239835143;225:67215.1258616068;224:67244.70722375992;223:67257.00732260288;222:67277.28271997655;221:67291.8323474867;220:67303.46806704586;219:67317.7551889365;1316:67324.12182416453;1315:67328.52837472345
0,3,default_vehtype,route,False,-1000,67320,67350,67320,0,1140;-1;-1,3709;1530;0.372,118.34868962028682,0.9854939513416446,0.9854821164726826,0.0,,0,,0,,,1140;3709,1140:67320;3709:67339.89667296417
0,4,default_vehtype,boarding,True,-1,67328.52837472345,67358.52837472345,67328.52837472345,0.0,1315;-1;-1,1315;-1;-1,0.0,0.9835130801413009,0.9835130801413009,0,,0,413,1,,413,,
0,5,default_vehtype,route,False,-1000,67024.0122957064,67602.31896318989,67024.0122957064,0.0,428;-1;-1,2223;-1;-1,2121.2053526700006,0.981068249705119,0.9808561291698517,0.0,,0,424,1,,,428;3771;172;2596;3054;3112;4030;4031;3862;4032;1888;2403;2503;2345;358;2372;2497;2203;2223,428:67024.0122957064;3771:67059.61789419793;172:67068.06233342088;2596:67084.82620071848;3054:67088.64403079917;3112:67109.95891806672;4030:67282.71242205348;4031:67287.87404744726;3862:67337.58064878413;4032:67358.30625476968;1888:67378.30645465903;2403:67384.49707180263;2503:67428.36933754169;2345:67441.5790855103;358:67472.74374048295;2372:67480.45914420618;2497:67516.3167458564;2203:67593.56485713154;2223:67602.31896318989
0,5,default_vehtype,boarding,True,-1,67602.31896318989,67632.31896318989,67602.31896318989,0.0,2223;-1;-1,2223;-1;-1,0.0,0.9808561291698517,0.9808561291698517,0,,0,424,1,,424,,
0,9,default_vehtype,route,False,-1000,67190.05996520347,67644.27981331092,67190.05996520347,0.0,1541;-1;-1,821;-1;-1,1843.9972156000003,0.7135807447687362,0.7133963450471765,0.0,,0,,0,,,1541;2338;2389;254;3654;1897;3801;1038;853;567;3169;3412;3413;3414;3415;3683;821,1541:67190.05996520347;2338:67196.89271321445;2389:67212.16665972871;254:67229.09834170264;3654:67237.45942615553;1897:67243.43746482806;3801:67246.79991994254;1038:67263.16779461851;853:67416.43643440877;567:67429.98525424514;3169:67463.59772920854;3412:67486.36815650038;3413:67516.42315599982;3414:67548.29967767757;3415:67623.11584050255;3683:67630.94026470729;821:67644.27981331092
0,9,default_vehtype,boarding,True,66780,67644.27981331092,67644.61366201127,67644.27981331092,0.0,821;-1;-1,821;-1;-1,0.0,0.7133963450471765,0.7133963450471765,0.0,,0,429,2,429,,,
0,6,default_vehtype,route,False,-1000,67096.72047699758,67681.0940692341,67096.72047699758,0.0,1887;-1;-1,328;-1;-1,3229.49169293,0.5574497732454445,0.5571268240761512,0.0,,0,,0,,,1887;189;1877;1876;1256;1257;237;686;125;2000;535;424;3203;3204;3926;2670;3666;3115;3313;3476;3477;3475;3315;3567;3314;328,1887:67096.72047699758;189:67124.80259402808;1877:67133.33589598037;1876:67138.16655505134;1256:67156.97251584883;1257:67160.94656274379;237:67188.6006156075;686:67213.7923647268;125:67225.04992226903;2000:67227.24357622841;535:67307.71187749346;424:67316.41617551753;3203:67342.30677115155;3204:67344.37673166026;3926:67388.09436799795;2670:67423.17265593268;3666:67428.06617746736;3115:67430.62994366053;3313:67475.38802149793;3476:67494.50087416061;3477:67504.74665174502;3475:67538.71678166499;3315:67563.49484950496;3567:67571.48409320344;3314:67574.66760718891;328:67681.0940692341
0,6,default_vehtype,boarding,True,66960,67681.0940692341,67706.30111181545,67681.0940692341,0.0,328;-1;-1,328;-1;-1,0.0,0.5571268240761512,0.5571268240761512,0,,0,432,1,432,,,
0,10,default_vehtype,route,False,-1000,66866.86488487701,67833.33776287253,66866.86488487701,0.0,3930;-1;-1,99;-1;-1,5510.988924156003,0.5150323194015903,0.5144812205091744,0.0,,0,416,1,,,3930;3151;4036;3241;3874;3480;149;150;151;3861;3345;167;3344;2326;1989;1958;1681;494;701;702;703;704;705;706;707;3548;3546;3545;2950;2951;2952;1714;926;2937;3810;3162;3161;3160;4081;3159;3835;3279;3158;2999;98;99,3930:66866.86488487701;3151:66910.51229236594;4036:66925.94663963928;3241:66946.06417298387;3874:66955.6655095912;3480:66970.31519034403;149:66975.68373429382;150:67002.26334887398;151:67026.14554708193;3861:67041.65302625434;3345:67053.83313222228;167:67057.89883211724;3344:67059.85858480494;2326:67061.2426987671;1989:67075.14255253365;1958:67087.93899453343;1681:67114.75485393908;494:67125.90444125173;701:67133.64430187235;702:67156.1294932684;703:67175.2194678102;704:67193.73542326412;705:67197.08761317492;706:67220.90421040289;707:67240.02649556907;3548:67254.51926671063;3546:67256.94851168328;3545:67258.12119864291;2950:67291.41293244105;2951:67322.12446118228;2952:67341.3666244868;1714:67354.18072475793;926:67407.27849329927;2937:67524.96798585348;3810:67532.35655408308;3162:67566.70299765887;3161:67636.6514184327;3160:67674.91454591931;4081:67721.33220558494;3159:67772.20921190431;3835:67780.85266656155;3279:67817.37686417745;3158:67826.70229609348;2999:67829.41052084962;98:67830.46664845069;99:67833.33776287253
0,10,default_vehtype,boarding,True,-1,67833.33776287253,67863.33776287253,67833.33776287253,0.0,99;-1;-1,99;-1;-1,0.0,0.5144812205091744,0.5144812205091744,0,,0,416,1,,416,,
0,1,default_vehtype,route,False,-1000,66728.07902325678,67995.73757527572,66728.07902325678,0.0,2636;-1;-1,452;-1;-1,7762.301381280004,0.9820450687693016,0.981268838631173,0.0,,0,422;423,4,,,2636;2582;2638;2637;134;3351;334;988;387;1483;2669;3102;2677;4074;2117;1828;3650;509;1766;1945;2829;2830;3918;3470;3469;83;2118;16;2844;3401;2833;2561;2768;3725;2545;3726;3727;3622;143;2629;2765;2679;2766;3607;2935;1383;3611;2764;3372;910;3838;3149;452,2636:66728.07902325678;2582:66750.40828735058;2638:66842.38167140745;2637:66848.76346463573;134:66880.18737529239;3351:66909.78139337857;334:66913.6182891147;988:66988.0887650943;387:67073.85355024968;1483:67145.70938197724;2669:67238.14318684889;3102:67239.92855223034;2677:67244.08932081991;4074:67272.61091705182;2117:67282.85816592076;1828:67298.13034568673;3650:67299.63293097279;509:67310.00387591151;1766:67325.25599290653;1945:67330.45309535592;2829:67344.09456434444;2830:67352.18400482046;3918:67357.99831098306;3470:67367.7705718102;3469:67369.89079419695;83:67377.58318906256;2118:67408.44116820733;16:67417.15227475166;2844:67443.22189973964;3401:67457.1202394709;2833:67491.1438394077;2561:67516.45253912763;2768:67628.7366879855;3725:67651.76785859936;2545:67657.06211846345;3726:67659.65270622961;3727:67665.78258459986;3622:67680.35629517677;143:67683.52803881545;2629:67686.96049160676;2765:67761.13484685634;2679:67775.82853047455;2766:67778.63104349037;3607:67831.86987347504;2935:67848.52574750458;1383:67852.97566820303;3611:67870.45312600338;2764:67921.53308545968;3372:67948.34428793304;910:67950.64897600979;3838:67964.09130616006;3149:67991.1655391711;452:67995.73757527572
0,1,default_vehtype,boarding,True,-1,67995.73757527572,68025.73757527572,67995.73757527572,0.0,452;-1;-1,452;-1;-1,0.0,0.981268838631173,0.981268838631173,0.0,,0,422;423,4,,422;423,,
0,5,default_vehtype,route,False,-1000,67632.31896318989,68028.03286622115,67632.31896318989,0.0,2223;-1;-1,3661;-1;-1,1956.2809591599994,0.9808561291698517,0.9806605010739351,0.0,,0,,0,,,2223;1717;2179;385;386;1625;279;1624;266;1561;2042;580;1967;1966;1476;1477;626;584;1478;1901;1138;1900;4006;3661,2223:67632.31896318989;1717:67648.24140554291;2179:67651.74148706456;385:67656.949273684;386:67669.73881293733;1625:67775.65089627943;279:67794.80622768577;1624:67799.80247232673;266:67809.93510341071;1561:67824.13389783003;2042:67831.63320054438;580:67887.24645528775;1967:67891.08237729127;1966:67896.12622418543;1476:67900.54094156547;1477:67906.6032281001;626:67911.1462866681;584:67918.30343101655;1478:67921.01018354236;1901:68002.40548683859;1138:68020.27307040656;1900:68024.12320028055;4006:68026.0575004353;3661:68028.03286622115
0,7,default_vehtype,route,False,-1000,67228.33094373895,68028.03286622115,67228.33094373895,0.0,3572;-1;-1,2389;254;0.904,3588.446860326439,0.7536813061890224,0.7533224615029895,0.0,,0,,0,,,3572;3571;349;1406;1188;1405;3682;3569;3645;426;3567;3566;3565;3563;3561;3560;4027;2386;3644;2387;2207;3869;969;302;1573;257;1344;2388;1750;3676;1915;2776;531;730;2338;2389,3572:67228.33094373895;3571:67285.4216268072;349:67331.1191878379;1406:67378.09248970872;1188:67405.82968842622;1405:67413.18007696382;3682:67446.01345808941;3569:67458.76287730763;3645:67471.66587067487;426:67512.69368441316;3567:67514.96247566055;3566:67596.80150545362;3565:67597.49356677469;3563:67599.45904973624;3561:67600.95276908911;3560:67675.663684104;4027:67709.64101004026;2386:67710.80680621353;3644:67724.96174442559;2387:67743.38712146212;2207:67753.51761490828;3869:67766.34282842797;969:67775.1250515161;302:67789.21291174635;1573:67802.54564695446;257:67822.50824735273;1344:67835.32762270878;2388:67846.40023057415;1750:67898.51064012494;3676:67915.63371932908;1915:67925.80892950713;2776:67942.72979329145;531:67947.15937389745;730:67967.41996909022;2338:67989.42146338163;2389:68004.6954098959
0,4,default_vehtype,route,False,-1000,67358.52837472345,68069.50390057483,67358.52837472345,0.0,1315;-1;-1,214;-1;-1,2744.0831874099995,0.9835130801413009,0.9832386718225596,0.0,,0,,0,,,1315;1316;219;220;221;222;223;224;225;4023;226;227;228;229;230;231;232;233;234;235;4050;236;214,1315:67358.52837472345;1316:67361.37150412325;219:67370.06410066054;220:67388.02043508856;221:67400.81450530814;222:67414.55281967318;223:67462.09168755777;224:67468.41894294407;225:67514.38699180572;4023:67554.00704780627;226:67561.45846193345;227:67654.14423728883;228:67705.21930344982;229:67771.23059957696;230:67847.26793042266;231:67953.2611601768;232:67955.75356824073;233:67973.1078806322;234:67992.83564362262;235:68004.42246239391;4050:68007.88689960692;236:68051.20380387112;214:68069.50390057483
0,4,default_vehtype,boarding,True,66960,68069.50390057483,68074.71381277594,68069.50390057483,0.0,214;-1;-1,214;-1;-1,0.0,0.9832386718225596,0.9832386718225596,0,,0,431,1,431,,,
0,5,default_vehtype,boarding,True,66960,68028.03286622115,68073.75555408787,68028.03286622115,0.0,3661;-1;-1,3661;-1;-1,0.0,0.9806605010739351,0.9806605010739351,0,,0,430,1,430,,,
0,10,default_vehtype,route,False,-1000,67863.33776287253,68093.26266566268,67863.33776287253,0.0,99;-1;-1,2780;-1;-1,2002.3136276010005,0.5144812205091744,0.5142809891464145,0.0,,0,,0,,,99;3285;2681;2909;3896;3163;406;405;3618;404;3811;403;402;3985;3993;3983;3982;401;400;399;3043;3876;3045;398;3951;2888;2779;2894;2780,99:67863.33776287253;3285:67890.59554044278;2681:67894.34379853494;2909:67896.77585223844;3896:67900.98756621729;3163:67911.54618396051;406:67925.43956403056;405:67929.84810788104;3618:67944.89691709008;404:67947.94589095525;3811:67955.96805317196;403:67960.48344867097;402:67971.67873070773;3985:67983.34913419106;3993:67989.06991510156;3983:67991.39789233488;3982:67997.95550029817;401:67999.50566997996;400:68004.95040610599;399:68018.90119424686;3043:68023.40134767952;3876:68032.17025027056;3045:68035.88242969259;398:68036.723418958;3951:68046.16641852522;2888:68054.64599783871;2779:68073.92530172845;2894:68077.32607156169;2780:68093.26266566268
0,10,default_vehtype,boarding,True,67860,68093.26266566268,68113.3394254878,68093.26266566268,0.0,2780;-1;-1,2780;-1;-1,0.0,0.5142809891464145,0.5142809891464145,0,,0,441,1,441,,,
0,3,default_vehtype,route,False,-1000,67740,68434.21725932749,67740,0,3709;1530;0.372,3958;-1;-1,4771.30634976771,0.9854821164726826,0.9850049858377058,0.0,,0,,0,,,3709;1530;3709;1140;1654;1449;2783;1656;3367;2942;3364;188;1709;1598;819;3362;3366;1659;879;1660;1661;1245;1662;914;2459;2272;114;2458;2132;1512;1243;2449;1321;2712;3924;2043;3849;1844;1843;115;3953;123;2457;2062;3949;3047;3950;2782;2893;3958,3709:67740;1530:67757.06050845273;3709:67776.50850737013;1140:67790.09316847986;1654:67797.41544818389;1449:67818.09653278533;2783:67820.8761904922;1656:67829.90156526;3367:67849.65506858015;2942:67854.17422476479;3364:67866.210022857;188:67878.2486525593;1709:67899.7126408286;1598:67910.82463720777;819:67917.90015945197;3362:67923.48409790026;3366:67929.02532963375;1659:67947.09969518577;879:67960.06812260643;1660:67963.23546242114;1661:67977.02626121856;1245:67984.56781831142;1662:68002.98202394859;914:68010.89066281293;2459:68035.54750932941;2272:68042.46088561293;114:68063.5564138473;2458:68077.67029144059;2132:68081.84936997757;1512:68095.3890403969;1243:68110.98469855645;2449:68114.2305073106;1321:68151.35225191497;2712:68157.21909483387;3924:68177.7112398339;2043:68186.91638228497;3849:68194.24678753655;1844:68221.00021710618;1843:68233.00920007529;115:68258.65736309365;3953:68264.03809432918;123:68269.11089860341;2457:68293.26789269577;2062:68303.93105398865;3949:68333.76527830106;3047:68338.18286177554;3950:68346.45737516758;2782:68386.20434145996;2893:68388.37855575007;3958:68434.21725932749
0,2,default_vehtype,route,False,-1000,67260,68454.61857950536,67260,0,1587;-1;-1,873;-1;-1,5675.3580503200055,0.9866122585031354,0.9860447226981031,0.0,,0,,0,,,1587;341;342;343;344;345;3310;3580;346;2565;40;3303;3302;2924;3467;3466;2925;3464;3783;3471;4018;32;14;3782;3605;2923;83;3916;1569;2005;2831;2020;2623;1362;1149;873,1587:67260;341:67311.18803286974;342:67338.55174885104;343:67404.21735860912;344:67452.52783086509;345:67493.51539278515;3310:67523.81418163395;3580:67534.2197304839;346:67539.36843543705;2565:67548.44274461915;40:67551.13148539314;3303:67572.88737248223;3302:67580.84361503109;2924:67613.84813615192;3467:67649.53146808327;3466:67660.22787072591;2925:67716.92486823123;3464:67729.25361312105;3783:67813.37662903321;3471:67820.58050837768;4018:67928.99667342636;32:67964.31636979985;14:67985.59514301392;3782:68026.79023959566;3605:68029.41510650392;2923:68076.39827885368;83:68094.68053677843;3916:68131.30029961493;1569:68176.17847518291;2005:68224.99156434734;2831:68251.76869001152;2020:68302.15569757708;2623:68410.69187900372;1362:68436.87669988221;1149:68448.00426328534;873:68454.61857950536
0,2,default_vehtype,boarding,True,67260,68454.61857950536,68490.43607113029,68454.61857950536,0.0,873;-1;-1,873;-1;-1,0.0,0.9860447226981031,0.9860447226981031,0,,0,435,1,435,,,
0,3,default_vehtype,boarding,True,67740,68434.21725932749,68518.77860911477,68434.21725932749,0.0,3958;-1;-1,3958;-1;-1,0.0,0.9850049858377058,0.9850049858377058,0,,0,440,1,440,,,
0,6,default_vehtype,route,False,-1000,67706.30111181545,68566.20176394016,67706.30111181545,0.0,328;-1;-1,3397;-1;-1,4099.246053639996,0.5571268240761512,0.5567168994707888,0.0,,0,432,1,,,328;3314;2716;2715;3053;2917;3414;1015;1520;1734;3397,328:67706.30111181545;3314:67744.92068909771;2716:67889.92093317024;2715:67928.80979145833;3053:67960.16605832808;2917:68344.18294032634;3414:68452.05364347025;1015:68465.24032161415;1520:68476.45680610236;1734:68499.11319680444;3397:68566.20176394016
0,6,default_vehtype,boarding,True,-1,68566.20176394016,68596.20176394016,68566.20176394016,0.0,3397;-1;-1,3397;-1;-1,0.0,0.5567168994707888,0.5567168994707888,0,,0,432,1,,432,,
0,9,default_vehtype,route,False,-1000,67644.61366201127,68689.77636802626,67644.61366201127,0.0,821;-1;-1,988;-1;-1,4139.29961021,0.7133963450471765,0.7129824150861566,0.0,,0,429,2,,,821;3683;3415;3789;3416;3417;3790;3418;3419;3420;3422;3424;3425;3426;3427;3115;338;337;3974;336;335;3110;2637;134;3351;334;988,821:67644.61366201127;3683:67656.29931589645;3415:67735.48679495446;3789:67750.65966409713;3416:67797.36291005922;3417:67873.11203440512;3790:67931.96062667097;3418:67955.38930901987;3419:68018.51190946368;3420:68040.6282420544;3422:68076.8389543859;3424:68084.8536208255;3425:68165.81750525239;3426:68188.81365890766;3427:68214.5459816883;3115:68252.69323019798;338:68255.84035425825;337:68340.72067552444;3974:68342.84315164977;336:68371.77888497157;335:68433.12383481128;3110:68482.71753902188;2637:68550.45106756769;134:68581.87497822434;3351:68611.46899631052;334:68615.30589204666;988:68689.77636802626
0,11,default_vehtype,route,False,-1000,67080.0,68689.44781413043,67080.0,0.0,502;-1;-1,2223;-1;-1,7158.960444378,0.8007247983514371,0.8000089023069984,0.0,,0,,0,,,502;3841;2698;3845;3596;2657;180;3686;173;3450;3119;268;4068;420;4003;3805;3446;2866;421;422;423;424;3203;3204;3926;2670;3666;3115;3313;3476;3477;3475;3315;3567;3566;3565;3563;3561;3560;4027;2386;4026;2208;1880;2403;2503;2345;358;2372;2497;2203;2223,502:67080;3841:67080.28401229264;2698:67082.0215169054;3845:67245.26419539611;3596:67273.22557828108;2657:67277.16415438197;180:67308.66746208745;3686:67315.29134740433;173:67384.71220978869;3450:67429.71698567564;3119:67496.31631657277;268:67525.81087264729;4068:67567.21321931378;420:67568.84678880268;4003:67571.48953126345;3805:67578.81670135845;3446:67593.45543200745;2866:67617.72110920929;421:67621.31488882095;422:67789.27528176222;423:67833.79799515246;424:67915.79007507292;3203:67941.68067070693;3204:67943.75063121565;3926:67987.46826755334;2670:68022.54655548806;3666:68027.44007702275;3115:68030.00384321592;3313:68074.76192105332;3476:68093.874773716;3477:68104.12055130041;3475:68138.09068122038;3315:68162.86874906035;3567:68170.85799275883;3566:68252.6970225519;3565:68253.38908387297;3563:68255.35456683452;3561:68256.84828618739;3560:68331.55920120228;4027:68365.53652713854;2386:68366.70232331181;4026:68368.47938915629;2208:68408.79369615091;1880:68444.37182638656;2403:68471.62592274317;2503:68515.49818848223;2345:68528.70793645084;358:68559.8725914235;2372:68567.58799514672;2497:68603.44559679694;2203:68680.69370807208;2223:68689.44781413043
0,8,default_vehtype,route,False,-1000,67080.0,68689.44781413043,67080.0,0.0,1500;1671;0.915,4032;1888;0.199,10383.840745495278,0.7909277098416723,0.7898893257671225,0.0,,0,,0,,,1500;1671;1500;1501;2225;2120;3298;3300;3299;1586;1585;898;1584;3406;3405;3033;3432;3026;2587;3028;4;2573;2618;3455;2534;3331;2580;0;3057;56;71;3272;1;2596;3054;3112;4030;4031;3862;4032,1500:67080;1671:67089.8416386989;1500:67123.10463057576;1501:67141.4881242381;2225:67149.28018331135;2120:67163.89419883696;3298:67185.24365249861;3300:67190.33059471135;3299:67191.8633569107;1586:67206.17120049881;1585:67225.5633701121;898:67233.51610377915;1584:67291.98103935161;3406:67293.71645139491;3405:67296.60241134191;3033:67299.04002239485;3432:67324.3135553212;3026:67370.59937501179;2587:67405.96653190821;3028:67409.71646195174;4:67459.02391633875;2573:67467.55610699019;2618:67489.65707970383;3455:67570.83407211248;2534:67572.15772181144;3331:67672.40998382056;2580:67844.19568057483;0:67883.68346408279;3057:68006.08903314266;56:68035.26667896073;71:68207.18050147918;3272:68292.58896227437;1:68369.75616720214;2596:68412.53684766372;3054:68416.35467774441;3112:68437.66956501197;4030:68610.42306899872;4031:68615.5846943925;3862:68665.29129572937;4032:68686.01690171492
0,11,default_vehtype,boarding,True,67080,68689.44781413043,68690.4127610778,68689.44781413043,0.0,2223;-1;-1,2223;-1;-1,0.0,0.8000089023069984,0.8000089023069984,0,,0,433,1,433,,,
0,9,default_vehtype,boarding,True,-1,68689.77636802626,68719.77636802626,68689.77636802626,0.0,988;-1;-1,988;-1;-1,0.0,0.7129824150861566,0.7129824150861566,0,,0,429,2,,429,,
0,10,default_vehtype,route,False,-1000,68113.3394254878,68733.9992873071,68113.3394254878,0.0,2780;-1;-1,3364;-1;-1,3773.0091494539993,0.5142809891464145,0.5139036882314696,0.0,,0,441,1,,,2780;2894;2893;2782;3950;3047;3949;2062;2457;123;3953;115;1843;1844;3849;2043;3924;2712;1321;2449;1243;1512;2132;2458;114;2272;2459;914;1662;1245;1661;1660;879;1659;1711;3365;1710;3362;819;1598;1709;188;3364,2780:68113.3394254878;2894:68117.98505991437;2893:68119.95532356491;2782:68122.640785262;3950:68142.87892325579;3047:68148.12584081726;3949:68157.17369896207;2062:68202.1299918727;2457:68217.51211238098;123:68253.06021729868;3953:68258.82966610671;115:68263.96786698405;1843:68271.64130473557;1844:68303.31225489646;3849:68340.13496870351;2043:68343.92665335305;3924:68350.39548572664;2712:68384.04079031738;1321:68391.20895892286;2449:68448.79605375619;1243:68455.3370185964;1512:68472.58620839157;2132:68481.68293228335;2458:68491.25147129208;114:68509.2466725338;2272:68526.7047158621;2459:68532.8709785881;914:68555.01145671528;1662:68558.45176957104;1245:68573.38075007565;1661:68580.56684903541;1660:68592.91358759259;879:68604.4180442421;1659:68612.46758217082;1711:68637.88959868783;3365:68654.47387641463;1710:68655.29197493487;3362:68657.81362255174;819:68669.90724707316;1598:68684.39580900515;1709:68693.5300617591;188:68717.19522203229;3364:68733.9992873071
0,10,default_vehtype,boarding,True,-1,68733.9992873071,68763.9992873071,68733.9992873071,0.0,3364;-1;-1,3364;-1;-1,0.0,0.5139036882314696,0.5139036882314696,0,,0,441,1,,441,,
0,5,default_vehtype,route,False,-1000,68073.75555408787,68939.69793614629,68073.75555408787,0.0,3661;-1;-1,544;-1;-1,4364.125665439998,0.9806605010739351,0.9802240885073905,0.0,,0,430,1,,,3661;4006;4007;1899;1898;1893;3653;3654;254;2389;2338;730;531;2776;1915;3676;1750;2388;1344;257;1573;302;969;3869;2207;2387;3644;2386;4027;3560;3561;3563;3565;3566;3567;426;3645;3569;3682;1405;1188;1406;349;3571;1407;1408;544,3661:68073.75555408787;4006:68074.44563626908;4007:68076.88098274924;1899:68091.14684005239;1898:68104.5290983421;1893:68111.45873327919;3653:68111.92585197366;3654:68128.64208959271;254:68137.60704034698;2389:68153.05363061209;2338:68170.11605987018;730:68207.40234562467;531:68219.08423783522;2776:68227.0006778837;1915:68238.97955307567;3676:68243.91960935616;1750:68252.52383178977;2388:68278.94180914639;1344:68288.65365155364;257:68310.53744556375;1573:68319.82756203368;302:68334.4734765844;969:68349.70186400313;3869:68357.84445277684;2207:68363.07171490672;2387:68373.62882912216;3644:68388.21635522199;2386:68397.87305783275;4027:68402.19874585434;3560:68421.46008679895;3561:68461.50587897777;3563:68462.28818986815;3565:68464.14437276869;3566:68464.89303866994;3567:68563.72616233221;426:68567.254138837;3645:68602.5297184947;3569:68618.53321220943;3682:68631.44249076147;1405:68655.39304577003;1188:68665.71546304686;1406:68717.7384291589;349:68777.68581533887;3571:68820.19182339928;1407:68823.118289005;1408:68837.5344810124;544:68939.69793614629
0,2,default_vehtype,route,False,-1000,68490.43607113029,68966.36278263961,68490.43607113029,0.0,873;-1;-1,4068;-1;-1,2239.8660702899992,0.9860447226981031,0.9858207360910742,0.0,,0,435,1,,,873;804;4042;2622;2624;2627;2905;2653;81;3388;34;2865;3194;2866;3446;3805;4003;420;4068,873:68490.43607113029;804:68498.36533221835;4042:68511.49633692876;2622:68541.03027175549;2624:68564.08063028526;2627:68608.01613564779;2905:68625.60378864202;2653:68628.06863401546;81:68649.93983944286;3388:68688.4862383992;34:68711.09917554594;2865:68807.89064945663;3194:68809.92310310813;2866:68898.7196723396;3446:68918.0285585034;3805:68943.48829011536;4003:68962.08721644312;420:68964.47010766644;4068:68966.36278263961
0,5,default_vehtype,boarding,True,-1,68939.69793614629,68969.69793614629,68939.69793614629,0.0,544;-1;-1,544;-1;-1,0.0,0.9802240885073905,0.9802240885073905,0.0,,0,430,1,,430,,
0,2,default_vehtype,boarding,True,-1,68966.36278263961,68996.36278263961,68966.36278263961,0.0,4068;-1;-1,4068;-1;-1,0.0,0.9858207360910742,0.9858207360910742,0,,0,435,1,,435,,
0,6,default_vehtype,route,False,-1000,68596.20176394016,69076.49870104973,68596.20176394016,0.0,3397;-1;-1,3675;-1;-1,2631.6128123599997,0.5567168994707888,0.5564537381895531,0.0,,0,,0,,,3397;1734;1520;483;3715;844;1280;673;1519;3696;3791;214;1518;265;3672;1517;1815;3675,3397:68596.20176394016;1734:68621.88638639665;1520:68641.34634641213;483:68666.74755221458;3715:68684.9253863055;844:68697.51820642372;1280:68734.29737569834;673:68771.27858520435;1519:68778.65537737649;3696:68784.17149872125;3791:68804.84664830929;214:68851.30355679162;1518:68912.56335652008;265:68939.31305619463;3672:68943.36015364752;1517:68968.91157078506;1815:69034.41695050581;3675:69076.49870104973
0,6,default_vehtype,boarding,True,68160,69076.49870104973,69090.25421121958,69076.49870104973,0.0,3675;-1;-1,3675;-1;-1,0.0,0.5564537381895531,0.5564537381895531,0,,0,443,1,443,,,
0,5,default_vehtype,route,False,-1000,68969.69793614629,69206.07534191215,68969.69793614629,0.0,544;-1;-1,33;-1;-1,1572.9862923900005,0.9802240885073905,0.9800667898781522,0.0,,0,,0,,,544;748;749;3350;3352;3351;134;2637;2638;33,544:68969.69793614629;748:68991.0675478865;749:69011.73727353195;3350:69040.25502313687;3352:69064.35929349039;3351:69086.18945847586;134:69128.67059267298;2637:69150.86583891489;2638:69156.15848659193;33:69206.07534191215
0,7,default_vehtype,route,False,-1000,68160,69255.37391307637,68160,0,2389;254;0.904,3964;-1;-1,3914.3058992235647,0.7533224615029895,0.7529310309130649,0.0,,0,,0,,,2389;254;2389;2338;730;531;2776;1915;3676;1750;2388;1344;257;1573;302;969;3869;2207;2387;3644;2386;4027;3560;3561;3563;3565;3566;3567;426;3645;3569;3682;1405;1188;1406;349;348;347;290;1262;3964,2389:68160;254:68161.62709186983;2389:68177.07368213494;2338:68194.13611139303;730:68231.42239714751;531:68243.10428935807;2776:68251.02072940655;1915:68262.99960459852;3676:68267.93966087901;1750:68276.54388331262;2388:68302.96186066924;1344:68312.67370307649;257:68334.5574970866;1573:68343.84761355653;302:68358.49352810725;969:68373.72191552598;3869:68381.8645042997;2207:68387.09176642957;2387:68397.648880645;3644:68412.23640674484;2386:68421.8931093556;4027:68426.2187973772;3560:68445.4801383218;3561:68485.52593050062;3563:68486.308241391;3565:68488.16442429154;3566:68488.91309019279;3567:68587.74621385506;426:68591.27419035985;3645:68626.54977001755;3569:68642.55326373228;3682:68655.46254228432;1405:68679.41309729288;1188:68689.73551456971;1406:68741.75848068175;349:68801.70586686172;348:68815.23848208693;347:69193.17276130791;290:69212.66743278362;1262:69233.21921088532;3964:69255.37391307637
0,5,default_vehtype,boarding,True,68400,69206.07534191215,69275.12321786665,69206.07534191215,0.0,33;-1;-1,33;-1;-1,0.0,0.9800667898781522,0.9800667898781522,0,,0,444,1,444,,,
0,7,default_vehtype,boarding,True,68160,69255.37391307637,69297.31449850857,69255.37391307637,0.0,3964;-1;-1,3964;-1;-1,0.0,0.7529310309130649,0.7529310309130649,0,,0,442,2,442,,,
0,11,default_vehtype,route,False,-1000,68690.4127610778,69440.02907757656,68690.4127610778,0.0,2223;-1;-1,1815;-1;-1,2946.2914943700016,0.8000089023069984,0.7997142731575608,0.0,,0,433,1,,,2223;2203;2497;2372;358;2345;2503;2403;1880;2208;4026;2386;3772;3922;832;3400;997;2305;1889;2279;2156;3421;3423;3424;265;3672;1517;1815,2223:68690.4127610778;2203:68692.21251208681;2497:68730.04880348023;2372:68736.08932867862;358:68737.53496561029;2345:68752.37569737704;2503:68756.29240314089;2403:68958.38096708874;1880:69051.38095255752;2208:69121.03981251216;4026:69128.44644943676;2386:69130.03472554823;3772:69180.76863704693;3922:69222.13402996672;832:69224.1791948178;3400:69230.36765212289;997:69236.33344759155;2305:69271.35020032056;1889:69300.21076366222;2279:69310.21372255195;2156:69316.49530769892;3421:69328.17380008202;3423:69336.17835812543;3424:69343.83813334357;265:69344.92518326538;3672:69348.97228071827;1517:69374.52369785581;1815:69440.02907757656
0,11,default_vehtype,boarding,True,-1,69440.02907757656,69470.02907757656,69440.02907757656,0.0,1815;-1;-1,1815;-1;-1,0.0,0.7997142731575608,0.7997142731575608,0,,0,433,1,,433,,
0,7,default_vehtype,route,False,-1000,69297.31449850857,69609.51540594277,69297.31449850857,0.0,3964;-1;-1,2451;-1;-1,1345.62714598,0.7529310309130649,0.7527964681984671,0.0,,0,442,2,,,3964;1262;290;347;348;349;1406;1188;1405;1206;2451,3964:69297.31449850857;1262:69303.50098311901;290:69339.38461741;347:69352.38364199366;348:69491.85177249587;349:69508.78593937506;1406:69555.75924124588;1188:69583.49643996338;1405:69590.84682850097;1206:69595.0351684221;2451:69609.51540594277
0,7,default_vehtype,boarding,True,-1,69609.51540594277,69639.51540594277,69609.51540594277,0.0,2451;-1;-1,2451;-1;-1,0.0,0.7527964681984671,0.7527964681984671,0,,0,442,2,,442,,
0,4,default_vehtype,route,False,-1000,68074.71381277594,69868.01491078455,68074.71381277594,0.0,214;-1;-1,1156;-1;-1,9681.930599697998,0.9832386718225596,0.9822704787625899,0.0,,0,431,1,,,214;236;4050;235;234;233;232;231;230;229;228;227;226;4023;225;224;223;222;221;220;219;218;217;3358;216;3604;3743;215;2703;4022;3746;1583;2477;2247;1848;1665;2074;986;480;2172;2422;1921;1023;2417;2994;2996;2991;2995;3506;3000;3961;3814;3815;3510;2997;2682;3516;3928;2998;3752;3286;3445;3443;2895;3444;3283;3132;97;2849;3296;3293;648;1693;1854;1974;1156,214:68074.71381277594;236:68106.41474957288;4050:68141.42155103492;235:68150.00795606425;234:68158.15575477532;233:68166.25204799365;232:68188.41535896475;231:68193.42218516635;230:68236.93880326452;229:68295.09130901663;228:68354.61275681567;227:68392.2858384193;226:68437.59062197231;4023:68445.35638022199;225:68542.03984347735;224:68571.62120563048;223:68583.92130447344;222:68604.1967018471;221:68618.74632935727;220:68630.38204891642;219:68644.66917080706;218:68717.1205637216;217:68735.6248247092;3358:68742.14252297995;216:68744.12793311852;3604:68772.31204990805;3743:68774.69633399365;215:68783.5111768929;2703:68787.60798204446;4022:68792.0637210305;3746:68798.43617325569;1583:68810.39788508303;2477:68819.00984344205;2247:68850.65750029229;1848:68864.9029867529;1665:68914.11130804407;2074:68926.20811987903;986:68933.67196849774;480:68945.17233422953;2172:68962.07720948997;2422:69021.88992735658;1921:69027.06641747546;1023:69035.1573986612;2417:69069.22522717899;2994:69094.02698061116;2996:69112.99244432682;2991:69122.87018724438;2995:69129.70535851145;3506:69161.1674012947;3000:69165.64053562257;3961:69229.51763119819;3814:69239.78918461327;3815:69256.18204505614;3510:69291.29274115624;2997:69303.96466275347;2682:69311.42022305587;3516:69317.24208863555;3928:69359.74951041126;2998:69366.17669697528;3752:69426.6790792682;3286:69438.12727026874;3445:69456.0832895382;3443:69473.28157691807;2895:69488.74922519791;3444:69495.31269311343;3283:69558.11608606088;3132:69571.07952928416;97:69581.76684256624;2849:69635.92434579965;3296:69637.96517734994;3293:69639.2042808344;648:69675.1302032839;1693:69692.11555648784;1854:69722.26498604087;1974:69853.22582767499;1156:69868.01491078455
0,4,default_vehtype,boarding,True,-1,69868.01491078455,69898.01491078455,69868.01491078455,0.0,1156;-1;-1,1156;-1;-1,0.0,0.9822704787625899,0.9822704787625899,0,,0,431,1,,431,,
0,0,default_vehtype,out_of_service,True,-1,49077.749797216224,70000.0,49077.749797216224,0.0,2009;-1;-1,2009;-1;-1,0.0,0.9872841980953211,0.9872841980953211,0.0,,0,,0,,,,
0,3,default_vehtype,route,False,-1000,68518.77860911477,70088.72199781712,68518.77860911477,0.0,3958;-1;-1,2355;-1;-1,10556.300837388,0.9850049858377058,0.983949355753966,0.0,,0,440,1,,,3958;2893;2782;3950;3047;398;3045;3875;3135;3136;4065;3137;181;3407;2646;2654;2862;2857;3335;2635;2583;134;3351;3352;3350;749;748;544;747;746;2355,3958:68518.77860911477;2893:68548.04716640183;2782:68550.73262809892;3950:68570.97076609271;3047:68576.21768365418;398:68578.4480686334;3045:68579.95052524979;3875:68583.72580289716;3135:68668.3886958505;3136:68704.47992968553;4065:68731.16319222027;3137:68740.28740073842;181:68822.32919361621;3407:68997.72739454391;2646:69031.20591715843;2654:69080.3281247656;2862:69190.15888543794;2857:69271.01348193151;3335:69388.66656079615;2635:69541.01509674382;2583:69610.97054745487;134:69615.74478591488;3351:69645.33880400106;3352:69672.46882616816;3350:69707.73762591794;749:69738.66268399665;748:69769.69400447825;544:69804.9864751638;747:69840.9028913516;746:69865.37625416;2355:70088.72199781712
0,3,default_vehtype,boarding,True,-1,70088.72199781712,70118.72199781712,70088.72199781712,0.0,2355;-1;-1,2355;-1;-1,0.0,0.983949355753966,0.983949355753966,0.0,,0,440,1,,440,,
0,5,default_vehtype,route,False,-1000,69275.12321786665,70523.7430399702,69275.12321786665,0.0,33;-1;-1,1587;-1;-1,5957.407866016996,0.9800667898781522,0.97947104909155,0.0,,0,444,1,,,33;2638;2637;134;3351;334;988;387;1483;2669;1482;3182;3107;2837;105;3839;3840;24;23;3122;2536;2762;2595;4076;3487;3557;3155;1588;2834;1587,33:69275.12321786665;2638:69312.6776668817;2637:69319.05946010999;134:69350.48337076664;3351:69380.07738885282;334:69383.91428458896;988:69458.38476056856;387:69544.14954572394;1483:69616.0053774515;2669:69708.43918232314;1482:69715.57566735742;3182:69770.10199979745;3107:69794.64507063603;2837:69875.14640029932;105:70080.88602872964;3839:70094.56162784764;3840:70120.73534687344;24:70175.37682649706;23:70178.59764782728;3122:70284.93509714252;2536:70312.88129373977;2762:70337.3158410548;2595:70391.4648785802;4076:70420.76229960594;3487:70474.66859344172;3557:70476.74825313728;3155:70492.86569581035;1588:70502.62829133256;2834:70520.59223680334;1587:70523.7430399702
0,5,default_vehtype,boarding,True,-1,70523.7430399702,70553.7430399702,70523.7430399702,0.0,1587;-1;-1,1587;-1;-1,0.0,0.97947104909155,0.97947104909155,0.0,,0,444,1,,444,,
0,6,default_vehtype,route,False,-1000,69090.25421121958,70590.63806594234,69090.25421121958,0.0,3675;-1;-1,2893;-1;-1,8305.008544968012,0.5564537381895531,0.5556232373350558,0.0,,0,443,1,,,3675;2133;2191;2687;2688;2906;2867;3684;3749;3750;4004;2632;4067;2633;331;419;2863;3995;2864;3448;199;198;197;2701;2656;2699;2654;2646;3407;181;3137;4065;3136;3135;3875;3045;398;3047;3950;2782;2893,3675:69090.25421121958;2133:69126.79983898163;2191:69133.41946199904;2687:69286.17249620253;2688:69360.9675249493;2906:69450.19650749031;2867:69461.79375699174;3684:69464.51616798152;3749:69478.42175100093;3750:69490.6663320396;4004:69510.90173051598;2632:69512.8514280815;4067:69514.82500122408;2633:69634.900268453;331:69657.1159962747;419:69674.41364119794;2863:69700.34298664026;3995:69746.36564953341;2864:69748.25810181303;3448:69754.59861918699;199:69772.85248847003;198:69815.37784695008;197:69818.43080509464;2701:69839.81173531103;2656:69850.78401506566;2699:69854.11308968668;2654:69922.28274734314;2646:70054.72907866133;3407:70209.09436231067;181:70320.5028708846;3137:70372.56718523607;4065:70393.06728870004;3136:70462.41488757379;3135:70504.06012562173;3875:70532.34970533411;3045:70536.8776415237;398:70537.71863078911;3047:70540.44237196782;3950:70548.71688535986;2782:70588.46385165224;2893:70590.63806594234
0,6,default_vehtype,boarding,True,-1,70590.63806594234,70620.63806594234,70590.63806594234,0.0,2893;-1;-1,2893;-1;-1,0.0,0.5556232373350558,0.5556232373350558,0.0,,0,443,1,,443,,
