request_id,rq_type,number_passenger,rq_time,earliest_pickup_time,start,end,pickup_location,dropoff_location,access_time,egress_time,direct_route_travel_time,direct_route_distance,offers,rider_declined,decision_time,chosen_operator_id,operator_id,vehicle_id,vehicle_id_cancelled_rq,pickup_time,dropoff_time,fare,modal_state,initial_expected_wait_time,last_wait_time,diffusion_cancelled,diffusion_decision_time,max_diff_dec_time_reached,last_diffusion_state_value,no_show_stat,diffusion_state_values,second_vehicle_assigned,assigned_vids,looser_vid
0,BasicRequest_no_show,1,25260,25260,1169;-1;-1,3613;-1;-1,,,,,379.730806386,3488.96795059,0:t_wait:250.65292100250008;t_drive:679.730806386;fare:348,False,,0,0,7,,25619.759654521156,26244.23829347318,348,0,,250.65292100250008,False,25269.849999999857,False,80.0481447281491,False,[],False,,
1,BasicRequest_no_show,1,25260,25260,3964;-1;-1,442;-1;-1,,,,,688.9644988845,4660.77485407,0:t_wait:369.14300729849856;t_drive:988.9644988844993;fare:466,False,,0,0,6,,25691.800833003424,26596.97112792726,466,0,,369.14300729849856,False,25265.39999999992,False,82.43833010121621,False,[],True,"(6, 11)",11
2,BasicRequest_no_show,1,25500,25500,1887;-1;-1,1587;-1;-1,,,,,839.3567967162858,6818.626770446999,0:t_wait:459.8187916687493;t_drive:1139.3567967162853;fare:681,False,,0,0,8,,25974.294098157614,26904.16665438312,681,0,,459.8187916687493,False,25505.299999999923,False,80.07511815556963,False,[],False,,
3,BasicRequest_no_show,1,25920,25920,1323;-1;-1,1587;-1;-1,,,,,869.631571262201,11283.945719009998,0:t_wait:73.09489247823149;t_drive:1169.6315712622018;fare:1128,False,,0,0,9,,25993.09489247823,27118.76608091059,1128,0,,73.09489247823149,False,25924.69999999993,False,82.11906597622637,False,[],False,,
10,BasicRequest_no_show,1,27780,27780,366;-1;-1,1047;-1;-1,,,,,818.1301007064224,6639.495182204,0:,False,,,,,,,,,0,,,False,,False,,False,[],False,,
11,BasicRequest_no_show,1,27900,27900,1125;-1;-1,2064;-1;-1,,,,,739.9620352688476,6596.00461104,0:,False,,,,,,,,,0,,,False,,False,,False,[],False,,
4,BasicRequest_no_show,1,26400,26400,1176;-1;-1,3562;-1;-1,,,,,871.1458238729645,8132.979935830001,0:t_wait:292.9765262482797;t_drive:1171.1458238729647;fare:813,False,,0,0,7,,26719.487975973465,28030.197532994578,813,0,,292.9765262482797,False,26406.8999999999,False,81.66799034117057,False,[],False,,
13,BasicRequest_no_show,1,28320,28320,2355;-1;-1,1520;-1;-1,,,,,849.1033687418136,5576.25763896,0:,False,,,,,,,,,0,,,False,,False,,False,[],False,,
14,BasicRequest_no_show,1,28320,28320,852;-1;-1,1140;-1;-1,,,,,1687.077383904456,14740.558612135002,0:,False,,,,,,,,,0,,,False,,False,,False,[],False,,
15,BasicRequest_no_show,1,28500,28500,332;-1;-1,2094;-1;-1,,,,,879.3671768331901,8828.933635930001,0:t_wait:1420.2329784761532;t_drive:1179.3671768331915;fare:882,True,,,,,,,,,0,,,False,,False,,False,[],False,,
16,BasicRequest_no_show,1,28680,28680,3232;-1;-1,33;-1;-1,,,,,754.9411027136234,7357.870522260002,0:t_wait:1066.7930747083738;t_drive:1054.941102713623;fare:735,False,28710,0,,,,,,735,0,,1066.7930747083738,True,28710,True,-8.360029529079176,False,[],False,,
6,BasicRequest_no_show,1,27180,27180,418;-1;-1,1587;-1;-1,,,,,954.7265833008358,9461.304579696998,0:t_wait:630.5588964507187;t_drive:1254.726583300835;fare:946,False,,0,0,11,,27820.699160342963,28990.02900141673,946,0,,630.5588964507187,False,27186.049999999912,False,80.65653281928081,False,[],False,,
18,BasicRequest_no_show,1,29100,29100,1807;-1;-1,3665;-1;-1,,,,,807.4902344368079,5552.98228709,0:t_wait:1071.7711717934253;t_drive:1107.4902344368093;fare:555,True,,,,,,,,,0,,,False,,False,,False,[],False,,
19,BasicRequest_no_show,1,29160,29160,3661;-1;-1,428;-1;-1,,,,,620.0917821804765,5161.51608731,0:t_wait:1199.6013913613497;t_drive:920.091782180476;fare:516,True,,,,,,,,,0,,,False,,False,,False,[],False,,
7,BasicRequest_no_show,1,27240,27240,1889;-1;-1,2617;-1;-1,,,,,1016.3624002128051,10699.45155454,0:t_wait:681.0311608050906;t_drive:1316.3624002128054;fare:1069,False,,0,0,6,,28060.905407904116,29365.51473363666,1069,0,,681.0311608050906,False,27246.549999999905,False,82.97441593347726,False,[],True,"(6, 7)",7
9,BasicRequest_no_show,1,27660,27660,325;-1;-1,3988;-1;-1,,,,,350.4303028686733,4942.31247601,0:t_wait:790.3988926627244;t_drive:650.4303028686736;fare:494,False,,0,0,9,,28886.00542940777,29413.26146090379,494,0,,790.3988926627244,False,27674.949999999782,False,80.81428085939271,False,[],False,,
5,BasicRequest_no_show,1,27060,27060,3723;-1;-1,2508;-1;-1,,,,,1036.8326241450304,11244.37278958,0:t_wait:612.8563683205502;t_drive:1336.8326241450304;fare:1124,False,,0,0,10,,28125.657261129458,29623.332950098964,1124,0,,612.8563683205502,False,27064.599999999933,False,80.93234756412139,False,[],False,,
12,BasicRequest_no_show,1,28260,28260,495;-1;-1,3562;-1;-1,,,,,691.4381896065756,5245.792064872001,0:t_wait:568.266356938766;t_drive:991.4381896065752;fare:524,False,,0,0,7,,29077.880412084698,29817.95852460513,524,0,,568.266356938766,False,28265.799999999916,False,80.20113760826335,False,[],False,,
23,BasicRequest_no_show,1,29880,29880,2823;-1;-1,2675;-1;-1,,,,,662.984747284072,6021.072025226,0:t_wait:1279.1794270816463;t_drive:962.9847472840702;fare:602,True,,,,,,,,,0,,,False,,False,,False,[],False,,
8,BasicRequest_no_show,1,27420,27420,3151;-1;-1,422;-1;-1,,,,,1246.6341333637336,11001.057532882998,0:t_wait:982.0707459978003;t_drive:1546.634133363732;fare:1100,False,,0,0,8,,28478.034172671385,30237.770217616988,1100,0,,982.0707459978003,False,27450,True,36.788750166807226,False,[],False,,
26,BasicRequest_no_show,1,30360,30360,3516;-1;-1,3852;-1;-1,,,,,371.361362391468,4666.15724979,0:t_wait:1479.467048331535;t_drive:671.361362391468;fare:466,True,,,,,,,,,0,,,False,,False,,False,[],False,,
27,BasicRequest_no_show,1,30600,30600,3529;-1;-1,3562;-1;-1,,,,,948.2561127050755,7700.894967009999,0:t_wait:1184.3295715023196;t_drive:1248.2561127050722;fare:770,False,30630,0,,,,,,770,0,,1184.3295715023196,True,30630,True,-26.405374239297434,False,[],True,,
29,BasicRequest_no_show,1,30720,30720,3442;-1;-1,427;-1;-1,,,,,475.34504570240404,3011.523615643,0:,False,,,,,,,,,0,,,False,,False,,False,[],False,,
30,BasicRequest_no_show,1,30780,30780,2403;-1;-1,3266;-1;-1,,,,,541.8604082660747,4031.0639149999997,0:t_wait:1147.236092653351;t_drive:841.860408266075;fare:403,True,,,,,,,,,0,,,False,,False,,False,[],False,,
31,BasicRequest_no_show,1,30780,30780,2311;-1;-1,3562;-1;-1,,,,,174.1004533394037,1126.78925289,0:t_wait:1488.9572094130563;t_drive:474.10045333940434;fare:112,True,,,,,,,,,0,,,False,,False,,False,[],False,,
32,BasicRequest_no_show,1,30840,30840,3417;-1;-1,427;-1;-1,,,,,402.70328464052994,2792.51806837,0:,False,,,,,,,,,0,,,False,,False,,False,[],False,,
33,BasicRequest_no_show,1,30840,30840,3178;-1;-1,1587;-1;-1,,,,,814.9899167619645,9360.096137946999,0:t_wait:1332.1774781576642;t_drive:1114.9899167619624;fare:936,True,,,,,,,,,0,,,False,,False,,False,[],False,,
34,BasicRequest_no_show,1,30900,30900,1541;-1;-1,3972;-1;-1,,,,,1028.8990183533938,7342.98886791,0:t_wait:1439.4259336094874;t_drive:1328.8990183533933;fare:734,True,,,,,,,,,0,,,False,,False,,False,[],False,,
35,BasicRequest_no_show,1,31020,31020,3750;-1;-1,3478;-1;-1,,,,,834.8682597606139,5056.4474958030005,0:t_wait:1369.6141879942115;t_drive:1134.868259760613;fare:505,True,,,,,,,,,0,,,False,,False,,False,[],False,,
37,BasicRequest_no_show,1,31200,31200,1504;-1;-1,3313;-1;-1,,,,,410.37139907775196,2952.3214669300005,0:t_wait:1494.1061944674038;t_drive:710.3713990777505;fare:295,True,,,,,,,,,0,,,False,,False,,False,[],False,,
38,BasicRequest_no_show,1,31260,31260,3931;-1;-1,3754;-1;-1,,,,,750.5656365754684,6258.74975079,0:t_wait:1258.9630475062877;t_drive:1050.5656365754694;fare:625,False,31290,0,,,,,,625,0,,1258.9630475062877,True,31290,True,-34.432512714832036,False,[],False,,
22,BasicRequest_no_show,1,29760,29760,2319;-1;-1,1587;-1;-1,,,,,954.4013649829619,8403.448634557,0:t_wait:585.3962456503941;t_drive:1254.4013649829612;fare:840,False,,0,0,7,,30015.300355944968,31384.929383291128,840,0,,585.3962456503941,False,29767.949999999884,False,80.26403258264519,False,[],False,,
21,BasicRequest_no_show,1,29640,29640,1392;-1;-1,2098;-1;-1,,,,,680.9055675526974,6396.308475164,0:t_wait:933.8752945730557;t_drive:980.9055675526979;fare:639,False,,0,0,10,,30363.18728578541,31404.089218802288,639,0,,933.8752945730557,False,29657.74999999974,False,82.65395539907554,False,[],False,,
17,BasicRequest_no_show,1,28860,28860,1005;-1;-1,385;-1;-1,,,,,998.4664874190048,8522.026360733998,0:t_wait:1017.4517533584367;t_drive:1298.4664874190057;fare:852,False,,0,0,0,,30131.029224637063,31473.981023354103,852,0,,1017.4517533584367,False,28890,True,15.602390808748856,False,[],True,"(0, 11)",11
24,BasicRequest_no_show,1,30360,30360,1815;-1;-1,1047;-1;-1,,,,,869.3739207310175,4836.03248882,0:t_wait:172.91450014038855;t_drive:1169.3739207310173;fare:483,False,,0,0,8,,30532.914500140385,31494.93659370111,483,0,,172.91450014038855,False,30368.14999999988,False,81.02364102325811,False,[],False,,
41,BasicRequest_no_show,1,31560,31560,833;-1;-1,1493;-1;-1,,,,,198.21212909317336,1812.65624761,0:t_wait:1127.1839370106682;t_drive:498.21212909317546;fare:181,False,31590,0,,,,,,181,0,,1127.1839370106682,True,31590,True,-25.56169602758939,False,[],False,,
25,BasicRequest_no_show,1,30360,30360,821;-1;-1,2858;-1;-1,,,,,603.3628872579882,5138.85297168,0:t_wait:656.6566788592063;t_drive:903.3628872579866;fare:513,False,,0,0,11,,31081.171299855774,31819.540393174553,513,0,,656.6566788592063,False,30368.099999999882,False,80.92180005564273,False,[],False,,
20,BasicRequest_no_show,1,29520,29520,1591;-1;-1,3484;-1;-1,,,,,1505.790423418822,13091.508001364002,0:t_wait:444.4959889966449;t_drive:1805.7904234188209;fare:1309,False,,0,0,9,,29964.495988996638,31870.551865861828,1309,0,,444.4959889966449,False,29527.299999999894,False,82.10077216966799,False,[],False,,
36,BasicRequest_no_show,2,31200,31200,866;-1;-1,1809;-1;-1,,,,,419.2338932024928,3400.33613025,0:t_wait:832.4805416195923;t_drive:719.2338932024941;fare:680,False,,0,0,10,,31715.087736526177,32098.657456887788,680,0,,832.4805416195923,False,31226.74999999961,False,84.58411394333305,False,[],False,,
45,BasicRequest_no_show,2,32400,32400,1391;-1;-1,1586;-1;-1,,,,,1659.2855118390003,15802.559269953003,0:t_wait:1204.3444076746673;t_drive:1959.2855118389998;fare:3160,True,,,,,,,,,0,,,False,,False,,False,[],False,,
39,BasicRequest_no_show,1,31320,31320,2205;-1;-1,849;-1;-1,,,,,485.01546435044406,3435.8794382900005,0:t_wait:844.2008659582534;t_drive:785.0154643504466;fare:343,False,,0,0,0,,31927.165133311613,32444.042888820906,343,0,,844.2008659582534,False,31350,True,56.359465093447504,False,[],False,,
28,BasicRequest_no_show,1,30660,30660,1;-1;-1,1809;-1;-1,,,,,650.0248243671845,6563.28226794,0:t_wait:651.1958018661935;t_drive:950.0248243671849;fare:656,False,,0,0,6,,31764.19382684935,32660.792943833083,656,0,,651.1958018661935,False,30667.349999999893,False,80.6560243536182,False,[],False,,
40,BasicRequest_no_show,1,31440,31440,2311;-1;-1,3562;-1;-1,,,,,174.1004533394037,1126.78925289,0:t_wait:901.7399879857112;t_drive:474.1004533394007;fare:112,False,,0.0,0.0,8.0,,32552.609006299812,32759.376527866778,112.0,0,,901.7399879857112,False,31455.69999999977,False,81.40331306831479,False,[],False,,
48,BasicRequest_no_show,1,32760,32760,3171;-1;-1,3562;-1;-1,,,,,485.38380908366594,4542.481688740001,0:t_wait:780.2392759407812;t_drive:785.3838090836653;fare:454,True,,,,,,,,,0,,,False,,False,,False,[],False,,
42,BasicRequest_no_show,1,31740,31740,2168;-1;-1,1687;-1;-1,,,,,281.0952035639505,3419.00660066,0:t_wait:963.5253436541316;t_drive:581.0952035639493;fare:341,False,,0,0,11,,32479.863932742064,32929.649458942324,341,0,,963.5253436541316,False,31770,True,39.153328224333634,False,[],False,,
51,BasicRequest_no_show,1,33000,33000,1014;-1;-1,3562;-1;-1,,,,,472.55013520463706,2346.702982501,0:t_wait:1130.6275974184973;t_drive:772.550135204634;fare:234,True,,,,,,,,,0,,,False,,False,,False,[],False,,
52,BasicRequest_no_show,2,33120,33120,802;-1;-1,3541;-1;-1,,,,,1177.3006335126042,10036.33223556,0:t_wait:1384.194345697906;t_drive:1477.3006335126047;fare:2007,True,,,,,,,,,0,,,False,,False,,False,[],False,,
53,BasicRequest_no_show,1,33120,33120,1985;-1;-1,1587;-1;-1,,,,,1424.7159723082423,10123.568072636997,0:t_wait:1390.7865823086395;t_drive:1724.715972308244;fare:1012,True,,,,,,,,,0,,,False,,False,,False,[],False,,
54,BasicRequest_no_show,1,33120,33120,3752;-1;-1,1610;-1;-1,,,,,680.8092783433439,3918.48277182,0:t_wait:1189.5662036660578;t_drive:980.8092783433458;fare:391,True,,,,,,,,,0,,,False,,False,,False,[],False,,
56,BasicRequest_no_show,1,33420,33420,2054;-1;-1,704;-1;-1,,,,,1481.0454987657727,16217.959371190003,0:t_wait:1241.817763337007;t_drive:1781.0454987657722;fare:1621,False,33450,0,,,,,,1621,0,,1241.817763337007,True,33450,True,-33.62985937003929,False,[],False,,
46,BasicRequest_no_show,1,32580,32580,2385;-1;-1,2098;-1;-1,,,,,542.5808759562102,5526.008457928001,0:t_wait:220.7840005822727;t_drive:842.5808759562133;fare:552,False,,0,0,4,,32800.784000582265,33617.38633816442,552,0,,220.7840005822727,False,32589.59999999986,False,80.71164773839968,False,[],False,,
58,BasicRequest_no_show,1,33720,33720,1336;-1;-1,3475;-1;-1,,,,,538.422926391358,3634.01122889,0:t_wait:1177.5232896479865;t_drive:838.4229263913585;fare:363,True,,,,,,,,,0,,,False,,False,,False,[],False,,
60,BasicRequest_no_show,1,33720,33720,319;-1;-1,3475;-1;-1,,,,,759.2031844973653,4300.65188336,0:t_wait:1258.195537403706;t_drive:1059.203184497368;fare:430,True,,,,,,,,,0,,,False,,False,,False,[],False,,
47,BasicRequest_no_show,1,32700,32700,3178;-1;-1,1809;-1;-1,,,,,672.8968238837324,6098.515442909999,0:t_wait:213.80725300816994;t_drive:972.8968238837333;fare:609,False,,0,0,0,,32913.80725300816,33775.662526125576,609,0,,213.80725300816994,False,32706.8499999999,False,80.80709257126115,False,[],True,"(0, 8)",8
44,BasicRequest_no_show,2,32220,32220,1312;-1;-1,3044;-1;-1,,,,,1129.1746295040439,8880.51018052,0:t_wait:587.2873787341377;t_drive:1429.174629504043;fare:1776,False,,0,0,10,,32808.90725624248,33840.83001524677,1776,0,,587.2873787341377,False,32225.799999999916,False,82.36180401349257,False,[],False,,
49,BasicRequest_no_show,1,32880,32880,748;-1;-1,4068;-1;-1,,,,,621.6616862558084,4519.3444045880005,0:t_wait:428.360407622451;t_drive:921.6616862558076;fare:451,False,,0,0,6,,33407.51653524073,33967.67101394731,451,0,,428.360407622451,False,32884.75000000028,False,80.96921847887427,False,[],False,,
63,BasicRequest_no_show,1,34320,34320,236;-1;-1,3562;-1;-1,,,,,301.1630636516021,1784.31672833,0:t_wait:1387.4614169934866;t_drive:601.1630636516056;fare:178,True,,,,,,,,,0,,,False,,False,,False,[],False,,
64,BasicRequest_no_show,1,34380,34380,1994;-1;-1,3475;-1;-1,,,,,302.0089859119106,1679.0695642800001,0:t_wait:1310.4808258095582;t_drive:602.0089859119107;fare:167,False,34390,0,,,,,,167,0,,1228.4402478465418,True,34398.20000000106,False,-82.13831978268287,False,[],True,,
65,BasicRequest_no_show,1,34380,34380,4050;-1;-1,1587;-1;-1,,,,,1260.0746868768088,8423.312875266998,0:t_wait:1366.444224669729;t_drive:1560.074686876811;fare:842,False,34410,0,,,,,,842,0,,1166.1434269649544,True,34410,True,-21.124872587945386,False,[],False,,
66,BasicRequest_no_show,1,34560,34560,1234;-1;-1,2122;-1;-1,,,,,687.0012892951357,5026.941893906,0:t_wait:1075.2397229829003;t_drive:987.0012892951345;fare:502,True,,,,,,,,,0,,,False,,False,,False,[],False,,
67,BasicRequest_no_show,1,34740,34740,189;-1;-1,3044;-1;-1,,,,,933.1275757157377,9853.856156539998,0:t_wait:900.757912886962;t_drive:1233.1275757157346;fare:985,True,,,,,,,,,0,,,False,,False,,False,[],False,,
43,BasicRequest_no_show,1,31860,31860,2448;-1;-1,898;-1;-1,,,,,1413.286954708151,12552.941814446,0:t_wait:956.2813172481619;t_drive:1713.28695470815;fare:1255,False,,0,0,9,,32553.338456855952,34766.38483701967,1255,0,,963.4896335449521,False,31890,True,44.17807294257823,False,[],False,,
57,BasicRequest_no_show,1,33600,33600,276;-1;-1,833;-1;-1,,,,,650.5329441915688,4041.36946662,0:t_wait:870.6270213679745;t_drive:950.5329441915674;fare:404,False,,0,0,6,,34267.43127847654,35002.70746326596,404,0,,870.6270213679745,False,33628.20000000164,False,82.855281842269,False,[],False,,
71,BasicRequest_no_show,1,35040,35040,2003;-1;-1,1736;-1;-1,,,,,825.719534181276,5231.60259343,0:,False,,,,,,,,,0,,,False,,False,,False,[],False,,
55,BasicRequest_no_show,1,33360,33360,3157;-1;-1,2911;-1;-1,,,,,798.5500848514664,4986.677021945001,0:t_wait:1044.8091133458438;t_drive:1098.550084851464;fare:498,False,,0,0,0,,34216.43088054537,35212.74397508776,498,0,,1044.8091133458438,False,33390,True,41.81081030762897,False,[],False,,
74,BasicRequest_no_show,1,35280,35280,2317;-1;-1,3562;-1;-1,,,,,330.5907593304181,2084.4476618710005,0:t_wait:1015.4254621141299;t_drive:630.5907593304146;fare:208,False,35310,0,,,,,,208,0,,1015.4254621141299,True,35310,True,-7.065908149361537,False,[],False,,
75,BasicRequest_no_show,1,35400,35400,1315;-1;-1,3562;-1;-1,,,,,673.4570700113311,4389.604152281,0:t_wait:1119.0273404738255;t_drive:973.4570700113327;fare:438,False,35430,0,,,,,,438,0,,1119.0273404738255,True,35430,True,-29.84218609107576,False,[],False,,
77,BasicRequest_no_show,1,35460,35460,1693;-1;-1,3562;-1;-1,,,,,1230.4707521731661,11303.992597371001,0:t_wait:1103.933826473898;t_drive:1530.4707521731689;fare:1130,True,,,,,,,,,0,,,False,,False,,False,[],False,,
78,BasicRequest_no_show,1,35520,35520,2944;-1;-1,2858;-1;-1,,,,,872.2901664530004,6880.69219378,0:t_wait:1491.4142662027516;t_drive:1172.290166453;fare:688,True,,,,,,,,,0,,,False,,False,,False,[],False,,
79,BasicRequest_no_show,1,35520,35520,2494;-1;-1,425;-1;-1,,,,,555.5176231804151,3836.9852745,0:t_wait:1422.343252209619;t_drive:855.5176231804144;fare:383,True,,,,,,,,,0,,,False,,False,,False,[],False,,
82,BasicRequest_no_show,1,35760,35760,3672;-1;-1,2846;-1;-1,,,,,1106.277274161338,7461.810730671999,0:t_wait:1352.5314469389996;t_drive:1406.2772741613371;fare:746,True,,,,,,,,,0,,,False,,False,,False,[],False,,
83,BasicRequest_no_show,1,35820,35820,3654;-1;-1,427;-1;-1,,,,,462.50803918651286,4547.1557936,0:t_wait:1465.0232546660554;t_drive:762.5080391865122;fare:454,True,,,,,,,,,0,,,False,,False,,False,[],False,,
50,BasicRequest_no_show,2,32940,32940,1391;-1;-1,1586;-1;-1,,,,,1659.2855118390003,15802.559269953003,0:t_wait:739.5882241286672;t_drive:1959.2855118389998;fare:3160,False,,0,0,11,,33969.118535353315,35830.61410768372,3160,0,,739.5882241286672,False,32946.50000000038,False,81.84610632553843,False,[],True,"(8, 11)",8.0
59,BasicRequest_no_show,1,33720,33720,199;-1;-1,1586;-1;-1,,,,,1330.7534477553354,14759.282894593001,0:t_wait:629.9672431310901;t_drive:1630.7534477553345;fare:1475,False,,0,0,11,,34268.662548198154,35830.61410768372,1475,0,,629.9672431310901,False,33725.90000000034,False,85.02360718449766,False,[],False,,
62,BasicRequest_no_show,1,34260,34260,2637;-1;-1,3702;-1;-1,,,,,688.1826038207744,7657.3933657,0:t_wait:408.0577844612635;t_drive:988.1826038207728;fare:765,False,,0,0,8,,35041.16443105439,35858.32664700961,765,0,,408.0577844612635,False,34266.450000000375,False,84.60976220445379,False,[],True,"(8, 7)",7
61,BasicRequest_no_show,1,34140,34140,3511;-1;-1,3432;-1;-1,,,,,1313.3000872707937,16377.011954018999,0:t_wait:275.67143413274607;t_drive:1613.3000872707926;fare:1637,False,,0,0,10,,34364.053959941935,35937.70108205242,1637,0,,275.67143413274607,False,34144.400000000256,False,80.89469655007683,False,[],False,,
84,BasicRequest_no_show,1,36000,36000,2224;-1;-1,3562;-1;-1,,,,,589.716098796375,2262.142248391,0:t_wait:1153.0577666387471;t_drive:889.7160987963725;fare:226,True,,,,,,,,,0,,,False,,False,,False,[],False,,
86,BasicRequest_no_show,1,36000,36000,1926;-1;-1,1587;-1;-1,,,,,1181.449668345217,12526.44738948,0:t_wait:1198.9449789382634;t_drive:1481.4496683452162;fare:1252,True,,,,,,,,,0,,,False,,False,,False,[],False,,
73,BasicRequest_no_show,1,35160,35160,749;-1;-1,2208;-1;-1,,,,,543.8086173052445,3263.9606672200002,0:t_wait:184.0293314839073;t_drive:843.8086173052434;fare:326,False,,0,0,7,,35348.75193402542,36025.86111224285,326,0,,184.0293314839073,False,35166.55000000038,False,80.65963435597226,False,[],False,,
87,BasicRequest_no_show,1,36120,36120,1013;-1;-1,333;-1;-1,,,,,723.167980711188,5414.59078306,0:t_wait:906.336372474776;t_drive:1023.1679807111868;fare:541,True,,,,,,,,,0,,,False,,False,,False,[],False,,
89,BasicRequest_no_show,1,36180,36180,3562;-1;-1,1722;-1;-1,,,,,516.3694927420139,3353.8506337809995,0:t_wait:1127.3571154288438;t_drive:816.3694927420147;fare:335,True,,,,,,,,,0,,,False,,False,,False,[],False,,
68,BasicRequest_no_show,2,34740,34740,1312;-1;-1,3044;-1;-1,,,,,1328.5507267470002,8681.859273148,0:t_wait:891.677347905359;t_drive:1628.550726747002;fare:1736,False,,0,0,6,,35291.20923128408,36370.450948271806,1736,0,,891.677347905359,False,34758.35000000107,False,80.36053800233205,False,[],False,,
90,BasicRequest_no_show,1,36480,36480,230;-1;-1,443;-1;-1,,,,,1337.8666239824638,10866.906355951996,0:t_wait:1063.9840176785801;t_drive:1637.866623982467;fare:1086,True,,,,,,,,,0,,,False,,False,,False,[],False,,
93,BasicRequest_no_show,1,36720,36720,1786;-1;-1,427;-1;-1,,,,,547.6389733932092,2854.0196630299997,0:t_wait:925.2718960375132;t_drive:847.6389733932083;fare:285,True,,,,,,,,,0,,,False,,False,,False,[],False,,
80,BasicRequest_no_show,1,35640,35640,674;-1;-1,427;-1;-1,,,,,367.8003918344093,4197.14408963,0:t_wait:751.8801348172638;t_drive:667.8003918344111;fare:419,False,,0,0,8,,36268.13930451619,36737.1407540023,419,0,,751.8801348172638,False,35646.70000000039,False,80.41870752645666,False,[],False,,
69,BasicRequest_no_show,1,34920,34920,870;-1;-1,3562;-1;-1,,,,,551.5220245297512,5050.409852571001,0:t_wait:807.6154366748669;t_drive:851.5220245297533;fare:505,False,,0,0,4,,35820.04155941122,36775.07571333379,505,0,,807.6154366748669,False,34927.40000000043,False,80.07401793972817,False,[],False,,
96,BasicRequest_no_show,1,36840,36840,3315;-1;-1,1587;-1;-1,,,,,1023.2025151428552,13258.712156059999,0:t_wait:1185.225391460539;t_drive:1323.2025151428534;fare:1325,False,36870,0,,,,,,1325,0,,1185.225391460539,True,36870,True,-41.85663292754308,False,[],True,,
97,BasicRequest_no_show,1,36900,36900,1060;-1;-1,427;-1;-1,,,,,576.6437739456802,3570.6819099800005,0:,False,,,,,,,,,0,,,False,,False,,False,[],False,,
98,BasicRequest_no_show,1,36900,36900,3537;-1;-1,3562;-1;-1,,,,,1059.643682964543,8032.686805336,0:,False,,,,,,,,,0,,,False,,False,,False,[],False,,
99,BasicRequest_no_show,1,36900,36900,2508;-1;-1,1587;-1;-1,,,,,1267.7885603256686,8379.163347997,0:t_wait:1460.6627250826787;t_drive:1567.7885603256655;fare:837,True,,,,,,,,,0,,,False,,False,,False,[],False,,
100,BasicRequest_no_show,1,36900,36900,332;-1;-1,2311;-1;-1,,,,,651.0871265980818,3580.7739919180003,0:,False,,,,,,,,,0,,,False,,False,,False,[],False,,
72,BasicRequest_no_show,1,35040,35040,1080;-1;-1,427;-1;-1,,,,,1124.33366350089,10227.09585424,0:t_wait:525.810867693559;t_drive:1424.333663500889;fare:1022,False,,0,0,0,,35295.96595566181,36924.09705768181,1022,0,,525.810867693559,False,35047.00000000041,False,82.98560445823692,False,[],False,,
101,BasicRequest_no_show,1,37080,37080,1802;-1;-1,2122;-1;-1,,,,,1254.3816446936899,4501.09819023,0:t_wait:1335.1433540006838;t_drive:1554.3816446936908;fare:450,True,,,,,,,,,0,,,False,,False,,False,[],False,,
102,BasicRequest_no_show,1,37140,37140,1923;-1;-1,3562;-1;-1,,,,,734.8895683283179,5296.090593189001,0:t_wait:1381.3268774967946;t_drive:1034.889568328319;fare:529,True,,,,,,,,,0,,,False,,False,,False,[],False,,
104,BasicRequest_no_show,1,37260,37260,3117;-1;-1,1587;-1;-1,,,,,1266.942336810203,8390.936497927,0:t_wait:900.6100468557051;t_drive:1566.9423368101998;fare:839,True,,,,,,,,,0,,,False,,False,,False,[],False,,
106,BasicRequest_no_show,1,37380,37380,1028;-1;-1,1827;-1;-1,,,,,1562.2235284367143,15963.683120769998,0:t_wait:1232.3942633749684;t_drive:1862.2235284367125;fare:1596,True,,,,,,,,,0,,,False,,False,,False,[],False,,
88,BasicRequest_no_show,1,36180,36180,428;-1;-1,2155;-1;-1,,,,,454.3309497458533,3758.0347855980003,0:t_wait:790.4442959951557;t_drive:754.330949745854;fare:375,False,,0,0,0,,37008.57097670496,37451.420988044185,375,0,,790.4442959951557,False,36197.50000000102,False,80.54866120867977,False,[],False,,
107,BasicRequest_no_show,1,37500,37500,301;-1;-1,3807;-1;-1,,,,,792.3692619499184,6830.69186932,0:,False,,,,,,,,,0,,,False,,False,,False,[],False,,
85,BasicRequest_no_show,1,36000,36000,1311;-1;-1,3562;-1;-1,,,,,252.0308914997949,2460.781287209,0:t_wait:953.5922432727893;t_drive:552.030891499795;fare:246,False,,0,0,4,,37117.803024295055,37569.665195419126,246,0,,953.5922432727893,False,36030,True,36.629162566721035,False,[],False,,
70,BasicRequest_no_show,1,34980,34980,2599;-1;-1,3691;-1;-1,,,,,819.9444856667833,7633.21747408,0:t_wait:871.2756637550774;t_drive:1119.9444856667833;fare:763,False,,0,0,9,,36012.95268540321,37611.25792109983,763,0,,871.2756637550774,False,35010,True,56.77820477164239,False,[],False,,
92,BasicRequest_no_show,1,36600,36600,1503;-1;-1,427;-1;-1,,,,,451.39751223809924,2376.27212035,0:t_wait:1010.8532705368198;t_drive:751.3975122381016;fare:237,False,,0,0,8,,37160.533609056525,37692.203730358124,237,0,,1010.8532705368198,False,36630,True,32.06412449045793,False,[],False,,
81,BasicRequest_no_show,1,35700,35700,1281;-1;-1,989;-1;-1,,,,,606.6133204018756,4540.37926554,0:t_wait:870.9202601427023;t_drive:906.613320401877;fare:454,False,,0,0,7,,36604.26762672409,37710.75737271234,454,0,,870.9202601427023,False,35716.900000000984,False,80.84352122897577,False,[],False,,
94,BasicRequest_no_show,1,36780,36780,748;-1;-1,427;-1;-1,,,,,361.4215228528391,2191.3378073100002,0:t_wait:982.4762675193779;t_drive:661.421522852841;fare:219,False,,0,0,7,,37862.67706435447,38344.869971076565,219,0,,982.4762675193779,False,36810,True,35.77100595642621,False,[],False,,
76,BasicRequest_no_show,1,35400,35400,1693;-1;-1,3562;-1;-1,,,,,1230.4707521731661,11303.992597371001,0:t_wait:1179.7777148689856;t_drive:1530.4707521731689;fare:1130,False,,0,0,2,,36876.410815589916,38429.334864057666,1130,0,,1179.7777148689856,False,35430,True,8.834057014560736,False,[],False,,
91,BasicRequest_no_show,1,36600,36600,2455;-1;-1,3475;-1;-1,,,,,619.3889271030013,5267.249219359999,0:t_wait:607.3827576949043;t_drive:919.3889271029984;fare:526,False,,0,0,6,,37723.069243092,38545.3663536422,526,0,,607.3827576949043,False,36605.85000000034,False,80.1504245062982,False,[],False,,
105,BasicRequest_no_show,1,37380,37380,2001;-1;-1,802;-1;-1,,,,,745.1239245681253,5758.493357570001,0:t_wait:765.0946357800276;t_drive:1045.1239245681281;fare:575,False,,0,0,0,,37907.002545837924,38682.95780117473,575,0,,765.0946357800276,False,37386.65000000039,False,80.47337464141793,False,[],False,,
95,BasicRequest_no_show,1,36840,36840,2823;-1;-1,3266;-1;-1,,,,,858.2127767692997,5629.7618768600005,0:t_wait:884.2328897958578;t_drive:1158.2127767693019;fare:562,False,,0,0,11,,37878.70744907668,38813.754369850896,562,0,,884.2328897958578,False,36851.600000000675,False,80.18737875285184,False,[],True,"(11, 10)",10
108,BasicRequest_no_show,1,37860,37860,637;-1;-1,1454;-1;-1,,,,,160.41415177248962,2035.52406944,0:t_wait:461.1708175346939;t_drive:460.4141517724929;fare:203,False,,0,0,9,,38523.92750126403,38974.851597971676,203,0,,461.1708175346939,False,37866.20000000036,False,80.8438105737451,False,[],False,,
103,BasicRequest_no_show,1,37260,37260,427;-1;-1,3691;-1;-1,,,,,854.8945320359167,6155.025487262999,0:t_wait:352.7465689845121;t_drive:1154.8945320359198;fare:615,False,,0,0,8,,37692.203730358124,39003.077710246645,615,0,,352.7465689845121,False,37267.75000000045,False,82.32687841864035,False,[],False,,
119,BasicRequest_no_show,2,39180,39180,3948;-1;-1,1587;-1;-1,,,,,1053.5350401319834,11594.095915040001,0:t_wait:1006.9427348159516;t_drive:1353.535040131981;fare:2318,True,,,,,,,,,0,,,False,,False,,False,[],False,,
112,BasicRequest_no_show,1,38400,38400,598;-1;-1,524;-1;-1,,,,,524.6520828376006,3871.85621275,0:t_wait:462.63346363657183;t_drive:824.6520828376015;fare:387,False,,0,0,6,,38607.76699189756,39186.208357575604,387,0,,462.63346363657183,False,38406.40000000037,False,82.17588606518194,False,[],False,,
120,BasicRequest_no_show,1,39360,39360,3572;-1;-1,2404;-1;-1,,,,,559.3530599399977,3267.63315357,0:t_wait:812.9195591793323;t_drive:859.3530599399965;fare:326,True,,,,,,,,,0,,,False,,False,,False,[],False,,
113,BasicRequest_no_show,1,38580,38580,824;-1;-1,3562;-1;-1,,,,,301.22179154166565,2803.594938651,0:t_wait:723.064542847118;t_drive:601.2217915416622;fare:280,False,,0,0,0,,39042.50230132296,39522.9167188319,280,0,,723.064542847118,False,38587.650000000445,False,81.93742724927499,False,[],False,,
114,BasicRequest_no_show,1,38640,38640,3931;-1;-1,427;-1;-1,,,,,316.41089559004024,2340.25991277,0:t_wait:899.7829912063971;t_drive:616.4108955900374;fare:234,False,,0,0,11,,39271.520073123495,39541.27922361178,234,0,,899.7829912063971,False,38650.10000000059,False,80.05630674633558,False,[],False,,
109,BasicRequest_no_show,1,37980,37980,2131;-1;-1,3562;-1;-1,,,,,366.274103107365,2755.91269502,0:t_wait:582.4617893834948;t_drive:666.2741031073674;fare:275,False,,0,0,4,,38640.2134438982,39561.22732921787,275,0,,582.4617893834948,False,37991.90000000069,False,80.82188812844159,False,[],False,,
111,BasicRequest_no_show,1,38160,38160,731;-1;-1,3562;-1;-1,,,,,603.2893840519207,4337.148373773,0:t_wait:659.0046192807567;t_drive:903.2893840519173;fare:433,False,,0,0,10,,38852.64462704382,39709.61345765984,433,0,,659.0046192807567,False,38166.35000000037,False,80.41323818646002,False,[],True,"(10, 2)",2
117,BasicRequest_no_show,1,38940,38940,1941;-1;-1,3562;-1;-1,,,,,490.6613262434905,4194.215577493,0:t_wait:278.1920467358723;t_drive:790.6613262434912;fare:419,False,,0,0,10,,39115.450211786694,39709.61345765984,419,0,,178.02518540568417,False,38946.55000000038,False,80.53186961600923,False,[],True,"(2, 10)",2
110,BasicRequest_no_show,1,38100,38100,664;-1;-1,2220;-1;-1,,,,,574.1810807381218,4175.24215938,0:t_wait:1014.7254531136641;t_drive:874.1810807381189;fare:417,False,,0,0,7,,39109.77056467676,39790.841594250596,417,0,,1014.7254531136641,False,38130,True,14.305676765870695,False,[],False,,
116,BasicRequest_no_show,1,38820,38820,414;-1;-1,427;-1;-1,,,,,887.8824471007906,5433.906683593001,0:t_wait:838.065336295731;t_drive:1187.8824471007902;fare:543,False,,0,0,8,,39440.05259974437,40435.91023545812,543,0,,838.065336295731,False,38835.25000000089,False,83.81436096590032,False,[],False,,
127,BasicRequest_no_show,1,40620,40620,2426;-1;-1,437;-1;-1,,,,,847.063779744099,5458.802397129,0:t_wait:324.6607274206326;t_drive:1147.0637797441013;fare:545,False,40620,0,,,,,,545,0,,1444.8816730449325,True,40628.45000000049,False,-80.23458828520525,False,[],False,,
118,BasicRequest_no_show,2,39120,39120,694;-1;-1,1587;-1;-1,,,,,1091.6735545175984,11759.950522800002,0:t_wait:627.8668521475847;t_drive:1391.673554517598;fare:2351,False,,0,0,2,,39734.55531900942,40832.26688351316,2351,0,,627.8668521475847,False,39130.60000000062,False,81.0059705678523,False,[],False,,
132,BasicRequest_no_show,1,40860,40860,4068;-1;-1,3266;-1;-1,,,,,519.38039411823,3078.9171305400005,0:t_wait:1407.720771374181;t_drive:819.3803941182268;fare:307,True,,,,,,,,,0,,,False,,False,,False,[],False,,
133,BasicRequest_no_show,3,40860,40860,2378;-1;-1,1429;-1;-1,,,,,1477.021304657991,14880.264683845997,0:t_wait:1217.3698803774241;t_drive:1777.0213046579884;fare:4464,True,,,,,,,,,0,,,False,,False,,False,[],False,,
123,BasicRequest_no_show,1,39780,39780,325;-1;-1,3971;-1;-1,,,,,524.2461814219483,3332.4992280589995,0:t_wait:771.9869527425835;t_drive:824.2461814219496;fare:333,False,,0,0,1,,40461.06540110735,40861.75835020291,333,0,,771.9869527425835,False,39786.800000000396,False,80.25598313024561,False,[],False,,
134,BasicRequest_no_show,1,40920,40920,1762;-1;-1,427;-1;-1,,,,,290.4429491332139,1771.77015429,0:t_wait:973.9825152112317;t_drive:590.4429491332121;fare:177,True,,,,,,,,,0,,,False,,False,,False,[],False,,
135,BasicRequest_no_show,1,40920,40920,2122;-1;-1,1235;-1;-1,,,,,631.471611998484,4755.862087273001,0:t_wait:1178.0448320362702;t_drive:931.4716119984805;fare:475,True,,,,,,,,,0,,,False,,False,,False,[],False,,
122,BasicRequest_no_show,1,39600,39600,1517;-1;-1,2846;-1;-1,,,,,1335.280998612302,7346.422042002001,0:t_wait:254.49352546322916;t_drive:1635.280998612303;fare:734,False,,0,0,4,,39912.782469787475,40987.58960127116,734,0,,254.49352546322916,False,39612.90000000075,False,80.054163531297,False,[],False,,
115,BasicRequest_no_show,2,38820,38820,3526;-1;-1,1014;-1;-1,,,,,1217.0918008913334,9883.50211891,0:t_wait:739.1077291835536;t_drive:1517.0918008913359;fare:1976,False,,0,0,9,,39350.148922801185,40986.70846159111,1976,0,,739.1077291835536,False,38827.00000000041,False,80.43181545897014,False,[],False,,
138,BasicRequest_no_show,1,41100,41100,527;-1;-1,3474;-1;-1,,,,,402.55558323175956,3639.0090518029997,0:t_wait:983.652534435314;t_drive:702.5555832317623;fare:363,True,,,,,,,,,0,,,False,,False,,False,[],False,,
125,BasicRequest_no_show,1,39900,39900,137;-1;-1,1587;-1;-1,,,,,805.5911200721163,5656.326620905,0:t_wait:174.270002394107;t_drive:1105.5911200721166;fare:565,False,,0,0,7,,40074.270002394114,41129.5255126859,565,0,,174.270002394107,False,39904.900000000285,False,80.9019405780141,False,[],False,,
142,BasicRequest_no_show,1,41280,41280,439;-1;-1,460;-1;-1,,,,,1548.7156000564455,10208.88449531,0:t_wait:1165.2051723217155;t_drive:1848.7156000564428;fare:1020,True,,,,,,,,,0,,,False,,False,,False,[],False,,
130,BasicRequest_no_show,1,40740,40740,213;-1;-1,427;-1;-1,,,,,307.09345067159273,2025.6048525100002,0:t_wait:275.3462674978655;t_drive:607.093450671593;fare:202,False,,0,0,8,,41053.52556953044,41386.75311698835,202,0,,275.3462674978655,False,40752.300000000716,False,80.85947440954644,False,[],True,"(8, 10)",10
129,BasicRequest_no_show,1,40620,40620,2316;-1;-1,3562;-1;-1,,,,,262.5626156030779,2152.318747729,0:t_wait:257.65833002122235;t_drive:562.5626156030776;fare:215,False,,0,0,10,,40877.65833002122,41457.66613541803,215,0,,257.65833002122235,False,40630.85000000063,False,82.9958615258566,False,[],False,,
128,BasicRequest_no_show,1,40620,40620,1610;-1;-1,2347;-1;-1,,,,,509.788493224812,2894.20813763,0:t_wait:357.04216428034124;t_drive:809.7884932248126;fare:289,False,,0,0,6,,41037.95984474175,41530.74290011298,289,0,,357.04216428034124,False,40628.75000000051,False,80.07334174878339,False,[],False,,
145,BasicRequest_no_show,1,41580,41580,1454;-1;-1,3634;-1;-1,,,,,225.66654322508094,1885.42749483,0:t_wait:1181.8478323274321;t_drive:525.6665432250811;fare:188,True,,,,,,,,,0,,,False,,False,,False,[],False,,
131,BasicRequest_no_show,1,40800,40800,2863;-1;-1,3562;-1;-1,,,,,574.2791775657915,3828.5396625689996,0:t_wait:632.9965856288472;t_drive:874.2791775657897;fare:382,False,,0,0,1,,41158.82521741059,41813.8025335245,382,0,,632.9965856288472,False,40807.300000000425,False,82.053594804638,False,[],False,,
124,BasicRequest_no_show,1,39840,39840,3691;-1;-1,1227;-1;-1,,,,,1087.8068731568815,10316.72939576,0:t_wait:678.3242769909411;t_drive:1387.8068731568783;fare:1031,False,,0,0,3,,40523.24531218634,41961.70466875595,1031,0,,646.447749173647,False,39849.30000000054,False,80.31692286750766,False,[],True,"(6, 3)",6
126,BasicRequest_no_show,1,40320,40320,2880;-1;-1,360;-1;-1,,,,,944.6348751136394,7948.035911197,0:t_wait:513.4445333058538;t_drive:1244.6348751136393;fare:794,False,,0,0,11,,40833.44453330584,41985.9280395278,794,0,,513.4445333058538,False,40325.80000000034,False,83.23539350472824,False,[],False,,
137,BasicRequest_no_show,1,41040,41040,328;-1;-1,1123;-1;-1,,,,,377.8502889840114,2216.74896592,0:t_wait:587.2296083958499;t_drive:677.8502889840092;fare:221,False,,0,0,8,,41558.08427470944,42001.84505736069,221,0,,587.2296083958499,False,41045.50000000032,False,81.0701248201082,False,[],True,"(9, 8)",9
121,BasicRequest_no_show,1,39540,39540,852;-1;-1,1140;-1;-1,,,,,1880.8555118707366,18264.047145176002,0:t_wait:695.8653272802912;t_drive:2180.8555118707372;fare:1826,False,,0,0,0,,39999.90036870872,42200.370508096275,1826,0,,695.8653272802912,False,39548.850000000515,False,82.23353598861551,False,[],False,,
139,BasicRequest_no_show,4,41100,41100,2220;-1;-1,1815;-1;-1,,,,,388.4218086846991,3481.10376311,0:t_wait:816.3389707041424;t_drive:688.4218086846959;fare:1392,False,,0,0,10,,41793.98332267718,42418.21476454452,1392,0,,816.3389707041424,False,41116.80000000098,False,80.59947569541585,False,[],False,,
144,BasicRequest_no_show,1,41580,41580,2589;-1;-1,619;-1;-1,,,,,210.88204770740873,2246.99857258,0:t_wait:636.3745631783677;t_drive:510.8820477074114;fare:224,False,,0,0,7,,42234.01111970246,42468.91537935239,224,0,,636.3745631783677,False,41589.200000000536,False,80.10474455457076,False,[],False,,
136,BasicRequest_no_show,1,40920,40920,259;-1;-1,1983;-1;-1,,,,,503.16237432090463,2407.39384353,0:t_wait:853.019014859361;t_drive:803.1623743209057;fare:240,False,,0,0,2,,41965.72657507408,42481.1279648421,240,0,,853.019014859361,False,40940.50000000119,False,80.71300211277361,False,[],False,,
147,BasicRequest_no_show,1,41640,41640,3997;-1;-1,735;-1;-1,,,,,414.5983958061098,2830.7182331599997,0:t_wait:702.7663446627776;t_drive:714.5983958061115;fare:283,False,,0,0,1,,42138.65003163632,42695.51606752249,283,0,,702.7663446627776,False,41646.40000000037,False,80.21704658682816,False,[],True,"(1, 10)",10
146,BasicRequest_no_show,1,41640,41640,2404;-1;-1,3973;-1;-1,,,,,507.88082119270916,3182.4046021000004,0:t_wait:423.93474572410196;t_drive:807.8808211927098;fare:318,False,,0,0,9,,42040.384420004266,42764.25935795188,318,0,,423.93474572410196,False,41648.75000000051,False,80.72432713018966,False,[],False,,
143,BasicRequest_no_show,1,41400,41400,3183;-1;-1,2003;-1;-1,,,,,837.2815295490109,5808.227567819999,0:t_wait:763.8980504497376;t_drive:1137.2815295490072;fare:580,False,,0,0,6,,41913.23811398047,42947.81999760877,580,0,,763.8980504497376,False,41410.050000000585,False,81.39595822366437,False,[],False,,
159,BasicRequest_no_show,1,43020,43020,886;-1;-1,2478;-1;-1,,,,,1061.1331310870005,9435.190908199998,0:,False,,,,,,,,,0,,,False,,False,,False,[],False,,
161,BasicRequest_no_show,1,43080,43080,3053;-1;-1,3804;-1;-1,,,,,596.4787380432035,4062.4379313499994,0:t_wait:1039.4045650330809;t_drive:896.4787380432026;fare:406,True,,,,,,,,,0,,,False,,False,,False,[],False,,
164,BasicRequest_no_show,4,43260,43260,2220;-1;-1,1815;-1;-1,,,,,377.4785023215,2743.30902647,0:t_wait:1392.6727639704332;t_drive:677.4785023215009;fare:1097,True,,,,,,,,,0,,,False,,False,,False,[],False,,
154,BasicRequest_no_show,1,42540,42540,425;-1;-1,734;-1;-1,,,,,557.2797973574897,3388.50487643,0:t_wait:673.2957662471963;t_drive:857.2797973574925;fare:338,False,,0,0,9,,42880.967910968495,43286.59007018131,338,0,,673.2957662471963,False,42550.15000000059,False,81.30252429486255,False,[],False,,
150,BasicRequest_no_show,1,42060,42060,427;-1;-1,1924;-1;-1,,,,,697.2446871174365,4943.990628793,0:t_wait:502.6219437880354;t_drive:997.2446871174398;fare:494,False,,0,0,3,,42521.90144537431,43392.31035756028,494,0,,502.6219437880354,False,42064.50000000026,False,81.45310215755973,False,[],True,"(3, 9)",9
148,BasicRequest_no_show,1,42000,42000,173;-1;-1,427;-1;-1,,,,,684.5178295660928,4100.754288298,0:t_wait:866.459770165071;t_drive:984.5178295660953;fare:410,False,,0.0,0.0,11.0,,42636.190851511325,43495.77512959614,410.0,0,,594.9107727970331,False,42023.65000000138,False,83.49299621237121,False,[],False,,
156,BasicRequest_no_show,1,42720,42720,1263;-1;-1,427;-1;-1,,,,,139.33582241876212,974.6081615700001,0:t_wait:514.3064283622516;t_drive:439.3358224187614;fare:100,False,,0.0,0.0,11.0,,43249.28227411893,43495.77512959614,100.0,0,,514.3064283622516,False,42732.0000000007,False,82.66594348483086,False,[],False,,
166,BasicRequest_no_show,1,43500,43500,789;-1;-1,1815;-1;-1,,,,,955.0519713256849,8970.313813492998,0:t_wait:898.2092319669246;t_drive:1255.0519713256872;fare:897,True,,,,,,,,,0,,,False,,False,,False,[],False,,
155,BasicRequest_no_show,1,42540,42540,1853;-1;-1,1280;-1;-1,,,,,743.07851082061,4852.19724535,0:t_wait:155.90354694729467;t_drive:1043.078510820611;fare:485,False,,0,0,2,,42695.90354694729,43643.76687648245,485,0,,155.90354694729467,False,42545.1500000003,False,81.65479365121864,False,[],False,,
168,BasicRequest_no_show,1,43800,43800,1587;-1;-1,420;-1;-1,,,,,1100.793155191935,8984.623320257,0:t_wait:1025.1307224625489;t_drive:1400.7931551919319;fare:898,True,,,,,,,,,0,,,False,,False,,False,[],False,,
153,BasicRequest_no_show,1,42420,42420,2433;-1;-1,2091;-1;-1,,,,,489.1514763313553,5541.40905959,0:t_wait:929.8221666799654;t_drive:789.1514763313535;fare:554,False,,0,0,7,,43156.59374153514,43802.86192605689,554,0,,929.8221666799654,False,42450,True,52.966138849040426,False,[],False,,
162,BasicRequest_no_show,1,43260,43260,427;-1;-1,1123;-1;-1,,,,,276.7080225495,1780.39076643,0:t_wait:420.6091702614285;t_drive:576.708022549501;fare:178,False,,0,0,11,,43495.77512959614,43823.06171634333,178,0,,420.6091702614285,False,43264.80000000028,False,80.10719052606102,False,[],False,,
157,BasicRequest_no_show,1,42780,42780,1215;-1;-1,427;-1;-1,,,,,279.2143894825413,2467.3111809500006,0:t_wait:724.540060618252;t_drive:579.2143894825422;fare:246,False,,0,0,1,,43553.056204601395,43855.60834971564,246,0,,724.540060618252,False,42785.600000000326,False,80.36183767007263,False,[],False,,
149,BasicRequest_no_show,1,42060,42060,1941;-1;-1,3562;-1;-1,,,,,490.6613262434905,4194.215577493,0:t_wait:828.8919763326994;t_drive:790.6613262434912;fare:419,False,,0,0,8,,43232.557267710115,43952.50052359095,419,0,,828.8919763326994,False,42073.150000000765,False,82.8927174880351,False,[],False,,
158,BasicRequest_no_show,1,42960,42960,2069;-1;-1,427;-1;-1,,,,,835.7019285015276,5160.09461253,0:t_wait:702.9873528895914;t_drive:1135.7019285015267;fare:516,False,,0,0,3,,43479.57093453093,44215.480806386426,516,0,,702.9873528895914,False,42969.700000000565,False,81.1719401843319,False,[],False,,
152,BasicRequest_no_show,1,42420,42420,3430;-1;-1,2306;-1;-1,,,,,872.626585914476,3359.834491334,0:t_wait:1141.0253514294673;t_drive:1172.626585914477;fare:335,False,,0,0,10,,43532.21743185192,44291.497419926956,335,0,,1141.0253514294673,False,42450,True,-2.5783216351830642,False,[],False,,
173,BasicRequest_no_show,2,44340,44340,1311;-1;-1,3044;-1;-1,,,,,1072.0349563119119,8119.70221678,0:t_wait:1214.0341657168974;t_drive:1372.034956311909;fare:1623,True,,,,,,,,,0,,,False,,False,,False,[],False,,
176,BasicRequest_no_show,2,44400,44400,3562;-1;-1,1408;-1;-1,,,,,248.7740510317412,1551.78076082,0:t_wait:1234.9947650622125;t_drive:548.774051031738;fare:310,True,,,,,,,,,0,,,False,,False,,False,[],False,,
163,BasicRequest_no_show,1,43260,43260,1086;-1;-1,3150;-1;-1,,,,,534.94790166,4266.442639643,0:t_wait:237.64094790299714;t_drive:834.9479016600017;fare:426,False,,0,0,5,,43564.13526327831,44403.16667359111,426,0,,237.64094790299714,False,43271.55000000067,False,80.88857777498261,False,[],False,,
160,BasicRequest_no_show,2,43080,43080,1027;-1;-1,427;-1;-1,,,,,494.80354228976097,3591.349440474,0:t_wait:876.549616398057;t_drive:794.8035422897592;fare:718,False,,0,0,6,,44045.401524520574,44516.154187626395,718,0,,876.549616398057,False,43104.40000000142,False,81.99631674975912,False,[],False,,
171,BasicRequest_no_show,1,44220,44220,1405;-1;-1,2208;-1;-1,,,,,218.81742367494493,1453.0625034710001,0:t_wait:96.77188451241818;t_drive:518.8174236749473;fare:145,False,,0,0,1,,44316.77188451242,44547.74738715836,145,0,,96.77188451241818,False,44224.60000000027,False,80.18300388837348,False,[],False,,
151,BasicRequest_no_show,1,42360,42360,3213;-1;-1,2146;-1;-1,,,,,1081.0090303880188,9491.57951973,0:t_wait:674.4626884358076;t_drive:1381.0090303880206;fare:949,False,,0,0,0,,43008.200201024454,44596.5146681704,949,0,,674.4626884358076,False,42365.600000000326,False,80.72137191136832,False,[],False,,
172,BasicRequest_no_show,1,44340,44340,1263;-1;-1,3562;-1;-1,,,,,123.7695410279037,1031.43113618,0:t_wait:131.8979349138972;t_drive:423.7695410279048;fare:103,False,,0,0,3,,44471.8979349139,44687.78725742604,103,0,,131.8979349138972,False,44348.30000000048,False,81.13640911741047,False,[],True,"(3, 10)",10
169,BasicRequest_no_show,1,44100,44100,717;-1;-1,1765;-1;-1,,,,,421.7783312287552,4130.175617309999,0:t_wait:206.86482598914154;t_drive:721.7783312287575;fare:413,False,,0,0,7,,44306.864825989134,44739.53453440274,413,0,,206.86482598914154,False,44113.8000000008,False,80.94281938064493,False,[],False,,
165,BasicRequest_no_show,1,43440,43440,2115;-1;-1,427;-1;-1,,,,,682.5282068865381,5108.930905247,0:t_wait:254.17416651637905;t_drive:982.5282068865417;fare:510,False,,0,0,9,,43694.17416651637,44808.439355124945,510,0,,254.17416651637905,False,43464.500000001426,False,82.54631051308297,False,[],False,,
140,BasicRequest_no_show,2,41280,41280,2405;-1;-1,2893;-1;-1,,,,,1600.4890180711564,14681.438564886997,0:t_wait:657.9870858625873;t_drive:1900.489018071159;fare:2936,False,,0,0,4,,42379.96253165628,44852.36411199224,2936,0,,957.9870858625873,False,41310.0,True,58.97643032675352,False,[],False,,
141,BasicRequest_no_show,2,41280,41280,2348;-1;-1,2893;-1;-1,,,,,1603.4308698022792,14749.146348866998,0:t_wait:655.0452341314667;t_drive:2203.4308698022796;fare:2949,False,,0,0,4,,42298.25251039867,44852.36411199224,2949,0,,655.0452341314667,False,41284.30000000025,False,82.5055179497344,False,[],False,,
184,BasicRequest_no_show,1,45000,45000,4003;-1;-1,1827;-1;-1,,,,,1536.894954368995,16927.226242932993,0:t_wait:888.4106294055673;t_drive:1836.894954368996;fare:1692,True,,,,,,,,,0,,,False,,False,,False,[],False,,
178,BasicRequest_no_show,1,44460,44460,2716;-1;-1,350;-1;-1,,,,,248.40421912770964,1382.8595558299999,0:t_wait:165.68038357888145;t_drive:548.4042191277113;fare:138,False,,0,0,5,,44679.77847419675,45022.97345799746,138,0,,165.68038357888145,False,44468.20000000048,False,84.34344245781129,False,[],False,,
187,BasicRequest_no_show,1,45060,45060,734;-1;-1,1611;-1;-1,,,,,268.53786310355906,1626.9099379269999,0:t_wait:1116.0127484472105;t_drive:568.5378631035564;fare:162,True,,,,,,,,,0,,,False,,False,,False,[],False,,
190,BasicRequest_no_show,1,45120,45120,285;-1;-1,1815;-1;-1,,,,,893.8463996481585,5260.27928302,0:t_wait:1223.7340438890824;t_drive:1193.8463996481587;fare:526,True,,,,,,,,,0,,,False,,False,,False,[],False,,
191,BasicRequest_no_show,1,45120,45120,2304;-1;-1,1698;-1;-1,,,,,1229.2558315227182,12420.174369812,0:t_wait:1042.161917365047;t_drive:1529.2558315227216;fare:1242,True,,,,,,,,,0,,,False,,False,,False,[],False,,
175,BasicRequest_no_show,2,44400,44400,427;-1;-1,1408;-1;-1,,,,,254.13635595199975,1410.9113672199999,0:t_wait:135.8874888048813;t_drive:554.1363559520032;fare:282,False,,0,0,6,,44516.154187626395,45139.73928835883,282,0,,135.8874888048813,False,44404.900000000285,False,82.8273136818111,False,[],False,,
192,BasicRequest_no_show,1,45180,45180,2316;-1;-1,1611;-1;-1,,,,,835.375706046173,5252.592305623,0:t_wait:1221.7487351470918;t_drive:1135.3757060461721;fare:525,False,45210,0,,,,,,525,0,,1221.7487351470918,True,45210,True,-38.4828111275737,False,[],False,,
167,BasicRequest_no_show,1,43800,43800,328;-1;-1,1059;-1;-1,,,,,435.52015388205314,4154.180599641,0:t_wait:304.3345933967721;t_drive:735.5201538820547;fare:415,False,,0,0,2,,44288.44612150691,45273.82414683866,415,0,,304.3345933967721,False,43806.00000000035,False,80.57669056076942,False,[],False,,
193,BasicRequest_no_show,1,45300,45300,2347;-1;-1,1610;-1;-1,,,,,411.8611803673376,3102.143103253,0:t_wait:1237.3845884839102;t_drive:711.8611803673411;fare:310,True,,,,,,,,,0,,,False,,False,,False,[],False,,
194,BasicRequest_no_show,1,45360,45360,2636;-1;-1,2589;-1;-1,,,,,914.2602120457198,7412.63351959,0:t_wait:1031.3217175699465;t_drive:1214.2602120457232;fare:741,True,,,,,,,,,0,,,False,,False,,False,[],False,,
170,BasicRequest_no_show,2,44100,44100,1900;-1;-1,1267;-1;-1,,,,,842.3449344621977,4944.106490415001,0:t_wait:423.5922832078286;t_drive:1142.3449344621986;fare:988,False,,0,0,8,,44529.41641141941,45363.30694978733,988,0,,423.5922832078286,False,44112.450000000725,False,83.41861489757316,False,[],False,,
177,BasicRequest_no_show,1,44400,44400,833;-1;-1,1670;-1;-1,,,,,402.58856617356037,2764.218563173,0:t_wait:1272.5841323603017;t_drive:702.5885661735592;fare:276,False,,0,0,11,,44849.744097343966,45437.436996142285,276,0,,377.29014253249625,False,44405.55000000032,False,82.46661646562369,False,[],True,"(6, 11)",6
186,BasicRequest_no_show,1,45060,45060,3346;-1;-1,2091;-1;-1,,,,,92.40586479094483,627.4204004000001,0:t_wait:307.0762450467446;t_drive:392.4058647909478;fare:100,False,,0,0,7,,45366.685675451015,45570.54128579928,100,0,,307.0762450467446,False,45067.05000000041,False,81.94282121891447,False,[],False,,
197,BasicRequest_no_show,1,45600,45600,1531;-1;-1,3562;-1;-1,,,,,244.71092008203897,1516.3671007910002,0:t_wait:801.0602068930311;t_drive:544.7109200820414;fare:151,True,,,,,,,,,0,,,False,,False,,False,[],False,,
182,BasicRequest_no_show,1,44940,44940,3477;-1;-1,1336;-1;-1,,,,,497.12312004691853,3817.62626258,0:t_wait:77.3873395490591;t_drive:797.1231200469192;fare:381,False,,0,0,9,,45017.38733954907,45724.224577837456,381,0,,77.3873395490591,False,44949.85000000057,False,85.34583697235198,False,[],False,,
180,BasicRequest_no_show,1,44640,44640,1524;-1;-1,521;-1;-1,,,,,937.0032544008081,4718.384541424,0:t_wait:316.03929578437965;t_drive:1237.0032544008063;fare:471,False,,0,0,0,,44956.03929578438,45818.68623844792,471,0,,316.03929578437965,False,44650.60000000062,False,80.12981034684591,False,[],False,,
179,BasicRequest_no_show,2,44520,44520,3434;-1;-1,3541;-1;-1,,,,,1176.4474863125656,10601.703711540002,0:t_wait:310.7715035597648;t_drive:1476.4474863125652;fare:2120,False,,0,0,10,,44830.122525833314,45981.80859454818,2120,0,,310.7715035597648,False,44525.70000000033,False,81.66671824665845,False,[],False,,
174,BasicRequest_no_show,1,44340,44340,833;-1;-1,276;-1;-1,,,,,593.0308148960373,4270.102290679999,0:t_wait:895.7232010041771;t_drive:893.0308148960394;fare:427,False,,0,0,3,,44792.68277685591,46106.35134136953,427,0,,895.7232010041771,False,44349.75000000057,False,81.8902028613121,False,[],False,,
189,BasicRequest_no_show,1,45120,45120,2906;-1;-1,3562;-1;-1,,,,,468.00649312186727,3217.697362172,0:t_wait:794.6960715092646;t_drive:768.0064931218658;fare:321,False,,0,0,8,,45673.739859731926,46198.33912722493,321,0,,794.6960715092646,False,45126.65000000039,False,81.4194659439667,False,[],False,,
188,BasicRequest_no_show,1,45060,45060,3475;-1;-1,319;-1;-1,,,,,585.1653463968892,4276.55875052,0:t_wait:574.4463016501977;t_drive:885.1653463968905;fare:427,False,,0,0,6,,45359.55546931942,46206.97116225105,427,0,,574.4463016501977,False,45065.600000000326,False,80.19670351659346,False,[],True,"(6, 11)",11
185,BasicRequest_no_show,1,45060,45060,1533;-1;-1,4068;-1;-1,,,,,547.261317173437,3771.3491292199997,0:t_wait:501.6683606595034;t_drive:847.2613171734338;fare:377,False,,0,0,5,,45723.40573115593,46242.79038381928,377,0,,501.6683606595034,False,45067.75000000045,False,80.9343753238816,False,[],False,,
181,BasicRequest_no_show,1,44760,44760,1363;-1;-1,2596;-1;-1,,,,,618.5875592443358,5974.3452782,0:t_wait:815.1683416605592;t_drive:918.5875592443335;fare:597,False,,0,0,1,,45615.07050360554,46549.79730527302,597,0,,815.1683416605592,False,44767.650000000445,False,81.31596098350936,False,[],True,"(1, 2)",2.0
183,BasicRequest_no_show,1,45000,45000,3450;-1;-1,427;-1;-1,,,,,686.0918193425607,3962.082372793,0:t_wait:598.73993098559;t_drive:986.0918193425605;fare:396,False,,0,0,4,,45902.73977785105,46547.257724589384,396,0,,598.73993098559,False,45011.600000000675,False,80.73734609020356,False,[],False,,
195,BasicRequest_no_show,1,45420,45420,328;-1;-1,3171;-1;-1,,,,,476.04313340940257,3328.1236759900003,0:t_wait:806.3152783125115;t_drive:776.0431334094028;fare:332,False,,0,0,11,,45978.74569696803,46662.7794837296,332,0,,806.3152783125115,False,45429.95000000058,False,81.9175227540918,False,[],True,"(11, 8)",8
201,BasicRequest_no_show,1,46200,46200,598;-1;-1,333;-1;-1,,,,,451.9661982925153,3989.5925830729993,0:t_wait:387.2105996279133;t_drive:751.9661982925172;fare:398,False,,0,0,8,,46317.21059962791,46875.25643891894,398,0,,387.2105996279133,False,46208.150000000474,False,81.72745534724541,False,[],False,,
209,BasicRequest_no_show,2,46980,46980,427;-1;-1,199;-1;-1,,,,,644.9169413293639,3972.9174880660003,0:t_wait:1220.845844281037;t_drive:944.9169413293639;fare:794,True,,,,,,,,,0,,,False,,False,,False,[],False,,
211,BasicRequest_no_show,1,46980,46980,2448;-1;-1,898;-1;-1,,,,,1464.9623932001568,12012.13164376,0:,False,,,,,,,,,0,,,False,,False,,False,[],False,,
196,BasicRequest_no_show,1,45420,45420,545;-1;-1,1027;-1;-1,,,,,559.997619013805,4246.603390798,0:t_wait:767.7871139573326;t_drive:859.9976190138041;fare:424,False,,0,0.0,3.0,,46183.32559352887,47000.29324451317,424,0,,767.7871139573326,False,45429.80000000057,False,80.67830951104254,False,[],False,,
210,BasicRequest_no_show,2,46980,46980,427;-1;-1,199;-1;-1,,,,,644.9169413293639,3972.9174880660003,0:t_wait:1220.845844281037;t_drive:944.9169413293639;fare:794,False,47010.0,0,,,,,,794,0,,1220.845844281037,True,47010.0,True,-36.128893489413876,False,[],False,,
212,BasicRequest_no_show,1,47040,47040,824;-1;-1,3702;-1;-1,,,,,288.08108265162,1796.34217881,0:t_wait:1153.6984976368258;t_drive:588.0810826516172;fare:179,True,,,,,,,,,0,,,False,,False,,False,[],False,,
213,BasicRequest_no_show,1,47040,47040,3446;-1;-1,1827;-1;-1,,,,,1539.573022811911,18416.616541953,0:t_wait:1165.411140076103;t_drive:1839.5730228119137;fare:1841,False,47070,0,,,,,,1841,0,,1165.411140076103,True,47070,True,-31.387516720422077,False,[],False,,
216,BasicRequest_no_show,1,47160,47160,385;-1;-1,3562;-1;-1,,,,,675.2921955568873,4326.872691924,0:t_wait:1227.7616110327654;t_drive:975.292195556889;fare:432,True,,,,,,,,,0,,,False,,False,,False,[],False,,
218,BasicRequest_no_show,1,47460,47460,1229;-1;-1,427;-1;-1,,,,,620.0779554643213,4876.839114951,0:t_wait:1092.247376730178;t_drive:920.0779554643232;fare:487,False,47490,0,,,,,,487,0,,1092.247376730178,True,47490,True,-7.335914848837096,False,[],False,,
202,BasicRequest_no_show,1,46200,46200,867;-1;-1,225;-1;-1,,,,,770.9088476734618,6041.0537991030005,0:t_wait:684.5621653389171;t_drive:1070.9088476734614;fare:604,False,,0,0,1,,46675.82132009093,47545.42918728687,604,0,,684.5621653389171,False,46204.30000000025,False,80.50965685469014,False,[],False,,
199,BasicRequest_no_show,1,45960,45960,1815;-1;-1,789;-1;-1,,,,,941.9610704558249,8243.74738029,0:t_wait:662.8319241287463;t_drive:1241.9610704558218;fare:824,False,,0,0,2,,46442.75375231596,47563.021569481745,824,0,,662.8319241287463,False,45969.60000000056,False,81.07151899251308,False,[],False,,
205,BasicRequest_no_show,1,46620,46620,3194;-1;-1,288;-1;-1,,,,,799.2173736889096,6082.806198870001,0:t_wait:98.16686345796188;t_drive:1099.217373688909;fare:608,False,,0,0,5,,46718.16686345796,47619.75744056971,608,0,,98.16686345796188,False,46625.65000000033,False,81.07763778645612,False,[],False,,
220,BasicRequest_no_show,1,47700,47700,2845;-1;-1,2311;-1;-1,,,,,1096.1717030343802,6791.155916595,0:,False,,,,,,,,,0,,,False,,False,,False,[],False,,
200,BasicRequest_no_show,1,46080,46080,688;-1;-1,3562;-1;-1,,,,,936.191304289136,9116.202668753,0:t_wait:174.31484210722556;t_drive:1236.1913042891392;fare:911,False,,0,0,10,,46254.31484210724,47719.93270456805,911,0,,174.31484210722556,False,46083.850000000224,False,80.9488714842285,False,[],True,"(10, 7)",7
207,BasicRequest_no_show,1,46800,46800,1027;-1;-1,3995;-1;-1,,,,,472.70002542191355,2795.4870576340004,0:t_wait:363.7562555051554;t_drive:772.7000254219165;fare:279,False,,0,0,3,,47000.29324451317,47825.31840757162,279,0,,363.7562555051554,False,46803.75000000022,False,80.29282325875259,False,[],False,,
208,BasicRequest_no_show,1,46860,46860,2916;-1;-1,427;-1;-1,,,,,477.5639499479572,4218.224377590001,0:t_wait:876.7799775555177;t_drive:777.5639499479585;fare:421,False,,0,0,8,,47531.9236229576,47907.74085568204,421,0,,874.3064094566726,False,46890,True,35.83626027444471,False,[],False,,
223,BasicRequest_no_show,2,48120,48120,3562;-1;-1,2687;-1;-1,,,,,254.68728919258461,2046.290346773,0:,False,,,,,,,,,0,,,False,,False,,False,[],False,,
224,BasicRequest_no_show,2,48120,48120,427;-1;-1,2687;-1;-1,,,,,260.9000221667618,1907.2710392800002,0:,False,,,,,,,,,0,,,False,,False,,False,[],False,,
225,BasicRequest_no_show,1,48240,48240,3788;-1;-1,1611;-1;-1,,,,,475.60528109963525,3308.0154773470003,0:t_wait:1009.1618398994688;t_drive:775.6052810996334;fare:330,True,,,,,,,,,0,,,False,,False,,False,[],False,,
226,BasicRequest_no_show,1,48240,48240,2519;-1;-1,3426;-1;-1,,,,,505.34271079162306,3427.2447133999995,0:,False,,,,,,,,,0,,,False,,False,,False,[],False,,
227,BasicRequest_no_show,1,48300,48300,3115;-1;-1,359;-1;-1,,,,,428.670286639846,3201.85735773,0:t_wait:1052.9647065280078;t_drive:728.6702866398482;fare:320,True,,,,,,,,,0,,,False,,False,,False,[],False,,
198,BasicRequest_no_show,1,45960,45960,3562;-1;-1,2794;-1;-1,,,,,1193.9411866704,11927.957599058998,0:t_wait:464.05498185096076;t_drive:1493.941186670403;fare:1192,False,,0,0,0,,46601.94060081402,48309.277483373575,1192,0,,464.05498185096076,False,45967.40000000043,False,81.49181647518162,False,[],False,,
206,BasicRequest_no_show,1,46680,46680,537;-1;-1,2765;-1;-1,,,,,776.4166380641601,7543.1306765300005,0:t_wait:831.0200362285104;t_drive:1076.4166380641618;fare:754,False,,0,0,11,,47390.381890712895,48334.487905362505,754,0,,541.6130248181071,False,46700.10000000117,False,83.59977916017034,False,[],False,,
203,BasicRequest_no_show,1,46440,46440,1735;-1;-1,1587;-1;-1,,,,,931.3396255868224,8783.944337631,0:t_wait:836.6231502417068;t_drive:1231.339625586821;fare:878,False,,0,0,4,,46994.258327346164,48389.28810631771,878,0,,836.6231502417068,False,46470,True,61.15494222434079,False,[],False,,
231,BasicRequest_no_show,1,48540,48540,3971;-1;-1,3562;-1;-1,,,,,846.2664801147059,4586.1365931969995,0:,False,,,,,,,,,0,,,False,,False,,False,[],False,,
232,BasicRequest_no_show,1,48540,48540,1611;-1;-1,734;-1;-1,,,,,330.8798045785068,1623.68468359,0:,False,,,,,,,,,0,,,False,,False,,False,[],False,,
233,BasicRequest_no_show,1,48540,48540,3691;-1;-1,3562;-1;-1,,,,,841.2966363579371,6660.19341758,0:,False,,,,,,,,,0,,,False,,False,,False,[],False,,
234,BasicRequest_no_show,1,48600,48600,3173;-1;-1,1815;-1;-1,,,,,536.2371922271761,2880.25142629,0:,False,,,,,,,,,0,,,False,,False,,False,[],False,,
235,BasicRequest_no_show,1,48660,48660,694;-1;-1,427;-1;-1,,,,,957.1676411080266,8460.08479611,0:,False,,,,,,,,,0,,,False,,False,,False,[],False,,
236,BasicRequest_no_show,1,48660,48660,427;-1;-1,2460;-1;-1,,,,,487.2876823585117,2711.93620532,0:,False,,,,,,,,,0,,,False,,False,,False,[],False,,
237,BasicRequest_no_show,1,48840,48840,1185;-1;-1,427;-1;-1,,,,,236.1841286390515,1341.9032682499999,0:t_wait:1422.7368237875708;t_drive:536.1841286390481;fare:134,True,,,,,,,,,0,,,False,,False,,False,[],False,,
204,BasicRequest_no_show,1,46440,46440,1428;-1;-1,3743;-1;-1,,,,,1119.3166176445536,8613.528242913,0:t_wait:233.7201842311697;t_drive:1419.316617644552;fare:861,False,,0,0,9,,46673.72018423116,48881.542636038525,861,0,,233.7201842311697,False,46451.600000000675,False,80.10678062973503,False,[],False,,
217,BasicRequest_no_show,1,47460,47460,427;-1;-1,2823;-1;-1,,,,,884.3707274806663,10209.92672116,0:t_wait:827.0368988829432;t_drive:1184.3707274806657;fare:1020,False,,0,0,8,,47907.74085568204,48972.529364663664,1020,0,,827.0368988829432,False,47472.800000000745,False,80.23604829357275,False,[],False,,
215,BasicRequest_no_show,1,47100,47100,295;-1;-1,1587;-1;-1,,,,,1194.1709996133638,12891.804124989994,0:t_wait:944.4157837747553;t_drive:1494.170999613365;fare:1289,False,,0,0,1,,47768.79176826813,49098.18255335097,1289,0,,944.4157837747553,False,47130,True,39.09017390456162,False,[],False,,
240,BasicRequest_no_show,1,49260,49260,1611;-1;-1,3562;-1;-1,,,,,640.2799647723393,4750.362282213,0:t_wait:925.3573386520511;t_drive:940.2799647723368;fare:475,True,,,,,,,,,0,,,False,,False,,False,[],False,,
241,BasicRequest_no_show,1,49380,49380,2208;-1;-1,278;-1;-1,,,,,244.57563637478822,2402.02440589,0:t_wait:939.9288840198133;t_drive:544.575636374786;fare:240,True,,,,,,,,,0,,,False,,False,,False,[],False,,
242,BasicRequest_no_show,1,49380,49380,2882;-1;-1,1564;-1;-1,,,,,1213.9511097091192,17454.01177323,0:t_wait:1150.2266334510787;t_drive:1513.9511097091163;fare:1745,True,,,,,,,,,0,,,False,,False,,False,[],False,,
244,BasicRequest_no_show,2,49380,49380,2208;-1;-1,3350;-1;-1,,,,,549.5303127024822,3838.644262298,0:t_wait:1409.2299218453481;t_drive:849.5303127024818;fare:767,True,,,,,,,,,0,,,False,,False,,False,[],False,,
243,BasicRequest_no_show,2,49380,49380,3562;-1;-1,3350;-1;-1,,,,,483.86344227870165,3175.333169398,0:t_wait:1119.2754297239153;t_drive:783.8634422787;fare:635,False,49410,0,,,,,,635,0,,1119.2754297239153,True,49410,True,-20.295169518632548,False,[],False,,
219,BasicRequest_no_show,1,47700,47700,348;-1;-1,1586;-1;-1,,,,,1131.026573421369,12427.974805226,0:t_wait:611.7742444763426;t_drive:1431.026573421368;fare:1242,False,,0,0,10,,48046.59335095624,49616.39239421941,1242,0,,611.7742444763426,False,47706.65000000039,False,80.07210833813483,False,[],False,,
246,BasicRequest_no_show,1,49800,49800,427;-1;-1,1587;-1;-1,,,,,832.5300825580885,8165.414464726999,0:t_wait:1204.7278530004915;t_drive:1132.5300825580853;fare:816,True,,,,,,,,,0,,,False,,False,,False,[],False,,
214,BasicRequest_no_show,1,47100,47100,3194;-1;-1,1827;-1;-1,,,,,1540.186481043706,18634.86811313,0:t_wait:980.0792667268688;t_drive:1840.1864810437037;fare:1863,False,,0,0,3,,48110.27907336001,50063.337420069336,1863,0,,980.0792667268688,False,47130,True,25.629184338065162,False,[],False,,
229,BasicRequest_no_show,1,48480,48480,427;-1;-1,2223;-1;-1,,,,,397.1544205843337,2287.87673469,0:t_wait:1074.9427168166876;t_drive:697.1544205843311;fare:228,False,,0,0,4,,49653.34324261601,50207.75349217807,228,0,,1074.9427168166876,False,48510,True,5.017149368146265,False,[],False,,
238,BasicRequest_no_show,1,49140,49140,3397;-1;-1,430;-1;-1,,,,,557.8229388885493,3433.2012838399996,0:t_wait:675.340067432684;t_drive:857.822938888552;fare:343,False,,0,0,9,,49881.881994587486,50236.109311694716,343,0,,675.340067432684,False,49153.90000000081,False,81.98936191490625,False,[],False,,
248,BasicRequest_no_show,1,50340,50340,1503;-1;-1,2062;-1;-1,,,,,1323.9478711754937,10955.048028529998,0:t_wait:1166.4238198570383;t_drive:1623.9478711754928;fare:1095,True,,,,,,,,,0,,,False,,False,,False,[],False,,
228,BasicRequest_no_show,1,48300,48300,544;-1;-1,1281;-1;-1,,,,,622.6299433884199,5232.80802633,0:t_wait:972.5964265547882;t_drive:922.6299433884196;fare:523,False,,0,0,5,,49594.28787994094,50511.63755286928,523,0,,972.5964265547882,False,48330,True,21.25329677262153,False,[],False,,
221,BasicRequest_no_show,1,47820,47820,1654;-1;-1,852;-1;-1,,,,,1612.822390904888,18045.729223690003,0:t_wait:527.6030803196772;t_drive:1912.8223909048902;fare:1804,False,,0,0,2,,48277.41568162674,50523.411024594985,1804,0,,527.6030803196772,False,47827.300000000425,False,82.36958650921491,False,[],True,"(2, 5)",5
230,BasicRequest_no_show,1,48540,48540,1693;-1;-1,2687;-1;-1,,,,,811.134348401388,7364.32818312,0:t_wait:894.1287119700282;t_drive:1111.134348401385;fare:736,False,,0,0,8,,49290.5740431705,50561.85288407862,736,0,,894.1287119700282,False,48570,True,51.42078993043276,False,[],False,,
255,BasicRequest_no_show,1,50820,50820,427;-1;-1,1503;-1;-1,,,,,372.3856250362011,2385.50894965,0:t_wait:1453.0477038434547;t_drive:672.3856250362005;fare:238,True,,,,,,,,,0,,,False,,False,,False,[],False,,
222,BasicRequest_no_show,1,47940,47940,2383;-1;-1,1429;-1;-1,,,,,1477.2845007781775,15517.696230719996,0:t_wait:1059.5410814309798;t_drive:1777.2845007781798;fare:1551,False,,0,0,11,,48788.47091702046,50841.708715841785,1551,0,,1059.5410814309798,False,47970,True,41.278625727748,False,[],False,,
245,BasicRequest_no_show,1,49500,49500,2636;-1;-1,2403;-1;-1,,,,,554.9874694392806,3424.532600569,0:t_wait:678.767984063139;t_drive:854.9874694392784;fare:342,False,,0,0,1,,50391.88244327376,50989.0514550677,342,0,,678.767984063139,False,49509.10000000053,False,80.9144238449652,False,[],False,,
257,BasicRequest_no_show,1,51060,51060,2917;-1;-1,3759;-1;-1,,,,,1111.9340402341763,11620.833371249999,0:t_wait:889.6891941972499;t_drive:1411.9340402341768;fare:1162,True,,,,,,,,,0,,,False,,False,,False,[],False,,
259,BasicRequest_no_show,1,51180,51180,4003;-1;-1,288;-1;-1,,,,,587.6868623888965,5752.760197112002,0:t_wait:1386.7992357407347;t_drive:887.686862388895;fare:575,True,,,,,,,,,0,,,False,,False,,False,[],False,,
239,BasicRequest_no_show,1,49260,49260,1671;-1;-1,2623;-1;-1,,,,,1264.7092199780113,16330.665932569998,0:t_wait:743.1229759100461;t_drive:1564.709219978009;fare:1633,False,,0,0,10,,49812.43728224363,51303.49183111993,1633,0,,743.1229759100461,False,49271.950000000696,False,83.07124601575849,False,[],False,,
264,BasicRequest_no_show,1,51420,51420,427;-1;-1,849;-1;-1,,,,,430.24919657417,2867.8557565600004,0:t_wait:1347.7871027705114;t_drive:730.249196574172;fare:286,True,,,,,,,,,0,,,False,,False,,False,[],False,,
249,BasicRequest_no_show,1,50460,50460,328;-1;-1,2915;-1;-1,,,,,459.985381569252,3414.3314351510003,0:t_wait:695.3360876101651;t_drive:759.985381569255;fare:341,False,,0,0,5,,50956.88819503992,51484.83004384544,341,0,,695.3360876101651,False,50470.900000000634,False,80.19825545918258,False,[],False,,
265,BasicRequest_no_show,1,51540,51540,438;-1;-1,1887;-1;-1,,,,,1000.407173509389,5817.924748400002,0:,False,,,,,,,,,0,,,False,,False,,False,[],False,,
266,BasicRequest_no_show,1,51540,51540,3942;-1;-1,1281;-1;-1,,,,,1004.140164176078,6000.03564071,0:,False,,,,,,,,,0,,,False,,False,,False,[],False,,
267,BasicRequest_no_show,1,51540,51540,3665;-1;-1,1503;-1;-1,,,,,430.28727985084987,2965.69672799,0:t_wait:1197.6640965394909;t_drive:730.287279850847;fare:296,True,,,,,,,,,0,,,False,,False,,False,[],False,,
252,BasicRequest_no_show,2,50760,50760,1429;-1;-1,1815;-1;-1,,,,,581.1862618435453,4364.56711895,0:t_wait:79.36462621104147;t_drive:881.186261843548;fare:872,False,,0,0,11,,50841.708715841785,51720.64244692308,872,0,,79.36462621104147,False,50769.05000000053,False,81.30331437397751,False,[],False,,
260,BasicRequest_no_show,1,51180,51180,2451;-1;-1,1573;-1;-1,,,,,265.13314112011165,1883.10475561,0:t_wait:293.80620773953706;t_drive:565.1331411201099;fare:188,False,,0,0,4,,51476.99260889212,51889.64124473733,188,0,,293.80620773953706,False,51185.85000000034,False,80.74875550283873,False,[],False,,
268,BasicRequest_no_show,2,51900,51900,2782;-1;-1,2348;-1;-1,,,,,1577.0018578136476,15931.173635789997,0:t_wait:1213.1540703478677;t_drive:1877.0018578136442;fare:3186,True,,,,,,,,,0,,,False,,False,,False,[],False,,
247,BasicRequest_no_show,2,50280,50280,1813;-1;-1,1955;-1;-1,,,,,747.58326624702,6258.84625489,0:t_wait:449.946710037686;t_drive:1047.5832662470202;fare:1251,False,,0,0,9,,51085.07057762871,51923.615161155954,1251,0,,449.946710037686,False,50291.20000000065,False,80.46750205045588,False,[],True,"(9, 4)",4
261,BasicRequest_no_show,1,51300,51300,3427;-1;-1,1673;-1;-1,,,,,297.54317094122416,2185.46663797,0:t_wait:458.64876938479574;t_drive:597.5431709412223;fare:218,False,,0,0,8,,51757.19512231354,52140.86918233448,218,0,,458.64876938479574,False,51305.600000000326,False,81.55588548354474,False,[],False,,
258,BasicRequest_no_show,1,51120,51120,427;-1;-1,1815;-1;-1,,,,,229.139282589,1727.94594769,0:t_wait:325.34637607471086;t_drive:529.1392825889998;fare:172,False,,0,0,5,,51807.846908569205,52477.06807701949,172,0,,325.34637607471086,False,51126.70000000039,False,82.03307996592474,False,[],True,"(4, 5)",4
251,BasicRequest_no_show,1,50700,50700,514;-1;-1,793;-1;-1,,,,,1193.2722529366577,12375.979782506998,0:t_wait:576.4051741793155;t_drive:1493.2722529366583;fare:1237,False,,0,0,2,,51262.261332126145,52651.90081449534,1237,0,,576.4051741793155,False,50709.700000000565,False,82.8520392238248,False,[],True,"(2, 8)",8
254,BasicRequest_no_show,1,50820,50820,2670;-1;-1,898;-1;-1,,,,,1056.6568945179465,11289.29446524,0:t_wait:845.9126989847064;t_drive:1356.656894517946;fare:1128,False,,0,0,1,,51599.58478836535,52760.471267222856,1128,0,,845.9126989847064,False,50849.85000000174,False,80.3463506029017,False,[],True,"(1, 11)",11
253,BasicRequest_no_show,1,50760,50760,3033;-1;-1,3515;-1;-1,,,,,1554.4574551162355,17471.824042698994,0:t_wait:188.4745397950901;t_drive:1854.4574551162368;fare:1747,False,,0,0,3,,50948.474539795105,53065.646853357444,1747,0,,188.4745397950901,False,50764.95000000029,False,82.08825750605546,False,[],True,"(3, 7)",7
271,BasicRequest_no_show,1,52200,52200,525;-1;-1,3562;-1;-1,,,,,523.590338585058,3540.3381081099997,0:t_wait:397.2812682356598;t_drive:823.5903385850615;fare:354,False,,0,0,11,,52743.0090469802,53411.073622858414,354,0,,397.2812682356598,False,52204.85000000028,False,80.50635806657391,False,[],False,,
269,BasicRequest_no_show,1,51900,51900,1673;-1;-1,1587;-1;-1,,,,,1139.5975143265546,9091.573552777,0:t_wait:200.68090767086687;t_drive:1439.5975143265532;fare:909,False,,0.0,0.0,8.0,,52140.86918233448,53459.48447228099,909.0,0,,200.68090767086687,False,51907.650000000445,False,83.0412931873404,False,[],False,,
270,BasicRequest_no_show,1,52080,52080,427;-1;-1,1587;-1;-1,,,,,832.5300825580885,8165.414464726999,0:t_wait:473.871364332168;t_drive:1132.5300825580853;fare:816,False,,0.0,0.0,8.0,,52397.7835670818,53459.48447228099,816.0,0,,473.871364332168,False,52088.6000000005,False,81.61441902943626,False,[],False,,
278,BasicRequest_no_show,1,53460,53460,2508;-1;-1,2816;-1;-1,,,,,1378.4342154959625,11932.34911922,0:t_wait:1315.388992597902;t_drive:1678.4342154959595;fare:1193,True,,,,,,,,,0,,,False,,False,,False,[],False,,
250,BasicRequest_no_show,1,50640,50640,705;-1;-1,3109;-1;-1,,,,,1861.8761850659384,17125.915390755,0:t_wait:357.50865552511823;t_drive:2161.8761850659357;fare:1712,False,,0,0,0,,50997.50865552509,53497.81768630578,1712,0,,357.50865552511823,False,50652.75000000074,False,81.12550311602946,False,[],False,,
280,BasicRequest_no_show,1,53700,53700,2687;-1;-1,3299;-1;-1,,,,,1282.8049847009443,12228.479513153,0:t_wait:1270.8987868232944;t_drive:1582.804984700946;fare:1222,True,,,,,,,,,0,,,False,,False,,False,[],False,,
256,BasicRequest_no_show,1,51000,51000,839;-1;-1,3475;-1;-1,,,,,858.5083083606551,8457.942410990001,0:t_wait:1001.4453487243954;t_drive:1158.5083083606514;fare:845,False,,0,0,7,,52195.13580897249,53763.7771165523,845,0,,1001.4453487243954,False,51030,True,51.43613786023649,False,[],False,,
273,BasicRequest_no_show,1,52920,52920,1121;-1;-1,2311;-1;-1,,,,,344.3971716653941,2596.39994605,0:t_wait:427.7849178791803;t_drive:644.3971716653905;fare:259,False,,0,0,5,,53347.784917879166,53866.50012823981,259,0,,427.7849178791803,False,52927.300000000425,False,81.37494292476013,False,[],False,,
282,BasicRequest_no_show,1,53940,53940,2688;-1;-1,2816;-1;-1,,,,,1174.0814721719657,10998.111490738003,0:t_wait:1190.6164761431064;t_drive:1474.0814721719653;fare:1099,True,,,,,,,,,0,,,False,,False,,False,[],False,,
262,BasicRequest_no_show,1,51360,51360,1656;-1;-1,1391;-1;-1,,,,,1127.6588865761723,9855.655801660003,0:t_wait:1077.3076951289113;t_drive:1427.6588865761732;fare:985,False,,0,0,10,,52939.88284677136,54116.25074857558,985,0,,1077.3076951289113,False,51390,True,26.089625421731043,False,[],False,,
263,BasicRequest_no_show,1,51360,51360,284;-1;-1,1564;-1;-1,,,,,1200.0177708160545,11674.302371307002,0:t_wait:1010.673248658597;t_drive:1500.0177708160554;fare:1167,False,,0,0,9,,52251.952083534365,54243.40836916597,1167,0,,1010.673248658597,False,51390,True,31.791161825504812,False,[],False,,
275,BasicRequest_no_show,1,53040,53040,380;-1;-1,1815;-1;-1,,,,,341.35959717323374,2799.6057369,0:t_wait:1013.5073789707967;t_drive:641.3595971732357;fare:279,False,,0,0,2,,53849.15814455745,54250.715524302,279,0,,1013.5073789707967,False,53070,True,22.13108272496012,False,[],False,,
274,BasicRequest_no_show,1,52980,52980,427;-1;-1,1516;-1;-1,,,,,730.1739976258373,3473.11083898,0:t_wait:665.7779821724398;t_drive:1030.1739976258395;fare:347,False,,0,0,11,,53547.940795022456,54277.8287168512,347,0,,665.7779821724398,False,52989.80000000057,False,80.59404832179979,False,[],False,,
289,BasicRequest_no_show,1,54480,54480,3562;-1;-1,1503;-1;-1,,,,,561.7861273867536,2888.458969049,0:t_wait:1207.332827702092;t_drive:861.7861273867529;fare:288,False,54510,0,,,,,,288,0,,1207.332827702092,True,54510,True,-15.980189716460261,False,[],False,,
272,BasicRequest_no_show,1,52860,52860,2054;-1;-1,425;-1;-1,,,,,660.704117147129,3873.65786789,0:t_wait:767.2525815049084;t_drive:960.7041171471283;fare:387,False,,0,0,4,,53926.47374894784,54750.058397387664,387,0,,767.2525815049084,False,52878.25000000106,False,80.8122836427052,False,[],False,,
292,BasicRequest_no_show,1,54840,54840,3995;-1;-1,544;-1;-1,,,,,591.480689662606,4420.836909658001,0:t_wait:1241.9002999440781;t_drive:891.4806896626033;fare:442,False,54870,0,,,,,,442,0,,1241.9002999440781,True,54870,True,-50.58524903198815,False,[],False,,
276,BasicRequest_no_show,1,53160,53160,3526;-1;-1,3562;-1;-1,,,,,887.7922199533,7533.641881632,0:t_wait:581.4886053317823;t_drive:1187.7922199532986;fare:753,False,,0,0,3,,53780.9274288614,54901.20827564069,753,0,,581.4886053317823,False,53164.95000000029,False,80.83154680742479,False,[],False,,
283,BasicRequest_no_show,1,54060,54060,2308;-1;-1,1573;-1;-1,,,,,338.8966526942984,2065.2978402100002,0:t_wait:744.9570478794121;t_drive:638.8966526942968;fare:206,False,,0,0,2,,54649.5759432908,55055.821535102055,206,0,,744.9570478794121,False,54065.2000000003,False,80.88059528699468,False,[],False,,
279,BasicRequest_no_show,1,53520,53520,1586;-1;-1,429;-1;-1,,,,,1081.8744439318964,9990.769682065998,0:t_wait:605.230650494239;t_drive:1381.874443931898;fare:999,False,,0,0,8,,54124.04146887865,55322.62402174372,999,0,,605.230650494239,False,53530.15000000059,False,80.11129563300275,False,[],False,,
301,BasicRequest_no_show,2,55500,55500,1179;-1;-1,624;-1;-1,,,,,892.4481262207604,5076.222986174,0:t_wait:1422.3271732032226;t_drive:1192.4481262207628;fare:1015,True,,,,,,,,,0,,,False,,False,,False,[],False,,
285,BasicRequest_no_show,1,54360,54360,1971;-1;-1,3790;-1;-1,,,,,788.7049377222195,4520.76610128,0:t_wait:118.42489200534328;t_drive:1088.704937722221;fare:452,False,,0,0,11,,54478.42489200534,55567.778182166396,452,0,,118.42489200534328,False,54364.400000000256,False,83.64331388585931,False,[],False,,
284,BasicRequest_no_show,1,54180,54180,3971;-1;-1,1281;-1;-1,,,,,796.9049325784754,5699.8592207,0:t_wait:327.74548498672084;t_drive:1096.9049325784727;fare:569,False,,0,0,10,,54507.745484986706,55576.12777583046,569,0,,327.74548498672084,False,54184.65000000027,False,80.65811382606893,False,[],False,,
286,BasicRequest_no_show,1,54360,54360,1468;-1;-1,225;-1;-1,,,,,879.6560708105989,6710.455277190002,0:t_wait:295.7098368448278;t_drive:1179.6560708105972;fare:671,False,,0,0,1,,54657.95567685322,55625.51053723365,671,0,,295.7098368448278,False,54366.50000000038,False,80.08666070009784,False,[],False,,
293,BasicRequest_no_show,1,54960,54960,427;-1;-1,748;-1;-1,,,,,363.88167961309233,2717.0664987,0:t_wait:82.63492125450284;t_drive:663.8816796130923;fare:271,False,,0,0,3,,55092.586872433676,55634.19710942931,271,0,,82.63492125450284,False,54964.900000000285,False,80.95849647557766,False,[],False,,
281,BasicRequest_no_show,2,53820,53820,1901;-1;-1,1267;-1;-1,,,,,925.398219565632,5748.023832304001,0:t_wait:545.1526496576334;t_drive:1225.3982195656354;fare:1149,False,,0,0,7,,54612.146089245085,55633.843158719785,1149,0,,545.1526496576334,False,53828.90000000052,False,81.9580415523171,False,[],True,"(7, 0)",0.0
288,BasicRequest_no_show,1,54480,54480,328;-1;-1,3174;-1;-1,,,,,531.302940082368,4657.800399749,0:t_wait:645.2841443804718;t_drive:831.3029400823652;fare:465,False,,0,0,4,,54914.641012632805,55668.85636491841,465,0,,615.6042037660081,False,54486.00000000035,False,80.44826074318239,False,[],True,"(4, 3)",3
290,BasicRequest_no_show,1,54720,54720,427;-1;-1,2311;-1;-1,,,,,212.54962634946645,1071.37547133,0:t_wait:499.41628759755986;t_drive:512.5496263494642;fare:107,False,,0,0,0,,55331.763470776925,55689.60521570364,107,0,,499.41628759755986,False,54724.95000000029,False,80.70714441810975,False,[],False,,
303,BasicRequest_no_show,1,55860,55860,3299;-1;-1,1815;-1;-1,,,,,1309.3072858350336,12190.258917699997,0:t_wait:1416.736163840702;t_drive:1609.3072858350351;fare:1219,True,,,,,,,,,0,,,False,,False,,False,[],False,,
291,BasicRequest_no_show,1,54840,54840,2301;-1;-1,3671;-1;-1,,,,,238.011125580175,1328.22971327,0:t_wait:865.6402175285766;t_drive:538.0111255801748;fare:132,False,,0,0,2,,55953.202778558785,56161.270373714666,132,0,,865.6402175285766,False,54860.45000000119,False,80.21731309623915,False,[],False,,
296,BasicRequest_no_show,1,55200,55200,427;-1;-1,2228;-1;-1,,,,,577.2287725876645,4800.68933095,0:t_wait:438.77588204960193;t_drive:877.2287725876668;fare:480,False,,0,0,8,,55439.000733592235,56252.12616201858,480,0,,438.77588204960193,False,55208.70000000051,False,81.03541975320334,False,[],False,,
299,BasicRequest_no_show,1,55440,55440,1263;-1;-1,2687;-1;-1,,,,,250.7748246553943,1594.03806529,0:t_wait:792.4220245050892;t_drive:550.7748246553965;fare:159,False,,0,0,3,,56017.49227563484,56313.5524307424,159,0,,792.4220245050892,False,55454.75000000086,False,83.5230308208305,False,[],True,"(3, 11)",11
298,BasicRequest_no_show,1,55440,55440,2906;-1;-1,3477;-1;-1,,,,,247.69277518143537,1983.0199494729998,0:t_wait:780.5256547051031;t_drive:547.6927751814364;fare:198,False,,0,0,7,,56041.40932296368,56386.2544598889,198,0,,780.5256547051031,False,55456.00000000093,False,80.19901977516197,False,[],False,,
287,BasicRequest_no_show,1,54360,54360,657;-1;-1,3562;-1;-1,,,,,605.5441939515332,5092.432874913,0:t_wait:853.5907459317459;t_drive:905.5441939515367;fare:509,False,,0,0,9,,55498.66583541256,56422.07349992606,509,0,,853.5907459317459,False,54390,True,46.24744022197089,False,[],False,,
300,BasicRequest_no_show,1,55500,55500,674;-1;-1,2404;-1;-1,,,,,433.66247978564934,3092.5045127699996,0:t_wait:498.9165939762315;t_drive:733.6624797856493;fare:309,False,,0,0,10,,55737.562790521515,56443.058646135294,309,0,,498.9165939762315,False,55509.75000000057,False,80.26448781957738,False,[],True,"(10, 1)",1
297,BasicRequest_no_show,1,55440,55440,427;-1;-1,749;-1;-1,,,,,404.3857729426866,2474.4106377,0:t_wait:865.0364546894416;t_drive:704.3857729426891;fare:247,False,,0,0,0,,55908.625215773,56498.17374609917,247,0,,865.0364546894416,False,55458.9500000011,False,83.12243049995143,False,[],False,,
277,BasicRequest_no_show,1,53400,53400,3484;-1;-1,2816;-1;-1,,,,,1732.3620934759642,16848.302334871005,0:t_wait:1083.6617657212482;t_drive:2032.3620934759674;fare:1684,False,,0,0,5,,54355.299419522395,56759.520278188815,1684,0,,1083.6617657212482,False,53430.0,True,3.158857990669024,False,[],True,"(5, 1)",1.0
294,BasicRequest_no_show,1,55020,55020,825;-1;-1,2816;-1;-1,,,,,561.0057080836453,5676.97062484,0:t_wait:673.0195913556963;t_drive:861.0057080836486;fare:567,False,,0,0,5,,55825.16156669056,56759.520278188815,567,0,,673.0195913556963,False,55026.20000000036,False,80.81322253937239,False,[],False,,
304,BasicRequest_no_show,2,55920,55920,1539;-1;-1,1405;-1;-1,,,,,325.37517649034,1516.480946461,0:t_wait:760.4867126400859;t_drive:625.3751764903427;fare:303,False,,0,0,1,,56565.267893699456,56910.99103323946,303,0,,760.4867126400859,False,55928.95000000052,False,80.41504931140824,False,[],False,,
302,BasicRequest_no_show,1,55800,55800,2600;-1;-1,428;-1;-1,,,,,285.1836859699126,2131.84374607,0:t_wait:765.8879615235346;t_drive:585.1836859699106;fare:213,False,,0,0,8,,56402.62626515426,56999.533823768565,213,0,,765.8879615235346,False,55805.80000000034,False,81.2005431484954,False,[],False,,
315,BasicRequest_no_show,1,57060,57060,2716;-1;-1,2223;-1;-1,,,,,252.38317503107112,2096.42832391,0:t_wait:1437.5374429498625;t_drive:552.383175031071;fare:209,True,,,,,,,,,0,,,False,,False,,False,[],False,,
295,BasicRequest_no_show,1,55200,55200,2146;-1;-1,544;-1;-1,,,,,873.3337399563293,5250.881267551,0:t_wait:861.0495936621737;t_drive:1173.3337399563316;fare:525,False,,0,0,4,,55968.87231787033,57105.37218387035,525,0,,861.0495936621737,False,55206.30000000037,False,81.56234114044848,False,[],False,,
305,BasicRequest_no_show,1,56100,56100,129;-1;-1,3675;-1;-1,,,,,397.3700263067895,2269.32140633,0:t_wait:532.5203755256152;t_drive:697.3700263067876;fare:226,False,,0,0,11,,56691.18789412133,57138.13469930865,226,0,,532.5203755256152,False,56110.900000000634,False,80.66905570798646,False,[],False,,
306,BasicRequest_no_show,1,56160,56160,427;-1;-1,2069;-1;-1,,,,,680.7121277055,5136.18901477,0:t_wait:573.7897592840964;t_drive:980.7121277054976;fare:513,False,,0,0,7,,56511.612786249505,57220.631531507046,513,0,,573.7897592840964,False,56168.40000000049,False,82.59508465125059,False,[],False,,
311,BasicRequest_no_show,1,56700,56700,3475;-1;-1,427;-1;-1,,,,,61.33210298209825,475.94957661,0:t_wait:510.5204376967449;t_drive:361.3321029821018;fare:100,False,,0,0,8,,57082.838170321396,57220.91372905469,100,0,,510.5204376967449,False,56711.20000000065,False,80.53653821967416,False,[],False,,
310,BasicRequest_no_show,1,56580,56580,427;-1;-1,2223;-1;-1,,,,,397.1544205843337,2287.87673469,0:t_wait:397.075995761239;t_drive:697.1544205843311;fare:228,False,,0,0,10,,56927.957840603194,57221.103868301725,228,0,,397.075995761239,False,56590.550000000614,False,80.03826702593672,False,[],False,,
307,BasicRequest_no_show,1,56340,56340,2223;-1;-1,1815;-1;-1,,,,,501.2788581514959,3705.81740017,0:t_wait:599.0937186982046;t_drive:801.2788581514978;fare:370,False,,0,0,2,,56777.83145648207,57452.580342268775,370,0,,599.0937186982046,False,56349.900000000576,False,81.63862531739744,False,[],False,,
323,BasicRequest_no_show,1,57480,57480,427;-1;-1,3995;-1;-1,,,,,589.0217624949164,3870.208666046,0:t_wait:1314.898456474686;t_drive:889.0217624949146;fare:387,True,,,,,,,,,0,,,False,,False,,False,[],False,,
308,BasicRequest_no_show,1,56400,56400,1217;-1;-1,2515;-1;-1,,,,,631.7023085510648,4512.648010342999,0:t_wait:505.39980308368104;t_drive:931.7023085510664;fare:451,False,,0,0,3,,57053.29939663754,57768.623000102874,451,0,,505.39980308368104,False,56406.20000000036,False,80.07892595002676,False,[],False,,
324,BasicRequest_no_show,1,57780,57780,1390;-1;-1,420;-1;-1,,,,,165.59297146870674,1389.25629585,0:t_wait:1248.9743125059467;t_drive:465.59297146870813;fare:138,True,,,,,,,,,0,,,False,,False,,False,[],False,,
314,BasicRequest_no_show,1,57060,57060,749;-1;-1,427;-1;-1,,,,,409.89218659361995,2260.141705,0:t_wait:414.8562578844576;t_drive:709.8921865936209;fare:226,False,,0,0,4,,57368.83927673652,57919.12838771997,226,0,,414.8562578844576,False,57066.950000000405,False,81.67870309278004,False,[],False,,
326,BasicRequest_no_show,1,57960,57960,3484;-1;-1,815;-1;-1,,,,,1769.079903118612,14956.949797848001,0:t_wait:1176.4917486627455;t_drive:2069.0799031186107;fare:1495,True,,,,,,,,,0,,,False,,False,,False,[],False,,
327,BasicRequest_no_show,2,58080,58080,424;-1;-1,3762;-1;-1,,,,,205.8404417606153,1296.894461893,0:t_wait:946.4299537199549;t_drive:505.84044176061434;fare:259,True,,,,,,,,,0,,,False,,False,,False,[],False,,
312,BasicRequest_no_show,1,56760,56760,1262;-1;-1,3044;-1;-1,,,,,1195.9359383029082,9464.52552965,0:t_wait:255.1220287357355;t_drive:1495.9359383029077;fare:946,False,,0,0,0,,57015.122028735736,58156.87158872727,946,0,,255.1220287357355,False,56768.45000000049,False,81.40926995465415,False,[],True,"(0, 1)",1
321,BasicRequest_no_show,1,57420,57420,2122;-1;-1,427;-1;-1,,,,,123.69822954,851.34547788,0:t_wait:952.9572767388163;t_drive:423.6982295400012;fare:100,False,,0,0,3,,58040.04997005002,58179.94166387748,100,0,,952.9572767388163,False,57450,True,-6.113698440478598,False,[],False,,
316,BasicRequest_no_show,1,57120,57120,3749;-1;-1,1736;-1;-1,,,,,589.5136971719083,4808.12421131,0:t_wait:561.0532317663747;t_drive:889.5136971719112;fare:480,False,,0,0,11,,57421.50073805674,58219.082498591764,480,0,,561.0532317663747,False,57128.350000000486,False,80.1958096359085,False,[],False,,
331,BasicRequest_no_show,2,58260,58260,2293;-1;-1,2457;-1;-1,,,,,451.72875333229615,2809.5086342500003,0:t_wait:1439.201714407769;t_drive:751.728753332296;fare:561,True,,,,,,,,,0,,,False,,False,,False,[],False,,
332,BasicRequest_no_show,1,58260,58260,3930;-1;-1,3972;-1;-1,,,,,1114.8428289183694,9449.088594847999,0:,False,,,,,,,,,0,,,False,,False,,False,[],False,,
317,BasicRequest_no_show,1,57120,57120,1468;-1;-1,1802;-1;-1,,,,,499.5791779351256,3459.4402089,0:t_wait:739.0400599174391;t_drive:799.5791779351275;fare:345,False,,0,0,10,,57580.479587331676,58282.270958160945,345,0,,739.0400599174391,False,57130.10000000059,False,80.35724114822136,False,[],False,,
333,BasicRequest_no_show,1,58320,58320,1489;-1;-1,236;-1;-1,,,,,1187.095414121905,8652.431054497,0:t_wait:1318.5301255906088;t_drive:1487.0954141219045;fare:865,True,,,,,,,,,0,,,False,,False,,False,[],False,,
318,BasicRequest_no_show,1,57240,57240,1061;-1;-1,258;-1;-1,,,,,614.5113768841943,4240.298280963,0:t_wait:562.3350572429335;t_drive:914.5113768841911;fare:424,False,,0,0,7,,57532.33505724293,58335.6192101719,424,0,,562.3350572429335,False,57245.50000000032,False,80.67023500416454,False,[],False,,
309,BasicRequest_no_show,1,56460,56460,1747;-1;-1,3562;-1;-1,,,,,677.8804566186732,4794.762406863,0:t_wait:625.2428552556594;t_drive:977.8804566186736;fare:479,False,,0,0,9,,57818.33539811418,58401.22883644833,479,0,,625.2428552556594,False,56465.85000000034,False,81.15963762726531,False,[],False,,
335,BasicRequest_no_show,1,58500,58500,2384;-1;-1,3174;-1;-1,,,,,611.5698037072714,5019.0786060400005,0:t_wait:1257.8966685969717;t_drive:911.5698037072725;fare:501,True,,,,,,,,,0,,,False,,False,,False,[],False,,
337,BasicRequest_no_show,2,58800,58800,259;-1;-1,137;-1;-1,,,,,223.38332101858208,1720.5855652,0:t_wait:1304.7144604075875;t_drive:523.383321018584;fare:344,True,,,,,,,,,0,,,False,,False,,False,[],False,,
340,BasicRequest_no_show,1,58980,58980,1390;-1;-1,2780;-1;-1,,,,,708.2227781035391,6439.069684008,0:t_wait:1002.7196737781196;t_drive:1008.2227781035399;fare:643,True,,,,,,,,,0,,,False,,False,,False,[],False,,
330,BasicRequest_no_show,2,58260,58260,2168;-1;-1,2457;-1;-1,,,,,446.45997903653563,3040.37854082,0:t_wait:349.86144941396196;t_drive:746.4599790365392;fare:608,False,,0,0,0,,58565.93819452666,58996.56100199216,608,0,,349.86144941396196,False,58268.75000000051,False,80.34894479363798,False,[],True,"(0, 5)",5
328,BasicRequest_no_show,1,58080,58080,3427;-1;-1,3719;-1;-1,,,,,568.7738175613663,3087.126813803,0:t_wait:833.6908306094847;t_drive:868.7738175613631;fare:308,False,,0,0,9,,58567.36477490726,59060.972654700556,308,0,,833.6908306094847,False,58098.650000001086,False,82.12152949265028,False,[],False,,
313,BasicRequest_no_show,2,57060,57060,2355;-1;-1,3044;-1;-1,,,,,1186.1133815221208,10341.81945323,0:t_wait:569.156386544375;t_drive:1486.1133815221183;fare:2068,False,,0,0,1,,57545.17449956992,59084.30500168216,2068,0,,569.156386544375,False,57067.35000000043,False,80.64539259423601,False,[],False,,
320,BasicRequest_no_show,2,57360,57360,2445;-1;-1,1217;-1;-1,,,,,675.8076806107968,4148.6904032170005,0:t_wait:725.2898351136973;t_drive:975.8076806108002;fare:829,False,,0,0,2,,58293.55141200058,59151.79554965619,829,0,,725.2898351136973,False,57367.450000000434,False,81.95823012343018,False,[],False,,
343,BasicRequest_no_show,1,59280,59280,3788;-1;-1,427;-1;-1,,,,,439.0595825981787,3030.2205202799996,0:t_wait:1088.1383477863128;t_drive:739.05958259818;fare:303,True,,,,,,,,,0,,,False,,False,,False,[],False,,
344,BasicRequest_no_show,1,59340,59340,453;-1;-1,3562;-1;-1,,,,,1070.8900047035186,10530.202249086999,0:t_wait:1245.0383783763027;t_drive:1370.8900047035204;fare:1053,True,,,,,,,,,0,,,False,,False,,False,[],False,,
345,BasicRequest_no_show,1,59340,59340,3562;-1;-1,1627;-1;-1,,,,,1277.1233093858782,9421.741310189002,0:t_wait:1024.871281914071;t_drive:1577.1233093858755;fare:942,True,,,,,,,,,0,,,False,,False,,False,[],False,,
322,BasicRequest_no_show,1,57480,57480,3974;-1;-1,593;-1;-1,,,,,707.7798523690793,4581.27495114,0:t_wait:818.9738638542622;t_drive:1007.7798523690799;fare:458,False,,0,0,4,,58203.67347333255,59371.74141028963,458,0,,818.9738638542622,False,57492.50000000073,False,81.28972597115836,False,[],True,"(4, 11)",11
325,BasicRequest_no_show,1,57900,57900,3859;-1;-1,1587;-1;-1,,,,,1141.4040731481014,7472.900177507,0:t_wait:671.0136734149492;t_drive:1441.4040731481;fare:747,False,,0,0,7,,58553.49290319518,59455.53120133371,747,0,,671.0136734149492,False,57905.55000000032,False,82.23948031474585,False,[],False,,
348,BasicRequest_no_show,1,59520,59520,1280;-1;-1,745;-1;-1,,,,,773.6271811862525,6550.51417305,0:t_wait:1470.6976523815683;t_drive:1073.6271811862534;fare:655,False,59530,0,,,,,,655,0,,1470.6976523815683,True,59532.0500000007,False,-81.05742174167212,False,[],False,,
349,BasicRequest_no_show,1,59580,59580,3266;-1;-1,2589;-1;-1,,,,,1154.9320088735506,9465.55652321,0:,False,,,,,,,,,0,,,False,,False,,False,[],False,,
351,BasicRequest_no_show,1,59700,59700,1013;-1;-1,333;-1;-1,,,,,891.3544000535658,7420.376757290001,0:,False,,,,,,,,,0,,,False,,False,,False,[],False,,
352,BasicRequest_no_show,1,59880,59880,1392;-1;-1,2308;-1;-1,,,,,965.8294121725153,6176.664283478,0:t_wait:1163.1066193005972;t_drive:1265.829412172512;fare:617,True,,,,,,,,,0,,,False,,False,,False,[],False,,
319,BasicRequest_no_show,1,57300,57300,1585;-1;-1,1478;-1;-1,,,,,1542.9402023729385,13065.1579786,0:t_wait:935.7244104120036;t_drive:1842.9402023729417;fare:1306,False,,0,0,8,,58382.355868078106,59886.76240406773,1306,0,,935.7244104120036,False,57330,True,37.74299585050616,False,[],False,,
355,BasicRequest_no_show,1,60240,60240,1123;-1;-1,538;-1;-1,,,,,1153.6594947507306,8926.122438830002,0:t_wait:1260.853068516044;t_drive:1453.6594947507328;fare:892,False,60270,0,,,,,,892,0,,1260.853068516044,True,60270,True,-58.23814148757328,False,[],False,,
334,BasicRequest_no_show,1,58440,58440,184;-1;-1,2404;-1;-1,,,,,528.6009012893478,5227.935944819999,0:t_wait:846.4183513333483;t_drive:828.6009012893483;fare:522,False,,0,0,10,,59458.111879385964,60360.72974978536,522,0,,846.4183513333483,False,58461.15000000123,False,80.03264407386025,False,[],False,,
336,BasicRequest_no_show,1,58800,58800,236;-1;-1,199;-1;-1,,,,,545.4870150506673,4176.545636660001,0:t_wait:915.0131048510812;t_drive:845.4870150506686;fare:417,False,,0,0,2,,59555.33657603181,60433.842682658345,417,0,,915.0131048510812,False,58830,True,61.8721441667754,False,[],False,,
339,BasicRequest_no_show,1,58980,58980,1254;-1;-1,2293;-1;-1,,,,,811.7251967677674,7003.832939503,0:t_wait:843.6310710924081;t_drive:1111.7251967677657;fare:700,False,,0,0,9,,59585.44007076654,60455.706881243816,700,0,,843.6310710924081,False,59010,True,60.86628421043832,False,[],True,"(9, 5)",5
358,BasicRequest_no_show,1,60480,60480,2053;-1;-1,425;-1;-1,,,,,848.3866186617186,3978.9687930900004,0:t_wait:1206.060747757212;t_drive:1148.386618661716;fare:397,True,,,,,,,,,0,,,False,,False,,False,[],False,,
341,BasicRequest_no_show,1,58980,58980,3346;-1;-1,340;-1;-1,,,,,620.2642766324154,5077.670354747999,0:t_wait:871.3013413248045;t_drive:920.2642766324134;fare:507,False,,0,0,0,,59697.57920912754,60620.90913953186,507,0,,871.3013413248045,False,58991.45000000067,False,80.07332647904887,False,[],False,,
347,BasicRequest_no_show,1,59400,59400,427;-1;-1,1531;-1;-1,,,,,354.86709881778677,2296.426988623,0:t_wait:900.4549486087999;t_drive:654.8670988177837;fare:229,False,,0,0,4,,60231.77772072452,60630.84324275753,229,0,,624.344719568333,False,59430,True,66.65819458989787,False,[],False,,
362,BasicRequest_no_show,1,60720,60720,3478;-1;-1,870;-1;-1,,,,,893.3990977129042,5284.667491061,0:t_wait:1461.2360039906416;t_drive:1193.399097712907;fare:528,True,,,,,,,,,0,,,False,,False,,False,[],False,,
363,BasicRequest_no_show,1,60900,60900,2877;-1;-1,3562;-1;-1,,,,,623.8530887760413,3268.886990481,0:t_wait:1305.43805943006;t_drive:923.8530887760426;fare:326,False,60910,0,,,,,,326,0,,1305.43805943006,True,60914.000000000815,False,-80.38651549484905,False,[],False,,
346,BasicRequest_no_show,1,59400,59400,3448;-1;-1,613;-1;-1,,,,,369.705384995832,1995.72614524,0:t_wait:652.7017159623429;t_drive:669.705384995832;fare:199,False,,0,0,1,,60461.70732591152,60939.56407278322,199,0,,652.7017159623429,False,59407.10000000041,False,80.49882558607672,False,[],False,,
365,BasicRequest_no_show,1,60960,60960,598;-1;-1,1924;-1;-1,,,,,713.1818192145715,4652.582948142999,0:t_wait:1013.4198214202625;t_drive:1013.1818192145729;fare:465,True,,,,,,,,,0,,,False,,False,,False,[],False,,
338,BasicRequest_no_show,1,58920,58920,1587;-1;-1,1323;-1;-1,,,,,1065.72772977349,11797.834984949997,0:t_wait:575.2713740518302;t_drive:1365.7277297734909;fare:1179,False,,0,0,7,,59455.53120133371,61011.87163459264,1179,0,,575.2713740518302,False,58924.75000000028,False,81.05782814017472,False,[],False,,
361,BasicRequest_no_show,1,60720,60720,821;-1;-1,2317;-1;-1,,,,,174.59251283788848,857.17421597,0:t_wait:757.1608187923994;t_drive:474.5925128378876;fare:100,False,,0,0,4,,60880.917756404284,61061.72839256615,100,0,,157.3852514029495,False,60724.550000000265,False,80.802121008738,False,[],True,"(10, 4)",10
368,BasicRequest_no_show,1,61080,61080,1721;-1;-1,824;-1;-1,,,,,331.9473201573836,1953.5611729900002,0:t_wait:1027.2428796885215;t_drive:631.9473201573855;fare:195,True,,,,,,,,,0,,,False,,False,,False,[],False,,
369,BasicRequest_no_show,1,61080,61080,2716;-1;-1,1014;-1;-1,,,,,367.09698550831934,4083.0917496,0:t_wait:1201.7763673548616;t_drive:667.0969855083167;fare:408,True,,,,,,,,,0,,,False,,False,,False,[],False,,
371,BasicRequest_no_show,1,61140,61140,427;-1;-1,2006;-1;-1,,,,,979.8248135724587,6940.48557597,0:t_wait:1048.3805345632063;t_drive:1279.824813572457;fare:694,True,,,,,,,,,0,,,False,,False,,False,[],False,,
372,BasicRequest_no_show,1,61140,61140,1585;-1;-1,1390;-1;-1,,,,,1446.295994181414,15309.675922453,0:,False,,,,,,,,,0,,,False,,False,,False,[],False,,
353,BasicRequest_no_show,1,60060,60060,2404;-1;-1,2241;-1;-1,,,,,610.236311552887,5410.24228592,0:t_wait:247.33234667462239;t_drive:910.236311552886;fare:541,False,,0,0,10,,60360.72974978536,61165.21086291507,541,0,,247.33234667462239,False,60064.65000000027,False,84.09471414203011,False,[],False,,
350,BasicRequest_no_show,2,59640,59640,3350;-1;-1,1060;-1;-1,,,,,662.2926962054495,6088.80766425,0:t_wait:636.4872626542201;t_drive:962.292696205448;fare:1217,False,,0,0,5,,60354.9582814537,61196.829397703965,1217,0,,636.4872626542201,False,59648.150000000474,False,80.4557647483903,False,[],False,,
373,BasicRequest_no_show,1,61200,61200,1145;-1;-1,1344;-1;-1,,,,,978.6587778224198,5661.47751035,0:t_wait:1260.8992990524566;t_drive:1278.6587778224202;fare:566,False,61230,0,,,,,,566,0,,1260.8992990524566,True,61230,True,-53.520731316568565,False,[],False,,
376,BasicRequest_no_show,1,61440,61440,3364;-1;-1,2782;-1;-1,,,,,485.3148515192702,3922.000108196,0:,False,,,,,,,,,0,,,False,,False,,False,[],False,,
356,BasicRequest_no_show,1,60300,60300,3572;-1;-1,3562;-1;-1,,,,,321.00850164677087,1576.7138139899998,0:t_wait:966.534673592003;t_drive:621.008501646771;fare:157,False,,0,0,2,,61137.9461646598,61474.6721570507,157,0,,966.534673592003,False,60330,True,46.697085549068795,False,[],False,,
342,BasicRequest_no_show,1,59280,59280,2203;-1;-1,1149;-1;-1,,,,,1055.6617224149395,6545.040391413,0:t_wait:912.0748650625173;t_drive:1355.6617224149377;fare:654,False,,0,0,8,,60276.26494865017,61577.84694137602,654,0,,912.0748650625173,False,59310,True,31.061299534770107,False,[],False,,
378,BasicRequest_no_show,1,61620,61620,1673;-1;-1,1786;-1;-1,,,,,419.8812248637286,2659.70063586,0:t_wait:1313.8231368465567;t_drive:719.881224863726;fare:265,True,,,,,,,,,0,,,False,,False,,False,[],False,,
360,BasicRequest_no_show,1,60660,60660,3675;-1;-1,2626;-1;-1,,,,,575.7305904098591,2802.80368174,0:t_wait:716.9251163772642;t_drive:875.7305904098612;fare:280,False,,0,0,1,,61089.33870477103,61641.93749875231,280,0,,716.9251163772642,False,60664.35000000025,False,80.28971061467894,False,[],False,,
329,BasicRequest_no_show,1,58260,58260,1671;-1;-1,1217;-1;-1,,,,,1595.797523214219,12225.20880088,0:t_wait:1138.4825951986131;t_drive:1895.7975232142198;fare:1222,False,,0,0,11,,59777.49879693462,61769.27855989272,1222,0,,1096.2983461810582,False,58290,True,27.388717675502782,False,[],True,"(11, 3)",3
381,BasicRequest_no_show,1,61980,61980,1281;-1;-1,2404;-1;-1,,,,,604.7329097403884,5032.31630614,0:t_wait:1255.133841243165;t_drive:904.7329097403854;fare:503,False,62010,0,,,,,,503,0,,1255.133841243165,True,62010,True,-35.646808378899635,False,[],False,,
370,BasicRequest_no_show,1,61140,61140,3346;-1;-1,340;-1;-1,,,,,620.2642766324154,5077.670354747999,0:t_wait:407.73089818950393;t_drive:920.2642766324134;fare:507,False,,0,0,7,,61547.730898189504,62101.940599714384,507,0,,407.73089818950393,False,61147.450000000434,False,81.53154757307216,False,[],False,,
357,BasicRequest_no_show,2,60360,60360,3541;-1;-1,2429;-1;-1,,,,,1314.2271170723764,11705.95610681,0:t_wait:866.7613503775428;t_drive:1614.2271170723761;fare:2341,False,,0,0,0,,61040.68800628584,62336.67065593495,2341,0,,866.7613503775428,False,60390,True,37.466648812605314,False,[],False,,
375,BasicRequest_no_show,1,61320,61320,427;-1;-1,2183;-1;-1,,,,,701.9459286044756,5000.308941773001,0:t_wait:583.4838960351699;t_drive:1001.945928604473;fare:500,False,,0,0,2,,61684.34336616391,62404.881145208004,500,0,,583.4838960351699,False,61324.45000000026,False,80.57140322936318,False,[],False,,
367,BasicRequest_no_show,1,61020,61020,674;-1;-1,3442;-1;-1,,,,,561.3528498327406,3948.0652511769995,0:t_wait:906.0461596192763;t_drive:861.3528498327432;fare:394,False,,0,0,5,,61682.76636328149,62404.18400949513,394,0,,906.0461596192763,False,61050.0,True,63.67830037421247,False,[],False,,
354,BasicRequest_no_show,1,60180,60180,898;-1;-1,2448;-1;-1,,,,,1500.676002437301,13083.980924389998,0:t_wait:169.9292182479403;t_drive:1800.6760024372998;fare:1308,False,,0,0,3,,60347.902637985375,62530.30867048801,1308,0,,169.9292182479403,False,60184.400000000256,False,80.96107608781925,False,[],False,,
364,BasicRequest_no_show,1,60900,60900,2479;-1;-1,1587;-1;-1,,,,,1086.2282405121373,7887.921160693999,0:t_wait:596.6319817342082;t_drive:1386.2282405121368;fare:788,False,,0,0,9,,61496.63198173422,62689.97699039059,788,0,,596.6319817342082,False,60905.85000000034,False,81.76734976759094,False,[],False,,
377,BasicRequest_no_show,1,61560,61560,4068;-1;-1,3790;-1;-1,,,,,483.40598090814626,3979.7992532999997,0:t_wait:770.4415294058344;t_drive:783.4059809081446;fare:397,False,,0,0,1,,62049.59217238721,62692.99415148877,397,0,,770.4415294058344,False,61572.450000000725,False,80.46476933769014,False,[],False,,
359,BasicRequest_no_show,1,60660,60660,427;-1;-1,1587;-1;-1,,,,,1029.8379985650374,10313.086996606999,0:t_wait:745.5637120860993;t_drive:1329.837998565039;fare:1031,False,,0,0,4,,61544.35629533377,62691.48808782153,1031,0,,745.5637120860993,False,60665.35000000031,False,82.32631673141697,False,[],False,,
374,BasicRequest_no_show,1,61260,61260,991;-1;-1,3931;-1;-1,,,,,732.2532469137104,5868.938866237,0:t_wait:827.565045948104;t_drive:1032.2532469137077;fare:586,False,,0,0,8,,61933.732514761046,62696.19330144823,586,0,,827.565045948104,False,61281.750000001266,False,80.55097481708859,False,[],False,,
382,BasicRequest_no_show,1,62040,62040,1390;-1;-1,3802;-1;-1,,,,,227.3444644080879,1444.428119824,0:t_wait:757.661605244859;t_drive:527.3444644080882;fare:144,False,,0,0,2,,62531.022606660365,62772.79359889959,144,0,,757.661605244859,False,62054.000000000815,False,80.50270431269882,False,[],False,,
366,BasicRequest_no_show,1,61020,61020,1361;-1;-1,1587;-1;-1,,,,,1371.3473844899809,12546.336546247001,0:t_wait:612.7999200106788;t_drive:1671.3473844899781;fare:1254,False,,0,0,10,,61376.19819675769,62799.82448073967,1254,0,,612.7999200106788,False,61029.000000000524,False,80.86861772367686,False,[],False,,
386,BasicRequest_no_show,1,63060,63060,2045;-1;-1,3299;-1;-1,,,,,1742.5292356515401,13457.57008934,0:t_wait:903.4017653026094;t_drive:2042.529235651542;fare:1345,True,,,,,,,,,0,,,False,,False,,False,[],False,,
389,BasicRequest_no_show,2,63180,63180,439;-1;-1,2062;-1;-1,,,,,1671.129118673054,16234.970960589997,0:t_wait:1401.5070606295485;t_drive:1971.1291186730523;fare:3246,True,,,,,,,,,0,,,False,,False,,False,[],False,,
384,BasicRequest_no_show,1,62400,62400,567;-1;-1,1815;-1;-1,,,,,493.0057145882629,2845.72075927,0:t_wait:513.1029502042875;t_drive:793.0057145882602;fare:284,False,,0,0,0,,62913.102950204295,63424.10622088826,284,0,,513.1029502042875,False,62407.00000000041,False,80.42076734453289,False,[],False,,
379,BasicRequest_no_show,1,61860,61860,1028;-1;-1,521;-1;-1,,,,,920.5180236564205,5352.734523594001,0:t_wait:650.1791366924517;t_drive:1220.5180236564192;fare:535,False,,0,0,11,,62510.17913669245,63495.07221605372,535,0,,650.1791366924517,False,61870.45000000061,False,80.4219692790288,False,[],False,,
380,BasicRequest_no_show,1,61980,61980,1156;-1;-1,236;-1;-1,,,,,1151.6509541827581,10302.925226563999,0:t_wait:776.2759618083946;t_drive:1451.6509541827545;fare:1030,False,,0,0,7,,62414.47737495388,63687.06434959361,1030,0,,776.2759618083946,False,61989.05000000053,False,83.218568864437,False,[],False,,
385,BasicRequest_no_show,1,62640,62640,328;-1;-1,1503;-1;-1,,,,,577.0845376941589,3161.2723101500005,0:t_wait:725.4416665930185;t_drive:877.0845376941579;fare:316,False,,0.0,0.0,8.0,,63130.67564612849,63833.14074148929,316.0,0,,725.4416665930185,False,62643.90000000023,False,80.91229950426332,False,[],True,"(8, 3)",3.0
396,BasicRequest_no_show,2,63840,63840,1531;-1;-1,2082;-1;-1,,,,,469.3257876649775,2890.8330568369993,0:t_wait:846.6981120450291;t_drive:769.3257876649805;fare:578,True,,,,,,,,,0,,,False,,False,,False,[],False,,
383,BasicRequest_no_show,2,62220,62220,2170;-1;-1,2003;-1;-1,,,,,998.3171233571917,5875.458118894,0:t_wait:839.3250501270377;t_drive:1298.317123357192;fare:1175,False,,0,0,5,,62785.79157548404,63878.54079018864,1175,0,,839.3250501270377,False,62238.00000000105,False,80.95953454055734,False,[],True,"(5, 1)",1
399,BasicRequest_no_show,2,64140,64140,2087;-1;-1,433;-1;-1,,,,,1740.8064594486718,13584.035145049995,0:,False,,,,,,,,,0,,,False,,False,,False,[],False,,
400,BasicRequest_no_show,1,64140,64140,1606;-1;-1,2205;-1;-1,,,,,1029.4263632268378,8693.22133777,0:,False,,,,,,,,,0,,,False,,False,,False,[],False,,
403,BasicRequest_no_show,2,64320,64320,1187;-1;-1,3427;-1;-1,,,,,252.81633080800975,1552.3375004700001,0:,False,,,,,,,,,0,,,False,,False,,False,[],False,,
404,BasicRequest_no_show,1,64320,64320,2171;-1;-1,427;-1;-1,,,,,419.4082487043389,2329.64694669,0:,False,,,,,,,,,0,,,False,,False,,False,[],False,,
405,BasicRequest_no_show,1,64440,64440,3266;-1;-1,2155;-1;-1,,,,,550.7287263017371,1878.3163925499998,0:t_wait:1352.7856456514564;t_drive:850.7287263017352;fare:187,True,,,,,,,,,0,,,False,,False,,False,[],False,,
406,BasicRequest_no_show,1,64440,64440,1408;-1;-1,1559;-1;-1,,,,,584.4939842413283,3272.0956379630006,0:t_wait:1322.448724359696;t_drive:884.4939842413296;fare:327,True,,,,,,,,,0,,,False,,False,,False,[],False,,
390,BasicRequest_no_show,1,63360,63360,1815;-1;-1,2223;-1;-1,,,,,972.721718765097,5543.141327974,0:t_wait:83.02323001923651;t_drive:1272.7217187650967;fare:554,False,,0,0,0,,63424.10622088826,64453.157367752385,554,0,,83.02323001923651,False,63370.200000000594,False,80.13708507708215,False,[],False,,
407,BasicRequest_no_show,1,64500,64500,3525;-1;-1,3442;-1;-1,,,,,626.829149273181,5287.5987838500005,0:t_wait:943.4190174718169;t_drive:926.8291492731732;fare:528,True,,,,,,,,,0,,,False,,False,,False,[],False,,
402,BasicRequest_no_show,2,64320,64320,3315;-1;-1,3562;-1;-1,,,,,89.19214496107499,462.49275265899996,0:t_wait:179.0639735598961;t_drive:389.1921449610745;fare:100,False,,0,0,5,,64494.88355009989,64602.58252556531,100,0,,179.0639735598961,False,64324.550000000265,False,82.33227801464358,False,[],False,,
387,BasicRequest_no_show,1,63120,63120,4003;-1;-1,1587;-1;-1,,,,,1311.8068798695926,12407.393963646999,0:t_wait:56.21834022650728;t_drive:1611.8068798695895;fare:1240,False,,0,0,2,,63176.2183402265,64704.19447117612,1240,0,,56.21834022650728,False,63125.2000000003,False,81.2080552056052,False,[],False,,
391,BasicRequest_no_show,1,63420,63420,3665;-1;-1,507;-1;-1,,,,,857.2243260316543,5177.8849845429995,0:t_wait:786.5493817124079;t_drive:1157.2243260316536;fare:517,False,,0,0,11,,63931.40139119313,64929.04360327006,517,0,,786.5493817124079,False,63434.10000000082,False,80.6869714293506,False,[],False,,
388,BasicRequest_no_show,1,63180,63180,3603;-1;-1,2180;-1;-1,,,,,1303.5153238532052,8869.728576602001,0:t_wait:769.7022842386868;t_drive:1603.5153238532002;fare:886,False,,0,0,1,,63949.950876856856,65259.36295883543,886,0,,769.7022842386868,False,63192.85000000075,False,81.60866947002881,False,[],True,"(1, 3)",3
394,BasicRequest_no_show,1,63660,63660,2636;-1;-1,2589;-1;-1,,,,,1201.906214131453,10114.12360377,0:t_wait:689.0911343845437;t_drive:1501.906214131457;fare:1011,False,,0,0,7,,64078.839812445854,65290.26055642884,1011,0,,689.0911343845437,False,63668.500000000495,False,80.2736410776811,False,[],False,,
395,BasicRequest_no_show,1,63660,63660,2636;-1;-1,865;-1;-1,,,,,1174.6550631660496,7444.096018640001,0:t_wait:811.4698232318988;t_drive:1474.655063166043;fare:744,False,,0,0,8,,64181.7236547712,65360.35083494597,744,0,,811.4698232318988,False,63671.950000000696,False,80.49389931943332,False,[],False,,
401,BasicRequest_no_show,1,64260,64260,3562;-1;-1,861;-1;-1,,,,,365.61241073376704,1780.4203404700002,0:t_wait:841.102806938623;t_drive:665.6124107337673;fare:178,False,,0,0,0,,64830.151532336386,65437.557141817015,178,0,,841.102806938623,False,64287.70000000161,False,82.4004885849497,False,[],False,,
397,BasicRequest_no_show,1,63900,63900,427;-1;-1,1504;-1;-1,,,,,409.83809757186685,2683.3307865200004,0:t_wait:897.2927389391334;t_drive:709.8380975718683;fare:268,False,,0,0,5,,64812.25373467852,65443.115840259205,268,0,,897.2927389391334,False,63911.85000000069,False,80.40123000666826,False,[],False,,
419,BasicRequest_no_show,1,65820,65820,3177;-1;-1,2308;-1;-1,,,,,290.553021087,2196.80675784,0:t_wait:1082.8540529993188;t_drive:590.5530210870056;fare:219,True,,,,,,,,,0,,,False,,False,,False,[],False,,
392,BasicRequest_no_show,1,63540,63540,3969;-1;-1,1827;-1;-1,,,,,1465.5083315501893,14182.27217013,0:t_wait:821.1949710044573;t_drive:1765.5083315501834;fare:1418,False,,0,0,4,,64361.194971004465,65826.85424733766,1418,0,,821.1949710044573,False,63554.850000000864,False,80.1849627663304,False,[],False,,
415,BasicRequest_no_show,2,65580,65580,334;-1;-1,1811;-1;-1,,,,,111.753357465,806.45606659,0:t_wait:65.22034202792565;t_drive:411.7533574650006;fare:161,False,,0,0,5,,65680.38250740845,65861.78195023234,161,0,,65.22034202792565,False,65586.55000000038,False,80.0092298478402,False,[],False,,
393,BasicRequest_no_show,1,63540,63540,1671;-1;-1,2448;-1;-1,,,,,1807.010204186844,18747.002253783998,0:t_wait:748.5025873719205;t_drive:2107.010204186845;fare:1874,False,,0,0,9,,64347.64681628318,66170.25180471236,1874,0,,748.5025873719205,False,63549.80000000057,False,83.81370599638703,False,[],False,,
398,BasicRequest_no_show,1,64140,64140,2122;-1;-1,1140;-1;-1,,,,,1603.9478405135253,11782.416387548998,0:t_wait:499.1473215309379;t_drive:1903.9478405135305;fare:1178,False,,0.0,0.0,3.0,,64624.73377240891,66231.90957397208,1178.0,0,,499.1473215309379,False,64146.20000000036,False,82.36296379862154,False,[],True,"(3, 10)",10.0
422,BasicRequest_no_show,2,66240,66240,2636;-1;-1,452;-1;-1,,,,,899.7732874169999,7762.30138128,0:t_wait:1354.6479410850734;t_drive:1199.7732874170033;fare:1552,True,,,,,,,,,0,,,False,,False,,False,[],False,,
423,BasicRequest_no_show,2,66240,66240,2636;-1;-1,452;-1;-1,,,,,899.7732874169999,7762.30138128,0:t_wait:1354.6479410850734;t_drive:1199.7732874170033;fare:1552,True,,,,,,,,,0,,,False,,False,,False,[],False,,
424,BasicRequest_no_show,1,66360,66360,428;-1;-1,2223;-1;-1,,,,,327.855228,2121.20535267,0:t_wait:1438.6701541919465;t_drive:627.8552280000004;fare:212,True,,,,,,,,,0,,,False,,False,,False,[],False,,
409,BasicRequest_no_show,1,64920,64920,2122;-1;-1,502;-1;-1,,,,,598.8451873230001,4721.821761188001,0:t_wait:419.96386811653065;t_drive:898.845187322986;fare:472,False,,0,0,10,,65490.574166279075,66412.20037909834,472,0,,419.96386811653065,False,64928.70000000051,False,85.66643841904323,False,[],True,"(10, 1)",1
425,BasicRequest_no_show,1,66480,66480,427;-1;-1,3572;-1;-1,,,,,199.772883411,1435.8444203899999,0:t_wait:1180.2543567133544;t_drive:499.7728834110021;fare:143,True,,,,,,,,,0,,,False,,False,,False,[],False,,
426,BasicRequest_no_show,1,66540,66540,1493;-1;-1,3530;-1;-1,,,,,716.9557157520001,6187.451041630001,0:t_wait:1395.5137468044995;t_drive:1016.955715752003;fare:618,True,,,,,,,,,0,,,False,,False,,False,[],False,,
427,BasicRequest_no_show,1,66600,66600,427;-1;-1,2223;-1;-1,,,,,348.96502438500005,2289.64521727,0:t_wait:1159.529983122382;t_drive:648.9650243850047;fare:228,True,,,,,,,,,0,,,False,,False,,False,[],False,,
428,BasicRequest_no_show,1,66600,66600,3266;-1;-1,4069;-1;-1,,,,,244.312319487,1681.40055439,0:t_wait:1376.0419987113855;t_drive:544.3123194869986;fare:168,True,,,,,,,,,0,,,False,,False,,False,[],False,,
412,BasicRequest_no_show,2,65220,65220,2494;-1;-1,427;-1;-1,,,,,456.8513814015,3139.0638152499996,0:t_wait:765.5058045423066;t_drive:756.8513814015023;fare:627,False,,0,0,0,,65813.94615133846,66693.97775645464,627,0,,765.5058045423066,False,65243.40000000136,False,80.72197787997301,False,[],False,,
429,BasicRequest_no_show,2,66780,66780,821;-1;-1,988;-1;-1,,,,,531.0052721325,4139.29961021,0:t_wait:984.8007065686979;t_drive:831.0052721325046;fare:827,True,,,,,,,,,0,,,False,,False,,False,[],False,,
431,BasicRequest_no_show,1,66960,66960,214;-1;-1,1156;-1;-1,,,,,1138.7122111575,9681.930599698,0:t_wait:1376.2957427625079;t_drive:1438.7122111575009;fare:968,True,,,,,,,,,0,,,False,,False,,False,[],False,,
432,BasicRequest_no_show,1,66960,66960,328;-1;-1,3397;-1;-1,,,,,404.05019537399994,4099.246053639999,0:t_wait:1364.5790318387153;t_drive:704.0501953740022;fare:409,True,,,,,,,,,0,,,False,,False,,False,[],False,,
433,BasicRequest_no_show,1,67080,67080,2223;-1;-1,1815;-1;-1,,,,,474.9108362325,2946.2914943700002,0:,False,,,,,,,,,0,,,False,,False,,False,[],False,,
436,BasicRequest_no_show,2,67320,67320,1186;-1;-1,613;-1;-1,,,,,343.40039946900004,2339.2984463499997,0:t_wait:1195.6690110993804;t_drive:643.4003994689992;fare:467,True,,,,,,,,,0,,,False,,False,,False,[],False,,
437,BasicRequest_no_show,1,67380,67380,1587;-1;-1,544;-1;-1,,,,,689.9331088679999,5983.281768966999,0:t_wait:1092.6797254364938;t_drive:989.9331088680046;fare:598,True,,,,,,,,,0,,,False,,False,,False,[],False,,
418,BasicRequest_no_show,1,65820,65820,420;-1;-1,2292;-1;-1,,,,,411.0689951445,3306.5825045500005,0:t_wait:536.9845491150045;t_drive:711.0689951444947;fare:330,False,,0,0,8,,66571.10734692376,67426.76359078566,330,0,,536.9845491150045,False,65827.85000000046,False,80.74399290529148,False,[],False,,
413,BasicRequest_no_show,1,65340,65340,1027;-1;-1,1315;-1;-1,,,,,599.3520524114999,3985.567541284,0:t_wait:840.0645248331275;t_drive:899.3520524115011;fare:398,False,,0,0,5,,66145.16483318963,67456.28171238393,398,0,,840.0645248331275,False,65351.50000000067,False,80.28922910554816,False,[],False,,
410,BasicRequest_no_show,1,65040,65040,2636;-1;-1,1541;-1;-1,,,,,545.5939951815,4052.82615446,0:t_wait:716.3935682010051;t_drive:845.5939951814944;fare:405,False,,0,0,2,,66285.50957310146,67512.53527504948,405,0,,716.3935682010051,False,65048.150000000474,False,81.74790895648916,False,[],False,,
438,BasicRequest_no_show,1,67560,67560,3300;-1;-1,1955;-1;-1,,,,,1000.884404334,10913.31544831,0:t_wait:1310.2924907444976;t_drive:1300.8844043340068;fare:1091,True,,,,,,,,,0,,,False,,False,,False,[],False,,
420,BasicRequest_no_show,1,66000,66000,2582;-1;-1,2862;-1;-1,,,,,289.09829376,3366.4432613999998,0:t_wait:888.2953370785399;t_drive:589.0982937600056;fare:336,False,,0,0,0,,67136.0815129691,67606.15199275037,336,0,,888.2953370785399,False,66030,True,48.77304298084301,False,[],True,"(0, 9)",9
408,BasicRequest_no_show,1,64740,64740,3176;-1;-1,1587;-1;-1,,,,,1345.0593062497087,12378.86495353,0:t_wait:969.1092657326953;t_drive:1645.0593062497064;fare:1237,False,,0,0,11,,65496.4868635925,67632.26089150946,1237,0,,969.1092657326953,False,64770,True,53.926657635498565,False,[],False,,
411,BasicRequest_no_show,1,65160,65160,2020;-1;-1,1587;-1;-1,,,,,633.865413774,4883.96507059,0:t_wait:1090.946994048354;t_drive:933.8654137739941;fare:488,False,,0,0,11,,66436.22541134666,67632.26089150946,488,0,,1090.946994048354,False,65190,True,-5.239133412506007,False,[],False,,
416,BasicRequest_no_show,1,65640,65640,3930;-1;-1,99;-1;-1,,,,,686.432426484,5510.9889241559995,0:t_wait:553.985434356;t_drive:986.4324264839961;fare:551,False,,0,0,7,,66555.54069329202,67866.33608841334,551,0,,553.985434356,False,65646.9000000004,False,81.87260488922185,False,[],False,,
441,BasicRequest_no_show,1,67860,67860,2780;-1;-1,3364;-1;-1,,,,,417.31164792000004,3773.009149454,0:t_wait:1178.411824790266;t_drive:717.3116479199962;fare:377,False,67890,0,,,,,,377,0,,1178.411824790266,True,67890,True,-40.72629740286598,False,[],True,,
421,BasicRequest_no_show,1,66060,66060,1815;-1;-1,3174;-1;-1,,,,,377.45903869800003,2800.0201070900002,0:t_wait:1033.4106490195263;t_drive:677.459038697998;fare:280,False,,0,0,10,,67211.93251756784,68051.88788684041,280,0,,1033.4106490195263,False,66090,True,9.1957319069982,False,[],False,,
417,BasicRequest_no_show,1,65700,65700,33;-1;-1,301;-1;-1,,,,,971.397224223,9713.373948330001,0:t_wait:505.73012119838677;t_drive:1271.3972242229938;fare:971,False,,0,0,1,,66703.86301519845,68129.7388072301,971,0,,505.73012119838677,False,65705.60000000033,False,80.90986739384415,False,[],False,,
414,BasicRequest_no_show,1,65400,65400,4083;-1;-1,1887;-1;-1,,,,,1119.6233522400003,12404.88991683,0:t_wait:795.1774738420936;t_drive:1419.6233522399998;fare:1240,False,,0,0,4,,66098.20669580615,68224.49978184853,1240,0,,795.1774738420936,False,65408.40000000049,False,80.91970971448526,False,[],False,,
435,BasicRequest_no_show,1,67260,67260,873;-1;-1,4068;-1;-1,,,,,311.1219693945,2239.8660702899997,0:t_wait:764.5070677452022;t_drive:611.1219693945022;fare:223,False,,0,0,0,,67961.97171675389,68406.82499195318,223,0,,764.5070677452022,False,67277.40000000101,False,80.82148322529213,False,[],False,,
434,BasicRequest_no_show,1,67200,67200,3562;-1;-1,1027;-1;-1,,,,,431.75022253500003,3102.64671708,0:t_wait:329.22711445222376;t_drive:731.7502225350036;fare:310,False,,0,0,9,,67673.35206171095,68499.06927337575,310,0,,329.22711445222376,False,67206.8000000004,False,81.18613378604732,False,[],False,,
430,BasicRequest_no_show,1,66960,66960,3661;-1;-1,544;-1;-1,,,,,611.9454308339998,4364.12566544,0:t_wait:730.5421650427743;t_drive:911.9454308340064;fare:436,False,,0,0,2,,67631.3028108507,68617.23179231083,436,0,,730.5421650427743,False,66973.20000000077,False,80.35946435824856,False,[],False,,
442,BasicRequest_no_show,2,68160,68160,3964;-1;-1,2451;-1;-1,,,,,228.8393892465,1345.62714598,0:t_wait:611.9245731105038;t_drive:528.8393892464956;fare:269,False,,0,0,10,,69122.09593333174,69391.64462049937,269,0,,611.9245731105038,False,68164.10000000024,False,81.83141965387634,False,[],False,,
439,BasicRequest_no_show,2,67620,67620,2145;-1;-1,399;-1;-1,,,,,948.2885532315,7850.546260708,0:t_wait:351.2781682079949;t_drive:1248.2885532314976;fare:1570,False,,0,0,5,,68124.65229425608,69451.01257224054,1570,0,,351.2781682079949,False,67632.40000000072,False,81.4023126608955,False,[],False,,
443,BasicRequest_no_show,1,68160,68160,3675;-1;-1,2893;-1;-1,,,,,859.6651058670001,8305.008544968001,0:t_wait:693.3639187485969;t_drive:1159.6651058669959;fare:830,False,,0,0,0,,68719.03543736551,70161.33593806454,830,0,,693.3639187485969,False,68168.40000000049,False,82.19463284077422,False,[],False,,
440,BasicRequest_no_show,1,67740,67740,3958;-1;-1,2355;-1;-1,,,,,960.785822439,10556.300837388,0:t_wait:309.74392795949825;t_drive:1260.785822438993;fare:1055,False,,0,0,8,,68068.00748722721,70267.88697065538,1055,0,,309.74392795949825,False,67752.30000000072,False,80.76259309884863,False,[],True,"(8, 3)",3.0
444,BasicRequest_no_show,1,68400,68400,33;-1;-1,1587;-1;-1,,,,,680.8689521399999,5957.407866016999,0:t_wait:322.17141206699307;t_drive:980.8689521399938;fare:595,False,,0,0,4,,68911.16252112389,70648.36462981175,595,0,,322.17141206699307,False,68405.50000000032,False,80.62752927646798,False,[],False,,
