operator_id,vehicle_id,vehicle_type,status,locked,earliest_start_time,start_time,end_time,first_attempt_time,no_show_wait_delay,start_pos,end_pos,driven_distance,start_soc,end_soc,charging_power,charging_unit,toll,rq_on_board,occupancy,rq_boarding,rq_alighting,route,trajectory
0,7,default_vehtype,route,False,-1000,25260,25511.9139869209,25260,0,1529;-1;-1,1169;-1;-1,1948.75215962,0.9753571532049581,0.9751622779889957,0.0,,0,,0,,,1529;1358;2097;891;1132;1133;782;2215;1377;2369;2368;2367;1576;1169,1529:25260;1358:25268.236519414713;2097:25276.809057927465;891:25288.91498028942;1132:25324.01668561387;1133:25353.80034814054;782:25366.128494823995;2215:25372.380423478986;1377:25454.394507354617;2369:25468.8358546395;2368:25480.16606952725;2367:25504.455586915963;1576:25510.31483323742;1169:25511.9139869209
0,6,default_vehtype,route,False,-1000,25260,25593.38968561269,25260,0,237;-1;-1,3964;-1;-1,2186.261807,0.9330880728874675,0.9328694467067679,0.0,,0,,0,,,237;238;239;240;126;127;2253;537;1211;2065;2671;2582;335;3110;1570;1262;3964,237:25260;238:25263.949500141312;239:25282.694456047986;240:25326.394490262963;126:25383.309200623913;127:25391.762771632908;2253:25396.60436242241;537:25407.412942333714;1211:25434.646558438664;2065:25462.17596385476;2671:25482.572595389487;2582:25525.360127359036;335:25528.67579043985;3110:25556.678645728596;1570:25573.511061371122;1262:25583.579023751427;3964:25593.38968561269
0,6,default_vehtype,boarding,True,25260,25593.38968561269,25603.28280212952,25593.38968561269,0.0,3964;-1;-1,3964;-1;-1,0.0,0.9328694467067679,0.9328694467067679,0,,0,1,1,1,,,
0,7,default_vehtype,boarding,True,25260,25511.9139869209,25630.304895467518,25511.9139869209,0.0,1169;-1;-1,1169;-1;-1,0.0,0.9751622779889957,0.9751622779889957,0,,0,0,1,0,,,
0,11,default_vehtype,route,False,-1000,25500,25911.417908993146,25500,0,3399;-1;-1,1887;-1;-1,3362.1529195530015,0.6061695553391381,0.6058333400471831,0.0,,0,,0,,,3399;3400;997;996;995;1127;1760;1759;3425;1517;1815;3670;3680;2675;3204;3203;424;535;2000;125;686;237;1257;1256;1876;1877;189;1887,3399:25500;3400:25509.619197579697;997:25512.474980316645;996:25520.75750668003;995:25530.117934158396;1127:25534.752370866707;1760:25544.791599602435;1759:25560.6986419083;3425:25595.75673129957;1517:25610.507023286544;1815:25642.169740403435;3670:25654.474589488582;3680:25672.193491135145;2675:25673.259679346822;3204:25674.815167552773;3203:25677.056878874395;424:25687.329173495233;535:25704.779050605637;2000:25710.472453112143;125:25769.753995345593;686:25772.20771364728;237:25794.35525099656;1257:25808.975925380953;1256:25819.570309086223;1876:25842.53952852045;1877:25846.96821718838;189:25860.45291110079;1887:25911.417908993146
0,11,default_vehtype,boarding,True,25500,25911.417908993146,25942.908037697776,25911.417908993146,0.0,1887;-1;-1,1887;-1;-1,0.0,0.6058333400471831,0.6058333400471831,0,,0,2,1,2,,,
0,7,default_vehtype,route,False,-1000,25630.304895467518,25977.435160987858,25630.304895467518,0.0,1169;-1;-1,3613;-1;-1,3773.8568701699987,0.9751622779889957,0.9747848923019793,0.0,,0,0,1,,,1169;3843;3636;3631;2590;2589;2102;2101;1416;1417;1857;1856;1699;1700;1701;1891;2162;2011;720;721;3215;3213;2859;1545;3612;3613,1169:25630.304895467518;3843:25640.783643470986;3636:25642.0079461493;3631:25648.171835552268;2590:25668.60306602179;2589:25677.51832035236;2102:25686.516066189117;2101:25695.897102458643;1416:25714.590186842834;1417:25737.37668822921;1857:25750.862001171652;1856:25756.862656103447;1699:25765.130295310963;1700:25774.702134942774;1701:25784.358673169725;1891:25795.632779339263;2162:25805.172882945262;2011:25818.336440741703;720:25831.337829764354;721:25890.123615151708;3215:25908.01215920121;3213:25918.71546982733;2859:25942.69447566169;1545:25943.54900556494;3612:25971.313085791586;3613:25977.435160987858
0,9,default_vehtype,route,False,-1000,25920.0,25984.800671622837,25920.0,0.0,637;-1;-1,1323;-1;-1,747.4364681600001,0.5779972601681014,0.5779225165212855,0.0,,0,,0,,,637;638;1326;1111;1325;1324;1323,637:25920;638:25931.328614404356;1326:25949.09604484945;1111:25956.94197502425;1325:25968.43510199549;1324:25980.41764075585;1323:25984.800671622837
0,9,default_vehtype,boarding,True,25920,25984.800671622837,25989.615904234168,25984.800671622837,0.0,1323;-1;-1,1323;-1;-1,0.0,0.5779225165212855,0.5779225165212855,0.0,,0,3,1,3,,,
0,7,default_vehtype,boarding,True,-1,25977.435160987858,26007.435160987858,25977.435160987858,0.0,3613;-1;-1,3613;-1;-1,0.0,0.9747848923019793,0.9747848923019793,0,,0,0,1,,0,,
0,6,default_vehtype,route,False,-1000,25603.28280212952,26503.408619225498,25603.28280212952,0.0,3964;-1;-1,442;-1;-1,5905.6066716999985,0.9328694467067679,0.9322788860395966,0.0,,0,1,1,,,3964;1262;1570;3110;335;1492;3762;2252;2347;3665;3313;3476;3477;3475;3315;3567;426;3568;427;428;3771;172;2715;3054;3112;429;430;431;432;433;434;248;247;246;2013;1338;1296;1295;2051;441;442,3964:25603.28280212952;1262:25629.243796534287;1570:25680.793267154906;3110:25709.218608663545;335:25722.75078421351;1492:25737.00640374904;3762:25746.893510958755;2252:25771.637743798186;2347:25793.883205816892;3665:25823.30787669834;3313:25824.79694076071;3476:25843.550516164734;3477:25853.260142704887;3475:25866.803856616818;3315:25879.13365474437;3567:25886.072823752205;426:25888.20068557768;3568:25889.63153852421;427:25910.197190551073;428:25944.431520394108;3771:26020.904411484255;172:26022.895633289365;2715:26027.224366559163;3054:26035.635079630258;3112:26051.672573149724;429:26053.508039048374;430:26064.69739106205;431:26082.833888466168;432:26111.62956135848;433:26241.68634892906;434:26265.4496383519;248:26292.699578002263;247:26337.433984745083;246:26351.32394318891;2013:26361.440765429623;1338:26410.508382273696;1296:26441.624619200935;1295:26477.051995458587;2051:26488.169382922515;441:26489.724694340715;442:26503.408619225498
0,6,default_vehtype,boarding,True,-1,26503.408619225498,26533.408619225498,26503.408619225498,0.0,442;-1;-1,442;-1;-1,0.0,0.9322788860395966,0.9322788860395966,0,,0,1,1,,1,,
0,11,default_vehtype,route,False,-1000,25942.908037697776,26752.514768343142,25942.908037697776,0.0,1887;-1;-1,1587;-1;-1,6829.720476597003,0.6058333400471831,0.6051503679995246,0.0,,0,2,1,,,1887;189;1878;1104;1811;361;1812;1813;3349;3111;2678;3108;3102;2669;1482;2677;3780;2676;1481;1480;84;107;13;24;23;3122;2536;2762;2595;4076;3487;3557;3155;1588;2834;1587,1887:25942.908037697776;189:25967.352532463115;1878:25970.52977080611;1104:26025.577099348484;1811:26046.799377081217;361:26065.117001127823;1812:26110.10854192944;1813:26119.826635591027;3349:26150.864766108632;3111:26153.762596213364;2678:26198.08901809238;3108:26241.344068671377;3102:26301.682157968644;2669:26302.6602364597;1482:26306.65517785319;2677:26310.840171213506;3780:26336.45337742698;2676:26375.994053202776;1481:26412.650639575168;1480:26474.165502053263;84:26497.56878357662;107:26506.114191566132;13:26603.84789204266;24:26606.938541402295;23:26608.65223285547;3122:26620.736407979723;2536:26639.39335192141;2762:26647.917243983844;2595:26659.73997010678;4076:26683.548780624875;3487:26689.934887564636;3557:26692.827356655816;3155:26701.0240750098;1588:26713.34667527735;2834:26734.68700632895;1587:26752.514768343142
0,7,default_vehtype,route,False,-1000,26400,26767.71446926495,26400,0,3613;-1;-1,1176;-1;-1,2620.1455258999995,0.9747848923019793,0.9745228777493888,0.0,,0,,0,,,3613;3612;1545;3212;3692;2658;722;3808;3614;2556;2557;2558;3217;3221;2559;3582;3224;67;3226;2823;3526;866;3537;3536;2541;2548;2549;2392;1177;1176,3613:26400;3612:26406.09307564406;1545:26424.19627019523;3212:26448.626495767945;3692:26452.439105534402;2658:26454.193883041135;722:26459.62319442952;3808:26463.384791952467;3614:26469.514719662155;2556:26472.884604017163;2557:26473.77041570722;2558:26498.276868048728;3217:26502.91727014839;3221:26509.403881216433;2559:26513.85987607844;3582:26515.72433746555;3224:26555.31291661472;67:26561.39485921293;3226:26581.988664418004;2823:26584.013903375962;3526:26587.652406116627;866:26653.98451983589;3537:26689.471930417585;3536:26707.97488302262;2541:26733.43226988174;2548:26741.4617652497;2549:26743.227565119752;2392:26757.052014975874;1177:26765.105884402074;1176:26767.71446926495
0,11,default_vehtype,boarding,True,-1,26752.514768343142,26782.514768343142,26752.514768343142,0.0,1587;-1;-1,1587;-1;-1,0.0,0.6051503679995246,0.6051503679995246,0,,0,2,1,,2,,
0,7,default_vehtype,boarding,True,26400,26767.71446926495,26805.93858528153,26767.71446926495,0.0,1176;-1;-1,1176;-1;-1,0.0,0.9745228777493888,0.9745228777493888,0,,0,4,1,4,,,
0,9,default_vehtype,route,False,-1000,25989.615904234168,27064.686606327334,25989.615904234168,0.0,1323;-1;-1,1587;-1;-1,12069.474554560004,0.5779225165212855,0.5767155690658297,0.0,,0,3,1,,,1323;3161;928;927;3162;3810;2937;926;1714;2952;2951;2950;3545;3547;3550;491;490;489;881;1683;1959;2091;563;2793;2795;1182;1978;1162;1943;2087;1366;2092;2093;3240;2094;3239;2032;1732;3370;3189;650;87;86;3242;3245;2851;3247;3309;2662;2898;2850;2931;3871;3870;3088;960;961;3087;2643;3035;962;3238;963;3882;3236;3080;3081;3075;3074;3089;3091;3090;797;75;2642;3377;74;144;3375;9;2667;204;3039;3767;3766;3765;3764;3658;3659;3763;3038;3097;341;1587,1323:25989.615904234168;3161:26033.44364584038;928:26036.717392103506;927:26079.301221670255;3162:26080.498954622653;3810:26088.633036539824;2937:26092.00742472969;926:26104.671203821472;1714:26117.642662113303;2952:26120.729900616705;2951:26124.77963758795;2950:26151.27691286954;3545:26155.634463799463;3547:26155.904872074607;3550:26156.802057660436;491:26178.52581831794;490:26190.668127158144;489:26195.97613997232;881:26202.952313289603;1683:26209.460853340424;1959:26220.257235198536;2091:26233.297213038226;563:26241.161977654727;2793:26251.909482977597;2795:26252.946989893124;1182:26256.865574175117;1978:26262.222822170046;1162:26268.166643067183;1943:26279.392540527642;2087:26291.139342535218;1366:26297.13219299708;2092:26305.667422619867;2093:26313.15219675662;3240:26321.0293660601;2094:26322.365716550295;3239:26326.676233838756;2032:26348.385320447574;1732:26361.182548850185;3370:26383.792852141225;3189:26386.943317700552;650:26396.24518384896;87:26400.16588747888;86:26403.5962022907;3242:26421.78650450658;3245:26430.231354764634;2851:26431.33491550986;3247:26441.465212285304;3309:26453.20874229588;2662:26468.182893977188;2898:26471.770951644186;2850:26479.30588034748;2931:26481.527670274645;3871:26505.54150812842;3870:26506.843274504285;3088:26532.252092686438;960:26537.077033085272;961:26538.867343035;3087:26541.973578362726;2643:26550.6224124534;3035:26562.557848061737;962:26586.742045239895;3238:26587.75363451527;963:26588.036199152528;3882:26589.80922903608;3236:26597.98047272951;3080:26616.840816712276;3081:26620.326881035926;3075:26628.786240016732;3074:26634.408064423733;3089:26636.285312665535;3091:26667.641239074677;3090:26672.41821519088;797:26698.56908509628;75:26706.18790894884;2642:26711.64150239808;3377:26722.564030907422;74:26724.63997095149;144:26725.309479854488;3375:26732.713794131043;9:26765.767198200396;2667:26768.02660580943;204:26776.94656515469;3039:26784.239102479565;3767:26875.931927455378;3766:26890.538508490896;3765:26896.541492473494;3764:26913.92649613948;3658:26921.762185735442;3659:26960.702120245398;3763:26990.11693977038;3038:26997.41863884713;3097:27016.96692487825;341:27021.847121935465;1587:27064.686606327334
0,9,default_vehtype,boarding,True,-1,27064.686606327334,27094.686606327334,27064.686606327334,0.0,1587;-1;-1,1587;-1;-1,0.0,0.5767155690658297,0.5767155690658297,0,,0,3,1,,3,,
0,9,default_vehtype,route,False,-1000,27420,27450,27420,0,1587;-1;-1,1587;341;0.796,161.0710259977472,0.5767155690658297,0.57669946196323,0.0,,0,,0,,,1587,1587:27420
0,5,default_vehtype,route,False,-1000,27180,27532.076085939392,27180,0,2454;-1;-1,418;-1;-1,2514.052481022,0.8540362888980227,0.853784883649921,0.0,,0,,0,,,2454;2453;2114;2336;558;559;2352;1644;2307;2335;3704;3207;3210;3967;2334;2697;504;3208;2698;3845;3596;2657;2700;3945;3594;3576;418,2454:27180;2453:27223.305433201174;2114:27236.97397336052;2336:27250.723222555112;558:27270.455154167736;559:27282.61364231199;2352:27295.47486309163;1644:27299.30310788516;2307:27302.83962790108;2335:27310.838324696455;3704:27319.378137766398;3207:27320.526651987388;3210:27324.86061620417;3967:27328.93391298187;2334:27333.149072050226;2697:27335.594759955766;504:27337.591137047515;3208:27347.479884735123;2698:27371.84003004457;3845:27484.840947092012;3596:27498.412023359513;2657:27501.928979327677;2700:27507.2941252407;3945:27512.490075123034;3594:27514.04990054829;3576:27519.303852336332;418:27532.076085939392
0,5,default_vehtype,boarding,True,27180,27532.076085939392,27566.231957615633,27532.076085939392,0.0,418;-1;-1,418;-1;-1,0.0,0.853784883649921,0.853784883649921,0,,0,6,1,6,,,
0,11,default_vehtype,route,False,-1000,27900,27930,27900,0,1587;-1;-1,1588;3155;0.685,217.2582367857953,0.6051503679995246,0.605128642175846,0.0,,0,,0,,,1587;2834;1588,1587:27900;2834:27919.9132542629;1588:27923.685010130714
0,6,default_vehtype,route,False,-1000,27240,27994.365729148827,27240,0,442;-1;-1,1889;-1;-1,3927.53330859,0.9322788860395966,0.9318861327087373,0.0,,0,,0,,,442;441;2051;1295;1296;1297;1298;826;610;611;171;2348;2405;1278;852;2404;1469;2403;1880;2208;4026;2386;3772;3922;832;3400;997;2305;1889,442:27240;441:27267.494898679462;2051:27280.701747321596;1295:27297.016732787564;1296:27317.86153986588;1297:27332.274538011174;1298:27342.8330434798;826:27354.27807500884;610:27362.61046265781;611:27427.202637081147;171:27441.73753322202;2348:27488.85021452681;2405:27495.926895862987;1278:27517.528597830093;852:27552.15688756943;2404:27603.768268162738;1469:27647.60849879149;2403:27661.332299632882;1880:27720.887095342612;2208:27747.994396685986;4026:27765.289568868528;2386:27766.88694131205;3772:27817.89248126954;3922:27945.57400593844;832:27951.21334215674;3400:27954.976312342977;997:27961.65934822877;2305:27966.980094795625;1889:27994.365729148827
0,6,default_vehtype,boarding,True,27240,27994.365729148827,28154.908917033477,27994.365729148827,0.0,1889;-1;-1,1889;-1;-1,0.0,0.9318861327087373,0.9318861327087373,0,,0,7,1,7,,,
0,10,default_vehtype,route,False,-1000,27060,28178.176563393194,27060,0,2989;-1;-1,3723;-1;-1,7064.713815165997,0.7993292420985183,0.7986227707170017,0.0,,0,,0,,,2989;2990;2992;2993;2994;2996;2991;2995;3506;3000;3961;3814;3815;3510;2997;2682;2910;3515;693;2998;3752;3286;2999;3158;3279;3835;3159;4081;3160;3161;3162;3810;2937;926;1714;2952;1713;1244;1712;1675;880;879;1659;1711;3365;1710;3362;819;1598;1709;188;3364;3363;3361;1460;3367;1656;2783;1449;1448;2784;3723,2989:27060;2990:27062.19023241278;2992:27069.451632965647;2993:27072.624982763038;2994:27087.61257480015;2996:27095.742689874263;2991:27100.568891886185;2995:27104.101510527085;3506:27126.02365058335;3000:27134.00452377408;3961:27143.481376301654;3814:27151.46937598375;3815:27164.773029401455;3510:27177.258829234972;2997:27180.554289537013;2682:27182.661521671154;2910:27185.407970071134;3515:27192.7691080472;693:27220.073877127903;2998:27224.658624165444;3752:27297.68804593626;3286:27330.134772383957;2999:27336.795755623847;3158:27341.230270879507;3279:27348.118013979274;3835:27421.11872787595;3159:27435.201722362603;4081:27477.852946658095;3160:27565.202904606427;3161:27592.05143686803;3162:27689.55289053647;3810:27740.209978488674;2937:27749.248934748844;926:27817.654478503817;1714:27873.28142868618;2952:27902.978140939125;1713:27904.398046258924;1244:27911.37217352232;1712:27925.330949983625;1675:27937.7785336481;880:27947.510791698503;879:27949.66974625335;1659:27959.17802180195;1711:27964.851446145716;3365:27971.716882768014;1710:27972.248624957912;3362:27974.924378500844;819:27980.09041963051;1598:27986.831486947973;1709:27992.664195100486;188:28016.446604600467;3364:28027.757675163437;3363:28030.875018091367;3361:28033.073173525405;1460:28036.54785649295;3367:28037.43886549082;1656:28051.22675238843;2783:28107.754428329667;1449:28108.82924879668;1448:28136.07970223746;2784:28140.13699738076;3723:28178.176563393194
0,7,default_vehtype,route,False,-1000,26805.93858528153,28207.645099098176,26805.93858528153,0.0,1176;-1;-1,3562;-1;-1,8499.843026053,0.9745228777493888,0.9736728934467828,0.0,,0,4,1,,,1176;1177;2392;2549;2547;65;2629;3730;3729;2546;2545;3725;2768;2543;2544;2562;2561;2833;3401;2844;16;2118;83;3917;3468;1922;1999;1010;2843;2842;2841;3649;2840;2839;2838;3102;3108;2678;3111;3349;3351;134;2637;3110;335;2582;2671;2670;3666;1517;3425;1759;1760;1127;995;830;326;327;3564;3561;3563;3562,1176:26805.93858528153;1177:26813.784235166393;2392:26827.858082544724;2549:26864.83304890434;2547:26874.707239114538;65:26886.498990827247;2629:26904.156551272892;3730:26935.293435174826;3729:26936.729546162045;2546:26938.047493147966;2545:26939.659730120107;3725:26941.800398477106;2768:26951.714892268472;2543:26954.22873899077;2544:26972.517351135546;2562:26994.923744471605;2561:26995.412529732985;2833:27011.192905964745;3401:27020.057901078075;2844:27024.696686330135;16:27038.579905433326;2118:27042.41164970672;83:27048.373643424107;3917:27061.4092006026;3468:27080.569428610437;1922:27082.96146185822;1999:27102.228446056048;1010:27118.00063852626;2843:27131.99068056927;2842:27143.801969585405;2841:27210.551837572035;3649:27216.811905482606;2840:27218.70294979064;2839:27252.621960569693;2838:27271.797528318995;3102:27304.304256033203;3108:27515.934003011655;2678:27574.805452649856;3111:27664.838066503715;3349:27666.928481022154;3351:27672.567423436027;134:27727.59749459183;2637:27782.97675294618;3110:27788.509300582205;335:27795.609793027503;2582:27805.8118164915;2671:27862.041338276096;2670:27954.3008348953;3666:27959.420996499815;1517:28006.43164220347;3425:28008.97340368806;1759:28023.75730615951;1760:28052.7227650539;1127:28071.66249090716;995:28082.055036673326;830:28099.65225676226;326:28124.834186011813;327:28133.884990311017;3564:28202.809807254587;3561:28203.528744288407;3563:28205.071544443992;3562:28207.645099098176
0,10,default_vehtype,boarding,True,27060,28178.176563393194,28200.87947276844,28178.176563393194,0.0,3723;-1;-1,3723;-1;-1,0.0,0.7986227707170017,0.7986227707170017,0.0,,0,5,1,5,,,
0,7,default_vehtype,boarding,True,-1,28207.645099098176,28237.645099098176,28207.645099098176,0.0,3562;-1;-1,3562;-1;-1,0.0,0.9736728934467828,0.9736728934467828,0,,0,4,1,,4,,
0,8,default_vehtype,route,False,-1000,27660,28555.536893540837,27660,0,84;-1;-1,325;-1;-1,7236.821828720001,0.9849549260809971,0.9842312438981244,0.0,,0,,0,,,84;106;41;3312;40;3303;3302;2924;3467;3466;2925;3464;3783;3471;4018;32;14;3782;3605;2923;15;3;2832;2562;2561;2768;3725;2545;3726;3727;3622;143;66;65;2547;2549;2548;2551;2550;2552;2553;3792;863;2934;2364;1418;3544;2126;2363;3579;3141;1701;1891;2162;516;517;594;1413;325,84:27660;106:27670.270865267812;41:27726.823014144982;3312:27741.31629332235;40:27742.55667388917;3303:27785.320777491164;3302:27789.671570168433;2924:27806.22415465005;3467:27820.595914747857;3466:27824.103275275356;2925:27855.30596981337;3464:27862.86209685714;3783:27889.64783486044;3471:27893.058033383906;4018:27905.981235711322;32:27914.92905919568;14:27927.85982102766;3782:27944.805383895342;3605:27945.61751254048;2923:27961.719188647952;15:27963.48192914833;3:27965.837984794573;2832:27998.56174277768;2562:28044.93132124287;2561:28046.867848001053;2768:28115.82722047218;3725:28135.31260999272;2545:28141.55362345117;3726:28142.84661695964;3727:28143.92223010747;3622:28152.700043019755;143:28155.176157657348;66:28158.04270324761;65:28161.42200414963;2547:28172.951359033104;2549:28190.65621540648;2548:28195.247596911024;2551:28272.095769292628;2550:28274.50593036388;2552:28305.646165733884;2553:28306.99825492183;3792:28312.47754037842;863:28315.472475012055;2934:28318.054968667384;2364:28319.727431956242;1418:28340.314638357395;3544:28341.419882867278;2126:28364.191431358126;2363:28366.71628933952;3579:28376.061146992186;3141:28402.5631603038;1701:28412.326918483035;1891:28423.90175127869;2162:28463.75780133211;516:28473.284760055107;517:28479.28828489579;594:28488.980192504783;1413:28509.635776701052;325:28555.536893540837
0,7,default_vehtype,route,False,-1000,28237.645099098176,28623.630243476262,28237.645099098176,0.0,3562;-1;-1,366;-1;-1,2244.1127863890006,0.9736728934467828,0.9734484821681442,0.0,,0,,0,,,3562;3563;3565;3566;3564;327;326;830;995;1127;1760;1759;3425;1517;1815;264;263;262;2170;366,3562:28237.645099098176;3563:28239.872589116094;3565:28241.73886004505;3566:28242.684645440415;3564:28245.550457879872;327:28258.096394556564;326:28263.39651776748;830:28273.388564280824;995:28281.135686298327;1127:28285.609965943244;1760:28324.930576479943;1759:28338.864248641483;3425:28358.89302067599;1517:28364.926533354228;1815:28399.95831676046;264:28538.118375591363;263:28541.60288091665;262:28562.976035390002;2170:28573.780540864045;366:28623.630243476262
0,8,default_vehtype,boarding,True,27660,28555.536893540837,28723.0307365323,28555.536893540837,0.0,325;-1;-1,325;-1;-1,0.0,0.9842312438981244,0.9842312438981244,0,,0,9,1,9,,,
0,7,default_vehtype,boarding,True,27780,28623.630243476262,28772.182323515848,28623.630243476262,0.0,366;-1;-1,366;-1;-1,0.0,0.9734484821681442,0.9734484821681442,0,,0,10,1,10,,,
0,0,default_vehtype,out_of_service,True,-1,25190,28800,25190,0,1990;-1;-1,1990;-1;-1,0.0,1.0,1.0,0,,0,,0,,,,
0,5,default_vehtype,route,False,-1000,27566.231957615633,28825.185246973506,27566.231957615633,0.0,418;-1;-1,1587;-1;-1,9483.058783247,0.853784883649921,0.8528365777715948,0.0,,0,6,1,,,418;3576;3594;3945;2700;63;180;3994;3886;2696;3380;2320;3209;2334;2697;504;3211;2859;3213;3215;3214;2557;2556;3216;3218;2560;3583;3223;62;3225;2077;1946;3724;3587;2545;3725;2768;2561;2833;3401;2844;16;15;2923;3605;3782;14;32;4018;3471;3783;3464;2925;3466;3467;2924;3302;3303;40;3312;3785;43;13;10;3123;2537;3301;3144;2761;3657;3316;3551;3574;3573;142;1668;453;1587,418:27566.231957615633;3576:27572.79338263372;3594:27575.271565099836;3945:27576.876100822286;2700:27580.999997312476;63:27603.04993244692;180:27603.403710844843;3994:27603.548225862167;3886:27664.623869362367;2696:27674.292015140203;3380:27677.56704128069;2320:27684.545306861557;3209:27706.704263591782;2334:27720.76586976124;2697:27722.995067171163;504:27730.361254123585;3211:27741.410511974143;2859:27768.313361893575;3213:27788.80861856613;3215:27799.8489616864;3214:27807.934881794627;2557:27844.16330279665;2556:27851.48352374027;3216:27853.50557501778;3218:27910.518944492767;2560:27918.749517482374;3583:27920.216166893068;3223:27930.44477196789;62:27952.30127878668;3225:27996.186140508864;2077:28022.83287874427;1946:28088.104659727018;3724:28101.131555491782;3587:28104.763713062155;2545:28108.250356126024;3725:28120.54860434629;2768:28202.88397777822;2561:28244.011747271536;2833:28322.87282671243;3401:28355.034529486176;2844:28358.49347056894;16:28394.139425858684;15:28408.832522511282;2923:28410.311750561534;3605:28429.687641815184;3782:28432.119838734452;14:28443.704070249343;32:28450.636814974478;4018:28465.013059886154;3471:28486.643848466523;3783:28500.44540796614;3464:28513.95027473592;2925:28516.721897375697;3466:28558.847879129065;3467:28564.868992279073;2924:28580.08982652558;3302:28590.936272742216;3303:28594.16406677929;40:28619.78387229896;3312:28620.836895705474;3785:28633.303069984817;43:28645.827927009123;13:28653.184075246696;10:28656.34570068707;3123:28682.63000627385;2537:28735.165678716596;3301:28735.754593044272;3144:28753.35611989029;2761:28760.19923037397;3657:28764.183044306294;3316:28764.555546370066;3551:28776.03050458469;3574:28782.204804105568;3573:28788.752733558762;142:28790.171430321476;1668:28811.53863523547;453:28818.228151044605;1587:28825.185246973506
0,5,default_vehtype,boarding,True,-1,28825.185246973506,28855.185246973506,28825.185246973506,0.0,1587;-1;-1,1587;-1;-1,0.0,0.8528365777715948,0.8528365777715948,0,,0,6,1,,6,,
0,11,default_vehtype,route,False,-1000,28320,29068.093153253158,28320,0,1588;3155;0.685,2355;-1;-1,6629.217812535206,0.605128642175846,0.6044657203945923,0.0,,0,,0,,,1588;3155;1450;11;2763;3551;3316;3657;2761;3144;3301;2537;3123;10;13;107;84;1480;1481;2676;3780;2677;3102;3108;2678;387;388;389;989;1505;1160;1506;2155;748;544;747;746;2355,1588:28320;3155:28320.771438888998;1450:28321.815183936385;11:28336.02440796278;2763:28341.502358834718;3551:28342.966268083852;3316:28352.563786191167;3657:28352.839027171143;2761:28365.931328577582;3144:28373.48910289452;3301:28378.229927344495;2537:28379.134976354973;3123:28388.172262904278;10:28417.36806568754;13:28419.764917594788;107:28447.129349600807;84:28453.35856474431;1480:28479.345901375065;1481:28551.172492740352;2676:28585.44269208925;3780:28680.99869445259;2677:28718.156998499006;3102:28721.947880827458;3108:28783.612278418597;2678:28827.42870980107;387:28830.54170131009;388:28834.42134102695;389:28841.64158148448;989:28896.411778950616;1505:28936.8525498701;1160:28942.15777453886;1506:28945.885046983545;2155:28960.146397956065;748:28974.039107003024;544:28982.867220206335;747:29000.126436287792;746:29018.19081749078;2355:29068.093153253158
0,6,default_vehtype,route,False,-1000,28154.908917033477,29103.717293153124,28154.908917033477,0.0,1889;-1;-1,2617;-1;-1,9393.368159241007,0.9318861327087373,0.9309467958928135,0.0,,0,7,1,,,1889;2305;997;3400;832;3922;3772;2386;4027;3560;3561;3563;3565;328;3314;2716;2715;172;2596;1;3272;71;56;130;3387;3931;45;3329;54;2602;2724;3113;53;3262;52;3261;3250;3941;2869;2605;2742;2604;3586;2603;3491;3495;3494;3498;3499;3496;3497;3133;2686;2610;2609;2611;2612;2613;3940;2614;2615;2616;2713;2606;69;3559;2617,1889:28154.908917033477;2305:28180.53717742441;997:28189.37998827771;3400:28196.848943501805;832:28212.99294391389;3922:28214.60535322573;3772:28235.461563594527;2386:28256.04796880833;4027:28257.10228265087;3560:28281.586523308113;3561:28338.699730732948;3563:28339.369074525486;3565:28343.592496957866;328:28344.206080412183;3314:28414.836033243242;2716:28474.444536268053;2715:28505.457298012494;172:28508.38896984449;2596:28520.2446677739;1:28552.091197117057;3272:28586.48684027694;71:28634.38045194723;56:28674.869644638795;130:28691.474513394987;3387:28713.579921339064;3931:28731.52842154497;45:28754.297846394184;3329:28811.201569437606;54:28820.207166465076;2602:28823.56868165852;2724:28826.31469408158;3113:28826.587665838575;53:28828.936869750138;3262:28840.74930637123;52:28841.836791431466;3261:28843.63248332819;3250:28900.85685845602;3941:28904.333474886167;2869:28905.656242012305;2605:28914.718402367555;2742:28915.64279619255;2604:28922.49842529015;3586:28930.295396903806;2603:28932.023220379742;3491:28936.52579607158;3495:28943.521538714205;3494:28944.97084338973;3498:28945.277706667737;3499:28946.40068828626;3496:28949.126581473738;3497:28961.33759573652;3133:28962.203188284544;2686:28965.180326736037;2610:28968.696217823413;2609:28975.624581442084;2611:28982.40690397607;2612:28990.903964162564;2613:28994.234690927577;3940:29000.189634753973;2614:29001.789168184932;2615:29004.89272763885;2616:29016.573135445487;2713:29029.83653677411;2606:29053.50111009617;69:29066.9566770059;3559:29080.79279569611;2617:29103.717293153124
0,11,default_vehtype,boarding,True,28320,29068.093153253158,29104.360762615866,29068.093153253158,0.0,2355;-1;-1,2355;-1;-1,0.0,0.6044657203945923,0.6044657203945923,0.0,,0,13,1,13,,,
0,8,default_vehtype,route,False,-1000,28723.0307365323,29120.663780387767,28723.0307365323,0.0,325;-1;-1,3988;-1;-1,4037.458167520001,0.9842312438981244,0.9838274980813728,0.0,,0,9,1,,,325;3758;3820;1277;3819;718;717;716;3277;3296;3293;647;3274;2528;3295;3294;645;644;2895;3443;3445;2999;98;643;3276;642;2909;2681;407;3991;408;3989;2683;3988,325:28723.0307365323;3758:28748.68132776522;3820:28763.273598300526;1277:28767.480392357036;3819:28781.649287475575;718:28828.998732391945;717:28895.764130691117;716:28914.95737954907;3277:28925.67803024992;3296:28930.37837675289;3293:28931.96698044546;647:28933.6149638151;3274:28938.192219767072;2528:28987.259447137472;3295:28989.932548431505;3294:28993.22201529216;645:29044.289746165046;644:29050.179816658678;2895:29050.89612620171;3443:29056.45515821857;3445:29062.49013323003;2999:29065.22673560641;98:29065.842415959203;643:29067.82082936434;3276:29070.814640656503;642:29083.065948912168;2909:29085.16530197513;2681:29086.786757839254;407:29087.123684310627;3991:29092.23079478657;408:29102.449288204745;3989:29106.63554183073;2683:29109.217257998785;3988:29120.663780387767
0,6,default_vehtype,boarding,True,-1,29103.717293153124,29133.717293153124,29103.717293153124,0.0,2617;-1;-1,2617;-1;-1,0.0,0.9309467958928135,0.9309467958928135,0,,0,7,1,,7,,
0,8,default_vehtype,boarding,True,-1,29120.663780387767,29150.663780387767,29120.663780387767,0.0,3988;-1;-1,3988;-1;-1,0.0,0.9838274980813728,0.9838274980813728,0,,0,9,1,,9,,
0,9,default_vehtype,route,False,-1000,28260,29494.90782733601,28260,0,1587;341;0.796,495;-1;-1,8665.287748562258,0.57669946196323,0.5758329331883736,0.0,,0,,0,,,1587;341;342;343;344;345;3310;3580;346;2565;40;3303;3302;2924;3467;3466;2925;3464;3783;3471;4018;32;14;3782;3605;2923;83;3916;1569;2005;2831;2020;2623;3969;3753;2625;2653;81;3388;34;2865;3194;2866;421;2867;956;1056;3898;1057;3667;1058;3897;3685;683;1059;1060;1061;1062;1052;281;1793;496;495,1587:28260;341:28268.542998851575;342:28327.836589763712;343:28405.192300410334;344:28430.65757624116;345:28448.844906289916;3310:28493.464827513635;3580:28499.24347220363;346:28503.734066003777;2565:28511.617707182213;40:28513.779514415004;3303:28532.84558766539;3302:28538.65050825014;2924:28556.74087242106;3467:28569.280237508116;3466:28575.36346101923;2925:28600.66102909067;3464:28609.631656060574;3783:28631.418655036367;3471:28634.166283180035;4018:28658.41574895438;32:28670.842216517845;14:28692.16440274301;3782:28698.688416366105;3605:28699.24877706664;2923:28717.719159625565;83:28743.871397635412;3916:28767.114621046003;1569:28784.678414458973;2005:28817.906787467575;2831:28826.66043922438;2020:28850.66107748259;2623:28895.453643054676;3969:28936.028918744334;3753:28938.130556990192;2625:28944.588954448063;2653:29003.615688495054;81:29017.305296772545;3388:29113.14911101007;34:29121.47149125301;2865:29166.768797572196;3194:29168.839672389433;2866:29210.66213074278;421:29212.045455278763;2867:29214.064413424374;956:29226.64444091291;1056:29256.150489510506;3898:29259.34725135872;1057:29274.154266551977;3667:29289.557060655527;1058:29307.774583279395;3897:29309.45240920263;3685:29324.527788661082;683:29333.89506924952;1059:29351.864362148997;1060:29378.01889339059;1061:29396.137791798596;1062:29419.621980041036;1052:29451.527600055775;281:29461.72278542754;1793:29477.42940189153;496:29485.854629771537;495:29494.90782733601
0,9,default_vehtype,boarding,True,28260,29494.90782733601,29556.893580552245,29494.90782733601,0.0,495;-1;-1,495;-1;-1,0.0,0.5758329331883736,0.5758329331883736,0,,0,12,1,12,,,
0,8,default_vehtype,route,False,-1000,29150.663780387767,29622.14932018538,29150.663780387767,0.0,3988;-1;-1,1005;-1;-1,3916.764740537999,0.9838274980813728,0.9834358216073195,0.0,,0,,0,,,3988;2683;3989;409;3512;410;2997;3510;3815;3814;3961;3000;3506;2995;2991;2996;2994;2417;1023;1921;2422;2172;480;986;2074;1665;1848;2247;2477;1583;3746;4022;2703;215;3745;3744;3604;216;3358;3355;1005,3988:29150.663780387767;2683:29164.994400728978;3989:29169.471389487797;409:29196.49900793372;3512:29201.182521505492;410:29203.01472645836;2997:29203.59316674225;3510:29209.857735712943;3815:29219.647232585205;3814:29233.918342762227;3961:29239.438487041687;3000:29261.95447874516;3506:29269.179196264857;2995:29317.00127322871;2991:29319.4361495498;2996:29331.980438368664;2994:29347.240580801;2417:29365.63991062246;1023:29368.87478797415;1921:29374.763552669705;2422:29380.18701203287;2172:29401.203612707162;480:29435.16563724123;986:29441.878694163122;2074:29454.099476621745;1665:29460.04033370527;1848:29477.03074927609;2247:29482.17775906194;2477:29528.64815208359;1583:29536.511578331152;3746:29544.35501328657;4022:29545.672658941134;2703:29547.436225554124;215:29547.951818613314;3745:29548.686665000943;3744:29554.13982186074;3604:29557.29094536374;216:29567.0801785145;3358:29568.46486420729;3355:29603.89317074757;1005:29622.14932018538
0,10,default_vehtype,route,False,-1000,28200.87947276844,29620.523520761715,28200.87947276844,0.0,3723;-1;-1,2508;-1;-1,11501.601866757996,0.7986227707170017,0.7974726105303261,0.0,,0,5,1,,,3723;3722;2816;28;30;1679;1652;1680;1681;1591;815;1682;1683;488;705;706;707;3548;3549;3547;2956;2957;709;710;711;712;713;714;715;3287;3275;647;3293;3296;2849;97;3132;3283;3444;3289;2896;2153;2329;2330;2331;2332;774;895;2048;2025;1189;1768;1566;1251;541;1250;790;2266;1045;1088;1623;417;3795;2693;418;64;3575;3945;3594;3595;2657;180;63;3449;2864;3450;3119;2863;419;331;2633;4067;4002;420;4003;3805;3446;3749;3684;2867;956;957;958;3197;3198;1648;764;2300;2485;2508,3723:28200.87947276844;3722:28243.8713891626;2816:28247.16271561145;28:28255.99986552755;30:28258.168343027126;1679:28263.560304534953;1652:28281.892561765282;1680:28286.819734291224;1681:28295.056670425995;1591:28306.301896106757;815:28317.713783827046;1682:28331.492029082918;1683:28342.79527871105;488:28351.945670068824;705:28360.859984422597;706:28369.97412751968;707:28377.593831416758;3548:28427.976922128797;3549:28428.400491989407;3547:28430.55205215184;2956:28451.911000514985;2957:28454.242823057593;709:28460.296903163166;710:28466.94441994398;711:28476.44971803396;712:28483.234258121993;713:28488.728904183088;714:28504.096362694476;715:28510.93746737638;3287:28554.124351301078;3275:28558.32319553653;647:28565.46483385865;3293:28574.074949308746;3296:28574.702211369135;2849:28575.02156696981;97:28623.68335448802;3132:28629.738073936955;3283:28634.740848641566;3444:28651.770370853963;3289:28665.563134837517;2896:28673.816481171776;2153:28682.480425917547;2329:28687.397932299235;2330:28717.44155794933;2331:28775.041047144685;2332:28786.288100132104;774:28798.0789463527;895:28807.102182230632;2048:28810.175423406337;2025:28812.79539326238;1189:28819.11711066086;1768:28823.430090290127;1566:28826.152279042533;1251:28832.53889084118;541:28842.2992623698;1250:28848.833920649162;790:28874.62219233933;2266:28880.539893864723;1045:28898.409635927812;1088:28907.139644938517;1623:28968.926571410862;417:28992.75187504491;3795:29004.90971640674;2693:29011.94618439186;418:29015.658368096778;64:29019.725639097935;3575:29023.731926570228;3945:29026.974404499924;3594:29035.45224725078;3595:29062.682499708364;2657:29066.7469028493;180:29089.04662639122;63:29091.181912271833;3449:29175.411779274054;2864:29176.78275586057;3450:29177.6023851843;3119:29218.389110088858;2863:29223.526465052957;419:29242.63202581835;331:29249.79004700819;2633:29275.86757440227;4067:29385.778563690066;4002:29386.550301748226;420:29391.435643648943;4003:29394.00392091617;3805:29411.299528288964;3446:29424.197080673584;3749:29429.613062891764;3684:29453.10760837045;2867:29455.50874275612;956:29468.088770244656;957:29480.931020702537;958:29513.12779282589;3197:29520.985813018924;3198:29528.056266298354;1648:29549.981684663762;764:29566.468509050002;2300:29580.24414802913;2485:29599.691951434597;2508:29620.523520761715
0,8,default_vehtype,boarding,True,28860,29622.14932018538,29635.975953915717,29622.14932018538,0.0,1005;-1;-1,1005;-1;-1,0.0,0.9834358216073195,0.9834358216073195,0,,0,17,1,17,,,
0,10,default_vehtype,boarding,True,-1,29620.523520761715,29650.523520761715,29620.523520761715,0.0,2508;-1;-1,2508;-1;-1,0.0,0.7974726105303261,0.7974726105303261,0,,0,5,1,,5,,
0,0,default_vehtype,route,False,-1000,29520,29709.92556192828,29520,0,1990;-1;-1,1591;-1;-1,1887.8888122699998,1.0,0.999811211118773,0.0,,0,,0,,,1990;3340;1461;1914;3382;1909;3742;1544;1510;3342;1944;3164;1977;1184;3231;2958;1447;3229;3451;562;1989;1958;1681;1591,1990:29520;3340:29524.500422733414;1461:29527.93966158719;1914:29532.536042530184;3382:29538.195859972955;1909:29540.10412040352;3742:29542.425768911264;1544:29550.799954414837;1510:29557.934765963768;3342:29570.791708981742;1944:29572.018781616887;3164:29576.380500673884;1977:29580.402537540158;1184:29587.590642078427;3231:29604.32157382145;2958:29606.560302568174;1447:29607.35868114631;3229:29611.900599674114;3451:29641.993938796833;562:29652.677811058238;1989:29676.046392438566;1958:29681.76665644339;1681:29701.43519478716;1591:29709.92556192828
0,0,default_vehtype,boarding,True,29520,29709.92556192828,29726.19470593235,29709.92556192828,0.0,1591;-1;-1,1591;-1;-1,0.0,0.999811211118773,0.999811211118773,0,,0,20,1,20,,,
0,7,default_vehtype,route,False,-1000,28772.182323515848,29855.09158142786,28772.182323515848,0.0,366;-1;-1,1047;-1;-1,4791.163547349996,0.9734484821681442,0.9729693658134086,0.0,,0,10,1,,,366;2170;262;263;2246;1518;265;3424;3423;3421;2156;2279;1889;2305;2205;2206;3868;2207;3869;969;302;303;304;2210;2209;2208;1880;2403;2503;2345;358;2372;2689;1664;2373;1426;2374;2375;1047,366:28772.182323515848;2170:28807.468058065588;262:28857.896797647743;263:28895.605988779844;2246:28898.478940086374;1518:28926.63341759253;265:28953.547937354047;3424:28958.6818146414;3423:28964.564636885043;3421:28971.729696540526;2156:28990.697861280958;2279:28996.1806622818;1889:29060.532562733755;2305:29084.823453456003;2205:29099.436160528017;2206:29353.110664713226;3868:29365.990776343402;2207:29369.14780518608;3869:29375.482356521636;969:29378.437496688017;302:29389.55346987181;303:29394.70356078018;304:29413.87286411603;2210:29428.71526878329;2209:29450.051114551534;2208:29462.238829690887;1880:29560.95028209337;2403:29598.701526979927;2503:29640.922039102774;2345:29652.774255919598;358:29679.512356747702;2372:29681.97753908492;2689:29710.26687402027;1664:29713.971801835658;2373:29719.272154974868;1426:29763.74300097892;2374:29815.503174526977;2375:29829.19498024457;1047:29855.09158142786
0,7,default_vehtype,boarding,True,-1,29855.09158142786,29885.09158142786,29855.09158142786,0.0,1047;-1;-1,1047;-1;-1,0.0,0.9729693658134086,0.9729693658134086,0,,0,10,1,,10,,
0,5,default_vehtype,route,False,-1000,29100,29921.195733846314,29100,0,1587;-1;-1,1807;-1;-1,7352.8456779270045,0.8528365777715948,0.852101293203802,0.0,,0,,0,,,1587;2834;1588;3155;3557;3487;4076;2595;2762;2536;3122;23;24;13;43;3785;3312;40;3303;3302;2924;3467;3466;2925;3464;3783;3471;4018;32;14;3782;3605;2923;15;16;2844;3401;2833;2561;2768;2543;3728;2546;2545;3587;3724;1946;2077;3225;62;3223;3583;2560;3218;3216;1808;1807,1587:29100;2834:29106.234247844666;1588:29122.110512066483;3155:29126.59921915698;3557:29132.50694028719;3487:29135.13613369378;4076:29141.533328683;2595:29146.833627351414;2762:29165.57277331257;2536:29179.948913021515;3122:29200.365227853345;23:29221.67075674192;24:29222.787656368157;13:29223.92989837408;43:29241.68184147578;3785:29243.115948531664;3312:29253.95360536395;40:29255.230241598445;3303:29274.763282444266;3302:29279.036127397838;2924:29305.492472947637;3467:29310.425445204324;3466:29315.23029435598;2925:29327.016920865684;3464:29332.56419334015;3783:29351.736609923646;3471:29355.701105867032;4018:29379.3265239513;32:29385.59311387032;14:29407.032113631547;3782:29409.84460376493;3605:29411.64367804168;2923:29437.089438065326;15:29437.881318222513;16:29446.266628045934;2844:29463.66734255454;3401:29472.722200815137;2833:29483.216794309083;2561:29514.872395354396;2768:29592.846979430968;2543:29594.36233172478;3728:29603.5975699059;2546:29604.79688905365;2545:29606.745180931423;3587:29608.316236198134;3724:29610.30460546666;1946:29620.098983439068;2077:29638.632857660403;3225:29664.12763586193;62:29688.408253126832;3223:29706.31215060115;3583:29728.945768354188;2560:29729.96897095119;3218:29765.526602394795;3216:29900.72079571098;1808:29903.438056349278;1807:29921.195733846314
0,5,default_vehtype,boarding,True,29100,29921.195733846314,29942.339691631132,29921.195733846314,0.0,1807;-1;-1,1807;-1;-1,0.0,0.852101293203802,0.852101293203802,0,,0,18,1,18,,,
0,11,default_vehtype,route,False,-1000,29104.360762615866,30003.79056082942,29104.360762615866,0.0,2355;-1;-1,1520;-1;-1,5559.04909979,0.6044657203945923,0.6039098154846143,0.0,,0,13,1,,,2355;746;747;544;1408;2220;2302;1214;350;2175;258;2221;1406;1188;1405;3682;3987;3645;426;3567;3566;3564;327;326;830;995;996;997;2305;1889;1890;2280;2158;3420;3419;3418;3791;3696;1519;673;3417;3416;3789;844;3715;483;1520,2355:29104.360762615866;746:29203.951688995006;747:29208.196857199368;544:29272.82778161003;1408:29304.308338587023;2220:29307.627277044623;2302:29317.25973178309;1214:29326.279425595425;350:29349.996193307772;2175:29356.373671167446;258:29368.97127276062;2221:29376.749186293426;1406:29393.533489264148;1188:29434.476471359416;1405:29439.985491392938;3682:29450.206061616314;3987:29455.239022299455;3645:29464.444617127858;426:29493.82614988764;3567:29495.56966987592;3566:29529.499089293695;3564:29531.53690773863;327:29578.739661751522;326:29600.3699466085;830:29607.935606733306;995:29617.174305838376;996:29650.581554053893;997:29656.586067943557;2305:29664.016746068555;1889:29674.174538215255;1890:29703.806846164123;2280:29722.19528563181;2158:29742.08428369713;3420:29758.51112779996;3419:29791.35397924984;3418:29811.787326960184;3791:29813.639303876156;3696:29842.085278473085;1519:29849.078485437858;673:29863.96661686784;3417:29866.223919550153;3416:29885.045775570594;3789:29926.617075935425;844:29933.344600793804;3715:29947.545512174827;483:29971.68746427314;1520:30003.79056082942
0,11,default_vehtype,boarding,True,-1,30003.79056082942,30033.79056082942,30003.79056082942,0.0,1520;-1;-1,1520;-1;-1,0.0,0.6039098154846143,0.6039098154846143,0,,0,13,1,,13,,
0,9,default_vehtype,route,False,-1000,29556.893580552245,30131.723251933854,29556.893580552245,0.0,495;-1;-1,3562;-1;-1,4082.0503289900003,0.5758329331883736,0.5754247281554746,0.0,,0,12,1,,,495;496;225;4023;3192;226;227;228;229;230;1350;1117;1351;1352;231;232;233;234;235;4050;236;214;3419;213;212;2306;3593;3824;2205;2206;3868;2207;2387;3644;4026;3562,495:29556.893580552245;496:29571.10040788821;225:29592.859466085738;4023:29610.240043605445;3192:29625.486773379725;226:29628.24120067521;227:29695.63177889227;228:29714.385281140014;229:29735.880643725304;230:29764.079178534244;1350:29767.881092197895;1117:29770.318857924056;1351:29782.813352912155;1352:29814.560417922283;231:29826.800848425508;232:29830.09235113121;233:29869.585228660973;234:29874.506533872514;235:29877.372740246145;4050:29884.193710909607;236:29903.866845575274;214:29919.188605978045;3419:29921.888732259922;213:29938.142201391125;212:29954.679996682873;2306:29963.148228384223;3593:29964.09860476918;3824:29980.790814309014;2205:29995.963995260583;2206:30032.53858010116;3868:30038.13797876496;2207:30042.53266688745;2387:30050.077033251626;3644:30054.469947953963;4026:30060.09586777333;3562:30131.723251933854
0,9,default_vehtype,boarding,True,-1,30131.723251933854,30161.723251933854,30131.723251933854,0.0,3562;-1;-1,3562;-1;-1,0.0,0.5754247281554746,0.5754247281554746,0,,0,12,1,,12,,
0,10,default_vehtype,route,False,-1000,29650.523520761715,30265.439767704946,29650.523520761715,0.0,2508;-1;-1,1392;-1;-1,3992.1837201759986,0.7974726105303261,0.7970733921583093,0.0,,0,,0,,,2508;2485;2300;764;1648;3198;3197;958;957;956;3899;3684;3749;3446;3805;4003;4001;2632;4067;2633;268;3119;3450;173;3686;180;2657;3596;3845;2698;3841;502;1392,2508:29650.523520761715;2485:29653.199467312887;2300:29683.900667633567;764:29690.808062620174;1648:29763.600236409053;3198:29767.29533104946;3197:29775.90028592033;958:29780.22564009269;957:29798.36462718045;956:29804.396596574017;3899:29805.135174448296;3684:29822.84295601159;3749:29873.98052892447;3446:29875.96952506653;3805:29882.602318182686;4003:29898.97385289669;4001:29900.660206601926;2632:29901.30682023938;4067:29902.272230003968;2633:30000.811032622925;268:30003.371082309095;3119:30045.602202912105;3450:30073.243887873483;173:30103.319621046456;3686:30126.355577441358;180:30132.51954002643;2657:30168.684489431485;3596:30172.228214586154;3845:30195.761210168843;2698:30246.97208060225;3841:30256.914247123274;502:30260.4511319032;1392:30265.439767704946
0,11,default_vehtype,route,False,-1000,30360,30392.560450150755,30360,0,1520;-1;-1,821;-1;-1,315.19056511,0.6039098154846143,0.6038782964281032,0.0,,0,,0,,,1520;483;3715;3415;3683;821,1520:30360;483:30365.557748686075;3715:30380.21123729114;3415:30382.12591355379;3683:30389.64459946761;821:30392.560450150755
0,11,default_vehtype,boarding,True,30360,30392.560450150755,30410.598324271345,30392.560450150755,0.0,821;-1;-1,821;-1;-1,0.0,0.6038782964281032,0.6038782964281032,0,,0,25,1,25,,,
0,10,default_vehtype,boarding,True,29640,30265.439767704946,30500.93722060702,30265.439767704946,0.0,1392;-1;-1,1392;-1;-1,0.0,0.7970733921583093,0.7970733921583093,0,,0,21,1,21,,,
0,9,default_vehtype,route,False,-1000,30360,30548.36322883612,30360,0,3562;-1;-1,1815;-1;-1,1479.2416387230003,0.5754247281554746,0.5752768039916023,0.0,,0,,0,,,3562;3563;3561;3564;327;326;833;4069;1616;3426;3425;1517;1815,3562:30360;3563:30363.638171468097;3561:30364.42225862188;3564:30366.966786343644;327:30376.864789857835;326:30382.217243904415;833:30409.39045971827;4069:30418.063616263044;1616:30427.667974173743;3426:30441.263395971117;3425:30472.701445546663;1517:30475.675929465317;1815:30548.36322883612
0,8,default_vehtype,route,False,-1000,29635.975953915717,30561.719711802307,29635.975953915717,0.0,1005;-1;-1,385;-1;-1,8774.234390781992,0.9834358216073195,0.9825583981682416,0.0,,0,17,1,,,1005;3355;216;3358;217;1313;1314;1315;1316;219;798;306;2185;2148;796;2949;1582;892;2186;1571;395;1895;2187;1009;755;1935;2692;1077;2982;2966;2977;2872;1074;1929;3976;684;641;3981;627;2258;2103;3501;3502;3700;3698;1523;1522;1521;3695;3412;3169;567;853;1038;3801;1897;3653;1893;1898;1899;4007;1900;1138;1901;1478;584;626;1477;1476;1966;1967;580;2042;1318;1336;2179;385,1005:29635.975953915717;3355:29648.708959122345;216:29656.909800685862;3358:29658.29448637865;217:29662.57911522306;1313:29676.06831935685;1314:29684.833023442676;1315:29712.415285813822;1316:29729.96289779618;219:29735.104921339724;798:29739.585939444925;306:29752.061352189085;2185:29755.21377401001;2148:29760.700728731943;796:29762.142278732816;2949:29763.643323881617;1582:29765.83721269295;892:29770.48787188079;2186:29780.577200338786;1571:29790.79925218323;395:29802.377843342936;1895:29833.90677018315;2187:29835.492197495263;1009:29841.327485809754;755:29858.483246771164;1935:29866.976977413284;2692:29899.022502002343;1077:29899.96913035665;2982:29905.523860041136;2966:29913.734511920116;2977:29918.99190846459;2872:29944.51911351806;1074:29945.165176736456;1929:29957.104628027864;3976:29964.502199455066;684:29981.446317549202;641:29986.42696199889;3981:30057.773421756818;627:30057.955178998494;2258:30066.508400101015;2103:30074.196314286186;3501:30081.875089548535;3502:30082.615368117546;3700:30103.241095684494;3698:30112.237005732237;1523:30116.364740832407;1522:30122.157536059887;1521:30133.38034393491;3695:30140.42009144944;3412:30146.05472092779;3169:30158.18619391488;567:30175.310775641927;853:30188.66532186966;1038:30287.525755743405;3801:30298.46538070768;1897:30302.879370178627;3653:30311.14949101483;1893:30313.197498014;1898:30321.82944141971;1899:30326.181136927742;4007:30356.109904964032;1900:30357.00544191585;1138:30357.975521779525;1901:30365.728118879142;1478:30391.482508931367;584:30411.396816254466;626:30419.28771921149;1477:30421.71029940605;1476:30453.90618280285;1966:30474.345521433854;1967:30479.545267741647;580:30482.315804394213;2042:30506.117507115832;1318:30512.73603167987;1336:30517.176571763976;2179:30556.708694298493;385:30561.719711802307
0,9,default_vehtype,boarding,True,30360,30548.36322883612,30577.860857390075,30548.36322883612,0.0,1815;-1;-1,1815;-1;-1,0.0,0.5752768039916023,0.5752768039916023,0,,0,24,1,24,,,
0,8,default_vehtype,boarding,True,-1,30561.719711802307,30591.719711802307,30561.719711802307,0.0,385;-1;-1,385;-1;-1,0.0,0.9825583981682416,0.9825583981682416,0,,0,17,1,,17,,
0,5,default_vehtype,route,False,-1000,29942.339691631132,30755.2846066164,29942.339691631132,0.0,1807;-1;-1,3665;-1;-1,5608.084276001,0.852101293203802,0.851540484776201,0.0,,0,18,1,,,1807;1808;3614;3808;722;3692;2658;3215;3213;2859;1545;3612;2487;2334;3209;2320;3380;2696;3886;3994;180;3686;173;3450;2864;3995;2863;419;331;2633;4067;2632;4001;4003;3805;3446;2866;421;422;2688;2687;423;424;3203;3680;2675;3150;3666;2670;338;3665,1807:29942.339691631132;1808:29950.503469944615;3614:29956.431168685624;3808:29962.317801628134;722:29978.746947860767;3692:29981.01107619449;2658:29983.1638509192;3215:29986.19708061481;3213:29992.524585890056;2859:30006.4963732967;1545:30013.59554030295;3612:30024.694544341764;2487:30043.682575592495;2334:30062.435952735523;3209:30082.80025054663;2320:30100.652449113884;3380:30110.341161602166;2696:30114.637655258935;3886:30131.439256967995;3994:30154.58436351015;180:30154.847438701374;3686:30160.129630774656;173:30184.735041628053;3450:30199.727670226246;2864:30201.732999118412;3995:30207.50707008987;2863:30240.304230559654;419:30254.976885492702;331:30260.446077856974;2633:30273.273163934104;4067:30421.8079962078;2632:30423.098246224105;4001:30425.139717428596;4003:30426.270328799346;3805:30433.19059829982;3446:30456.263426753958;2866:30469.209585331126;421:30471.040984071868;422:30527.24449919459;2688:30532.750874921825;2687:30573.592335522913;423:30580.565863037304;424:30622.634916257008;3203:30630.040734694197;3680:30638.942321887895;2675:30640.17345609063;3150:30651.334369259486;3666:30685.24695839396;2670:30687.079515557452;338:30703.156947707517;3665:30755.2846066164
0,5,default_vehtype,boarding,True,-1,30755.2846066164,30785.2846066164,30755.2846066164,0.0,3665;-1;-1,3665;-1;-1,0.0,0.851540484776201,0.851540484776201,0,,0,18,1,,18,,
0,8,default_vehtype,route,False,-1000,30780,30953.569583298402,30780,0,385;-1;-1,2403;-1;-1,934.07291588,0.9825583981682416,0.9824649908766535,0.0,,0,,0,,,385;2179;1717;2223;2203;2497;2372;358;2345;2503;2403,385:30780;2179:30799.718562653507;1717:30836.273643292774;2223:30847.008123030417;2203:30850.26845544219;2497:30862.28916267561;2372:30869.784143463643;358:30871.34560455278;2345:30880.306578563228;2503:30888.11802650393;2403:30953.569583298402
0,8,default_vehtype,boarding,True,30780,30953.569583298402,30987.60504202795,30953.569583298402,0.0,2403;-1;-1,2403;-1;-1,0.0,0.9824649908766535,0.9824649908766535,0,,0,30,1,30,,,
0,6,default_vehtype,route,False,-1000,29880,31005.151108820068,29880,0,2617;-1;-1,2823;-1;-1,9886.562541070003,0.9309467958928135,0.9299581396387069,0.0,,0,,0,,,2617;3559;69;2606;2713;2616;2615;2614;3940;2613;2612;2611;2609;2610;2686;3133;3497;3496;3499;3498;2739;2322;1153;2409;597;2075;1437;1479;3662;828;2287;2395;2468;164;3556;3555;178;3681;3059;2680;2634;3058;3126;2745;2744;2743;3552;2774;3558;2773;2772;2771;3779;2770;2769;2619;2669;1482;2677;4074;2117;1828;3650;509;1766;1945;2829;2830;3918;3470;3469;83;2923;15;16;2844;3401;2833;2561;2562;2544;2543;3728;2546;2545;3726;3727;3622;143;66;3529;3528;3227;2823,2617:29880;3559:29957.62990799701;69:29959.89214382772;2606:29965.09077974714;2713:29985.960554267196;2616:30002.884085509264;2615:30007.851668594365;2614:30014.34498590911;3940:30015.548989624727;2613:30022.885778778298;2612:30034.46894135965;2611:30037.893273077345;2609:30039.98268437824;2610:30061.918842544743;2686:30069.93947516298;3133:30072.604879426803;3497:30077.379282802394;3496:30087.766790001777;3499:30093.43798339719;3498:30094.5806742361;2739:30095.521553191236;2322:30104.305380346428;1153:30117.948519313715;2409:30126.50888699986;597:30129.0812500494;2075:30130.742109960516;1437:30135.530686553306;1479:30146.564091732507;3662:30147.850507905387;828:30153.889797794523;2287:30158.728151545783;2395:30164.075582275997;2468:30175.752036146354;164:30188.27124903905;3556:30191.115033742193;3555:30195.18311926972;178:30201.871450519753;3681:30205.910692009325;3059:30240.876819715435;2680:30242.37602926928;2634:30252.89169215276;3058:30266.104614869982;3126:30310.9823247789;2745:30323.19451749098;2744:30337.905438160982;2743:30369.46204105754;3552:30374.08173849483;2774:30376.01828171826;3558:30377.813884694257;2773:30388.997736259687;2772:30395.666908815412;2771:30401.381931103642;3779:30406.41811208947;2770:30407.451391744158;2769:30413.790040801687;2619:30417.75558898447;2669:30437.213784601103;1482:30438.38704035751;2677:30439.35804569527;4074:30474.356327562306;2117:30503.39740752698;1828:30531.607859872474;3650:30544.771241430586;509:30549.460244363723;1766:30560.530427082747;1945:30572.378468648967;2829:30585.496766459535;2830:30625.6004221309;3918:30654.862266957512;3470:30673.227341977028;3469:30696.62168267393;83:30713.449895256254;2923:30723.686474760507;15:30727.012458769063;16:30744.86574346137;2844:30765.094840351587;3401:30774.50505318283;2833:30795.287309033418;2561:30850.74265054062;2562:30851.57352480491;2544:30866.957777385487;2543:30886.14198913017;3728:30914.946000040993;2546:30917.31908072324;2545:30920.00559339771;3726:30921.484061589963;3727:30925.57526164361;3622:30933.05670412905;143:30933.78958843845;66:30956.57840373677;3529:30975.483345892062;3528:30987.220218793744;3227:31001.731894707656;2823:31005.151108820068
0,6,default_vehtype,boarding,True,29880,31005.151108820068,31021.97457232707,31005.151108820068,0.0,2823;-1;-1,2823;-1;-1,0.0,0.9299581396387069,0.9299581396387069,0,,0,23,1,23,,,
0,5,default_vehtype,route,False,-1000,30785.2846066164,31094.779284701144,30785.2846066164,0.0,3665;-1;-1,3442;-1;-1,2141.2631416099994,0.851540484776201,0.8513263584620397,0.0,,0,,0,,,3665;338;2670;3926;3204;3203;424;535;2000;125;686;237;1257;1256;1876;1877;189;1878;3442,3665:30785.2846066164;338:30805.86705231925;2670:30807.645669842084;3926:30850.716202964297;3204:30878.099738195033;3203:30879.553355274675;424:30902.453410862738;535:30917.90782630741;2000:30932.14255985813;125:30941.980650346457;686:30971.127614408033;237:30977.90741473906;1257:30983.957329680885;1256:31006.36349282878;1876:31026.5965533501;1877:31034.04398858469;189:31055.59504485657;1878:31090.476892050807;3442:31094.779284701144
0,5,default_vehtype,boarding,True,30720,31094.779284701144,31094.983295570633,31094.779284701144,0.0,3442;-1;-1,3442;-1;-1,0.0,0.8513263584620397,0.8513263584620397,0.0,,0,29,1,29,,,
0,10,default_vehtype,route,False,-1000,30500.93722060702,31148.995339249213,30500.93722060702,0.0,1392;-1;-1,2098;-1;-1,5315.315178317998,0.7970733921583093,0.7965418606404774,0.0,,0,21,1,,,1392;502;3841;2698;3208;504;3211;2859;3213;3215;3214;2557;2556;3216;3218;2560;3583;3223;62;61;3621;3622;143;66;65;2767;2673;1962;2488;1383;3611;2764;3372;3232;3373;1564;1630;2100;2099;2819;2098,1392:30500.93722060702;502:30508.892304405625;3841:30514.467711666708;2698:30519.703316724353;3208:30539.409039865106;504:30542.377342706764;3211:30551.406634128576;2859:30566.97100239265;3213:30587.51661233184;3215:30593.738032346653;3214:30595.759074393005;2557:30603.33397488946;2556:30604.38901484455;3216:30606.553456131325;3218:30664.320917204317;2560:30677.85266374812;3583:30678.898895496837;3223:30689.172850349063;62:30696.399433563598;61:30724.051574786725;3621:30760.286033886183;3622:30765.556258710378;143:30766.289143019778;66:30789.0779583181;65:30791.12808531904;2767:30801.977411392378;2673:30843.33897565236;1962:30862.27640678578;2488:30866.35739520726;1383:30878.344458056326;3611:30891.40126610846;2764:30972.166676869656;3372:30981.385960543397;3232:30982.221441820802;3373:30984.65676753815;1564:31010.023697335295;1630:31061.861803700966;2100:31110.88565195067;2099:31120.405770318528;2819:31138.13171967039;2098:31148.995339249213
0,10,default_vehtype,boarding,True,-1,31148.995339249213,31178.995339249213,31148.995339249213,0.0,2098;-1;-1,2098;-1;-1,0.0,0.7965418606404774,0.7965418606404774,0,,0,21,1,,21,,
0,11,default_vehtype,route,False,-1000,30410.598324271345,31200.916788681287,30410.598324271345,0.0,821;-1;-1,2858;-1;-1,5868.164376090001,0.6038782964281032,0.6032914799904948,0.0,,0,25,1,,,821;3683;3415;3715;483;1520;1734;1387;1774;1896;3773;3774;3775;1068;1067;1066;252;1065;1064;3191;1063;226;4023;225;496;1793;1948;1767;275;274;3718;273;272;333;2384;734;419;331;2633;268;3195;1610;2858,821:30410.598324271345;3683:30416.405702757656;3415:30437.314985597146;3715:30442.088114159393;483:30446.820986725037;1520:30460.237088002068;1734:30465.86148759001;1387:30483.74289063109;1774:30493.21688486465;1896:30519.21516768058;3773:30529.189429162656;3774:30547.38339895085;3775:30573.283135011883;1068:30586.542918295603;1067:30594.43993419146;1066:30600.11997903349;252:30606.298831096847;1065:30609.816348032;1064:30636.820747211204;3191:30639.980502255374;1063:30644.805414188533;226:30660.037197987524;4023:30666.343834738076;225:30685.29894550863;496:30714.515348290206;1793:30733.774238627557;1948:30742.50110724771;1767:30749.176101471352;275:30757.919846721663;274:30791.287815758573;3718:30794.01313726022;273:30801.131847634657;272:30808.126888336894;333:30818.72988794801;2384:30836.55125610371;734:30878.53580819985;419:30984.56397356904;331:31011.65358284552;2633:31023.72275732683;268:31024.76772352293;3195:31069.034997661805;1610:31070.07963408237;2858:31200.916788681287
0,11,default_vehtype,boarding,True,-1,31200.916788681287,31230.916788681287,31200.916788681287,0.0,2858;-1;-1,2858;-1;-1,0.0,0.6032914799904948,0.6032914799904948,0,,0,25,1,,25,,
0,9,default_vehtype,route,False,-1000,30577.860857390075,31323.580689344486,30577.860857390075,0.0,1815;-1;-1,1047;-1;-1,4428.157294890003,0.5752768039916023,0.5748339882621136,0.0,,0,24,1,,,1815;1517;3425;1759;1760;1127;995;830;831;832;3922;3772;2386;3644;2387;2207;3869;969;302;303;304;2210;2209;2208;1880;2403;2503;2345;358;2372;2689;1664;2373;1426;2374;2375;1047,1815:30577.860857390075;1517:30619.685992698975;3425:30623.113200575302;1759:30643.63528983495;1760:30651.872488225414;1127:30725.347883263454;995:30747.5282785314;830:30753.071508354995;831:30765.994266788854;832:30799.635799051794;3922:30801.943561498043;3772:30822.82453740291;2386:30829.73922842791;3644:30841.69310583722;2387:30847.788189427323;2207:30856.89463451287;3869:30880.919121264462;969:30900.327651282725;302:30909.479116569906;303:30945.708895479605;304:30948.893542335074;2210:30954.248471252304;2209:30961.385214231133;2208:30965.147642284937;1880:31049.04862109313;2403:31060.63277554878;2503:31106.09450353986;2345:31128.622937752396;358:31141.79117550057;2372:31146.913690152953;2689:31203.180851378173;1664:31217.45976399116;2373:31231.578151383757;1426:31241.23655369022;2374:31275.48000697021;2375:31282.559842414365;1047:31323.580689344486
0,7,default_vehtype,route,False,-1000,30660.0,31344.939644131307,30660.0,0.0,1047;-1;-1,1;-1;-1,2813.7011545099977,0.9729693658134086,0.972687995697957,0.0,,0,,0,,,1047;2375;2374;2443;2405;1278;852;2404;2269;1242;2240;2429;578;1135;2289;868;867;430;3112;429;2596;1,1047:30660;2375:30728.961995277394;2374:30733.575272688697;2443:30756.708823688816;2405:30793.575860402783;1278:30806.947082063503;852:30860.34522976241;2404:31001.383345730486;2269:31005.36352806384;1242:31007.317790602636;2240:31017.543505243826;2429:31038.80561372743;578:31088.962884410306;1135:31112.686443600684;2289:31138.89255927264;868:31201.604185880802;867:31210.616221587712;430:31285.18316280143;3112:31296.983198288544;429:31304.145236796277;2596:31332.526125476;1:31344.939644131307
0,7,default_vehtype,boarding,True,30660,31344.939644131307,31346.317415865375,31344.939644131307,0.0,1;-1;-1,1;-1;-1,0.0,0.972687995697957,0.972687995697957,0.0,,0,28,1,28,,,
0,9,default_vehtype,boarding,True,-1,31323.580689344486,31353.580689344486,31323.580689344486,0.0,1047;-1;-1,1047;-1;-1,0.0,0.5748339882621136,0.5748339882621136,0,,0,24,1,,24,,
0,5,default_vehtype,route,False,-1000,31094.983295570633,31526.58943097482,31094.983295570633,0.0,3442;-1;-1,427;-1;-1,3546.548992073001,0.8513263584620397,0.8509717035628326,0.0,,0,29,1,,,3442;1878;189;1877;1876;1256;1257;237;238;239;687;686;125;124;1874;1873;423;2687;3680;2675;3204;3926;2670;3666;3115;338;3665;3313;3476;3925;425;3474;426;3568;427,3442:31094.983295570633;1878:31105.36971701028;189:31111.228673744616;1877:31140.085186792596;1876:31141.383686427904;1256:31174.951817425732;1257:31181.686208628023;237:31185.107642702955;238:31190.73884913266;239:31191.530397593615;687:31207.76696411552;686:31213.245386131894;125:31225.988971096864;124:31234.653322465285;1874:31238.363944881552;1873:31270.203676307137;423:31280.34398461858;2687:31282.97159579951;3680:31365.978887591344;2675:31367.37204846273;3204:31372.477623163864;3926:31390.38023904944;2670:31418.661585349982;3666:31419.49008282931;3115:31421.202389676677;338:31423.17705980648;3665:31440.706188410455;3313:31442.035307639733;3476:31469.91690302158;3925:31476.6229850203;425:31493.154823938716;3474:31498.19767026332;426:31517.53323506235;3568:31519.27412483405;427:31526.58943097482
0,5,default_vehtype,boarding,True,-1,31526.58943097482,31556.58943097482,31526.58943097482,0.0,427;-1;-1,427;-1;-1,0.0,0.8509717035628326,0.8509717035628326,0.0,,0,29,1,,29,,
0,11,default_vehtype,route,False,-1000,31230.916788681287,31556.855945795643,31230.916788681287,0.0,2858;-1;-1,3750;-1;-1,1025.4976500300002,0.6032914799904948,0.6031889302254914,0.0,,0,,0,,,2858;1610;3195;268;2633;4067;4002;420;4003;3805;3750,2858:31230.916788681287;1610:31331.33379251214;3195:31334.4336229415;268:31364.658050581147;2633:31376.679644975975;4067:31516.832748946577;4002:31518.391162448785;420:31519.595927744584;4003:31523.763008084818;3805:31545.594292536727;3750:31556.855945795643
0,11,default_vehtype,boarding,True,31020,31556.855945795643,31581.472381739037,31556.855945795643,0.0,3750;-1;-1,3750;-1;-1,0.0,0.6031889302254914,0.6031889302254914,0,,0,35,1,35,,,
0,10,default_vehtype,route,False,-1000,31178.995339249213,31626.488600903893,31178.995339249213,0.0,2098;-1;-1,3529;-1;-1,2581.1017023299996,0.7965418606404774,0.7962837504702436,0.0,,0,,0,,,2098;2819;2099;2100;1630;1564;3373;3232;3372;3371;85;3610;2935;1383;2488;1962;2673;2767;65;66;3529,2098:31178.995339249213;2819:31206.053506666096;2099:31212.549995053014;2100:31223.97862143404;1630:31245.53951441345;1564:31255.243909470628;3373:31271.710374441795;3232:31277.510779262248;3372:31277.990164435105;3371:31279.60265677129;85:31300.096460548673;3610:31423.163695578503;2935:31454.22660765753;1383:31455.50588554215;2488:31462.652108702914;1962:31474.222449991743;2673:31497.34360241557;2767:31557.06331523208;65:31589.006739009757;66:31595.48221431971;3529:31626.488600903893
0,0,default_vehtype,route,False,-1000,29726.19470593235,31630.752872410463,29726.19470593235,0.0,1591;-1;-1,3484;-1;-1,13929.191511934003,0.999811211118773,0.9984182919675791,0.0,,0,20,1,,,1591;1681;494;701;702;703;704;705;706;707;3548;3546;3545;384;2955;708;2956;2957;709;710;2275;635;1742;3162;927;928;3161;1323;1324;1325;1111;1326;1287;1327;3295;646;3132;3283;3444;3289;2896;2153;2329;2330;2331;2332;774;895;2048;2025;1189;1768;1566;1251;541;1250;790;2266;1045;1088;1623;417;3795;2694;64;3575;3945;2700;63;180;3686;173;3450;2864;3995;2863;419;331;2633;4067;2632;4001;4003;3805;3446;2866;421;422;2688;614;764;2300;2485;2191;2133;3675;1815;1517;3425;3426;1616;4069;833;326;830;831;832;3922;3772;2386;4026;2208;1880;2403;1888;3484,1591:29726.19470593235;1681:29749.579019088047;494:29789.668565812328;701:29797.13573105926;702:29803.155159795842;703:29807.13371820514;704:29809.685668892602;705:29825.890869405404;706:29833.024875384785;707:29852.53857855873;3548:29864.117728342706;3546:29864.564696556627;3545:29865.72022531581;384:29876.66786161008;2955:29885.167109001628;708:29886.00843588827;2956:29887.24268905316;2957:29906.936247123977;709:29921.799408591167;710:29948.072831917787;2275:29971.199745046837;635:29984.51556261167;1742:29989.588125330054;3162:29994.264558990933;927:29995.167239024006;928:30012.37426907283;3161:30014.62176565656;1323:30042.9402483712;1324:30049.904049794583;1325:30058.216811490103;1111:30061.896142405036;1326:30066.626601723703;1287:30071.91080671073;1327:30093.06093831213;3295:30094.222374143243;646:30096.137131456762;3132:30102.894103471157;3283:30109.117591279224;3444:30164.745192157992;3289:30170.950039202624;2896:30182.829740480083;2153:30186.572076936573;2329:30198.198161039174;2330:30214.990594116265;2331:30223.16245797014;2332:30226.986446931656;774:30238.508365110938;895:30244.321129197615;2048:30250.889089546603;2025:30254.014163367767;1189:30267.237074582914;1768:30279.111307242038;1566:30279.884663071363;1251:30294.76224259727;541:30315.921158306355;1250:30325.821484714932;790:30344.629439717104;2266:30348.392828016204;1045:30356.536491041395;1088:30362.376255910116;1623:30424.756795076195;417:30458.419735854266;3795:30478.397170694418;2694:30483.669614635677;64:30489.740713002055;3575:30500.598340188946;3945:30504.368735355416;2700:30510.368579801845;63:30524.9498223981;180:30526.4320099277;3686:30531.71420200098;173:30556.31961285438;3450:30571.31224145257;2864:30573.317570344738;3995:30579.091641316194;2863:30611.88880178598;419:30626.561456719028;331:30632.0306490833;2633:30644.85773516043;4067:30737.998875794307;2632:30740.154971960423;4001:30746.83699040021;4003:30748.081827988368;3805:30753.70630250636;3446:30771.51057576279;2866:30780.75158288104;421:30785.523841971135;422:30848.356157539038;2688:30853.252156738654;614:30905.09385157559;764:30910.598110659415;2300:30916.765673537127;2485:30921.830109676474;2191:30936.877727559186;2133:30959.045158778776;3675:31031.234679095272;1815:31073.160090263522;1517:31104.15120484222;3425:31105.95177349918;3426:31117.81360030809;1616:31184.901485183265;4069:31226.475803816884;833:31267.783509934638;326:31282.617907155225;830:31303.874415411345;831:31316.797173845203;832:31329.817108848096;3922:31331.50676410426;3772:31344.317795883115;2386:31398.925198171186;4026:31399.426278120143;2208:31459.99826840411;1880:31522.5921974913;2403:31587.884452080183;1888:31608.08970764268;3484:31630.752872410463
0,10,default_vehtype,boarding,True,30600,31626.488600903893,31646.9624279552,31626.488600903893,0.0,3529;-1;-1,3529;-1;-1,0.0,0.7962837504702436,0.7962837504702436,0,,0,27,1,27,,,
0,0,default_vehtype,boarding,True,-1,31630.752872410463,31660.752872410463,31630.752872410463,0.0,3484;-1;-1,3484;-1;-1,0.0,0.9984182919675791,0.9984182919675791,0,,0,20,1,,20,,
0,8,default_vehtype,route,False,-1000,30987.60504202795,31698.892154789104,30987.60504202795,0.0,2403;-1;-1,3266;-1;-1,3489.6619181390015,0.9824649908766535,0.9821160246848404,0.0,,0,30,1,,,2403;1880;2208;4026;3562;3563;3565;3566;3567;3315;3475;3477;3476;3313;3665;338;337;3974;336;2671;2582;2636;3266,2403:30987.60504202795;1880:31123.088938847566;2208:31154.51756228286;4026:31241.13239507078;3562:31264.13368377433;3563:31266.45730433996;3565:31269.09595214259;3566:31269.460857604456;3567:31358.978292571246;3315:31421.92873219659;3475:31430.490873391227;3477:31439.78092427386;3476:31446.680978975302;3313:31464.44000679665;3665:31465.115476636543;338:31494.63996277612;337:31512.906046949443;3974:31519.195750077073;336:31562.334719672475;2671:31568.124935894266;2582:31609.98359817603;2636:31646.359564725728;3266:31698.892154789104
0,8,default_vehtype,boarding,True,-1,31698.892154789104,31728.892154789104,31698.892154789104,0.0,3266;-1;-1,3266;-1;-1,0.0,0.9821160246848404,0.9821160246848404,0,,0,30,1,,30,,
0,5,default_vehtype,route,False,-1000,31556.58943097482,31895.038184505167,31556.58943097482,0.0,427;-1;-1,3931;-1;-1,3092.064476700001,0.8509717035628326,0.850662497115163,0.0,,0,,0,,,427;428;3771;172;2596;1;3272;71;56;130;3387;3931,427:31556.58943097482;428:31576.901915365655;3771:31637.88265897058;172:31640.424960005403;2596:31659.446537786465;1:31671.860056441772;3272:31715.068553276196;71:31754.388294821496;56:31802.4023696603;130:31860.329274189015;3387:31878.124912356925;3931:31895.038184505167
0,5,default_vehtype,boarding,True,31260,31895.038184505167,31897.126708261516,31895.038184505167,0.0,3931;-1;-1,3931;-1;-1,0.0,0.850662497115163,0.850662497115163,0.0,,0,38,1,38,,,
0,0,default_vehtype,route,False,-1000,31660.752872410463,31922.833567987516,31660.752872410463,0.0,3484;-1;-1,2205;-1;-1,1822.6026702699999,0.9984182919675791,0.9982360317005522,0.0,,0,,0,,,3484;1888;2403;1880;2208;2209;2210;304;303;302;969;3869;3868;2206;2205,3484:31660.752872410463;1888:31689.907694491747;2403:31732.767289156356;1880:31742.52492027987;2208:31791.183319466447;2209:31793.388467579607;2210:31834.626988904176;304:31841.787133770737;303:31857.022648305825;302:31875.34763745245;969:31886.358591864355;3869:31890.028645050905;3868:31892.97176598316;2206:31899.899789660027;2205:31922.833567987516
0,0,default_vehtype,boarding,True,31320,31922.833567987516,31954.160144796646,31922.833567987516,0.0,2205;-1;-1,2205;-1;-1,0.0,0.9982360317005522,0.9982360317005522,0,,0,39,1,39,,,
0,7,default_vehtype,route,False,-1000,31346.317415865375,31975.45459978665,31346.317415865375,0.0,1;-1;-1,1809;-1;-1,5813.78058549,0.972687995697957,0.9721066176394086,0.0,,0,28,1,,,1;3272;2526;103;3267;2585;2637;2638;2583;3349;3111;1813;1812;361;1811;1810;1362;2623;1809,1:31346.317415865375;3272:31389.5259126998;2526:31477.500747660226;103:31501.036513269726;3267:31558.015286993603;2585:31675.30806194096;2637:31724.89149069018;2638:31729.925594054737;2583:31748.552457372196;3349:31762.670477844556;3111:31768.97416027388;1813:31790.497715663405;1812:31810.793759037246;361:31841.355933678366;1811:31846.054395456824;1810:31902.02902412695;1362:31931.24250202959;2623:31939.750155945472;1809:31975.45459978665
0,6,default_vehtype,route,False,-1000,31021.97457232707,32008.18227406446,31021.97457232707,0.0,2823;-1;-1,2675;-1;-1,5809.468770682999,0.9299581396387069,0.9293771927616383,0.0,,0,23,1,,,2823;3226;67;3224;3582;2559;3217;2558;2557;3214;2658;3213;2859;1545;3612;2487;3967;2334;3209;2320;3380;2696;3886;3994;180;63;3449;3450;3119;2863;419;331;2633;4067;4002;420;4003;3805;3446;2866;421;422;423;2687;3680;2675,2823:31021.97457232707;3226:31025.050536921925;67:31042.503170490036;3224:31048.46405130731;3582:31071.72937717092;2559:31072.51046918009;3217:31082.064123666296;2558:31085.305934499404;2557:31145.597002297392;3214:31180.97235920171;2658:31185.405556590176;3213:31192.446975961015;2859:31213.380817290883;1545:31214.715308979215;3612:31232.82321771598;2487:31284.476572031836;3967:31292.736042970027;2334:31297.157085492923;3209:31322.189000977265;2320:31360.97174665977;3380:31378.078496705806;2696:31385.13850710876;3886:31416.640835948387;3994:31473.516195588247;180:31474.006364410907;63:31474.41331526103;3449:31507.926129388932;3450:31509.934832108534;3119:31573.71554432726;2863:31577.712331186944;419:31593.708631455487;331:31604.774526902624;2633:31619.5497176672;4067:31759.702821637802;4002:31761.26123514001;420:31762.46600043581;4003:31766.633080776042;3805:31788.464365227952;3446:31815.82080059549;2866:31881.11720515195;421:31881.797184636707;422:31930.133660609965;423:31985.06370777454;2687:31988.263091726454;3680:32006.540804892844;2675:32008.18227406446
0,7,default_vehtype,boarding,True,-1,31975.45459978665,32005.45459978665,31975.45459978665,0.0,1809;-1;-1,1809;-1;-1,0.0,0.9721066176394086,0.9721066176394086,0.0,,0,28,1,,28,,
0,6,default_vehtype,boarding,True,-1,32008.18227406446,32038.18227406446,32008.18227406446,0.0,2675;-1;-1,2675;-1;-1,0.0,0.9293771927616383,0.9293771927616383,0,,0,23,1,,23,,
0,9,default_vehtype,route,False,-1000,31560,32187.78221944669,31560,0,1047;-1;-1,833;-1;-1,3897.3650306480004,0.5748339882621136,0.5744442517590487,0.0,,0,,0,,,1047;2375;2374;1426;2373;1664;3660;2423;1987;2397;2026;2503;2403;1880;2208;2209;2210;304;303;302;969;3869;2207;2387;3644;4026;2386;4027;3560;3561;3564;327;833,1047:31560;2375:31577.865305939085;2374:31583.806175761954;1426:31595.37698110096;2373:31608.85293709636;1664:31615.976370485852;3660:31617.22056246709;2423:31642.085272367913;1987:31697.8403204309;2397:31702.338099028806;2026:31721.960618456018;2503:31750.50072923531;2403:31828.22308413569;1880:31837.980715259204;2208:31886.63911444578;2209:31888.84426255894;2210:31923.610733849233;304:31940.10686641975;303:31946.986510734016;302:31953.407628499128;969:31960.67579909391;3869:31963.375526224754;2207:31978.477708126728;2387:31981.038726318886;3644:32011.750088347046;4026:32026.94093696977;2386:32028.471784348556;4027:32030.43597382409;3560:32047.563540230487;3561:32108.547725738357;3564:32109.70855192403;327:32147.184944313394;833:32187.78221944669
0,9,default_vehtype,boarding,True,31560,32187.78221944669,32227.814580178834,32187.78221944669,0.0,833;-1;-1,833;-1;-1,0.0,0.5744442517590487,0.5744442517590487,0,,0,41,1,41,,,
0,11,default_vehtype,route,False,-1000,31581.472381739037,32287.624376752305,31581.472381739037,0.0,3750;-1;-1,3478;-1;-1,5063.590762880001,0.6031889302254914,0.6026825711492034,0.0,,0,35,1,,,3750;3749;3684;2866;421;422;2688;2687;423;424;3203;3204;2675;3150;3666;3115;338;3665;3925;425;3474;426;3568;427;428;3771;172;2596;3054;3112;429;430;867;868;861;862;846;847;848;579;849;2430;3478,3750:31581.472381739037;3749:31603.944200478898;3684:31624.299813671787;2866:31625.85633478388;421:31626.536314268636;422:31693.78201993977;2688:31701.389517466978;2687:31754.12816580672;423:31758.89565114822;424:31785.724430418704;3203:31813.843799438866;3204:31815.307654522207;2675:31816.971117443813;3150:31837.136936133516;3666:31850.16845645013;3115:31851.880763297497;338:31853.8554334273;3665:31871.384562031275;3925:31890.67117341908;425:31907.203012337493;3474:31912.245858662096;426:31935.680601673223;3568:31937.100865053253;427:32017.341963967934;428:32045.70901309682;3771:32064.949093101495;172:32069.912473474884;2596:32112.75549120547;3054:32115.46103502442;3112:32131.648479527455;429:32133.502275767278;430:32141.410107487463;867:32148.23740874039;868:32157.1218134294;861:32175.042871655933;862:32211.56246991459;846:32215.134643886384;847:32226.37225740994;848:32230.712954591905;579:32246.380410750076;849:32250.217894842273;2430:32264.814117003723;3478:32287.624376752305
0,11,default_vehtype,boarding,True,-1,32287.624376752305,32317.624376752305,32287.624376752305,0.0,3478;-1;-1,3478;-1;-1,0.0,0.6026825711492034,0.6026825711492034,0,,0,35,1,,35,,
0,0,default_vehtype,route,False,-1000,31954.160144796646,32372.38275007405,31954.160144796646,0.0,2205;-1;-1,849;-1;-1,3424.4814282999996,0.9982360317005522,0.9978935835577218,0.0,,0,39,1,,,2205;2305;997;3400;832;3922;3772;2386;4026;3562;328;3314;2716;2715;3054;3112;430;867;868;861;862;846;847;848;579;849,2205:31954.160144796646;2305:31989.88618773122;997:31998.637549201463;3400:32003.818998914056;832:32013.722152926777;3922:32014.856681028337;3772:32038.409206848577;2386:32069.92387464178;4026:32070.580587823064;3562:32115.33266907474;328:32117.235800154765;3314:32137.597609074473;2716:32187.16143252481;2715:32216.061598261243;3054:32237.634599089208;3112:32253.822043592245;430:32263.57496271924;867:32270.40226397217;868:32279.286668661178;861:32297.20772688771;862:32333.727325146367;846:32337.299499118162;847:32348.53711264172;848:32352.877809823683;579:32368.545265981855;849:32372.38275007405
0,0,default_vehtype,boarding,True,-1,32372.38275007405,32402.38275007405,32372.38275007405,0.0,849;-1;-1,849;-1;-1,0.0,0.9978935835577218,0.9978935835577218,0,,0,39,1,,39,,
0,6,default_vehtype,route,False,-1000,32220,32508.87673045975,32220,0,2675;-1;-1,1312;-1;-1,2199.01297277,0.9293771927616383,0.9291572914643612,0.0,,0,,0,,,2675;3670;1815;264;263;2246;461;1836;2319;1261;234;233;232;661;2144;1312,2675:32220;3670:32227.38278974179;1815:32311.4140937885;264:32366.54898915861;263:32382.77878595115;2246:32385.310624817335;461:32388.13648486707;1836:32395.840779048674;2319:32405.17932867886;1261:32414.589352997766;234:32429.046742411865;233:32432.91597754816;232:32459.46368256072;661:32478.662663196264;2144:32505.832966232403;1312:32508.87673045975
0,6,default_vehtype,boarding,True,32220,32508.87673045975,32513.701995831267,32508.87673045975,0.0,1312;-1;-1,1312;-1;-1,0.0,0.9291572914643612,0.9291572914643612,0,,0,44,2,44,,,
0,9,default_vehtype,route,False,-1000,32227.814580178834,32576.661512640643,32227.814580178834,0.0,833;-1;-1,1493;-1;-1,1814.62678152,0.5744442517590487,0.5742627890808966,0.0,,0,41,1,,,833;4069;3427;3115;338;337;3974;336;335;2582;2636;3266;1493,833:32227.814580178834;4069:32233.12556153627;3427:32330.322246654607;3115:32352.233656114207;338:32356.524558026606;337:32407.83232120624;3974:32409.91874041727;336:32423.156854310688;335:32501.39334767631;2582:32508.014321279516;2636:32531.209656573734;3266:32572.389951232697;1493:32576.661512640643
0,9,default_vehtype,boarding,True,-1,32576.661512640643,32606.661512640643,32576.661512640643,0.0,1493;-1;-1,1493;-1;-1,0.0,0.5742627890808966,0.5742627890808966,0,,0,41,1,,41,,
0,10,default_vehtype,route,False,-1000,31646.9624279552,32897.068660645025,31646.9624279552,0.0,3529;-1;-1,3562;-1;-1,8041.489169510005,0.7962837504702436,0.7954796015532927,0.0,,0,27,1,,,3529;66;65;2629;3730;3729;2546;3728;2543;2544;2562;2832;3;15;83;3469;3470;3918;2830;2829;1945;1766;509;3650;1828;2117;4074;2677;1482;2669;1483;387;988;334;3351;3349;2583;2638;2582;335;336;3974;337;338;3665;3925;425;3474;426;3568;3314;328;3562,3529:31646.9624279552;66:31665.222374972076;65:31672.19493978758;2629:31687.03025805139;3730:31700.930876767525;3729:31702.665470699947;2546:31705.16518702487;3728:31708.308360030278;2543:31728.94423380675;2544:31739.440597431483;2562:31764.140246179813;2832:31835.142007319133;3:31905.921267356287;15:31909.081135223547;83:31921.84670150243;3469:31925.80607326609;3470:31926.881663887092;3918:31933.683653759814;2830:31946.344268625522;2829:31951.826134382856;1945:31958.947422130565;1766:31965.90813922859;509:31977.919868393747;3650:31992.85505235748;1828:31993.46177950375;2117:32004.46030974306;4074:32012.05870687591;2677:32043.06391158598;1482:32045.32637115702;2669:32046.829018567274;1483:32099.222699904578;387:32162.951904852955;988:32274.8345987715;334:32300.357662232997;3351:32301.799855205445;3349:32303.054244184466;2583:32414.37779956399;2638:32459.893674131596;2582:32564.92999778286;335:32573.149145934545;336:32629.27216035448;3974:32645.91517401969;337:32649.374424627378;338:32683.137486013165;3665:32736.810996577282;3925:32766.378415271385;425:32777.90309033076;3474:32790.35853442098;426:32815.32504141211;3568:32817.72818550601;3314:32821.9569739781;328:32894.947629662274;3562:32897.068660645025
0,8,default_vehtype,route,False,-1000,31740,32918.23194015174,31740,0,3266;-1;-1,2168;-1;-1,8016.347955060001,0.9821160246848404,0.9813143898893352,0.0,,0,,0,,,3266;2636;2582;2638;2583;2635;3335;2857;2862;173;3686;180;63;2700;2657;3596;3845;2698;3208;504;3646;2824;2178;1872;1198;2333;1251;1566;1768;1189;2025;2048;895;774;2332;2480;1589;1018;696;695;1825;1850;1081;1082;2168,3266:31740;2636:31786.14083385872;2582:31799.32700673799;2638:31859.737076321802;2583:31878.36393963926;2635:31922.05133381423;3335:32203.688722696068;2857:32258.999415264938;2862:32337.731128781095;173:32373.01983389596;3686:32408.219854493727;180:32411.319711355707;63:32413.523889311924;2700:32424.083754662253;2657:32428.84898345018;3596:32432.48326929952;3845:32455.02528595135;2698:32531.809602473782;3208:32551.338442494416;504:32556.661896362875;3646:32557.945858205003;2824:32560.5578486531;2178:32588.56139687146;1872:32593.131670298793;1198:32600.801481836796;2333:32607.755718817523;1251:32654.92991576218;1566:32657.9942455532;1768:32659.69481408563;1189:32668.82830225802;2025:32676.179715068894;2048:32683.433360347586;895:32694.164151328903;774:32702.702373081796;2332:32739.673397417886;2480:32754.695271213106;1589:32769.40735543927;1018:32786.96390478647;696:32821.235536160806;695:32836.78632896771;1825:32842.83159468314;1850:32853.7138200011;1081:32884.610871607954;1082:32910.74584340543;2168:32918.23194015174
0,10,default_vehtype,boarding,True,-1,32897.068660645025,32927.068660645025,32897.068660645025,0.0,3562;-1;-1,3562;-1;-1,0.0,0.7954796015532927,0.7954796015532927,0,,0,27,1,,27,,
0,0,default_vehtype,route,False,-1000,32700.0,33045.64817064568,32700.0,0.0,849;-1;-1,3178;-1;-1,1906.2267591900002,0.9978935835577218,0.9977029608818025,0.0,,0,,0,,,849;579;848;847;846;862;861;868;867;430;429;3112;3054;2596;172;3771;3873;3178,849:32700;579:32706.50494343676;848:32724.14627450834;847:32767.90043621118;846:32782.973478749394;862:32834.90274352236;861:32875.02851675442;868:32881.17976370711;867:32889.34666860404;430:32904.00998087131;429:32914.93409036731;3112:32915.98375795503;3054:32939.496532897;2596:32940.81354000305;172:32967.500504074706;3771:32971.82571018562;3873:32981.54071043842;3178:33045.64817064568
0,8,default_vehtype,boarding,True,31740,32918.23194015174,33040.64690777747,32918.23194015174,0.0,2168;-1;-1,2168;-1;-1,0.0,0.9813143898893352,0.9813143898893352,0.0,,0,42,1,42,,,
0,7,default_vehtype,route,False,-1000,32400,33085.00695488962,32400,0,1809;-1;-1,1391;-1;-1,3682.7047026699984,0.9721066176394086,0.9717383471691408,0.0,,0,,0,,,1809;2623;3753;2625;2653;2905;82;3390;2579;2655;3450;2864;3448;199;1390;737;840;841;2455;1391,1809:32400;2623:32455.33764524017;3753:32544.75401357601;2625:32561.054074920536;2653:32617.738529599108;2905:32620.770137016207;82:32671.09626301073;3390:32810.223391220556;2579:32886.397006608415;2655:32934.283391473895;3450:32961.40687364661;2864:32965.63044390402;3448:32979.12549394938;199:32984.762237835195;1390:33024.328129110334;737:33030.15160697298;840:33045.69231787998;841:33061.698933264575;2455:33079.80731692588;1391:33085.00695488962
0,0,default_vehtype,boarding,True,32700,33045.64817064568,33099.80452251151,33045.64817064568,0.0,3178;-1;-1,3178;-1;-1,0.0,0.9977029608818025,0.9977029608818025,0,,0,47,1,47,,,
0,5,default_vehtype,route,False,-1000,31897.126708261516,33181.464193935244,31897.126708261516,0.0,3931;-1;-1,3754;-1;-1,7218.645656796993,0.850662497115163,0.8499406325494852,0.0,,0,38,1,,,3931;39;3269;2584;2635;3335;3389;2627;2905;2653;81;3388;183;2039;2865;3194;3195;1610;2858;3807;3935;3971;1611;2337;2115;2479;3754,3931:31897.126708261516;39:31967.262780971178;3269:32029.799091438555;2584:32163.159700786684;2635:32226.35246084954;3335:32507.989849731377;3389:32524.005579628832;2627:32545.70737741247;2905:32556.2907226601;2653:32556.497657716747;81:32581.84817641573;3388:32631.4745987512;183:32634.91191950385;2039:32721.141647640387;2865:32722.137682466513;3194:32723.945285182228;3195:32883.09570770439;1610:32884.623625696375;2858:33013.929870904925;3807:33043.33253600234;3935:33093.51330606389;3971:33111.62724313753;1611:33112.54905283572;2337:33136.618308630015;2115:33153.91543491846;2479:33172.31914212463;3754:33181.464193935244
0,5,default_vehtype,boarding,True,-1,33181.464193935244,33211.464193935244,33181.464193935244,0.0,3754;-1;-1,3754;-1;-1,0.0,0.8499406325494852,0.8499406325494852,0,,0,38,1,,38,,
0,9,default_vehtype,route,False,-1000,32606.661512640643,33228.143115667495,32606.661512640643,0.0,1493;-1;-1,2385;-1;-1,5978.982781747999,0.5742627890808966,0.5736648908027212,0.0,,0,,0,,,1493;3266;2636;2582;2638;2637;2585;33;2578;2579;2655;3450;3449;63;180;2657;3596;3845;2698;3841;502;1392;1199;2385,1493:32606.661512640643;3266:32608.16489045251;2636:32610.46618056965;2582:32640.900479941854;2638:32717.75182978196;2637:32721.61747727671;2585:32743.32009326924;33:32808.64921445501;2578:32909.795476229956;2579:32955.800777300865;2655:33003.687162166345;3450:33030.81064433906;3449:33031.74834112388;63:33073.365346922;180:33075.126779055034;2657:33085.98877938946;3596:33093.91297637902;3845:33114.571145045156;2698:33178.40288554028;3841:33181.326367926544;502:33181.776760631365;1392:33199.40889777448;1199:33220.8187288895;2385:33228.143115667495
0,9,default_vehtype,boarding,True,32580,33228.143115667495,33264.38187590629,33228.143115667495,0.0,2385;-1;-1,2385;-1;-1,0.0,0.5736648908027212,0.5736648908027212,0,,0,46,1,46,,,
0,7,default_vehtype,boarding,True,32940,33280,33281,33085.00695488962,194.99304511037917,1391;-1;-1,1391;-1;-1,0.0,0.9717383471691408,0.9717383471691408,0,,0,50,2,50,,,
0,8,default_vehtype,route,False,-1000,33040.64690777747,33352.26231331579,33040.64690777747,0.0,2168;-1;-1,1687;-1;-1,3432.314506659999,0.9813143898893352,0.9809711584386692,0.0,,0,42,1,,,2168;1082;1081;1850;1825;1826;2330;2473;1329;1328;838;1030;3292;3132;646;3295;2528;3274;3275;3287;715;714;713;712;711;710;2107;1687,2168:33040.64690777747;1082:33052.6096108578;1081:33054.42754745116;1850:33070.21573556271;1825:33077.00704775901;1826:33082.78991849561;2330:33091.729201979295;2473:33122.40085433339;1329:33128.47334766825;1328:33131.37852431981;838:33134.586055045824;1030:33168.350004707245;3292:33178.16184477091;3132:33179.18809979856;646:33181.183690048994;3295:33182.260181012476;2528:33190.75206013209;3274:33241.30570041449;3275:33249.3460016688;3287:33252.45252401368;715:33263.96803517756;714:33274.48808815414;713:33280.46953539607;712:33286.411428009196;711:33298.8542530687;710:33315.12192601356;2107:33322.73235578946;1687:33352.26231331579
0,10,default_vehtype,route,False,-1000,32927.068660645025,33374.045837714395,32927.068660645025,0.0,3562;-1;-1,748;-1;-1,2835.1021595899983,0.7954796015532927,0.7951960913373338,0.0,,0,,0,,,3562;328;3314;3568;3987;3682;1405;1206;1207;1208;2222;2176;351;350;349;3571;1407;1408;544;748,3562:32927.068660645025;328:32928.30397702596;3314:32968.09501846242;3568:32971.84703468721;3987:33011.673387364695;3682:33016.76554746724;1405:33044.74519064602;1206:33049.615354586276;1207:33059.9766104048;1208:33073.39820091908;2222:33078.6661674566;2176:33084.900914905054;351:33108.136101908945;350:33113.96209362155;349:33116.71879059286;3571:33175.45912667015;1407:33177.48550930539;1408:33186.26377273296;544:33350.0726432215;748:33374.045837714395
0,10,default_vehtype,boarding,True,32880,33374.045837714395,33378.894351418196,33374.045837714395,0.0,748;-1;-1,748;-1;-1,0.0,0.7951960913373338,0.7951960913373338,0.0,,0,49,1,49,,,
0,8,default_vehtype,boarding,True,-1,33352.26231331579,33382.26231331579,33352.26231331579,0.0,1687;-1;-1,1687;-1;-1,0.0,0.9809711584386692,0.9809711584386692,0,,0,42,1,,42,,
0,8,default_vehtype,route,False,-1000,33382.26231331579,33695.05388075275,33382.26231331579,0.0,1687;-1;-1,3752;-1;-1,2545.21911332,0.9809711584386692,0.9807166365273372,0.0,,0,,0,,,1687;2107;710;2275;635;1742;3162;927;928;561;929;930;931;3837;932;2855;3278;643;98;2999;3286;3752,1687:33382.26231331579;2107:33408.10145445751;710:33415.43624793518;2275:33427.40726333331;635:33435.858459911105;1742:33462.62548497257;3162:33468.32895232033;927:33469.94554161019;928:33498.79531541997;561:33512.77583744931;929:33541.94924957144;930:33590.53986360204;931:33598.88934941423;3837:33612.308678743284;932:33617.814668856925;2855:33640.925974001904;3278:33666.404037882414;643:33672.02757133146;98:33676.603140935025;2999:33677.53488396025;3286:33682.10109789879;3752:33695.05388075275
0,8,default_vehtype,boarding,True,33120,33695.05388075275,33701.90163008275,33695.05388075275,0.0,3752;-1;-1,3752;-1;-1,0.0,0.9807166365273372,0.9807166365273372,0,,0,54,1,54,,,
0,11,default_vehtype,route,False,-1000,32760,33725.93103838247,32760,0,3478;-1;-1,3171;-1;-1,5028.649395773999,0.6026825711492034,0.6021797062096252,0.0,,0,,0,,,3478;2430;849;850;851;852;1278;2405;2443;2374;2375;654;2181;2131;2044;1429;2180;2003;1036;1814;1625;279;1624;266;1561;2042;580;1967;1966;1476;1477;626;625;624;1901;1138;1900;4007;1899;1898;1893;3653;1897;3801;1038;853;567;3169;3170;3171,3478:32760;2430:32827.66146273138;849:32837.907642780294;850:32852.92393881156;851:32871.26178286952;852:32890.915444598555;1278:32898.39604923198;2405:32902.47859133887;2443:32911.43703184224;2374:32935.339710304834;2375:32946.826299738765;654:33035.93167713309;2181:33037.55317317679;2131:33043.955477258285;2044:33046.28608918319;1429:33051.37342018198;2180:33061.27669664845;2003:33074.081259090126;1036:33096.48011809487;1814:33101.24871132323;1625:33103.17527571978;279:33128.89510221229;1624:33164.419804944206;266:33177.58311148447;1561:33182.54994743603;2042:33189.281044037125;580:33195.283201981576;1967:33202.45070857445;1966:33203.93607141273;1476:33220.06344613758;1477:33289.238260785045;626:33292.34182711804;625:33318.94721990452;624:33402.349510543994;1901:33463.115609689296;1138:33479.326055068865;1900:33480.78774877281;4007:33483.354882281856;1899:33495.97418509117;1898:33527.03901219196;1893:33534.30307799732;3653:33537.392729997184;1897:33540.25873528534;3801:33544.856494005435;1038:33568.63017115824;853:33611.034896880985;567:33623.00041353741;3169:33659.56550706823;3170:33717.44545969136;3171:33725.93103838247
0,11,default_vehtype,boarding,True,32760,33725.93103838247,33735.595379347906,33725.93103838247,0.0,3171;-1;-1,3171;-1;-1,0.0,0.6021797062096252,0.6021797062096252,0,,0,48,1,48,,,
0,0,default_vehtype,route,False,-1000,33099.80452251151,33824.33809318403,33099.80452251151,0.0,3178;-1;-1,1809;-1;-1,5412.496069149999,0.9977029608818025,0.9971617112748874,0.0,,0,47,1,,,3178;3177;3268;3267;2585;33;2578;183;82;2905;2653;2625;3753;3969;2623;1809,3178:33099.80452251151;3177:33133.7270402245;3268:33260.82373011835;3267:33306.821929054284;2585:33370.35559885952;33:33426.957841782576;2578:33493.46003171831;183:33527.08010068279;82:33540.186395156314;2905:33586.02241927236;2653:33588.66110708871;2625:33678.55860835448;3753:33700.188725786655;3969:33702.96184769238;2623:33789.519655562566;1809:33824.33809318403
0,0,default_vehtype,boarding,True,-1,33824.33809318403,33854.33809318403,33824.33809318403,0.0,1809;-1;-1,1809;-1;-1,0.0,0.9971617112748874,0.9971617112748874,0,,0,47,1,,47,,
0,6,default_vehtype,route,False,-1000,32513.701995831267,33938.579822655985,32513.701995831267,0.0,1312;-1;-1,3044;-1;-1,8681.859273147997,0.9291572914643612,0.9282891055370452,0.0,,0,44,2,,,1312;2144;661;232;231;230;229;228;227;226;4023;225;224;223;222;221;220;219;218;217;3358;216;3604;3743;215;2703;4022;3746;1583;2477;2247;1848;1665;2074;986;480;2172;2422;1921;1023;2417;2994;2996;162;146;3392;3407;181;3137;4065;3136;3135;3875;3045;3046;3044,1312:32513.701995831267;2144:32528.58263886699;661:32541.927053394327;232:32572.095422529164;231:32574.666644237466;230:32655.896825880496;229:32688.253540804213;228:32718.42777246331;227:32753.14468406208;226:32785.97410498283;4023:32794.54822517509;225:32869.77088425675;224:32910.232980365305;223:32924.15202440933;222:32955.505618070405;221:32963.5334145809;220:32975.948222258696;219:32988.309965991866;218:33030.20328119497;217:33063.2859155658;3358:33068.98726549734;216:33070.53512226774;3604:33080.33742495995;3743:33082.57755141855;215:33091.227983078184;2703:33093.61545520926;4022:33098.0583539515;3746:33101.64732088822;1583:33127.025004072064;2477:33131.305639018974;2247:33163.77130408924;1848:33173.14908720674;1665:33261.26844873273;2074:33269.425044996715;986:33273.254187156905;480:33287.29177934524;2172:33332.03997638747;2422:33359.991046246556;1921:33363.3316299686;1023:33370.79277502512;2417:33380.781806813524;2994:33410.37789639621;2996:33421.26368571144;162:33424.46688856571;146:33455.09028820765;3392:33474.66501330148;3407:33490.69011272248;181:33680.77377570946;3137:33737.98424488424;4065:33744.9938373876;3136:33776.69671467775;3135:33800.97136096917;3875:33872.901315164454;3045:33878.80210841734;3046:33880.47931475243;3044:33938.579822655985
0,10,default_vehtype,route,False,-1000,33378.894351418196,33956.741400712875,33378.894351418196,0.0,748;-1;-1,4068;-1;-1,3960.4930307780023,0.7951960913373338,0.7948000420342564,0.0,,0,49,1,,,748;749;3788;3787;3348;3352;3351;134;2637;2638;33;2578;183;2039;2865;3194;2866;3446;3805;4003;420;4068,748:33378.894351418196;749:33407.89912319787;3788:33420.737371287105;3787:33433.77258030055;3348:33439.455523563396;3352:33442.65573900193;3351:33458.24187651826;134:33522.085637425254;2637:33543.54982541119;2638:33550.87678302614;33:33623.094588116925;2578:33689.596778052655;183:33734.87085047388;2039:33813.75002445379;2865:33815.41736700204;3194:33818.14535283704;2866:33908.91291314353;3446:33919.987053048506;3805:33942.64811675027;4003:33953.34823457358;420:33954.944514807685;4068:33956.741400712875
0,6,default_vehtype,boarding,True,-1,33938.579822655985,33968.579822655985,33938.579822655985,0.0,3044;-1;-1,3044;-1;-1,0.0,0.9282891055370452,0.9282891055370452,0,,0,44,2,,44,,
0,10,default_vehtype,boarding,True,-1,33956.741400712875,33986.741400712875,33956.741400712875,0.0,4068;-1;-1,4068;-1;-1,0.0,0.7948000420342564,0.7948000420342564,0,,0,49,1,,49,,
0,9,default_vehtype,route,False,-1000,33264.38187590629,33992.65341358628,33264.38187590629,0.0,2385;-1;-1,2098;-1;-1,5986.272862938004,0.5736648908027212,0.5730662635164275,0.0,,0,46,1,,,2385;1199;1392;502;3841;2698;3208;2697;3211;2859;3213;2658;722;3808;3614;1808;3216;3218;3220;1704;3219;3223;62;3225;2077;1946;3724;3587;2545;2546;3732;2630;908;1838;685;2078;3846;3608;2935;1383;3609;1382;243;1381;1380;2353;784;330;2354;2161;2004;2160;2818;2371;2819;2098,2385:33264.38187590629;1199:33265.89587262511;1392:33277.721841873026;502:33287.776117426896;3841:33288.23333062673;2698:33304.83145639706;3208:33321.36508839433;2697:33330.3783256296;3211:33342.631009733865;2859:33404.09217568557;3213:33430.57275263036;2658:33434.86830169699;722:33439.6840060786;3808:33448.76152964289;3614:33465.53593951189;1808:33468.93121693119;3216:33471.483292880526;3218:33505.4078498178;3220:33514.0712290086;1704:33518.90324797062;3219:33522.51316573365;3223:33532.20391576202;62:33543.4211625001;3225:33553.37778618614;2077:33575.8931183771;1946:33606.79768286209;3724:33629.8262443243;3587:33633.13342723145;2545:33634.05874967822;2546:33638.95665730331;3732:33641.1883660084;2630:33665.91859255321;908:33712.60824561894;1838:33716.21633733861;685:33740.97941794404;2078:33769.214196464076;3846:33771.78617413369;3608:33774.38558584383;2935:33775.9268889553;1383:33780.04648101945;3609:33781.8191872279;1382:33784.38833804886;243:33790.73706853016;1381:33835.37750284151;1380:33883.85036212796;2353:33891.95165139932;784:33897.96868946666;330:33902.62692283492;2354:33905.806200234954;2161:33910.11493961496;2004:33922.94062684154;2160:33925.37714476829;2818:33928.10316943661;2371:33931.130919359566;2819:33974.87428185947;2098:33992.65341358628
0,9,default_vehtype,boarding,True,-1,33992.65341358628,34022.65341358628,33992.65341358628,0.0,2098;-1;-1,2098;-1;-1,0.0,0.5730662635164275,0.5730662635164275,0,,0,46,1,,46,,
0,5,default_vehtype,route,False,-1000,33360,34081.135072263234,33360,0,3754;-1;-1,3157;-1;-1,3587.957944483,0.8499406325494852,0.8495818367550374,0.0,,0,,0,,,3754;2479;2115;2337;1611;3935;3807;2858;1610;3195;268;4068;420;4003;3805;3446;3749;3684;2867;2906;2688;422;4010;4009;4008;2445;1953;1253;1252;913;3157,3754:33360;2479:33361.173990846706;2115:33382.76042004066;2337:33389.55102937197;1611:33423.61544899164;3935:33469.85873175038;3807:33503.059424623316;2858:33529.08256287687;1610:33643.17274483853;3195:33644.9910282968;268:33672.74304758211;4068:33729.317618317524;420:33730.99892712519;4003:33735.6632372588;3805:33751.3351200622;3446:33769.7166237385;3749:33775.52038600181;3684:33789.965647629506;2867:33796.204629837885;2906:33816.03923935833;2688:33914.00874772113;422:33917.204823312706;4010:33945.93429800422;4009:33950.83725680843;4008:33951.91999928047;2445:33965.672439386486;1953:34039.58351357492;1253:34052.43353558844;1252:34057.75218980386;913:34061.579223933426;3157:34081.135072263234
0,5,default_vehtype,boarding,True,33360,34081.135072263234,34146.23660040584,34081.135072263234,0.0,3157;-1;-1,3157;-1;-1,0.0,0.8495818367550374,0.8495818367550374,0,,0,55,1,55,,,
0,10,default_vehtype,route,False,-1000,33986.741400712875,34189.310205466965,33986.741400712875,0.0,4068;-1;-1,276;-1;-1,1612.24984349,0.7948000420342564,0.794638817049907,0.0,,0,,0,,,4068;4002;2632;870;3804;3803;3802;680;871;272;273;3719;3718;274;275;276,4068:33986.741400712875;4002:33988.7452482148;2632:33991.74707829914;870:34003.28337564445;3804:34024.04813439593;3803:34025.114207118466;3802:34028.69782428077;680:34093.343515363245;871:34102.11301096639;272:34116.49497342515;273:34128.58237300015;3719:34132.538390485075;3718:34139.98930547985;274:34150.44433168884;275:34171.59748315071;276:34189.310205466965
0,0,default_vehtype,route,False,-1000,33854.33809318403,34199.625567876465,33854.33809318403,0.0,1809;-1;-1,199;-1;-1,2864.171862920001,0.9971617112748874,0.9968752940885951,0.0,,0,,0,,,1809;2623;3969;2624;2625;2653;2905;82;3390;2579;2655;3450;2864;3448;199,1809:33854.33809318403;2623:33882.03902681608;3969:33922.496089115295;2624:33935.888631202506;2625:33937.55686495714;2653:33964.06437835354;2905:33967.80866064598;82:33985.16300332382;3390:34007.57738605896;2579:34020.517157948765;2655:34095.04635363074;3450:34162.46052518818;2864:34165.73069881375;3448:34179.578379431616;199:34199.625567876465
0,11,default_vehtype,route,False,-1000,33735.595379347906,34204.01563282049,33735.595379347906,0.0,3171;-1;-1,3562;-1;-1,4544.757697749998,0.6021797062096252,0.6017252304398505,0.0,,0,48,1,,,3171;3170;3169;3412;3462;2916;3413;2915;3336;3054;2715;2716;3314;328;3562,3171:33735.595379347906;3170:33834.95397240496;3169:33838.95516792175;3412:33845.910081348404;3462:33853.28189786501;2916:33871.078398485726;3413:33876.73472840969;2915:33924.57998780845;3336:34013.81733162425;3054:34028.7170123608;2715:34044.39928385428;2716:34108.128641001495;3314:34161.53779685613;328:34200.3128753975;3562:34204.01563282049
0,11,default_vehtype,boarding,True,-1,34204.01563282049,34234.01563282049,34204.01563282049,0.0,3562;-1;-1,3562;-1;-1,0.0,0.6017252304398505,0.6017252304398505,0,,0,48,1,,48,,
0,10,default_vehtype,boarding,True,33600,34189.310205466965,34313.06888289326,34189.310205466965,0.0,276;-1;-1,276;-1;-1,0.0,0.794638817049907,0.794638817049907,0,,0,57,1,57,,,
0,6,default_vehtype,route,False,-1000,34140,34361.96558976447,34140,0,3044;-1;-1,3511;-1;-1,1985.8216289700006,0.9282891055370452,0.9280905233741484,0.0,,0,,0,,,3044;3046;3043;399;400;401;3982;3983;3993;3985;402;403;3811;404;3618;405;406;3176;100;407;3991;408;3989;409;3512;410;2997;3511,3044:34140;3046:34168.44400395262;3043:34178.75214399089;399:34181.91904239297;400:34192.67226859769;401:34200.09479097362;3982:34201.05504789808;3983:34204.924125701014;3993:34206.21282582377;3985:34210.68410597148;402:34232.68298705392;403:34243.88557315429;3811:34249.71761360045;404:34256.256050333526;3618:34264.24343299505;405:34292.129736323484;406:34297.978911153055;3176:34303.91232690602;100:34306.55004709333;407:34308.68707955206;3991:34314.715702012974;408:34327.0368931981;3989:34331.422753187086;409:34346.65615865962;3512:34352.65150492446;410:34355.53533437156;2997:34356.99935431327;3511:34361.96558976447
0,6,default_vehtype,boarding,True,34140,34361.96558976447,34430.24112535974,34361.96558976447,0.0,3511;-1;-1,3511;-1;-1,0.0,0.9280905233741484,0.9280905233741484,0,,0,61,1,61,,,
0,0,default_vehtype,boarding,True,33720,34199.625567876465,34475.603711747615,34199.625567876465,0.0,199;-1;-1,199;-1;-1,0.0,0.9968752940885951,0.9968752940885951,0.0,,0,59,1,59,,,
0,8,default_vehtype,route,False,-1000,33701.90163008275,34479.769542574555,33701.90163008275,0.0,3752;-1;-1,1610;-1;-1,4568.1255225199975,0.9807166365273372,0.9802598239750838,0.0,,0,54,1,,,3752;2998;3928;3516;2682;2910;410;2997;3510;3815;3814;3961;3000;3506;2995;2646;2654;2699;2656;2701;197;198;199;3449;2864;3450;3119;268;3195;1610,3752:33701.90163008275;2998:33744.66680699158;3928:33757.89643723916;3516:33796.90985616799;2682:33801.62501993615;2910:33804.562537830985;410:33811.44579634676;2997:33812.63190722018;3510:33831.9317053526;3815:33851.68838047494;3814:33868.42097898298;3961:33876.6207418684;3000:33906.55660903221;3506:33915.44091311052;2995:33967.379637891325;2646:34012.36647427479;2654:34117.31093745688;2699:34232.73496940549;2656:34240.25458683007;2701:34249.324902695225;197:34250.964016008664;198:34253.22919525716;199:34297.644806051605;3449:34346.91892941227;2864:34347.963101097565;3450:34350.6580080366;3119:34395.03478344982;268:34452.81177171403;3195:34477.52305082507;1610:34479.769542574555
0,8,default_vehtype,boarding,True,-1,34479.769542574555,34509.769542574555,34479.769542574555,0.0,1610;-1;-1,1610;-1;-1,0.0,0.9802598239750838,0.9802598239750838,0,,0,54,1,,54,,
0,7,default_vehtype,route,False,-1000,33281,34785.050804202765,33281,0,1391;-1;-1,1586;-1;-1,15953.224406053008,0.9717383471691408,0.9701430247285356,0.0,,0,50,2,,,1391;840;737;1390;199;198;197;3886;2696;3380;2320;3209;2334;2487;3612;1545;2859;3213;2658;722;3808;3614;1808;3216;3218;3220;1704;3219;3223;62;3225;2077;1946;3724;3587;2545;2546;3732;2630;908;1838;685;2078;3846;3608;2935;1383;3611;2764;3372;910;193;1780;3234;3233;73;3125;3076;3153;3074;3089;3091;3090;797;75;2642;3377;74;144;3375;9;2667;8;57;2568;58;27;3092;3892;3105;4057;4060;3891;2900;3542;2901;4062;4061;31;3299;1586,1391:33281;840:33298.85907431904;737:33313.734153559235;1390:33342.48559508327;199:33380.43580532163;198:33428.23727170164;197:33430.381639143554;3886:33454.43200354425;2696:33492.693663022226;3380:33514.18046848056;2320:33536.5679877693;3209:33557.62615832661;2334:33579.05295328206;2487:33594.53631640811;3612:33634.77785798976;1545:33653.115815170735;2859:33655.05216351116;3213:33681.53274045595;2658:33685.82828952258;722:33690.64399390419;3808:33699.72151746848;3614:33716.49592733748;1808:33719.89120475678;3216:33724.65245004487;3218:33781.59763367885;3220:33792.030019392594;1704:33797.50040945313;3219:33801.27232049403;3223:33805.52954865967;62:33821.781896558714;3225:33837.36759802734;2077:33876.19887377537;1946:33907.939857314734;3724:33914.20573505843;3587:33915.27918477182;2545:33916.581227584895;2546:33929.493034532;3732:33931.19880484389;2630:33943.02435359142;908:33984.37354126979;1838:33994.40839436542;685:34023.52298730464;2078:34051.757765824674;3846:34054.32974349429;3608:34056.92915520443;2935:34058.4704583159;1383:34062.59005038005;3611:34082.17004406865;2764:34143.34716528897;3372:34151.192766484884;910:34152.22436449337;193:34205.14795056817;1780:34210.3605398419;3234:34210.65628802838;3233:34212.57147914235;73:34216.05815443289;3125:34226.18808551884;3076:34228.115632566296;3153:34239.081872378396;3074:34243.39640208895;3089:34246.83091581198;3091:34265.722212462606;3090:34277.43169119446;797:34294.915302392496;75:34301.89785223279;2642:34321.64664797262;3377:34329.473236551974;74:34330.383013967745;144:34332.5937136482;3375:34334.47780288743;9:34356.485166847124;2667:34360.93396914386;8:34417.39202609879;57:34470.094513350945;2568:34478.084136111625;58:34499.38341629931;27:34506.47242541564;3092:34521.74515477181;3892:34526.79923330968;3105:34527.455793491674;4057:34551.2789081738;4060:34552.188721608254;3891:34574.14145925408;2900:34611.908114210324;3542:34653.36307750938;2901:34654.34499753385;4062:34674.55910874429;4061:34674.813008057296;31:34705.99248205831;3299:34748.552308236896;1586:34785.050804202765
0,11,default_vehtype,route,False,-1000,34260,34789.47379506722,34260,0,3562;-1;-1,2637;-1;-1,2390.597993749,0.6017252304398505,0.6014861706404753,0.0,,0,,0,,,3562;3563;3565;3566;3567;3315;3475;3474;425;3925;3665;2347;2252;3762;1492;335;2582;2638;2637,3562:34260;3563:34260.929462646345;3565:34263.35158645845;3566:34263.783316148896;3567:34351.119040386766;3315:34364.55204289252;3475:34382.03408587812;3474:34388.47267589457;425:34446.104039592006;3925:34456.30390359298;3665:34482.11172470418;2347:34530.9979581064;2252:34599.158871110834;3762:34625.137550740386;1492:34670.69214120379;335:34749.022963893425;2582:34752.03021413658;2638:34784.50650028418;2637:34789.47379506722
0,11,default_vehtype,boarding,True,34260,34789.47379506722,34794.625041203624,34789.47379506722,0.0,2637;-1;-1,2637;-1;-1,0.0,0.6014861706404753,0.6014861706404753,0,,0,62,1,62,,,
0,7,default_vehtype,boarding,True,-1,34785.050804202765,34815.050804202765,34785.050804202765,0.0,1586;-1;-1,1586;-1;-1,0.0,0.9701430247285356,0.9701430247285356,0,,0,50,2,,50,,
0,8,default_vehtype,route,False,-1000,34509.769542574555,35020.736794563716,34509.769542574555,0.0,1610;-1;-1,236;-1;-1,3656.568038458001,0.9802598239750838,0.9798941671712386,0.0,,0,,0,,,1610;3195;268;2633;4067;2632;4001;4003;3805;3446;2866;421;2867;2906;957;958;1859;465;466;467;468;469;470;471;472;1292;2189;367;261;262;263;2246;461;1836;2319;236,1610:34509.769542574555;3195:34511.441610693764;268:34542.32379291741;2633:34547.25152966639;4067:34618.47250744857;2632:34622.78450223415;4001:34626.859741529166;4003:34628.866652804754;3805:34645.342005195635;3446:34657.336526973806;2866:34682.29446983096;421:34685.09808716322;2867:34688.06385777816;2906:34694.68778045675;957:34697.786451260195;958:34702.85335486666;1859:34714.575638170914;465:34750.77542814791;466:34754.62821952017;467:34769.91863104096;468:34772.809315541956;469:34781.968276419684;470:34785.078103493084;471:34787.90560135566;472:34793.7755441894;1292:34794.64908427372;2189:34807.2347282071;367:34824.33581586848;261:34827.83712698217;262:34840.585083783444;263:34861.13533675509;2246:34918.45218599807;461:34955.03268784722;1836:35001.11402381287;2319:35013.551611517214;236:35020.736794563716
0,8,default_vehtype,boarding,True,34320,35020.736794563716,35026.49798671286,35020.736794563716,0.0,236;-1;-1,236;-1;-1,0.0,0.9798941671712386,0.9798941671712386,0.0,,0,63,1,63,,,
0,5,default_vehtype,route,False,-1000,34146.23660040584,35067.64298289294,34146.23660040584,0.0,3157;-1;-1,2911;-1;-1,7074.286871073002,0.8495818367550374,0.8488744080679292,0.0,,0,55,1,,,3157;913;1252;1253;1953;2445;4008;4009;4010;422;421;3193;2039;2865;34;3390;2579;2655;3334;3393;2996;162;146;3878;2995;3506;3507;2108;2235;3517;412;2911,3157:34146.23660040584;913:34161.44617705418;1252:34167.28150438491;1253:34173.37493229348;1953:34195.7522730292;2445:34220.79726050791;4008:34236.80323748205;4009:34238.58293014481;4010:34239.73101883026;422:34262.91738722551;421:34323.34977939464;3193:34395.62844627796;2039:34397.63500186595;2865:34400.50835059834;34:34453.0954527749;3390:34508.87199287057;2579:34514.30884820198;2655:34567.004333093566;3334:34723.26138160224;3393:34790.68515022077;2996:34852.00404496117;162:34857.61878856764;146:34883.51419253484;3878:34897.00997268159;2995:34897.67401972258;3506:34934.75407448035;3507:34941.70585307452;2108:34984.8846567457;2235:35013.49958523548;3517:35063.85967535528;412:35066.31552127245;2911:35067.64298289294
0,10,default_vehtype,route,False,-1000,34313.06888289326,35085.263727279584,34313.06888289326,0.0,276;-1;-1,833;-1;-1,4183.687720969999,0.794638817049907,0.7942204482778102,0.0,,0,57,1,,,276;277;223;224;225;4023;226;227;228;229;230;231;232;233;234;1261;2319;236;214;3419;3420;2158;2280;1890;1889;2305;997;996;995;830;326;833,276:34313.06888289326;277:34321.89636963507;223:34348.22155956098;224:34355.309585573195;225:34377.37637516263;4023:34437.5125104839;226:34447.166942701544;227:34473.019181266245;228:34502.73273330341;229:34570.386528004856;230:34626.34178565825;231:34678.927793269504;232:34680.7536418021;233:34695.07722214523;234:34703.68213996762;1261:34713.50842387684;2319:34724.09888748367;236:34742.59408846403;214:34768.27027952139;3419:34771.71541370312;3420:34787.227222207766;2158:34813.40879695072;2280:34825.56820284815;1890:34907.212908065965;1889:34930.058373242355;2305:34949.74946390901;997:34955.683674389;996:34970.772864448314;995:34987.25149111153;830:35064.560902008845;326:35079.709302982315;833:35085.263727279584
0,5,default_vehtype,boarding,True,-1,35067.64298289294,35097.64298289294,35067.64298289294,0.0,2911;-1;-1,2911;-1;-1,0.0,0.8488744080679292,0.8488744080679292,0,,0,55,1,,55,,
0,10,default_vehtype,boarding,True,-1,35085.263727279584,35115.263727279584,35085.263727279584,0.0,833;-1;-1,833;-1;-1,0.0,0.7942204482778102,0.7942204482778102,0,,0,57,1,,57,,
0,8,default_vehtype,route,False,-1000,35026.49798671286,35271.21077448235,35026.49798671286,0.0,236;-1;-1,3562;-1;-1,1784.1651385209998,0.9798941671712386,0.9797157506573867,0.0,,0,63,1,,,236;214;3419;3420;2158;2280;1890;1889;2305;997;3400;832;3922;3772;2386;4027;3560;3561;3563;3562,236:35026.49798671286;214:35062.642157057984;3419:35065.261986265235;3420:35080.13379597134;2158:35093.001380296475;2280:35112.38597188936;1890:35118.72202018538;1889:35138.75090521087;2305:35158.441995877525;997:35164.37620635752;3400:35178.507768946685;832:35184.31058254614;3922:35187.117432783714;3772:35211.94779197889;2386:35224.66730995177;4027:35226.90143749205;3560:35234.03109821243;3561:35269.65887525227;3563:35270.4382000221;3562:35271.21077448235
0,8,default_vehtype,boarding,True,-1,35271.21077448235,35301.21077448235,35271.21077448235,0.0,3562;-1;-1,3562;-1;-1,0.0,0.9797157506573867,0.9797157506573867,0,,0,63,1,,63,,
0,10,default_vehtype,route,False,-1000,35115.263727279584,35380.0411285279,35115.263727279584,0.0,833;-1;-1,4050;-1;-1,1813.8355710600001,0.7942204482778102,0.7940390647207043,0.0,,0,,0,,,833;4069;1616;1759;3425;1517;3672;265;3424;3422;3420;3419;214;236;4050,833:35115.263727279584;4069:35133.67553635829;1616:35142.62138053431;1759:35171.96960863635;3425:35199.66445385241;1517:35202.432402981205;3672:35254.74804423433;265:35260.43274241396;3424:35265.793673716726;3422:35274.66043626473;3420:35289.6473391708;3419:35301.917140558086;214:35306.37385426084;236:35347.20319616787;4050:35380.0411285279
0,10,default_vehtype,boarding,True,34380,35380.0411285279,35424.76324364286,35380.0411285279,0.0,4050;-1;-1,4050;-1;-1,0.0,0.7940390647207043,0.7940390647207043,0,,0,65,1,65,,,
0,11,default_vehtype,route,False,-1000,34794.625041203624,35550.34934931248,34794.625041203624,0.0,2637;-1;-1,3702;-1;-1,6699.9220491399965,0.6014861706404753,0.6008161784355607,0.0,,0,62,1,,,2637;2585;3267;3268;3177;3178;2714;3053;2917;3414;3413;3412;3695;1521;1522;1523;3699;3410;3501;3502;3702,2637:34794.625041203624;2585:34854.37303164525;3267:34938.03594812734;3268:34979.167720355814;3177:35014.415191726825;3178:35100.70208288298;2714:35164.444170626244;3053:35222.99968245018;2917:35385.35400830201;3414:35430.18350166327;3413:35440.24670859018;3412:35454.99695416928;3695:35459.96993276075;1521:35468.929249730114;1522:35495.786863166715;1523:35510.16675350944;3699:35521.14639212726;3410:35536.550401115936;3501:35540.5594272269;3502:35542.313288436584;3702:35550.34934931248
0,11,default_vehtype,boarding,True,-1,35550.34934931248,35580.34934931248,35550.34934931248,0.0,3702;-1;-1,3702;-1;-1,0.0,0.6008161784355607,0.6008161784355607,0,,0,62,1,,62,,
0,5,default_vehtype,route,False,-1000,35097.64298289294,35681.15903427676,35097.64298289294,0.0,2911;-1;-1,870;-1;-1,3300.7109358600005,0.8488744080679292,0.8485443369743434,0.0,,0,,0,,,2911;412;3518;3748;3797;2685;413;3794;414;3796;2695;415;3793;416;417;3795;2693;418;3576;3594;3945;2700;63;3449;2864;3995;2863;419;331;2633;268;4068;4002;4067;2632;870,2911:35097.64298289294;412:35098.802945004296;3518:35105.02685729832;3748:35110.31748662772;3797:35176.79310333913;2685:35198.15641949544;413:35215.5564979945;3794:35247.77821723995;414:35253.30547787068;3796:35308.48198589458;2695:35315.795818794446;415:35316.062394634995;3793:35329.090476217694;416:35340.00697284087;417:35360.25847454913;3795:35374.99894899559;2693:35383.17903059747;418:35391.00257475875;3576:35409.15663807228;3594:35413.39189209855;3945:35417.96036881114;2700:35435.34732924093;63:35448.96365746653;3449:35488.626957068205;2864:35490.90923549803;3995:35494.45894569322;2863:35507.62491039418;419:35522.79086536367;331:35531.398611615776;2633:35552.267073301184;268:35555.30194857025;4068:35648.491450208836;4002:35650.368218705196;4067:35657.99454507545;2632:35661.927185309505;870:35681.15903427676
0,0,default_vehtype,route,False,-1000,34475.603711747615,35698.71334303612,34475.603711747615,0.0,199;-1;-1,1586;-1;-1,13253.939833095994,0.9968752940885951,0.9955499001052841,0.0,,0,59,1,,,199;3448;2864;3449;3450;2655;2579;2578;33;2585;3267;3268;130;56;3057;0;2580;3331;2534;3455;2618;2573;4;3028;2587;3026;3432;3033;3317;3406;1584;898;1585;1586,199:34475.603711747615;3448:34487.87511914529;2864:34498.00770142874;3449:34499.279779127435;3450:34500.55584074941;2655:34559.131445783445;2579:34705.29201461028;2578:34811.821845873535;33:34872.435023316815;2585:34906.32083292904;3267:35019.375092087925;3268:35060.5068643164;130:35092.408798603436;56:35095.98045577423;3057:35162.224754143164;0:35248.979358209865;2580:35268.02555914724;3331:35358.59213248734;2534:35376.35087635751;3455:35378.38116352133;2618:35409.80695466594;2573:35429.757363536715;4:35432.69318223166;3028:35488.47686331473;2587:35492.21955183185;3026:35543.92639063679;3432:35570.85722181455;3033:35589.807702347316;3317:35592.83489571419;3406:35595.61468625293;1584:35600.450320056516;898:35626.21063973072;1585:35690.586813767586;1586:35698.71334303612
0,0,default_vehtype,boarding,True,-1,35698.71334303612,35728.71334303612,35698.71334303612,0.0,1586;-1;-1,1586;-1;-1,0.0,0.9955499001052841,0.9955499001052841,0,,0,59,1,,59,,
0,7,default_vehtype,route,False,-1000,34980,35754.04317755744,34980,0,1586;-1;-1,2599;-1;-1,8545.518257463002,0.9701430247285356,0.969288472902789,0.0,,0,,0,,,1586;1585;898;1584;3406;3317;3033;3432;3026;2587;3028;4;2573;2618;3455;2534;3331;2580;0;3057;739;3679;691;3619;726;4021;3647;3799;3693;3648;724;3770;2868;2602;54;2591;55;2640;2639;3134;49;3116;3042;2599,1586:34980;1585:34997.21492826046;898:35005.63004955965;1584:35014.84478069912;3406:35015.634992586;3317:35015.95325875182;3033:35018.38105036681;3432:35045.89967619224;3026:35061.71607763501;2587:35119.82202725445;3028:35124.052903701726;4:35194.0438351817;2573:35201.38090261765;2618:35214.74217827293;3455:35263.54575495219;2534:35265.762911347105;3331:35303.31156999868;2580:35373.52825005222;0:35403.03271094845;3057:35447.30076530121;739:35478.64147511717;3679:35484.019666356755;691:35495.82026294486;3619:35514.58118889197;726:35523.977387436724;4021:35531.477203875715;3647:35540.768152382865;3799:35558.62195864273;3693:35568.755232610594;3648:35610.32653682128;724:35614.35340696007;3770:35619.54244269799;2868:35623.6671119527;2602:35639.77306941183;54:35653.9167969289;2591:35660.69625937323;55:35661.552772933865;2640:35664.22308358673;2639:35688.16921663712;3134:35700.78037109544;49:35703.10039550531;3116:35706.37586033184;3042:35751.17010672664;2599:35754.04317755744
0,5,default_vehtype,boarding,True,34920,35681.15903427676,35777.1536328703,35681.15903427676,0.0,870;-1;-1,870;-1;-1,0.0,0.8485443369743434,0.8485443369743434,0,,0,69,1,69,,,
0,6,default_vehtype,route,False,-1000,34430.24112535974,35782.772831968025,34430.24112535974,0.0,3511;-1;-1,3432;-1;-1,16129.264833759002,0.9280905233741484,0.9264775968907724,0.0,,0,61,1,,,3511;411;2684;3946;3519;2911;3520;2292;1081;1850;1825;1826;2330;2473;1329;820;1797;454;825;2412;1455;340;718;3819;1277;1698;2127;2365;1415;2231;3473;2435;3623;971;3439;3633;2590;3631;3636;3843;1169;1576;2367;2368;2369;1377;2215;782;1133;2818;2371;2819;2099;2100;1630;1564;3373;3232;3372;3371;2828;72;2665;2899;3233;73;3125;3076;3153;3074;3089;3091;3090;797;75;2642;3377;74;144;3375;9;2667;8;57;2568;58;27;3092;3892;3105;4057;4060;3891;2900;3542;2901;4062;4061;31;3299;1586;1585;898;1584;3406;3317;3033;3432,3511:34430.24112535974;411:34441.30630211397;2684:34463.54431328931;3946:34477.70863581508;3519:34479.93022774665;2911:34482.82768343718;3520:34487.68675043271;2292:34503.11947269979;1081:34523.25569430314;1850:34530.80373424362;1825:34539.96133228155;1826:34545.14246210002;2330:34553.93217173456;2473:34571.19821160418;1329:34575.194895876884;820:34589.12051538109;1797:34597.15978838336;454:34613.196537074175;825:34616.94954143423;2412:34624.47271711057;1455:34631.79624771426;340:34639.050254732276;718:34650.691973903486;3819:34682.73362019673;1277:34687.565500461875;1698:34762.673789695815;2127:34769.15103638799;2365:34781.64603981443;1415:34793.693841456115;2231:34799.12296604237;3473:34802.119020225975;2435:34807.034595740464;3623:34823.41597212109;971:34825.02120339565;3439:34826.247411431475;3633:34828.86495822431;2590:34847.857978741675;3631:34893.134213344674;3636:34899.63487189481;3843:34900.677404174174;1169:34916.08905754456;1576:34921.414546758126;2367:34937.658196442986;2368:34941.23395020656;2369:34943.19610714265;1377:34946.585481332564;2215:35001.46169667077;782:35006.10284000428;1133:35020.870278251175;2818:35057.739899986635;2371:35066.89793373692;2819:35100.03215875329;2099:35108.732505802516;2100:35111.64009033324;1630:35152.05032609035;1564:35161.42917891985;3373:35196.181619228206;3232:35200.2708647706;3372:35201.966546116535;3371:35203.76357427146;2828:35206.815854734275;72:35213.09373519317;2665:35252.408120441134;2899:35256.272877947304;3233:35257.928918143116;73:35265.258691662886;3125:35277.15283530364;3076:35278.468658844846;3153:35284.53733861241;3074:35296.28110320341;3089:35303.55896011199;3091:35321.30161271129;3090:35324.6633390057;797:35343.53833067873;75:35345.969602218676;2642:35361.56335613247;3377:35369.6195605953;74:35370.723846103894;144:35372.842693870625;3375:35375.28736865362;9:35387.32262321332;2667:35395.22134921962;8:35438.769567725976;57:35477.978121043256;2568:35485.360326663904;58:35500.271838320405;27:35508.37808699767;3092:35524.20225429917;3892:35537.12588417697;3105:35538.491632267374;4057:35550.01927022279;4060:35551.139957250234;3891:35586.90908700927;2900:35608.19772215115;3542:35643.6588578891;2901:35644.51423494675;4062:35677.79286053143;4061:35678.35483907798;31:35707.39919760851;3299:35750.39661166289;1586:35753.239982665626;1585:35756.15170706762;898:35759.52825439429;1584:35760.41501613388;3406:35761.26333189681;3317:35762.59615747258;3033:35765.63908624506;3432:35782.772831968025
0,6,default_vehtype,boarding,True,-1,35782.772831968025,35812.772831968025,35782.772831968025,0.0,3432;-1;-1,3432;-1;-1,0.0,0.9264775968907724,0.9264775968907724,0.0,,0,61,1,,61,,
0,9,default_vehtype,route,False,-1000,34740.0,35816.83352608717,34740.0,0.0,2098;-1;-1,189;-1;-1,7865.364274889996,0.5730662635164275,0.5722797270889386,0.0,,0,,0,,,2098;2819;2371;2818;2160;1462;2112;783;2149;2370;2353;1380;1381;243;1382;3609;1383;2935;3608;3846;2078;685;1838;908;2630;3731;3729;2546;2545;3587;3724;1946;2077;3225;62;3223;3219;1704;3220;3218;3216;1808;3614;3808;3929;3690;723;1197;1640;1809;2623;1362;1810;1811;1104;1878;189,2098:34740;2819:34746.8523646764;2371:34757.06534584223;2818:34758.53067268566;2160:34763.03733329522;1462:34768.4879693876;2112:34773.692804066326;783:34783.01192709452;2149:34787.689692899636;2370:34796.27651724911;2353:34808.325274310446;1380:34811.41775300725;1381:34836.475359028205;243:34842.203060981825;1382:34850.59771304481;3609:34852.725235996506;1383:34854.97467612878;2935:34864.431955183354;3608:34867.00264449636;3846:34869.92596060256;2078:34872.72814355247;685:34885.36580667904;1838:34908.993559751565;908:34911.29253553751;2630:34935.30830490618;3731:34944.03397558163;3729:34947.88486420847;2546:34950.173798825424;2545:34972.62897406282;3587:34976.2332706996;3724:34977.80596918403;1946:35007.24758092855;2077:35024.51255082942;3225:35084.1409681978;62:35095.75713231977;3223:35106.64264543181;3219:35111.64873116658;1704:35118.651124665346;3220:35121.645270948255;3218:35126.26178556045;3216:35237.48119205761;1808:35240.20213146575;3614:35246.54524683684;3808:35261.03961942429;3929:35270.014746131106;3690:35350.50711657125;723:35361.519454299734;1197:35387.84833312944;1640:35427.523986440676;1809:35487.79330925556;2623:35518.16253186977;1362:35547.87234936909;1810:35574.0022783584;1811:35647.32873897048;1104:35661.937283604784;1878:35811.10034450761;189:35816.83352608717
0,9,default_vehtype,boarding,True,34740,35816.83352608717,35817.47530416702,35816.83352608717,0.0,189;-1;-1,189;-1;-1,0.0,0.5722797270889386,0.5722797270889386,0.0,,0,67,1,67,,,
0,7,default_vehtype,boarding,True,34980,35754.04317755744,35828.535149505195,35754.04317755744,0.0,2599;-1;-1,2599;-1;-1,0.0,0.969288472902789,0.969288472902789,0,,0,70,1,70,,,
0,8,default_vehtype,route,False,-1000,35301.21077448235,35874.00791866639,35301.21077448235,0.0,3562;-1;-1,2003;-1;-1,2575.50546441,0.9797157506573867,0.979458200110945,0.0,,0,,0,,,3562;4026;2208;1880;2403;2503;2026;2397;1987;2423;3660;1664;2373;2180;2003,3562:35301.21077448235;4026:35380.96958238061;2208:35388.401193640835;1880:35488.944127277704;2403:35527.94201212329;2503:35571.179913670356;2026:35639.1596315579;2397:35647.587344367865;1987:35656.517544011025;2423:35677.34108004218;3660:35808.89815521909;1664:35825.57346449946;2373:35838.147948136706;2180:35871.794572586135;2003:35874.00791866639
0,8,default_vehtype,boarding,True,35040,35874.00791866639,35874.6931584121,35874.00791866639,0.0,2003;-1;-1,2003;-1;-1,0.0,0.979458200110945,0.979458200110945,0.0,,0,71,1,71,,,
0,2,default_vehtype,out_of_service,True,-1,25190,36000,25190,0,19;-1;-1,19;-1;-1,0.0,1.0,1.0,0,,0,,0,,,,
0,3,default_vehtype,out_of_service,True,-1,25190,36000,25190,0,8;-1;-1,8;-1;-1,0.0,1.0,1.0,0,,0,,0,,,,
0,1,default_vehtype,out_of_service,True,-1,25190,36000,25190,0,1990;-1;-1,1990;-1;-1,0.0,1.0,1.0,0,,0,,0,,,,
0,11,default_vehtype,route,False,-1000,35580.34934931248,36020.67863652808,35580.34934931248,0.0,3702;-1;-1,1315;-1;-1,4249.5079806899985,0.6008161784355607,0.6003912276374916,0.0,,0,,0,,,3702;3502;3501;2103;2258;627;3981;641;684;3976;1929;1074;2872;2977;2966;2982;1077;2692;1935;755;1009;2187;1895;395;1571;2186;892;1582;2949;796;2148;2185;306;798;219;1316;1315,3702:35580.34934931248;3502:35589.375622453284;3501:35591.078470614906;2103:35598.85246620364;2258:35610.88622201804;627:35615.1364846082;3981:35615.67110843493;641:35661.55555936106;684:35666.716196494104;3976:35684.186366518006;1929:35697.54830898682;1074:35707.64783226203;2872:35708.76349568775;2977:35739.92489218061;2966:35747.978243644546;2982:35761.55600607698;1077:35770.55832277665;2692:35772.02215648438;1935:35811.49728549848;755:35839.97352520767;1009:35850.18164824119;2187:35857.92436547156;1895:35863.718876360974;395:35873.07324195959;1571:35890.63232385563;2186:35904.697130392036;892:35906.81797281216;1582:35911.99654324851;2949:35923.48331148865;796:35933.65336953419;2148:35936.0676786358;2185:35938.82465952446;306:35946.461852829365;798:36007.23561623755;219:36011.90122626522;1316:36017.73815128038;1315:36020.67863652808
0,0,default_vehtype,route,False,-1000,36120,36150,36120,0,1586;-1;-1,1585;898;0.395,130.1194035031038,0.9955499001052841,0.9955368881649337,0.0,,0,,0,,,1586;1585,1586:36120;1585:36138.27349057296
0,5,default_vehtype,route,False,-1000,35777.1536328703,36256.90075226108,35777.1536328703,0.0,870;-1;-1,3562;-1;-1,3292.1717104120016,0.8485443369743434,0.8482151198033023,0.0,,0,69,1,,,870;2632;4004;3750;3749;3684;2867;421;422;423;2687;3680;2675;3150;3666;3115;3427;4069;833;327;3564;3566;3565;3563;3562,870:35777.1536328703;2632:35839.22141369357;4004:35841.895769500785;3750:35887.23300746498;3749:35893.118656874125;3684:35902.96672952906;2867:35906.013494981424;421:35908.487116444754;422:35965.79397428888;423:36010.1895974159;2687:36025.012363735055;3680:36072.82203374667;2675:36074.88529740146;3150:36103.230666047246;3666:36132.892172192805;3115:36136.14475945391;3427:36177.449198262206;4069:36187.78739467959;833:36189.937461603;327:36230.96194306536;3564:36248.16955355654;3566:36250.04263331951;3565:36251.357807963876;3563:36255.37646267177;3562:36256.90075226108
0,11,default_vehtype,boarding,True,35400,36020.67863652808,36278.304279510165,36020.67863652808,0.0,1315;-1;-1,1315;-1;-1,0.0,0.6003912276374916,0.6003912276374916,0,,0,75,1,75,,,
0,5,default_vehtype,boarding,True,-1,36256.90075226108,36286.90075226108,36256.90075226108,0.0,3562;-1;-1,3562;-1;-1,0.0,0.8482151198033023,0.8482151198033023,0,,0,69,1,,69,,
0,5,default_vehtype,route,False,-1000,36286.90075226108,36453.45573332937,36286.90075226108,0.0,3562;-1;-1,3672;-1;-1,1347.0588890430001,0.8482151198033023,0.8480804139143979,0.0,,0,,0,,,3562;3563;3561;3564;327;326;830;831;832;3400;997;2305;1889;2279;2156;3421;3423;3424;265;3672,3562:36286.90075226108;3563:36289.99767663146;3561:36293.6488478445;3564:36297.14387672115;327:36326.22395456046;326:36334.93767346201;830:36341.580554266926;831:36361.45919180058;832:36379.11608898736;3400:36381.953542650335;997:36391.75752376049;2305:36394.203588749355;1889:36403.21074244756;2279:36406.275895985884;2156:36429.9307166399;3421:36434.91321141354;3423:36437.52746278895;3424:36442.42453093027;265:36444.02691791974;3672:36453.45573332937
0,5,default_vehtype,boarding,True,35760,36453.45573332937,36583.79153498376,36453.45573332937,0.0,3672;-1;-1,3672;-1;-1,0.0,0.8480804139143979,0.8480804139143979,0,,0,82,1,82,,,
0,7,default_vehtype,route,False,-1000,35828.535149505195,36807.27066627545,35828.535149505195,0.0,2599;-1;-1,3691;-1;-1,7833.100025886998,0.969288472902789,0.9685051629002004,0.0,,0,70,1,,,2599;3042;3116;49;3134;2639;2640;55;2591;3329;45;3931;39;3269;2584;2635;3335;3389;2627;2624;3969;3753;2623;1809;1640;1197;723;3690;3929;722;3692;3691,2599:35828.535149505195;3042:35829.80695832754;3116:35847.218984343126;49:35851.29867847755;3134:35852.32579196744;2639:35864.87896853462;2640:35880.31730701954;55:35888.565570063525;2591:35889.290178066134;3329:35899.30842409821;45:35944.4231947431;3931:35961.628573442875;39:36013.688696207006;3269:36081.400296692715;2584:36217.787651966515;2635:36242.818622839455;3335:36295.31581344153;3389:36335.185863594976;2627:36376.93592482508;2624:36417.79902994384;3969:36453.10365139655;3753:36457.11336362205;2623:36483.67903757448;1809:36518.72411742213;1640:36592.228297151305;1197:36659.18887181071;723:36691.73170645742;3690:36705.426379188044;3929:36787.539131709964;722:36800.846434578474;3692:36802.916963054195;3691:36807.27066627545
0,7,default_vehtype,boarding,True,-1,36807.27066627545,36837.27066627545,36807.27066627545,0.0,3691;-1;-1,3691;-1;-1,0.0,0.9685051629002004,0.9685051629002004,0,,0,70,1,,70,,
0,8,default_vehtype,route,False,-1000,35874.6931584121,36841.271842371454,35874.6931584121,0.0,2003;-1;-1,1736;-1;-1,7205.21504183,0.979458200110945,0.9787376786067608,0.0,,0,71,1,,,2003;2180;2373;1426;2374;2443;2405;1278;852;2404;2269;1242;2240;2429;578;1135;2289;868;431;430;429;2596;1;3272;71;56;3057;739;3640;132;160;740;741;742;743;744;745;746;747;1736,2003:35874.6931584121;2180:35878.04337317269;2373:35912.60669588595;1426:35923.76729502627;2374:35972.44641038631;2443:35979.19895817571;2405:35991.78363239905;1278:36010.17521237864;852:36058.20916220712;2404:36077.77786165837;2269:36083.54318869735;1242:36098.603919578374;2240:36105.53663162006;2429:36125.994892316776;578:36148.315505092345;1135:36269.721884891114;2289:36301.509372468565;868:36308.569611024104;431:36335.518939309615;430:36353.141114061684;429:36377.824307889896;2596:36395.14490867276;1:36427.28273579304;3272:36450.177922776624;71:36503.554309789186;56:36526.70747501678;3057:36564.265244238355;739:36575.30391190563;3640:36586.55222636971;132:36593.047235165475;160:36598.15451582846;740:36640.372374375096;741:36663.31436733805;742:36672.954721976166;743:36684.31458944887;744:36697.686434562114;745:36768.84792117565;746:36800.33264096963;747:36826.50947462589;1736:36841.271842371454
0,8,default_vehtype,boarding,True,-1,36841.271842371454,36871.271842371454,36841.271842371454,0.0,1736;-1;-1,1736;-1;-1,0.0,0.9787376786067608,0.9787376786067608,0,,0,71,1,,71,,
0,10,default_vehtype,route,False,-1000,35424.76324364286,36891.48940060211,35424.76324364286,0.0,4050;-1;-1,1587;-1;-1,8817.594121607008,0.7940390647207043,0.7931573053085443,0.0,,0,65,1,,,4050;236;214;1518;265;3672;1517;3425;3426;3427;3115;3313;3665;2347;2252;3762;1492;335;3110;2637;2638;2583;3349;3351;334;988;387;1483;2669;3102;2677;3780;2676;1481;1480;84;107;105;3839;3840;24;23;3122;2536;2762;2595;4076;3487;3557;3155;1450;1588;2834;1587,4050:35424.76324364286;236:35442.77310424434;214:35478.91727458947;1518:35537.34590532664;265:35554.89583878329;3672:35561.5262367884;1517:35670.080551240324;3425:35674.231248943404;3426:35688.27931821683;3427:35721.65776715195;3115:35755.02976294757;3313:35795.93873893432;3665:35799.86263395194;2347:35906.41437095512;2252:35927.45361510748;3762:35939.492916053525;1492:35948.58851774511;335:35953.04637644092;3110:35996.002083800864;2637:36038.33450348413;2638:36041.90475442611;2583:36065.956188753175;3349:36123.79434214686;3351:36128.37485369841;334:36130.56676756617;988:36192.422598613826;387:36238.31883718144;1483:36342.901986376135;2669:36459.42786651812;3102:36461.363099243616;2677:36467.55105554888;3780:36505.34205731138;2676:36534.150642924;1481:36586.417199753174;1480:36621.53908172065;84:36640.97775773023;107:36651.18326731162;105:36656.866999206126;3839:36670.59579940621;3840:36683.02709214039;24:36718.99636473023;23:36720.798244502825;3122:36731.987747775085;2536:36751.4429608772;2762:36760.895182608685;2595:36789.83496605297;4076:36793.635763523605;3487:36811.28463754355;3557:36812.65073269242;3155:36817.204507709765;1450:36819.131564742456;1588:36828.33092123032;2834:36885.76222987418;1587:36891.48940060211
0,10,default_vehtype,boarding,True,-1,36891.48940060211,36921.48940060211,36891.48940060211,0.0,1587;-1;-1,1587;-1;-1,0.0,0.7931573053085443,0.7931573053085443,0,,0,65,1,,65,,
0,6,default_vehtype,route,False,-1000,36000,36975.24988435388,36000,0,3432;-1;-1,2224;-1;-1,10943.448902660006,0.9264775968907724,0.9253832520005062,0.0,,0,,0,,,3432;3026;2587;3028;4;2573;2618;3455;2534;3331;2580;0;3057;56;71;3272;1;2596;429;3112;4030;4031;3862;4032;1888;2403;2503;2345;358;2372;2689;1664;2373;2180;1997;2224,3432:36000;3026:36020.04199449314;2587:36036.17499304184;3028:36042.932524341566;4:36067.50747397768;2573:36071.861134763785;2618:36118.23993635894;3455:36199.93881983675;2534:36202.81455193798;3331:36219.31579177979;2580:36292.59085337897;0:36391.90833275737;3057:36423.92693671114;56:36459.3584904189;71:36551.77709204842;3272:36595.588244980194;1:36629.60327646081;2596:36646.66750875898;429:36666.926622339684;3112:36679.9708625632;4030:36727.73931571801;4031:36729.88879841568;3862:36731.42247613778;4032:36733.00023945938;1888:36750.2925901691;2403:36765.6967552596;2503:36851.70430063088;2345:36854.27088144848;358:36882.19014974493;2372:36884.095048157804;2689:36897.254588683885;1664:36906.75777518196;2373:36914.77428298837;2180:36938.739693588446;1997:36943.69036834517;2224:36975.24988435388
0,0,default_vehtype,route,False,-1000,36180.0,36992.795244922556,36180.0,0.0,1585;898;0.395,3562;-1;-1,11088.142291861897,0.9955368881649337,0.994428073935747,0.0,,0,,0,,,1585;898;1584;3406;3317;3033;3432;3026;2587;3028;4;2573;2618;3455;2534;3331;2580;0;3057;739;3640;160;132;3271;3270;104;2714;3053;2715;172;3771;428;427;3568;3314;3567;3566;3565;3563;3562,1585:36180;898:36197.941346437205;1584:36203.83342191226;3406:36204.269705929204;3317:36204.5884218736;3033:36208.92653555802;3432:36219.74896730772;3026:36238.40582639665;2587:36261.36340415145;3028:36267.56776713715;4:36279.60912747779;2573:36285.83944351487;2618:36302.93067756048;3455:36393.471697984874;2534:36396.347430086105;3331:36412.84866992791;2580:36486.12373152709;0:36585.44121090549;3057:36617.45981485926;739:36628.498482526535;3640:36639.74679699062;160:36643.90124717602;132:36644.80193242427;3271:36649.41391313578;3270:36681.09902517428;104:36711.46392930353;2714:36750.239018793436;3053:36774.61750517883;2715:36816.87831047668;172:36821.822319940904;3771:36826.479171562896;428:36866.11744384784;427:36897.60924440544;3568:36926.39258999339;3314:36929.46919150796;3567:36931.43035847233;3566:36985.370579646195;3565:36986.15124493586;3563:36989.33684631561;3562:36992.795244922556
0,6,default_vehtype,boarding,True,36000,36975.24988435388,36998.9933450703,36975.24988435388,0.0,2224;-1;-1,2224;-1;-1,0.0,0.9253832520005062,0.9253832520005062,0.0,,0,84,1,84,,,
0,0,default_vehtype,boarding,True,36180,36992.795244922556,37002.02704517344,36992.795244922556,0.0,3562;-1;-1,3562;-1;-1,0.0,0.994428073935747,0.994428073935747,0.0,,0,89,1,89,,,
0,8,default_vehtype,route,False,-1000,36871.271842371454,37009.101225878716,36871.271842371454,0.0,1736;-1;-1,1503;-1;-1,733.35409782,0.9787376786067608,0.9786643431969787,0.0,,0,,0,,,1736;747;544;748;2155;1503,1736:36871.271842371454;747:36887.29783212278;544:36917.29870531157;748:36962.48740312235;2155:36998.024212853205;1503:37009.101225878716
0,8,default_vehtype,boarding,True,36600,37009.101225878716,37016.022660127746,37009.101225878716,0.0,1503;-1;-1,1503;-1;-1,0.0,0.9786643431969787,0.9786643431969787,0,,0,92,1,92,,,
0,11,default_vehtype,route,False,-1000,36278.304279510165,37087.990860813945,36278.304279510165,0.0,1315;-1;-1,3562;-1;-1,4940.142416889001,0.6003912276374916,0.5998972133958025,0.0,,0,75,1,,,1315;1316;219;220;221;222;223;224;225;4023;226;227;228;229;230;231;232;233;234;1261;2319;236;214;3419;3420;3422;3424;3425;3426;1616;4069;833;327;3564;3566;3565;3563;3562,1315:36278.304279510165;1316:36294.9820834608;219:36309.67649880169;220:36321.80543829868;221:36338.83629592177;222:36368.724729291884;223:36397.080766608124;224:36415.773287896096;225:36443.20968549817;4023:36484.54814571872;226:36491.24294408518;227:36527.684475225775;228:36550.625985502666;229:36598.72168136393;230:36663.01796226809;231:36710.954045650826;232:36713.076172934954;233:36728.173384600144;234:36736.19256576963;1261:36760.61904072608;2319:36767.461346954435;236:36773.61172767855;214:36798.96576771685;3419:36802.39770199069;3420:36829.0440760002;3422:36861.91649692182;3424:36873.274230844065;3425:36913.40203921426;3426:36922.826059067855;1616:36937.08728788723;4069:36963.62007075311;833:36971.210237353225;327:37032.948707381554;3564:37074.132027448846;3566:37080.56619553758;3565:37081.34686082725;3563:37084.532462207;3562:37087.990860813945
0,11,default_vehtype,boarding,True,-1,37087.990860813945,37117.990860813945,37087.990860813945,0.0,3562;-1;-1,3562;-1;-1,0.0,0.5998972133958025,0.5998972133958025,0,,0,75,1,,75,,
0,7,default_vehtype,route,False,-1000,36837.27066627545,37192.31322954039,36837.27066627545,0.0,3691;-1;-1,2455;-1;-1,3470.6817402599995,0.9685051629002004,0.9681580947261741,0.0,,0,,0,,,3691;3212;1545;2859;3211;504;3208;2698;3845;2656;2701;197;198;199;1390;737;4066;731;842;1758;2455,3691:36837.27066627545;3212:36844.78226847862;1545:36873.34553656155;2859:36874.51056490643;3211:36918.915679970734;504:36937.84452505518;3208:36947.91950666996;2698:36965.28458413293;3845:37018.33170784957;2656:37059.9015772006;2701:37073.920994692126;197:37077.536994578426;198:37083.46579166132;199:37104.34946457757;1390:37111.07511930667;737:37123.45052742045;4066:37138.07713816947;731:37140.75511944962;842:37175.20078303572;1758:37182.424460508264;2455:37192.31322954039
0,7,default_vehtype,boarding,True,36600,37192.31322954039,37212.95993442757,37192.31322954039,0.0,2455;-1;-1,2455;-1;-1,0.0,0.9681580947261741,0.9681580947261741,0.0,,0,91,1,91,,,
0,9,default_vehtype,route,False,-1000,35817.47530416702,37215.60371676461,35817.47530416702,0.0,189;-1;-1,3044;-1;-1,8342.410492246003,0.5722797270889386,0.571445486039715,0.0,,0,67,1,,,189;1878;1104;1811;1810;1362;2623;1809;1640;1197;991;3972;3971;1611;2337;2336;558;1643;476;2335;3704;3207;3210;3967;2334;2697;504;3646;2824;2178;1872;1198;2333;1251;1566;1768;1189;2025;2048;895;774;2332;2331;2330;2329;2153;2896;3289;2895;644;3290;3291;3834;3159;932;3836;2267;377;2328;2327;3129;3128;1723;3130;1293;2070;1024;2043;3849;1844;1843;115;3953;123;2457;3044,189:35817.47530416702;1878:35826.94913145661;1104:35875.063345787974;1811:35924.52832813584;1810:36044.59841733704;1362:36074.98124492158;2623:36128.34689262474;1809:36163.39197247238;1640:36236.89615220156;1197:36303.85672686096;991:36377.8581676967;3972:36378.55214026026;3971:36488.021789912265;1611:36489.43167152141;2337:36533.28503222777;2336:36569.63172229233;558:36585.92793123613;1643:36607.19379657065;476:36627.144560777655;2335:36684.862362663654;3704:36700.557610465534;3207:36701.7655994794;3210:36705.85155858829;3967:36707.72311172423;2334:36709.65607816113;2697:36718.752361782565;504:36724.17748841533;3646:36725.77937337656;2824:36727.718263471725;2178:36747.630781809;1872:36755.13710556411;1198:36758.885374257625;2333:36766.706584449836;1251:36798.57495552094;1566:36804.42344678726;1768:36806.26916956816;1189:36812.100755379295;2025:36818.30790786647;2048:36824.88659622756;895:36834.58940403275;774:36851.41794600578;2332:36881.34935598947;2331:36895.02459081008;2330:36911.5809356987;2329:36947.39282177264;2153:36956.74203912672;2896:36966.75935092423;3289:36988.95789825232;2895:36992.132107017416;644:36993.740931786924;3290:36997.78747043585;3291:37001.37650639962;3834:37028.015670716;3159:37033.026286723485;932:37034.54878028329;3836:37037.625866810406;2267:37054.79583249316;377:37072.77875850125;2328:37079.104453079315;2327:37084.75213683952;3129:37091.16005022956;3128:37100.02377738683;1723:37102.37144547347;3130:37111.33971788971;1293:37113.0860343842;2070:37125.575462643836;1024:37133.28530837007;2043:37160.99181543989;3849:37166.776103829936;1844:37177.70527655612;1843:37181.74876708352;115:37189.99209744387;3953:37192.683790345945;123:37195.80835289778;2457:37210.767134350666;3044:37215.60371676461
0,9,default_vehtype,boarding,True,-1,37215.60371676461,37245.60371676461,37215.60371676461,0.0,3044;-1;-1,3044;-1;-1,0.0,0.571445486039715,0.571445486039715,0,,0,67,1,,67,,
0,6,default_vehtype,route,False,-1000,36998.9933450703,37369.943004565976,36998.9933450703,0.0,2224;-1;-1,3562;-1;-1,2217.3377987100007,0.9253832520005062,0.9251615182206352,0.0,,0,84,1,,,2224;2223;2203;2497;2372;358;2345;2503;2403;1880;2208;4026;3562,2224:36998.9933450703;2223:37035.832146353045;2203:37066.907407605744;2497:37088.20287393597;2372:37125.374989306845;358:37128.5538650041;2345:37153.90407332303;2503:37175.2901566209;2403:37188.66017940064;1880:37236.99735445434;2208:37281.98797734677;4026:37303.997736409714;3562:37369.943004565976
0,6,default_vehtype,boarding,True,-1,37369.943004565976,37399.943004565976,37369.943004565976,0.0,3562;-1;-1,3562;-1;-1,0.0,0.9251615182206352,0.9251615182206352,0,,0,84,1,,84,,
0,1,default_vehtype,route,False,-1000,36840,37453.005604541315,36840,0,1990;-1;-1,2823;-1;-1,6001.787434010002,1.0,0.9993998212565988,0.0,,0,,0,,,1990;3340;1461;1914;3382;1909;3742;1544;1510;3342;1944;3164;1977;1184;3231;2958;1447;3452;2790;2789;2792;2793;29;2796;2797;2798;2801;4046;2800;3867;3866;3360;2805;3127;2806;3288;2807;2808;94;2810;2815;2813;3634;3439;3633;2590;3631;2554;3440;3438;3625;2934;863;864;791;865;866;3526;2823,1990:36840;3340:36845.716875873295;1461:36848.014348033284;1914:36883.740748774246;3382:36893.727360410514;1909:36897.46022676177;3742:36898.206549762544;1544:36911.58436659979;1510:36926.68047646566;3342:36935.36723464092;1944:36936.78916996529;3164:36962.15617206256;1977:36969.51366628906;1184:36978.53542925449;3231:36985.17775453026;2958:36989.70839319291;1447:36990.504498378716;3452:36992.5576340181;2790:36999.32855618348;2789:37006.692185892396;2792:37014.34311856779;2793:37023.98965598339;29:37034.944094364364;2796:37043.31004877896;2797:37055.58101044525;2798:37063.58943899017;2801:37073.86405441372;4046:37090.112992490795;2800:37092.08159676278;3867:37092.68597301263;3866:37093.76257698089;3360:37096.62940972557;2805:37115.66461478851;3127:37132.64782390596;2806:37134.71780392673;3288:37155.9934433444;2807:37158.53502634806;2808:37160.531512281246;94:37162.13714165174;2810:37178.20286402273;2815:37186.210617468554;2813:37201.97400027515;3634:37222.08698008898;3439:37225.071163156645;3633:37228.414268299304;2590:37250.39277752279;3631:37280.38395469281;2554:37291.758967726266;3440:37294.90447472627;3438:37298.80145378345;3625:37301.54443222603;2934:37312.8520404859;863:37326.96995509781;864:37349.25082778419;791:37357.90018045137;865:37370.67513148494;866:37417.82815221006;3526:37433.95923199737;2823:37453.005604541315
0,1,default_vehtype,boarding,True,36840,37453.005604541315,37499.46936505196,37453.005604541315,0.0,2823;-1;-1,2823;-1;-1,0.0,0.9993998212565988,0.9993998212565988,0,,0,95,1,95,,,
0,2,default_vehtype,route,False,-1000,37500,37530,37500,0,19;-1;-1,4058;3888;0.160,135.40719853556462,1.0,0.9999864592801465,0.0,,0,,0,,,19;4059;4058,19:37500;4059:37516.07507711353;4058:37518.61303982364
0,0,default_vehtype,route,False,-1000,37002.02704517344,37592.156754473115,37002.02704517344,0.0,3562;-1;-1,1722;-1;-1,5259.168984060002,0.994428073935747,0.9939021570373411,0.0,,0,89,1,,,3562;328;3314;2716;2715;3053;2917;3414;1015;2916;3413;3412;3462;1521;3695;3411;3959;3960;569;570;856;857;858;859;860;1722,3562:37002.02704517344;328:37004.336215998934;3314:37057.734974288665;2716:37087.20449062668;2715:37140.934329829935;3053:37166.025386940564;2917:37270.57990980525;3414:37346.08328022366;1015:37367.389335311076;2916:37384.54042953504;3413:37386.26822975057;3412:37404.81790901094;3462:37405.89144197122;1521:37422.98163496943;3695:37430.84797938783;3411:37439.186851056045;3959:37448.80500054966;3960:37449.32830677063;569:37498.777985451205;570:37506.310523486456;856:37524.66509608134;857:37537.01350729104;858:37540.648070931165;859:37573.278214558595;860:37589.61020002437;1722:37592.156754473115
0,0,default_vehtype,boarding,True,-1,37592.156754473115,37622.156754473115,37592.156754473115,0.0,1722;-1;-1,1722;-1;-1,0.0,0.9939021570373411,0.9939021570373411,0,,0,89,1,,89,,
0,11,default_vehtype,route,False,-1000,37117.990860813945,37677.55056424839,37117.990860813945,0.0,3562;-1;-1,1786;-1;-1,3466.04690242,0.5998972133958025,0.5995506087055602,0.0,,0,,0,,,3562;328;3314;2716;2715;3054;3112;430;431;432;433;434;248;2668;2882;2601;2733;2732;1342;1786,3562:37117.990860813945;328:37120.30003163944;3314:37173.69878992917;2716:37203.16830626719;2715:37256.89814547044;3054:37271.96304066851;3112:37294.662626666606;430:37314.49195609347;431:37333.54214134542;432:37351.83566812778;433:37429.96445881012;434:37477.509653138586;248:37539.91129819933;2668:37560.30956180682;2882:37584.49894159923;2601:37611.43312048254;2733:37624.93801170145;2732:37625.849697548125;1342:37661.12037574196;1786:37677.55056424839
0,11,default_vehtype,boarding,True,36720,37677.55056424839,37717.67448790687,37677.55056424839,0.0,1786;-1;-1,1786;-1;-1,0.0,0.5995506087055602,0.5995506087055602,0,,0,93,1,93,,,
0,3,default_vehtype,route,False,-1000,36780,37767.16233085543,36780,0,8;-1;-1,748;-1;-1,8240.500321817002,1.0,0.9991759499678184,0.0,,0,,0,,,8;2667;204;3039;3767;3766;3765;3764;3658;3659;3763;3038;3097;341;342;3143;1668;142;3573;3574;3551;3316;3657;2761;3144;3301;2537;3123;10;13;24;3840;3839;105;2837;3107;3182;1482;2669;1483;387;388;389;390;391;392;393;543;3183;544;748,8:36780;2667:36818.713850504486;204:36827.14546985141;3039:36837.71093793481;3767:36857.418158596396;3766:36860.31669899403;3765:36900.82914495685;3764:36931.29068732536;3658:36932.470795890076;3659:36947.66466805225;3763:36954.54088867691;3038:36973.12076467868;3097:36978.03807800989;341:37000.299241583365;342:37030.372728299444;3143:37045.88448354645;1668:37051.7075348608;142:37056.25585630001;3573:37059.483178410264;3574:37062.01767755863;3551:37068.0920692527;3316:37081.44033584295;3657:37082.1336562336;2761:37091.28820236795;3144:37097.37832891393;3301:37109.99936290131;2537:37112.05403211675;3123:37134.9203124998;10:37182.429530448266;13:37185.62369276581;24:37186.44207281896;3840:37223.00264707525;3839:37233.17056277665;105:37241.082012384555;2837:37341.80040872529;3107:37397.540416633456;3182:37419.85799059039;1482:37473.81666134034;2669:37475.79495735941;1483:37559.3337926922;387:37646.16894898503;388:37654.73071782396;389:37656.93571762704;390:37669.024236526035;391:37701.859452816665;392:37707.39197893676;393:37710.54740893988;543:37716.58014917301;3183:37722.05467695505;544:37741.44201759139;748:37767.16233085543
0,3,default_vehtype,boarding,True,36780,37767.16233085543,37878.569020049705,37767.16233085543,0.0,748;-1;-1,748;-1;-1,0.0,0.9991759499678184,0.9991759499678184,0,,0,94,1,94,,,
0,7,default_vehtype,route,False,-1000,37212.95993442757,37945.474864159354,37212.95993442757,0.0,2455;-1;-1,3475;-1;-1,4590.199417150004,0.9681580947261741,0.9676990747844582,0.0,,0,91,1,,,2455;841;840;737;4066;4048;732;733;734;419;2863;3119;268;4068;420;4003;3805;3446;2866;421;422;423;424;3203;3204;2675;3150;3666;3115;3313;3476;3477;3475,2455:37212.95993442757;841:37224.15450159174;840:37226.89044766077;737:37254.98291995438;4066:37269.609530703405;4048:37281.75767959564;732:37286.38728575528;733:37303.37390418528;734:37305.39154616837;419:37315.81474273062;2863:37342.58811236036;3119:37344.70974332341;268:37390.60030922802;4068:37461.34911461554;420:37464.88719906617;4003:37466.47745421997;3805:37477.79895953993;3446:37491.88712642203;2866:37526.85277181665;421:37529.61824907356;422:37657.54590149377;423:37691.0846021147;424:37738.16577000185;3203:37755.83681824865;3204:37756.86496024929;2675:37761.26194452173;3150:37787.669863174895;3666:37846.10467327061;3115:37850.02725893512;3313:37888.641691164084;3476:37915.19181216454;3477:37925.8555295919;3475:37945.474864159354
0,0,default_vehtype,route,False,-1000,37622.156754473115,37961.67247003004,37622.156754473115,0.0,1722;-1;-1,1028;-1;-1,2335.0306978740005,0.9939021570373411,0.9936686539675536,0.0,,0,,0,,,1722;1044;1043;4005;2390;2147;1912;1403;3932;1897;3653;1893;1898;1899;4007;1900;1138;1901;1478;1525;1526;1524;1028,1722:37622.156754473115;1044:37639.04030811492;1043:37653.77933317898;4005:37665.39968155876;2390:37677.879622093;2147:37714.29342826433;1912:37760.95165213911;1403:37771.52876907974;3932:37777.066109898726;1897:37783.39540628121;3653:37786.89459558285;1893:37788.82289825114;1898:37794.761300663085;1899:37797.73667117812;4007:37805.55923460184;1900:37805.81390995224;1138:37807.04611355468;1901:37816.10568612964;1478:37850.2251489527;1525:37865.89146487743;1526:37877.2645097255;1524:37921.59456457841;1028:37961.67247003004
0,0,default_vehtype,boarding,True,37380,37961.67247003004,37972.06665643807,37961.67247003004,0.0,1028;-1;-1,1028;-1;-1,0.0,0.9936686539675536,0.9936686539675536,0.0,,0,106,1,106,,,
0,7,default_vehtype,boarding,True,-1,37945.474864159354,37975.474864159354,37945.474864159354,0.0,3475;-1;-1,3475;-1;-1,0.0,0.9676990747844582,0.9676990747844582,0.0,,0,91,1,,91,,
0,8,default_vehtype,route,False,-1000,37016.022660127746,37975.18205753226,37016.022660127746,0.0,1503;-1;-1,427;-1;-1,3303.694878109991,0.9786643431969787,0.9783339737091676,0.0,,0,92,1,,,1503;2155;748;544;1408;2220;916;111;1092;615;616;617;618;3865;3864;512;2121;428;427,1503:37016.022660127746;2155:37084.73016530608;748:37092.16997171045;544:37136.05544416711;1408:37190.891512893875;2220:37205.23120351866;916:37235.57393093349;111:37237.44191034777;1092:37263.16947467425;615:37267.15421603182;616:37275.35001481345;617:37286.05103246178;618:37288.1070700387;3865:37294.380757499064;3864:37296.74577369409;512:37300.4671172401;2121:37329.70096818748;428:37948.00102858282;427:37975.18205753226
0,8,default_vehtype,boarding,True,-1,37975.18205753226,38005.18205753226,37975.18205753226,0.0,427;-1;-1,427;-1;-1,0.0,0.9783339737091676,0.9783339737091676,0,,0,92,1,,92,,
0,7,default_vehtype,route,False,-1000,37975.474864159354,38026.73226317111,37975.474864159354,0.0,3475;-1;-1,427;-1;-1,476.55278274,0.9676990747844582,0.9676514195061843,0.0,,0,,0,,,3475;3315;3567;3314;3568;427,3475:37975.474864159354;3315:37994.391152724675;3567:38004.51670789849;3314:38005.578641254375;3568:38007.54468600473;427:38026.73226317111
0,7,default_vehtype,boarding,True,37260,38026.73226317111,38091.36681861298,38026.73226317111,0.0,427;-1;-1,427;-1;-1,0.0,0.9676514195061843,0.9676514195061843,0,,0,103,1,103,,,
0,6,default_vehtype,route,False,-1000,37399.943004565976,38157.595079001156,37399.943004565976,0.0,3562;-1;-1,1923;-1;-1,5207.158761769001,0.9251615182206352,0.9246408023444584,0.0,,0,,0,,,3562;328;3565;3566;3567;3315;3475;3474;425;3477;3476;3313;3665;338;2670;3926;3150;2675;3204;3203;424;423;2687;2688;2906;2867;3684;3749;3750;3805;4003;420;4002;4067;2633;331;332;734;2384;2109;1758;1926;1925;1924;1923,3562:37399.943004565976;328:37401.45082810315;3565:37401.835749723;3566:37402.95608927567;3567:37464.785531489775;3315:37478.73216442512;3475:37489.284463212374;3474:37493.45010244477;425:37507.21245782756;3477:37516.64189702423;3476:37529.78442050157;3313:37547.92519275747;3665:37555.61307086061;338:37587.81034306571;2670:37591.96720441475;3926:37624.21080298868;3150:37628.01719881057;2675:37654.43786291771;3204:37654.70274700397;3203:37655.884063726044;424:37673.56999216324;423:37709.8529316896;2687:37713.97186553638;2688:37754.52884557378;2906:37832.54097628576;2867:37843.05198112904;3684:37846.48811176407;3749:37862.0960861045;3750:37880.319199480015;3805:37891.606919544225;4003:37900.44522355539;420:37903.052164036104;4002:37903.86896680315;4067:37906.549593088756;2633:37937.26787029468;331:37957.05931770452;332:38053.80155670958;734:38068.1269805452;2384:38078.43846362015;2109:38099.26919706838;1758:38110.888225833885;1926:38142.7500012471;1925:38147.92159792378;1924:38154.06346127192;1923:38157.595079001156
0,5,default_vehtype,route,False,-1000,36583.79153498376,38167.28094806242,36583.79153498376,0.0,3672;-1;-1,2846;-1;-1,7532.623065754009,0.8480804139143979,0.8473271516078239,0.0,,0,82,1,,,3672;265;3424;3425;3426;1616;4069;833;327;3564;3566;3565;328;3314;2716;428;3771;172;2596;1;3272;2526;2738;3328;2639;3134;49;3116;3042;3041;754;3590;3020;753;2594;3022;2593;752;1409;2846,3672:36583.79153498376;265:36589.32640681395;3424:36600.12112577052;3425:36632.17827151694;3426:36640.30068947473;1616:36647.31323580045;4069:36658.68023675031;833:36660.83030367373;327:36701.854785136085;3564:36719.06239562726;3566:36723.213427437855;3565:36723.994092727524;328:36725.644685614156;3314:36779.04344390389;2716:36808.512960241904;428:36815.535665462456;3771:36867.24536628838;172:36872.31122327044;2596:36891.00430439558;1:36942.13047773114;3272:36985.42623690782;2526:37033.74883216418;2738:37068.50995312134;3328:37073.7262159099;2639:37103.48072244292;3134:37126.907560089145;49:37128.803361040365;3116:37135.011930362394;3042:37176.363989137055;3041:37183.93625931369;754:37324.84336532573;3590:37936.95282638663;3020:37946.84067184354;753:37948.44842335615;2594:37952.897972145794;3022:37954.16726103538;2593:37962.71098870143;752:37999.70568700975;1409:38147.5375682585;2846:38167.28094806242
0,5,default_vehtype,boarding,True,-1,38167.28094806242,38197.28094806242,38167.28094806242,0.0,2846;-1;-1,2846;-1;-1,0.0,0.8473271516078239,0.8473271516078239,0,,0,82,1,,82,,
0,6,default_vehtype,boarding,True,37140,38157.595079001156,38231.97477408091,38157.595079001156,0.0,1923;-1;-1,1923;-1;-1,0.0,0.9246408023444584,0.9246408023444584,0,,0,102,1,102,,,
0,3,default_vehtype,route,False,-1000,37878.569020049705,38289.4197791596,37878.569020049705,0.0,748;-1;-1,427;-1;-1,1992.1873641999994,0.9991759499678184,0.9989767312313983,0.0,,0,94,1,,,748;544;1408;1407;3571;349;1406;1188;1405;3682;3987;427,748:37878.569020049705;544:37902.013210890174;1408:38003.21949570812;1407:38016.81521374178;3571:38019.58008513107;349:38081.227113228546;1406:38172.72527267339;1188:38193.68269501549;1405:38202.28047771726;3682:38222.227194233594;3987:38233.94635663575;427:38289.4197791596
0,9,default_vehtype,route,False,-1000,37260,38305.586954939026,37260,0,3044;-1;-1,3117;-1;-1,7429.57938814,0.571445486039715,0.5707025281009008,0.0,,0,,0,,,3044;3046;3045;3876;3043;399;400;401;3982;3986;3984;3985;402;403;3811;404;3618;405;406;3176;100;407;3991;408;3989;409;3512;410;3509;3979;3934;3813;3508;933;3617;3878;2995;2646;2654;2699;2656;2701;197;198;199;3449;3450;3119;268;4068;420;4003;3805;3446;2866;421;422;2688;614;764;2300;3117,3044:37260;3046:37284.751843370366;3045:37286.581191506586;3876:37288.52284147889;3043:37292.033294367735;399:37303.40557500307;400:37324.1198224229;401:37354.18905123933;3982:37357.04225198761;3986:37361.55109174029;3984:37362.71963885437;3985:37373.30696065201;402:37399.7764805924;403:37420.38020871403;3811:37444.69932746066;404:37446.90830819643;3618:37452.66421423072;405:37490.25177885089;406:37497.23826562066;3176:37504.01969304598;100:37508.154243022254;407:37509.981402214944;3991:37512.693493101826;408:37528.39730766654;3989:37534.58712140001;409:37544.49490291859;3512:37551.62933605198;410:37556.75415170902;3509:37560.62390674684;3979:37595.00533517131;3934:37603.84487275941;3813:37611.44840869272;3508:37627.376937652574;933:37631.587678594085;3617:37640.99474833138;3878:37692.33616572299;2995:37693.04501825193;2646:37729.95180620659;2654:37866.220775532325;2699:37893.228424665605;2656:37902.305116122036;2701:37921.674942998885;197:37924.09748727025;198:37927.248205960896;199:37953.25210522104;3449:37963.195021453044;3450:37969.90989831298;3119:38004.76209320415;268:38053.718571551384;4068:38134.17380427804;420:38137.49548036196;4003:38140.39948765614;3805:38151.220154300565;3446:38160.68955965568;2866:38180.602654366754;421:38181.84125933493;422:38232.02588404801;2688:38236.15973862962;614:38275.90521009258;764:38279.7856144883;2300:38297.757373821165;3117:38305.586954939026
0,3,default_vehtype,boarding,True,-1,38289.4197791596,38319.4197791596,38289.4197791596,0.0,427;-1;-1,427;-1;-1,0.0,0.9989767312313983,0.9989767312313983,0,,0,94,1,,94,,
0,1,default_vehtype,route,False,-1000,37499.46936505196,38330.84301148405,37499.46936505196,0.0,2823;-1;-1,3266;-1;-1,6237.947948180002,0.9993998212565988,0.9987760264617809,0.0,,0,95,1,,,2823;3226;67;3224;3582;2559;3221;3217;2558;2557;2556;1808;1840;792;2008;1502;459;3856;3855;787;795;723;1197;1640;1809;2623;3969;2624;2627;3389;3335;2635;2583;134;2637;2638;2582;2636;3266,2823:37499.46936505196;3226:37506.01472102128;67:37524.62849915929;3224:37541.59858202897;3582:37559.80492926821;2559:37561.185008167966;3221:37565.18582088069;3217:37576.301021534964;2558:37590.598576899734;2557:37623.9729502993;2556:37627.849631856;1808:37631.29788623232;1840:37651.19350216859;792:37660.484051333384;2008:37662.16087644671;1502:37668.275875252264;459:37670.67107395094;3856:37679.18908221699;3855:37684.380538810154;787:37688.54628552924;795:37723.10210970288;723:37727.33808615453;1197:37760.89566472802;1640:37796.13595989614;1809:37885.721365850484;2623:37910.9829232354;3969:37950.9554417218;2624:37969.85477614193;2627:37999.80340282003;3389:38022.14014445735;3335:38036.26645333664;2635:38111.972397657555;2583:38177.859124434544;134:38180.13136491578;2637:38217.406010307124;2638:38223.22257844179;2582:38284.29285080167;2636:38307.065122273525;3266:38330.84301148405
0,11,default_vehtype,route,False,-1000,37717.67448790687,38353.82779731481,37717.67448790687,0.0,1786;-1;-1,427;-1;-1,5110.655600079998,0.5995506087055602,0.5990395431455524,0.0,,0,93,1,,,1786;1342;1341;2672;2748;4077;3042;3116;49;50;2592;2591;3329;45;3931;3387;130;3268;3177;3178;3873;172;2715;2716;428;427,1786:37717.67448790687;1342:37722.93535854067;1341:37729.984020232;2672:37768.99666293287;2748:37787.56559828362;4077:37796.72925141411;3042:37810.2317060075;3116:37826.903079352676;49:37836.35980059531;50:37856.64420999285;2592:37871.65890979601;2591:37872.56145587358;3329:37878.15528142132;45:37899.46278679556;3931:37917.206087084385;3387:37927.996818200125;130:37944.36616956303;3268:38102.05686810977;3177:38129.79577125793;3178:38208.75342881674;3873:38250.69941282338;172:38265.53675717594;2715:38266.873044768116;2716:38323.89168938364;428:38326.64676836536;427:38353.82779731481
0,1,default_vehtype,boarding,True,-1,38330.84301148405,38360.84301148405,38330.84301148405,0.0,3266;-1;-1,3266;-1;-1,0.0,0.9987760264617809,0.9987760264617809,0,,0,95,1,,95,,
0,11,default_vehtype,boarding,True,-1,38353.82779731481,38383.82779731481,38353.82779731481,0.0,427;-1;-1,427;-1;-1,0.0,0.5990395431455524,0.5990395431455524,0,,0,93,1,,93,,
0,10,default_vehtype,route,False,-1000,37380,38401.35998209376,37380,0,1587;-1;-1,2001;-1;-1,7158.4601716570105,0.7931573053085443,0.7924414592913779,0.0,,0,,0,,,1587;2834;1588;3155;3557;3487;4076;2595;2762;2536;3122;23;24;13;43;3785;3312;41;106;107;105;2837;3107;3182;1482;2669;1483;387;2678;1546;2038;2014;1119;1120;1121;1122;1813;1812;361;1811;1104;1878;189;1887;2001,1587:37380;2834:37384.657817151456;1588:37394.1021727782;3155:37398.28058276;3557:37403.67195318765;3487:37404.91162792734;4076:37425.5926190337;2595:37429.699889413656;2762:37450.356359488615;2536:37467.668393893044;3122:37480.34590647431;23:37510.27151917923;24:37512.18453579149;13:37513.5049383192;43:37524.921756509946;3785:37537.766751434916;3312:37548.30631664225;41:37566.665177085866;106:37587.12784075709;107:37595.321031338266;105:37600.35637390035;2837:37668.37971550689;3107:37724.11972341505;3182:37746.43729737199;1482:37800.395968121935;2669:37802.374264141006;1483:37885.9130994738;387:37952.6672304835;2678:37954.566780200046;1546:37996.46465026374;2038:37999.80050021382;2014:38003.29361277379;1119:38013.77348931244;1120:38022.94385522529;1121:38027.01873114735;1122:38040.907862421765;1813:38051.61171685113;1812:38063.82436119751;361:38115.64019547393;1811:38149.14870797605;1104:38172.6501315471;1878:38361.682943475855;189:38363.04174737644;1887:38379.70275960383;2001:38401.35998209376
0,10,default_vehtype,boarding,True,37380,38401.35998209376,38418.730400010725,38401.35998209376,0.0,2001;-1;-1,2001;-1;-1,0.0,0.7924414592913779,0.7924414592913779,0,,0,105,1,105,,,
0,8,default_vehtype,route,False,-1000,38005.18205753226,38460.973038051634,38005.18205753226,0.0,427;-1;-1,1802;-1;-1,3508.6624175199995,0.9783339737091676,0.9779831074674149,0.0,,0,,0,,,427;428;3771;172;2596;1;3272;2526;2738;3328;2639;3134;2599;1226;1227;1802,427:38005.18205753226;428:38019.07739378028;3771:38079.57631973764;172:38082.74357974076;2596:38100.76483903618;1:38174.192047141274;3272:38185.02138866228;2526:38229.63716601805;2738:38293.81480774708;3328:38308.28431985365;2639:38347.392418235235;3134:38354.211279241325;2599:38402.49944821892;1226:38411.74490494316;1227:38423.86808826932;1802:38460.973038051634
0,3,default_vehtype,route,False,-1000,38400.0,38497.192636903426,38400.0,0.0,427;-1;-1,598;-1;-1,444.63830311999993,0.9989767312313983,0.9989322674010866,0.0,,0,,0,,,427;3568;426;3567;3315;598,427:38400;3568:38465.786508270605;426:38467.34972514075;3567:38469.68889581996;3315:38479.10317331424;598:38497.192636903426
0,8,default_vehtype,boarding,True,37080,38460.973038051634,38493.612446131636,38460.973038051634,0.0,1802;-1;-1,1802;-1;-1,0.0,0.9779831074674149,0.9779831074674149,0.0,,0,101,1,101,,,
0,3,default_vehtype,boarding,True,38400,38497.192636903426,38520.33211872304,38497.192636903426,0.0,598;-1;-1,598;-1;-1,0.0,0.9989322674010866,0.9989322674010866,0,,0,112,1,112,,,
0,9,default_vehtype,boarding,True,37260,38305.586954939026,38603.436357208324,38305.586954939026,0.0,3117;-1;-1,3117;-1;-1,0.0,0.5707025281009008,0.5707025281009008,0,,0,104,1,104,,,
0,11,default_vehtype,route,False,-1000,38640,38945.43648627337,38640,0,427;-1;-1,3931;-1;-1,3200.21674648,0.5990395431455524,0.5987195214709043,0.0,,0,,0,,,427;428;2716;2715;172;3873;3178;3177;3268;130;3387;3931,427:38640;428:38661.14923661872;2716:38662.49816231037;2715:38702.815672738776;172:38704.932440258846;3873:38710.72131232485;3178:38767.73527168316;3177:38831.02125932756;3268:38869.53085157115;130:38919.128201233856;3387:38939.994641197016;3931:38945.43648627337
0,11,default_vehtype,boarding,True,38640,38945.43648627337,38961.50647850013,38945.43648627337,0.0,3931;-1;-1,3931;-1;-1,0.0,0.5987195214709043,0.5987195214709043,0,,0,114,1,114,,,
0,7,default_vehtype,route,False,-1000,38091.36681861298,38992.77002564316,38091.36681861298,0.0,427;-1;-1,3691;-1;-1,6760.500417900004,0.9676514195061843,0.9669753694643939,0.0,,0,103,1,,,427;3987;3682;3569;3570;2122;1263;2311;2301;2347;3973;3974;336;335;3110;2637;2638;2583;2635;3335;3389;2627;2624;3969;3753;2623;1809;1640;1197;723;3690;3929;722;3692;3691,427:38091.36681861298;3987:38131.10789765396;3682:38138.72178568721;3569:38145.652252503736;3570:38147.732346518686;2122:38186.07054409828;1263:38189.4689495958;2311:38217.967613667664;2301:38231.72153823348;2347:38242.92930632287;3973:38246.45343062421;3974:38249.460112429355;336:38272.59236755102;335:38306.019464034885;3110:38335.388799081215;2637:38368.928462944874;2638:38374.74503107954;2583:38396.32114640581;2635:38420.157702564204;3335:38502.89272924627;3389:38544.53098949064;2627:38570.69672933089;2624:38593.15321138642;3969:38601.74429650871;3753:38603.010599005975;2623:38672.90671819179;1809:38703.69816167138;1640:38777.9419941013;1197:38799.388713887594;723:38892.964234773186;3690:38907.92692843839;3929:38980.85328931635;722:38987.10514081014;3692:38989.950097333014;3691:38992.77002564316
0,7,default_vehtype,boarding,True,-1,38992.77002564316,39022.77002564316,38992.77002564316,0.0,3691;-1;-1,3691;-1;-1,0.0,0.9669753694643939,0.9669753694643939,0,,0,103,1,,103,,
0,6,default_vehtype,route,False,-1000,38231.97477408091,39087.355398208005,38231.97477408091,0.0,1923;-1;-1,3562;-1;-1,5190.946487382001,0.9246408023444584,0.9241217076957203,0.0,,0,102,1,,,1923;1924;1925;1926;1758;2109;2384;734;332;269;255;128;2633;4067;4002;420;4003;3805;3446;2866;421;422;423;2687;3680;2675;3150;3926;2670;3666;3115;3427;4069;833;327;3564;3566;3565;328;3562,1923:38231.97477408091;1924:38247.12036683932;1925:38251.02480993557;1926:38256.82028004602;1758:38281.86904934787;2109:38286.14975043246;2384:38296.71407159251;734:38323.13174378444;332:38345.27097967204;269:38353.45762142948;255:38362.74625049084;128:38376.98071256457;2633:38385.67352496997;4067:38444.756736726384;4002:38446.6883775907;420:38447.48020692993;4003:38450.38421422411;3805:38461.204880868536;3446:38470.67428622365;2866:38490.587380934725;421:38491.8259859029;422:38543.98268989719;423:38613.79268561669;2687:38616.568383241276;3680:38659.79002905391;2675:38660.95400812779;3150:38706.490928490966;3926:38713.383609452176;2670:38743.45409754291;3666:38746.73750688165;3115:38752.62426850115;3427:38765.33923956136;4069:38804.50560289704;833:38827.55270801111;327:38942.36361940954;3564:39081.6090090008;3566:39083.478647268574;3565:39084.36138440636;328:39085.3386740967;3562:39087.355398208005
0,6,default_vehtype,boarding,True,-1,39087.355398208005,39117.355398208005,39087.355398208005,0.0,3562;-1;-1,3562;-1;-1,0.0,0.9241217076957203,0.9241217076957203,0,,0,102,1,,102,,
0,3,default_vehtype,route,False,-1000,38520.33211872304,39127.16979973508,38520.33211872304,0.0,598;-1;-1,524;-1;-1,3852.858711353001,0.9989322674010866,0.998546981529951,0.0,,0,112,1,,,598;3315;3475;3477;3476;3925;3665;338;2670;3666;3150;2675;3680;2687;2688;2906;2867;3684;3899;956;1056;3898;1057;3667;3897;3685;683;1059;1060;1061;1075;1076;523;524,598:38520.33211872304;3315:38541.57552887132;3475:38555.093998236756;3477:38578.34545854061;3476:38588.15259815739;3925:38594.26756587665;3665:38622.63324626867;338:38658.41681110188;2670:38661.637469361165;3666:38664.9208786999;3150:38696.94244232218;2675:38724.61892787125;3680:38726.05880829983;2687:38769.248826859795;2688:38820.257380860705;2906:38858.744399214534;2867:38868.26740435057;3684:38870.2569952381;3899:38913.64654233497;956:38914.85406525289;1056:38932.55967357143;3898:38936.77315647699;1057:38946.34106062015;3667:38973.196786013825;3897:38999.03480550272;3685:39013.255410132915;683:39024.652260407056;1059:39058.49849014695;1060:39069.78542095929;1061:39101.2846097815;1075:39109.144439274445;1076:39114.868252164284;523:39118.670133171356;524:39127.16979973508
0,1,default_vehtype,route,False,-1000,38580,39134.68795890633,38580,0,3266;-1;-1,824;-1;-1,3551.2493898299986,0.9987760264617809,0.9984209015227983,0.0,,0,,0,,,3266;2636;2582;335;336;2671;2670;338;3115;3427;3426;3425;1517;3672;265;1518;214;3419;3418;3790;3696;1519;673;1280;3416;1281;664;1282;823;824,3266:38580;2636:38597.85776654146;2582:38668.71381862094;335:38684.55742728927;336:38720.54244603287;2671:38721.873042618965;2670:38799.26356979237;338:38801.92002432205;3115:38805.240991693005;3427:38817.955962753214;3426:38826.63789490881;3425:38848.86538419599;1517:38850.633216012095;3672:38901.78393791406;265:38907.92106039117;1518:38919.76797154962;214:38938.40710422187;3419:38944.00871083799;3418:38953.0940930604;3790:38970.540636963764;3696:38977.35918258914;1519:38982.33356621634;673:38991.528476038526;1280:39019.69939370804;3416:39020.46223201234;1281:39051.897248354064;664:39052.551631289556;1282:39061.25851639676;823:39082.41794594824;824:39134.68795890633
0,3,default_vehtype,boarding,True,-1,39127.16979973508,39157.16979973508,39127.16979973508,0.0,524;-1;-1,524;-1;-1,0.0,0.998546981529951,0.998546981529951,0,,0,112,1,,112,,
0,7,default_vehtype,route,False,-1000,39022.77002564316,39186.29522502001,39022.77002564316,0.0,3691;-1;-1,3526;-1;-1,1432.2437220500005,0.9669753694643939,0.9668321450921887,0.0,,0,,0,,,3691;3692;2658;3214;2557;2558;3217;3221;2559;3582;3224;67;3226;2823;3526,3691:39022.77002564316;3692:39027.504254511754;2658:39031.03661066573;3214:39037.622962790134;2557:39048.284418472256;2558:39089.985288740085;3217:39102.47772783581;3221:39107.17251919977;2559:39109.57911042474;3582:39110.97688214206;3224:39129.52856521858;67:39141.280248463314;3226:39158.45744109719;2823:39168.61950948181;3526:39186.29522502001
0,1,default_vehtype,boarding,True,38580,39134.68795890633,39238.422940591416,39134.68795890633,0.0,824;-1;-1,824;-1;-1,0.0,0.9984209015227983,0.9984209015227983,0,,0,113,1,113,,,
0,10,default_vehtype,route,False,-1000,38418.730400010725,39278.821109771205,38418.730400010725,0.0,2001;-1;-1,802;-1;-1,5273.962299404005,0.7924414592913779,0.7919140630614377,0.0,,0,105,1,,,2001;1268;1267;1179;240;126;127;1181;1180;3687;3202;3203;3680;3670;1815;264;263;2246;1518;214;3419;3418;3791;3696;1519;673;1280;844;3715;483;1520;1015;2916;3462;3412;3169;567;1014;802,2001:38418.730400010725;1268:38422.99068029904;1267:38461.28462990594;1179:38520.26514480838;240:38531.200426383;126:38598.84459643436;127:38604.64226246182;1181:38641.469649917984;1180:38647.22807226532;3687:38649.61906640544;3202:38652.929898020375;3203:38662.297656862946;3680:38672.64889204782;3670:38687.9424062128;1815:38743.182330091266;264:38801.1051547669;263:38804.78416100981;2246:38811.64845906932;1518:38825.79733181371;214:38844.43646448596;3419:38850.03807110208;3418:38859.123453324486;3791:38864.516995461236;3696:38898.76338860078;1519:38903.73777222798;673:38912.93268205017;1280:38941.103599719674;844:38968.16595801035;3715:38997.598591598384;483:39005.884903429855;1520:39033.46857019808;1015:39042.6260849302;2916:39074.30060188179;3462:39087.35874833833;3412:39088.26716296974;3169:39118.74299214614;567:39162.05794562057;1014:39233.44941901113;802:39278.821109771205
0,7,default_vehtype,boarding,True,38820,39186.29522502001,39297.53155455113,39186.29522502001,0.0,3526;-1;-1,3526;-1;-1,0.0,0.9668321450921887,0.9668321450921887,0,,0,115,2,115,,,
0,10,default_vehtype,boarding,True,-1,39278.821109771205,39308.821109771205,39278.821109771205,0.0,802;-1;-1,802;-1;-1,0.0,0.7919140630614377,0.7919140630614377,0,,0,105,1,,105,,
0,8,default_vehtype,route,False,-1000,38493.612446131636,39328.89014495536,38493.612446131636,0.0,1802;-1;-1,2122;-1;-1,4434.10078251,0.9779831074674149,0.9775396973891646,0.0,,0,101,1,,,1802;1227;1226;2599;3134;2639;3328;2738;2526;3272;1;2596;172;3771;428;427;3987;3682;3569;3570;2122,1802:38493.612446131636;1227:38519.330589735095;1226:38547.22458373012;2599:38555.74013207283;3134:38593.956035792806;2639:38602.859078543035;3328:38621.69009049118;2738:38625.792959943625;2526:38689.88666725399;3272:38877.446603617245;1:38939.315723508495;2596:39015.00908230724;172:39044.87127371723;3771:39047.973206287556;428:39125.27449550547;427:39143.49318331488;3987:39260.30105701977;3682:39267.1428621349;3569:39272.3860209003;3570:39272.60219289466;2122:39328.89014495536
0,11,default_vehtype,route,False,-1000,38961.50647850013,39334.487110945025,38961.50647850013,0.0,3931;-1;-1,427;-1;-1,3123.635310719999,0.5987195214709043,0.5984071579398326,0.0,,0,114,1,,,3931;3387;130;56;71;3272;1;2596;3054;2715;2716;428;427,3931:38961.50647850013;3387:38968.30085544336;130:38988.81915716716;56:39004.57891353573;71:39071.55716227058;3272:39111.23470681877;1:39161.46838497476;2596:39217.54355485226;3054:39219.78668088997;2715:39237.583578451544;2716:39312.64699416148;428:39316.26842313562;427:39334.487110945025
0,8,default_vehtype,boarding,True,-1,39328.89014495536,39358.89014495536,39328.89014495536,0.0,2122;-1;-1,2122;-1;-1,0.0,0.9775396973891646,0.9775396973891646,0,,0,101,1,,101,,
0,11,default_vehtype,boarding,True,-1,39334.487110945025,39364.487110945025,39334.487110945025,0.0,427;-1;-1,427;-1;-1,0.0,0.5984071579398326,0.5984071579398326,0,,0,114,1,,114,,
0,8,default_vehtype,route,False,-1000,39360,39587.15115826688,39360,0,2122;-1;-1,3572;-1;-1,1812.4032687899999,0.9775396973891646,0.9773584570622857,0.0,,0,,0,,,2122;1263;1186;1264;1265;1266;1845;348;347;290;1262;3572,2122:39360;1263:39366.481961844416;1186:39423.88812415944;1264:39437.49325121871;1265:39469.16790730937;1266:39495.34540884844;1845:39511.006152412374;348:39532.468255926426;347:39540.76238135631;290:39548.050391088815;1262:39556.94751576931;3572:39587.15115826688
0,4,default_vehtype,out_of_service,True,-1,25190,39600,25190,0,2009;-1;-1,2009;-1;-1,0.0,1.0,1.0,0,,0,,0,,,,
0,8,default_vehtype,boarding,True,39360,39587.15115826688,39612.68462001471,39587.15115826688,0.0,3572;-1;-1,3572;-1;-1,0.0,0.9773584570622857,0.9773584570622857,0,,0,120,1,120,,,
0,1,default_vehtype,route,False,-1000,39238.422940591416,39662.981681846206,39238.422940591416,0.0,824;-1;-1,3562;-1;-1,2871.3822128310007,0.9984209015227983,0.9981337633015154,0.0,,0,113,1,,,824;823;1282;664;1281;3416;1280;673;1519;3696;3791;214;3419;3420;2158;2280;1890;3593;3824;2205;2206;3868;2207;2387;3644;2386;4027;3560;3561;3563;3562,824:39238.422940591416;823:39242.603907146506;1282:39251.098841297884;664:39262.36284209096;1281:39268.43622890008;3416:39304.01123353953;1280:39307.13340392974;673:39324.115172893486;1519:39339.70436116907;3696:39347.62067754001;3791:39361.96541148702;214:39382.92465746265;3419:39385.0000266248;3420:39403.68228171166;2158:39443.234569289045;2280:39448.65356392638;1890:39452.68989844285;3593:39460.773876857296;3824:39461.23180359927;2205:39467.35873170091;2206:39492.06972767894;3868:39513.62181065103;2207:39514.36365613918;2387:39523.295297221295;3644:39529.41383608498;2386:39548.710210677724;4027:39550.887272488435;3560:39574.39491514182;3561:39660.77128794927;3563:39662.11538024497;3562:39662.981681846206
0,1,default_vehtype,boarding,True,-1,39662.981681846206,39692.981681846206,39662.981681846206,0.0,3562;-1;-1,3562;-1;-1,0.0,0.9981337633015154,0.9981337633015154,0,,0,113,1,,113,,
0,3,default_vehtype,route,False,-1000,39157.16979973508,39811.13950757771,39157.16979973508,0.0,524;-1;-1,414;-1;-1,5205.704249599999,0.998546981529951,0.9980264111049914,0.0,,0,,0,,,524;525;526;527;228;227;226;4023;225;224;223;277;276;275;274;1927;992;1926;1758;2109;2384;734;733;732;1390;199;3449;3450;173;3686;180;2657;3595;3594;3945;3575;64;418;2693;3795;417;416;3793;2695;3796;414,524:39157.16979973508;525:39174.84053353534;526:39178.034228209974;527:39185.46505968788;228:39189.428897597434;227:39226.03033649471;226:39254.7806795167;4023:39260.455112531556;225:39324.712795372085;224:39349.65878815906;223:39353.816857346166;277:39361.12626494343;276:39374.94236330267;275:39384.930586854905;274:39390.722971692754;1927:39406.15051682869;992:39416.54145384776;1926:39441.109671943035;1758:39447.994747492885;2109:39449.48673075867;2384:39453.22582197027;734:39464.75006637664;733:39473.21403362654;732:39478.27923646737;1390:39496.828740334066;199:39517.67176466456;3449:39542.34297318906;3450:39544.32130604135;173:39573.06661143318;3686:39594.47547002798;180:39598.36162277969;2657:39616.73051676548;3595:39620.996942603495;3594:39636.83822204951;3945:39641.93130802865;3575:39647.60380998142;64:39656.6806003425;418:39658.14061604396;2693:39668.626441437475;3795:39677.622823237005;417:39699.27666503271;416:39712.00710669867;3793:39740.10747480457;2695:39749.12372644061;3796:39760.741139199046;414:39811.13950757771
0,3,default_vehtype,boarding,True,38820,39811.13950757771,39815.362343184475,39811.13950757771,0.0,414;-1;-1,414;-1;-1,0.0,0.9980264111049914,0.9980264111049914,0.0,,0,116,1,116,,,
0,1,default_vehtype,route,False,-1000,39692.981681846206,39850.91817183473,39692.981681846206,0.0,3562;-1;-1,1517;-1;-1,1219.6935827930001,0.9981337633015154,0.998011793943236,0.0,,0,,0,,,3562;3563;3561;3564;327;833;4069;3427;3426;3425;1517,3562:39692.981681846206;3563:39694.52155170522;3561:39695.81951298864;3564:39697.146409731184;327:39724.23819838139;833:39737.29489451853;4069:39755.173657091706;3427:39779.126014077774;3426:39797.281116873804;3425:39834.95398049995;1517:39850.91817183473
0,0,default_vehtype,route,False,-1000,37972.06665643807,39909.19500927445,37972.06665643807,0.0,1028;-1;-1,1827;-1;-1,15130.47812822402,0.9936686539675536,0.9921556061547324,0.0,,0,106,1,,,1028;1524;1526;1525;1478;1901;1138;1900;4007;1899;1898;1893;3653;1897;3801;1038;853;567;3169;3412;3462;2916;1015;3414;2917;3053;2714;104;3270;3271;101;102;3332;4041;17;4019;2542;2535;2586;136;3029;3027;2587;3026;3432;3033;3405;3406;1584;898;1585;1586;3299;3300;3298;2120;2225;1501;1500;1671;1827,1028:37972.06665643807;1524:38018.647364577635;1526:38070.02839489265;1525:38075.176797418426;1478:38185.3651919513;1901:38204.70583769533;1138:38286.30320041978;1900:38291.38714157959;4007:38293.048318421934;1899:38368.09634297972;1898:38373.00921058725;1893:38379.62022059409;3653:38381.029479318575;1897:38383.27163335366;3801:38387.1125512198;1038:38395.37969124166;853:38438.640199988724;567:38442.01500837147;3169:38456.884803348235;3412:38462.44810202598;3462:38465.916489006515;2916:38478.832065049275;1015:38494.1701868788;3414:38498.29812000087;2917:38579.39351684607;3053:38801.080061176595;2714:38828.755139557754;104:38874.97744127806;3270:38904.05949209997;3271:38923.03557870293;101:39133.83295495639;102:39169.72929320811;3332:39388.75780416277;4041:39407.68454971712;17:39409.05131495899;4019:39457.97843299403;2542:39458.39825080695;2535:39529.31893297098;2586:39541.719292500034;136:39568.27890207988;3029:39569.19878951003;3027:39580.21162106935;2587:39588.1512929581;3026:39606.836107673116;3432:39644.940374089616;3033:39664.572883458786;3405:39668.604261710876;3406:39671.2669544238;1584:39673.394893827324;898:39712.235248745936;1585:39725.66611980064;1586:39732.841630537485;3299:39734.93313581531;3300:39737.86925266505;3298:39743.67607928865;2120:39776.17724468872;2225:39790.30165787388;1501:39803.80708126444;1500:39823.32641346879;1671:39863.40746018686;1827:39909.19500927445
0,1,default_vehtype,boarding,True,39600,39850.91817183473,39916.972968168586,39850.91817183473,0.0,1517;-1;-1,1517;-1;-1,0.0,0.998011793943236,0.998011793943236,0,,0,122,1,122,,,
0,0,default_vehtype,boarding,True,-1,39909.19500927445,39939.19500927445,39909.19500927445,0.0,1827;-1;-1,1827;-1;-1,0.0,0.9921556061547324,0.9921556061547324,0,,0,106,1,,106,,
0,4,default_vehtype,route,False,-1000,39780,39942.464383032435,39780,0,2009;-1;-1,325;-1;-1,1658.6223129899997,1.0,0.9998341377687009,0.0,,0,,0,,,2009;2010;1465;1466;632;1892;2162;516;517;594;1413;325,2009:39780;2010:39789.92259426992;1465:39812.326622134126;1466:39823.876240741665;632:39844.03512614983;1892:39857.726613154904;2162:39864.14611685929;516:39868.420261297;517:39883.44370034311;594:39905.18813988891;1413:39909.62332117539;325:39942.464383032435
0,4,default_vehtype,boarding,True,39780,39942.464383032435,39971.525430475616,39942.464383032435,0.0,325;-1;-1,325;-1;-1,0.0,0.9998341377687009,0.9998341377687009,0,,0,123,1,123,,,
0,9,default_vehtype,route,False,-1000,38603.436357208324,40002.55043342782,38603.436357208324,0.0,3117;-1;-1,1587;-1;-1,8358.045896460999,0.5707025281009008,0.5698667235112544,0.0,,0,104,1,,,3117;2300;764;614;2688;2906;2867;3684;2866;3194;2865;2039;183;82;2905;2653;2625;3753;2623;2020;2831;2005;1569;3916;83;15;2923;3605;3782;14;32;4018;3471;3783;3464;2925;3466;3467;2924;3302;3303;40;3312;3785;43;13;10;3123;2537;3301;3144;2761;3657;3316;3551;2763;11;1450;1588;2834;1587,3117:38603.436357208324;2300:38607.38018833014;764:38628.84233694281;614:38636.13496421104;2688:38655.634372134235;2906:38694.121390488064;2867:38703.6443956241;3684:38705.63398651163;2866:38707.78894954888;3194:38801.152508527615;2865:38802.980276092225;2039:38804.756891878045;183:38873.0779270205;82:38884.31611587063;2905:38906.859717753534;2653:38908.3345575634;2625:38927.80784078585;3753:38937.5260154047;2623:39007.42213459052;2020:39061.47202906613;2831:39142.136976337846;2005:39182.38339341708;1569:39205.891950763704;3916:39290.34464546436;83:39369.77463725247;15:39398.967499400096;2923:39404.545228273266;3605:39458.72659984504;3782:39461.74252607691;14:39480.23042209303;32:39501.87639930265;4018:39542.275563464675;3471:39583.69485814186;3783:39587.91447092986;3464:39635.66196306114;2925:39642.4659650672;3466:39710.62171764684;3467:39719.60475097769;2924:39738.15224234103;3302:39774.34121778672;3303:39779.988520931634;40:39796.550728993585;3312:39800.9213804165;3785:39813.89811796423;43:39823.48204145292;13:39844.47649001581;10:39845.99526845707;3123:39867.90085192036;2537:39883.26226207768;3301:39884.12529991075;3144:39887.9499085843;2761:39901.92133382061;3657:39906.82277138096;3316:39907.323180942134;3551:39913.27528060539;2763:39914.26806203674;11:39923.204418346286;1450:39957.172726892546;1588:39966.85143862593;2834:39997.829910394976;1587:40002.55043342782
0,9,default_vehtype,boarding,True,-1,40002.55043342782,40032.55043342782,40002.55043342782,0.0,1587;-1;-1,1587;-1;-1,0.0,0.5698667235112544,0.5698667235112544,0,,0,104,1,,104,,
0,11,default_vehtype,route,False,-1000,39540,40097.16128333929,39540,0,427;-1;-1,852;-1;-1,2572.261628278998,0.5984071579398326,0.5981499317770047,0.0,,0,,0,,,427;3568;3314;3567;3566;3565;3563;3562;4026;2208;1880;2403;1469;2404;852,427:39540;3568:39602.91774433202;3314:39605.265173969296;3567:39606.59417318501;3566:39666.38635437119;3565:39667.19381693254;3563:39669.354922289625;3562:39670.22122389086;4026:39708.181919326955;2208:39744.33457041986;1880:39803.33050133783;2403:39828.072524403986;1469:39903.90762361907;2404:39965.36237741923;852:40097.16128333929
0,6,default_vehtype,route,False,-1000,39120,40122.361099940186,39120,0,3562;-1;-1,694;-1;-1,10200.244726242998,0.9241217076957203,0.923101683223097,0.0,,0,,0,,,3562;3563;3561;3564;327;833;4069;3427;3115;338;2670;2671;336;335;3110;2637;134;2584;2635;3335;2857;2862;2654;2646;2995;3506;3507;2108;2235;3517;412;3946;2684;411;694,3562:39120;3563:39121.539869859014;3561:39122.83783114243;3564:39124.16472788498;327:39149.500148731386;833:39170.07976510124;4069:39181.91168030815;3427:39243.25973197353;3115:39282.51299345859;338:39284.6228311663;2670:39287.77927724281;2671:39339.19038308113;336:39343.781237223404;335:39386.32335363204;3110:39407.99313382117;2637:39432.50188066713;134:39450.11548227809;2584:39487.66076084076;2635:39513.33708853179;3335:39546.20650976021;2857:39591.5877471941;2862:39637.21980358825;2654:39792.645077056455;2646:39847.47342449128;2995:39907.022426338815;3506:39937.84590708684;3507:39941.86915289236;2108:39956.488486054914;2235:39963.70462335688;3517:39994.096590691304;412:39995.67469917549;3946:40005.88464110272;2684:40041.66018572302;411:40090.785136804196;694:40122.361099940186
0,6,default_vehtype,boarding,True,39120,40122.361099940186,40138.95921959322,40122.361099940186,0.0,694;-1;-1,694;-1;-1,0.0,0.923101683223097,0.923101683223097,0,,0,118,2,118,,,
0,11,default_vehtype,boarding,True,39540,40097.16128333929,40165.68327770309,40097.16128333929,0.0,852;-1;-1,852;-1;-1,0.0,0.5981499317770047,0.5981499317770047,0,,0,121,1,121,,,
0,4,default_vehtype,route,False,-1000,39971.525430475616,40369.47096227961,39971.525430475616,0.0,325;-1;-1,3971;-1;-1,3428.736792457001,0.9998341377687009,0.9994912640894552,0.0,,0,123,1,,,325;1413;594;517;516;2162;1892;632;1466;1465;2010;2009;2557;3214;2658;722;3929;3690;723;1197;991;1611;3971,325:39971.525430475616;1413:40025.83939733172;594:40030.3804650537;517:40058.943265524824;516:40061.657164665434;2162:40068.09721111212;1892:40081.585819459564;632:40111.013696598435;1466:40116.21390680731;1465:40137.44505965865;2010:40148.36972249676;2009:40169.64591856024;2557:40172.68408033746;3214:40181.30564015787;2658:40189.905520903936;722:40193.03651118752;3929:40198.15134806267;3690:40260.20800423312;723:40287.8156527948;1197:40326.676982851335;991:40349.06148220486;1611:40368.54905357518;3971:40369.47096227961
0,8,default_vehtype,route,False,-1000,39612.68462001471,40368.482486038556,39612.68462001471,0.0,3572;-1;-1,2404;-1;-1,3270.9739122090014,0.9773584570622857,0.9770313596710654,0.0,,0,120,1,,,3572;3571;349;1406;1188;1405;3682;3569;3645;426;3567;3566;3565;3563;3562;4026;2208;1880;2403;1469;2404,3572:39612.68462001471;3571:39623.66953008854;349:39675.13052539196;1406:39731.77993753202;1188:39795.80797639746;1405:39808.160435279104;3682:39822.62913631196;3569:39832.67435236972;3645:39848.3656695653;426:39884.870775495474;3567:39887.3733645173;3566:39957.48679700323;3565:39958.517450000916;3563:39961.25076568267;3562:39964.003486769456;4026:40051.962363911276;2208:40184.39432927128;1880:40243.39026018925;2403:40268.13228325541;1469:40327.41556564927;2404:40368.482486038556
0,4,default_vehtype,boarding,True,-1,40369.47096227961,40399.47096227961,40369.47096227961,0.0,3971;-1;-1,3971;-1;-1,0.0,0.9994912640894552,0.9994912640894552,0,,0,123,1,,123,,
0,8,default_vehtype,boarding,True,-1,40368.482486038556,40398.482486038556,40368.482486038556,0.0,2404;-1;-1,2404;-1;-1,0.0,0.9770313596710654,0.9770313596710654,0,,0,120,1,,120,,
0,3,default_vehtype,route,False,-1000,39815.362343184475,40595.22841569239,39815.362343184475,0.0,414;-1;-1,427;-1;-1,5494.109479536,0.9980264111049914,0.997477000157038,0.0,,0,116,1,,,414;3796;2695;415;3793;416;417;3795;2693;418;64;3575;3945;2700;63;3449;3450;3119;2863;419;331;2633;268;4068;420;4001;4004;3750;3749;3684;2866;421;422;2688;2687;3680;2675;3204;3926;2670;338;3665;3313;3476;3477;425;3474;426;3568;427,414:39815.362343184475;3796:39866.900017292064;2695:39876.10027036659;415:39877.31823943198;3793:39888.33132546287;416:39908.498141405566;417:39918.14246033798;3795:39930.851830062034;2693:39935.74169285346;418:39939.27742438974;64:39942.4351298052;3575:39952.2004544915;3945:39957.98287186885;2700:39971.783637114284;63:39988.10538929152;3449:40068.59112390477;3450:40071.162702228685;3119:40098.6899403028;2863:40104.797805686845;419:40116.148576494284;331:40125.66235299012;2633:40134.319597036316;268:40135.90650603912;4068:40163.93540570736;420:40167.10862717266;4001:40168.07855172959;4004:40170.6254404667;3750:40185.345785469995;3749:40198.054183240245;3684:40209.21292510918;2866:40212.128841512094;421:40213.318372872694;422:40292.8335256786;2688:40296.88322172434;2687:40329.50617210722;3680:40378.660866524166;2675:40380.49481807315;3204:40384.16813347206;3926:40397.469816645054;2670:40419.002471988606;338:40422.746708336366;3665:40467.36060428251;3313:40470.081200008404;3476:40482.71014137975;3477:40489.497450612675;425:40491.705805124395;3474:40521.88886134021;426:40550.427272278714;3568:40552.15613167929;427:40595.22841569239
0,3,default_vehtype,boarding,True,-1,40595.22841569239,40625.22841569239,40595.22841569239,0.0,427;-1;-1,427;-1;-1,0.0,0.997477000157038,0.997477000157038,0,,0,116,1,,116,,
0,8,default_vehtype,route,False,-1000,40398.482486038556,40708.220621964305,40398.482486038556,0.0,2404;-1;-1,2880;-1;-1,1998.8471995499992,0.9770313596710654,0.9768314749511104,0.0,,0,,0,,,2404;852;1278;2405;2348;171;611;610;609;1337;1955;2264;2880,2404:40398.482486038556;852:40413.48665246737;1278:40426.31899629791;2405:40442.74511661012;2348:40466.16289567071;171:40533.649049229185;611:40559.07870824174;610:40571.43948676564;609:40591.67564037288;1337:40596.92001947661;1955:40682.20179731062;2264:40699.40529792187;2880:40708.220621964305
0,2,default_vehtype,route,False,-1000,39840,40748.85255068115,39840,0,4058;3888;0.160,3691;-1;-1,9026.307557554428,0.9999864592801465,0.9990838285243913,0.0,,0,,0,,,4058;3888;3889;3887;3890;2836;18;2567;2641;2666;68;3379;964;144;74;3377;2642;75;797;3090;3091;3089;3074;3153;3076;3125;73;3233;2899;2665;72;2828;3371;85;3610;2935;1383;3609;2488;1962;2673;2767;65;66;3529;3528;3227;3226;67;3224;3582;3583;2560;3218;3216;2556;2557;3214;2658;3692;3691,4058:39840;3888:39851.87357321043;3889:39857.00317781143;3887:39863.249023297045;3890:39878.832625476774;2836:39886.33374542224;18:39911.81206460088;2567:39924.81033192814;2641:39971.29944819408;2666:40019.581540709245;68:40029.22954010091;3379:40038.13645394242;964:40039.954200876346;144:40043.805491385145;74:40045.182355284225;3377:40046.33566329967;2642:40058.62527941005;75:40073.281168576796;797:40076.186492743625;3090:40103.82180561537;3091:40110.117600235;3089:40136.300664771275;3074:40138.63030823697;3153:40158.44353193174;3076:40169.999301578646;3125:40172.20234498277;73:40183.92812330656;3233:40191.62855543859;2899:40192.32243522014;2665:40200.905453515465;72:40240.379456995885;2828:40242.684988916364;3371:40244.456523293135;85:40258.89895834704;3610:40320.99775008323;2935:40338.25816608907;1383:40339.10741085828;3609:40341.823566769395;2488:40351.73845965294;1962:40357.23281204091;2673:40397.297515740356;2767:40457.940960262225;65:40476.02562161228;66:40478.2963631796;3529:40502.66448445606;3528:40514.43338805891;3227:40524.69062993122;3226:40530.06437714804;67:40548.48255516597;3224:40560.08248112779;3582:40574.139879319344;3583:40582.60758472088;2560:40586.002798462316;3218:40600.093701031954;3216:40710.4355967585;2556:40712.94760114616;2557:40719.066301580904;3214:40735.15992335058;2658:40743.239725460226;3692:40745.140395017675;3691:40748.85255068115
0,7,default_vehtype,route,False,-1000,39297.53155455113,40751.67144945449,39297.53155455113,0.0,3526;-1;-1,1014;-1;-1,9507.881184860003,0.9668321450921887,0.9658813569737031,0.0,,0,115,2,,,3526;2823;3226;67;3224;3582;2559;2560;3218;3216;2556;2557;3214;2658;3692;3212;1545;3612;2487;2334;3209;2320;3380;2696;3886;3994;3686;173;3450;2864;3995;2863;419;734;2384;333;272;273;3718;274;275;1767;1948;495;496;225;4023;226;1063;3191;1064;1065;252;1066;1067;1068;3775;3774;3773;1896;1774;1387;1734;1520;1015;2916;3413;3412;3169;567;1014,3526:39297.53155455113;2823:39304.805100771424;3226:39311.66548500435;67:39326.85529494439;3224:39332.447603859044;3582:39354.67854645175;2559:39356.91095182543;2560:39359.674631813636;3218:39371.00792481961;3216:39436.67807737915;2556:39440.22475166881;2557:39441.26435812462;3214:39455.941062991995;2658:39466.635720759965;3692:39468.60879308388;3212:39476.84194121806;1545:39510.267198222624;3612:39523.950742872905;2487:39545.26522145183;2334:39571.37344208208;3209:39591.79442485978;2320:39619.71495783713;3380:39653.68761889212;2696:39660.54898684085;3886:39688.98187175265;3994:39700.63581865182;3686:39706.649657826885;173:39744.19440179759;3450:39784.38468558886;2864:39788.321895683825;3995:39793.96669756765;2863:39852.679496858385;419:39864.030267665825;734:40001.06266088691;2384:40012.27772187453;333:40045.758351966586;272:40062.73416902766;273:40069.24325567136;3718:40070.92028518821;274:40076.0854541131;275:40090.94611654433;1767:40113.20722800737;1948:40119.625076370416;495:40151.598578022174;496:40178.34840291916;225:40194.38694692558;4023:40244.60936203389;226:40253.210167354315;1063:40269.51087110936;3191:40280.4191637848;1064:40290.90870058604;1065:40302.73197194498;252:40308.636189408266;1066:40316.27337360781;1067:40321.94815464439;1068:40334.201000558045;3775:40367.59479202346;3774:40384.70747389682;3773:40387.96629618665;1896:40404.386198225046;1774:40422.45796256505;1387:40447.1280732244;1734:40475.671286700875;1520:40483.33487388768;1015:40498.33165640147;2916:40544.099210872475;3413:40550.63787584447;3412:40568.224756683456;3169:40580.9392684266;567:40606.120088082636;1014:40751.67144945449
0,5,default_vehtype,route,False,-1000,39900.0,40762.42119508952,39900.0,0.0,2846;-1;-1,137;-1;-1,7536.4667291819915,0.8473271516078239,0.8465735049349057,0.0,,0,,0,,,2846;1409;752;2593;3023;3024;3591;3592;3590;754;3041;3042;3116;49;3134;2639;2640;55;2592;2591;3329;45;3931;39;3269;2584;2635;2583;134;3351;3352;3350;3788;749;137,2846:39900;1409:39913.033779376914;752:39939.556788255126;2593:39959.69760015578;3023:39961.61558190336;3024:39965.85311702623;3591:39969.75709515239;3592:39970.59233888794;3590:39971.54655956297;754:40052.69216162782;3041:40095.20595662471;3042:40130.70257722148;3116:40141.82345512657;49:40148.42814017995;3134:40149.3437376553;2639:40158.10076076933;2640:40183.00653718299;55:40191.3653858767;2592:40192.01635236722;2591:40193.63547783124;3329:40201.90455060677;45:40255.346000756115;3931:40263.83036526739;39:40317.5519884952;3269:40393.01330236497;2584:40484.78243175136;2635:40508.34204129371;2583:40595.351292125284;134:40599.54831260653;3351:40643.31120875745;3352:40677.39498273732;3350:40690.5032165121;3788:40692.83795684459;749:40729.5263571379;137:40762.42119508952
0,5,default_vehtype,boarding,True,39900,40762.42119508952,40763.5488173935,40762.42119508952,0.0,137;-1;-1,137;-1;-1,0.0,0.8465735049349057,0.8465735049349057,0.0,,0,125,1,125,,,
0,4,default_vehtype,route,False,-1000,40620.0,40781.58301699297,40620.0,0.0,3971;-1;-1,1610;-1;-1,889.1163785999997,0.9994912640894552,0.999402352451595,0.0,,0,,0,,,3971;3935;3807;2858;1610,3971:40620;3935:40645.45594131493;3807:40667.78864077544;2858:40701.72275046921;1610:40781.58301699297
0,7,default_vehtype,boarding,True,-1,40751.67144945449,40781.67144945449,40751.67144945449,0.0,1014;-1;-1,1014;-1;-1,0.0,0.9658813569737031,0.9658813569737031,0.0,,0,115,2,,115,,
0,8,default_vehtype,boarding,True,40320,40708.220621964305,40782.093112894734,40708.220621964305,0.0,2880;-1;-1,2880;-1;-1,0.0,0.9768314749511104,0.9768314749511104,0.0,,0,126,1,126,,,
0,4,default_vehtype,boarding,True,40620,40781.58301699297,40849.64157919014,40781.58301699297,0.0,1610;-1;-1,1610;-1;-1,0.0,0.999402352451595,0.999402352451595,0,,0,128,1,128,,,
0,10,default_vehtype,route,False,-1000,40620,40895.48355654129,40620,0,802;-1;-1,2316;-1;-1,1932.0124988400003,0.7919140630614377,0.7917208618115539,0.0,,0,,0,,,802;1014;567;3169;3412;3413;3414;3415;3789;3416;3417;673;1519;2245;2316,802:40620;1014:40661.45724070254;567:40688.85199953952;3169:40726.129569813056;3412:40742.75914467266;3413:40755.71344342082;3414:40784.957419147075;3415:40801.98833123038;3789:40811.442486776796;3416:40832.518389893834;3417:40869.02980306267;673:40872.37284557876;1519:40886.232012240784;2245:40891.65888743602;2316:40895.48355654129
0,10,default_vehtype,boarding,True,40620,40895.48355654129,40921.77932336913,40895.48355654129,0.0,2316;-1;-1,2316;-1;-1,0.0,0.7917208618115539,0.7917208618115539,0,,0,129,1,129,,,
0,1,default_vehtype,route,False,-1000,39916.972968168586,40931.40700384175,39916.972968168586,0.0,1517;-1;-1,2846;-1;-1,7337.153915984998,0.998011793943236,0.9972780785516385,0.0,,0,122,1,,,1517;3666;2670;2671;2582;2638;2637;2585;3267;103;2526;2738;3328;2639;3134;2599;3042;3041;754;3590;3020;753;2594;3022;2593;752;1409;2846,1517:39916.972968168586;3666:39975.43203164436;2670:39978.63754046468;2671:40046.58118112382;2582:40121.16842199945;2638:40170.84109273526;2637:40172.92091626544;2585:40221.204615075345;3267:40269.53590992228;103:40332.62078577568;2526:40363.622294934896;2738:40453.78188515351;3328:40456.218544900104;2639:40480.43336851075;3134:40486.501203324435;2599:40528.41487864792;3042:40535.19834778307;3041:40537.93420975044;754:40554.18403274835;3590:40705.7918804529;3020:40710.812487467745;753:40712.74214873583;2594:40721.19575294657;3022:40722.23740443279;2593:40735.11091073035;752:40790.45119840172;1409:40888.08265935026;2846:40931.40700384175
0,2,default_vehtype,boarding,True,39840,40748.85255068115,40934.97762940894,40748.85255068115,0.0,3691;-1;-1,3691;-1;-1,0.0,0.9990838285243913,0.9990838285243913,0.0,,0,124,1,124,,,
0,1,default_vehtype,boarding,True,-1,40931.40700384175,40961.40700384175,40931.40700384175,0.0,2846;-1;-1,2846;-1;-1,0.0,0.9972780785516385,0.9972780785516385,0,,0,122,1,,122,,
0,3,default_vehtype,route,False,-1000,40740,41245.639884501805,40740,0,427;-1;-1,213;-1;-1,2878.12951576,0.997477000157038,0.9971891872054621,0.0,,0,,0,,,427;3568;3314;3567;3566;3564;327;326;830;995;996;997;2305;1889;1890;3593;2306;212;211;1491;601;600;1531;213,427:40740;3568:40775.2103368126;3314:40777.3339777185;3567:40778.880084348464;3566:40811.75189470849;3564:40817.79924414506;327:40855.39883083374;326:40857.34710227087;830:40865.92969846821;995:40871.90098942714;996:40916.17195246335;997:40922.32478485232;2305:40930.07391895808;1889:40956.74010552329;1890:41036.21655425343;3593:41088.4135849554;2306:41089.99132404727;212:41116.51981329258;211:41117.01016230007;1491:41120.42628252472;601:41151.51717186302;600:41185.794639601576;1531:41225.84011629769;213:41245.639884501805
0,3,default_vehtype,boarding,True,40740,41245.639884501805,41251.299111096414,41245.639884501805,0.0,213;-1;-1,213;-1;-1,0.0,0.9971891872054621,0.9971891872054621,0,,0,130,1,130,,,
0,10,default_vehtype,route,False,-1000,40921.77932336913,41272.57881831869,40921.77932336913,0.0,2316;-1;-1,3562;-1;-1,2140.209807849,0.7917208618115539,0.7915068408307688,0.0,,0,129,1,,,2316;2245;1519;3696;3790;3418;3419;3420;2158;2280;1890;1889;2305;997;3400;832;831;830;326;327;3564;3566;3565;3563;3562,2316:40921.77932336913;2245:40932.26032937346;1519:41022.124105754505;3696:41026.479741021096;3790:41032.687192052086;3418:41042.28099082968;3419:41071.41928157444;3420:41094.53852235739;2158:41102.932915779435;2280:41112.29796779118;1890:41134.12540835041;1889:41143.68644383417;2305:41168.116395351484;997:41170.80336371463;3400:41174.21745709544;832:41198.49792887815;831:41202.283517051634;830:41231.1088284897;326:41246.798820740994;327:41253.753534325144;3564:41267.22033400337;3566:41268.15128403698;3565:41268.838426354734;3563:41271.62473858513;3562:41272.57881831869
0,10,default_vehtype,boarding,True,-1,41272.57881831869,41302.57881831869,41272.57881831869,0.0,3562;-1;-1,3562;-1;-1,0.0,0.7915068408307688,0.7915068408307688,0,,0,129,1,,129,,
0,6,default_vehtype,route,False,-1000,40138.95921959322,41347.93072368536,40138.95921959322,0.0,694;-1;-1,1587;-1;-1,11068.080266100003,0.923101683223097,0.921994875196487,0.0,,0,118,2,,,694;3933;3948;1080;1081;1850;1825;1826;2330;2473;1329;820;1797;454;825;2412;1455;340;718;3819;1277;1698;2127;2365;1415;2231;3473;2435;3623;3630;2589;3629;2555;3438;3440;3635;3842;1170;2076;2085;2031;756;1079;1378;1377;2215;782;1133;2818;2371;2819;2099;2100;1630;1564;3373;3838;910;193;1780;3234;3233;73;3125;3076;3153;3074;3089;3091;3090;797;75;2642;3377;74;144;3378;1779;1778;968;3435;1777;3436;1785;3097;341;1587,694:40138.95921959322;3933:40158.11872000009;3948:40166.032372072965;1080:40177.25134470152;1081:40181.9680921932;1850:40206.6828773411;1825:40216.62577121893;1826:40244.41978236133;2330:40270.95236291782;2473:40288.712742182746;1329:40306.72773976677;820:40314.5414516272;1797:40319.16103099506;454:40326.04394532209;825:40333.21056429398;2412:40339.76998096793;1455:40348.85831974042;340:40355.757758164604;718:40378.487372758806;3819:40408.80388014488;1277:40415.191932194924;1698:40452.857702344416;2127:40466.566600383485;2365:40475.73361170305;1415:40486.41080875775;2231:40499.45662867446;3473:40516.117267966736;2435:40520.630097335816;3623:40536.51767471708;3630:40546.26964356399;2589:40574.5955917925;3629:40603.22652938297;2555:40608.57106292436;3438:40612.02937538083;3440:40615.1937490019;3635:40621.750939639256;3842:40623.45322716928;1170:40632.791537234545;2076:40636.26488580036;2085:40641.347255119945;2031:40646.76358585242;756:40656.75045033158;1079:40681.80699634617;1378:40688.11274396558;1377:40691.31900895378;2215:40710.96937796184;782:40729.251279977;1133:40740.854204618;2818:40744.47289787552;2371:40750.80978425371;2819:40777.44943522956;2099:40793.085995395915;2100:40799.24039760919;1630:40868.59970570522;1564:40891.36732795925;3373:40903.2028744865;3838:40907.43826072838;910:40913.49388122945;193:40983.786651855975;1780:40988.00691977166;3234:40989.12420441554;3233:40991.03821060696;73:40996.82491849385;3125:41007.528216090024;3076:41011.76221492716;3153:41021.13832937816;3074:41026.29713721463;3089:41027.910266107414;3091:41056.54692184413;3090:41065.38875042247;797:41084.86223561724;75:41089.25953347735;2642:41098.36343756187;3377:41108.32730798608;74:41110.773108664784;144:41112.11151362597;3378:41115.932870019635;1779:41167.59831898948;1778:41176.86592499151;968:41197.427065472635;3435:41229.23149762075;1777:41231.68669131138;3436:41244.91748364373;1785:41257.045460669564;3097:41277.02296968035;341:41291.91466469887;1587:41347.93072368536
0,6,default_vehtype,boarding,True,-1,41347.93072368536,41377.93072368536,41347.93072368536,0.0,1587;-1;-1,1587;-1;-1,0.0,0.921994875196487,0.921994875196487,0,,0,118,2,,118,,
0,4,default_vehtype,route,False,-1000,40849.64157919014,41403.75835965723,40849.64157919014,0.0,1610;-1;-1,2347;-1;-1,2999.5644630100014,0.999402352451595,0.9991023960052946,0.0,,0,128,1,,,1610;3195;268;2633;4067;4002;420;4003;3805;3446;2866;421;422;423;2687;3680;3203;3204;3926;2670;338;3115;3313;3665;2347,1610:40849.64157919014;3195:40852.8572890935;268:40881.476595308464;2633:40886.55028032032;4067:40929.4365419456;4002:40930.25130627635;420:40931.51021328744;4003:40933.660825114035;3805:40941.56419914761;3446:40958.94689022784;2866:40984.00127777312;421:40986.56466599302;422:41062.43552085953;423:41138.287619793715;2687:41146.59251309163;3680:41226.37026774611;3203:41228.30206818305;3204:41229.688200095385;3926:41281.198708874406;2670:41316.86161849639;338:41322.12465975638;3115:41327.35790995084;3313:41352.47105596262;3665:41356.70491391035;2347:41403.75835965723
0,4,default_vehtype,boarding,True,-1,41403.75835965723,41433.75835965723,41403.75835965723,0.0,2347;-1;-1,2347;-1;-1,0.0,0.9991023960052946,0.9991023960052946,0,,0,128,1,,128,,
0,10,default_vehtype,route,False,-1000,41302.57881831869,41476.281197896344,41302.57881831869,0.0,3562;-1;-1,2122;-1;-1,1004.4252933289998,0.7915068408307688,0.7914063983014359,0.0,,0,,0,,,3562;3563;3565;3566;3567;426;3645;3569;3570;2122,3562:41302.57881831869;3563:41304.670083516954;3565:41306.43315774989;3566:41307.395484758956;3567:41360.18065295963;426:41365.08526029969;3645:41399.32146287658;3569:41407.786432364526;3570:41420.35313697142;2122:41476.281197896344
0,10,default_vehtype,boarding,True,40920,41476.281197896344,41480.859871674795,41476.281197896344,0.0,2122;-1;-1,2122;-1;-1,0.0,0.7914063983014359,0.7914063983014359,0,,0,135,1,135,,,
0,3,default_vehtype,route,False,-1000,41251.299111096414,41564.63107098471,41251.299111096414,0.0,213;-1;-1,427;-1;-1,2476.9985172899997,0.9971891872054621,0.9969414873537329,0.0,,0,130,1,,,213;3419;3420;2158;2280;1890;1889;2305;997;3400;832;831;830;326;327;3564;3566;3567;3314;3568;427,213:41251.299111096414;3419:41271.24899624703;3420:41294.36823702998;2158:41302.76263045202;2280:41312.12768246377;1890:41333.955123023;1889:41343.51615850676;2305:41367.94611002407;997:41370.63307838722;3400:41374.04717176803;832:41398.327643550736;831:41402.11323172422;830:41430.93854316229;326:41446.62853541358;327:41453.58324899773;3564:41467.050048675956;3566:41467.98099870957;3567:41521.015516269;3314:41523.735523846815;3568:41526.753931317224;427:41564.63107098471
0,3,default_vehtype,boarding,True,-1,41564.63107098471,41594.63107098471,41564.63107098471,0.0,427;-1;-1,427;-1;-1,0.0,0.9969414873537329,0.9969414873537329,0,,0,130,1,,130,,
0,8,default_vehtype,route,False,-1000,40782.093112894734,41602.05522481521,40782.093112894734,0.0,2880;-1;-1,360;-1;-1,8083.670078479998,0.9768314749511104,0.9760231079432631,0.0,,0,126,1,,,2880;2264;1955;249;250;251;246;247;248;434;433;432;431;430;3112;3054;2596;172;2715;3053;2714;104;3270;3386;3269;2584;134;3351;334;3111;1813;1812;361;360,2880:40782.093112894734;2264:40795.564537155034;1955:40806.03785010001;249:40823.68374367303;250:40850.728915607724;251:40865.04478730592;246:40867.7540148253;247:40870.7459537849;248:40899.99446653905;434:40990.3059309399;433:41008.20963166386;432:41049.08699148883;431:41067.71432529872;430:41093.36852095091;3112:41109.827730955774;3054:41135.66154834005;2596:41139.76568141167;172:41167.30412198743;2715:41171.053394209746;3053:41216.57212107704;2714:41226.27677450639;104:41247.02934095135;3270:41261.13780657494;3386:41276.55748612641;3269:41303.33452792001;2584:41386.65858542903;134:41434.14605541085;3351:41490.094866262;334:41492.22966086256;3111:41494.274787781855;1813:41548.772672816085;1812:41562.404411429634;361:41599.32313965895;360:41602.05522481521
0,8,default_vehtype,boarding,True,-1,41602.05522481521,41632.05522481521,41602.05522481521,0.0,360;-1;-1,360;-1;-1,0.0,0.9760231079432631,0.9760231079432631,0,,0,126,1,,126,,
0,5,default_vehtype,route,False,-1000,40763.5488173935,41693.73009465413,40763.5488173935,0.0,137;-1;-1,1587;-1;-1,5704.718305086994,0.8465735049349057,0.8460030331043962,0.0,,0,125,1,,,137;749;3350;3788;3787;3348;334;988;387;1483;2669;1482;2677;3780;2676;1481;1480;84;107;13;10;3123;2537;3301;3144;2761;3657;3316;3551;3574;3573;142;1668;453;1587,137:40763.5488173935;749:40924.87713626631;3350:40951.96078247477;3788:40956.08326348391;3787:40966.18289258973;3348:40974.23170865693;334:41000.40236821453;988:41059.08427850098;387:41110.783272486275;1483:41190.74266596349;2669:41287.898936983234;1482:41290.563804332785;2677:41291.62845228831;3780:41305.70273926158;2676:41349.259995862034;1481:41390.480001169955;1480:41448.69084779174;84:41475.65625978861;107:41487.71109414976;13:41537.97106382356;10:41539.28784257733;3123:41571.75455080864;2537:41589.15577536321;3301:41589.527148543275;3144:41599.9201651097;2761:41606.44961008;3657:41613.26023644625;3316:41614.66540481161;3551:41622.27693806007;3574:41627.590029819876;3573:41631.47266456846;142:41634.67681972206;1668:41666.20444005679;453:41690.73084564459;1587:41693.73009465413
0,5,default_vehtype,boarding,True,-1,41693.73009465413,41723.73009465413,41693.73009465413,0.0,1587;-1;-1,1587;-1;-1,0.0,0.8460030331043962,0.8460030331043962,0,,0,125,1,,125,,
0,9,default_vehtype,route,False,-1000,40860.0,41831.805513915766,40860.0,0.0,1587;-1;-1,2378;-1;-1,9786.258635790018,0.5698667235112544,0.5688880976476762,0.0,,0,,0,,,1587;341;3097;3038;3763;3659;3658;3764;3765;3766;3767;3039;204;2667;9;3375;144;74;3377;2642;75;797;3090;3091;3089;3074;3075;3081;3080;3236;3882;963;3238;962;3035;2643;3087;961;960;3088;3870;3871;2931;2850;2898;2662;3309;3247;2851;651;3246;3243;3190;650;3369;4073;2944;649;2820;94;95;2946;287;1694;2378,1587:40860;341:40904.35559191953;3097:40920.95650269232;3038:40925.38353610858;3763:40931.04664980612;3659:40936.71774119588;3658:40941.61907492107;3764:40945.54769261476;3765:40958.866285131655;3766:40984.711848604624;3767:40987.61001398144;3039:40995.82934968955;204:41022.67617420633;2667:41030.44024686501;9:41034.91211410086;3375:41047.51242862881;144:41048.920429535116;74:41050.036787716504;3377:41051.045461193076;2642:41067.757958772396;75:41077.4229218785;797:41083.20669674755;3090:41092.214436115406;3091:41103.10406952077;3089:41111.56813603055;3074:41114.517999098156;3075:41133.71420956724;3081:41146.047973412205;3080:41150.74197542311;3236:41165.613600016695;3882:41178.30262376944;963:41180.81785392522;3238:41182.05884385204;962:41183.39636011251;3035:41198.774529744696;2643:41227.71663260453;3087:41251.734235698794;961:41256.9034907025;960:41258.12625997032;3088:41265.26309382744;3870:41287.31694045547;3871:41293.029888624376;2931:41314.22405720211;2850:41318.94106856821;2898:41324.21484543432;2662:41332.450939978145;3309:41358.00937844212;3247:41376.48361007172;2851:41389.27674574827;651:41391.75827756501;3246:41393.336630499274;3243:41401.54145230019;3190:41438.51607663415;650:41440.837025695626;3369:41442.8423323326;4073:41447.25428955212;2944:41479.23026875304;649:41482.7757607755;2820:41483.40103280595;94:41614.719570571986;95:41616.46675986071;2946:41770.776311723544;287:41779.190202220045;1694:41792.23147550855;2378:41831.805513915766
0,9,default_vehtype,boarding,True,40860,41831.805513915766,41836.4365208018,41831.805513915766,0.0,2378;-1;-1,2378;-1;-1,0.0,0.5688880976476762,0.5688880976476762,0.0,,0,133,3,133,,,
0,7,default_vehtype,route,False,-1000,40800,41871.991606419,40800,0,1014;-1;-1,2863;-1;-1,5817.531549729999,0.9658813569737031,0.9652996038187306,0.0,,0,,0,,,1014;567;3169;3412;3413;3414;3415;3789;3416;3417;3790;3418;3419;214;236;2319;1836;461;2246;263;262;2171;518;2193;2192;260;2189;1292;472;471;470;469;468;467;466;465;1859;957;2906;2867;3684;3749;3750;4004;2632;4067;2633;331;419;2863,1014:40800;567:40827.39475883698;3169:40864.672329110515;3412:40881.30190397012;3413:40894.25620271828;3414:40922.71331518719;3415:40966.83867203336;3789:40977.77346505389;3416:41009.59784347177;3417:41037.15978780724;3790:41058.77510821513;3418:41068.36890699272;3419:41097.50719773748;214:41099.3533767766;236:41145.27016385952;2319:41180.110003749716;1836:41228.72011888519;461:41236.621898879006;2246:41259.30515728509;263:41269.11350203963;262:41333.40264224296;2171:41341.53424473927;518:41368.877472567605;2193:41373.969258044504;2192:41375.82446340108;260:41379.39167444658;2189:41399.13531702171;1292:41464.85162276057;472:41466.22587763221;471:41499.493630895966;470:41509.32978755185;469:41513.904249813706;468:41566.17283093664;467:41572.72486148062;466:41589.01076125836;465:41603.92462809681;1859:41617.870780443234;957:41653.45956143382;2906:41661.0347840982;2867:41672.86961589984;3684:41674.81025764627;3749:41712.67278331988;3750:41732.64966685842;4004:41752.79195844629;2632:41757.90291224696;4067:41759.32778126824;2633:41813.1320649969;331:41830.072389685745;419:41865.92679170065;2863:41871.991606419
0,7,default_vehtype,boarding,True,40800,41871.991606419,41891.235738713745,41871.991606419,0.0,2863;-1;-1,2863;-1;-1,0.0,0.9652996038187306,0.9652996038187306,0,,0,131,1,131,,,
0,8,default_vehtype,route,False,-1000,41632.05522481521,41908.78129221824,41632.05522481521,0.0,360;-1;-1,3183;-1;-1,2324.96591119,0.9760231079432631,0.9757906113521441,0.0,,0,,0,,,360;361;1812;1813;3349;3351;334;988;989;389;390;391;392;393;543;3183,360:41632.05522481521;361:41642.56540314472;1812:41697.22186115064;1813:41708.86661948094;3349:41761.31955260455;3351:41765.38667301955;334:41767.628852505244;988:41815.781678413645;989:41823.86943452121;389:41833.49042922054;390:41855.87299552369;391:41885.81625056997;392:41895.95625697468;393:41896.80052635552;543:41899.94127365865;3183:41908.78129221824
0,8,default_vehtype,boarding,True,41400,41908.78129221824,42001.25137367551,41908.78129221824,0.0,3183;-1;-1,3183;-1;-1,0.0,0.9757906113521441,0.9757906113521441,0,,0,143,1,143,,,
0,4,default_vehtype,route,False,-1000,41433.75835965723,42033.01145678221,41433.75835965723,0.0,2347;-1;-1,4068;-1;-1,2489.0127236030003,0.9991023960052946,0.998853494732934,0.0,,0,,0,,,2347;3665;3313;3115;3666;3150;3926;3204;2675;3680;2687;423;422;421;2866;3446;3805;4003;420;4002;4068,2347:41433.75835965723;3665:41480.96732526049;3313:41488.474942062436;3115:41519.638040397396;3666:41522.76413065592;3150:41548.31130736019;3926:41563.11088758961;3204:41624.79383254092;2675:41625.20530821474;3680:41627.83358855891;2687:41699.39343566661;423:41700.035611612126;422:41745.82995268563;421:41969.44632099062;2866:41971.458190855505;3446:42007.70324050193;3805:42016.73203952532;4003:42025.26851131915;420:42029.71515612223;4002:42031.66182165015;4068:42033.01145678221
0,3,default_vehtype,route,False,-1000,41594.63107098471,42056.53944204705,41594.63107098471,0.0,427;-1;-1,2348;-1;-1,2505.87091226,0.9969414873537329,0.9966909002625064,0.0,,0,,0,,,427;428;3771;172;2596;3054;3112;430;867;868;2289;1135;578;2429;2240;1242;2269;2404;852;1278;2405;2348,427:41594.63107098471;428:41616.999518229895;3771:41638.66509271086;172:41645.22736194906;2596:41656.622229486224;3054:41659.06773612576;3112:41682.82262966005;430:41701.10550908172;867:41706.043442270784;868:41723.43929703381;2289:41733.90421330946;1135:41768.74928346296;578:41826.92018774861;2429:41840.57854398356;2240:41880.36523031465;1242:41909.77317667711;2269:41915.593435839095;2404:41942.53396092654;852:41954.7570428313;1278:42031.63281089983;2405:42050.65273407364;2348:42056.53944204705
0,2,default_vehtype,route,False,-1000,40934.97762940894,42082.235916671874,40934.97762940894,0.0,3691;-1;-1,1227;-1;-1,8660.53301761,0.9990838285243913,0.9982177752226304,0.0,,0,124,1,,,3691;3690;723;1197;1640;1639;1638;2218;1842;2295;2296;1809;2623;1362;1810;1811;361;1812;1813;3349;2583;134;2584;3269;3386;3270;104;103;2526;2738;3328;2639;3134;49;3116;3042;2599;1226;1227,3691:40934.97762940894;3690:41007.87092497617;723:41019.297459369714;1197:41055.86062310602;1640:41086.23900629871;1639:41097.746046400825;1638:41117.39009633;2218:41129.56635495659;1842:41134.00178432425;2295:41137.54660448229;2296:41173.15891785219;1809:41180.34075089232;2623:41231.47567440715;1362:41270.0028000816;1810:41309.0432809808;1811:41355.06317178944;361:41382.03348664111;1812:41415.642748604885;1813:41430.42871769925;3349:41469.97915304022;2583:41527.07478864944;134:41529.971416351524;2584:41551.22954947651;3269:41646.335866486705;3386:41772.734201602674;3270:41784.67525621924;104:41796.968939472026;103:41826.90741477066;2526:41904.40927096655;2738:41986.17113771098;3328:41996.60076140793;2639:42010.56394982298;3134:42019.638702479635;49:42022.50114114046;3116:42029.81969665033;3042:42071.1932618113;2599:42071.52497059751;1226:42076.84293977929;1227:42082.235916671874
0,2,default_vehtype,boarding,True,-1,42082.235916671874,42112.235916671874,42082.235916671874,0.0,1227;-1;-1,1227;-1;-1,0.0,0.9982177752226304,0.9982177752226304,0,,0,124,1,,124,,
0,3,default_vehtype,boarding,True,41280,42056.53944204705,42121.36814202779,42056.53944204705,0.0,2348;-1;-1,2348;-1;-1,0.0,0.9966909002625064,0.9966909002625064,0,,0,141,2,141,,,
0,6,default_vehtype,route,False,-1000,41580.0,42192.48328943085,41580.0,0.0,1587;-1;-1,2589;-1;-1,7628.80758228,0.921994875196487,0.9212319944382592,0.0,,0,,0,,,1587;341;3097;1785;3436;1777;3435;968;1778;1779;3378;144;74;3377;2642;75;797;3090;3091;3089;3074;3153;3076;3125;73;3233;3234;1780;193;910;3372;2764;3611;1383;3609;1382;243;1381;1380;1379;1378;1377;2369;2368;2367;1576;1169;3843;3636;3631;2590;2589,1587:41580;341:41625.91524777508;3097:41626.92703203694;1785:41671.43829977597;3436:41677.316456733344;1777:41687.041497334794;3435:41689.484522384984;968:41696.60231974288;1778:41708.51701911297;1779:41717.06159251964;3378:41737.06618135591;144:41740.021845606076;74:41742.18955723163;3377:41744.60150175183;2642:41757.14960226546;75:41767.06742786752;797:41769.7559132782;3090:41787.05831519587;3091:41791.8050013012;3089:41818.04147801632;3074:41820.44929885663;3153:41829.20593509719;3076:41850.95294664745;3125:41853.78455167914;73:41892.88721346703;3233:41899.107354073836;3234:41900.57596915939;1780:41901.12388414893;193:41909.37859145669;910:41945.10903681491;3372:41945.87088016928;2764:41955.82700640818;3611:42010.74193240797;1383:42036.02987931721;3609:42040.093933121265;1382:42041.74796821756;243:42059.64655132891;1381:42068.57321620281;1380:42078.49691357842;1379:42101.24728340935;1378:42115.23633180232;1377:42116.76309478879;2369:42119.80633223198;2368:42136.13137042108;2367:42141.34686890429;1576:42145.17791540985;1169:42147.24293941036;3843:42157.874512413895;3636:42159.331254689794;3631:42165.82142392167;2590:42183.601856686466;2589:42192.48328943085
0,6,default_vehtype,boarding,True,41580,42192.48328943085,42197.941089770386,42192.48328943085,0.0,2589;-1;-1,2589;-1;-1,0.0,0.9212319944382592,0.9212319944382592,0.0,,0,144,1,144,,,
0,1,default_vehtype,route,False,-1000,41040,42210.29659706456,41040,0,2846;-1;-1,328;-1;-1,7225.561319530997,0.9972780785516385,0.9965555224196871,0.0,,0,,0,,,2846;1409;752;2593;3023;3024;3591;3592;3590;754;3041;3042;2599;3134;2639;3328;2738;2526;103;104;3270;3386;145;3177;3178;3873;172;2715;2716;3314;3567;3566;3565;328,2846:41040;1409:41080.975003988875;752:41150.387484163286;2593:41171.21502088348;3023:41176.54437294434;3024:41184.2391100158;3591:41187.44137777794;3592:41188.64026138671;3590:41190.0983428538;754:41327.848019744866;3041:41396.32714903728;3042:41437.54282740718;2599:41439.08762485512;3134:41475.979253226105;2639:41483.462020556915;3328:41513.593757064256;2738:41516.46361100839;2526:41570.91742752106;103:41607.856796426495;104:41644.33521892042;3270:41679.783143586836;3386:41715.65911561472;145:41784.92777388875;3177:41875.03834314482;3178:41965.79293265591;3873:41980.669232494;172:41999.63754730208;2715:42006.37705113114;2716:42076.26172202616;3314:42138.253433273276;3567:42141.83526154951;3566:42207.307168431675;3565:42207.86829127023;328:42210.29659706456
0,1,default_vehtype,boarding,True,41040,42210.29659706456,42325.90133685737,42210.29659706456,0.0,328;-1;-1,328;-1;-1,0.0,0.9965555224196871,0.9965555224196871,0,,0,137,1,137,,,
0,10,default_vehtype,route,False,-1000,41480.859871674795,42412.33071619209,41480.859871674795,0.0,2122;-1;-1,1235;-1;-1,4748.823874872997,0.7914063983014359,0.7909315159139486,0.0,,0,135,1,,,2122;425;3925;3476;3313;3115;3666;3150;3926;3204;2675;3680;2687;423;422;421;2866;3446;3805;4003;420;4002;4068;268;2633;331;332;333;2384;2109;1758;1926;1925;1924;1923;1235,2122:41480.859871674795;425:41488.938307852084;3925:41501.78128129665;3476:41508.313651980345;3313:41530.44387258038;3115:41578.03923967314;3666:41581.114568498204;3150:41606.66174520247;3926:41621.46132543189;3204:41683.1442703832;2675:41683.55574605702;3680:41686.18402640119;2687:41757.74387350889;423:41758.386049454406;422:41804.18039052791;421:42027.7967588329;2866:42029.808628697785;3446:42066.05367834421;3805:42075.0824773676;4003:42083.61894916143;420:42088.06559396451;4002:42090.01225949243;4068:42091.36189462449;268:42144.262549221094;2633:42145.05410824453;331:42158.74532679311;332:42197.03995131592;333:42313.10410585073;2384:42315.11052785871;2109:42325.576246641154;1758:42328.74696690523;1926:42330.777365271424;1925:42343.31084116262;1924:42358.919237940994;1923:42365.27076704069;1235:42412.33071619209
0,6,default_vehtype,route,False,-1000,42197.941089770386,42429.20762977997,42197.941089770386,0.0,2589;-1;-1,619;-1;-1,2247.9209983,0.9212319944382592,0.9210072023384294,0.0,,0,144,1,,,2589;2590;3631;2554;3440;3635;3842;1170;2076;2085;2031;756;1079;1378;1379;1380;1381;1627;785;1628;1629;620;619,2589:42197.941089770386;2590:42200.162282272395;3631:42218.0810628102;2554:42219.66343373343;3440:42223.42304069917;3635:42225.39538069172;3842:42233.011503789894;1170:42257.408607053454;2076:42265.02603038329;2085:42269.17637927882;2031:42275.14495494993;756:42282.216349445494;1079:42289.70191267552;1378:42290.633262952404;1379:42323.7785495075;1380:42327.134981849755;1381:42360.211122080655;1627:42364.51460373401;785:42387.522724697534;1628:42391.7249180635;1629:42401.714930815455;620:42409.15315430443;619:42429.20762977997
0,10,default_vehtype,boarding,True,-1,42412.33071619209,42442.33071619209,42412.33071619209,0.0,1235;-1;-1,1235;-1;-1,0.0,0.7909315159139486,0.7909315159139486,0,,0,135,1,,135,,
0,6,default_vehtype,boarding,True,-1,42429.20762977997,42459.20762977997,42429.20762977997,0.0,619;-1;-1,619;-1;-1,0.0,0.9210072023384294,0.9210072023384294,0,,0,144,1,,144,,
0,4,default_vehtype,planned_stop,True,-1,42230,42530.0,42033.01145678221,196.98854321779072,4068;-1;-1,4068;-1;-1,0.0,0.998853494732934,0.998853494732934,0,,0,,0,,,,
0,7,default_vehtype,route,False,-1000,41891.235738713745,42578.41122612906,41891.235738713745,0.0,2863;-1;-1,3562;-1;-1,3937.5521845119993,0.9652996038187306,0.9649058486002791,0.0,,0,131,1,,,2863;3119;268;2633;4067;2632;4004;3750;3749;3446;2866;421;422;423;2687;3680;2675;3150;3666;3115;3313;3665;3925;425;3477;3475;3474;426;3567;3566;3565;3563;3562,2863:41891.235738713745;3119:41892.12524804688;268:41938.801290438234;2633:41945.52600780421;4067:41992.9887605801;2632:41994.841021636326;4004:41996.77308804209;3750:42014.71017213188;3749:42024.27116475086;3446:42034.615374595065;2866:42051.17747084501;421:42053.70701335609;422:42131.08455867878;423:42163.13550671033;2687:42165.01247222082;3680:42220.01817372787;2675:42222.1095191584;3150:42247.665318992906;3666:42352.582242766;3115:42356.28305607013;3313:42388.44021365649;3665:42390.0827540028;3925:42416.864921865475;425:42429.6661444085;3477:42431.53132721452;3475:42462.775320289365;3474:42465.76205167723;426:42500.70275738283;3567:42505.92633319399;3566:42571.39824007615;3565:42571.959362914706;3563:42573.219554014664;3562:42578.41122612906
0,1,default_vehtype,route,False,-1000,42325.90133685737,42602.25195699535,42325.90133685737,0.0,328;-1;-1,1123;-1;-1,2531.660889489999,0.9965555224196871,0.9963023563307383,0.0,,0,137,1,,,328;3314;2716;428;2121;512;3864;618;617;616;615;1092;1093;1123,328:42325.90133685737;3314:42366.479108914245;2716:42421.489302365924;428:42423.67614187534;2121:42498.142384291;512:42516.76389469911;3864:42535.295294201176;618:42542.13337729002;617:42556.67322968991;616:42568.13158684775;615:42582.541082771655;1092:42585.2466396381;1093:42597.61269661945;1123:42602.25195699535
0,7,default_vehtype,boarding,True,-1,42578.41122612906,42608.41122612906,42578.41122612906,0.0,3562;-1;-1,3562;-1;-1,0.0,0.9649058486002791,0.9649058486002791,0.0,,0,131,1,,131,,
0,1,default_vehtype,boarding,True,-1,42602.25195699535,42632.25195699535,42602.25195699535,0.0,1123;-1;-1,1123;-1;-1,0.0,0.9963023563307383,0.9963023563307383,0,,0,137,1,,137,,
0,7,default_vehtype,route,False,-1000,42608.41122612906,42709.84905393994,42608.41122612906,0.0,3562;-1;-1,427;-1;-1,609.5756516,0.9649058486002791,0.9648448910351192,0.0,,0,,0,,,3562;328;3314;3568;427,3562:42608.41122612906;328:42612.24842455086;3314:42652.82619660773;3568:42657.38792340734;427:42709.84905393994
0,1,default_vehtype,route,False,-1000,42632.25195699535,42720,42632.25195699535,0.0,1123;-1;-1,1208;1207;0.035,823.246387179976,0.9963023563307383,0.9962200316920202,0.0,,0,,0,,,1123;1093;1092;615;352;351;2176;2222;1208,1123:42632.25195699535;1093:42641.35476157247;1092:42656.87967595544;615:42664.46910340324;352:42679.228820214856;351:42684.69710370586;2176:42712.566976014445;2222:42716.573199546205;1208:42718.60689268115
0,7,default_vehtype,boarding,True,42060,42709.84905393994,42765.72234655149,42709.84905393994,0.0,427;-1;-1,427;-1;-1,0.0,0.9648448910351192,0.9648448910351192,0,,0,150,1,150,,,
0,10,default_vehtype,route,False,-1000,42442.33071619209,42792.1515479923,42442.33071619209,0.0,1235;-1;-1,1941;-1;-1,2202.20922837,0.7909315159139486,0.7907112949911116,0.0,,0,,0,,,1235;1923;1924;1925;1926;992;297;993;1667;276;277;223;224;225;4023;226;227;1941,1235:42442.33071619209;1923:42478.64923947235;1924:42484.22520074282;1925:42486.030438227725;1926:42514.3564053073;992:42546.54529194587;297:42550.657124104146;993:42586.032526536954;1667:42589.41575626651;276:42599.390162159725;277:42639.45009861041;223:42647.52242600411;224:42656.14690028675;225:42696.936753009606;4023:42730.45095548906;226:42746.19888691303;227:42781.51817034492;1941:42792.1515479923
0,10,default_vehtype,boarding,True,42060,42792.1515479923,42796.070320106825,42792.1515479923,0.0,1941;-1;-1,1941;-1;-1,0.0,0.7907112949911116,0.7907112949911116,0.0,,0,149,1,149,,,
0,11,default_vehtype,route,False,-1000,40165.68327770309,42849.898608499134,40165.68327770309,0.0,852;-1;-1,1140;-1;-1,15575.092271460022,0.5981499317770047,0.5965924225498587,0.0,,0,121,1,,,852;2404;1469;2403;1880;2208;2209;2210;304;303;302;969;3869;3868;2206;2306;3824;3593;1890;1889;2279;2156;3421;3423;3424;265;3671;264;1815;3670;3680;3203;424;423;422;421;2866;3446;3805;4003;420;4002;4067;2633;331;419;2863;3995;2864;3448;199;198;197;2701;2656;2699;2654;2646;2995;3506;3000;3961;3814;3815;3510;2997;2682;3516;3928;2998;3752;3286;2999;3158;643;3278;2855;932;3837;931;930;929;561;928;927;2462;2382;1645;2362;750;2459;1126;2080;2271;113;2470;1592;1593;1285;1594;1220;1595;1596;1597;3368;1658;1657;2941;3363;3361;1460;3367;1656;3437;1655;1654;1140,852:40165.68327770309;2404:40244.12675200377;1469:40289.15882064359;2403:40375.70994623591;1880:40386.7491603701;2208:40401.292476316434;2209:40404.44117554821;2210:40514.342780151324;304:40517.97762496034;303:40528.64443150402;302:40534.97038306321;969:40545.59842442125;3869:40555.73091642522;3868:40558.86045680843;2206:40570.573353418804;2306:40632.028119583956;3824:40632.740779102394;3593:40635.617869869406;1890:40638.648616018225;1889:40656.272382785195;2279:40706.90269636183;2156:40725.876058328206;3421:40776.95036609795;3423:40779.067180637074;3424:40792.59881196682;265:40797.31869672641;3671:40815.33855111418;264:40918.52703234916;1815:41023.95273343051;3670:41078.78164157232;3680:41081.20123283325;3203:41083.13303327019;424:41108.55098360698;423:41157.545721989314;422:41210.14152516213;421:41283.71625802707;2866:41285.836579770694;3446:41322.55368356762;3805:41337.82490454887;4003:41360.69155600591;420:41364.06843403309;4002:41365.19270067262;4067:41365.949442972975;2633:41465.62313728692;331:41482.06450300862;419:41489.96706633339;2863:41497.5211873422;3995:41534.96572764085;2864:41537.48082927263;3448:41546.58974860498;199:41560.933778465616;198:41620.09629572582;197:41624.74746921129;2701:41628.745627185854;2656:41640.51044346057;2699:41652.00583765675;2654:41700.360470938256;2646:41945.50710456159;2995:41992.19846311927;3506:42007.67515058475;3000:42015.3361648948;3961:42022.72440955791;3814:42032.87981542047;3815:42053.628596565766;3510:42069.10004945266;2997:42079.664383431176;2682:42082.27367688114;3516:42086.904365837836;3928:42108.35038214678;2998:42113.228000887495;3752:42141.646396229204;3286:42148.35018748795;2999:42166.69046728345;3158:42169.389742872205;643:42171.64661800453;3278:42180.09849343941;2855:42248.763992724766;932:42261.65004303131;3837:42279.520390592144;931:42301.47580743286;930:42323.33924293779;929:42361.1595278666;561:42394.21929319839;928:42401.51156050623;927:42450.00897064077;2462:42460.80339944054;2382:42465.660153245015;1645:42468.1509371541;2362:42474.82405921967;750:42490.74529187458;2459:42500.251369338315;1126:42542.063856474924;2080:42572.750700259014;2271:42593.99510685567;113:42600.417515430985;2470:42606.55826251502;1592:42615.02773471695;1593:42634.200810113;1285:42649.84279616137;1594:42653.87489242467;1220:42658.80428030741;1595:42662.65155548381;1596:42666.89787411775;1597:42690.18895387999;3368:42692.6088415106;1658:42712.675107191906;1657:42723.43232473876;2941:42752.08732770984;3363:42754.600829941715;3361:42757.83878637021;1460:42759.97379972569;3367:42760.97829123824;1656:42792.42677378325;3437:42809.04493562255;1655:42838.20278758758;1654:42841.911370271046;1140:42849.898608499134
0,11,default_vehtype,boarding,True,-1,42849.898608499134,42879.898608499134,42849.898608499134,0.0,1140;-1;-1,1140;-1;-1,0.0,0.5965924225498587,0.5965924225498587,0,,0,121,1,,121,,
0,4,default_vehtype,route,False,-1000,42530.0,42920.00381526657,42530.0,0.0,4068;-1;-1,3213;-1;-1,2936.1321640500014,0.998853494732934,0.9985598815165289,0.0,,0,,0,,,4068;268;3119;3450;3449;63;180;3994;3886;2696;3380;2320;3209;2334;3967;2487;3612;1545;2859;3213,4068:42530.0;268:42570.75227053249;3119:42596.37468238777;3450:42641.25455897089;3449:42643.17790281602;63:42684.403786332514;180:42687.35702128727;3994:42688.58016372432;3886:42713.11920277952;2696:42740.87695924989;3380:42746.01580765991;2320:42768.797150176346;3209:42799.4208629427;2334:42811.0143145923;3967:42820.323258104;2487:42826.9144380004;3612:42855.53542188257;1545:42893.414928341095;2859:42900.567373091544;3213:42920.00381526657
0,1,default_vehtype,route,False,-1000,42720,42937.62219765197,42720,0,1208;1207;0.035,1263;-1;-1,1153.495386010024,0.9962200316920202,0.9961046821534192,0.0,,0,,0,,,1208;1207;1206;1405;1188;1187;1186;1263,1208:42720;1207:42790.134762807975;1206:42819.7653042308;1405:42864.731924338885;1188:42872.98448127364;1187:42879.49721275807;1186:42901.034702572506;1263:42937.62219765197
0,1,default_vehtype,boarding,True,42720,42937.62219765197,42956.75426908771,42937.62219765197,0.0,1263;-1;-1,1263;-1;-1,0.0,0.9961046821534192,0.9961046821534192,0,,0,156,1,156,,,
0,6,default_vehtype,route,False,-1000,42459.20762977997,43001.451000851834,42459.20762977997,0.0,619;-1;-1,2433;-1;-1,4906.159238210001,0.9210072023384294,0.9205165864146085,0.0,,0,,0,,,619;620;1629;1628;785;1627;1381;1380;1379;1378;1377;2369;2368;2367;1576;1169;3843;3636;3631;2554;3440;3438;3625;2934;2364;1418;3544;2126;2363;3579;3141;1701;1891;2162;2011;720;1949;1332;1146;1150;1331;1219;2349;1568;2433,619:42459.20762977997;620:42462.78250253251;1629:42478.951975187505;1628:42485.12380869586;785:42494.534690371715;1627:42505.48769060226;1381:42512.186021479065;1380:42516.347455422365;1379:42525.16123848036;1378:42557.97889926738;1377:42559.25649194083;2369:42574.63775455342;2368:42591.71127505642;2367:42596.926773539635;1576:42600.75782004519;1169:42602.8228440457;3843:42613.45441704924;3636:42614.91115932514;3631:42621.40132855701;2554:42622.983699480246;3440:42626.743306445984;3438:42631.58342404258;3625:42635.68215890365;2934:42656.20843431323;2364:42660.28158655953;1418:42664.06575304137;3544:42665.08159932116;2126:42702.88099121251;2363:42716.47461762162;3579:42721.80347046699;3141:42724.541345440586;1701:42727.118699900595;1891:42730.95230263019;2162:42782.197650559916;2011:42806.81912925811;720:42844.97661955822;1949:42849.13133738377;1332:42856.13430328861;1146:42860.10445461922;1150:42863.96670033288;1331:42973.75890761068;1219:42984.056109903686;2349:42994.12831821246;1568:42999.93032541515;2433:43001.451000851834
0,6,default_vehtype,boarding,True,42420,43001.451000851834,43031.13437572932,43001.451000851834,0.0,2433;-1;-1,2433;-1;-1,0.0,0.9205165864146085,0.9205165864146085,0,,0,153,1,153,,,
0,2,default_vehtype,route,False,-1000,42540,43049.881804071105,42540,0,1227;-1;-1,1853;-1;-1,3000.496076507,0.9982177752226304,0.9979177256149797,0.0,,0,,0,,,1227;1226;2599;3134;2639;2640;55;2591;54;2602;2868;3770;724;3648;3693;3799;725;4021;726;3619;691;3679;739;3640;160;740;741;742;743;744;745;1853,1227:42540;1226:42544.40794865615;2599:42608.67052484424;3134:42642.99285725801;2639:42651.489249611885;2640:42669.54757532416;55:42674.821938301626;2591:42677.13156385157;54:42690.27609944277;2602:42697.544612923346;2868:42719.563903918606;3770:42722.93063246289;724:42734.89935161883;3648:42735.49143088005;3693:42753.16199503738;3799:42762.92591850747;725:42777.56186413571;4021:42788.034388135464;726:42809.451241894545;3619:42825.577473030404;691:42855.16415848768;3679:42869.413369269496;739:42873.356830190954;3640:42889.27521357332;160:42896.1494232363;740:42942.42847937459;741:42955.071140459855;742:42968.58646186303;743:42981.93035000324;744:43003.3150096546;745:43040.035165316964;1853:43049.881804071105
0,2,default_vehtype,boarding,True,42540,43049.881804071105,43052.28387443877,43049.881804071105,0.0,1853;-1;-1,1853;-1;-1,0.0,0.9979177256149797,0.9979177256149797,0,,0,155,1,155,,,
0,1,default_vehtype,route,False,-1000,42956.75426908771,43071.7091093431,42956.75426908771,0.0,1263;-1;-1,427;-1;-1,923.88484735,0.9961046821534192,0.9960122936686839,0.0,,0,156,1,,,1263;2122;425;3474;3475;3315;3567;3314;3568;427,1263:42956.75426908771;2122:42960.96683252342;425:43005.322280699824;3474:43020.118684370675;3475:43025.5438195213;3315:43033.901836871686;3567:43040.42393866044;3314:43042.49414148872;3568:43043.73062997363;427:43071.7091093431
0,1,default_vehtype,boarding,True,-1,43071.7091093431,43101.7091093431,43071.7091093431,0.0,427;-1;-1,427;-1;-1,0.0,0.9960122936686839,0.9960122936686839,0,,0,156,1,,156,,
0,4,default_vehtype,boarding,True,42360,42920.00381526657,43113.318344952226,42920.00381526657,0.0,3213;-1;-1,3213;-1;-1,0.0,0.9985598815165289,0.9985598815165289,0,,0,151,1,151,,,
0,8,default_vehtype,route,False,-1000,42001.25137367551,43168.94921737807,42001.25137367551,0.0,3183;-1;-1,2003;-1;-1,5278.858982449002,0.9757906113521441,0.9752627254539006,0.0,,0,143,1,,,3183;544;1408;2220;2302;1214;350;2175;258;2221;1406;1188;1405;3682;3987;3568;426;3567;3566;3565;3563;3562;4026;2208;1880;2403;2503;2026;2397;1987;2423;3660;1664;2373;1426;1427;1428;1429;2180;2003,3183:42001.25137367551;544:42115.143516901066;1408:42287.74779826426;2220:42295.18818893993;2302:42410.52539173949;1214:42414.39313545149;350:42422.5157703286;2175:42431.96730190212;258:42450.19410660214;2221:42523.14014973411;1406:42561.445707435276;1188:42582.67545984318;1405:42591.461202399805;3682:42612.881749066124;3987:42619.155722059324;3568:42713.0760819147;426:42715.359593421046;3567:42720.38329490724;3566:42787.058728211814;3565:42788.43088931053;3563:42790.50423379901;3562:42791.21353091943;4026:42868.38604521544;2208:42885.91434349007;1880:42912.16818142481;2403:42943.99593360021;2503:42977.852176398155;2026:42987.968941495776;2397:42992.8999683683;1987:43013.82265774707;2423:43020.672194523955;3660:43028.01698745843;1664:43030.410229099594;2373:43041.26568545243;1426:43043.738437523636;1427:43074.27199274553;1428:43132.324160673925;1429:43147.84635242447;2180:43153.23934290504;2003:43168.94921737807
0,8,default_vehtype,boarding,True,-1,43168.94921737807,43198.94921737807,43168.94921737807,0.0,2003;-1;-1,2003;-1;-1,0.0,0.9752627254539006,0.9752627254539006,0,,0,143,1,,143,,
0,1,default_vehtype,route,False,-1000,43101.7091093431,43213.76121436327,43101.7091093431,0.0,427;-1;-1,425;-1;-1,612.1716691799999,0.9960122936686839,0.9959510765017658,0.0,,0,,0,,,427;3568;426;3474;425,427:43101.7091093431;3568:43145.41888639085;426:43146.61940741344;3474:43185.68574838673;425:43213.76121436327
0,1,default_vehtype,boarding,True,42540,43213.76121436327,43221.66163892796,43213.76121436327,0.0,425;-1;-1,425;-1;-1,0.0,0.9959510765017658,0.9959510765017658,0,,0,154,1,154,,,
0,10,default_vehtype,route,False,-1000,42796.070320106825,43256.53701600311,42796.070320106825,0.0,1941;-1;-1,3562;-1;-1,3250.7888264500007,0.7907112949911116,0.7903862161084672,0.0,,0,149,1,,,1941;227;228;229;230;231;232;233;234;235;4050;236;214;3419;213;212;2306;2206;3868;2207;2387;3644;2386;4026;3562,1941:42796.070320106825;227:42801.13205434514;228:42839.6077287116;229:42876.8943953627;230:42941.13383687897;231:42986.99701208895;232:42988.835860213134;233:42997.80802590603;234:43007.96771971918;235:43029.48652871849;4050:43035.91086965151;236:43058.198232114664;214:43085.81362801872;3419:43088.520416209125;213:43101.20716426657;212:43106.947412285925;2306:43131.500344273125;2206:43152.725889043904;3868:43167.60640986542;2207:43172.97358186762;2387:43179.24592049289;3644:43187.011263890454;2386:43193.967783049105;4026:43198.22551632108;3562:43256.53701600311
0,10,default_vehtype,boarding,True,-1,43256.53701600311,43286.53701600311,43256.53701600311,0.0,3562;-1;-1,3562;-1;-1,0.0,0.7903862161084672,0.7903862161084672,0,,0,149,1,,149,,
0,7,default_vehtype,route,False,-1000,42765.72234655149,43508.6233676627,42765.72234655149,0.0,427;-1;-1,1924;-1;-1,4923.868342320002,0.9648448910351192,0.9643525042008869,0.0,,0,150,1,,,427;3568;426;3474;425;3925;3665;338;2670;3926;3204;3203;424;423;2687;2688;422;421;2867;3684;3749;3446;3805;4003;420;4068;268;2633;331;332;734;2384;2109;1758;2455;1391;2183;1924,427:42765.72234655149;3568:42809.43212359924;426:42810.63264462183;3474:42849.69898559512;425:42877.77445157166;3925:42884.84959252419;3665:42899.937774683065;338:42931.619114813846;2670:42936.89828114703;3926:42968.3322052949;3204:42996.155095263945;3203:42996.87274126629;424:43031.49031398668;423:43082.495155465745;2687:43085.2351952528;2688:43125.6986783319;422:43128.0994631949;421:43183.28496436205;2867:43187.259673801185;3684:43189.353802217716;3749:43204.24430384378;3446:43208.81679930242;3805:43228.031404332796;4003:43243.15836760775;420:43245.69018552726;4068:43247.33094029906;268:43275.32264809228;2633:43276.15230331531;331:43288.93164004635;332:43319.94850763857;734:43327.7248606363;2384:43375.2641300975;2109:43383.843753234505;1758:43393.969680934475;2455:43445.13325657148;1391:43451.02757698221;2183:43469.24316621419;1924:43508.6233676627
0,6,default_vehtype,route,False,-1000,43031.13437572932,43524.917464058315,43031.13437572932,0.0,2433;-1;-1,2091;-1;-1,5319.2681349,0.9205165864146085,0.9199846596011185,0.0,,0,153,1,,,2433;1568;2349;1219;1331;547;1330;776;775;774;2332;2331;2330;2329;2153;2896;3289;2895;644;3290;3291;3834;3159;4081;3160;3161;3162;3810;2937;926;1714;2952;2951;2950;3545;3546;3549;3550;491;490;489;881;1683;1959;2091,2433:43031.13437572932;1568:43032.54026934469;2349:43034.72445109513;1219:43047.36598026282;1331:43059.50312118069;547:43061.25126148955;1330:43062.44268727114;776:43066.69208137108;775:43079.87407537381;774:43098.192819139935;2332:43115.24182323907;2331:43136.38241895007;2330:43165.467429231474;2329:43189.910116760904;2153:43195.78628006639;2896:43204.857951946185;3289:43218.06807380142;2895:43222.27476092841;644:43225.42283274226;3290:43229.204170790814;3291:43232.09884256871;3834:43248.75558876723;3159:43252.65540706268;4081:43320.62146418442;3160:43344.01883493853;3161:43354.87376214055;3162:43363.533127775314;3810:43377.57827945606;2937:43379.52021425027;926:43394.8155300349;1714:43403.53416689386;2952:43415.80121297208;2951:43439.00062029866;2950:43463.12101726992;3545:43469.034273808174;3546:43469.887173707;3549:43472.25222111718;3550:43472.83051472767;491:43480.524299666045;490:43485.908095281935;489:43492.25523500722;881:43498.00369255281;1683:43505.69915176542;1959:43516.76131148414;2091:43524.917464058315
0,7,default_vehtype,boarding,True,-1,43508.6233676627,43538.6233676627,43508.6233676627,0.0,1924;-1;-1,1924;-1;-1,0.0,0.9643525042008869,0.9643525042008869,0,,0,150,1,,150,,
0,6,default_vehtype,boarding,True,-1,43524.917464058315,43554.917464058315,43524.917464058315,0.0,2091;-1;-1,2091;-1;-1,0.0,0.9199846596011185,0.9199846596011185,0.0,,0,153,1,,153,,
0,11,default_vehtype,route,False,-1000,43020.0,43550.99854296169,43020.0,0.0,1140;-1;-1,886;-1;-1,5822.313951510002,0.5965924225498587,0.5960101911547075,0.0,,0,,0,,,1140;1654;1449;1448;3175;2816;28;3049;2786;3734;3454;2958;3453;2788;2791;2794;2795;1182;1978;1162;1943;2087;1366;2092;2093;3240;2094;3239;2032;1732;3370;4075;3369;2835;87;2576;1548;1401;954;1540;1209;2095;981;878;982;886,1140:43020;1654:43024.20396723244;1449:43034.859877736766;1448:43084.266657722605;3175:43101.02062933072;2816:43123.24414973109;28:43137.05456942499;3049:43161.33739079135;2786:43168.82140823654;3734:43193.44808725911;3454:43198.309455422845;2958:43200.18720161629;3453:43204.051953299255;2788:43212.45155756589;2791:43220.14460390112;2794:43233.24781285887;2795:43241.45294742032;1182:43250.72222276844;1978:43257.58412605996;1162:43277.24994091092;1943:43287.40770133728;2087:43296.480159203405;1366:43308.16515961966;2092:43326.83158631809;2093:43336.107001904566;3240:43343.83348463243;2094:43348.569987629024;3239:43350.67716349402;2032:43379.82211401752;1732:43389.460822918896;3370:43399.658011502695;4075:43401.44527839415;3369:43407.30222153825;2835:43408.021879354805;87:43410.58914643643;2576:43421.74294874348;1548:43430.08363126175;1401:43439.84969769464;954:43443.665213431465;1540:43450.754492521075;1209:43478.286435806855;2095:43484.68293586994;981:43490.625573547986;878:43496.08105062024;982:43530.401150609425;886:43550.99854296169
0,0,default_vehtype,to_depot,True,-1000,43200.0,43583.722967986956,43200.0,0.0,1827;-1;-1,19;-1;-1,3891.515745063,0.9921556061547324,0.9917664545802255,0.0,,0,,0,,,1827;1671;1500;1501;2225;2120;3298;3300;3096;2649;2650;22;2847;4064;4063;21;3095;2566;3488;3094;3093;3103;3104;3893;3894;3895;20;19,1827:43200;1671:43212.98535462296;1500:43320.21972764128;1501:43349.09898722785;2225:43355.38891174758;2120:43381.86997683889;3298:43414.45112578369;3300:43424.02786685761;3096:43441.6152441874;2649:43443.25673142357;2650:43449.971633737725;22:43454.00772816818;2847:43477.887528120584;4064:43478.79340162952;4063:43479.320733516935;21:43481.577514986464;3095:43495.40658453091;2566:43498.188349689204;3488:43499.21325751688;3094:43502.02278392126;3093:43503.405196690816;3103:43506.680353427575;3104:43536.66464767486;3893:43541.351575852364;3894:43542.56349034351;3895:43564.0428647507;20:43580.895293402384;19:43583.722967986956
0,0,default_vehtype,out_of_service,True,-1,43583.722967986956,43590.0,43583.722967986956,0.0,19;-1;-1,19;-1;-1,0.0,0.9917664545802255,0.9917664545802255,0.0,,0,,0,,,,
0,11,default_vehtype,boarding,True,43020,43550.99854296169,43591.00689033318,43550.99854296169,0.0,886;-1;-1,886;-1;-1,0.0,0.5960101911547075,0.5960101911547075,0,,0,159,1,159,,,
0,0,default_vehtype,charging,True,43590,43590,43688.802545037295,43590,0,19;-1;-1,19;-1;-1,0.0,0.9917664545802255,1.0,15,0-0,0,,0,,,,
0,5,default_vehtype,route,False,-1000,42780,43693.35004528032,42780,0,1587;-1;-1,1215;-1;-1,6713.325942356998,0.8460030331043962,0.8453317005101605,0.0,,0,,0,,,1587;453;1668;142;3573;3574;3551;3316;3657;2761;3144;3301;2537;3123;10;13;24;3840;3839;105;2837;3107;3182;1482;2669;3102;3108;2678;387;388;389;390;391;392;393;543;3183;544;1408;2220;2302;1214;1215,1587:42780;453:42803.9936504438;1668:42809.42843954013;142:42816.65520467646;3573:42819.10397192822;3574:42820.19022311957;3551:42826.09521250226;3316:42830.66143684866;3657:42831.441225130104;2761:42841.584951405166;3144:42848.04047039852;3301:42854.01296131556;2537:42855.26391128546;3123:42865.6925269546;10:42882.884983673466;13:42884.34934449581;24:42885.170007123656;3840:42915.283641853144;3839:42919.10931924621;105:42926.16867148345;2837:43017.83163518909;3107:43114.70034607523;3182:43126.724966198955;1482:43165.511253596036;2669:43167.51418380126;3102:43168.42389225794;3108:43251.4404916997;2678:43294.83768079821;387:43299.67355100049;388:43312.07374073247;389:43324.059516807116;390:43336.04596072304;391:43348.82462724446;392:43400.1555634473;393:43413.50604941912;543:43425.04443068626;3183:43429.7600588768;544:43460.58359761401;1408:43539.31719449965;2220:43617.634822200875;2302:43658.31301982833;1214:43688.02665050542;1215:43693.35004528032
0,5,default_vehtype,boarding,True,42780,43693.35004528032,43715.747556101625,43693.35004528032,0.0,1215;-1;-1,1215;-1;-1,0.0,0.8453317005101605,0.8453317005101605,0,,0,157,1,157,,,
0,1,default_vehtype,route,False,-1000,43221.66163892796,43771.420469234,43221.66163892796,0.0,425;-1;-1,734;-1;-1,3306.5944378600016,0.9959510765017658,0.9956204170579791,0.0,,0,154,1,,,425;3925;3665;338;2670;3926;3204;3203;424;423;422;421;2866;3446;3805;4003;420;4002;4067;2633;331;332;734,425:43221.66163892796;3925:43228.736779880484;3665:43243.82496203936;338:43275.50630217014;2670:43280.78546850332;3926:43312.2193926512;3204:43359.52062500352;3203:43362.38735393488;424:43376.14803183753;423:43478.49731070258;422:43549.33925172923;421:43594.12539873816;2866:43595.83629839058;3446:43606.49845684349;3805:43649.27798529542;4003:43671.396478704606;420:43674.54368632027;4002:43677.803155757916;4067:43681.57370865722;2633:43722.88832294627;331:43742.367116063004;332:43763.62490342005;734:43771.420469234
0,8,default_vehtype,route,False,-1000,43260,43798.38183315823,43260,0,2003;-1;-1,427;-1;-1,2929.121085249999,0.9752627254539006,0.9749698133453755,0.0,,0,,0,,,2003;2180;2373;1664;2689;2372;358;2345;2503;2403;1888;4032;3862;4031;4030;3112;429;2596;172;3771;428;427,2003:43260;2180:43290.20033899856;2373:43320.443801271984;1664:43343.19134909443;2689:43356.274295252726;2372:43375.56289753741;358:43381.87434296722;2345:43399.119360321274;2503:43405.54752383905;2403:43475.48281575279;1888:43485.103490193644;4032:43501.557671592076;3862:43512.13506867676;4031:43534.6084325101;4030:43541.734049257575;3112:43698.36379337986;429:43725.58120412041;2596:43745.71112697308;172:43758.08362078475;3771:43762.17063443952;428:43784.67543037549;427:43798.38183315823
0,1,default_vehtype,boarding,True,-1,43771.420469234,43801.420469234,43771.420469234,0.0,734;-1;-1,734;-1;-1,0.0,0.9956204170579791,0.9956204170579791,0.0,,0,154,1,,154,,
0,10,default_vehtype,route,False,-1000,43286.53701600311,43800.21366053742,43286.53701600311,0.0,3562;-1;-1,1027;-1;-1,3102.646717080001,0.7903862161084672,0.7900759514367592,0.0,,0,,0,,,3562;328;3314;3567;3315;3475;3477;3476;3313;3115;3666;2670;3926;3204;3203;424;535;2000;125;686;237;1257;1256;550;1025;1026;1027,3562:43286.53701600311;328:43288.45595711963;3314:43358.846139948124;3567:43359.995091711105;3315:43365.44231999468;3475:43383.82256808166;3477:43410.856240475674;3476:43416.059421908445;3313:43445.65556605105;3115:43467.70201469033;3666:43472.809682467094;2670:43474.527372413824;3926:43524.494211726655;3204:43579.35712439062;3203:43582.22385332198;424:43595.98453122463;535:43616.83187079491;2000:43626.435188332514;125:43658.363109323254;686:43668.70858042689;237:43685.267795463435;1257:43690.16721909463;1256:43691.85609912085;550:43739.644276072424;1025:43749.47842293361;1026:43794.632671531705;1027:43800.21366053742
0,6,default_vehtype,route,False,-1000,43554.917464058315,43826.2431703938,43554.917464058315,0.0,2091;-1;-1,789;-1;-1,2934.5831858260003,0.9199846596011185,0.9196912012825361,0.0,,0,,0,,,2091;1959;1683;488;705;706;707;3548;3546;3545;384;2955;708;2956;2957;709;710;711;712;713;714;1724;636;637;638;639;1290;1580;788;789,2091:43554.917464058315;1959:43563.35530631799;1683:43576.04256657766;488:43583.12770129498;705:43592.382508097355;706:43600.47480533786;707:43604.05894725561;3548:43617.71340360257;3546:43619.57979774848;3545:43619.87007551736;384:43633.33335019801;2955:43643.542037033185;708:43644.98433063167;2956:43645.361396809196;2957:43648.83101284675;709:43660.61545238258;710:43673.01104492006;711:43686.96671945635;712:43705.26215903852;713:43714.113753752994;714:43723.37546318556;1724:43729.246457765206;636:43737.15094827847;637:43745.49129560367;638:43754.7076588205;639:43759.0679033465;1290:43765.324231990024;1580:43781.29593472405;788:43810.001562659316;789:43826.2431703938
0,9,default_vehtype,route,False,-1000,41836.4365208018,43834.80328502673,41836.4365208018,0.0,2378;-1;-1,1429;-1;-1,16225.38245412999,0.5688880976476762,0.567265559402264,0.0,,0,133,3,,,2378;1694;1511;1554;1695;1696;1697;1698;2127;2365;1415;2231;3473;2435;3623;971;3439;3633;2590;3631;2554;3440;3632;2552;2550;2551;2548;3656;66;143;3622;3727;3726;2545;3725;2768;2561;2562;2832;3;15;2923;83;3469;3470;3918;2830;2829;1945;1766;509;3650;1828;2117;4074;2677;1482;2669;2619;2769;2770;3779;2771;2772;2773;3558;2774;3552;2743;2744;2745;3126;3058;2634;2680;101;3271;3270;104;2714;3178;3873;172;2596;3054;3112;430;867;868;2289;1135;578;2429;2240;1242;2269;2404;852;1278;2405;2443;2374;1426;1427;1428;1429,2378:41836.4365208018;1694:41847.33097947863;1511:41858.689529149604;1554:41870.710178692134;1695:41879.41728365455;1696:41903.8468734013;1697:41936.99683208459;1698:41941.097167568376;2127:41955.61299572988;2365:41961.83212043395;1415:41968.77567857905;2231:41973.365231932614;3473:41978.1023563118;2435:41982.29017462778;3623:41995.66087883999;971:42002.91640016488;3439:42003.840568433254;3633:42009.60883077101;2590:42031.55036805071;3631:42044.32731013207;2554:42050.48781062678;3440:42052.22506887134;3632:42055.0771129036;2552:42071.92813989448;2550:42078.05395795907;2551:42079.66427261848;2548:42109.35554141903;3656:42113.57324144695;66:42153.0185289739;143:42181.573478379614;3622:42186.34780347252;3727:42197.350548525406;3726:42201.59376187925;2545:42203.76932947065;3725:42205.85895631084;2768:42219.1418172469;2561:42240.606169824;2562:42241.806799088256;2832:42254.092412543134;3:42298.47849381174;15:42302.40341786653;2923:42304.327375451416;83:42315.018437526014;3469:42319.845411239636;3470:42322.897086690245;3918:42332.57622817343;2830:42345.45329416949;2829:42351.724131035844;1945:42359.99052112115;1766:42367.4905650538;509:42395.90274692201;3650:42405.31853949143;1828:42406.23133056002;2117:42428.13474408646;4074:42453.44066958418;2677:42476.036366739725;1482:42477.325460151354;2669:42481.68465305819;2619:42497.28655715825;2769:42501.24832529424;2770:42511.11811802905;3779:42512.76931651985;2771:42527.65882303622;2772:42535.24901603007;2773:42554.3178406161;3558:42560.17895966597;2774:42562.32273793421;3552:42563.382495914724;2743:42589.026044234684;2744:42598.807014612685;2745:42630.47026505113;3126:42641.24878139237;3058:42726.697564797374;2634:42757.14910308638;2680:42762.996256609054;101:42795.47092930198;3271:42915.698708686905;3270:42941.50506408724;104:42963.13565608674;2714:42999.85723855177;3178:43052.355098464766;3873:43129.10272897818;172:43136.18886562148;2596:43163.77046265038;3054:43167.68916944721;3112:43198.828552250976;430:43228.3064989447;867:43253.365905328574;868:43311.68452413478;2289:43324.82011813031;1135:43345.60549583342;578:43354.711198130746;2429:43363.46666962248;2240:43380.41695750753;1242:43418.28071899013;2269:43423.54694744691;2404:43477.924395947455;852:43559.564748860575;1278:43603.79453143325;2405:43628.10779106609;2443:43664.086766375694;2374:43679.3652260174;1426:43743.49962921371;1427:43753.88988589455;1428:43804.30920496197;1429:43834.80328502673
0,10,default_vehtype,boarding,True,43080,43800.21366053742,43836.28074881242,43800.21366053742,0.0,1027;-1;-1,1027;-1;-1,0.0,0.7900759514367592,0.7900759514367592,0.0,,0,160,2,160,,,
0,6,default_vehtype,boarding,True,43500,43826.2431703938,43862.13753693501,43826.2431703938,0.0,789;-1;-1,789;-1;-1,0.0,0.9196912012825361,0.9196912012825361,0,,0,166,1,166,,,
0,9,default_vehtype,boarding,True,-1,43834.80328502673,43864.80328502673,43834.80328502673,0.0,1429;-1;-1,1429;-1;-1,0.0,0.567265559402264,0.567265559402264,0,,0,133,3,,133,,
0,8,default_vehtype,boarding,True,43260,43798.38183315823,43879.03957501924,43798.38183315823,0.0,427;-1;-1,427;-1;-1,0.0,0.9749698133453755,0.9749698133453755,0,,0,162,1,162,,,
0,5,default_vehtype,route,False,-1000,43715.747556101625,43999.09057277526,43715.747556101625,0.0,1215;-1;-1,427;-1;-1,1366.7186940899996,0.8453317005101605,0.8451950286407516,0.0,,0,157,1,,,1215;1214;350;2175;258;2221;1406;1188;1405;3682;3569;3645;426;3568;427,1215:43715.747556101625;1214:43727.03055183296;350:43732.71144432924;2175:43745.059673626485;258:43749.822325115456;2221:43806.65583233586;1406:43816.00892220764;1188:43828.065304947886;1405:43835.6213326261;3682:43863.190615501306;3569:43866.82141631628;3645:43881.751412540456;426:43927.14534096976;3568:43928.64784250638;427:43999.09057277526
0,3,default_vehtype,route,False,-1000,42121.36814202779,44008.530365500126,42121.36814202779,0.0,2348;-1;-1,2893;-1;-1,12597.471100267976,0.9966909002625064,0.9954311531524789,0.0,,0,141,2,,,2348;2405;2443;2374;1426;2373;1664;3660;2423;1987;2397;2026;2503;2403;1880;2208;4026;2386;3772;3922;832;3400;997;2305;1889;2279;2156;3421;3777;3422;3424;265;1518;2246;263;262;261;260;2189;1292;472;471;470;469;468;467;466;465;1859;957;2906;2867;3684;3749;3750;4004;2632;4002;4068;268;3119;3450;3449;199;198;197;2701;3334;3393;3394;2647;3391;186;3694;3168;2282;3581;2930;182;1933;2281;2887;2891;3952;398;3047;3950;2782;2893,2348:42121.36814202779;2405:42124.642686951614;2443:42176.7559723643;2374:42191.20072433591;1426:42217.20510325558;2373:42229.98853557814;1664:42237.2464860912;3660:42238.07017568066;2423:42280.80041477206;1987:42308.573827677705;2397:42342.92809635458;2026:42375.97419560774;2503:42390.221587136635;2403:42408.258237525544;1880:42435.15531065435;2208:42494.65839560138;4026:42508.497214490715;2386:42512.28543764152;3772:42523.296122853026;3922:42550.27297636734;832:42553.46682856062;3400:42559.34848638572;997:42567.095436878066;2305:42572.75090176673;1889:42578.654604996846;2279:42585.075328108345;2156:42590.04863254263;3421:42600.61480584371;3777:42602.36384615192;3422:42605.59038700127;3424:42611.06077563685;265:42612.65708452131;1518:42621.83481354382;2246:42634.97893337557;263:42665.34577495536;262:42719.45882716477;261:42772.034847090865;260:42782.04149574167;2189:42788.5267414464;1292:42845.31667909484;472:42848.90747014032;471:42874.24599543031;470:42887.41031688621;469:42900.685802042804;468:42936.4550871583;467:42950.240033676484;466:42962.550476799224;465:42989.212865823094;1859:42994.04347476331;957:43004.48988647574;2906:43039.434486753875;2867:43056.108806041266;3684:43058.2029344578;3749:43073.09343608386;3750:43089.64015143576;4004:43123.94635615194;2632:43125.48785675313;4002:43127.11132461752;4068:43128.45604040573;268:43156.447748198945;3119:43196.85949972793;3450:43230.67512770162;3449:43235.62031968622;199:43309.10150848215;198:43378.17924312525;197:43381.9818404329;2701:43383.94069475879;3334:43441.263635176445;3393:43584.16495866139;3394:43694.07635672793;2647:43820.88005166268;3391:43868.631836500055;186:43870.93116501695;3694:43879.436248617334;3168:43883.37550439451;2282:43885.14430300091;3581:43887.686779187774;2930:43890.01358229066;182:43909.90826026797;1933:43929.178952325834;2281:43954.42021493141;2887:43960.725617231605;2891:43972.12888108289;3952:43977.68346710541;398:43982.14203613988;3047:43986.43875579409;3950:43996.113034572765;2782:44006.15016569865;2893:44008.530365500126
0,7,default_vehtype,route,False,-1000,43538.6233676627,44010.19659618186,43538.6233676627,0.0,1924;-1;-1,2115;-1;-1,2761.906359306999,0.9643525042008869,0.9640763135649568,0.0,,0,,0,,,1924;1925;1926;1758;842;731;4048;732;733;734;419;331;2633;268;3195;1610;2858;3807;3935;3971;1611;2337;2115,1924:43538.6233676627;1925:43566.39526791631;1926:43579.16444826183;1758:43590.26559688331;842:43613.49518987238;731:43632.300960431756;4048:43639.86624726529;732:43655.28665735461;733:43660.29718946522;734:43668.008383056185;419:43685.39265115925;331:43696.13146270579;2633:43719.76735184091;268:43721.69447044673;3195:43733.52808575715;1610:43734.495732615374;2858:43869.55570050488;3807:43923.5140706198;3935:43945.20327289365;3971:43977.855299874835;1611:43978.584815815666;2337:44000.80834618123;2115:44010.19659618186
0,5,default_vehtype,boarding,True,-1,43999.09057277526,44029.09057277526,43999.09057277526,0.0,427;-1;-1,427;-1;-1,0.0,0.8451950286407516,0.8451950286407516,0,,0,157,1,,157,,
0,3,default_vehtype,boarding,True,-1,44008.530365500126,44038.530365500126,44008.530365500126,0.0,2893;-1;-1,2893;-1;-1,0.0,0.9954311531524789,0.9954311531524789,0,,0,141,2,,141,,
0,2,default_vehtype,route,False,-1000,43052.28387443877,44086.15688822441,43052.28387443877,0.0,1853;-1;-1,1280;-1;-1,6705.4612126500015,0.9979177256149797,0.9972471794937142,0.0,,0,155,1,,,1853;745;744;743;742;741;740;160;132;3271;3270;104;2714;3053;2917;3414;1015;1520;483;3715;844;3789;3416;1280,1853:43052.28387443877;745:43207.81035770922;744:43276.76069278483;743:43294.71040824048;742:43310.16408916158;741:43322.28637195057;740:43343.40067341886;160:43377.18323313049;132:43383.97676255594;3271:43433.589746611375;3270:43450.79062062289;104:43480.13072772463;2714:43518.88216602821;3053:43631.14033910421;2917:43914.60013306877;3414:43966.89414875059;1015:43976.0423388837;1520:43993.81234206685;483:44014.51351704308;3715:44034.077061293596;844:44042.957959928615;3789:44048.7417793048;3416:44084.23358861405;1280:44086.15688822441
0,7,default_vehtype,boarding,True,43440,44010.19659618186,44095.5101788753,44010.19659618186,0.0,2115;-1;-1,2115;-1;-1,0.0,0.9640763135649568,0.9640763135649568,0,,0,165,1,165,,,
0,2,default_vehtype,boarding,True,-1,44086.15688822441,44116.15688822441,44086.15688822441,0.0,1280;-1;-1,1280;-1;-1,0.0,0.9972471794937142,0.9972471794937142,0,,0,155,1,,155,,
0,5,default_vehtype,route,False,-1000,44029.09057277526,44126.79952929806,44029.09057277526,0.0,427;-1;-1,328;-1;-1,931.2334852600001,0.8451950286407516,0.8451019052922257,0.0,,0,,0,,,427;428;2716;3314;328,427:44029.09057277526;428:44053.50952268978;2716:44054.285839600474;3314:44074.10672540134;328:44126.79952929806
0,1,default_vehtype,route,False,-1000,43801.420469234,44194.87782524283,43801.420469234,0.0,734;-1;-1,1086;-1;-1,2440.294292560001,0.9956204170579791,0.9953763876287237,0.0,,0,,0,,,734;419;2863;3119;3450;2864;3449;63;180;2657;3595;3594;3576;418;64;2694;3795;417;416;3793;415;1249;1086,734:43801.420469234;419:43818.804737337065;2863:43851.21742401266;3119:43852.87158660508;3450:43906.97144242827;2864:43910.770529649024;3449:43911.80908161095;63:43990.95032153009;180:43994.10535749237;2657:44013.30556911706;3595:44016.48372896828;3594:44025.54580598389;3576:44028.15336441976;418:44035.726292351246;64:44036.77348968774;2694:44044.6606164209;3795:44073.211641301845;417:44081.371424604724;416:44097.30210770217;3793:44102.11862177357;415:44120.233645761386;1249:44135.70567647805;1086:44194.87782524283
0,5,default_vehtype,boarding,True,43800,44126.79952929806,44242.689379762785,44126.79952929806,0.0,328;-1;-1,328;-1;-1,0.0,0.8451019052922257,0.8451019052922257,0,,0,167,1,167,,,
0,1,default_vehtype,boarding,True,43260,44194.87782524283,44260.413317449995,44194.87782524283,0.0,1086;-1;-1,1086;-1;-1,0.0,0.9953763876287237,0.9953763876287237,0,,0,163,1,163,,,
0,9,default_vehtype,route,False,-1000,44100.0,44390.73337739466,44100.0,0.0,1429;-1;-1,1900;-1;-1,1825.5721515099997,0.567265559402264,0.5670830021871132,0.0,,0,,0,,,1429;1430;1431;1467;318;317;316;315;582;667;2294;1525;1478;1901;1138;1900,1429:44100;1430:44119.375618461585;1431:44140.848659107854;1467:44171.82208289541;318:44187.21082631942;317:44194.560521247644;316:44201.468206281745;315:44219.82601055639;582:44237.7380332185;667:44265.74133260144;2294:44292.58510311746;1525:44324.001785748325;1478:44338.38109948684;1901:44358.17919111363;1138:44386.2897488724;1900:44390.73337739466
0,9,default_vehtype,boarding,True,44100,44390.73337739466,44391.92752992223,44390.73337739466,0.0,1900;-1;-1,1900;-1;-1,0.0,0.5670830021871132,0.5670830021871132,0.0,,0,170,2,170,,,
0,10,default_vehtype,route,False,-1000,43836.28074881242,44432.41852838556,43836.28074881242,0.0,1027;-1;-1,427;-1;-1,3620.4171265660034,0.7900759514367592,0.7897139097241035,0.0,,0,160,2,,,1027;1026;1025;1255;1254;1253;1252;2291;1953;2445;4008;4009;4010;422;423;424;3203;3680;2675;3150;3666;3115;3313;3665;3925;425;3477;3475;3474;426;3568;427,1027:43836.28074881242;1026:43840.58166034225;1025:43854.23412996448;1255:43860.34744592399;1254:43873.356151256434;1253:43877.806870604865;1252:43879.25820160219;2291:43886.96440024418;1953:43890.88569618561;2445:43901.118876512555;4008:43937.66431064629;4009:43939.850408061146;4010:43940.94432962658;422:43984.15630223221;423:44054.060918818665;424:44090.149025498475;3203:44098.881017330954;3680:44101.3965607458;2675:44103.10662531513;3150:44154.34484092783;3666:44191.894455789065;3115:44193.71914228701;3313:44221.01845612674;3665:44231.62078265368;3925:44277.138827330964;425:44288.10738894905;3477:44298.17531117005;3475:44337.05547628164;3474:44338.99480200097;426:44360.47329658006;3568:44361.975798116684;427:44432.41852838556
0,10,default_vehtype,boarding,True,-1,44432.41852838556,44462.41852838556,44432.41852838556,0.0,427;-1;-1,427;-1;-1,0.0,0.7897139097241035,0.7897139097241035,0,,0,160,2,,160,,
0,4,default_vehtype,route,False,-1000,43113.318344952226,44535.63724958247,43113.318344952226,0.0,3213;-1;-1,2146;-1;-1,8913.847850803008,0.9985598815165289,0.9976684967314471,0.0,,0,151,1,,,3213;2859;3211;504;2697;2334;3209;2320;3380;2696;3886;3994;3686;173;3450;3119;268;2633;4067;2632;4002;420;4003;3805;3446;3749;3684;2867;2906;2688;2687;3680;2675;3670;1815;1517;3425;3424;265;1518;214;3791;3696;3790;3417;3416;3789;3415;3414;3413;3412;3695;3411;3960;569;570;856;857;923;1043;4005;3643;2390;2147;2146,3213:43113.318344952226;2859:43159.528177033564;3211:43207.7189974603;504:43214.681275642055;2697:43218.51093268235;2334:43223.66902964184;3209:43236.100264098575;2320:43255.658306771926;3380:43268.2319998826;2696:43277.23621698888;3886:43303.24121732609;3994:43323.56744869004;3686:43328.10847829452;173:43364.48140070885;3450:43418.825400771784;3119:43451.20086867404;268:43526.490690244784;2633:43528.5933292592;4067:43597.7952297066;2632:43598.95015154759;4002:43600.327599552525;420:43601.3003741451;4003:43605.444225240746;3805:43618.39279781617;3446:43630.5670799674;3749:43634.14729941919;3684:43664.053652083;2867:43666.24290784793;2906:43680.207720294;2688:43715.41376736667;2687:43753.25210726278;3680:43848.367887284214;2675:43849.27513222958;3670:43867.82772878472;1815:43925.55863520153;1517:43961.47961171308;3425:43969.24060518711;3424:44016.96776121966;265:44026.17810518857;1518:44036.34223820547;214:44068.49421207376;3791:44096.08124781943;3696:44116.864030494784;3790:44121.746732369305;3417:44142.097477229545;3416:44185.48622625794;3789:44201.57147587716;3415:44221.32626747976;3414:44248.00758770906;3413:44257.4984627284;3412:44279.07896150672;3695:44282.97897360523;3411:44294.02851105695;3960:44302.19873334837;569:44337.17637311221;570:44353.79880657251;856:44418.533759517115;857:44428.735544987714;923:44437.93333447659;1043:44482.99468251179;4005:44494.442439264414;3643:44495.85734141925;2390:44500.14910608319;2147:44524.78780209022;2146:44535.63724958247
0,3,default_vehtype,route,False,-1000,44100,44558.02629200866,44100,0,2893;-1;-1,717;-1;-1,4009.420985907999,0.9954311531524789,0.9950302110538878,0.0,,0,,0,,,2893;2782;3950;3047;3046;3044;2457;123;3953;115;1843;1844;3849;2043;1024;2070;1293;3130;1723;3128;3129;2327;2328;377;2267;3836;932;3159;3834;3291;645;3294;3295;646;3132;97;2849;3296;3277;716;717,2893:44100;2782:44101.269176564085;3950:44119.869704648474;3047:44123.60842606345;3046:44126.81190587667;3044:44150.19246053411;2457:44154.30930722054;123:44202.73463254476;3953:44205.743665824986;115:44210.21694612464;1843:44216.366797225885;1844:44221.755378833506;3849:44227.48851657151;2043:44230.086963348724;1024:44269.29416600686;2070:44272.48878486373;1293:44275.485246077194;3130:44277.37413185362;1723:44281.93337938185;3128:44283.236094553904;3129:44290.9182883955;2327:44301.98742543094;2328:44311.009216933795;377:44313.8174582375;2267:44325.12426759713;3836:44338.57645849569;932:44341.688807104074;3159:44342.4808791358;3834:44345.069427222326;3291:44371.20680574483;645:44379.43532587865;3294:44417.32194396718;3295:44419.978132554264;646:44421.19768307053;3132:44427.05199119627;97:44436.64613989197;2849:44490.24367518613;3296:44490.702587837775;3277:44497.99112642134;716:44509.017973394955;717:44558.02629200866
0,3,default_vehtype,boarding,True,44100,44558.02629200866,44561.93076961218,44558.02629200866,0.0,717;-1;-1,717;-1;-1,0.0,0.9950302110538878,0.9950302110538878,0,,0,169,1,169,,,
0,4,default_vehtype,boarding,True,-1,44535.63724958247,44565.63724958247,44535.63724958247,0.0,2146;-1;-1,2146;-1;-1,0.0,0.9976684967314471,0.9976684967314471,0,,0,151,1,,151,,
0,8,default_vehtype,route,False,-1000,43879.03957501924,44570.73090313604,43879.03957501924,0.0,427;-1;-1,1123;-1;-1,1780.3907664299986,0.9749698133453755,0.9747917742687331,0.0,,0,162,1,,,427;428;2121;512;3864;618;1096;1095;1094;1093;1123,427:43879.03957501924;428:43890.2576967783;2121:44168.973037430456;512:44436.12589856245;3864:44448.65013177732;618:44453.99963335641;1096:44505.5834750544;1095:44516.67167300817;1094:44528.25699004734;1093:44562.166289648514;1123:44570.73090313604
0,11,default_vehtype,route,False,-1000,43591.00689033318,44579.183451463476,43591.00689033318,0.0,886;-1;-1,2478;-1;-1,9335.76687009,0.5960101911547075,0.5950766144676987,0.0,,0,159,1,,,886;982;878;981;980;979;978;977;976;975;3717;3716;974;973;972;3637;3439;3633;2590;3631;2554;3440;3438;3625;2934;863;864;791;865;866;2110;3148;1703;2822;3221;2559;2560;3218;3216;1808;3614;3808;722;3692;3212;1545;3612;2487;3967;2334;3209;2320;3380;2696;3886;197;198;199;1390;732;733;734;332;333;272;871;680;681;682;683;3685;3897;1058;2478,886:43591.00689033318;982:43596.178011385935;878:43606.07084902819;981:43624.86195807895;980:43646.930830233185;979:43668.718996473435;978:43681.86785041525;977:43699.76119877716;976:43701.56628060581;975:43704.28287280327;3717:43707.48650909151;3716:43709.906765091066;974:43714.30672097822;973:43715.72149944361;972:43718.43581437539;3637:43722.989998291545;3439:43727.61601209231;3633:43734.959954801285;2590:43753.76604419881;3631:43779.84262847017;2554:43781.95519246814;3440:43784.3349199219;3438:43785.05069065791;3625:43786.92993759146;2934:43802.952066908096;863:43807.82462102202;864:43814.39271518794;791:43823.49761701312;865:43836.49836611551;866:43868.52617743822;2110:43895.614366450405;3148:43910.96803632582;1703:43919.02982877083;2822:43935.36800185009;3221:43938.416509801275;2559:43941.56421101365;2560:43943.52660689363;3218:43960.455896147745;3216:43990.505626185164;1808:43995.126977160726;3614:44002.53509005184;3808:44011.15181553671;722:44018.42108333408;3692:44020.831736242784;3212:44026.95681339464;1545:44063.275797970295;3612:44067.808923429795;2487:44093.28631996037;3967:44102.14446672851;2334:44103.65393922917;3209:44114.14375431235;2320:44126.90687731832;3380:44155.44498709263;2696:44186.45171022863;3886:44200.21312237032;197:44285.40600197046;198:44289.08651319244;199:44337.825351158644;1390:44356.246201038164;732:44367.31534922773;733:44393.43811541557;734:44405.1440766435;332:44415.09779411356;333:44457.16126796976;272:44477.894328043076;871:44493.44377730268;680:44498.104292736774;681:44521.04613415125;682:44529.7026114687;683:44533.779548587714;3685:44537.34784781168;3897:44545.449967747314;1058:44546.16181395405;2478:44579.183451463476
0,8,default_vehtype,boarding,True,-1,44570.73090313604,44600.73090313604,44570.73090313604,0.0,1123;-1;-1,1123;-1;-1,0.0,0.9747917742687331,0.9747917742687331,0,,0,162,1,,162,,
0,11,default_vehtype,boarding,True,-1,44579.183451463476,44609.183451463476,44579.183451463476,0.0,2478;-1;-1,2478;-1;-1,0.0,0.5950766144676987,0.5950766144676987,0,,0,159,1,,159,,
0,10,default_vehtype,route,False,-1000,44462.41852838556,44644.95531177676,44462.41852838556,0.0,427;-1;-1,1263;-1;-1,1257.61879088,0.7897139097241035,0.7895881478450156,0.0,,0,,0,,,427;428;2716;3314;3567;3315;3475;3474;425;2122;1263,427:44462.41852838556;428:44486.83747830008;2716:44487.613795210775;3314:44507.43468101164;3567:44508.18671219153;3315:44525.202030271765;3475:44543.79551581344;3474:44548.83255617671;425:44609.11834531387;2122:44639.75350883565;1263:44644.95531177676
0,10,default_vehtype,boarding,True,44340,44644.95531177676,44662.23860327829,44644.95531177676,0.0,1263;-1;-1,1263;-1;-1,0.0,0.7895881478450156,0.7895881478450156,0,,0,172,1,172,,,
0,2,default_vehtype,route,False,-1000,44220,44718.646899267136,44220,0,1280;-1;-1,1405;-1;-1,3158.914095189999,0.9972471794937142,0.9969312880841951,0.0,,0,,0,,,1280;3416;3417;673;1519;3696;3791;214;3419;213;212;2306;3824;2205;2206;3868;2207;2387;3644;2386;4027;3560;3561;3563;3565;3566;3567;426;3568;3987;3682;1405,1280:44220;3416:44226.20525809082;3417:44271.76243378747;673:44275.36403997736;1519:44297.43412232641;3696:44300.62120741283;3791:44313.60278207355;214:44338.60641008546;3419:44340.271731417;213:44349.589256824846;212:44410.6974541036;2306:44440.492150171805;3824:44440.76183247655;2205:44453.550674214974;2206:44476.83258670971;3868:44494.95917500593;2207:44497.08829761082;2387:44503.393830641086;3644:44517.33452919688;2386:44539.134168671764;4027:44541.60561352916;3560:44566.14428616994;3561:44610.388443559306;3563:44610.95613708731;3565:44614.81978374633;3566:44615.39676253917;3567:44666.15925253569;426:44670.263799961744;3568:44671.82134342822;3987:44710.423166014414;3682:44711.73504131466;1405:44718.646899267136
0,2,default_vehtype,boarding,True,44220,44718.646899267136,44741.1338217772,44718.646899267136,0.0,1405;-1;-1,1405;-1;-1,0.0,0.9969312880841951,0.9969312880841951,0,,0,171,1,171,,,
0,10,default_vehtype,route,False,-1000,44662.23860327829,44808.352675932365,44662.23860327829,0.0,1263;-1;-1,3562;-1;-1,1031.44686159,0.7895881478450156,0.7894850031588566,0.0,,0,172,1,,,1263;2122;425;3477;3475;3315;3567;3314;328;3562,1263:44662.23860327829;2122:44667.26983413541;425:44693.875012299395;3477:44696.95247315932;3475:44721.567342661874;3315:44761.70752218575;3567:44773.28770058791;3314:44773.86759253931;328:44805.98557390468;3562:44808.352675932365
0,10,default_vehtype,boarding,True,-1,44808.352675932365,44838.352675932365,44808.352675932365,0.0,3562;-1;-1,3562;-1;-1,0.0,0.7894850031588566,0.7894850031588566,0,,0,172,1,,172,,
0,5,default_vehtype,route,False,-1000,44242.689379762785,44952.99187388778,44242.689379762785,0.0,328;-1;-1,1059;-1;-1,3592.4316218990016,0.8451019052922257,0.8447426621300359,0.0,,0,167,1,,,328;3565;3566;3567;3315;3475;3474;425;3477;3476;3313;3115;3666;3150;3926;3204;3203;3680;2687;2688;2906;2867;3684;3899;3898;1057;3667;3897;1058;3685;683;1059,328:44242.689379762785;3565:44246.22338460365;3566:44246.94531628875;3567:44278.74727404962;3315:44296.12324300507;3475:44317.12136900149;3474:44319.06069472082;425:44334.2755149464;3477:44344.3434371674;3476:44352.05198685818;3313:44399.64337650848;3115:44453.916379852075;3666:44455.61579402513;3150:44471.71669453075;3926:44481.16033475875;3204:44509.40312006915;3203:44511.47344175422;3680:44513.98898516907;2687:44582.19974338712;2688:44669.76338039454;2906:44761.944972451674;2867:44780.91031458005;3684:44785.18403395401;3899:44815.64914619434;3898:44831.10770201884;1057:44841.52045130456;3667:44861.65536260495;3897:44886.18210737457;1058:44886.893953581304;3685:44902.086774561205;683:44913.38806505166;1059:44952.99187388778
0,4,default_vehtype,route,False,-1000,44640,44974.838094095874,44640,0,2146;-1;-1,1524;-1;-1,1447.5866562239999,0.9976684967314471,0.9975237380658247,0.0,,0,,0,,,2146;2147;1912;1403;3932;1897;3653;1893;1898;1899;4007;1900;1138;1901;1478;1525;1526;1524,2146:44640;2147:44651.82362713087;1912:44671.49953057456;1403:44690.64701012594;3932:44698.85267340742;1897:44703.963791610506;3653:44705.995926417105;1893:44708.36650298316;1898:44719.84939966412;1899:44721.82716432349;4007:44763.2457214565;1900:44765.937340792996;1138:44768.656912289516;1901:44820.235570181845;1478:44851.950589922075;1525:44878.93048748925;1526:44941.3396747512;1524:44974.838094095874
0,5,default_vehtype,boarding,True,-1,44952.99187388778,44982.99187388778,44952.99187388778,0.0,1059;-1;-1,1059;-1;-1,0.0,0.8447426621300359,0.8447426621300359,0.0,,0,167,1,,167,,
0,7,default_vehtype,route,False,-1000,44095.5101788753,44986.89576919452,44095.5101788753,0.0,2115;-1;-1,427;-1;-1,5258.778343599998,0.9640763135649568,0.9635504357305963,0.0,,0,165,1,,,2115;2337;1611;3971;3935;3807;2858;1610;2865;3194;2866;421;422;2688;2687;3680;2675;3150;3926;2670;3666;3115;3313;3476;3477;425;3474;3475;3315;3567;3314;2716;428;427,2115:44095.5101788753;2337:44106.68653449424;1611:44149.828958414146;3971:44152.092817474935;3935:44180.27383952914;3807:44204.209520036566;2858:44217.25949810236;1610:44271.35456157644;2865:44317.71591366606;3194:44319.172707236845;2866:44333.17079286169;421:44334.52886587437;422:44365.35654705159;2688:44367.51231664555;2687:44390.544056481274;3680:44437.25835099274;2675:44438.96841556207;3150:44490.20663117477;3926:44499.650271402774;2670:44523.66145166931;3666:44524.88612910417;3115:44526.78940633725;3313:44555.705743436454;3476:44588.01683179703;3477:44601.86649565147;425:44603.19036337939;3474:44669.848457719956;3475:44673.12238246967;3315:44713.26256199355;3567:44724.84274039571;3314:44725.42263234711;2716:44941.577282861224;428:44944.6929604753;427:44986.89576919452
0,2,default_vehtype,route,False,-1000,44741.1338217772,45000.711906123855,44741.1338217772,0.0,1405;-1;-1,2208;-1;-1,1453.062503471,0.9969312880841951,0.9967859818338484,0.0,,0,171,1,,,1405;3682;3569;3645;426;3567;3314;328;3565;3563;3561;3560;4027;2386;4026;2208,1405:44741.1338217772;3682:44755.47428481864;3569:44759.13142303684;3645:44770.743808611136;426:44821.69815275413;3567:44824.90976476554;3314:44825.48965671694;328:44857.607638082314;3565:44858.73167714285;3563:44860.8014051678;3561:44862.27602195637;3560:44905.1125589259;4027:44923.599664421105;2386:44926.27739156644;4026:44931.220856639375;2208:45000.711906123855
0,3,default_vehtype,route,False,-1000,44561.93076961218,45023.47357307935,44561.93076961218,0.0,717;-1;-1,1765;-1;-1,4146.958745020001,0.9950302110538878,0.9946155151793864,0.0,,0,169,1,,,717;716;3280;2849;97;3132;646;3295;1327;1287;1326;1111;1325;1324;1323;3161;3162;927;2462;2382;1645;2362;750;2459;1126;2080;2271;113;2470;1592;2432;1979;1765,717:44561.93076961218;716:44612.78302188674;3280:44615.43031630152;2849:44647.34913330775;97:44687.74760365321;3132:44697.19869936485;646:44698.431682893846;3295:44700.70467932211;1327:44704.58180327094;1287:44749.67425843157;1326:44752.693208315955;1111:44755.23125436526;1325:44761.32452148763;1324:44764.36341500618;1323:44769.22149937025;3161:44781.66406768087;3162:44792.86223900017;927:44793.48795950107;2462:44801.12936655923;2382:44806.74236492381;1645:44808.92894838805;2362:44819.113158507804;750:44845.33549303816;2459:44874.877313620826;1126:44886.963717584455;2080:44932.11493196054;2271:44959.94024342854;113:44971.69306724399;2470:44976.3068154894;1592:45000.968126987405;2432:45011.36654972063;1979:45016.82568256702;1765:45023.47357307935
0,10,default_vehtype,route,False,-1000,44940.0,45027.18874552314,44940.0,0.0,3562;-1;-1,3477;-1;-1,736.59146288,0.7894850031588566,0.7894113440125686,0.0,,0,,0,,,3562;328;3314;3567;3315;3475;3477,3562:44940;328:44944.375219450994;3314:44984.21344424618;3567:44985.61149933685;3315:45001.860914703124;3475:45020.4544002448;3477:45027.18874552314
0,2,default_vehtype,boarding,True,-1,45000.711906123855,45030.711906123855,45000.711906123855,0.0,2208;-1;-1,2208;-1;-1,0.0,0.9967859818338484,0.9967859818338484,0,,0,171,1,,171,,
0,10,default_vehtype,boarding,True,44940,45027.18874552314,45030.369984388664,45027.18874552314,0.0,3477;-1;-1,3477;-1;-1,0.0,0.7894113440125686,0.7894113440125686,0,,0,182,1,182,,,
0,6,default_vehtype,route,False,-1000,43862.13753693501,45043.90081973681,43862.13753693501,0.0,789;-1;-1,1815;-1;-1,8901.751196602996,0.9196912012825361,0.9188010261628762,0.0,,0,166,1,,,789;788;1580;1290;1291;2128;1112;1724;714;715;3287;3293;3296;2849;97;3132;3292;1030;838;1328;1329;2473;2330;2331;2332;774;895;2048;2025;1189;1768;1566;1251;2333;1198;1872;2178;2824;3646;504;2697;2334;3209;2320;3380;2696;3886;3994;180;63;3449;3450;3119;2863;419;331;2633;268;4068;4002;2632;4004;3750;3749;3684;2867;2906;2688;422;423;424;3203;3680;2675;3670;1815,789:43862.13753693501;788:43869.33378943096;1580:43878.327935277026;1290:43883.99570823942;1291:43889.72834141671;2128:43902.4708685669;1112:43917.98566321657;1724:43935.6821027592;714:43945.46729140391;715:43967.860333908786;3287:43989.368874606196;3293:44000.34024344191;3296:44002.501374675485;2849:44004.35390517436;97:44062.664572168454;3132:44069.908222611906;3292:44073.474640520195;1030:44077.86225798063;838:44102.473498175554;1328:44113.10032416722;1329:44120.01440495619;2473:44139.770986154756;2330:44223.77245930749;2331:44257.120463895364;2332:44268.78463343638;774:44287.598998847505;895:44296.05917371354;2048:44299.794836974885;2025:44310.78488771783;1189:44315.17974594348;1768:44321.31617737817;1566:44323.54553112207;1251:44327.02233859027;2333:44347.06740422077;1198:44351.40492595592;1872:44359.57384026041;2178:44366.59251818737;2824:44403.80694013363;3646:44407.73950627057;504:44407.961168017864;2697:44416.133283062394;2334:44417.797879255464;3209:44428.28769433864;2320:44441.050817344614;3380:44469.58892711893;2696:44500.59565025493;3886:44514.357062396615;3994:44531.737723808335;180:44532.086900130045;63:44536.76030075622;3449:44585.56971780428;3450:44593.693226497264;3119:44625.292709493464;2863:44637.39767852126;419:44643.4255363503;331:44665.181503430766;2633:44687.55546215195;268:44690.522941381016;4068:44726.423559524665;4002:44727.97278631058;2632:44728.99922346282;4004:44730.85336580085;3750:44756.460027763635;3749:44761.146654028016;3684:44780.48502518996;2867:44781.98041950181;2906:44789.74129209461;2688:44853.13294173037;422:44854.76198594449;423:44902.367436440414;424:44910.48499400863;3203:44934.18775245081;3680:44936.612791553685;2675:44938.675512061986;3670:44970.592700532325;1815:45043.90081973681
0,3,default_vehtype,boarding,True,-1,45023.47357307935,45053.47357307935,45023.47357307935,0.0,1765;-1;-1,1765;-1;-1,0.0,0.9946155151793864,0.9946155151793864,0,,0,169,1,,169,,
0,6,default_vehtype,boarding,True,-1,45043.90081973681,45073.90081973681,45043.90081973681,0.0,1815;-1;-1,1815;-1;-1,0.0,0.9188010261628762,0.9188010261628762,0,,0,166,1,,166,,
0,1,default_vehtype,route,False,-1000,44260.413317449995,45108.27806954965,44260.413317449995,0.0,1086;-1;-1,3150;-1;-1,4759.316817232999,0.9953763876287237,0.9949004559470018,0.0,,0,163,1,,,1086;1249;415;3793;416;417;3795;2694;64;3575;3945;2700;63;3449;2864;3450;3119;268;3195;1610;2865;3194;2866;421;422;2688;2687;3680;2675;3150,1086:44260.413317449995;1249:44294.277390941126;415:44311.88174538706;3793:44318.444154584744;416:44346.61280164083;417:44350.88338835784;3795:44359.30057880867;2694:44364.42771008586;64:44372.08936650015;3575:44377.72521418395;3945:44380.15814787894;2700:44388.745435092045;63:44416.50899103167;3449:44470.159532669604;2864:44471.312190511635;3450:44475.39606395382;3119:44483.953283183604;268:44536.93716068761;3195:44577.087819019835;1610:44578.034820266235;2865:44717.39487937597;3194:44721.6569286016;2866:44774.81405609251;421:44776.15935684265;422:44877.98574933209;2688:44880.624466894435;2687:44943.15529260172;3680:45032.35447596981;2675:45034.41719647811;3150:45108.27806954965
0,4,default_vehtype,boarding,True,44640,44974.838094095874,45121.26856792886,44974.838094095874,0.0,1524;-1;-1,1524;-1;-1,0.0,0.9975237380658247,0.9975237380658247,0,,0,180,1,180,,,
0,1,default_vehtype,boarding,True,-1,45108.27806954965,45138.27806954965,45108.27806954965,0.0,3150;-1;-1,3150;-1;-1,0.0,0.9949004559470018,0.9949004559470018,0,,0,163,1,,163,,
0,11,default_vehtype,route,False,-1000,44760,45185.929175689605,44760,0,2478;-1;-1,1363;-1;-1,2215.1690646300003,0.5950766144676987,0.5948550975612359,0.0,,0,,0,,,2478;1058;3667;1057;3898;3899;3684;2866;421;3193;2039;183;3388;81;2653;2905;2627;2624;2622;4042;1363,2478:44760;1058:44787.40863172491;3667:44801.66076606008;1057:44826.85113638855;3898:44832.07797573786;3899:44837.91347191689;3684:44861.28121244614;2866:44863.23709581258;421:44864.58239656272;3193:44893.76385087436;2039:44896.85800809815;183:44934.92510752864;3388:44941.73871844104;81:44966.01741363299;2653:44973.55389960147;2905:44974.242357696974;2627:44983.53224644021;2624:45006.87928049042;2622:45051.48674674731;4042:45181.875675655174;1363:45185.929175689605
0,7,default_vehtype,boarding,True,44400,44986.89576919452,45247.43680587908,44986.89576919452,0.0,427;-1;-1,427;-1;-1,0.0,0.9635504357305963,0.9635504357305963,0,,0,165;175,3,175,165,,
0,2,default_vehtype,route,False,-1000,45060,45306.07582347499,45060,0,2208;-1;-1,1533;-1;-1,1860.15414751,0.9967859818338484,0.9965999664190978,0.0,,0,,0,,,2208;4026;3644;2387;2207;3868;2206;2306;212;211;1491;601;600;1532;1533,2208:45060;4026:45093.45835032368;3644:45112.60343034812;2387:45120.90097776021;2207:45140.28666891733;3868:45152.06507350645;2206:45159.565228226245;2306:45195.79927904236;212:45241.91511566813;211:45244.31491826454;1491:45251.72648052418;601:45279.89362606784;600:45291.32502956905;1532:45294.74107991651;1533:45306.07582347499
0,2,default_vehtype,boarding,True,45060,45306.07582347499,45319.223825534296,45306.07582347499,0.0,1533;-1;-1,1533;-1;-1,0.0,0.9965999664190978,0.9965999664190978,0,,0,185,1,185,,,
0,1,default_vehtype,route,False,-1000,45138.27806954965,45342.33196166941,45138.27806954965,0.0,3150;-1;-1,2716;-1;-1,1534.6207869199998,0.9949004559470018,0.99474699386831,0.0,,0,,0,,,3150;3926;2670;3666;3115;338;3665;3925;425;3474;426;3568;427;428;2716,3150:45138.27806954965;3926:45145.64078989603;2670:45167.95382445718;3666:45169.07228033429;3115:45171.61285764778;338:45174.0389781156;3665:45189.22292411566;3925:45217.58246652221;425:45227.30851963118;3474:45244.44063395499;426:45291.75204695391;3568:45292.31839436444;427:45323.19264716926;428:45341.720113196876;2716:45342.33196166941
0,1,default_vehtype,boarding,True,44460,45342.33196166941,45349.775818240574,45342.33196166941,0.0,2716;-1;-1,2716;-1;-1,0.0,0.99474699386831,0.99474699386831,0.0,,0,178,1,178,,,
0,5,default_vehtype,route,False,-1000,44982.99187388778,45348.12064540594,44982.99187388778,0.0,1059;-1;-1,1311;-1;-1,2121.0769637699987,0.8447426621300359,0.8445305544336592,0.0,,0,,0,,,1059;1060;1061;1075;807;959;1941;227;228;229;230;2194;1310;519;1311,1059:44982.99187388778;1060:44992.189099719006;1061:45010.84648388186;1075:45021.57443317245;807:45044.64412674716;959:45052.8186017004;1941:45058.42157305592;227:45062.695389566165;228:45075.91515811127;229:45129.77479581566;230:45188.06366994091;2194:45199.558500041865;1310:45229.279801439174;519:45265.28886083419;1311:45348.12064540594
0,11,default_vehtype,boarding,True,44760,45185.929175689605,45370.811356553495,45185.929175689605,0.0,1363;-1;-1,1363;-1;-1,0.0,0.5948550975612359,0.5948550975612359,0,,0,181,1,181,,,
0,5,default_vehtype,boarding,True,44340,45348.12064540594,45434.201391875045,45348.12064540594,0.0,1311;-1;-1,1311;-1;-1,0.0,0.8445305544336592,0.8445305544336592,0,,0,173,2,173,,,
0,9,default_vehtype,route,False,-1000,44391.92752992223,45462.322232621635,44391.92752992223,0.0,1900;-1;-1,1267;-1;-1,4864.584089131002,0.5670830021871132,0.5665965437781997,0.0,,0,170,2,,,1900;4007;1899;1898;1893;3653;3654;254;2389;2338;730;531;2776;1915;3676;1750;2388;1344;257;1573;302;969;3869;3868;2206;2205;3824;3593;1890;1889;2279;2156;3421;3423;3424;265;3671;264;1815;3670;2675;3680;3203;3202;3687;1180;1181;127;126;240;1179;1267,1900:44391.92752992223;4007:44392.70711946514;1899:44442.79147717628;1898:44445.337106582774;1893:44449.61602922188;3653:44451.94471241378;3654:44455.868201290345;254:44464.12635415435;2389:44481.18299531814;2338:44496.62096339587;730:44545.23682717194;531:44563.93888233334;2776:44566.6572590332;1915:44577.62943773306;3676:44587.65891371815;1750:44593.56251602931;2388:44634.45937232782;1344:44645.13008216191;257:44655.61276347679;1573:44661.21254602351;302:44681.75422853988;969:44703.44600355115;3869:44708.818602841486;3868:44714.734037874856;2206:44729.10780493508;2205:44780.41162157698;3824:44820.64827532785;3593:44822.65637920693;1890:44839.16173443511;1889:44877.97799831796;2279:44901.862860530564;2156:44913.25579941889;3421:44926.87444809091;3423:44934.194831236055;3424:44946.72279633886;265:44956.03790103768;3671:44962.49379852415;264:45038.76303288106;1815:45132.76340060526;3670:45162.230186423396;2675:45197.08177177724;3680:45198.67542368165;3203:45201.72806582536;3202:45207.45156010999;3687:45239.894253482074;1180:45240.94090452522;1181:45271.75874574891;127:45328.572087951754;126:45351.83979168225;240:45411.17778140528;1179:45458.37732614022;1267:45462.322232621635
0,6,default_vehtype,route,False,-1000,45073.90081973681,45470.61031226034,45073.90081973681,0.0,1815;-1;-1,4003;-1;-1,2448.175080129998,0.9188010261628762,0.9185562086548633,0.0,,0,,0,,,1815;3675;2133;2191;2485;2300;764;1648;3198;3197;958;1859;957;2906;2867;421;2866;3446;3805;4003,1815:45073.90081973681;3675:45102.83089653897;2133:45147.67832852798;2191:45158.85309916896;2485:45176.581667756654;2300:45179.53590044935;764:45200.57241701529;1648:45207.892670203124;3198:45232.319952900165;3197:45237.658174858334;958:45240.156655738305;1859:45268.98431599044;957:45383.23768799457;2906:45397.9426405299;2867:45403.126116272964;421:45406.99031120552;2866:45409.23250145095;3446:45446.56970059933;3805:45458.643964226314;4003:45470.61031226034
0,6,default_vehtype,boarding,True,45000,45470.61031226034,45486.03962093662,45470.61031226034,0.0,4003;-1;-1,4003;-1;-1,0.0,0.9185562086548633,0.9185562086548633,0.0,,0,184,1,184,,,
0,7,default_vehtype,route,False,-1000,45247.43680587908,45489.5970635994,45247.43680587908,0.0,427;-1;-1,1408;-1;-1,1767.12396229,0.9635504357305963,0.9633737233343672,0.0,,0,175,2,,,427;428;2716;3314;3568;3987;3682;1405;1188;1406;349;3571;1407;1408,427:45247.43680587908;428:45265.9642719067;2716:45266.576120379235;3314:45304.043812192605;3568:45305.5531096148;3987:45328.44795013964;3682:45332.264186475644;1405:45379.491257337155;1188:45394.64243463061;1406:45402.32694293714;349:45443.75715543768;3571:45481.22418960624;1407:45483.74248596166;1408:45489.5970635994
0,9,default_vehtype,boarding,True,-1,45462.322232621635,45492.322232621635,45462.322232621635,0.0,1267;-1;-1,1267;-1;-1,0.0,0.5665965437781997,0.5665965437781997,0,,0,170,2,,170,,
0,3,default_vehtype,route,False,-1000,45060,45506.162626298894,45060,0,1765;-1;-1,3346;-1;-1,4020.9418010699997,0.9946155151793864,0.9942134209992793,0.0,,0,,0,,,1765;1979;2432;1592;2470;113;2271;2080;1126;2459;914;1662;1245;1661;1660;879;1659;1711;676;1831;705;488;1683;1959;2091;563;2793;2795;1182;1978;3346,1765:45060;1979:45062.97108097773;2432:45067.12641489675;1592:45077.92135564539;2470:45082.63236690393;113:45096.45111751601;2271:45105.9247729746;2080:45121.44387481255;1126:45135.96137651384;2459:45206.21993339484;914:45256.10882192827;1662:45263.37958550496;1245:45275.35480114249;1661:45282.43115994199;1660:45289.841541810034;879:45312.386168597484;1659:45328.920866229375;1711:45333.146243263065;676:45347.62012102763;1831:45358.3221200477;705:45367.41528503919;488:45390.01740495969;1683:45423.75898801925;1959:45435.877928647315;2091:45445.88183156895;563:45450.4259392475;2793:45459.987465199956;2795:45462.339022718836;1182:45471.959828848725;1978:45495.16176259527;3346:45506.162626298894
0,7,default_vehtype,boarding,True,-1,45489.5970635994,45519.5970635994,45489.5970635994,0.0,1408;-1;-1,1408;-1;-1,0.0,0.9633737233343672,0.9633737233343672,0,,0,175,2,,175,,
0,1,default_vehtype,route,False,-1000,45349.775818240574,45549.14285163848,45349.775818240574,0.0,2716;-1;-1,350;-1;-1,1375.5723127799997,0.99474699386831,0.9946094366370317,0.0,,0,178,1,,,2716;3314;3568;3987;3682;1405;1188;1406;349;350,2716:45349.775818240574;3314:45387.243510053944;3568:45388.752807476136;3987:45411.64764800098;3682:45415.46388433698;1405:45462.69095519849;1188:45477.84213249195;1406:45485.52664079848;349:45526.956853299016;350:45549.14285163848
0,1,default_vehtype,boarding,True,-1,45549.14285163848,45579.14285163848,45549.14285163848,0.0,350;-1;-1,350;-1;-1,0.0,0.9946094366370317,0.9946094366370317,0,,0,178,1,,178,,
0,10,default_vehtype,route,False,-1000,45030.369984388664,45593.06605745741,45030.369984388664,0.0,3477;-1;-1,1336;-1;-1,3560.018001640997,0.7894113440125686,0.7890553422124056,0.0,,0,182,1,,,3477;3475;3315;3567;3314;328;3565;3563;3561;3560;4027;2386;4026;2208;1880;2403;2503;2345;358;2372;2497;2203;2223;1717;2179;1336,3477:45030.369984388664;3475:45054.98485389122;3315:45095.1250334151;3567:45106.70521181726;3314:45107.285103768656;328:45141.061071043565;3565:45143.68595412172;3563:45149.31462899689;3561:45150.97137972944;3560:45217.40415986585;4027:45237.53319582065;2386:45238.11621918569;4026:45240.10739873559;2208:45253.94649085868;1880:45274.560159088884;2403:45333.00829636903;2503:45357.5914772678;2345:45359.85484711197;358:45367.26107561736;2372:45369.194960086876;2497:45385.55499206016;2203:45406.13401778308;2223:45425.28109249035;1717:45435.99232141834;2179:45458.290578203945;1336:45593.06605745741
0,3,default_vehtype,boarding,True,45060,45506.162626298894,45608.03284396641,45506.162626298894,0.0,3346;-1;-1,3346;-1;-1,0.0,0.9942134209992793,0.9942134209992793,0,,0,186,1,186,,,
0,10,default_vehtype,boarding,True,-1,45593.06605745741,45623.06605745741,45593.06605745741,0.0,1336;-1;-1,1336;-1;-1,0.0,0.7890553422124056,0.7890553422124056,0,,0,182,1,,182,,
0,3,default_vehtype,route,False,-1000,45608.03284396641,45690.17593695624,45608.03284396641,0.0,3346;-1;-1,2091;-1;-1,627.4204004,0.9942134209992793,0.9941506789592393,0.0,,0,186,1,,,3346;1978;1182;2795;2793;563;2091,3346:45608.03284396641;1978:45611.24694904293;1182:45616.8952875939;2795:45630.23658193283;2793:45631.205119812024;563:45681.59667925464;2091:45690.17593695624
0,3,default_vehtype,boarding,True,-1,45690.17593695624,45720.17593695624,45690.17593695624,0.0,2091;-1;-1,2091;-1;-1,0.0,0.9941506789592393,0.9941506789592393,0.0,,0,186,1,,186,,
0,9,default_vehtype,route,False,-1000,45492.322232621635,45725.54024618508,45492.322232621635,0.0,1267;-1;-1,2906;-1;-1,2194.8779595839997,0.5665965437781997,0.5663770559822414,0.0,,0,,0,,,1267;1179;240;126;127;1181;1180;3687;3202;3203;424;423;422;421;2867;2906,1267:45492.322232621635;1179:45493.78117444488;240:45506.48415590441;126:45515.92829406352;127:45524.221067181934;1181:45549.398855398395;1180:45555.24288678099;3687:45556.1454900725;3202:45573.45849080764;3203:45576.26747727928;424:45585.259364111844;423:45629.48066367282;422:45667.12433753234;421:45708.64617386691;2867:45713.59241342955;2906:45725.54024618508
0,9,default_vehtype,boarding,True,45120,45725.54024618508,45785.85886334457,45725.54024618508,0.0,2906;-1;-1,2906;-1;-1,0.0,0.5663770559822414,0.5663770559822414,0,,0,189,1,189,,,
0,2,default_vehtype,route,False,-1000,45319.223825534296,45859.978824134785,45319.223825534296,0.0,1533;-1;-1,4068;-1;-1,3776.2443935300016,0.9965999664190978,0.9962223419797451,0.0,,0,185,1,,,1533;674;3417;673;1519;3696;3791;214;1518;265;3672;3671;264;1815;3670;3680;3203;424;423;422;421;2866;3684;3749;3750;3805;4003;420;4068,1533:45319.223825534296;674:45359.828602038586;3417:45365.60518477651;673:45366.66279087165;1519:45374.036385971966;3696:45380.3199875309;3791:45393.56942813328;214:45420.19620794613;1518:45462.44049566614;265:45481.82451879959;3672:45488.097366590664;3671:45494.89146893381;264:45552.634781262845;1815:45580.06823303205;3670:45609.53501885018;3680:45622.79278493839;3203:45625.8454270821;424:45634.837313914664;423:45679.05861347564;422:45716.70228733516;421:45795.34084324918;2866:45797.0162129297;3684:45799.04368457528;3749:45811.44921334147;3750:45830.954703560084;3805:45837.44568136098;4003:45852.748653761104;420:45857.201041168046;4068:45859.978824134785
0,2,default_vehtype,boarding,True,-1,45859.978824134785,45889.978824134785,45859.978824134785,0.0,4068;-1;-1,4068;-1;-1,0.0,0.9962223419797451,0.9962223419797451,0,,0,185,1,,185,,
0,7,default_vehtype,route,False,-1000,45519.5970635994,45957.826593139594,45519.5970635994,0.0,1408;-1;-1,3475;-1;-1,1774.6492902299997,0.9633737233343672,0.9631962584053442,0.0,,0,,0,,,1408;1407;3571;349;348;347;353;1266;1265;1264;1186;1263;2122;425;3474;3475,1408:45519.5970635994;1407:45538.698032869615;3571:45540.69860965156;349:45581.25849378036;348:45603.64889897044;347:45660.63053682512;353:45665.65202014515;1266:45674.51288925081;1265:45678.5963608321;1264:45721.56177911222;1186:45738.49120084276;1263:45861.9801243775;2122:45882.284160687595;425:45927.175050098995;3474:45951.17330844142;3475:45957.826593139594
0,7,default_vehtype,boarding,True,45060,45957.826593139594,45963.33968351748,45957.826593139594,0.0,3475;-1;-1,3475;-1;-1,0.0,0.9631962584053442,0.9631962584053442,0,,0,188,1,188,,,
0,4,default_vehtype,route,False,-1000,45121.26856792886,46011.163571768,45121.26856792886,0.0,1524;-1;-1,521;-1;-1,5274.029211693998,0.9975237380658247,0.9969963351446555,0.0,,0,180,1,,,1524;1526;1525;1478;584;626;625;624;1901;1138;1900;4007;1899;1898;1893;3653;1897;3801;1038;853;567;568;569;3960;3411;3695;3412;3462;2916;1015;1520;1734;1387;1304;1386;482;481;1158;1772;1870;2196;2195;2067;1350;230;2194;1310;519;520;521,1524:45121.26856792886;1526:45125.090835719355;1525:45143.47993059511;1478:45153.7556330469;584:45159.46905167608;626:45163.25303102854;625:45168.00949706708;624:45201.979030487775;1901:45224.5085052196;1138:45259.38768125244;1900:45266.6379703252;4007:45267.220875344174;1899:45396.833360463184;1898:45398.949314339035;1893:45407.71318138666;3653:45408.823877771494;1897:45414.10854338449;3801:45419.75554986788;1038:45423.773082802494;853:45458.02792198313;567:45497.55253270589;568:45527.22615480733;569:45529.87077079417;3960:45555.677612261185;3411:45559.21325149289;3695:45567.137202844904;3412:45578.81633617777;3462:45580.63538200394;2916:45593.4208520331;1015:45613.71222786641;1520:45619.84867617167;1734:45622.20852134198;1387:45646.40391592754;1304:45659.073365879005;1386:45668.27633336064;482:45712.068245293456;481:45747.70446255689;1158:45755.377790783554;1772:45819.033846490755;1870:45827.05595229864;2196:45834.90399410982;2195:45840.78020754188;2067:45852.09189626647;1350:45856.73936584844;230:45862.358531255515;2194:45900.68394674823;1310:45925.80818671105;519:45962.76959466491;520:46009.460520957415;521:46011.163571768
0,1,default_vehtype,route,False,-1000,45579.14285163848,46047.801789561105,45579.14285163848,0.0,350;-1;-1,328;-1;-1,2149.3750828299994,0.9946094366370317,0.9943944991287489,0.0,,0,,0,,,350;349;348;347;353;1266;1265;1264;1186;1263;2122;3570;3569;3645;426;3567;3314;328,350:45579.14285163848;349:45616.18092357095;348:45638.57132876103;347:45695.55296661571;353:45700.57444993574;1266:45709.4353190414;1265:45713.51879062269;1264:45732.53638908711;1186:45749.465810817645;1263:45872.95473435239;2122:45893.25877066248;3570:45929.86592119023;3569:45932.39975560558;3645:45939.339558585896;426:45974.00392025309;3567:45977.04913744798;3314:45977.53754879502;328:46047.801789561105
0,4,default_vehtype,boarding,True,-1,46011.163571768,46041.163571768,46011.163571768,0.0,521;-1;-1,521;-1;-1,0.0,0.9969963351446555,0.9969963351446555,0.0,,0,180,1,,180,,
0,11,default_vehtype,route,False,-1000,45370.811356553495,46070.43708108137,45370.811356553495,0.0,1363;-1;-1,2596;-1;-1,5658.713521084004,0.5948550975612359,0.5942892262091275,0.0,,0,181,1,,,1363;4042;804;873;1149;1362;1810;1811;1104;1878;3442;1887;2001;1268;1267;1179;240;126;127;1181;1180;3687;3202;3204;3926;2670;3666;3115;338;3665;3925;425;3474;426;3568;427;428;2716;2715;3054;2596,1363:45370.811356553495;4042:45372.304680451816;804:45380.32606394522;873:45393.47045442943;1149:45407.18766526977;1362:45412.37490106292;1810:45424.6339543293;1811:45463.16502090155;1104:45509.16790588868;1878:45547.49485477702;3442:45550.42549027734;1887:45556.29099480303;2001:45567.84303480466;1268:45571.844940179224;1267:45582.3506558527;1179:45583.80959767594;240:45596.51257913547;126:45605.95671729458;127:45614.249490413;1181:45639.42727862946;1180:45645.27131001205;3687:45646.173913303566;3202:45663.48691403871;3204:45666.011486625524;3926:45688.59139459016;2670:45710.90442915131;3666:45712.02288502842;3115:45714.56346234191;338:45716.98958280973;3665:45817.09259933472;3925:45826.596195994665;425:45844.92372870576;3474:45868.92198704819;426:45903.91911074095;3568:45905.52592374755;427:45974.817650592835;428:46012.489126202;2716:46016.26683832296;2715:46047.397092021165;3054:46066.593607004186;2596:46070.43708108137
0,2,default_vehtype,route,False,-1000,45889.978824134785,46108.360489167804,45889.978824134785,0.0,4068;-1;-1,545;-1;-1,2195.7899921300004,0.9962223419797451,0.9960027629805324,0.0,,0,,0,,,4068;268;2633;331;332;734;2384;2109;1758;1926;992;297;296;659;658;545,4068:45889.978824134785;268:45926.25607908526;2633:45927.599455306976;331:45942.859674129926;332:45975.282560942294;734:45988.7941968429;2384:45998.31335140581;2109:46015.80689476526;1758:46032.48520979654;1926:46044.752755735375;992:46063.686074798556;297:46076.28180156809;296:46088.005125822136;659:46100.644591072545;658:46103.05890228955;545:46108.360489167804
0,11,default_vehtype,boarding,True,-1,46070.43708108137,46100.43708108137,46070.43708108137,0.0,2596;-1;-1,2596;-1;-1,0.0,0.5942892262091275,0.5942892262091275,0.0,,0,181,1,,181,,
0,2,default_vehtype,boarding,True,45420,46108.360489167804,46125.77612802303,46108.360489167804,0.0,545;-1;-1,545;-1;-1,0.0,0.9960027629805324,0.9960027629805324,0,,0,196,1,196,,,
0,1,default_vehtype,boarding,True,45420,46047.801789561105,46156.501123188216,46047.801789561105,0.0,328;-1;-1,328;-1;-1,0.0,0.9943944991287489,0.9943944991287489,0,,0,195,1,195,,,
0,9,default_vehtype,route,False,-1000,45785.85886334457,46182.196688834505,45785.85886334457,0.0,2906;-1;-1,3562;-1;-1,2897.598829348998,0.5663770559822414,0.5660872960993073,0.0,,0,189,1,,,2906;2867;421;422;423;424;3203;3204;3926;3150;3666;3115;3313;3476;3477;425;3474;426;3567;3566;3565;3563;3562,2906:45785.85886334457;2867:45794.29560169469;421:45796.09901658263;422:45845.1113785302;423:45902.83394447493;424:45913.35563072686;3203:45940.37320922902;3204:45941.94720636859;3926:45977.25230116933;3150:45983.77890839426;3666:46002.250467410915;3115:46005.83854159665;3313:46031.37037610116;3476:46043.01148477087;3477:46055.09443365192;425:46058.499069941965;3474:46082.49732828439;426:46117.49445197715;3567:46120.539669172045;3566:46176.654645236886;3565:46177.62109991943;3563:46180.86852383784;3562:46182.196688834505
0,8,default_vehtype,route,False,-1000,45000,46194.25720993774,45000,0,1123;-1;-1,3450;-1;-1,6256.409047309993,0.9747917742687331,0.9741661333640016,0.0,,0,,0,,,1123;1093;1092;615;352;351;350;349;3571;1407;1408;544;748;749;3350;3352;3351;134;2583;2635;3335;2857;2862;173;3450,1123:45000;1093:45007.89260334943;1092:45030.3187887127;615:45035.52363394193;352:45067.05307871078;351:45102.709279691124;350:45142.53107119202;349:45179.56914312449;3571:45217.036177293056;1407:45219.55447364847;1408:45225.40905128622;544:45276.65599842758;748:45308.22922379488;749:45524.22168648833;3350:45554.701524790675;3352:45577.03478100906;3351:45625.09063397355;134:45676.04740464482;2583:45679.03959078273;2635:45721.84253050921;3335:45878.928727276245;2857:45956.76762959987;2862:46037.80058019007;173:46145.322383359555;3450:46194.25720993774
0,9,default_vehtype,boarding,True,45960,46182.196688834505,46212.196688834505,46182.196688834505,0.0,3562;-1;-1,3562;-1;-1,0.0,0.5660872960993073,0.5660872960993073,0,,0,189;198,2,198,189,,
0,8,default_vehtype,boarding,True,45000,46194.25720993774,46225.0803952759,46194.25720993774,0.0,3450;-1;-1,3450;-1;-1,0.0,0.9741661333640016,0.9741661333640016,0,,0,183,1,183,,,
0,11,default_vehtype,route,False,-1000,46200,46351.16260953889,46200,0,2596;-1;-1,598;-1;-1,1049.59111053,0.5942892262091275,0.5941842670980744,0.0,,0,,0,,,2596;172;2715;2716;428;427;3568;426;3567;3315;598,2596:46200;172:46212.3560329118;2715:46214.76142730074;2716:46272.37686009795;428:46279.020800289865;427:46302.62539315932;3568:46321.04608820321;426:46323.4810640806;3567:46326.81299930898;3315:46343.54747456252;598:46351.16260953889
0,11,default_vehtype,boarding,True,46200,46351.16260953889,46407.74544428278,46351.16260953889,0.0,598;-1;-1,598;-1;-1,0.0,0.5941842670980744,0.5941842670980744,0,,0,201,1,201,,,
0,3,default_vehtype,route,False,-1000,46080,46513.16785570871,46080,0,2091;-1;-1,688;-1;-1,5040.0772759,0.9941506789592393,0.9936466712316495,0.0,,0,,0,,,2091;563;2793;2795;2799;2802;4047;2803;3866;3360;2805;3127;2808;94;2810;2815;2813;3634;3439;971;3630;2589;3629;2555;3438;3440;2554;3631;3636;3843;1169;1576;2367;2368;2369;1377;1378;1379;1380;1381;243;242;688,2091:46080;563:46091.59603388177;2793:46097.69995196021;2795:46099.049922423714;2799:46117.32099568827;2802:46129.33345820543;4047:46139.75550467803;2803:46140.932468285784;3866:46141.61934400937;3360:46142.28073931497;2805:46162.382960479255;3127:46171.74483417048;2808:46195.9247787711;94:46198.3155895118;2810:46215.7945880055;2815:46226.031265864694;2813:46233.36805019963;3634:46242.57118714417;3439:46246.73152572739;971:46247.714878547165;3630:46255.92133465971;2589:46272.045733212486;3629:46282.497294478526;2555:46292.74265558224;3438:46299.43523294845;3440:46300.58999463146;2554:46306.50425839813;3631:46308.27716488978;3636:46314.22078357076;3843:46315.31960675176;1169:46319.02679667511;1576:46326.34938088717;2367:46353.80988586535;2368:46383.008192606794;2369:46387.617586902736;1377:46391.60620239817;1378:46395.39457479898;1379:46444.55997918945;1380:46454.52739963877;1381:46461.6497990646;243:46503.528003467385;242:46510.95640085269;688:46513.16785570871
0,3,default_vehtype,boarding,True,46080,46513.16785570871,46522.309660460625,46513.16785570871,0.0,688;-1;-1,688;-1;-1,0.0,0.9936466712316495,0.9936466712316495,0,,0,200,1,200,,,
0,10,default_vehtype,route,False,-1000,45960,46564.92150626736,45960,0,1336;-1;-1,1815;-1;-1,3850.9650789900006,0.7890553422124056,0.788670245704507,0.0,,0,,0,,,1336;2179;1717;2223;2203;2497;2372;358;2345;2503;2403;1880;2208;4026;2386;3772;3922;832;3400;997;996;995;1127;1760;1759;3425;1517;1815,1336:45960;2179:46016.6528438949;1717:46026.722006671385;2223:46068.66819695917;2203:46076.752466725775;2497:46094.38489912748;2372:46108.38634760312;358:46111.824968173794;2345:46132.02225318609;2503:46157.17698539147;2403:46204.82069355867;1880:46248.60268277466;2208:46295.11571046203;4026:46318.70142039339;2386:46320.25712437848;3772:46332.502256776905;3922:46346.37536237339;832:46348.33615533011;3400:46355.03420849359;997:46360.08957154995;996:46370.371818957356;995:46421.81304689732;1127:46430.13275993291;1760:46466.83242459235;1759:46502.558894386915;3425:46516.56716321303;1517:46522.15530711067;1815:46564.92150626736
0,10,default_vehtype,boarding,True,45960,46564.92150626736,46572.825921839074,46564.92150626736,0.0,1815;-1;-1,1815;-1;-1,0.0,0.788670245704507,0.788670245704507,0,,0,199,1,199,,,
0,5,default_vehtype,route,False,-1000,45434.201391875045,46667.76040135736,45434.201391875045,0.0,1311;-1;-1,3044;-1;-1,8207.725499587998,0.8445305544336592,0.8437097818837013,0.0,,0,173,2,,,1311;519;1310;2194;727;728;229;228;227;226;4023;225;224;223;222;221;220;219;218;217;3358;216;3604;3743;215;2703;4022;3746;1583;2477;2247;1848;1665;2074;986;480;2172;2422;1921;1023;2417;2994;2996;2991;2995;3506;3000;3961;3814;3815;3510;2997;410;3512;409;3989;2683;3988;3992;2681;2909;3896;3163;406;405;3618;404;3811;403;402;3985;3984;3986;3982;401;400;399;3043;3876;3045;3046;3044,1311:45434.201391875045;519:45465.5181988658;1310:45497.88807956495;2194:45503.92025873346;727:45522.08334496487;728:45568.274440808666;229:45576.55983287909;228:45607.49994442508;227:45641.96011340377;226:45694.58233688319;4023:45696.517907730966;225:45724.47354840572;224:45759.1984418748;223:45770.02780533551;222:45812.552454958335;221:45827.082773128524;220:45853.80167882006;219:45870.08625693941;218:45909.97454219598;217:45930.0290722783;3358:45938.10156361715;216:45940.44059225522;3604:45961.37161768021;3743:45963.114818078364;215:45979.16629850428;2703:45980.72728792367;4022:45984.5378871477;3746:45993.049569527044;1583:46012.34156179765;2477:46021.305853660466;2247:46054.74900185848;1848:46091.45782754901;1665:46108.87332938899;2074:46114.3558790106;986:46120.10396548483;480:46140.84799034064;2172:46161.46905580022;2422:46175.479563487606;1921:46177.96036601683;1023:46196.27669022236;2417:46201.84425083141;2994:46265.79606937465;2996:46271.86054152107;2991:46277.81297515076;2995:46281.783187034045;3506:46324.24938626046;3000:46327.2420327936;3961:46358.26721862464;3814:46370.64131804568;3815:46389.44979646997;3510:46400.36992574156;2997:46408.279570351486;410:46410.01703167945;3512:46418.281375328384;409:46437.299121154574;3989:46464.545314906005;2683:46466.02009228138;3988:46471.10610082473;3992:46487.51260594685;2681:46494.96066513411;2909:46499.64191051632;3896:46510.50898792702;3163:46513.2483327139;406:46522.54429745928;405:46549.20893032906;3618:46573.665904566595;404:46583.803504632095;3811:46596.06952565561;403:46602.02661560915;402:46606.73185155425;3985:46614.54461838599;3984:46620.91199116962;3986:46622.982565534076;3982:46625.71195159036;401:46628.338398936554;400:46630.70045385832;399:46633.78403594791;3043:46640.53484134582;3876:46647.303326831054;3045:46647.89955294022;3046:46648.75125310562;3044:46667.76040135736
0,5,default_vehtype,boarding,True,-1,46667.76040135736,46697.76040135736,46667.76040135736,0.0,3044;-1;-1,3044;-1;-1,0.0,0.8437097818837013,0.8437097818837013,0,,0,173,2,,173,,
0,1,default_vehtype,route,False,-1000,46156.501123188216,46789.900981555795,46156.501123188216,0.0,328;-1;-1,3171;-1;-1,3667.5579845700004,0.9943944991287489,0.9940277433302915,0.0,,0,195,1,,,328;3562;4026;3644;2387;2207;3868;2206;2205;3824;2306;212;211;1491;601;600;1532;1533;674;3417;3416;3789;3415;3414;1015;2916;3413;3412;3169;3170;3171,328:46156.501123188216;3562:46157.221892903624;4026:46197.482425870505;3644:46205.06300666404;2387:46210.78341503173;2207:46215.08003167604;3868:46221.141652073435;2206:46226.81679514055;2205:46245.051471484156;3824:46269.050002246266;2306:46271.50499362556;212:46315.41030190349;211:46317.277725530184;1491:46349.38362855928;601:46375.09755285955;600:46390.36476158341;1532:46393.720161552206;1533:46400.474219184354;674:46411.84894276928;3417:46450.147145426236;3416:46466.49070069892;3789:46501.84777616276;3415:46510.128984082374;3414:46536.12421682025;1015:46541.248116664676;2916:46584.820009548355;3413:46588.81830870944;3412:46605.15821920952;3169:46622.702892662746;3170:46633.467335982445;3171:46789.900981555795
0,1,default_vehtype,boarding,True,-1,46789.900981555795,46819.900981555795,46789.900981555795,0.0,3171;-1;-1,3171;-1;-1,0.0,0.9940277433302915,0.9940277433302915,0,,0,195,1,,195,,
0,1,default_vehtype,route,False,-1000,46819.900981555795,46860,46819.900981555795,0.0,3171;-1;-1,3169;3412;0.995,235.52099827379152,0.9940277433302915,0.9940041912304642,0.0,,0,,0,,,3171;3170;3169,3171:46819.900981555795;3170:46826.868928586526;3169:46848.42020401169
0,1,default_vehtype,route,False,-1000,46860,46869.31932690852,46860,0,3169;3412;0.995,2916;-1;-1,108.99445031620847,0.9940041912304642,0.9939932917854326,0.0,,0,,0,,,3169;3412;3462;2916,3169:46860;3412:46860.05909143488;3462:46863.77184500331;2916:46869.31932690852
0,11,default_vehtype,route,False,-1000,46407.74544428278,46937.82151143656,46407.74544428278,0.0,598;-1;-1,333;-1;-1,3865.923617833,0.5941842670980744,0.5937976747362914,0.0,,0,201,1,,,598;3315;3475;3477;425;3925;3665;338;2670;3666;3150;2675;3680;2687;423;422;421;2867;956;1056;3898;1057;3667;1058;3685;683;682;681;680;871;272;333,598:46407.74544428278;3315:46414.445889108254;3475:46421.51710135916;3477:46437.7936405588;425:46441.91648036304;3925:46463.87215482826;3665:46476.23146158309;338:46519.87740091522;2670:46522.49442960202;3666:46526.54450383988;3150:46540.22945987404;2675:46566.38523264713;3680:46568.57009103117;2687:46624.40587651665;423:46627.2243325222;422:46671.67629458889;421:46731.14032794118;2867:46736.23094244249;956:46741.17178569527;1056:46753.50163554665;3898:46754.827610544526;1057:46768.487697412835;3667:46777.21778060753;1058:46794.15425833954;3685:46811.84178777166;683:46816.13115597102;682:46824.94930159692;681:46843.712150068786;680:46855.790594183294;871:46860.32842398086;272:46922.088651724625;333:46937.82151143656
0,4,default_vehtype,route,False,-1000,46200.0,46957.497112315,46200.0,0.0,521;-1;-1,867;-1;-1,3946.1927651700007,0.9969963351446555,0.9966017158681384,0.0,,0,,0,,,521;520;519;1311;1312;2171;262;263;264;3671;3672;1517;3425;3426;3427;3115;3313;3476;3477;425;3474;426;3567;3314;2716;2715;172;2596;429;430;867,521:46200;520:46232.36746896555;519:46266.733776225345;1311:46283.26779962633;1312:46304.90121737272;2171:46333.10152416991;262:46342.33345875795;263:46419.754120853904;264:46436.71153639016;3671:46496.63444410911;3672:46499.1597256936;1517:46543.414431095465;3425:46546.89816052527;3426:46553.29465575157;3427:46568.5498016588;3115:46618.776064688034;3313:46700.405425079436;3476:46711.61834314642;3477:46725.278367818275;425:46729.40120762252;3474:46764.24773357584;426:46809.96855696339;3567:46813.30049219177;3314:46816.24010779294;2716:46842.3209415302;2715:46877.098465164694;172:46879.698283048165;2596:46907.535252249916;429:46927.43883286797;430:46941.278237570936;867:46957.497112315
0,7,default_vehtype,route,False,-1000,45963.33968351748,46952.27786224573,45963.33968351748,0.0,3475;-1;-1,319;-1;-1,4320.179339489999,0.9631962584053442,0.9627642404713957,0.0,,0,188,1,,,3475;3474;426;3567;3314;2716;2715;172;2596;3054;3112;4030;4031;3862;4032;1888;2403;2503;2026;2397;1987;2423;3660;1664;2373;2180;1429;1430;1431;1467;318;319,3475:45963.33968351748;3474:45967.14550631504;426:46002.1426300078;3567:46005.187847202695;3314:46005.676258549734;2716:46099.69800567338;2715:46130.828259371585;172:46133.67162696434;2596:46141.51770023105;3054:46144.631241082134;3112:46175.15239015787;4030:46273.929418554086;4031:46278.55285048352;3862:46289.712163009994;4032:46296.70114491886;1888:46323.6070205163;2403:46330.25120079859;2503:46437.042439745324;2026:46453.69640655457;2397:46463.45715026374;1987:46517.16484018312;2423:46527.688513078785;3660:46564.29446804679;1664:46568.684986263914;2373:46573.643156493956;2180:46760.51115938531;1429:46775.37854532124;1430:46815.57288098062;1431:46840.29936456393;1467:46865.04191649038;318:46924.54427352528;319:46952.27786224573
0,4,default_vehtype,boarding,True,46200,46957.497112315,46963.51769329994,46957.497112315,0.0,867;-1;-1,867;-1;-1,0.0,0.9966017158681384,0.9966017158681384,0,,0,202,1,202,,,
0,11,default_vehtype,boarding,True,-1,46937.82151143656,46967.82151143656,46937.82151143656,0.0,333;-1;-1,333;-1;-1,0.0,0.5937976747362914,0.5937976747362914,0,,0,201,1,,201,,
0,1,default_vehtype,boarding,True,46860,46869.31932690852,46973.57462495556,46869.31932690852,0.0,2916;-1;-1,2916;-1;-1,0.0,0.9939932917854326,0.9939932917854326,0,,0,208,1,208,,,
0,7,default_vehtype,boarding,True,-1,46952.27786224573,46982.27786224573,46952.27786224573,0.0,319;-1;-1,319;-1;-1,0.0,0.9627642404713957,0.9627642404713957,0,,0,188,1,,188,,
0,8,default_vehtype,route,False,-1000,46225.0803952759,47108.44390566268,46225.0803952759,0.0,3450;-1;-1,427;-1;-1,3862.11360477,0.9741661333640016,0.973779922003525,0.0,,0,183,1,,,3450;3119;268;2633;4067;2632;4004;3750;3749;3684;2867;421;422;423;424;3203;3204;3926;3150;3666;3115;3313;3476;3477;425;3474;426;3568;427,3450:46225.0803952759;3119:46238.064824063025;268:46287.210369960296;2633:46288.55374618201;4067:46366.17051395448;2632:46367.8732849084;4004:46370.214451666914;3750:46432.938396578524;3749:46437.92491243594;3684:46462.66392431079;2867:46466.09039651622;421:46468.27417596877;422:46563.748498584166;423:46729.43690303967;424:46762.73320835256;3203:46782.64997236402;3204:46783.1960641189;3926:46804.84701659561;3150:46811.071804422485;3666:46870.766460949635;3115:46874.09533513488;3313:46949.96420832985;3476:46979.9800134679;3477:46993.24251184414;425:46993.76495818471;3474:47017.8479257005;426:47055.28130238231;3568:47057.77902477651;427:47108.44390566268
0,11,default_vehtype,route,False,-1000,46967.82151143656,47112.456797486404,46967.82151143656,0.0,333;-1;-1,3194;-1;-1,1893.5971791,0.5937976747362914,0.5936083150183815,0.0,,0,,0,,,333;2384;734;419;331;2633;268;3195;1610;2865;3194,333:46967.82151143656;2384:46976.769379927326;734:47000.39192095487;419:47035.34267514965;331:47050.19730279482;2633:47058.896963195606;268:47064.15333035372;3195:47080.250561753375;1610:47081.907019890234;2865:47108.31946078582;3194:47112.456797486404
0,11,default_vehtype,boarding,True,46620,47112.456797486404,47114.03618033038,47112.456797486404,0.0,3194;-1;-1,3194;-1;-1,0.0,0.5936083150183815,0.5936083150183815,0.0,,0,205,1,205,,,
0,6,default_vehtype,route,False,-1000,45486.03962093662,47126.78291340308,45486.03962093662,0.0,4003;-1;-1,1827;-1;-1,15538.074864850008,0.9185562086548633,0.9170024011683776,0.0,,0,184,1,,,4003;3805;3446;2866;3194;3193;2039;183;2578;33;2638;2637;2585;3267;103;104;3270;3271;132;3640;739;3057;0;2580;3331;2534;3455;2618;2573;4;5;92;158;3264;3327;3321;3319;3325;2129;2225;1501;1500;1671;1827,4003:45486.03962093662;3805:45497.615834361844;3446:45508.27863015935;2866:45525.935168340904;3194:45563.0972202142;3193:45569.32502337135;2039:45571.803785418306;183:45636.03738263602;2578:45659.33831079017;33:45792.212375654075;2638:45857.962670631896;2637:45864.03826362339;2585:45900.63982460328;3267:46057.71746105639;103:46198.025174374416;104:46227.677703902664;3270:46284.97462934689;3271:46297.97175891303;132:46320.52110732731;3640:46324.197835439445;739:46341.32907378767;3057:46367.15895016697;0:46431.06607746531;2580:46536.68011134703;3331:46654.01114812539;2534:46670.08564469004;3455:46672.841600609005;2618:46731.60674873964;2573:46767.467468898925;4:46773.452556514916;5:46798.32010876872;92:46841.44645274563;158:46876.440058367036;3264:46880.98310578316;3327:46900.43076069266;3321:46909.08496844121;3319:46909.37909552045;3325:46912.00921905919;2129:46918.43179956432;2225:46934.147761319204;1501:46967.45522490781;1500:46996.79288563542;1671:47067.97513342794;1827:47126.78291340308
0,6,default_vehtype,boarding,True,-1,47126.78291340308,47156.78291340308,47126.78291340308,0.0,1827;-1;-1,1827;-1;-1,0.0,0.9170024011683776,0.9170024011683776,0,,0,184,1,,184,,
0,2,default_vehtype,route,False,-1000,46125.77612802303,47180.23656264705,46125.77612802303,0.0,545;-1;-1,1027;-1;-1,4068.402316390003,0.9960027629805324,0.9955959227488932,0.0,,0,196,1,,,545;658;659;296;297;992;1927;274;3718;3719;872;871;680;3802;3803;3804;870;2632;4004;3750;3749;3684;2867;421;422;423;1873;1874;124;1875;1256;550;1025;1026;1027,545:46125.77612802303;658:46129.16079337475;659:46133.73916299253;296:46146.87913797165;297:46176.002052929936;992:46195.467090796556;1927:46236.266510567206;274:46260.08263282757;3718:46269.2194554529;3719:46278.5627772556;872:46313.23824984364;871:46318.36679357322;680:46344.63549676046;3802:46363.862275432766;3803:46372.406420139625;3804:46381.80355114301;870:46403.63377205064;2632:46421.702140017485;4004:46424.043306776;3750:46486.76725168761;3749:46491.75376754503;3684:46516.49277941988;2867:46519.91925162531;421:46522.10303107786;422:46617.577353693254;423:46783.26575814876;1873:46830.3655037078;1874:46886.143838392585;124:46892.91051997613;1875:46924.28778265845;1256:47035.74316404456;550:47063.05662259607;1025:47075.84585535923;1026:47159.04080739102;1027:47180.23656264705
0,2,default_vehtype,boarding,True,46800,47180.23656264705,47260.291689490245,47180.23656264705,0.0,1027;-1;-1,1027;-1;-1,0.0,0.9955959227488932,0.9955959227488932,0,,0,196;207,2,207,196,,
0,8,default_vehtype,boarding,True,46980,47108.44390566268,47291.3690940267,47108.44390566268,0.0,427;-1;-1,427;-1;-1,0.0,0.973779922003525,0.973779922003525,0,,0,183;209;210,5,209;210,183,,
0,7,default_vehtype,route,False,-1000,47160.0,47392.683387273035,47160.0,0.0,319;-1;-1,385;-1;-1,1159.3810625,0.9627642404713957,0.962648302365146,0.0,,0,,0,,,319;318;1467;1931;1303;1624;279;1625;386;385,319:47160;318:47214.71277908886;1467:47246.41140537435;1931:47261.472904818074;1303:47273.66898679796;1624:47280.17189651911;279:47301.13118021532;1625:47341.865658587405;386:47367.02730785986;385:47392.683387273035
0,7,default_vehtype,boarding,True,47160,47392.683387273035,47395.3311149239,47392.683387273035,0.0,385;-1;-1,385;-1;-1,0.0,0.962648302365146,0.962648302365146,0.0,,0,216,1,216,,,
0,1,default_vehtype,route,False,-1000,46973.57462495556,47439.81157585636,46973.57462495556,0.0,2916;-1;-1,427;-1;-1,4259.812016199997,0.9939932917854326,0.9935673105838132,0.0,,0,208,1,,,2916;3413;2915;3336;1;2596;3054;2715;172;3771;428;427,2916:46973.57462495556;3413:46977.04574174118;2915:47063.54310651351;3336:47197.05017454253;1:47274.97848243004;2596:47312.96886254176;3054:47316.87528070489;2715:47341.99235572487;172:47344.27546057287;3771:47345.53204515743;428:47371.8247686764;427:47439.81157585636
0,3,default_vehtype,route,False,-1000,46522.309660460625,47445.190457066376,46522.309660460625,0.0,688;-1;-1,3562;-1;-1,8769.737918519999,0.9936466712316495,0.9927696974397981,0.0,,0,200,1,,,688;242;243;1382;3609;1383;2935;3608;3846;2078;685;1838;908;2630;3732;2546;3728;2543;2544;2562;2561;2833;3401;2844;16;2118;83;3469;3470;3918;2830;2829;1945;1766;509;3650;1828;2117;4074;2677;3102;3108;2678;387;988;334;3351;134;2637;3110;335;336;2252;2347;3665;3313;3476;3477;3475;3315;3567;3314;328;3562,688:46522.309660460625;242:46530.83696573408;243:46543.754531598956;1382:46548.676218868175;3609:46549.87498001464;1383:46561.61811886567;2935:46565.52873656832;3608:46573.446766102854;3846:46575.738030989654;2078:46581.550543767386;685:46592.17605022298;1838:46615.550835150236;908:46617.08529701343;2630:46630.16385647908;3732:46635.221812783086;2546:46635.75995035663;3728:46638.95861354936;2543:46655.99317504362;2544:46665.42217101233;2562:46685.87410693689;2561:46686.17050496086;2833:46697.93230964207;3401:46703.67363209035;2844:46709.97846669806;16:46725.130960888186;2118:46727.60962474084;83:46737.014760570615;3469:46748.79574675287;3470:46751.67951086274;3918:46758.580177552496;2830:46778.26328220913;2829:46783.371667310625;1945:46787.74121645887;1766:46795.19180939341;509:46803.27410608753;3650:46809.58483899707;1828:46810.18587862835;2117:46819.16232139022;4074:46828.62973266952;2677:46881.198055772526;3102:46886.14639338719;3108:46938.95326088569;2678:46991.9371012365;387:46994.25168830585;988:47064.76110532424;334:47086.96864752893;3351:47089.93755332826;134:47118.944243521204;2637:47128.20638377514;3110:47168.70636274463;335:47188.90189352333;336:47244.60441744249;2252:47250.98337025169;2347:47266.49698674286;3665:47285.38090138655;3313:47288.18055095848;3476:47318.19635609653;3477:47331.45885447277;3475:47342.998947014516;3315:47357.393745017966;3567:47378.57437175667;3314:47379.86429017334;328:47437.37572217356;3562:47445.190457066376
0,1,default_vehtype,boarding,True,-1,47439.81157585636,47469.81157585636,47439.81157585636,0.0,427;-1;-1,427;-1;-1,0.0,0.9935673105838132,0.9935673105838132,0,,0,208,1,,208,,
0,3,default_vehtype,boarding,True,-1,47445.190457066376,47475.190457066376,47445.190457066376,0.0,3562;-1;-1,3562;-1;-1,0.0,0.9927696974397981,0.9927696974397981,0,,0,200,1,,200,,
0,7,default_vehtype,route,False,-1000,47395.3311149239,47709.583394354944,47395.3311149239,0.0,385;-1;-1,3562;-1;-1,2190.2667387310007,0.962648302365146,0.9624292756912729,0.0,,0,216,1,,,385;2179;1717;2223;2203;2497;2372;358;2345;2503;2403;1880;2208;4026;2386;4027;3560;3561;3563;3562,385:47395.3311149239;2179:47407.6318954082;1717:47438.13729448711;2223:47443.588894912646;2203:47463.86149583145;2497:47482.12308507327;2372:47491.74938871075;358:47494.84665271399;2345:47503.105497648285;2503:47514.37613476223;2403:47555.70479040664;1880:47568.13910319564;2208:47589.396204063676;4026:47660.76828753179;2386:47662.41863535241;4027:47663.09769162847;3560:47677.71631175333;3561:47703.594313573674;3563:47706.75143241101;3562:47709.583394354944
0,7,default_vehtype,boarding,True,-1,47709.583394354944,47739.583394354944,47709.583394354944,0.0,3562;-1;-1,3562;-1;-1,0.0,0.9624292756912729,0.9624292756912729,0,,0,216,1,,216,,
0,2,default_vehtype,route,False,-1000,47260.291689490245,47746.97867531197,47260.291689490245,0.0,1027;-1;-1,3995;-1;-1,2872.710056164999,0.9955959227488932,0.9953086517432761,0.0,,0,207,1,,,1027;1026;1025;1255;1254;1253;1953;1952;4011;4010;422;421;2866;3684;3749;3750;4004;2632;4002;4067;2633;331;419;2863;3995,1027:47260.291689490245;1026:47264.601485874206;1025:47285.47326401956;1255:47292.12162380449;1254:47296.27490843456;1253:47301.15491450729;1953:47337.85429513481;1952:47419.210462807256;4011:47427.97247646086;4010:47429.4816193022;422:47471.54648863901;421:47530.08703313825;2866:47532.364932996774;3684:47533.98638924053;3749:47544.23660722202;3750:47554.01434332771;4004:47563.66513155602;2632:47565.679676265565;4002:47566.78639229238;4067:47568.912422866844;2633:47630.56156612682;331:47641.122957622545;419:47676.11093994714;2863:47710.63076724326;3995:47746.97867531197
0,1,default_vehtype,route,False,-1000,47469.81157585636,47777.11334750548,47469.81157585636,0.0,427;-1;-1,537;-1;-1,2135.2362791099995,0.9935673105838132,0.993353786955902,0.0,,0,,0,,,427;428;2716;3314;3568;426;3474;3475;3477;425;3925;3665;3313;3115;338;2670;2671;2065;1211;537,427:47469.81157585636;428:47496.57097935344;2716:47497.44489233263;3314:47537.081687709564;3568:47540.626806750726;426:47543.22262533357;3474:47564.73936107378;3475:47568.9150181121;3477:47582.90174945505;425:47590.26928344219;3925:47599.825486233625;3665:47618.73310471429;3313:47623.729609849244;3115:47664.5750600111;338:47667.00884989875;2670:47669.163560416964;2671:47715.61947286077;2065:47738.08221747787;1211:47768.79962917483;537:47777.11334750548
0,2,default_vehtype,boarding,True,-1,47746.97867531197,47776.97867531197,47746.97867531197,0.0,3995;-1;-1,3995;-1;-1,0.0,0.9953086517432761,0.9953086517432761,0.0,,0,207,1,,207,,
0,4,default_vehtype,route,False,-1000,46963.51769329994,47777.2679648698,46963.51769329994,0.0,867;-1;-1,225;-1;-1,5484.020727750005,0.9966017158681384,0.9960533137953632,0.0,,0,202,1,,,867;430;3112;429;2596;3054;2715;172;3771;428;2716;3314;3568;426;3474;3475;3477;425;3925;3665;3313;3115;3666;3150;2675;3204;3203;424;423;2687;2688;422;421;2867;956;1056;3898;1057;3667;3897;3685;683;1059;1060;1061;1062;226;4023;225,867:46963.51769329994;430:47006.44050904087;3112:47014.43622591234;429:47015.460185301774;2596:47032.92220686515;3054:47036.828625028276;2715:47061.94570004826;172:47064.22880489626;3771:47065.48538948082;428:47091.77811299979;2716:47092.652025978976;3314:47144.37506208587;3568:47146.9690470047;426:47147.8608948825;3474:47173.155897428245;3475:47175.32635652776;3477:47214.54983649845;425:47215.07228283902;3925:47222.31278858804;3665:47231.82137450266;3313:47234.62102407459;3115:47253.836047629404;3666:47256.9225578016;3150:47296.65175057431;2675:47312.31621495347;3204:47313.3245261002;3203:47314.242762401125;424:47323.51384911583;423:47354.25842342303;2687:47356.37826738063;2688:47402.24698198516;422:47407.23918656439;421:47463.27983095175;2867:47472.575332327106;956:47487.85607187976;1056:47492.81367457181;3898:47493.16948672682;1057:47499.94027047523;3667:47509.28700913421;3897:47524.005744081995;3685:47576.8116668721;683:47583.7569584078;1059:47624.18338960727;1060:47632.621186432145;1061:47687.1288574346;1062:47712.942396350154;226:47747.258636163046;4023:47761.51225482673;225:47777.2679648698
0,4,default_vehtype,boarding,True,-1,47777.2679648698,47807.2679648698,47777.2679648698,0.0,225;-1;-1,225;-1;-1,0.0,0.9960533137953632,0.9960533137953632,0,,0,202,1,,202,,
0,1,default_vehtype,boarding,True,46680,47777.11334750548,47812.458199180146,47777.11334750548,0.0,537;-1;-1,537;-1;-1,0.0,0.993353786955902,0.993353786955902,0,,0,206,1,206,,,
0,11,default_vehtype,route,False,-1000,47114.03618033038,47822.8602634414,47114.03618033038,0.0,3194;-1;-1,288;-1;-1,5648.358516320001,0.5936083150183815,0.5930434791667504,0.0,,0,205,1,,,3194;3193;421;2866;3684;3749;3750;4004;2632;4002;4067;2633;331;419;2863;3995;2864;3449;63;2700;3945;3575;64;2694;3795;417;416;3793;415;1249;1086;1250;541;1251;1566;1567;1011;1568;2349;1219;1331;547;1330;776;777;778;719;718;717;288,3194:47114.03618033038;3193:47115.14357223259;421:47138.051590458446;2866:47142.5160313272;3684:47145.62033132849;3749:47164.07892038994;3750:47176.10734618065;4004:47204.03785581409;2632:47204.54777148343;4002:47206.08320268995;4067:47207.134600495614;2633:47227.94990301815;331:47244.76440878783;419:47276.1369298426;2863:47284.503408999524;3995:47309.94280423162;2864:47312.844054303554;3449:47315.364902193985;63:47389.53174740702;2700:47399.80241380627;3945:47413.57792208572;3575:47420.905820367785;64:47450.30295059203;2694:47454.271536278386;3795:47465.08029153231;417:47474.17277705176;416:47477.95725299578;3793:47487.9045849841;415:47498.05830598941;1249:47510.95374347952;1086:47530.328071351185;1250:47541.59984651249;541:47553.879278332875;1251:47571.75143598158;1566:47580.386343423714;1567:47584.992640975455;1011:47598.08384500403;1568:47605.311386978676;2349:47609.395418067485;1219:47634.58815651824;1331:47641.62869246446;547:47651.361475368234;1330:47655.074170178144;776:47657.81462183981;777:47670.39317782971;778:47691.949157452094;719:47695.44717503646;718:47726.60777687234;717:47809.531539780386;288:47822.8602634414
0,7,default_vehtype,route,False,-1000,47739.583394354944,47830.49150122197,47739.583394354944,0.0,3562;-1;-1,427;-1;-1,631.0522358689999,0.9624292756912729,0.9623661704676858,0.0,,0,,0,,,3562;328;3565;3566;3567;426;3568;427,3562:47739.583394354944;328:47740.608453623885;3565:47743.42675619403;3566:47743.75901418898;3567:47789.52348233405;426:47790.42219030733;3568:47791.76210520339;427:47830.49150122197
0,7,default_vehtype,boarding,True,47460,47830.49150122197,47834.926271867495,47830.49150122197,0.0,427;-1;-1,427;-1;-1,0.0,0.9623661704676858,0.9623661704676858,0.0,,0,217,1,217,,,
0,11,default_vehtype,boarding,True,-1,47822.8602634414,47852.8602634414,47822.8602634414,0.0,288;-1;-1,288;-1;-1,0.0,0.5930434791667504,0.5930434791667504,0,,0,205,1,,205,,
0,5,default_vehtype,route,False,-1000,47100,47984.24499285189,47100,0,3044;-1;-1,295;-1;-1,6071.479812211997,0.8437097818837013,0.8431026339024796,0.0,,0,,0,,,3044;3046;3045;3876;3043;399;400;401;3982;3986;3984;3985;402;403;3811;3947;3618;405;406;3176;100;2909;2681;3992;3988;2683;3990;3514;2910;410;2997;3510;3815;3814;3961;3000;3506;2995;2991;2996;2994;2417;1023;1921;2422;2172;480;986;2074;1665;1848;2247;2477;1583;3746;4022;2703;215;3743;3604;216;3358;217;1313;1715;3357;175;2456;2184;1868;657;295,3044:47100;3046:47135.22190010548;3045:47137.661021676;3876:47140.65412316383;3043:47143.304556705414;399:47146.83545643633;400:47165.64622369056;401:47169.124547862004;3982:47169.86761675857;3986:47170.907571606454;3984:47171.670675917565;3985:47179.38355831539;402:47185.84073049836;403:47199.34073249101;3811:47207.53330696154;3947:47215.35042341617;3618:47228.48481207886;405:47255.45945994261;406:47262.29520574596;3176:47265.786217432804;100:47269.60594850676;2909:47270.91103180255;2681:47274.21628169821;3992:47277.87644669317;3988:47293.55710788698;2683:47306.51895941285;3990:47321.9388667516;3514:47329.158258201736;2910:47340.57204963005;410:47343.987192402274;2997:47345.624967264506;3510:47348.80641107193;3815:47351.997242639634;3814:47357.871397636256;3961:47363.26497471481;3000:47377.767064131476;3506:47386.71721216483;2995:47426.12750938819;2991:47431.531890109894;2996:47436.03394800851;2994:47442.420475654435;2417:47467.681689800294;1023:47472.10279297751;1921:47480.63569621312;2422:47484.39817347321;2172:47494.37699197926;480:47511.010414537835;986:47519.10478656852;2074:47522.22282201227;1665:47533.753358128495;1848:47559.02220858105;2247:47569.86668123873;2477:47585.35453274436;1583:47591.93634407202;3746:47614.314538872124;4022:47618.214472256666;2703:47629.65780425323;215:47638.66510502285;3743:47642.041044975216;3604:47643.45027696848;216:47673.74853207367;3358:47678.80953637543;217:47696.80944536142;1313:47709.78272095154;1715:47863.504967744906;3357:47868.100707260055;175:47870.1728610238;2456:47886.7291328123;2184:47915.23058643964;1868:47919.692920932655;657:47949.28565644646;295:47984.24499285189
0,5,default_vehtype,boarding,True,47100,47984.24499285189,47997.50913061239,47984.24499285189,0.0,295;-1;-1,295;-1;-1,0.0,0.8431026339024796,0.8431026339024796,0.0,,0,215,1,215,,,
0,10,default_vehtype,route,False,-1000,46572.825921839074,47998.934750118555,46572.825921839074,0.0,1815;-1;-1,789;-1;-1,8310.731047103012,0.788670245704507,0.7878391725997965,0.0,,0,199,1,,,1815;3670;2675;3680;2687;423;422;421;2866;3684;3749;3750;3805;4003;420;4002;4068;268;3119;2863;3995;2864;3449;3450;173;3686;3994;180;63;2700;3945;3594;3576;418;2693;2694;3795;417;416;3793;415;2695;3796;414;3794;413;768;769;501;770;771;772;773;538;774;2332;2331;2330;2329;2153;2896;3289;2895;644;645;3294;3295;1327;1287;1326;638;639;1290;1580;788;789,1815:46572.825921839074;3670:46627.13402430011;2675:46658.01859579976;3680:46660.2034541838;2687:46716.03923966928;423:46718.85769567483;422:46763.30965774152;421:46822.77369109381;2866:46824.711408478484;3684:46828.53722955819;3749:46849.561324962924;3750:46861.71684493717;3805:46869.580530624735;4003:46887.197903489614;420:46890.20390122237;4002:46890.51749776884;4068:46892.08247360866;268:46914.005760028354;3119:46982.697738456554;2863:46988.48172915866;3995:47013.921124390756;2864:47016.82237446269;3449:47019.34322235312;3450:47021.024547647175;173:47081.56722891661;3686:47193.74799723281;3994:47196.98399696195;180:47197.42238483703;63:47199.55303904604;2700:47209.82370544529;3945:47223.599213724745;3594:47225.015031436145;3576:47227.647306343286;418:47260.01132812477;2693:47264.802981258836;2694:47266.88167402925;3795:47277.690429283175;417:47286.78291480263;416:47290.56739074665;3793:47300.514722734966;415:47310.66844374028;2695:47312.7506147633;3796:47317.14607333696;414:47420.81798179791;3794:47433.35813304093;413:47440.212958697746;768:47467.36115465142;769:47474.18534626375;501:47485.93930217203;770:47487.77936025783;771:47503.33790256694;772:47510.611114816515;773:47515.892436740716;538:47519.26718932387;774:47529.6643084206;2332:47548.41994404404;2331:47554.316635467476;2330:47580.24825629821;2329:47601.4580049444;2153:47617.69968986655;2896:47636.553819698485;3289:47645.74341863025;2895:47653.40207181075;644:47656.098823036074;645:47660.58211845756;3294:47739.34097733997;3295:47746.16692517533;1327:47757.034826940646;1287:47779.445836590545;1326:47782.258564649695;638:47964.599024022544;639:47971.60743679325;1290:47976.51468638649;1580:47988.06353635942;788:47996.235207992766;789:47998.934750118555
0,10,default_vehtype,boarding,True,-1,47998.934750118555,48028.934750118555,47998.934750118555,0.0,789;-1;-1,789;-1;-1,0.0,0.7878391725997965,0.7878391725997965,0,,0,199,1,,199,,
0,8,default_vehtype,route,False,-1000,47291.3690940267,48039.486448099495,47291.3690940267,0.0,427;-1;-1,199;-1;-1,4427.743595710001,0.973779922003525,0.9733371476439542,0.0,,0,209;210,4,,,427;428;2716;3314;3568;426;3474;3475;3477;425;3925;3665;3313;3115;3666;3150;2675;3204;3203;424;423;2687;2688;422;421;2866;3684;3749;3750;4004;2632;4002;4067;2633;331;419;2863;3995;2864;3448;199,427:47291.3690940267;428:47318.12849752378;2716:47319.002410502966;3314:47370.72544660986;3568:47373.31943152869;426:47374.21127940649;3474:47399.506281952235;3475:47401.67674105175;3477:47440.90022102244;425:47441.42266736301;3925:47448.66317311203;3665:47458.17175902665;3313:47460.97140859858;3115:47480.186432153394;3666:47483.27294232559;3150:47524.49890876865;2675:47575.55053788266;3204:47582.21227950974;3203:47582.8851100675;424:47611.209717543046;423:47629.111714978404;2687:47634.70704464822;2688:47714.7334519668;422:47717.34611455228;421:47791.851706461486;2866:47794.12960632001;3684:47795.751062563766;3749:47806.00128054526;3750:47815.77901665095;4004:47825.42980487926;2632:47827.444349588804;4002:47828.55106561562;4067:47830.677096190084;2633:47892.326239450056;331:47902.887630945785;419:47937.87561327038;2863:47972.3954405665;3995:48008.74334863521;2864:48011.550074215105;3448:48029.18327751508;199:48039.486448099495
0,2,default_vehtype,route,False,-1000,47776.97867531197,48042.51432015387,47776.97867531197,0.0,3995;-1;-1,1229;-1;-1,766.3785356199996,0.9953086517432761,0.995232013889714,0.0,,0,,0,,,3995;2864;3449;199;1390;737;736;738;1229,3995:47776.97867531197;2864:47779.785400891866;3449:47781.2945040629;199:47805.09756201394;1390:47890.56088045581;737:47973.38259892693;736:47996.48862252718;738:48032.32865696212;1229:48042.51432015387
0,8,default_vehtype,boarding,True,-1,48039.486448099495,48069.486448099495,48039.486448099495,0.0,199;-1;-1,199;-1;-1,0.0,0.9733371476439542,0.9733371476439542,0,,0,209;210,4,,209;210,,
0,3,default_vehtype,route,False,-1000,47475.190457066376,48083.879346377675,47475.190457066376,0.0,3562;-1;-1,3446;-1;-1,3036.73198688,0.9927696974397981,0.9924660242411102,0.0,,0,,0,,,3562;328;3314;3568;426;3474;3475;3477;425;3925;3665;3313;3115;3666;3150;2675;3204;3203;424;423;2687;2688;422;421;2866;3446,3562:47475.190457066376;328:47476.23447803543;3314:47612.79383049024;3568:47616.338949531404;426:47618.934768114246;3474:47640.451503854456;3475:47644.62716089278;3477:47658.61389223573;425:47665.98142622287;3925:47675.5376290143;3665:47694.445247494965;3313:47699.44175262992;3115:47740.28720279178;3666:47743.357033605025;3150:47802.89399909259;2675:47853.945628206595;3204:47860.60736983368;3203:47861.28020039144;424:47889.604807866985;423:47907.50680530234;2687:47913.102134972156;2688:47993.12854229074;422:47995.74120487622;421:48070.246796785425;2866:48072.52469664395;3446:48083.879346377675
0,3,default_vehtype,boarding,True,47040,48083.879346377675,48125.784237762855,48083.879346377675,0.0,3446;-1;-1,3446;-1;-1,0.0,0.9924660242411102,0.9924660242411102,0,,0,213,1,213,,,
0,2,default_vehtype,boarding,True,47460,48042.51432015387,48158.213082096634,48042.51432015387,0.0,1229;-1;-1,1229;-1;-1,0.0,0.995232013889714,0.995232013889714,0,,0,218,1,218,,,
0,9,default_vehtype,route,False,-1000,46212.196688834505,48172.009515050595,46212.196688834505,0.0,3562;-1;-1,2794;-1;-1,11996.436090749,0.5660872960993073,0.5648876524902329,0.0,,0,198,1,,,3562;328;3565;3566;3567;3315;3475;3474;425;3925;3665;338;2670;3926;3204;3203;424;423;2687;2688;422;421;2866;3194;3195;268;2633;331;419;2863;3119;3450;173;3686;3994;180;63;2700;3945;3575;64;2694;3795;417;416;3793;415;1249;1086;1250;541;1251;1566;1768;1189;2025;2048;895;774;2332;2331;2330;2473;1329;1328;838;1030;3292;3132;646;3295;1327;1287;1326;1111;1325;1324;1323;3161;3162;3810;2937;926;1740;2360;1834;1833;2953;2955;708;2956;3547;3550;491;490;489;881;1683;1959;2091;563;2793;2795;2794,3562:46212.196688834505;328:46214.12668116568;3565:46215.616089379684;3566:46216.28634032475;3567:46267.02171672192;3315:46277.44956446806;3475:46304.003634038556;3474:46307.80945683612;425:46319.259926268125;3925:46340.64462090469;3665:46353.00392765952;338:46396.64986699165;2670:46399.26689567845;3926:46443.092777265054;3204:46461.71171476344;3203:46464.59638749387;424:46531.350360872384;423:46618.84678233659;2687:46622.16927579575;2688:46701.79147322689;422:46706.05056545182;421:46765.51459880411;2866:46767.452316188785;3194:46801.5231362965;3195:47000.64354062361;268:47013.93783860071;2633:47014.711553438625;331:47031.52605920831;419:47062.89858026308;2863:47071.26505942;3119:47082.399028669686;3450:47103.5163605544;173:47164.059041823835;3686:47276.23981014003;3994:47279.475809869175;180:47279.914197744256;63:47282.044851953266;2700:47292.315518352516;3945:47306.09102663197;3575:47313.41892491403;64:47342.816055138275;2694:47346.78464082463;3795:47357.593396078555;417:47366.68588159801;416:47370.47035754203;3793:47380.417689530346;415:47390.57141053566;1249:47403.46684802577;1086:47425.618638360866;1250:47431.75713483858;541:47447.2274788376;1251:47472.96969790453;1566:47480.29122643966;1768:47483.05004261432;1189:47489.81432468217;2025:47496.524187869254;2048:47517.681600264725;895:47525.098418993184;774:47543.346025420746;2332:47562.10166104419;2331:47567.99835246762;2330:47593.929973298356;2473:47604.49876734979;1329:47614.73501036009;1328:47645.93286668269;838:47674.17400629262;1030:47693.36627613757;3292:47697.01949231511;3132:47699.69419757194;646:47707.88015275737;3295:47711.856380007746;1327:47722.724281773066;1287:47745.135291422965;1326:47747.948019482115;1111:47761.28152405855;1325:47762.378629512474;1324:47767.58371386151;1323:47782.59836868446;3161:47790.35485532091;3162:47849.5603200882;3810:47900.20605744863;2937:47902.118943786365;926:47915.900942862325;1740:47926.63544514027;2360:47929.890695877686;1834:47946.73119537091;1833:47953.81881072286;2953:47955.10005541935;2955:47959.85117386363;708:47962.18636338066;2956:47964.6511291333;3547:47987.975990351355;3550:47988.818375921;491:48059.63616912153;490:48077.97444749818;489:48087.798859846305;881:48095.708190987956;1683:48110.520551432346;1959:48117.80324000242;2091:48134.61683568103;563:48150.37206750441;2793:48161.24053618689;2795:48163.31146490353;2794:48172.009515050595
0,9,default_vehtype,boarding,True,-1,48172.009515050595,48202.009515050595,48172.009515050595,0.0,2794;-1;-1,2794;-1;-1,0.0,0.5648876524902329,0.5648876524902329,0,,0,198,1,,198,,
0,10,default_vehtype,route,False,-1000,48028.934750118555,48354.53456617935,48028.934750118555,0.0,789;-1;-1,2383;-1;-1,2025.4182973999996,0.7878391725997965,0.7876366307700563,0.0,,0,,0,,,789;788;1580;1290;1291;2128;1112;1724;714;1605;1725;1349;1692;1691;1050;1690;1689;1688;1687;1412;2276;2383,789:48028.934750118555;788:48045.34791805353;1580:48072.326631575146;1290:48077.9595573318;1291:48082.74289453677;2128:48092.605170507704;1112:48103.898616367325;1724:48114.01872809668;714:48118.965756474296;1605:48133.28610144271;1725:48144.593683969746;1349:48175.4033053545;1692:48185.52857771765;1691:48193.40275927093;1050:48204.28382716843;1690:48211.88701953689;1689:48224.07808246871;1688:48227.19273392946;1687:48235.62708098153;1412:48336.197226339136;2276:48346.810617647294;2383:48354.53456617935
0,10,default_vehtype,boarding,True,47940,48354.53456617935,48381.71956323172,48354.53456617935,0.0,2383;-1;-1,2383;-1;-1,0.0,0.7876366307700563,0.7876366307700563,0,,0,222,1,222,,,
0,11,default_vehtype,route,False,-1000,47852.8602634414,48501.965349573475,47852.8602634414,0.0,288;-1;-1,1654;-1;-1,5389.41460047,0.5930434791667504,0.5925045377067033,0.0,,0,,0,,,288;717;716;3277;3296;96;2946;648;1693;1692;1691;1050;1690;1689;1688;1687;112;1686;1421;510;1685;1684;491;3550;3547;3545;2950;2951;2952;1713;1244;1712;1675;880;879;1659;3366;3362;819;1598;1709;188;3364;3363;3361;1460;3367;1656;2783;1449;1654,288:47852.8602634414;717:47857.30610903373;716:47887.94160089834;3277:47892.93034239597;3296:47904.52186061599;96:47916.03299108613;2946:47967.151292488306;648:47969.94571296718;1693:47975.973779528904;1692:47996.85407127547;1691:48000.87984725507;1050:48014.401387377;1690:48019.227258337596;1689:48020.89408808557;1688:48028.00844043457;1687:48046.090562591715;112:48058.71153116068;1686:48072.47935922099;1421:48082.28508165967;510:48095.31657081116;1685:48103.94631913262;1684:48119.64035290423;491:48140.44357964795;3550:48157.75741247604;3547:48158.46895102429;3545:48159.421922062626;2950:48170.91897334447;2951:48208.10584697366;2952:48214.76709209444;1713:48215.54280927409;1244:48220.00239659847;1712:48228.584830257765;1675:48244.04895510066;880:48265.73993236682;879:48280.54848316548;1659:48287.15220418414;3366:48299.889944851704;3362:48316.69465003683;819:48336.52067702096;1598:48351.54559409254;1709:48366.578747630454;188:48371.28366811906;3364:48401.05809764511;3363:48406.600242074775;3361:48407.74543452166;1460:48417.97740530625;3367:48421.30032819052;1656:48477.916472051555;2783:48491.832619726825;1449:48493.90270604732;1654:48501.965349573475
0,11,default_vehtype,boarding,True,47820,48501.965349573475,48504.125706460334,48501.965349573475,0.0,1654;-1;-1,1654;-1;-1,0.0,0.5925045377067033,0.5925045377067033,0.0,,0,221,1,221,,,
0,10,default_vehtype,route,False,-1000,48381.71956323172,48540,48381.71956323172,0.0,2383;-1;-1,2810;2815;0.394,1465.650199701305,0.7876366307700563,0.7874900657500863,0.0,,0,222,1,,,2383;2276;2277;464;3867;3866;3360;2805;3127;2808;94;2810,2383:48381.71956323172;2276:48406.21437973465;2277:48421.00773506944;464:48436.24517922238;3867:48456.09273884155;3866:48457.63064725499;3360:48458.38099914032;2805:48468.18810950159;3127:48484.72203008617;2808:48514.32350480836;94:48517.4342257034;2810:48531.52293983089
0,1,default_vehtype,route,False,-1000,47812.458199180146,48579.10291218782,47812.458199180146,0.0,537;-1;-1,2765;-1;-1,6683.783848180001,0.993353786955902,0.9926854085710837,0.0,,0,206,1,,,537;1211;2065;2671;2582;2638;2583;3349;3111;2678;387;1483;2669;3102;2677;4074;2117;1828;3650;509;1766;1945;2829;2830;3918;3470;3469;83;15;3;2832;2562;2544;2543;3728;2546;3729;3730;2629;2765,537:47812.458199180146;1211:47830.43240496151;2065:47848.20458991287;2671:47877.26243940196;2582:47894.8528408254;2638:47929.911540145906;2583:47944.085864879686;3349:47973.246937728014;3111:47975.48268711167;2678:48082.09297440586;387:48088.54134317204;1483:48155.678961982114;2669:48290.44803853349;3102:48291.66597932727;2677:48295.615086728496;4074:48317.059796547626;2117:48328.40794076656;1828:48341.773969189846;3650:48342.335904522064;509:48364.133569132624;1766:48369.56830397966;1945:48373.52061261566;2829:48381.14834645759;2830:48388.569365319476;3918:48410.285269629;3470:48415.44761319401;3469:48417.34695896177;83:48428.499828994914;15:48446.300457599464;3:48448.48897577135;2832:48481.14144110346;2562:48489.24505763692;2544:48507.609454112346;2543:48513.753442778616;3728:48521.85585720767;2546:48524.484733227066;3729:48526.002835419175;3730:48527.80590046836;2629:48539.351318327324;2765:48579.10291218782
0,1,default_vehtype,boarding,True,-1,48579.10291218782,48609.10291218782,48579.10291218782,0.0,2765;-1;-1,2765;-1;-1,0.0,0.9926854085710837,0.9926854085710837,0,,0,206,1,,206,,
0,10,default_vehtype,route,False,-1000,48540.0,48651.3675645882,48540.0,0.0,2810;2815;0.394,1693;-1;-1,1097.9915273686952,0.7874900657500863,0.7873802665973497,0.0,,0,222,1,,,2810;2815;2810;94;95;2946;648;1693,2810:48540;2815:48553.0642066216;2810:48558.5380819717;94:48576.75755286719;95:48578.43209069684;2946:48640.566917032804;648:48641.95873187297;1693:48651.3675645882
0,10,default_vehtype,boarding,True,48540,48651.3675645882,48657.51948416838,48651.3675645882,0.0,1693;-1;-1,1693;-1;-1,0.0,0.7873802665973497,0.7873802665973497,0.0,,0,222;230,2,230,,,
0,4,default_vehtype,route,False,-1000,48120,48710.97632805272,48120,0,225;-1;-1,427;-1;-1,6775.20120683,0.9960533137953632,0.9953757936746797,0.0,,0,,0,,,225;4023;3192;3191;1064;1065;252;1066;1067;1068;3775;3774;3773;1896;1774;1387;1734;1520;1015;2916;3413;2915;3336;3054;2596;172;3771;428;427,225:48120;4023:48146.43079063123;3192:48149.28505486179;3191:48162.64670892867;1064:48167.827385365716;1065:48173.40672062167;252:48177.495532053246;1066:48184.70325372952;1067:48189.35877721482;1068:48196.92177409486;3775:48213.614897069616;3774:48233.17989288197;3773:48252.49452096155;1896:48256.71522468806;1774:48283.94922343497;1387:48299.650678768594;1734:48344.73949270926;1520:48355.763536249906;1015:48368.52086599327;2916:48392.01928658939;3413:48397.791749469536;2915:48447.52796088698;3336:48590.5641625762;3054:48640.44843957582;2596:48643.569283293466;172:48661.05080959187;3771:48666.87069917723;428:48683.30460386276;427:48710.97632805272
0,8,default_vehtype,route,False,-1000,48120,48717.49244458802,48120,0,199;-1;-1,3562;-1;-1,4152.096802921998,0.9733371476439542,0.9729219379636616,0.0,,0,,0,,,199;3448;2864;3995;2863;419;331;2633;4067;4002;420;4003;3805;3446;2866;421;422;423;2687;3680;2675;3204;3926;2670;338;3665;3313;3476;3477;425;3474;426;3567;3566;3565;328;3562,199:48120;3448:48138.544285588156;2864:48143.666409904254;3995:48144.5859543108;2863:48166.64457772855;419:48180.39844602146;331:48200.13550251522;2633:48210.81964603778;4067:48267.72408271786;4002:48270.1495904978;420:48271.39178079275;4003:48275.975730051825;3805:48300.28849253895;3446:48320.36338501994;2866:48340.82223292084;421:48342.45936491692;422:48405.69358858627;423:48421.150962211286;2687:48426.861471312885;3680:48483.03437763684;2675:48484.5347044846;3204:48486.86370002848;3926:48511.87209161323;2670:48564.21180677161;338:48569.07222165623;3665:48609.27552698449;3313:48617.06290216153;3476:48629.89489832959;3477:48653.15308040046;425:48655.296131780844;3474:48676.36644637999;426:48689.5446246191;3567:48693.790037590865;3566:48711.285828222666;3565:48711.79414928494;328:48714.42587545778;3562:48717.49244458802
0,4,default_vehtype,boarding,True,48120,48710.97632805272,48768.39355152779,48710.97632805272,0.0,427;-1;-1,427;-1;-1,0.0,0.9953757936746797,0.9953757936746797,0,,0,224,2,224,,,
0,8,default_vehtype,boarding,True,48120,48717.49244458802,48766.214968749555,48717.49244458802,0.0,3562;-1;-1,3562;-1;-1,0.0,0.9729219379636616,0.9729219379636616,0,,0,223,2,223,,,
0,7,default_vehtype,route,False,-1000,47834.926271867495,48794.915884116235,47834.926271867495,0.0,427;-1;-1,2823;-1;-1,8124.942387890002,0.9623661704676858,0.9615536762288975,0.0,,0,217,1,,,427;3568;426;3474;425;3925;3665;338;2670;2671;2582;2638;2583;3349;3111;2678;387;1483;2669;3102;2677;4074;2117;1828;3650;509;1766;1945;2829;2830;3918;3470;3469;83;15;3;2832;2562;2544;2543;2768;3725;2545;3726;3727;3622;143;66;3529;3527;3528;3227;2823,427:47834.926271867495;3568:47872.29097697554;426:47874.886795558385;3474:47896.403531298594;425:47914.858597673214;3925:47924.41480046465;3665:47943.32241894531;338:47982.794217071605;2670:47984.948927589816;2671:48031.404840033625;2582:48048.995241457065;2638:48084.05394077757;2583:48098.22826551135;3349:48140.68093928438;3111:48141.86527677072;2678:48266.7562704967;387:48267.42537677811;1483:48338.26241669387;2669:48473.031493245246;3102:48474.249434039026;2677:48478.19854144025;4074:48499.64325125938;2117:48510.99139547832;1828:48524.3574239016;3650:48524.91935923382;509:48546.71702384438;1766:48552.15175869141;1945:48556.10406732742;2829:48563.73180116934;2830:48571.15282003123;3918:48592.868724340755;3470:48598.031067905766;3469:48599.93041367352;83:48611.08328370667;15:48628.88391231122;3:48631.07243048311;2832:48663.72489581521;2562:48671.82851234868;2544:48690.1929088241;2543:48696.33689749037;2768:48699.59583948138;3725:48710.2995075447;2545:48712.48173106755;3726:48713.40892484712;3727:48716.31395438039;3622:48738.2810812125;143:48741.51338474846;66:48759.092721315676;3529:48771.41052610413;3527:48775.68930455987;3528:48785.92401066516;3227:48793.656151148854;2823:48794.915884116235
0,7,default_vehtype,boarding,True,-1,48794.915884116235,48824.915884116235,48794.915884116235,0.0,2823;-1;-1,2823;-1;-1,0.0,0.9615536762288975,0.9615536762288975,0,,0,217,1,,217,,
0,2,default_vehtype,route,False,-1000,48158.213082096634,49026.266630150545,48158.213082096634,0.0,1229;-1;-1,427;-1;-1,4639.317151732997,0.995232013889714,0.9947680821745412,0.0,,0,218,1,,,1229;738;736;737;1390;199;3448;2864;3995;2863;419;331;2633;4067;4002;420;4003;3805;3446;2866;421;422;423;2687;3680;2675;3204;3926;2670;338;3665;3313;3476;3477;425;3474;426;3568;427,1229:48158.213082096634;738:48172.47523561322;736:48290.65473531465;737:48311.26476009479;1390:48316.49068182448;199:48383.807597762796;3448:48402.35188335095;2864:48407.47400766705;3995:48408.3935520736;2863:48430.452175491344;419:48444.20604378426;331:48463.94310027802;2633:48474.627243800576;4067:48531.53168048066;4002:48533.957188260596;420:48535.199378555546;4003:48539.78332781462;3805:48564.09609030175;3446:48584.170982782736;2866:48604.62983068363;421:48606.266962679714;422:48669.501186349065;423:48684.95855997408;2687:48690.66906907568;3680:48781.54417790985;2675:48783.328499526615;3204:48790.28275824631;3926:48826.8646257873;2670:48880.10160028911;338:48887.77603533183;3665:48927.11961164472;3313:48929.64398967431;3476:48949.7967232054;3477:48958.00944833021;425:48961.414371559076;3474:48978.70473869528;426:48992.57476261805;3568:48993.835607327215;427:49026.266630150545
0,4,default_vehtype,route,False,-1000,48768.39355152779,49049.92224634113,48768.39355152779,0.0,427;-1;-1,2687;-1;-1,1905.3993273700003,0.9953757936746797,0.9951852537419423,0.0,,0,224,2,,,427;3568;426;3474;3475;3477;3476;3313;3115;3666;2670;3926;3204;3203;424;423;2687,427:48768.39355152779;3568:48797.18725101441;426:48797.95085959249;3474:48829.88163579604;3475:48831.23983182746;3477:48861.8086259872;3476:48866.818454334796;3313:48891.3950214513;3115:48945.39016085896;3666:48948.9606750749;2670:48950.553855259044;3926:48961.13909323498;3204:48995.58521557932;3203:48998.17982265843;424:49003.864396493766;423:49038.61328200536;2687:49049.92224634113
0,2,default_vehtype,boarding,True,48480,49026.266630150545,49079.45136778507,49026.266630150545,0.0,427;-1;-1,427;-1;-1,0.0,0.9947680821745412,0.9947680821745412,0,,0,218;229,2,229,218,,
0,4,default_vehtype,boarding,True,-1,49049.92224634113,49079.92224634113,49049.92224634113,0.0,2687;-1;-1,2687;-1;-1,0.0,0.9951852537419423,0.9951852537419423,0,,0,224,2,,224,,
0,1,default_vehtype,route,False,-1000,48609.10291218782,49080.23374225322,48609.10291218782,0.0,2765;-1;-1,3971;-1;-1,3826.1199170990017,0.9926854085710837,0.9923027965793743,0.0,,0,,0,,,2765;2629;143;66;3529;3527;3528;3227;2823;3226;67;3224;3582;2559;3217;2558;2557;3214;2658;3692;3212;1545;2859;3211;2697;2334;3967;3210;3207;3704;2335;476;1643;558;2336;2337;1611;3971,2765:48609.10291218782;2629:48629.07758244457;143:48630.94888862661;66:48643.017594117875;3529:48652.001107604556;3527:48655.041956011024;3528:48662.59962887456;3227:48667.390733855886;2823:48669.008139018406;3226:48674.55190708152;67:48680.19610020702;3224:48684.6175789555;3582:48699.015848908086;2559:48703.27719041505;3217:48708.59676451414;2558:48715.34449703168;2557:48743.88744916558;3214:48755.28892789114;2658:48760.93601411543;3692:48771.50159905173;3212:48779.166522996245;1545:48789.20174146564;2859:48794.95212998609;3211:48823.52748957223;2697:48835.45137358217;2334:48838.86886573833;3967:48849.92483665424;3210:48853.86256126332;3207:48863.74236367569;3704:48864.971409222635;2335:48898.82610535174;476:48908.421053816906;1643:48910.65939069164;558:48924.32633627369;2336:48942.58422181098;2337:48983.57189730606;1611:49078.72702285382;3971:49080.23374225322
0,8,default_vehtype,route,False,-1000,48766.214968749555,49083.77515356758,48766.214968749555,0.0,3562;-1;-1,2687;-1;-1,2053.6045230890004,0.9729219379636616,0.9727165775113529,0.0,,0,223,2,,,3562;328;3565;3566;3564;327;326;833;4069;3427;3115;3666;2670;3926;3204;3203;424;423;2687,3562:48766.214968749555;328:48767.24927408877;3565:48768.45257919155;3566:48769.755548723246;3564:48771.72658805294;327:48809.0370493507;326:48816.48054496216;833:48834.86365987161;4069:48877.83920363816;3427:48958.11985221134;3115:48979.24306808541;3666:48982.81358230135;2670:48984.406762485494;3926:48994.99200046143;3204:49029.43812280577;3203:49032.03272988488;424:49037.717303720216;423:49072.46618923181;2687:49083.77515356758
0,8,default_vehtype,boarding,True,-1,49083.77515356758,49113.77515356758,49083.77515356758,0.0,2687;-1;-1,2687;-1;-1,0.0,0.9727165775113529,0.9727165775113529,0,,0,223,2,,223,,
0,1,default_vehtype,boarding,True,48540,49080.23374225322,49231.155566347385,49080.23374225322,0.0,3971;-1;-1,3971;-1;-1,0.0,0.9923027965793743,0.9923027965793743,0.0,,0,231,1,231,,,
0,7,default_vehtype,route,False,-1000,48824.915884116235,49238.2686449976,48824.915884116235,0.0,2823;-1;-1,1611;-1;-1,3025.3019759820004,0.9615536762288975,0.9612511460312997,0.0,,0,,0,,,2823;3226;67;3224;3582;3583;2560;3218;3216;2556;2557;3214;2658;3213;2859;3211;504;2697;2334;3967;3210;3207;3704;2335;476;1643;558;2336;2337;1611,2823:48824.915884116235;3226:48828.094075372945;67:48839.453369178824;3224:48849.404429724535;3582:48865.32907528067;3583:48867.232202916224;2560:48869.32442648126;3218:48880.85901998489;3216:48914.314804128386;2556:48916.942143476816;2557:48917.52824779674;3214:48928.9297265223;2658:48934.57681274659;3213:48937.04548918161;2859:48955.03929595464;3211:48983.614655540776;504:48989.68031542284;2697:48994.99299572595;2334:48998.410487882116;3967:49009.46645879802;3210:49013.4041834071;3207:49023.28398581947;3704:49024.51303136642;2335:49058.367727495526;476:49067.96267596069;1643:49070.20101283542;558:49083.867958417475;2336:49102.12584395477;2337:49143.11351944984;1611:49238.2686449976
0,7,default_vehtype,boarding,True,48540,49238.2686449976,49266.26575910714,49238.2686449976,0.0,1611;-1;-1,1611;-1;-1,0.0,0.9612511460312997,0.9612511460312997,0,,0,232,1,232,,,
0,4,default_vehtype,route,False,-1000,49079.92224634113,49407.57840248971,49079.92224634113,0.0,2687;-1;-1,1185;-1;-1,1874.3521011599996,0.9951852537419423,0.994997818531827,0.0,,0,,0,,,2687;423;424;3203;3204;2675;3150;3666;3115;3313;3476;3477;425;2122;1263;1186;1185,2687:49079.92224634113;423:49081.15967248202;424:49155.808165444316;3203:49177.23611700873;3204:49179.50325133146;2675:49180.11816442753;3150:49204.043370820415;3666:49232.18434967057;3115:49234.754994596224;3313:49268.97179109168;3476:49289.12452462277;3477:49297.33724974758;425:49300.74217297645;2122:49333.763172430954;1263:49349.41401101447;1186:49376.38803882998;1185:49407.57840248971
0,4,default_vehtype,boarding,True,48840,49407.57840248971,49419.838319858114,49407.57840248971,0.0,1185;-1;-1,1185;-1;-1,0.0,0.994997818531827,0.994997818531827,0,,0,237,1,237,,,
0,9,default_vehtype,route,False,-1000,48240,49505.09793112004,48240,0,2794;-1;-1,2519;-1;-1,8885.418709169995,0.5648876524902329,0.5639991106193162,0.0,,0,,0,,,2794;2795;2799;2797;462;565;2827;2399;1246;2401;511;1422;2276;1412;1687;2107;710;2275;635;1742;3162;927;928;561;929;930;4081;3159;3834;3291;3290;644;2895;3289;2896;2153;2329;2330;2331;2332;774;538;773;772;771;770;501;769;768;413;3794;414;3796;2695;3793;416;417;3795;2694;64;418;3576;3594;3595;2657;180;63;3449;2864;3995;2863;419;734;332;269;270;271;2519,2794:48240;2795:48246.07674047284;2799:48283.45071324353;2797:48285.742479717264;462:48288.40378342654;565:48309.432145541316;2827:48313.12011579733;2399:48319.32445965808;1246:48328.97138803112;2401:48345.91149133956;511:48349.24036322801;1422:48362.61898162749;2276:48369.348141549795;1412:48381.375256055515;1687:48390.318373412236;2107:48408.59836873526;710:48441.95073788867;2275:48444.45969613396;635:48458.88172945943;1742:48465.02668432145;3162:48470.424162152856;927:48471.07241670071;928:48498.790283902286;561:48509.64322246122;929:48528.61604255964;930:48562.00094789178;4081:48563.88429602826;3159:48590.196667540666;3834:48592.24634648146;3291:48611.19917269997;3290:48613.33145362536;644:48616.94099353922;2895:48619.368977780454;3289:48624.74045047696;2896:48638.11620379984;2153:48654.280207703276;2329:48663.679390446836;2330:48670.83552043533;2331:48685.05174123058;2332:48701.54841910197;774:48707.792505571044;538:48719.67361627938;773:48727.07266070851;772:48732.4688465614;771:48742.59103804186;770:48750.10518978188;501:48750.390676681185;769:48755.39456654353;768:48758.951211119485;413:48768.013349936075;3794:48776.7643581171;414:48786.11463682863;3796:48843.46989753576;2695:48853.43866304642;3793:48869.36670430822;416:48882.638553143726;417:48890.36887082676;3795:48905.376960934176;2694:48916.77168602647;64:48921.408374607454;418:48927.66925194706;3576:48941.69747128024;3594:48945.997268125684;3595:48965.352333900984;2657:48974.287199015555;180:48987.792078295235;63:48993.641259907454;3449:49034.531770438174;2864:49035.17973338524;3995:49036.7590683137;2863:49067.28313210773;419:49095.74880777557;734:49367.71413110173;332:49424.38828481513;269:49429.96567898233;270:49449.892247514224;271:49496.2870387334;2519:49505.09793112004
0,2,default_vehtype,route,False,-1000,49079.45136778507,49526.27174815622,49079.45136778507,0.0,427;-1;-1,2223;-1;-1,2555.2818319599996,0.9947680821745412,0.9945125539913454,0.0,,0,229,1,,,427;3568;3314;3567;3566;3565;3563;3561;3560;4027;2386;4026;2208;1880;2403;2503;2345;358;2372;2497;2203;2223,427:49079.45136778507;3568:49108.24506727169;3314:49109.673325023985;3567:49110.44439347379;3566:49144.08267754126;3565:49144.35690770029;3563:49147.01227782644;3561:49148.17076283268;3560:49165.43348212758;4027:49179.83015550162;2386:49180.30890654525;4026:49189.3370936231;2208:49260.020766096786;1880:49300.160490445975;2403:49332.29075455197;2503:49444.23603457192;2345:49462.28604112124;358:49466.70686769956;2372:49472.42727511956;2497:49482.04846656603;2203:49520.20696697261;2223:49526.27174815622
0,2,default_vehtype,boarding,True,-1,49526.27174815622,49556.27174815622,49526.27174815622,0.0,2223;-1;-1,2223;-1;-1,0.0,0.9945125539913454,0.9945125539913454,0,,0,229,1,,229,,
0,9,default_vehtype,boarding,True,48240,49505.09793112004,49599.99437777971,49505.09793112004,0.0,2519;-1;-1,2519;-1;-1,0.0,0.5639991106193162,0.5639991106193162,0,,0,226,1,226,,,
0,7,default_vehtype,route,False,-1000,49266.26575910714,49634.11503817073,49266.26575910714,0.0,1611;-1;-1,734;-1;-1,1626.7142647770002,0.9612511460312997,0.9610884746048227,0.0,,0,232,1,,,1611;3971;3935;3807;2858;1610;3195;268;2633;128;255;269;332;734,1611:49266.26575910714;3971:49267.772478506544;3935:49290.2578783991;3807:49301.62837765273;2858:49316.46926866281;1610:49420.123396644616;3195:49420.676185674056;268:49462.30704725024;2633:49462.87446303261;128:49568.53929161572;255:49575.566513355894;269:49595.63034540429;332:49624.34501009518;734:49634.11503817073
0,4,default_vehtype,route,False,-1000,49419.838319858114,49642.35070893634,49419.838319858114,0.0,1185;-1;-1,427;-1;-1,1227.1804723500006,0.994997818531827,0.9948751004845918,0.0,,0,237,1,,,1185;1186;1263;2122;425;3474;3475;3315;3567;426;3568;427,1185:49419.838319858114;1186:49445.40138838948;1263:49481.821229095825;2122:49490.1356701004;425:49509.90372106911;3474:49524.86604342945;3475:49527.586902797586;3315:49548.98538316155;3567:49565.44794502608;426:49567.04901087385;3568:49568.79129871405;427:49642.35070893634
0,7,default_vehtype,boarding,True,-1,49634.11503817073,49664.11503817073,49634.11503817073,0.0,734;-1;-1,734;-1;-1,0.0,0.9610884746048227,0.9610884746048227,0,,0,232,1,,232,,
0,4,default_vehtype,boarding,True,-1,49642.35070893634,49672.35070893634,49642.35070893634,0.0,427;-1;-1,427;-1;-1,0.0,0.9948751004845918,0.9948751004845918,0,,0,237,1,,237,,
0,5,default_vehtype,route,False,-1000,47997.50913061239,49725.33500688233,47997.50913061239,0.0,295;-1;-1,1587;-1;-1,11486.63362966999,0.8431026339024796,0.8419539705395137,0.0,,0,215,1,,,295;1925;2455;841;840;737;1390;199;3448;2864;3450;173;3686;3994;3886;2696;3380;2320;3209;2334;2697;504;3211;2859;3213;2658;3214;2557;2558;3217;3221;2559;3582;3224;67;3226;2823;3227;3528;3529;66;65;2547;2361;3479;1178;1938;1961;1101;1962;2488;1383;3611;2764;3372;3371;2828;72;2665;2899;3233;73;3125;3076;3153;3074;3089;3091;3090;797;75;2642;3377;74;144;3378;1779;1778;968;3435;1777;3436;1785;3097;341;1587,295:47997.50913061239;1925:48031.66134581253;2455:48052.34513591725;841:48074.09386363039;840:48077.934674684104;737:48091.91779936569;1390:48107.00160743853;199:48173.48941064809;3448:48192.03369623625;2864:48197.15582055235;3450:48217.39170259479;173:48231.085353011935;3686:48240.625564622016;3994:48248.15442759367;3886:48267.91494662943;2696:48353.310808649876;3380:48359.02494192263;2320:48375.893978344015;3209:48446.74265365819;2334:48472.416194800666;2697:48474.096746453535;504:48477.018560007826;3211:48488.517970793015;2859:48549.91944989999;3213:48588.70849716596;2658:48594.743167592744;3214:48599.287819194884;2557:48614.73157019634;2558:48678.2264142884;3217:48687.33692234445;3221:48695.55670053859;2559:48698.730311515814;3582:48700.25046466971;3224:48711.45035944084;67:48718.953920801556;3226:48742.34509825926;2823:48748.58944531325;3227:48750.91008885897;3528:48759.66622070722;3529:48769.8709319861;66:48813.790332580655;65:48815.6859774362;2547:48831.539015589435;2361:48840.10205352082;3479:48853.28553386213;1178:48870.80952402484;1938:48877.92665053336;1961:48895.59318837401;1101:48917.43849802414;1962:48925.045017808945;2488:48926.397289098895;1383:48943.054728003604;3611:48961.071928725585;2764:49011.08631911563;3372:49015.801801057976;3371:49017.7877482582;2828:49018.694962703725;72:49022.671476765616;2665:49046.88586505269;2899:49052.25366367686;3233:49052.98183908976;73:49055.167148249064;3125:49063.469220890714;3076:49073.172971876265;3153:49095.736524031374;3074:49114.39539946288;3089:49117.3652318084;3091:49152.22742897207;3090:49160.98476882904;797:49202.060812853146;75:49229.58613059589;2642:49266.9544062729;3377:49301.11356111831;74:49309.16082207081;144:49312.6212228757;3378:49315.72249657272;1779:49388.31192147535;1778:49396.62428251097;968:49414.594952636406;3435:49448.1657275522;1777:49456.602335128;3436:49485.52913242299;1785:49492.259927383995;3097:49565.96712914408;341:49625.96375126304;1587:49725.33500688233
0,4,default_vehtype,route,False,-1000,49672.35070893634,49745.75003529485,49672.35070893634,0.0,427;-1;-1,3562;-1;-1,631.052235869,0.9948751004845918,0.994811995261005,0.0,,0,,0,,,427;3568;426;3567;3566;3565;328;3562,427:49672.35070893634;3568:49698.79294505408;426:49702.98552542191;3567:49706.20219779409;3566:49739.785802828585;3565:49740.82786318244;328:49743.33132363107;3562:49745.75003529485
0,5,default_vehtype,boarding,True,-1,49725.33500688233,49755.33500688233,49725.33500688233,0.0,1587;-1;-1,1587;-1;-1,0.0,0.8419539705395137,0.8419539705395137,0,,0,215,1,,215,,
0,8,default_vehtype,route,False,-1000,49140,49819.70849034943,49140,0,2687;-1;-1,3397;-1;-1,3357.191227099999,0.9727165775113529,0.9723808583886423,0.0,,0,,0,,,2687;423;424;3203;3204;2675;3150;3666;3115;3427;3426;3425;3424;3422;3420;3419;214;3791;3418;3790;3696;1519;673;3417;3416;3789;3415;3715;483;1520;1734;3397,2687:49140;423:49141.23742614089;424:49215.88591910319;3203:49237.3138706676;3204:49239.58100499033;2675:49240.1959180864;3150:49264.12112447929;3666:49292.26210332944;3115:49294.832748255096;3427:49303.74137267828;3426:49313.1151800213;3425:49325.20029680436;3424:49417.34399836615;3422:49420.541886920335;3420:49566.01659583069;3419:49580.26031135434;214:49583.57526811853;3791:49604.652247781465;3418:49608.13310208692;3790:49634.31071498413;3696:49640.38414189829;1519:49645.48455699601;673:49676.80676513084;3417:49684.22737018846;3416:49722.30110788529;3789:49744.01689806648;3415:49763.84230187102;3715:49767.19460047099;483:49779.866373406534;1520:49792.95764797493;1734:49806.287730079726;3397:49819.70849034943
0,4,default_vehtype,boarding,True,49380,49745.75003529485,49820.57522139112,49745.75003529485,0.0,3562;-1;-1,3562;-1;-1,0.0,0.994811995261005,0.994811995261005,0,,0,243,2,243,,,
0,8,default_vehtype,boarding,True,49140,49819.70849034943,49820.08228705502,49819.70849034943,0.0,3397;-1;-1,3397;-1;-1,0.0,0.9723808583886423,0.9723808583886423,0,,0,238,1,238,,,
0,6,default_vehtype,route,False,-1000,48540,49860.85696664004,48540,0,1827;-1;-1,3691;-1;-1,13019.589418403013,0.9170024011683776,0.9157004422265368,0.0,,0,,0,,,1827;1671;1500;1501;2225;2120;3298;3300;3299;31;4061;4062;2901;3542;2900;3891;4060;4057;3105;3892;3092;27;58;2568;57;8;2667;9;3375;144;74;3377;2642;75;797;3090;3091;3089;3074;3153;3076;3125;73;3233;2899;2665;72;2828;3371;3372;2764;3611;1383;3609;2488;1962;2673;2767;65;66;3529;3527;3528;3227;2823;3226;67;3224;3582;2559;3217;2558;2557;3214;2658;3692;3691,1827:48540;1671:48547.2810705717;1500:48561.65566936175;1501:48569.55707194393;2225:48572.175623516276;2120:48588.5052254364;3298:48610.55814392464;3300:48619.17247185306;3299:48621.95861928298;31:48648.60034587513;4061:48679.437337361494;4062:48680.11582220594;2901:48711.47035527163;3542:48712.30044217942;2900:48740.672187575576;3891:48802.261091390836;4060:48822.909060742924;4057:48823.85566340056;3105:48837.62941512428;3892:48838.61259601746;3092:48858.78406826587;27:48880.398907093375;58:48902.92806801871;2568:48936.82003963032;57:48960.11161685064;8:48996.54575876408;2667:49036.399050458436;9:49048.39208941204;3375:49063.730235147035;144:49066.409222298826;74:49075.90220747799;3377:49088.57220816061;2642:49120.126548388784;75:49142.14110042787;797:49155.82643598574;3090:49200.43089145996;3091:49209.220552027604;3089:49253.04676209599;3074:49257.34846916553;3153:49279.92811793937;3076:49296.62828180187;3125:49299.149065371916;73:49306.8713961737;3233:49310.86220605845;2899:49311.96015960453;2665:49314.96409870552;72:49341.45208232223;2828:49342.832331998776;3371:49344.2074264497;3372:49345.503443580645;2764:49353.5116466876;3611:49411.148712314476;1383:49417.69286481552;3609:49418.48918888166;2488:49423.05385259492;1962:49432.12949330976;2673:49446.94553722864;2767:49462.60669222458;65:49478.9055126959;66:49484.75029721866;3529:49498.29778853817;3527:49502.3713304562;3528:49509.09652405306;3227:49515.72638261979;2823:49519.76715756036;3226:49540.97171103722;67:49557.32932742463;3224:49563.102415412875;3582:49597.11184543308;2559:49599.03716309148;3217:49604.03445831957;2558:49621.52093091017;2557:49813.17703418925;3214:49821.58629899986;2658:49852.09823103213;3692:49854.817057704226;3691:49860.85696664004
0,1,default_vehtype,route,False,-1000,49231.155566347385,49872.95749841934,49231.155566347385,0.0,3971;-1;-1,3562;-1;-1,4720.761347339001,0.9923027965793743,0.9918307204446407,0.0,,0,231,1,,,3971;3935;3807;2858;1610;3195;3194;3193;421;422;423;424;3203;3204;2675;3150;3666;3115;3313;3476;3477;425;3474;426;3567;3566;3565;328;3562,3971:49231.155566347385;3935:49253.64096623994;3807:49265.01146549357;2858:49279.85235650365;1610:49313.09307300241;3195:49317.60295389307;3194:49353.06007753321;3193:49358.139059486624;421:49397.85748117578;422:49490.0605888207;423:49537.510448897694;424:49605.34049032139;3203:49619.876285869046;3204:49625.385203187085;2675:49627.66854704506;3150:49665.1326489053;3666:49694.19146438426;3115:49700.77428562657;3313:49726.42221466715;3476:49737.97927555041;3477:49749.547521607754;425:49750.847085934656;3474:49765.809408295;426:49830.1929885464;3567:49833.40966091858;3566:49866.993265953075;3565:49868.035326306934;328:49870.53878675556;3562:49872.95749841934
0,6,default_vehtype,boarding,True,48540,49860.85696664004,49872.98788805236,49860.85696664004,0.0,3691;-1;-1,3691;-1;-1,0.0,0.9157004422265368,0.9157004422265368,0.0,,0,233,1,233,,,
0,1,default_vehtype,boarding,True,-1,49872.95749841934,49902.95749841934,49872.95749841934,0.0,3562;-1;-1,3562;-1;-1,0.0,0.9918307204446407,0.9918307204446407,0,,0,231,1,,231,,
0,10,default_vehtype,route,False,-1000,48657.51948416838,49943.060639954456,48657.51948416838,0.0,1693;-1;-1,2687;-1;-1,7983.768266460002,0.7873802665973497,0.7865818897707043,0.0,,0,222;230,2,,,1693;648;2946;287;1694;1511;1554;1695;1696;1697;1698;1699;1700;1701;1702;3139;1419;3138;628;629;630;631;632;1466;1465;2010;2009;2557;3214;2658;3692;3212;1545;2859;3211;2697;2334;3209;2320;3380;2696;3886;197;198;199;3448;2864;3995;2863;419;331;2633;4067;4002;420;4003;3805;3446;2866;421;422;423;2687,1693:48657.51948416838;648:48666.524921100776;2946:48679.0330472117;287:48682.56120185028;1694:48686.394957348944;1511:48693.51318784052;1554:48697.06737238631;1695:48704.99041580819;1696:48714.51967294751;1697:48766.91459912008;1698:48772.493379316336;1699:48846.11559143576;1700:48880.28076744788;1701:48961.77225492821;1702:49003.195709622574;3139:49013.43219588188;1419:49030.13270030633;3138:49031.4955681894;628:49042.0999495584;629:49069.543932360946;630:49083.42627326892;631:49099.25690432678;632:49113.16579672691;1466:49137.18464878103;1465:49141.52722239768;2010:49176.698611683045;2009:49187.20593988821;2557:49190.719634530724;3214:49202.12111325628;2658:49207.768199480575;3692:49218.33378441687;3212:49225.99870836139;1545:49236.03392683078;2859:49241.78431535124;3211:49270.359674937376;2697:49282.28355894731;2334:49285.701051103475;3209:49304.282046850756;2320:49319.0303213165;3380:49345.43802730529;2696:49359.80569623484;3886:49401.13991644798;197:49463.513290335024;198:49467.873848077346;199:49526.77505746782;3448:49542.62422621004;2864:49556.84838667146;3995:49558.140167602636;2863:49656.00275302018;419:49664.086019846945;331:49677.587356026845;2633:49696.00643462332;4067:49750.41996691725;4002:49753.1309596314;420:49755.253059191644;4003:49757.02043071741;3805:49782.58229888592;3446:49793.83738033166;2866:49803.042968793656;421:49805.919335026396;422:49898.122442671316;423:49939.18460712986;2687:49943.060639954456
0,3,default_vehtype,route,False,-1000,48125.784237762855,49967.86953751916,48125.784237762855,0.0,3446;-1;-1,1827;-1;-1,14577.799285595996,0.9924660242411102,0.9910082443125513,0.0,,0,213,1,,,3446;2866;421;422;423;2687;3680;2675;3204;3926;2670;2671;2582;2638;2583;134;3351;334;988;387;2678;3108;3102;2669;1482;3182;3107;2837;105;3839;3840;24;23;2571;3306;3305;2885;2886;1757;2607;3185;3184;2539;12;2538;2628;3156;2574;44;80;2534;3455;2618;2573;4;5;92;158;3264;3327;3321;3319;3325;2129;2225;1501;1500;1671;1827,3446:48125.784237762855;2866:48146.24308566375;421:48147.88021765983;422:48211.114441329184;423:48226.5718149542;2687:48232.2823240558;3680:48288.45523037975;2675:48289.95555722751;3204:48292.284552771394;3926:48317.292944356144;2670:48369.63265951452;2671:48395.78031822756;2582:48414.65779687562;2638:48440.63708305996;2583:48463.16329276717;134:48466.67551068153;3351:48494.459256213304;334:48495.31856901401;988:48541.05118997737;387:48603.45900064401;2678:48605.79614463474;3108:48662.04417673124;3102:48853.651973864486;2669:48854.433940405885;1482:48857.362287654876;3182:48890.190413004384;3107:48903.367161948525;2837:48959.82761251112;105:49044.42918679068;3839:49055.52723646408;3840:49076.03865205124;24:49123.27247835293;23:49125.75714037361;2571:49139.7369003177;3306:49157.97370656527;3305:49161.80155564397;2885:49204.54534975607;2886:49213.65134415008;1757:49259.88674724379;2607:49289.54948486404;3185:49299.9605412019;3184:49305.31420544407;2539:49312.49699395354;12:49320.25410420093;2538:49353.46557927581;2628:49377.22639048524;3156:49377.72360506228;2574:49383.16789294495;44:49408.040208890925;80:49411.036719048745;2534:49451.189708508566;3455:49453.40406510874;2618:49510.26924306131;2573:49557.90185528995;4:49570.029028220066;5:49632.31757261001;92:49675.14293129892;158:49724.99831646635;3264:49729.75678193016;3327:49750.70699023608;3321:49764.410400724526;3319:49769.43836942698;3325:49781.49226087573;2129:49832.46600081362;2225:49898.94040154246;1501:49906.37221085702;1500:49928.030262019805;1671:49957.229934480514;1827:49967.86953751916
0,10,default_vehtype,boarding,True,-1,49943.060639954456,49973.060639954456,49943.060639954456,0.0,2687;-1;-1,2687;-1;-1,0.0,0.7865818897707043,0.7865818897707043,0,,0,222;230,2,,230,,
0,3,default_vehtype,boarding,True,-1,49967.86953751916,49997.86953751916,49967.86953751916,0.0,1827;-1;-1,1827;-1;-1,0.0,0.9910082443125513,0.9910082443125513,0,,0,213,1,,213,,
0,1,default_vehtype,route,False,-1000,49902.95749841934,50034.12980502851,49902.95749841934,0.0,3562;-1;-1,2208;-1;-1,708.1155425810002,0.9918307204446407,0.9917599088903828,0.0,,0,,0,,,3562;328;3565;3563;3561;3560;4027;2386;4026;2208,3562:49902.95749841934;328:49903.82822833924;3565:49905.24748103467;3563:49906.1387109684;3561:49906.92130867181;3560:49967.228295099136;4027:49979.661578210165;2386:49981.790331384094;4026:49984.854790930905;2208:50034.12980502851
0,1,default_vehtype,boarding,True,49380,50034.12980502851,50047.673739507925,50034.12980502851,0.0,2208;-1;-1,2208;-1;-1,0.0,0.9917599088903828,0.9917599088903828,0,,0,241,1,241,,,
0,2,default_vehtype,route,False,-1000,49556.27174815622,50101.14887582794,49556.27174815622,0.0,2223;-1;-1,2882;-1;-1,3389.1027324499996,0.9945125539913454,0.9941736437180996,0.0,,0,,0,,,2223;2224;1997;2180;2373;1426;2374;2443;2405;2348;171;611;610;609;612;1338;2013;299;2749;2668;2600;2882,2223:49556.27174815622;2224:49668.916441503054;1997:49694.37919355322;2180:49706.33353975173;2373:49741.506215825975;1426:49750.45520902977;2374:49790.50639477667;2443:49806.28334898782;2405:49839.045591215436;2348:49862.06855729733;171:49880.48921880373;611:49895.05159164791;610:49907.7835899546;609:49961.063203984195;612:49967.16069169734;1338:49993.39890547722;2013:50032.62893092203;299:50043.54713293384;2749:50056.34703251741;2668:50080.13200555755;2600:50096.55398274084;2882:50101.14887582794
0,9,default_vehtype,route,False,-1000,49599.99437777971,50120.674573018645,49599.99437777971,0.0,2519;-1;-1,3426;-1;-1,3502.4793246729996,0.5639991106193162,0.5636488626868488,0.0,,0,226,1,,,2519;271;272;871;680;3802;3803;3804;870;2632;4002;420;4003;3805;3446;2866;421;2867;2906;2688;2687;3680;2675;3204;3926;2670;3666;3115;3427;3426,2519:49599.99437777971;271:49617.965968823155;272:49630.9341382553;871:49670.86472031689;680:49678.60928803274;3802:49706.99456237355;3803:49712.30595858749;3804:49714.36344142288;870:49722.41542121137;2632:49734.293486119546;4002:49735.45033214924;420:49737.57243170948;4003:49739.33980323525;3805:49764.90167140376;3446:49776.15675284949;2866:49785.36234131149;421:49788.23870754423;2867:49790.34013248545;2906:49799.08470332791;2688:49864.084550682914;2687:49879.582982088796;3680:49925.66148058423;2675:49926.999152871365;3204:49936.4627724064;3926:49975.139896429835;2670:50064.20332442707;3666:50067.93085792756;3115:50069.797458190915;3427:50109.265844926136;3426:50120.674573018645
0,9,default_vehtype,boarding,True,-1,50120.674573018645,50150.674573018645,50120.674573018645,0.0,3426;-1;-1,3426;-1;-1,0.0,0.5636488626868488,0.5636488626868488,0,,0,226,1,,226,,
0,2,default_vehtype,boarding,True,49380,50101.14887582794,50214.79601636785,50101.14887582794,0.0,2882;-1;-1,2882;-1;-1,0.0,0.9941736437180996,0.9941736437180996,0,,0,242,1,242,,,
0,4,default_vehtype,route,False,-1000,49820.57522139112,50304.98361833338,49820.57522139112,0.0,3562;-1;-1,3350;-1;-1,3125.0539608490008,0.994811995261005,0.9944994898649195,0.0,,0,243,2,,,3562;328;3565;3566;3567;426;3474;3475;3477;3476;3925;3665;338;2670;2671;2582;335;3110;2637;134;3351;334;3348;3787;3350,3562:49820.57522139112;328:49821.44595131102;3565:49822.86520400645;3566:49824.53315487864;3567:49900.40129828371;426:49902.002364131484;3474:49924.30030372283;3475:49938.69673199191;3477:49956.044763893064;3476:49966.368206300736;3925:49971.00644588311;3665:49984.75582727499;338:50033.39255790929;2670:50036.23668087967;2671:50104.55417630254;2582:50152.199562777576;335:50156.01139870827;3110:50167.6199299231;2637:50200.68252748083;134:50223.66051853092;3351:50250.46410521897;334:50252.59497722438;3348:50281.32401163668;3787:50286.51078419589;3350:50304.98361833338
0,4,default_vehtype,boarding,True,-1,50304.98361833338,50334.98361833338,50304.98361833338,0.0,3350;-1;-1,3350;-1;-1,0.0,0.9944994898649195,0.9944994898649195,0,,0,243,2,,243,,
0,8,default_vehtype,route,False,-1000,49820.08228705502,50425.68992256121,49820.08228705502,0.0,3397;-1;-1,430;-1;-1,3449.154256320003,0.9723808583886423,0.9720359429630083,0.0,,0,238,1,,,3397;1734;1520;1015;3414;2917;3053;2715;3054;3112;429;430,3397:49820.08228705502;1734:49823.5767889977;1520:49831.96583001365;1015:49837.240116248206;3414:49847.3902191363;2917:49907.715821542464;3053:50228.754481667645;2715:50339.81042783733;3054:50373.22905256913;3112:50395.34315386798;429:50396.84862138329;430:50425.68992256121
0,1,default_vehtype,route,False,-1000,50047.673739507925,50433.723233672616,50047.673739507925,0.0,2208;-1;-1,278;-1;-1,3497.4180842500004,0.9917599088903828,0.9914101670819573,0.0,,0,241,1,,,2208;4026;3562;328;3314;3567;426;3645;3987;3682;1405;1188;1406;2221;258;2175;350;1214;2302;2220;916;111;1092;615;616;617;618;3864;512;2121;278,2208:50047.673739507925;4026:50066.37922194611;3562:50124.66896002826;328:50125.824202486154;3314:50135.968431934845;3567:50136.66099247283;426:50139.31460196228;3645:50158.773395504075;3987:50168.03702623793;3682:50173.49031789823;1405:50193.5600893397;1188:50202.35749292892;1406:50218.90268223897;2221:50225.248899716215;258:50232.78518799196;2175:50239.953242221025;350:50244.84607558829;1214:50256.754016536885;2302:50265.466028873234;2220:50282.96522304753;916:50324.22639008899;111:50334.934404976;1092:50341.49771996397;615:50357.218979577134;616:50363.050213290175;617:50374.863997429515;618:50384.708432519714;3864:50399.94486082601;512:50404.538162641664;2121:50424.279831918146;278:50433.723233672616
0,8,default_vehtype,boarding,True,-1,50425.68992256121,50455.68992256121,50425.68992256121,0.0,430;-1;-1,430;-1;-1,0.0,0.9720359429630083,0.9720359429630083,0,,0,238,1,,238,,
0,1,default_vehtype,boarding,True,-1,50433.723233672616,50463.723233672616,50433.723233672616,0.0,278;-1;-1,278;-1;-1,0.0,0.9914101670819573,0.9914101670819573,0,,0,241,1,,241,,
0,4,default_vehtype,route,False,-1000,50340,50504.015425025515,50340,0,3350;-1;-1,1503;-1;-1,796.3018212500001,0.9944994898649195,0.9944198596827947,0.0,,0,,0,,,3350;749;748;2155;1503,3350:50340;749:50354.02359881653;748:50407.746605523535;2155:50439.96667578311;1503:50504.015425025515
0,4,default_vehtype,boarding,True,50340,50504.015425025515,50516.589416978626,50504.015425025515,0.0,1503;-1;-1,1503;-1;-1,0.0,0.9944198596827947,0.9944198596827947,0,,0,248,1,248,,,
0,9,default_vehtype,route,False,-1000,50280,50605.72565083732,50280,0,3426;-1;-1,1813;-1;-1,2297.5197161799993,0.5636488626868488,0.5634191107152304,0.0,,0,,0,,,3426;3427;3115;3666;2670;2671;2582;2638;2637;134;3351;3349;3111;1813,3426:50280;3427:50301.12795592476;3115:50315.82528822784;3666:50318.04501028608;2670:50319.21058524944;2671:50387.52808067231;2582:50435.173467147346;2638:50461.678426729006;2637:50465.97599735053;134:50488.95398840062;3351:50515.75757508867;3349:50519.54119683176;3111:50521.35335909562;1813:50605.72565083732
0,8,default_vehtype,route,False,-1000,50460.0,50695.34491925518,50460.0,0.0,430;-1;-1,328;-1;-1,1454.1719690989996,0.9720359429630083,0.9718905257660989,0.0,,0,,0,,,430;429;3112;3054;2715;2716;3314;3567;3566;3565;3563;3562;328,430:50460;429:50473.8528775054;3112:50477.52266196219;3054:50484.45458645367;2715:50503.628358586924;2716:50539.913963979074;3314:50607.663153267655;3567:50609.66537347995;3566:50689.11668849233;3565:50689.453674608194;3563:50692.86843024976;3562:50693.54438589231;328:50695.34491925518
0,9,default_vehtype,boarding,True,50280,50605.72565083732,50693.886202326015,50605.72565083732,0.0,1813;-1;-1,1813;-1;-1,0.0,0.5634191107152304,0.5634191107152304,0.0,,0,247,2,247,,,
0,8,default_vehtype,boarding,True,50460,50695.34491925518,50736.7994675213,50695.34491925518,0.0,328;-1;-1,328;-1;-1,0.0,0.9718905257660989,0.9718905257660989,0,,0,249,1,249,,,
0,11,default_vehtype,route,False,-1000,48504.125706460334,50797.52835889741,48504.125706460334,0.0,1654;-1;-1,852;-1;-1,17453.09718849,0.5925045377067033,0.590759227987854,0.0,,0,221,1,,,1654;1655;3437;1656;3367;1460;3361;3363;3364;188;1709;187;1835;701;494;1681;1958;1989;562;3451;3229;3452;2790;2789;2792;2793;2795;2799;2797;2798;2801;4046;2800;2803;3866;3360;2805;3127;2808;94;2810;2815;2813;3634;3439;971;3630;2589;2590;3631;2554;3440;3632;2552;2553;3626;2551;2548;3656;66;143;2629;3730;3729;2546;2545;3725;2768;2543;2544;2562;2561;2833;3401;2844;16;2118;83;3469;3470;3918;2830;2829;1945;1766;509;3650;1828;2117;4074;2677;3102;2669;2619;2769;2770;3779;2771;2772;2773;3558;2774;3552;2743;2744;2745;3126;1446;1981;2139;3554;3059;3681;178;3555;0;3057;56;71;3272;1;2596;429;3112;430;867;868;861;862;846;847;848;579;849;850;851;852,1654:48504.125706460334;1655:48508.06877151148;3437:48511.20139398515;1656:48531.36498149938;3367:48537.55941490838;1460:48541.85859416456;3361:48542.4731152914;3363:48547.77531776482;3364:48553.88230688733;188:48562.544356012804;1709:48584.92894412809;187:48590.36388376834;1835:48599.96635559401;701:48611.15422128684;494:48623.24419367519;1681:48629.17761731771;1958:48645.00982884405;1989:48658.67636251658;562:48664.607605832905;3451:48668.690974021396;3229:48669.60385759762;3452:48671.199457146125;2790:48676.73989436473;2789:48702.94422697751;2792:48709.115060389275;2793:48714.21176497066;2795:48716.2826936873;2799:48836.54358783025;2797:48837.376558703065;2798:48844.56751292383;2801:48886.34641709239;4046:48921.07196442189;2800:48923.03247038747;2803:48923.50570216829;3866:48925.39005076222;3360:48934.26683578901;2805:48945.2823072859;3127:48980.17256909262;2808:49026.41047770227;94:49032.96817991386;2810:49049.98432735457;2815:49072.14908592129;2813:49100.813595872096;3634:49161.883855014035;3439:49166.63089260585;971:49174.22457234108;3630:49183.160332832944;2589:49223.85768156307;2590:49226.55429623045;3631:49272.46616784372;2554:49276.752816881504;3440:49279.78455950362;3632:49286.08856633992;2552:49319.042044583555;2553:49321.47366554478;3626:49326.125192810505;2551:49364.4001555181;2548:49393.247815228264;3656:49405.90273368573;66:49421.47074575931;143:49434.09227170929;2629:49441.51423201848;3730:49454.41030462331;3729:49458.67947307042;2546:49462.357872258006;2545:49465.81051410207;3725:49472.50836092453;2768:49485.33619634607;2543:49492.228170608236;2544:49501.332621073845;2562:49521.715885308055;2561:49522.43116914756;2833:49573.922862561536;3401:49586.53879171538;2844:49595.99890809548;16:49666.594310989014;2118:49675.183294884315;83:49710.650188650965;3469:49717.04995352826;3470:49720.188272716645;3918:49730.166848198394;2830:49747.734156460516;2829:49778.0386862236;1945:49783.717323242345;1766:49788.30207143522;509:49806.17670707211;3650:49809.25474644305;1828:49812.306699398214;2117:49830.87391430242;4074:49838.21046244151;2677:49894.90449095654;3102:49896.49995196442;2669:49898.360156256305;2619:49920.23905080581;2769:49926.227118520874;2770:49941.25572051628;3779:49942.05528907486;2771:49953.30352009733;2772:49968.804416931205;2773:49980.478989375304;3558:49989.381730844216;2774:49990.7986432383;3552:49991.54626000946;2743:50013.016232840964;2744:50024.28461559956;2745:50065.91573432156;3126:50080.634838947444;1446:50082.010426568944;1981:50118.29228719117;2139:50134.57075499175;3554:50139.978303410906;3059:50143.18262281771;3681:50147.738921816024;178:50150.503726212046;3555:50151.954014844254;0:50183.42110080179;3057:50248.480822466976;56:50304.14452966989;71:50364.60673234248;3272:50434.497386785515;1:50512.87702805625;2596:50543.724508536405;429:50561.88457853232;3112:50566.04199545709;430:50581.81492212805;867:50655.2235787638;868:50662.79135450159;861:50668.03697198527;862:50704.798506948464;846:50707.14242404073;847:50715.91174011741;848:50738.646213958695;579:50753.835299202176;849:50761.34759155071;850:50774.08464207773;851:50785.47308178632;852:50797.52835889741
0,11,default_vehtype,boarding,True,-1,50797.52835889741,50827.52835889741,50797.52835889741,0.0,852;-1;-1,852;-1;-1,0.0,0.590759227987854,0.590759227987854,0,,0,221,1,,221,,
0,7,default_vehtype,route,False,-1000,49800,50844.02469405988,49800,0,734;-1;-1,427;-1;-1,4484.048619563,0.9610884746048227,0.9606400697428663,0.0,,0,,0,,,734;419;331;2633;268;3195;3194;3193;421;2867;2906;2688;2687;3680;2675;3204;3926;2670;3666;3115;3313;3476;3925;425;3474;3475;3315;3567;426;3568;427,734:49800;419:49867.19524458029;331:49880.69658076019;2633:49899.11565935666;268:49900.44919082789;3195:49924.126461180625;3194:50079.38387296256;3193:50081.672091721004;421:50204.33941634794;2867:50206.73085131328;2906:50227.54185844276;2688:50246.564869095244;2687:50308.707416637495;3680:50383.910949258534;2675:50385.24862154567;3204:50394.7122410807;3926:50433.389365104136;2670:50520.873665579704;3666:50522.12040599789;3115:50525.21402640079;3313:50569.0710341719;3476:50593.3886650243;3925:50597.81228569078;425:50615.46997391909;3474:50733.86999942339;3475:50740.44023716602;3315:50756.84341052196;3567:50767.73600262849;426:50772.90392893439;3568:50774.57834248999;427:50844.02469405988
0,7,default_vehtype,boarding,True,49800,50844.02469405988,50868.45788957515,50844.02469405988,0.0,427;-1;-1,427;-1;-1,0.0,0.9606400697428663,0.9606400697428663,0,,0,246,1,246,,,
0,10,default_vehtype,route,False,-1000,49973.060639954456,50908.6858704167,49973.060639954456,0.0,2687;-1;-1,1429;-1;-1,4823.840117482997,0.7865818897707043,0.7860995057589558,0.0,,0,222,1,,,2687;3680;2675;3150;3666;2670;338;3665;3925;425;3474;426;3567;3314;2716;428;3771;172;2596;429;3112;4030;4031;3862;4032;1888;2403;2503;2026;2397;1987;2423;3660;1664;2373;1426;1427;1428;1429,2687:49973.060639954456;3680:50048.264172575495;2675:50049.60184486263;3150:50071.19384436246;3666:50134.07543035462;2670:50135.241005317985;338:50138.033508936875;3665:50151.24523617196;3925:50171.52392464263;425:50183.59317884959;3474:50215.022678304595;426:50245.52837290597;3567:50247.19883709706;3314:50248.227380465396;2716:50281.3303663871;428:50284.670236598926;3771:50339.29051597693;172:50345.75481179972;2596:50373.43418222745;429:50393.427926233824;3112:50397.097710690614;4030:50429.90079840123;4031:50431.137304052296;3862:50444.89864586686;4032:50464.332512822715;1888:50519.36293111172;2403:50530.615523267596;2503:50579.81994377452;2026:50585.545747860764;2397:50597.24073331095;1987:50635.85031077322;2423:50702.68791982315;3660:50753.82506265792;1664:50758.49064588178;2373:50767.67773474393;1426:50794.777670550626;1427:50803.02483993872;1428:50888.88992741454;1429:50908.6858704167
0,10,default_vehtype,boarding,True,-1,50908.6858704167,50938.6858704167,50908.6858704167,0.0,1429;-1;-1,1429;-1;-1,0.0,0.7860995057589558,0.7860995057589558,0,,0,222,1,,222,,
0,3,default_vehtype,route,False,-1000,50760,51054.08621453278,50760,0,1827;-1;-1,3033;-1;-1,1168.25359993,0.9910082443125513,0.9908914189525587,0.0,,0,,0,,,1827;1671;1500;1501;2225;2120;3298;3300;3299;1586;1585;898;1584;3406;3405;3033,1827:50760;1671:50765.382449527395;1500:50768.6489095807;1501:50859.92334501839;2225:50871.19368267577;2120:50888.81208049936;3298:50931.523082210784;3300:50937.94813431764;3299:50939.919107959264;1586:50956.20995316996;1585:50989.673946307616;898:51009.437922891;1584:51044.74812200892;3406:51047.99783789309;3405:51049.46102817685;3033:51054.08621453278
0,3,default_vehtype,boarding,True,50760,51054.08621453278,51094.8210816883,51054.08621453278,0.0,3033;-1;-1,3033;-1;-1,0.0,0.9908914189525587,0.9908914189525587,0,,0,253,1,253,,,
0,8,default_vehtype,route,False,-1000,50736.7994675213,51127.745064729104,50736.7994675213,0.0,328;-1;-1,2915;-1;-1,3771.189973288999,0.9718905257660989,0.9715134067687701,0.0,,0,249,1,,,328;3565;3566;3567;3314;2716;2715;3054;3336;2915,328:50736.7994675213;3565:50740.46312349539;3566:50741.44872392856;3567:50769.3212790276;3314:50771.55334184428;2716:50845.899668916274;2715:50909.4487425935;3054:50922.113015610434;3336:50988.61375928096;2915:51127.745064729104
0,8,default_vehtype,boarding,True,-1,51127.745064729104,51157.745064729104,51127.745064729104,0.0,2915;-1;-1,2915;-1;-1,0.0,0.9715134067687701,0.9715134067687701,0,,0,249,1,,249,,
0,6,default_vehtype,route,False,-1000,49872.98788805236,51177.21484490994,49872.98788805236,0.0,3691;-1;-1,3562;-1;-1,6644.225529851991,0.9157004422265368,0.9150360196735513,0.0,,0,233,1,,,3691;3692;3212;1545;3612;2487;3967;3210;3209;2320;3380;2696;3886;3994;3686;173;3450;3119;268;3195;3194;3193;421;2867;2906;2688;2687;3680;2675;3204;3926;2670;3666;3115;3313;3476;3925;425;3474;3475;3315;3567;3566;3565;328;3562,3691:49872.98788805236;3692:49878.168938309;3212:49882.9122223009;1545:49911.854757117726;3612:49922.11282294574;2487:49937.64291692856;3967:49944.45505037097;3210:49946.713685196766;3209:49957.56763274358;2320:50023.573284505066;3380:50037.77834860256;2696:50055.31378629954;3886:50096.0521237446;3994:50133.44334402863;3686:50139.83569010957;173:50167.606990787535;3450:50207.33600338475;3119:50228.53100801909;268:50320.32138068235;3195:50354.40256191786;3194:50509.65997369979;3193:50511.948192458236;421:50554.683612068606;2867:50564.16008943771;2906:50570.21521211675;2688:50615.368614488594;2687:50686.64890974256;3680:50795.102967780134;2675:50795.640162587944;3204:50799.2473703864;3926:50836.82374285264;2670:50868.54743426714;3666:50869.794174685325;3115:50872.88779508822;3313:50916.744802859335;3476:50941.06243371173;3925:50945.48605437821;425:50963.143742606524;3474:51081.54376811082;3475:51088.11400585345;3315:51104.51717920939;3567:51115.40977131592;3566:51172.43200703271;3565:51173.02829796159;328:51173.62422933707;3562:51177.21484490994
0,6,default_vehtype,boarding,True,-1,51177.21484490994,51207.21484490994,51177.21484490994,0.0,3562;-1;-1,3562;-1;-1,0.0,0.9150360196735513,0.9150360196735513,0,,0,233,1,,233,,
0,11,default_vehtype,route,False,-1000,50827.52835889741,51233.00162016523,50827.52835889741,0.0,852;-1;-1,1429;-1;-1,1217.96982487,0.590759227987854,0.5906374310053673,0.0,,0,,0,,,852;1278;2405;2443;2374;1426;1427;1428;1429,852:50827.52835889741;1278:50882.95914982141;2405:51072.190114151344;2443:51095.47054636634;2374:51100.99898910431;1426:51130.62897102475;1427:51165.37583040537;1428:51200.56882757028;1429:51233.00162016523
0,11,default_vehtype,boarding,True,50760,51233.00162016523,51328.768965309566,51233.00162016523,0.0,1429;-1;-1,1429;-1;-1,0.0,0.5906374310053673,0.5906374310053673,0,,0,252,2,252,,,
0,9,default_vehtype,route,False,-1000,50693.886202326015,51419.14318807158,50693.886202326015,0.0,1813;-1;-1,1955;-1;-1,6172.226789260003,0.5634191107152304,0.5628018880363043,0.0,,0,247,2,,,1813;3349;2583;2638;2637;2585;3267;103;2526;2738;3328;2639;3134;2599;2748;2672;1776;2732;1775;2601;2882;2600;2668;2749;299;2013;246;251;250;249;1955,1813:50693.886202326015;3349:50742.29425887422;2583:50778.9582057236;2638:50824.993863023505;2637:50826.76825249904;2585:50860.70184401876;3267:50938.956236463506;103:50975.963195701595;2526:50994.72701003844;2738:51016.33519735317;3328:51020.22163414712;2639:51049.18761829647;3134:51053.711822877274;2599:51072.780645484774;2748:51104.502507193254;2672:51124.57528153771;1776:51167.493564063894;2732:51195.64023869914;1775:51222.36693117324;2601:51224.49758149118;2882:51244.86633941783;2600:51251.11765198733;2668:51282.49007949758;2749:51311.86173207534;299:51338.30263282095;2013:51348.90479332466;246:51357.30503569901;251:51358.88517913151;250:51403.6343090333;249:51416.92456887876;1955:51419.14318807158
0,9,default_vehtype,boarding,True,-1,51419.14318807158,51449.14318807158,51419.14318807158,0.0,1955;-1;-1,1955;-1;-1,0.0,0.5628018880363043,0.5628018880363043,0,,0,247,2,,247,,
0,6,default_vehtype,route,False,-1000,51207.21484490994,51461.39016286452,51207.21484490994,0.0,3562;-1;-1,2670;-1;-1,1257.8665219489997,0.9150360196735513,0.9149102330213563,0.0,,0,,0,,,3562;3563;3565;3566;3567;426;3474;3475;3477;3476;3925;3665;3313;3115;3666;2670,3562:51207.21484490994;3563:51209.90277496016;3565:51212.961451547795;3566:51213.78578379222;3567:51336.0351898388;426:51340.77549530419;3474:51370.924602056584;3475:51373.138477832144;3477:51409.550089262935;3476:51417.00079958098;3925:51419.468277396816;3665:51427.108967280416;3313:51427.7863787774;3115:51453.56800308695;3666:51457.0188905632;2670:51461.39016286452
0,6,default_vehtype,boarding,True,50820,51461.39016286452,51463.8317973147,51461.39016286452,0.0,2670;-1;-1,2670;-1;-1,0.0,0.9149102330213563,0.9149102330213563,0.0,,0,254,1,254,,,
0,1,default_vehtype,route,False,-1000,50700,51533.00489958269,50700,0,278;-1;-1,514;-1;-1,3053.5228978599976,0.9914101670819573,0.991104814792172,0.0,,0,,0,,,278;2121;428;2716;2715;3054;2596;429;430;431;432;433;434;2119;555;1633;1920;514,278:50700;2121:50743.375979057644;428:51032.767132987094;2716:51034.9062325988;2715:51098.455306276024;3054:51111.11957929296;2596:51117.93966748834;429:51137.06693339308;430:51159.42026843121;431:51182.28119346529;432:51191.91769060051;433:51307.16256003241;434:51351.27331581522;2119:51482.3160966151;555:51496.616768606495;1633:51513.75634880699;1920:51523.168429538586;514:51533.00489958269
0,1,default_vehtype,boarding,True,50700,51533.00489958269,51554.02470518106,51533.00489958269,0.0,514;-1;-1,514;-1;-1,0.0,0.991104814792172,0.991104814792172,0.0,,0,251,1,251,,,
0,8,default_vehtype,route,False,-1000,51157.745064729104,51556.3860350198,51157.745064729104,0.0,2915;-1;-1,427;-1;-1,3879.558691850001,0.9715134067687701,0.9711254508995848,0.0,,0,,0,,,2915;3413;3414;2917;3053;2715;172;3771;428;427,2915:51157.745064729104;3413:51188.084999165316;3414:51202.7919548699;2917:51263.815453692936;3053:51411.20547315779;2715:51456.30331584536;172:51459.04084937635;3771:51463.152981358755;428:51520.50442416343;427:51556.3860350198
0,8,default_vehtype,boarding,True,50820,51556.3860350198,51561.44333700378,51556.3860350198,0.0,427;-1;-1,427;-1;-1,0.0,0.9711254508995848,0.9711254508995848,0,,0,255,1,255,,,
0,2,default_vehtype,route,False,-1000,50214.79601636785,51796.627245462914,50214.79601636785,0.0,2882;-1;-1,1564;-1;-1,12576.968622990024,0.9941736437180996,0.9929159468558011,0.0,,0,242,1,,,2882;2601;2733;2734;1776;2672;2748;2599;3042;3116;49;3134;2639;3328;2738;2526;103;104;3270;3271;101;2680;3059;3554;2139;1981;1446;2035;3273;3142;2138;2137;3968;542;3553;1841;2136;2135;699;3601;1482;2677;4074;2117;1828;3650;509;1766;1945;2829;2830;3918;3470;3469;83;2923;1348;3;2832;2562;2544;2543;3728;3732;2630;908;1838;685;2078;3846;3608;2935;3610;85;3371;3372;3232;3373;1564,2882:50214.79601636785;2601:50225.86037697927;2733:50254.09361660857;2734:50284.652279105714;1776:50286.316570603085;2672:50318.910323833086;2748:50340.34153569985;2599:50370.96418556409;3042:50372.77110864523;3116:50393.15241797049;49:50396.51573545894;3134:50398.54550044502;2639:50411.50847083124;3328:50460.18743575571;2738:50466.67321632917;2526:50495.54327834403;103:50514.61817423237;104:50570.576236697496;3270:50599.9901915327;3271:50647.341034576806;101:50928.073891866836;2680:50995.22679891293;3059:50996.767613150485;3554:50997.581936218674;2139:51001.43159795141;1981:51018.65039667465;1446:51028.82739689223;2035:51051.87021046435;3273:51059.510864953394;3142:51065.32599164381;2138:51068.226053091865;2137:51080.461426727714;3968:51115.02550061986;542:51116.01277261507;3553:51116.79487608889;1841:51132.316735794906;2136:51141.65186075246;2135:51146.670290992006;699:51158.27059983235;3601:51170.64505416776;1482:51176.14771524211;2677:51176.86877580111;4074:51199.6006772188;2117:51214.07140306516;1828:51245.69051634445;3650:51247.17195886422;509:51260.82221296197;1766:51294.003779769446;1945:51298.46678153766;2829:51313.92240074066;2830:51323.81824772053;3918:51334.49661325758;3470:51338.70047229545;3469:51345.24784456057;83:51348.89911748945;2923:51368.53633951523;1348:51369.997404824586;3:51373.052420187676;2832:51400.35316538566;2562:51409.24892793316;2544:51436.475729721846;2543:51447.74867605397;3728:51476.51310406397;3732:51482.15763025424;2630:51486.74810713304;908:51503.91730581832;1838:51512.39289905667;685:51673.11121692017;2078:51682.77542039623;3846:51694.648835547334;3608:51698.727728526304;2935:51703.31139755519;3610:51723.66854677202;85:51748.7642814502;3371:51771.89848777546;3372:51775.03804015109;3232:51776.29201113595;3373:51790.56850569475;1564:51796.627245462914
0,2,default_vehtype,boarding,True,-1,51796.627245462914,51826.627245462914,51796.627245462914,0.0,1564;-1;-1,1564;-1;-1,0.0,0.9929159468558011,0.9929159468558011,0,,0,242,1,,242,,
0,4,default_vehtype,route,False,-1000,50516.589416978626,51837.59910155261,50516.589416978626,0.0,1503;-1;-1,2062;-1;-1,10265.855128530007,0.9944198596827947,0.9933932741699409,0.0,,0,248,1,,,1503;1505;989;988;334;3351;134;2637;2638;33;2578;2579;2655;3334;3393;2996;162;3394;2647;3391;186;3694;3168;2282;3581;2930;182;1933;2281;2887;2891;3952;398;3047;3949;2062,1503:50516.589416978626;1505:50539.27985507938;989:50565.38665562226;988:50577.60210691259;334:50702.867642034056;3351:50704.24905617654;134:50758.285467117516;2637:50807.94921357308;2638:50814.966588017174;33:50893.80147215084;2578:50945.133999371836;2579:51055.25925858999;2655:51102.30427695949;3334:51320.24296996627;3393:51482.70139861211;2996:51510.56826241722;162:51513.57151295957;3394:51537.31722100599;2647:51589.616885031486;3391:51633.13229521284;186:51634.73004475368;3694:51649.34626501863;3168:51655.13189842442;2282:51656.277311571204;3581:51659.50222239168;2930:51662.77343513159;182:51673.63501635851;1933:51720.22613644558;2281:51751.73239335197;2887:51762.38637452744;2891:51802.27746902568;3952:51809.45671279446;398:51811.91729270653;3047:51813.69857852501;3949:51815.724522904755;2062:51837.59910155261
0,4,default_vehtype,boarding,True,-1,51837.59910155261,51867.59910155261,51837.59910155261,0.0,2062;-1;-1,2062;-1;-1,0.0,0.9933932741699409,0.9933932741699409,0,,0,248,1,,248,,
0,11,default_vehtype,route,False,-1000,51328.768965309566,51885.92629963346,51328.768965309566,0.0,1429;-1;-1,427;-1;-1,3203.3526320190012,0.5906374310053673,0.5903170957421651,0.0,,0,252,2,,,1429;2180;2373;1664;3660;2689;2372;358;2345;2503;2403;1880;2208;4026;3562;3563;3565;3566;3567;3314;3568;427,1429:51328.768965309566;2180:51352.13434182116;2373:51391.275710879534;1664:51401.16674314714;3660:51402.01203079545;2689:51403.55376247432;2372:51475.03917595925;358:51478.40431213297;2345:51489.05294765248;2503:51501.05441107963;2403:51574.593002874004;1880:51647.04647767951;2208:51692.83505436635;4026:51723.148352824144;3562:51786.84196048795;3563:51793.23157743801;3565:51795.31642837532;3566:51796.59708708308;3567:51859.41291925576;3314:51860.603345445765;3568:51867.07186912851;427:51885.92629963346
0,10,default_vehtype,route,False,-1000,51060.0,51924.83603371275,51060.0,0.0,1429;-1;-1,2917;-1;-1,3735.110915653999,0.7860995057589558,0.7857259946673903,0.0,,0,,0,,,1429;1430;1431;1467;1931;1303;1624;266;1561;2042;580;1967;1966;1476;1477;626;584;1478;1901;1138;1900;4007;1899;1898;1893;3653;1897;3932;3801;1038;853;567;3169;3412;3462;2916;1015;3414;2917,1429:51060;1430:51105.41297674435;1431:51116.8449933069;1467:51134.75299918869;1931:51263.4977645671;1303:51299.9385368531;1624:51323.54585391804;266:51326.482946070704;1561:51357.563807436956;2042:51385.67757453547;580:51436.81002014911;1967:51439.93106385101;1966:51447.69584298293;1476:51461.84531841382;1477:51474.45507160958;626:51477.45116876939;584:51487.744010621755;1478:51495.53378682698;1901:51549.440914806306;1138:51590.4970734424;1900:51591.59229837961;4007:51594.28257853094;1899:51619.75796986957;1898:51637.43087566664;1893:51651.754857469954;3653:51654.65164881028;1897:51658.91210058534;3932:51663.43583150289;3801:51666.37211089402;1038:51680.74164315925;853:51773.78128660609;567:51780.49762782775;3169:51811.4344156347;3412:51820.896187889906;3462:51824.2663314927;2916:51831.32742233903;1015:51865.28086051517;3414:51868.54659642556;2917:51924.83603371275
0,10,default_vehtype,boarding,True,51060,51924.83603371275,51928.265303017804,51924.83603371275,0.0,2917;-1;-1,2917;-1;-1,0.0,0.7857259946673903,0.7857259946673903,0.0,,0,257,1,257,,,
0,4,default_vehtype,route,False,-1000,51900,51952.00171856098,51900,0,2062;-1;-1,2782;-1;-1,370.3196062299999,0.9933932741699409,0.993356242209318,0.0,,0,,0,,,2062;3949;3047;3950;2782,2062:51900;3949:51913.99223829736;3047:51920.75635585384;3950:51925.99203556108;2782:51952.00171856098
0,4,default_vehtype,boarding,True,51900,51952.00171856098,52011.326063020555,51952.00171856098,0.0,2782;-1;-1,2782;-1;-1,0.0,0.993356242209318,0.993356242209318,0,,0,268,2,268,,,
0,7,default_vehtype,route,False,-1000,50868.45788957515,52042.18143951444,50868.45788957515,0.0,427;-1;-1,1587;-1;-1,8025.978552276996,0.9606400697428663,0.9598374718876388,0.0,,0,246,1,,,427;3568;3314;3567;3315;3475;3477;3476;3925;3665;3313;3115;338;2670;2671;336;335;3110;2637;134;2583;3349;3111;2678;387;1483;2669;3102;2677;3780;2676;1481;1480;84;107;105;3839;3840;24;23;3122;2536;2762;2595;4076;3487;3557;3155;1450;1588;2834;1587,427:50868.45788957515;3568:50892.31954237521;3314:50896.06293648536;3567:50898.06515669765;3315:50917.65413635247;3475:50934.52272199138;3477:50942.921391865224;3476:50957.543813947865;3925:50961.967434614344;3665:50997.147470527525;3313:50997.716850535835;3115:51026.19795792009;338:51027.12020872883;2670:51029.30944010475;2671:51069.95963263891;336:51074.14548763429;335:51107.572017580096;3110:51131.77441390196;2637:51174.77709215296;134:51199.91485496387;2583:51207.88221062997;3349:51223.68488263205;3111:51227.91581214065;2678:51342.37371743555;387:51350.890473794694;1483:51395.557382429855;2669:51451.24008557184;3102:51452.138901619415;2677:51454.36642499159;3780:51532.97383931027;2676:51585.31666882904;1481:51610.52076938547;1480:51658.5735007486;84:51711.650280820104;107:51723.58327592405;105:51730.58879042594;3839:51742.45214621794;3840:51757.90990141193;24:51829.925303478885;23:51831.24960884672;3122:51852.518417867504;2536:51884.41980304819;2762:51921.273621387576;2595:51932.8504113028;4076:51936.00283738946;3487:51988.474349726275;3557:51988.73742954985;3155:51997.01029761346;1450:51998.7920162375;1588:52003.15079468782;2834:52037.747165409484;1587:52042.18143951444
0,7,default_vehtype,boarding,True,-1,52042.18143951444,52072.18143951444,52042.18143951444,0.0,1587;-1;-1,1587;-1;-1,0.0,0.9598374718876388,0.9598374718876388,0,,0,246,1,,246,,
0,8,default_vehtype,route,False,-1000,51561.44333700378,52086.61706619671,51561.44333700378,0.0,427;-1;-1,1503;-1;-1,2724.016428669999,0.9711254508995848,0.9708530492567181,0.0,,0,255,1,,,427;3987;3682;1405;1188;1406;349;3571;1407;1408;544;748;2155;1506;1160;1505;1503,427:51561.44333700378;3987:51617.59262287285;3682:51621.3508439534;1405:51647.05650516372;1188:51662.98822053007;1406:51719.48423881585;349:51774.33150917421;3571:51846.1224881427;1407:51847.28413371187;1408:51850.34103109373;544:51914.57640726645;748:51939.94643093599;2155:52004.98697037565;1506:52034.252424493236;1160:52042.428863102665;1505:52045.186248419166;1503:52086.61706619671
0,9,default_vehtype,route,False,-1000,51449.14318807158,52081.74653636457,51449.14318807158,0.0,1955;-1;-1,2451;-1;-1,3407.278774239999,0.5628018880363043,0.5624611601588797,0.0,,0,,0,,,1955;249;250;251;246;247;248;434;433;432;431;430;429;2596;3054;2715;172;3771;428;2716;3314;3568;3987;3682;1405;1206;2451,1955:51449.14318807158;249:51481.51157911799;250:51490.0341433789;251:51522.79276528733;246:51527.28982217659;247:51534.00426393149;248:51552.069422208035;434:51601.002139734555;433:51649.79169745813;432:51678.38629100282;431:51689.030163152725;430:51704.526483876674;429:51730.438589591824;2596:51768.85791675061;3054:51771.16875859723;2715:51785.54859858575;172:51792.860631412674;3771:51795.28909906579;428:51865.65484234682;2716:51878.51147156776;3314:51951.67870535372;3568:51958.14722903646;3987:51996.03563868629;3682:52030.09594961661;1405:52049.91246124077;1206:52054.79175731416;2451:52081.74653636457
0,8,default_vehtype,boarding,True,-1,52086.61706619671,52116.61706619671,52086.61706619671,0.0,1503;-1;-1,1503;-1;-1,0.0,0.9708530492567181,0.9708530492567181,0,,0,255,1,,255,,
0,9,default_vehtype,boarding,True,51180,52081.74653636457,52179.19462378701,52081.74653636457,0.0,2451;-1;-1,2451;-1;-1,0.0,0.5624611601588797,0.5624611601588797,0,,0,260,1,260,,,
0,5,default_vehtype,route,False,-1000,51300.0,52250.25271746999,51300.0,0.0,1587;-1;-1,3427;-1;-1,7083.822701597002,0.8419539705395137,0.8412455882693534,0.0,,0,,0,,,1587;2834;1588;3155;3557;3487;4076;2595;2762;2536;3122;23;24;13;107;84;1480;1481;2676;3780;2677;3102;3108;2678;3111;334;3351;134;2637;2638;2582;335;336;3974;337;338;3115;3427,1587:51300;2834:51325.44286939174;1588:51336.3199176085;3155:51341.092579816475;3557:51344.673835523594;3487:51345.71111520279;4076:51361.30579528631;2595:51366.69623702127;2762:51381.88184937899;2536:51390.05273142503;3122:51429.41631803881;23:51441.76985446467;24:51443.44673026342;13:51446.3309683724;107:51479.50840725342;84:51487.28935861438;1480:51507.53427836612;1481:51539.812784064234;2676:51557.55066353836;3780:51592.63710133926;2677:51665.707219943106;3102:51669.14445592225;3108:51756.496985841404;2678:51818.58550544706;3111:51884.30667189047;334:51886.27546201406;3351:51888.49032778592;134:51907.16341283795;2637:51967.561754180526;2638:51970.56369834336;2582:52031.038801286944;335:52048.92300216403;336:52107.632266912784;3974:52130.13165740753;337:52133.08124411876;338:52208.218066585585;3115:52211.32297703006;3427:52250.25271746999
0,5,default_vehtype,boarding,True,51300,52250.25271746999,52256.8585264091,52250.25271746999,0.0,3427;-1;-1,3427;-1;-1,0.0,0.8412455882693534,0.8412455882693534,0.0,,0,261,1,261,,,
0,11,default_vehtype,boarding,True,51120,51885.92629963346,52358.752456138754,51885.92629963346,0.0,427;-1;-1,427;-1;-1,0.0,0.5903170957421651,0.5903170957421651,0,,0,252;258,3,258,,,
0,8,default_vehtype,route,False,-1000,52116.61706619671,52510.905098309304,52116.61706619671,0.0,1503;-1;-1,427;-1;-1,2385.5089496499986,0.9708530492567181,0.9706144983617528,0.0,,0,,0,,,1503;2155;748;544;1408;1407;3571;349;1406;1188;1405;3682;3987;3568;427,1503:52116.61706619671;2155:52144.45744736736;748:52149.31230282392;544:52160.32116266025;1408:52205.965322936;1407:52237.7152211312;3571:52239.71689049433;349:52273.56330155526;1406:52333.40858020603;1188:52360.26215748781;1405:52376.07547025789;3682:52395.1673346896;3987:52401.20508087975;3568:52458.87374910763;427:52510.905098309304
0,8,default_vehtype,boarding,True,52080,52510.905098309304,52559.02669936571,52510.905098309304,0.0,427;-1;-1,427;-1;-1,0.0,0.9706144983617528,0.9706144983617528,0,,0,270,1,270,,,
0,9,default_vehtype,route,False,-1000,52179.19462378701,52613.872235513976,52179.19462378701,0.0,2451;-1;-1,1573;-1;-1,1882.2106150199995,0.5624611601588797,0.5622729390973765,0.0,,0,260,1,,,2451;1206;1405;3682;3987;3568;3314;328;3562;4026;2386;3644;2387;2207;3868;3869;969;302;1573,2451:52179.19462378701;1206:52255.19205467759;1405:52276.92909585603;3682:52292.788879743595;3987:52302.79295536928;3568:52350.79775653242;3314:52351.94809808019;328:52436.30439021342;3562:52438.518381842645;4026:52516.85249043585;2386:52519.77017509825;3644:52536.866889322155;2387:52558.60909423593;2207:52564.20242385651;3868:52571.32736863029;3869:52574.33277190995;969:52580.60408320198;302:52598.51668325774;1573:52613.872235513976
0,11,default_vehtype,route,False,-1000,52358.752456138754,52632.971319238306,52358.752456138754,0.0,427;-1;-1,1815;-1;-1,1747.7714527900005,0.5903170957421651,0.5901423185968865,0.0,,0,252;258,3,,,427;3568;426;3474;425;3925;3476;3313;3115;3666;1517;1815,427:52358.752456138754;3568:52405.400139844176;426:52407.206840024715;3474:52447.808470998636;425:52468.26887309093;3925:52474.37843193292;3476:52481.181956014;3313:52491.34182980925;3115:52535.996164465774;3666:52544.61206144668;1517:52585.23554885073;1815:52632.971319238306
0,9,default_vehtype,boarding,True,-1,52613.872235513976,52643.872235513976,52613.872235513976,0.0,1573;-1;-1,1573;-1;-1,0.0,0.5622729390973765,0.5622729390973765,0,,0,260,1,,260,,
0,11,default_vehtype,boarding,True,-1,52632.971319238306,52662.971319238306,52632.971319238306,0.0,1815;-1;-1,1815;-1;-1,0.0,0.5901423185968865,0.5901423185968865,0,,0,252;258,3,,252;258,,
0,5,default_vehtype,route,False,-1000,52256.8585264091,52715.75388708597,52256.8585264091,0.0,3427;-1;-1,1673;-1;-1,2201.5402439699997,0.8412455882693534,0.8410254342449561,0.0,,0,261,1,,,3427;3115;3313;3665;3925;425;3474;426;3568;427;428;3771;172;2715;3054;3112;429;2312;1673,3427:52256.8585264091;3115:52280.19044026865;3313:52317.83116686868;3665:52320.300547772975;3925:52375.99544212423;425:52385.28081830904;3474:52408.531039668735;426:52462.3586173977;3568:52464.50163524961;427:52516.53298445128;428:52540.64533605817;3771:52593.89674619861;172:52605.2283909886;2715:52607.94611057165;3054:52636.11778919034;3112:52652.03172778258;429:52662.41398405126;2312:52700.75397503238;1673:52715.75388708597
0,5,default_vehtype,boarding,True,51900,52715.75388708597,52753.23369364205,52715.75388708597,0.0,1673;-1;-1,1673;-1;-1,0.0,0.8410254342449561,0.8410254342449561,0,,0,261;269,2,269,261,,
0,6,default_vehtype,route,False,-1000,51463.8317973147,52770.97253937338,51463.8317973147,0.0,2670;-1;-1,898;-1;-1,10366.530654076007,0.9149102330213563,0.9138735799559496,0.0,,0,254,1,,,2670;338;3665;3925;3476;3477;3475;3474;426;3568;427;428;2716;2715;3054;2596;1;3272;71;56;3057;0;2580;3331;2534;3455;2618;2573;4;3028;2587;3026;3432;3033;3317;3406;1584;898,2670:51463.8317973147;338:51467.32243434173;3665:51511.5075504664;3925:51524.040526600635;3476:51526.53779697517;3477:51531.50434476425;3475:51543.154575226676;3474:51545.55048247688;426:51578.411696692885;3568:51579.15949851452;427:51605.34794057627;428:51617.858973212824;2716:51620.55605619252;2715:51656.05082318205;3054:51673.66089185536;2596:51675.89992560226;1:51701.710680519194;3272:51730.161247902244;71:51852.73194399718;56:51942.704360921074;3057:52009.14110687419;0:52069.46946781109;2580:52234.610488420694;3331:52436.681731770375;2534:52467.263947776715;3455:52469.693574833225;2618:52590.508378526356;2573:52612.911976861054;4:52618.16945186098;3028:52672.19664356798;2587:52675.15596751675;3026:52728.698304130645;3432:52748.5534371209;3033:52753.242391251966;3317:52760.423994549885;3406:52760.94901842461;1584:52761.76347012383;898:52770.97253937338
0,6,default_vehtype,boarding,True,-1,52770.97253937338,52800.97253937338,52770.97253937338,0.0,898;-1;-1,898;-1;-1,0.0,0.9138735799559496,0.9138735799559496,0,,0,254,1,,254,,
0,11,default_vehtype,route,False,-1000,52662.971319238306,52940.327150462675,52662.971319238306,0.0,1815;-1;-1,525;-1;-1,2246.9495305699998,0.5901423185968865,0.5899176236438295,0.0,,0,,0,,,1815;264;263;262;2171;1312;1311;519;1310;2194;727;728;229;228;527;526;525,1815:52662.971319238306;264:52714.779575366585;263:52722.5816829283;262:52738.271174791815;2171:52746.73752870167;1312:52774.232719176835;1311:52788.50828240266;519:52804.0159998847;1310:52810.61181453938;2194:52816.574914470846;727:52832.652661804736;728:52858.81581927897;229:52867.31980557972;228:52922.14829473191;527:52925.22727251775;526:52928.66132078237;525:52940.327150462675
0,11,default_vehtype,boarding,True,52200,52940.327150462675,53008.10399222412,52940.327150462675,0.0,525;-1;-1,525;-1;-1,0.0,0.5899176236438295,0.5899176236438295,0,,0,271,1,271,,,
0,3,default_vehtype,route,False,-1000,51094.8210816883,53153.73146000276,51094.8210816883,0.0,3033;-1;-1,3515;-1;-1,19006.338032050015,0.9908914189525587,0.9889907851493525,0.0,,0,253,1,,,3033;3405;3406;1584;898;1585;1586;3299;3300;3298;2120;2225;2129;3325;485;2674;3322;165;3265;194;203;161;163;3064;3903;131;3939;3065;3066;205;3457;159;138;200;2645;3486;2644;3447;3485;3069;3776;3461;2852;3051;3460;3070;3071;3077;3125;73;3233;3234;1780;193;910;3372;2764;3611;1383;2935;3608;3846;2078;685;1838;908;2630;3731;3729;2546;2545;3726;3727;3622;3621;61;62;3223;3583;2560;2559;3221;3217;2558;2557;3214;2658;3692;3212;1545;2859;3211;504;3646;2824;2178;1872;1198;2333;1251;1566;1768;1189;2025;2048;895;774;2332;2331;2330;2329;2153;2896;3289;2895;644;2853;2947;3158;2999;98;3281;693;3515,3033:51094.8210816883;3405:51097.77042810094;3406:51099.41260237104;1584:51101.480229148154;898:51117.55177505717;1585:51126.60304806818;1586:51132.89890830641;3299:51156.35710398241;3300:51159.48835994465;3298:51178.36164811997;2120:51207.67748750592;2225:51225.87292822272;2129:51257.19740663516;3325:51267.53508456159;485:51277.969303660764;2674:51279.28621942089;3322:51288.24087028254;165:51371.28241291576;3265:51378.27991298264;194:51385.56791961257;203:51390.601967192575;161:51410.49432858791;163:51444.29628112258;3064:51475.20271916064;3903:51549.37638172113;131:51562.98829695135;3939:51570.2926081474;3065:51603.96374870926;3066:51618.13716313787;205:51636.727882369625;3457:51648.32634151516;159:51649.015342755934;138:51659.58859144297;200:51684.612539459195;2645:51712.478395640304;3486:51723.521546079864;2644:51724.539036723145;3447:51725.914391582;3485:51728.04198128628;3069:51756.45361168164;3776:51760.425629778496;3461:51766.8622857267;2852:51771.866290385595;3051:51775.01077898376;3460:51779.0878485776;3070:51782.231915774544;3071:51788.265025128;3077:51796.78764800893;3125:51801.20194680515;73:51815.31524178512;3233:51820.380882747704;3234:51821.98957822565;1780:51822.91517625047;193:51825.90940203039;910:52013.0379900097;3372:52013.88021448985;2764:52029.59981485541;3611:52112.31815552501;1383:52135.496352162656;2935:52140.12462846447;3608:52147.26887451798;3846:52149.073409460834;2078:52156.939049234854;685:52162.15917567213;1838:52195.29763718637;908:52203.06992173096;2630:52266.81125360155;3731:52275.849687800524;3729:52277.49461515981;2546:52281.348581241;2545:52281.92894267514;3726:52282.70326155887;3727:52285.05384628446;3622:52294.588173506265;3621:52302.37147082723;61:52329.12619066153;62:52348.8542101348;3223:52360.73071918392;3583:52400.08358144649;2560:52403.65938399009;2559:52404.73674108447;3221:52406.60788039686;3217:52429.55141709117;2558:52447.97429178852;2557:52468.747052562176;3214:52496.90970104186;2658:52508.681741161054;3692:52512.35982295546;3212:52524.887997844366;1545:52543.88014247652;2859:52548.79331206499;3211:52567.86957702458;504:52573.12344435458;3646:52575.37024263657;2824:52580.83447120018;2178:52697.44299502492;1872:52716.9936946644;1198:52734.837583613065;2333:52746.872421131375;1251:52812.37128918659;1566:52817.47036226935;1768:52818.8617630123;1189:52826.092246444954;2025:52833.732664070834;2048:52836.56962209015;895:52845.85706010671;774:52852.07704628395;2332:52922.11945026876;2331:52933.558949257706;2330:52986.31468187349;2329:52996.14525060436;2153:53017.43700391433;2896:53030.43630910641;3289:53055.99810576868;2895:53071.58140521829;644:53077.66187652173;2853:53087.72286987638;2947:53093.75469572545;3158:53098.66423378437;2999:53100.61079447861;98:53101.964571985656;3281:53108.20941220353;693:53122.428550641365;3515:53153.73146000276
0,1,default_vehtype,route,False,-1000,51554.02470518106,53169.95951109423,51554.02470518106,0.0,514;-1;-1,793;-1;-1,9392.286702552992,0.991104814792172,0.9901655861219159,0.0,,0,251,1,,,514;2600;2882;2668;248;434;433;432;431;430;429;2596;3054;2715;172;3771;428;2716;3314;3568;426;3474;3475;3477;3476;3925;3665;3313;3115;3666;3150;2675;3680;2687;2688;2906;2867;3684;3749;3750;4004;2632;4067;2633;331;419;2863;3995;2864;3449;63;180;3994;3886;2696;3380;2320;3209;2334;2697;504;3211;2859;3213;3215;3214;2557;2556;3216;1808;1840;792;793,514:51554.02470518106;2600:51568.44486912567;2882:51568.91454356816;2668:51578.40054582372;248:51627.51049315015;434:51676.44321067667;433:51723.3280165182;432:51797.01812396364;431:51807.487856586675;430:51821.31889313152;429:51866.21710527425;2596:51904.636432433035;3054:51906.94727427966;2715:51921.32711426818;172:51928.6391470951;3771:51931.067614748215;428:52001.433358029244;2716:52014.28998725019;3314:52087.457221036144;3568:52093.92574471889;426:52096.21736670151;3474:52139.997732837;3475:52142.39204401093;3477:52165.53931141265;3476:52173.92673663637;3925:52178.339363822335;3665:52195.94370195676;3313:52197.33206371532;3115:52216.563537108996;3666:52218.55377165834;3150:52248.53729555773;2675:52325.80618964659;3680:52327.07665771844;2687:52431.847620065855;2688:52457.74486381666;2906:52520.05853456624;2867:52525.30912664975;3684:52527.02390717268;3749:52560.941473796775;3750:52582.562681085976;4004:52597.770784984765;2632:52601.77050418223;4067:52605.18011453657;2633:52638.68828856292;331:52653.845329432304;419:52673.75314247265;2863:52708.27451613178;3995:52732.589870960335;2864:52735.63450710887;3449:52737.76409525612;63:52806.39247269206;180:52808.29640883944;3994:52808.937687818914;3886:52832.039853722315;2696:52841.28270013377;3380:52854.185064125915;2320:52873.33831456798;3209:52894.698447291004;2334:52910.407576800935;2697:52915.35573834804;504:52918.03057636097;3211:52927.47264109844;2859:52956.00740360998;3213:52980.01166383235;3215:52984.827405061595;3214:52993.04840170681;2557:53014.555981073805;2556:53027.846574975396;3216:53033.98021350668;1808:53035.485369486065;1840:53086.482793094576;792:53112.5004700594;793:53169.95951109423
0,3,default_vehtype,boarding,True,-1,53153.73146000276,53183.73146000276,53153.73146000276,0.0,3515;-1;-1,3515;-1;-1,0.0,0.9889907851493525,0.9889907851493525,0,,0,253,1,,253,,
0,1,default_vehtype,boarding,True,-1,53169.95951109423,53199.95951109423,53169.95951109423,0.0,793;-1;-1,793;-1;-1,0.0,0.9901655861219159,0.9901655861219159,0,,0,251,1,,251,,
0,10,default_vehtype,route,False,-1000,51928.265303017804,53232.48412296735,51928.265303017804,0.0,2917;-1;-1,3759;-1;-1,11585.787342330013,0.7857259946673903,0.7845674159331577,0.0,,0,257,1,,,2917;3053;2714;104;3270;3271;101;2680;3059;3554;2139;1981;1446;2035;3273;3142;2138;2137;3968;542;3553;1841;2136;2135;699;3601;1482;2677;4074;2117;1828;3650;509;1766;1945;2829;2830;3918;3470;3469;83;2923;1348;3;2832;2562;2544;2543;4071;3760;3759,2917:51928.265303017804;3053:52090.03227314;2714:52153.004601736866;104:52223.47469072112;3270:52235.5129608369;3271:52261.76682083109;101:52406.63288941746;2680:52435.679636003006;3059:52438.14076892814;3554:52438.99164785314;2139:52443.35081813618;1981:52488.417896278486;1446:52512.80886853126;2035:52531.41228370635;3273:52537.515198002875;3142:52540.22457372169;2138:52542.670952455264;2137:52560.011413882334;3968:52587.92945352062;542:52588.439928341526;3553:52593.70348970817;1841:52641.75770307145;2136:52652.7189822079;2135:52659.49453146954;699:52666.47893851547;3601:52678.15008422633;1482:52691.796050844336;2677:52693.21358596968;4074:52727.25428635823;2117:52749.85007726255;1828:52783.853023093216;3650:52785.20706752223;509:52789.04722218117;1766:52797.975792509875;1945:52803.28667440244;2829:52810.04905837007;2830:52818.998684856015;3918:52837.62145750309;3470:52844.15236990548;3469:52852.78629342999;83:52859.42806655772;2923:52889.52058886243;1348:52891.62435357309;3:52892.25304503321;2832:52990.63308932742;2562:53017.89137281817;2544:53073.43952275941;2543:53122.70995251622;4071:53196.981005372785;3760:53204.72329941839;3759:53232.48412296735
0,10,default_vehtype,boarding,True,-1,53232.48412296735,53262.48412296735,53232.48412296735,0.0,3759;-1;-1,3759;-1;-1,0.0,0.7845674159331577,0.7845674159331577,0,,0,257,1,,257,,
0,10,default_vehtype,route,False,-1000,53262.48412296735,53454.47955566633,53262.48412296735,0.0,3759;-1;-1,3526;-1;-1,1444.6665001199995,0.7845674159331577,0.7844229492831458,0.0,,0,,0,,,3759;3760;4071;2543;2768;3725;2545;3726;3729;3730;2629;143;66;3656;2548;2541;3536;3537;866;3526,3759:53262.48412296735;3760:53281.23042038706;4071:53285.063491399975;2543:53287.389980956046;2768:53289.648139569144;3725:53296.62231817193;2545:53300.712030418676;3726:53301.348734583175;3729:53302.458781572095;3730:53305.703035194114;2629:53333.34059284092;143:53336.274445780684;66:53348.16558880142;3656:53360.99496662055;2548:53366.38226296019;2541:53369.10407225315;3536:53372.362695108546;3537:53377.1671783303;866:53445.80211646958;3526:53454.47955566633
0,10,default_vehtype,boarding,True,53160,53454.47955566633,53456.91042072754,53454.47955566633,0.0,3526;-1;-1,3526;-1;-1,0.0,0.7844229492831458,0.7844229492831458,0.0,,0,276,1,276,,,
0,7,default_vehtype,route,False,-1000,52920.0,53534.02690425212,52920.0,0.0,1587;-1;-1,1121;-1;-1,5189.012068707004,0.9598374718876388,0.9593185706807681,0.0,,0,,0,,,1587;2834;1588;3155;3557;3487;4076;2595;2762;2536;3122;23;24;13;107;84;1480;1481;2676;3780;2677;3102;3108;2678;1546;2038;2014;1119;1120;1121,1587:52920;2834:52927.04441909254;1588:52940.09924786814;3155:52946.015673825066;3557:52952.057710346395;3487:52953.49180779136;4076:52972.23418774287;2595:52980.76295633815;2762:53011.79350040295;2536:53016.93123081973;3122:53024.051248909105;23:53033.64418248563;24:53034.55846799817;13:53037.566579670034;107:53076.394621053274;84:53091.24224630402;1480:53113.669193837006;1481:53176.31074194787;2676:53224.38999841911;3780:53299.174084367485;2677:53356.8950895773;3102:53357.98168381174;3108:53389.849390601084;2678:53481.005274699295;1546:53486.35102704216;2038:53492.626742592525;2014:53506.143681846195;1119:53523.37660024336;1120:53530.21101683496;1121:53534.02690425212
0,7,default_vehtype,boarding,True,52920,53534.02690425212,53535.469494844016,53534.02690425212,0.0,1121;-1;-1,1121;-1;-1,0.0,0.9593185706807681,0.9593185706807681,0.0,,0,273,1,273,,,
0,6,default_vehtype,route,False,-1000,53520,53627.868925213756,53520,0,898;-1;-1,1586;-1;-1,195.63680162000003,0.9138735799559496,0.9138540162757872,0.0,,0,,0,,,898;1585;1586,898:53520;1585:53558.35106262669;1586:53627.868925213756
0,9,default_vehtype,route,False,-1000,52860.0,53725.92902277864,52860.0,0.0,1573;-1;-1,2054;-1;-1,4485.521037350998,0.5622729390973765,0.5618243869936405,0.0,,0,,0,,,1573;302;969;3869;2207;2387;3644;4026;2386;4027;3560;3561;3563;3562;328;3314;2716;2715;172;2596;429;430;431;432;433;434;248;2668;435;3664;436;437;2105;2106;1124;2054,1573:52860;302:52923.32234597529;969:52927.94721663172;3869:52932.68082156614;2207:52935.854158170696;2387:52940.99154003995;3644:52955.91105786852;4026:52965.74084329239;2386:52967.10800908061;4027:52968.77763696381;3560:52983.732316452675;3561:53046.145328142105;3563:53047.30061901946;3562:53052.45235447147;328:53055.90873990709;3314:53120.363967364436;2716:53133.65335275749;2715:53197.286751316606;172:53199.36168272209;2596:53268.53587778552;429:53285.000042540196;430:53330.374908849066;431:53345.707603666175;432:53358.24977001897;433:53403.04324242349;434:53432.59124042035;248:53505.33091183726;2668:53540.884688411985;435:53557.68700288753;3664:53565.33926405482;436:53580.70408686156;437:53596.68185490919;2105:53659.28509067238;2106:53680.69177703793;1124:53688.48909616361;2054:53725.92902277864
0,11,default_vehtype,route,False,-1000,53008.10399222412,53720.52066443633,53008.10399222412,0.0,525;-1;-1,3562;-1;-1,3972.0547550300007,0.5899176236438295,0.589520418168326,0.0,,0,271,1,,,525;526;527;228;229;230;231;232;233;234;235;4050;236;214;1518;265;3672;1517;3425;3426;3427;3115;3313;3665;3925;425;3474;426;3567;3314;328;3562,525:53008.10399222412;526:53018.96235477148;527:53042.79052491903;228:53047.783912394145;229:53078.0989462917;230:53115.48291392405;231:53195.78564532603;232:53196.919950452415;233:53205.196557585594;234:53209.088847904575;235:53223.69345947541;4050:53225.56593345254;236:53237.948097668064;214:53291.80491016317;1518:53334.37902348002;265:53340.40050203304;3672:53342.869882445826;1517:53431.53970092022;3425:53437.47079775165;3426:53443.02338248753;3427:53453.40067930777;3115:53475.000025958216;3313:53498.76339624483;3665:53503.252048579576;3925:53517.383959744104;425:53522.9284714739;3474:53569.3298338853;426:53611.792126708126;3567:53613.74019636961;3314:53615.56060893502;328:53718.80378717609;3562:53720.52066443633
0,6,default_vehtype,boarding,True,53520,53627.868925213756,53740.30053086844,53627.868925213756,0.0,1586;-1;-1,1586;-1;-1,0.0,0.9138540162757872,0.9138540162757872,0,,0,279,1,279,,,
0,11,default_vehtype,boarding,True,-1,53720.52066443633,53750.52066443633,53720.52066443633,0.0,3562;-1;-1,3562;-1;-1,0.0,0.589520418168326,0.589520418168326,0,,0,271,1,,271,,
0,8,default_vehtype,route,False,-1000,52559.02669936571,53775.73414241422,52559.02669936571,0.0,427;-1;-1,1587;-1;-1,7985.031050616996,0.9706144983617528,0.969815995256692,0.0,,0,270,1,,,427;3568;426;3474;425;3925;3476;3313;3115;338;2670;2671;2582;2638;2637;134;3351;3349;3111;2678;3108;3102;2677;3780;2676;1481;1480;84;107;105;3839;3840;24;23;3122;2536;2762;2595;4076;3487;3557;3155;1588;2834;1587,427:52559.02669936571;3568:52605.674383071135;426:52607.481083251674;3474:52648.082714225595;425:52668.54311631789;3925:52674.65267515988;3476:52681.45619924096;3313:52691.61607303621;3115:52736.27040769273;338:52742.047970859625;2670:52746.55274911582;2671:52770.02250759662;2582:52852.23225087874;2638:52899.85255148799;2637:52904.01257157011;134:52935.939505521994;3351:52979.2914018033;3349:52980.836630157035;3111:52983.93846369593;2678:53017.978770481255;3108:53113.67616312608;3102:53278.42178480147;2677:53279.74083598515;3780:53297.9107308345;2676:53393.07552274668;1481:53482.506356720805;1480:53530.359287248546;84:53557.50294918818;107:53559.59688993831;105:53561.53611205757;3839:53575.593132691705;3840:53589.07706404775;24:53603.15102484484;23:53604.68822762368;3122:53619.63044215067;2536:53638.76316995347;2762:53664.37094848417;2595:53680.31859645533;4076:53688.076687815235;3487:53710.72675924983;3557:53712.02948497137;3155:53718.14718990865;1588:53721.972599949055;2834:53762.53276439561;1587:53775.73414241422
0,2,default_vehtype,route,False,-1000,53040.0,53781.62151482052,53040.0,0.0,1564;-1;-1,380;-1;-1,7377.880545989997,0.9929159468558011,0.9921781588012017,0.0,,0,,0,,,1564;3373;3232;2764;3611;1383;2488;1962;2673;2767;65;2629;143;3622;3727;3726;2545;3725;2768;2543;2544;2562;2832;3;1348;2923;83;3469;3470;3918;2830;2829;1945;1766;509;3650;1828;2117;4074;2677;3102;3108;2678;1546;2038;2014;1119;2015;1004;3966;1812;1813;380,1564:53040;3373:53049.77454276305;3232:53053.48171715123;2764:53058.624975408966;3611:53076.92542430829;1383:53081.01923677936;2488:53084.77761654158;1962:53088.20965442679;2673:53106.70338213246;2767:53137.13735877286;65:53142.52459507094;2629:53153.40404175804;143:53156.337894697805;3622:53161.38915899845;3727:53166.04133424516;3726:53169.53519791942;2545:53170.898894376376;3725:53173.51964800307;2768:53177.47813218022;2543:53185.63972300553;2544:53212.90524505124;2562:53226.8988543301;2832:53296.22305499632;3:53348.82891535747;1348:53351.36192811781;2923:53353.50129285596;83:53365.95516849961;3469:53378.21936762171;3470:53382.26136259701;3918:53394.80434472349;2830:53400.02560241151;2829:53406.12009688548;1945:53420.07342868415;1766:53430.39125338193;509:53437.70064930426;3650:53441.85984114989;1828:53442.904979046674;2117:53450.53692937652;4074:53456.362321557484;2677:53490.00191694372;3102:53491.08851117816;3108:53526.10658298342;2678:53622.8037002606;1546:53627.11393851066;2038:53635.273043307076;2014:53664.59358686899;1119:53677.898505568555;2015:53689.23346710448;1004:53727.474696855854;3966:53754.07021706112;1812:53756.91443006035;1813:53768.982075409;380:53781.62151482052
0,2,default_vehtype,boarding,True,53040,53781.62151482052,53785.79509941579,53781.62151482052,0.0,380;-1;-1,380;-1;-1,0.0,0.9921781588012017,0.9921781588012017,0.0,,0,275,1,275,,,
0,8,default_vehtype,boarding,True,-1,53775.73414241422,53805.73414241422,53775.73414241422,0.0,1587;-1;-1,1587;-1;-1,0.0,0.969815995256692,0.969815995256692,0,,0,270,1,,270,,
0,7,default_vehtype,route,False,-1000,53535.469494844016,53937.83473653802,53535.469494844016,0.0,1121;-1;-1,2311;-1;-1,2551.6296712100007,0.9593185706807681,0.9590634077136474,0.0,,0,273,1,,,1121;1122;1813;3349;2583;2638;2582;335;336;2252;2347;2301;2311,1121:53535.469494844016;1122:53549.52874430614;1813:53613.17562742181;3349:53648.52552897765;2583:53695.32866112773;2638:53722.617245542264;2582:53785.68910805715;335:53787.09718753362;336:53827.517738770046;2252:53862.73585530614;2347:53880.54058137013;2301:53893.58487531926;2311:53937.83473653802
0,9,default_vehtype,boarding,True,52860,53725.92902277864,53957.68152611441,53725.92902277864,0.0,2054;-1;-1,2054;-1;-1,0.0,0.5618243869936405,0.5618243869936405,0,,0,272,1,272,,,
0,7,default_vehtype,boarding,True,-1,53937.83473653802,53967.83473653802,53937.83473653802,0.0,2311;-1;-1,2311;-1;-1,0.0,0.9590634077136474,0.9590634077136474,0,,0,273,1,,273,,
0,11,default_vehtype,route,False,-1000,53750.52066443633,54035.875839366476,53750.52066443633,0.0,3562;-1;-1,3484;-1;-1,1436.4050408800008,0.589520418168326,0.5893767776642383,0.0,,0,,0,,,3562;4026;2208;1880;2403;1888;3484,3562:53750.52066443633;4026:53791.19816378439;2208:53858.6399614122;1880:53919.018825800384;2403:54001.285649050296;1888:54007.63874277536;3484:54035.875839366476
0,11,default_vehtype,boarding,True,53400,54035.875839366476,54084.52061000682,54035.875839366476,0.0,3484;-1;-1,3484;-1;-1,0.0,0.5893767776642383,0.5893767776642383,0,,0,277,1,277,,,
0,5,default_vehtype,route,False,-1000,52753.23369364205,54097.90354959614,52753.23369364205,0.0,1673;-1;-1,1587;-1;-1,8929.771426447001,0.8410254342449561,0.8401324571023119,0.0,,0,269,1,,,1673;2312;429;2596;172;2715;2716;3314;3567;426;3474;425;3925;3476;3313;3115;338;2670;2671;2582;2638;2637;134;3351;3349;3111;2678;3108;3102;2677;3780;2676;1481;1480;84;107;105;3839;3840;24;23;3122;2536;2762;2595;4076;3487;3557;3155;1588;2834;1587,1673:52753.23369364205;2312:52801.870065919895;429:52830.305304838;2596:52854.77261131514;172:52867.25270721382;2715:52869.97042679686;2716:52893.69865711008;3314:52948.203664329085;3567:52949.35756277184;426:52950.74354833878;3474:52972.6995410221;425:52985.03018495503;3925:52994.203401382096;3476:53010.45070229912;3313:53026.515476396635;3115:53105.39520026953;338:53106.22307349765;2670:53109.589788299614;2671:53179.29299490055;2582:53286.58122786972;2638:53364.72963145307;2637:53369.141930690865;134:53402.72903580876;3351:53446.080932090066;3349:53447.626160443804;3111:53450.7279939827;2678:53484.768300768024;3108:53556.856555786566;3102:53688.298699686886;2677:53691.18732310655;3780:53702.1529081144;2676:53726.10383514333;1481:53772.31985695031;1480:53852.52869443047;84:53879.6723563701;107:53881.76629712023;105:53883.70551923949;3839:53897.76253987363;3840:53911.24647122967;24:53925.32043202676;23:53926.8576348056;3122:53941.799849332594;2536:53960.93257713539;2762:53986.54035566609;2595:54002.48800363725;4076:54010.24609499716;3487:54032.896166431754;3557:54034.19889215329;3155:54040.31659709057;1588:54044.14200713098;2834:54084.70217157753;1587:54097.90354959614
0,5,default_vehtype,boarding,True,-1,54097.90354959614,54127.90354959614,54097.90354959614,0.0,1587;-1;-1,1587;-1;-1,0.0,0.8401324571023119,0.8401324571023119,0,,0,269,1,,269,,
0,2,default_vehtype,route,False,-1000,53785.79509941579,54197.856066901135,53785.79509941579,0.0,380;-1;-1,1815;-1;-1,2751.448868440001,0.9921781588012017,0.9919030139143579,0.0,,0,275,1,,,380;1813;3349;2583;2638;2582;335;336;3974;337;338;2670;3666;1517;1815,380:53785.79509941579;1813:53800.265556429345;3349:53835.61545798518;2583:53882.41859013526;2638:53909.707174549796;2582:53972.77903706468;335:53974.18711654115;336:54014.60766777758;3974:54042.02070885506;337:54044.43140915003;338:54075.4728437493;2670:54076.91556034012;3666:54082.594071081636;1517:54136.19067413515;1815:54197.856066901135
0,2,default_vehtype,boarding,True,-1,54197.856066901135,54227.856066901135,54197.856066901135,0.0,1815;-1;-1,1815;-1;-1,0.0,0.9919030139143579,0.9919030139143579,0,,0,275,1,,275,,
0,7,default_vehtype,route,False,-1000,53967.83473653802,54237.4998442276,53967.83473653802,0.0,2311;-1;-1,2687;-1;-1,1672.8540010300007,0.9590634077136474,0.9588961223135447,0.0,,0,,0,,,2311;1263;2122;425;3925;3476;3313;3115;3666;3150;2675;3204;3203;424;423;2687,2311:53967.83473653802;1263:54001.51087985224;2122:54008.33059492383;425:54036.54137939606;3925:54048.33762233458;3476:54052.812097787224;3313:54065.472147552624;3115:54077.6291094118;3666:54079.2453041154;3150:54108.00604977389;2675:54147.603694896294;3204:54151.58783776156;3203:54152.64161460059;424:54178.846119307;423:54234.49249089112;2687:54237.4998442276
0,7,default_vehtype,boarding,True,53700,54237.4998442276,54242.194913773834,54237.4998442276,0.0,2687;-1;-1,2687;-1;-1,0.0,0.9588961223135447,0.9588961223135447,0,,0,280,1,280,,,
0,4,default_vehtype,route,False,-1000,52011.326063020555,54379.90592054639,52011.326063020555,0.0,2782;-1;-1,2348;-1;-1,14381.022062960008,0.993356242209318,0.9919181400030226,0.0,,0,268,2,,,2782;3950;3047;398;3952;2891;2887;2281;3135;3136;4065;3137;181;3407;2646;2654;2862;2857;3335;2635;2584;3269;3386;145;3177;3178;3873;172;2715;3054;3112;430;431;868;2289;1135;578;2429;2240;1242;2269;2404;852;1278;2405;2348,2782:52011.326063020555;3950:52042.01501425542;3047:52046.30436355486;398:52050.249121337365;3952:52057.40077660087;2891:52067.935941192314;2887:52080.38385031026;2281:52084.95439485343;3135:52087.72180821849;3136:52126.50008759977;4065:52139.92095281878;3137:52152.09591366797;181:52250.16982361244;3407:52371.865531116506;2646:52520.95223900088;2654:52698.88943517935;2862:52782.4696691566;2857:52900.517078968696;3335:52973.26097650693;2635:53180.4889782859;2584:53263.48507209296;3269:53414.53493846515;3386:53547.45683656759;145:53617.12189746013;3177:53641.709311256986;3178:53709.07150942778;3873:53757.40887077946;172:53770.5740202423;2715:53773.16267943086;3054:53798.93133371203;3112:53839.76419036734;430:53872.476599084956;431:53879.96075580617;868:53935.847128881156;2289:53979.15028051922;1135:54085.804961787704;578:54104.701128218185;2429:54181.52485257741;2240:54194.07459425039;1242:54202.88591186741;2269:54204.339042243235;2404:54231.43767986805;852:54290.577287374006;1278:54367.212000899424;2405:54376.20457781141;2348:54379.90592054639
0,4,default_vehtype,boarding,True,-1,54379.90592054639,54409.90592054639,54379.90592054639,0.0,2348;-1;-1,2348;-1;-1,0.0,0.9919181400030226,0.9919181400030226,0,,0,268,2,,268,,
0,2,default_vehtype,route,False,-1000,54227.856066901135,54427.65960413049,54227.856066901135,0.0,1815;-1;-1,2688;-1;-1,1186.3792183099997,0.9919030139143579,0.9917843759925274,0.0,,0,,0,,,1815;3670;2675;3204;3203;424;423;422;2688,1815:54227.856066901135;3670:54302.11730683726;2675:54307.795863153544;3204:54311.78000601881;3203:54312.83378285784;424:54339.03828756425;423:54394.68465914837;422:54424.48973983455;2688:54427.65960413049
0,2,default_vehtype,boarding,True,53940,54427.65960413049,54476.98107699459,54427.65960413049,0.0,2688;-1;-1,2688;-1;-1,0.0,0.9917843759925274,0.9917843759925274,0,,0,282,1,282,,,
0,1,default_vehtype,route,False,-1000,53460,54486.96294899609,53460,0,793;-1;-1,2508;-1;-1,4391.107062697,0.9901655861219159,0.989726475415647,0.0,,0,,0,,,793;792;2008;1502;459;3856;3855;787;795;723;1197;991;3972;3971;1611;3935;3807;2858;1610;3195;268;4068;420;4001;4004;3750;3749;3684;2866;421;422;2688;614;764;2300;2485;2508,793:53460;792:53488.799185815646;2008:53502.75705661605;1502:53520.13937548765;459:53554.81328456022;3856:53564.93157263138;3855:53571.64595867048;787:53589.93127552959;795:53600.21768208237;723:53611.53557711958;1197:53644.65541212749;991:53729.952215879006;3972:53732.45161460029;3971:53808.532665573184;1611:53809.1231676395;3935:53855.629915691134;3807:53919.07179964259;2858:53948.645241240534;1610:53988.88105866845;3195:53991.3694169813;268:54001.51625521552;4068:54133.479974251815;420:54134.226233794594;4001:54136.2555868953;4004:54137.72930751291;3750:54160.779512943365;3749:54178.035638272806;3684:54210.03500370082;2866:54211.62222086305;421:54214.96604612593;422:54374.52203183093;2688:54377.69189612687;614:54444.096169079516;764:54446.864804359364;2300:54458.99864415147;2485:54465.743200310484;2508:54486.96294899609
0,9,default_vehtype,route,False,-1000,53957.68152611441,54594.82590123524,53957.68152611441,0.0,2054;-1;-1,425;-1;-1,3686.28632535,0.5618243869936405,0.5614557583611054,0.0,,0,272,1,,,2054;1124;2106;2105;437;436;3664;435;2668;248;434;433;432;431;430;3112;3054;2596;172;2715;2716;428;427;3568;3314;3567;3315;3475;3474;425,2054:53957.68152611441;1124:53966.079691671875;2106:53968.48110503911;2105:53984.79573207616;437:54011.66390761155;436:54018.20778587576;3664:54030.8569334675;435:54047.476258846524;2668:54123.177256980045;248:54140.97180922977;434:54226.16232116649;433:54267.431074424494;432:54309.151390588835;431:54327.15550490759;430:54353.51641486689;3112:54364.78942950293;3054:54376.10625749777;2596:54378.41384010097;172:54400.17301980404;2715:54403.6163369191;2716:54457.38239332418;428:54458.13253805546;427:54477.83690951272;3568:54527.757080648415;3314:54529.59381149659;3567:54530.32670239961;3315:54547.47278381867;3475:54557.57433046272;3474:54559.63968292184;425:54594.82590123524
0,1,default_vehtype,boarding,True,53460,54486.96294899609,54617.65632598857,54486.96294899609,0.0,2508;-1;-1,2508;-1;-1,0.0,0.989726475415647,0.989726475415647,0,,0,278,1,278,,,
0,9,default_vehtype,boarding,True,-1,54594.82590123524,54624.82590123524,54594.82590123524,0.0,425;-1;-1,425;-1;-1,0.0,0.5614557583611054,0.5614557583611054,0,,0,272,1,,272,,
0,3,default_vehtype,route,False,-1000,54180,54678.733124756,54180,0,3515;-1;-1,3971;-1;-1,4070.7000594890005,0.9889907851493525,0.9885837151434037,0.0,,0,,0,,,3515;693;2998;3927;694;3933;3948;1080;1081;1850;1825;1826;2330;2331;2332;774;895;2048;2025;1189;1768;1566;1251;2333;1198;1872;2178;2824;3646;504;2697;2334;3967;3210;3207;3704;2335;476;1643;558;2336;2337;1611;3971,3515:54180;693:54203.34827036348;2998:54204.90780315418;3927:54208.531839860785;694:54227.673239607306;3933:54250.8994870327;3948:54256.82561723634;1080:54263.567880152325;1081:54278.90834182484;1850:54288.66641649135;1825:54294.923123391265;1826:54304.54134771306;2330:54308.91896865143;2331:54324.655790002835;2332:54337.98807383617;774:54344.72758403117;895:54350.90518296005;2048:54358.529038260596;2025:54367.786467780956;1189:54373.98461034116;1768:54381.13648760812;1566:54382.74466515322;1251:54386.46251638276;2333:54428.0367864062;1198:54446.124579366005;1872:54450.882047527986;2178:54456.6725933093;2824:54470.26710364759;3646:54474.45478451725;504:54479.70043715563;2697:54490.5017165564;2334:54492.92884702374;3967:54500.61821423566;3210:54503.7176071977;3207:54508.1992724058;3704:54509.02735110438;2335:54522.71977587988;476:54542.353768659086;1643:54546.25123526614;558:54553.48399348485;2336:54601.604663889986;2337:54643.4711838888;1611:54677.55053770542;3971:54678.733124756
0,3,default_vehtype,boarding,True,54180,54678.733124756,54788.19194381669,54678.733124756,0.0,3971;-1;-1,3971;-1;-1,0.0,0.9885837151434037,0.9885837151434037,0,,0,284,1,284,,,
0,9,default_vehtype,route,False,-1000,54624.82590123524,54838.91445796341,54624.82590123524,0.0,425;-1;-1,2308;-1;-1,1044.97927568,0.5614557583611054,0.5613512604335373,0.0,,0,,0,,,425;2122;1263;1186;1187;2308,425:54624.82590123524;2122:54651.53515811109;1263:54655.26947926571;1186:54694.020163511974;1187:54777.563835966626;2308:54838.91445796341
0,6,default_vehtype,route,False,-1000,53740.30053086844,54863.552710776086,53740.30053086844,0.0,1586;-1;-1,429;-1;-1,8994.127975545993,0.9138540162757872,0.9129546034782315,0.0,,0,279,1,,,1586;1585;898;1584;3406;3317;3033;3432;3026;2587;3028;4;2573;2618;3455;2534;3331;2580;0;3057;56;71;3272;1;2596;429,1586:53740.30053086844;1585:53747.747563436555;898:53752.27449578545;1584:53766.51650875632;3406:53767.28341773109;3317:53767.77225502851;3033:53773.08233121901;3432:53779.78552633994;3026:53805.019625657296;2587:53819.07452493663;3028:53826.139096023406;4:53884.45700864575;2573:53892.06881053314;2618:53927.693130538784;3455:53994.64134321905;2534:54002.516127355564;3331:54066.264243934536;2580:54462.05748534665;0:54570.88418163118;3057:54626.561831729996;56:54660.992397271366;71:54701.279245010104;3272:54766.480311476116;1:54810.59535528539;2596:54836.84589376224;429:54863.552710776086
0,9,default_vehtype,boarding,True,54060,54838.91445796341,54867.61620310828,54838.91445796341,0.0,2308;-1;-1,2308;-1;-1,0.0,0.5613512604335373,0.5613512604335373,0.0,,0,283,1,283,,,
0,4,default_vehtype,route,False,-1000,54480,54875.69901484208,54480,0,2348;-1;-1,328;-1;-1,2358.49723025,0.9919181400030226,0.991682290279998,0.0,,0,,0,,,2348;2405;1278;852;2404;1469;2403;1880;2208;4026;3562;328,2348:54480;2405:54553.52235155034;1278:54561.59111823349;852:54578.8700857232;2404:54610.92537649153;1469:54669.107755882826;2403:54710.83889658194;1880:54722.330097205384;2208:54775.39466590927;4026:54803.358361358456;3562:54874.09115938983;328:54875.69901484208
0,6,default_vehtype,boarding,True,-1,54863.552710776086,54893.552710776086,54863.552710776086,0.0,429;-1;-1,429;-1;-1,0.0,0.9129546034782315,0.9129546034782315,0,,0,279,1,,279,,
0,4,default_vehtype,boarding,True,54480,54875.69901484208,54948.64136234567,54875.69901484208,0.0,328;-1;-1,328;-1;-1,0.0,0.991682290279998,0.991682290279998,0,,0,288,1,288,,,
0,10,default_vehtype,route,False,-1000,53456.91042072754,54958.04451997091,53456.91042072754,0.0,3526;-1;-1,3562;-1;-1,7536.451546267008,0.7844229492831458,0.7836693041285188,0.0,,0,276,1,,,3526;2823;3226;67;3224;3582;2559;2560;3218;3216;2556;2557;3214;3215;2658;3692;722;3929;3690;723;1197;991;3972;3971;1611;3935;3807;2858;1610;3195;268;4068;420;4001;4004;3750;3749;3684;2866;421;422;2688;2687;423;424;3203;3204;3926;3150;3666;3115;3313;3665;3925;425;3474;426;3567;3314;328;3562,3526:53456.91042072754;2823:53463.27303729847;3226:53472.837013967146;67:53491.57176726027;3224:53496.29864923753;3582:53513.053400960394;2559:53514.31574866808;2560:53515.58356243236;3218:53533.48226150691;3216:53645.98426305555;2556:53651.616313448954;2557:53654.67754773861;3214:53677.08078237702;3215:53682.50259850239;2658:53685.72539967702;3692:53694.68977819722;722:53696.75949706702;3929:53698.92109103516;3690:53798.9692974873;723:53811.44063476365;1197:53844.56046977155;991:53929.85727352307;3972:53932.35667224436;3971:54008.43772321725;1611:54009.02822528356;3935:54055.5349733352;3807:54118.97685728665;2858:54149.56271173863;1610:54201.40790385013;3195:54203.48219284711;268:54248.812795111815;4068:54292.68593099766;420:54293.432190540436;4001:54295.46154364114;4004:54296.935264258755;3750:54319.98546968921;3749:54337.24159501865;3684:54369.24096044666;2866:54370.82817760889;421:54374.17200287177;422:54533.72798857677;2688:54536.89785287271;2687:54573.45732970669;423:54578.34409937158;424:54627.342612904235;3203:54635.77211042571;3204:54637.67095084964;3926:54674.86511872086;3150:54677.826890043856;3666:54704.70208220154;3115:54706.00051106738;3313:54847.49688123354;3665:54849.174593491975;3925:54865.61529538447;425:54875.12903155978;3474:54887.02108979247;426:54909.03329586435;3567:54910.25670047293;3314:54913.3119931708;328:54955.49609397223;3562:54958.04451997091
0,10,default_vehtype,boarding,True,-1,54958.04451997091,54988.04451997091,54958.04451997091,0.0,3562;-1;-1,3562;-1;-1,0.0,0.7836693041285188,0.7836693041285188,0,,0,276,1,,276,,
0,10,default_vehtype,route,False,-1000,54988.04451997091,55255.95346169744,54988.04451997091,0.0,3562;-1;-1,1468;-1;-1,1733.7413588389995,0.7836693041285188,0.7834959299926348,0.0,,0,,0,,,3562;3563;3565;3566;3567;3314;3568;427;428;3771;172;2596;3054;3112;430;867;1468,3562:54988.04451997091;3563:54989.21454879898;3565:54990.895754344434;3566:54992.471085349025;3567:55029.21971883135;3314:55032.27501152922;3568:55033.87871954403;427:55072.168589353256;428:55129.244738946625;3771:55169.00286119072;172:55172.28558207273;2596:55191.057377729056;3054:55194.27596331451;3112:55218.22011933128;430:55229.23125636417;867:55241.424559416475;1468:55255.95346169744
0,10,default_vehtype,boarding,True,54360,55255.95346169744,55260.57743492363,55255.95346169744,0.0,1468;-1;-1,1468;-1;-1,0.0,0.7834959299926348,0.7834959299926348,0,,0,286,1,286,,,
0,9,default_vehtype,route,False,-1000,54867.61620310828,55328.08505325902,54867.61620310828,0.0,2308;-1;-1,1573;-1;-1,2043.32387591,0.5613512604335373,0.5611469280459475,0.0,,0,283,1,,,2308;1187;1188;1405;3682;3987;3645;426;3567;3314;328;3562;4026;3644;2387;2207;3869;969;302;1573,2308:54867.61620310828;1187:54968.73878172415;1188:55041.18797863169;1405:55058.71739906873;3682:55070.816729984144;3987:55073.652525629375;3645:55078.500062989704;426:55092.35793743182;3567:55093.5813420404;3314:55096.63663473827;328:55138.8207355397;3562:55141.36916153838;4026:55228.411948980814;3644:55235.10459500049;2387:55250.449546702665;2207:55260.822246115036;3869:55265.42515323855;969:55278.322626906134;302:55288.00866214029;1573:55328.08505325902
0,6,default_vehtype,route,False,-1000,54893.552710776086,55340.387603443196,54893.552710776086,0.0,429;-1;-1,1971;-1;-1,2525.75555765,0.9129546034782315,0.9127020279224657,0.0,,0,,0,,,429;3112;430;431;432;433;434;248;2668;2749;1294;1295;1296;1297;1971,429:54893.552710776086;3112:54899.51408311568;430:54910.52522014857;431:54938.014336776396;432:54959.55736493843;433:55043.99247617058;434:55058.99299888852;248:55080.35728094012;2668:55098.01215084551;2749:55142.83187234761;1294:55176.2940610409;1295:55280.213808642184;1296:55302.333988158796;1297:55323.31109055196;1971:55340.387603443196
0,9,default_vehtype,boarding,True,-1,55328.08505325902,55358.08505325902,55328.08505325902,0.0,1573;-1;-1,1573;-1;-1,0.0,0.5611469280459475,0.5611469280459475,0,,0,283,1,,283,,
0,6,default_vehtype,boarding,True,54360,55340.387603443196,55432.199619334424,55340.387603443196,0.0,1971;-1;-1,1971;-1;-1,0.0,0.9127020279224657,0.9127020279224657,0,,0,285,1,285,,,
0,4,default_vehtype,route,False,-1000,54948.64136234567,55547.4184320586,54948.64136234567,0.0,328;-1;-1,3174;-1;-1,3624.945176412999,0.991682290279998,0.9913197957623563,0.0,,0,288,1,,,328;3562;3563;3561;3564;327;326;830;995;996;997;2305;1889;1890;3593;2306;212;213;3419;3418;3790;3417;3416;1280;844;3715;483;1520;1015;2916;3462;3412;3169;3170;3171;3172;3174,328:54948.64136234567;3562:54951.189788344345;3563:54952.359817172415;3561:54953.15168038256;3564:54957.2445794471;327:54999.163997655574;326:55002.59043757807;830:55018.06861512295;995:55041.33345673449;996:55072.330489360094;997:55093.01829210417;2305:55097.77039567176;1889:55114.07846156532;1890:55127.918021863145;3593:55136.06104496938;2306:55138.32213596033;212:55182.405744236654;213:55210.15483070094;3419:55228.60484316273;3418:55252.18391572332;3790:55259.430493228465;3417:55282.52912869844;3416:55328.56168733343;1280:55330.481753872315;844:55382.87652529932;3715:55397.361213896394;483:55401.5030143107;1520:55422.32528393482;1015:55452.055569926364;2916:55488.29212589093;3462:55496.01176544152;3412:55501.076191383596;3169:55513.483030258845;3170:55514.14521510274;3171:55521.79236742324;3172:55534.33709009785;3174:55547.4184320586
0,5,default_vehtype,route,False,-1000,54480.0,55548.59432002518,54480.0,0.0,1587;-1;-1,3562;-1;-1,8102.141830846006,0.8401324571023119,0.8393222429192272,0.0,,0,,0,,,1587;2834;1588;1450;3155;3557;3487;4076;2595;2762;2536;3122;23;24;13;107;84;1480;1481;2676;3780;2677;3102;2669;1483;387;2678;3111;3349;2583;134;2637;2638;2582;2671;2670;338;3665;3925;425;3474;3475;3315;3567;3566;3565;3563;3562,1587:54480;2834:54483.33892711519;1588:54511.34000902176;1450:54517.74689969286;3155:54519.97605385744;3557:54525.495518777025;3487:54526.535577806004;4076:54566.73428837064;2595:54579.07498682518;2762:54588.85637252131;2536:54601.22927372639;3122:54649.021404077444;23:54676.852027513865;24:54680.15589652901;13:54682.85420446222;107:54712.78969258833;84:54724.99327623427;1480:54775.31775412591;1481:54789.47688475354;2676:54808.27264369819;3780:54842.64145848798;2677:54866.57610784811;3102:54868.954222692206;2669:54870.03347195892;1483:54982.35609945593;387:55041.323320141186;2678:55042.99214561979;3111:55093.458576410376;3349:55096.532015018944;2583:55148.196001446835;134:55151.58280775154;2637:55193.46254269672;2638:55197.75534557026;2582:55257.74204170471;2671:55287.30460555907;2670:55314.53368021029;338:55318.29932721634;3665:55387.45406519369;3925:55394.24543436874;425:55400.22099675345;3474:55433.12842890614;3475:55434.75272436818;3315:55443.40213750572;3567:55457.14394181853;3566:55543.97621642151;3565:55544.77061442785;3563:55547.33733097485;3562:55548.59432002518
0,4,default_vehtype,boarding,True,-1,55547.4184320586,55577.4184320586,55547.4184320586,0.0,3174;-1;-1,3174;-1;-1,0.0,0.9913197957623563,0.9913197957623563,0,,0,288,1,,288,,
0,5,default_vehtype,boarding,True,54480,55548.59432002518,55590.69760639674,55548.59432002518,0.0,3562;-1;-1,3562;-1;-1,0.0,0.8393222429192272,0.8393222429192272,0,,0,289,1,289,,,
0,3,default_vehtype,route,False,-1000,54788.19194381669,55608.732081868395,54788.19194381669,0.0,3971;-1;-1,1281;-1;-1,5370.110403113004,0.9885837151434037,0.9880467041030921,0.0,,0,284,1,,,3971;3935;3807;2858;1610;3195;268;4068;420;4001;4004;3750;3749;3684;2866;421;422;423;424;3203;3204;3926;3150;3666;3115;3427;3426;3425;1517;3672;265;3424;3422;3420;3419;3418;3790;3417;3416;1281,3971:54788.19194381669;3935:54817.08201621709;3807:54842.39727739684;2858:54859.60305135461;1610:54898.66952463831;3195:54899.527186109466;268:54926.6468673813;4068:54948.267503495124;420:54950.87878472863;4001:54952.29135932733;4004:54955.544375920304;3750:54965.2666120195;3749:54978.54847468421;3684:54987.28856473435;2866:54990.854237513246;421:54992.37960882416;422:55031.488010665016;423:55094.37558221255;424:55120.782831399025;3203:55130.49938691968;3204:55132.07684183488;3926:55168.76338127627;3150:55175.989263455944;3666:55226.737154348884;3115:55228.08043328322;3427:55248.68992345131;3426:55256.64855037719;3425:55278.2888711915;1517:55283.54127246277;3672:55328.82950463624;265:55337.99528130312;3424:55341.30217341666;3422:55345.85835521863;3420:55367.169019468674;3419:55407.4667170019;3418:55467.784869850744;3790:55488.2284397407;3417:55519.94646059725;3416:55559.346782086446;1281:55608.732081868395
0,3,default_vehtype,boarding,True,-1,55608.732081868395,55638.732081868395,55608.732081868395,0.0,1281;-1;-1,1281;-1;-1,0.0,0.9880467041030921,0.9880467041030921,0,,0,284,1,,284,,
0,9,default_vehtype,route,False,-1000,55358.08505325902,55773.863841722465,55358.08505325902,0.0,1573;-1;-1,2146;-1;-1,1628.3963673399994,0.5611469280459475,0.560984088409213,0.0,,0,,0,,,1573;257;1344;2388;1750;3676;1915;2776;531;730;2338;2389;254;3654;1897;3932;1403;1912;2147;2146,1573:55358.08505325902;257:55373.619661345896;1344:55393.373347706874;2388:55401.81059908702;1750:55499.19061321971;3676:55509.755035744885;1915:55514.501266415835;2776:55526.490695524226;531:55535.844220231105;730:55553.13999637486;2338:55611.938194618226;2389:55621.377048117705;254:55631.74766073449;3654:55641.92985613234;1897:55643.43637369457;3932:55647.220453884096;1403:55653.53927596969;1912:55666.47551197872;2147:55691.61964802738;2146:55773.863841722465
0,7,default_vehtype,route,False,-1000,54242.194913773834,55819.64613855529,54242.194913773834,0.0,2687;-1;-1,3299;-1;-1,13109.12422104,0.9588961223135447,0.957585209891441,0.0,,0,280,1,,,2687;423;424;3203;3204;2675;3150;3926;2670;338;3665;3925;425;3474;3475;3315;3567;426;3568;427;428;3771;172;2596;1;3272;71;56;3057;0;2580;3331;2534;3455;2618;2573;4;5;92;158;3264;3327;3321;3319;3325;2129;2225;2120;3298;3300;3299,2687:54242.194913773834;423:54247.08168343872;424:54296.08019697138;3203:54304.50969449285;3204:54306.40853491679;2675:54311.24511963359;3150:54333.791764559064;3926:54338.784868336406;2670:54355.27768555101;338:54358.68086547175;3665:54404.08099539029;3925:54415.9075400478;425:54436.304837595206;3474:54461.819921213886;3475:54465.33023578858;3315:54490.27442652841;3567:54495.25746725687;426:54497.537697060856;3568:54498.306202780615;427:54532.71671709701;428:54552.90560341649;3771:54571.455278226334;172:54578.55762977084;2596:54592.926683509184;1:54652.4996354845;3272:54683.13073679965;71:54739.77561601481;56:54794.18027684527;3057:54860.55647839232;0:54944.020011603374;2580:55042.533706456954;3331:55312.54757839179;2534:55347.77180066699;3455:55350.2876203566;2618:55408.74096393202;2573:55445.11747788341;4:55453.92184927151;5:55517.31757377356;92:55651.39361662279;158:55698.04674397435;3264:55702.24169583196;3327:55705.54561436295;3321:55714.51002126739;3319:55716.52152066266;3325:55723.53193757033;2129:55737.4463297038;2225:55765.704905651306;2120:55792.44374558835;3298:55806.13824354675;3300:55817.41976405623;3299:55819.64613855529
0,9,default_vehtype,boarding,True,55200,55773.863841722465,55832.489065280926,55773.863841722465,0.0,2146;-1;-1,2146;-1;-1,0.0,0.560984088409213,0.560984088409213,0,,0,295,1,295,,,
0,7,default_vehtype,boarding,True,-1,55819.64613855529,55849.64613855529,55819.64613855529,0.0,3299;-1;-1,3299;-1;-1,0.0,0.957585209891441,0.957585209891441,0,,0,280,1,,280,,
0,8,default_vehtype,route,False,-1000,54720,55895.91415002562,54720,0,1587;-1;-1,427;-1;-1,8116.239896136999,0.969815995256692,0.9690043712670777,0.0,,0,,0,,,1587;2834;1588;3155;3557;3487;4076;2595;2762;2536;3122;23;24;3840;3839;105;107;106;84;1480;1481;2676;3780;2677;1482;2669;1483;387;2678;3111;334;3351;134;2583;2638;2637;3110;335;2582;2671;2670;338;3665;3925;425;3474;426;3568;427,1587:54720;2834:54726.364155554555;1588:54753.024056948336;3155:54759.42694814618;3557:54764.31704517012;3487:54765.34190615183;4076:54789.63247471078;2595:54794.895789936236;2762:54820.99758597408;2536:54831.20564753503;3122:54840.842865802;23:54863.14617780033;24:54863.47937961929;3840:54908.37245933284;3839:54922.41318781215;105:54927.41402264653;107:54928.46000660656;106:54938.28816679437;84:54954.1923067702;1480:55004.516784661835;1481:55018.67591528947;2676:55037.47167423412;3780:55071.84048902391;2677:55095.77513838404;1482:55096.19445384316;2669:55098.791867495245;1483:55211.11449499225;387:55270.08171567751;2678:55271.750541156114;3111:55326.705963818065;334:55331.815185107866;3351:55334.59767532428;134:55393.10562295967;2583:55395.88300961114;2638:55425.151828363276;2637:55429.3827673604;3110:55455.00024623807;335:55482.148034200196;2582:55489.87279048859;2671:55602.82570553111;2670:55670.5221836851;338:55672.026595314106;3665:55742.21439270878;3925:55749.00576188383;425:55754.98132426854;3474:55787.88875642123;426:55838.02782174846;3568:55838.99982294799;427:55895.91415002562
0,7,default_vehtype,boarding,True,55860,55860,55913.7066037546,55860,0,3299;-1;-1,3299;-1;-1,0.0,0.957585209891441,0.957585209891441,0,,0,303,1,303,,,
0,2,default_vehtype,route,False,-1000,54476.98107699459,55994.74428499998,54476.98107699459,0.0,2688;-1;-1,2816;-1;-1,12421.349433518004,0.9917843759925274,0.9905422410491742,0.0,,0,282,1,,,2688;2906;2867;3684;2866;3446;3805;4003;420;4001;2632;4067;2633;268;3119;2863;3995;2864;3450;173;2862;2654;2646;2995;3506;3000;3961;3814;3815;3510;2997;2682;3516;3928;2998;3752;3286;2999;98;643;3158;2947;2853;644;645;3294;646;2528;3274;647;3293;648;1693;1692;1691;1050;1690;1689;1688;1687;112;1686;1421;510;1685;1684;1676;881;1683;1959;2091;563;2793;2795;2794;2791;2788;3453;2958;1447;2787;2785;30;492;2816,2688:54476.98107699459;2906:54539.81222582154;2867:54554.28456318136;3684:54555.154253492256;2866:54556.74147065449;3446:54568.53679801528;3805:54584.44519418759;4003:54595.55803966092;420:54597.308330653286;4001:54599.33768375399;2632:54602.59949576089;4067:54604.58725253481;2633:54629.82521987755;268:54631.97109958255;3119:54658.24762563378;2863:54660.408759400154;3995:54698.846141160764;2864:54702.67406329839;3450:54704.92761453938;173:54728.1900093708;2862:54768.22015777364;2654:54893.02599503616;2646:55088.46859312207;2995:55184.39434670568;3506:55242.77530557941;3000:55251.049354994546;3961:55295.94928313234;3814:55314.55942791774;3815:55321.079091593834;3510:55334.246523933965;2997:55341.6810559897;2682:55344.1930918551;3516:55346.27600865381;3928:55382.12290168666;2998:55390.465219140664;3752:55458.17820829549;3286:55471.969251872586;2999:55476.05184326857;98:55477.76434809254;643:55479.44230600457;3158:55480.663478405;2947:55483.1067849354;2853:55495.0515468996;644:55505.091587015486;645:55509.192737210244;3294:55521.758102591586;646:55527.234664282034;2528:55531.17365499877;3274:55546.6568325733;647:55550.97021343194;3293:55552.173550216525;648:55613.9532628143;1693:55617.700027696366;1692:55640.67612541269;1691:55645.55360447465;1050:55651.09701820776;1690:55655.30967174496;1689:55659.69271252883;1688:55666.91996687503;1687:55668.51453297298;112:55673.10184887431;1686:55683.42845260344;1421:55686.53486773381;510:55692.47458552315;1685:55700.74498364489;1684:55713.87840080005;1676:55734.51538711564;881:55823.935454698185;1683:55842.16111793453;1959:55847.540596399675;2091:55858.348939562835;563:55867.09241155133;2793:55874.74602187905;2795:55875.59842549881;2794:55884.40804636947;2791:55914.33344179944;2788:55918.38546928673;3453:55924.097706376466;2958:55927.46617095835;1447:55933.631237852685;2787:55937.487202507225;2785:55959.238149053584;30:55983.61075106408;492:55991.499019502706;2816:55994.74428499998
0,2,default_vehtype,boarding,True,-1,55994.74428499998,56024.74428499998,55994.74428499998,0.0,2816;-1;-1,2816;-1;-1,0.0,0.9905422410491742,0.9905422410491742,0,,0,282,1,,282,,
0,8,default_vehtype,boarding,True,54720,55895.91415002562,56050.69109839288,55895.91415002562,0.0,427;-1;-1,427;-1;-1,0.0,0.9690043712670777,0.9690043712670777,0,,0,290,1,290,,,
0,4,default_vehtype,route,False,-1000,55577.4184320586,56151.36081649144,55577.4184320586,0.0,3174;-1;-1,2906;-1;-1,4457.817240879998,0.9913197957623563,0.9908740140382687,0.0,,0,,0,,,3174;3172;3171;3170;3169;3412;3413;3414;3415;3715;483;482;481;1158;1772;1870;2196;2195;2067;1350;230;2194;1310;1309;1308;1307;2436;1498;1497;2350;1499;465;1859;957;2906,3174:55577.4184320586;3172:55600.823273773596;3171:55608.19305191946;3170:55628.72586604822;3169:55637.69740530666;3412:55649.711072123144;3413:55669.52049768348;3414:55685.69307817198;3415:55712.23518431632;3715:55713.960011005125;483:55718.10181141943;482:55771.86150582511;481:55797.73457755592;1158:55801.970159019125;1772:55825.640344100575;1870:55828.586928134355;2196:55835.22856505281;2195:55842.02175642835;2067:55851.42377348216;1350:55859.77222229211;230:55883.105008697574;2194:55894.76692895287;1310:55910.61033708213;1309:55919.137341970934;1308:55921.34872292106;1307:55942.925671929814;2436:55976.82759009868;1498:55987.20104824046;1497:56000.264663629285;2350:56024.954015025985;1499:56030.31395170242;465:56038.067760822036;1859:56041.724125903376;957:56083.27686583407;2906:56151.36081649144
0,5,default_vehtype,route,False,-1000,55590.69760639674,56173.42880223445,55590.69760639674,0.0,3562;-1;-1,1503;-1;-1,3731.5096992100002,0.8393222429192272,0.838949091949306,0.0,,0,289,1,,,3562;328;3314;3567;3315;3475;3477;3476;3313;3665;2347;2252;3762;1492;335;3110;2637;134;3351;334;988;989;1505;1503,3562:55590.69760639674;328:55592.35598551556;3314:55648.705225730606;3567:55649.71401986602;3315:55658.911292735465;3475:55667.05477002054;3477:55690.27176854941;3476:55703.05300864779;3313:55712.59005186893;3665:55716.526098798;2347:55758.94260942495;2252:55774.5017295914;3762:55780.99891155922;1492:55797.336209637804;335:55829.48940608364;3110:55872.04847529256;2637:55910.31069250694;134:55926.860374464486;3351:55943.53509848927;334:55945.116229212435;988:56058.21583055159;989:56078.30531541962;1505:56148.075158567015;1503:56173.42880223445
0,3,default_vehtype,route,False,-1000,55638.732081868395,56202.639553506786,55638.732081868395,0.0,1281;-1;-1,427;-1;-1,4001.108548369998,0.9880467041030921,0.9876465932482545,0.0,,0,,0,,,1281;3416;1280;844;3715;483;1520;1015;3414;2917;3053;2715;172;3771;428;427,1281:55638.732081868395;3416:55725.72794049623;1280:55727.64800703512;844:55780.04277846212;3715:55794.5274670592;483:55798.6692674735;1520:55819.49153709762;1015:55849.22182308917;3414:55852.62487418896;2917:55893.61942907038;3053:56070.245344075076;2715:56112.16340815105;172:56116.711243550286;3771:56131.407739533526;428:56181.70354942064;427:56202.639553506786
0,3,default_vehtype,boarding,True,55440,56202.639553506786,56207.402645217466,56202.639553506786,0.0,427;-1;-1,427;-1;-1,0.0,0.9876465932482545,0.9876465932482545,0.0,,0,297,1,297,,,
0,5,default_vehtype,boarding,True,-1,56173.42880223445,56203.42880223445,56173.42880223445,0.0,1503;-1;-1,1503;-1;-1,0.0,0.838949091949306,0.838949091949306,0.0,,0,289,1,,289,,
0,8,default_vehtype,route,False,-1000,56050.69109839288,56206.81070263447,56050.69109839288,0.0,427;-1;-1,2311;-1;-1,1005.3380882999999,0.9690043712670777,0.9689038374582477,0.0,,0,290,1,,,427;3568;426;3474;3475;3477;425;2122;1263;2311,427:56050.69109839288;3568:56088.41418558162;426:56090.27312312898;3474:56110.54500293414;3475:56113.99225233906;3477:56136.62491954482;425:56138.45689328685;2122:56162.33885380157;1263:56180.59667685635;2311:56206.81070263447
0,4,default_vehtype,boarding,True,55440,56151.36081649144,56210.524603296784,56151.36081649144,0.0,2906;-1;-1,2906;-1;-1,0.0,0.9908740140382687,0.9908740140382687,0,,0,298,1,298,,,
0,8,default_vehtype,boarding,True,-1,56206.81070263447,56236.81070263447,56206.81070263447,0.0,2311;-1;-1,2311;-1;-1,0.0,0.9689038374582477,0.9689038374582477,0,,0,290,1,,290,,
0,10,default_vehtype,route,False,-1000,55260.57743492363,56303.44534429521,55260.57743492363,0.0,1468;-1;-1,225;-1;-1,6774.094718580001,0.7834959299926348,0.7828185205207766,0.0,,0,286,1,,,1468;2289;868;867;430;3112;3054;2596;172;2715;3053;2917;3414;1015;1520;1734;1387;1774;1896;3773;3774;3775;1068;1067;1066;252;1065;1064;3191;1063;226;4023;225,1468:55260.57743492363;2289:55267.43615757507;868:55281.90993329803;867:55293.888969582185;430:55382.799821123146;3112:55409.82870271514;3054:55421.210795047744;2596:55424.06150037962;172:55439.36729283629;2715:55443.666339547904;3053:55538.124498727746;2917:55816.161744139485;3414:55854.51087004462;1015:55862.10065292701;1520:55868.58104792082;1734:55901.86397245819;1387:55924.10494198107;1774:55932.178685057785;1896:56012.206538224455;3773:56019.005407535435;3774:56068.49913824751;3775:56083.60366324441;1068:56136.63624037599;1067:56159.296420924176;1066:56168.977561466934;252:56184.21358852213;1065:56201.82678010362;1064:56224.63640009749;3191:56232.4250464292;1063:56240.353569302635;226:56262.59448098233;4023:56267.68534752471;225:56303.44534429521
0,10,default_vehtype,boarding,True,-1,56303.44534429521,56333.44534429521,56303.44534429521,0.0,225;-1;-1,225;-1;-1,0.0,0.7828185205207766,0.7828185205207766,0,,0,286,1,,286,,
0,6,default_vehtype,route,False,-1000,55432.199619334424,56384.5983204896,55432.199619334424,0.0,1971;-1;-1,3790;-1;-1,5681.578845119995,0.9127020279224657,0.9121338700379542,0.0,,0,285,1,,,1971;1297;1296;1338;2013;246;247;248;434;433;432;431;430;3112;3054;2715;2716;3314;3567;3315;3475;3477;3476;3313;3665;338;3115;3666;1517;3672;265;1518;214;3791;3418;3790,1971:55432.199619334424;1297:55450.43009790597;1296:55464.37273302843;1338:55475.558881072866;2013:55497.1765712249;246:55519.57878888255;247:55529.82754888667;248:55570.042254142194;434:55637.469333490524;433:55684.90189417514;432:55714.947810266225;431:55734.77617850992;430:55746.5887192374;3112:55773.61760082939;3054:55784.999693162;2715:55795.260724343876;2716:55836.07335110412;3314:55893.11437000888;3567:55894.123164144294;3315:55903.32043701374;3475:55911.463914298816;3477:55934.31141988025;3476:55940.764712533;3313:55984.443803106326;3665:55987.520362909534;338:56019.91130459455;3115:56022.27879492435;3666:56026.056299001924;1517:56149.55821805185;3672:56202.148916576036;265:56204.10118809533;1518:56214.65627592687;214:56339.01075839268;3791:56363.35702543844;3418:56367.2598325872;3790:56384.5983204896
0,6,default_vehtype,boarding,True,-1,56384.5983204896,56414.5983204896,56384.5983204896,0.0,3790;-1;-1,3790;-1;-1,0.0,0.9121338700379542,0.9121338700379542,0,,0,285,1,,285,,
0,4,default_vehtype,route,False,-1000,56210.524603296784,56433.95967284828,56210.524603296784,0.0,2906;-1;-1,3477;-1;-1,1988.0909316299997,0.9908740140382687,0.9906752049451056,0.0,,0,298,1,,,2906;2688;2687;423;424;3203;3204;2675;3150;3666;3115;3313;3476;3477,2906:56210.524603296784;2688:56258.85977357598;2687:56300.163053601624;423:56305.568748993544;424:56340.37186373568;3203:56361.33197533976;3204:56361.77201596546;2675:56363.943143945864;3150:56386.93583909918;3666:56393.693989863634;3115:56394.88078094887;3313:56415.51680950987;3476:56427.224368878735;3477:56433.95967284828
0,6,default_vehtype,route,False,-1000,56414.5983204896,56448.763574352044,56414.5983204896,0.0,3790;-1;-1,674;-1;-1,306.2071168,0.9121338700379542,0.9121032493262742,0.0,,0,,0,,,3790;3417;674,3790:56414.5983204896;3417:56432.876283923564;674:56448.763574352044
0,4,default_vehtype,boarding,True,-1,56433.95967284828,56463.95967284828,56433.95967284828,0.0,3477;-1;-1,3477;-1;-1,0.0,0.9906752049451056,0.9906752049451056,0,,0,298,1,,298,,
0,6,default_vehtype,boarding,True,55500,56448.763574352044,56463.94025438094,56448.763574352044,0.0,674;-1;-1,674;-1;-1,0.0,0.9121032493262742,0.9121032493262742,0,,0,300,1,300,,,
0,8,default_vehtype,route,False,-1000,56236.81070263447,56536.764632740815,56236.81070263447,0.0,2311;-1;-1,1539;-1;-1,1863.7442966199994,0.9689038374582477,0.9687174630285862,0.0,,0,,0,,,2311;1263;2122;3570;3569;3645;426;3567;3314;328;3562;4026;3644;2387;904;1539,2311:56236.81070263447;1263:56245.832914033424;2122:56251.41509488265;3570:56308.22866076859;3569:56310.44381074186;3645:56325.54793676834;426:56341.098774172875;3567:56344.12981303312;3314:56346.06131416512;328:56385.69207807414;3562:56387.10177525978;4026:56458.74882964296;3644:56480.04046514856;2387:56485.816963856254;904:56525.04589177023;1539:56536.764632740815
0,8,default_vehtype,boarding,True,55920,56536.764632740815,56551.72816625816,56536.764632740815,0.0,1539;-1;-1,1539;-1;-1,0.0,0.9687174630285862,0.9687174630285862,0,,0,304,2,304,,,
0,1,default_vehtype,route,False,-1000,54617.65632598857,56569.498978678515,54617.65632598857,0.0,2508;-1;-1,2816;-1;-1,12935.55505322801,0.989726475415647,0.9884329199103228,0.0,,0,278,1,,,2508;2485;2300;764;614;2688;2906;2867;3684;2866;3446;3805;4003;420;4001;2632;4067;2633;268;3119;2863;3995;2864;3450;173;2862;2654;2646;2995;3506;3000;3961;3814;3815;3510;2997;2682;3516;3928;2998;3752;3286;2999;98;643;3158;2947;2853;644;645;3294;646;2528;3274;647;3293;648;1693;1692;1691;1050;1690;1689;1688;1687;112;1686;1421;510;1685;1684;1676;881;1683;1959;2091;563;2793;2795;2794;2791;2788;3453;2958;1447;2787;2785;30;492;2816,2508:54617.65632598857;2485:54688.49220431524;2300:54705.306997537606;764:54709.6838736906;614:54737.110100851554;2688:54823.507110895545;2906:55018.25202945925;2867:55050.23397819344;3684:55057.59032544789;2866:55061.155998226786;3446:55078.90049195572;3805:55095.67532521075;4003:55113.85160346913;420:55115.27952829902;4001:55116.69210289772;2632:55118.492733732324;4067:55123.07062661431;2633:55163.13149031605;268:55164.697543711576;3119:55200.33072929628;2863:55203.44869540774;3995:55212.51558318684;2864:55213.579201885004;3450:55216.90419816741;173:55247.35469981934;2862:55287.38484822218;2654:55419.98384307762;2646:55520.20544024129;2995:55576.9985034307;3506:55605.10095252709;3000:55611.41575865541;3961:55628.70276161615;3814:55638.103781240396;3815:55649.05987101734;3510:55662.227303357475;2997:55669.66183541321;2682:55672.17387127861;3516:55674.25678807732;3928:55710.103681110166;2998:55718.44599856417;3752:55786.158987719;3286:55799.950031296095;2999:55804.03262269208;98:55805.74512751605;643:55807.423085428076;3158:55808.644257828506;2947:55811.08756435891;2853:55823.03232632311;644:55833.072366438995;645:55837.17351663375;3294:55849.738882015095;646:55855.21544370554;2528:55859.15443442228;3274:55874.63761199681;647:55878.95099285545;3293:55880.154329640034;648:55971.84450055655;1693:55992.8213629622;1692:56063.7656580833;1691:56071.366764766055;1050:56075.60451719739;1690:56079.62145167878;1689:56100.595087770576;1688:56104.97241374864;1687:56112.291717660264;112:56126.31983405511;1686:56137.43545174315;1421:56185.04971042755;510:56195.55252863618;1685:56210.70439426067;1684:56227.864861705784;1676:56305.12682652705;881:56325.44541825151;1683:56367.05317283665;1959:56388.91999883072;2091:56399.593367014975;563:56411.67549937456;2793:56420.4256724878;2795:56422.11908886837;2794:56430.56137800811;2791:56461.11981333177;2788:56486.93054919536;3453:56492.26603640129;2958:56495.63450098318;1447:56501.79956787751;2787:56505.65553253205;2785:56525.377539641166;30:56550.99002961337;492:56562.85484087135;2816:56569.498978678515
0,1,default_vehtype,boarding,True,-1,56569.498978678515,56599.498978678515,56569.498978678515,0.0,2816;-1;-1,2816;-1;-1,0.0,0.9884329199103228,0.9884329199103228,0,,0,278,1,,278,,
0,11,default_vehtype,route,False,-1000,54084.52061000682,56602.85936877571,54084.52061000682,0.0,3484;-1;-1,2816;-1;-1,15930.971958778006,0.5893767776642383,0.5877836804683606,0.0,,0,277,1,,,3484;1888;4032;3862;4031;4030;3112;3054;2596;172;2715;2716;428;427;3568;3314;3567;3315;3475;3474;425;3925;3476;3313;3115;3666;3150;2675;3204;3203;424;423;2687;2688;2906;2867;3684;3749;3446;3805;4003;4001;2632;4067;2633;268;3119;3450;3449;199;198;197;2701;2656;2699;2654;2646;2995;3506;3507;2108;2235;3517;412;2911;3520;2292;1081;1850;1825;1826;2330;2473;1329;1328;838;1030;3292;3132;646;2528;3274;647;3293;648;1693;1692;1691;1050;1690;1689;1688;1687;112;1686;1421;510;1685;1684;1960;2399;2827;565;462;2797;2799;2795;2794;2791;2788;3453;2958;3454;3734;2786;3049;28;2816,3484:54084.52061000682;1888:54123.70913803893;4032:54141.16132707227;3862:54143.11113492982;4031:54168.60649956643;4030:54183.793152526516;3112:54245.32030013919;3054:54256.637128134025;2596:54258.944710737225;172:54280.703890440294;2715:54284.147207555354;2716:54337.913263960436;428:54338.66340869172;427:54358.367780148976;3568:54408.28795128467;3314:54410.124682132846;3567:54410.857573035864;3315:54428.00365445493;3475:54438.10520109897;3474:54440.1705535581;425:54475.3567718715;3925:54492.75280414196;3476:54497.29987954485;3313:54514.979707336686;3115:54576.420199520835;3666:54578.86228306833;3150:54615.43944558045;2675:54673.737467812956;3204:54677.72161067822;3203:54678.77538751725;424:54704.979892223666;423:54744.79051714077;2687:54748.89606352517;2688:54784.52225487778;2906:54979.26717344148;2867:55011.24912217568;3684:55018.60546943013;3749:55033.83699127987;3446:55046.7003089739;3805:55063.475142228934;4003:55081.65142048731;4001:55082.511456725886;2632:55084.31208756049;4067:55088.88998044247;2633:55128.950844144216;268:55130.51689753974;3119:55166.15008312444;3450:55217.760292277235;3449:55220.835282714695;199:55236.177045144395;198:55303.46432538337;197:55306.34270181443;2701:55310.33325940978;2656:55319.929967052885;2699:55359.20508235647;2654:55413.1177491781;2646:55513.33934634177;2995:55570.13240953118;3506:55598.23485862757;3507:55605.120624607545;2108:55627.40061765817;2235:55641.52949467465;3517:55655.281393158824;412:55659.69192749866;2911:55663.18014640292;3520:55673.117742060276;2292:55719.72025908782;1081:55737.758338983636;1850:55747.303627152985;1825:55751.05366490869;1826:55762.40876111267;2330:55786.25593807613;2473:55799.41102106708;1329:55802.642777302724;1328:55849.57822136939;838:55879.55518953258;1030:55886.18883493161;3292:55895.88463874845;3132:55900.48765737388;646:55904.492479964305;2528:55908.43147068104;3274:55947.388849613264;647:55950.980614495;3293:55952.75280094962;648:56098.77870485886;1693:56119.7555672645;1692:56190.699862385605;1691:56198.30096906836;1050:56202.538721499695;1690:56206.55565598109;1689:56227.52929207288;1688:56231.90661805095;1687:56239.22592196257;112:56253.254038357416;1686:56264.369656045455;1421:56311.983914729855;510:56322.48673293849;1685:56337.638598562975;1684:56354.79906600809;1960:56359.3301976629;2399:56397.15524217591;2827:56407.043410153245;565:56412.05763029501;462:56418.18294144807;2797:56421.646944052096;2799:56426.48210415251;2795:56476.8091971381;2794:56485.25148627784;2791:56515.809921601496;2788:56535.83489515297;3453:56541.38045637863;2958:56542.55669325036;3454:56544.87878588316;3734:56550.09156383142;2786:56562.287991527526;3049:56565.707145728775;28:56579.870696128266;2816:56602.85936877571
0,3,default_vehtype,route,False,-1000,56207.402645217466,56624.7869250603,56207.402645217466,0.0,427;-1;-1,749;-1;-1,2456.8791823700008,0.9876465932482545,0.9874009053300182,0.0,,0,297,1,,,427;3568;3987;3682;1405;1188;1406;349;350;1214;2302;2220;1408;544;748;749,427:56207.402645217466;3568:56245.1257324062;3987:56305.5401580546;3682:56312.91447321035;1405:56322.8095650225;1188:56333.88308781066;1406:56375.773517427224;349:56425.25821806489;350:56439.46734319597;1214:56453.97173951549;2302:56468.072706070794;2220:56475.04620236041;1408:56487.231930743954;544:56526.81317527063;748:56536.920234185585;749:56624.7869250603
0,11,default_vehtype,boarding,True,-1,56602.85936877571,56632.85936877571,56602.85936877571,0.0,2816;-1;-1,2816;-1;-1,0.0,0.5877836804683606,0.5877836804683606,0,,0,277,1,,277,,
0,3,default_vehtype,boarding,True,-1,56624.7869250603,56654.7869250603,56624.7869250603,0.0,749;-1;-1,749;-1;-1,0.0,0.9874009053300182,0.9874009053300182,0,,0,297,1,,297,,
0,10,default_vehtype,route,False,-1000,56333.44534429521,56660.38156854716,56333.44534429521,0.0,225;-1;-1,129;-1;-1,1565.7274586699996,0.7828185205207766,0.7826619477749097,0.0,,0,,0,,,225;224;223;277;276;275;274;3718;273;272;271;270;269;255;128;129,225:56333.44534429521;224:56364.543870145055;223:56372.63948132626;277:56388.42057368285;276:56399.33027871076;275:56417.42359590561;274:56443.1973737502;3718:56447.42520110449;273:56456.03839993784;272:56490.247106932446;271:56509.04477554258;270:56538.72379439134;269:56605.89725083279;255:56633.783930978454;128:56639.98238207914;129:56660.38156854716
0,10,default_vehtype,boarding,True,56100,56660.38156854716,56672.20617030204,56660.38156854716,0.0,129;-1;-1,129;-1;-1,0.0,0.7826619477749097,0.7826619477749097,0,,0,305,1,305,,,
0,5,default_vehtype,route,False,-1000,56203.42880223445,56696.32672201265,56203.42880223445,0.0,1503;-1;-1,427;-1;-1,2566.1857341599984,0.838949091949306,0.8386924733758904,0.0,,0,,0,,,1503;2155;748;544;1408;2220;2302;1214;350;2175;258;2221;1406;1188;1405;3682;3987;427,1503:56203.42880223445;2155:56286.77885647584;748:56305.92903439057;544:56316.07846766551;1408:56396.840080104026;2220:56411.056728678865;2302:56425.70005067517;1214:56440.31403467762;350:56442.95422433592;2175:56456.172231344775;258:56459.050329736834;2221:56498.018760594015;1406:56531.92346032363;1188:56546.170443491945;1405:56574.49412181511;3682:56579.1572570746;3987:56586.17010270931;427:56696.32672201265
0,4,default_vehtype,route,False,-1000,56580.0,56728.3356703122,56580.0,0.0,3477;-1;-1,427;-1;-1,994.2606376299999,0.9906752049451056,0.9905757788813428,0.0,,0,,0,,,3477;425;3474;3475;3315;3567;3314;2716;428;427,3477:56580;425:56591.18208580529;3474:56621.786983093945;3475:56628.22703563143;3315:56663.02732619394;3567:56669.459935197076;3314:56670.80108521853;2716:56698.12966552255;428:56700.11321635816;427:56728.3356703122
0,5,default_vehtype,boarding,True,56160,56696.32672201265,56727.57157462292,56696.32672201265,0.0,427;-1;-1,427;-1;-1,0.0,0.8386924733758904,0.8386924733758904,0.0,,0,306,1,306,,,
0,4,default_vehtype,boarding,True,56580,56728.3356703122,56740.35165956889,56728.3356703122,0.0,427;-1;-1,427;-1;-1,0.0,0.9905757788813428,0.9905757788813428,0,,0,310,1,310,,,
0,9,default_vehtype,route,False,-1000,55832.489065280926,56818.42610849149,55832.489065280926,0.0,2146;-1;-1,544;-1;-1,6907.1203141600035,0.560984088409213,0.5602933763777966,0.0,,0,295,1,,,2146;2147;1912;1403;3932;3801;1038;853;567;3169;3412;3413;3414;2917;3053;2715;172;3771;428;427;3568;3987;3682;1405;1188;1406;2221;258;2175;350;1214;2302;2220;1408;544,2146:55832.489065280926;2147:55842.36850363367;1912:55852.92038905491;1403:55895.05992238141;3932:55903.984980146495;3801:55907.33791409195;1038:55916.09985171715;853:56036.547890971946;567:56061.8942346569;3169:56096.24085492193;3412:56117.64188964188;3413:56123.949684197236;3414:56151.47813154061;2917:56192.23261455682;3053:56389.4516253051;2715:56431.36968938107;172:56435.91752478031;3771:56450.61402076355;428:56500.909830650664;427:56522.48824874374;3568:56557.89056050035;3987:56609.89493325928;3682:56619.26717782786;1405:56644.051739059185;1188:56648.13449774074;1406:56691.581966260215;2221:56701.43647616077;258:56721.103751388;2175:56746.47071596937;350:56758.50815665521;1214:56764.77315239087;2302:56771.51775817357;2220:56775.8700457534;1408:56786.792803377175;544:56818.42610849149
0,9,default_vehtype,boarding,True,-1,56818.42610849149,56848.42610849149,56818.42610849149,0.0,544;-1;-1,544;-1;-1,0.0,0.5602933763777966,0.5602933763777966,0,,0,295,1,,295,,
0,8,default_vehtype,route,False,-1000,56551.72816625816,56889.46417015205,56551.72816625816,0.0,1539;-1;-1,1405;-1;-1,1506.7709269399998,0.9687174630285862,0.9685667859358916,0.0,,0,304,2,,,1539;904;2387;3644;4026;3562;328;3314;3567;426;3645;3569;3682;1405,1539:56551.72816625816;904:56580.83701470809;2387:56627.47809706478;3644:56642.96888037535;4026:56652.226772099755;3562:56735.9696382943;328:56736.270202189786;3314:56811.68567414555;3567:56815.54356831911;426:56819.069583461;3645:56848.85061984397;3569:56859.030405178055;3682:56864.67960892073;1405:56889.46417015205
0,8,default_vehtype,boarding,True,-1,56889.46417015205,56919.46417015205,56889.46417015205,0.0,1405;-1;-1,1405;-1;-1,0.0,0.9685667859358916,0.9685667859358916,0,,0,304,2,,304,,
0,3,default_vehtype,route,False,-1000,56654.7869250603,56944.53945918876,56654.7869250603,0.0,749;-1;-1,1747;-1;-1,2277.43092126,0.9874009053300182,0.9871731622378922,0.0,,0,,0,,,749;3350;3352;3351;334;3111;1813;1812;3966;1004;2015;2016;1151;2017;588;589;590;591;1642;2376;1747,749:56654.7869250603;3350:56669.43714526219;3352:56680.015036398865;3351:56698.80509482541;334:56700.4031238648;3111:56704.26005300458;1813:56725.615846207045;1812:56756.35431713087;3966:56767.48335969336;1004:56773.84539248468;2015:56796.64843077772;2016:56802.58734218648;1151:56806.06918826197;2017:56812.31216438023;588:56846.09430990182;589:56861.17602826712;590:56872.48610002905;591:56880.14897602017;1642:56899.88889099492;2376:56923.24547483819;1747:56944.53945918876
0,3,default_vehtype,boarding,True,56460,56944.53945918876,56948.05409374768,56944.53945918876,0.0,1747;-1;-1,1747;-1;-1,0.0,0.9871731622378922,0.9871731622378922,0.0,,0,309,1,309,,,
0,10,default_vehtype,route,False,-1000,56672.20617030204,56995.91556176966,56672.20617030204,0.0,129;-1;-1,3675;-1;-1,2278.2688912100007,0.7826619477749097,0.7824341208857888,0.0,,0,305,1,,,129;128;2633;268;4068;420;4003;3805;3446;2866;421;422;423;2687;2191;2133;3675,129:56672.20617030204;128:56678.987014463826;2633:56705.32718886996;268:56709.27222392353;4068:56757.01644951973;420:56758.13858593169;4003:56759.961328232974;3805:56779.24950712761;3446:56793.263692760986;2866:56816.18496133639;421:56817.88441263843;422:56840.97188252951;423:56870.533118600026;2687:56873.493243920515;2191:56911.80503515469;2133:56926.25194632206;3675:56995.91556176966
0,8,default_vehtype,route,False,-1000,56919.46417015205,57017.09616666077,56919.46417015205,0.0,1405;-1;-1,3475;-1;-1,614.7601677700001,0.9685667859358916,0.9685053099191147,0.0,,0,,0,,,1405;3682;3569;3645;426;3567;3315;3475,1405:56919.46417015205;3682:56924.127305411545;3569:56929.70524077369;3645:56937.54332244295;426:56967.39015969085;3567:56969.06664685262;3315:56987.92995507476;3475:57017.09616666077
0,10,default_vehtype,boarding,True,-1,56995.91556176966,57025.91556176966,56995.91556176966,0.0,3675;-1;-1,3675;-1;-1,0.0,0.7824341208857888,0.7824341208857888,0,,0,305,1,,305,,
0,9,default_vehtype,route,False,-1000,56848.42610849149,57069.17974305165,56848.42610849149,0.0,544;-1;-1,1262;-1;-1,1305.8250918300005,0.5602933763777966,0.560162793868613,0.0,,0,,0,,,544;1408;1407;3571;349;348;347;290;1262,544:56848.42610849149;1408:56890.405029450005;1407:56899.12620941983;3571:56900.75361112748;349:56938.01274829746;348:56952.39876201927;347:57022.368813539244;290:57035.30480103927;1262:57069.17974305165
0,8,default_vehtype,boarding,True,56700,57017.09616666077,57098.20216534373,57017.09616666077,0.0,3475;-1;-1,3475;-1;-1,0.0,0.9685053099191147,0.9685053099191147,0,,0,311,1,311,,,
0,4,default_vehtype,route,False,-1000,56740.35165956889,57128.978983352084,56740.35165956889,0.0,427;-1;-1,2223;-1;-1,2554.570549969001,0.9905757788813428,0.9903203218263457,0.0,,0,310,1,,,427;3568;426;3567;3566;3565;3563;3562;4026;2208;1880;2403;2503;2345;358;2372;2497;2203;2223,427:56740.35165956889;3568:56775.7539713255;426:56777.82517439712;3567:56779.50166155889;3566:56808.1267735817;3565:56808.597123398686;3563:56809.52061758658;3562:56811.71002518621;4026:56866.76883944233;2208:56891.35332779157;1880:56938.02931310474;2403:57025.26181546487;2503:57066.65059121062;2345:57069.532989154795;358:57080.45351832112;2372:57088.365319994766;2497:57101.90478865779;2203:57119.41817339985;2223:57128.978983352084
0,9,default_vehtype,boarding,True,56760,57069.17974305165,57133.49759453398,57069.17974305165,0.0,1262;-1;-1,1262;-1;-1,0.0,0.560162793868613,0.560162793868613,0,,0,312,1,312,,,
0,4,default_vehtype,boarding,True,-1,57128.978983352084,57158.978983352084,57128.978983352084,0.0,2223;-1;-1,2223;-1;-1,0.0,0.9903203218263457,0.9903203218263457,0,,0,310,1,,310,,
0,8,default_vehtype,route,False,-1000,57098.20216534373,57245.41720555812,57098.20216534373,0.0,3475;-1;-1,427;-1;-1,810.2867262699999,0.9685053099191147,0.9684242812464875,0.0,,0,311,1,,,3475;3315;3567;3314;2716;428;427,3475:57098.20216534373;3315:57127.66872824775;3567:57139.367317316974;3314:57140.95663153113;2716:57209.71746907814;428:57212.120609233345;427:57245.41720555812
0,6,default_vehtype,route,False,-1000,56463.94025438094,57257.0846502846,56463.94025438094,0.0,674;-1;-1,2404;-1;-1,5105.886596939997,0.9121032493262742,0.9115926606665802,0.0,,0,300,1,,,674;3417;3416;3789;3415;3414;2917;3053;2715;3054;3112;430;867;1468;2289;1135;578;2429;2240;1242;2269;2404,674:56463.94025438094;3417:56485.16502237694;3416:56497.998114880626;3789:56508.37815403019;3415:56521.370939028435;3414:56532.809970560884;2917:56633.02875794736;3053:56741.26770556549;2715:56857.11091920157;3054:56871.42418070666;3112:56887.27645542685;430:56914.57277602698;867:56938.52242532272;1468:56969.20837624785;2289:56991.36501272605;1135:57050.49719319721;578:57064.93189285592;2429:57091.25470164358;2240:57133.099720755265;1242:57143.704137845074;2269:57149.80054466915;2404:57257.0846502846
0,8,default_vehtype,boarding,True,-1,57245.41720555812,57275.41720555812,57245.41720555812,0.0,427;-1;-1,427;-1;-1,0.0,0.9684242812464875,0.9684242812464875,0,,0,311,1,,311,,
0,6,default_vehtype,boarding,True,-1,57257.0846502846,57287.0846502846,57257.0846502846,0.0,2404;-1;-1,2404;-1;-1,0.0,0.9115926606665802,0.9115926606665802,0,,0,300,1,,300,,
0,6,default_vehtype,route,False,-1000,57287.0846502846,57511.74526351208,57287.0846502846,0.0,2404;-1;-1,1468;-1;-1,740.6880267700002,0.9115926606665802,0.9115185918639033,0.0,,0,,0,,,2404;2269;1242;2240;2429;578;1135;2289;1468,2404:57287.0846502846;2269:57328.52249303719;1242:57332.863725574585;2240:57378.26662280336;2429:57396.61360103792;578:57420.446419603635;1135:57446.19081518414;2289:57468.74782911604;1468:57511.74526351208
0,6,default_vehtype,boarding,True,57120,57511.74526351208,57534.36520951709,57511.74526351208,0.0,1468;-1;-1,1468;-1;-1,0.0,0.9115185918639033,0.9115185918639033,0,,0,317,1,317,,,
0,5,default_vehtype,route,False,-1000,56727.57157462292,57654.86222026742,56727.57157462292,0.0,427;-1;-1,2069;-1;-1,5576.206540610001,0.8386924733758904,0.8381348527218291,0.0,,0,306,1,,,427;3568;426;3567;3315;3475;3474;425;3925;3665;338;3115;3666;3150;2675;3204;3203;424;423;2687;2688;422;421;2866;3446;3805;4003;420;4068;268;3119;2863;3995;2864;3449;199;1390;737;4066;731;842;1758;1926;1925;1924;1923;2069,427:56727.57157462292;3568:56762.97388637953;426:56765.045089451145;3567:56766.721576612916;3315:56785.58488483506;3475:56814.75109642107;3474:56816.63680778665;425:56833.07688754269;3925:56838.87765327399;3665:56853.588041341616;338:56863.21045139457;3115:56864.696866598584;3666:56867.553476546025;3150:56893.93580640275;2675:56942.814014289004;3204:56949.162728000345;3203:56949.91444969555;424:56964.096545440254;423:56996.43215888133;2687:56999.39228420182;2688:57042.367134767876;422:57044.57970164827;421:57088.529194093266;2866:57089.818334878015;3446:57104.47090323561;3805:57124.211237288975;4003:57161.12627267618;420:57165.254021788125;4068:57167.65705142377;268:57326.689444074495;3119:57357.82184052363;2863:57359.90418039493;3995:57383.032013365504;2864:57384.13551704371;3449:57385.54954379671;199:57404.47818338365;1390:57454.59914789877;737:57464.98148950256;4066:57479.29862043678;731:57481.01355767726;842:57520.89438456602;1758:57580.6758405822;1926:57584.96636908927;1925:57608.797171145845;1924:57623.501407795;1923:57630.66580277051;2069:57654.86222026742
0,5,default_vehtype,boarding,True,-1,57654.86222026742,57684.86222026742,57654.86222026742,0.0,2069;-1;-1,2069;-1;-1,0.0,0.8381348527218291,0.8381348527218291,0,,0,306,1,,306,,
0,8,default_vehtype,route,False,-1000,57275.41720555812,57715.078778591465,57275.41720555812,0.0,427;-1;-1,749;-1;-1,3169.3939352099997,0.9684242812464875,0.9681073418529667,0.0,,0,,0,,,427;3568;426;3567;3315;3475;3477;3476;3313;3115;338;337;3974;336;2671;2582;335;3110;2637;2638;2583;134;3351;3352;3350;749,427:57275.41720555812;3568:57342.017388189306;426:57343.42482948069;3567:57347.16334225895;3315:57360.79480247764;3475:57388.744452602616;3477:57403.42469614268;3476:57410.48304244997;3313:57427.53545866151;3115:57468.54799460971;338:57472.01674767025;337:57493.06602794567;3974:57495.24657953059;336:57533.668098663904;2671:57537.29760407475;2582:57578.822548043456;335:57580.53919686479;3110:57593.980101797155;2637:57625.92673059941;2638:57632.765605024884;2583:57647.532627126486;134:57650.31888615666;3351:57670.01739953874;3352:57687.475713589105;3350:57696.41443687341;749:57715.078778591465
0,8,default_vehtype,boarding,True,57060,57715.078778591465,57777.00593891726,57715.078778591465,0.0,749;-1;-1,749;-1;-1,0.0,0.9681073418529667,0.9681073418529667,0,,0,314,1,314,,,
0,7,default_vehtype,route,False,-1000,55913.7066037546,57794.528075316084,55913.7066037546,0.0,3299;-1;-1,1815;-1;-1,11613.959137472997,0.957585209891441,0.9564238139776943,0.0,,0,303,1,,,3299;1586;1585;898;1584;3406;3317;3033;3432;3026;2587;3027;3029;3034;3031;3030;3032;4044;3806;3383;1137;3118;829;286;985;3489;3431;3557;3487;4076;2595;2762;2536;3122;23;24;13;107;84;1480;1481;2676;3780;2677;3102;3108;2678;3111;3349;2583;2638;2637;3110;335;336;3974;337;338;3115;3666;1517;1815,3299:55913.7066037546;1586:55960.279281828414;1585:55969.63547351748;898:55973.91956205654;1584:55979.96738642061;3406:55986.73918003826;3317:55988.57966134627;3033:55993.663371832445;3432:56003.47335016953;3026:56034.52038277825;2587:56054.57724253913;3027:56057.53835232387;3029:56088.05655458202;3034:56095.12191475395;3031:56118.98518637446;3030:56126.128003207574;3032:56190.390684165635;4044:56209.249120174834;3806:56219.818801988215;3383:56231.745754218085;1137:56424.5975893194;3118:56426.68648355241;829:56478.12371658595;286:56497.2204681198;985:56510.6154706889;3489:56525.31547545542;3431:56533.33993158459;3557:56535.25853579483;3487:56535.903992896405;4076:56543.12149255192;2595:56546.4425880326;2762:56563.69938578037;2536:56584.06020628045;3122:56604.64491586879;23:56637.68446403093;24:56638.13724260562;13:56638.64814626467;107:56695.87516644543;84:56702.74990580275;1480:56772.47991524062;1481:56791.82783414156;2676:56847.82102433474;3780:56889.95907480032;2677:56954.98951163415;3102:56958.80062438595;3108:57134.855680080014;2678:57241.66829850508;3111:57403.954944984565;3349:57407.48031543333;2583:57485.37898605417;2638:57513.681311425964;2637:57516.940705989815;3110:57548.13483520572;335:57597.02983794291;336:57627.232017683265;3974:57679.03581846687;337:57680.08557780223;338:57696.362589788514;3115:57699.6247978667;3666:57709.776805254376;1517:57766.36324602076;1815:57794.528075316084
0,3,default_vehtype,route,False,-1000,56948.05409374768,57809.88426745297,56948.05409374768,0.0,1747;-1;-1,3562;-1;-1,4751.179539009,0.9871731622378922,0.9866980442839904,0.0,,0,309,1,,,1747;2376;1642;591;590;589;588;2017;1151;2016;2015;1119;1120;1121;1122;1813;3349;3351;134;2637;3110;335;336;3974;3973;2347;3665;3925;425;3474;3475;3315;3567;3566;3565;3563;3562,1747:56948.05409374768;2376:56964.55136881476;1642:56968.67399994274;591:57036.61990968679;590:57041.16578627397;589:57049.53061832129;588:57069.16593883974;2017:57080.94345214413;1151:57089.91030274558;2016:57098.79387090263;2015:57106.41355384021;1119:57113.5146963932;1120:57122.12058565209;1121:57127.14139569781;1122:57135.45541890966;1813:57141.74527738528;3349:57165.799092597386;3351:57174.29490245447;134:57282.85438639843;2637:57384.49211939962;3110:57415.68624861552;335:57464.58125135271;336:57494.78343109307;3974:57546.58723187668;3973:57550.62534177193;2347:57579.88721250465;3665:57614.912258702585;3925:57671.061006107986;425:57685.02185174958;3474:57727.04303730029;3475:57732.63477037303;3315:57750.00711696382;3567:57765.22853007918;3566:57806.23614494592;3565:57806.87551871058;3563:57808.46311746213;3562:57809.88426745297
0,2,default_vehtype,route,False,-1000,57780.0,57810.0,57780.0,0.0,2816;-1;-1,30;1679;0.507,232.51458278022187,0.9905422410491742,0.9905189895908961,0.0,,0,,0,,,2816;492;30,2816:57780;492:57782.42602492083;30:57803.472431116614
0,7,default_vehtype,boarding,True,-1,57794.528075316084,57824.528075316084,57794.528075316084,0.0,1815;-1;-1,1815;-1;-1,0.0,0.9564238139776943,0.9564238139776943,0,,0,303,1,,303,,
0,3,default_vehtype,boarding,True,-1,57809.88426745297,57839.88426745297,57809.88426745297,0.0,3562;-1;-1,3562;-1;-1,0.0,0.9866980442839904,0.9866980442839904,0,,0,309,1,,309,,
0,10,default_vehtype,route,False,-1000,57060,57905.15187758791,57060,0,3675;-1;-1,2355;-1;-1,4232.189850249999,0.7824341208857888,0.7820109019007632,0.0,,0,,0,,,3675;1815;1517;3666;2670;338;3665;3925;425;2122;3570;3569;3682;1405;1188;1406;2221;258;2175;350;1214;2302;2220;1408;544;747;746;2355,3675:57060;1815:57099.53449407593;1517:57117.181111544494;3666:57146.571332332256;2670:57150.20178179627;338:57154.14070431266;3665:57187.589842238085;3925:57243.738589643486;425:57257.69943528508;2122:57344.87752530426;3570:57373.50023457633;3569:57379.343332266864;3682:57389.05345734283;1405:57400.50156914226;1188:57414.45587877412;1406:57438.984226982546;2221:57454.86635442233;258:57468.29493156467;2175:57517.22698983316;350:57520.92405694718;1214:57558.944907891375;2302:57563.10206172695;2220:57583.719653217326;1408:57632.52742817051;544:57767.55627607679;747:57803.00133320881;746:57812.43230802099;2355:57905.15187758791
0,10,default_vehtype,boarding,True,57060,57905.15187758791,57952.64704661555,57905.15187758791,0.0,2355;-1;-1,2355;-1;-1,0.0,0.7820109019007632,0.7820109019007632,0,,0,313,2,313,,,
0,3,default_vehtype,route,False,-1000,57839.88426745297,57971.5971274091,57839.88426745297,0.0,3562;-1;-1,2716;-1;-1,761.5596760699999,0.9866980442839904,0.9866218883163834,0.0,,0,,0,,,3562;328;3314;2716,3562:57839.88426745297;328:57842.56861905741;3314:57893.7000405259;2716:57971.5971274091
0,3,default_vehtype,boarding,True,57060,57971.5971274091,58035.46213494707,57971.5971274091,0.0,2716;-1;-1,2716;-1;-1,0.0,0.9866218883163834,0.9866218883163834,0.0,,0,315,1,315,,,
0,5,default_vehtype,route,False,-1000,57684.86222026742,58034.415348616734,57684.86222026742,0.0,2069;-1;-1,3749;-1;-1,2354.0664717500003,0.8381348527218291,0.837899446074654,0.0,,0,,0,,,2069;1923;1924;1925;1926;1758;2109;733;734;419;331;2633;4067;2632;4004;3750;3749,2069:57684.86222026742;1923:57691.36709661895;1924:57698.070779562695;1925:57722.36795633312;1926:57733.48960894392;1758:57737.73170415107;2109:57746.30381837742;733:57878.92120201008;734:57881.37054142119;419:57922.40835810951;331:57934.54804487137;2633:57944.697570900964;4067:57981.20130316067;2632:57983.77820619425;4004:57986.44035571784;3750:58025.046510881446;3749:58034.415348616734
0,7,default_vehtype,route,False,-1000,57824.528075316084,58092.059792917295,57824.528075316084,0.0,1815;-1;-1,2122;-1;-1,1372.26212293,0.9564238139776943,0.9562865877654011,0.0,,0,,0,,,1815;1517;3425;3426;3427;3115;3313;3476;3925;425;2122,1815:57824.528075316084;1517:57859.431442839035;3425:57863.9022305205;3426:57914.84661865115;3427:57934.833057547825;3115:57946.55807872238;3313:57973.988144450464;3476:58002.8102016597;3925:58007.631384357395;425:58023.067444112814;2122:58092.059792917295
0,5,default_vehtype,boarding,True,57120,58034.415348616734,58127.870628854944,58034.415348616734,0.0,3749;-1;-1,3749;-1;-1,0.0,0.837899446074654,0.837899446074654,0.0,,0,316,1,316,,,
0,6,default_vehtype,route,False,-1000,57534.36520951709,58120.61144026776,57534.36520951709,0.0,1468;-1;-1,1802;-1;-1,3465.300740049999,0.9115185918639033,0.9111720617898996,0.0,,0,317,1,,,1468;867;430;429;2596;1;3272;2526;2738;3328;2639;3134;49;3116;3042;2599;1226;1227;1802,1468:57534.36520951709;867:57549.6859581028;430:57634.999771163726;429:57643.36353319711;2596:57658.9977742533;1:57730.48032574444;3272:57757.55979495972;2526:57927.440526548366;2738:57992.798881283285;3328:57997.855491789844;2639:58034.456984112985;3134:58044.177652528255;49:58044.69556511171;3116:58050.36987242722;3042:58083.16908907238;2599:58084.556056460606;1226:58090.98610751991;1227:58098.149480192966;1802:58120.61144026776
0,7,default_vehtype,boarding,True,57420,58092.059792917295,58140.52464078029,58092.059792917295,0.0,2122;-1;-1,2122;-1;-1,0.0,0.9562865877654011,0.9562865877654011,0,,0,321,1,321,,,
0,6,default_vehtype,boarding,True,-1,58120.61144026776,58150.61144026776,58120.61144026776,0.0,1802;-1;-1,1802;-1;-1,0.0,0.9111720617898996,0.9111720617898996,0,,0,317,1,,317,,
0,9,default_vehtype,route,False,-1000,57133.49759453398,58168.65828036755,57133.49759453398,0.0,1262;-1;-1,3044;-1;-1,9126.577879829993,0.560162793868613,0.5592501360806302,0.0,,0,312,1,,,1262;1570;3110;2637;2638;2583;2635;3335;2857;2862;2654;2646;2995;3506;3000;3961;3814;3815;3510;3511;2997;410;3512;409;3989;408;3991;407;100;2909;3896;3163;406;405;3618;3947;3811;403;402;3985;3993;3983;3982;401;400;399;3043;3046;3044,1262:57133.49759453398;1570:57164.39966183421;3110:57198.98486472843;2637:57230.93149353068;2638:57237.77036795616;2583:57252.53739005776;2635:57277.75932715971;3335:57328.09060935831;2857:57372.58221003836;2862:57486.59577945649;2654:57632.778021002385;2646:57684.5908133775;2995:57758.37237633397;3506:57790.39246799983;3000:57798.50636599716;3961:57818.94488834095;3814:57824.5519400506;3815:57840.655063143124;3510:57858.79034170203;3511:57868.06833206448;2997:57870.14590705592;410:57871.538840024456;3512:57872.71075154926;409:57890.21701095634;3989:57900.52069835655;408:57904.43162040779;3991:57912.31608069582;407:57914.58693547377;100:57925.3558893038;2909:57926.149683063806;3896:57927.310763966576;3163:57929.48520257694;406:57936.09265903346;405:57951.975643622696;3618:57967.791062725795;3947:57972.222009249046;3811:57982.18785868529;403:57988.36035332416;402:58003.20907220304;3985:58015.87277753718;3993:58025.45932205853;3983:58027.15076655315;3982:58031.73868648708;401:58034.12506032871;400:58043.21705060487;399:58083.041854952775;3043:58100.20485018755;3046:58114.81140315351;3044:58168.65828036755
0,4,default_vehtype,route,False,-1000,57360,58181.21166622164,57360,0,2223;-1;-1,2445;-1;-1,4980.338207076001,0.9903203218263457,0.989822288005638,0.0,,0,,0,,,2223;2203;2497;2372;358;2345;2503;2403;1888;4032;3862;4031;4030;3112;429;2596;3054;2715;172;3771;428;427;3568;426;3567;3315;3475;3477;3476;3313;3115;338;2670;3926;3204;2675;3680;2687;423;422;4010;4009;4008;2445,2223:57360;2203:57366.87981462842;2497:57391.738205501104;2372:57430.379499975505;358:57432.80306435298;2345:57447.56588373035;2503:57452.97626199903;2403:57503.15195740502;1888:57519.71636962704;4032:57581.8410525187;3862:57584.518548259664;4031:57598.86804664594;4030:57608.68261596918;3112:57665.5742594181;429:57669.21362530849;2596:57684.84786636468;3054:57687.27166855304;2715:57705.51434405445;172:57709.1918956372;3771:57710.65117031209;428:57774.886511702374;427:57800.200393941515;3568:57827.6254134747;426:57828.43450896571;3567:57830.40809475989;3315:57848.11201445747;3475:57863.31154455288;3477:57877.0373756647;3476:57883.41030054607;3313:57922.74735985172;3115:57962.680505109856;338:57966.65735695004;2670:57970.20242597413;3926:57992.26274836846;3204:58010.93988058622;2675:58019.82973009546;3680:58021.38387971307;2687:58100.71088716977;423:58104.772440812274;422:58140.15143784784;4010:58157.79250337888;4009:58161.898870253055;4008:58163.002358681944;2445:58181.21166622164
0,9,default_vehtype,boarding,True,-1,58168.65828036755,58198.65828036755,58168.65828036755,0.0,3044;-1;-1,3044;-1;-1,0.0,0.5592501360806302,0.5592501360806302,0,,0,312,1,,312,,
0,4,default_vehtype,boarding,True,57360,58181.21166622164,58208.517773353116,58181.21166622164,0.0,2445;-1;-1,2445;-1;-1,0.0,0.989822288005638,0.989822288005638,0,,0,320,2,320,,,
0,8,default_vehtype,route,False,-1000,57777.00593891726,58272.2496451057,57777.00593891726,0.0,749;-1;-1,427;-1;-1,2459.2921481100007,0.9681073418529667,0.9678614126381551,0.0,,0,314,1,,,749;748;544;1408;2220;2302;1214;350;2175;258;2221;1406;1188;1405;3682;3987;3568;427,749:57777.00593891726;748:57829.88715529184;544:57849.78097659478;1408:58073.01104900741;2220:58086.59128091201;2302:58097.4396220666;1214:58105.19834822914;350:58121.07753543401;2175:58137.58648231864;258:58141.071629620696;2221:58152.84645384184;1406:58161.18284356725;1188:58178.20044897008;1405:58185.35561425857;3682:58198.88617164563;3987:58209.9201309833;3568:58241.372589300096;427:58272.2496451057
0,7,default_vehtype,route,False,-1000,58140.52464078029,58291.81576584253,58140.52464078029,0.0,2122;-1;-1,427;-1;-1,934.6751942900003,0.9562865877654011,0.9561931202459721,0.0,,0,321,1,,,2122;3570;3569;3682;3987;3568;427,2122:58140.52464078029;3570:58200.25658130236;3569:58211.97526691182;3682:58218.45229238246;3987:58229.48625172013;3568:58260.93871003693;427:58291.81576584253
0,8,default_vehtype,boarding,True,-1,58272.2496451057,58302.2496451057,58272.2496451057,0.0,427;-1;-1,427;-1;-1,0.0,0.9678614126381551,0.9678614126381551,0,,0,314,1,,314,,
0,7,default_vehtype,boarding,True,-1,58291.81576584253,58321.81576584253,58291.81576584253,0.0,427;-1;-1,427;-1;-1,0.0,0.9561931202459721,0.9561931202459721,0,,0,321,1,,321,,
0,1,default_vehtype,route,False,-1000,57300,58365.65996356168,57300,0,2816;-1;-1,1585;-1;-1,15277.598964242994,0.9884329199103228,0.9869051600138986,0.0,,0,,0,,,2816;28;30;2785;2787;1447;2958;3231;1184;1977;3164;1944;3342;1510;1544;3742;1909;3382;1914;1461;3340;1990;3343;3341;1930;3879;3740;4034;4033;4052;4053;4054;35;3798;4055;4056;3847;3062;3063;2652;2932;2740;2741;2903;42;3037;89;3086;38;355;2902;3881;2936;3237;3084;3083;3072;3073;3036;36;3642;3374;37;964;3379;68;2666;2641;2567;18;2836;3890;3887;3889;3888;4058;4059;19;20;3895;3894;3893;3104;3103;3093;3094;3488;2566;3095;21;4063;4064;2847;22;2650;2649;3096;3300;3299;1586;1585,2816:57300;28:57306.60622429386;30:57310.87088296292;2785:57336.92421102225;2787:57355.4750989298;1447:57356.55659402294;2958:57359.13886922684;3231:57367.26762959122;1184:57376.54516076623;1977:57398.62745255798;3164:57417.4161321551;1944:57438.78951140458;3342:57441.67259220336;1510:57473.93885043867;1544:57478.47816411145;3742:57496.482045083605;1909:57496.989916967366;3382:57499.30855269377;1914:57502.03233370503;1461:57529.09687500167;3340:57532.76056768433;1990:57543.311728454195;3343:57558.010386805814;3341:57591.22050942255;1930:57593.49064505857;3879:57620.839382945334;3740:57622.206936446244;4034:57624.935467781506;4033:57629.043112806496;4052:57631.92290491595;4053:57632.73579921244;4054:57633.65675121788;35:57639.84846839838;3798:57698.404129747774;4055:57699.222077355225;4056:57700.46467602709;3847:57702.97401160963;3062:57708.132291283764;3063:57714.74690757215;2652:57720.19258752531;2932:57726.358705102924;2740:57732.07884915926;2741:57735.588453304226;2903:57742.58702406061;42:57767.64456208902;3037:57772.515492000384;89:57773.94125087882;3086:57784.47657572547;38:57794.76589558538;355:57797.80915929521;2902:57814.93125242681;3881:57816.67884539024;2936:57818.01428607495;3237:57820.21304665702;3084:57837.083521246124;3083:57851.95453545986;3072:57863.658896687106;3073:57870.05138129613;3036:57914.03823092688;36:57922.949655556615;3642:57927.88483267836;3374:57937.87100952964;37:57940.86315314151;964:57941.869368343796;3379:57943.39485065121;68:57957.269831259946;2666:57963.038530225705;2641:57994.30716208849;2567:58039.41095190575;18:58063.03357396897;2836:58072.93348167272;3890:58079.93698679919;3887:58097.556640198825;3889:58102.338275428236;3888:58104.97506952337;4058:58118.33548990282;4059:58119.211381487454;19:58121.949485158395;20:58129.65791036471;3895:58146.504486892016;3894:58162.80793297228;3893:58165.372590267834;3104:58169.70096479134;3103:58193.579847328634;3093:58202.11059810587;3094:58203.83388379581;3488:58206.178545312956;2566:58206.74746700047;3095:58213.373897147685;21:58238.28989073671;4063:58242.1450075648;4064:58242.4133054338;2847:58244.48234364809;22:58259.74169886175;2650:58271.56754678499;2649:58277.05286080839;3096:58280.57517791658;3300:58329.910823344464;3299:58334.304845622086;1586:58353.805152733796;1585:58365.65996356168
0,1,default_vehtype,boarding,True,57300,58365.65996356168,58372.72374629185,58365.65996356168,0.0,1585;-1;-1,1585;-1;-1,0.0,0.9869051600138986,0.9869051600138986,0,,0,319,1,319,,,
0,3,default_vehtype,route,False,-1000,58035.46213494707,58429.70315617204,58035.46213494707,0.0,2716;-1;-1,2223;-1;-1,2132.74692455,0.9866218883163834,0.9864086136239284,0.0,,0,315,1,,,2716;428;3771;172;2596;429;3112;4030;4031;3862;4032;1888;2403;2503;2345;358;2372;2497;2203;2223,2716:58035.46213494707;428:58039.091761884636;3771:58087.8070012196;172:58094.6224304363;2596:58121.955566659526;429:58152.70512871263;3112:58156.321338178976;4030:58262.661291225624;4031:58268.342629137136;3862:58272.20678058271;4032:58278.106308533;1888:58323.363770227705;2403:58335.55230987175;2503:58362.15028334216;2345:58386.38199720446;358:58397.2035028594;2372:58400.09022629433;2497:58406.593587751595;2203:58426.028002673;2223:58429.70315617204
0,3,default_vehtype,boarding,True,-1,58429.70315617204,58459.70315617204,58429.70315617204,0.0,2223;-1;-1,2223;-1;-1,0.0,0.9864086136239284,0.9864086136239284,0,,0,315,1,,315,,
0,7,default_vehtype,route,False,-1000,58321.81576584253,58601.85125200792,58321.81576584253,0.0,427;-1;-1,424;-1;-1,1654.0366241630002,0.9561931202459721,0.9560277165835561,0.0,,0,,0,,,427;3568;426;3474;425;3477;3476;3925;3665;338;3115;3666;3150;2675;3680;3203;424,427:58321.81576584253;3568:58390.12020787861;426:58391.53440573567;3474:58441.25443983138;425:58472.73648413095;3477:58474.55701009861;3476:58482.868151218885;3925:58488.5001536179;3665:58500.81523268133;338:58518.59979451666;3115:58520.85927503045;3666:58523.994148361446;3150:58549.70893323112;2675:58582.1843007611;3680:58583.53440157969;3203:58588.10900131859;424:58601.85125200792
0,7,default_vehtype,boarding,True,58080,58601.85125200792,58607.27757059654,58601.85125200792,0.0,424;-1;-1,424;-1;-1,0.0,0.9560277165835561,0.9560277165835561,0.0,,0,327,2,327,,,
0,9,default_vehtype,route,False,-1000,58260,58619.78765753021,58260,0,3044;-1;-1,2168;-1;-1,2815.9012373400005,0.5592501360806302,0.5589685459568963,0.0,,0,,0,,,3044;3046;3043;399;400;401;3982;3983;3993;3985;402;403;3811;3947;3618;405;406;3163;3896;2909;2681;407;3991;408;3989;409;3512;410;2997;3511;411;2684;3946;3519;2911;3520;2292;2293;2168,3044:58260;3046:58292.48190047907;3043:58303.92693547115;399:58310.47498832786;400:58321.0207050599;401:58324.706546670124;3982:58325.11508572799;3983:58331.9237957151;3993:58333.85053314356;3985:58349.39868362541;402:58359.39768980696;403:58367.41313999341;3811:58373.80562607804;3947:58382.51170923998;3618:58385.90141473126;405:58400.62493529648;406:58403.88938425974;3163:58409.17531180342;3896:58417.07246399594;2909:58418.621545727154;2681:58420.28100841507;407:58422.079812583936;3991:58427.45880024708;408:58436.896912686825;3989:58440.535425150214;409:58452.24543662512;3512:58458.57632459994;410:58463.21938620376;2997:58464.180747920575;3511:58467.29728036568;411:58498.40928301537;2684:58539.42452332566;3946:58565.710021916726;3519:58570.97379099884;2911:58577.5131182743;3520:58582.94521093408;2292:58612.032126212325;2293:58616.93730119751;2168:58619.78765753021
0,9,default_vehtype,boarding,True,58260,58619.78765753021,58633.335727852034,58619.78765753021,0.0,2168;-1;-1,2168;-1;-1,0.0,0.5589685459568963,0.5589685459568963,0,,0,330,2,330,,,
0,5,default_vehtype,route,False,-1000,58127.870628854944,58723.19850649514,58127.870628854944,0.0,3749;-1;-1,1736;-1;-1,4293.995412559999,0.837899446074654,0.8374700465333976,0.0,,0,316,1,,,3749;3684;2867;421;2866;3194;2865;34;3388;81;2653;2905;2627;3389;3335;2635;2583;3349;3351;3352;3350;749;748;544;747;1736,3749:58127.870628854944;3684:58144.24573581967;2867:58146.69805276786;421:58150.09519096285;2866:58151.72245907525;3194:58182.105135522565;2865:58186.44721063362;34:58214.75024486964;3388:58228.314211165525;81:58268.767339205304;2653:58286.44321390852;2905:58286.909675944175;2627:58296.89525691821;3389:58341.428299930565;3335:58356.16821051477;2635:58454.14953603454;2583:58477.1666063269;3349:58515.665805127224;3351:58518.901261554245;3352:58552.10859782291;3350:58564.38021870146;749:58595.68626284183;748:58640.79056303878;544:58677.17996727853;747:58711.43801358674;1736:58723.19850649514
0,5,default_vehtype,boarding,True,-1,58723.19850649514,58753.19850649514,58723.19850649514,0.0,1736;-1;-1,1736;-1;-1,0.0,0.8374700465333976,0.8374700465333976,0.0,,0,316,1,,316,,
0,8,default_vehtype,route,False,-1000,58302.2496451057,58755.67876395272,58302.2496451057,0.0,427;-1;-1,3859;-1;-1,1375.64543295,0.9678614126381551,0.9677238480948601,0.0,,0,,0,,,427;3568;426;3645;3987;3682;1405;1188;1187;1186;1264;1265;3859,427:58302.2496451057;3568:58344.09560982247;426:58345.50980767953;3645:58411.1059791738;3987:58425.06017610642;3682:58433.79832264576;1405:58466.445263976144;1188:58484.647692915554;1187:58493.015905058695;1186:58679.13596763145;1264:58711.44643523707;1265:58718.867250276926;3859:58755.67876395272
0,8,default_vehtype,boarding,True,57900,58755.67876395272,58769.6339187399,58755.67876395272,0.0,3859;-1;-1,3859;-1;-1,0.0,0.9677238480948601,0.9677238480948601,0,,0,325,1,325,,,
0,7,default_vehtype,route,False,-1000,58607.27757059654,58797.10491645979,58607.27757059654,0.0,424;-1;-1,3762;-1;-1,1271.58185451,0.9560277165835561,0.955900558398105,0.0,,0,327,2,,,424;3203;3204;3926;2670;2671;336;2252;3762,424:58607.27757059654;3203:58632.0110447211;3204:58632.979757213434;3926:58650.68983247601;2670:58672.803582625085;2671:58727.99453269587;336:58731.88478957447;2252:58785.254215065084;3762:58797.10491645979
0,7,default_vehtype,boarding,True,-1,58797.10491645979,58827.10491645979,58797.10491645979,0.0,3762;-1;-1,3762;-1;-1,0.0,0.955900558398105,0.955900558398105,0,,0,327,2,,327,,
0,5,default_vehtype,route,False,-1000,58800,58987.844114692365,58800,0,1736;-1;-1,259;-1;-1,1297.67387047,0.8374700465333976,0.8373402791463505,0.0,,0,,0,,,1736;747;544;1408;2220;2302;1214;350;2175;258;259,1736:58800;747:58819.967557307114;544:58844.06494045038;1408:58925.155211787445;2220:58937.87720220718;2302:58944.893316172886;1214:58947.98953137969;350:58954.21438970565;2175:58961.82337604585;258:58963.71307895166;259:58987.844114692365
0,6,default_vehtype,route,False,-1000,58150.61144026776,59026.97512148938,58150.61144026776,0.0,1802;-1;-1,3427;-1;-1,5173.104986380001,0.9111720617898996,0.9106547512912618,0.0,,0,,0,,,1802;1227;1226;2599;3042;3116;49;50;2592;2591;3329;45;3931;3387;145;3177;3178;3873;3771;428;2716;3314;3568;426;3474;3475;3477;3476;3925;3665;338;3115;3427,1802:58150.61144026776;1227:58237.21466958479;1226:58249.8255543508;2599:58276.2321184379;3042:58280.568990706735;3116:58302.366119730854;49:58308.746621705235;50:58317.8793373067;2592:58343.21280909616;2591:58345.64513747742;3329:58361.449389293586;45:58395.82403616527;3931:58459.71251757658;3387:58479.82626647514;145:58532.897786881025;3177:58555.7302538998;3178:58616.89191782781;3873:58712.91817518346;3771:58734.118840017356;428:58763.909044912776;2716:58765.278358805204;3314:58847.62553582972;3568:58851.92347680527;426:58853.33767466233;3474:58903.05770875804;3475:58908.578350232485;3477:58938.35475489708;3476:58953.0990825327;3925:58958.11487474667;3665:58983.45759128984;338:59004.048663652626;3115:59008.35203039114;3427:59026.97512148938
0,6,default_vehtype,boarding,True,58080,59026.97512148938,59033.55255684467,59026.97512148938,0.0,3427;-1;-1,3427;-1;-1,0.0,0.9106547512912618,0.9106547512912618,0,,0,328,1,328,,,
0,9,default_vehtype,route,False,-1000,58633.335727852034,59056.164307331695,58633.335727852034,0.0,2168;-1;-1,2457;-1;-1,3028.0796096800004,0.5589685459568963,0.5586657379959279,0.0,,0,330,2,,,2168;1082;1081;1080;3948;3933;694;411;3511;2997;410;3512;409;3989;408;3991;407;100;2909;3896;3163;406;405;3618;3947;3811;403;402;3985;3993;3983;3982;401;400;399;3043;3046;3044;2457,2168:58633.335727852034;1082:58640.6079219627;1081:58646.22158470675;1080:58653.931894475274;3948:58671.471445965384;3933:58674.80034706741;694:58682.54547358563;411:58736.222343240755;3511:58749.206896708405;2997:58752.554849523476;410:58753.43583431089;3512:58756.62832694048;409:58762.330886869415;3989:58777.3417377415;408:58780.60912081302;3991:58792.05348299355;407:58797.088416652536;100:58799.279530326414;2909:58800.527944416375;3896:58802.04096506838;3163:58805.90930431987;406:58810.011829098024;405:58818.903241955115;3618:58860.02419817273;3947:58869.22097982261;3811:58873.01255440551;403:58880.043971226056;402:58890.97979153439;3985:58907.840241525315;3993:58920.282097643074;3983:58922.45619250614;3982:58927.44931721188;401:58930.30111415488;400:58945.416629218045;399:58965.3963767048;3043:58980.44004803862;3046:58988.85819704806;3044:59045.6893207545;2457:59056.164307331695
0,2,default_vehtype,route,False,-1000,58260,59069.80415663731,58260,0,30;1679;0.507,2293;-1;-1,6496.236632475777,0.9905189895908961,0.9898693659276486,0.0,,0,,0,,,30;1679;1652;1680;1681;494;701;702;703;704;705;706;707;3548;3546;3545;384;2955;708;2957;709;710;2275;635;1742;3162;3161;1323;1324;1325;1111;1326;1287;1327;3295;3294;645;3291;3290;644;2853;2947;3158;2999;98;3281;693;2998;3927;694;3933;3948;1080;1081;1082;2168;2293,30:58260;1679:58266.33836338254;1652:58276.1753348727;1680:58301.82268609267;1681:58339.915639622945;494:58364.92744677788;701:58393.57586253567;702:58403.78387898898;703:58414.00652292481;704:58428.14569416955;705:58445.09622195952;706:58448.23340600558;707:58448.79653335177;3548:58454.998681212564;3546:58455.48505506641;3545:58456.400493331384;384:58480.86072864666;2955:58485.329796717124;708:58487.09920064027;2957:58496.14139499387;709:58517.8993546375;710:58539.28079873966;2275:58546.56211225031;635:58557.06439227782;1742:58584.85275943548;3162:58600.8326540803;3161:58658.11671882675;1323:58660.18437105038;1324:58663.196722733235;1325:58676.51764181476;1111:58703.36621696099;1326:58716.18783572032;1287:58722.164858696226;1327:58744.37993541139;3295:58747.04531300125;3294:58756.232347934696;645:58795.387387376555;3291:58802.677717318664;3290:58807.1653960107;644:58811.60110481428;2853:58818.874413839556;2947:58850.961349632176;3158:58854.64574138949;2999:58859.277512604196;98:58863.12549133995;3281:58872.92973997059;693:58932.411653188;2998:58937.09713749452;3927:58939.97208244322;694:58957.88373777047;3933:58974.82994733858;3948:58977.06568913797;1080:59019.43252258698;1081:59025.62888922779;1082:59044.410500974715;2168:59063.3263978846;2293:59069.80415663731
0,2,default_vehtype,boarding,True,58260,59069.80415663731,59075.052622254756,59069.80415663731,0.0,2293;-1;-1,2293;-1;-1,0.0,0.9898693659276486,0.9898693659276486,0,,0,331,2,331,,,
0,9,default_vehtype,boarding,True,-1,59056.164307331695,59086.164307331695,59056.164307331695,0.0,2457;-1;-1,2457;-1;-1,0.0,0.5586657379959279,0.5586657379959279,0,,0,330,2,,330,,
0,5,default_vehtype,boarding,True,58800,58987.844114692365,59129.902378041836,58987.844114692365,0.0,259;-1;-1,259;-1;-1,0.0,0.8373402791463505,0.8373402791463505,0,,0,337,2,337,,,
0,7,default_vehtype,route,False,-1000,58827.10491645979,59135.81900737246,58827.10491645979,0.0,3762;-1;-1,236;-1;-1,2058.1293355100006,0.955900558398105,0.9556947454645539,0.0,,0,,0,,,3762;2252;336;3974;337;338;3115;3427;3426;3425;3424;3422;3420;3419;214;236,3762:58827.10491645979;2252:58835.012717551064;336:58856.50058639539;3974:58897.18879220414;337:58900.315892521525;338:58940.096920341464;3115:58944.40028707998;3427:58963.023378178215;3426:58975.50556188556;3425:58984.85262014123;3424:59062.06741240269;3422:59072.16989420975;3420:59097.430778513466;3419:59118.754733500675;214:59122.00597400257;236:59135.81900737246
0,4,default_vehtype,route,False,-1000,58208.517773353116,59257.776959125564,58208.517773353116,0.0,2445;-1;-1,1217;-1;-1,5554.679150876998,0.989822288005638,0.9892668200905512,0.0,,0,320,2,,,2445;4008;4011;4010;422;2688;2687;3680;2675;3670;1815;1517;3425;3424;265;1518;214;3419;213;212;2306;3593;3824;2205;2206;3868;3869;969;302;1573;257;1344;2388;1750;1751;1864;2230;1274;2918;2229;1883;1860;1216;1217,2445:58208.517773353116;4008:58234.21193005354;4011:58236.54003501471;4010:58237.116090027215;422:58281.76178222834;2688:58284.428679287026;2687:58359.06095959671;3680:58425.847145590786;2675:58427.094011098714;3670:58434.113711140424;1815:58461.84729638702;1517:58497.617757962864;3425:58501.30004647311;3424:58563.93558615254;265:58568.39555528344;1518:58587.36762887311;214:58734.00488326233;3419:58739.15640308488;213:58820.06974937364;212:58894.03756400793;2306:58926.357715022925;3593:58931.13915645902;3824:58933.58788879034;2205:58941.814819924766;2206:58962.29620380176;3868:58988.944229871464;3869:58990.339656515986;969:59001.76878945852;302:59016.40371553899;1573:59030.421661357046;257:59041.48691055538;1344:59053.88458950312;2388:59063.36904208671;1750:59109.2953450058;1751:59135.681734156555;1864:59148.796601759415;2230:59171.70308209487;1274:59174.55487711028;2918:59175.833555520476;2229:59194.60248705433;1883:59202.643376698;1860:59218.85477167716;1216:59252.417637348044;1217:59257.776959125564
0,4,default_vehtype,boarding,True,-1,59257.776959125564,59287.776959125564,59257.776959125564,0.0,1217;-1;-1,1217;-1;-1,0.0,0.9892668200905512,0.9892668200905512,0,,0,320,2,,320,,
0,7,default_vehtype,boarding,True,58800,59135.81900737246,59415.63739802502,59135.81900737246,0.0,236;-1;-1,236;-1;-1,0.0,0.9556947454645539,0.9556947454645539,0,,0,336,1,336,,,
0,2,default_vehtype,route,False,-1000,59075.052622254756,59465.42382337026,59075.052622254756,0.0,2293;-1;-1,2457;-1;-1,3115.5894957299993,0.9898693659276486,0.9895578069780752,0.0,,0,331,2,,,2293;2168;1082;1081;1080;3948;3933;694;411;3511;2997;410;3512;409;3989;2683;3988;3992;2681;2909;3896;3163;406;405;3618;3947;3811;403;402;3985;3993;3983;3982;401;400;399;3043;3046;3047;3949;2062;2457,2293:59075.052622254756;2168:59090.33355986717;1082:59103.669602041555;1081:59106.47655157084;1080:59110.76333778707;3948:59128.63954554083;3933:59129.7293721355;694:59134.97756812312;411:59166.49277859371;3511:59184.77291668159;2997:59189.10480549278;410:59191.745956661325;3512:59194.37652935112;409:59201.892461525014;3989:59216.29295859197;2683:59219.69234883188;3988:59224.8303633935;3992:59239.77678257603;2681:59241.39156254002;2909:59243.78361997817;3896:59245.7912232941;3163:59250.61366962026;406:59254.53740223599;405:59265.55453801344;3618:59280.93293546133;3947:59289.0180249807;3811:59295.0306433758;403:59307.35655029453;402:59317.17490931187;3985:59347.26904487751;3993:59350.90270975246;3983:59353.07680461553;3982:59358.06992932127;401:59360.92172626426;400:59376.03724132743;399:59396.01698881418;3043:59411.060660148;3046:59419.478809157445;3047:59421.69914835966;3949:59426.64953601419;2062:59459.63580463616;2457:59465.42382337026
0,2,default_vehtype,boarding,True,-1,59465.42382337026,59495.42382337026,59465.42382337026,0.0,2457;-1;-1,2457;-1;-1,0.0,0.9895578069780752,0.9895578069780752,0,,0,331,2,,331,,
0,6,default_vehtype,route,False,-1000,59033.55255684467,59521.75600215987,59033.55255684467,0.0,3427;-1;-1,3719;-1;-1,3409.995316111001,0.9106547512912618,0.9103137517596503,0.0,,0,328,1,,,3427;3426;3425;1517;1815;3670;2675;3680;2687;423;422;421;2866;3446;3805;4003;4001;2632;870;3804;3803;3802;680;871;872;3719,3427:59033.55255684467;3426:59046.034740552015;3425:59055.381798807684;1517:59058.60581657013;1815:59081.45271151915;3670:59116.24271948009;2675:59120.19084663881;3680:59122.17772908826;2687:59187.51330299166;423:59189.54047109912;422:59254.60716317384;421:59316.23334631541;2866:59318.93791761134;3446:59341.511244056994;3805:59353.42906563475;4003:59368.212581805055;4001:59372.23637518138;2632:59374.607855691764;870:59393.7723375564;3804:59401.89223977266;3803:59402.323563067366;3802:59407.268715887105;680:59431.525671459225;871:59447.786947925095;872:59458.60142635985;3719:59521.75600215987
0,11,default_vehtype,route,False,-1000,58260.0,59523.014094012375,58260.0,0.0,2816;-1;-1,1671;-1;-1,15668.23609218299,0.5877836804683606,0.5862168568591418,0.0,,0,,0,,,2816;28;3049;2786;3734;3454;2958;3231;1184;1977;3164;1944;3342;1510;1544;3742;1909;3382;1914;1461;3340;1990;3343;3341;1930;3879;3740;4034;4033;4052;4053;4054;35;3798;4055;4056;3847;3062;3063;2652;2932;2740;2741;2903;42;3037;89;3086;38;355;2902;3881;2936;3237;3084;3083;3072;3073;3036;36;3642;3374;37;964;3379;68;2666;2641;2567;18;2836;3890;3887;3889;3888;4058;4059;19;20;3895;3894;3893;3104;3103;3093;3094;3488;2566;3095;21;4063;4064;2847;22;2650;2649;3096;3300;3298;2120;2225;1501;1500;1671,2816:58260;28:58281.67259373546;3049:58313.05740986417;2786:58319.11693689613;3734:58367.953496706854;3454:58378.537334996785;2958:58380.871485983735;3231:58386.84768737413;1184:58401.53057514178;1977:58418.37885077478;3164:58424.83056453695;1944:58458.51672856837;3342:58459.842576462404;1510:58467.12355725352;1544:58476.36861996681;3742:58481.655584252934;1909:58482.9239679157;3382:58486.14864940502;1914:58489.69286269095;1461:58501.681799784834;3340:58507.34916176763;1990:58515.53822888152;3343:58523.58238173062;3341:58544.61614249765;1930:58549.05205517679;3879:58569.71043262792;3740:58572.69107156702;4034:58574.0981351503;4033:58580.57330059072;4052:58586.710522428366;4053:58588.998800847396;4054:58589.843566702984;35:58593.47161611557;3798:58628.164529103895;4055:58632.20263048958;4056:58632.87028214468;3847:58635.024162810914;3062:58651.910387554315;3063:58657.18080788427;2652:58687.0086298488;2932:58692.29661759709;2740:58700.92577796723;2741:58707.264040510476;2903:58715.08041008518;42:58737.06125978517;3037:58739.770829089204;89:58741.132532808384;3086:58749.14206816142;38:58770.53587572801;355:58778.75659655745;2902:58818.875871094395;3881:58820.74718424849;2936:58821.222233934495;3237:58823.72783733238;3084:58868.28264911247;3083:58879.28881709018;3072:58889.240846348075;3073:58899.046733239375;3036:58958.64221621337;36:58966.480047521174;3642:58974.1690061796;3374:58984.60596632667;37:58987.25131917471;964:58988.187823244254;3379:58989.89354642991;68:58999.98091781935;2666:59005.55045022597;2641:59048.459780191726;2567:59075.14752952814;18:59083.611730488585;2836:59095.18155732399;3890:59099.45364426982;3887:59118.236489634655;3889:59125.34232105121;3888:59132.70712805014;4058:59142.483998118616;4059:59143.26452774827;19:59150.24855888743;20:59157.83598816799;3895:59173.25198835222;3894:59186.47855569358;3893:59191.592200087995;3104:59195.52675757558;3103:59207.27881371292;3093:59213.43494137543;3094:59214.41744330674;3488:59216.451119441736;2566:59216.87380468597;3095:59221.245234541;21:59244.77295394292;4063:59254.47936591672;4064:59254.94914609276;2847:59257.676554168975;22:59270.43221462445;2650:59275.69185189738;2649:59280.81019962803;3096:59283.962108560016;3300:59347.193041816754;3298:59355.70703505857;2120:59373.585793825594;2225:59383.449014721904;1501:59390.726787374086;1500:59408.056470964184;1671:59523.014094012375
0,11,default_vehtype,boarding,True,58260,59523.014094012375,59523.879274032355,59523.014094012375,0.0,1671;-1;-1,1671;-1;-1,0.0,0.5862168568591418,0.5862168568591418,0.0,,0,329,1,329,,,
0,5,default_vehtype,route,False,-1000,59129.902378041836,59552.48320619232,59129.902378041836,0.0,259;-1;-1,137;-1;-1,1720.5855651999998,0.8373402791463505,0.8371682205898293,0.0,,0,337,2,,,259;258;2175;350;1214;2302;2220;1408;544;748;749;137,259:59129.902378041836;258:59143.30183136322;2175:59151.19982533446;350:59174.133747161955;1214:59189.86854594767;2302:59193.11972968656;2220:59221.68126569346;1408:59225.8327943932;544:59407.29484135609;748:59439.615510531774;749:59517.81804849285;137:59552.48320619232
0,6,default_vehtype,boarding,True,-1,59521.75600215987,59551.75600215987,59521.75600215987,0.0,3719;-1;-1,3719;-1;-1,0.0,0.9103137517596503,0.9103137517596503,0.0,,0,328,1,,328,,
0,10,default_vehtype,route,False,-1000,57952.64704661555,59565.13859674076,57952.64704661555,0.0,2355;-1;-1,3044;-1;-1,10274.562827249994,0.7820109019007632,0.7809834456180386,0.0,,0,313,2,,,2355;746;747;544;748;749;3350;3352;3351;134;2583;2638;33;2578;2579;2655;3450;2864;3448;199;198;197;2701;3334;3393;2996;162;146;3878;3617;933;3508;3813;3934;3979;3509;410;3512;409;3989;408;3991;407;2681;2909;3896;3163;406;405;3618;3947;3811;403;402;3985;3993;3983;3982;401;400;399;3043;3046;3047;3949;2062;3044,2355:57952.64704661555;746:57962.76565650055;747:57976.81414203814;544:58053.41201634349;748:58087.829237375765;749:58136.55351041337;3350:58166.63157896466;3352:58183.08106871182;3351:58209.22886124444;134:58262.01772370179;2583:58270.29905648367;2638:58290.083354964074;33:58320.407745026365;2578:58438.618904426454;2579:58555.45608970018;2655:58630.37222272103;3450:58699.261400168725;2864:58707.04414594296;3448:58713.797745555516;199:58723.127766711485;198:58888.01338450651;197:58895.76630995934;2701:58898.426043374195;3334:58986.715589598;3393:59084.686509524116;2996:59127.726218091004;162:59132.65247668965;146:59153.14315748481;3878:59158.43696724904;3617:59196.723434666936;933:59203.38199835868;3508:59212.258213578025;3813:59218.16320587518;3934:59235.84442563463;3979:59248.35184403171;3509:59282.44651488423;410:59286.54257489291;3512:59289.173147582704;409:59296.6890797566;3989:59311.08957682356;408:59317.10275790209;3991:59335.71849779802;407:59338.65298517144;2681:59340.727999855146;2909:59343.120057293294;3896:59345.12766060923;3163:59349.95010693539;406:59353.87383955112;405:59364.89097532857;3618:59380.269372776456;3947:59388.35446229583;3811:59394.36708069093;403:59406.692987609655;402:59416.511346627;3985:59446.60548219264;3993:59450.23914706759;3983:59452.413241930655;3982:59457.406366636395;401:59460.25816357939;400:59475.37367864256;399:59495.35342612931;3043:59510.39709746313;3046:59518.81524647257;3047:59521.59077899225;3949:59527.200860455305;2062:59562.24361734869;3044:59565.13859674076
0,5,default_vehtype,boarding,True,-1,59552.48320619232,59582.48320619232,59552.48320619232,0.0,137;-1;-1,137;-1;-1,0.0,0.8371682205898293,0.8371682205898293,0,,0,337,2,,337,,
0,10,default_vehtype,boarding,True,-1,59565.13859674076,59595.13859674076,59565.13859674076,0.0,3044;-1;-1,3044;-1;-1,0.0,0.7809834456180386,0.7809834456180386,0,,0,313,2,,313,,
0,5,default_vehtype,route,False,-1000,59582.48320619232,59650.142079592624,59582.48320619232,0.0,137;-1;-1,3788;-1;-1,324.312613,0.8371682205898293,0.8371357893285291,0.0,,0,,0,,,137;749;3788,137:59582.48320619232;749:59631.48350629353;3788:59650.142079592624
0,5,default_vehtype,boarding,True,59280,59650.142079592624,59673.12780998959,59650.142079592624,0.0,3788;-1;-1,3788;-1;-1,0.0,0.8371357893285291,0.8371357893285291,0,,0,343,1,343,,,
0,3,default_vehtype,route,False,-1000,58500,59683.032430320796,58500,0,2223;-1;-1,2384;-1;-1,6600.895311403001,0.9864086136239284,0.9857485240927876,0.0,,0,,0,,,2223;2203;2497;2372;358;2345;2503;2403;1888;4032;3862;4031;4030;3112;3054;2715;172;3771;428;427;3568;426;3474;425;3477;3476;3925;3665;338;3115;3666;3150;2675;3680;2687;2688;422;421;2866;3446;3805;4003;420;4002;4067;2633;331;332;333;2384,2223:58500;2203:58518.07673585099;2497:58564.94613639295;2372:58570.85666520661;358:58572.472507550694;2345:58586.69396608568;2503:58594.44362503589;2403:58662.744292539355;1888:58694.65897153582;4032:58718.83306715134;3862:58729.27960441678;4031:58736.08701658053;4030:58746.546441763436;3112:58865.352897876306;3054:58895.86514671071;2715:58909.90186070746;172:58912.05139593187;3771:58917.11992383412;428:58961.1161082925;427:58988.28952291095;3568:59019.09427248497;426:59021.133761526085;3474:59086.27467019788;425:59128.793401988856;3477:59136.60785113027;3476:59151.35217876589;3925:59156.36797097986;3665:59181.71068752303;338:59202.30175988581;3115:59206.60512662433;3666:59211.97642312656;3150:59244.27026389153;2675:59266.20508057232;3680:59268.19196302177;2687:59333.52753692517;2688:59394.094703955794;422:59407.1211297055;421:59468.74731284707;2866:59471.451884143;3446:59494.025210588654;3805:59505.94303216641;4003:59520.89938780786;420:59525.78057316847;4002:59527.22569618647;4067:59528.850992628075;2633:59589.11396190822;331:59611.554194899574;332:59643.34359395169;333:59657.79801665738;2384:59683.032430320796
0,4,default_vehtype,route,False,-1000,59287.776959125564,59713.53223888517,59287.776959125564,0.0,1217;-1;-1,2203;-1;-1,1267.1779962299997,0.9892668200905512,0.989140102290929,0.0,,0,,0,,,1217;1216;1792;1882;1881;1880;2403;2503;2345;358;2372;2497;2203,1217:59287.776959125564;1216:59298.52605386133;1792:59309.567256938775;1882:59337.937181820256;1881:59339.419841658295;1880:59458.61921678783;2403:59521.688315641964;2503:59619.1373345387;2345:59639.125268845346;358:59665.82187039701;2372:59669.33055312738;2497:59683.669301121205;2203:59713.53223888517
0,3,default_vehtype,boarding,True,58500,59683.032430320796,59727.54402241501,59683.032430320796,0.0,2384;-1;-1,2384;-1;-1,0.0,0.9857485240927876,0.9857485240927876,0,,0,335,1,335,,,
0,4,default_vehtype,boarding,True,59280,59713.53223888517,59724.581623593105,59713.53223888517,0.0,2203;-1;-1,2203;-1;-1,0.0,0.989140102290929,0.989140102290929,0,,0,342,1,342,,,
0,9,default_vehtype,route,False,-1000,59086.164307331695,59793.164874277034,59086.164307331695,0.0,2457;-1;-1,1390;-1;-1,5657.678832689997,0.5586657379959279,0.5580999701126587,0.0,,0,,0,,,2457;2062;3949;3047;3046;3043;399;400;401;3982;3983;3993;3985;402;403;3811;3947;3618;405;406;3163;3896;2909;2681;407;3991;408;3989;409;3512;410;3509;3979;3934;3813;3508;933;3617;3878;2995;2646;2654;2699;2700;63;3449;199;1390,2457:59086.164307331695;2062:59096.22970319562;3949:59114.21019469084;3047:59117.47943465305;3046:59120.366166449654;3043:59130.46860176954;399:59133.292993040166;400:59141.02679520992;401:59146.06035035277;3982:59147.672195082756;3983:59153.94157641216;3993:59157.45168170876;3985:59165.026563983694;402:59172.54721445218;403:59175.856902094994;3811:59183.97106064629;3947:59188.10012232322;3618:59194.41640609694;405:59202.991034307655;406:59207.734210355746;3163:59213.187422187395;3896:59215.59074588039;2909:59216.50642474054;2681:59218.59482126708;407:59219.32835011548;3991:59222.26111639698;408:59227.0323546413;3989:59232.37151343358;409:59241.37782389697;3512:59247.94122020341;410:59250.85239908595;3509:59254.40672003051;3979:59268.741687542526;3934:59279.9990414156;3813:59288.423232158;3508:59300.814711096624;933:59314.098803425324;3617:59322.548773553244;3878:59356.54617394139;2995:59365.94712923897;2646:59391.647423462426;2654:59477.20960990701;2699:59516.284101315134;2700:59542.74784152309;63:59577.59289246704;3449:59654.07241379459;199:59695.62608927544;1390:59793.164874277034
0,9,default_vehtype,boarding,True,58980,59793.164874277034,59800.88108703781,59793.164874277034,0.0,1390;-1;-1,1390;-1;-1,0.0,0.5580999701126587,0.5580999701126587,0,,0,340,1,340,,,
0,6,default_vehtype,route,False,-1000,59551.75600215987,60139.65149875241,59551.75600215987,0.0,3719;-1;-1,3562;-1;-1,4229.088760299,0.9103137517596503,0.9098908428836207,0.0,,0,,0,,,3719;273;272;871;680;681;682;683;3685;1058;3667;1057;3898;3899;956;2867;2906;2688;2687;423;424;3203;3204;3926;3150;3666;3115;3427;4069;833;327;3564;3566;3565;3563;3562,3719:59551.75600215987;273:59561.49669649094;272:59566.65530533213;871:59586.24632831372;680:59589.95811308532;681:59603.05048182268;682:59611.07718855655;683:59618.34424181002;3685:59628.61018748627;1058:59667.37457464424;3667:59677.395165085094;1057:59691.68441013393;3898:59702.69587644807;3899:59715.074832654405;956:59715.557994678085;2867:59738.6025071607;2906:59751.12789477741;2688:59782.524285174346;2687:59837.03041574166;423:59838.14538538582;424:59873.60740718803;3203:59890.643780415245;3204:59892.307389582274;3926:59909.97288247796;3150:59921.09895985766;3666:59951.27706481283;3115:59953.95111825019;3427:59991.07005779189;4069:60053.08892711659;833:60078.03194049785;327:60111.77237091923;3564:60131.42588271403;3566:60134.57889415965;3565:60135.340454075274;3563:60137.844580058154;3562:60139.65149875241
0,5,default_vehtype,route,False,-1000,59673.12780998959,60149.386309145644,59673.12780998959,0.0,3788;-1;-1,427;-1;-1,2587.899074290001,0.8371357893285291,0.8368769994211003,0.0,,0,343,1,,,3788;749;748;544;1408;2220;2302;1214;350;2175;258;2221;1406;1188;1405;3682;3987;3645;426;3568;427,3788:59673.12780998959;749:59700.35430366072;748:59763.72564339442;544:59805.50486512072;1408:59862.13227858642;2220:59878.49337254161;2302:59879.885419357015;1214:59887.17089092103;350:59900.4513983857;2175:59945.25430540395;258:59961.92338235489;2221:59972.33763845887;1406:59979.177496897326;1188:60025.212422314544;1405:60055.22007417725;3682:60071.52597480685;3987:60077.128420371715;3645:60089.51386602179;426:60107.534626280016;3568:60109.34330611833;427:60149.386309145644
0,8,default_vehtype,route,False,-1000,58769.6339187399,60161.133624272596,58769.6339187399,0.0,3859;-1;-1,1587;-1;-1,7452.688628767003,0.9677238480948601,0.9669785792319815,0.0,,0,325,1,,,3859;1265;1266;1845;348;349;3571;1407;1408;544;3183;543;393;392;391;390;389;388;387;1483;2669;1482;3182;3107;2837;105;107;13;24;23;3122;2536;2762;2595;4076;3487;3557;3155;1588;2834;1587,3859:58769.6339187399;1265:58779.36894240307;1266:58811.46212103946;1845:58816.96617425934;348:58848.43619473322;349:58864.496525866525;3571:58920.9036298447;1407:58924.103798247095;1408:58934.00733165799;544:59115.46937862087;3183:59132.94450296976;543:59139.007330626206;393:59141.19222764241;392:59142.958485260846;391:59161.33220615867;390:59171.44530360765;389:59178.98027072634;388:59184.914967618955;387:59275.294940402564;1483:59414.360995594296;2669:59510.59199426584;1482:59513.70767851919;3182:59559.51319386957;3107:59587.76061702781;2837:59670.14524576429;105:59867.614809864375;107:59871.3967410674;13:59907.71729758137;24:59908.83971398755;23:59910.90441406157;3122:59938.828769580636;2536:59987.38668868285;2762:60029.275152542235;2595:60072.44046819246;4076:60083.841152381305;3487:60117.326906529415;3557:60120.18619787258;3155:60132.57421295464;1588:60140.676282480905;2834:60153.567364634844;1587:60161.133624272596
0,1,default_vehtype,route,False,-1000,58372.72374629185,60171.6135298498,58372.72374629185,0.0,1585;-1;-1,1478;-1;-1,12239.849593080015,0.9869051600138986,0.9856811750545915,0.0,,0,319,1,,,1585;898;1584;3405;3033;3432;3026;2587;3028;4;2573;2618;3455;2534;3331;2580;0;3057;56;71;3272;1;2596;3054;3112;4030;4031;3862;4032;1888;2403;2503;2345;358;2372;2497;2203;2223;1717;2179;1336;1318;2042;580;1967;1966;1476;1477;626;584;1478,1585:58372.72374629185;898:58382.050401107794;1584:58393.50495639918;3405:58399.65894894588;3033:58402.68361323993;3432:58417.51701225346;3026:58495.407911106355;2587:58512.44425291548;3028:58522.34739893065;4:58536.1484121138;2573:58542.76826247139;2618:58587.113918611176;3455:58620.30437939935;2534:58628.83395025714;3331:58650.50623226272;2580:58979.82142345183;0:59080.326808786005;3057:59114.584857793656;56:59154.175107918054;71:59183.7804925299;3272:59235.721967988364;1:59275.0339713985;2596:59305.730048151985;3054:59309.65760818068;3112:59328.88681709342;4030:59458.06901888069;4031:59467.822612387565;3862:59479.49395947863;4032:59490.418160729474;1888:59534.110817924884;2403:59542.820788800105;2503:59640.26980769684;2345:59660.25774200349;358:59686.95434355515;2372:59690.46302628552;2497:59704.801774279345;2203:59734.66471204331;2223:59737.46473732361;1717:59738.685783293695;2179:59749.104775929685;1336:60019.45677806633;1318:60047.297448002784;2042:60059.758115934375;580:60098.22819365175;1967:60100.62372883329;1966:60110.232798376375;1476:60114.95270903836;1477:60124.35760614738;626:60130.93055386946;584:60134.56924622605;1478:60171.6135298498
0,5,default_vehtype,boarding,True,-1,60149.386309145644,60179.386309145644,60149.386309145644,0.0,427;-1;-1,427;-1;-1,0.0,0.8368769994211003,0.8368769994211003,0.0,,0,343,1,,343,,
0,1,default_vehtype,boarding,True,-1,60171.6135298498,60201.6135298498,60171.6135298498,0.0,1478;-1;-1,1478;-1;-1,0.0,0.9856811750545915,0.9856811750545915,0,,0,319,1,,319,,
0,8,default_vehtype,boarding,True,58920,60161.133624272596,60259.154894564745,60161.133624272596,0.0,1587;-1;-1,1587;-1;-1,0.0,0.9669785792319815,0.9669785792319815,0,,0,325;338,2,338,325,,
0,6,default_vehtype,boarding,True,59340,60139.65149875241,60265.53157193467,60139.65149875241,0.0,3562;-1;-1,3562;-1;-1,0.0,0.9098908428836207,0.9098908428836207,0,,0,345,1,345,,,
0,7,default_vehtype,route,False,-1000,59415.63739802502,60302.62329681412,59415.63739802502,0.0,236;-1;-1,199;-1;-1,4076.9605859399994,0.9556947454645539,0.9552870494059602,0.0,,0,336,1,,,236;4050;235;234;233;232;661;2144;1312;1311;519;1310;2193;2192;2123;2358;1494;1495;466;465;1859;1858;3200;3831;3199;1057;1056;956;3899;3684;2866;3446;3805;4003;420;4068;268;3119;3450;3449;199,236:59415.63739802502;4050:59435.71390389463;235:59443.27800417144;234:59457.79289081486;233:59469.07417842291;232:59481.78338124631;661:59488.766382564645;2144:59502.60471735311;1312:59506.0205179284;1311:59523.141380893154;519:59578.474944741814;1310:59595.98176363037;2193:59634.46413358991;2192:59636.33209339015;2123:59742.05148265439;2358:59753.186074755184;1494:59760.482062267365;1495:59768.25676234872;466:59825.306031490676;465:59834.72426487653;1859:59854.65364412781;1858:59901.675756120894;3200:59905.15434663287;3831:59914.793249233066;3199:59919.22900296315;1057:59924.38662289664;1056:59939.43901887318;956:59959.79154963392;3899:59960.73756789176;3684:59983.306293567126;2866:59988.17553328992;3446:60017.002017940984;3805:60037.237055790094;4003:60055.53744067703;420:60060.41862603764;4068:60061.8830614293;268:60125.21254409629;3119:60175.96941115352;3450:60224.156877737514;3449:60228.25243565761;199:60302.62329681412
0,7,default_vehtype,boarding,True,-1,60302.62329681412,60332.62329681412,60302.62329681412,0.0,199;-1;-1,199;-1;-1,0.0,0.9552870494059602,0.9552870494059602,0,,0,336,1,,336,,
0,1,default_vehtype,route,False,-1000,60201.6135298498,60358.79263034113,60201.6135298498,0.0,1478;-1;-1,1013;-1;-1,1497.9316440639998,0.9856811750545915,0.9855313818901851,0.0,,0,,0,,,1478;1901;1138;1900;4007;1899;1898;1893;3653;3654;254;253;192;2304;1474;1473;1472;802;1014;1013,1478:60201.6135298498;1901:60209.68456979518;1138:60219.422866097564;1900:60221.777288166944;4007:60223.79709513668;1899:60239.08110045724;1898:60243.912463916495;1893:60264.23602755175;3653:60271.98302643595;3654:60283.55537277717;254:60287.37199792815;253:60297.121054137744;192:60301.32435360144;2304:60307.75223192576;1474:60312.63956439346;1473:60326.83659655277;1472:60339.248750102335;802:60343.710187308316;1014:60346.57545960465;1013:60358.79263034113
0,7,default_vehtype,route,False,-1000,60332.62329681412,60360.90921403156,60332.62329681412,0.0,199;-1;-1,3448;-1;-1,60.38395546,0.9552870494059602,0.9552810110104143,0.0,,0,,0,,,199;3448,199:60332.62329681412;3448:60360.90921403156
0,3,default_vehtype,route,False,-1000,59727.54402241501,60422.806247726294,59727.54402241501,0.0,2384;-1;-1,3174;-1;-1,5075.989892210004,0.9857485240927876,0.9852409251035663,0.0,,0,335,1,,,2384;333;272;871;872;1051;1052;1062;1061;1075;807;959;1941;227;228;229;230;1350;2067;2195;2196;1870;1772;1158;481;1733;1773;1304;1387;1734;1520;1015;3414;3413;3412;3169;3170;3171;3172;3174,2384:59727.54402241501;333:59743.88318256645;272:59750.18486496813;871:59769.77588794971;872:59785.57979865511;1051:59786.4529437574;1052:59825.73985260356;1062:59837.74741101124;1061:59850.45933023724;1075:59862.1988740842;807:59895.84045364324;959:59900.83651750637;1941:59906.3565045515;227:59917.980394414815;228:59931.311478761185;229:59981.37138521112;230:60017.9992087214;1350:60024.098012291586;2067:60038.35715577926;2195:60058.524936682705;2196:60062.87942214095;1870:60076.43797030843;1772:60082.113764382804;1158:60091.261646676714;481:60109.29333083627;1733:60113.0722808594;1773:60124.03557658249;1304:60197.92909331098;1387:60216.30888184329;1734:60231.0161889891;1520:60242.149052978595;1015:60256.8616099066;3414:60258.007815102064;3413:60288.194142112094;3412:60301.43787590327;3169:60314.61820614139;3170:60359.32772123909;3171:60397.81493936643;3172:60417.59866247872;3174:60422.806247726294
0,10,default_vehtype,route,False,-1000,59880,60438.50689710697,59880,0,3044;-1;-1,1392;-1;-1,5059.633340988001,0.7809834456180386,0.7804774822839399,0.0,,0,,0,,,3044;3046;3045;3876;3043;399;400;401;3982;3983;3993;3985;402;403;3811;404;3618;405;406;3176;100;407;2681;3285;99;98;2999;3445;3443;3289;2896;2153;2329;2330;2331;2332;774;895;2048;2025;1189;1768;1566;1251;2333;1198;1872;2178;2824;3646;504;3208;2698;3841;502;1392,3044:59880;3046:59901.57794391584;3045:59903.111364623524;3876:59905.742490789664;3043:59911.62821297084;399:59915.64247671303;400:59925.09335586883;401:59932.68643332187;3982:59933.65723374311;3983:59936.52711731469;3993:59937.563698505255;3985:59945.09237097444;402:59953.79755468144;403:59963.62966652753;3811:59971.264274203444;404:59974.083029262656;3618:59982.50482333883;405:60003.50074786454;406:60021.894469789564;3176:60026.10373520645;100:60027.341321237735;407:60028.96859426423;2681:60029.84714206671;3285:60034.96557984547;99:60061.36033984503;98:60064.78250766014;2999:60065.79384120716;3445:60070.958740734844;3443:60105.44928653021;3289:60116.03856702798;2896:60148.467631424035;2153:60171.76925988288;2329:60188.50401227641;2330:60245.668021653284;2331:60283.0596662598;2332:60289.96610032915;774:60297.87209749596;895:60302.78314443885;2048:60315.63637755932;2025:60321.95392990306;1189:60327.83819332943;1768:60337.630254569434;1566:60340.60114173214;1251:60342.91265705995;2333:60356.82651398262;1198:60360.50746739825;1872:60371.9642608182;2178:60378.11925365883;2824:60395.24674817487;3646:60398.67696680308;504:60399.876574528804;3208:60406.280129693776;2698:60424.844678729576;3841:60427.84381628723;502:60428.422070020446;1392:60438.50689710697
0,5,default_vehtype,route,False,-1000,60179.386309145644,60447.579191283985,60179.386309145644,0.0,427;-1;-1,2404;-1;-1,2047.8296669799997,0.8368769994211003,0.836672216454402,0.0,,0,,0,,,427;428;3771;172;2596;429;3112;4030;4031;3862;4032;1888;2403;1469;2404,427:60179.386309145644;428:60202.25211745065;3771:60225.96838057937;172:60230.69542452391;2596:60244.69591484817;429:60258.193523804344;3112:60265.15335394811;4030:60313.72849895757;4031:60315.51392698306;3862:60319.55394701533;4032:60349.065808157546;1888:60368.793842010105;2403:60391.22211976601;1469:60416.63321559812;2404:60447.579191283985
0,7,default_vehtype,boarding,True,59400,60360.90921403156,60440.175443613254,60360.90921403156,0.0,3448;-1;-1,3448;-1;-1,0.0,0.9552810110104143,0.9552810110104143,0.0,,0,346,1,346,,,
0,10,default_vehtype,boarding,True,59880,60438.50689710697,60442.9719697483,60438.50689710697,0.0,1392;-1;-1,1392;-1;-1,0.0,0.7804774822839399,0.7804774822839399,0.0,,0,352,1,352,,,
0,3,default_vehtype,boarding,True,-1,60422.806247726294,60452.806247726294,60422.806247726294,0.0,3174;-1;-1,3174;-1;-1,0.0,0.9852409251035663,0.9852409251035663,0,,0,335,1,,335,,
0,5,default_vehtype,boarding,True,60060,60447.579191283985,60487.40509231515,60447.579191283985,0.0,2404;-1;-1,2404;-1;-1,0.0,0.836672216454402,0.836672216454402,0,,0,353,1,353,,,
0,1,default_vehtype,boarding,True,59700,60358.79263034113,60566.613619585856,60358.79263034113,0.0,1013;-1;-1,1013;-1;-1,0.0,0.9855313818901851,0.9855313818901851,0,,0,351,1,351,,,
0,9,default_vehtype,route,False,-1000,59800.88108703781,60603.159732557666,59800.88108703781,0.0,1390;-1;-1,2780;-1;-1,5992.521493907997,0.5580999701126587,0.5575007179632677,0.0,,0,340,1,,,1390;199;198;197;2701;2656;2699;2654;2646;3407;181;3137;4065;3136;3135;3875;3045;3046;3047;3950;2782;2893;2894;2780,1390:59800.88108703781;199:59851.76055254273;198:59913.46013448211;197:59914.67013603378;2701:59916.76585729627;2656:59930.50038056206;2699:59934.419389187184;2654:59989.39047799889;2646:60058.30990067087;3407:60176.40566280605;181:60314.63642475578;3137:60396.24835836367;4065:60404.84351790482;3136:60435.09138455271;3135:60458.64745221235;3875:60555.85043570621;3045:60559.720646875416;3046:60561.14141491788;3047:60562.25342272329;3950:60565.07617981512;2782:60593.92797580977;2893:60595.01797634707;2894:60599.30086838102;2780:60603.159732557666
0,9,default_vehtype,boarding,True,-1,60603.159732557666,60633.159732557666,60603.159732557666,0.0,2780;-1;-1,2780;-1;-1,0.0,0.5575007179632677,0.5575007179632677,0,,0,340,1,,340,,
0,7,default_vehtype,route,False,-1000,60440.175443613254,60932.383342375026,60440.175443613254,0.0,3448;-1;-1,613;-1;-1,2529.724354089999,0.9552810110104143,0.9550280385750047,0.0,,0,346,1,,,3448;2864;3449;3450;3119;268;4068;4002;2632;4004;3750;3749;3684;2867;2906;957;958;3197;3198;1648;764;614;613,3448:60440.175443613254;2864:60454.077842144994;3449:60456.49260997806;3450:60458.60117269682;3119:60483.84883334912;268:60530.81586525202;4068:60602.5210259784;4002:60603.89481435723;2632:60604.74476921072;4004:60607.33309861313;3750:60626.14312094281;3749:60635.155091135064;3684:60666.209805181454;2867:60668.42407735412;2906:60677.60727903937;957:60720.690367735035;958:60878.56437268547;3197:60884.69341375413;3198:60886.32203616327;1648:60912.63803904687;764:60919.48710731674;614:60927.13341523728;613:60932.383342375026
0,7,default_vehtype,boarding,True,-1,60932.383342375026,60962.383342375026,60932.383342375026,0.0,613;-1;-1,613;-1;-1,0.0,0.9550280385750047,0.9550280385750047,0,,0,346,1,,346,,
0,4,default_vehtype,route,False,-1000,59724.581623593105,61084.126705557836,59724.581623593105,0.0,2203;-1;-1,1149;-1;-1,6202.7852414220015,0.989140102290929,0.9885198237667872,0.0,,0,342,1,,,2203;2497;2372;358;2345;2503;2403;1880;2208;4026;2386;4027;3560;3561;3564;327;833;4069;3427;3115;3666;3150;2675;3204;3202;3687;1180;1181;127;126;240;239;238;237;1257;1256;1876;1877;189;1878;1104;1811;1810;1362;1149,2203:59724.581623593105;2497:59772.11611970953;2372:59807.561093060685;358:59809.8435610195;2345:59826.33705755972;2503:59839.37934632743;2403:59878.791111843464;1880:59973.37305859052;2208:59997.978648184;4026:60015.231798660345;2386:60016.410549782726;4027:60020.04214539899;3560:60032.758760525365;3561:60065.12318063908;3564:60068.63640325923;327:60109.94187777446;833:60142.224354507984;4069:60165.7292645478;3427:60193.114627811105;3115:60234.830127870504;3666:60238.26301152465;3150:60297.47091456679;2675:60321.110900153;3204:60326.71411832059;3202:60350.81807752298;3687:60370.94923576047;1180:60371.20076765991;1181:60381.00642729498;127:60391.503069831095;126:60410.10341744664;240:60604.9747688236;239:60612.36180164435;238:60621.64623727529;237:60631.60056045722;1257:60637.09246197322;1256:60641.16516622087;1876:60677.05295739133;1877:60684.51638795436;189:60721.639707750604;1878:60729.055435014554;1104:60872.75559367734;1811:60887.392698555515;1810:60985.52535499286;1362:61040.721645664504;1149:61084.126705557836
0,4,default_vehtype,boarding,True,-1,61084.126705557836,61114.126705557836,61084.126705557836,0.0,1149;-1;-1,1149;-1;-1,0.0,0.9885198237667872,0.9885198237667872,0,,0,342,1,,342,,
0,2,default_vehtype,route,False,-1000,60360,61145.66797683114,60360,0,2457;-1;-1,3541;-1;-1,7289.9573543000015,0.9895578069780752,0.9888288112426448,0.0,,0,,0,,,2457;3044;3046;3043;399;400;401;3982;3986;3984;3985;402;403;3811;404;3618;405;406;3176;100;407;2681;3285;99;98;643;3158;2947;2853;644;645;3294;646;3295;2528;3274;647;3293;648;2946;287;1694;1511;1554;1695;1696;1697;1698;1699;1856;2125;2126;3544;1418;2364;2934;863;864;791;865;866;3537;3541,2457:60360;3044:60364.97002561195;3046:60395.12980052081;3043:60406.24477697223;399:60411.44183936884;400:60422.737174737886;401:60432.3827052989;3982:60433.44475842368;3986:60437.96453931359;3984:60438.79245788235;3985:60445.213541732504;402:60449.34083671016;403:60464.74666803325;3811:60477.763610418435;404:60487.01648981542;3618:60495.92147376291;405:60514.2128472328;406:60523.51858911209;3176:60531.95553324529;100:60533.109400732545;407:60535.02788112118;2681:60536.13779000653;3285:60541.37217233117;99:60558.72544352679;98:60561.20243506035;643:60564.91925270904;3158:60567.61262522435;2947:60573.972028400014;2853:60594.649781376844;644:60606.3639666309;645:60612.264741559346;3294:60654.457763997925;646:60666.50575646697;3295:60667.55972151928;2528:60670.94727056487;3274:60750.76344973458;647:60757.595699171216;3293:60758.855925576005;648:60858.928156629365;2946:60867.49945877693;287:60871.17497876877;1694:60889.068159247065;1511:60896.13293501119;1554:60905.49685194829;1695:60914.32152356504;1696:60928.30780074904;1697:60987.16144031764;1698:60996.72258842294;1699:61019.9028518061;1856:61026.57984952729;2125:61051.93476644485;2126:61056.12309564316;3544:61061.70374530259;1418:61062.67659457872;2364:61070.414454766185;2934:61074.75717407629;863:61075.80849649795;864:61078.806695855135;791:61080.72934424857;865:61089.06046815134;866:61125.51489968876;3537:61137.54698032191;3541:61145.66797683114
0,3,default_vehtype,route,False,-1000,60452.806247726294,61163.48547892295,60452.806247726294,0.0,3174;-1;-1,1123;-1;-1,5481.738518959996,0.9852409251035663,0.9846927512516708,0.0,,0,,0,,,3174;3172;3171;3170;3169;3412;3413;2915;3336;3054;2715;172;3771;428;2121;512;3864;618;1096;1095;1094;1093;1123,3174:60452.806247726294;3172:60465.417222509604;3171:60499.86322855187;3170:60504.01599458506;3169:60533.219383120115;3412:60541.86617487066;3413:60555.81131811038;2915:60596.29167684961;3336:60698.90756785182;3054:60741.61609095056;2715:60764.14427831178;172:60768.72368639081;3771:60774.207274868095;428:60826.475885649044;2121:60933.94435251066;512:60940.419487588406;3864:60953.84998371492;618:61090.85562229791;1096:61103.313745341125;1095:61115.90340429235;1094:61118.99509761448;1093:61132.057572902;1123:61163.48547892295
0,2,default_vehtype,boarding,True,60360,61145.66797683114,61187.968811467814,61145.66797683114,0.0,3541;-1;-1,3541;-1;-1,0.0,0.9888288112426448,0.9888288112426448,0,,0,357,2,357,,,
0,3,default_vehtype,boarding,True,60240,61163.48547892295,61196.26379577665,61163.48547892295,0.0,1123;-1;-1,1123;-1;-1,0.0,0.9846927512516708,0.9846927512516708,0,,0,355,1,355,,,
0,1,default_vehtype,route,False,-1000,60566.613619585856,61309.07569461105,60566.613619585856,0.0,1013;-1;-1,333;-1;-1,5018.31546508,0.9855313818901851,0.9850295503436769,0.0,,0,351,1,,,1013;1014;567;3169;3412;3413;3414;1015;1520;1734;1387;1304;1773;1733;481;1158;1772;1870;2196;2195;2067;1350;230;229;228;527;526;525;524;523;1076;1075;1061;1060;1059;1937;1051;872;871;272;333,1013:60566.613619585856;1014:60597.42584731628;567:60631.645291517125;3169:60663.87605732019;3412:60672.52284907073;3413:60686.467992310456;3414:60712.64366321782;1015:60716.273055358426;1520:60724.32938599948;1734:60751.18873041126;1387:60776.163627423666;1304:60832.90800443474;1773:60839.36652048325;1733:60863.68975091211;481:60874.8245351023;1158:60878.099353073834;1772:60882.486519765094;1870:60889.89592924057;2196:60896.710362793994;2195:60898.20964582584;2067:60911.57122509154;1350:60916.62437294383;230:60925.73843043311;229:60957.59036396058;228:61037.60326787469;527:61039.18636048007;526:61078.90504615644;525:61090.71221785932;524:61098.129170292676;523:61107.88414413477;1076:61110.049753984196;1075:61115.0375319995;1061:61122.12568226936;1060:61151.24842947486;1059:61181.926858082996;1937:61215.11265234797;1051:61224.71142647915;872:61237.8057973256;871:61245.92894599839;272:61291.52877608493;333:61309.07569461105
0,1,default_vehtype,boarding,True,-1,61309.07569461105,61339.07569461105,61309.07569461105,0.0,333;-1;-1,333;-1;-1,0.0,0.9850295503436769,0.9850295503436769,0,,0,351,1,,351,,
0,7,default_vehtype,route,False,-1000,60962.383342375026,61457.054704337046,60962.383342375026,0.0,613;-1;-1,427;-1;-1,2566.6466989830005,0.9550280385750047,0.954771373905107,0.0,,0,,0,,,613;614;764;2300;2485;2191;2687;3680;2675;3204;3926;2670;3666;3115;3313;3476;3477;3475;3474;426;3568;427,613:60962.383342375026;614:60995.89797427564;764:61010.85260088578;2300:61022.5482152353;2485:61032.368659231426;2191:61053.53583768925;2687:61108.30656324963;3680:61158.006913352205;2675:61159.581650907494;3204:61161.27092237157;3926:61189.77159753414;2670:61226.50881198562;3666:61231.69097602637;3115:61234.77939649351;3313:61292.01929724929;3476:61308.53284063331;3477:61325.960228633194;3475:61354.802832494686;3474:61358.30976703461;426:61394.31859465171;3568:61395.969530133894;427:61457.054704337046
0,11,default_vehtype,route,False,-1000,59523.879274032355,61507.9477601161,59523.879274032355,0.0,1671;-1;-1,1217;-1;-1,13099.846665489993,0.5862168568591418,0.5849068721925922,0.0,,0,329,1,,,1671;1500;1501;2225;2120;3298;3300;3299;1586;1585;898;1584;3405;3033;3432;3026;2587;3028;4;2573;2618;3455;2534;3331;2580;0;3555;178;3681;3059;2680;101;3271;3270;104;2714;3053;2715;3054;3112;4030;4031;3862;4032;1888;2403;1880;1881;1882;1792;1216;1217,1671:59523.879274032355;1500:59538.944104538175;1501:59551.145183755405;2225:59605.669534433524;2120:59615.65567138841;3298:59651.511113826935;3300:59658.90626362984;3299:59661.43704141361;1586:59765.00911842736;1585:59771.85471351528;898:59787.07342636054;1584:59820.23246964056;3405:59823.89783264874;3033:59829.904868185404;3432:59854.27235396948;3026:59894.85755618952;2587:59916.75661457003;3028:59927.29289277375;4:59979.217805612745;2573:59983.68853745144;2618:60054.62307192028;3455:60122.8820233457;2534:60123.994587597;3331:60152.59812063383;2580:60440.974241217606;0:60664.51492700114;3555:60700.63966133621;178:60708.397523551525;3681:60710.395901550786;3059:60718.27873787299;2680:60721.28496073367;101:60737.89842151304;3271:60865.68194342951;3270:60887.90613169177;104:60930.32154265686;2714:60985.65656474587;3053:61052.07796895534;2715:61107.00462556272;3054:61126.25540704752;3112:61182.59033876158;4030:61284.69408351776;4031:61288.32977035527;3862:61295.27868653768;4032:61299.345283228715;1888:61329.26081088105;2403:61347.68248551529;1880:61385.36238116793;1881:61402.464457131166;1882:61414.634067664694;1792:61445.663948593945;1216:61488.05859576732;1217:61507.9477601161
0,11,default_vehtype,boarding,True,-1,61507.9477601161,61537.9477601161,61507.9477601161,0.0,1217;-1;-1,1217;-1;-1,0.0,0.5849068721925922,0.5849068721925922,0,,0,329,1,,329,,
0,9,default_vehtype,route,False,-1000,60900,61613.21120015781,60900,0,2780;-1;-1,2479;-1;-1,6076.695333002998,0.5575007179632677,0.5568930484299673,0.0,,0,,0,,,2780;2894;2779;2888;3951;398;3045;3046;3043;399;400;401;3982;3986;3984;3985;402;403;3811;404;3947;3999;3998;4000;120;375;376;377;2267;3836;932;3159;3834;3291;3290;644;2895;3289;2896;2153;2329;2330;2331;2332;774;895;2048;2025;1189;1768;1566;1251;2333;1198;1872;2178;2824;3646;504;2697;2334;3967;3210;3207;3704;2335;476;1643;558;2336;2337;2115;2479,2780:60900;2894:60909.507627664454;2779:60911.04304206756;2888:60936.41807633028;3951:60944.23746046991;398:60947.8231064098;3045:60948.718396386794;3046:60950.708532898585;3043:60956.88615723725;399:60965.29500088186;400:60978.4018279194;401:60986.32573884264;3982:60989.0895033403;3986:60994.66750178303;3984:60995.37367459708;3985:61004.963493426396;402:61011.50698991331;403:61020.954823561995;3811:61031.41953189865;404:61034.88496249601;3947:61036.18257907011;3999:61044.79062095073;3998:61045.28750555536;4000:61046.99188019308;120:61061.432919499355;375:61069.00013442451;376:61075.88988933256;377:61076.62654845708;2267:61093.41321460885;3836:61115.437260151804;932:61122.41671540443;3159:61124.30621887793;3834:61126.22757194854;3291:61137.071230762755;3290:61140.144542866634;644:61142.86911847363;2895:61145.48254973452;3289:61148.54758600302;2896:61176.7652782568;2153:61202.00168326032;2329:61218.73848371557;2330:61263.451859135595;2331:61281.920469334946;2332:61291.922236523205;774:61309.78156815669;895:61318.193174325104;2048:61328.04441948935;2025:61338.74263672065;1189:61341.83851543614;1768:61346.00660792354;1566:61347.48763139377;1251:61352.78859472246;2333:61388.86854714353;1198:61393.21193504038;1872:61406.207457642224;2178:61412.61285726779;2824:61439.209849143226;3646:61442.500440258285;504:61443.01390224642;2697:61451.99973057023;2334:61456.867604683765;3967:61463.76953113915;3210:61466.020959322115;3207:61472.731904903696;3704:61473.9475160451;2335:61504.40877159511;476:61532.304648441175;1643:61544.37963559789;558:61555.47536433358;2336:61571.43432528543;2337:61599.01603371248;2115:61608.210222501555;2479:61613.21120015781
0,5,default_vehtype,route,False,-1000,60487.40509231515,61635.28813726953,60487.40509231515,0.0,2404;-1;-1,2241;-1;-1,5995.657244820002,0.836672216454402,0.8360726507299201,0.0,,0,353,1,,,2404;2269;1242;2240;2429;578;1135;2289;868;431;430;429;3112;3054;2596;1;3336;2915;3413;3414;3415;3683;821;822;823;824;2241,2404:60487.40509231515;2269:60511.19255045233;1242:60515.66902794614;2240:60528.34139674447;2429:60529.58410264574;578:60589.16250276709;1135:60609.26155499351;2289:60706.91443593271;868:60716.47664605319;431:60730.871613830874;430:60748.2921787566;429:60771.90055884114;3112:60774.20251710428;3054:60794.94137492833;2596:60799.73489919245;1:60873.72980279153;3336:60966.525029101475;2915:61242.79888022925;3413:61359.990806907634;3414:61400.286350554044;3415:61436.811912204794;3683:61463.74081393383;821:61481.72555477649;822:61506.24475289451;823:61607.95336713815;824:61620.35611330681;2241:61635.28813726953
0,6,default_vehtype,route,False,-1000,60265.53157193467,61646.23559316691,60265.53157193467,0.0,3562;-1;-1,1627;-1;-1,12014.247938499002,0.9098908428836207,0.9086894180897709,0.0,,0,345,1,,,3562;328;3565;3566;3567;3314;2716;428;3771;172;2596;1;3272;71;56;3057;0;3555;178;3681;3059;3554;2139;1981;1446;3126;2745;2744;2743;3552;2774;3558;2773;2772;2771;3779;2770;2769;2619;2669;3102;2677;4074;2117;1828;3650;509;1766;1945;2829;2830;3918;3470;3469;83;2923;15;16;2844;3401;2833;2561;2562;2544;2543;2768;3725;2545;3726;3729;3730;2629;2765;2679;2766;3607;2935;1383;3609;1382;243;1381;1627,3562:60265.53157193467;328:60268.47454144772;3565:60270.06327906457;3566:60270.92329001099;3567:60317.31135609693;3314:60320.414944057404;2716:60373.83279374604;428:60376.46315232898;3771:60400.1794154577;172:60404.90645940224;2596:60418.9069497265;1:60461.15166136804;3272:60509.90562168139;71:60604.77980986515;56:60657.26811120475;3057:60685.75356729492;0:60725.945443624994;3555:60744.53019403191;178:60746.46013803674;3681:60748.713324202225;3059:60754.42175464636;3554:60755.42211365922;2139:60765.33255891822;1981:60810.23844556698;1446:60834.519487075246;3126:60837.95243940812;2745:60858.92543589895;2744:60875.372771971575;2743:60888.66808808958;3552:60939.19696455304;2774:60941.308217191625;3558:60942.376820218466;2773:60947.777626042116;2772:60958.289990749625;2771:60969.07786942865;3779:60972.87408790821;2770:60974.44456197513;2769:60982.1846548433;2619:60988.56365951578;2669:60998.717290680834;3102:61000.33843424468;2677:61001.48401581458;4074:61028.48605251472;2117:61042.68443873894;1828:61053.43596579801;3650:61054.45927685235;509:61061.10276247539;1766:61071.333754697225;1945:61078.61721479831;2829:61082.58532124959;2830:61090.729349711815;3918:61092.980869224724;3470:61105.08561932213;3469:61110.25366599638;83:61118.31463328385;2923:61133.01831115135;15:61136.24137985456;16:61146.541608133295;2844:61188.64826186262;3401:61196.046460845195;2833:61227.560329687054;2561:61271.726154693686;2562:61284.34682446696;2544:61330.623264478636;2543:61374.9797420514;2768:61377.58315851438;3725:61411.122274461224;2545:61415.48925522358;3726:61417.82688825963;3729:61418.6751979482;3730:61421.843471973894;2629:61458.007589647175;2765:61501.78232772384;2679:61506.793003246275;2766:61508.65311296508;3607:61572.15710052567;2935:61590.56781671482;1383:61592.66902764176;3609:61598.97079711459;1382:61607.79005015906;243:61628.26669754216;1381:61642.60358491638;1627:61646.23559316691
0,1,default_vehtype,route,False,-1000,61339.07569461105,61651.9839864009,61339.07569461105,0.0,333;-1;-1,991;-1;-1,2467.257983597,0.9850295503436769,0.9847828245453171,0.0,,0,,0,,,333;2384;734;332;331;2633;268;3195;1610;2858;3807;3935;3971;1611;991,333:61339.07569461105;2384:61344.70786329731;734:61356.268459060775;332:61361.32199362202;331:61376.54365927183;2633:61394.985289426346;268:61396.830864590556;3195:61421.59502470912;1610:61423.73820468597;2858:61489.24476738228;3807:61528.905231488905;3935:61583.04760500645;3971:61620.47017196363;1611:61621.14905012025;991:61651.9839864009
0,7,default_vehtype,boarding,True,60660,61457.054704337046,61654.76245631641,61457.054704337046,0.0,427;-1;-1,427;-1;-1,0.0,0.954771373905107,0.954771373905107,0.0,,0,359,1,359,,,
0,5,default_vehtype,boarding,True,-1,61635.28813726953,61665.28813726953,61635.28813726953,0.0,2241;-1;-1,2241;-1;-1,0.0,0.8360726507299201,0.8360726507299201,0,,0,353,1,,353,,
0,6,default_vehtype,boarding,True,-1,61646.23559316691,61676.23559316691,61646.23559316691,0.0,1627;-1;-1,1627;-1;-1,0.0,0.9086894180897709,0.9086894180897709,0,,0,345,1,,345,,
0,1,default_vehtype,boarding,True,61260,61651.9839864009,61682.191526174356,61651.9839864009,0.0,991;-1;-1,991;-1;-1,0.0,0.9847828245453171,0.9847828245453171,0,,0,374,1,374,,,
0,8,default_vehtype,route,False,-1000,60259.154894564745,61729.84880761545,60259.154894564745,0.0,1587;-1;-1,1323;-1;-1,11292.955966749994,0.9669785792319815,0.9658492836353074,0.0,,0,338,1,,,1587;341;3097;1785;3436;1777;3435;968;1778;1779;3378;144;74;3377;2642;75;797;3090;3091;3089;3074;3075;3081;3080;3236;3882;963;3238;962;3035;2643;3087;961;960;3088;3870;3871;2931;2850;2898;2662;3309;3247;2851;3245;3242;86;87;650;3189;3370;1732;2032;3239;2094;1367;362;1165;368;3812;3853;3866;3867;464;3851;3850;2277;2276;1412;1687;2107;710;2275;635;1742;3162;927;928;3161;1323,1587:60259.154894564745;341:60307.79186948395;3097:60329.12459436109;1785:60520.75078148955;3436:60536.59113967666;1777:60562.89608693244;3435:60567.416306414314;968:60588.0454716745;1778:60597.15058304196;1779:60616.87505962302;3378:60645.29214514212;144:60651.19021139163;74:60653.0643911951;3377:60656.20043452208;2642:60682.20500835051;75:60708.05601791813;797:60724.021872786696;3090:60801.50491086928;3091:60813.31129377797;3089:60876.02716665331;3074:60883.138943215126;3075:60893.39600247379;3081:60913.7192778039;3080:60923.43338150371;3236:60952.08138721684;3882:60960.8351821529;963:60962.76481112802;3238:60963.6794334973;962:60965.91788852825;3035:60995.27784459064;2643:61037.84339319809;3087:61052.110582261674;961:61057.88407083112;960:61060.158312863314;3088:61064.498088424836;3870:61086.22303158441;3871:61090.15701072013;2931:61113.71988095514;2850:61120.554362720155;2898:61131.10051584373;2662:61145.22922538005;3309:61153.307353028744;3247:61160.87418485319;2851:61167.905016660145;3245:61169.351277707574;3242:61176.45843396407;86:61212.937099070055;87:61217.555282963076;650:61220.960416080394;3189:61228.325187384035;3370:61229.93435150752;1732:61276.65310668873;2032:61306.76542201654;3239:61344.470025047485;2094:61352.58553859833;1367:61369.16008376478;362:61376.39922563545;1165:61392.559775598515;368:61407.85671867862;3812:61411.966045991234;3853:61415.20291057893;3866:61417.727875035256;3867:61419.369088038584;464:61431.352470937076;3851:61432.20919829636;3850:61437.26847893423;2277:61440.96728761012;2276:61444.88973486264;1412:61451.005528438414;1687:61481.97086129902;2107:61500.58320217254;710:61503.36966991907;2275:61513.63525024949;635:61526.420312869566;1742:61553.06762180421;3162:61559.80559597583;927:61560.979690836815;928:61663.214209967286;3161:61664.93170607407;1323:61729.84880761545
0,9,default_vehtype,boarding,True,60900,61613.21120015781,61720.32796830205,61613.21120015781,0.0,2479;-1;-1,2479;-1;-1,0.0,0.5568930484299673,0.5568930484299673,0.0,,0,364,1,364,,,
0,8,default_vehtype,boarding,True,-1,61729.84880761545,61759.84880761545,61729.84880761545,0.0,1323;-1;-1,1323;-1;-1,0.0,0.9658492836353074,0.9658492836353074,0,,0,338,1,,338,,
0,10,default_vehtype,route,False,-1000,60442.9719697483,61772.63505691554,60442.9719697483,0.0,1392;-1;-1,2308;-1;-1,7376.031581947988,0.7804774822839399,0.7797398791257458,0.0,,0,352,1,,,1392;502;3841;2698;3845;3596;2657;180;3686;173;2862;2857;3335;2635;2583;2638;2582;335;336;2252;2347;3665;3925;425;2122;3570;3569;3682;1405;1188;1187;2308,1392:60442.9719697483;502:60451.67401433177;3841:60452.94635288868;2698:60465.81016050616;3845:60584.85976873355;3596:60617.1155923527;2657:60619.915788510785;180:60633.7146059076;3686:60640.503629469065;173:60676.56807374699;2862:60713.59262075405;2857:60763.59387704913;3335:60844.13017783531;2635:60887.8942892167;2583:60910.78677231673;2638:60942.2430903203;2582:61042.20578703606;335:61049.43690302264;336:61175.386225454735;2252:61188.13711156752;2347:61205.89298238395;3665:61405.08453070247;3925:61428.75349710203;425:61444.33739089594;2122:61603.16435485731;3570:61648.31537974086;3569:61651.38598423606;3682:61658.21756664666;1405:61692.61905901173;1188:61718.09321392646;1187:61731.51429125099;2308:61772.63505691554
0,5,default_vehtype,route,False,-1000,61665.28813726953,61798.93315713412,61665.28813726953,0.0,2241;-1;-1,821;-1;-1,610.71854805,0.8360726507299201,0.8360115788751151,0.0,,0,,0,,,2241;824;823;822;821,2241:61665.28813726953;824:61677.289327985054;823:61690.45624442702;822:61728.88897185398;821:61798.93315713412
0,5,default_vehtype,boarding,True,60720,61798.93315713412,61805.1512804581,61798.93315713412,0.0,821;-1;-1,821;-1;-1,0.0,0.8360115788751151,0.8360115788751151,0,,0,361,1,361,,,
0,10,default_vehtype,boarding,True,-1,61772.63505691554,61802.63505691554,61772.63505691554,0.0,2308;-1;-1,2308;-1;-1,0.0,0.7797398791257458,0.7797398791257458,0,,0,352,1,,352,,
0,11,default_vehtype,route,False,-1000,61537.9477601161,61886.77038743107,61537.9477601161,0.0,1217;-1;-1,427;-1;-1,2027.599011661,0.5849068721925922,0.5847041122914265,0.0,,0,,0,,,1217;1216;1792;1882;1881;1880;2208;4026;2386;4027;3560;3561;3563;3565;328;3314;3568;427,1217:61537.9477601161;1216:61541.20945656879;1792:61545.23618402996;1882:61548.64461100485;1881:61553.89747345302;1880:61592.43854245226;2208:61648.00698556544;4026:61661.82665476159;2386:61667.25316208913;4027:61668.98804241136;3560:61692.25545613936;3561:61772.979821586785;3563:61774.28847984547;3565:61776.43875825333;328:61780.490856454635;3314:61822.58234274423;3568:61825.68521322792;427:61886.77038743107
0,11,default_vehtype,boarding,True,61320,61886.77038743107,61905.362237870686,61886.77038743107,0.0,427;-1;-1,427;-1;-1,0.0,0.5847041122914265,0.5847041122914265,0,,0,375,1,375,,,
0,4,default_vehtype,route,False,-1000,61140,61925.4289347839,61140,0,1149;-1;-1,427;-1;-1,5171.77515945,0.9885198237667872,0.9880026462508427,0.0,,0,,0,,,1149;1362;2623;3969;2624;2627;3389;3335;2635;2583;2638;2637;3110;1570;1262;290;347;353;1266;1265;1264;1186;1263;2122;3570;3569;3682;3987;427,1149:61140;1362:61186.14690152317;2623:61244.0917304638;3969:61311.428236684886;2624:61338.044847585275;2627:61369.14157006459;3389:61396.64026755762;3335:61432.61299240906;2635:61476.37710379045;2583:61499.26958689048;2638:61530.72590489405;2637:61532.614004817435;3110:61551.606622686806;1570:61590.94365074302;1262:61605.84202229998;290:61667.98022408634;347:61685.63685523098;353:61691.57191132034;1266:61711.12618238824;1265:61725.86828530346;1264:61742.4858683113;1186:61751.308279056844;1263:61768.23355822501;2122:61782.43951991856;3570:61827.59054480211;3569:61830.66114929731;3682:61837.492731707905;3987:61843.94144934961;427:61925.4289347839
0,5,default_vehtype,route,False,-1000,61805.1512804581,61950.742968814455,61805.1512804581,0.0,821;-1;-1,2317;-1;-1,838.7480785899999,0.8360115788751151,0.8359277040672561,0.0,,0,361,1,,,821;3683;3415;3715;844;1280;673;1519;2245;2317,821:61805.1512804581;3683:61810.39866684251;3415:61823.8757351853;3715:61828.81907900774;844:61840.259502158035;1280:61868.55652564346;673:61890.12429200361;1519:61921.36188133891;2245:61943.94938955512;2317:61950.742968814455
0,5,default_vehtype,boarding,True,-1,61950.742968814455,61980.742968814455,61950.742968814455,0.0,2317;-1;-1,2317;-1;-1,0.0,0.8359277040672561,0.8359277040672561,0,,0,361,1,,361,,
0,4,default_vehtype,boarding,True,61140,61925.4289347839,62009.2010361584,61925.4289347839,0.0,427;-1;-1,427;-1;-1,0.0,0.9880026462508427,0.9880026462508427,0,,0,371,1,371,,,
0,10,default_vehtype,route,False,-1000,61802.63505691554,62205.11020454809,61802.63505691554,0.0,2308;-1;-1,598;-1;-1,1426.0564972099996,0.7797398791257458,0.7795972734760244,0.0,,0,,0,,,2308;1187;1186;1263;2122;425;3477;3475;3315;598,2308:61802.63505691554;1187:62030.724359976266;1186:62059.83570329838;1263:62076.76098246654;2122:62090.96694416009;425:62106.398742779624;3477:62107.79917191933;3475:62136.64177578082;3315:62180.60602788324;598:62205.11020454809
0,10,default_vehtype,boarding,True,60960,62205.11020454809,62247.31350193798,62205.11020454809,0.0,598;-1;-1,598;-1;-1,0.0,0.7795972734760244,0.7795972734760244,0,,0,365,1,365,,,
0,8,default_vehtype,route,False,-1000,61980,62267.59059980265,61980,0,1323;-1;-1,1156;-1;-1,2145.4183039499994,0.9658492836353074,0.9656347418049123,0.0,,0,,0,,,1323;1324;1325;1111;1326;638;637;636;1724;714;1605;1725;1349;1692;1693;1854;1974;1156,1323:61980;1324:61995.55122469305;1325:62005.7919224362;1111:62011.44038099886;1326:62026.55341643248;638:62052.05436248667;637:62060.12157748513;636:62088.55763525221;1724:62097.84640206141;714:62144.44402074776;1605:62154.38530654274;1725:62159.57660059246;1349:62186.66985261639;1692:62188.70518808916;1693:62226.79089184832;1854:62236.236303294245;1974:62255.267641226776;1156:62267.59059980265
0,3,default_vehtype,route,False,-1000,61196.26379577665,62368.61872103242,61196.26379577665,0.0,1123;-1;-1,538;-1;-1,8327.553083010002,0.9846927512516708,0.9838599959433701,0.0,,0,355,1,,,1123;1093;1092;111;916;2220;1408;1407;3572;1262;1570;3110;2637;2638;2583;2635;3335;3389;81;3388;183;82;3390;2579;2655;3450;173;3686;3994;180;2657;2700;3945;3575;64;2694;2693;3795;417;416;3793;2695;3796;414;3794;413;768;769;501;770;771;772;773;538,1123:61196.26379577665;1093:61205.930897620274;1092:61217.06336216716;111:61223.39481172348;916:61251.035170279465;2220:61261.69041298539;1408:61267.956799116815;1407:61284.67758946135;3572:61290.854751150524;1262:61318.89581450025;1570:61396.49348926178;3110:61436.268719678636;2637:61460.38683921583;2638:61463.49964652834;2583:61499.26791094206;2635:61526.69049582382;3335:61668.68892946469;3389:61754.48374211065;81:61815.17105582278;3388:61846.10558751185;183:61850.08987164649;82:61862.90433201337;3390:61915.96979221929;2579:61923.18495668415;2655:61976.93284066375;3450:62013.14488342166;173:62041.178861060835;3686:62069.952542930085;3994:62076.36423420366;180:62077.94266366835;2657:62091.97391225686;2700:62097.95994026506;3945:62112.05086566618;3575:62118.638653258655;64:62132.18963741144;2694:62143.723708893245;2693:62144.21335661695;3795:62154.76664430342;417:62167.89663709717;416:62182.36893129628;3793:62230.156445240216;2695:62239.932486173355;3796:62249.22657261492;414:62281.30695398081;3794:62295.13038814985;413:62300.162922549556;768:62308.95373634864;769:62331.35578956578;501:62338.38001174212;770:62340.05748653801;771:62341.444822972546;772:62345.06387020505;773:62351.60114227306;538:62368.61872103242
0,8,default_vehtype,boarding,True,61980,62267.59059980265,62388.5266202596,62267.59059980265,0.0,1156;-1;-1,1156;-1;-1,0.0,0.9656347418049123,0.9656347418049123,0,,0,380,1,380,,,
0,3,default_vehtype,boarding,True,-1,62368.61872103242,62398.61872103242,62368.61872103242,0.0,538;-1;-1,538;-1;-1,0.0,0.9838599959433701,0.9838599959433701,0,,0,355,1,,355,,
0,6,default_vehtype,route,False,-1000,61676.23559316691,62469.9058738731,61676.23559316691,0.0,1627;-1;-1,4068;-1;-1,6173.52281621,0.9086894180897709,0.9080720658081506,0.0,,0,,0,,,1627;1381;243;1382;3609;1383;2935;3608;3846;2078;685;1838;908;2630;3731;3729;2546;2545;3725;2768;2561;1928;2344;1846;1847;2323;2324;1986;2007;1192;1193;1194;1195;1196;1197;991;1611;3935;3807;2858;1610;3195;268;2633;4067;4002;4068,1627:61676.23559316691;1381:61681.65089932957;243:61743.20244249503;1382:61791.65022691085;3609:61794.34658121676;1383:61795.02636382242;2935:61797.37463153935;3608:61809.30111992462;3846:61810.90410446002;2078:61813.287181701075;685:61818.55031771309;1838:61842.842210558;908:61873.487058818886;2630:61898.18685895197;3731:61909.14600631352;3729:61910.274050170134;2546:61912.293274913194;2545:61919.41757769526;3725:61922.47167539446;2768:61939.42425194687;2561:62000.62868920683;1928:62020.36407544583;2344:62033.220071255804;1846:62042.4942167667;1847:62052.56153743575;2323:62054.3980551451;2324:62088.940845124795;1986:62091.05473519222;2007:62110.53137034169;1192:62113.36501803486;1193:62118.32703472236;1194:62122.397259026126;1195:62124.66617663918;1196:62126.07687532195;1197:62126.68678607394;991:62174.5645924873;1611:62207.66725157756;3935:62241.77148898556;3807:62293.217759346306;2858:62311.52959378811;1610:62388.152136741875;3195:62389.44459192734;268:62420.57804407541;2633:62423.80631886734;4067:62467.73221580321;4002:62469.07654251171;4068:62469.9058738731
0,1,default_vehtype,route,False,-1000,61682.191526174356,62488.672527281844,61682.191526174356,0.0,991;-1;-1,3931;-1;-1,5995.0496293100005,0.9847828245453171,0.9841833195823871,0.0,,0,374,1,,,991;1197;1640;1809;2623;3969;2624;2627;3389;3335;2635;2583;134;2584;3269;39;3931,991:61682.191526174356;1197:61692.903301808525;1640:61718.62504946704;1809:61849.553890633215;2623:61895.51504534654;3969:61962.851551567626;2624:61989.468162468016;2627:62020.56488494733;3389:62048.06358244036;3335:62084.0363072918;2635:62127.80041867319;2583:62150.69290177322;134:62160.271077440586;2584:62193.84711770959;3269:62376.422626407;39:62439.63436936518;3931:62488.672527281844
0,1,default_vehtype,boarding,True,-1,62488.672527281844,62518.672527281844,62488.672527281844,0.0,3931;-1;-1,3931;-1;-1,0.0,0.9841833195823871,0.9841833195823871,0,,0,374,1,,374,,
0,2,default_vehtype,route,False,-1000,61187.968811467814,62593.73656324501,61187.968811467814,0.0,3541;-1;-1,2429;-1;-1,11588.044818779994,0.9888288112426448,0.9876700067607659,0.0,,0,357,2,,,3541;3540;3536;2541;3656;66;143;3622;3727;3726;2545;3725;2768;2561;2833;3401;2844;16;15;83;3469;3470;3918;2830;2829;1945;1766;509;3650;1828;2117;4074;2677;1482;2669;2619;2769;2770;3779;2771;2772;2773;3558;2774;3552;2743;2744;2745;3126;3058;2634;2680;101;3271;3270;104;2714;3053;2715;3054;2596;429;3112;430;867;868;2289;1135;578;2429,3541:61187.968811467814;3540:61193.95655933568;3536:61201.88458137047;2541:61231.306484195244;3656:61234.66021651191;66:61304.23744050094;143:61316.37684443312;3622:61319.47858004309;3727:61335.26308939112;3726:61338.5034668049;2545:61340.3958395535;3725:61343.4499372527;2768:61360.40251380511;2561:61421.60695106507;2833:61468.40111262098;3401:61498.27634534722;2844:61504.16063702558;16:61540.91127604043;15:61553.44465162811;83:61575.66210417794;3469:61581.07343283303;3470:61583.31604957702;3918:61594.34339661529;2830:61598.883554247084;2829:61608.85258927257;1945:61613.46094309858;1766:61619.65987954877;509:61630.938876312284;3650:61639.49830549701;1828:61639.90650005349;2117:61647.67124271605;4074:61659.8101609935;2677:61696.30633566489;1482:61697.34656484944;2669:61699.06316972862;2619:61725.37866198954;2769:61732.62926613971;2770:61737.13727771583;3779:61739.04234246999;2771:61750.51036306238;2772:61758.18085198983;2773:61765.836268867264;3558:61778.26659863349;2774:61781.05448960685;3552:61782.76514358708;2743:61808.693139131494;2744:61824.19317437823;2745:61841.659854228514;3126:61851.8481567099;3058:61904.05071765707;2634:61944.9592375835;2680:61953.45859826341;101:61970.07205904278;3271:62097.85558095925;3270:62120.07976922151;104:62162.4951801866;2714:62217.83020227561;3053:62284.25160648508;2715:62339.17826309246;3054:62358.429044577264;2596:62363.22256884139;429:62375.110050116935;3112:62377.41200838007;430:62398.4881587198;867:62435.84274012959;868:62437.93121131014;2289:62444.5367058222;1135:62555.98351023546;578:62581.168083421035;2429:62593.73656324501
0,2,default_vehtype,boarding,True,-1,62593.73656324501,62623.73656324501,62593.73656324501,0.0,2429;-1;-1,2429;-1;-1,0.0,0.9876700067607659,0.9876700067607659,0,,0,357,2,,357,,
0,6,default_vehtype,boarding,True,61560,62469.9058738731,62629.9018720665,62469.9058738731,0.0,4068;-1;-1,4068;-1;-1,0.0,0.9080720658081506,0.9080720658081506,0,,0,377,1,377,,,
0,5,default_vehtype,route,False,-1000,61980.742968814455,62647.56233886186,61980.742968814455,0.0,2317;-1;-1,1028;-1;-1,3718.491701953996,0.8359277040672561,0.8355558548970604,0.0,,0,,0,,,2317;2245;1519;673;3417;3416;3789;3415;3414;1015;2916;3462;3412;3695;3411;3959;3960;569;568;567;853;1038;3801;1897;3653;1893;1898;1899;4007;1900;1138;1901;1478;1525;1526;1524;1028,2317:61980.742968814455;2245:61982.72836506118;1519:61991.178632156705;673:62011.32679625046;3417:62013.412358217356;3416:62042.10794088186;3789:62080.3316400738;3415:62107.67354064158;3414:62131.17815228194;1015:62135.61546734904;2916:62173.17169936883;3462:62184.35588438609;3412:62187.36297990246;3695:62196.33829247719;3411:62208.40165749471;3959:62211.39688877685;3960:62212.794719668556;569:62243.546153125215;568:62268.78797505699;567:62274.1660155295;853:62293.240529007286;1038:62369.59852396495;3801:62379.55167753837;1897:62384.992182446666;3653:62392.27319086374;1893:62405.47333472761;1898:62422.79714685213;1899:62423.190065503186;4007:62498.165600611115;1900:62499.68322726968;1138:62505.54050703202;1901:62523.5496791446;1478:62562.3898743082;1525:62567.48915280195;1526:62582.02366439796;1524:62628.95242948856;1028:62647.56233886186
0,11,default_vehtype,route,False,-1000,61905.362237870686,62674.97741312948,61905.362237870686,0.0,427;-1;-1,2183;-1;-1,4888.4208105630005,0.5847041122914265,0.5842152702103698,0.0,,0,375,1,,,427;3568;426;3474;425;3925;3665;3313;3115;3666;3150;2675;3680;2687;2688;422;421;2867;956;1056;1057;3667;1058;3897;3685;683;682;681;680;871;272;333;2384;2109;1758;1926;1925;2455;1391;2183,427:61905.362237870686;3568:61946.18380076794;426:61948.76971849171;3474:61982.386923312835;425:62024.052500445934;3925:62034.1826379495;3665:62055.46615224749;3313:62059.10132216663;3115:62097.96302603229;3666:62101.49488230565;3150:62154.741064046415;2675:62187.771034084246;3680:62189.63217976643;2687:62238.70978699153;2688:62292.276181577676;422:62297.13005446746;421:62347.993672548204;2867:62352.131904213886;956:62369.13069364981;1056:62392.725893926734;1057:62403.681400882284;3667:62417.50649173102;1058:62432.41174893493;3897:62436.23097451385;3685:62453.078351222284;683:62460.42755956918;682:62466.60440771552;681:62474.04429240827;680:62492.8439649695;871:62536.07161592127;272:62581.67144600781;333:62599.218364533925;2384:62604.85053322019;2109:62609.61453127925;1758:62625.824173125424;1926:62629.44860108557;1925:62638.700283385624;2455:62647.37404712163;1391:62650.583637429445;2183:62674.97741312948
0,7,default_vehtype,route,False,-1000,61654.76245631641,62701.85894415437,61654.76245631641,0.0,427;-1;-1,1587;-1;-1,9721.889975956994,0.954771373905107,0.9537991849075106,0.0,,0,359,1,,,427;428;3771;172;2715;3054;2596;1;3272;71;56;3057;0;3555;178;3681;3059;2680;2634;3058;3126;1446;1445;990;1444;1443;1442;1441;836;1440;1439;1438;2886;3304;3307;2572;3620;24;13;10;3123;2537;3301;3144;2761;3657;3316;3551;3574;3573;142;1668;453;1587,427:61654.76245631641;428:61690.20954085038;3771:61729.9943638468;172:61734.05509192979;2715:61738.242161078604;3054:61757.49294256341;2596:61762.286466827536;1:61836.281370426615;3272:61870.30283339653;71:61902.30563673905;56:62012.15855627877;3057:62103.82143973843;0:62142.83517514824;3555:62161.41992555516;178:62163.349869559985;3681:62165.60305572547;3059:62171.31148616961;2680:62174.08979843346;2634:62177.66746713415;3058:62205.39064092483;3126:62231.13373935936;1446:62232.32483020013;1445:62273.06559604213;990:62287.723141457216;1444:62318.681992724676;1443:62332.78244368801;1442:62345.1358524357;1441:62367.908101387315;836:62402.00122086829;1440:62409.72896534421;1439:62435.19691187761;1438:62457.51915244677;2886:62468.127519047164;3304:62483.20764741474;3307:62490.23203909298;2572:62532.36709116688;3620:62544.521977593344;24:62553.3011323943;13:62554.47578054326;10:62555.42811771832;3123:62586.750400713594;2537:62599.547418364346;3301:62600.52915585706;3144:62608.09358962498;2761:62614.30024115626;3657:62629.463062091556;3316:62629.76471208231;3551:62639.154053300284;3574:62643.644821025024;3573:62650.461166622204;142:62653.70804992272;1668:62669.606318115606;453:62690.9459068471;1587:62701.85894415437
0,11,default_vehtype,boarding,True,-1,62674.97741312948,62704.97741312948,62674.97741312948,0.0,2183;-1;-1,2183;-1;-1,0.0,0.5842152702103698,0.5842152702103698,0.0,,0,375,1,,375,,
0,5,default_vehtype,boarding,True,61860,62647.56233886186,62711.937394566674,62647.56233886186,0.0,1028;-1;-1,1028;-1;-1,0.0,0.8355558548970604,0.8355558548970604,0,,0,379,1,379,,,
0,7,default_vehtype,boarding,True,-1,62701.85894415437,62731.85894415437,62701.85894415437,0.0,1587;-1;-1,1587;-1;-1,0.0,0.9537991849075106,0.9537991849075106,0,,0,359,1,,359,,
0,9,default_vehtype,route,False,-1000,61720.32796830205,62812.91798329808,61720.32796830205,0.0,2479;-1;-1,1587;-1;-1,8858.028464677005,0.5568930484299673,0.5560072455834992,0.0,,0,364,1,,,2479;2115;2337;1611;991;1197;1196;1195;1194;1193;1192;2007;1986;2324;2323;1847;1846;2344;1928;2561;2833;3401;2844;16;15;83;3469;3470;3918;2830;2829;1945;1766;509;3650;1828;2117;4074;2677;3780;2676;1481;1480;84;107;13;10;3123;2537;3301;3144;2761;3657;3316;3551;3574;3573;142;1668;453;1587,2479:61720.32796830205;2115:61725.08141070144;2337:61737.24851854989;1611:61774.42458726915;991:61805.2595235498;1197:61815.97129918397;1196:61825.53038376241;1195:61870.57966712283;1194:61877.98930433498;1193:61888.636867837326;1192:61890.751410777906;2007:61915.0847364516;1986:61923.32872672156;2324:61941.59539421789;2323:62032.43827316658;1847:62037.972694140204;1846:62040.535173530974;2344:62090.72590201691;1928:62092.34395759521;2561:62112.03666987729;2833:62158.8308314332;3401:62188.70606415944;2844:62194.590355837805;16:62231.34099485265;15:62243.87437044033;83:62266.091822990165;3469:62271.50315164525;3470:62273.74576838924;3918:62284.77311542751;2830:62289.313273059306;2829:62299.28230808479;1945:62303.8906619108;1766:62310.089598360995;509:62321.368595124506;3650:62329.92802430923;1828:62330.33621886571;2117:62338.100961528275;4074:62350.23987980572;2677:62386.736054477115;3780:62407.489841600545;2676:62473.37875710182;1481:62525.9699692201;1480:62599.77269598087;84:62619.23183500245;107:62628.628349078295;13:62665.53481968697;10:62666.48715686203;3123:62697.8094398573;2537:62710.60645750805;3301:62711.58819500077;3144:62719.15262876869;2761:62725.35928029997;3657:62740.52210123526;3316:62740.82375122602;3551:62750.21309244399;3574:62754.70386016873;3573:62761.52020576591;142:62764.76708906643;1668:62780.66535725931;453:62802.004945990804;1587:62812.91798329808
0,9,default_vehtype,boarding,True,-1,62812.91798329808,62842.91798329808,62812.91798329808,0.0,1587;-1;-1,1587;-1;-1,0.0,0.5560072455834992,0.5560072455834992,0,,0,364,1,,364,,
0,4,default_vehtype,route,False,-1000,62009.2010361584,62965.6429158489,62009.2010361584,0.0,427;-1;-1,2006;-1;-1,6142.790251950001,0.9880026462508427,0.987388367225647,0.0,,0,371,1,,,427;3568;426;3474;425;3925;3665;3313;3115;3666;3150;2675;3680;2687;2688;422;421;2866;3446;3749;3750;4004;2632;4002;4068;268;3195;1610;2858;3807;3935;3971;1611;991;1197;1196;1195;1194;1193;1192;1191;3920;3919;2006,427:62009.2010361584;3568:62050.02259905566;426:62052.60851677943;3474:62086.22572160055;425:62127.89129873365;3925:62138.02143623722;3665:62159.30495053521;3313:62162.94012045435;3115:62201.801824320006;3666:62205.333680593365;3150:62258.57986233413;2675:62291.60983237196;3680:62293.470978054145;2687:62342.54858527925;2688:62396.11497986539;422:62400.96885275518;421:62451.83247083592;2866:62454.06270157298;3446:62467.58437279834;3749:62481.93928073137;3750:62495.048526058505;4004:62517.51036970482;2632:62518.85776580099;4002:62520.51565814747;4068:62521.344989508856;268:62582.58479994669;3195:62607.348960065254;1610:62609.49214004211;2858:62674.99870273842;3807:62714.65916684504;3935:62768.80154036259;3971:62806.224107319766;1611:62806.90298547639;991:62837.737921757034;1197:62848.4496973912;1196:62858.00878196964;1195:62903.058065330064;1194:62910.46770254221;1193:62921.11526604456;1192:62923.22980898514;1191:62929.555922746804;3920:62949.57500472833;3919:62954.26473552862;2006:62965.6429158489
0,10,default_vehtype,route,False,-1000,62247.31350193798,62975.08776719942,62247.31350193798,0.0,598;-1;-1,1924;-1;-1,4552.571860553,0.7795972734760244,0.7791420162899692,0.0,,0,365,1,,,598;3315;3475;3474;425;3925;3665;3313;3115;3666;3150;2675;3680;2687;2688;422;421;2867;956;1056;1057;3667;1058;3897;3685;683;682;681;680;871;272;333;2384;2109;1758;1926;1925;1924,598:62247.31350193798;3315:62254.99640355109;3475:62267.30634412176;3474:62270.813278661684;425:62312.47885579478;3925:62322.60899329835;3665:62343.89250759634;3313:62347.52767751548;3115:62386.38938138114;3666:62389.9212376545;3150:62443.167419395264;2675:62476.197389433095;3680:62478.05853511528;2687:62527.13614234038;2688:62580.702536926525;422:62585.55640981631;421:62636.42002789705;2867:62640.558259562735;956:62657.55704899866;1056:62681.15224927558;1057:62692.10775623113;3667:62705.93284707987;1058:62720.83810428378;3897:62724.6573298627;3685:62741.50470657113;683:62748.85391491803;682:62755.030763064366;681:62762.470647757116;680:62781.27032031835;871:62824.49797127012;272:62870.09780135666;333:62887.644719882774;2384:62893.27688856904;2109:62898.0408866281;1758:62914.25052847427;1926:62917.87495643442;1925:62927.12663873447;1924:62975.08776719942
0,4,default_vehtype,boarding,True,-1,62965.6429158489,62995.6429158489,62965.6429158489,0.0,2006;-1;-1,2006;-1;-1,0.0,0.987388367225647,0.987388367225647,0,,0,371,1,,371,,
0,2,default_vehtype,route,False,-1000,62640.0,63003.24977347613,62640.0,0.0,2429;-1;-1,328;-1;-1,2024.5528773810008,0.9876700067607659,0.9874675514730277,0.0,,0,,0,,,2429;2240;1242;2269;2404;1469;2403;1880;2208;4026;2386;4027;3560;3561;3563;3565;328,2429:62640;2240:62674.50272882089;1242:62679.47031578847;2269:62687.2971338109;2404:62738.22565041932;1469:62753.93770279573;2403:62777.517563821115;1880:62815.197459473755;2208:62870.76590258693;4026:62884.585571783085;2386:62890.012079110624;4027:62891.74695943285;3560:62915.014373160855;3561:62995.73873860828;3563:62997.04739686696;3565:62999.19767527482;328:63003.24977347613
0,10,default_vehtype,boarding,True,-1,62975.08776719942,63005.08776719942,62975.08776719942,0.0,1924;-1;-1,1924;-1;-1,0.0,0.7791420162899692,0.7791420162899692,0.0,,0,365,1,,365,,
0,2,default_vehtype,boarding,True,62640,63003.24977347613,63128.63033114277,63003.24977347613,0.0,328;-1;-1,328;-1;-1,0.0,0.9874675514730277,0.9874675514730277,0,,0,385,1,385,,,
0,6,default_vehtype,route,False,-1000,62629.9018720665,63194.75366440929,62629.9018720665,0.0,4068;-1;-1,3790;-1;-1,3405.3754411830005,0.9080720658081506,0.9077315282640323,0.0,,0,377,1,,,4068;4002;420;4003;3805;3446;3749;3684;2867;2906;2688;422;423;2687;3680;2675;3670;1815;1517;3672;265;1518;214;3791;3418;3790,4068:62629.9018720665;4002:62631.07214224586;420:62631.77260346966;4003:62634.01757861895;3805:62645.225874344185;3446:62659.19712504126;3749:62673.552032974294;3684:62702.44156875794;2867:62705.36294903032;2906:62713.974411210846;2688:62782.746987915576;422:62787.60086080536;423:62831.41512786926;2687:62834.64216935224;3680:62884.34251945482;2675:62885.91725701011;3670:62920.487113481955;1815:62940.870199410114;1517:62971.67468209476;3672:63006.00698094573;265:63009.87564454028;1518:63055.95889410772;214:63125.35617508065;3791:63156.72848399588;3418:63168.97263460095;3790:63194.75366440929
0,6,default_vehtype,boarding,True,-1,63194.75366440929,63224.75366440929,63194.75366440929,0.0,3790;-1;-1,3790;-1;-1,0.0,0.9077315282640323,0.9077315282640323,0,,0,377,1,,377,,
0,10,default_vehtype,route,False,-1000,63120,63251.01376756593,63120,0,1924;-1;-1,4003;-1;-1,1883.9591242800002,0.7791420162899692,0.7789536203775413,0.0,,0,,0,,,1924;1925;1926;1758;2109;2384;734;332;331;2633;4067;4002;420;4003,1924:63120;1925:63126.3619460684;1926:63137.421670155716;1758:63141.167589156445;2109:63145.829440277426;2384:63152.52068141943;734:63164.08127718289;332:63169.13481174414;331:63184.35647739395;2633:63202.798107548464;4067:63246.724004484335;4002:63248.06833119284;420:63248.76879241664;4003:63251.01376756593
0,5,default_vehtype,route,False,-1000,62711.937394566674,63263.70001734428,62711.937394566674,0.0,1028;-1;-1,521;-1;-1,4641.818272293999,0.8355558548970604,0.8350916730698312,0.0,,0,379,1,,,1028;1524;1526;1525;1478;1901;1138;1900;4007;1899;1898;1893;3653;1897;3801;1038;853;567;3169;3412;3413;2916;1015;1520;483;482;481;1158;1772;1870;2196;2195;2067;1350;230;2194;1310;519;520;521,1028:62711.937394566674;1524:62716.85599495896;1526:62728.82197159167;1525:62736.46177976162;1478:62748.9594518718;1901:62775.18979766147;1138:62797.05513038871;1900:62801.23775050853;4007:62803.13996511412;1899:62825.67703503448;1898:62829.406672538826;1893:62838.59277442933;3653:62840.41969158317;1897:62843.95571637563;3801:62849.99793965255;1038:62854.8362264472;853:62895.777778031836;567:62901.65711635599;3169:62938.95781751536;3412:62977.770505132714;3413:62996.04724268161;2916:63002.9822905111;1015:63034.75767771239;1520:63040.01399157067;483:63074.54455802408;482:63090.038891254735;481:63110.198281538156;1158:63113.47309950969;1772:63117.86026620095;1870:63125.26967567643;2196:63132.08410922985;2195:63133.583392261695;2067:63146.944971527395;1350:63151.998119379685;230:63161.11217686897;2194:63178.518483468426;1310:63202.43829544382;519:63207.60441489396;520:63214.57280031669;521:63263.70001734428
0,5,default_vehtype,boarding,True,-1,63263.70001734428,63293.70001734428,63263.70001734428,0.0,521;-1;-1,521;-1;-1,0.0,0.8350916730698312,0.8350916730698312,0,,0,379,1,,379,,
0,11,default_vehtype,route,False,-1000,63180.0,63330.97358384443,63180.0,0.0,2183;-1;-1,3603;-1;-1,1199.1174698819998,0.5842152702103698,0.5840953584633819,0.0,,0,,0,,,2183;1924;1925;295;657;1868;2184;2456;175;3357;1715;1313;217;3358;216;3604;3744;3745;3747;3603,2183:63180;1924:63201.40241115383;1925:63207.76435722223;295:63221.239412522395;657:63227.26073802966;1868:63236.09835505054;2184:63240.05209145307;2456:63247.891932336854;175:63254.40270298797;3357:63257.03577165744;1715:63258.86867928829;1313:63263.07305592081;217:63278.18835126621;3358:63300.00572796973;216:63302.22352681086;3604:63311.34054364937;3744:63314.02137857511;3745:63325.425211507354;3747:63329.15781092579;3603:63330.97358384443
0,11,default_vehtype,boarding,True,63180,63330.97358384443,63336.87034196979,63330.97358384443,0.0,3603;-1;-1,3603;-1;-1,0.0,0.5840953584633819,0.5840953584633819,0.0,,0,388,1,388,,,
0,10,default_vehtype,boarding,True,63120,63251.01376756593,63467.18301864594,63251.01376756593,0.0,4003;-1;-1,4003;-1;-1,0.0,0.7789536203775413,0.7789536203775413,0,,0,387,1,387,,,
0,5,default_vehtype,route,False,-1000,63360,63568.909110942295,63360,0,521;-1;-1,1815;-1;-1,1251.20390424,0.8350916730698312,0.8349665526794069,0.0,,0,,0,,,521;520;519;1311;1312;2171;262;263;264;1815,521:63360;520:63368.0718687857;519:63373.76939207734;1311:63386.78958399528;1312:63417.783347327255;2171:63476.84359618954;262:63517.88640935122;263:63528.86930091096;264:63561.402134167365;1815:63568.909110942295
0,2,default_vehtype,route,False,-1000,63128.63033114277,63619.6097749538,63128.63033114277,0.0,328;-1;-1,1503;-1;-1,3059.57880931,0.9874675514730277,0.987161593592097,0.0,,0,385,1,,,328;3314;3567;426;3645;3569;3682;1405;1188;1406;349;350;1214;2302;2220;1408;544;748;2155;1506;1160;1505;1503,328:63128.63033114277;3314:63170.721817432364;3567:63173.336058622524;426:63175.87699468634;3645:63223.53287821277;3569:63233.11318812769;3682:63239.944770538285;1405:63274.34626290336;1188:63299.82041781809;1406:63337.86540402503;349:63396.93539369999;350:63403.34129117934;1214:63413.098604428815;2302:63421.099997862395;2220:63424.674411737215;1408:63430.94079786864;544:63517.06414136128;748:63538.57398163414;2155:63542.28625655039;1506:63550.55320998967;1160:63552.83619190561;1505:63589.42361737363;1503:63619.6097749538
0,5,default_vehtype,boarding,True,63360,63568.909110942295,63625.238539041326,63568.909110942295,0.0,1815;-1;-1,1815;-1;-1,0.0,0.8349665526794069,0.8349665526794069,0,,0,390,1,390,,,
0,2,default_vehtype,boarding,True,-1,63619.6097749538,63649.6097749538,63619.6097749538,0.0,1503;-1;-1,1503;-1;-1,0.0,0.987161593592097,0.987161593592097,0,,0,385,1,,385,,
0,8,default_vehtype,route,False,-1000,62388.5266202596,63708.37742026721,62388.5266202596,0.0,1156;-1;-1,236;-1;-1,10232.07017559,0.9656347418049123,0.9646115347873534,0.0,,0,380,1,,,1156;1974;1854;1693;648;2946;287;1694;1511;1554;1695;1696;1697;1698;1699;1700;1701;1702;3139;1419;3138;628;1703;2822;3221;3217;2558;2557;3214;2658;3213;2859;1545;3612;2487;2334;3209;2320;3380;2696;3886;3994;180;63;3449;199;1390;732;733;734;332;333;272;871;680;681;682;683;1059;1060;1061;1075;1076;523;524;525;526;527;228;229;230;231;232;233;234;235;4050;236,1156:62388.5266202596;1974:62422.2490779347;1854:62435.83476968362;1693:62450.1334753172;648:62462.64322600495;2946:62471.214528152515;287:62474.890048144356;1694:62492.78322862265;1511:62499.848004386775;1554:62509.21192132388;1695:62518.036592940625;1696:62532.02287012462;1697:62590.876509693226;1698:62600.437657798524;1699:62623.617921181685;1700:62636.928301246626;1701:62653.11236303162;1702:62677.548702641165;3139:62679.36937870143;1419:62682.46109722605;3138:62683.23470523088;628:62688.988229182476;1703:62720.855330187755;2822:62738.09070832316;3221:62746.09700654938;3217:62760.1872391621;2558:62767.93880728147;2557:62817.25460003808;3214:62830.45318479064;2658:62834.69724946329;3213:62844.489483222846;2859:62885.49160278981;1545:62886.26616783483;3612:62902.612678111385;2487:62912.1280551244;2334:62943.29518894111;3209:62959.69117414319;2320:62994.2326248361;3380:63008.235596274266;2696:63021.77683090243;3886:63040.89210572509;3994:63066.720314751256;180:63068.29874421594;63:63076.09338548762;3449:63112.468800151444;199:63129.68670733901;1390:63147.721060176336;732:63188.48078012334;733:63193.00548799091;734:63198.60034018152;332:63203.65387474276;333:63220.98529781964;272:63228.51961373219;871:63272.80481746287;680:63275.30781704864;681:63283.476030317746;682:63286.75984667474;683:63309.50440322267;1059:63334.11817364034;1060:63354.72417951927;1061:63379.545056324314;1075:63390.232535738134;1076:63393.96124622988;523:63401.60178666847;524:63428.714671859634;525:63432.21747605835;526:63440.15434090356;527:63447.05654323731;228:63454.67083283388;229:63514.18064689947;230:63538.6190469908;231:63603.06187638252;232:63606.068255519036;233:63626.32049936047;234:63638.753714618935;235:63652.38431337608;4050:63659.32228244747;236:63708.37742026721
0,8,default_vehtype,boarding,True,-1,63708.37742026721,63738.37742026721,63708.37742026721,0.0,236;-1;-1,236;-1;-1,0.0,0.9646115347873534,0.9646115347873534,0,,0,380,1,,380,,
0,6,default_vehtype,route,False,-1000,63420,63777.78184565316,63420,0,3790;-1;-1,3665;-1;-1,1743.8485411299991,0.9077315282640323,0.9075571434099196,0.0,,0,,0,,,3790;3418;3419;3420;3422;3424;265;3672;1517;3425;3426;3427;3115;3313;3665,3790:63420;3418:63446.60830297971;3419:63468.52733388509;3420:63521.999001165634;3422:63566.31911996933;3424:63574.42248051771;265:63575.25692156265;3672:63582.7610759382;1517:63629.62643558503;3425:63631.737622981804;3426:63644.9129408879;3427:63668.64220047411;3115:63712.970645968875;3313:63770.21054672465;3665:63777.78184565316
0,1,default_vehtype,route,False,-1000,63060,63789.35454024602,63060,0,3931;-1;-1,2045;-1;-1,4900.1253025999995,0.9841833195823871,0.9836933070521263,0.0,,0,,0,,,3931;39;71;3272;1;2596;429;3112;4030;4031;3862;4032;1888;2403;2503;2345;358;2372;2689;3660;1664;2373;1426;1427;1428;1429;2044;2045,3931:63060;39:63098.82776757368;71:63198.1791629202;3272:63237.64230237112;1:63255.74602089719;2596:63335.456387821454;429:63347.343869097;3112:63349.64582736014;4030:63451.749572116314;4031:63455.38525895382;3862:63462.33417513623;4032:63466.40077182727;1888:63496.31629947961;2403:63514.73797411384;2503:63575.392390670655;2345:63598.88590746075;358:63603.77071871745;2372:63609.00830865648;2689:63657.71543005743;3660:63661.33607045757;1664:63664.71641102351;2373:63684.27794605778;1426:63689.20697027133;1427:63707.38388601597;1428:63746.59504284765;1429:63750.02025986751;2044:63775.87648967234;2045:63789.35454024602
0,1,default_vehtype,boarding,True,63060,63789.35454024602,63821.75875049077,63789.35454024602,0.0,2045;-1;-1,2045;-1;-1,0.0,0.9836933070521263,0.9836933070521263,0,,0,386,1,386,,,
0,4,default_vehtype,route,False,-1000,63540.0,63859.3018703732,63540.0,0.0,2006;-1;-1,3969;-1;-1,2123.95775388,0.987388367225647,0.9871759714502597,0.0,,0,,0,,,2006;3919;3920;1191;1192;1193;1194;1195;1196;1197;1640;1809;2623;3969,2006:63540;3919:63545.14065950798;3920:63548.89776965537;1191:63565.94555284214;1192:63576.031852575026;1193:63580.99386926252;1194:63585.06409356629;1195:63587.33301117934;1196:63588.743709862116;1197:63589.3536206141;1640:63615.07536827261;1809:63746.00420943879;2623:63791.965364152114;3969:63859.3018703732
0,4,default_vehtype,boarding,True,63540,63859.3018703732,63859.45281515622,63859.3018703732,0.0,3969;-1;-1,3969;-1;-1,0.0,0.9871759714502597,0.9871759714502597,0.0,,0,392,1,392,,,
0,6,default_vehtype,boarding,True,63420,63777.78184565316,63918.199731698434,63777.78184565316,0.0,3665;-1;-1,3665;-1;-1,0.0,0.9075571434099196,0.9075571434099196,0,,0,391,1,391,,,
0,2,default_vehtype,route,False,-1000,63660,63974.160851648325,63660,0,1503;-1;-1,2636;-1;-1,2062.1839494399997,0.987161593592097,0.9869553751971527,0.0,,0,,0,,,1503;2155;748;749;3788;3350;3352;3351;3349;2583;2638;2637;3110;335;2582;2636,1503:63660;2155:63682.528464300725;748:63696.36976196615;749:63755.39189797571;3788:63773.45848893902;3350:63787.00648557786;3352:63801.2344213016;3351:63830.66735835862;3349:63835.433173245525;2583:63874.338019419985;2638:63905.794337423555;2637:63907.68243734694;3110:63926.675055216314;335:63960.408872232176;2582:63969.781139202714;2636:63974.160851648325
0,2,default_vehtype,boarding,True,63660,63974.160851648325,63983.675381499874,63974.160851648325,0.0,2636;-1;-1,2636;-1;-1,0.0,0.9869553751971527,0.9869553751971527,0,,0,394,1,394,,,
0,8,default_vehtype,route,False,-1000,63738.37742026721,64160.016047750985,63738.37742026721,0.0,236;-1;-1,2636;-1;-1,2345.4512327400003,0.9646115347873534,0.9643769896640791,0.0,,0,,0,,,236;214;3419;3420;3422;3424;265;3672;1517;3425;3426;3427;3115;338;337;3974;336;335;2582;2636,236:63738.37742026721;214:63765.437428601355;3419:63770.54068540089;3420:63824.012352681435;3422:63868.33247148513;3424:63876.43583203351;265:63877.27027307845;3672:63884.774427454;1517:63931.63978710083;3425:63933.750974497605;3426:63946.9262924037;3427:63970.65555198991;3115:64014.98399748468;338:64018.26548254488;337:64046.45352222039;3974:64048.71838028562;336:64077.60518149206;335:64146.264068334836;2582:64155.636335305375;2636:64160.016047750985
0,8,default_vehtype,boarding,True,63660,64160.016047750985,64163.98816475971,64160.016047750985,0.0,2636;-1;-1,2636;-1;-1,0.0,0.9643769896640791,0.9643769896640791,0.0,,0,395,1,395,,,
0,5,default_vehtype,route,False,-1000,63625.238539041326,64217.076070298,63625.238539041326,0.0,1815;-1;-1,2223;-1;-1,2957.372890740002,0.8349665526794069,0.8346708153903327,0.0,,0,390,1,,,1815;1517;3672;265;3424;3423;3777;3421;2156;2279;1889;2305;997;3400;832;3922;3772;2386;4026;2208;1880;2403;2503;2345;358;2372;2497;2203;2223,1815:63625.238539041326;1517:63656.04302172597;3672:63690.37532057694;265:63694.243984171495;3424:63700.922355182374;3423:63707.68374455792;3777:63709.43922090733;3421:63716.12373802125;2156:63736.52797515513;2279:63743.473507850045;1889:63764.93154029409;2305:63778.07339238275;997:63786.70024088343;3400:63789.906183794614;832:63798.119479285895;3922:63799.243540669224;3772:63840.407470500395;2386:63857.21459876948;4026:63857.84545820993;2208:63927.431910611725;1880:63970.58645229353;2403:63990.705285661046;2503:64051.35970221786;2345:64074.85321900796;358:64079.738030264656;2372:64084.97562020368;2497:64142.27985139595;2203:64201.904668304946;2223:64217.076070298
0,5,default_vehtype,boarding,True,-1,64217.076070298,64247.076070298,64217.076070298,0.0,2223;-1;-1,2223;-1;-1,0.0,0.8346708153903327,0.8346708153903327,0,,0,390,1,,390,,
0,7,default_vehtype,route,False,-1000,63540,64430.624493037096,63540,0,1587;-1;-1,1671;-1;-1,5542.360984505993,0.9537991849075106,0.9532449488090597,0.0,,0,,0,,,1587;2834;1588;3155;3557;3431;3489;985;286;829;3118;1137;3383;3806;4044;3032;3030;3031;3034;3029;3027;2587;3026;3432;3033;3405;3406;3317;2140;2588;3404;3403;3025;899;1634;1585;1586;3299;3300;3298;2120;2225;1501;1500;1671,1587:63540;2834:63550.02784341813;1588:63564.30142916982;3155:63569.32795657813;3557:63588.161982736114;3431:63593.09834706166;3489:63599.93617053502;985:63609.00384066385;286:63615.94482124457;829:63648.409045682754;3118:63687.18567258224;1137:63688.81390417577;3383:63738.776029162334;3806:63757.350307287415;4044:63763.442288908205;3032:63773.26029757374;3030:63794.624967921714;3031:63803.9126579923;3034:63827.841793519176;3029:63861.15563474034;3027:63872.44112669303;2587:63885.01068595228;3026:63913.16364021215;3432:63978.571460214014;3033:64013.17331598336;3405:64018.214935836964;3406:64019.685624893464;3317:64020.59080031207;2140:64024.430602935405;2588:64032.35679265632;3404:64036.94634409077;3403:64040.25815344368;3025:64044.315700338855;899:64050.57174301982;1634:64057.9177225471;1585:64069.612603609996;1586:64075.3483003516;3299:64098.90339324429;3300:64102.92262679104;3298:64120.47643568012;2120:64145.16845413879;2225:64164.33501800072;1501:64170.54436191145;1500:64183.908933223734;1671:64430.624493037096
0,7,default_vehtype,boarding,True,63540,64430.624493037096,64446.21927727943,64430.624493037096,0.0,1671;-1;-1,1671;-1;-1,0.0,0.9532449488090597,0.9532449488090597,0,,0,393,1,393,,,
0,11,default_vehtype,route,False,-1000,63336.87034196979,64554.11412353399,63336.87034196979,0.0,3603;-1;-1,2180;-1;-1,8620.360465955004,0.5840953584633819,0.5832333224167859,0.0,,0,388,1,,,3603;3747;2703;215;3743;3604;216;3358;217;1313;1715;3357;175;2456;2069;1923;1924;1925;1926;1758;2109;2384;734;332;331;2633;4067;4002;420;4003;3805;3446;3749;3684;2867;2906;2688;422;423;2687;3680;2675;3670;1815;1517;3672;265;3424;3423;3777;3421;2156;2279;1889;2305;997;3400;832;3922;3772;2386;4026;2208;1880;2403;2503;2345;358;2372;2689;3660;1664;2373;1426;1427;1428;1429;2180,3603:63336.87034196979;3747:63348.00979558338;2703:63350.611981053924;215:63351.86891302153;3743:63357.76179235633;3604:63360.833149082915;216:63382.49328722313;3358:63383.28108480886;217:63393.37656088751;1313:63394.38758376311;1715:63403.400086652015;3357:63405.120564133525;175:63405.40914715669;2456:63407.46893098373;2069:63474.17773691819;1923:63488.48256259148;1924:63508.44215325654;1925:63514.80409932494;1926:63525.863823412255;1758:63529.609742412984;2109:63534.271593533966;2384:63540.96283467597;734:63552.52343043943;332:63557.57696500068;331:63572.79863065049;2633:63591.240260805;4067:63635.166157740874;4002:63636.510484449376;420:63637.21094567318;4003:63639.45592082247;3805:63650.6642165477;3446:63664.63546724478;3749:63678.99037517781;3684:63707.879910961456;2867:63710.80129123384;2906:63719.41275341436;2688:63788.18533011909;422:63793.03920300888;423:63836.853470072776;2687:63840.08051155576;3680:63889.780861658335;2675:63891.355599213624;3670:63925.92545568547;1815:63946.30854161363;1517:63977.113024298276;3672:64011.445323149244;265:64015.3139867438;3424:64021.99235775468;3423:64028.75374713023;3777:64030.50922347963;3421:64037.19374059355;2156:64057.59797772743;2279:64064.54351042235;1889:64086.0015428664;2305:64099.143394955056;997:64107.770243455736;3400:64110.97618636692;832:64119.1894818582;3922:64120.31354324153;3772:64161.4774730727;2386:64178.28460134179;4026:64178.915460782235;2208:64248.50191318403;1880:64291.656454865835;2403:64311.77528823335;2503:64372.429704790164;2345:64395.92322158026;358:64400.80803283696;2372:64406.045622775986;2689:64454.75274417694;3660:64458.37338457708;1664:64461.75372514302;2373:64481.31526017729;1426:64486.244284390836;1427:64504.421200135475;1428:64543.63235696716;1429:64547.05757398702;2180:64554.11412353399
0,11,default_vehtype,boarding,True,-1,64554.11412353399,64584.11412353399,64554.11412353399,0.0,2180;-1;-1,2180;-1;-1,0.0,0.5832333224167859,0.5832333224167859,0,,0,388,1,,388,,
0,5,default_vehtype,route,False,-1000,64247.076070298,64616.29016505385,64247.076070298,0.0,2223;-1;-1,1531;-1;-1,2540.1145808600004,0.8346708153903327,0.8344168039322465,0.0,,0,,0,,,2223;2203;2497;2372;358;2345;2503;2403;1880;2208;4026;3644;2387;2207;3869;3868;2206;2306;212;213;1531,2223:64247.076070298;2203:64255.122686409;2497:64289.68081903981;2372:64291.911619648956;358:64298.33295419944;2345:64307.16240657055;2503:64324.569863854354;2403:64334.15711157176;1880:64371.8370072244;2208:64427.405450337574;4026:64441.22511953373;3644:64458.1542691089;2387:64466.678316772515;2207:64477.71470236103;3869:64483.52280009919;3868:64488.38670341934;2206:64498.12107974274;2306:64521.15264097196;212:64526.138336981014;213:64578.26605440835;1531:64616.29016505385
0,10,default_vehtype,route,False,-1000,63467.18301864594,64615.470261590104,63467.18301864594,0.0,4003;-1;-1,1587;-1;-1,8922.454828237009,0.7789536203775413,0.7780613748947174,0.0,,0,387,1,,,4003;3805;3446;2866;421;3193;2039;183;3388;81;2653;2905;2627;3389;3335;2635;2583;3349;3111;334;988;989;389;388;387;1483;2669;3102;2677;3780;2676;1481;1480;84;107;13;10;3123;2537;3301;3144;2761;3657;3316;3551;3574;3573;142;1668;453;1587,4003:63467.18301864594;3805:63478.391314371176;3446:63492.36256506825;2866:63533.16487869846;421:63535.787038642244;3193:63612.977872853335;2039:63614.545225232745;183:63682.700165715054;3388:63687.969455195824;81:63741.58813758547;2653:63760.87102356807;2905:63761.97278591094;2627:63774.89868741886;3389:63802.39738491189;3335:63838.37010976333;2635:63882.134221144726;2583:63905.02670424475;3349:63951.991036276144;3111:63954.17036925645;334:63957.179703240654;988:64010.25159237098;989:64024.29397538906;389:64038.406129955576;388:64041.28759451877;387:64043.58633353598;1483:64098.48164428809;2669:64186.52160763539;3102:64188.14275119924;2677:64189.28833276914;3780:64210.04211989257;2676:64275.93103539384;1481:64328.522247512126;1480:64402.324974272895;84:64421.784113294474;107:64431.18062737032;13:64468.08709797899;10:64469.03943515405;3123:64500.361718149325;2537:64513.158735800076;3301:64514.14047329279;3144:64521.70490706071;2761:64527.91155859199;3657:64543.07437952729;3316:64543.37602951804;3551:64552.765370736015;3574:64557.256138460754;3573:64564.072484057935;142:64567.319367358454;1668:64583.21763555134;453:64604.55722428283;1587:64615.470261590104
0,10,default_vehtype,boarding,True,-1,64615.470261590104,64645.470261590104,64615.470261590104,0.0,1587;-1;-1,1587;-1;-1,0.0,0.7780613748947174,0.7780613748947174,0,,0,387,1,,387,,
0,5,default_vehtype,boarding,True,63840,64616.29016505385,64679.761556020865,64616.29016505385,0.0,1531;-1;-1,1531;-1;-1,0.0,0.8344168039322465,0.8344168039322465,0,,0,396,2,396,,,
0,6,default_vehtype,route,False,-1000,63918.199731698434,64772.974396234735,63918.199731698434,0.0,3665;-1;-1,507;-1;-1,5691.369517152998,0.9075571434099196,0.9069880064582043,0.0,,0,391,1,,,3665;3313;3115;3666;3150;2675;3680;2687;2688;422;421;2866;3446;3749;3750;4004;2632;4002;4067;2633;331;419;2863;3995;2864;3448;199;198;197;3886;2696;3380;2320;3209;2334;2697;3211;2859;505;506;507,3665:63918.199731698434;3313:63921.83490161757;3115:63960.69660548323;3666:63964.22846175659;3150:64017.47464349736;2675:64050.50461353519;3680:64052.36575921737;2687:64101.44336644247;2688:64155.00976102862;422:64159.8636339184;421:64210.727251999146;2866:64212.9574827362;3446:64226.47915396156;3749:64240.834061894595;3750:64253.94330722173;4004:64276.40515086804;2632:64277.75254696421;4002:64279.4104393107;4067:64280.118564791;2633:64343.09010771846;331:64367.657317853584;419:64391.25217353165;2863:64402.687622295176;3995:64452.64264061505;2864:64455.856128704356;3448:64460.706876960176;199:64471.138198011344;198:64509.36334632186;197:64512.541065415;3886:64539.561937297;2696:64566.44557517592;3380:64582.53827692811;2320:64601.21165305015;3209:64634.116753415234;2334:64662.394008032396;2697:64666.36485690255;3211:64687.13652563216;2859:64735.77811812441;505:64751.67938701952;506:64759.6839698912;507:64772.974396234735
0,6,default_vehtype,boarding,True,-1,64772.974396234735,64802.974396234735,64772.974396234735,0.0,507;-1;-1,507;-1;-1,0.0,0.9069880064582043,0.9069880064582043,0,,0,391,1,,391,,
0,3,default_vehtype,route,False,-1000,64140.0,64854.307446906176,64140.0,0.0,538;-1;-1,2087;-1;-1,5471.981556040001,0.9838599959433701,0.9833127977877664,0.0,,0,,0,,,538;774;775;776;777;778;719;718;717;716;3277;3296;3293;648;1693;1692;1691;1050;1690;1689;1688;1687;1412;2276;2277;2402;1247;2827;565;564;2796;29;2793;2795;1182;1978;1162;1943;2087,538:64140;774:64154.63185811087;775:64161.863691322586;776:64165.63269777849;777:64171.619076279414;778:64214.81337994112;719:64221.89861174014;718:64284.4016419602;717:64410.301144921104;716:64445.38825106456;3277:64461.11491838999;3296:64464.956024249484;3293:64466.18040769374;648:64566.2526387471;1693:64574.296507667044;1692:64615.211664833005;1691:64627.1920498093;1050:64631.06070143038;1690:64634.87488436823;1689:64641.55103249274;1688:64649.73953892738;1687:64657.409445141246;1412:64668.13731481127;2276:64676.736645147284;2277:64691.78343384816;2402:64708.66611936336;1247:64713.60794732029;2827:64717.98355231562;565:64720.099003332936;564:64728.08761322725;2796:64741.399177473075;29:64768.431232907926;2793:64783.64370444311;2795:64786.36674412064;1182:64795.12928540514;1978:64810.548299441136;1162:64815.86798603437;1943:64835.452722081674;2087:64854.307446906176
0,3,default_vehtype,boarding,True,64140,64854.307446906176,64855.196235494324,64854.307446906176,0.0,2087;-1;-1,2087;-1;-1,0.0,0.9833127977877664,0.9833127977877664,0.0,,0,399,2,399,,,
0,6,default_vehtype,route,False,-1000,64802.974396234735,64963.95294422771,64802.974396234735,0.0,507;-1;-1,3525;-1;-1,1102.66954576,0.9069880064582043,0.9068777395036285,0.0,,0,,0,,,507;1333;1332;1949;720;515;3848;3525,507:64802.974396234735;1333:64849.70438016612;1332:64871.93226636308;1949:64897.0179423375;720:64898.63180006041;515:64922.76215722603;3848:64948.00611504347;3525:64963.95294422771
0,6,default_vehtype,boarding,True,64500,64963.95294422771,64985.557580456545,64963.95294422771,0.0,3525;-1;-1,3525;-1;-1,0.0,0.9068777395036285,0.9068777395036285,0,,0,407,1,407,,,
0,9,default_vehtype,route,False,-1000,64140,64998.33861946975,64140,0,1587;-1;-1,1606;-1;-1,9028.212843496996,0.5560072455834992,0.5551044242991491,0.0,,0,,0,,,1587;453;1668;142;3573;3574;3551;3316;3657;2761;3144;3301;2537;3123;10;13;24;3620;2572;3307;3304;2886;1438;1439;1440;836;1441;1442;1443;1444;990;1445;1446;3126;3058;2634;2680;3059;3681;178;3555;3556;164;2468;2395;2287;828;3662;1479;1437;2075;597;2409;1153;2322;2739;3498;3499;3496;3497;3133;2686;2610;2609;2611;2612;2613;3940;2614;2615;2616;2713;2606;69;1471;1770;1609;1608;1607;1236;1606,1587:64140;453:64146.99084856164;1668:64157.98589729672;142:64165.744403175086;3573:64167.89984525858;3574:64177.03961537575;3551:64185.70406197399;3316:64197.32006341972;3657:64197.72675096887;2761:64212.422516191175;3144:64217.09844409865;3301:64219.82447259852;2537:64221.496012829775;3123:64244.281970187694;10:64277.050208877;13:64278.30274847325;24:64279.504826958175;3620:64290.45527214095;2572:64316.42361706815;3307:64337.08355002501;3304:64342.42631260455;2886:64370.34751176167;1438:64375.48668721716;1439:64385.52541378526;1440:64405.4134365263;836:64414.18858968294;1441:64459.038031650314;1442:64490.504756818;1443:64500.05318597416;1444:64511.385731046845;990:64531.957889704696;1445:64536.973877605145;1446:64570.905484977025;3126:64574.3384373099;3058:64626.54099825707;2634:64667.4495181835;2680:64675.94887886341;3059:64677.415860998735;3681:64688.48158463052;178:64690.96921445122;3555:64693.56427633577;3556:64697.70737752397;164:64709.9111943484;2468:64725.74677317961;2395:64738.34196160916;2287:64744.075221759216;828:64750.29318641939;3662:64754.51862664334;1479:64756.709298691036;1437:64765.68591198148;2075:64769.08010593961;597:64774.4130168085;2409:64778.07888132675;1153:64796.2327289352;2322:64805.73369746059;2739:64818.310549818365;3498:64821.42602385947;3499:64822.483317578386;3496:64824.0054758029;3497:64831.37491379354;3133:64833.36244680893;2686:64840.37385937446;2610:64845.74894101824;2609:64855.14951969603;2611:64859.243751716225;2612:64866.314962685916;2613:64872.338098456974;3940:64885.32370750556;2614:64886.74633399417;2615:64895.75801675211;2616:64905.987608183;2713:64914.331680818075;2606:64930.245991813536;69:64949.024579003286;1471:64956.7930113169;1770:64966.609218024896;1609:64974.670172566715;1608:64987.851100787586;1607:64990.33999822537;1236:64995.4102046782;1606:64998.33861946975
0,2,default_vehtype,route,False,-1000,63983.675381499874,65014.30557724438,63983.675381499874,0.0,2636;-1;-1,2589;-1;-1,7850.995588499999,0.9869553751971527,0.9861702756383034,0.0,,0,394,1,,,2636;2582;2638;2583;3349;3111;334;988;989;389;388;387;1483;2669;3102;2677;4074;2117;1828;3650;509;1766;1945;2829;2830;3918;3470;3469;83;2923;15;16;2844;3401;2833;2561;2768;2543;3728;3732;2546;2545;3726;3727;3622;143;66;65;2547;2549;2548;2551;2550;2552;3632;3440;3438;2555;3629;2589,2636:63983.675381499874;2582:63991.91893910472;2638:64036.31439610364;2583:64072.08266051736;3349:64119.04699254875;3111:64121.22632552905;334:64124.23565951326;988:64177.307548643585;989:64191.349931661665;389:64205.46208622818;388:64208.343550791375;387:64210.64228980859;1483:64265.537600560696;2669:64353.577563907995;3102:64355.19870747184;2677:64356.34428904174;4074:64383.346325741884;2117:64397.544711966104;1828:64408.29623902517;3650:64409.31955007951;509:64415.96303570255;1766:64426.194027924386;1945:64433.47748802547;2829:64437.445594476754;2830:64445.58962293898;3918:64447.841142451885;3470:64459.945892549295;3469:64465.11393922354;83:64473.17490651101;2923:64487.87858437851;15:64491.10165308172;16:64501.401881360456;2844:64543.50853508978;3401:64550.906734072356;2833:64582.420602914215;2561:64626.58642792085;2768:64691.10424514015;2543:64696.59603153003;3728:64712.87019854224;3732:64719.19149348041;2546:64719.93137621624;2545:64727.05567899831;3726:64729.39331203436;3727:64735.16320396602;3622:64754.05155401355;143:64756.107604129305;66:64760.42100029005;65:64766.29622302624;2547:64783.34826363972;2549:64816.844151757796;2548:64819.038849164666;2551:64871.520641145995;2550:64873.45520886768;2552:64912.71899303012;3632:64943.28718072383;3440:64950.599237769304;3438:64951.16943775129;2555:64957.48161948004;3629:64965.013828583316;2589:65014.30557724438
0,9,default_vehtype,boarding,True,64140,64998.33861946975,65011.783675295344,64998.33861946975,0.0,1606;-1;-1,1606;-1;-1,0.0,0.5551044242991491,0.5551044242991491,0.0,,0,400,1,400,,,
0,11,default_vehtype,route,False,-1000,64584.11412353399,65028.887704446934,64584.11412353399,0.0,2180;-1;-1,3562;-1;-1,2501.152691061001,0.5832333224167859,0.5829832071476798,0.0,,0,,0,,,2180;2373;1664;3660;2423;1987;2397;2026;2503;2403;1880;2208;4026;2386;4027;3560;3561;3563;3562,2180:64584.11412353399;2373:64649.85822555645;1664:64663.69308835147;3660:64664.82547830745;2423:64719.34419545718;1987:64726.418502823944;2397:64766.95131904988;2026:64788.999796431366;2503:64795.86415866617;2403:64805.451406383574;1880:64843.131302036214;2208:64898.69974514939;4026:64912.519414345545;2386:64917.94592167308;4027:64919.68080199531;3560:64942.948215723314;3561:65023.67258117074;3563:65024.98123942942;3562:65028.887704446934
0,2,default_vehtype,boarding,True,-1,65014.30557724438,65044.30557724438,65014.30557724438,0.0,2589;-1;-1,2589;-1;-1,0.0,0.9861702756383034,0.9861702756383034,0,,0,394,1,,394,,
0,8,default_vehtype,route,False,-1000,64163.98816475971,65060.17075466524,64163.98816475971,0.0,2636;-1;-1,865;-1;-1,7394.6902494999995,0.9643769896640791,0.9636375206391296,0.0,,0,395,1,,,2636;2582;2638;2583;3349;3111;334;988;989;389;388;387;1483;2669;3102;2677;4074;2117;1828;3650;509;1766;1945;2829;2830;3918;3470;3469;83;2923;15;16;2844;3401;2833;2561;2768;2543;3728;3732;2546;2545;3726;3727;3622;143;66;3529;3527;3528;3227;2823;3526;866;865,2636:64163.98816475971;2582:64172.23172236455;2638:64216.62717936347;2583:64252.39544377719;3349:64299.35977580858;3111:64301.539108788886;334:64304.54844277309;988:64357.62033190342;989:64371.6627149215;389:64385.774869488014;388:64388.65633405121;387:64390.95507306842;1483:64445.85038382053;2669:64533.89034716783;3102:64535.511490731675;2677:64536.657072301576;4074:64563.65910900172;2117:64577.85749522594;1828:64588.609022285;3650:64589.632333339345;509:64596.275818962386;1766:64606.50681118422;1945:64613.7902712853;2829:64617.75837773659;2830:64625.90240619881;3918:64628.15392571172;3470:64640.25867580913;3469:64645.426722483375;83:64653.487689770845;2923:64668.19136763834;15:64671.414436341554;16:64681.71466462029;2844:64723.82131834961;3401:64731.21951733219;2833:64762.73338617405;2561:64806.89921118068;2768:64871.417028399985;2543:64876.908814789866;3728:64893.18298180207;3732:64899.50427674024;2546:64900.244159476075;2545:64907.36846225814;3726:64909.70609529419;3727:64915.47598722585;3622:64934.364337273386;143:64936.42038738914;66:64940.733783549884;3529:64960.07143047868;3527:64962.56621598158;3528:64969.55502253557;3227:64977.62911461009;2823:64984.361920952906;3526:64996.53827636835;866:65015.93179739184;865:65060.17075466524
0,8,default_vehtype,boarding,True,-1,65060.17075466524,65090.17075466524,65060.17075466524,0.0,865;-1;-1,865;-1;-1,0.0,0.9636375206391296,0.9636375206391296,0,,0,395,1,,395,,
0,5,default_vehtype,route,False,-1000,64679.761556020865,65136.739277392706,64679.761556020865,0.0,1531;-1;-1,2082;-1;-1,2899.253508863,0.8344168039322465,0.8341268785813591,0.0,,0,396,2,,,1531;213;3419;3420;3422;3424;265;3671;264;1815;3675;2133;2191;2687;423;1873;1221;1631;2083;4009;4008;4011;1952;2082,1531:64679.761556020865;213:64708.31939577715;3419:64722.91292455648;3420:64776.38459183703;3422:64820.704710640726;3424:64828.8080711891;265:64829.642512234044;3671:64837.46566597512;264:64966.26954598707;1815:64973.776522762;3675:64985.449417550204;2133:65008.29227663529;2191:65021.92359262187;2687:65076.69431818225;423:65079.43861789316;1873:65088.81444767695;1221:65093.46587677606;1631:65103.14267065522;2083:65112.53292404809;4009:65116.17906578148;4008:65118.544783498684;4011:65120.52509069796;1952:65123.73606410447;2082:65136.739277392706
0,5,default_vehtype,boarding,True,-1,65136.739277392706,65166.739277392706,65136.739277392706,0.0,2082;-1;-1,2082;-1;-1,0.0,0.8341268785813591,0.8341268785813591,0,,0,396,2,,396,,
0,11,default_vehtype,boarding,True,64260,65028.887704446934,65200.271519467016,65028.887704446934,0.0,3562;-1;-1,3562;-1;-1,0.0,0.5829832071476798,0.5829832071476798,0,,0,401,1,401,,,
0,1,default_vehtype,route,False,-1000,63821.75875049077,65496.96742332204,63821.75875049077,0.0,2045;-1;-1,3299;-1;-1,13188.667372875992,0.9836933070521263,0.982374440314839,0.0,,0,386,1,,,2045;2044;1429;1428;1427;1426;2374;2443;2405;1278;852;851;850;849;579;848;847;846;862;861;868;867;430;3112;429;2596;1;3272;71;56;3057;0;3555;178;3681;3059;2680;101;102;3332;4041;17;4019;2542;2535;2586;136;3029;3027;2587;3026;3432;3033;3405;3406;3317;2140;2588;3404;3403;3025;899;1634;1585;1586;3299,2045:63821.75875049077;2044:63849.12135110629;1429:63857.547901616126;1428:63877.75016224731;1427:63893.138964922735;1426:63921.73692069984;2374:63943.227985123536;2443:63986.996338131255;2405:63995.0867039858;1278:64010.34992859287;852:64052.00644218874;851:64056.57538842869;850:64063.27273601046;849:64083.59831203263;579:64105.09014229516;848:64148.71360405363;847:64177.95223551392;846:64193.46456443727;862:64217.74070034271;861:64274.53321495268;868:64280.14496464511;867:64289.965884541525;430:64305.729763740856;3112:64317.56051593884;429:64319.691826218725;2596:64339.91704591442;1:64413.9119495135;3272:64447.93341248341;71:64479.93621582594;56:64589.78913536566;3057:64681.452018825315;0:64720.46575423513;3555:64739.050504642044;178:64740.98044864687;3681:64743.23363481236;3059:64748.942065256495;2680:64751.720377520345;101:64768.33383829972;102:64910.86108918483;3332:65061.93736694678;4041:65095.7590917131;17:65102.24626267185;4019:65157.238781377724;2542:65157.91348918709;2535:65187.48504463816;2586:65203.16807853844;136:65258.07865794692;3029:65259.21966481809;3027:65270.505156770785;2587:65283.07471603003;3026:65311.2276702899;3432:65376.63549029177;3033:65411.23734606111;3405:65416.27896591472;3406:65417.749654971216;3317:65418.65483038982;2140:65422.49463301316;2588:65430.42082273407;3404:65435.01037416852;3403:65438.322183521435;3025:65442.37973041661;899:65448.63577309757;1634:65455.98175262485;1585:65467.67663368775;1586:65473.41233042935;3299:65496.96742332204
0,11,default_vehtype,route,False,-1000,65200.271519467016,65511.537377510125,65200.271519467016,0.0,3562;-1;-1,861;-1;-1,1712.5102381400006,0.5829832071476798,0.5828119561238659,0.0,,0,401,1,,,3562;328;3314;2716;2715;3054;3112;430;431;432;861,3562:65200.271519467016;328:65202.82406892272;3314:65244.91555521231;2716:65318.9637904389;2715:65365.8583014969;3054:65385.109082981704;3112:65441.444014695764;430:65462.520165035494;431:65486.561231820444;432:65500.933538113226;861:65511.537377510125
0,1,default_vehtype,boarding,True,-1,65496.96742332204,65526.96742332204,65496.96742332204,0.0,3299;-1;-1,3299;-1;-1,0.0,0.982374440314839,0.982374440314839,0,,0,386,1,,386,,
0,11,default_vehtype,boarding,True,-1,65511.537377510125,65541.53737751013,65511.537377510125,0.0,861;-1;-1,861;-1;-1,0.0,0.5828119561238659,0.5828119561238659,0,,0,401,1,,401,,
0,4,default_vehtype,route,False,-1000,63859.45281515622,65555.0995652013,63859.45281515622,0.0,3969;-1;-1,1827;-1;-1,17196.064110550025,0.9871759714502597,0.9854563650392035,0.0,,0,392,1,,,3969;2623;1809;2296;2295;1842;2218;1638;1639;1640;1197;723;795;787;3855;3856;459;1502;2008;792;1840;1808;3216;3218;3220;1704;3219;3223;62;3225;2077;1946;3724;3587;2545;2546;3732;2630;908;1838;685;2078;3846;3608;2935;3610;85;3371;2828;910;193;1780;3234;3233;73;3125;3077;3071;3070;3460;3051;2852;3461;3776;3069;3485;3447;2644;3486;2645;200;138;159;3457;205;3066;3065;3939;131;3903;3064;163;161;203;194;3265;165;3264;3327;3321;3319;3325;2129;2225;1501;1500;1671;1827,3969:63859.45281515622;2623:63935.99191890708;1809:63975.72234823183;2296:63979.17527999626;2295:63986.26585012985;1842:63989.9096683711;2218:63995.14638210048;1638:64013.69975321273;1639:64021.09316596251;1640:64027.42613022075;1197:64057.85143217252;723:64104.44697411536;795:64108.47555517954;787:64126.88638011678;3855:64127.700824512445;3856:64134.56865781667;459:64136.84771709272;1502:64139.59941285181;2008:64169.95099078669;792:64178.89474734566;1840:64180.372318814756;1808:64194.46689195873;3216:64198.23988752508;3218:64240.6695666636;3220:64249.77640822526;1704:64252.10444702024;3219:64255.05746573249;3223:64264.54451898447;62:64286.766778112156;3225:64299.53266553463;2077:64314.1582331656;1946:64324.2110078376;3724:64336.869105006524;3587:64338.85608644406;2545:64341.81869253104;2546:64344.79148679115;3732:64347.90148936809;2630:64355.25923092251;908:64381.122500973295;1838:64386.62895245831;685:64392.16172121533;2078:64417.240580104764;3846:64428.267356210956;3608:64430.918212951205;2935:64445.708654183145;3610:64458.834873908796;85:64505.69666535156;3371:64518.160172374635;2828:64519.935967541525;910:64522.1367806912;193:64627.48862662983;1780:64637.241745797866;3234:64638.273139117344;3233:64639.65580900577;73:64648.519541142094;3125:64667.02637168693;3077:64671.09258809885;3071:64697.9453270776;3070:64703.34107527797;3460:64707.4290502721;3051:64712.48005200756;2852:64713.22004958754;3461:64718.36222531284;3776:64725.30365266098;3069:64733.83016007973;3485:64753.13703833681;3447:64757.06791677324;2644:64758.67838301193;3486:64759.66931909291;2645:64776.324080703096;200:64796.459112708224;138:64835.86767309926;159:64845.94426486924;3457:64847.0655335288;205:64861.57827678372;3066:64930.64772903856;3065:64942.22524763854;3939:64964.50048344206;131:64967.741321807094;3903:64983.566099379386;3064:65033.705533236454;163:65081.984776204874;161:65101.459524133534;203:65116.229565054746;194:65133.93370698732;3265:65164.359699676024;165:65174.8005403616;3264:65176.68614977351;3327:65189.10185156021;3321:65198.10529026378;3319:65199.72228396925;3325:65209.3010256956;2129:65224.30424585511;2225:65238.61986530767;1501:65244.829209218406;1500:65258.19378053069;1671:65504.90934034405;1827:65555.0995652013
0,4,default_vehtype,boarding,True,-1,65555.0995652013,65585.0995652013,65555.0995652013,0.0,1827;-1;-1,1827;-1;-1,0.0,0.9854563650392035,0.9854563650392035,0,,0,392,1,,392,,
0,5,default_vehtype,route,False,-1000,65166.739277392706,65707.45284509748,65166.739277392706,0.0,2082;-1;-1,2122;-1;-1,2120.459237435001,0.8341268785813591,0.8339148326576156,0.0,,0,,0,,,2082;1952;4011;4010;422;423;424;3203;3204;3926;2670;338;3665;3925;425;2122,2082:65166.739277392706;1952:65196.95464878745;4011:65203.70706174901;4010:65210.003126445015;422:65222.03376045245;423:65265.848027516346;424:65309.861848775436;3203:65347.657501467824;3204:65348.8369725541;3926:65377.33764771667;2670:65414.07486216815;338:65417.81516475777;3665:65509.373020942636;3925:65533.04198734219;425:65548.6258811361;2122:65707.45284509748
0,5,default_vehtype,boarding,True,64920,65707.45284509748,65739.71748982623,65707.45284509748,0.0,2122;-1;-1,2122;-1;-1,0.0,0.8339148326576156,0.8339148326576156,0,,0,409,1,409,,,
0,4,default_vehtype,route,False,-1000,65585.0995652013,65907.85411160467,65585.0995652013,0.0,1827;-1;-1,4083;-1;-1,1481.8466469200002,0.9854563650392035,0.9853081803745118,0.0,,0,,0,,,1827;1671;1500;1501;2225;2120;3298;3300;3299;1586;1585;1634;1320;1319;4083,1827:65585.0995652013;1671:65591.58100261944;1500:65645.25256542217;1501:65693.87800080837;2225:65717.9731966387;2120:65727.2214448572;3298:65740.21375912163;3300:65748.42672331125;3299:65751.10395675962;1586:65807.91058943697;1585:65820.26446829368;1634:65835.51034232754;1320:65846.350226792;1319:65898.49470861527;4083:65907.85411160467
0,8,default_vehtype,route,False,-1000,65160.0,65903.87859198725,65160.0,0.0,865;-1;-1,2020;-1;-1,3806.7923551000026,0.9636375206391296,0.9632568414036202,0.0,,0,,0,,,865;866;3526;2823;3227;3528;3527;3529;66;143;3622;3727;3726;2545;3725;2768;2561;2833;3401;2844;16;2118;83;3916;1569;2005;2831;2020,865:65160;866:65196.454431537415;3526:65278.152193829046;2823:65283.78109085597;3227:65287.646373632204;3528:65303.777639335494;3527:65313.1123591113;3529:65319.75146432188;66:65349.12463586401;143:65361.264039796195;3622:65364.365775406164;3727:65380.15028475419;3726:65383.39066216797;2545:65385.283034916574;3725:65388.33713261577;2768:65405.28970916818;2561:65466.494146428144;2833:65513.288307984054;3401:65543.1635407103;2844:65549.04783238866;16:65585.79847140351;2118:65593.14711173288;83:65624.2587092983;3916:65662.51425188644;1569:65740.17768641996;2005:65779.16618781046;2831:65807.01921443062;2020:65903.87859198725
0,8,default_vehtype,boarding,True,65160,65903.87859198725,65911.19584482413,65903.87859198725,0.0,2020;-1;-1,2020;-1;-1,0.0,0.9632568414036202,0.9632568414036202,0,,0,411,1,411,,,
0,4,default_vehtype,boarding,True,65400,65907.85411160467,65977.45017338834,65907.85411160467,0.0,4083;-1;-1,4083;-1;-1,0.0,0.9853081803745118,0.9853081803745118,0,,0,414,1,414,,,
0,6,default_vehtype,route,False,-1000,64985.557580456545,65991.06722319109,64985.557580456545,0.0,3525;-1;-1,3442;-1;-1,4071.616831879997,0.9068777395036285,0.9064705778204409,0.0,,0,407,1,,,3525;3848;515;720;721;3215;2658;3692;3691;3690;723;1197;1640;1809;2623;1362;1810;1811;1104;1878;3442,3525:64985.557580456545;3848:65046.70907535264;515:65081.2210969396;720:65094.67375641142;721:65260.37714090619;3215:65296.98498434104;2658:65311.83781898252;3692:65321.3668241648;3691:65335.22137627197;3690:65399.12681414147;723:65422.172293080475;1197:65475.8627468826;1640:65501.584494541115;1809:65632.51333570729;2623:65678.47449042062;1362:65723.16942819954;1810:65749.8904197158;1811:65826.67971317828;1104:65875.6963671756;1878:65982.37939203293;3442:65991.06722319109
0,6,default_vehtype,boarding,True,-1,65991.06722319109,66021.06722319109,65991.06722319109,0.0,3442;-1;-1,3442;-1;-1,0.0,0.9064705778204409,0.9064705778204409,0,,0,407,1,,407,,
0,11,default_vehtype,route,False,-1000,65541.53737751013,66030.73107824787,65541.53737751013,0.0,861;-1;-1,2494;-1;-1,2242.26688708,0.5828119561238659,0.5825877294351574,0.0,,0,,0,,,861;432;433;434;248;2668;435;3664;436;437;2105;2106;442;441;2052;2494,861:65541.53737751013;432:65574.68547808488;433:65652.53778110814;434:65688.18604786815;248:65802.39673039122;2668:65852.11403605319;435:65863.70514807724;3664:65881.33430731371;436:65904.52319128533;437:65926.83151515604;2105:65942.85322222726;2106:65956.83591776673;442:65986.0217763678;441:66012.8720916538;2052:66014.78138422157;2494:66030.73107824787
0,11,default_vehtype,boarding,True,65220,66030.73107824787,66038.82997312452,66030.73107824787,0.0,2494;-1;-1,2494;-1;-1,0.0,0.5825877294351574,0.5825877294351574,0.0,,0,412,2,412,,,
0,9,default_vehtype,route,False,-1000,65011.783675295344,66140.61504784862,65011.783675295344,0.0,1606;-1;-1,2205;-1;-1,8794.158794440009,0.5551044242991491,0.5542250084197046,0.0,,0,400,1,,,1606;1236;1607;1608;1609;1770;1471;69;2606;2713;2616;2615;2614;3940;2613;2612;2611;2609;2610;2686;3133;3497;3492;3493;3494;3495;3491;2603;3586;2604;2742;2605;2869;3941;51;2608;3249;3258;3121;3257;3256;2726;2723;2721;2592;55;2640;2639;3328;2738;2526;3272;1;2596;172;3771;428;427;3568;3314;328;3562;4026;3644;2387;2207;3868;2206;2205,1606:65011.783675295344;1236:65018.71459489193;1607:65022.75167521408;1608:65061.943429987376;1609:65087.56687777255;1770:65091.33362375226;1471:65094.57812114306;69:65095.613233927135;2606:65106.8138006073;2713:65114.93844960378;2616:65125.61251164389;2615:65137.968782875316;2614:65145.34347185326;3940:65147.092132119855;2613:65154.00675424912;2612:65163.07649947553;2611:65176.70472778428;2609:65179.71741468028;2610:65194.14488853369;2686:65200.8581606473;3133:65210.800163406246;3497:65213.33805759976;3492:65218.197624790606;3493:65221.53536738358;3494:65223.37921218005;3495:65226.89075560976;3491:65234.66351838992;2603:65239.64218157006;3586:65241.37889069394;2604:65257.19043731046;2742:65264.1838970828;2605:65265.351543877325;2869:65297.98482852197;3941:65301.10350397641;51:65302.34272538117;2608:65303.45911660116;3249:65306.80520030006;3258:65343.19913338294;3121:65345.57187160938;3257:65345.96684833796;3256:65347.40131249073;2726:65377.31033447616;2723:65383.733632212854;2721:65387.95952316485;2592:65440.61342848425;55:65441.950448335825;2640:65445.823927879894;2639:65466.50021147422;3328:65512.276094288776;2738:65514.92341356649;2526:65590.85637763084;3272:65632.34652104403;1:65650.45023957011;2596:65730.16060649438;172:65758.76904253195;3771:65764.25263100924;428:65816.5212417902;427:65851.2499824536;3568:65892.07154535086;3314:65896.18903896991;328:65944.21704454406;3562:65947.53369026077;4026:66055.78038501473;3644:66072.7095345899;2387:66081.23358225351;2207:66092.26996784203;3868:66111.08620032943;2206:66120.82057665283;2205:66140.61504784862
0,7,default_vehtype,route,False,-1000,64446.21927727943,66159.60537137602,64446.21927727943,0.0,1671;-1;-1,2448;-1;-1,18066.19644947401,0.9532449488090597,0.9514383291641126,0.0,,0,393,1,,,1671;1500;1501;2225;2129;3325;3319;3321;3327;3264;157;2226;3323;3320;3324;3326;3318;3955;2527;7;2651;26;3100;59;3902;2575;3099;78;60;3101;3912;3597;3106;3904;3409;3408;3905;2959;2960;3577;77;3588;69;2606;2713;2616;2615;2614;3940;2613;2612;2611;2609;2610;2686;3133;3497;3496;3499;3498;3956;3491;2603;3586;2604;2742;2605;2869;3941;51;2608;3249;3258;3121;3257;3256;2726;2723;3113;2724;2602;54;2591;55;2640;2639;3134;49;3116;3042;4077;2748;2672;1776;2732;1775;2601;2882;2668;2749;1294;1295;1296;1297;1298;1299;3996;1300;285;1273;1272;2448,1671:64446.21927727943;1500:64499.89084008216;1501:64548.51627546837;2225:64572.61147129871;2129:64609.52613855309;3325:64666.88387642596;3319:64673.59731261494;3321:64675.95882818177;3327:64684.60604389163;3264:64690.45045880917;157:64694.28652164191;2226:64696.71851032088;3323:64712.29924710518;3320:64722.426539849475;3324:64723.652555451255;3326:64785.731845265516;3318:64786.74159819303;3955:64787.29935283089;2527:64812.502196288486;7:64832.15888256336;2651:64903.534137723516;26:64935.30773622834;3100:64951.998694242844;59:64969.05295005189;3902:65001.88390389982;2575:65032.564664670565;3099:65048.98233240664;78:65060.616306886324;60:65070.36491923202;3101:65095.65664213735;3912:65105.21469373787;3597:65113.00764507327;3106:65114.058123398376;3904:65127.147153605816;3409:65129.128208886024;3408:65142.05006633646;3905:65142.80538808572;2959:65159.10273895777;2960:65159.986923794924;3577:65175.4116440323;77:65176.25088239353;3588:65222.01298421776;69:65273.88096493301;2606:65285.08153161317;2713:65293.20618060965;2616:65303.880242649764;2615:65316.23651388119;2614:65323.61120285913;3940:65325.35986312573;2613:65332.274485254995;2612:65341.3442304814;2611:65354.97245879015;2609:65357.98514568615;2610:65372.41261953956;2686:65379.12589165317;3133:65389.06789441212;3497:65391.60578860563;3496:65398.75413208446;3499:65401.01266407981;3498:65402.28066514017;3956:65403.60448471616;3491:65411.38113185684;2603:65416.35979503698;3586:65418.09650416086;2604:65433.90805077738;2742:65440.901510549724;2605:65442.069157344245;2869:65474.70244198889;3941:65477.82111744333;51:65479.06033884809;2608:65480.17673006808;3249:65483.522813766984;3258:65519.91674684986;3121:65522.289485076304;3257:65522.68446180488;3256:65524.11892595765;2726:65554.02794794309;2723:65560.45124567978;3113:65562.75191415526;2724:65563.48943287102;2602:65581.64882862389;54:65609.5435687223;2591:65616.28307692973;55:65618.0312536201;2640:65621.90473316416;2639:65642.58101675849;3134:65651.47120202082;49:65653.90428804776;3116:65661.39805534581;3042:65693.32399478133;4077:65714.20688897841;2748:65720.04537871883;2672:65741.59226394599;1776:65800.00276027447;2732:65818.4757205483;1775:65875.43869060736;2601:65877.73875722325;2882:65891.93697240131;2668:65920.22172714109;2749:65945.38658891762;1294:65983.2204938875;1295:66019.20392579235;1296:66036.25620465731;1297:66046.89821046853;1298:66048.58965245407;1299:66054.12605426309;3996:66058.0468883694;1300:66087.94771094697;285:66091.04334203631;1273:66151.42041892321;1272:66156.94652226473;2448:66159.60537137602
0,9,default_vehtype,boarding,True,-1,66140.61504784862,66170.61504784862,66140.61504784862,0.0,2205;-1;-1,2205;-1;-1,0.0,0.5542250084197046,0.5542250084197046,0,,0,400,1,,400,,
0,6,default_vehtype,route,False,-1000,66021.06722319109,66181.04773235181,66021.06722319109,0.0,3442;-1;-1,1027;-1;-1,614.9271712899999,0.9064705778204409,0.9064090851033119,0.0,,0,,0,,,3442;1878;189;1877;1876;1256;550;1025;1026;1027,3442:66021.06722319109;1878:66033.62324850776;189:66049.10634294378;1877:66058.34602748025;1876:66060.44943273922;1256:66078.70046363384;550:66119.61422931097;1025:66143.30372380654;1026:66175.97696772745;1027:66181.04773235181
0,7,default_vehtype,boarding,True,-1,66159.60537137602,66189.60537137602,66159.60537137602,0.0,2448;-1;-1,2448;-1;-1,0.0,0.9514383291641126,0.9514383291641126,0.0,,0,393,1,,393,,
0,10,default_vehtype,route,False,-1000,65040,66245.56606730548,65040,0,1587;-1;-1,2636;-1;-1,6162.218647117,0.7780613748947174,0.7774451530300074,0.0,,0,,0,,,1587;2834;1588;3155;3557;3487;4076;2595;2762;2536;3122;23;24;3840;3839;105;2837;3107;3182;1482;2669;1483;387;988;334;3351;134;2637;2638;2582;2636,1587:65040;2834:65050.02784341813;1588:65064.30142916982;3155:65069.32795657813;3557:65088.161982736114;3487:65092.00165420338;4076:65139.77425936914;2595:65156.03616726644;2762:65205.5185979972;2536:65242.54024619441;3122:65275.47313778526;23:65327.170553331125;24:65329.97079370268;3840:65418.35871937256;3839:65434.31367175948;105:65453.94457738361;2837:65602.95458156006;3107:65698.52310568889;3182:65720.56044286607;1482:65738.16005603055;2669:65739.87666090974;1483:65831.06597987161;387:65881.74355392663;988:65931.15286848927;334:66025.06077660545;3351:66026.77307793887;134:66082.70401828203;2637:66138.1108508316;2638:66141.2236581441;2582:66241.18635485986;2636:66245.56606730548
0,10,default_vehtype,boarding,True,65040,66245.56606730548,66343.80258900594,66245.56606730548,0.0,2636;-1;-1,2636;-1;-1,0.0,0.7774451530300074,0.7774451530300074,0,,0,410,1,410,,,
0,6,default_vehtype,boarding,True,65340,66181.04773235181,66394.56841502828,66181.04773235181,0.0,1027;-1;-1,1027;-1;-1,0.0,0.9064090851033119,0.9064090851033119,0,,0,413,1,413,,,
0,5,default_vehtype,route,False,-1000,65739.71748982623,66631.51385595604,65739.71748982623,0.0,2122;-1;-1,502;-1;-1,4721.821761187997,0.8339148326576156,0.833442650481497,0.0,,0,409,1,,,2122;425;3925;3665;338;2670;3926;3204;3203;424;423;422;421;2866;3446;3805;4003;420;4068;268;3119;3450;173;3686;180;2657;3596;3845;2698;3841;502,2122:65739.71748982623;425:65755.14928844577;3925:65765.27942594934;3665:65786.56294024733;338:65873.04039678675;2670:65875.76237163549;3926:65926.21803175678;3204:65958.4340561704;3203:65961.49267210564;424:65982.62400700703;423:66025.9216044095;422:66089.16672829454;421:66140.0303463753;2866:66142.26057711235;3446:66155.78224833771;3805:66188.46897730487;4003:66209.79652016687;420:66212.48627014243;4068:66213.74875152658;268:66274.98856196442;3119:66363.00802249314;3450:66415.72603368467;173:66443.76001132384;3686:66472.5336931931;180:66483.14933081786;2657:66497.18057940637;3596:66501.19469046906;3845:66524.63453297777;2698:66626.72502544973;3841:66630.8571195732;502:66631.51385595604
0,5,default_vehtype,boarding,True,-1,66631.51385595604,66661.51385595604,66631.51385595604,0.0,502;-1;-1,502;-1;-1,0.0,0.833442650481497,0.833442650481497,0,,0,409,1,,409,,
0,2,default_vehtype,route,False,-1000,65640.0,66694.65579075232,65640.0,0.0,2589;-1;-1,3930;-1;-1,4664.400031050001,0.9861702756383034,0.9857038356351985,0.0,,0,,0,,,2589;2590;3633;3439;3634;2813;2815;2810;94;2808;3127;2805;3360;3866;2803;4047;2802;2799;2795;2794;2791;2788;3453;2958;3454;3734;3638;3639;166;152;3854;3481;3480;3874;3241;4036;3151;3930,2589:65640;2590:65643.17292072455;3633:65698.91795131369;3439:65704.57968726415;3634:65710.29517479532;2813:65818.4739476482;2815:65857.47214424332;2810:65874.8889855599;94:65920.02893397679;2808:65924.31078686453;3127:65979.18935343287;2805:66033.26789572963;3360:66098.27679734382;3866:66103.88277276585;2803:66107.59823542475;4047:66112.78950912051;2802:66170.37291526415;2799:66190.75724858517;2795:66290.49118731031;2794:66313.71265165182;2791:66339.63785464677;2788:66360.02792836694;3453:66376.43725105269;2958:66385.1110619631;3454:66391.55237011722;3734:66406.61732247479;3638:66412.35163923576;3639:66417.00970240576;166:66480.4390233085;152:66510.43542034524;3854:66652.34902143483;3481:66658.52450037887;3480:66665.37723359847;3874:66679.98864502418;3241:66684.42567104517;4036:66684.67312026359;3151:66685.67463774835;3930:66694.65579075232
0,2,default_vehtype,boarding,True,65640,66694.65579075232,66698.90789115289,66694.65579075232,0.0,3930;-1;-1,3930;-1;-1,0.0,0.9857038356351985,0.9857038356351985,0.0,,0,416,1,416,,,
0,11,default_vehtype,route,False,-1000,66038.82997312452,66714.87844053094,66038.82997312452,0.0,2494;-1;-1,427;-1;-1,3139.0638152500005,0.5825877294351574,0.5822738230536328,0.0,,0,412,2,,,2494;2052;441;442;2106;2105;437;436;3664;435;2668;248;434;433;432;431;430;429;2596;172;3771;428;427,2494:66038.82997312452;2052:66051.16332951155;441:66052.26329285698;442:66058.68283954848;2106:66092.85426310399;2105:66101.39030352635;437:66184.05682199815;436:66217.68487382619;3664:66224.45400686597;435:66237.94755522865;2668:66259.2494245776;248:66279.38553789158;434:66344.01155195909;433:66392.18861737284;432:66502.8590953506;431:66532.53489986574;430:66549.95546479148;429:66573.56384487601;2596:66593.78906457171;172:66622.39750060928;3771:66627.88108908657;428:66680.14969986753;427:66714.87844053094
0,11,default_vehtype,boarding,True,-1,66714.87844053094,66744.87844053094,66714.87844053094,0.0,427;-1;-1,427;-1;-1,0.0,0.5822738230536328,0.5822738230536328,0,,0,412,2,,412,,
0,9,default_vehtype,route,False,-1000,66170.61504784862,66769.06348692033,66170.61504784862,0.0,2205;-1;-1,33;-1;-1,2907.039670059999,0.5542250084197046,0.5539343044526986,0.0,,0,,0,,,2205;2305;1889;2279;2156;3421;3423;3424;265;3672;1517;3666;2670;2671;2582;2638;33,2205:66170.61504784862;2305:66240.94064124253;1889:66258.47610412631;2279:66279.24047599464;2156:66289.20573757727;3421:66328.90790364002;3423:66330.856884017;3424:66349.24295964056;265:66350.07740068549;3672:66357.58155506104;1517:66404.44691470788;3666:66486.81987852695;2670:66491.15680171542;2671:66555.60782522138;2582:66679.03877275292;2638:66723.43422975185;33:66769.06348692033
0,11,default_vehtype,route,False,-1000,66744.87844053094,66780.32552506491,66744.87844053094,0.0,427;-1;-1,428;-1;-1,168.4398646,0.5822738230536328,0.5822569790671729,0.0,,0,,0,,,427;428,427:66744.87844053094;428:66780.32552506491
0,11,default_vehtype,boarding,True,66360,66780.32552506491,66787.05967859582,66780.32552506491,0.0,428;-1;-1,428;-1;-1,0.0,0.5822569790671729,0.5822569790671729,0.0,,0,424,1,424,,,
0,9,default_vehtype,boarding,True,65700,66769.06348692033,66815.06406075705,66769.06348692033,0.0,33;-1;-1,33;-1;-1,0.0,0.5539343044526986,0.5539343044526986,0,,0,417,1,417,,,
0,8,default_vehtype,route,False,-1000,65911.19584482413,66907.22274454926,65911.19584482413,0.0,2020;-1;-1,1587;-1;-1,4883.965070590001,0.9632568414036202,0.9627684448965608,0.0,,0,411,1,,,2020;2831;2005;1569;3916;83;2923;3605;3782;14;32;4018;3471;3783;3464;2925;3466;3467;2924;3302;3303;40;2565;346;3580;3310;345;344;343;342;341;1587,2020:65911.19584482413;2831:65980.37938947376;2005:66003.71218489499;1569:66038.83451619119;3916:66090.63462608373;83:66143.49946961542;2923:66158.20314748291;3605:66234.58291723317;3782:66240.96166285624;14:66257.75141177482;32:66291.28220836584;4018:66324.32182302715;3471:66378.07459448565;3783:66389.1406209132;3464:66430.62644420666;2925:66438.55427463577;3466:66481.62932647465;3467:66492.03060971251;2924:66510.22936552527;3302:66530.19620349549;3303:66542.030980018;40:66605.02943017996;2565:66606.76654410163;346:66613.8797718468;3580:66626.96231020326;3310:66637.70800931555;345:66691.9913449952;344:66731.14479071241;343:66775.28511609284;342:66812.06375496482;341:66860.52808950438;1587:66907.22274454926
0,8,default_vehtype,boarding,True,-1,66907.22274454926,66937.22274454926,66907.22274454926,0.0,1587;-1;-1,1587;-1;-1,0.0,0.9627684448965608,0.9627684448965608,0,,0,411,1,,411,,
0,1,default_vehtype,route,False,-1000,65820.0,67102.84046109061,65820.0,0.0,3299;-1;-1,3177;-1;-1,8677.776001079996,0.982374440314839,0.9815066627147294,0.0,,0,,0,,,3299;1586;1585;898;1584;3406;3405;3033;3432;3026;2587;3028;4;2573;2618;3455;2534;3331;2580;0;3057;56;130;3387;145;3177,3299:65820;1586:65876.80663267736;1585:65889.16051153406;898:65902.5061511016;1584:65911.75114133299;3406:65916.47752315897;3405:65918.66576117577;3033:65920.96359913763;3432:65934.35922936049;3026:65980.16238179045;2587:66007.02398702489;3028:66017.12975519669;4:66092.19449113983;2573:66098.67201059277;2618:66148.278574744;3455:66175.48934059158;2534:66178.75707395436;3331:66207.012222615;2580:66484.93942846933;0:66619.7667566713;3057:66689.84023743508;56:66754.73087793402;130:66791.65945356918;3387:66835.54602525789;145:67066.12460732639;3177:67102.84046109061
0,1,default_vehtype,boarding,True,65820,67102.84046109061,67109.5226815174,67102.84046109061,0.0,3177;-1;-1,3177;-1;-1,0.0,0.9815066627147294,0.9815066627147294,0.0,,0,419,1,419,,,
0,10,default_vehtype,route,False,-1000,66343.80258900594,67154.89589314513,66343.80258900594,0.0,2636;-1;-1,1541;-1;-1,4052.8261544600023,0.7774451530300074,0.7770398704145611,0.0,,0,410,1,,,2636;2582;2671;2670;3666;3115;3313;3476;3477;3475;3315;3567;3566;3565;3563;3561;3560;4027;2386;3644;2387;2207;3869;969;302;1573;257;1344;2388;1750;3676;1915;2776;531;730;2338;1541,2636:66343.80258900594;2582:66352.04614661078;2671:66421.86055839794;2670:66489.17727196557;3666:66494.35943600631;3115:66497.44785647345;3313:66554.68775722923;3476:66571.20130061325;3477:66588.62868861313;3475:66617.47129247461;3315:66661.43554457702;3567:66674.93060563235;3566:66745.35249968203;3565:66746.4208787345;3563:66748.04288978921;3561:66748.98039772848;3560:66809.97522872889;4027:66847.8623254801;2386:66849.86847021723;3644:66870.44519521248;2387:66878.96924287609;2207:66890.00562846461;3869:66895.81372620277;969:66904.53679519241;302:66911.07594139733;1573:66930.89716236663;257:66934.70755622521;1344:66950.37874009971;2388:66961.14917516081;1750:67026.44196248359;3676:67042.17471282797;1915:67048.32772523601;2776:67066.06573995817;531:67072.1804690757;730:67088.92911237347;2338:67137.64986013355;1541:67154.89589314513
0,3,default_vehtype,route,False,-1000,64855.196235494324,67168.73033171851,64855.196235494324,0.0,2087;-1;-1,433;-1;-1,16482.193031930015,0.9833127977877664,0.9816645784845736,0.0,,0,399,2,,,2087;1943;1162;1978;1182;2795;2799;2802;4047;2803;3866;3360;2805;3127;2806;3288;3284;648;3293;3296;2849;97;3132;3283;3444;2895;3443;3445;3286;3752;2998;3928;3516;2682;2997;3510;3815;3814;3961;3000;3506;2995;2646;2654;2862;2857;3335;2635;2584;3269;39;71;3272;1;2596;429;430;431;432;433,2087:64855.196235494324;1943:64882.71413213713;1162:64890.3667998402;1978:64902.216977784854;1182:64933.147435708146;2795:64984.81296127863;2799:65037.177812205155;2802:65082.96240328698;4047:65107.70645386391;2803:65116.12811522628;3866:65120.013088675325;3360:65129.78905373961;2805:65144.26314595066;3127:65188.729180055656;2806:65193.077249403534;3288:65242.538169035724;3284:65296.651650953594;648:65376.47839034703;3293:65464.20929245352;3296:65466.18140433864;2849:65468.24311535177;97:65591.70358260356;3132:65602.81067924375;3283:65613.42555429252;3444:65671.30643573542;2895:65680.5201081188;3443:65689.64543499073;3445:65742.88014350004;3286:65756.4728120242;3752:65767.23679214;2998:65789.91331504796;3928:65796.01092675576;3516:65872.38830522314;2682:65877.77483218761;2997:65880.78244516831;3510:65886.442526503;3815:65916.08963268925;3814:65929.83203105486;3961:65939.85962240024;3000:65964.86549002807;3506:65973.44932368735;2995:66001.47659218199;2646:66049.24771440901;2654:66161.68135223567;2862:66264.93710775343;2857:66313.24802767346;3335:66393.78432845965;2635:66437.54843984105;2584:66508.81350487527;3269:66691.38901357268;39:66754.60075653085;71:66853.95215187737;3272:66893.41529132829;1:66911.51900985437;2596:66991.22937677863;429:67003.11685805419;430:67052.46465561753;431:67076.50572240248;432:67090.87802869525;433:67168.73033171851
0,10,default_vehtype,boarding,True,-1,67154.89589314513,67184.89589314513,67154.89589314513,0.0,1541;-1;-1,1541;-1;-1,0.0,0.7770398704145611,0.7770398704145611,0,,0,410,1,,410,,
0,3,default_vehtype,boarding,True,-1,67168.73033171851,67198.73033171851,67168.73033171851,0.0,433;-1;-1,433;-1;-1,0.0,0.9816645784845736,0.9816645784845736,0,,0,399,2,,399,,
0,6,default_vehtype,route,False,-1000,66394.56841502828,67264.30636093902,66394.56841502828,0.0,1027;-1;-1,1315;-1;-1,3985.567541284001,0.9064090851033119,0.9060105283491834,0.0,,0,413,1,,,1027;1026;1025;1255;1254;2445;4008;4011;4010;422;421;2867;956;1056;1057;3667;1058;3685;683;1059;1060;1061;1062;226;4023;225;224;223;222;221;220;219;1316;1315,1027:66394.56841502828;1026:66414.58525251383;1025:66444.45134181649;1255:66461.8874835975;1254:66547.59853869458;2445:66577.54040139478;4008:66711.31453877312;4011:66713.2948459724;4010:66719.59091066841;422:66731.62154467584;421:66782.4851627566;2867:66786.62339442228;956:66803.6221838582;1056:66827.21738413513;1057:66838.17289109068;3667:66851.99798193942;1058:66866.90323914333;3685:66893.29350790688;683:66900.64271625379;1059:66925.25648667145;1060:66945.86249255038;1061:66970.68336935542;1062:66991.45781956498;226:67063.17419242975;4023:67069.49760556495;225:67109.2392393696;224:67153.42097479524;223:67162.44975068548;222:67198.53402486104;221:67218.78803444836;220:67234.79527808496;219:67247.21270638719;1316:67256.52618868162;1315:67264.30636093902
0,6,default_vehtype,boarding,True,-1,67264.30636093902,67294.30636093902,67264.30636093902,0.0,1315;-1;-1,1315;-1;-1,0.0,0.9060105283491834,0.9060105283491834,0,,0,413,1,,413,,
0,7,default_vehtype,route,False,-1000,66480.0,67331.29991765809,66480.0,0.0,2448;-1;-1,427;-1;-1,3698.66534195,0.9514383291641126,0.9510684626299175,0.0,,0,,0,,,2448;1272;1273;285;1300;3996;1299;1298;1297;1296;1338;2013;246;247;248;434;433;432;431;430;429;2596;172;3771;428;427,2448:66480;1272:66526.57870530894;1273:66569.32797488171;285:66573.79784946966;1300:66596.63141591211;3996:66598.87058070756;1299:66599.85548858883;1298:66604.76958517378;1297:66614.14160408739;1296:66624.95106626746;1338:66661.45973912696;2013:66829.81537279661;246:66833.40617435881;247:66876.51688391282;248:66895.80701501873;434:66960.43302908624;433:67008.61009449999;432:67119.28057247776;431:67148.9563769929;430:67166.37694191863;429:67189.98532200317;2596:67210.21054169886;172:67238.81897773643;3771:67244.30256621372;428:67296.57117699468;427:67331.29991765809
0,11,default_vehtype,route,False,-1000,66787.05967859582,67330.83971011928,66787.05967859582,0.0,428;-1;-1,2223;-1;-1,2121.2053526699992,0.5822569790671729,0.5820448585319056,0.0,,0,424,1,,,428;3771;172;2596;3054;3112;4030;4031;3862;4032;1888;2403;2503;2345;358;2372;2497;2203;2223,428:66787.05967859582;3771:66826.84450159225;172:66830.90522967523;2596:66878.12669402505;3054:66883.04184701455;3112:66939.3767787286;4030:67041.48052348477;4031:67045.11621032229;3862:67052.06512650469;4032:67056.13172319574;1888:67086.04725084807;2403:67104.46892548232;2503:67165.12334203914;2345:67188.61685882923;358:67193.50167008594;2372:67198.73926002496;2497:67256.04349121723;2203:67315.66830812623;2223:67330.83971011928
0,7,default_vehtype,boarding,True,66480,67331.29991765809,67343.9816827822,67331.29991765809,0.0,427;-1;-1,427;-1;-1,0.0,0.9510684626299175,0.9510684626299175,0,,0,425,1,425,,,
0,11,default_vehtype,boarding,True,-1,67330.83971011928,67360.83971011928,67330.83971011928,0.0,2223;-1;-1,2223;-1;-1,0.0,0.5820448585319056,0.5820448585319056,0,,0,424,1,,424,,
0,5,default_vehtype,route,False,-1000,66661.51385595604,67612.40201636955,66661.51385595604,0.0,502;-1;-1,3266;-1;-1,5045.703561447995,0.833442650481497,0.8329380801253508,0.0,,0,,0,,,502;3841;2698;3845;3596;2657;180;3686;173;3450;2655;2579;2578;33;2638;2582;2636;3266,502:66661.51385595604;3841:66662.6181793731;2698:66664.38751312633;3845:66754.75752783306;3596:66773.76595982241;2657:66778.71151680533;180:66798.59599326893;3686:66807.53679108863;173:66856.40726406888;3450:66911.7090416979;2655:66976.32008264477;2579:67149.95805766225;2578:67169.1734214433;33:67344.83505495016;2638:67496.09933377767;2582:67596.06203049344;2636:67600.44174293906;3266:67612.40201636955
0,1,default_vehtype,route,False,-1000,67109.5226815174,67620.00524218971,67109.5226815174,0.0,3177;-1;-1,2308;-1;-1,2196.806757839999,0.9815066627147294,0.9812869820389457,0.0,,0,419,1,,,3177;3178;3873;3771;428;427;3568;3987;3682;1405;1188;1187;2308,3177:67109.5226815174;3178:67146.3473752433;3873:67237.12245865207;3771:67266.98912748601;428:67319.25773826697;427:67353.98647893038;3568:67394.80804182764;3987:67496.56256710971;3682:67505.58775192083;1405:67539.9892442859;1188:67565.46339920063;1187:67578.88447652516;2308:67620.00524218971
0,5,default_vehtype,boarding,True,66600,67612.40201636955,67642.90448106521,67612.40201636955,0.0,3266;-1;-1,3266;-1;-1,0.0,0.8329380801253508,0.8329380801253508,0,,0,428,1,428,,,
0,1,default_vehtype,boarding,True,-1,67620.00524218971,67650.00524218971,67620.00524218971,0.0,2308;-1;-1,2308;-1;-1,0.0,0.9812869820389457,0.9812869820389457,0,,0,419,1,,419,,
0,2,default_vehtype,route,False,-1000,66698.90789115289,67691.37588120459,66698.90789115289,0.0,3930;-1;-1,99;-1;-1,5510.988924155994,0.9857038356351985,0.9851527367427825,0.0,,0,416,1,,,3930;3151;4036;3241;3874;3480;149;150;151;3861;3345;167;3344;2326;1989;1958;1681;494;701;702;703;704;705;706;707;3548;3546;3545;2950;2951;2952;1714;926;2937;3810;3162;3161;3160;4081;3159;3835;3279;3158;2999;98;99,3930:66698.90789115289;3151:66703.95142942588;4036:66741.77183010195;3241:66747.67059243222;3874:66756.53016407955;3480:66781.10551295301;149:66784.69499313302;150:66791.59234573283;151:66821.74767627702;3861:66836.96482954126;3345:66854.55781340961;167:66858.50724502098;3344:66863.8122926871;2326:66865.01313598765;1989:66886.22517126206;1958:66912.08546302005;1681:66930.27405137474;494:66947.90553765038;701:66963.60621759688;702:66983.71244305393;703:66992.09433605093;704:67009.73543036843;705:67021.84021789207;706:67075.04779825757;707:67091.69507822409;3548:67102.43447677392;3546:67103.53268762777;3545:67105.07036491075;2950:67129.9509813391;2951:67154.43031916361;2952:67186.44868695227;1714:67200.66660886045;926:67246.51056659623;2937:67280.78735044587;3810:67286.9451254314;3162:67337.83968397531;3161:67381.48635818288;3160:67412.53966966203;4081:67466.09858423121;3159:67570.41486096157;3835:67575.5608018353;3279:67667.5216402327;3158:67681.38470841691;2999:67685.44673695634;98:67687.23291059629;99:67691.37588120459
0,2,default_vehtype,boarding,True,-1,67691.37588120459,67721.37588120459,67691.37588120459,0.0,99;-1;-1,99;-1;-1,0.0,0.9851527367427825,0.9851527367427825,0,,0,416,1,,416,,
0,11,default_vehtype,route,False,-1000,67360.83971011928,67737.29207655003,67360.83971011928,0.0,2223;-1;-1,3661;-1;-1,1956.2809591599994,0.5820448585319056,0.5818492304359897,0.0,,0,,0,,,2223;1717;2179;385;386;1625;279;1624;266;1561;2042;580;1967;1966;1476;1477;626;584;1478;1901;1138;1900;4006;3661,2223:67360.83971011928;1717:67400.34032946588;2179:67407.21780552369;385:67428.75070059345;386:67436.91301558925;1625:67458.52854941401;279:67503.32943752542;1624:67521.34372236991;266:67527.32136614514;1561:67543.65967648182;2042:67560.01288443829;580:67619.09225881881;1967:67625.78869473132;1966:67639.3772011448;1476:67651.66984937279;1477:67655.90226015922;626:67664.24231000023;584:67667.82332526964;1478:67670.31884911786;1901:67696.54919490754;1138:67718.41452763477;1900:67722.59714775458;4006:67724.08059975863;3661:67737.29207655003
0,3,default_vehtype,route,False,-1000,67198.73033171851,67759.79086272581,67198.73033171851,0.0,433;-1;-1,2223;-1;-1,2288.8252572799997,0.9816645784845736,0.9814356959588453,0.0,,0,,0,,,433;432;431;430;3112;4030;4031;3862;4032;1888;2403;2503;2345;358;2372;2497;2203;2223,433:67198.73033171851;432:67309.40080969628;431:67339.07661421142;430:67356.49717913715;3112:67368.32793133514;4030:67470.4316760913;4031:67474.06736292882;3862:67481.01627911122;4032:67485.08287580227;1888:67514.9984034546;2403:67533.42007808885;2503:67594.07449464567;2345:67617.56801143577;358:67622.45282269247;2372:67627.69041263149;2497:67684.99464382377;2203:67744.61946073276;2223:67759.79086272581
0,3,default_vehtype,boarding,True,67080,67759.79086272581,67760.75580967318,67759.79086272581,0.0,2223;-1;-1,2223;-1;-1,0.0,0.9814356959588453,0.9814356959588453,0.0,,0,433,1,433,,,
0,7,default_vehtype,route,False,-1000,67343.9816827822,67768.92861641762,67343.9816827822,0.0,427;-1;-1,3572;-1;-1,1435.844420389999,0.9510684626299175,0.950924878187879,0.0,,0,425,1,,,427;3568;3987;3682;1405;1188;1406;349;3571;3572,427:67343.9816827822;3568:67384.80324567946;3987:67486.55777096153;3682:67495.58295577265;1405:67529.98444813772;1188:67555.45860305245;1406:67593.50358925939;349:67652.57357893435;3571:67728.57812181253;3572:67768.92861641762
0,4,default_vehtype,route,False,-1000,65977.45017338834,67778.91363631444,65977.45017338834,0.0,4083;-1;-1,1887;-1;-1,12404.889916829994,0.9853081803745118,0.9840676913828269,0.0,,0,414,1,,,4083;1319;1320;1634;899;3025;3403;3404;2588;2140;3317;3033;3432;3026;2587;3028;4;2573;2618;3455;2534;3331;2580;0;3057;56;71;39;3269;2584;134;3351;3349;1813;1812;361;1811;1104;1878;3442;1887,4083:65977.45017338834;1319:65979.32905754271;1320:65987.30481010844;1634:66000.43684523969;899:66007.99778833734;3025:66011.89515885622;3403:66016.44597966262;3404:66020.99020882293;2588:66027.3757060598;2140:66032.58520995958;3317:66034.89911988788;3033:66042.28456921483;3432:66055.68019943769;3026:66101.48335186765;2587:66128.34495710209;3028:66138.45072527388;4:66213.51546121703;2573:66219.99298066997;2618:66269.5995448212;3455:66296.81031066878;2534:66300.07804403156;3331:66328.3331926922;2580:66606.26039854652;0:66741.0877267485;3057:66811.16120751228;56:66876.05184801122;71:66938.53252949088;39:66985.2139079977;3269:67050.53534749166;2584:67217.57248053128;134:67275.88858411694;3351:67322.3438038775;3349:67327.1096187644;1813:67350.13496242698;1812:67382.1984039127;361:67447.70555536337;1811:67499.89794744154;1104:67548.91460143885;1878:67655.59762629619;3442:67664.28545745435;1887:67778.91363631444
0,11,default_vehtype,boarding,True,66960,67737.29207655003,67783.01476441674,67737.29207655003,0.0,3661;-1;-1,3661;-1;-1,0.0,0.5818492304359897,0.5818492304359897,0,,0,430,1,430,,,
0,7,default_vehtype,boarding,True,-1,67768.92861641762,67798.92861641762,67768.92861641762,0.0,3572;-1;-1,3572;-1;-1,0.0,0.950924878187879,0.950924878187879,0.0,,0,425,1,,425,,
0,10,default_vehtype,route,False,-1000,67184.89589314513,67796.1539897217,67184.89589314513,0.0,1541;-1;-1,427;-1;-1,2515.342009599999,0.7770398704145611,0.7767883362136013,0.0,,0,,0,,,1541;2338;730;531;2776;1915;3676;1750;2388;1344;257;1573;302;969;3869;2207;2387;3644;4026;3562;328;3314;3568;427,1541:67184.89589314513;2338:67190.75512278748;730:67254.02486093453;531:67271.98600067507;2776:67280.85727457685;1915:67298.48302794097;3676:67322.05505699589;1750:67332.68338065405;2388:67387.68645967051;1344:67398.06944980873;257:67407.87848151909;1573:67429.13329288625;302:67447.68105925275;969:67463.45592901128;3869:67472.9715051433;2207:67478.40880400987;2387:67488.17770653339;3644:67499.37283515019;4026:67514.44249299735;3562:67687.32190928955;328:67689.87445874525;3314:67731.96594503486;3568:67735.06881551855;427:67796.1539897217
0,4,default_vehtype,boarding,True,-1,67778.91363631444,67808.91363631444,67778.91363631444,0.0,1887;-1;-1,1887;-1;-1,0.0,0.9840676913828269,0.9840676913828269,0,,0,414,1,,414,,
0,10,default_vehtype,boarding,True,66600,67796.1539897217,67830.58083873618,67796.1539897217,0.0,427;-1;-1,427;-1;-1,0.0,0.7767883362136013,0.7767883362136013,0,,0,427,1,427,,,
0,6,default_vehtype,route,False,-1000,67294.30636093902,67913.81752926265,67294.30636093902,0.0,1315;-1;-1,214;-1;-1,2744.0831874100004,0.9060105283491834,0.9057361200304421,0.0,,0,,0,,,1315;1316;219;220;221;222;223;224;225;4023;226;227;228;229;230;231;232;233;234;235;4050;236;214,1315:67294.30636093902;1316:67302.88591098534;219:67313.6712250519;220:67331.19266172749;221:67350.22969501215;222:67372.03366790226;223:67392.32898126305;224:67406.87968848892;225:67456.66521665841;4023:67501.84308560986;226:67507.50322237298;227:67552.06153980344;228:67633.05093349522;229:67692.56074756081;230:67716.99914765214;231:67781.44197704385;232:67784.44835618036;233:67804.7006000218;234:67817.13381528026;235:67830.7644140374;4050:67837.70238310879;236:67886.75752092851;214:67913.81752926265
0,6,default_vehtype,boarding,True,66960,67913.81752926265,67919.02744146377,67913.81752926265,0.0,214;-1;-1,214;-1;-1,0.0,0.9057361200304421,0.9057361200304421,0.0,,0,431,1,431,,,
0,7,default_vehtype,route,False,-1000,67798.92861641762,67972.4359365242,67798.92861641762,0.0,3572;-1;-1,1186;-1;-1,959.0770852899997,0.950924878187879,0.9508289704793502,0.0,,0,,0,,,3572;1262;290;347;353;1266;1265;1264;1186,3572:67798.92861641762;1262:67826.96967976734;290:67889.1078815537;347:67906.76451269834;353:67912.6995687877;1266:67932.2538398556;1265:67946.99594277082;1264:67963.61352577865;1186:67972.4359365242
0,2,default_vehtype,route,False,-1000,67740,67984.13314114905,67740,0,99;-1;-1,3958;-1;-1,2085.5987922280005,0.9851527367427825,0.9849441768635595,0.0,,0,,0,,,99;3285;2681;2909;3896;3163;406;405;3618;404;3811;403;402;3985;3993;3983;3982;401;400;399;3043;3046;3047;3950;2782;2893;3958,99:67740;3285:67770.49702650627;2681:67777.1511167351;2909:67780.31843100935;3896:67785.55206463726;3163:67790.34134386886;406:67804.22059228792;405:67811.4764635474;3618:67821.19285663214;404:67825.49248800353;3811:67836.31258415012;403:67842.78681959517;402:67849.0972395612;3985:67853.34646922222;3993:67858.50748886037;3983:67859.30742852789;3982:67865.41585049886;401:67866.61222295336;400:67870.96506792089;399:67880.00795135737;3043:67887.45044902377;3046:67895.14498171427;3047:67896.94342250586;3950:67905.8344653654;2782:67955.36778658538;2893:67956.09225289298;3958:67984.13314114905
0,7,default_vehtype,boarding,True,67320,67972.4359365242,68016.39292862876,67972.4359365242,0.0,1186;-1;-1,1186;-1;-1,0.0,0.9508289704793502,0.9508289704793502,0,,0,436,2,436,,,
0,5,default_vehtype,route,False,-1000,67642.90448106521,68054.51552402032,67642.90448106521,0.0,3266;-1;-1,4069;-1;-1,1681.4005543899993,0.8329380801253508,0.8327699400699127,0.0,,0,428,1,,,3266;2636;2582;2671;2670;3666;3115;3427;4069,3266:67642.90448106521;2636:67664.6640472844;2582:67672.90760488925;2671:67742.7220166764;2670:67810.03873024404;3666:67815.22089428478;3115:67818.30931475191;3427:67853.89180142366;4069:68054.51552402032
0,2,default_vehtype,boarding,True,67740,67984.13314114905,68068.69449093634,67984.13314114905,0.0,3958;-1;-1,3958;-1;-1,0.0,0.9849441768635595,0.9849441768635595,0,,0,440,1,440,,,
0,5,default_vehtype,boarding,True,-1,68054.51552402032,68084.51552402032,68054.51552402032,0.0,4069;-1;-1,4069;-1;-1,0.0,0.8327699400699127,0.8327699400699127,0,,0,428,1,,428,,
0,1,default_vehtype,route,False,-1000,67650.00524218971,68134.92241398283,67650.00524218971,0.0,2308;-1;-1,3562;-1;-1,1162.4272199400002,0.9812869820389457,0.9811707393169516,0.0,,0,,0,,,2308;1187;1188;1405;3682;3987;3568;3314;328;3562,2308:67650.00524218971;1187:67878.09454525044;1188:67946.97875190311;1405:67960.70480567022;3682:67988.10845668943;3987:67994.55717433113;3568:68079.46026907292;3314:68083.57776269197;328:68131.60576826612;3562:68134.92241398283
0,1,default_vehtype,boarding,True,67200,68134.92241398283,68199.5855279321,68134.92241398283,0.0,3562;-1;-1,3562;-1;-1,0.0,0.9811707393169516,0.9811707393169516,0,,0,434,1,434,,,
0,4,default_vehtype,route,False,-1000,67808.91363631444,68213.31336625842,67808.91363631444,0.0,1887;-1;-1,873;-1;-1,1561.3668075099993,0.9840676913828269,0.9839115547020761,0.0,,0,,0,,,1887;3442;1878;1104;1811;1810;1362;1149;873,1887:67808.91363631444;3442:67822.14382381564;1878:67834.69984913232;1104:67978.4000077951;1811:67993.03711267328;1810:68091.16976911062;1362:68146.36605978227;1149:68189.77111967561;873:68213.31336625842
0,4,default_vehtype,boarding,True,67260,68213.31336625842,68249.13085788334,68213.31336625842,0.0,873;-1;-1,873;-1;-1,0.0,0.9839115547020761,0.9839115547020761,0,,0,435,1,435,,,
0,3,default_vehtype,route,False,-1000,67760.75580967318,68307.13465724193,67760.75580967318,0.0,2223;-1;-1,1815;-1;-1,2946.2914943699993,0.9814356959588453,0.9811410668094079,0.0,,0,433,1,,,2223;2203;2497;2372;358;2345;2503;2403;1880;2208;4026;2386;3772;3922;832;3400;997;2305;1889;2279;2156;3421;3423;3424;265;3672;1517;1815,2223:67760.75580967318;2203:67768.80242578418;2497:67803.36055841498;2372:67805.59135902413;358:67812.01269357461;2345:67820.84214594572;2503:67838.24960322953;2403:67847.83685094694;1880:67885.51674659958;2208:67941.08518971274;4026:67954.90485890889;2386:67960.33136623644;3772:67973.1151871777;3922:68019.11446448958;832:68021.85294162153;3400:68027.8058534768;997:68037.42617323755;2305:68041.57566034299;1889:68059.11112322677;2279:68079.8754950951;2156:68089.84075667773;3421:68129.54292274048;3423:68131.49190311746;3424:68149.87797874102;265:68150.71241978595;3672:68158.2165741615;1517:68205.08193380834;1815:68307.13465724193
0,3,default_vehtype,boarding,True,-1,68307.13465724193,68337.13465724193,68307.13465724193,0.0,1815;-1;-1,1815;-1;-1,0.0,0.9811410668094079,0.9811410668094079,0,,0,433,1,,433,,
0,10,default_vehtype,route,False,-1000,67830.58083873618,68409.8079547936,67830.58083873618,0.0,427;-1;-1,2223;-1;-1,2289.6452172699996,0.7767883362136013,0.7765593716918738,0.0,,0,427,1,,,427;428;3771;172;2596;3054;3112;4030;4031;3862;4032;1888;2403;2503;2345;358;2372;2497;2203;2223,427:67830.58083873618;428:67866.02792327014;3771:67905.81274626657;172:67909.87347434956;2596:67957.09493869937;3054:67962.01009168888;3112:68018.34502340293;4030:68120.4487681591;4031:68124.08445499661;3862:68131.03337117902;4032:68135.09996787006;1888:68165.0154955224;2403:68183.43717015664;2503:68244.09158671346;2345:68267.58510350356;358:68272.46991476027;2372:68277.70750469928;2497:68335.01173589156;2203:68394.63655280056;2223:68409.8079547936
0,10,default_vehtype,boarding,True,-1,68409.8079547936,68439.8079547936,68409.8079547936,0.0,2223;-1;-1,2223;-1;-1,0.0,0.7765593716918738,0.7765593716918738,0,,0,427,1,,427,,
0,9,default_vehtype,route,False,-1000,66815.06406075705,68471.81853452572,66815.06406075705,0.0,33;-1;-1,301;-1;-1,9713.373948330005,0.5539343044526986,0.5529629670578642,0.0,,0,417,1,,,33;2578;2579;2655;3450;173;3686;3994;3886;2696;3380;2320;3209;2334;2487;3612;1545;3212;3692;722;3808;3614;2556;2557;2558;3217;3221;2822;1703;628;3138;1419;3139;1702;1701;1700;1699;1698;2127;2365;1415;2231;3473;2435;3623;971;3439;3637;972;973;974;3716;3717;975;976;977;978;979;980;1373;1372;1371;1370;1369;300;301,33:66815.06406075705;2578:67033.92053302073;2579:67291.52460046229;2655:67345.27248444188;3450:67381.48452719979;173:67409.51850483897;3686:67438.29218670822;3994:67444.7038779818;3886:67479.83275887498;2696:67506.7163967539;3380:67522.80909850608;2320:67541.48247462812;3209:67574.3875749932;2334:67602.66482961037;2487:67615.89683002027;3612:67659.60154325231;1545:67680.36851466494;3212:67699.61657149186;3692:67707.04138965222;722:67709.7745639596;3808:67716.36597485234;3614:67739.57521987153;2556:67743.16715867423;2557:67744.07189277365;2558:67783.3467092909;3217:67803.89859274664;3221:67807.9830046354;2822:67817.62317604209;1703:67831.89481687016;628:67911.72251544801;3138:67929.5967524536;1419:67932.23125755017;3139:67945.60217893672;1702:67952.92112380337;1701:67979.19796353378;1700:68035.78818775176;1699:68113.1242911486;1698:68246.71459722897;2127:68256.4839446578;2365:68261.79598309298;1415:68267.86283410576;2231:68280.4521362364;3473:68284.01903016657;2435:68287.58389172131;3623:68295.14334047292;971:68298.70749083438;3439:68300.1497657946;3637:68303.14575321939;972:68308.19152208675;973:68312.0552274133;974:68314.5546692085;3716:68316.91681682252;3717:68318.97664677697;975:68324.90347948506;976:68330.34998722673;977:68333.76549298145;978:68350.34276906762;979:68363.4580435976;980:68403.68467774637;1373:68411.82423545864;1372:68415.32100282138;1371:68418.83936094545;1370:68434.33655417465;1369:68455.04724722976;300:68468.5288090131;301:68471.81853452572
0,9,default_vehtype,boarding,True,-1,68471.81853452572,68501.81853452572,68471.81853452572,0.0,301;-1;-1,301;-1;-1,0.0,0.5529629670578642,0.5529629670578642,0,,0,417,1,,417,,
0,7,default_vehtype,route,False,-1000,68016.39292862876,68547.82956694091,68016.39292862876,0.0,1186;-1;-1,613;-1;-1,2339.2984463499965,0.9508289704793502,0.9505950406347156,0.0,,0,436,2,,,1186;1263;2122;425;3925;3665;338;2670;3926;3204;3203;424;423;2687;2688;614;613,1186:68016.39292862876;1263:68033.31820779692;2122:68047.52416949048;425:68062.95596811002;3925:68073.08610561359;3665:68094.36961991158;338:68180.847076451;2670:68183.56905129974;3926:68234.02471142104;3204:68266.24073583465;3203:68269.29935176989;424:68290.43068667129;423:68333.72828407375;2687:68336.95532555673;2688:68390.52172014287;614:68542.57963980317;613:68547.82956694091
0,8,default_vehtype,route,False,-1000,66960,68557.65102660359,66960,0,1587;-1;-1,328;-1;-1,7970.486392696999,0.9627684448965608,0.961971396257293,0.0,,0,,0,,,1587;2834;1588;3155;3557;3487;4076;2595;2762;2536;3122;23;24;3840;3839;105;2837;3107;3182;1482;2669;1483;387;988;334;3351;134;2637;3110;335;336;3974;337;338;3115;3313;3476;3477;3475;3315;3567;3314;328,1587:66960;2834:66970.02784341812;1588:66984.30142916982;3155:66989.32795657813;3557:67008.16198273611;3487:67012.00165420338;4076:67059.77425936914;2595:67076.03616726643;2762:67125.5185979972;2536:67162.54024619442;3122:67195.47313778527;23:67247.17055333113;24:67249.97079370268;3840:67338.35871937257;3839:67354.31367175949;105:67373.94457738362;2837:67522.95458156007;3107:67618.5231056889;3182:67640.56044286609;1482:67658.16005603057;2669:67659.87666090975;1483:67751.06597987162;387:67801.74355392664;988:67851.15286848928;334:67945.06077660546;3351:67946.77307793888;134:68002.70401828205;2637:68058.11085083161;3110:68077.10346870098;335:68110.83728571684;336:68236.78660814893;3974:68269.91243007359;337:68272.12824839253;338:68322.83047215392;3115:68327.90455583078;3313:68385.14445658657;3476:68401.65799997059;3477:68419.08538797047;3475:68447.92799183195;3315:68491.89224393436;3567:68505.3873049897;3314:68509.62302102945;328:68557.65102660359
0,5,default_vehtype,route,False,-1000,68160.0,68570.96916180817,68160.0,0.0,4069;-1;-1,3964;-1;-1,2119.2013582,0.8327699400699127,0.8325580199340923,0.0,,0,,0,,,4069;3427;3115;338;337;3974;336;335;3110;1570;1262;3964,4069:68160;3427:68226.59732063503;3115:68270.9257661298;338:68274.20725119;337:68302.39529086552;3974:68304.66014893075;336:68333.54695013718;335:68402.20583697996;3110:68459.2516013573;1570:68498.58862941353;1262:68513.48700097049;3964:68570.96916180817
0,7,default_vehtype,boarding,True,-1,68547.82956694091,68577.82956694091,68547.82956694091,0.0,613;-1;-1,613;-1;-1,0.0,0.9505950406347156,0.9505950406347156,0.0,,0,436,2,,436,,
0,8,default_vehtype,boarding,True,66960,68557.65102660359,68582.85806918495,68557.65102660359,0.0,328;-1;-1,328;-1;-1,0.0,0.961971396257293,0.961971396257293,0,,0,432,1,432,,,
0,5,default_vehtype,boarding,True,68160,68570.96916180817,68612.90974724037,68570.96916180817,0.0,3964;-1;-1,3964;-1;-1,0.0,0.8325580199340923,0.8325580199340923,0,,0,442,2,442,,,
0,11,default_vehtype,route,False,-1000,67783.01476441674,68788.69640139148,67783.01476441674,0.0,3661;-1;-1,544;-1;-1,4364.1256654399995,0.5818492304359897,0.5814128178694445,0.0,,0,430,1,,,3661;4006;4007;1899;1898;1893;3653;3654;254;2389;2338;730;531;2776;1915;3676;1750;2388;1344;257;1573;302;969;3869;2207;2387;3644;2386;4027;3560;3561;3563;3565;3566;3567;426;3645;3569;3682;1405;1188;1406;349;3571;1407;1408;544,3661:67783.01476441674;4006:67784.99800431344;4007:67786.05287507181;1899:67808.58994499217;1898:67812.31958249651;1893:67821.50568438701;3653:67823.33260154085;3654:67832.28151469358;254:67843.64113205345;2389:67857.13612907598;2338:67883.21392259392;730:67946.48366074097;531:67964.4448004815;2776:67973.31607438329;1915:67990.9418277474;3676:68014.51385680232;1750:68025.14218046049;2388:68080.14525947695;1344:68090.52824961516;257:68100.33728132553;1573:68121.59209269269;302:68140.13985905919;969:68155.91472881772;3869:68165.43030494974;2207:68170.86760381631;2387:68180.63650633983;3644:68191.83163495663;2386:68200.262978425;4027:68201.99785874723;3560:68225.26527247523;3561:68305.98963792266;3563:68307.29829618134;3565:68309.4485745892;3566:68310.29767104384;3567:68392.4637793999;426:68395.00471546371;3645:68442.66059899014;3569:68452.24090890506;3682:68459.07249131566;1405:68493.47398368073;1188:68518.94813859546;1406:68556.9931248024;349:68616.06311447735;3571:68692.06765735554;1407:68696.82349957002;1408:68702.57305789884;544:68788.69640139148
0,3,default_vehtype,route,False,-1000,68400,68795.4210548971,68400,0,1815;-1;-1,33;-1;-1,2185.21208268,0.9811410668094079,0.9809225456011397,0.0,,0,,0,,,1815;1517;3666;2670;2671;2582;2638;33,1815:68400;1517:68430.80448268465;3666:68513.17744650372;2670:68517.51436969219;2671:68581.96539319814;2582:68705.39634072968;2638:68749.79179772861;33:68795.4210548971
0,11,default_vehtype,boarding,True,-1,68788.69640139148,68818.69640139148,68788.69640139148,0.0,544;-1;-1,544;-1;-1,0.0,0.5814128178694445,0.5814128178694445,0,,0,430,1,,430,,
0,3,default_vehtype,boarding,True,68400,68795.4210548971,68864.46893085161,68795.4210548971,0.0,33;-1;-1,33;-1;-1,0.0,0.9809225456011397,0.9809225456011397,0,,0,444,1,444,,,
0,4,default_vehtype,route,False,-1000,68249.13085788334,68993.98483818735,68249.13085788334,0.0,873;-1;-1,4068;-1;-1,2239.8660702899992,0.9839115547020761,0.983687568095047,0.0,,0,435,1,,,873;804;4042;2622;2624;2627;2905;2653;81;3388;34;2865;3194;2866;3446;3805;4003;420;4068,873:68249.13085788334;804:68342.69009083482;4042:68345.74360088033;2622:68595.0171061685;2624:68633.62051386142;2627:68664.71723634073;2905:68688.48659422236;2653:68689.77294035211;81:68709.14289663766;3388:68740.07742832672;34:68756.72197050859;2865:68808.2447537321;3194:68810.96027939173;2866:68922.49666377311;3446:68936.01833499847;3805:68968.70506396564;4003:68990.03260682763;420:68992.72235680319;4068:68993.98483818735
0,4,default_vehtype,boarding,True,-1,68993.98483818735,69023.98483818735,68993.98483818735,0.0,4068;-1;-1,4068;-1;-1,0.0,0.983687568095047,0.983687568095047,0,,0,435,1,,435,,
0,1,default_vehtype,route,False,-1000,68199.5855279321,69046.44309286145,68199.5855279321,0.0,3562;-1;-1,1027;-1;-1,3102.6467170800024,0.9811707393169516,0.9808604746452435,0.0,,0,434,1,,,3562;328;3314;3567;3315;3475;3477;3476;3313;3115;3666;2670;3926;3204;3203;424;535;2000;125;686;237;1257;1256;550;1025;1026;1027,3562:68199.5855279321;328:68202.1380773878;3314:68244.2295636774;3567:68246.84380486756;3315:68266.56151283115;3475:68278.8714534018;3477:68323.94286921053;3476:68341.89379105407;3313:68387.30263326965;3115:68426.1643371353;3666:68429.69619340866;2670:68434.03311659713;3926:68484.48877671843;3204:68516.70480113204;3203:68519.76341706728;424:68540.89475196868;535:68644.07968049907;2000:68704.19059687073;125:68776.8541160166;686:68792.87833727276;237:68822.20772263037;1257:68831.278274026;1256:68944.09582414347;550:68985.0095898206;1025:69008.69908431618;1026:69041.37232823708;1027:69046.44309286145
0,1,default_vehtype,boarding,True,-1,69046.44309286145,69076.44309286145,69046.44309286145,0.0,1027;-1;-1,1027;-1;-1,0.0,0.9808604746452435,0.9808604746452435,0,,0,434,1,,434,,
0,2,default_vehtype,route,False,-1000,68068.69449093634,69465.60554829227,68068.69449093634,0.0,3958;-1;-1,2355;-1;-1,10556.30083738801,0.9849441768635595,0.9838885467798215,0.0,,0,440,1,,,3958;2893;2782;3950;3047;398;3045;3875;3135;3136;4065;3137;181;3407;2646;2654;2862;2857;3335;2635;2583;134;3351;3352;3350;749;748;544;747;746;2355,3958:68068.69449093634;2893:68093.83140315361;2782:68096.43005325271;3950:68120.61091682539;3047:68129.05403400268;398:68131.33001021932;3045:68132.22530019631;3875:68137.57174989182;3135:68225.46966535311;3136:68250.83684258611;4065:68285.79002296287;3137:68294.85742503271;181:68355.42266871953;3407:68610.92105890796;2646:68679.9594742999;2654:68792.39311212656;2862:68895.64886764433;2857:68943.95978756435;3335:69024.49608835054;2635:69068.26019973194;2583:69091.15268283196;134:69100.73085849933;3351:69147.1860782599;3352:69176.79774955765;3350:69194.94385947428;749:69231.9859401001;748:69329.2940696283;544:69355.19049320798;747:69376.73707079329;746:69407.90753082496;2355:69465.60554829227
0,5,default_vehtype,route,False,-1000,68612.90974724037,69466.80706397904,68612.90974724037,0.0,3964;-1;-1,2451;-1;-1,1345.627145979999,0.8325580199340923,0.8324234572194923,0.0,,0,442,2,,,3964;1262;290;347;348;349;1406;1188;1405;1206;2451,3964:68612.90974724037;1262:68633.95911198719;290:68696.09731377356;347:68713.7539449182;348:69290.07966316557;349:69306.67997460514;1406:69357.39449409161;1188:69402.66015078963;1405:69416.38620455674;1206:69451.01015291321;2451:69466.80706397904
0,2,default_vehtype,boarding,True,-1,69465.60554829227,69495.60554829227,69465.60554829227,0.0,2355;-1;-1,2355;-1;-1,0.0,0.9838885467798215,0.9838885467798215,0,,0,440,1,,440,,
0,5,default_vehtype,boarding,True,-1,69466.80706397904,69496.80706397904,69466.80706397904,0.0,2451;-1;-1,2451;-1;-1,0.0,0.8324234572194923,0.8324234572194923,0,,0,442,2,,442,,
0,8,default_vehtype,route,False,-1000,68582.85806918495,69504.00711979321,68582.85806918495,0.0,328;-1;-1,3397;-1;-1,4099.246053639996,0.961971396257293,0.9615614716519272,0.0,,0,432,1,,,328;3314;2716;2715;3053;2917;3414;1015;1520;1734;3397,328:68582.85806918495;3314:68624.94955547455;2716:68698.99779070113;2715:68745.89230175913;3053:68793.17816752262;2917:69263.8573455641;3414:69310.99256699761;1015:69315.42988206471;1520:69320.68619592299;1734:69347.54554033476;3397:69504.00711979321
0,8,default_vehtype,boarding,True,-1,69504.00711979321,69534.00711979321,69504.00711979321,0.0,3397;-1;-1,3397;-1;-1,0.0,0.9615614716519272,0.9615614716519272,0,,0,432,1,,432,,
0,6,default_vehtype,route,False,-1000,67919.02744146377,69688.47154747095,67919.02744146377,0.0,214;-1;-1,1156;-1;-1,9681.930599698,0.9057361200304421,0.9047679269704724,0.0,,0,431,1,,,214;236;4050;235;234;233;232;231;230;229;228;227;226;4023;225;224;223;222;221;220;219;218;217;3358;216;3604;3743;215;2703;4022;3746;1583;2477;2247;1848;1665;2074;986;480;2172;2422;1921;1023;2417;2994;2996;2991;2995;3506;3000;3961;3814;3815;3510;2997;2682;3516;3928;2998;3752;3286;3445;3443;2895;3444;3283;3132;97;2849;3296;3293;648;1693;1854;1974;1156,214:67919.02744146377;236:67949.70077511905;4050:67982.16867529348;235:67985.99898749555;234:67998.33125076476;233:68029.01052271994;232:68098.67139530968;231:68101.91622529212;230:68215.03492237016;229:68246.88685589764;228:68326.89975981176;227:68356.84080740043;226:68401.87727877697;4023:68408.20069191216;225:68447.94232571682;224:68492.12406114246;223:68501.1528370327;222:68537.23711120826;221:68557.49112079557;220:68573.49836443218;219:68585.9157927344;218:68630.24020092563;217:68652.13525774668;3358:68673.9526344502;216:68676.17043329132;3604:68685.28745012984;3743:68691.62646683466;215:68698.66832865243;2703:68704.76485319273;4022:68712.56643044257;3746:68721.32982193766;1583:68734.11938617397;2477:68743.83755905324;2247:68771.37464255038;1848:68786.7001080243;1665:68803.42512640511;2074:68814.64766414944;986:68824.85189180665;480:68835.02726845759;2172:68842.58936119344;2422:68862.67557866742;1921:68869.06139157196;1023:68877.33449321256;2417:68883.30248324064;2994:68924.80304519525;2996:68938.84934708128;2991:68945.56345844294;2995:68948.89402470412;3506:69039.52692327437;3000:69047.23335622145;3961:69057.01825940973;3814:69068.44354230823;3815:69089.49196113563;3510:69102.22610483792;2997:69107.05894713796;2682:69110.61755264393;3516:69113.12486859581;3928:69135.89457273074;2998:69140.58059091322;3752:69226.33421741096;3286:69242.34441190273;3445:69248.73058160649;3443:69274.98150946209;2895:69297.4656997173;3444:69304.34083433614;3283:69410.23814940038;3132:69426.49568768627;97:69440.96278196792;2849:69536.4997931718;3296:69538.33135609905;3293:69539.5557395433;648:69639.62797059666;1693:69647.67183951661;1854:69657.11725096253;1974:69676.14858889507;1156:69688.47154747095
0,6,default_vehtype,boarding,True,-1,69688.47154747095,69718.47154747095,69688.47154747095,0.0,1156;-1;-1,1156;-1;-1,0.0,0.9047679269704724,0.9047679269704724,0,,0,431,1,,431,,
0,0,default_vehtype,out_of_service,True,-1,43688.802545037295,70000.0,43688.802545037295,0.0,19;-1;-1,19;-1;-1,0.0,1.0,1.0,0.0,,0,,0,,,,
0,3,default_vehtype,route,False,-1000,68864.46893085161,70180.90184722464,68864.46893085161,0.0,33;-1;-1,1587;-1;-1,5957.407866017009,0.9809225456011397,0.9803268048145362,0.0,,0,444,1,,,33;2638;2637;134;3351;334;988;387;1483;2669;1482;3182;3107;2837;105;3839;3840;24;23;3122;2536;2762;2595;4076;3487;3557;3155;1588;2834;1587,33:68864.46893085161;2638:69015.73320967912;2637:69017.6213096025;134:69066.23171540239;3351:69112.68693516296;334:69117.16889514278;988:69170.2407842731;387:69247.06335616646;1483:69301.95866691857;2669:69389.99863026587;1482:69395.69814011079;3182:69444.49049295066;3107:69465.3072567936;2837:69518.57981456703;105:69686.22155261377;3839:69701.20682960181;3840:69723.83649508252;24:69797.15191744591;23:69801.8403245405;3122:69850.52279224769;2536:69916.99793706695;2762:70015.65990054708;2595:70051.40188212966;4076:70068.84161096989;3487:70108.46512178097;3557:70110.57440429018;3155:70126.50473597244;1588:70130.807149115;2834:70173.84236333186;1587:70180.90184722464
0,3,default_vehtype,boarding,True,-1,70180.90184722464,70210.90184722464,70180.90184722464,0.0,1587;-1;-1,1587;-1;-1,0.0,0.9803268048145362,0.9803268048145362,0.0,,0,444,1,,444,,
