request_id,rq_type,number_passenger,rq_time,earliest_pickup_time,start,end,pickup_location,dropoff_location,access_time,egress_time,direct_route_travel_time,direct_route_distance,offers,decision_time,chosen_operator_id,operator_id,vehicle_id,pickup_time,dropoff_time,fare,modal_state,wait_time_at_cancellation,diffusion_cancelled,diffusion_decision_time,no_show_stat,diffusion_state_values
823,BasicRequest_no_show,1,25370,25370,1786;-1;-1,3475;-1;-1,,,,,339.7959166,3312.926919,0:00,,,,,,,,0,,FALSE,,FALSE,[]
820,BasicRequest_no_show,1,25300,25300,1518;-1;-1,184;-1;-1,,,,,124.0000863,1249.649375,0:t_wait:140.98555921300067;t_drive:190.29427451399897;fare:124,,0,0,7,25440.98556,25631.27983,124,0,140.9855592,FALSE,25304.1,FALSE,[]
616,BasicRequest_no_show,1,26180,26180,1047;-1;-1,3417;-1;-1,,,,,451.4091789,3934.259925,0:00,,,,,,,,0,,FALSE,,FALSE,[]
136,BasicRequest_no_show,1,25910,25910,3477;-1;-1,744;-1;-1,,,,,281.8482422,2759.654555,0:t_wait:24.666488484999718;t_drive:364.5719501150015;fare:275,,0,0,7,25934.66649,26299.23844,275,0,24.66648848,FALSE,25913.95,FALSE,[]
676,BasicRequest_no_show,1,25860,25860,3196;-1;-1,1305;-1;-1,,,,,222.6491082,2166.673697,0:t_wait:321.54328443499617;t_drive:259.75874502400256;fare:216,,0,0,3,26181.54328,26441.30203,216,0,321.5432844,FALSE,25863.65,FALSE,[]
728,BasicRequest_no_show,1,25600,25600,1965;-1;-1,1587;-1;-1,,,,,671.3820269,7484.450262,0:t_wait:301.3594174790014;t_drive:937.2953723610008;fare:748,,0,0,4,25901.35942,26838.65479,748,0,301.3594175,FALSE,25601.65,FALSE,[]
504,BasicRequest_no_show,1,25780,25780,3970;-1;-1,3816;-1;-1,,,,,589.1046913,7782.754767,0:t_wait:517.2644571730016;t_drive:626.2143281600002;fare:778,,0,0,8,26297.26446,26923.47879,778,0,517.2644572,FALSE,25785.85,FALSE,[]
891,BasicRequest_no_show,1,26940,26940,482;-1;-1,2313;-1;-1,,,,,706.5687317,8903.418661,0:00,,,,,,,,0,,FALSE,,FALSE,[]
352,BasicRequest_no_show,1,26970,26970,3672;-1;-1,1281;-1;-1,,,,,126.3823651,1277.5261,0:00,,,,,,,,0,,FALSE,,FALSE,[]
845,BasicRequest_no_show,1,25900,25900,236;-1;-1,2030;-1;-1,,,,,446.7014531,4287.636053,0:t_wait:592.6052672939986;t_drive:494.7325649370032;fare:428,,0,0,6,26492.60527,26987.33783,428,0,592.6052673,FALSE,25907.3,FALSE,[]
854,BasicRequest_no_show,1,25620,25620,3475;-1;-1,1786;-1;-1,,,,,332.5292942,3312.926919,0:t_wait:300.39557809500184;t_drive:363.2202064990015;fare:331,,0,0,7,26596.16168,26980.65523,331,0,300.3955781,FALSE,25623.7,FALSE,[]
288,BasicRequest_no_show,1,26500,26500,3475;-1;-1,1786;-1;-1,,,,,332.5292942,3312.926919,0:t_wait:96.16167613400467;t_drive:384.49355826900137;fare:331,,0,0,7,26596.16168,26980.65523,331,0,96.16167613,FALSE,26502.55,FALSE,[]
764,BasicRequest_no_show,1,26920,26920,1047;-1;-1,3417;-1;-1,,,,,451.4091789,3934.259925,0:t_wait:1011.4481208239849;t_drive:544.0457507270003;fare:393,26990,0,,,,,393,0,1011.448121,TRUE,26990.35,FALSE,[]
919,BasicRequest_no_show,1,26270,26270,793;-1;-1,3350;-1;-1,,,,,386.0994471,3650.826318,0:t_wait:409.6943904699983;t_drive:393.7598055939998;fare:365,,0,0,5,26679.69439,27179.41127,365,0,409.6943905,FALSE,26274.8,FALSE,[]
890,BasicRequest_no_show,1,25770,25770,3421;-1;-1,1235;-1;-1,,,,,414.295725,3967.938804,0:t_wait:379.7563111900017;t_drive:508.0760621360023;fare:396,,0,0,3,26668.09597,27191.20851,396,0,379.7563112,FALSE,25774.25,FALSE,[]
874,BasicRequest_no_show,1,27330,27330,292;-1;-1,3350;-1;-1,,,,,630.0988381,7253.881463,0:t_wait:1099.5569252170026;t_drive:873.1423421599975;fare:725,27330,0,,,,,725,0,1099.556925,TRUE,27336.35,FALSE,[]
731,BasicRequest_no_show,1,27350,27350,275;-1;-1,3562;-1;-1,,,,,430.4982808,4312.477994,0:t_wait:1096.1437496379986;t_drive:445.4632801919979;fare:431,27350,0,,,,,431,0,1096.14375,TRUE,27358.7,FALSE,[]
476,BasicRequest_no_show,1,26320,26320,439;-1;-1,2301;-1;-1,,,,,392.5855866,3780.557425,0:t_wait:669.5301046480017;t_drive:412.39317837400085;fare:378,,0,0,8,26989.5301,27401.92328,378,0,669.5301046,FALSE,26324.45,FALSE,[]
169,BasicRequest_no_show,1,26730,26730,3970;-1;-1,1815;-1;-1,,,,,334.0068975,3096.680338,0:t_wait:225.20202432298902;t_drive:501.2720875439991;fare:309,,0,0,5,26955.20202,27456.47411,309,0,225.2020243,FALSE,26732.7,FALSE,[]
2,BasicRequest_no_show,1,26940,26940,578;-1;-1,2122;-1;-1,,,,,244.8329238,2273.12487,0:t_wait:311.1496909239904;t_drive:246.26636117199814;fare:227,,0,0,6,27251.14969,27497.41605,227,0,311.1496909,FALSE,26943.7,FALSE,[]
671,BasicRequest_no_show,3,26860,26860,2238;-1;-1,1736;-1;-1,,,,,488.0296012,4843.982104,0:t_wait:321.15582792600253;t_drive:605.5393456929996;fare:1453,,0,0,7,27181.15583,27786.69517,1453,0,321.1558279,FALSE,26862.45,FALSE,[]
532,BasicRequest_no_show,1,27900,27900,2122;-1;-1,1037;-1;-1,,,,,413.6207081,3624.614975,0:00,,,,,,,,0,,FALSE,,FALSE,[]
321,BasicRequest_no_show,1,26890,26890,553;-1;-1,256;-1;-1,,,,,312.6258806,2918.226402,0:t_wait:636.1831484209979;t_drive:320.2862390349983;fare:291,,0,0,8,27526.18315,27913.08003,291,0,636.1831484,FALSE,26892.55,FALSE,[]
112,BasicRequest_no_show,3,28010,28010,230;-1;-1,3802;-1;-1,,,,,229.1467412,2253.884552,0:00,,,,,,,,0,,FALSE,,FALSE,[]
566,BasicRequest_no_show,2,28030,28030,3119;-1;-1,1587;-1;-1,,,,,677.7556841,8834.684525,0:00,,,,,,,,0,,FALSE,,FALSE,[]
905,BasicRequest_no_show,1,26810,26810,3805;-1;-1,1517;-1;-1,,,,,210.836881,2221.334515,0:t_wait:692.3738667909929;t_drive:293.5605889760009;fare:222,,0,0,6,27776.574,28070.13459,222,0,692.3738668,FALSE,26813.4,FALSE,[]
714,BasicRequest_no_show,1,28110,28110,2030;-1;-1,236;-1;-1,,,,,437.427021,4282.066997,0:t_wait:1035.82392828897;t_drive:444.23879263599883;fare:428,28110,0,,,,,428,0,1035.823928,TRUE,28119,FALSE,[]
806,BasicRequest_no_show,1,28160,28160,3441;-1;-1,2170;-1;-1,,,,,167.6433671,1447.743099,0:00,,,,,,,,0,,FALSE,,FALSE,[]
503,BasicRequest_no_show,1,28160,28160,1716;-1;-1,1901;-1;-1,,,,,522.4628096,5514.106674,0:t_wait:1182.6040458459865;t_drive:570.4939214620026;fare:551,28160,0,,,,,551,0,1182.604046,TRUE,28162.9,FALSE,[]
600,BasicRequest_no_show,1,26540,26540,1767;-1;-1,1587;-1;-1,,,,,830.9193019,10268.99474,0:t_wait:526.7945889699986;t_drive:960.8975260739971;fare:1026,,0,0,3,27066.79459,28176.51628,1026,0,526.794589,FALSE,26542.1,FALSE,[]
234,BasicRequest_no_show,1,26930,26930,3970;-1;-1,3816;-1;-1,,,,,589.1046913,7782.754767,0:t_wait:570.3065749909983;t_drive:735.1799091399989;fare:778,,0,0,4,27500.30657,28235.48648,778,0,570.306575,FALSE,26933.35,FALSE,[]
876,BasicRequest_no_show,1,26900,26900,4068;-1;-1,1489;-1;-1,,,,,715.5149932,7281.548453,0:t_wait:526.2548285779958;t_drive:825.2945152040011;fare:728,,0,0,3,27426.25483,28251.54934,728,0,526.2548286,FALSE,26903.6,FALSE,[]
716,BasicRequest_no_show,1,28290,28290,3427;-1;-1,1013;-1;-1,,,,,298.0756768,2996.811111,0:t_wait:1199.2827986169905;t_drive:350.03994084900114;fare:299,28290,0,,,,,299,0,1199.282799,TRUE,28293.15,FALSE,[]
153,BasicRequest_no_show,2,27440,27440,3350;-1;-1,3417;-1;-1,,,,,329.9203378,3491.827004,0:t_wait:456.72440552101034;t_drive:403.36034711699904;fare:698,,0,0,7,27896.72441,28300.08475,698,0,456.7244055,FALSE,27441.9,FALSE,[]
363,BasicRequest_no_show,1,28160,28160,1767;-1;-1,1587;-1;-1,,,,,830.9193019,10268.99474,0:t_wait:969.4627977289929;t_drive:887.8875020440028;fare:1026,28340,0,,,,,1026,0,969.4627977,TRUE,,FALSE,[]
220,BasicRequest_no_show,1,26950,26950,4068;-1;-1,1734;-1;-1,,,,,385.1859854,4384.222749,0:t_wait:819.9210832479985;t_drive:576.816719071001;fare:438,,0,0,8,27769.92108,28346.7378,438,0,819.9210832,FALSE,26959.2,FALSE,[]
496,BasicRequest_no_show,2,27130,27130,1965;-1;-1,1587;-1;-1,,,,,671.3820269,7484.450262,0:t_wait:593.2176045899796;t_drive:672.9243921230009;fare:1496,,0,0,5,27723.2176,28477.23128,1496,0,593.2176046,FALSE,27133.75,FALSE,[]
847,BasicRequest_no_show,1,27310,27310,1965;-1;-1,1587;-1;-1,,,,,671.3820269,7484.450262,0:t_wait:413.21760458998324;t_drive:754.0136753309998;fare:748,,0,0,5,27723.2176,28477.23128,748,0,413.2176046,FALSE,27314.25,FALSE,[]
724,BasicRequest_no_show,1,28480,28480,3474;-1;-1,571;-1;-1,,,,,380.3989882,4980.263801,0:00,,,,,,,,0,,FALSE,,FALSE,[]
368,BasicRequest_no_show,1,28630,28630,3475;-1;-1,519;-1;-1,,,,,251.7474309,2336.370317,0:t_wait:1077.4966992880109;t_drive:267.2768050590021;fare:233,28630,0,,,,,233,0,1077.496699,TRUE,28636.1,FALSE,[]
505,BasicRequest_no_show,1,28680,28680,3683;-1;-1,1736;-1;-1,,,,,440.6483471,6670.371201,0:t_wait:1033.0159453630076;t_drive:523.2799955990013;fare:667,28700,0,,,,,667,0,1033.015945,TRUE,28706.1,FALSE,[]
838,BasicRequest_no_show,2,28220,28220,553;-1;-1,256;-1;-1,,,,,312.6258806,2918.226402,0:t_wait:176.45294455797557;t_drive:314.1682458180003;fare:583,,0,0,6,28396.45294,28710.62119,583,0,176.4529446,FALSE,28224.35,FALSE,[]
209,BasicRequest_no_show,1,28120,28120,439;-1;-1,2301;-1;-1,,,,,392.5855866,3780.557425,0:t_wait:181.53780344599;t_drive:453.1714531239995;fare:378,,0,0,4,28301.5378,28754.70926,378,0,181.5378034,FALSE,28122.7,FALSE,[]
373,BasicRequest_no_show,1,28610,28610,867;-1;-1,1282;-1;-1,,,,,310.9024964,4096.124161,0:t_wait:970.7804819689954;t_drive:328.2061062770008;fare:409,28790,0,,,,,409,0,970.780482,TRUE,,FALSE,[]
3,BasicRequest_no_show,1,28080,28080,3414;-1;-1,747;-1;-1,,,,,402.1107085,6322.574821,0:t_wait:312.01408005298435;t_drive:413.40140978099953;fare:632,,0,0,8,28392.01408,28805.41549,632,0,312.0140801,FALSE,28083.85,FALSE,[]
803,BasicRequest_no_show,1,27600,27600,256;-1;-1,553;-1;-1,,,,,305.5270378,2918.226402,0:t_wait:795.2243665259921;t_drive:313.40811148399735;fare:291,,0,0,6,28710.62119,29046.14823,291,0,795.2243665,FALSE,27604.9,FALSE,[]
530,BasicRequest_no_show,1,29080,29080,2181;-1;-1,427;-1;-1,,,,,352.6790967,3154.076753,0:00,,,,,,,,0,,FALSE,,FALSE,[]
260,BasicRequest_no_show,1,28150,28150,3349;-1;-1,2860;-1;-1,,,,,402.6258133,3879.255723,0:t_wait:785.2064116429829;t_drive:413.9165146339983;fare:387,,0,0,8,28935.20641,29349.12293,387,0,785.2064116,FALSE,28154.3,FALSE,[]
636,BasicRequest_no_show,1,27950,27950,578;-1;-1,2122;-1;-1,,,,,244.8329238,2273.12487,0:t_wait:605.4819310249914;t_drive:305.4187903899983;fare:227,,0,0,4,29059.34226,29364.76105,227,0,605.481931,FALSE,27953.3,FALSE,[]
900,BasicRequest_no_show,1,28580,28580,3441;-1;-1,2170;-1;-1,,,,,167.6433671,1447.743099,0:t_wait:724.9018151730015;t_drive:172.45239421600127;fare:144,,0,0,3,29304.90182,29477.35421,144,0,724.9018152,FALSE,28587.85,FALSE,[]
594,BasicRequest_no_show,1,29380,29380,2313;-1;-1,482;-1;-1,,,,,710.198509,8903.418661,0:t_wait:1004.4113533859891;t_drive:738.9270031880005;fare:890,29560,0,,,,,890,0,1004.411353,TRUE,,FALSE,[]
842,BasicRequest_no_show,1,28250,28250,1810;-1;-1,1587;-1;-1,,,,,540.0455447,6254.986892,0:t_wait:791.4254924489906;t_drive:574.9658103850015;fare:625,,0,0,5,29041.42549,29616.3913,625,0,791.4254924,FALSE,28254.05,FALSE,[]
701,BasicRequest_no_show,1,27920,27920,3689;-1;-1,1587;-1;-1,,,,,639.5447324,7048.431672,0:t_wait:637.2187711060142;t_drive:643.1237342669992;fare:704,,0,0,7,28995.32889,29655.65516,704,0,637.2187711,FALSE,27924.25,FALSE,[]
355,BasicRequest_no_show,1,28880,28880,3689;-1;-1,1587;-1;-1,,,,,639.5447324,7048.431672,0:t_wait:115.32889294802226;t_drive:660.3262651039986;fare:704,,0,0,7,28995.32889,29655.65516,704,0,115.3288929,FALSE,28882.75,FALSE,[]
516,BasicRequest_no_show,1,28110,28110,2513;-1;-1,2130;-1;-1,,,,,964.9916168,9805.428662,0:t_wait:444.51081788002193;t_drive:1190.7003430149998;fare:980,,0,0,7,28554.51082,29762.41369,980,0,444.5108179,FALSE,28114,FALSE,[]
510,BasicRequest_no_show,1,29350,29350,230;-1;-1,3347;-1;-1,,,,,153.1574557,1534.616439,0:t_wait:280.5513891050032;t_drive:158.2499873279994;fare:153,,0,0,3,29630.55139,29788.80138,153,0,280.5513891,FALSE,29353.25,FALSE,[]
649,BasicRequest_no_show,1,29340,29340,1206;-1;-1,2380;-1;-1,,,,,256.6068764,2511.061837,0:t_wait:117.41681177998908;t_drive:339.33058432100006;fare:251,,0,0,4,29457.41681,29796.7474,251,0,117.4168118,FALSE,29343.3,FALSE,[]
353,BasicRequest_no_show,1,28950,28950,735;-1;-1,3971;-1;-1,,,,,166.8607872,1544.809878,0:t_wait:686.179443590976;t_drive:243.11636946600265;fare:154,,0,0,8,29636.17944,29879.29581,154,0,686.1794436,FALSE,28952.85,FALSE,[]
248,BasicRequest_no_show,1,28150,28150,2627;-1;-1,3816;-1;-1,,,,,538.6666443,7382.866521,0:t_wait:841.9082806249717;t_drive:586.6977561290005;fare:738,,0,0,6,29329.42403,29916.12179,738,0,841.9082806,FALSE,28159.4,FALSE,[]
271,BasicRequest_no_show,1,30040,30040,735;-1;-1,3971;-1;-1,,,,,166.8607872,1544.809878,0:00,,,,,,,,0,,FALSE,,FALSE,[]
182,BasicRequest_no_show,1,30070,30070,1235;-1;-1,54;-1;-1,,,,,538.2238112,7867.193375,0:t_wait:1141.0540840969734;t_drive:683.3308675510016;fare:786,30070,0,,,,,786,0,1141.054084,TRUE,30073.95,FALSE,[]
745,BasicRequest_no_show,1,30110,30110,1815;-1;-1,3970;-1;-1,,,,,331.3530017,3096.680338,0:00,,,,,,,,0,,FALSE,,FALSE,[]
7,BasicRequest_no_show,1,30120,30120,3873;-1;-1,1587;-1;-1,,,,,628.6233829,9645.036117,0:00,,,,,,,,0,,FALSE,,FALSE,[]
494,BasicRequest_no_show,2,30150,30150,1489;-1;-1,4068;-1;-1,,,,,710.9436057,7279.12792,0:00,,,,,,,,0,,FALSE,,FALSE,[]
445,BasicRequest_no_show,1,30200,30200,2313;-1;-1,482;-1;-1,,,,,710.198509,8903.418661,0:00,,,,,,,,0,,FALSE,,FALSE,[]
629,BasicRequest_no_show,3,30210,30210,281;-1;-1,1793;-1;-1,,,,,9.546252877,90.1486896,0:00,,,,,,,,0,,FALSE,,FALSE,[]
642,BasicRequest_no_show,1,30220,30220,1013;-1;-1,3427;-1;-1,,,,,300.4305752,2996.811111,0:00,,,,,,,,0,,FALSE,,FALSE,[]
709,BasicRequest_no_show,1,30220,30220,3416;-1;-1,2687;-1;-1,,,,,251.433166,2665.737517,0:00,,,,,,,,0,,FALSE,,FALSE,[]
224,BasicRequest_no_show,1,30220,30220,1587;-1;-1,1810;-1;-1,,,,,534.1942125,6305.355312,0:t_wait:1135.7235028790055;t_drive:564.1942125280002;fare:630,30220,0,,,,,630,0,1135.723503,TRUE,30223.1,FALSE,[]
159,BasicRequest_no_show,1,29240,29240,1936;-1;-1,2311;-1;-1,,,,,325.5559498,3174.570635,0:t_wait:482.7573521700033;t_drive:360.476215480001;fare:317,,0,0,3,29875.84338,30236.31959,317,0,482.7573522,FALSE,29241.65,FALSE,[]
814,BasicRequest_no_show,1,29640,29640,1936;-1;-1,2311;-1;-1,,,,,325.5559498,3174.570635,0:t_wait:235.84337920399412;t_drive:360.476215480001;fare:317,,0,0,3,29875.84338,30236.31959,317,0,235.8433792,FALSE,29643.2,FALSE,[]
207,BasicRequest_no_show,1,30240,30240,3572;-1;-1,3803;-1;-1,,,,,379.5285656,4118.424971,0:t_wait:1183.555733862995;t_drive:473.3089027490023;fare:411,30240,0,,,,,411,0,1183.555734,TRUE,30243.15,FALSE,[]
923,BasicRequest_no_show,2,30130,30130,2131;-1;-1,427;-1;-1,,,,,354.7815873,3087.562543,0:t_wait:970.6512294229651;t_drive:356.32395251600246;fare:617,30310,0,,,,,617,0,970.6512294,TRUE,,FALSE,[]
89,BasicRequest_no_show,1,30160,30160,1390;-1;-1,4023;-1;-1,,,,,230.2117899,2133.575037,0:t_wait:946.1007053069734;t_drive:274.7455141140017;fare:213,30340,0,,,,,213,0,946.1007053,TRUE,,FALSE,[]
102,BasicRequest_no_show,1,29420,29420,2860;-1;-1,3349;-1;-1,,,,,399.9892413,3879.255723,0:t_wait:584.5777511409797;t_drive:403.5682430960005;fare:387,,0,0,8,30004.57775,30408.14599,387,0,584.5777511,FALSE,29422.9,FALSE,[]
170,BasicRequest_no_show,1,30010,30010,359;-1;-1,2404;-1;-1,,,,,118.3409818,971.4948187,0:t_wait:348.40915157692507;t_drive:119.86241611900186;fare:100,,0,0,6,30358.40915,30478.27157,100,0,348.4091516,FALSE,30014.85,FALSE,[]
873,BasicRequest_no_show,1,29920,29920,1587;-1;-1,746;-1;-1,,,,,515.379622,6160.886248,0:t_wait:84.09720726999876;t_drive:542.0955931790013;fare:616,,0,0,7,30004.09721,30546.1928,616,0,84.09720727,FALSE,29921.8,FALSE,[]
808,BasicRequest_no_show,1,29590,29590,3802;-1;-1,230;-1;-1,,,,,228.4991292,2232.496971,0:t_wait:738.9645584629943;t_drive:261.2296504020014;fare:223,,0,0,4,30328.96456,30590.19421,223,0,738.9645585,FALSE,29594.35,FALSE,[]
762,BasicRequest_no_show,1,29400,29400,137;-1;-1,1271;-1;-1,,,,,634.8519916,7230.425235,0:t_wait:738.7579924949678;t_drive:671.9616284010008;fare:723,,0,0,5,30138.75799,30810.71962,723,0,738.7579925,FALSE,29404.9,FALSE,[]
341,BasicRequest_no_show,1,29410,29410,137;-1;-1,1271;-1;-1,,,,,634.8519916,7230.425235,0:t_wait:728.7579924949678;t_drive:671.9616284010008;fare:723,,0,0,5,30138.75799,30810.71962,723,0,728.7579925,FALSE,29412.55,FALSE,[]
420,BasicRequest_no_show,1,30110,30110,2122;-1;-1,748;-1;-1,,,,,197.8358256,1893.008388,0:t_wait:432.066714523;t_drive:290.4723973780019;fare:189,,0,0,3,30542.06671,30832.53911,189,0,432.0667145,FALSE,30112.95,FALSE,[]
5,BasicRequest_no_show,1,29940,29940,3349;-1;-1,2860;-1;-1,,,,,402.6258133,3879.255723,0:t_wait:468.14599423697655;t_drive:433.14160607399754;fare:387,,0,0,8,30408.14599,30841.2876,387,0,468.1459942,FALSE,29942.85,FALSE,[]
717,BasicRequest_no_show,1,31010,31010,275;-1;-1,3562;-1;-1,,,,,430.4982808,4312.477994,0:t_wait:1126.8536428239931;t_drive:500.8146779960007;fare:431,31020,0,,,,,431,0,1126.853643,TRUE,31020.3,FALSE,[]
8,BasicRequest_no_show,1,31020,31020,275;-1;-1,3562;-1;-1,,,,,430.4982808,4312.477994,0:t_wait:1116.8536428239931;t_drive:587.2363335459995;fare:431,31020,0,,,,,431,0,1116.853643,TRUE,31024.35,FALSE,[]
536,BasicRequest_no_show,1,30060,30060,747;-1;-1,3414;-1;-1,,,,,403.0424804,6322.574821,0:t_wait:526.3864350490003;t_drive:443.22608631500043;fare:632,,0,0,7,30586.38644,31029.61252,632,0,526.386435,FALSE,30062.55,FALSE,[]
340,BasicRequest_no_show,1,31000,31000,1235;-1;-1,3421;-1;-1,,,,,411.9101976,3973.50786,0:t_wait:1008.1682826299948;t_drive:413.43163190799896;fare:397,31030,0,,,,,397,0,1008.168283,TRUE,31032.7,FALSE,[]
848,BasicRequest_no_show,1,31050,31050,2313;-1;-1,482;-1;-1,,,,,710.198509,8903.418661,0:00,,,,,,,,0,,FALSE,,FALSE,[]
431,BasicRequest_no_show,1,30420,30420,2687;-1;-1,3416;-1;-1,,,,,251.4025655,2665.737517,0:t_wait:362.57943815599356;t_drive:281.9183582299993;fare:266,,0,0,4,30782.57944,31064.4978,266,0,362.5794382,FALSE,30422.5,FALSE,[]
805,BasicRequest_no_show,1,31070,31070,1587;-1;-1,1767;-1;-1,,,,,825.8762268,10317.69976,0:00,,,,,,,,0,,FALSE,,FALSE,[]
485,BasicRequest_no_show,1,31080,31080,3417;-1;-1,1047;-1;-1,,,,,444.9085497,3945.026933,0:00,,,,,,,,0,,FALSE,,FALSE,[]
490,BasicRequest_no_show,1,30910,30910,1587;-1;-1,3873;-1;-1,,,,,611.7389536,9724.915668,0:t_wait:935.2380789709168;t_drive:655.4883653649995;fare:972,31090,0,,,,,972,0,935.238079,TRUE,,FALSE,[]
798,BasicRequest_no_show,2,31100,31100,553;-1;-1,256;-1;-1,,,,,312.6258806,2918.226402,0:00,,,,,,,,0,,FALSE,,FALSE,[]
812,BasicRequest_no_show,1,31220,31220,184;-1;-1,1518;-1;-1,,,,,127.081835,1249.649375,0:00,,,,,,,,0,,FALSE,,FALSE,[]
821,BasicRequest_no_show,1,31260,31260,2170;-1;-1,3441;-1;-1,,,,,174.017983,1447.743099,0:t_wait:1082.3153838449944;t_drive:175.59318277999773;fare:144,31260,0,,,,,144,0,1082.315384,TRUE,31266.3,FALSE,[]
4,BasicRequest_no_show,1,29460,29460,1965;-1;-1,1587;-1;-1,,,,,671.3820269,7484.450262,0:t_wait:929.6516454190023;t_drive:715.9157510510013;fare:748,,0,0,3,30389.65165,31355.7235,748,0,929.6516454,FALSE,,FALSE,[]
276,BasicRequest_no_show,1,31500,31500,2356;-1;-1,749;-1;-1,,,,,179.1855209,1719.785248,0:00,,,,,,,,0,,FALSE,,FALSE,[]
443,BasicRequest_no_show,1,31520,31520,2877;-1;-1,1154;-1;-1,,,,,1035.063299,12775.24439,0:t_wait:1079.7799090869594;t_drive:1038.6423005100005;fare:1277,31520,0,,,,,1277,0,1079.779909,TRUE,31526.55,FALSE,[]
470,BasicRequest_no_show,1,31580,31580,1736;-1;-1,3683;-1;-1,,,,,440.6371043,6670.371201,0:00,,,,,,,,0,,FALSE,,FALSE,[]
554,BasicRequest_no_show,1,31580,31580,3427;-1;-1,1013;-1;-1,,,,,298.0756768,2996.811111,0:00,,,,,,,,0,,FALSE,,FALSE,[]
444,BasicRequest_no_show,1,31590,31590,2122;-1;-1,1037;-1;-1,,,,,413.6207081,3624.614975,0:00,,,,,,,,0,,FALSE,,FALSE,[]
9,BasicRequest_no_show,1,31620,31620,1786;-1;-1,3475;-1;-1,,,,,339.7959166,3312.926919,0:00,,,,,,,,0,,FALSE,,FALSE,[]
239,BasicRequest_no_show,2,31020,31020,2122;-1;-1,748;-1;-1,,,,,197.8358256,1893.008388,0:t_wait:335.00680894199104;t_drive:271.27583493800194;fare:378,,0,0,7,31355.00681,31626.28264,378,0,335.0068089,FALSE,31024.95,FALSE,[]
6,BasicRequest_no_show,1,30060,30060,1014;-1;-1,3665;-1;-1,,,,,333.4694743,3372.078934,0:t_wait:806.6190541859942;t_drive:347.3225411179992;fare:337,,0,0,4,31228.29653,31634.97839,337,0,806.6190542,FALSE,30066.2,FALSE,[]
301,BasicRequest_no_show,2,31660,31660,2311;-1;-1,1936;-1;-1,,,,,325.9348903,3174.570635,0:00,,,,,,,,0,,FALSE,,FALSE,[]
473,BasicRequest_no_show,1,31700,31700,1587;-1;-1,3561;-1;-1,,,,,691.2799047,7897.414912,0:t_wait:1179.3938573289997;t_drive:706.2449040119973;fare:789,31700,0,,,,,789,0,1179.393857,TRUE,31704.05,FALSE,[]
606,BasicRequest_no_show,1,31710,31710,3568;-1;-1,2181;-1;-1,,,,,363.3169085,3191.393722,0:00,,,,,,,,0,,FALSE,,FALSE,[]
292,BasicRequest_no_show,1,31550,31550,1390;-1;-1,4023;-1;-1,,,,,230.2117899,2133.575037,0:t_wait:987.2504765349331;t_drive:323.99212707399784;fare:213,31730,0,,,,,213,0,987.2504765,TRUE,,FALSE,[]
592,BasicRequest_no_show,1,29880,29880,2513;-1;-1,2834;-1;-1,,,,,900.0562984,9904.365089,0:t_wait:649.2529130259245;t_drive:992.6928701569996;fare:990,,0,0,6,30818.96361,31811.65648,990,0,649.252913,FALSE,29882.75,FALSE,[]
626,BasicRequest_no_show,1,31830,31830,1013;-1;-1,3427;-1;-1,,,,,300.4305752,2996.811111,0:00,,,,,,,,0,,FALSE,,FALSE,[]
134,BasicRequest_no_show,1,31850,31850,1716;-1;-1,1901;-1;-1,,,,,522.4628096,5514.106674,0:00,,,,,,,,0,,FALSE,,FALSE,[]
312,BasicRequest_no_show,1,30990,30990,748;-1;-1,2122;-1;-1,,,,,198.8823265,1893.008388,0:t_wait:493.519556885989;t_drive:227.79215563699836;fare:189,,0,0,7,31626.28264,31855.16497,189,0,493.5195569,FALSE,30994.8,FALSE,[]
555,BasicRequest_no_show,2,31860,31860,427;-1;-1,351;-1;-1,,,,,145.934901,1404.817189,0:00,,,,,,,,0,,FALSE,,FALSE,[]
543,BasicRequest_no_show,3,31870,31870,793;-1;-1,3350;-1;-1,,,,,386.0994471,3650.826318,0:00,,,,,,,,0,,FALSE,,FALSE,[]
760,BasicRequest_no_show,1,31870,31870,1965;-1;-1,1587;-1;-1,,,,,671.3820269,7484.450262,0:t_wait:1190.231189714992;t_drive:901.1035365610005;fare:748,31870,0,,,,,748,0,1190.23119,TRUE,31874.9,FALSE,[]
10,BasicRequest_no_show,1,31860,31860,1587;-1;-1,1965;-1;-1,,,,,668.6322861,7534.818681,0:t_wait:1019.3938573289997;t_drive:696.3991857360015;fare:753,31880,0,,,,,753,0,1019.393857,TRUE,31883.25,FALSE,[]
143,BasicRequest_no_show,1,31890,31890,1587;-1;-1,1767;-1;-1,,,,,825.8762268,10317.69976,0:00,,,,,,,,0,,FALSE,,FALSE,[]
885,BasicRequest_no_show,3,31890,31890,4023;-1;-1,1390;-1;-1,,,,,226.1020184,2133.575037,0:00,,,,,,,,0,,FALSE,,FALSE,[]
121,BasicRequest_no_show,1,31900,31900,1716;-1;-1,1901;-1;-1,,,,,522.4628096,5514.106674,0:00,,,,,,,,0,,FALSE,,FALSE,[]
290,BasicRequest_no_show,1,31900,31900,793;-1;-1,3661;-1;-1,,,,,837.3066543,8890.650737,0:00,,,,,,,,0,,FALSE,,FALSE,[]
391,BasicRequest_no_show,1,31900,31900,1135;-1;-1,3474;-1;-1,,,,,185.7115634,1772.356401,0:00,,,,,,,,0,,FALSE,,FALSE,[]
300,BasicRequest_no_show,1,31910,31910,1047;-1;-1,3417;-1;-1,,,,,451.4091789,3934.259925,0:00,,,,,,,,0,,FALSE,,FALSE,[]
11,BasicRequest_no_show,1,31920,31920,1936;-1;-1,2311;-1;-1,,,,,325.5559498,3174.570635,0:00,,,,,,,,0,,FALSE,,FALSE,[]
93,BasicRequest_no_show,1,31930,31930,2687;-1;-1,3416;-1;-1,,,,,251.4025655,2665.737517,0:00,,,,,,,,0,,FALSE,,FALSE,[]
518,BasicRequest_no_show,1,31930,31930,4023;-1;-1,1390;-1;-1,,,,,226.1020184,2133.575037,0:00,,,,,,,,0,,FALSE,,FALSE,[]
498,BasicRequest_no_show,1,31960,31960,1282;-1;-1,430;-1;-1,,,,,295.0523449,3961.577231,0:00,,,,,,,,0,,FALSE,,FALSE,[]
212,BasicRequest_no_show,1,31960,31960,2404;-1;-1,2208;-1;-1,,,,,123.5545746,1020.494823,0:t_wait:1152.3979645160216;t_drive:195.60916122000344;fare:102,31960,0,,,,,102,0,1152.397965,TRUE,31964.4,FALSE,[]
237,BasicRequest_no_show,1,31980,31980,425;-1;-1,571;-1;-1,,,,,379.246435,3990.134266,0:00,,,,,,,,0,,FALSE,,FALSE,[]
343,BasicRequest_no_show,1,31990,31990,482;-1;-1,2313;-1;-1,,,,,706.5687317,8903.418661,0:00,,,,,,,,0,,FALSE,,FALSE,[]
416,BasicRequest_no_show,1,32010,32010,1734;-1;-1,4068;-1;-1,,,,,374.7813883,4283.820089,0:00,,,,,,,,0,,FALSE,,FALSE,[]
664,BasicRequest_no_show,1,31070,31070,3970;-1;-1,3816;-1;-1,,,,,589.1046913,7782.754767,0:t_wait:109.73968307196265;t_drive:855.0567090759978;fare:778,,0,0,8,31179.73968,32034.79639,778,0,109.7396831,FALSE,31073.55,FALSE,[]
12,BasicRequest_no_show,1,32040,32040,1390;-1;-1,4023;-1;-1,,,,,230.2117899,2133.575037,0:00,,,,,,,,0,,FALSE,,FALSE,[]
894,BasicRequest_no_show,1,32040,32040,2834;-1;-1,2513;-1;-1,,,,,880.4149453,13373.12595,0:00,,,,,,,,0,,FALSE,,FALSE,[]
422,BasicRequest_no_show,1,32060,32060,2030;-1;-1,236;-1;-1,,,,,437.427021,4282.066997,0:00,,,,,,,,0,,FALSE,,FALSE,[]
313,BasicRequest_no_show,1,32070,32070,1235;-1;-1,54;-1;-1,,,,,538.2238112,7867.193375,0:00,,,,,,,,0,,FALSE,,FALSE,[]
213,BasicRequest_no_show,1,31050,31050,3771;-1;-1,3613;-1;-1,,,,,524.5443747,7853.509052,0:t_wait:462.8104088159962;t_drive:577.4330406359986;fare:785,,0,0,4,31512.81041,32090.24345,785,0,462.8104088,FALSE,31054.15,FALSE,[]
13,BasicRequest_no_show,1,32100,32100,3689;-1;-1,1587;-1;-1,,,,,639.5447324,7048.431672,0:t_wait:1186.8588604889883;t_drive:660.3946170540003;fare:704,32100,0,,,,,704,0,1186.85886,TRUE,32103.85,FALSE,[]
752,BasicRequest_no_show,2,31930,31930,2834;-1;-1,2513;-1;-1,,,,,880.4149453,13373.12595,0:t_wait:953.0064044549945;t_drive:953.8549546860013;fare:2674,32110,0,,,,,2674,0,983.5221972,TRUE,,FALSE,[]
383,BasicRequest_no_show,2,31990,31990,314;-1;-1,2122;-1;-1,,,,,581.0640778,5060.966157,0:t_wait:997.569228786022;t_drive:608.3750603430017;fare:1012,32120,0,,,,,1012,0,997.5692288,TRUE,32128.45,FALSE,[]
784,BasicRequest_no_show,1,32130,32130,1390;-1;-1,4023;-1;-1,,,,,230.2117899,2133.575037,0:00,,,,,,,,0,,FALSE,,FALSE,[]
350,BasicRequest_no_show,1,32160,32160,2130;-1;-1,2513;-1;-1,,,,,964.8690492,13957.74923,0:00,,,,,,,,0,,FALSE,,FALSE,[]
175,BasicRequest_no_show,1,32170,32170,281;-1;-1,1793;-1;-1,,,,,9.546252877,90.1486896,0:00,,,,,,,,0,,FALSE,,FALSE,[]
193,BasicRequest_no_show,1,30480,30480,1736;-1;-1,2238;-1;-1,,,,,488.8636989,4844.844656,0:t_wait:899.2211338709676;t_drive:545.8318990530024;fare:484,,0,0,8,31487.74603,32173.21206,484,0,899.2211339,FALSE,30553.1,FALSE,[]
633,BasicRequest_no_show,1,32190,32190,2311;-1;-1,2439;-1;-1,,,,,314.5992708,3051.888174,0:00,,,,,,,,0,,FALSE,,FALSE,[]
278,BasicRequest_no_show,1,32190,32190,3119;-1;-1,1587;-1;-1,,,,,677.7556841,8834.684525,0:t_wait:1132.0399525289831;t_drive:734.723884236002;fare:883,32190,0,,,,,883,0,1132.039953,TRUE,32195.1,FALSE,[]
371,BasicRequest_no_show,3,31080,31080,3683;-1;-1,1736;-1;-1,,,,,440.6483471,6670.371201,0:t_wait:570.0881610279939;t_drive:548.0158158289996;fare:2001,,0,0,5,31650.08816,32198.10398,2001,0,570.088161,FALSE,31084.4,FALSE,[]
927,BasicRequest_no_show,1,32210,32210,3450;-1;-1,240;-1;-1,,,,,300.5744547,2991.96851,0:t_wait:1093.29296800898;t_drive:335.49472038399836;fare:299,32210,0,,,,,299,0,1093.292968,TRUE,32219.05,FALSE,[]
245,BasicRequest_no_show,1,31010,31010,3475;-1;-1,519;-1;-1,,,,,251.7474309,2336.370317,0:t_wait:781.7119112319888;t_drive:286.66769652900257;fare:233,,0,0,7,31935.56517,32222.23287,233,0,781.7119112,FALSE,31017.5,FALSE,[]
604,BasicRequest_no_show,1,32230,32230,1047;-1;-1,3417;-1;-1,,,,,451.4091789,3934.259925,0:00,,,,,,,,0,,FALSE,,FALSE,[]
418,BasicRequest_no_show,1,30520,30520,1587;-1;-1,1965;-1;-1,,,,,668.6322861,7534.818681,0:t_wait:835.7235028790128;t_drive:705.7419228860017;fare:753,,0,0,3,31355.7235,32282.83508,753,0,835.7235029,FALSE,30526.4,FALSE,[]
457,BasicRequest_no_show,3,32330,32330,793;-1;-1,3661;-1;-1,,,,,837.3066543,8890.650737,0:t_wait:1191.764312389947;t_drive:944.674123028999;fare:2667,32330,0,,,,,2667,0,1191.764312,TRUE,32333.5,FALSE,[]
113,BasicRequest_no_show,1,32340,32340,1047;-1;-1,3417;-1;-1,,,,,451.4091789,3934.259925,0:t_wait:1112.205665591966;t_drive:466.9385531070002;fare:393,32340,0,,,,,393,0,1112.205666,TRUE,32347.5,FALSE,[]
841,BasicRequest_no_show,3,32350,32350,1518;-1;-1,184;-1;-1,,,,,124.0000863,1249.649375,0:00,,,,,,,,0,,FALSE,,FALSE,[]
456,BasicRequest_no_show,1,32440,32440,3802;-1;-1,3571;-1;-1,,,,,395.2612635,4238.245676,0:00,,,,,,,,0,,FALSE,,FALSE,[]
173,BasicRequest_no_show,1,32720,32720,1587;-1;-1,3119;-1;-1,,,,,676.2717477,8885.052945,0:00,,,,,,,,0,,FALSE,,FALSE,[]
843,BasicRequest_no_show,1,31890,31890,3572;-1;-1,3803;-1;-1,,,,,379.5285656,4118.424971,0:t_wait:500.5487265779266;t_drive:386.34590615999696;fare:411,,0,0,6,32390.54873,32776.89463,411,0,500.5487266,FALSE,31892.9,FALSE,[]
322,BasicRequest_no_show,1,30950,30950,2877;-1;-1,1154;-1;-1,,,,,1035.063299,12775.24439,0:t_wait:359.63984525900014;t_drive:1039.3196667949996;fare:1277,,0,0,5,31309.63985,32785.31007,1277,0,359.6398453,FALSE,30954,FALSE,[]
375,BasicRequest_no_show,1,30870,30870,1154;-1;-1,2877;-1;-1,,,,,1022.780226,12666.39161,0:t_wait:579.5782518790147;t_drive:1378.690111955002;fare:1266,,0,0,3,31449.57825,32828.26836,1266,0,579.5782519,FALSE,30875,FALSE,[]
689,BasicRequest_no_show,1,31250,31250,1154;-1;-1,2877;-1;-1,,,,,1022.780226,12666.39161,0:t_wait:199.57825187901472;t_drive:1378.690111955002;fare:1266,,0,0,3,31449.57825,32828.26836,1266,0,199.5782519,FALSE,31252.8,FALSE,[]
183,BasicRequest_no_show,1,31540,31540,3613;-1;-1,3771;-1;-1,,,,,524.5443747,7853.509052,0:t_wait:550.2434494519875;t_drive:600.7999569790009;fare:785,,0,0,4,32090.24345,32831.11041,785,0,550.2434495,FALSE,31543,FALSE,[]
700,BasicRequest_no_show,1,31510,31510,3477;-1;-1,744;-1;-1,,,,,281.8482422,2759.654555,0:t_wait:981.1143323339929;t_drive:282.90181391400256;fare:275,,0,0,7,32491.11433,32881.92214,275,0,981.1143323,FALSE,,FALSE,[]
287,BasicRequest_no_show,3,31930,31930,3474;-1;-1,744;-1;-1,,,,,266.0737664,2591.250283,0:t_wait:578.4809084809895;t_drive:373.44123506199685;fare:777,,0,0,7,32508.48091,32881.92214,777,0,578.4809085,FALSE,31935.55,FALSE,[]
351,BasicRequest_no_show,1,31560,31560,1276;-1;-1,3183;-1;-1,,,,,447.2690337,4595.614879,0:t_wait:793.7324182789598;t_drive:475.0359333460001;fare:459,,0,0,8,32353.73242,32906.07133,459,0,793.7324183,FALSE,31564.2,FALSE,[]
144,BasicRequest_no_show,1,31700,31700,2301;-1;-1,439;-1;-1,,,,,389.4320428,3780.557425,0:t_wait:916.8731055439857;t_drive:475.16336600700015;fare:378,,0,0,4,32616.87311,33092.03647,378,0,916.8731055,FALSE,,FALSE,[]
877,BasicRequest_no_show,1,33150,33150,1489;-1;-1,4068;-1;-1,,,,,710.9436057,7279.12792,0:t_wait:1162.1260346700146;t_drive:766.8510054780054;fare:727,33150,0,,,,,727,0,1162.126035,TRUE,33155.45,FALSE,[]
348,BasicRequest_no_show,1,33230,33230,240;-1;-1,3450;-1;-1,,,,,298.7022121,2991.96851,0:00,,,,,,,,0,,FALSE,,FALSE,[]
884,BasicRequest_no_show,1,31810,31810,3771;-1;-1,3613;-1;-1,,,,,524.5443747,7853.509052,0:t_wait:830.3304848949556;t_drive:761.7869142859927;fare:785,,0,0,8,32640.33048,33402.1174,785,0,830.3304849,FALSE,31817.35,FALSE,[]
591,BasicRequest_no_show,1,31790,31790,129;-1;-1,2734;-1;-1,,,,,536.5047611,8025.811803,0:t_wait:781.2164417069289;t_drive:619.1364095780009;fare:802,,0,0,6,32895.43436,33514.57077,802,0,781.2164417,FALSE,31798.05,FALSE,[]
346,BasicRequest_no_show,1,32020,32020,1587;-1;-1,1965;-1;-1,,,,,668.6322861,7534.818681,0:t_wait:859.3938573289997;t_drive:772.5880881460034;fare:753,,0,0,5,32879.39386,33578.54194,753,0,859.3938573,FALSE,32039.55,FALSE,[]
215,BasicRequest_no_show,1,33620,33620,2356;-1;-1,3352;-1;-1,,,,,154.771827,1482.965078,0:00,,,,,,,,0,,FALSE,,FALSE,[]
620,BasicRequest_no_show,1,33000,33000,1517;-1;-1,3805;-1;-1,,,,,210.836881,2221.334515,0:t_wait:379.43869490298675;t_drive:267.805081176004;fare:222,,0,0,7,33379.43869,33647.24378,222,0,379.4386949,FALSE,33002.5,FALSE,[]
523,BasicRequest_no_show,1,32170,32170,314;-1;-1,2122;-1;-1,,,,,581.0640778,5060.966157,0:t_wait:817.569228786022;t_drive:726.1711342029957;fare:506,,0,0,3,32987.56923,33756.76471,506,0,817.5692288,FALSE,32177.55,FALSE,[]
433,BasicRequest_no_show,1,33790,33790,430;-1;-1,1282;-1;-1,,,,,292.743019,3961.577231,0:00,,,,,,,,0,,FALSE,,FALSE,[]
550,BasicRequest_no_show,1,32230,32230,3771;-1;-1,3613;-1;-1,,,,,524.5443747,7853.509052,0:t_wait:910.5384647829778;t_drive:585.1302412389996;fare:785,,0,0,7,33140.53846,33906.75153,785,0,910.5384648,FALSE,,FALSE,[]
619,BasicRequest_no_show,1,33190,33190,2030;-1;-1,236;-1;-1,,,,,437.427021,4282.066997,0:t_wait:293.32284083295235;t_drive:507.3491573749998;fare:428,,0,0,4,33483.32284,33990.672,428,0,293.3228408,FALSE,33192.95,FALSE,[]
168,BasicRequest_no_show,1,33370,33370,3477;-1;-1,744;-1;-1,,,,,281.8482422,2759.654555,0:t_wait:310.3742614820003;t_drive:367.57611622200056;fare:275,,0,0,3,33680.37426,34047.95038,275,0,310.3742615,FALSE,33372.7,FALSE,[]
857,BasicRequest_no_show,1,32960,32960,3970;-1;-1,1815;-1;-1,,,,,334.0068975,3096.680338,0:t_wait:744.742788991949;t_drive:345.2975988160033;fare:309,,0,0,8,33704.74279,34050.04039,309,0,744.742789,FALSE,32961.85,FALSE,[]
259,BasicRequest_no_show,1,33040,33040,230;-1;-1,3347;-1;-1,,,,,153.1574557,1534.616439,0:t_wait:643.8765859769555;t_drive:154.5908930900041;fare:153,,0,0,4,34093.02616,34247.61706,153,0,643.876586,FALSE,33044.65,FALSE,[]
537,BasicRequest_no_show,1,34420,34420,1587;-1;-1,3119;-1;-1,,,,,676.2717477,8885.052945,0:00,,,,,,,,0,,FALSE,,FALSE,[]
846,BasicRequest_no_show,1,34570,34570,3816;-1;-1,3970;-1;-1,,,,,589.9103059,7782.754767,0:t_wait:1055.6649223540007;t_drive:627.0199427039988;fare:778,34580,0,,,,,778,0,1055.664922,TRUE,34586.95,FALSE,[]
535,BasicRequest_no_show,1,33820,33820,3873;-1;-1,1587;-1;-1,,,,,628.6233829,9645.036117,0:t_wait:163.12868154999887;t_drive:684.5307826030039;fare:964,,0,0,5,33983.12868,34667.65946,964,0,163.1286815,FALSE,33822.55,FALSE,[]
597,BasicRequest_no_show,1,33830,33830,3350;-1;-1,292;-1;-1,,,,,610.3579159,7045.954765,0:t_wait:382.59957195397874;t_drive:611.8793502519984;fare:704,,0,0,3,34212.59957,34824.47892,704,0,382.599572,FALSE,33834.45,FALSE,[]
670,BasicRequest_no_show,1,34890,34890,2229;-1;-1,1587;-1;-1,,,,,844.9265486,11057.81071,0:t_wait:1164.694270815009;t_drive:915.6169969039984;fare:1105,34890,0,,,,,1105,0,1164.694271,TRUE,34896.4,FALSE,[]
199,BasicRequest_no_show,1,34320,34320,748;-1;-1,2122;-1;-1,,,,,198.8823265,1893.008388,0:t_wait:421.8779992839991;t_drive:214.41170068700012;fare:189,,0,0,7,34741.878,34956.2897,189,0,421.8779993,FALSE,34324.4,FALSE,[]
364,BasicRequest_no_show,1,34210,34210,2238;-1;-1,1736;-1;-1,,,,,488.0296012,4843.982104,0:t_wait:128.1018927030018;t_drive:674.3526581410042;fare:484,,0,0,6,34338.10189,35012.45455,484,0,128.1018927,FALSE,34212.6,FALSE,[]
634,BasicRequest_no_show,1,34280,34280,425;-1;-1,571;-1;-1,,,,,379.246435,3990.134266,0:t_wait:299.5506852289982;t_drive:473.026772186;fare:399,,0,0,4,34579.55069,35052.57746,399,0,299.5506852,FALSE,34283.95,FALSE,[]
14,BasicRequest_no_show,1,34200,34200,3816;-1;-1,2627;-1;-1,,,,,539.8884487,7382.866521,0:t_wait:139.32035103400267;t_drive:560.6699813170053;fare:738,,0,0,6,34501.05897,35291.16245,738,0,139.320351,FALSE,34204.35,FALSE,[]
15,BasicRequest_no_show,1,35400,35400,338;-1;-1,1014;-1;-1,,,,,310.1293398,3146.53602,0:00,,,,,,,,0,,FALSE,,FALSE,[]
413,BasicRequest_no_show,3,35490,35490,3441;-1;-1,2170;-1;-1,,,,,167.6433671,1447.743099,0:00,,,,,,,,0,,FALSE,,FALSE,[]
763,BasicRequest_no_show,1,35560,35560,1815;-1;-1,3970;-1;-1,,,,,331.3530017,3096.680338,0:00,,,,,,,,0,,FALSE,,FALSE,[]
796,BasicRequest_no_show,3,34360,34360,1587;-1;-1,3689;-1;-1,,,,,641.0906557,7098.800091,0:t_wait:307.6594641529882;t_drive:905.0386336890006;fare:2129,,0,0,5,34667.65946,35572.6981,2129,0,307.6594642,FALSE,34366.05,FALSE,[]
279,BasicRequest_no_show,1,34350,34350,2122;-1;-1,314;-1;-1,,,,,576.2410773,4954.892792,0:t_wait:606.2896999709992;t_drive:632.1484770169991;fare:495,,0,0,7,34956.2897,35588.43818,495,0,606.2897,FALSE,34353.4,FALSE,[]
816,BasicRequest_no_show,2,35650,35650,744;-1;-1,3477;-1;-1,,,,,281.1941479,2759.654555,0:00,,,,,,,,0,,FALSE,,FALSE,[]
296,BasicRequest_no_show,1,35650,35650,1965;-1;-1,1587;-1;-1,,,,,671.3820269,7484.450262,0:t_wait:1114.7689577050114;t_drive:968.3720072610013;fare:748,35650,0,,,,,748,0,1114.768958,TRUE,35659.35,FALSE,[]
668,BasicRequest_no_show,2,34290,34290,2877;-1;-1,1154;-1;-1,,,,,1035.063299,12775.24439,0:t_wait:334.13335193192324;t_drive:1036.605663948998;fare:2555,,0,0,8,34624.13335,35660.73902,2555,0,334.1333519,FALSE,34294,FALSE,[]
930,BasicRequest_no_show,1,35670,35670,1793;-1;-1,281;-1;-1,,,,,11.37081031,90.1486896,0:00,,,,,,,,0,,FALSE,,FALSE,[]
196,BasicRequest_no_show,1,35680,35680,338;-1;-1,1014;-1;-1,,,,,310.1293398,3146.53602,0:00,,,,,,,,0,,FALSE,,FALSE,[]
563,BasicRequest_no_show,1,35700,35700,571;-1;-1,3474;-1;-1,,,,,380.4802382,4980.263801,0:t_wait:1182.641078149034;t_drive:463.2039461489985;fare:498,35700,0,,,,,498,0,1182.641078,TRUE,35703.6,FALSE,[]
887,BasicRequest_no_show,1,33880,33880,2513;-1;-1,2130;-1;-1,,,,,964.9916168,9805.428662,0:t_wait:525.4564780849469;t_drive:982.2952266089997;fare:980,,0,0,8,34405.45648,35710.75244,980,0,525.4564781,FALSE,33882.1,FALSE,[]
394,BasicRequest_no_show,2,35720,35720,292;-1;-1,3350;-1;-1,,,,,630.0988381,7253.881463,0:00,,,,,,,,0,,FALSE,,FALSE,[]
289,BasicRequest_no_show,1,35730,35730,3119;-1;-1,1587;-1;-1,,,,,677.7556841,8834.684525,0:t_wait:1189.9022448069882;t_drive:695.0592939260023;fare:883,35730,0,,,,,883,0,1189.902245,TRUE,35732.45,FALSE,[]
725,BasicRequest_no_show,1,35730,35730,3477;-1;-1,744;-1;-1,,,,,281.8482422,2759.654555,0:t_wait:1102.3683750329583;t_drive:353.9028287350011;fare:275,35730,0,,,,,275,0,1102.368375,TRUE,35736,FALSE,[]
325,BasicRequest_no_show,2,35740,35740,1587;-1;-1,2229;-1;-1,,,,,818.2539677,11137.33138,0:00,,,,,,,,0,,FALSE,,FALSE,[]
247,BasicRequest_no_show,1,35750,35750,1281;-1;-1,3672;-1;-1,,,,,126.5664332,1277.5261,0:00,,,,,,,,0,,FALSE,,FALSE,[]
18,BasicRequest_no_show,1,35760,35760,1716;-1;-1,1901;-1;-1,,,,,522.4628096,5514.106674,0:00,,,,,,,,0,,FALSE,,FALSE,[]
870,BasicRequest_no_show,1,35750,35750,1734;-1;-1,4068;-1;-1,,,,,374.7813883,4283.820089,0:t_wait:1051.225021192011;t_drive:375.834960031003;fare:428,35760,0,,,,,428,0,1051.225021,TRUE,35762.45,FALSE,[]
17,BasicRequest_no_show,1,35760,35760,3475;-1;-1,519;-1;-1,,,,,251.7474309,2336.370317,0:t_wait:1058.0974646429604;t_drive:255.32643271200504;fare:233,35760,0,,,,,233,0,1058.097465,TRUE,35767.35,FALSE,[]
637,BasicRequest_no_show,1,35820,35820,129;-1;-1,2734;-1;-1,,,,,536.5047611,8025.811803,0:t_wait:1101.1825265099978;t_drive:569.2352822680041;fare:802,35820,0,,,,,802,0,1193.305135,TRUE,35823.9,FALSE,[]
835,BasicRequest_no_show,1,35820,35820,275;-1;-1,3562;-1;-1,,,,,430.4982808,4312.477994,0:t_wait:1077.4411879249965;t_drive:507.89208427300036;fare:431,35820,0,,,,,431,0,1077.441188,TRUE,35825.4,FALSE,[]
155,BasicRequest_no_show,2,35870,35870,2860;-1;-1,3349;-1;-1,,,,,399.9892413,3879.255723,0:00,,,,,,,,0,,FALSE,,FALSE,[]
100,BasicRequest_no_show,1,35930,35930,1517;-1;-1,3805;-1;-1,,,,,210.836881,2221.334515,0:00,,,,,,,,0,,FALSE,,FALSE,[]
569,BasicRequest_no_show,1,35950,35950,1587;-1;-1,1810;-1;-1,,,,,534.1942125,6305.355312,0:00,,,,,,,,0,,FALSE,,FALSE,[]
774,BasicRequest_no_show,1,35970,35970,793;-1;-1,3661;-1;-1,,,,,837.3066543,8890.650737,0:00,,,,,,,,0,,FALSE,,FALSE,[]
929,BasicRequest_no_show,1,34440,34440,3771;-1;-1,3613;-1;-1,,,,,524.5443747,7853.509052,0:t_wait:819.1230077239888;t_drive:754.2658843690006;fare:785,,0,0,3,35259.12301,36013.38889,785,0,819.1230077,FALSE,34453.6,FALSE,[]
744,BasicRequest_no_show,1,34770,34770,3450;-1;-1,240;-1;-1,,,,,300.5744547,2991.96851,0:t_wait:845.2258412119991;t_drive:423.39307124399784;fare:299,,0,0,4,35615.22584,36038.61891,299,0,845.2258412,FALSE,34776,FALSE,[]
907,BasicRequest_no_show,1,35870,35870,275;-1;-1,3562;-1;-1,,,,,430.4982808,4312.477994,0:t_wait:1027.4411879249965;t_drive:432.07348058000207;fare:431,36050,0,,,,,431,0,1027.441188,TRUE,,FALSE,[]
508,BasicRequest_no_show,1,36050,36050,1305;-1;-1,3196;-1;-1,,,,,230.1960361,2161.198382,0:t_wait:1195.116421492945;t_drive:258.9245302240015;fare:216,36050,0,,,,,216,0,1195.116421,TRUE,36052.2,FALSE,[]
617,BasicRequest_no_show,1,35600,35600,359;-1;-1,2404;-1;-1,,,,,118.3409818,971.4948187,0:t_wait:321.7618261749885;t_drive:145.05695292499877;fare:100,,0,0,7,35921.76183,36066.81878,100,0,321.7618262,FALSE,35602.15,FALSE,[]
354,BasicRequest_no_show,1,34030,34030,2834;-1;-1,2513;-1;-1,,,,,880.4149453,13373.12595,0:t_wait:671.2720112789902;t_drive:901.2648299459979;fare:1337,,0,0,5,34914.3701,36099.32939,1337,0,671.2720113,FALSE,34032.6,FALSE,[]
120,BasicRequest_no_show,1,34590,34590,1736;-1;-1,3683;-1;-1,,,,,440.6371043,6670.371201,0:t_wait:981.0703960320243;t_drive:555.4058577629985;fare:667,,0,0,6,35571.0704,36126.47625,667,0,981.070396,FALSE,,FALSE,[]
337,BasicRequest_no_show,1,36160,36160,1965;-1;-1,1587;-1;-1,,,,,671.3820269,7484.450262,0:t_wait:986.8756729369925;t_drive:700.1105210210007;fare:748,36250,0,,,,,748,0,986.8756729,TRUE,36258.8,FALSE,[]
850,BasicRequest_no_show,1,36400,36400,3816;-1;-1,2627;-1;-1,,,,,539.8884487,7382.866521,0:t_wait:1191.8022051849402;t_drive:568.6169428170033;fare:738,36400,0,,,,,738,0,1191.802205,TRUE,36403.8,FALSE,[]
517,BasicRequest_no_show,1,35540,35540,2122;-1;-1,314;-1;-1,,,,,576.2410773,4954.892792,0:t_wait:212.39941532802186;t_drive:688.1106429459978;fare:495,,0,0,5,35752.39942,36440.51006,495,0,212.3994153,FALSE,35544.45,FALSE,[]
525,BasicRequest_no_show,1,35370,35370,3474;-1;-1,1135;-1;-1,,,,,186.0877485,1772.356401,0:t_wait:903.0327363070028;t_drive:206.93763311200019;fare:177,,0,0,4,36273.03274,36479.97037,177,0,903.0327363,FALSE,,FALSE,[]
497,BasicRequest_no_show,1,36500,36500,3816;-1;-1,3970;-1;-1,,,,,589.9103059,7782.754767,0:t_wait:1091.8022051849475;t_drive:600.1077293439957;fare:778,36510,0,,,,,778,0,1091.802205,TRUE,36512,FALSE,[]
135,BasicRequest_no_show,1,35500,35500,1282;-1;-1,430;-1;-1,,,,,295.0523449,3961.577231,0:t_wait:719.079990637023;t_drive:314.85993672999757;fare:396,,0,0,6,36219.07999,36581.35332,396,0,719.0799906,FALSE,35504.55,FALSE,[]
643,BasicRequest_no_show,2,36700,36700,3613;-1;-1,3771;-1;-1,,,,,524.5443747,7853.509052,0:00,,,,,,,,0,,FALSE,,FALSE,[]
282,BasicRequest_no_show,1,35530,35530,3613;-1;-1,3771;-1;-1,,,,,524.5443747,7853.509052,0:t_wait:483.3888920929603;t_drive:689.6717172689969;fare:785,,0,0,3,36013.38889,36703.06061,785,0,483.3888921,FALSE,35532.25,FALSE,[]
16,BasicRequest_no_show,1,35400,35400,2311;-1;-1,2439;-1;-1,,,,,314.5992708,3051.888174,0:t_wait:816.5927149119816;t_drive:315.652842538002;fare:305,,0,0,7,36414.47293,36730.12577,305,0,816.5927149,FALSE,35409.95,FALSE,[]
500,BasicRequest_no_show,1,35560,35560,3683;-1;-1,1736;-1;-1,,,,,440.6483471,6670.371201,0:t_wait:742.7692267430175;t_drive:599.9610882410052;fare:667,,0,0,6,36302.76923,36902.73031,667,0,742.7692267,FALSE,35565.8,FALSE,[]
19,BasicRequest_no_show,1,35940,35940,430;-1;-1,1282;-1;-1,,,,,292.743019,3961.577231,0:t_wait:831.9073416139508;t_drive:319.45899009699497;fare:396,,0,0,3,36771.90734,37091.36633,396,0,831.9073416,FALSE,35948.8,FALSE,[]
933,BasicRequest_no_show,1,35630,35630,137;-1;-1,1271;-1;-1,,,,,634.8519916,7230.425235,0:t_wait:672.9883354829508;t_drive:904.8985270709964;fare:723,,0,0,8,36302.98834,37207.88686,723,0,672.9883355,FALSE,35634.9,FALSE,[]
908,BasicRequest_no_show,1,37230,37230,1014;-1;-1,3665;-1;-1,,,,,333.4694743,3372.078934,0:00,,,,,,,,0,,FALSE,,FALSE,[]
110,BasicRequest_no_show,1,35390,35390,3350;-1;-1,292;-1;-1,,,,,610.3579159,7045.954765,0:t_wait:870.7756672729374;t_drive:787.7678796280015;fare:704,,0,0,8,36439.8865,37257.65438,704,0,870.7756673,FALSE,35401.05,FALSE,"[(35390, 0.6086820920558074), (35390.05, 0.40279043011809457), (35390.100000000006, 1.935861578704541), (35390.15000000001, 1.6988461713818959), (35390.20000000001, 1.1731297851801332), (35390.250000000015, -1.391433365368663), (35390.30000000002, -0.5328888412640582), (35390.35000000002, 1.7003829649723157), (35390.40000000002, 3.6261655186405233), (35390.450000000026, 4.885183323800932), (35390.50000000003, 7.076192023247556), (35390.55000000003, 6.392061468721407), (35390.600000000035, 9.425002374243856), (35390.65000000004, 10.218985426851555), (35390.70000000004, 11.894662652125136), (35390.750000000044, 14.863023637634676), (35390.80000000005, 15.645372496221114), (35390.85000000005, 14.105614831844575), (35390.90000000005, 15.28498029856514), (35390.950000000055, 18.60190081856728), (35391.00000000006, 19.859886416096455), (35391.05000000006, 18.91113142930477), (35391.100000000064, 18.215067028656335), (35391.15000000007, 18.13743648406874), (35391.20000000007, 17.49140153345529), (35391.25000000007, 19.21317561991686), (35391.300000000076, 19.22715642051216), (35391.35000000008, 20.396034255068827), (35391.40000000008, 16.712694877961912), (35391.450000000084, 15.638403785851073), (35391.50000000009, 15.580183793792305), (35391.55000000009, 18.875470866798207), (35391.60000000009, 17.836935519692886), (35391.650000000096, 17.934432527993664), (35391.7000000001, 15.855996255310407), (35391.7500000001, 15.47568336647823), (35391.800000000105, 14.877601163073296), (35391.85000000011, 15.232658081768289), (35391.90000000011, 17.228722049417645), (35391.95000000011, 16.742392701298616), (35392.00000000012, 15.883746734883315), (35392.05000000012, 15.925220225280277), (35392.10000000012, 17.272199865951258), (35392.150000000125, 15.718589233177912), (35392.20000000013, 15.1728426487421), (35392.25000000013, 17.939096736562508), (35392.300000000134, 15.794388797222704), (35392.35000000014, 16.032470830385964), (35392.40000000014, 17.352909286971816), (35392.45000000014, 16.287679427603067), (35392.500000000146, 12.26054917899783), (35392.55000000015, 14.042486259604843), (35392.60000000015, 17.54050099255171), (35392.650000000154, 17.81314118009763), (35392.70000000016, 18.417201732716165), (35392.75000000016, 20.786117280215766), (35392.80000000016, 19.90348344000117), (35392.850000000166, 20.153594163222742), (35392.90000000017, 16.741726153226725), (35392.95000000017, 16.892907601681134), (35393.000000000175, 19.148720524595376), (35393.05000000018, 20.293580935504956), (35393.10000000018, 18.75036314338515), (35393.15000000018, 19.026338439570804), (35393.200000000186, 21.335023048705096), (35393.25000000019, 19.242596561030517), (35393.30000000019, 21.55984812857642), (35393.350000000195, 22.549335535620962), (35393.4000000002, 22.098624169885444), (35393.4500000002, 20.94003796334925), (35393.500000000204, 20.535140565438), (35393.55000000021, 21.15618035011767), (35393.60000000021, 21.938547368917604), (35393.65000000021, 22.381290285445118), (35393.700000000215, 23.964126083350894), (35393.75000000022, 24.020927010182096), (35393.80000000022, 29.14566639312749), (35393.850000000224, 30.140813376324022), (35393.90000000023, 28.922766147810066), (35393.95000000023, 30.011503780488628), (35394.00000000023, 29.328028610784138), (35394.050000000236, 29.818689716981478), (35394.10000000024, 31.124694228329837), (35394.15000000024, 30.54451473533844), (35394.200000000244, 30.0060328528398), (35394.25000000025, 28.277976622403084), (35394.30000000025, 26.28830846096313), (35394.35000000025, 26.48026770327711), (35394.400000000256, 25.81857245162481), (35394.45000000026, 26.69838435121308), (35394.50000000026, 29.019726306160905), (35394.550000000265, 30.89975545848888), (35394.60000000027, 31.16589509824454), (35394.65000000027, 32.27754292426713), (35394.70000000027, 29.204536505550905), (35394.75000000028, 27.511684617861693), (35394.80000000028, 23.124022472390095), (35394.85000000028, 24.377287753931256), (35394.900000000285, 22.13525206390279), (35394.95000000029, 21.285931883281485), (35395.00000000029, 21.00933217182544), (35395.050000000294, 18.63738835158747), (35395.1000000003, 17.599501217760906), (35395.1500000003, 15.1374651407296), (35395.2000000003, 17.111309818272368), (35395.250000000306, 18.50013824733428), (35395.30000000031, 14.028327074034774), (35395.35000000031, 12.384446725036993), (35395.400000000314, 10.352156919495453), (35395.45000000032, 8.166118674449859), (35395.50000000032, 9.231242384524103), (35395.55000000032, 13.793815491466415), (35395.600000000326, 13.153579983218227), (35395.65000000033, 11.147814653239926), (35395.70000000033, 10.130430950235782), (35395.750000000335, 8.584301937517147), (35395.80000000034, 7.573485038547576), (35395.85000000034, 7.988351096363255), (35395.90000000034, 7.657759567722269), (35395.950000000346, 7.435276140672469), (35396.00000000035, 8.705222445030213), (35396.05000000035, 9.387988986722927), (35396.100000000355, 9.31060477702211), (35396.15000000036, 9.706165816993218), (35396.20000000036, 10.143628946664522), (35396.250000000364, 9.839356575097952), (35396.30000000037, 11.297543578745882), (35396.35000000037, 13.370272615065293), (35396.40000000037, 14.05668372552399), (35396.450000000375, 14.391609557079196), (35396.50000000038, 14.138662742495965), (35396.55000000038, 15.945293002019248), (35396.600000000384, 18.128516547995204), (35396.65000000039, 17.462232435840196), (35396.70000000039, 18.7540372993761), (35396.75000000039, 21.110813948954608), (35396.800000000396, 21.44533668379839), (35396.8500000004, 20.729485790824754), (35396.9000000004, 16.51947506670115), (35396.950000000405, 18.175754770066245), (35397.00000000041, 19.693123850667302), (35397.05000000041, 19.84991453207848), (35397.10000000041, 20.12343495065079), (35397.150000000416, 19.175230628504778), (35397.20000000042, 19.670225519520894), (35397.25000000042, 22.506925271025114), (35397.300000000425, 20.189609859880715), (35397.35000000043, 23.61678485547018), (35397.40000000043, 23.403881820503315), (35397.450000000434, 25.355993433570283), (35397.50000000044, 25.93024413163229), (35397.55000000044, 31.044824159641124), (35397.60000000044, 31.26795051134464), (35397.650000000445, 29.547568847362182), (35397.70000000045, 30.999591561169257), (35397.75000000045, 30.291079923074), (35397.800000000454, 27.536068344072593), (35397.85000000046, 25.174733849596926), (35397.90000000046, 24.69509028174527), (35397.95000000046, 24.969330127854093), (35398.000000000466, 22.06311799684531), (35398.05000000047, 21.570739117750758), (35398.10000000047, 21.25528517914851), (35398.150000000474, 21.64607613985531), (35398.20000000048, 25.648701849132735), (35398.25000000048, 25.973737842031603), (35398.30000000048, 25.94037887337555), (35398.350000000486, 28.83297408858469), (35398.40000000049, 31.588994273902923), (35398.45000000049, 30.402885931785853), (35398.500000000495, 31.772711995453857), (35398.5500000005, 31.073850425436046), (35398.6000000005, 29.43536527916192), (35398.6500000005, 32.20581684177639), (35398.70000000051, 32.22434754256913), (35398.75000000051, 30.252381398540873), (35398.80000000051, 32.36247008735524), (35398.850000000515, 31.055768952094954), (35398.90000000052, 30.42638013896158), (35398.95000000052, 28.87680028052022), (35399.000000000524, 28.78052848288334), (35399.05000000053, 29.40814103653214), (35399.10000000053, 27.646385113783666), (35399.15000000053, 29.93096639704187), (35399.200000000536, 27.58989972320487), (35399.25000000054, 28.822580520221766), (35399.30000000054, 25.66585741982714), (35399.350000000544, 27.760579460537166), (35399.40000000055, 28.153646794893362), (35399.45000000055, 31.4315926983818), (35399.50000000055, 31.01337406439841), (35399.550000000556, 29.454784254555467), (35399.60000000056, 30.273622899671732), (35399.65000000056, 32.727239197064115), (35399.700000000565, 35.1669209020226), (35399.75000000057, 37.31294170947999), (35399.80000000057, 38.03458986666571), (35399.85000000057, 37.46586780737787), (35399.900000000576, 37.09549248388091), (35399.95000000058, 37.69051124694211), (35400.00000000058, 37.36657639264783), (35400.050000000585, 39.66465007461759), (35400.10000000059, 40.55772382468541), (35400.15000000059, 38.23084747600123), (35400.200000000594, 37.80734416859359), (35400.2500000006, 37.58067412253232), (35400.3000000006, 39.32450357736191), (35400.3500000006, 39.639627205762146), (35400.400000000605, 42.19445392499156), (35400.45000000061, 43.44914915267689), (35400.50000000061, 45.466970804448785), (35400.550000000614, 46.122107758145425), (35400.60000000062, 44.090759853425325), (35400.65000000062, 43.027756788960026), (35400.70000000062, 46.06466692986308), (35400.750000000626, 45.16694715309331), (35400.80000000063, 46.84275979315943), (35400.85000000063, 48.30803661557002), (35400.900000000634, 46.64777523737356), (35400.95000000064, 48.47772034599823), (35401.00000000064, 49.034552482487925), (35401.05000000064, 50.34071459670074)]"
158,BasicRequest_no_show,3,35780,35780,3562;-1;-1,275;-1;-1,,,,,431.781592,4250.345936,0:t_wait:932.3218218370166;t_drive:549.2913364679989;fare:1275,,0,0,4,36712.32182,37261.61316,1275,0,932.3218218,FALSE,,FALSE,[]
20,BasicRequest_no_show,1,37320,37320,3970;-1;-1,1815;-1;-1,,,,,334.0068975,3096.680338,0:00,,,,,,,,0,,FALSE,,FALSE,[]
782,BasicRequest_no_show,1,36370,36370,351;-1;-1,427;-1;-1,,,,,148.9377009,1404.817189,0:t_wait:810.2392545609837;t_drive:225.1932832129969;fare:140,,0,0,7,37180.23925,37405.43254,140,0,810.2392546,FALSE,36376.55,FALSE,[]
735,BasicRequest_no_show,1,36110,36110,746;-1;-1,1587;-1;-1,,,,,516.5322852,6110.517828,0:t_wait:839.9921731560389;t_drive:599.2559931260039;fare:611,,0,0,6,36949.99217,37625.38374,611,0,839.9921732,FALSE,36125.25,FALSE,[]
336,BasicRequest_no_show,1,37000,37000,746;-1;-1,1587;-1;-1,,,,,516.5322852,6110.517828,0:t_wait:32.715881116033415;t_drive:592.6678545260002;fare:611,,0,0,6,37032.71588,37625.38374,611,0,32.71588112,FALSE,37002.25,FALSE,[]
899,BasicRequest_no_show,2,37640,37640,2122;-1;-1,578;-1;-1,,,,,245.5208638,2273.12487,0:00,,,,,,,,0,,FALSE,,FALSE,[]
275,BasicRequest_no_show,1,36560,36560,1014;-1;-1,338;-1;-1,,,,,312.1756642,3146.53602,0:t_wait:733.1868991009469;t_drive:338.8916353579989;fare:314,,0,0,3,37293.1869,37646.7048,314,0,733.1868991,FALSE,36564.1,FALSE,[]
832,BasicRequest_no_show,1,36720,36720,1587;-1;-1,3119;-1;-1,,,,,676.2717477,8885.052945,0:t_wait:318.20451276999665;t_drive:720.0211594889988;fare:888,,0,0,0,37038.20451,37758.22567,888,0,318.2045128,FALSE,36722.7,FALSE,[]
273,BasicRequest_no_show,1,37780,37780,236;-1;-1,2030;-1;-1,,,,,446.7014531,4287.636053,0:t_wait:971.2687182160516;t_drive:450.28045493000536;fare:428,37780,0,,,,,428,0,1158.456599,TRUE,37784.2,FALSE,[]
526,BasicRequest_no_show,1,37780,37780,1281;-1;-1,3672;-1;-1,,,,,126.5664332,1277.5261,0:t_wait:1038.7993178230463;t_drive:179.74883046200557;fare:127,37810,0,,,,,127,0,1038.799318,TRUE,37815.35,FALSE,[]
742,BasicRequest_no_show,1,37850,37850,2627;-1;-1,3816;-1;-1,,,,,538.6666443,7382.866521,0:00,,,,,,,,0,,FALSE,,FALSE,[]
429,BasicRequest_no_show,1,37470,37470,1517;-1;-1,3805;-1;-1,,,,,210.836881,2221.334515,0:t_wait:125.16394373192452;t_drive:256.00435549300164;fare:222,,0,0,3,37595.16394,37851.1683,222,0,125.1639437,FALSE,37473.25,FALSE,[]
365,BasicRequest_no_show,1,36110,36110,2229;-1;-1,1587;-1;-1,,,,,844.9265486,11057.81071,0:t_wait:903.5885662490109;t_drive:885.1101545140045;fare:1105,,0,0,5,37013.58857,37898.69872,1105,0,903.5885662,FALSE,36125.35,FALSE,[]
807,BasicRequest_no_show,1,37130,37130,2380;-1;-1,1206;-1;-1,,,,,260.256773,2511.061837,0:t_wait:491.9363287439555;t_drive:320.84263961500255;fare:251,,0,0,7,37621.93633,37942.77897,251,0,491.9363287,FALSE,37134.25,FALSE,[]
192,BasicRequest_no_show,1,37790,37790,3802;-1;-1,3571;-1;-1,,,,,395.2612635,4238.245676,0:t_wait:980.3578451880239;t_drive:465.1833998380025;fare:423,37970,0,,,,,423,0,980.3578452,TRUE,,FALSE,[]
123,BasicRequest_no_show,1,35870,35870,2877;-1;-1,1154;-1;-1,,,,,1035.063299,12775.24439,0:t_wait:733.0413355890341;t_drive:1095.6491652569966;fare:1277,,0,0,5,36603.04134,37985.44383,1277,0,733.0413356,FALSE,35874.8,FALSE,[]
366,BasicRequest_no_show,1,37330,37330,2181;-1;-1,3568;-1;-1,,,,,366.813607,3180.626714,0:t_wait:292.6720509040024;t_drive:544.2235706540014;fare:318,,0,0,8,37622.67205,38166.89562,318,0,292.6720509,FALSE,37333.35,FALSE,[]
257,BasicRequest_no_show,1,37460,37460,1587;-1;-1,746;-1;-1,,,,,515.379622,6160.886248,0:t_wait:165.3837356420263;t_drive:546.0705342989968;fare:616,,0,0,6,37625.38374,38171.45427,616,0,165.3837356,FALSE,37464.4,FALSE,[]
23,BasicRequest_no_show,1,38220,38220,2513;-1;-1,2834;-1;-1,,,,,900.0562984,9904.365089,0:00,,,,,,,,0,,FALSE,,FALSE,[]
772,BasicRequest_no_show,1,38250,38250,3661;-1;-1,793;-1;-1,,,,,836.4209823,8890.650737,0:00,,,,,,,,0,,FALSE,,FALSE,[]
556,BasicRequest_no_show,1,38290,38290,439;-1;-1,2301;-1;-1,,,,,392.5855866,3780.557425,0:00,,,,,,,,0,,FALSE,,FALSE,[]
349,BasicRequest_no_show,1,38340,38340,1517;-1;-1,3805;-1;-1,,,,,210.836881,2221.334515,0:t_wait:984.9262870570237;t_drive:314.56214641599945;fare:222,38350,0,,,,,222,0,984.9262871,TRUE,38350.6,FALSE,[]
187,BasicRequest_no_show,1,37590,37590,2301;-1;-1,439;-1;-1,,,,,389.4320428,3780.557425,0:t_wait:518.8168729849131;t_drive:390.4856145160011;fare:378,,0,0,3,38108.81687,38499.30249,378,0,518.816873,FALSE,37593.7,FALSE,[]
390,BasicRequest_no_show,1,37650,37650,744;-1;-1,3477;-1;-1,,,,,281.1941479,2759.654555,0:t_wait:603.9956382610326;t_drive:301.00173974399513;fare:275,,0,0,6,38253.99564,38554.99738,275,0,603.9956383,FALSE,37652.35,FALSE,[]
411,BasicRequest_no_show,1,38590,38590,275;-1;-1,3562;-1;-1,,,,,430.4982808,4312.477994,0:00,,,,,,,,0,,FALSE,,FALSE,[]
230,BasicRequest_no_show,1,37620,37620,1815;-1;-1,3970;-1;-1,,,,,331.3530017,3096.680338,0:t_wait:632.4783224839848;t_drive:387.08432497600006;fare:309,,0,0,4,38252.47832,38639.56265,309,0,632.4783225,FALSE,37623.35,FALSE,[]
453,BasicRequest_no_show,3,37590,37590,3119;-1;-1,1587;-1;-1,,,,,677.7556841,8834.684525,0:t_wait:168.22567225901003;t_drive:920.8537774760043;fare:2650,,0,0,0,37758.22567,38679.07945,2650,0,168.2256723,FALSE,37592.2,FALSE,[]
638,BasicRequest_no_show,1,38760,38760,1305;-1;-1,3196;-1;-1,,,,,230.1960361,2161.198382,0:00,,,,,,,,0,,FALSE,,FALSE,[]
860,BasicRequest_no_show,1,37400,37400,3661;-1;-1,793;-1;-1,,,,,836.4209823,8890.650737,0:t_wait:477.09105206099775;t_drive:850.2740491529985;fare:889,,0,0,4,37877.09105,38923.58631,889,0,477.0910521,FALSE,37404.65,FALSE,[]
160,BasicRequest_no_show,1,38160,38160,3441;-1;-1,2170;-1;-1,,,,,167.6433671,1447.743099,0:t_wait:599.9125807900418;t_drive:174.46070765199693;fare:144,,0,0,6,38759.91258,38934.37329,144,0,599.9125808,FALSE,38162.65,FALSE,[]
308,BasicRequest_no_show,1,38210,38210,1587;-1;-1,3689;-1;-1,,,,,641.0906557,7098.800091,0:t_wait:72.3426319700011;t_drive:707.3848438889981;fare:709,,0,0,5,38282.34263,38989.72748,709,0,72.34263197,FALSE,38212,FALSE,[]
161,BasicRequest_no_show,1,38990,38990,1013;-1;-1,3427;-1;-1,,,,,300.4305752,2996.811111,0:00,,,,,,,,0,,FALSE,,FALSE,[]
830,BasicRequest_no_show,1,37760,37760,2380;-1;-1,1206;-1;-1,,,,,260.256773,2511.061837,0:t_wait:951.394876862927;t_drive:312.6683830750044;fare:251,,0,0,3,38711.39488,39024.06326,251,0,951.3948769,FALSE,,FALSE,[]
241,BasicRequest_no_show,2,38160,38160,3802;-1;-1,3571;-1;-1,,,,,395.2612635,4238.245676,0:t_wait:327.09439906800253;t_drive:538.3475508839983;fare:847,,0,0,8,38487.0944,39025.44195,847,0,327.0943991,FALSE,38163.1,FALSE,[]
739,BasicRequest_no_show,1,39040,39040,3805;-1;-1,1517;-1;-1,,,,,210.836881,2221.334515,0:00,,,,,,,,0,,FALSE,,FALSE,[]
304,BasicRequest_no_show,2,39040,39040,2313;-1;-1,482;-1;-1,,,,,710.198509,8903.418661,0:t_wait:989.4509549608993;t_drive:734.4876538280005;fare:1780,39220,0,,,,,1780,0,989.450955,TRUE,,FALSE,[]
482,BasicRequest_no_show,1,39230,39230,3474;-1;-1,744;-1;-1,,,,,266.0737664,2591.250283,0:00,,,,,,,,0,,FALSE,,FALSE,[]
488,BasicRequest_no_show,1,38190,38190,2122;-1;-1,748;-1;-1,,,,,197.8358256,1893.008388,0:t_wait:817.4871992419212;t_drive:250.24743561800278;fare:189,,0,0,7,39007.4872,39257.73463,189,0,817.4871992,FALSE,38195.35,FALSE,[]
152,BasicRequest_no_show,1,39320,39320,1936;-1;-1,2311;-1;-1,,,,,325.5559498,3174.570635,0:t_wait:1083.3312991960556;t_drive:329.8123179480026;fare:317,39320,0,,,,,317,0,1083.331299,TRUE,39327.15,FALSE,[]
21,BasicRequest_no_show,1,37500,37500,1271;-1;-1,137;-1;-1,,,,,631.5385662,7230.425235,0:t_wait:945.2489328599477;t_drive:701.460702559998;fare:723,,0,0,7,38445.24893,39343.64748,723,0,945.2489329,FALSE,,FALSE,[]
557,BasicRequest_no_show,2,39540,39540,2404;-1;-1,359;-1;-1,,,,,116.6925591,971.4948187,0:00,,,,,,,,0,,FALSE,,FALSE,[]
677,BasicRequest_no_show,1,38100,38100,1305;-1;-1,3196;-1;-1,,,,,230.1960361,2161.198382,0:t_wait:785.6931886450475;t_drive:312.8276845340006;fare:216,,0,0,6,39220.23367,39576.54949,216,0,785.6931886,FALSE,38103.85,FALSE,[]
22,BasicRequest_no_show,1,37740,37740,3561;-1;-1,1587;-1;-1,,,,,692.763841,7847.046492,0:t_wait:497.28951002799295;t_drive:749.7320411789988;fare:784,,0,0,8,38814.20899,39598.75432,784,0,497.28951,FALSE,37743.5,FALSE,[]
132,BasicRequest_no_show,1,38540,38540,2445;-1;-1,3970;-1;-1,,,,,260.8157611,2342.188479,0:t_wait:838.5486370319777;t_drive:275.78076043899637;fare:234,,0,0,4,39378.54864,39654.3294,234,0,838.548637,FALSE,38551.55,FALSE,[]
595,BasicRequest_no_show,1,38140,38140,3417;-1;-1,3350;-1;-1,,,,,329.9203378,3491.827004,0:t_wait:780.5792576910026;t_drive:370.2936413169955;fare:349,,0,0,5,39247.92868,39716.25745,349,0,780.5792577,FALSE,38145.95,FALSE,[]
283,BasicRequest_no_show,3,39750,39750,1587;-1;-1,1965;-1;-1,,,,,668.6322861,7534.818681,0:00,,,,,,,,0,,FALSE,,FALSE,[]
674,BasicRequest_no_show,1,39750,39750,1587;-1;-1,1767;-1;-1,,,,,825.8762268,10317.69976,0:00,,,,,,,,0,,FALSE,,FALSE,[]
786,BasicRequest_no_show,1,38200,38200,1965;-1;-1,1587;-1;-1,,,,,671.3820269,7484.450262,0:t_wait:897.1841469179344;t_drive:672.4355986200026;fare:748,,0,0,3,39097.18415,39769.61975,748,0,897.1841469,FALSE,38222.8,FALSE,[]
696,BasicRequest_no_show,1,38560,38560,2834;-1;-1,2513;-1;-1,,,,,880.4149453,13373.12595,0:t_wait:152.69199686101638;t_drive:956.6705276459979;fare:1337,,0,0,0,38712.692,39786.60336,1337,0,152.6919969,FALSE,38562.05,FALSE,[]
545,BasicRequest_no_show,1,39190,39190,3477;-1;-1,744;-1;-1,,,,,281.8482422,2759.654555,0:t_wait:290.64031386902207;t_drive:402.34549489799974;fare:275,,0,0,5,39480.64031,39882.98581,275,0,290.6403139,FALSE,39191.95,FALSE,[]
24,BasicRequest_no_show,1,39060,39060,1734;-1;-1,4068;-1;-1,,,,,374.7813883,4283.820089,0:t_wait:288.9508234260429;t_drive:550.3104987550032;fare:428,,0,0,6,39348.95082,39899.26132,428,0,288.9508234,FALSE,39065.1,FALSE,[]
255,BasicRequest_no_show,1,38750,38750,571;-1;-1,3474;-1;-1,,,,,380.4802382,4980.263801,0:t_wait:879.8885876680215;t_drive:454.6838040080038;fare:498,,0,0,0,39629.88859,40084.57239,498,0,879.8885877,FALSE,38774,FALSE,[]
267,BasicRequest_no_show,1,40270,40270,2513;-1;-1,2130;-1;-1,,,,,964.9916168,9805.428662,0:t_wait:650.939380496995;t_drive:1110.0986731589946;fare:980,40270,0,,,,,980,0,1134.040995,TRUE,40274.6,FALSE,[]
179,BasicRequest_no_show,1,39260,39260,1587;-1;-1,3873;-1;-1,,,,,611.7389536,9724.915668,0:t_wait:338.7543227510032;t_drive:715.4642189949955;fare:972,,0,0,8,39598.75432,40314.21854,972,0,338.7543228,FALSE,39262,FALSE,[]
902,BasicRequest_no_show,2,39280,39280,1587;-1;-1,746;-1;-1,,,,,515.379622,6160.886248,0:t_wait:489.6197455379079;t_drive:545.3796220489967;fare:1232,,0,0,3,39769.61975,40435.22477,1232,0,489.6197455,FALSE,39283.65,FALSE,[]
781,BasicRequest_no_show,1,39120,39120,256;-1;-1,553;-1;-1,,,,,305.5270378,2918.226402,0:t_wait:886.9870733270436;t_drive:450.63409415899514;fare:291,,0,0,6,40006.98707,40457.62117,291,0,886.9870733,FALSE,39170.6,FALSE,[]
479,BasicRequest_no_show,1,39160,39160,427;-1;-1,2131;-1;-1,,,,,349.0735682,3097.970674,0:t_wait:737.0239709220259;t_drive:350.64876794200245;fare:309,,0,0,5,40180.56285,40531.21161,309,0,737.0239709,FALSE,39165.9,FALSE,[]
400,BasicRequest_no_show,1,39290,39290,1786;-1;-1,3475;-1;-1,,,,,339.7959166,3312.926919,0:t_wait:869.5476821769989;t_drive:462.6145331279986;fare:331,,0,0,4,40159.54768,40622.16222,331,0,869.5476822,FALSE,39304.45,FALSE,[]
359,BasicRequest_no_show,1,40660,40660,2404;-1;-1,359;-1;-1,,,,,116.6925591,971.4948187,0:00,,,,,,,,0,,FALSE,,FALSE,[]
197,BasicRequest_no_show,1,39470,39470,1815;-1;-1,3970;-1;-1,,,,,331.3530017,3096.680338,0:t_wait:771.9155617040451;t_drive:496.48034432599525;fare:309,,0,0,0,40241.91556,40738.39591,309,0,771.9155617,FALSE,39473.5,FALSE,[]
128,BasicRequest_no_show,2,40080,40080,1815;-1;-1,3970;-1;-1,,,,,331.3530017,3096.680338,0:t_wait:161.91556170403783;t_drive:496.48034432599525;fare:619,,0,0,0,40241.91556,40738.39591,619,0,161.9155617,FALSE,40085.3,FALSE,[]
750,BasicRequest_no_show,1,39280,39280,793;-1;-1,3661;-1;-1,,,,,837.3066543,8890.650737,0:t_wait:508.5654544088975;t_drive:844.9670128079961;fare:889,,0,0,7,39788.56545,40739.83501,889,0,508.5654544,FALSE,39283.2,FALSE,[]
817,BasicRequest_no_show,1,39280,39280,1716;-1;-1,1901;-1;-1,,,,,522.4628096,5514.106674,0:t_wait:883.883525490899;t_drive:625.0750876509992;fare:551,,0,0,7,40163.88353,40788.95861,551,0,883.8835255,FALSE,39289.2,FALSE,[]
783,BasicRequest_no_show,1,41020,41020,2860;-1;-1,3349;-1;-1,,,,,399.9892413,3879.255723,0:t_wait:1076.6488332130393;t_drive:420.83912588299427;fare:387,41020,0,,,,,387,0,1076.648833,TRUE,41028,FALSE,[]
345,BasicRequest_no_show,1,39610,39610,137;-1;-1,1271;-1;-1,,,,,634.8519916,7230.425235,0:t_wait:681.986435198909;t_drive:749.0707111890006;fare:723,,0,0,3,40291.98644,41041.05715,723,0,681.9864352,FALSE,39612.6,FALSE,[]
598,BasicRequest_no_show,1,40270,40270,359;-1;-1,2404;-1;-1,,,,,118.3409818,971.4948187,0:t_wait:644.317057663;t_drive:149.03189404500154;fare:100,,0,0,4,40914.31706,41063.34895,100,0,644.3170577,FALSE,40273.7,FALSE,[]
826,BasicRequest_no_show,1,41190,41190,3816;-1;-1,2627;-1;-1,,,,,539.8884487,7382.866521,0:00,,,,,,,,0,,FALSE,,FALSE,[]
211,BasicRequest_no_show,1,41220,41220,2208;-1;-1,2404;-1;-1,,,,,123.3507738,1020.494823,0:00,,,,,,,,0,,FALSE,,FALSE,[]
231,BasicRequest_no_show,1,41130,41130,1013;-1;-1,3427;-1;-1,,,,,300.4305752,2996.811111,0:t_wait:1028.194373165068;t_drive:423.2491916979998;fare:299,41250,0,,,,,299,0,1028.194373,TRUE,41255.3,FALSE,[]
455,BasicRequest_no_show,2,40250,40250,1013;-1;-1,3427;-1;-1,,,,,300.4305752,2996.811111,0:t_wait:676.5036316750266;t_drive:354.12724822799646;fare:599,,0,0,5,40926.50363,41302.12837,599,0,676.5036317,FALSE,40253,FALSE,[]
397,BasicRequest_no_show,1,41350,41350,1154;-1;-1,2877;-1;-1,,,,,1022.780226,12666.39161,0:00,,,,,,,,0,,FALSE,,FALSE,[]
811,BasicRequest_no_show,1,40150,40150,230;-1;-1,3347;-1;-1,,,,,153.1574557,1534.616439,0:t_wait:531.8252335230281;t_drive:158.0018954900006;fare:153,,0,0,8,41250.55848,41408.56037,153,0,531.8252335,FALSE,40154.5,FALSE,[]
611,BasicRequest_no_show,1,40020,40020,129;-1;-1,2734;-1;-1,,,,,536.5047611,8025.811803,0:t_wait:765.3198406020529;t_drive:557.3546457179982;fare:802,,0,0,6,40785.31984,41432.61583,802,0,765.3198406,FALSE,40027.3,FALSE,[]
746,BasicRequest_no_show,1,41450,41450,3613;-1;-1,3771;-1;-1,,,,,524.5443747,7853.509052,0:t_wait:1065.9955007869212;t_drive:576.9559846990014;fare:785,41450,0,,,,,785,0,1065.995501,TRUE,41456.35,FALSE,[]
652,BasicRequest_no_show,2,41510,41510,2356;-1;-1,749;-1;-1,,,,,179.1855209,1719.785248,0:00,,,,,,,,0,,FALSE,,FALSE,[]
575,BasicRequest_no_show,1,40230,40230,571;-1;-1,425;-1;-1,,,,,379.327685,3990.134266,0:t_wait:760.4186309649231;t_drive:525.402902845999;fare:399,,0,0,7,40990.41863,41515.82153,399,0,760.418631,FALSE,40236.25,FALSE,[]
26,BasicRequest_no_show,1,41580,41580,3350;-1;-1,3417;-1;-1,,,,,329.9203378,3491.827004,0:t_wait:1164.5992560780433;t_drive:495.04768036699534;fare:349,41580,0,,,,,349,0,1164.599256,TRUE,41584,FALSE,[]
253,BasicRequest_no_show,1,40510,40510,2627;-1;-1,3816;-1;-1,,,,,538.6666443,7382.866521,0:t_wait:491.9461120690539;t_drive:599.990064717007;fare:738,,0,0,6,41001.94611,41601.93618,738,0,491.9461121,FALSE,40513.05,FALSE,[]
867,BasicRequest_no_show,1,40680,40680,2122;-1;-1,748;-1;-1,,,,,197.8358256,1893.008388,0:t_wait:746.4658491510272;t_drive:218.68571019799856;fare:189,,0,0,5,41426.46585,41645.15156,189,0,746.4658492,FALSE,40682.35,FALSE,[]
661,BasicRequest_no_show,1,41660,41660,3568;-1;-1,2181;-1;-1,,,,,363.3169085,3191.393722,0:t_wait:1063.9439503590474;t_drive:509.3921263089942;fare:319,41660,0,,,,,319,0,1063.94395,TRUE,41666.7,FALSE,[]
565,BasicRequest_no_show,1,40600,40600,3683;-1;-1,1736;-1;-1,,,,,440.6483471,6670.371201,0:t_wait:510.21537292502035;t_drive:499.30801944799896;fare:667,,0,0,5,41110.21537,41713.50698,667,0,510.2153729,FALSE,40604.2,FALSE,[]
218,BasicRequest_no_show,1,41740,41740,1734;-1;-1,4068;-1;-1,,,,,374.7813883,4283.820089,0:t_wait:1011.4825069490835;t_drive:389.746387621999;fare:428,41750,0,,,,,428,0,1011.482507,TRUE,41758.2,FALSE,[]
588,BasicRequest_no_show,1,40460,40460,1736;-1;-1,2238;-1;-1,,,,,488.8636989,4844.844656,0:t_wait:608.7418992430466;t_drive:718.5852085930019;fare:484,,0,0,0,41068.7419,41787.32711,484,0,608.7418992,FALSE,40462.3,FALSE,[]
27,BasicRequest_no_show,3,41820,41820,3474;-1;-1,744;-1;-1,,,,,266.0737664,2591.250283,0:00,,,,,,,,0,,FALSE,,FALSE,[]
881,BasicRequest_no_show,3,40510,40510,3661;-1;-1,793;-1;-1,,,,,836.4209823,8890.650737,0:t_wait:180.44836564002617;t_drive:1180.0881099880062;fare:2667,,0,0,8,40690.44837,41870.53648,2667,0,180.4483656,FALSE,40513.25,FALSE,[]
699,BasicRequest_no_show,1,41940,41940,359;-1;-1,2404;-1;-1,,,,,118.3409818,971.4948187,0:00,,,,,,,,0,,FALSE,,FALSE,[]
875,BasicRequest_no_show,1,41940,41940,3474;-1;-1,1135;-1;-1,,,,,186.0877485,1772.356401,0:t_wait:1171.244700683921;t_drive:256.00988484200207;fare:177,41940,0,,,,,177,0,1171.244701,TRUE,41944.35,FALSE,[]
831,BasicRequest_no_show,1,40820,40820,3474;-1;-1,744;-1;-1,,,,,266.0737664,2591.250283,0:t_wait:740.1931772709358;t_drive:412.14898416199867;fare:259,,0,0,7,41560.19318,41972.34216,259,0,740.1931773,FALSE,40823.65,FALSE,[]
181,BasicRequest_no_show,1,42070,42070,2356;-1;-1,3352;-1;-1,,,,,154.771827,1482.965078,0:t_wait:36.657619622012135;t_drive:182.53872670500277;fare:148,,0,0,5,42106.65762,42289.19635,148,0,36.65761962,FALSE,42073.4,FALSE,[]
872,BasicRequest_no_show,1,40780,40780,3350;-1;-1,292;-1;-1,,,,,610.3579159,7045.954765,0:t_wait:752.8161999709773;t_drive:839.8709659279994;fare:704,,0,0,4,41532.8162,42372.68717,704,0,752.8162,FALSE,40783.15,FALSE,[]
775,BasicRequest_no_show,1,41280,41280,3665;-1;-1,1014;-1;-1,,,,,331.4231498,3372.078934,0:t_wait:740.1201268400691;t_drive:361.9389425680056;fare:337,,0,0,6,42020.12013,42450.14559,337,0,740.1201268,FALSE,41283.25,FALSE,[]
117,BasicRequest_no_show,1,41280,41280,173;-1;-1,240;-1;-1,,,,,320.8843571,3206.508266,0:t_wait:815.3827920660406;t_drive:372.84862113400595;fare:320,,0,0,8,42095.38279,42468.23141,320,0,815.3827921,FALSE,41289.75,FALSE,[]
607,BasicRequest_no_show,1,42540,42540,2208;-1;-1,2404;-1;-1,,,,,123.3507738,1020.494823,0:00,,,,,,,,0,,FALSE,,FALSE,[]
450,BasicRequest_no_show,1,41490,41490,1736;-1;-1,2442;-1;-1,,,,,478.5218254,4453.115185,0:t_wait:581.2662733309189;t_drive:518.7054312780019;fare:445,,0,0,7,42071.26627,42589.9717,445,0,581.2662733,FALSE,41493.35,FALSE,[]
404,BasicRequest_no_show,1,41320,41320,3474;-1;-1,571;-1;-1,,,,,380.3989882,4980.263801,0:t_wait:764.4261738800778;t_drive:508.19826913599536;fare:498,,0,0,6,42084.42617,42592.62444,498,0,764.4261739,FALSE,41322.5,FALSE,[]
669,BasicRequest_no_show,1,41440,41440,1282;-1;-1,867;-1;-1,,,,,312.8312011,4096.124161,0:t_wait:899.4993503080477;t_drive:323.0286245499956;fare:409,,0,0,0,42339.49935,42662.52797,409,0,899.4993503,FALSE,41483.15,FALSE,[]
836,BasicRequest_no_show,2,41250,41250,1810;-1;-1,1587;-1;-1,,,,,540.0455447,6254.986892,0:t_wait:724.8192017680121;t_drive:613.4855540950011;fare:1250,,0,0,5,41974.8192,42761.22195,1250,0,724.8192018,FALSE,41255.25,FALSE,[]
25,BasicRequest_no_show,1,41100,41100,1767;-1;-1,1587;-1;-1,,,,,830.9193019,10268.99474,0:t_wait:777.024290608002;t_drive:1008.329265584005;fare:1026,,0,0,3,41877.02429,42885.35356,1026,0,777.0242906,FALSE,41104.3,FALSE,[]
396,BasicRequest_no_show,1,42890,42890,3665;-1;-1,1014;-1;-1,,,,,331.4231498,3372.078934,0:00,,,,,,,,0,,FALSE,,FALSE,[]
737,BasicRequest_no_show,1,41990,41990,1517;-1;-1,3805;-1;-1,,,,,210.836881,2221.334515,0:t_wait:693.9345564180694;t_drive:212.4120807540021;fare:222,,0,0,8,42683.93456,42964.69357,222,0,693.9345564,FALSE,41993.35,FALSE,[]
106,BasicRequest_no_show,1,42220,42220,1517;-1;-1,3805;-1;-1,,,,,210.836881,2221.334515,0:t_wait:463.9345564180694;t_drive:280.759017356002;fare:222,,0,0,8,42683.93456,42964.69357,222,0,463.9345564,FALSE,42222.05,FALSE,[]
767,BasicRequest_no_show,1,41940,41940,1013;-1;-1,3427;-1;-1,,,,,300.4305752,2996.811111,0:t_wait:725.5440843989272;t_drive:340.80387874799635;fare:299,,0,0,7,42665.54408,43006.34796,299,0,725.5440844,FALSE,41942.3,FALSE,[]
596,BasicRequest_no_show,1,41570,41570,292;-1;-1,3350;-1;-1,,,,,630.0988381,7253.881463,0:t_wait:802.6871658989767;t_drive:660.0988380600029;fare:725,,0,0,4,42372.68717,43131.34401,725,0,802.6871659,FALSE,41579.1,FALSE,[]
865,BasicRequest_no_show,1,42030,42030,427;-1;-1,2181;-1;-1,,,,,349.6509893,3154.076753,0:t_wait:759.583180040041;t_drive:494.7580456959986;fare:315,,0,0,0,42789.58318,43284.34123,315,0,759.58318,FALSE,42035.4,FALSE,[]
178,BasicRequest_no_show,1,43340,43340,735;-1;-1,3971;-1;-1,,,,,166.8607872,1544.809878,0:00,,,,,,,,0,,FALSE,,FALSE,[]
398,BasicRequest_no_show,1,43370,43370,3873;-1;-1,1587;-1;-1,,,,,628.6233829,9645.036117,0:00,,,,,,,,0,,FALSE,,FALSE,[]
466,BasicRequest_no_show,1,43460,43460,3474;-1;-1,744;-1;-1,,,,,266.0737664,2591.250283,0:00,,,,,,,,0,,FALSE,,FALSE,[]
28,BasicRequest_no_show,1,42240,42240,3572;-1;-1,3803;-1;-1,,,,,379.5285656,4118.424971,0:t_wait:755.1107065849574;t_drive:483.4284366560023;fare:411,,0,0,4,42995.11071,43478.53914,411,0,755.1107066,FALSE,42248.45,FALSE,[]
250,BasicRequest_no_show,1,42950,42950,351;-1;-1,427;-1;-1,,,,,148.9377009,1404.817189,0:t_wait:418.2694609280734;t_drive:231.56934937299957;fare:140,,0,0,8,43368.26946,43599.83881,140,0,418.2694609,FALSE,42953.35,FALSE,[]
813,BasicRequest_no_show,2,43640,43640,2122;-1;-1,1037;-1;-1,,,,,413.6207081,3624.614975,0:00,,,,,,,,0,,FALSE,,FALSE,[]
270,BasicRequest_no_show,1,43280,43280,1793;-1;-1,281;-1;-1,,,,,11.37081031,90.1486896,0:t_wait:341.16840875093476;t_drive:32.15234297000279;fare:100,,0,0,4,43621.16841,43653.32075,100,0,341.1684088,FALSE,43283.25,FALSE,[]
454,BasicRequest_no_show,1,42540,42540,744;-1;-1,3474;-1;-1,,,,,265.4196721,2591.250283,0:t_wait:829.2420634049049;t_drive:280.94904630100064;fare:259,,0,0,7,43369.24206,43651.96535,259,0,829.2420634,FALSE,42547,FALSE,[]
118,BasicRequest_no_show,1,43010,43010,744;-1;-1,3474;-1;-1,,,,,265.4196721,2591.250283,0:t_wait:359.2420634049049;t_drive:282.7232819810015;fare:259,,0,0,7,43369.24206,43651.96535,259,0,359.2420634,FALSE,43013.85,FALSE,[]
603,BasicRequest_no_show,1,43090,43090,281;-1;-1,1793;-1;-1,,,,,9.546252877,90.1486896,0:t_wait:521.6221558739271;t_drive:40.0620456070028;fare:100,,0,0,4,43653.32075,43693.3828,100,0,521.6221559,FALSE,43092.9,FALSE,[]
761,BasicRequest_no_show,1,42520,42520,2131;-1;-1,427;-1;-1,,,,,354.7815873,3087.562543,0:t_wait:803.3225778290289;t_drive:402.8126990840028;fare:308,,0,0,0,43323.32258,43726.13528,308,0,803.3225778,FALSE,42523.95,FALSE,[]
580,BasicRequest_no_show,2,42080,42080,3661;-1;-1,793;-1;-1,,,,,836.4209823,8890.650737,0:t_wait:699.1467103630712;t_drive:909.8609916830028;fare:1778,,0,0,6,42779.14671,43796.37517,1778,0,699.1467104,FALSE,42082.95,FALSE,[]
388,BasicRequest_no_show,2,43680,43680,748;-1;-1,2122;-1;-1,,,,,198.8823265,1893.008388,0:t_wait:64.57114925901988;t_drive:298.176748787002;fare:378,,0,0,5,43744.57115,44042.7479,378,0,64.57114926,FALSE,43683.4,FALSE,[]
95,BasicRequest_no_show,1,43130,43130,3427;-1;-1,1013;-1;-1,,,,,298.0756768,2996.811111,0:t_wait:743.9777802630197;t_drive:325.84257649900246;fare:299,,0,0,0,43873.97778,44199.82036,299,0,743.9777803,FALSE,43132.75,FALSE,[]
650,BasicRequest_no_show,1,42880,42880,2122;-1;-1,1037;-1;-1,,,,,413.6207081,3624.614975,0:t_wait:848.3605201359096;t_drive:479.9148963569969;fare:362,,0,0,7,43730.13476,44302.1806,362,0,848.3605201,FALSE,42893.65,FALSE,[]
369,BasicRequest_no_show,2,43240,43240,3572;-1;-1,3803;-1;-1,,,,,379.5285656,4118.424971,0:t_wait:552.5047920659999;t_drive:433.22523862899834;fare:823,,0,0,5,43847.2986,44358.17532,823,0,552.5047921,FALSE,43244.35,FALSE,[]
715,BasicRequest_no_show,3,43330,43330,4068;-1;-1,1489;-1;-1,,,,,715.5149932,7281.548453,0:t_wait:65.70936373906443;t_drive:963.1484423150032;fare:2184,,0,0,6,43395.70936,44358.85781,2184,0,65.70936374,FALSE,43332.35,FALSE,[]
614,BasicRequest_no_show,1,43870,43870,427;-1;-1,2181;-1;-1,,,,,349.6509893,3154.076753,0:t_wait:89.79744749389647;t_drive:434.2783585050056;fare:315,,0,0,7,43959.79745,44394.07581,315,0,89.79744749,FALSE,43873.25,FALSE,[]
29,BasicRequest_no_show,2,43200,43200,2030;-1;-1,236;-1;-1,,,,,437.427021,4282.066997,0:t_wait:761.2325646340032;t_drive:491.12369406499784;fare:856,,0,0,3,43961.23256,44452.35626,856,0,761.2325646,FALSE,43212,FALSE,[]
911,BasicRequest_no_show,1,44460,44460,2380;-1;-1,1206;-1;-1,,,,,260.256773,2511.061837,0:00,,,,,,,,0,,FALSE,,FALSE,[]
937,BasicRequest_no_show,1,43490,43490,571;-1;-1,3474;-1;-1,,,,,380.4802382,4980.263801,0:t_wait:593.8373245979383;t_drive:385.5727697789989;fare:498,,0,0,4,44083.83732,44469.41009,498,0,593.8373246,FALSE,43492.9,FALSE,[]
331,BasicRequest_no_show,1,43450,43450,1587;-1;-1,3561;-1;-1,,,,,691.2799047,7897.414912,0:t_wait:167.45594490700023;t_drive:921.0014143619992;fare:789,,0,0,1,43617.45594,44538.45736,789,0,167.4559449,FALSE,43452.35,FALSE,[]
757,BasicRequest_no_show,3,44590,44590,359;-1;-1,2404;-1;-1,,,,,118.3409818,971.4948187,0:00,,,,,,,,0,,FALSE,,FALSE,[]
395,BasicRequest_no_show,1,42800,42800,3561;-1;-1,1587;-1;-1,,,,,692.763841,7847.046492,0:t_wait:483.0478487600776;t_drive:1000.3455033189966;fare:784,,0,0,8,43692.41828,44692.76378,784,0,483.0478488,FALSE,42803.95,FALSE,[]
131,BasicRequest_no_show,1,43950,43950,2122;-1;-1,748;-1;-1,,,,,197.8358256,1893.008388,0:t_wait:597.5795048069413;t_drive:202.64485271299782;fare:189,,0,0,4,44547.5795,44750.22436,189,0,597.5795048,FALSE,43952.3,FALSE,[]
732,BasicRequest_no_show,2,44410,44410,1013;-1;-1,3427;-1;-1,,,,,300.4305752,2996.811111,0:t_wait:0;t_drive:324.7197199980001;fare:599,,0,0,0,44410,44767.51167,599,0,0,FALSE,44413.2,FALSE,[]
358,BasicRequest_no_show,1,44400,44400,1936;-1;-1,2311;-1;-1,,,,,325.5559498,3174.570635,0:t_wait:67.55097285500233;t_drive:329.1349516630071;fare:317,,0,0,5,44467.55097,44796.68592,317,0,67.55097286,FALSE,44404.6,FALSE,[]
552,BasicRequest_no_show,1,44800,44800,1305;-1;-1,3196;-1;-1,,,,,230.1960361,2161.198382,0:00,,,,,,,,0,,FALSE,,FALSE,[]
925,BasicRequest_no_show,1,44640,44640,1282;-1;-1,867;-1;-1,,,,,312.8312011,4096.124161,0:t_wait:967.0376967080083;t_drive:383.5216493599946;fare:409,44820,0,,,,,409,0,967.0376967,TRUE,,FALSE,[]
303,BasicRequest_no_show,1,44460,44460,3421;-1;-1,1235;-1;-1,,,,,414.295725,3967.938804,0:t_wait:79.30487942605396;t_drive:429.2607243359962;fare:396,,0,0,3,44539.30488,44968.5656,396,0,79.30487943,FALSE,44462.5,FALSE,[]
741,BasicRequest_no_show,1,44590,44590,1517;-1;-1,3805;-1;-1,,,,,210.836881,2221.334515,0:t_wait:127.63242147500569;t_drive:273.8969928429942;fare:222,,0,0,0,44717.63242,44991.52941,222,0,127.6324215,FALSE,44593.4,FALSE,[]
818,BasicRequest_no_show,1,44540,44540,427;-1;-1,2181;-1;-1,,,,,349.6509893,3154.076753,0:t_wait:91.0368288390091;t_drive:369.45858111599955;fare:315,,0,0,1,44631.03683,45000.49541,315,0,91.03682884,FALSE,44543,FALSE,[]
367,BasicRequest_no_show,3,45030,45030,1013;-1;-1,3427;-1;-1,,,,,300.4305752,2996.811111,0:00,,,,,,,,0,,FALSE,,FALSE,[]
460,BasicRequest_no_show,1,43720,43720,314;-1;-1,2122;-1;-1,,,,,581.0640778,5060.966157,0:t_wait:730.8815425879002;t_drive:588.9451515280016;fare:506,,0,0,7,44615.19919,45204.14434,506,0,730.8815426,FALSE,43723.1,FALSE,[]
567,BasicRequest_no_show,1,45230,45230,3441;-1;-1,2170;-1;-1,,,,,167.6433671,1447.743099,0:00,,,,,,,,0,,FALSE,,FALSE,[]
751,BasicRequest_no_show,1,45260,45260,2513;-1;-1,2834;-1;-1,,,,,900.0562984,9904.365089,0:t_wait:1130.772952814994;t_drive:904.3126664750016;fare:990,45260,0,,,,,990,0,1130.772953,TRUE,45266.15,FALSE,[]
922,BasicRequest_no_show,1,45120,45120,3805;-1;-1,1517;-1;-1,,,,,210.836881,2221.334515,0:t_wait:26.951043462002417;t_drive:230.79655716600246;fare:222,,0,0,5,45146.95104,45377.7476,222,0,26.95104346,FALSE,45121.85,FALSE,[]
628,BasicRequest_no_show,1,44600,44600,173;-1;-1,240;-1;-1,,,,,320.8843571,3206.508266,0:t_wait:529.0495657549982;t_drive:327.6961287150043;fare:320,,0,0,0,45129.04957,45456.74569,320,0,529.0495658,FALSE,44602.65,FALSE,[]
561,BasicRequest_no_show,1,45050,45050,2181;-1;-1,3568;-1;-1,,,,,366.813607,3180.626714,0:t_wait:0;t_drive:432.24680710399844;fare:318,,0,0,1,45050,45482.24681,318,0,0,FALSE,45052.55,FALSE,[]
917,BasicRequest_no_show,1,45000,45000,351;-1;-1,427;-1;-1,,,,,148.9377009,1404.817189,0:t_wait:373.28456761790585;t_drive:192.6871126729966;fare:140,,0,0,7,45373.28457,45565.97168,140,0,373.2845676,FALSE,45003.6,FALSE,[]
30,BasicRequest_no_show,1,44640,44640,3805;-1;-1,3397;-1;-1,,,,,384.345323,4344.401083,0:t_wait:453.3992801750064;t_drive:391.1570946069987;fare:434,,0,0,5,45093.39928,45603.24268,434,0,453.3992802,FALSE,44644.4,FALSE,[]
819,BasicRequest_no_show,1,45010,45010,3970;-1;-1,2445;-1;-1,,,,,258.1961023,2342.188479,0:t_wait:334.639454133001;t_drive:340.9198102990049;fare:234,,0,0,3,45344.63945,45685.55926,234,0,334.6394541,FALSE,45012.2,FALSE,[]
32,BasicRequest_no_show,1,45240,45240,2356;-1;-1,749;-1;-1,,,,,179.1855209,1719.785248,0:t_wait:352.9813609180128;t_drive:231.14978491900547;fare:171,,0,0,8,45592.98136,45824.13115,171,0,352.9813609,FALSE,45245.25,FALSE,[]
393,BasicRequest_no_show,1,45050,45050,553;-1;-1,256;-1;-1,,,,,312.6258806,2918.226402,0:t_wait:527.2102421140007;t_drive:314.20108029399853;fare:291,,0,0,0,45577.21024,45891.41132,291,0,527.2102421,FALSE,45053.65,FALSE,[]
31,BasicRequest_no_show,3,45060,45060,3477;-1;-1,744;-1;-1,,,,,281.8482422,2759.654555,0:t_wait:489.31999620499846;t_drive:389.2157108550018;fare:827,,0,0,1,45549.32,45938.53571,827,0,489.3199962,FALSE,45061.8,FALSE,[]
314,BasicRequest_no_show,1,45180,45180,427;-1;-1,2181;-1;-1,,,,,349.6509893,3154.076753,0:t_wait:385.9716802908879;t_drive:405.38231254600396;fare:315,,0,0,7,45565.97168,45971.35399,315,0,385.9716803,FALSE,45182.2,FALSE,[]
125,BasicRequest_no_show,1,46010,46010,571;-1;-1,3474;-1;-1,,,,,380.4802382,4980.263801,0:00,,,,,,,,0,,FALSE,,FALSE,[]
166,BasicRequest_no_show,1,45140,45140,3816;-1;-1,2627;-1;-1,,,,,539.8884487,7382.866521,0:t_wait:153.17852408692124;t_drive:616.0240180170003;fare:738,,0,0,4,45293.17852,46031.56876,738,0,153.1785241,FALSE,45145.15,FALSE,[]
208,BasicRequest_no_show,1,45250,45250,3816;-1;-1,2627;-1;-1,,,,,539.8884487,7382.866521,0:t_wait:43.17852408692852;t_drive:617.2208871570037;fare:738,,0,0,4,45293.17852,46031.56876,738,0,43.17852409,FALSE,45251.8,FALSE,[]
665,BasicRequest_no_show,1,44660,44660,3816;-1;-1,3970;-1;-1,,,,,589.9103059,7782.754767,0:t_wait:633.1785240869285;t_drive:594.1666739919965;fare:778,,0,0,4,45293.17852,46111.59061,778,0,633.1785241,FALSE,44664.2,FALSE,[]
691,BasicRequest_no_show,1,46240,46240,314;-1;-1,2122;-1;-1,,,,,581.0640778,5060.966157,0:00,,,,,,,,0,,FALSE,,FALSE,[]
447,BasicRequest_no_show,1,45190,45190,1736;-1;-1,2442;-1;-1,,,,,478.5218254,4453.115185,0:t_wait:548.0484580679986;t_drive:548.4439617379976;fare:445,,0,0,6,45738.04846,46286.49242,445,0,548.0484581,FALSE,45193.8,FALSE,[]
562,BasicRequest_no_show,1,45100,45100,2439;-1;-1,2311;-1;-1,,,,,313.1548855,3051.888174,0:t_wait:789.0109565630046;t_drive:332.96247727499576;fare:305,,0,0,3,45957.17383,46290.1363,305,0,789.0109566,FALSE,45105.1,FALSE,[]
768,BasicRequest_no_show,1,45110,45110,1936;-1;-1,2311;-1;-1,,,,,325.5559498,3174.570635,0:t_wait:790.3465760580002;t_drive:389.7897269729947;fare:317,,0,0,3,45900.34658,46290.1363,317,0,790.3465761,FALSE,45116.25,FALSE,[]
707,BasicRequest_no_show,1,45070,45070,3350;-1;-1,793;-1;-1,,,,,370.6563881,3650.826318,0:t_wait:450.15402145100234;t_drive:426.56378781900275;fare:365,,0,0,8,45869.00313,46295.56692,365,0,450.1540215,FALSE,45072.8,FALSE,[]
261,BasicRequest_no_show,1,46070,46070,281;-1;-1,1793;-1;-1,,,,,9.546252877,90.1486896,0:t_wait:223.38615104600467;t_drive:54.079977066998254;fare:100,,0,0,5,46293.38615,46347.46613,100,0,223.386151,FALSE,46072.1,FALSE,[]
871,BasicRequest_no_show,1,45250,45250,3350;-1;-1,793;-1;-1,,,,,370.6563881,3650.826318,0:t_wait:609.3110884989292;t_drive:536.3031908820049;fare:365,,0,0,4,45859.31109,46395.61428,365,0,609.3110885,FALSE,45252.45,FALSE,[]
86,BasicRequest_no_show,1,46420,46420,230;-1;-1,3347;-1;-1,,,,,153.1574557,1534.616439,0:00,,,,,,,,0,,FALSE,,FALSE,[]
790,BasicRequest_no_show,1,46420,46420,3572;-1;-1,3803;-1;-1,,,,,379.5285656,4118.424971,0:00,,,,,,,,0,,FALSE,,FALSE,[]
330,BasicRequest_no_show,1,45140,45140,1235;-1;-1,3421;-1;-1,,,,,411.9101976,3973.50786,0:t_wait:936.9067271989989;t_drive:418.72753814500174;fare:397,,0,0,0,46076.90673,46495.63427,397,0,936.9067272,FALSE,,FALSE,[]
156,BasicRequest_no_show,1,45260,45260,1901;-1;-1,1716;-1;-1,,,,,517.4472398,5514.106674,0:t_wait:567.3982621120012;t_drive:527.6446632750012;fare:551,,0,0,5,45827.39826,46520.31943,551,0,567.3982621,FALSE,45263.9,FALSE,[]
94,BasicRequest_no_show,1,46530,46530,4068;-1;-1,1734;-1;-1,,,,,385.1859854,4384.222749,0:00,,,,,,,,0,,FALSE,,FALSE,[]
191,BasicRequest_no_show,1,46530,46530,2208;-1;-1,2404;-1;-1,,,,,123.3507738,1020.494823,0:00,,,,,,,,0,,FALSE,,FALSE,[]
802,BasicRequest_no_show,1,45900,45900,2380;-1;-1,1206;-1;-1,,,,,260.256773,2511.061837,0:t_wait:442.7836945188683;t_drive:277.5603828950043;fare:251,,0,0,7,46342.78369,46620.34408,251,0,442.7836945,FALSE,45902.1,FALSE,[]
827,BasicRequest_no_show,1,46100,46100,1518;-1;-1,184;-1;-1,,,,,124.0000863,1249.649375,0:t_wait:395.4617957289811;t_drive:179.73140955399867;fare:124,,0,0,3,46495.4618,46675.19321,124,0,395.4617957,FALSE,46102.9,FALSE,[]
459,BasicRequest_no_show,1,46150,46150,1013;-1;-1,3427;-1;-1,,,,,300.4305752,2996.811111,0:t_wait:212.06479959595163;t_drive:317.73418504800065;fare:299,,0,0,6,46362.0648,46679.79898,299,0,212.0647996,FALSE,46155.35,FALSE,[]
558,BasicRequest_no_show,1,45680,45680,3971;-1;-1,735;-1;-1,,,,,168.901052,1545.265206,0:t_wait:828.3679169820243;t_drive:173.71007908299362;fare:154,,0,0,8,46508.36792,46682.078,154,0,828.367917,FALSE,45684,FALSE,[]
481,BasicRequest_no_show,1,46710,46710,4068;-1;-1,1734;-1;-1,,,,,385.1859854,4384.222749,0:00,,,,,,,,0,,FALSE,,FALSE,[]
203,BasicRequest_no_show,1,45960,45960,3672;-1;-1,1281;-1;-1,,,,,126.3823651,1277.5261,0:t_wait:578.4129532910156;t_drive:178.3466291290024;fare:127,,0,0,0,46538.41295,46716.75958,127,0,578.4129533,FALSE,45964.15,FALSE,[]
332,BasicRequest_no_show,1,45640,45640,1810;-1;-1,1587;-1;-1,,,,,540.0455447,6254.986892,0:t_wait:614.4678869490017;t_drive:588.0766565750018;fare:625,,0,0,1,46254.46789,46842.54454,625,0,614.4678869,FALSE,45643.15,FALSE,[]
141,BasicRequest_no_show,1,46890,46890,1786;-1;-1,3475;-1;-1,,,,,339.7959166,3312.926919,0:00,,,,,,,,0,,FALSE,,FALSE,[]
539,BasicRequest_no_show,3,46940,46940,427;-1;-1,2181;-1;-1,,,,,349.6509893,3154.076753,0:00,,,,,,,,0,,FALSE,,FALSE,[]
480,BasicRequest_no_show,2,46960,46960,749;-1;-1,2356;-1;-1,,,,,177.147492,1719.785248,0:00,,,,,,,,0,,FALSE,,FALSE,[]
154,BasicRequest_no_show,1,46120,46120,2122;-1;-1,578;-1;-1,,,,,245.5208638,2273.12487,0:t_wait:593.4016975578706;t_drive:265.4805399879988;fare:227,,0,0,7,46713.4017,47013.51684,227,0,593.4016976,FALSE,46123.4,FALSE,[]
627,BasicRequest_no_show,2,46520,46520,1282;-1;-1,430;-1;-1,,,,,295.0523449,3961.577231,0:t_wait:213.0802384649578;t_drive:411.55006014999526;fare:792,,0,0,3,46733.08024,47144.6303,792,0,213.0802385,FALSE,46523.7,FALSE,[]
578,BasicRequest_no_show,1,46030,46030,1305;-1;-1,3196;-1;-1,,,,,230.1960361,2161.198382,0:t_wait:471.5981677469754;t_drive:237.85639454299962;fare:216,,0,0,6,46951.91106,47192.30452,216,0,471.5981677,FALSE,46032.9,FALSE,[]
839,BasicRequest_no_show,1,46840,46840,1305;-1;-1,3196;-1;-1,,,,,230.1960361,2161.198382,0:t_wait:111.91106213496096;t_drive:240.3934595239989;fare:216,,0,0,6,46951.91106,47192.30452,216,0,111.9110621,FALSE,46844.2,FALSE,[]
172,BasicRequest_no_show,1,47240,47240,1281;-1;-1,3672;-1;-1,,,,,126.5664332,1277.5261,0:00,,,,,,,,0,,FALSE,,FALSE,[]
177,BasicRequest_no_show,1,46700,46700,427;-1;-1,2181;-1;-1,,,,,349.6509893,3154.076753,0:t_wait:122.70621723186196;t_drive:406.40862197599927;fare:315,,0,0,7,46843.48775,47249.89637,315,0,122.7062172,FALSE,46701.85,FALSE,[]
99,BasicRequest_no_show,1,46750,46750,3568;-1;-1,2181;-1;-1,,,,,363.3169085,3191.393722,0:t_wait:50.520636131863284;t_drive:449.37573573600093;fare:319,,0,0,7,46800.52064,47249.89637,319,0,50.52063613,FALSE,46752.75,FALSE,[]
233,BasicRequest_no_show,1,46200,46200,3397;-1;-1,3805;-1;-1,,,,,375.4465422,4344.401083,0:t_wait:623.3078482530327;t_drive:427.8581522780005;fare:434,,0,0,0,46823.30785,47251.166,434,0,623.3078483,FALSE,46202.45,FALSE,[]
705,BasicRequest_no_show,1,47320,47320,1587;-1;-1,2229;-1;-1,,,,,818.2539677,11137.33138,0:t_wait:1050.7809464669554;t_drive:888.1761040759957;fare:1113,47320,0,,,,,1113,0,1050.780946,TRUE,47324.8,FALSE,[]
35,BasicRequest_no_show,1,47340,47340,1489;-1;-1,4068;-1;-1,,,,,710.9436057,7279.12792,0:t_wait:1071.2030967189494;t_drive:804.7239428780013;fare:727,47340,0,,,,,727,0,1071.203097,TRUE,47349.35,FALSE,[]
631,BasicRequest_no_show,1,46190,46190,3417;-1;-1,1047;-1;-1,,,,,444.9085497,3945.026933,0:t_wait:567.6997126029819;t_drive:462.21215957299864;fare:394,,0,0,3,46847.54746,47439.4283,394,0,567.6997126,FALSE,46192.75,FALSE,[]
568,BasicRequest_no_show,1,47440,47440,747;-1;-1,3414;-1;-1,,,,,403.0424804,6322.574821,0:00,,,,,,,,0,,FALSE,,FALSE,[]
146,BasicRequest_no_show,1,47500,47500,3803;-1;-1,3572;-1;-1,,,,,381.0547439,4118.424971,0:00,,,,,,,,0,,FALSE,,FALSE,[]
392,BasicRequest_no_show,1,47560,47560,3802;-1;-1,3571;-1;-1,,,,,395.2612635,4238.245676,0:t_wait:1156.216724651029;t_drive:461.5554517080018;fare:423,47560,0,,,,,423,0,1156.216725,TRUE,47566.55,FALSE,[]
33,BasicRequest_no_show,1,46560,46560,3350;-1;-1,292;-1;-1,,,,,610.3579159,7045.954765,0:t_wait:386.099447114997;t_drive:618.2389896530003;fare:704,,0,0,4,46946.09945,47564.33844,704,0,386.0994471,FALSE,46563.45,FALSE,[]
632,BasicRequest_no_show,1,47190,47190,230;-1;-1,3802;-1;-1,,,,,229.1467412,2253.884552,0:t_wait:136.90329669595667;t_drive:237.02781495600357;fare:225,,0,0,6,47326.9033,47563.93111,225,0,136.9032967,FALSE,47192.35,FALSE,[]
477,BasicRequest_no_show,1,46860,46860,3665;-1;-1,1014;-1;-1,,,,,331.4231498,3372.078934,0:t_wait:297.8655401740034;t_drive:414.14685779800493;fare:337,,0,0,8,47157.86554,47572.0124,337,0,297.8655402,FALSE,46862.9,FALSE,[]
122,BasicRequest_no_show,1,47580,47580,2238;-1;-1,1736;-1;-1,,,,,488.0296012,4843.982104,0:t_wait:1056.648312756006;t_drive:565.3620396929982;fare:484,47580,0,,,,,484,0,1056.648313,TRUE,47587.2,FALSE,[]
229,BasicRequest_no_show,1,47650,47650,3350;-1;-1,793;-1;-1,,,,,370.6563881,3650.826318,0:00,,,,,,,,0,,FALSE,,FALSE,[]
673,BasicRequest_no_show,1,46520,46520,3119;-1;-1,1587;-1;-1,,,,,677.7556841,8834.684525,0:t_wait:219.38861499100312;t_drive:684.5730246370003;fare:883,,0,0,5,46739.38861,47700.34823,883,0,219.388615,FALSE,46521.85,FALSE,[]
195,BasicRequest_no_show,1,46900,46900,1810;-1;-1,1587;-1;-1,,,,,540.0455447,6254.986892,0:t_wait:220.11908151200623;t_drive:580.229150625004;fare:625,,0,0,5,47120.11908,47700.34823,625,0,220.1190815,FALSE,46903.25,FALSE,[]
825,BasicRequest_no_show,1,47750,47750,744;-1;-1,3474;-1;-1,,,,,265.4196721,2591.250283,0:t_wait:1173.9528289160298;t_drive:294.3295012509989;fare:259,47750,0,,,,,259,0,1173.952829,TRUE,47754.75,FALSE,[]
654,BasicRequest_no_show,1,47770,47770,735;-1;-1,3971;-1;-1,,,,,166.8607872,1544.809878,0:00,,,,,,,,0,,FALSE,,FALSE,[]
305,BasicRequest_no_show,1,47770,47770,3350;-1;-1,793;-1;-1,,,,,370.6563881,3650.826318,0:t_wait:1017.2244729160302;t_drive:436.0895882190016;fare:365,47780,0,,,,,365,0,1017.224473,TRUE,47788.4,FALSE,[]
765,BasicRequest_no_show,1,46960,46960,1587;-1;-1,1965;-1;-1,,,,,668.6322861,7534.818681,0:t_wait:0;t_drive:744.7678554259983;fare:753,,0,0,1,46960,47831.33081,753,0,0,FALSE,46963.05,FALSE,[]
335,BasicRequest_no_show,1,47000,47000,1587;-1;-1,1965;-1;-1,,,,,668.6322861,7534.818681,0:t_wait:36.135569359998044;t_drive:761.2688578559973;fare:753,,0,0,1,47036.13557,47831.33081,753,0,36.13556936,FALSE,47004.4,FALSE,[]
37,BasicRequest_no_show,1,47700,47700,439;-1;-1,2301;-1;-1,,,,,392.5855866,3780.557425,0:t_wait:986.1776385209596;t_drive:453.1714531239995;fare:378,47880,0,,,,,378,0,986.1776385,TRUE,,FALSE,[]
225,BasicRequest_no_show,2,47920,47920,3805;-1;-1,3397;-1;-1,,,,,384.345323,4344.401083,0:00,,,,,,,,0,,FALSE,,FALSE,[]
34,BasicRequest_no_show,1,47040,47040,553;-1;-1,256;-1;-1,,,,,312.6258806,2918.226402,0:t_wait:460.9960991950429;t_drive:427.39463405599963;fare:291,,0,0,0,47500.9961,47928.39073,291,0,460.9960992,FALSE,47042.7,FALSE,[]
934,BasicRequest_no_show,1,47190,47190,3805;-1;-1,1517;-1;-1,,,,,210.836881,2221.334515,0:t_wait:444.036203256961;t_drive:286.9724503760008;fare:222,,0,0,6,47634.0362,47921.00865,222,0,444.0362033,FALSE,47192.5,FALSE,[]
833,BasicRequest_no_show,1,47460,47460,3805;-1;-1,1517;-1;-1,,,,,210.836881,2221.334515,0:t_wait:174.03620325696102;t_drive:286.9724503760008;fare:222,,0,0,6,47634.0362,47921.00865,222,0,174.0362033,FALSE,47464.2,FALSE,[]
119,BasicRequest_no_show,1,47280,47280,1305;-1;-1,3196;-1;-1,,,,,230.1960361,2161.198382,0:t_wait:469.3193953880109;t_drive:238.07710978900286;fare:216,,0,0,8,47749.3194,47987.39651,216,0,469.3193954,FALSE,47281.65,FALSE,[]
36,BasicRequest_no_show,1,47520,47520,2181;-1;-1,427;-1;-1,,,,,352.6790967,3154.076753,0:t_wait:105.3551483989504;t_drive:430.01153517100465;fare:315,,0,0,3,47625.35515,48135.80683,315,0,105.3551484,FALSE,47523.15,FALSE,[]
553,BasicRequest_no_show,1,47520,47520,578;-1;-1,2122;-1;-1,,,,,244.8329238,2273.12487,0:t_wait:388.26416626395076;t_drive:346.8875104000035;fare:227,,0,0,3,47908.26417,48255.15168,227,0,388.2641663,FALSE,47525.75,FALSE,[]
38,BasicRequest_no_show,1,48300,48300,314;-1;-1,2122;-1;-1,,,,,581.0640778,5060.966157,0:t_wait:1072.8822556160521;t_drive:613.7945989630025;fare:506,48300,0,,,,,506,0,1072.882256,TRUE,48304.5,FALSE,[]
436,BasicRequest_no_show,1,47300,47300,1587;-1;-1,746;-1;-1,,,,,515.379622,6160.886248,0:t_wait:400.3482321370029;t_drive:669.7886415100002;fare:616,,0,0,5,47700.34823,48370.13687,616,0,400.3482321,FALSE,47303.9,FALSE,[]
759,BasicRequest_no_show,1,48380,48380,793;-1;-1,3661;-1;-1,,,,,837.3066543,8890.650737,0:00,,,,,,,,0,,FALSE,,FALSE,[]
387,BasicRequest_no_show,1,47240,47240,3350;-1;-1,292;-1;-1,,,,,610.3579159,7045.954765,0:t_wait:338.9261626010193;t_drive:819.4658556849972;fare:704,,0,0,1,47578.92616,48398.39202,704,0,338.9261626,FALSE,47245.8,FALSE,[]
39,BasicRequest_no_show,1,48420,48420,1235;-1;-1,54;-1;-1,,,,,538.2238112,7867.193375,0:00,,,,,,,,0,,FALSE,,FALSE,[]
824,BasicRequest_no_show,1,48430,48430,430;-1;-1,1282;-1;-1,,,,,292.743019,3961.577231,0:00,,,,,,,,0,,FALSE,,FALSE,[]
791,BasicRequest_no_show,1,47480,47480,3441;-1;-1,2170;-1;-1,,,,,167.6433671,1447.743099,0:t_wait:717.750283516034;t_drive:237.5655034309966;fare:144,,0,0,0,48197.75028,48435.31579,144,0,717.7502835,FALSE,47483.1,FALSE,[]
585,BasicRequest_no_show,3,48420,48420,3350;-1;-1,3417;-1;-1,,,,,329.9203378,3491.827004,0:t_wait:1051.123564319052;t_drive:447.4300822669975;fare:1047,48450,0,,,,,1047,0,1051.123564,TRUE,48457.3,FALSE,[]
682,BasicRequest_no_show,1,47420,47420,3427;-1;-1,1013;-1;-1,,,,,298.0756768,2996.811111,0:t_wait:730.2625332000171;t_drive:303.16820841900335;fare:299,,0,0,8,48150.26253,48453.43074,299,0,730.2625332,FALSE,47423.75,FALSE,[]
862,BasicRequest_no_show,1,47020,47020,1206;-1;-1,2380;-1;-1,,,,,256.6068764,2511.061837,0:t_wait:476.52605717795814;t_drive:360.33214176099864;fare:251,,0,0,6,48113.33358,48473.66573,251,0,476.5260572,FALSE,47023.95,FALSE,[]
519,BasicRequest_no_show,1,48480,48480,1281;-1;-1,3672;-1;-1,,,,,126.5664332,1277.5261,0:00,,,,,,,,0,,FALSE,,FALSE,[]
551,BasicRequest_no_show,1,48470,48470,3805;-1;-1,1517;-1;-1,,,,,210.836881,2221.334515,0:t_wait:1045.9070217040571;t_drive:243.567402176006;fare:222,48480,0,,,,,222,0,1045.907022,TRUE,48489.5,FALSE,[]
888,BasicRequest_no_show,1,48320,48320,2301;-1;-1,439;-1;-1,,,,,389.4320428,3780.557425,0:t_wait:1003.970425730964;t_drive:397.3131164820006;fare:378,48500,0,,,,,378,0,1154.32089,TRUE,,FALSE,[]
662,BasicRequest_no_show,1,48380,48380,137;-1;-1,1271;-1;-1,,,,,634.8519916,7230.425235,0:t_wait:1010.8886374840149;t_drive:678.601403351;fare:723,48560,0,,,,,723,0,1010.888637,TRUE,,FALSE,[]
319,BasicRequest_no_show,1,47250,47250,1489;-1;-1,4068;-1;-1,,,,,710.9436057,7279.12792,0:t_wait:525.3812951870132;t_drive:754.6930174980007;fare:727,,0,0,5,47775.3813,48774.4126,727,0,525.3812952,FALSE,47251.65,FALSE,[]
809,BasicRequest_no_show,1,47030,47030,2513;-1;-1,2834;-1;-1,,,,,900.0562984,9904.365089,0:t_wait:543.4670676338501;t_drive:1197.046278767004;fare:990,,0,0,7,47573.46707,48853.62533,990,0,543.4670676,FALSE,47033.75,FALSE,[]
801,BasicRequest_no_show,1,48700,48700,314;-1;-1,2122;-1;-1,,,,,581.0640778,5060.966157,0:t_wait:953.8309540699483;t_drive:633.0283418230028;fare:506,48880,0,,,,,506,0,953.8309541,TRUE,,FALSE,[]
703,BasicRequest_no_show,1,47810,47810,746;-1;-1,1587;-1;-1,,,,,516.5322852,6110.517828,0:t_wait:501.3848546638328;t_drive:575.8220775509981;fare:611,,0,0,7,48311.38485,48887.20693,611,0,501.3848547,FALSE,47815.35,FALSE,[]
729,BasicRequest_no_show,2,48950,48950,3970;-1;-1,2445;-1;-1,,,,,258.1961023,2342.188479,0:00,,,,,,,,0,,FALSE,,FALSE,[]
222,BasicRequest_no_show,1,47870,47870,359;-1;-1,2404;-1;-1,,,,,118.3409818,971.4948187,0:t_wait:930.5916263010367;t_drive:201.0646897550032;fare:100,,0,0,0,48800.59163,49001.65632,100,0,930.5916263,FALSE,,FALSE,[]
581,BasicRequest_no_show,1,48650,48650,359;-1;-1,2404;-1;-1,,,,,118.3409818,971.4948187,0:t_wait:150.59162630104402;t_drive:201.0646897550032;fare:100,,0,0,0,48800.59163,49001.65632,100,0,150.5916263,FALSE,48654.1,FALSE,[]
465,BasicRequest_no_show,1,47430,47430,2313;-1;-1,482;-1;-1,,,,,710.198509,8903.418661,0:t_wait:831.5847337619707;t_drive:742.9290301880028;fare:890,,0,0,4,48261.58473,49004.51376,890,0,831.5847338,FALSE,47436.75,FALSE,[]
385,BasicRequest_no_show,2,49070,49070,1736;-1;-1,2442;-1;-1,,,,,478.5218254,4453.115185,0:00,,,,,,,,0,,FALSE,,FALSE,[]
111,BasicRequest_no_show,1,47390,47390,1736;-1;-1,2238;-1;-1,,,,,488.8636989,4844.844656,0:t_wait:635.9418448289507;t_drive:653.9910414929982;fare:484,,0,0,3,48490.83827,49144.82931,484,0,635.9418448,FALSE,47393,FALSE,[]
256,BasicRequest_no_show,1,48970,48970,2404;-1;-1,2208;-1;-1,,,,,123.5545746,1020.494823,0:t_wait:31.656316056047217;t_drive:153.5545746400021;fare:102,,0,0,0,49001.65632,49155.21089,102,0,31.65631606,FALSE,48973.3,FALSE,[]
174,BasicRequest_no_show,1,48580,48580,1786;-1;-1,3475;-1;-1,,,,,339.7959166,3312.926919,0:t_wait:158.0261864419881;t_drive:514.2664253870025;fare:331,,0,0,1,48738.02619,49252.29261,331,0,158.0261864,FALSE,48582.6,FALSE,[]
403,BasicRequest_no_show,1,47960,47960,3474;-1;-1,571;-1;-1,,,,,380.3989882,4980.263801,0:t_wait:777.9563610699552;t_drive:526.4742059789933;fare:498,,0,0,6,48737.95636,49264.43057,498,0,777.9563611,FALSE,47963.9,FALSE,[]
360,BasicRequest_no_show,1,48590,48590,184;-1;-1,1518;-1;-1,,,,,127.081835,1249.649375,0:t_wait:531.3439843629676;t_drive:153.7978061429967;fare:124,,0,0,4,49121.34398,49275.14179,124,0,531.3439844,FALSE,48592.3,FALSE,[]
641,BasicRequest_no_show,2,48200,48200,3450;-1;-1,240;-1;-1,,,,,300.5744547,2991.96851,0:t_wait:681.5423183909807;t_drive:410.83706320200145;fare:598,,0,0,5,48881.54232,49292.37938,598,0,681.5423184,FALSE,48203,FALSE,[]
639,BasicRequest_no_show,1,48010,48010,1276;-1;-1,3183;-1;-1,,,,,447.2690337,4595.614879,0:t_wait:731.1055418380056;t_drive:519.3236202560001;fare:459,,0,0,1,48837.34354,49500.76968,459,0,731.1055418,FALSE,48013.5,FALSE,[]
286,BasicRequest_no_show,1,48540,48540,1276;-1;-1,3183;-1;-1,,,,,447.2690337,4595.614879,0:t_wait:201.10554183799832;t_drive:519.3236202560001;fare:459,,0,0,1,48837.34354,49500.76968,459,0,201.1055418,FALSE,48543.3,FALSE,[]
440,BasicRequest_no_show,1,48070,48070,3802;-1;-1,3571;-1;-1,,,,,395.2612635,4238.245676,0:t_wait:766.558131290978;t_drive:416.04279615800624;fare:423,,0,0,5,49018.12855,49611.22861,423,0,766.5581313,FALSE,48072.85,FALSE,[]
293,BasicRequest_no_show,1,48580,48580,230;-1;-1,3347;-1;-1,,,,,153.1574557,1534.616439,0:t_wait:816.360719984048;t_drive:230.4898942380023;fare:153,,0,0,0,49426.36072,49656.85061,153,0,816.36072,FALSE,48585.5,FALSE,[]
210,BasicRequest_no_show,1,48480,48480,519;-1;-1,3475;-1;-1,,,,,253.1523771,2336.370317,0:t_wait:708.2802668689692;t_drive:370.0563129950024;fare:233,,0,0,4,49433.37886,49719.26176,233,0,708.2802669,FALSE,48481.55,FALSE,[]
232,BasicRequest_no_show,1,49720,49720,3441;-1;-1,2170;-1;-1,,,,,167.6433671,1447.743099,0:00,,,,,,,,0,,FALSE,,FALSE,[]
590,BasicRequest_no_show,1,48380,48380,1587;-1;-1,2229;-1;-1,,,,,818.2539677,11137.33138,0:t_wait:507.20693221481633;t_drive:855.3636045559979;fare:1113,,0,0,7,48887.20693,49742.57054,1113,0,507.2069322,FALSE,48382,FALSE,[]
437,BasicRequest_no_show,1,49620,49620,2311;-1;-1,1936;-1;-1,,,,,325.9348903,3174.570635,0:t_wait:196.56372492393712;t_drive:471.0419466739986;fare:317,49760,0,,,,,317,0,1030.759496,TRUE,49769.2,FALSE,[]
226,BasicRequest_no_show,1,48080,48080,2513;-1;-1,2834;-1;-1,,,,,900.0562984,9904.365089,0:t_wait:520.4784385740058;t_drive:1207.6379606670016;fare:990,,0,0,8,48600.47844,49808.1164,990,0,520.4784386,FALSE,48082.8,FALSE,[]
938,BasicRequest_no_show,1,49370,49370,430;-1;-1,1282;-1;-1,,,,,292.743019,3961.577231,0:t_wait:229.42922350500157;t_drive:294.26445329099806;fare:396,,0,0,3,49599.42922,49893.69368,396,0,229.4292235,FALSE,49373.65,FALSE,[]
777,BasicRequest_no_show,1,49940,49940,3805;-1;-1,1517;-1;-1,,,,,210.836881,2221.334515,0:00,,,,,,,,0,,FALSE,,FALSE,[]
663,BasicRequest_no_show,1,49840,49840,281;-1;-1,1793;-1;-1,,,,,9.546252877,90.1486896,0:t_wait:157.04411889705807;t_drive:11.714135061003617;fare:100,,0,0,0,49997.04412,50008.75825,100,0,157.0441189,FALSE,49843.6,FALSE,[]
618,BasicRequest_no_show,1,50030,50030,3441;-1;-1,2170;-1;-1,,,,,167.6433671,1447.743099,0:00,,,,,,,,0,,FALSE,,FALSE,[]
810,BasicRequest_no_show,1,48950,48950,1901;-1;-1,1716;-1;-1,,,,,517.4472398,5514.106674,0:t_wait:512.8973594609342;t_drive:652.406131364005;fare:551,,0,0,6,49462.89736,50115.30349,551,0,512.8973595,FALSE,48952.95,FALSE,[]
918,BasicRequest_no_show,1,49070,49070,230;-1;-1,3802;-1;-1,,,,,229.1467412,2253.884552,0:t_wait:770.4657373030495;t_drive:231.31462341500446;fare:225,,0,0,0,49840.46574,50150.02244,225,0,770.4657373,FALSE,49073.45,FALSE,[]
586,BasicRequest_no_show,1,49620,49620,3571;-1;-1,3802;-1;-1,,,,,393.7350852,4238.245676,0:t_wait:265.93490780693537;t_drive:428.6553508770012;fare:423,,0,0,4,49885.93491,50314.59026,423,0,265.9349078,FALSE,49621.9,FALSE,[]
326,BasicRequest_no_show,1,50040,50040,2356;-1;-1,3352;-1;-1,,,,,154.771827,1482.965078,0:t_wait:246.53601440400234;t_drive:164.96925049499987;fare:148,,0,0,1,50286.53601,50451.50526,148,0,246.5360144,FALSE,50042.4,FALSE,[]
657,BasicRequest_no_show,1,48540,48540,3661;-1;-1,793;-1;-1,,,,,836.4209823,8890.650737,0:t_wait:910.9528343959246;t_drive:892.1523055830039;fare:889,,0,0,6,49554.14443,50519.20393,889,0,910.9528344,FALSE,,FALSE,[]
921,BasicRequest_no_show,2,49700,49700,735;-1;-1,3971;-1;-1,,,,,166.8607872,1544.809878,0:t_wait:527.8827116220564;t_drive:240.30079650600237;fare:308,,0,0,0,50306.1248,50546.42559,308,0,527.8827116,FALSE,49703.25,FALSE,[]
370,BasicRequest_no_show,1,50030,50030,735;-1;-1,3971;-1;-1,,,,,166.8607872,1544.809878,0:t_wait:276.1247950850593;t_drive:240.30079650600237;fare:154,,0,0,0,50306.1248,50546.42559,154,0,276.1247951,FALSE,50034.1,FALSE,[]
384,BasicRequest_no_show,1,50590,50590,3816;-1;-1,2627;-1;-1,,,,,539.8884487,7382.866521,0:00,,,,,,,,0,,FALSE,,FALSE,[]
771,BasicRequest_no_show,1,50700,50700,3427;-1;-1,1013;-1;-1,,,,,298.0756768,2996.811111,0:00,,,,,,,,0,,FALSE,,FALSE,[]
40,BasicRequest_no_show,1,49980,49980,3971;-1;-1,735;-1;-1,,,,,168.901052,1545.265206,0:t_wait:534.9825986669384;t_drive:240.9556385379983;fare:154,,0,0,4,50514.9826,50755.93824,154,0,534.9825987,FALSE,49983.8,FALSE,[]
897,BasicRequest_no_show,2,50540,50540,735;-1;-1,3971;-1;-1,,,,,166.8607872,1544.809878,0:t_wait:215.93823720495857;t_drive:196.8607871560016;fare:308,,0,0,4,50755.93824,50952.79902,308,0,215.9382372,FALSE,50544.2,FALSE,[]
409,BasicRequest_no_show,1,50250,50250,2439;-1;-1,2311;-1;-1,,,,,313.1548855,3051.888174,0:t_wait:388.04919978699763;t_drive:333.114561604998;fare:305,,0,0,3,50638.0492,50971.16376,305,0,388.0491998,FALSE,50252.75,FALSE,[]
710,BasicRequest_no_show,1,51060,51060,3970;-1;-1,2445;-1;-1,,,,,258.1961023,2342.188479,0:00,,,,,,,,0,,FALSE,,FALSE,[]
651,BasicRequest_no_show,1,50820,50820,1135;-1;-1,3474;-1;-1,,,,,185.7115634,1772.356401,0:t_wait:233.0717972679995;t_drive:187.28676310199808;fare:177,,0,0,7,51053.0718,51240.35856,177,0,233.0717973,FALSE,50822.6,FALSE,[]
310,BasicRequest_no_show,1,51270,51270,3873;-1;-1,1587;-1;-1,,,,,628.6233829,9645.036117,0:00,,,,,,,,0,,FALSE,,FALSE,[]
405,BasicRequest_no_show,1,50320,50320,1716;-1;-1,1901;-1;-1,,,,,522.4628096,5514.106674,0:t_wait:556.8996401840632;t_drive:524.6306918160044;fare:551,,0,0,0,50876.89964,51401.53033,551,0,556.8996402,FALSE,50321.95,FALSE,[]
692,BasicRequest_no_show,1,51010,51010,2356;-1;-1,749;-1;-1,,,,,179.1855209,1719.785248,0:t_wait:152.733798164998;t_drive:282.9107862989986;fare:171,,0,0,1,51162.7338,51445.64458,171,0,152.7337982,FALSE,51013.4,FALSE,[]
150,BasicRequest_no_show,1,51070,51070,3802;-1;-1,230;-1;-1,,,,,228.4991292,2232.496971,0:t_wait:168.51815291200182;t_drive:230.66701142600505;fare:223,,0,0,4,51238.51815,51495.92711,223,0,168.5181529,FALSE,51072.75,FALSE,[]
910,BasicRequest_no_show,1,51090,51090,3802;-1;-1,230;-1;-1,,,,,228.4991292,2232.496971,0:t_wait:148.51815291200182;t_drive:257.4089583620007;fare:223,,0,0,4,51238.51815,51495.92711,223,0,148.5181529,FALSE,51095.85,FALSE,[]
577,BasicRequest_no_show,1,51110,51110,3572;-1;-1,3803;-1;-1,,,,,379.5285656,4118.424971,0:t_wait:10.654302219998499;t_drive:381.69644778300426;fare:411,,0,0,5,51120.6543,51502.35075,411,0,10.65430222,FALSE,51114.6,FALSE,[]
41,BasicRequest_no_show,1,51120,51120,2170;-1;-1,3441;-1;-1,,,,,174.017983,1447.743099,0:t_wait:234.34082028199919;t_drive:178.86242279400176;fare:144,,0,0,3,51354.34082,51533.20324,144,0,234.3408203,FALSE,51124.45,FALSE,[]
163,BasicRequest_no_show,1,51140,51140,2122;-1;-1,748;-1;-1,,,,,197.8358256,1893.008388,0:t_wait:178.52797080000164;t_drive:234.94546240800264;fare:189,,0,0,7,51318.52797,51553.47343,189,0,178.5279708,FALSE,51142.5,FALSE,[]
44,BasicRequest_no_show,2,51600,51600,1013;-1;-1,3427;-1;-1,,,,,300.4305752,2996.811111,0:00,,,,,,,,0,,FALSE,,FALSE,[]
570,BasicRequest_no_show,1,51670,51670,1390;-1;-1,4023;-1;-1,,,,,230.2117899,2133.575037,0:00,,,,,,,,0,,FALSE,,FALSE,[]
435,BasicRequest_no_show,1,51700,51700,793;-1;-1,3350;-1;-1,,,,,386.0994471,3650.826318,0:00,,,,,,,,0,,FALSE,,FALSE,[]
45,BasicRequest_no_show,1,51660,51660,3450;-1;-1,240;-1;-1,,,,,300.5744547,2991.96851,0:t_wait:1020.8796747839951;t_drive:305.38348186899384;fare:299,51740,0,,,,,299,0,1020.879675,TRUE,51746.55,FALSE,[]
542,BasicRequest_no_show,1,51800,51800,3183;-1;-1,1276;-1;-1,,,,,443.9482064,4596.477431,0:00,,,,,,,,0,,FALSE,,FALSE,[]
238,BasicRequest_no_show,1,51280,51280,1014;-1;-1,338;-1;-1,,,,,312.1756642,3146.53602,0:t_wait:288.26045260608225;t_drive:316.4320323360007;fare:314,,0,0,0,51568.26045,51884.69248,314,0,288.2604526,FALSE,51282.6,FALSE,[]
249,BasicRequest_no_show,1,51180,51180,4023;-1;-1,1390;-1;-1,,,,,226.1020184,2133.575037,0:t_wait:439.80731547199684;t_drive:263.21165520999784;fare:213,,0,0,4,51619.80732,51907.76815,213,0,439.8073155,FALSE,51183.35,FALSE,[]
101,BasicRequest_no_show,1,51150,51150,2445;-1;-1,3970;-1;-1,,,,,260.8157611,2342.188479,0:t_wait:541.4994811690049;t_drive:261.86933284800034;fare:234,,0,0,5,51691.49948,51953.36881,234,0,541.4994812,FALSE,51155,FALSE,[]
147,BasicRequest_no_show,1,51300,51300,1206;-1;-1,2380;-1;-1,,,,,256.6068764,2511.061837,0:t_wait:355.091364300999;t_drive:309.01848639100353;fare:251,,0,0,1,51655.09136,51964.10985,251,0,355.0913643,FALSE,51303.25,FALSE,[]
151,BasicRequest_no_show,1,51350,51350,3441;-1;-1,2170;-1;-1,,,,,167.6433671,1447.743099,0:t_wait:445.32083772699843;t_drive:175.30372556999646;fare:144,,0,0,6,51795.32084,51970.62456,144,0,445.3208377,FALSE,51352.85,FALSE,[]
42,BasicRequest_no_show,2,51120,51120,3352;-1;-1,2356;-1;-1,,,,,152.7337982,1482.965078,0:t_wait:709.2075182199987;t_drive:180.04478070500045;fare:296,,0,0,3,51829.20752,52009.2523,296,0,709.2075182,FALSE,51123.8,FALSE,[]
851,BasicRequest_no_show,1,51670,51670,3474;-1;-1,1135;-1;-1,,,,,186.0877485,1772.356401,0:t_wait:117.24385938900377;t_drive:226.461052052;fare:177,,0,0,7,51787.24386,52021.58599,177,0,117.2438594,FALSE,51672.65,FALSE,[]
623,BasicRequest_no_show,1,51290,51290,1587;-1;-1,3873;-1;-1,,,,,611.7389536,9724.915668,0:t_wait:3.581597333002719;t_drive:789.1489172950023;fare:972,,0,0,8,51293.5816,52138.46184,972,0,3.581597333,FALSE,51292.9,FALSE,[]
914,BasicRequest_no_show,1,51330,51330,4068;-1;-1,1734;-1;-1,,,,,385.1859854,4384.222749,0:t_wait:267.10414535400196;t_drive:571.2163993499998;fare:438,,0,0,2,51597.10415,52168.32054,438,0,267.1041454,FALSE,51333.45,FALSE,[]
779,BasicRequest_no_show,1,52270,52270,3417;-1;-1,3350;-1;-1,,,,,329.9203378,3491.827004,0:00,,,,,,,,0,,FALSE,,FALSE,[]
205,BasicRequest_no_show,1,51720,51720,3568;-1;-1,2181;-1;-1,,,,,363.3169085,3191.393722,0:t_wait:128.91587624700333;t_drive:422.62220998100383;fare:319,,0,0,7,51848.91588,52271.53809,319,0,128.9158762,FALSE,51722.15,FALSE,[]
214,BasicRequest_no_show,2,51940,51940,3970;-1;-1,1815;-1;-1,,,,,334.0068975,3096.680338,0:t_wait:13.368814017005207;t_drive:364.0068975260001;fare:619,,0,0,5,51953.36881,52317.37571,619,0,13.36881402,FALSE,51942.95,FALSE,[]
883,BasicRequest_no_show,2,52320,52320,1013;-1;-1,3427;-1;-1,,,,,300.4305752,2996.811111,0:t_wait:1088.1882992839892;t_drive:354.12724822799646;fare:599,52320,0,,,,,599,0,1088.188299,TRUE,52324.3,FALSE,[]
571,BasicRequest_no_show,1,51340,51340,1587;-1;-1,1965;-1;-1,,,,,668.6322861,7534.818681,0:t_wait:130.9915610330063;t_drive:858.2434675640034;fare:753,,0,0,8,51470.99156,52329.23503,753,0,130.991561,FALSE,51342.1,FALSE,[]
316,BasicRequest_no_show,1,52330,52330,240;-1;-1,3450;-1;-1,,,,,298.7022121,2991.96851,0:00,,,,,,,,0,,FALSE,,FALSE,[]
756,BasicRequest_no_show,1,52340,52340,3417;-1;-1,1047;-1;-1,,,,,444.9085497,3945.026933,0:t_wait:1053.124074200001;t_drive:515.5989979929946;fare:394,52360,0,,,,,394,0,1053.124074,TRUE,52362.1,FALSE,[]
356,BasicRequest_no_show,1,52390,52390,3571;-1;-1,3802;-1;-1,,,,,393.7350852,4238.245676,0:00,,,,,,,,0,,FALSE,,FALSE,[]
906,BasicRequest_no_show,1,52430,52430,1135;-1;-1,3474;-1;-1,,,,,185.7115634,1772.356401,0:t_wait:1029.8914245839842;t_drive:252.00575157399726;fare:177,52440,0,,,,,177,0,1029.891425,TRUE,52447.35,FALSE,[]
740,BasicRequest_no_show,1,52490,52490,1518;-1;-1,184;-1;-1,,,,,124.0000863,1249.649375,0:00,,,,,,,,0,,FALSE,,FALSE,[]
787,BasicRequest_no_show,1,51460,51460,3421;-1;-1,1235;-1;-1,,,,,414.295725,3967.938804,0:t_wait:625.5300454209937;t_drive:417.874726809001;fare:396,,0,0,6,52085.53005,52503.40477,396,0,625.5300454,FALSE,51462.85,FALSE,[]
441,BasicRequest_no_show,1,52530,52530,3477;-1;-1,744;-1;-1,,,,,281.8482422,2759.654555,0:00,,,,,,,,0,,FALSE,,FALSE,[]
605,BasicRequest_no_show,1,52530,52530,3665;-1;-1,1014;-1;-1,,,,,331.4231498,3372.078934,0:00,,,,,,,,0,,FALSE,,FALSE,[]
869,BasicRequest_no_show,1,52530,52530,3802;-1;-1,230;-1;-1,,,,,228.4991292,2232.496971,0:00,,,,,,,,0,,FALSE,,FALSE,[]
280,BasicRequest_no_show,1,52580,52580,3970;-1;-1,3816;-1;-1,,,,,589.1046913,7782.754767,0:00,,,,,,,,0,,FALSE,,FALSE,[]
506,BasicRequest_no_show,1,52600,52600,1235;-1;-1,54;-1;-1,,,,,538.2238112,7867.193375,0:00,,,,,,,,0,,FALSE,,FALSE,[]
228,BasicRequest_no_show,1,51710,51710,425;-1;-1,571;-1;-1,,,,,379.246435,3990.134266,0:t_wait:532.7721292549904;t_drive:408.15626415600127;fare:399,,0,0,1,52242.77213,52650.92839,399,0,532.7721293,FALSE,51713.1,FALSE,[]
48,BasicRequest_no_show,1,52680,52680,3417;-1;-1,1047;-1;-1,,,,,444.9085497,3945.026933,0:00,,,,,,,,0,,FALSE,,FALSE,[]
47,BasicRequest_no_show,2,52680,52680,748;-1;-1,2122;-1;-1,,,,,198.8823265,1893.008388,0:t_wait:1082.2792297739725;t_drive:223.1714713170004;fare:378,52680,0,,,,,378,0,1082.27923,TRUE,52684,FALSE,[]
909,BasicRequest_no_show,1,52690,52690,1154;-1;-1,2877;-1;-1,,,,,1022.780226,12666.39161,0:00,,,,,,,,0,,FALSE,,FALSE,[]
675,BasicRequest_no_show,1,52510,52510,3421;-1;-1,1235;-1;-1,,,,,414.295725,3967.938804,0:t_wait:942.9139172619834;t_drive:462.32683681599883;fare:396,52690,0,,,,,396,0,942.9139173,TRUE,,FALSE,[]
546,BasicRequest_no_show,1,51790,51790,4068;-1;-1,1489;-1;-1,,,,,715.5149932,7281.548453,0:t_wait:267.1837646370186;t_drive:723.3960669030057;fare:728,,0,0,4,52057.18376,52780.57983,728,0,267.1837646,FALSE,51793,FALSE,[]
432,BasicRequest_no_show,1,52850,52850,1235;-1;-1,3421;-1;-1,,,,,411.9101976,3973.50786,0:00,,,,,,,,0,,FALSE,,FALSE,[]
753,BasicRequest_no_show,1,51650,51650,1767;-1;-1,1587;-1;-1,,,,,830.9193019,10268.99474,0:t_wait:89.13423338001303;t_drive:899.9285119030028;fare:1026,,0,0,4,51739.13423,52860.43438,1026,0,89.13423338,FALSE,51654.8,FALSE,[]
417,BasicRequest_no_show,1,52900,52900,1235;-1;-1,3421;-1;-1,,,,,411.9101976,3973.50786,0:t_wait:1179.0213657339773;t_drive:459.9413094140036;fare:397,52900,0,,,,,397,0,1179.021366,TRUE,52904.25,FALSE,[]
217,BasicRequest_no_show,1,51730,51730,2311;-1;-1,1936;-1;-1,,,,,325.9348903,3174.570635,0:t_wait:595.5273824430114;t_drive:407.9775950179974;fare:317,,0,0,5,52510.52419,52918.50179,317,0,595.5273824,FALSE,51733.65,FALSE,[]
474,BasicRequest_no_show,2,52470,52470,1235;-1;-1,3421;-1;-1,,,,,411.9101976,3973.50786,0:t_wait:33.40477222997288;t_drive:441.91019758400216;fare:794,,0,0,6,52503.40477,52945.31497,794,0,33.40477223,FALSE,52472.75,FALSE,[]
311,BasicRequest_no_show,1,53100,53100,425;-1;-1,571;-1;-1,,,,,379.246435,3990.134266,0:00,,,,,,,,0,,FALSE,,FALSE,[]
198,BasicRequest_no_show,3,51620,51620,137;-1;-1,1271;-1;-1,,,,,634.8519916,7230.425235,0:t_wait:626.7273575739891;t_drive:877.9500849810065;fare:2169,,0,0,3,52246.72736,53124.67744,2169,0,626.7273576,FALSE,51623.4,FALSE,[]
180,BasicRequest_no_show,1,53130,53130,3562;-1;-1,275;-1;-1,,,,,431.781592,4250.345936,0:00,,,,,,,,0,,FALSE,,FALSE,[]
49,BasicRequest_no_show,1,53100,53100,2445;-1;-1,3970;-1;-1,,,,,260.8157611,2342.188479,0:t_wait:1042.7200973119616;t_drive:280.623352908995;fare:234,53140,0,,,,,234,0,1042.720097,TRUE,53142,FALSE,[]
462,BasicRequest_no_show,1,51270,51270,1271;-1;-1,137;-1;-1,,,,,631.5385662,7230.425235,0:t_wait:612.2622977400824;t_drive:725.3189033699964;fare:723,,0,0,0,52415.62772,53140.94663,723,0,612.2622977,FALSE,51272.3,FALSE,[]
434,BasicRequest_no_show,1,51420,51420,1965;-1;-1,1587;-1;-1,,,,,671.3820269,7484.450262,0:t_wait:909.2350285970097;t_drive:775.1072922609965;fare:748,,0,0,8,52329.23503,53170.89005,748,0,909.2350286,FALSE,51426.35,FALSE,[]
142,BasicRequest_no_show,1,51640,51640,1965;-1;-1,1587;-1;-1,,,,,671.3820269,7484.450262,0:t_wait:689.2350285970097;t_drive:775.1072922609965;fare:748,,0,0,8,52329.23503,53170.89005,748,0,689.2350286,FALSE,51643.2,FALSE,[]
219,BasicRequest_no_show,2,52230,52230,1965;-1;-1,1587;-1;-1,,,,,671.3820269,7484.450262,0:t_wait:99.23502859702421;t_drive:775.1072922609965;fare:1496,,0,0,8,52329.23503,53170.89005,1496,0,99.2350286,FALSE,52232.1,FALSE,[]
46,BasicRequest_no_show,1,52320,52320,746;-1;-1,1587;-1;-1,,,,,516.5322852,6110.517828,0:t_wait:319.39276407201396;t_drive:531.497284516001;fare:611,,0,0,8,52639.39276,53170.89005,611,0,319.3927641,FALSE,52322.8,FALSE,[]
521,BasicRequest_no_show,1,53200,53200,2442;-1;-1,1736;-1;-1,,,,,476.8921319,4453.115185,0:00,,,,,,,,0,,FALSE,,FALSE,[]
849,BasicRequest_no_show,1,53200,53200,314;-1;-1,2122;-1;-1,,,,,581.0640778,5060.966157,0:00,,,,,,,,0,,FALSE,,FALSE,[]
898,BasicRequest_no_show,1,53250,53250,1390;-1;-1,4023;-1;-1,,,,,230.2117899,2133.575037,0:00,,,,,,,,0,,FALSE,,FALSE,[]
893,BasicRequest_no_show,1,51650,51650,3805;-1;-1,3397;-1;-1,,,,,384.345323,4344.401083,0:t_wait:512.9782834510115;t_drive:417.075844166;fare:434,,0,0,5,52782.04657,53260.98225,434,0,512.9782835,FALSE,51652.95,FALSE,[]
50,BasicRequest_no_show,1,53280,53280,2131;-1;-1,427;-1;-1,,,,,354.7815873,3087.562543,0:00,,,,,,,,0,,FALSE,,FALSE,[]
104,BasicRequest_no_show,1,53160,53160,3816;-1;-1,2627;-1;-1,,,,,539.8884487,7382.866521,0:t_wait:922.0337024739638;t_drive:566.6044197869996;fare:738,53340,0,,,,,738,0,922.0337025,TRUE,,FALSE,[]
852,BasicRequest_no_show,1,52470,52470,427;-1;-1,2131;-1;-1,,,,,349.0735682,3097.970674,0:t_wait:547.9360926699592;t_drive:354.1660997940053;fare:309,,0,0,1,53017.93609,53396.62596,309,0,547.9360927,FALSE,52473.45,FALSE,[]
679,BasicRequest_no_show,1,53230,53230,2122;-1;-1,748;-1;-1,,,,,197.8358256,1893.008388,0:t_wait:991.4538490680643;t_drive:273.9713949479992;fare:189,53410,0,,,,,189,0,994.1887829,TRUE,,FALSE,[]
295,BasicRequest_no_show,1,51740,51740,1587;-1;-1,3873;-1;-1,,,,,611.7389536,9724.915668,0:t_wait:899.0627452830231;t_drive:644.469474755002;fare:972,,0,0,4,52860.43438,53504.90385,972,0,899.0627453,FALSE,51758.8,FALSE,[]
559,BasicRequest_no_show,1,52750,52750,2404;-1;-1,359;-1;-1,,,,,116.6925591,971.4948187,0:t_wait:640.899843948966;t_drive:131.65755844899832;fare:100,,0,0,3,53390.89984,53522.5574,100,0,640.8998439,FALSE,52752.75,FALSE,[]
560,BasicRequest_no_show,2,53570,53570,2313;-1;-1,482;-1;-1,,,,,710.198509,8903.418661,0:t_wait:1167.7620117569895;t_drive:734.4876538280005;fare:1780,53570,0,,,,,1780,0,1167.762012,TRUE,53573.6,FALSE,[]
43,BasicRequest_no_show,1,51360,51360,3661;-1;-1,793;-1;-1,,,,,836.4209823,8890.650737,0:t_wait:693.3428044100074;t_drive:1102.3343278329994;fare:889,,0,0,7,52536.78687,53687.75777,889,0,693.3428044,FALSE,51365.35,FALSE,[]
863,BasicRequest_no_show,1,52530,52530,3661;-1;-1,793;-1;-1,,,,,836.4209823,8890.650737,0:t_wait:6.786868624971248;t_drive:1150.9709038330038;fare:889,,0,0,7,52536.78687,53687.75777,889,0,6.786868625,FALSE,52534,FALSE,[]
327,BasicRequest_no_show,1,52740,52740,359;-1;-1,2404;-1;-1,,,,,118.3409818,971.4948187,0:t_wait:739.6416433609702;t_drive:189.03143006499886;fare:100,,0,0,3,53522.5574,53711.58883,100,0,739.6416434,FALSE,52742.9,FALSE,[]
329,BasicRequest_no_show,1,52610,52610,744;-1;-1,3474;-1;-1,,,,,265.4196721,2591.250283,0:t_wait:712.1926034700664;t_drive:402.5134106480036;fare:259,,0,0,0,53322.1926,53727.44095,259,0,712.1926035,FALSE,52614.6,FALSE,[]
797,BasicRequest_no_show,1,51490,51490,2513;-1;-1,2130;-1;-1,,,,,964.9916168,9805.428662,0:t_wait:877.7128735480073;t_drive:980.5209909289988;fare:980,,0,0,2,52367.71287,53741.03204,980,0,877.7128735,FALSE,51560.3,FALSE,[]
667,BasicRequest_no_show,1,53120,53120,519;-1;-1,3475;-1;-1,,,,,253.1523771,2336.370317,0:t_wait:371.99304875399685;t_drive:277.2376134090082;fare:233,,0,0,5,53491.99305,53769.23066,233,0,371.9930488,FALSE,53122,FALSE,[]
659,BasicRequest_no_show,1,52040,52040,3350;-1;-1,793;-1;-1,,,,,370.6563881,3650.826318,0:t_wait:897.6013049999892;t_drive:556.6868020690017;fare:365,,0,0,6,53233.06464,53789.75145,365,0,897.601305,FALSE,52162.2,FALSE,[]
564,BasicRequest_no_show,1,52210,52210,3119;-1;-1,1587;-1;-1,,,,,677.7556841,8834.684525,0:t_wait:737.94216228601;t_drive:907.1870864560042;fare:883,,0,0,2,52947.94216,53855.12925,883,0,737.9421623,FALSE,52215.2,FALSE,[]
901,BasicRequest_no_show,1,52490,52490,2181;-1;-1,427;-1;-1,,,,,352.6790967,3154.076753,0:t_wait:882.6796135559707;t_drive:504.30692653899314;fare:315,,0,0,1,53372.67961,53876.98654,315,0,882.6796136,FALSE,52594.25,FALSE,[]
856,BasicRequest_no_show,1,53340,53340,2131;-1;-1,427;-1;-1,,,,,354.7815873,3087.562543,0:t_wait:56.62596499895881;t_drive:480.3605750959978;fare:308,,0,0,1,53396.62596,53876.98654,308,0,56.625965,FALSE,53343,FALSE,[]
425,BasicRequest_no_show,1,52410,52410,3350;-1;-1,3417;-1;-1,,,,,329.9203378,3491.827004,0:t_wait:805.2082172300798;t_drive:331.4417720909987;fare:349,,0,0,0,53491.76206,53981.19863,349,0,805.2082172,FALSE,52414.1,FALSE,[]
579,BasicRequest_no_show,1,53390,53390,3350;-1;-1,3417;-1;-1,,,,,329.9203378,3491.827004,0:t_wait:101.76206336006726;t_drive:474.33464588900097;fare:349,,0,0,0,53491.76206,53981.19863,349,0,101.7620634,FALSE,53393.55,FALSE,[]
640,BasicRequest_no_show,1,52010,52010,1587;-1;-1,1767;-1;-1,,,,,825.8762268,10317.69976,0:t_wait:850.4343750100161;t_drive:1143.0914840199985;fare:1031,,0,0,4,52860.43438,54003.52586,1031,0,850.434375,FALSE,52022.7,FALSE,[]
430,BasicRequest_no_show,1,52290,52290,1037;-1;-1,2122;-1;-1,,,,,419.0499405,3624.614975,0:t_wait:727.864995837961;t_drive:463.58366473899514;fare:362,,0,0,1,53483.19401,54025.35622,362,0,727.8649958,FALSE,52293.9,FALSE,[]
529,BasicRequest_no_show,1,52750,52750,3427;-1;-1,1013;-1;-1,,,,,298.0756768,2996.811111,0:t_wait:754.134886786982;t_drive:301.6546786520048;fare:299,,0,0,5,53692.79702,54127.19783,299,0,754.1348868,FALSE,52754.45,FALSE,[]
97,BasicRequest_no_show,1,54200,54200,1235;-1;-1,3421;-1;-1,,,,,411.9101976,3973.50786,0:00,,,,,,,,0,,FALSE,,FALSE,[]
646,BasicRequest_no_show,2,54200,54200,3661;-1;-1,793;-1;-1,,,,,836.4209823,8890.650737,0:t_wait:1138.3035227839573;t_drive:860.710127133003;fare:1778,54200,0,,,,,1778,0,1138.303523,TRUE,54203.25,FALSE,[]
502,BasicRequest_no_show,1,54210,54210,744;-1;-1,3474;-1;-1,,,,,265.4196721,2591.250283,0:00,,,,,,,,0,,FALSE,,FALSE,[]
573,BasicRequest_no_show,1,54230,54230,3475;-1;-1,519;-1;-1,,,,,251.7474309,2336.370317,0:00,,,,,,,,0,,FALSE,,FALSE,[]
693,BasicRequest_no_show,1,54250,54250,184;-1;-1,1518;-1;-1,,,,,127.081835,1249.649375,0:00,,,,,,,,0,,FALSE,,FALSE,[]
799,BasicRequest_no_show,1,54250,54250,571;-1;-1,425;-1;-1,,,,,379.327685,3990.134266,0:t_wait:1043.9295625679588;t_drive:386.1394566470044;fare:399,54260,0,,,,,399,0,1043.929563,TRUE,54264.6,FALSE,[]
204,BasicRequest_no_show,1,53260,53260,3352;-1;-1,2356;-1;-1,,,,,152.7337982,1482.965078,0:t_wait:834.31551058896;t_drive:170.03740801499953;fare:148,,0,0,7,54094.31551,54264.35292,148,0,834.3155106,FALSE,53268.4,FALSE,[]
574,BasicRequest_no_show,1,54180,54180,1135;-1;-1,3474;-1;-1,,,,,185.7115634,1772.356401,0:t_wait:1012.0156268510182;t_drive:238.12317339400033;fare:177,54270,0,,,,,177,0,1012.015627,TRUE,54273.55,FALSE,[]
53,BasicRequest_no_show,2,54300,54300,1013;-1;-1,3427;-1;-1,,,,,300.4305752,2996.811111,0:00,,,,,,,,0,,FALSE,,FALSE,[]
410,BasicRequest_no_show,2,53320,53320,735;-1;-1,3971;-1;-1,,,,,166.8607872,1544.809878,0:t_wait:815.7770838890428;t_drive:168.40315241800272;fare:308,,0,0,4,54135.77708,54304.18024,308,0,815.7770839,FALSE,53325.45,FALSE,[]
165,BasicRequest_no_show,1,54310,54310,1282;-1;-1,430;-1;-1,,,,,295.0523449,3961.577231,0:t_wait:1140.41520592905;t_drive:387.6889166999972;fare:396,54310,0,,,,,396,0,1140.415206,TRUE,54314.5,FALSE,[]
531,BasicRequest_no_show,1,53090,53090,3474;-1;-1,744;-1;-1,,,,,266.0737664,2591.250283,0:t_wait:860.4708345029576;t_drive:366.07104825799615;fare:259,,0,0,1,53950.47083,54316.54188,259,0,860.4708345,FALSE,53125.85,FALSE,[]
291,BasicRequest_no_show,1,54330,54330,3119;-1;-1,1587;-1;-1,,,,,677.7556841,8834.684525,0:t_wait:1177.5418441049915;t_drive:792.5244375760012;fare:883,54330,0,,,,,883,0,1177.541844,TRUE,54334.2,FALSE,[]
240,BasicRequest_no_show,1,54330,54330,1736;-1;-1,2238;-1;-1,,,,,488.8636989,4844.844656,0:t_wait:1039.3642383500555;t_drive:508.82337504300085;fare:484,54340,0,,,,,484,0,1039.364238,TRUE,54345.6,FALSE,[]
912,BasicRequest_no_show,1,54350,54350,748;-1;-1,2122;-1;-1,,,,,198.8823265,1893.008388,0:t_wait:1095.148549257996;t_drive:254.61364976700133;fare:189,54350,0,,,,,189,0,1095.148549,TRUE,54356.15,FALSE,[]
269,BasicRequest_no_show,1,54370,54370,2131;-1;-1,427;-1;-1,,,,,354.7815873,3087.562543,0:00,,,,,,,,0,,FALSE,,FALSE,[]
54,BasicRequest_no_show,1,54420,54420,173;-1;-1,240;-1;-1,,,,,320.8843571,3206.508266,0:00,,,,,,,,0,,FALSE,,FALSE,[]
718,BasicRequest_no_show,1,54420,54420,1489;-1;-1,4068;-1;-1,,,,,710.9436057,7279.12792,0:00,,,,,,,,0,,FALSE,,FALSE,[]
138,BasicRequest_no_show,1,54410,54410,1736;-1;-1,2238;-1;-1,,,,,488.8636989,4844.844656,0:t_wait:1040.8366964380475;t_drive:490.4388986310005;fare:484,54420,0,,,,,484,0,1040.836696,TRUE,54427.85,FALSE,[]
903,BasicRequest_no_show,1,54410,54410,2513;-1;-1,2834;-1;-1,,,,,900.0562984,9904.365089,0:t_wait:1056.589863060959;t_drive:965.4894985170031;fare:990,54420,0,,,,,990,0,1056.589863,TRUE,54424.3,FALSE,[]
472,BasicRequest_no_show,1,53480,53480,3421;-1;-1,1235;-1;-1,,,,,414.295725,3967.938804,0:t_wait:413.85597942607274;t_drive:532.4304065910037;fare:396,,0,0,0,53893.85598,54426.28639,396,0,413.8559794,FALSE,53482.5,FALSE,[]
681,BasicRequest_no_show,1,53330,53330,1587;-1;-1,1810;-1;-1,,,,,534.1942125,6305.355312,0:t_wait:525.1292487420069;t_drive:574.5675160779938;fare:630,,0,0,2,53855.12925,54443.02013,630,0,525.1292487,FALSE,53333.65,FALSE,[]
541,BasicRequest_no_show,2,53530,53530,1587;-1;-1,1810;-1;-1,,,,,534.1942125,6305.355312,0:t_wait:325.12924874202145;t_drive:587.8908855579939;fare:1261,,0,0,2,53855.12925,54443.02013,1261,0,325.1292487,FALSE,53532.85,FALSE,[]
793,BasicRequest_no_show,1,54450,54450,1810;-1;-1,1587;-1;-1,,,,,540.0455447,6254.986892,0:t_wait:1039.7553359119993;t_drive:595.9529444950022;fare:625,54460,0,,,,,625,0,1039.755336,TRUE,54466.4,FALSE,[]
342,BasicRequest_no_show,1,52430,52430,1154;-1;-1,2877;-1;-1,,,,,1022.780226,12666.39161,0:t_wait:827.6351607680117;t_drive:1219.2946074489955;fare:1266,,0,0,8,53257.63516,54476.92977,1266,0,827.6351608,FALSE,52448.05,FALSE,[]
55,BasicRequest_no_show,1,54480,54480,184;-1;-1,1518;-1;-1,,,,,127.081835,1249.649375,0:00,,,,,,,,0,,FALSE,,FALSE,[]
124,BasicRequest_no_show,1,54470,54470,571;-1;-1,425;-1;-1,,,,,379.327685,3990.134266,0:t_wait:1056.994272531003;t_drive:412.0582062060057;fare:399,54490,0,,,,,399,0,1056.994273,TRUE,54494.45,FALSE,[]
647,BasicRequest_no_show,1,54540,54540,735;-1;-1,3971;-1;-1,,,,,166.8607872,1544.809878,0:t_wait:1060.0200885160448;t_drive:232.29398730600224;fare:154,54560,0,,,,,154,0,1060.020089,TRUE,54560.05,FALSE,[]
242,BasicRequest_no_show,1,54560,54560,2404;-1;-1,2208;-1;-1,,,,,123.5545746,1020.494823,0:t_wait:1159.4762437629615;t_drive:133.7519981000005;fare:102,54560,0,,,,,102,0,1159.476244,TRUE,54565.3,FALSE,[]
306,BasicRequest_no_show,1,54560,54560,129;-1;-1,2734;-1;-1,,,,,536.5047611,8025.811803,0:t_wait:1174.3973073320012;t_drive:556.3123529279983;fare:802,54560,0,,,,,802,0,1174.397307,TRUE,54564.05,FALSE,[]
834,BasicRequest_no_show,1,54630,54630,3816;-1;-1,3970;-1;-1,,,,,589.9103059,7782.754767,0:00,,,,,,,,0,,FALSE,,FALSE,[]
645,BasicRequest_no_show,1,53930,53930,240;-1;-1,3450;-1;-1,,,,,298.7022121,2991.96851,0:t_wait:419.5319956009989;t_drive:313.6672114210014;fare:299,,0,0,6,54349.532,54663.19921,299,0,419.5319956,FALSE,53932.2,FALSE,[]
449,BasicRequest_no_show,1,54490,54490,3803;-1;-1,3572;-1;-1,,,,,381.0547439,4118.424971,0:t_wait:985.348056513998;t_drive:436.96214360999875;fare:411,54670,0,,,,,411,0,985.3480565,TRUE,,FALSE,[]
766,BasicRequest_no_show,1,53510,53510,746;-1;-1,1587;-1;-1,,,,,516.5322852,6110.517828,0:t_wait:658.2466555449791;t_drive:545.2607793260031;fare:611,,0,0,3,54168.24666,54713.50743,611,0,658.2466555,FALSE,53513,FALSE,[]
726,BasicRequest_no_show,1,53320,53320,3414;-1;-1,747;-1;-1,,,,,402.1107085,6322.574821,0:t_wait:936.5715982340043;t_drive:406.9551482429961;fare:632,,0,0,5,54362.14912,54769.10427,632,0,936.5715982,FALSE,,FALSE,[]
149,BasicRequest_no_show,1,53610,53610,3683;-1;-1,1736;-1;-1,,,,,440.6483471,6670.371201,0:t_wait:677.2128987400138;t_drive:519.2421986510017;fare:667,,0,0,5,54287.2129,54806.4551,667,0,677.2128987,FALSE,53613.65,FALSE,[]
114,BasicRequest_no_show,2,54810,54810,3661;-1;-1,793;-1;-1,,,,,836.4209823,8890.650737,0:00,,,,,,,,0,,FALSE,,FALSE,[]
206,BasicRequest_no_show,1,54020,54020,3970;-1;-1,1815;-1;-1,,,,,334.0068975,3096.680338,0:t_wait:393.1089522419643;t_drive:448.77565102600056;fare:309,,0,0,7,54413.10895,54861.8846,309,0,393.1089522,FALSE,54024.5,FALSE,[]
475,BasicRequest_no_show,1,54870,54870,2380;-1;-1,1206;-1;-1,,,,,260.256773,2511.061837,0:t_wait:1154.4926153410124;t_drive:325.6899731950034;fare:251,54870,0,,,,,251,0,1154.492615,TRUE,54874.05,FALSE,[]
57,BasicRequest_no_show,1,54900,54900,1305;-1;-1,3196;-1;-1,,,,,230.1960361,2161.198382,0:00,,,,,,,,0,,FALSE,,FALSE,[]
615,BasicRequest_no_show,1,54150,54150,2445;-1;-1,3970;-1;-1,,,,,260.8157611,2342.188479,0:t_wait:557.1526235850397;t_drive:264.39476291200117;fare:234,,0,0,2,54707.15262,54971.54739,234,0,557.1526236,FALSE,54152.85,FALSE,[]
414,BasicRequest_no_show,1,55000,55000,744;-1;-1,3477;-1;-1,,,,,281.1941479,2759.654555,0:00,,,,,,,,0,,FALSE,,FALSE,[]
51,BasicRequest_no_show,1,54000,54000,3802;-1;-1,3571;-1;-1,,,,,395.2612635,4238.245676,0:t_wait:502.6983892190401;t_drive:461.5554517080018;fare:423,,0,0,4,54502.69839,55093.59956,423,0,502.6983892,FALSE,54002.7,FALSE,[]
492,BasicRequest_no_show,1,54510,54510,3802;-1;-1,3571;-1;-1,,,,,395.2612635,4238.245676,0:t_wait:58.99257742903865;t_drive:524.6069807609965;fare:423,,0,0,4,54568.99258,55093.59956,423,0,58.99257743,FALSE,54512.75,FALSE,[]
294,BasicRequest_no_show,1,54920,54920,3349;-1;-1,2860;-1;-1,,,,,402.6258133,3879.255723,0:t_wait:969.6172363870137;t_drive:463.2116799139985;fare:387,55100,0,,,,,387,0,969.6172364,TRUE,,FALSE,[]
52,BasicRequest_no_show,1,54000,54000,3672;-1;-1,1281;-1;-1,,,,,126.3823651,1277.5261,0:t_wait:652.5896270569647;t_drive:127.95756484699814;fare:127,,0,0,7,55001.14387,55129.10143,127,0,652.5896271,FALSE,54005.45,FALSE,[]
548,BasicRequest_no_show,1,54090,54090,256;-1;-1,553;-1;-1,,,,,305.5270378,2918.226402,0:t_wait:693.7741584579999;t_drive:399.3073749089963;fare:291,,0,0,6,54783.77416,55183.08153,291,0,693.7741585,FALSE,54094.05,FALSE,[]
162,BasicRequest_no_show,1,54350,54350,256;-1;-1,553;-1;-1,,,,,305.5270378,2918.226402,0:t_wait:433.7741584579999;t_drive:399.3073749089963;fare:291,,0,0,6,54783.77416,55183.08153,291,0,433.7741585,FALSE,54353.05,FALSE,[]
381,BasicRequest_no_show,1,54130,54130,578;-1;-1,2122;-1;-1,,,,,244.8329238,2273.12487,0:t_wait:686.7901381940464;t_drive:316.8875104000035;fare:227,,0,0,8,54898.2626,55215.15011,227,0,686.7901382,FALSE,54132.95,FALSE,[]
730,BasicRequest_no_show,1,54340,54340,1037;-1;-1,2122;-1;-1,,,,,419.0499405,3624.614975,0:t_wait:294.324961335049;t_drive:580.8251453470002;fare:362,,0,0,8,54634.32496,55215.15011,362,0,294.3249613,FALSE,54343.7,FALSE,[]
755,BasicRequest_no_show,1,55260,55260,571;-1;-1,425;-1;-1,,,,,379.327685,3990.134266,0:t_wait:1057.2116864530472;t_drive:389.52510850600083;fare:399,55260,0,,,,,399,0,1057.211686,TRUE,55264.3,FALSE,[]
547,BasicRequest_no_show,1,55280,55280,2439;-1;-1,2311;-1;-1,,,,,313.1548855,3051.888174,0:t_wait:1146.7093093510339;t_drive:427.92363895499875;fare:305,55280,0,,,,,305,0,1146.709309,TRUE,55285.2,FALSE,[]
389,BasicRequest_no_show,1,53980,53980,1587;-1;-1,746;-1;-1,,,,,515.379622,6160.886248,0:t_wait:733.507434870975;t_drive:580.8128221989973;fare:616,,0,0,3,54713.50743,55294.32026,616,0,733.5074349,FALSE,53983.4,FALSE,[]
407,BasicRequest_no_show,1,54290,54290,3427;-1;-1,1013;-1;-1,,,,,298.0756768,2996.811111,0:t_wait:654.1517015149584;t_drive:375.39046459100064;fare:299,,0,0,7,54944.1517,55319.54217,299,0,654.1517015,FALSE,54294.2,FALSE,[]
127,BasicRequest_no_show,1,55200,55200,2208;-1;-1,2404;-1;-1,,,,,123.3507738,1020.494823,0:t_wait:926.814223687994;t_drive:128.19521352199808;fare:102,55380,0,,,,,102,0,926.8142237,TRUE,,FALSE,[]
186,BasicRequest_no_show,1,55420,55420,3572;-1;-1,3803;-1;-1,,,,,379.5285656,4118.424971,0:00,,,,,,,,0,,FALSE,,FALSE,[]
399,BasicRequest_no_show,1,54610,54610,1135;-1;-1,3474;-1;-1,,,,,185.7115634,1772.356401,0:t_wait:582.0156268510036;t_drive:241.4428866140006;fare:177,,0,0,5,55192.01563,55433.45851,177,0,582.0156269,FALSE,54613.7,FALSE,[]
613,BasicRequest_no_show,1,55660,55660,2130;-1;-1,2513;-1;-1,,,,,964.8690492,13957.74923,0:00,,,,,,,,0,,FALSE,,FALSE,[]
333,BasicRequest_no_show,1,54240,54240,3561;-1;-1,1587;-1;-1,,,,,692.763841,7847.046492,0:t_wait:654.5648057000217;t_drive:764.6867668100022;fare:784,,0,0,4,54902.22516,55666.91193,784,0,654.5648057,FALSE,54244,FALSE,[]
612,BasicRequest_no_show,1,54750,54750,3805;-1;-1,1517;-1;-1,,,,,210.836881,2221.334515,0:t_wait:689.0785795580014;t_drive:231.61841367600573;fare:222,,0,0,6,55439.07858,55670.69699,222,0,689.0785796,FALSE,54752.75,FALSE,[]
139,BasicRequest_no_show,2,55730,55730,3816;-1;-1,3970;-1;-1,,,,,589.9103059,7782.754767,0:00,,,,,,,,0,,FALSE,,FALSE,[]
780,BasicRequest_no_show,1,54080,54080,3970;-1;-1,3816;-1;-1,,,,,589.1046913,7782.754767,0:t_wait:500.5633163280363;t_drive:616.87159101;fare:778,,0,0,2,54971.54739,55833.69558,778,0,500.5633163,FALSE,54085.75,FALSE,[]
493,BasicRequest_no_show,1,54290,54290,3970;-1;-1,3816;-1;-1,,,,,589.1046913,7782.754767,0:t_wait:681.5473864970409;t_drive:619.1046913399987;fare:778,,0,0,2,54971.54739,55833.69558,778,0,681.5473865,FALSE,54293.95,FALSE,[]
446,BasicRequest_no_show,1,54330,54330,2627;-1;-1,3816;-1;-1,,,,,538.6666443,7382.866521,0:t_wait:721.9854335380442;t_drive:781.7101483990045;fare:738,,0,0,2,55051.98543,55833.69558,738,0,721.9854335,FALSE,54335,FALSE,[]
145,BasicRequest_no_show,1,54310,54310,3475;-1;-1,519;-1;-1,,,,,251.7474309,2336.370317,0:t_wait:738.7583725770164;t_drive:374.56604738900205;fare:233,,0,0,5,55465.50504,55840.07109,233,0,738.7583726,FALSE,54315.4,FALSE,[]
357,BasicRequest_no_show,1,54820,54820,3475;-1;-1,519;-1;-1,,,,,251.7474309,2336.370317,0:t_wait:645.5050377640146;t_drive:374.56604738900205;fare:233,,0,0,5,55465.50504,55840.07109,233,0,645.5050378,FALSE,54823,FALSE,[]
734,BasicRequest_no_show,1,54310,54310,1587;-1;-1,1767;-1;-1,,,,,825.8762268,10317.69976,0:t_wait:403.507434870975;t_drive:1119.1554592159955;fare:1031,,0,0,3,54713.50743,55871.10315,1031,0,403.5074349,FALSE,54312.65,FALSE,[]
514,BasicRequest_no_show,1,55150,55150,747;-1;-1,3414;-1;-1,,,,,403.0424804,6322.574821,0:t_wait:293.4858702100464;t_drive:447.6898964570064;fare:632,,0,0,8,55443.48587,55891.17577,632,0,293.4858702,FALSE,55154.75,FALSE,[]
133,BasicRequest_no_show,2,54620,54620,1736;-1;-1,3683;-1;-1,,,,,440.6371043,6670.371201,0:t_wait:830.8366964380475;t_drive:469.54693338299694;fare:1334,,0,0,8,55452.27013,55951.81707,1334,0,830.8366964,FALSE,54642.8,FALSE,[]
926,BasicRequest_no_show,3,54780,54780,571;-1;-1,3474;-1;-1,,,,,380.4802382,4980.263801,0:t_wait:690.1032247729454;t_drive:497.98998268899595;fare:1494,,0,0,7,55470.10322,56032.22252,1494,0,690.1032248,FALSE,54783.75,FALSE,[]
527,BasicRequest_no_show,1,56070,56070,3421;-1;-1,1235;-1;-1,,,,,414.295725,3967.938804,0:00,,,,,,,,0,,FALSE,,FALSE,[]
879,BasicRequest_no_show,1,56090,56090,1965;-1;-1,1587;-1;-1,,,,,671.3820269,7484.450262,0:t_wait:1166.3062877699558;t_drive:848.7919905610033;fare:748,56090,0,,,,,748,0,1166.306288,TRUE,56092.85,FALSE,[]
56,BasicRequest_no_show,1,54600,54600,1736;-1;-1,2442;-1;-1,,,,,478.5218254,4453.115185,0:t_wait:850.8366964380475;t_drive:507.43165451799723;fare:445,,0,0,8,55452.27013,56136.93408,445,0,850.8366964,FALSE,54623.65,FALSE,[]
815,BasicRequest_no_show,1,55040,55040,4068;-1;-1,1734;-1;-1,,,,,385.1859854,4384.222749,0:t_wait:658.595982903993;t_drive:498.04188597900065;fare:438,,0,0,3,55698.59598,56196.63787,438,0,658.5959829,FALSE,55043.25,FALSE,[]
88,BasicRequest_no_show,1,55110,55110,1282;-1;-1,867;-1;-1,,,,,312.8312011,4096.124161,0:t_wait:765.7949074450225;t_drive:324.1219023800004;fare:409,,0,0,6,55875.79491,56199.91681,409,0,765.7949074,FALSE,55116.95,FALSE,[]
886,BasicRequest_no_show,1,55040,55040,3562;-1;-1,275;-1;-1,,,,,431.781592,4250.345936,0:t_wait:880.0587238269436;t_drive:517.568843068002;fare:425,,0,0,7,55920.05872,56437.62757,425,0,880.0587238,FALSE,55087.95,FALSE,[]
176,BasicRequest_no_show,1,55090,55090,3562;-1;-1,275;-1;-1,,,,,431.781592,4250.345936,0:t_wait:830.0587238269363;t_drive:517.568843068002;fare:425,,0,0,7,55920.05872,56437.62757,425,0,830.0587238,FALSE,55101.25,FALSE,[]
461,BasicRequest_no_show,1,56470,56470,3672;-1;-1,1281;-1;-1,,,,,126.3823651,1277.5261,0:00,,,,,,,,0,,FALSE,,FALSE,[]
60,BasicRequest_no_show,1,56520,56520,1282;-1;-1,867;-1;-1,,,,,312.8312011,4096.124161,0:00,,,,,,,,0,,FALSE,,FALSE,[]
572,BasicRequest_no_show,1,55400,55400,578;-1;-1,2122;-1;-1,,,,,244.8329238,2273.12487,0:t_wait:753.6910288310391;t_drive:367.6515403200028;fare:227,,0,0,2,56153.69103,56521.34257,227,0,753.6910288,FALSE,55403.45,FALSE,[]
690,BasicRequest_no_show,1,56400,56400,338;-1;-1,1014;-1;-1,,,,,310.1293398,3146.53602,0:t_wait:933.1373656769429;t_drive:323.9824065879948;fare:314,56580,0,,,,,314,0,933.1373657,TRUE,,FALSE,[]
685,BasicRequest_no_show,1,56590,56590,1518;-1;-1,184;-1;-1,,,,,124.0000863,1249.649375,0:00,,,,,,,,0,,FALSE,,FALSE,[]
678,BasicRequest_no_show,1,55520,55520,2301;-1;-1,439;-1;-1,,,,,389.4320428,3780.557425,0:t_wait:603.3811873979939;t_drive:482.0686145469954;fare:378,,0,0,5,56123.38119,56605.4498,378,0,603.3811874,FALSE,55522.5,FALSE,[]
298,BasicRequest_no_show,1,55840,55840,3477;-1;-1,744;-1;-1,,,,,281.8482422,2759.654555,0:t_wait:545.2572482649994;t_drive:286.6926819069995;fare:275,,0,0,6,56385.25725,56671.94993,275,0,545.2572483,FALSE,55842.2,FALSE,[]
272,BasicRequest_no_show,1,56710,56710,2030;-1;-1,236;-1;-1,,,,,437.427021,4282.066997,0:00,,,,,,,,0,,FALSE,,FALSE,[]
299,BasicRequest_no_show,2,56740,56740,2131;-1;-1,427;-1;-1,,,,,354.7815873,3087.562543,0:00,,,,,,,,0,,FALSE,,FALSE,[]
719,BasicRequest_no_show,1,55860,55860,3414;-1;-1,747;-1;-1,,,,,402.1107085,6322.574821,0:t_wait:381.91414661701856;t_drive:516.8794619909968;fare:632,,0,0,3,56241.91415,56758.79361,632,0,381.9141466,FALSE,55862.45,FALSE,[]
61,BasicRequest_no_show,1,56760,56760,359;-1;-1,2404;-1;-1,,,,,118.3409818,971.4948187,0:00,,,,,,,,0,,FALSE,,FALSE,[]
62,BasicRequest_no_show,1,56760,56760,3805;-1;-1,1517;-1;-1,,,,,210.836881,2221.334515,0:00,,,,,,,,0,,FALSE,,FALSE,[]
58,BasicRequest_no_show,1,56040,56040,571;-1;-1,425;-1;-1,,,,,379.327685,3990.134266,0:t_wait:277.2116864530544;t_drive:435.0590082960043;fare:399,,0,0,8,56317.21169,56783.83111,399,0,277.2116865,FALSE,56043.5,FALSE,[]
190,BasicRequest_no_show,1,56370,56370,571;-1;-1,425;-1;-1,,,,,379.327685,3990.134266,0:t_wait:2.9430097030635807;t_drive:410.88809592799953;fare:399,,0,0,8,56372.94301,56783.83111,399,0,2.943009703,FALSE,56373.15,FALSE,[]
264,BasicRequest_no_show,1,56800,56800,2122;-1;-1,578;-1;-1,,,,,245.5208638,2273.12487,0:00,,,,,,,,0,,FALSE,,FALSE,[]
880,BasicRequest_no_show,1,56830,56830,1965;-1;-1,1587;-1;-1,,,,,671.3820269,7484.450262,0:t_wait:1101.485059572995;t_drive:836.5093694609968;fare:748,56830,0,,,,,748,0,1101.48506,TRUE,56835.8,FALSE,[]
534,BasicRequest_no_show,1,56090,56090,3802;-1;-1,230;-1;-1,,,,,228.4991292,2232.496971,0:t_wait:484.98340397795255;t_drive:285.4673294020031;fare:223,,0,0,7,56574.9834,56860.45073,223,0,484.983404,FALSE,56092.55,FALSE,[]
778,BasicRequest_no_show,1,56880,56880,3474;-1;-1,1135;-1;-1,,,,,186.0877485,1772.356401,0:t_wait:1045.4679243099963;t_drive:289.8130139019995;fare:177,56900,0,,,,,177,0,1045.467924,TRUE,56901.25,FALSE,[]
468,BasicRequest_no_show,1,56320,56320,3416;-1;-1,2687;-1;-1,,,,,251.433166,2665.737517,0:t_wait:215.22767193606705;t_drive:371.2147487399998;fare:266,,0,0,8,56561.94364,56933.15839,266,0,215.2276719,FALSE,56322.1,FALSE,[]
115,BasicRequest_no_show,1,56970,56970,2130;-1;-1,2513;-1;-1,,,,,964.8690492,13957.74923,0:00,,,,,,,,0,,FALSE,,FALSE,[]
171,BasicRequest_no_show,1,56400,56400,230;-1;-1,3347;-1;-1,,,,,153.1574557,1534.616439,0:t_wait:460.4507333799411;t_drive:183.84836798800097;fare:153,,0,0,7,56860.45073,57044.2991,153,0,460.4507334,FALSE,56403.75,FALSE,[]
722,BasicRequest_no_show,1,56890,56890,3183;-1;-1,1276;-1;-1,,,,,443.9482064,4596.477431,0:t_wait:971.2224854719825;t_drive:504.53407295799843;fare:459,57070,0,,,,,459,0,971.2224855,TRUE,,FALSE,[]
419,BasicRequest_no_show,1,56620,56620,748;-1;-1,2122;-1;-1,,,,,198.8823265,1893.008388,0:t_wait:217.15866219304007;t_drive:281.51397498699953;fare:189,,0,0,2,56837.15866,57118.67264,189,0,217.1586622,FALSE,56623.5,FALSE,[]
770,BasicRequest_no_show,1,57130,57130,1047;-1;-1,3417;-1;-1,,,,,451.4091789,3934.259925,0:t_wait:1135.9875308239934;t_drive:482.10009118699963;fare:393,57130,0,,,,,393,0,1135.987531,TRUE,57136.2,FALSE,[]
840,BasicRequest_no_show,1,55990,55990,3970;-1;-1,3816;-1;-1,,,,,589.1046913,7782.754767,0:t_wait:570.306574991002;t_drive:659.7951396099961;fare:778,,0,0,4,56560.30657,57220.10171,778,0,570.306575,FALSE,55995.25,FALSE,[]
935,BasicRequest_no_show,1,56480,56480,430;-1;-1,1282;-1;-1,,,,,292.743019,3961.577231,0:t_wait:351.4121562439832;t_drive:321.4715131269986;fare:396,,0,0,5,56831.41216,57231.52264,396,0,351.4121562,FALSE,56485.15,FALSE,[]
202,BasicRequest_no_show,3,56490,56490,430;-1;-1,1282;-1;-1,,,,,292.743019,3961.577231,0:t_wait:341.4121562439832;t_drive:400.1104876669997;fare:1188,,0,0,5,56831.41216,57231.52264,1188,0,341.4121562,FALSE,56494.5,FALSE,[]
105,BasicRequest_no_show,1,57420,57420,4068;-1;-1,1734;-1;-1,,,,,385.1859854,4384.222749,0:00,,,,,,,,0,,FALSE,,FALSE,[]
520,BasicRequest_no_show,1,56940,56940,3802;-1;-1,230;-1;-1,,,,,228.4991292,2232.496971,0:t_wait:158.91267401506047;t_drive:332.2243946419985;fare:223,,0,0,8,57098.91267,57431.13707,223,0,158.912674,FALSE,56942.75,FALSE,[]
64,BasicRequest_no_show,1,57480,57480,1135;-1;-1,3474;-1;-1,,,,,185.7115634,1772.356401,0:t_wait:1066.2070630679955;t_drive:187.87944554800197;fare:177,57490,0,,,,,177,0,1066.207063,TRUE,57491.2,FALSE,[]
648,BasicRequest_no_show,1,57570,57570,1013;-1;-1,3427;-1;-1,,,,,300.4305752,2996.811111,0:00,,,,,,,,0,,FALSE,,FALSE,[]
91,BasicRequest_no_show,1,57580,57580,1282;-1;-1,430;-1;-1,,,,,295.0523449,3961.577231,0:00,,,,,,,,0,,FALSE,,FALSE,[]
148,BasicRequest_no_show,1,57580,57580,137;-1;-1,1271;-1;-1,,,,,634.8519916,7230.425235,0:t_wait:1061.4725101899894;t_drive:780.9272093809996;fare:723,57580,0,,,,,723,0,1061.47251,TRUE,57587.75,FALSE,[]
201,BasicRequest_no_show,1,57580,57580,3873;-1;-1,1587;-1;-1,,,,,628.6233829,9645.036117,0:t_wait:1151.4539215350233;t_drive:635.4351544540041;fare:964,57580,0,,,,,964,0,1151.453922,TRUE,57584.8,FALSE,[]
338,BasicRequest_no_show,1,56710,56710,4068;-1;-1,1734;-1;-1,,,,,385.1859854,4384.222749,0:t_wait:502.97686377593345;t_drive:425.5592888999963;fare:438,,0,0,7,57212.97686,57638.53615,438,0,502.9768638,FALSE,56714.8,FALSE,[]
412,BasicRequest_no_show,1,56450,56450,793;-1;-1,3350;-1;-1,,,,,386.0994471,3650.826318,0:t_wait:757.2555124909923;t_drive:456.78989538499445;fare:365,,0,0,6,57207.25551,57664.04541,365,0,757.2555125,FALSE,56454,FALSE,[]
59,BasicRequest_no_show,1,56400,56400,1810;-1;-1,1587;-1;-1,,,,,540.0455447,6254.986892,0:t_wait:613.1525028270189;t_drive:662.864161245001;fare:625,,0,0,3,57013.1525,57676.01666,625,0,613.1525028,FALSE,56403.85,FALSE,[]
697,BasicRequest_no_show,1,56560,56560,1810;-1;-1,1587;-1;-1,,,,,540.0455447,6254.986892,0:t_wait:453.15250282701163;t_drive:662.864161245001;fare:625,,0,0,3,57013.1525,57676.01666,625,0,453.1525028,FALSE,56562.4,FALSE,[]
513,BasicRequest_no_show,1,57690,57690,1013;-1;-1,3427;-1;-1,,,,,300.4305752,2996.811111,0:00,,,,,,,,0,,FALSE,,FALSE,[]
452,BasicRequest_no_show,1,57560,57560,425;-1;-1,571;-1;-1,,,,,379.246435,3990.134266,0:t_wait:974.5167124080326;t_drive:544.3737776359994;fare:399,57740,0,,,,,399,0,974.5167124,TRUE,,FALSE,[]
720,BasicRequest_no_show,1,57780,57780,184;-1;-1,1518;-1;-1,,,,,127.081835,1249.649375,0:00,,,,,,,,0,,FALSE,,FALSE,[]
499,BasicRequest_no_show,3,57900,57900,1587;-1;-1,1767;-1;-1,,,,,825.8762268,10317.69976,0:t_wait:1076.7708027450062;t_drive:943.38597132;fare:3095,57900,0,,,,,3095,0,1076.770803,TRUE,57906.1,FALSE,[]
630,BasicRequest_no_show,1,57330,57330,571;-1;-1,3474;-1;-1,,,,,380.4802382,4980.263801,0:t_wait:131.74788564897608;t_drive:472.6281080890112;fare:498,,0,0,5,57461.74789,57934.37599,498,0,131.7478856,FALSE,57333.65,FALSE,[]
140,BasicRequest_no_show,1,57930,57930,2513;-1;-1,2834;-1;-1,,,,,900.0562984,9904.365089,0:t_wait:1085.4501088090183;t_drive:1207.6379606670016;fare:990,57940,0,,,,,990,0,1085.450109,TRUE,57944.4,FALSE,[]
747,BasicRequest_no_show,1,56360,56360,3970;-1;-1,1815;-1;-1,,,,,334.0068975,3096.680338,0:t_wait:551.9626224860549;t_drive:480.0821153259967;fare:309,,0,0,2,57509.29269,57989.37481,309,0,551.9626225,FALSE,56364.1,FALSE,[]
243,BasicRequest_no_show,1,56610,56610,2734;-1;-1,129;-1;-1,,,,,535.4450994,8025.811803,0:t_wait:780.643869993015;t_drive:606.1355476999961;fare:802,,0,0,4,57390.64387,57998.32178,802,0,780.64387,FALSE,56612.85,FALSE,[]
63,BasicRequest_no_show,1,57300,57300,2734;-1;-1,129;-1;-1,,,,,535.4450994,8025.811803,0:t_wait:90.64386999303679;t_drive:607.6779129619972;fare:802,,0,0,4,57390.64387,57998.32178,802,0,90.64386999,FALSE,57303.35,FALSE,[]
702,BasicRequest_no_show,1,58020,58020,240;-1;-1,173;-1;-1,,,,,319.0121144,3206.508266,0:00,,,,,,,,0,,FALSE,,FALSE,[]
828,BasicRequest_no_show,1,57900,57900,2445;-1;-1,3970;-1;-1,,,,,260.8157611,2342.188479,0:t_wait:960.6295423270567;t_drive:383.6343775889982;fare:234,58050,0,,,,,234,0,1189.631118,TRUE,58054.75,FALSE,[]
484,BasicRequest_no_show,1,58070,58070,1037;-1;-1,2122;-1;-1,,,,,419.0499405,3624.614975,0:00,,,,,,,,0,,FALSE,,FALSE,[]
540,BasicRequest_no_show,1,58080,58080,1965;-1;-1,1587;-1;-1,,,,,671.3820269,7484.450262,0:t_wait:1118.9329026310152;t_drive:686.9114010310004;fare:748,58080,0,,,,,748,0,1118.932903,TRUE,58089.1,FALSE,[]
524,BasicRequest_no_show,1,56520,56520,3421;-1;-1,1235;-1;-1,,,,,414.295725,3967.938804,0:t_wait:599.5715113030674;t_drive:490.5513072959948;fare:396,,0,0,8,57590.7487,58081.30001,396,0,599.5715113,FALSE,56522.15,FALSE,[]
426,BasicRequest_no_show,1,58070,58070,3970;-1;-1,3816;-1;-1,,,,,589.1046913,7782.754767,0:t_wait:997.2965289420463;t_drive:619.7956035899988;fare:778,58100,0,,,,,778,0,997.2965289,TRUE,58104.2,FALSE,[]
380,BasicRequest_no_show,1,58110,58110,1235;-1;-1,54;-1;-1,,,,,538.2238112,7867.193375,0:00,,,,,,,,0,,FALSE,,FALSE,[]
189,BasicRequest_no_show,1,58130,58130,3568;-1;-1,2181;-1;-1,,,,,363.3169085,3191.393722,0:00,,,,,,,,0,,FALSE,,FALSE,[]
687,BasicRequest_no_show,1,58140,58140,746;-1;-1,1587;-1;-1,,,,,516.5322852,6110.517828,0:t_wait:1161.8005567920118;t_drive:527.8229864560053;fare:611,58140,0,,,,,611,0,1161.800557,TRUE,58144.1,FALSE,[]
878,BasicRequest_no_show,1,56440,56440,3414;-1;-1,747;-1;-1,,,,,402.1107085,6322.574821,0:t_wait:603.8891738439852;t_drive:442.2943143709999;fare:632,,0,0,5,57631.44331,58167.59986,632,0,603.8891738,FALSE,56444.5,FALSE,[]
789,BasicRequest_no_show,1,58010,58010,3196;-1;-1,1305;-1;-1,,,,,222.6491082,2166.673697,0:t_wait:937.9152205840219;t_drive:249.36507933399844;fare:216,58190,0,,,,,216,0,937.9152206,TRUE,,FALSE,[]
788,BasicRequest_no_show,1,58240,58240,1206;-1;-1,2380;-1;-1,,,,,256.6068764,2511.061837,0:00,,,,,,,,0,,FALSE,,FALSE,[]
582,BasicRequest_no_show,2,56980,56980,3450;-1;-1,240;-1;-1,,,,,300.5744547,2991.96851,0:t_wait:941.1316736970257;t_drive:393.34285832000023;fare:598,,0,0,4,57921.13167,58314.47453,598,0,941.1316737,FALSE,,FALSE,[]
683,BasicRequest_no_show,1,57310,57310,3450;-1;-1,240;-1;-1,,,,,300.5744547,2991.96851,0:t_wait:611.1316736970402;t_drive:393.34285832000023;fare:299,,0,0,4,57921.13167,58314.47453,299,0,611.1316737,FALSE,57311.75,FALSE,[]
85,BasicRequest_no_show,1,57620,57620,1936;-1;-1,2311;-1;-1,,,,,325.5559498,3174.570635,0:t_wait:363.15267386600317;t_drive:356.24686209000356;fare:317,,0,0,0,57983.15267,58339.39954,317,0,363.1526739,FALSE,57624.15,FALSE,[]
66,BasicRequest_no_show,1,58320,58320,2238;-1;-1,1736;-1;-1,,,,,488.0296012,4843.982104,0:t_wait:1021.2782699739837;t_drive:492.28596930099593;fare:484,58340,0,,,,,484,0,1021.27827,TRUE,58346.35,FALSE,[]
65,BasicRequest_no_show,1,57900,57900,427;-1;-1,351;-1;-1,,,,,145.934901,1404.817189,0:t_wait:288.93784909100214;t_drive:153.59525943300105;fare:140,,0,0,2,58188.93785,58342.53311,140,0,288.9378491,FALSE,57902.2,FALSE,[]
92,BasicRequest_no_show,1,58370,58370,2122;-1;-1,578;-1;-1,,,,,245.5208638,2273.12487,0:00,,,,,,,,0,,FALSE,,FALSE,[]
599,BasicRequest_no_show,1,56780,56780,1587;-1;-1,1810;-1;-1,,,,,534.1942125,6305.355312,0:t_wait:896.0166640720199;t_drive:730.7085939279932;fare:630,,0,0,3,57676.01666,58406.72526,630,0,896.0166641,FALSE,,FALSE,[]
698,BasicRequest_no_show,1,56830,56830,1587;-1;-1,1810;-1;-1,,,,,534.1942125,6305.355312,0:t_wait:846.0166640720126;t_drive:730.7085939279932;fare:630,,0,0,3,57676.01666,58406.72526,630,0,846.0166641,FALSE,56861.6,FALSE,[]
382,BasicRequest_no_show,1,57990,57990,748;-1;-1,2122;-1;-1,,,,,198.8823265,1893.008388,0:t_wait:238.18047791998833;t_drive:203.7267662689992;fare:189,,0,0,5,58228.18048,58431.90724,189,0,238.1804779,FALSE,57992.35,FALSE,[]
913,BasicRequest_no_show,1,56690,56690,1901;-1;-1,1716;-1;-1,,,,,517.4472398,5514.106674,0:t_wait:852.4800403999325;t_drive:640.2658563150035;fare:551,,0,0,7,57854.77303,58495.03889,551,0,852.4800404,FALSE,56694.95,FALSE,[]
164,BasicRequest_no_show,1,58050,58050,1390;-1;-1,4023;-1;-1,,,,,230.2117899,2133.575037,0:t_wait:166.4890167050471;t_drive:312.8434383939966;fare:213,,0,0,8,58216.48902,58529.33246,213,0,166.4890167,FALSE,58052.85,FALSE,[]
244,BasicRequest_no_show,3,57330,57330,793;-1;-1,3350;-1;-1,,,,,386.0994471,3650.826318,0:t_wait:734.701795944995;t_drive:503.60919161499623;fare:1095,,0,0,6,58064.7018,58568.31099,1095,0,734.7017959,FALSE,57332,FALSE,[]
858,BasicRequest_no_show,1,57600,57600,3474;-1;-1,1135;-1;-1,,,,,186.0877485,1772.356401,0:t_wait:801.4462433909866;t_drive:259.5313018119996;fare:177,,0,0,5,58510.26092,58769.79222,177,0,801.4462434,FALSE,57611.05,FALSE,[]
438,BasicRequest_no_show,1,57430,57430,1206;-1;-1,2380;-1;-1,,,,,256.6068764,2511.061837,0:t_wait:782.9974115840159;t_drive:332.86245867099933;fare:251,,0,0,2,58456.61264,58789.4751,251,0,782.9974116,FALSE,57436.55,FALSE,[]
915,BasicRequest_no_show,1,57530,57530,4023;-1;-1,1390;-1;-1,,,,,226.1020184,2133.575037,0:t_wait:770.3308793920587;t_drive:278.513628419998;fare:213,,0,0,8,58529.33246,58807.84608,213,0,770.3308794,FALSE,57539.2,FALSE,[]
268,BasicRequest_no_show,1,57690,57690,3441;-1;-1,2170;-1;-1,,,,,167.6433671,1447.743099,0:t_wait:904.8370620430142;t_drive:243.89894940099475;fare:144,,0,0,0,58594.83706,58838.73601,144,0,904.837062,FALSE,,FALSE,[]
448,BasicRequest_no_show,1,57810,57810,3427;-1;-1,1013;-1;-1,,,,,298.0756768,2996.811111,0:t_wait:703.3585348650231;t_drive:355.04387698900246;fare:299,,0,0,4,58513.35853,58868.40241,299,0,703.3585349,FALSE,57813.8,FALSE,[]
655,BasicRequest_no_show,1,57520,57520,427;-1;-1,2181;-1;-1,,,,,349.6509893,3154.076753,0:t_wait:883.6036089739937;t_drive:378.560818416001;fare:315,,0,0,5,58598.27894,59019.74432,315,0,883.603609,FALSE,57603.95,FALSE,[]
223,BasicRequest_no_show,1,58050,58050,744;-1;-1,3474;-1;-1,,,,,265.4196721,2591.250283,0:t_wait:676.5542984090134;t_drive:331.7138603409985;fare:259,,0,0,3,58726.5543,59058.26816,259,0,676.5542984,FALSE,58053.25,FALSE,[]
464,BasicRequest_no_show,1,57950,57950,3450;-1;-1,240;-1;-1,,,,,300.5744547,2991.96851,0:t_wait:749.89236282395;t_drive:361.160321313997;fare:299,,0,0,7,58699.89236,59061.05268,299,0,749.8923628,FALSE,57954.1,FALSE,[]
920,BasicRequest_no_show,1,58600,58600,3450;-1;-1,240;-1;-1,,,,,300.5744547,2991.96851,0:t_wait:99.8923628239354;t_drive:361.160321313997;fare:299,,0,0,7,58699.89236,59061.05268,299,0,99.89236282,FALSE,58602.9,FALSE,[]
610,BasicRequest_no_show,1,57640,57640,2130;-1;-1,2513;-1;-1,,,,,964.8690492,13957.74923,0:t_wait:535.1840338120019;t_drive:1041.124631494;fare:1395,,0,0,1,58175.18403,59216.30867,1395,0,535.1840338,FALSE,57644.4,FALSE,[]
252,BasicRequest_no_show,1,59220,59220,1793;-1;-1,281;-1;-1,,,,,11.37081031,90.1486896,0:00,,,,,,,,0,,FALSE,,FALSE,[]
284,BasicRequest_no_show,1,58010,58010,1014;-1;-1,338;-1;-1,,,,,312.1756642,3146.53602,0:t_wait:896.4846150280209;t_drive:327.7050383980022;fare:314,,0,0,4,58906.48462,59234.18965,314,0,896.484615,FALSE,,FALSE,[]
439,BasicRequest_no_show,1,58930,58930,3475;-1;-1,519;-1;-1,,,,,251.7474309,2336.370317,0:t_wait:32.52695241897163;t_drive:272.5973154989988;fare:233,,0,0,6,58962.52695,59235.12427,233,0,32.52695242,FALSE,58933,FALSE,[]
708,BasicRequest_no_show,1,58290,58290,3347;-1;-1,230;-1;-1,,,,,153.6151231,1534.616439,0:t_wait:752.7485611440497;t_drive:193.79872896100278;fare:153,,0,0,8,59042.74856,59236.54729,153,0,752.7485611,FALSE,58297.6,FALSE,[]
723,BasicRequest_no_show,1,59320,59320,2834;-1;-1,2513;-1;-1,,,,,880.4149453,13373.12595,0:t_wait:1066.1870431880452;t_drive:1054.376858997006;fare:1337,59320,0,,,,,1337,0,1066.187043,TRUE,59329.6,FALSE,[]
320,BasicRequest_no_show,1,58350,58350,236;-1;-1,2030;-1;-1,,,,,446.7014531,4287.636053,0:t_wait:623.0524406550176;t_drive:448.869335291005;fare:428,,0,0,0,58973.05244,59421.92178,428,0,623.0524407,FALSE,58353.55,FALSE,[]
379,BasicRequest_no_show,1,59310,59310,1587;-1;-1,2229;-1;-1,,,,,818.2539677,11137.33138,0:t_wait:1039.84397490204;t_drive:850.9844888959997;fare:1113,59430,0,,,,,1113,0,1039.843975,TRUE,59435.45,FALSE,[]
109,BasicRequest_no_show,1,57960,57960,3562;-1;-1,275;-1;-1,,,,,431.781592,4250.345936,0:t_wait:903.9202776249731;t_drive:471.9651978480033;fare:425,,0,0,6,58863.92028,59492.297,425,0,903.9202776,FALSE,,FALSE,[]
576,BasicRequest_no_show,1,58230,58230,2122;-1;-1,1037;-1;-1,,,,,413.6207081,3624.614975,0:t_wait:906.4375691800014;t_drive:457.37011991699546;fare:362,,0,0,3,59136.43757,59593.80769,362,0,906.4375692,FALSE,,FALSE,[]
137,BasicRequest_no_show,1,58300,58300,2030;-1;-1,236;-1;-1,,,,,437.427021,4282.066997,0:t_wait:796.7097296770007;t_drive:503.72120924499905;fare:428,,0,0,2,59096.70973,59600.43094,428,0,796.7097297,FALSE,58315.1,FALSE,[]
67,BasicRequest_no_show,2,59220,59220,3347;-1;-1,230;-1;-1,,,,,153.6151231,1534.616439,0:t_wait:199.70474584303884;t_drive:227.05513243099995;fare:306,,0,0,8,59419.70475,59646.75988,306,0,199.7047458,FALSE,59224.2,FALSE,[]
511,BasicRequest_no_show,1,59350,59350,3568;-1;-1,2181;-1;-1,,,,,363.3169085,3191.393722,0:t_wait:34.94359331403393;t_drive:364.838342832998;fare:319,,0,0,4,59384.94359,59749.78194,319,0,34.94359331,FALSE,59352.65,FALSE,[]
324,BasicRequest_no_show,1,58790,58790,439;-1;-1,2301;-1;-1,,,,,392.5855866,3780.557425,0:t_wait:595.6359941709743;t_drive:412.54526270399947;fare:378,,0,0,5,59385.63599,59798.18126,378,0,595.6359942,FALSE,58793,FALSE,[]
297,BasicRequest_no_show,1,59380,59380,1786;-1;-1,3475;-1;-1,,,,,339.7959166,3312.926919,0:t_wait:236.72382652395027;t_drive:500.93188244900375;fare:331,,0,0,7,59616.72383,60117.65571,331,0,236.7238265,FALSE,59382.1,FALSE,[]
507,BasicRequest_no_show,1,59230,59230,3474;-1;-1,571;-1;-1,,,,,380.3989882,4980.263801,0:t_wait:477.4102488570279;t_drive:456.5345575389947;fare:498,,0,0,0,59707.41025,60163.94481,498,0,477.4102489,FALSE,59233.25,FALSE,[]
408,BasicRequest_no_show,2,59230,59230,240;-1;-1,173;-1;-1,,,,,319.0121144,3206.508266,0:t_wait:672.1532876209967;t_drive:392.4521237910012;fare:641,,0,0,2,59902.15329,60294.60541,641,0,672.1532876,FALSE,59232.95,FALSE,[]
318,BasicRequest_no_show,1,59220,59220,746;-1;-1,1587;-1;-1,,,,,516.5322852,6110.517828,0:t_wait:467.2364719360485;t_drive:662.6075029659987;fare:611,,0,0,1,59687.23647,60349.84397,611,0,467.2364719,FALSE,59223.8,FALSE,[]
866,BasicRequest_no_show,1,59530,59530,1815;-1;-1,3970;-1;-1,,,,,331.3530017,3096.680338,0:t_wait:422.0217920859577;t_drive:407.6085840359956;fare:309,,0,0,5,59952.02179,60359.63038,309,0,422.0217921,FALSE,59533.05,FALSE,[]
427,BasicRequest_no_show,1,58650,58650,1767;-1;-1,1587;-1;-1,,,,,830.9193019,10268.99474,0:t_wait:726.991581152979;t_drive:1027.433683283998;fare:1026,,0,0,6,59533.4031,60560.83679,1026,0,726.9915812,FALSE,58652.8,FALSE,[]
424,BasicRequest_no_show,1,59140,59140,1276;-1;-1,3183;-1;-1,,,,,447.2690337,4595.614879,0:t_wait:514.3523389910333;t_drive:452.361565266001;fare:459,,0,0,4,60136.29288,60588.65445,459,0,514.352339,FALSE,59142.3,FALSE,[]
868,BasicRequest_no_show,1,58920,58920,54;-1;-1,1235;-1;-1,,,,,537.3840662,7867.193375,0:t_wait:572.5165879459382;t_drive:558.1655988710045;fare:786,,0,0,7,59821.67713,60582.53361,786,0,572.5165879,FALSE,58923.5,FALSE,[]
587,BasicRequest_no_show,1,58980,58980,1235;-1;-1,54;-1;-1,,,,,538.2238112,7867.193375,0:t_wait:572.022213741031;t_drive:545.041151712001;fare:786,,0,0,8,59962.2348,60596.45084,786,0,572.0222137,FALSE,58982.8,FALSE,[]
339,BasicRequest_no_show,1,59970,59970,1014;-1;-1,3665;-1;-1,,,,,333.4694743,3372.078934,0:t_wait:335.4964479160408;t_drive:408.57276334800554;fare:337,,0,0,0,60305.49645,60757.81862,337,0,335.4964479,FALSE,59972.05,FALSE,[]
235,BasicRequest_no_show,1,60310,60310,1014;-1;-1,3665;-1;-1,,,,,333.4694743,3372.078934,0:t_wait:0.5889795060429606;t_drive:447.22964352800045;fare:337,,0,0,0,60310.58898,60757.81862,337,0,0.588979506,FALSE,60313.2,FALSE,[]
478,BasicRequest_no_show,1,60580,60580,2131;-1;-1,427;-1;-1,,,,,354.7815873,3087.562543,0:t_wait:945.6922274930403;t_drive:421.0757754639999;fare:308,60760,0,,,,,308,0,945.6922275,TRUE,,FALSE,[]
344,BasicRequest_no_show,1,60480,60480,1793;-1;-1,281;-1;-1,,,,,11.37081031,90.1486896,0:t_wait:291.01445845596027;t_drive:22.661511600002996;fare:100,,0,0,7,60771.01446,60793.67597,100,0,291.0144585,FALSE,60483.05,FALSE,[]
98,BasicRequest_no_show,1,60550,60550,3474;-1;-1,1135;-1;-1,,,,,186.0877485,1772.356401,0:t_wait:111.67312449800374;t_drive:206.93763311200019;fare:177,,0,0,2,60661.67312,60868.61076,177,0,111.6731245,FALSE,60552.75,FALSE,[]
794,BasicRequest_no_show,1,59740,59740,2627;-1;-1,3816;-1;-1,,,,,538.6666443,7382.866521,0:t_wait:515.6942348490338;t_drive:614.0253415860061;fare:738,,0,0,8,60255.69423,60869.71958,738,0,515.6942348,FALSE,59743.25,FALSE,[]
130,BasicRequest_no_show,2,59380,59380,3661;-1;-1,793;-1;-1,,,,,836.4209823,8890.650737,0:t_wait:439.60424991999025;t_drive:1099.1061203330028;fare:1778,,0,0,3,59819.60425,60918.71037,1778,0,439.6042499,FALSE,59384.15,FALSE,[]
601,BasicRequest_no_show,1,60560,60560,351;-1;-1,427;-1;-1,,,,,148.9377009,1404.817189,0:t_wait:215.9604151970343;t_drive:160.2284021930027;fare:140,,0,0,4,60775.96042,60936.18882,140,0,215.9604152,FALSE,60563.7,FALSE,[]
829,BasicRequest_no_show,1,60960,60960,240;-1;-1,3450;-1;-1,,,,,298.7022121,2991.96851,0:00,,,,,,,,0,,FALSE,,FALSE,[]
167,BasicRequest_no_show,1,59830,59830,2442;-1;-1,1736;-1;-1,,,,,476.8921319,4453.115185,0:t_wait:510.18140868805494;t_drive:505.6206260129984;fare:445,,0,0,0,60389.02335,61032.18357,445,0,510.1814087,FALSE,59833.05,FALSE,[]
489,BasicRequest_no_show,1,61080,61080,519;-1;-1,3475;-1;-1,,,,,253.1523771,2336.370317,0:00,,,,,,,,0,,FALSE,,FALSE,[]
748,BasicRequest_no_show,1,59380,59380,1587;-1;-1,2229;-1;-1,,,,,818.2539677,11137.33138,0:t_wait:969.8439749020399;t_drive:862.0033795059935;fare:1113,,0,0,1,60349.84397,61211.84735,1113,0,969.8439749,FALSE,,FALSE,[]
711,BasicRequest_no_show,3,59250,59250,2627;-1;-1,3816;-1;-1,,,,,538.6666443,7382.866521,0:t_wait:829.1323432619683;t_drive:781.7647376990062;fare:2214,,0,0,5,60440.06842,61221.83316,2214,0,829.1323433,FALSE,59277.1,FALSE,[]
471,BasicRequest_no_show,2,61280,61280,2181;-1;-1,427;-1;-1,,,,,352.6790967,3154.076753,0:00,,,,,,,,0,,FALSE,,FALSE,[]
653,BasicRequest_no_show,1,61290,61290,3971;-1;-1,735;-1;-1,,,,,168.901052,1545.265206,0:00,,,,,,,,0,,FALSE,,FALSE,[]
68,BasicRequest_no_show,1,60360,60360,793;-1;-1,3350;-1;-1,,,,,386.0994471,3650.826318,0:t_wait:558.7103702529712;t_drive:416.099447114997;fare:365,,0,0,3,60918.71037,61334.80982,365,0,558.7103703,FALSE,60363.45,FALSE,[]
589,BasicRequest_no_show,1,61170,61170,1206;-1;-1,2380;-1;-1,,,,,256.6068764,2511.061837,0:t_wait:988.6214349330112;t_drive:304.6379881910034;fare:251,61350,0,,,,,251,0,988.6214349,TRUE,,FALSE,[]
656,BasicRequest_no_show,1,61410,61410,1587;-1;-1,3119;-1;-1,,,,,676.2717477,8885.052945,0:00,,,,,,,,0,,FALSE,,FALSE,[]
522,BasicRequest_no_show,1,61440,61440,3816;-1;-1,2627;-1;-1,,,,,539.8884487,7382.866521,0:t_wait:1039.1398730819637;t_drive:567.6553483270036;fare:738,61450,0,,,,,738,0,1039.139873,TRUE,61456.4,FALSE,[]
251,BasicRequest_no_show,1,60490,60490,3427;-1;-1,1013;-1;-1,,,,,298.0756768,2996.811111,0:t_wait:411.86211217803066;t_drive:390.7122486189983;fare:299,,0,0,4,61084.03132,61474.74357,299,0,411.8621122,FALSE,60492.55,FALSE,[]
277,BasicRequest_no_show,1,60830,60830,3427;-1;-1,1013;-1;-1,,,,,298.0756768,2996.811111,0:t_wait:254.03132074003224;t_drive:390.7122486189983;fare:299,,0,0,4,61084.03132,61474.74357,299,0,254.0313207,FALSE,60832,FALSE,[]
855,BasicRequest_no_show,1,61560,61560,3805;-1;-1,1517;-1;-1,,,,,210.836881,2221.334515,0:00,,,,,,,,0,,FALSE,,FALSE,[]
515,BasicRequest_no_show,1,61060,61060,1736;-1;-1,2238;-1;-1,,,,,488.8636989,4844.844656,0:t_wait:2.1835667640407337;t_drive:500.1544001830043;fare:484,,0,0,0,61062.18357,61562.33797,484,0,2.183566764,FALSE,61063.3,FALSE,[]
713,BasicRequest_no_show,2,60520,60520,54;-1;-1,1235;-1;-1,,,,,537.3840662,7867.193375,0:t_wait:624.2101174120326;t_drive:591.0807392409988;fare:1573,,0,0,8,61144.21012,61735.29086,1573,0,624.2101174,FALSE,60523.35,FALSE,[]
738,BasicRequest_no_show,2,61750,61750,3350;-1;-1,793;-1;-1,,,,,370.6563881,3650.826318,0:00,,,,,,,,0,,FALSE,,FALSE,[]
853,BasicRequest_no_show,1,61380,61380,427;-1;-1,351;-1;-1,,,,,145.934901,1404.817189,0:t_wait:224.8893537780241;t_drive:147.45633527800237;fare:140,,0,0,6,61604.88935,61752.34569,140,0,224.8893538,FALSE,61382.25,FALSE,[]
727,BasicRequest_no_show,2,61820,61820,430;-1;-1,1282;-1;-1,,,,,292.743019,3961.577231,0:t_wait:1094.4094322520468;t_drive:320.05400150700007;fare:792,61820,0,,,,,792,0,1094.409432,TRUE,61824.05,FALSE,[]
69,BasicRequest_no_show,2,61020,61020,230;-1;-1,3802;-1;-1,,,,,229.1467412,2253.884552,0:t_wait:572.2963206440545;t_drive:230.68910649300233;fare:450,,0,0,1,61592.29632,61822.98543,450,0,572.2963206,FALSE,61023.8,FALSE,[]
721,BasicRequest_no_show,1,61860,61860,281;-1;-1,1793;-1;-1,,,,,9.546252877,90.1486896,0:00,,,,,,,,0,,FALSE,,FALSE,[]
103,BasicRequest_no_show,1,60300,60300,2122;-1;-1,314;-1;-1,,,,,576.2410773,4954.892792,0:t_wait:381.0992480080022;t_drive:805.7541272669987;fare:495,,0,0,2,61130.18287,61935.937,495,0,381.099248,FALSE,60303.15,FALSE,[]
822,BasicRequest_no_show,2,61940,61940,1390;-1;-1,4023;-1;-1,,,,,230.2117899,2133.575037,0:00,,,,,,,,0,,FALSE,,FALSE,[]
624,BasicRequest_no_show,1,60900,60900,1810;-1;-1,1587;-1;-1,,,,,540.0455447,6254.986892,0:t_wait:354.176943409002;t_drive:705.1728873449974;fare:625,,0,0,7,61254.17694,61959.34983,625,0,354.1769434,FALSE,60904.55,FALSE,[]
904,BasicRequest_no_show,1,61140,61140,184;-1;-1,1518;-1;-1,,,,,127.081835,1249.649375,0:t_wait:535.4405794190316;t_drive:146.88942683299683;fare:124,,0,0,4,61893.16803,62040.05746,124,0,535.4405794,FALSE,61143.05,FALSE,[]
126,BasicRequest_no_show,1,60720,60720,2130;-1;-1,2513;-1;-1,,,,,964.8690492,13957.74923,0:t_wait:76.75853367999662;t_drive:1036.9236357640038;fare:1395,,0,0,6,60796.75853,62159.10603,1395,0,76.75853368,FALSE,60722.35,FALSE,[]
323,BasicRequest_no_show,2,60550,60550,1271;-1;-1,137;-1;-1,,,,,631.5385662,7230.425235,0:t_wait:961.8527293459483;t_drive:704.9785755699995;fare:1446,,0,0,5,61511.85273,62216.8313,1446,0,961.8527293,FALSE,,FALSE,[]
593,BasicRequest_no_show,1,60920,60920,129;-1;-1,2734;-1;-1,,,,,536.5047611,8025.811803,0:t_wait:777.1791915799768;t_drive:612.6403304679989;fare:802,,0,0,3,61697.17919,62309.81952,802,0,777.1791916,FALSE,60933.3,FALSE,[]
157,BasicRequest_no_show,1,61600,61600,129;-1;-1,2734;-1;-1,,,,,536.5047611,8025.811803,0:t_wait:97.17919157996221;t_drive:612.6403304679989;fare:802,,0,0,3,61697.17919,62309.81952,802,0,97.17919158,FALSE,61602.35,FALSE,[]
688,BasicRequest_no_show,1,62200,62200,3347;-1;-1,230;-1;-1,,,,,153.6151231,1534.616439,0:t_wait:147.28928049700335;t_drive:198.14884727099707;fare:153,,0,0,8,62347.28928,62545.43813,153,0,147.2892805,FALSE,62203.9,FALSE,[]
859,BasicRequest_no_show,1,61770,61770,2131;-1;-1,427;-1;-1,,,,,354.7815873,3087.562543,0:t_wait:402.52670632897934;t_drive:385.2973799840038;fare:308,,0,0,2,62172.52671,62557.82409,308,0,402.5267063,FALSE,61773.9,FALSE,[]
644,BasicRequest_no_show,1,61290,61290,427;-1;-1,2131;-1;-1,,,,,349.0735682,3097.970674,0:t_wait:875.6531829780652;t_drive:401.4851782340047;fare:309,,0,0,1,62170.46221,62571.94739,309,0,875.653183,FALSE,61353.8,FALSE,[]
415,BasicRequest_no_show,1,62080,62080,351;-1;-1,427;-1;-1,,,,,148.9377009,1404.817189,0:t_wait:367.48677593294997;t_drive:155.75504146399908;fare:140,,0,0,5,62447.48678,62603.24182,140,0,367.4867759,FALSE,62082.05,FALSE,[]
660,BasicRequest_no_show,1,61260,61260,427;-1;-1,2181;-1;-1,,,,,349.6509893,3154.076753,0:t_wait:905.6531829780579;t_drive:402.0625993260037;fare:315,,0,0,1,62170.46221,62610.62606,315,0,905.653183,FALSE,,FALSE,[]
386,BasicRequest_no_show,1,61820,61820,3568;-1;-1,2181;-1;-1,,,,,363.3169085,3191.393722,0:t_wait:323.46760187804466;t_drive:467.1584614250023;fare:319,,0,0,1,62143.4676,62610.62606,319,0,323.4676019,FALSE,61823.05,FALSE,[]
406,BasicRequest_no_show,1,61280,61280,2181;-1;-1,3568;-1;-1,,,,,366.813607,3180.626714,0:t_wait:875.884995756991;t_drive:374.4739654329969;fare:318,,0,0,2,62155.885,62610.00967,318,0,875.8849958,FALSE,61298.5,FALSE,[]
602,BasicRequest_no_show,1,61860,61860,1013;-1;-1,3427;-1;-1,,,,,300.4305752,2996.811111,0:t_wait:450.2407096060124;t_drive:344.964299387997;fare:299,,0,0,6,62310.24071,62725.89546,299,0,450.2407096,FALSE,61863.85,FALSE,[]
129,BasicRequest_no_show,1,60770,60770,3873;-1;-1,1587;-1;-1,,,,,628.6233829,9645.036117,0:t_wait:553.3425135190337;t_drive:894.5367283529995;fare:964,,0,0,0,61865.45063,62759.98736,964,0,553.3425135,FALSE,60772.6,FALSE,[]
487,BasicRequest_no_show,1,62770,62770,2170;-1;-1,3441;-1;-1,,,,,174.017983,1447.743099,0:00,,,,,,,,0,,FALSE,,FALSE,[]
361,BasicRequest_no_show,1,62780,62780,2030;-1;-1,236;-1;-1,,,,,437.427021,4282.066997,0:00,,,,,,,,0,,FALSE,,FALSE,[]
200,BasicRequest_no_show,2,61840,61840,2380;-1;-1,1206;-1;-1,,,,,260.256773,2511.061837,0:t_wait:670.4367223289591;t_drive:313.9534460750001;fare:502,,0,0,3,62510.43672,62824.39017,502,0,670.4367223,FALSE,61843.45,FALSE,[]
71,BasicRequest_no_show,1,61980,61980,3416;-1;-1,2687;-1;-1,,,,,251.433166,2665.737517,0:t_wait:518.7016993049983;t_drive:352.39177244999155;fare:266,,0,0,6,62498.7017,62851.09347,266,0,518.7016993,FALSE,61983.3,FALSE,[]
509,BasicRequest_no_show,1,61480,61480,2513;-1;-1,2834;-1;-1,,,,,900.0562984,9904.365089,0:t_wait:141.79126631402323;t_drive:1292.059616748993;fare:990,,0,0,4,61621.79127,62913.85088,990,0,141.7912663,FALSE,61484.7,FALSE,[]
72,BasicRequest_no_show,3,62940,62940,1793;-1;-1,281;-1;-1,,,,,11.37081031,90.1486896,0:00,,,,,,,,0,,FALSE,,FALSE,[]
785,BasicRequest_no_show,1,62940,62940,2404;-1;-1,359;-1;-1,,,,,116.6925591,971.4948187,0:00,,,,,,,,0,,FALSE,,FALSE,[]
372,BasicRequest_no_show,1,61040,61040,3689;-1;-1,1587;-1;-1,,,,,639.5447324,7048.431672,0:t_wait:858.5535695160215;t_drive:691.5089964640065;fare:704,,0,0,4,62223.34966,62947.43248,704,0,858.5535695,FALSE,61072.45,FALSE,[]
736,BasicRequest_no_show,1,61400,61400,1587;-1;-1,3561;-1;-1,,,,,691.2799047,7897.414912,0:t_wait:820.1277080439831;t_drive:851.3544300220019;fare:789,,0,0,7,62230.32513,63081.67956,789,0,820.127708,FALSE,61407.4,FALSE,[]
931,BasicRequest_no_show,1,62010,62010,240;-1;-1,3450;-1;-1,,,,,298.7022121,2991.96851,0:t_wait:427.34085932200105;t_drive:335.81184889100405;fare:299,,0,0,8,62855.54394,63191.35579,299,0,427.3408593,FALSE,62013.15,FALSE,[]
533,BasicRequest_no_show,1,63220,63220,1013;-1;-1,3427;-1;-1,,,,,300.4305752,2996.811111,0:t_wait:1099.3843313519537;t_drive:370.3527115379984;fare:299,63220,0,,,,,299,0,1099.384331,TRUE,63229.4,FALSE,[]
936,BasicRequest_no_show,1,62830,62830,735;-1;-1,3971;-1;-1,,,,,166.8607872,1544.809878,0:t_wait:253.2492915389812;t_drive:207.23409070599882;fare:154,,0,0,6,63083.24929,63290.48338,154,0,253.2492915,FALSE,62833.65,FALSE,[]
621,BasicRequest_no_show,1,61190,61190,2130;-1;-1,2513;-1;-1,,,,,964.8690492,13957.74923,0:t_wait:876.1083644339888;t_drive:1020.7764489340043;fare:1395,,0,0,7,62066.10836,63322.56439,1395,0,876.1083644,FALSE,61216.85,FALSE,[]
362,BasicRequest_no_show,1,61280,61280,2130;-1;-1,2513;-1;-1,,,,,964.8690492,13957.74923,0:t_wait:786.1083644339815;t_drive:1034.7911855240018;fare:1395,,0,0,7,62066.10836,63322.56439,1395,0,786.1083644,FALSE,61289.25,FALSE,[]
376,BasicRequest_no_show,1,61390,61390,2834;-1;-1,2513;-1;-1,,,,,880.4149453,13373.12595,0:t_wait:833.7402551699779;t_drive:974.1952824859982;fare:1337,,0,0,7,62300.23187,63322.56439,1337,0,833.7402552,FALSE,61401.6,FALSE,[]
334,BasicRequest_no_show,1,62370,62370,1014;-1;-1,3665;-1;-1,,,,,333.4694743,3372.078934,0:t_wait:623.4124841560406;t_drive:416.1011227679992;fare:337,,0,0,1,62993.41248,63409.51361,337,0,623.4124842,FALSE,62372.75,FALSE,[]
896,BasicRequest_no_show,1,62790,62790,747;-1;-1,3414;-1;-1,,,,,403.0424804,6322.574821,0:t_wait:215.69037885894068;t_drive:407.8869201869966;fare:632,,0,0,3,63005.69038,63413.5773,632,0,215.6903789,FALSE,62792.4,FALSE,[]
328,BasicRequest_no_show,3,62320,62320,2030;-1;-1,236;-1;-1,,,,,437.427021,4282.066997,0:t_wait:562.9918758979838;t_drive:554.9367655349997;fare:1284,,0,0,2,62882.99188,63437.92864,1284,0,562.9918759,FALSE,62322.2,FALSE,[]
266,BasicRequest_no_show,1,63450,63450,2122;-1;-1,748;-1;-1,,,,,197.8358256,1893.008388,0:00,,,,,,,,0,,FALSE,,FALSE,[]
70,BasicRequest_no_show,1,61440,61440,1154;-1;-1,2877;-1;-1,,,,,1022.780226,12666.39161,0:t_wait:716.0439222739806;t_drive:1397.8937361999924;fare:1266,,0,0,7,62156.04392,63553.93766,1266,0,716.0439223,FALSE,61444.65,FALSE,[]
495,BasicRequest_no_show,1,63410,63410,3119;-1;-1,1587;-1;-1,,,,,677.7556841,8834.684525,0:t_wait:969.992606271946;t_drive:748.320179563998;fare:883,63590,0,,,,,883,0,969.9926063,TRUE,,FALSE,[]
895,BasicRequest_no_show,1,63590,63590,3414;-1;-1,747;-1;-1,,,,,402.1107085,6322.574821,0:t_wait:1163.2968031659912;t_drive:474.16529507100495;fare:632,63590,0,,,,,632,0,1163.296803,TRUE,63594.4,FALSE,[]
795,BasicRequest_no_show,1,63690,63690,1276;-1;-1,3183;-1;-1,,,,,447.2690337,4595.614879,0:t_wait:1148.7674738130227;t_drive:624.6789973760024;fare:459,63690,0,,,,,459,0,1148.767474,TRUE,63695.85,FALSE,[]
743,BasicRequest_no_show,1,63130,63130,184;-1;-1,1518;-1;-1,,,,,127.081835,1249.649375,0:t_wait:384.900541391944;t_drive:182.81315826300124;fare:124,,0,0,3,63514.90054,63711.56677,124,0,384.9005414,FALSE,63134.75,FALSE,[]
924,BasicRequest_no_show,1,63120,63120,427;-1;-1,2181;-1;-1,,,,,349.6509893,3154.076753,0:t_wait:396.78815564201795;t_drive:359.84841275600047;fare:315,,0,0,1,63516.78816,63876.63657,315,0,396.7881556,FALSE,63122.85,FALSE,[]
882,BasicRequest_no_show,1,63060,63060,2439;-1;-1,2311;-1;-1,,,,,313.1548855,3051.888174,0:t_wait:499.0449138369804;t_drive:328.68425962499896;fare:305,,0,0,6,63559.04491,63887.72917,305,0,499.0449138,FALSE,63064.45,FALSE,[]
263,BasicRequest_no_show,1,63220,63220,3416;-1;-1,2687;-1;-1,,,,,251.433166,2665.737517,0:t_wait:380.38965578196076;t_drive:296.0197429299951;fare:266,,0,0,3,63600.38966,63896.4094,266,0,380.3896558,FALSE,63222.6,FALSE,[]
194,BasicRequest_no_show,1,63890,63890,2442;-1;-1,1736;-1;-1,,,,,476.8921319,4453.115185,0:t_wait:984.2192038609719;t_drive:532.7995316029992;fare:445,64000,0,,,,,445,0,1003.312555,TRUE,64009.65,FALSE,[]
87,BasicRequest_no_show,1,61990,61990,2229;-1;-1,1587;-1;-1,,,,,844.9265486,11057.81071,0:t_wait:721.7318817159539;t_drive:846.3599859860042;fare:1105,,0,0,5,62879.19429,64050.8465,1105,0,721.7318817,FALSE,61993.7,FALSE,[]
281,BasicRequest_no_show,1,62840,62840,1965;-1;-1,1587;-1;-1,,,,,671.3820269,7484.450262,0:t_wait:362.05450937894784;t_drive:848.7919905610033;fare:748,,0,0,5,63202.05451,64050.8465,748,0,362.0545094,FALSE,62841.35,FALSE,[]
733,BasicRequest_no_show,1,63540,63540,2311;-1;-1,1936;-1;-1,,,,,325.9348903,3174.570635,0:t_wait:148.00993610399746;t_drive:391.36809042400273;fare:317,,0,0,2,63688.00994,64079.37803,317,0,148.0099361,FALSE,63543.1,FALSE,[]
773,BasicRequest_no_show,1,63310,63310,1901;-1;-1,1716;-1;-1,,,,,517.4472398,5514.106674,0:t_wait:401.57083903296007;t_drive:528.737941105006;fare:551,,0,0,7,63711.57084,64240.30878,551,0,401.570839,FALSE,63313.6,FALSE,[]
73,BasicRequest_no_show,1,63120,63120,3970;-1;-1,3816;-1;-1,,,,,589.1046913,7782.754767,0:t_wait:288.5203377880098;t_drive:839.2358384590043;fare:778,,0,0,8,63408.52034,64247.75618,778,0,288.5203378,FALSE,63122.7,FALSE,[]
108,BasicRequest_no_show,1,63300,63300,240;-1;-1,173;-1;-1,,,,,319.0121144,3206.508266,0:t_wait:744.1299789709519;t_drive:374.91951419100224;fare:320,,0,0,3,64044.12998,64494.10134,320,0,744.129979,FALSE,63303.5,FALSE,[]
861,BasicRequest_no_show,1,64520,64520,1587;-1;-1,1810;-1;-1,,,,,534.1942125,6305.355312,0:00,,,,,,,,0,,FALSE,,FALSE,[]
583,BasicRequest_no_show,1,63040,63040,137;-1;-1,1271;-1;-1,,,,,634.8519916,7230.425235,0:t_wait:481.23893905500154;t_drive:645.0494150410013;fare:723,,0,0,8,63705.71884,64537.77574,723,0,481.2389391,FALSE,63043.8,FALSE,[]
844,BasicRequest_no_show,1,64600,64600,867;-1;-1,1282;-1;-1,,,,,310.9024964,4096.124161,0:00,,,,,,,,0,,FALSE,,FALSE,[]
451,BasicRequest_no_show,1,63300,63300,3562;-1;-1,275;-1;-1,,,,,431.781592,4250.345936,0:t_wait:741.3446607909791;t_drive:609.1915556680033;fare:425,,0,0,6,64041.34466,64650.53622,425,0,741.3446608,FALSE,63303.75,FALSE,[]
265,BasicRequest_no_show,1,63160,63160,3805;-1;-1,3397;-1;-1,,,,,384.345323,4344.401083,0:t_wait:606.9960121749973;t_drive:488.0705884059935;fare:434,,0,0,2,64212.03124,64719.19518,434,0,606.9960122,FALSE,63165.15,FALSE,[]
377,BasicRequest_no_show,1,63690,63690,3805;-1;-1,3397;-1;-1,,,,,384.345323,4344.401083,0:t_wait:522.0312358729934;t_drive:488.0705884059935;fare:434,,0,0,2,64212.03124,64719.19518,434,0,522.0312359,FALSE,63693.05,FALSE,[]
658,BasicRequest_no_show,1,63950,63950,3805;-1;-1,3397;-1;-1,,,,,384.345323,4344.401083,0:t_wait:262.03123587297887;t_drive:507.1639395059974;fare:434,,0,0,2,64212.03124,64719.19518,434,0,262.0312359,FALSE,63952.75,FALSE,[]
185,BasicRequest_no_show,1,63990,63990,3805;-1;-1,3397;-1;-1,,,,,384.345323,4344.401083,0:t_wait:222.03123587298614;t_drive:507.1639395059974;fare:434,,0,0,2,64212.03124,64719.19518,434,0,222.0312359,FALSE,63992.55,FALSE,[]
635,BasicRequest_no_show,1,64030,64030,3805;-1;-1,3397;-1;-1,,,,,384.345323,4344.401083,0:t_wait:182.03123587297887;t_drive:507.1639395059974;fare:434,,0,0,2,64212.03124,64719.19518,434,0,182.0312359,FALSE,64032.55,FALSE,[]
274,BasicRequest_no_show,1,64820,64820,3475;-1;-1,1786;-1;-1,,,,,332.5292942,3312.926919,0:00,,,,,,,,0,,FALSE,,FALSE,[]
216,BasicRequest_no_show,2,64870,64870,236;-1;-1,2030;-1;-1,,,,,446.7014531,4287.636053,0:00,,,,,,,,0,,FALSE,,FALSE,[]
549,BasicRequest_no_show,1,64870,64870,3970;-1;-1,1815;-1;-1,,,,,334.0068975,3096.680338,0:t_wait:1122.2393358719855;t_drive:411.33933602599427;fare:309,64870,0,,,,,309,0,1122.239336,TRUE,64878.7,FALSE,[]
421,BasicRequest_no_show,1,64920,64920,1767;-1;-1,1587;-1;-1,,,,,830.9193019,10268.99474,0:00,,,,,,,,0,,FALSE,,FALSE,[]
236,BasicRequest_no_show,1,63360,63360,314;-1;-1,2122;-1;-1,,,,,581.0640778,5060.966157,0:t_wait:737.759952648019;t_drive:583.2319599870025;fare:506,,0,0,1,64097.75995,64922.51896,506,0,737.7599526,FALSE,63363.9,FALSE,[]
74,BasicRequest_no_show,1,63420,63420,1037;-1;-1,2122;-1;-1,,,,,419.0499405,3624.614975,0:t_wait:892.9872357380227;t_drive:425.86728110999684;fare:362,,0,0,1,64312.98724,64922.51896,362,0,892.9872357,FALSE,63485.2,FALSE,[]
758,BasicRequest_no_show,1,64480,64480,2687;-1;-1,3416;-1;-1,,,,,251.4025655,2665.737517,0:t_wait:185.54804765700828;t_drive:286.32283114000165;fare:266,,0,0,4,64665.54805,64951.87088,266,0,185.5480477,FALSE,64483.35,FALSE,[]
501,BasicRequest_no_show,1,64020,64020,1206;-1;-1,2380;-1;-1,,,,,256.6068764,2511.061837,0:t_wait:686.3578990259557;t_drive:263.4242169220015;fare:251,,0,0,5,64706.3579,64969.78212,251,0,686.357899,FALSE,64026.5,FALSE,[]
776,BasicRequest_no_show,1,64010,64010,129;-1;-1,2734;-1;-1,,,,,536.5047611,8025.811803,0:t_wait:373.2309686499284;t_drive:620.977632667993;fare:802,,0,0,3,64383.23097,65004.2086,802,0,373.2309686,FALSE,64014.6,FALSE,[]
246,BasicRequest_no_show,1,64270,64270,129;-1;-1,2734;-1;-1,,,,,536.5047611,8025.811803,0:t_wait:113.23096864994295;t_drive:620.977632667993;fare:802,,0,0,3,64383.23097,65004.2086,802,0,113.2309686,FALSE,64273.3,FALSE,[]
258,BasicRequest_no_show,1,65010,65010,867;-1;-1,1282;-1;-1,,,,,310.9024964,4096.124161,0:00,,,,,,,,0,,FALSE,,FALSE,[]
76,BasicRequest_no_show,1,64920,64920,3421;-1;-1,1235;-1;-1,,,,,414.295725,3967.938804,0:t_wait:912.2313596899621;t_drive:462.3268368160061;fare:396,65040,0,,,,,396,0,1156.9618,TRUE,65043.9,FALSE,[]
227,BasicRequest_no_show,1,65050,65050,275;-1;-1,3562;-1;-1,,,,,430.4982808,4312.477994,0:00,,,,,,,,0,,FALSE,,FALSE,[]
458,BasicRequest_no_show,1,65080,65080,3572;-1;-1,3803;-1;-1,,,,,379.5285656,4118.424971,0:00,,,,,,,,0,,FALSE,,FALSE,[]
96,BasicRequest_no_show,1,65070,65070,1736;-1;-1,2238;-1;-1,,,,,488.8636989,4844.844656,0:t_wait:1049.1867876069591;t_drive:633.9707552929904;fare:484,65080,0,,,,,484,0,1049.186788,TRUE,65082.3,FALSE,[]
302,BasicRequest_no_show,1,65080,65080,3427;-1;-1,1013;-1;-1,,,,,298.0756768,2996.811111,0:t_wait:1132.7150014119688;t_drive:302.8847039539978;fare:299,65080,0,,,,,299,0,1132.715001,TRUE,65084.15,FALSE,[]
317,BasicRequest_no_show,1,65090,65090,2356;-1;-1,3352;-1;-1,,,,,154.771827,1482.965078,0:t_wait:1157.7923647109565;t_drive:207.1834370650031;fare:148,65090,0,,,,,148,0,1157.792365,TRUE,65094.3,FALSE,[]
584,BasicRequest_no_show,1,64500,64500,1013;-1;-1,3427;-1;-1,,,,,300.4305752,2996.811111,0:t_wait:366.40122345398413;t_drive:371.12102346799657;fare:299,,0,0,2,64866.40122,65237.52225,299,0,366.4012235,FALSE,64504.55,FALSE,[]
307,BasicRequest_no_show,1,65400,65400,1235;-1;-1,3421;-1;-1,,,,,411.9101976,3973.50786,0:t_wait:917.3573234809592;t_drive:494.63390554400394;fare:397,65480,0,,,,,397,0,1013.576669,TRUE,65483.65,FALSE,[]
401,BasicRequest_no_show,1,65530,65530,281;-1;-1,1793;-1;-1,,,,,9.546252877,90.1486896,0:00,,,,,,,,0,,FALSE,,FALSE,[]
932,BasicRequest_no_show,1,64010,64010,3477;-1;-1,744;-1;-1,,,,,281.8482422,2759.654555,0:t_wait:619.1166620310032;t_drive:364.4798906249998;fare:275,,0,0,4,65196.95792,65561.43781,275,0,619.116662,FALSE,64012.85,FALSE,[]
684,BasicRequest_no_show,1,63700,63700,2229;-1;-1,1587;-1;-1,,,,,844.9265486,11057.81071,0:t_wait:894.0465328720093;t_drive:1003.7017346660068;fare:1105,,0,0,1,64594.04653,65597.74827,1105,0,894.0465329,FALSE,,FALSE,[]
666,BasicRequest_no_show,2,64470,64470,3613;-1;-1,3771;-1;-1,,,,,524.5443747,7853.509052,0:t_wait:514.8416131649647;t_drive:597.9843840190078;fare:1570,,0,0,6,64984.84161,65601.9238,1570,0,514.8416132,FALSE,64472.35,FALSE,[]
347,BasicRequest_no_show,1,64690,64690,3665;-1;-1,1014;-1;-1,,,,,331.4231498,3372.078934,0:t_wait:577.8630053609741;t_drive:345.2762166579996;fare:337,,0,0,5,65304.97264,65650.24886,337,0,577.8630054,FALSE,64693.5,FALSE,[]
442,BasicRequest_no_show,1,65040,65040,3474;-1;-1,1135;-1;-1,,,,,186.0877485,1772.356401,0:t_wait:477.33693352094997;t_drive:217.1413202610056;fare:177,,0,0,6,65517.33693,65734.47825,177,0,477.3369335,FALSE,65045.1,FALSE,[]
483,BasicRequest_no_show,1,64780,64780,3571;-1;-1,3802;-1;-1,,,,,393.7350852,4238.245676,0:t_wait:540.0474439960017;t_drive:422.6449143569989;fare:423,,0,0,8,65320.04744,65742.69236,423,0,540.047444,FALSE,64783.3,FALSE,[]
804,BasicRequest_no_show,1,65760,65760,281;-1;-1,1793;-1;-1,,,,,9.546252877,90.1486896,0:00,,,,,,,,0,,FALSE,,FALSE,[]
77,BasicRequest_no_show,1,64980,64980,3474;-1;-1,571;-1;-1,,,,,380.3989882,4980.263801,0:t_wait:254.07275105095323;t_drive:558.6549632809983;fare:498,,0,0,5,65234.07275,65792.72771,498,0,254.0727511,FALSE,64985.15,FALSE,[]
423,BasicRequest_no_show,1,65860,65860,1281;-1;-1,3672;-1;-1,,,,,126.5664332,1277.5261,0:t_wait:1092.0710131369706;t_drive:166.93973675600137;fare:127,65860,0,,,,,127,0,1092.071013,TRUE,65867.35,FALSE,[]
402,BasicRequest_no_show,1,64280,64280,2122;-1;-1,1037;-1;-1,,,,,413.6207081,3624.614975,0:t_wait:776.6852910509842;t_drive:466.032318177;fare:362,,0,0,2,65361.85973,65879.86603,362,0,776.6852911,FALSE,64283.9,FALSE,[]
469,BasicRequest_no_show,2,65440,65440,281;-1;-1,1793;-1;-1,,,,,9.546252877,90.1486896,0:t_wait:432.8183070829691;t_drive:36.85723541700281;fare:100,,0,0,8,65872.81831,65909.67554,100,0,432.8183071,FALSE,65442.9,FALSE,[]
75,BasicRequest_no_show,1,63960,63960,2229;-1;-1,1587;-1;-1,,,,,844.9265486,11057.81071,0:t_wait:879.4707257719565;t_drive:1074.6480583340017;fare:1105,,0,0,7,64839.47073,65914.11878,1105,0,879.4707258,FALSE,64069.9,FALSE,[]
672,BasicRequest_no_show,1,64880,64880,427;-1;-1,2131;-1;-1,,,,,349.0735682,3097.970674,0:t_wait:623.6161805699812;t_drive:459.4663774199871;fare:309,,0,0,2,65503.61618,65963.08256,309,0,623.6161806,FALSE,64881.55,FALSE,[]
221,BasicRequest_no_show,1,65810,65810,427;-1;-1,351;-1;-1,,,,,145.934901,1404.817189,0:t_wait:96.70552273796056;t_drive:165.74249277400668;fare:140,,0,0,6,65906.70552,66072.44802,140,0,96.70552274,FALSE,65812.65,FALSE,[]
512,BasicRequest_no_show,1,64890,64890,3802;-1;-1,230;-1;-1,,,,,228.4991292,2232.496971,0:t_wait:852.692358352986;t_drive:259.19004149199463;fare:223,,0,0,8,65742.69236,66098.10175,223,0,852.6923584,FALSE,64904,FALSE,[]
800,BasicRequest_no_show,3,65410,65410,3417;-1;-1,3350;-1;-1,,,,,329.9203378,3491.827004,0:t_wait:506.784046859917;t_drive:437.2878064670076;fare:1047,,0,0,3,65916.78405,66354.07185,1047,0,506.7840469,FALSE,65411.95,FALSE,[]
374,BasicRequest_no_show,1,64840,64840,2442;-1;-1,1736;-1;-1,,,,,476.8921319,4453.115185,0:t_wait:837.824182790966;t_drive:484.77320557800704;fare:445,,0,0,5,65968.96432,66453.73752,445,0,837.8241828,FALSE,64845.9,FALSE,[]
463,BasicRequest_no_show,1,65000,65000,2734;-1;-1,129;-1;-1,,,,,535.4450994,8025.811803,0:t_wait:874.991318216009;t_drive:612.7775379300001;fare:802,,0,0,4,65874.99132,66487.76886,802,0,874.9913182,FALSE,65046.05,FALSE,[]
544,BasicRequest_no_show,1,65280,65280,1587;-1;-1,3689;-1;-1,,,,,641.0906557,7098.800091,0:t_wait:634.1187841059727;t_drive:693.0549196990032;fare:709,,0,0,7,65914.11878,66607.1737,709,0,634.1187841,FALSE,65282.1,FALSE,[]
837,BasicRequest_no_show,1,64850,64850,1587;-1;-1,2229;-1;-1,,,,,818.2539677,11137.33138,0:t_wait:747.7482675380161;t_drive:848.2539677360037;fare:1113,,0,0,1,65597.74827,66686.23397,1113,0,747.7482675,FALSE,64855.2,FALSE,[]
428,BasicRequest_no_show,1,65310,65310,1736;-1;-1,2442;-1;-1,,,,,478.5218254,4453.115185,0:t_wait:809.1867876069591;t_drive:479.9552627499943;fare:445,,0,0,6,66249.75704,66729.7123,445,0,809.1867876,FALSE,65321.85,FALSE,[]
79,BasicRequest_no_show,1,65640,65640,1206;-1;-1,2380;-1;-1,,,,,256.6068764,2511.061837,0:t_wait:758.1796641009714;t_drive:349.24344815099903;fare:251,,0,0,2,66398.17966,66747.42311,251,0,758.1796641,FALSE,65645.9,FALSE,[]
309,BasicRequest_no_show,1,64830,64830,2877;-1;-1,1154;-1;-1,,,,,1035.063299,12775.24439,0:t_wait:637.5494601229439;t_drive:1036.6384984250035;fare:1277,,0,0,3,65467.54946,66879.55329,1277,0,637.5494601,FALSE,64832.8,FALSE,[]
78,BasicRequest_no_show,1,65040,65040,2130;-1;-1,2513;-1;-1,,,,,964.8690492,13957.74923,0:t_wait:664.5068012180127;t_drive:1188.7320901549829;fare:1395,,0,0,1,65704.5068,66893.23889,1395,0,664.5068012,FALSE,65042.1,FALSE,[]
254,BasicRequest_no_show,1,65530,65530,1716;-1;-1,1901;-1;-1,,,,,522.4628096,5514.106674,0:t_wait:815.9908539009775;t_drive:562.8361131819984;fare:551,,0,0,8,66345.99085,66908.82697,551,0,815.9908539,FALSE,65536.5,FALSE,[]
712,BasicRequest_no_show,1,64960,64960,2513;-1;-1,2130;-1;-1,,,,,964.9916168,9805.428662,0:t_wait:714.27223593893;t_drive:1010.5209909289988;fare:980,,0,0,3,65674.27224,66929.56671,980,0,714.2722359,FALSE,64962.55,FALSE,[]
928,BasicRequest_no_show,1,66270,66270,3803;-1;-1,3572;-1;-1,,,,,381.0547439,4118.424971,0:t_wait:337.11210309104354;t_drive:437.80290633898403;fare:411,,0,0,4,66607.1121,67044.91501,411,0,337.1121031,FALSE,66273.55,FALSE,[]
608,BasicRequest_no_show,1,65870,65870,240;-1;-1,3450;-1;-1,,,,,298.7022121,2991.96851,0:t_wait:864.63912548394;t_drive:326.4691117409966;fare:299,,0,0,7,66734.63913,67143.9408,299,0,864.6391255,FALSE,65880.65,FALSE,[]
686,BasicRequest_no_show,1,66220,66220,1282;-1;-1,867;-1;-1,,,,,312.8312011,4096.124161,0:t_wait:749.0686197289469;t_drive:314.26463844199316;fare:409,,0,0,6,66969.06862,67283.33326,409,0,749.0686197,FALSE,66224.9,FALSE,[]
184,BasicRequest_no_show,1,66080,66080,3562;-1;-1,275;-1;-1,,,,,431.781592,4250.345936,0:t_wait:633.5022416889406;t_drive:452.6314765779971;fare:425,,0,0,5,66713.50224,67299.76871,425,0,633.5022417,FALSE,66081.95,FALSE,[]
916,BasicRequest_no_show,1,67450,67450,1305;-1;-1,3196;-1;-1,,,,,230.1960361,2161.198382,0:00,,,,,,,,0,,FALSE,,FALSE,[]
378,BasicRequest_no_show,1,67020,67020,4023;-1;-1,1390;-1;-1,,,,,226.1020184,2133.575037,0:t_wait:127.06286082095176;t_drive:321.47739001100126;fare:213,,0,0,5,67147.06286,67468.54025,213,0,127.0628608,FALSE,67024.7,FALSE,[]
694,BasicRequest_no_show,1,66680,66680,3803;-1;-1,3572;-1;-1,,,,,381.0547439,4118.424971,0:t_wait:330.16746511390375;t_drive:484.0711775949894;fare:411,,0,0,7,67010.16747,67494.23864,411,0,330.1674651,FALSE,66685.2,FALSE,[]
769,BasicRequest_no_show,1,65910,65910,2627;-1;-1,3816;-1;-1,,,,,538.6666443,7382.866521,0:t_wait:803.5452430030273;t_drive:540.1880786229885;fare:738,,0,0,4,66783.31378,67530.73948,738,0,803.545243,FALSE,65920.7,FALSE,[]
107,BasicRequest_no_show,1,66730,66730,2311;-1;-1,2439;-1;-1,,,,,314.5992708,3051.888174,0:t_wait:524.1589290579868;t_drive:371.5674709390005;fare:305,,0,0,1,67254.15893,67625.7264,305,0,524.1589291,FALSE,66734.2,FALSE,[]
315,BasicRequest_no_show,1,66320,66320,1736;-1;-1,3683;-1;-1,,,,,440.6371043,6670.371201,0:t_wait:860.7107178159931;t_drive:563.4557207629987;fare:667,,0,0,2,67180.71072,67773.0956,667,0,860.7107178,FALSE,66330.85,FALSE,[]
528,BasicRequest_no_show,1,66990,66990,1587;-1;-1,3689;-1;-1,,,,,641.0906557,7098.800091,0:t_wait:84.09720726999512;t_drive:642.1442274379951;fare:709,,0,0,3,67074.09721,67801.26494,709,0,84.09720727,FALSE,66992.1,FALSE,[]
188,BasicRequest_no_show,1,66860,66860,338;-1;-1,1014;-1;-1,,,,,310.1293398,3146.53602,0:t_wait:699.8970182720368;t_drive:363.6306310069922;fare:314,,0,0,2,67559.89702,67923.52765,314,0,699.8970183,FALSE,66864,FALSE,[]
706,BasicRequest_no_show,1,67070,67070,553;-1;-1,256;-1;-1,,,,,312.6258806,2918.226402,0:t_wait:593.1077756490122;t_drive:424.0343669040012;fare:291,,0,0,3,67663.10778,68087.14214,291,0,593.1077756,FALSE,67073.55,FALSE,[]
80,BasicRequest_no_show,1,66840,66840,3183;-1;-1,1276;-1;-1,,,,,443.9482064,4596.477431,0:t_wait:776.696867041901;t_drive:520.083775748004;fare:459,,0,0,7,67616.69687,68136.78064,459,0,776.696867,FALSE,66844.2,FALSE,[]
285,BasicRequest_no_show,2,66760,66760,3561;-1;-1,1587;-1;-1,,,,,692.763841,7847.046492,0:t_wait:435.95216478803195;t_drive:746.4605140490021;fare:1569,,0,0,8,67195.95216,68158.15825,1569,0,435.9521648,FALSE,66763.35,FALSE,[]
116,BasicRequest_no_show,3,66860,66860,1965;-1;-1,1587;-1;-1,,,,,671.3820269,7484.450262,0:t_wait:519.4087568610266;t_drive:778.7494955610018;fare:2245,,0,0,8,67379.40876,68158.15825,2245,0,519.4087569,FALSE,66864.75,FALSE,[]
90,BasicRequest_no_show,1,66830,66830,1716;-1;-1,1901;-1;-1,,,,,522.4628096,5514.106674,0:t_wait:486.166664232951;t_drive:552.9786023619963;fare:551,,0,0,5,67634.70647,68187.68508,551,0,486.1666642,FALSE,66833.2,FALSE,[]
538,BasicRequest_no_show,1,66930,66930,3417;-1;-1,1047;-1;-1,,,,,444.9085497,3945.026933,0:t_wait:681.2719672060048;t_drive:610.0358923229942;fare:394,,0,0,6,67611.27197,68221.30786,394,0,681.2719672,FALSE,66933.95,FALSE,[]
864,BasicRequest_no_show,1,67510,67510,1734;-1;-1,4068;-1;-1,,,,,374.7813883,4283.820089,0:t_wait:547.9786184489931;t_drive:402.5482879419869;fare:428,,0,0,2,68057.97862,68517.59087,428,0,547.9786184,FALSE,67512.95,FALSE,[]
491,BasicRequest_no_show,1,68190,68190,2687;-1;-1,3416;-1;-1,,,,,251.4025655,2665.737517,0:t_wait:183.87543492800614;t_drive:284.38499909400707;fare:266,,0,0,3,68373.87543,68658.26043,266,0,183.8754349,FALSE,68192.45,FALSE,[]
749,BasicRequest_no_show,1,68390,68390,359;-1;-1,2404;-1;-1,,,,,118.3409818,971.4948187,0:t_wait:159.9407976020011;t_drive:120.50886397900467;fare:100,,0,0,6,68549.9408,68670.44966,100,0,159.9407976,FALSE,68395.75,FALSE,[]
704,BasicRequest_no_show,1,67660,67660,3771;-1;-1,3613;-1;-1,,,,,524.5443747,7853.509052,0:t_wait:270.8604058659985;t_drive:767.5878787690017;fare:785,,0,0,4,67930.86041,68698.44828,785,0,270.8604059,FALSE,67662.75,FALSE,[]
467,BasicRequest_no_show,1,67580,67580,3805;-1;-1,3397;-1;-1,,,,,384.345323,4344.401083,0:t_wait:622.8390816479659;t_drive:456.3999095859908;fare:434,,0,0,3,68202.83908,68745.94034,434,0,622.8390816,FALSE,67582.4,FALSE,[]
754,BasicRequest_no_show,2,68280,68280,2439;-1;-1,2311;-1;-1,,,,,313.1548855,3051.888174,0:t_wait:193.6218162150326;t_drive:314.6972507169994;fare:610,,0,0,1,68473.62182,68788.31907,610,0,193.6218162,FALSE,68282.45,FALSE,[]
892,BasicRequest_no_show,1,68070,68070,744;-1;-1,3477;-1;-1,,,,,281.1941479,2759.654555,0:t_wait:437.6461909159116;t_drive:341.780014494012;fare:275,,0,0,7,68507.64619,68849.42621,275,0,437.6461909,FALSE,68072.95,FALSE,[]
262,BasicRequest_no_show,1,68060,68060,3427;-1;-1,1013;-1;-1,,,,,298.0756768,2996.811111,0:t_wait:408.9114088740025;t_drive:391.78555931198935;fare:299,,0,0,3,68471.24133,68893.14638,299,0,408.9114089,FALSE,68063.1,FALSE,[]
792,BasicRequest_no_show,1,67830,67830,3803;-1;-1,3572;-1;-1,,,,,381.0547439,4118.424971,0:t_wait:601.7459535030066;t_drive:470.42731161300617;fare:411,,0,0,2,68431.74595,68973.74693,411,0,601.7459535,FALSE,67833.05,FALSE,[]
680,BasicRequest_no_show,1,67450,67450,793;-1;-1,3661;-1;-1,,,,,837.3066543,8890.650737,0:t_wait:600.4184738470358;t_drive:866.035148488998;fare:889,,0,0,1,68050.41847,69188.40759,889,0,600.4184738,FALSE,67452.45,FALSE,[]
889,BasicRequest_no_show,1,67970,67970,1014;-1;-1,3665;-1;-1,,,,,333.4694743,3372.078934,0:t_wait:828.6714100439858;t_drive:448.23822779800685;fare:337,,0,0,3,68931.22859,69379.46681,337,0,828.67141,FALSE,67986.9,FALSE,[]
695,BasicRequest_no_show,1,67740,67740,425;-1;-1,571;-1;-1,,,,,379.246435,3990.134266,0:t_wait:783.5167430738948;t_drive:524.3534914359916;fare:399,,0,0,7,68881.64558,69405.99908,399,0,783.5167431,FALSE,67745.75,FALSE,[]
622,BasicRequest_no_show,1,67800,67800,1965;-1;-1,1587;-1;-1,,,,,671.3820269,7484.450262,0:t_wait:804.5701938439597;t_drive:711.5656327409961;fare:748,,0,0,5,68604.57019,69421.05928,748,0,804.5701938,FALSE,67804.2,FALSE,[]
609,BasicRequest_no_show,1,67850,67850,1965;-1;-1,1587;-1;-1,,,,,671.3820269,7484.450262,0:t_wait:754.5701938439743;t_drive:816.4890832609963;fare:748,,0,0,5,68604.57019,69421.05928,748,0,754.5701938,FALSE,67853.85,FALSE,[]
625,BasicRequest_no_show,3,67950,67950,746;-1;-1,1587;-1;-1,,,,,516.5322852,6110.517828,0:t_wait:753.537874471047;t_drive:759.6303785659984;fare:1833,,0,0,8,68703.53787,69463.16825,1833,0,753.5378745,FALSE,67954.55,FALSE,[]
81,BasicRequest_no_show,1,67920,67920,3119;-1;-1,1587;-1;-1,,,,,677.7556841,8834.684525,0:t_wait:685.9735996760137;t_drive:951.7400010909914;fare:883,,0,0,2,68605.9736,69557.7136,883,0,685.9735997,FALSE,67923.55,FALSE,[]
486,BasicRequest_no_show,1,68320,68320,292;-1;-1,3350;-1;-1,,,,,630.0988381,7253.881463,0:t_wait:258.94411896199745;t_drive:752.9174545599963;fare:725,,0,0,6,68953.56948,69706.48694,725,0,258.944119,FALSE,68322.85,FALSE,[]
82,BasicRequest_no_show,1,76500,76500,3568;-1;-1,2181;-1;-1,,,,,363.3169085,3191.393722,0:t_wait:55.08896761799406;t_drive:403.69021205900935;fare:319,,0,0,3,76555.08897,76958.77918,319,0,55.08896762,FALSE,76503.95,FALSE,[]
83,BasicRequest_no_show,1,79140,79140,3771;-1;-1,3613;-1;-1,,,,,524.5443747,7853.509052,0:t_wait:312.6301012009935;t_drive:529.6369062589947;fare:785,,0,0,3,79452.6301,79982.26701,785,0,312.6301012,FALSE,79143.7,FALSE,[]
84,BasicRequest_no_show,1,81060,81060,2208;-1;-1,2404;-1;-1,,,,,123.3507738,1020.494823,0:t_wait:225.82405407099577;t_drive:124.8722080939915;fare:102,,0,0,1,81285.82405,81410.69626,102,0,225.8240541,FALSE,81064.7,FALSE,[]
