from_node,to_node,distance,travel_time_old_mean,shape,loc,scale,travel_time
0,3057,811.8680089,53.22526523,0.310792966,0,50.52811748,43.5024842
1,2596,302.3705313,30.05999369,0.310250074,0,28.54162692,24.34829475
1,3336,752.9087789,46.0897307,0.359255898,0,43.0366841,38.32095258
2,3463,121.237271,13.56626217,0.29922208,0,12.92517158,11.09136515
3,1348,14.36982408,1.607960978,0.29922208,0,1.531974782,1.314620204
4,2573,59.00546859,3.621118607,0.331837826,0,3.414030956,3.011260606
5,4,842.8680448,47.46455245,0.357099119,0,44.35531543,40.42940314
6,2520,902.8083695,38.3299289,0.304898749,0,36.45488922,35.77428633
7,2527,612.3060364,24.34214471,0.25635719,0,23.47475824,23.2215463
8,2667,609.2651384,31.37242534,0.205690482,0,30.61731716,30.52635437
9,3375,207.1395888,10.9474044,0.264681891,0,10.5340239,10.42915969
10,3123,287.8996015,22.19718618,0.325239491,0,20.97400486,20.26425424
11,1450,195.2615128,19.06353329,0.246115344,0,18.43247593,18.04328622
12,2539,94.09401367,5.853847558,0.13643696,0,5.782289059,5.744355373
13,10,17.73932739,1.367709961,0.325239491,0,1.292341972,1.248609718
13,43,140.1966346,8.722018493,0.13643696,0,8.615398951,8.558879148
14,3782,134.3022256,14.6332378,0.336969224,0,13.77229242,12.03720632
15,3,22.2425064,2.737031358,0.297391097,0,2.609140369,2.239968561
15,16,176.2514067,15.00180087,0.362277829,0,13.99251788,13.27624816
16,2844,168.7794976,17.22828629,0.3822636,0,15.94792143,14.41982537
17,4019,222.5444849,15.04175571,0.309820555,0,14.28391526,12.1950229
18,2836,214.1808374,12.47439157,0.304898749,0,11.86416401,11.64266329
19,20,68.56170713,3.993193753,0.304898749,0,3.797853011,3.726948126
20,3895,267.0805951,15.55539686,0.304898749,0,14.79445137,14.51824298
21,4063,86.9021125,5.061381743,0.304898749,0,4.813786929,4.723914833
22,2650,83.56143499,4.866812892,0.304898749,0,4.62873608,4.542318833
23,24,17.44030793,1.125287969,0.217860888,0,1.095324583,1.093434609
23,2571,352.8930319,22.51268954,0.194086352,0,22.02278591,21.93523069
24,13,17.1956148,1.228986008,0.276103309,0,1.178865504,1.150090427
24,3840,511.7234601,33.0175508,0.217860888,0,32.13838241,32.08292789
25,2525,389.9413971,16.55548014,0.304898749,0,15.74561215,15.45164585
26,2651,722.559967,28.72527499,0.25635719,0,27.70170394,27.40289778
27,58,140.628584,7.02324399,0.13643696,0,6.937390576,6.89187905
28,30,21.65750617,1.743668571,0.311230557,0,1.655080164,1.62502547
28,3049,206.1928693,12.82782589,0.13643696,0,12.67101621,12.58789024
29,2793,114.7885917,12.10648674,0.363764038,0,11.28579077,10.04275692
30,492,153.7231007,12.40695263,0.350192089,0,11.62309235,11.17577637
30,1679,121.5339027,9.784822164,0.311230557,0,9.287696836,9.119041026
31,4061,551.4479183,27.54029918,0.13643696,0,27.20364155,27.02517687
32,14,188.8053654,20.5717649,0.336969224,0,19.36142675,16.92220013
33,2578,1059.073725,72.64643309,0.315289154,0,68.8663558,58.66980708
34,3388,87.57969207,11.02786554,0.308704428,0,10.47593641,8.970812431
34,3390,191.3883146,14.63674561,0.364959779,0,13.6384716,12.75950752
35,3798,702.9274663,37.41308718,0.219460094,0,36.40391188,35.94447979
36,3642,138.7330118,8.412286639,0.31696482,0,7.97026192,7.741556546
37,964,20.94585036,1.224299383,0.31696482,0,1.15996841,1.126683304
38,355,74.4122279,3.960566777,0.219460094,0,3.853735011,3.805099317
39,71,471.6481435,47.07698047,0.312634504,0,44.66527491,38.09323778
39,3931,655.7895104,44.48921891,0.311247706,0,42.22868079,36.03427129
40,2565,17.23540524,2.228712603,0.255131673,0,2.149982724,1.80360013
40,3303,173.5536589,18.90997674,0.336969224,0,17.79740977,15.55522399
41,40,94.14958868,12.17449616,0.255131673,0,11.74442877,9.852289983
41,106,205.9274822,25.9562963,0.304274081,0,24.69133883,21.10678674
42,3037,78.84028071,4.196248457,0.219460094,0,4.083059446,4.031529585
43,3785,133.4349246,8.301353904,0.13643696,0,8.199876642,8.146082799
44,2574,180.9414023,11.25686263,0.13643696,0,11.11925669,11.04631077
45,3329,354.0884558,34.82237581,0.306842925,0,33.09887023,28.28739955
46,2738,650.9610806,23.69860885,0.13643696,0,23.40891274,23.2553427
47,3385,305.2274014,16.28874264,0.13643696,0,16.08962609,15.98407294
48,2672,20.39201609,3.249803316,0.365953923,0,3.027035929,2.692741578
48,1343,73.75740727,9.450839744,0.338239272,0,8.890917383,8.358489913
48,2734,252.1825724,32.0347417,0.30835249,0,30.43481316,25.9973976
49,3116,32.50099913,4.128600569,0.30835249,0,3.922403624,3.350514624
49,3134,12.0810238,1.144828818,0.296498012,0,1.09163012,0.939221007
50,49,68.3035197,8.501344877,0.302746016,0,8.090859571,6.936519065
51,2608,15.61305679,0.825239224,0.264495114,0,0.794117664,0.786093395
51,3251,54.9156453,2.695222573,0.090957973,0,2.676331364,2.659943084
52,3261,25.83894377,1.640842551,0.336407183,0,1.544601331,1.487399968
53,3262,417.0864173,26.4861113,0.336407183,0,24.93260719,24.00927566
54,2602,80.36115879,7.149963094,0.341794708,0,6.71808236,5.853492634
55,2591,9.775329937,0.789336631,0.337590115,0,0.742737664,0.66358176
56,71,569.7350869,34.55233012,0.332740379,0,32.5663741,28.83003789
56,130,188.598512,16.58320232,0.384684067,0,15.3362757,13.86316562
57,8,614.568568,31.6455108,0.205690482,0,30.88382968,30.79207509
58,2568,192.8435579,9.630953538,0.13643696,0,9.513223008,9.450813188
59,3902,762.1981511,28.45382163,0.194086352,0,27.83463171,27.72397054
60,3101,444.9842759,16.6118262,0.194086352,0,16.25033257,16.18572668
61,62,241.1888427,22.69559845,0.315289154,0,21.51465793,18.32913642
62,3223,104.6643268,9.84879527,0.315289154,0,9.336324034,7.953961315
63,2700,102.4418121,11.96416397,0.313981483,0,11.34637482,9.671669322
64,418,13.3681861,1.45283583,0.318559354,0,1.375786323,1.352198784
64,2694,41.55008843,4.715411311,0.310451986,0,4.476944465,3.841261049
65,2629,111.2175321,13.03685818,0.315289154,0,12.3584996,10.52866496
65,2767,123.5821534,11.0046406,0.30835249,0,10.45502985,8.930679695
66,65,28.99237736,2.591297246,0.309820555,0,2.460741351,2.100880368
66,3656,223.5096241,24.09140178,0.37201497,0,22.38893752,19.85979492
67,3226,128.0736806,11.53203248,0.312634504,0,10.94125825,9.331364309
68,2666,100.980186,5.881321582,0.304898749,0,5.593616604,5.4891853
69,3559,78.74000955,6.339440878,0.311230557,0,6.017360765,5.908091172
69,2606,169.9812521,14.49917795,0.338860041,0,13.63724396,13.25153369
69,1471,54.06578246,5.426023437,0.333528409,0,5.112786177,4.966298642
70,2621,575.5622494,27.32967347,0.322931863,0,25.84333964,24.53679692
71,3272,529.1314036,36.0294634,0.312634504,0,34.18371084,29.15392836
72,2828,59.82230477,3.74821093,0.349376197,0,3.512422915,3.41604558
73,3233,83.8566713,4.622487407,0.272534373,0,4.438395939,4.3971737
74,3377,28.2407436,1.492533815,0.264681891,0,1.436174851,1.421878002
75,797,72.96281787,4.000315669,0.264681891,0,3.849261372,3.810942704
76,3915,211.4044589,20.38132102,0.381389999,0,18.87303994,17.89713588
77,3588,210.8887098,14.8512772,0.194086352,0,14.52809526,14.47033642
78,60,154.9585276,5.784797954,0.194086352,0,5.658913684,5.636415738
79,3333,692.0183857,25.83392217,0.194086352,0,25.27174446,25.17127247
80,44,113.762371,7.0774702,0.13643696,0,6.990953916,6.945090997
81,2653,105.2974908,13.20916259,0.30710232,0,12.55436763,10.75589861
81,3389,390.7939572,39.00661911,0.312634504,0,37.00834991,31.56295077
82,183,103.9923635,12.45875834,0.334967259,0,11.73378239,10.25954365
82,3390,377.2365942,31.4371101,0.388421281,0,29.03054719,26.69760666
83,3469,78.52832295,5.8573313,0.247909647,0,5.660881331,5.595874941
83,2118,151.4523185,15.69484595,0.37103945,0,14.59112441,13.46973662
83,15,91.59614087,11.27127965,0.297391097,0,10.74461594,9.224341546
83,3916,207.0609634,24.04679131,0.359292551,0,22.45359796,19.95862976
84,107,95.66282859,6.068802219,0.181915947,0,5.950586492,5.921752127
84,106,135.266589,17.49134108,0.255131673,0,16.8734547,14.15498122
85,3610,559.8246432,51.45466181,0.310264167,0,48.85540684,41.81530961
86,2576,131.6639121,6.463483513,0.181915947,0,6.33757969,6.306870097
86,87,99.79758839,5.453876786,0.228690641,0,5.295598947,5.190215724
87,2835,17.03029586,1.1886644,0.353969028,0,1.112058692,1.044643245
87,2576,54.47888766,5.607904807,0.370530313,0,5.214537873,4.822961489
88,2523,536.0006204,22.75661853,0.304898749,0,21.64340064,21.23932422
89,3086,144.1269493,7.671110289,0.219460094,0,7.464190848,7.369989742
90,1784,259.841945,18.29867875,0.194086352,0,17.90047715,17.82931084
91,6,412.0520593,17.49421768,0.304898749,0,16.63842814,16.3277932
92,5,782.0228614,44.03816867,0.357099119,0,41.15338208,37.5108746
93,2820,414.2165693,34.87179292,0.331837826,0,32.87751478,28.99878951
94,95,16.03652362,1.462938451,0.30710232,0,1.390418734,1.191235064
94,2810,170.9162125,16.87763641,0.367646593,0,15.71077244,14.26696816
95,2807,19.88802033,2.009655387,0.379138176,0,1.862558075,1.687272292
95,2946,666.7955995,61.28658766,0.310264167,0,58.19066862,49.80535384
96,3277,119.7691339,10.60805848,0.309263361,0,10.075368,8.621128342
96,3296,84.63577294,6.906106864,0.379799854,0,6.398975982,5.78729879
97,3132,69.25028662,5.716840505,0.369930628,0,5.31703428,4.776935142
98,643,22.9694041,2.65303518,0.309820555,0,2.519368776,2.150934067
98,99,62.20229161,3.989453155,0.339409673,0,3.751579574,3.603351971
99,3285,353.9047267,25.2117249,0.361220839,0,23.52470243,22.00757944
100,2909,17.05127189,0.98790587,0.298397178,0,0.941457434,0.923386959
100,3176,29.2251578,2.528548596,0.373494004,0,2.348545039,2.226339071
101,2680,396.3703278,24.52083886,0.306531647,0,23.30946553,22.89070095
101,102,806.6190184,54.51928512,0.309820555,0,51.77247015,44.20121849
102,3332,2272.145172,153.5740264,0.309820555,0,145.8365912,124.5093196
103,104,474.4826869,26.53560783,0.197491644,0,25.94054234,25.63699118
103,3267,693.8621749,47.59499824,0.315289154,0,45.11844482,38.43807942
104,3270,466.3087123,24.22190935,0.368385072,0,22.54104739,21.15348397
105,2837,600.2206776,68.53512216,0.304274081,0,65.19512274,55.73045518
106,107,61.82728964,7.793070804,0.304274081,0,7.413282293,6.337062947
106,41,205.9274822,26.62851082,0.255131673,0,25.68785143,21.5492951
107,105,15.17145734,1.91229863,0.304274081,0,1.819104424,1.555016899
107,13,688.7951213,43.69681957,0.181915947,0,42.84563822,42.63802393
108,2856,775.5403958,30.89536826,0.228690641,0,29.99874879,29.40176913
109,25,954.9376735,40.54314777,0.304898749,0,38.55984091,37.83993914
110,111,97.73003137,12.8489808,0.382201985,0,11.89436066,11.28308105
111,916,99.95103611,15.20699648,0.350036432,0,14.24702256,12.77061514
111,110,97.73003137,12.69896992,0.343525532,0,11.9247071,11.17973902
111,1092,170.4718559,24.18579266,0.39036468,0,22.31712535,20.71017948
112,1687,89.67603626,8.164263159,0.366788728,0,7.602251423,7.304096413
112,1686,132.4572957,11.2619155,0.35531498,0,10.531,10.30721655
113,2271,75.95765777,5.410124588,0.217860888,0,5.266067552,5.256980994
113,2470,77.9863075,5.848525898,0.25635719,0,5.640124697,5.579287139
114,2272,204.6340761,14.33058423,0.181915947,0,14.05143517,13.98334706
115,1843,64.2949313,5.388120539,0.322887398,0,5.09516022,4.951798042
115,3953,31.17234754,2.376440498,0.28123359,0,2.276208233,2.257433413
115,3954,33.09479917,3.159592252,0.181915947,0,3.098045759,3.083033762
117,118,97.87980789,9.344679237,0.181915947,0,9.162651877,9.118253017
118,119,105.0875331,10.03280769,0.181915947,0,9.837376098,9.789707772
119,120,106.7881421,10.19516645,0.181915947,0,9.996572239,9.948132507
119,118,105.0875331,10.03280769,0.181915947,0,9.837376098,9.789707772
120,119,106.7881421,10.19516645,0.181915947,0,9.996572239,9.948132507
120,4000,295.720337,24.49002934,0.181915947,0,24.0129819,23.89662377
121,122,247.408882,19.91914897,0.311230557,0,18.90714146,18.56380562
122,123,104.402815,8.405580301,0.311230557,0,7.978528405,7.833645859
123,3953,32.69899973,2.898018046,0.3445097,0,2.720386275,2.614050377
123,2457,167.8758105,15.28370736,0.366788728,0,14.23160716,13.67345343
124,125,79.70339386,9.467071813,0.329753908,0,8.931928725,8.584094847
124,1874,50.28572125,7.607942027,0.309839064,0,7.224593105,6.16222413
124,1875,184.9975605,27.64172999,0.309263361,0,26.25368275,22.4643277
125,2000,252.9645362,28.60837272,0.311097313,0,27.15604913,26.36530134
125,124,79.70339386,10.16339907,0.349829842,0,9.522513947,9.009002188
125,686,79.46011636,9.438175608,0.329753908,0,8.90466593,8.55789374
126,240,334.3901963,55.94858628,0.30717283,0,53.17397112,45.8216161
126,127,79.01501837,12.76500388,0.329416445,0,12.04480346,10.543057
127,2253,58.72139682,9.678365352,0.254608041,0,9.337743432,7.969441994
127,1181,153.9312675,26.42410234,0.308704428,0,25.10161326,21.4951538
127,126,79.01501837,13.22041921,0.30717283,0,12.56478914,10.8274581
128,255,109.5322977,16.57648503,0.311247706,0,15.73421858,13.42620916
128,129,93.4719097,9.377628261,0.22913232,0,9.104541147,8.99645152
128,2633,161.3423012,23.21966703,0.342719825,0,21.81009109,19.03900039
129,128,93.4719097,12.34365463,0.37012072,0,11.47958103,10.82132405
130,3387,345.2931007,20.45520276,0.28123359,0,19.59245392,19.43084972
130,3268,1013.065892,83.69132729,0.382398884,0,77.46750838,71.25133703
131,3939,114.7365402,4.879087638,0.280392784,0,4.674423814,4.544961288
132,3271,224.0472338,17.94021109,0.332391013,0,16.91106663,15.41448248
133,147,117.0364566,8.037606753,0.13643696,0,7.939353585,7.887268858
134,2584,314.3819527,31.26397076,0.311247706,0,29.67541965,25.32241364
134,2637,147.7606227,17.19351037,0.312634504,0,16.31270442,13.91245726
135,1201,88.09052762,7.41971263,0.217860888,0,7.222145681,7.209683925
136,3029,12.27819713,1.216501111,0.309820555,0,1.155210809,0.986271762
137,749,210.3361438,36.13993561,0.319084267,0,34.217463,29.38960614
138,200,853.6778709,36.30202847,0.280392784,0,34.77926181,33.81601773
139,3708,118.9357727,9.650864665,0.322931863,0,9.125999021,8.664622598
140,2706,47.82379598,4.591344375,0.194086352,0,4.491431112,4.473574686
141,142,89.18349519,13.12668797,0.367498149,0,12.21983115,11.07438223
142,1668,100.2800702,10.88574306,0.381891578,0,10.07819948,9.201429775
143,66,109.3943474,9.843541206,0.372239777,0,9.147149546,8.558152568
143,3621,70.97217913,6.437658751,0.315289154,0,6.102682254,5.199101744
144,74,20.1403475,1.064424865,0.264681891,0,1.024231549,1.014035518
144,3378,30.4108698,2.225785515,0.219460094,0,2.165747492,2.138414883
145,3386,526.6614905,44.86830509,0.367498149,0,41.76857965,37.85332307
145,3387,796.4945349,73.92449629,0.289340347,0,70.63998221,60.98954813
146,3878,48.27022087,5.596044853,0.311247706,0,5.311704668,4.532545261
147,2870,115.8481739,7.956000139,0.13643696,0,7.858744545,7.807188639
148,3938,267.1390545,13.30566557,0.362277829,0,12.41049425,11.7752075
149,3480,51.77672961,3.669175694,0.277498458,0,3.518155553,3.448647815
150,149,97.07429387,6.879203113,0.277498458,0,6.596060983,6.46574347
151,150,235.8616452,23.5813785,0.277498458,0,22.61078909,22.16407069
152,166,114.2511223,7.89026764,0.28123359,0,7.557476058,7.495139822
153,202,104.578424,6.54134299,0.367094561,0,6.090353818,5.404726913
154,3720,43.50840956,3.94173789,0.362363971,0,3.676430943,3.531458078
155,153,160.4928723,10.03877172,0.367094561,0,9.346654309,8.29444653
156,154,174.1608006,14.2935061,0.362363971,0,13.33145165,12.80575192
157,3264,57.598139,4.319530164,0.25635719,0,4.165611845,4.120679212
158,92,300.3246108,24.79116509,0.357099119,0,23.16718247,21.11664297
159,138,354.4105555,15.07105023,0.280392784,0,14.43886262,14.03896485
160,132,40.59516045,3.041219454,0.350651162,0,2.848611205,2.667780005
160,740,264.468963,31.13527963,0.290247811,0,29.74395212,25.79433631
160,3640,42.69280134,5.043509583,0.293297439,0,4.813768835,4.173455022
161,163,711.8087042,28.35647526,0.228690641,0,27.53353741,26.98561584
162,3394,368.7286462,21.48787115,0.25635719,0,20.72219135,20.49867014
162,146,171.3932293,19.79643289,0.309820555,0,18.79904017,16.04985197
163,3064,825.7764416,32.89663234,0.228690641,0,31.94193386,31.30628452
164,3556,88.79586416,7.11169194,0.304898749,0,6.763799185,6.637520889
165,3264,13.91895135,1.148980165,0.357099119,0,1.073714488,0.978679454
165,3265,152.6709478,11.4731617,0.228690641,0,11.14019722,10.91850561
166,3639,198.0411599,19.29588466,0.28123359,0,18.48203293,18.32958781
166,458,284.5802175,19.54385791,0.13643696,0,19.30495023,19.17830352
167,3345,38.0893646,2.979639997,0.277498458,0,2.857000558,2.800555172
168,185,124.6672423,7.260910993,0.304898749,0,6.905718677,6.776790783
169,148,267.6291156,13.33007454,0.362277829,0,12.43326105,11.79680887
170,2929,47.51163312,4.780676873,0.376577102,0,4.435122364,4.018660161
171,1218,125.0363217,13.09109911,0.254311691,0,12.63133885,12.37264869
171,2348,344.5493305,44.39182848,0.256116906,0,42.81269355,37.56619457
171,611,158.577318,19.76549025,0.309887059,0,18.76926263,16.86937293
172,2596,123.4854103,14.47489215,0.315289154,0,13.72170705,11.69003204
172,3873,87.99223597,9.036426993,0.263722382,0,8.697451132,7.273050447
173,2862,492.8348316,49.19170373,0.312634504,0,46.67166306,39.80440649
173,3450,214.5397566,25.14823274,0.315289154,0,23.8396721,20.30990237
174,2826,318.0610527,25.80858648,0.322931863,0,24.40497749,23.17115299
175,3357,6.424148194,0.935123197,0.385559485,0,0.864512413,0.795154407
175,2456,114.8261742,14.39787781,0.345843696,0,13.50903504,12.82485645
176,175,51.31171581,5.57316768,0.298397178,0,5.311133687,5.209190988
177,2250,74.62432761,7.164341094,0.194086352,0,7.00843628,6.980573083
178,3555,37.81754758,2.557880213,0.345820072,0,2.39999126,2.31930606
179,1264,88.21119678,10.44894079,0.331274822,0,9.853250604,9.485287296
180,3686,31.39202022,3.666269364,0.313981483,0,3.476955557,2.96376287
180,63,19.40874548,2.042852227,0.306401226,0,1.942010715,1.887786329
181,3407,1188.995625,81.55833642,0.315289154,0,77.31453803,65.8671274
182,1933,209.8067987,24.50330476,0.313981483,0,23.2380366,19.80814218
183,3388,18.49011997,1.760928516,0.310352558,0,1.671927734,1.44285456
183,2039,404.1895712,52.30111726,0.315289154,0,49.57968612,42.23877662
184,1281,81.90763507,13.17981856,0.367938097,0,12.26727009,10.88942659
185,2531,214.3101453,13.3377134,0.304898749,0,12.6852535,12.44842326
186,3694,86.1701815,11.10934073,0.313981483,0,10.53569178,8.980641711
187,1709,112.1962064,10.81748602,0.381178028,0,10.01778291,9.498336796
187,1835,112.2001461,8.368871295,0.247909647,0,8.088186386,7.995306184
188,1709,148.6992591,15.21449444,0.392436845,0,14.02738637,13.11193551
188,3364,121.6328852,12.98799751,0.385310339,0,12.0084532,11.04336887
189,1887,215.574542,27.03056108,0.345843696,0,25.36184858,24.07737239
189,1878,46.48724373,6.66755856,0.299968523,0,6.351028286,5.477548696
189,1877,98.92111613,14.67004131,0.306091176,0,13.94723118,11.94592287
190,3600,17.51410606,2.59045267,0.340660627,0,2.434940376,2.183082199
190,3599,19.18188999,1.967708407,0.318778103,0,1.863220945,1.69373053
190,3643,298.9934967,36.46196777,0.296498012,0,34.76762782,29.91350807
191,181,869.8860472,57.29655816,0.348700263,0,53.70511545,46.70980366
192,253,80.89731005,8.287931305,0.228690641,0,8.047405913,7.887261313
192,2304,102.7342482,11.37981026,0.2937333,0,10.86002494,10.55800397
193,1780,81.0231703,4.718978436,0.304898749,0,4.488133452,4.404341218
194,203,197.0588772,14.80889715,0.228690641,0,14.37912575,14.09297897
195,168,202.5960486,11.79966646,0.304898749,0,11.22244538,11.01292537
196,1105,124.3039679,12.19608825,0.197491644,0,11.92258891,11.7830731
196,2181,174.9655484,18.31860777,0.254311691,0,17.67525707,17.31326732
196,3751,188.6611919,18.96884894,0.198238307,0,18.54067968,18.15169133
197,2701,20.29525651,2.03321955,0.313981483,0,1.928230938,1.643627353
197,2710,21.62694903,2.525808154,0.313981483,0,2.395383925,2.041829359
198,197,22.56483374,2.260590354,0.313981483,0,2.143861079,1.827430854
199,1390,193.3492346,32.97180941,0.315894363,0,31.25007875,26.86711902
199,3449,114.3414004,20.09648648,0.313981483,0,19.05877158,16.24572953
199,198,411.450777,41.21996503,0.313981483,0,39.09150481,33.32166563
200,3067,524.8594973,20.90893981,0.228690641,0,20.30213809,19.89812246
200,2645,451.1394976,24.68765153,0.194086352,0,24.15041808,24.0544041
201,3720,1.323430283,0.149752042,0.384684067,0,0.138491864,0.125189171
201,3721,11.41400561,1.034076374,0.362363971,0,0.964475692,0.926443479
202,2904,916.9327716,60.39537253,0.348700263,0,56.60969103,49.23604634
203,161,319.7374175,18.67147504,0.228690641,0,18.12960715,17.76882522
204,2667,159.4867341,7.829327416,0.181915947,0,7.676817975,7.639618924
205,3457,338.5077551,14.39479525,0.280392784,0,13.7909746,13.4090207
206,1934,168.2622821,15.48146678,0.090957973,0,15.37295491,15.27881998
206,207,232.7409937,22.22000613,0.181915947,0,21.78717704,21.68160435
206,741,58.60271587,5.87935441,0.22913232,0,5.708140978,5.640373605
207,206,232.7409937,23.34988691,0.22913232,0,22.66991186,22.40077338
208,3339,13.21642977,1.072427347,0.322931863,0,1.014103011,0.962833751
209,210,56.83990593,5.321625261,0.13643696,0,5.256572745,5.222087927
210,211,88.01208355,9.609656171,0.304898749,0,9.139566945,8.968933709
210,209,56.83990593,5.456939939,0.194086352,0,5.33819026,5.316967403
211,212,36.43228845,4.614774432,0.354955259,0,4.315829951,3.920021604
211,210,88.01208355,8.829867761,0.22913232,0,8.572732051,8.470956092
211,1491,92.276767,9.434215204,0.25635719,0,9.098044721,8.999908093
212,211,36.43228845,3.432486574,0.298397178,0,3.271101126,3.208315119
212,213,192.2392075,18.30288842,0.311230557,0,17.37299626,17.05751904
212,2306,108.2577258,18.23081008,0.298811942,0,17.37145982,14.90456395
213,212,192.2392075,28.29565454,0.302337402,0,26.93279632,23.08674149
213,1531,90.47264365,13.72314849,0.374739092,0,12.74017351,11.52784161
213,3419,233.0045206,30.90935657,0.378708519,0,28.65168706,25.90116927
214,3419,17.65025997,2.12225417,0.33604796,0,1.998022191,1.745804983
214,1518,328.2336029,38.47536313,0.315289154,0,36.4733399,31.07299335
214,236,133.075822,16.9675295,0.309820555,0,16.11266385,13.75633369
215,3745,14.26238684,1.11448466,0.319159692,0,1.055173515,1.013399202
215,3743,37.36666719,4.782031581,0.311247706,0,4.539052159,3.873231032
216,3358,8.884675968,1.011781506,0.354340251,0,0.946448627,0.844679451
216,3355,61.33179374,8.719527001,0.372785963,0,8.100976263,7.467754394
216,3604,68.63658887,8.610194367,0.30710232,0,8.1833761,7.011071066
217,1313,53.40018195,6.985939462,0.377369593,0,6.479013866,6.142505108
217,3358,49.04772761,6.129720771,0.305457175,0,5.828852841,4.996254597
217,218,113.4140711,12.08514013,0.323559539,0,11.42552463,10.28430307
218,217,113.4140711,13.99448832,0.303578843,0,13.31534398,11.44612132
218,219,320.8309152,34.18699752,0.323559539,0,32.32104702,29.09270723
219,1316,47.48634491,6.873796262,0.349121175,0,6.441971886,5.853668351
219,220,89.24238406,10.79945778,0.292487541,0,10.31001368,8.878031601
219,218,320.8309152,37.26604808,0.324920286,0,35.2162146,30.95710495
220,221,79.41255021,9.609923497,0.292487541,0,9.174390485,7.900137784
220,219,89.24238406,10.46231138,0.325984784,0,9.883340434,8.667350351
221,220,79.41255021,9.309912962,0.325984784,0,8.794714269,7.712662567
221,222,83.74840181,10.13461641,0.292487541,0,9.675303697,8.331477981
222,221,83.74840181,9.818225576,0.325984784,0,9.274897512,8.13376679
222,223,171.1869768,20.71579047,0.292487541,0,19.77692653,17.03006263
223,277,85.23237985,12.32788934,0.340886485,0,11.58690263,10.09286766
223,224,40.59073477,5.058937096,0.299343021,0,4.819693077,4.125988513
223,222,171.1869768,20.0690678,0.325984784,0,18.95847122,16.62592858
224,225,206.6339032,25.75336278,0.299343021,0,24.53545121,21.00403247
224,223,40.59073477,5.052094484,0.302746016,0,4.808155369,4.1221654
225,496,101.1204712,17.6421906,0.311247706,0,16.74577467,14.28938286
225,224,206.6339032,25.81584073,0.304440567,0,24.55646107,21.04295685
225,4023,226.284365,28.53120194,0.305291242,0,27.13219172,23.199684
226,1063,106.6495682,9.139521843,0.306606421,0,8.687810296,8.332538875
226,4023,38.5679907,4.856406837,0.308704428,0,4.613350521,3.950530108
226,227,190.5818873,23.93220423,0.302674278,0,22.77714744,19.48007049
226,1062,328.3386928,39.84895932,0.336832753,0,37.506205,32.69278696
227,1941,88.7119865,12.36223454,0.360030816,0,11.54006767,10.6500656
227,228,188.1326953,23.62464844,0.302674278,0,22.48443543,19.22972963
227,226,190.5818873,23.99770286,0.308704428,0,22.79665166,19.52135619
228,527,54.26906959,5.548374722,0.25635719,0,5.350668843,5.292953519
228,229,310.2742528,38.81635933,0.301030831,0,36.96160556,31.62659289
228,227,188.1326953,23.60051833,0.30710232,0,22.43061067,19.2173259
229,728,55.8145704,7.372846714,0.385936603,0,6.815116297,6.465377503
229,230,186.2937593,23.30597991,0.301030831,0,22.19235527,18.989126
229,228,310.2742528,39.41412545,0.30835249,0,37.44564433,31.98604503
230,2194,269.9872584,26.75863562,0.322692881,0,25.30534582,24.58960927
230,231,308.6159769,38.8997508,0.304274081,0,37.00400536,31.6319684
230,229,186.2937593,23.6648885,0.30835249,0,22.4829801,19.20494697
230,1350,88.34501267,8.56943056,0.273168028,0,8.226702748,7.915630067
231,232,17.47196923,2.194031877,0.302674278,0,2.088139775,1.785873763
231,1352,92.62359062,8.892368183,0.194086352,0,8.698859389,8.664275636
231,230,308.6159769,38.71467959,0.30710232,0,36.79554377,31.52441842
232,233,91.00631587,11.51390402,0.305830924,0,10.94748813,9.353517378
232,231,17.47196923,2.191790902,0.30710232,0,2.083141044,1.784721822
232,661,113.1062132,15.41410083,0.349974015,0,14.44137428,13.37047948
233,234,51.98164808,6.57659527,0.305830924,0,6.253065735,5.34260995
233,232,91.00631587,11.45933938,0.308704428,0,10.8858156,9.321802468
234,235,50.70028291,6.438421906,0.30734546,0,6.118795692,5.22523871
234,233,51.98164808,6.545428646,0.308704428,0,6.217839169,5.324494797
234,1261,124.3527034,13.19163146,0.270153274,0,12.67460862,12.41677392
235,4050,22.26750946,2.827747943,0.30734546,0,2.687368455,2.294919194
235,234,50.70028291,6.384081621,0.308704428,0,6.064567335,5.193244204
236,2319,76.93436134,10.88030047,0.342397034,0,10.22095046,9.332269792
236,4050,165.2305819,20.80551549,0.308704428,0,19.76422876,16.92461486
236,214,138.6448781,17.67759932,0.309820555,0,16.78695862,14.332019
237,238,81.22670416,9.621601946,0.331274822,0,9.073078034,8.734249768
237,1257,74.97161337,8.836297857,0.326029236,0,8.347185237,8.032764535
237,686,254.783101,24.46056265,0.194086352,0,23.92827092,23.83314013
238,239,77.8641982,9.569890375,0.357854949,0,8.940539981,8.585972685
238,237,81.22670416,8.923166055,0.295777653,0,8.510366775,8.30653295
239,240,72.76910312,10.34288468,0.371702753,0,9.613121757,8.857557153
239,238,77.8641982,8.056513707,0.255625627,0,7.770916862,7.652084878
239,687,327.2192072,34.89668752,0.277498458,0,33.46036964,32.7992975
240,239,72.76910312,8.376437222,0.328077906,0,7.907381953,7.677818441
240,126,334.3901963,54.02127649,0.329416445,0,50.97340072,44.61803555
240,1179,76.86396224,12.86051467,0.30717283,0,12.22273307,10.53269805
241,1177,65.41823326,7.607229454,0.338860041,0,7.155001775,6.952632606
242,243,82.12269369,7.884224997,0.194086352,0,7.71265463,7.681991697
243,1382,167.1772225,15.91676375,0.311230557,0,15.10810047,14.83375163
243,1381,240.5943233,22.25705072,0.277498458,0,21.3409695,20.91933876
244,243,83.24193238,8.556683651,0.264495114,0,8.233992562,8.150791066
245,244,143.0682278,14.70640495,0.264495114,0,14.15179454,14.00879581
246,251,20.79932893,3.485516383,0.301748462,0,3.318237768,2.853700905
246,2013,86.73894765,13.15987761,0.344091905,0,12.35506282,11.05690725
246,247,74.5059859,11.83077698,0.278235413,0,11.341467,9.827230514
247,339,182.1500764,20.93203542,0.312961243,0,19.85764181,19.19016078
247,248,146.6776473,23.29088747,0.278235413,0,22.32759793,19.34656704
247,246,74.5059859,12.33874269,0.294925768,0,11.77094919,10.13336814
248,2668,163.3738495,19.798289,0.28917116,0,18.91958083,16.26818295
248,434,367.1184819,45.23889654,0.293588685,0,43.17442738,37.00585438
248,247,146.6776473,24.03016563,0.299428838,0,22.89314742,19.7923019
249,250,98.35306362,16.1271133,0.336969224,0,15.17827588,13.26605861
249,1954,104.307494,11.1830016,0.284617001,0,10.70089438,10.49559497
249,1955,74.88103203,11.98034064,0.336204069,0,11.2784358,9.92382965
250,249,98.35306362,15.97667696,0.335597204,0,15.0437571,13.17765673
250,612,387.4787666,46.21007883,0.350769821,0,43.28164145,41.83999103
250,251,68.81654297,11.40012728,0.295975059,0,10.87209331,9.362212473
251,246,20.79932893,3.445610413,0.295975059,0,3.286015762,2.829664617
251,250,68.81654297,11.53215995,0.301748462,0,10.97870286,9.441738802
252,1066,131.6640815,11.28318444,0.306606421,0,10.72552456,10.2869247
252,1065,74.51265007,5.495447519,0.198238307,0,5.371403003,5.25870955
253,192,80.89731005,9.845271991,0.348570966,0,9.228577736,8.858104746
253,254,179.4689803,19.96596478,0.266297678,0,19.20364728,18.46857433
254,253,179.4689803,21.73392979,0.343788824,0,20.40692034,19.58238587
254,2389,95.98549921,11.82800181,0.293588685,0,11.28823301,9.675419741
254,3654,35.29340196,4.415324057,0.301030831,0,4.204347575,3.597494943
255,128,109.5322977,15.70196097,0.340844781,0,14.75838415,12.8886249
255,256,91.8754681,11.9059686,0.369549147,0,11.07491744,10.4974498
255,269,112.3516404,17.00316094,0.311247706,0,16.13921469,13.7717975
256,255,91.8754681,12.49255344,0.343583553,0,11.73063782,10.84109486
257,1573,55.54752845,6.81891538,0.291714491,0,6.51137125,5.583542448
257,1344,79.59559354,10.03269106,0.304274081,0,9.54375661,8.158246779
258,259,63.53292537,6.099506188,0.194086352,0,5.966773482,5.943051588
258,2175,78.68540141,8.806607204,0.306314986,0,8.372111046,8.147123458
258,2221,90.61710298,11.85474604,0.377369593,0,10.99452184,10.42348542
259,258,63.53292537,6.811483807,0.284617001,0,6.517835856,6.3927895
260,2192,63.77043727,8.342992936,0.343744728,0,7.833715399,7.022994893
260,2189,147.3223731,20.26168035,0.321005483,0,19.1718471,16.82176858
260,261,79.57683592,11.99474965,0.308818312,0,11.39402133,9.725090601
261,262,277.3734139,41.80895886,0.308818312,0,39.71505726,33.89782403
261,260,79.57683592,11.42424135,0.338101373,0,10.74791367,9.372640187
262,263,95.55637564,14.40337241,0.308818312,0,13.68201399,11.67795125
262,261,277.3734139,39.82039232,0.338101373,0,37.46298119,32.66932111
262,2170,155.3186263,17.99073504,0.309891017,0,17.08393795,16.44203734
262,2171,80.11835596,13.41527761,0.343580304,0,12.59709975,10.97112379
263,262,95.55637564,13.97059493,0.309793868,0,13.26683387,11.41896681
263,2246,90.05917564,12.36769834,0.383729911,0,11.44201523,10.71044331
263,264,87.0974325,13.03102553,0.305830924,0,12.38997626,10.58597706
264,1815,347.6201901,52.84249285,0.340312282,0,49.67620627,44.37183627
264,3671,228.9682087,34.38479251,0.30734546,0,32.67780883,27.90571221
264,263,87.0974325,12.83508972,0.31423677,0,12.17133496,10.46924136
265,3424,22.89471673,3.426459666,0.306842925,0,3.256869791,2.783429659
265,3672,30.18025008,3.537712381,0.315289154,0,3.353631406,2.857083191
265,3671,35.04734055,5.164741915,0.31423677,0,4.897652079,4.212742634
266,1561,78.48830437,10.73282184,0.265185783,0,10.32614021,9.300353022
266,1624,78.57670223,11.35514484,0.288659805,0,10.8528017,9.680775691
267,266,70.82376458,6.630861338,0.13643696,0,6.549804481,6.506835646
268,2633,15.2936218,2.33165235,0.313981483,0,2.211253672,1.884876416
268,3195,130.6851433,16.33232519,0.305457175,0,15.53067809,13.31226297
268,4068,339.5074621,39.79687873,0.315289154,0,37.72609189,32.14025931
269,270,106.3326852,15.7741591,0.30710232,0,14.992214,12.84451265
269,735,115.2235273,19.30896394,0.301748462,0,18.38227866,15.80885063
269,332,95.20363567,12.9515135,0.375784669,0,12.01900665,11.24524313
269,255,112.3516404,16.04317751,0.338928151,0,15.08910256,13.18283429
270,271,109.4384072,16.17386209,0.305457175,0,15.37999291,13.18310178
270,269,106.3326852,15.71486857,0.305457175,0,14.94352838,12.80898222
271,270,109.4384072,16.11289559,0.303768295,0,15.33004802,13.1465336
271,272,126.9168723,18.51960062,0.303578843,0,17.62085522,15.14722014
272,871,315.1625746,30.0888736,0.181915947,0,29.50276485,29.35980524
272,333,137.9356191,20.2612843,0.3920267,0,18.68346192,17.18468016
272,273,67.56111562,9.896053094,0.30536361,0,9.41059437,8.085830033
272,271,126.9168723,18.85296738,0.303696798,0,17.93738965,15.34512652
273,3718,22.44530141,3.329698246,0.30710232,0,3.164640877,2.711291992
273,3719,66.85184074,11.53418456,0.306842925,0,10.96330934,9.369610191
273,272,67.56111562,10.11130386,0.306842925,0,9.610852979,8.213755829
274,1927,85.84946121,8.037639295,0.13643696,0,7.939385728,7.88730079
274,275,177.7958425,26.57406095,0.310264167,0,25.23166053,21.59576115
274,3718,22.05148794,3.300260706,0.306842925,0,3.136916947,2.680913954
275,1767,81.87178097,13.53035247,0.340844781,0,12.71727397,11.10610568
275,276,207.1419432,30.60376875,0.304440567,0,29.11081858,24.94568324
275,274,177.7958425,26.60920816,0.306842925,0,25.29220672,21.61556429
276,1667,81.69937238,11.23858207,0.381515423,0,10.40638506,9.72358256
276,277,78.23093768,11.0582001,0.300407162,0,10.53181977,9.122030508
276,275,207.1419432,30.87582931,0.304274081,0,29.37112269,25.10718545
277,223,85.23237985,12.54501942,0.302746016,0,11.9392863,10.2358824
277,276,78.23093768,11.27131869,0.339055502,0,10.60055633,9.23764529
278,2121,53.62852039,8.440022952,0.358391927,0,7.883432726,7.017542171
278,1033,164.893225,26.31214441,0.362539111,0,24.53956388,21.78877607
279,1625,130.2264421,20.6165315,0.276613015,0,19.77291164,17.13905382
279,1624,90.48295446,14.17328209,0.313677867,0,13.44272582,11.80601502
280,2929,45.61106348,4.675367009,0.384684067,0,4.323816116,3.908496435
280,1653,68.98796821,6.941651182,0.376577102,0,6.439898202,5.835185642
281,282,62.8742425,6.105114548,0.217860888,0,5.942551802,5.932297975
281,1052,89.03646483,14.67825781,0.33619229,0,13.81834298,12.0551473
281,1793,90.1486896,10.42993899,0.333528409,0,9.827832208,9.546252877
282,281,62.8742425,9.577373051,0.37729198,0,8.882668355,8.035528794
283,284,52.53228093,5.341768631,0.247909647,0,5.162610201,5.103325677
283,1538,68.92901873,9.614709482,0.392436845,0,8.864523583,8.286009845
283,1537,90.61340307,15.09227553,0.344553962,0,14.16698619,12.36173818
284,283,52.53228093,5.241626568,0.219460094,0,5.100239676,5.03587259
285,1273,286.9378463,30.72333984,0.259554871,0,29.60369426,28.81314913
285,1300,79.74684767,10.73330859,0.270873186,0,10.31059043,8.973106793
285,1515,150.0049222,18.91836455,0.351927191,0,17.71212885,16.09002498
286,829,361.3624602,24.38838351,0.090957973,0,24.21744176,24.06914839
287,2946,50.67048163,3.609032013,0.217860888,0,3.512933218,3.506871679
287,1694,76.57139057,7.042693265,0.345843696,0,6.607917594,6.273252999
288,2342,81.82617646,7.812023631,0.181915947,0,7.659851255,7.622734418
288,717,121.3246772,12.33695441,0.247909647,0,11.92318333,11.78626417
289,846,237.1113112,32.31350035,0.349974015,0,30.27431558,28.02933484
290,347,28.6661594,4.939341047,0.310264167,0,4.689828052,4.014020652
290,291,146.3466926,13.97185925,0.181915947,0,13.69969789,13.63331417
290,1262,115.0798118,19.18931587,0.340536956,0,18.03809999,15.70985888
291,290,146.3466926,15.32226021,0.254311691,0,14.78414143,14.48136181
292,293,250.2558834,30.13713271,0.288659805,0,28.80388843,27.16036063
293,292,42.32918599,5.62684822,0.357413191,0,5.257652264,4.918301947
293,1271,127.7992127,16.53218519,0.284016181,0,15.82222297,14.56143384
294,295,69.67866025,8.986684285,0.36553278,0,8.371978501,7.934459934
295,657,82.58697561,12.45280636,0.373970202,0,11.56421385,10.480648
295,1925,82.72151906,12.63080089,0.344191603,0,11.85792837,10.59400591
295,294,69.67866025,6.410990332,0.090957973,0,6.366054764,6.327072788
296,297,118.2579219,13.30551104,0.305082317,0,12.65390496,12.27991177
297,993,326.4975329,34.00166642,0.246115344,0,32.87611421,32.1819565
297,992,85.2634233,10.53670889,0.331983252,0,9.933638215,9.424480328
297,3738,200.8052239,21.92504803,0.304898749,0,20.85250925,20.46319856
297,296,118.2579219,11.07187519,0.13643696,0,10.93653057,10.8647834
298,299,49.68001165,6.139988557,0.339289618,0,5.774127541,5.495567444
299,298,49.68001165,6.605677443,0.339804395,0,6.210961982,5.774947015
299,2749,103.8889684,12.74844733,0.327865399,0,12.03542684,11.42987178
299,2013,125.0769415,14.09022597,0.287642284,0,13.47090638,12.99439366
300,301,133.2902222,12.79658587,0.194086352,0,12.51811653,12.46834869
300,1369,133.0711596,12.77555467,0.194086352,0,12.49754299,12.44785694
301,300,133.2902222,12.79658587,0.194086352,0,12.51811653,12.46834869
302,969,64.58878016,7.928803291,0.291714491,0,7.571201419,6.492353589
302,1573,100.3459499,12.64818654,0.304274081,0,12.0317882,10.28507969
302,303,86.70051269,11.68522348,0.343779845,0,10.9717928,10.17108802
303,304,124.8793004,13.03439379,0.254960616,0,12.57450893,12.33573119
303,302,86.70051269,10.511784,0.318765143,0,9.953638684,9.460868334
303,2690,83.76820521,8.042203047,0.194086352,0,7.867194885,7.835917551
304,303,124.8793004,14.83179779,0.329960988,0,13.99243067,13.44956228
305,814,98.10840427,12.09703466,0.332915819,0,11.40105834,10.83168598
305,2248,137.5505815,15.55592876,0.311097313,0,14.7662214,14.33624881
306,2185,80.71686729,6.555292269,0.13643696,0,6.475159182,6.432680044
307,367,81.68106442,10.08837626,0.362363971,0,9.409356911,9.03831732
307,2912,55.43678452,5.322232657,0.194086352,0,5.206414373,5.185715412
308,557,211.1178838,20.26846444,0.194086352,0,19.82739789,19.7485708
308,556,75.91127021,9.891559349,0.316138589,0,9.374302487,8.704776094
309,310,95.7021462,8.960095033,0.13643696,0,8.850565199,8.792502629
309,476,152.6397475,15.31367889,0.22913232,0,14.86772729,14.69121679
309,475,192.8230951,18.51206528,0.194086352,0,18.10922013,18.03722393
310,311,83.72300461,7.838550204,0.13643696,0,7.742730339,7.691935524
310,309,95.7021462,8.960095033,0.13643696,0,8.850565199,8.792502629
311,312,65.88969794,6.168910298,0.13643696,0,6.093500415,6.053525082
311,310,83.72300461,7.838550204,0.13643696,0,7.742730339,7.691935524
312,1425,69.39448636,6.497045439,0.13643696,0,6.417624373,6.375522681
313,2962,458.3901485,59.72743405,0.353534615,0,55.88693266,52.27620092
313,319,402.0295151,54.83067032,0.343366798,0,51.49047425,47.52890043
313,314,219.4831586,22.14363631,0.228690641,0,21.50100227,21.07312906
314,313,219.4831586,22.92873825,0.270153274,0,22.03008661,21.581937
315,316,105.2233153,12.50965525,0.305021572,0,11.89724883,11.32897502
315,583,743.4122747,76.00517024,0.25635719,0,73.29686921,72.50624794
315,582,162.8750212,21.94753788,0.316734975,0,20.79584379,19.10172431
316,317,63.14414833,7.305439751,0.276103309,0,7.007509326,6.668752321
316,315,105.2233153,14.17892493,0.316734975,0,13.43488776,12.34042363
316,2877,99.54082483,10.23209486,0.264495114,0,9.846220382,9.746727911
317,318,58.17706399,6.730774697,0.276103309,0,6.456280261,6.14417077
317,316,63.14414833,8.795392728,0.333568475,0,8.287533384,7.57841428
318,317,58.17706399,8.103524065,0.333568475,0,7.635614269,6.982276334
318,1467,172.1321564,27.46827297,0.281697117,0,26.30623524,22.78686319
318,319,301.6228479,45.92613955,0.338156112,0,43.20644707,38.53925374
319,313,402.0295151,54.16758226,0.335964539,0,50.99818965,47.12883115
319,318,301.6228479,46.83618133,0.312042429,0,44.44518078,39.11302136
320,1970,62.85449317,6.965448791,0.238520771,0,6.747505916,6.451264599
320,1969,81.00566427,8.281877382,0.25635719,0,7.986768285,7.90061851
321,322,108.0570173,10.31630719,0.181915947,0,10.11535325,10.06633795
321,3525,105.7299132,13.57665513,0.311641311,0,12.88520418,10.98629102
321,719,316.1447303,38.32440939,0.340844781,0,36.02138339,31.45778659
322,323,138.5064364,13.22334247,0.181915947,0,12.96576165,12.90293431
322,321,108.0570173,10.78183781,0.219460094,0,10.49101005,10.35860926
323,324,69.28621915,6.614821866,0.181915947,0,6.485970086,6.454541447
323,322,138.5064364,13.22334247,0.181915947,0,12.96576165,12.90293431
324,325,134.5872342,12.84917247,0.181915947,0,12.5988802,12.53783064
324,323,69.28621915,6.614821866,0.181915947,0,6.485970086,6.454541447
325,324,134.5872342,12.84917247,0.181915947,0,12.5988802,12.53783064
325,3758,214.5787453,21.93815547,0.25635719,0,21.15643064,20.92822547
326,327,38.54646525,5.74375506,0.343473062,0,5.393654313,4.852604731
326,830,125.8609461,18.13309751,0.381988211,0,16.78728814,15.47026736
327,326,38.54646525,4.208720698,0.304898749,0,4.002836718,3.928104842
327,833,257.4188369,28.95977012,0.312365075,0,27.47854665,26.75242755
327,3564,217.4224993,35.55326893,0.330959109,0,33.52995968,29.26217229
328,3562,12.07610987,1.556891455,0.313981483,0,1.476498822,1.258570124
329,3828,24.74683376,1.753692858,0.277498458,0,1.681512356,1.648290937
330,784,82.63015771,7.932944302,0.194086352,0,7.760313743,7.729461333
331,332,386.7382337,35.5829901,0.090957973,0,35.33358372,35.11722163
331,419,91.69796762,10.70939197,0.313981483,0,10.15639503,8.657328511
332,333,338.1333969,33.35901331,0.20837684,0,32.53765613,32.18273285
332,331,386.7382337,39.83513373,0.237655537,0,38.59682281,37.85487056
332,269,95.20363567,16.22036725,0.305457175,0,15.42421543,13.22100752
332,734,94.7489781,11.50560412,0.349103416,0,10.78286924,10.36267053
333,2384,93.89072409,9.662620315,0.247312992,0,9.339949223,9.190920171
333,332,338.1333969,50.32270307,0.364740719,0,46.89434639,42.50682361
333,272,137.9356191,19.3444277,0.361980432,0,18.04496273,16.63031448
334,3351,16.24589281,1.883412655,0.311247706,0,1.787714726,1.52547975
334,3348,147.4748368,19.08287418,0.315289154,0,18.0899178,15.41147306
335,2582,21.52157009,3.67914839,0.31325905,0,3.489974686,2.984026236
335,336,410.3945371,47.21113545,0.30734546,0,44.86740639,38.31520457
335,1492,175.4386315,29.04070152,0.345326031,0,27.25285885,23.72465861
336,2671,18.73165842,3.255974795,0.309820555,0,3.091930819,2.639764131
336,3974,149.8073203,17.87090369,0.262504968,0,17.20613917,14.39614355
336,2252,173.4423671,19.03689146,0.311230557,0,18.06970772,17.74157888
337,338,232.4605319,26.94101921,0.310250074,0,25.58019563,21.82195656
338,3115,17.23228787,2.004525922,0.311641311,0,1.902436612,1.622071484
338,3665,225.5429148,26.34112341,0.313981483,0,24.98095648,21.29381007
339,247,182.1500764,17.27270681,0.14070164,0,17.05129766,16.87013785
340,2821,122.2827992,11.73981343,0.194086352,0,11.48434075,11.43868285
340,718,112.8158799,11.10301404,0.364959779,0,10.3457521,9.678995246
340,1455,72.98375247,7.153314615,0.369453114,0,6.654244962,6.247635759
341,342,177.355089,22.2712571,0.302674278,0,21.19636377,18.12811114
341,3097,98.48727097,11.85086251,0.356855964,0,11.07553286,10.22330108
341,1587,202.4156881,26.17440024,0.255131673,0,25.24978243,21.18180317
342,343,200.9651827,25.33081924,0.304274081,0,24.09634385,20.59816984
342,341,177.355089,22.93381075,0.255131673,0,22.12366765,18.55933511
342,3143,96.16968976,10.92120929,0.348506879,0,10.23735267,9.122163226
343,342,200.9651827,25.8930358,0.253729308,0,24.98743478,20.97323011
343,344,185.447419,23.37487014,0.304274081,0,22.23571623,19.00765785
344,343,185.447419,23.89367449,0.253729308,0,23.05800052,19.3537574
344,345,166.972751,21.04621565,0.304274081,0,20.02054668,17.11407437
345,344,166.972751,21.5133356,0.253729308,0,20.76091325,17.42569475
345,3310,258.4128696,32.57185947,0.304274081,0,30.9844983,26.4863401
346,3580,32.54754199,4.19353571,0.253729308,0,4.046868078,3.396743051
347,290,28.6661594,4.780021612,0.340536956,0,4.493255954,3.913295578
347,353,53.07459182,8.01428239,0.371030381,0,7.450712957,6.74016803
347,348,310.3689192,52.80784745,0.308799441,0,50.16339054,43.06133584
348,349,93.59825814,16.26943875,0.309820555,0,15.44974462,13.19036035
348,347,310.3689192,51.27621856,0.339934021,0,48.21009792,42.09034103
348,1845,106.1839134,14.86362052,0.363397579,0,13.85789921,12.78851121
349,350,93.99434034,15.61256834,0.338705537,0,14.68522928,12.79521618
349,348,93.59825814,15.66744921,0.342676813,0,14.71656002,12.81340834
349,1406,270.0707859,34.94648266,0.315289154,0,33.12808084,28.22304287
349,3571,249.9964283,31.87522504,0.309820555,0,30.26927322,25.84266803
350,351,278.0742808,44.19284234,0.360351474,0,41.24888665,36.63725662
350,349,93.99434034,16.51510071,0.312992564,0,15.66726187,13.35118009
350,1214,101.5222925,10.37946155,0.25635719,0,10.009609,9.901639724
350,2175,101.5132269,10.01492641,0.20837684,0,9.76834143,9.661787603
351,352,84.11148097,12.0082296,0.374831053,0,11.14770122,10.2705678
351,350,278.0742808,42.34453368,0.376469403,0,39.2854294,35.52806862
352,351,84.11148097,11.67561823,0.388401069,0,10.78191649,10.07546461
352,615,161.6914642,20.06841317,0.366788728,0,18.68694328,17.95405437
352,1035,51.31427746,6.541574108,0.358099086,0,6.1108328,5.797145505
353,347,53.07459182,8.713008426,0.332960281,0,8.211600834,7.163577921
353,1266,80.03997036,12.08606421,0.371030381,0,11.23616449,10.16461608
354,353,192.6369424,20.65099689,0.284809959,0,19.75961211,19.38345221
355,2902,459.818375,24.47368438,0.219460094,0,23.81353469,23.51299825
356,357,75.79950095,7.748155461,0.218785868,0,7.540292152,7.374017707
356,634,103.1118495,10.76691488,0.204835833,0,10.50964153,10.16590092
356,2227,393.1976461,47.06353193,0.326089895,0,44.45754465,42.57243822
358,2345,83.88611007,12.37988967,0.248865196,0,11.96178707,10.10984685
358,359,140.7353266,18.32308812,0.373707698,0,17.01731157,16.13426153
358,2372,17.14639374,2.54622068,0.302674278,0,2.423330642,2.072544503
359,358,140.7353266,21.08992585,0.334092067,0,19.86862461,17.78339436
360,361,55.68993658,5.843818609,0.262881322,0,5.625872945,5.52257285
360,1152,159.2527788,18.80629868,0.355255101,0,17.58612218,17.11551495
361,360,55.68993658,6.981437047,0.37641875,0,6.477201522,6.228803246
361,1812,241.0204487,30.7307632,0.309820555,0,29.18247217,24.91480172
361,1811,153.4902554,19.35291231,0.305291242,0,18.40395397,15.73650669
362,1367,180.7400989,13.91198723,0.262881322,0,13.3931386,13.14721899
362,1165,183.7732711,13.52411621,0.22913232,0,13.13027869,12.97439528
363,364,150.2991108,14.42953163,0.194086352,0,14.1155274,14.05940879
363,362,150.9527448,15.06193723,0.219460094,0,14.65565867,14.47069833
364,363,150.2991108,14.07172534,0.13643696,0,13.89971001,13.80852342
364,365,176.1144419,16.90794375,0.194086352,0,16.54000624,16.47424871
365,1731,43.38749422,3.613243375,0.194086352,0,3.534614785,3.52056234
366,2912,176.1385612,18.00809831,0.25635719,0,17.36641366,17.17908975
366,2170,236.0574588,28.14662375,0.304489803,0,26.7731323,25.46487303
367,261,159.6442458,15.24138943,0.181915947,0,14.94449856,14.87208299
367,307,81.68106442,7.841826186,0.194086352,0,7.671178469,7.640680431
367,876,73.24280242,7.997062675,0.304898749,0,7.60585898,7.463859656
367,2189,114.8070953,15.47508607,0.3686321,0,14.39986866,13.47231094
368,3812,47.24023275,4.207862811,0.349103416,0,3.943542119,3.789865832
370,369,93.64905316,8.990818161,0.194086352,0,8.795166975,8.760200335
371,370,71.64258488,7.445845682,0.28123359,0,7.131798697,7.07297357
372,373,72.57640711,6.967729594,0.194086352,0,6.816103286,6.789004741
372,371,75.32638205,8.356446668,0.324561148,0,7.897734991,7.766139237
373,372,72.57640711,8.051374019,0.324561148,0,7.60940874,7.482617214
373,374,83.17173159,7.984938338,0.194086352,0,7.811176325,7.780121703
374,373,83.17173159,9.226782442,0.324561148,0,8.720295293,8.574993655
374,1727,70.22030128,5.847838022,0.194086352,0,5.720581923,5.697838804
374,3127,91.32628468,8.69507745,0.311230557,0,8.253317431,8.103444975
375,120,72.76031672,6.025633238,0.181915947,0,5.90825841,5.879629151
376,375,174.7894875,14.47516164,0.181915947,0,14.19319632,14.12442128
377,376,79.08255272,6.549208135,0.181915947,0,6.421634461,6.390517569
377,2267,146.5346063,11.33939283,0.27053115,0,10.8938319,10.70048149
377,2328,145.300907,11.07709194,0.28123359,0,10.60988815,10.52237474
378,2294,81.83958353,10.10903276,0.27982383,0,9.686559567,8.654989369
378,1967,105.4910462,13.01329988,0.315556194,0,12.33510903,11.1355011
379,378,66.39270872,7.800908108,0.350262407,0,7.307870364,7.109907297
380,1813,137.3453527,17.13843306,0.341317098,0,16.10589199,15.28710131
381,319,250.0753638,29.26069072,0.313677867,0,27.75245989,26.64424596
382,383,175.9471573,18.28626625,0.28123359,0,17.51499767,17.37052893
382,2550,106.6373657,10.81792743,0.248660582,0,10.45311836,10.3498589
383,382,175.9471573,17.08454062,0.217860888,0,16.62962535,16.60093106
384,3545,213.6494278,17.72351674,0.311097313,0,16.8237703,16.33388464
385,386,82.02599272,12.69846257,0.348814999,0,11.902017,10.60709523
385,2179,74.75120216,12.92389073,0.251520685,0,12.47896997,10.51048027
386,385,82.02599272,13.61649675,0.292009729,0,13.00122979,11.17457668
386,1625,145.7725927,22.5670882,0.348814999,0,21.15168399,18.85041219
387,2678,17.22165304,1.614033623,0.291714491,0,1.541238092,1.510825757
387,988,340.6043137,38.89129301,0.304274081,0,36.99595976,31.62509082
388,387,152.5820723,14.30017167,0.291714491,0,13.65521076,13.38576061
389,388,77.4402629,7.257792723,0.291714491,0,6.930454515,6.793699977
390,389,106.7632509,9.417105317,0.247909647,0,9.10126352,8.996749707
391,390,204.6320441,18.0496706,0.247909647,0,17.44429982,17.24397925
392,391,177.3724131,15.64522138,0.247909647,0,15.1204938,14.94685852
393,392,83.62841362,7.376485562,0.247909647,0,7.129084436,7.047218024
394,479,79.07187067,8.217974655,0.28123359,0,7.871361218,7.806435967
395,1895,162.5243765,13.19915929,0.13643696,0,13.03781036,12.95227811
396,397,246.4074098,37.84165649,0.381178028,0,35.04414048,31.67199818
396,1910,113.4348639,17.09877984,0.373140302,0,15.88367916,14.39101017
396,439,297.9611096,45.29370921,0.340312282,0,42.57974066,38.03312335
397,396,246.4074098,34.37065699,0.392436845,0,31.68889294,29.62082242
397,1276,111.2166475,10.67740271,0.194086352,0,10.44504938,10.40352336
397,1538,55.00639137,8.92258145,0.37201497,0,8.292050434,7.355347745
398,3047,17.32788379,2.023720965,0.313981483,0,1.919222828,1.635948825
398,3951,33.93042458,3.804502264,0.347032492,0,3.568137233,3.104798318
399,400,112.4174278,8.491475367,0.31696482,0,8.045289666,7.814431383
399,3043,74.80941277,5.97693445,0.339409673,0,5.620556083,5.398483875
400,401,80.88433193,6.109615967,0.31696482,0,5.788585385,5.622482865
400,399,112.4174278,8.981645121,0.339409673,0,8.446109045,8.112397211
401,3982,12.53895252,0.947132562,0.31696482,0,0.897365356,0.871615603
401,400,80.88433193,6.462293073,0.339409673,0,6.076974902,5.836869259
402,403,81.82882494,7.433029641,0.380313441,0,6.885836791,6.445628733
402,3985,106.5183232,8.510333282,0.339409673,0,8.002899463,7.686699157
403,1190,114.3604434,10.97922421,0.194086352,0,10.74030288,10.69760303
403,3811,60.02700862,6.0399888,0.376577102,0,5.603409332,5.077243872
403,402,81.82882494,6.537753802,0.339409673,0,6.147936239,5.905026863
404,3947,15.67914514,1.298465735,0.181915947,0,1.273172594,1.267003265
404,3811,65.13101614,5.51722096,0.358099086,0,5.153929964,4.889363348
405,3618,136.4924213,11.80926798,0.373494004,0,10.96858403,10.39783643
405,406,53.13184496,5.346189255,0.376577102,0,4.959758661,4.49403261
406,3163,47.67486293,5.028157304,0.363764038,0,4.687299668,4.171033482
406,405,53.13184496,4.596945307,0.373494004,0,4.269695711,4.047523136
407,100,22.96539863,2.099206997,0.381515423,0,1.943764453,1.816226675
408,3991,130.882421,10.16478452,0.344078326,0,9.543185165,9.276657314
409,3989,138.4798781,11.98122193,0.373494004,0,11.12829683,10.54923861
410,2910,18.86219864,2.178640609,0.309820555,0,2.068875365,1.766321209
410,3512,34.47771669,2.982997824,0.373494004,0,2.770642713,2.626472995
411,694,219.172187,29.81620943,0.375784669,0,27.66944722,25.88813455
411,2684,153.6656167,16.69021889,0.344150521,0,15.66917818,13.74211083
411,3511,105.2186279,10.01508489,0.344203283,0,9.402228252,8.555831841
412,2911,13.41126826,1.27855709,0.37540385,0,1.186674024,1.126911571
412,3946,58.50802383,6.348041679,0.333692237,0,5.981244599,5.227468759
413,768,141.1524647,13.29875121,0.298397178,0,12.67348294,12.43022621
413,2685,114.1872019,13.07390754,0.310264167,0,12.41347333,10.62468341
413,3794,89.38351657,10.02226749,0.347032492,0,9.399606915,8.179025031
414,3796,261.0832634,29.27437187,0.347032492,0,27.45562205,23.89038414
414,3794,42.98488817,4.939980174,0.311782172,0,4.688180301,4.010582565
415,2695,14.33489006,1.19378746,0.194086352,0,1.167809187,1.163166368
415,1249,137.2406459,11.559542,0.217860888,0,11.25174255,11.23232776
415,3793,72.0969335,8.083982152,0.347032492,0,7.581742816,6.597218887
416,3793,121.8189601,13.82491648,0.310451986,0,13.12576555,11.26203202
416,417,79.12761836,8.87230876,0.347032492,0,8.321092493,7.240560631
417,1623,109.5776722,13.39317943,0.366788728,0,12.47121943,11.98210688
417,3795,97.1585995,10.93601258,0.348700263,0,10.25052528,8.915352277
417,416,79.12761836,8.979987304,0.310451986,0,8.525853167,7.31526333
418,64,13.3681861,1.232534538,0.13643696,0,1.217467812,1.209480829
418,1613,182.7784085,17.47759289,0.217860888,0,17.0122117,16.98285726
418,3576,88.75958327,10.3662185,0.313981483,0,9.83094188,8.37991169
419,2863,88.9264658,10.38570869,0.313981483,0,9.849425659,8.395667295
419,734,385.6478254,56.64758879,0.3920267,0,52.23622808,48.0458534
420,4003,15.07657038,1.767267321,0.315289154,0,1.675309509,1.427258413
420,4002,8.75255583,1.018420842,0.366788728,0,0.948314765,0.91112252
421,2867,16.61413631,2.141948619,0.313981483,0,2.031345604,1.731522471
421,422,469.1379943,54.99209869,0.315289154,0,52.13064529,44.41203352
422,2688,15.58320403,2.74895714,0.315289154,0,2.605918177,2.220078512
422,423,317.242588,37.18700239,0.315289154,0,35.25201759,30.0325035
422,4010,154.9466571,26.24650557,0.348700263,0,24.60133134,21.39690692
423,2687,15.03408502,2.283658664,0.312634504,0,2.166669167,1.847866019
423,1873,172.6118774,25.89574608,0.311782172,0,24.57579228,21.0237742
423,424,258.7957844,30.22472109,0.313981483,0,28.66401826,24.43325824
424,535,223.2994129,22.27766276,0.230012686,0,21.62446099,21.433743
424,3203,126.7188455,14.79947508,0.313981483,0,14.03528002,11.96369672
425,3477,15.74862273,2.767956163,0.313981483,0,2.625028226,2.237578554
425,2122,239.1738087,41.72794953,0.311247706,0,39.60771405,33.79776697
425,3474,152.2236906,17.77818214,0.313981483,0,16.86017667,14.37164346
426,3568,10.71802728,1.251756809,0.313981483,0,1.187120302,1.011903378
426,3645,180.4074147,22.80176873,0.310264167,0,21.64992731,18.53015812
427,3987,480.6588502,74.14706707,0.384684067,0,68.57178974,61.98519748
427,428,168.4398646,19.42992103,0.31325905,0,18.43087731,15.75891701
428,2716,13.31005446,2.310561372,0.31325905,0,2.191757397,1.874014044
428,3771,257.2792317,30.04760313,0.313981483,0,28.49604607,24.29007846
428,2121,907.0692764,127.1191046,0.369996446,0,118.2261209,104.9094071
429,3112,18.88591588,2.858171594,0.311247706,0,2.712945267,2.314990758
429,2312,137.3572006,23.17776249,0.347032492,0,21.73778108,18.91503093
429,430,112.3736011,14.48757101,0.313981483,0,13.73948162,11.71155766
430,867,134.5469301,21.46976175,0.362539111,0,20.02339992,17.77885618
430,3112,115.3065445,14.75645484,0.311247706,0,14.0066658,11.95206637
430,431,97.57193977,12.25253681,0.302674278,0,11.66118402,9.973184184
431,868,135.0718588,23.39140895,0.30835249,0,22.22315908,18.98300803
431,430,97.57193977,12.43676099,0.308818312,0,11.81389559,10.08346409
431,432,98.642526,12.04586071,0.293586799,0,11.49615644,9.878214501
432,433,408.4138822,48.9615223,0.2937333,0,46.72515102,40.3478319
432,431,98.642526,12.29409462,0.299343021,0,11.71269016,10.02686774
432,759,56.66832961,8.323978566,0.3920267,0,7.675759061,7.060011953
432,861,111.8915927,18.8806757,0.347032492,0,17.70766247,15.40824163
433,434,228.5875122,27.40355571,0.2937333,0,26.15186822,22.58250985
433,432,408.4138822,50.32760342,0.293588685,0,48.03091201,41.16846577
433,1420,58.72554013,7.684506922,0.378402555,0,7.124058301,6.757331472
434,248,367.1184819,44.01094213,0.2937333,0,42.00069403,36.26819616
434,433,228.5875122,28.1681455,0.293588685,0,26.88269709,23.04181513
435,3664,64.61522372,9.41092812,0.308000424,0,8.941900939,7.699914872
435,2668,102.1289159,15.27995112,0.305830924,0,14.52826803,12.41293033
436,437,116.3238378,16.94206431,0.308000424,0,16.09769609,13.86180526
436,3664,38.58451076,5.700590746,0.304440567,0,5.422497614,4.646654214
437,2105,232.7700018,38.28326668,0.3015098,0,36.44862919,31.49904646
437,436,116.3238378,17.12124906,0.302746016,0,16.29455384,13.96977446
437,438,106.122561,15.2304003,0.337183202,0,14.3332681,12.4956765
438,437,106.122561,16.00108194,0.309820555,0,15.19490829,12.97279151
438,439,50.55302496,7.226923662,0.335268891,0,6.80568792,5.935605201
439,396,297.9611096,44.2986869,0.336959332,0,41.69251872,37.44648327
439,3943,172.1863246,24.29849524,0.33292148,0,22.90049073,20.03096096
439,438,50.55302496,7.535428852,0.303861468,0,7.16911219,6.127412697
440,3942,11.51673977,1.652900248,0.336832753,0,1.555724832,1.356068429
441,2052,16.46608562,1.864608075,0.286089319,0,1.783460292,1.715614769
441,442,136.2253941,17.90535539,0.324936028,0,16.92037621,15.70112691
441,2051,77.65227182,9.79429596,0.268984528,0,9.413445415,8.694809209
442,2106,100.4129528,15.20013194,0.337590115,0,14.30278293,12.77849008
442,441,136.2253941,14.58781705,0.209118578,0,14.22639617,13.65329467
442,2467,190.0017249,19.60909331,0.206988282,0,19.13190079,18.59127584
443,444,69.55649269,6.753963762,0.217860888,0,6.57412391,6.562780311
443,2817,387.5776903,36.28688671,0.13643696,0,35.8433092,35.6081655
444,445,78.80906776,7.652392569,0.217860888,0,7.44862998,7.435777427
444,443,69.55649269,7.149916956,0.264495114,0,6.880278089,6.810755385
445,446,78.16674715,7.590022976,0.217860888,0,7.387921121,7.375173321
445,444,78.80906776,8.101016428,0.264495114,0,7.795509537,7.716738753
446,447,77.85450389,7.559704029,0.217860888,0,7.358409485,7.345712608
446,445,78.16674715,8.034990398,0.264495114,0,7.731973493,7.653844717
447,448,75.57743135,7.854796024,0.28123359,0,7.523500545,7.461444549
447,446,77.85450389,8.002893993,0.264495114,0,7.701087513,7.623270828
448,447,75.57743135,7.768826993,0.264495114,0,7.475847686,7.400306968
448,2060,151.3113276,15.72585352,0.28123359,0,15.06257669,14.93833623
449,1055,233.8213841,22.32315204,0.181915947,0,21.88831374,21.78225098
450,449,82.11051084,7.839169307,0.181915947,0,7.686468154,7.649222341
451,450,93.63129758,8.939069879,0.181915947,0,8.764943486,8.722471776
452,451,308.9808411,27.3242668,0.045478987,0,27.2186061,27.3601312
452,1907,251.8828668,25.77965424,0.28123359,0,24.69233347,24.488664
453,1668,90.55315497,14.87385895,0.341794708,0,13.9754301,12.1768494
453,1587,113.6892087,10.5770897,0.190640125,0,10.35390673,10.36041176
454,455,122.075112,11.71987433,0.194086352,0,11.46483554,11.4192552
454,825,81.62957207,6.38568641,0.277498458,0,6.122857007,6.001888523
454,1797,80.44547324,7.489383398,0.361898969,0,6.986492665,6.651007073
456,2416,94.74465616,10.03598247,0.252406288,0,9.688279742,9.445616828
457,566,94.70706044,11.50854235,0.317888497,0,10.90056931,10.34671352
458,3230,33.42341378,2.295389523,0.13643696,0,2.267330264,2.252455844
459,1502,89.72123432,8.868696438,0.265185783,0,8.532649127,8.141276723
459,3856,63.0809123,7.883440489,0.381988211,0,7.298344201,6.72576387
460,768,187.2587568,19.14500766,0.25635719,0,18.46281138,18.26366111
461,2246,158.5068123,23.85356806,0.336928455,0,22.45045934,20.09006751
461,1836,101.1770702,11.82424862,0.344267534,0,11.10043317,10.79204673
461,3196,131.2746009,19.81099687,0.343008759,0,18.60647092,16.67726895
462,2797,40.35793418,2.842100311,0.194086352,0,2.780252736,2.769199382
463,2801,135.2902544,12.79080899,0.194086352,0,12.51246536,12.46271998
464,2277,133.4239625,9.765361037,0.219460094,0,9.501951573,9.382033103
465,466,73.29051388,8.130594538,0.324561148,0,7.684280595,7.556241519
465,2022,56.14095912,6.495344315,0.333528409,0,6.120376554,5.945020331
465,1499,140.5566409,17.13066383,0.324776401,0,16.18915554,15.39727448
465,1859,90.79376492,12.10437666,0.363405352,0,11.28532238,10.57629977
466,467,72.60823767,7.546206406,0.28123359,0,7.227926459,7.168308442
466,465,73.29051388,8.81214304,0.339409673,0,8.286713629,7.959299622
466,1495,351.518009,33.74763965,0.194086352,0,33.01324978,32.88200015
467,468,93.93096338,9.762286763,0.28123359,0,9.350538138,9.27341221
467,466,72.60823767,8.253666749,0.31696482,0,7.819976734,7.595583769
468,469,89.58542877,9.553961199,0.286378847,0,9.137401438,8.990846552
468,467,93.93096338,10.67750567,0.31696482,0,10.11645471,9.826164685
469,470,73.80409304,9.015365797,0.331529583,0,8.500672287,8.100662389
469,468,89.58542877,10.13143334,0.311097313,0,9.617104205,9.337067007
470,471,72.32651217,9.885116398,0.356036839,0,9.24114078,8.571201055
470,469,73.80409304,8.346683823,0.311097313,0,7.922958714,7.692252765
470,670,248.8342181,23.75644171,0.181915947,0,23.293684,23.18081133
471,470,72.32651217,10.53144365,0.386362709,0,9.733145267,8.955061643
471,472,77.10683805,11.0008664,0.349287732,0,10.30916136,9.412596063
471,671,336.1280837,36.50819589,0.298397178,0,34.79168764,34.12389075
472,1292,14.81340517,2.07840554,0.332569319,0,1.959059041,1.716193932
472,471,77.10683805,11.69578499,0.374739092,0,10.85802797,9.82479764
472,1048,92.85445882,13.89267989,0.305418802,0,13.21093671,11.28569629
473,474,35.60481238,3.418255529,0.194086352,0,3.343870113,3.330576005
474,475,76.01324211,7.297684436,0.194086352,0,7.138877908,7.110496119
474,473,35.60481238,3.418255529,0.194086352,0,3.343870113,3.330576005
475,474,76.01324211,7.297684436,0.194086352,0,7.138877908,7.110496119
475,309,192.8230951,18.51206528,0.194086352,0,18.10922013,18.03722393
476,309,152.6397475,15.31367889,0.22913232,0,14.86772729,14.69121679
476,1643,61.92994173,6.151532579,0.372239777,0,5.716335947,5.348253565
476,2335,127.3842771,14.85394965,0.361517224,0,13.85849785,12.31457869
477,478,27.62788398,2.756686901,0.219460094,0,2.682328419,2.64847635
479,1688,82.29549471,9.082061591,0.318559354,0,8.600404713,8.452952762
480,986,109.987954,8.85524571,0.311230557,0,8.405348221,8.252715029
481,482,250.2256921,23.4273323,0.13643696,0,23.14095232,22.98914019
481,1733,93.29100253,10.01901257,0.258611889,0,9.656293469,9.383880585
481,1158,113.8561334,12.6486975,0.292630292,0,12.07493013,11.72049334
482,483,227.3810992,38.13721804,0.312191354,0,36.18858906,31.21651161
482,1386,88.19777785,11.96786754,0.354127151,0,11.19593755,10.39958592
483,482,227.3810992,26.33452481,0.317476805,0,24.94664741,24.09003854
483,3715,87.61148336,10.26977009,0.315289154,0,9.735393888,8.29394375
484,1118,78.56113307,9.703035529,0.362363971,0,9.049952344,8.69308517
484,1951,77.65920823,7.939741572,0.25635719,0,7.656823841,7.574233031
485,2674,14.48823491,1.539086542,0.357099119,0,1.438266359,1.310964648
486,3041,80.26591115,8.206246317,0.25635719,0,7.913832192,7.828469146
487,486,47.09949083,4.521807143,0.194086352,0,4.423407096,4.40582111
488,1683,114.5968462,8.162221339,0.217860888,0,7.944883383,7.93117455
488,705,114.3961682,9.391621692,0.306314986,0,8.92826237,8.688329072
489,490,113.0571393,10.68881332,0.194086352,0,10.45621169,10.41464129
490,491,114.1798795,11.55815674,0.264495114,0,11.12227359,11.00988707
491,1684,115.1516658,12.26221995,0.354803999,0,11.46850184,10.43718711
491,3550,98.58729012,9.798014696,0.380298946,0,9.076771124,8.522948685
492,3722,20.00759874,1.952872935,0.3920267,0,1.800795378,1.656336108
493,3146,12.37936703,1.188486527,0.194086352,0,1.162623608,1.158001406
493,1679,112.1300891,11.52618245,0.264495114,0,11.09150513,10.97942951
494,1681,111.8417069,8.387486732,0.25635719,0,8.088614446,8.0013661
494,701,114.7979997,10.45141064,0.366788728,0,9.731956192,9.350275643
494,3705,119.2654259,11.90020334,0.219460094,0,11.57920895,11.43307465
495,496,81.88363356,14.18040423,0.30835249,0,13.47218459,11.50793131
495,1767,370.7891106,51.93662653,0.380421587,0,48.11122388,44.70553359
496,495,81.88363356,14.28599623,0.311247706,0,13.56011162,11.57101599
496,225,101.1204712,17.57696506,0.309820555,0,16.69139455,14.25043031
497,805,63.66978698,6.50948762,0.25635719,0,6.277534293,6.209821277
498,499,112.3362185,10.78488762,0.194086352,0,10.55019529,10.50825124
499,1139,245.2960603,22.96579647,0.13643696,0,22.68505839,22.53623708
499,1982,85.32419942,8.19158695,0.194086352,0,8.013328011,7.981469701
500,498,148.5010734,14.25691027,0.194086352,0,13.94666249,13.89121522
501,770,11.10834985,1.052087641,0.304898749,0,1.000621173,0.981939847
501,769,70.78169304,6.159843329,0.22913232,0,5.980461743,5.909461363
502,3841,9.099955318,0.960766412,0.284617001,0,0.919347084,0.901709174
502,1392,71.26540151,8.934018332,0.37641875,0,8.288757278,7.970886511
503,3755,56.78738541,5.368875999,0.194086352,0,5.252042699,5.231162335
504,3646,12.31312867,1.254136425,0.389198429,0,1.157773894,1.082262245
504,3211,149.4617321,7.668288257,0.219460094,0,7.461444937,7.367278486
504,2697,59.06038262,6.013980632,0.388172704,0,5.554146343,5.189442562
505,2859,119.7246924,13.40233412,0.31696482,0,12.69810669,12.33373658
505,506,91.37552758,12.74570809,0.392436845,0,11.75122661,10.98432177
506,507,75.04155905,10.46733005,0.392436845,0,9.650618595,9.020802973
506,505,91.37552758,10.38701913,0.31696482,0,9.84123183,9.558839278
507,1333,363.1584795,34.14311618,0.181915947,0,33.47803383,33.31581152
507,506,75.04155905,8.193461079,0.304898749,0,7.792649883,7.647163223
508,721,131.94132,16.29598843,0.362363971,0,15.1991527,14.59980384
508,1118,87.71850054,11.36727502,0.369549147,0,10.57382533,10.0224856
509,3650,68.96051013,5.143679876,0.247909647,0,4.971165176,4.914079099
510,1421,77.11707136,7.020873032,0.366788728,0,6.537570012,6.281171066
510,1685,89.05831078,7.572003982,0.35531498,0,7.080569367,6.930107471
511,2401,82.67039025,7.859483562,0.194086352,0,7.688451599,7.657884889
512,3864,55.81735131,7.1316678,0.360847242,0,6.655372025,6.043107143
512,2121,172.1422147,22.68347138,0.318921751,0,21.47795252,19.0677972
513,512,120.4605134,11.56486409,0.194086352,0,11.31319852,11.26822103
514,1920,143.2479933,13.75258602,0.194086352,0,13.45331295,13.39982708
514,2600,307.1328948,34.19761278,0.300107716,0,32.57275769,31.68237387
515,720,106.1388852,13.52902372,0.30840699,0,12.85311634,10.96880558
515,3848,87.54516443,10.61259733,0.340844781,0,9.974855281,8.711127646
516,517,114.5204237,11.11997977,0.217860888,0,10.82388468,10.80520815
516,515,400.3392378,38.434743,0.194086352,0,37.59835604,37.44887756
517,516,114.5204237,10.99458319,0.194086352,0,10.75532763,10.71256804
517,594,111.891877,10.69929808,0.217860888,0,10.41440461,10.39643464
518,2171,271.1540373,35.47055263,0.377582398,0,32.89398728,31.19025063
518,2193,83.47774098,8.23561085,0.20837684,0,8.032835725,7.945212929
519,520,80.09418404,10.72763705,0.367144619,0,9.987839293,9.360789954
519,1311,143.0445355,20.79756685,0.351927191,0,19.47151313,17.68828216
519,1310,84.96432564,10.8622874,0.331622755,0,10.24182964,9.610320757
520,521,76.93789587,10.30489082,0.367144619,0,9.594246433,8.991907357
520,519,80.09418404,11.16132248,0.360030816,0,10.41902386,9.615479804
521,520,76.93789587,10.72148592,0.360030816,0,10.00843922,9.236560591
522,523,29.53277103,2.842432042,0.158478818,0,2.798407951,2.761561637
523,1076,55.99843323,5.618078113,0.22913232,0,5.454473341,5.389717525
523,524,192.596054,17.03194911,0.045478987,0,16.96608796,17.05430436
524,525,115.1241805,10.59233925,0.090957973,0,10.518096,10.45368936
524,523,192.596054,18.4902681,0.194086352,0,18.08789728,18.01598585
525,526,96.20085613,8.85124307,0.090957973,0,8.789203414,8.7353835
525,524,115.1241805,11.05254712,0.194086352,0,10.81203019,10.76904518
526,527,92.90316105,9.726809555,0.254311691,0,9.385203366,9.192994147
526,525,96.20085613,9.235805118,0.194086352,0,9.034822716,8.998903285
526,999,44.6579662,4.565752328,0.25635719,0,4.403060346,4.355566461
527,526,92.90316105,9.498256636,0.25635719,0,9.159804157,9.061001356
527,228,54.26906959,5.681883143,0.254311691,0,5.482335035,5.370056664
528,228,97.60882515,10.35457704,0.270153274,0,9.948747574,9.746364018
529,530,55.05728241,5.628960221,0.25635719,0,5.42838283,5.369829239
530,531,92.7821365,10.6577559,0.329423924,0,10.056421,9.781040483
530,2691,142.7896891,19.50412848,0.347284697,0,18.29075066,16.90386028
531,530,92.7821365,13.54851112,0.354955259,0,12.67084035,11.50878706
531,730,85.41265351,10.7659071,0.304274081,0,10.24124,8.754473387
531,2776,25.36254143,3.137167513,0.295831253,0,2.991989047,2.563732143
532,786,72.67387025,7.470361387,0.264495114,0,7.188637866,7.115999298
533,532,26.89655196,2.582215192,0.194086352,0,2.526023035,2.515980413
534,2217,107.3660363,7.608530969,0.277498458,0,7.295370327,7.151236651
535,2000,92.73680774,9.251969367,0.230012686,0,8.980693033,8.901487372
535,424,223.2994129,29.96012247,0.364959779,0,27.91674394,26.11758229
536,535,33.52132443,3.517557238,0.262881322,0,3.38636967,3.324190465
537,553,128.2589806,14.07760015,0.311230557,0,13.36237697,13.11972882
537,2253,104.2095556,17.97964326,0.306842925,0,17.08975522,14.60547538
537,1211,95.88630648,16.43978132,0.253584184,0,15.86539972,13.39909966
538,774,173.3009093,15.3691933,0.25635719,0,14.82154106,14.66166758
538,773,76.95581733,6.249844565,0.13643696,0,6.173445327,6.13294553
539,540,77.78595147,7.46787417,0.194086352,0,7.305364105,7.276320423
540,541,158.8284111,15.24839083,0.194086352,0,14.91656722,14.85726394
541,1250,91.45782035,7.616465744,0.194086352,0,7.450722145,7.421100568
542,3968,17.52802625,1.389148216,0.291714491,0,1.326495381,1.300320436
543,393,89.01197174,7.851344968,0.247909647,0,7.588017457,7.500880914
544,747,150.1486414,19.35765237,0.313981483,0,18.35808838,15.64846596
544,1408,454.3158725,57.69481231,0.306933768,0,54.83769694,46.82239915
544,748,146.9452759,18.6664523,0.30835249,0,17.73418351,15.14852802
545,546,129.2666141,12.10256188,0.13643696,0,11.95461796,11.8761918
545,658,177.1606591,16.58663263,0.13643696,0,16.38387461,16.2763911
546,998,88.20962733,9.423592451,0.250871635,0,9.100684598,8.838780116
546,660,191.3388045,18.26729937,0.181915947,0,17.91146605,17.82467364
547,1330,73.13938451,6.057025672,0.181915947,0,5.939039344,5.910260932
548,1579,80.76860115,7.446791194,0.13643696,0,7.355760263,7.307504097
550,1256,86.26657374,14.69343813,0.304032612,0,13.97841165,11.97658728
550,1025,74.38416798,11.93601242,0.328226543,0,11.26707201,9.877401965
551,738,79.41822475,9.199104273,0.309891017,0,8.735436672,8.407217142
551,552,126.9788362,14.5082562,0.322692881,0,13.72029747,13.33223249
551,1230,111.7187532,13.97215214,0.347749212,0,13.10077216,12.45866403
552,551,126.9788362,14.78254664,0.31553044,0,14.01226709,13.49089922
553,537,128.2589806,17.09486423,0.362319483,0,15.94452023,14.93557236
554,125,63.12037984,5.985502923,0.14070164,0,5.908778116,5.84600089
555,2119,116.8295953,17.31270718,0.361933053,0,16.1500054,14.64167023
556,2860,23.13052287,2.670045249,0.26795687,0,2.566941816,2.440238191
556,308,75.91127021,7.287894579,0.194086352,0,7.12930109,7.100957375
556,2270,233.7290965,22.69519044,0.217860888,0,22.09087868,22.05276105
557,558,135.6702622,13.02508264,0.194086352,0,12.74164093,12.69098444
557,308,211.1178838,27.50955255,0.316138589,0,26.07100234,24.20897322
558,559,216.9249297,28.37863789,0.377369593,0,26.319379,24.95239604
558,557,135.6702622,17.67840857,0.316138589,0,16.75395593,15.5573639
558,2336,100.6473009,12.97577817,0.313981483,0,12.30575267,10.48944464
558,1643,74.17362309,8.649193508,0.361517224,0,8.069559438,7.170562483
559,560,24.96713917,2.552596624,0.25635719,0,2.461639653,2.435087023
559,558,216.9249297,36.46327401,0.345326031,0,34.21847296,29.78849278
559,2352,160.2733256,19.89240022,0.366788728,0,18.52304671,17.79658571
560,559,24.96713917,3.184089081,0.366085877,0,2.965680404,2.823720191
561,928,70.36628791,7.835295043,0.34364713,0,7.357259993,6.583787129
562,3451,47.11228184,3.533151001,0.25635719,0,3.407253822,3.370501266
562,1989,114.4715059,10.80707033,0.366380042,0,10.06466838,9.550797495
563,2793,99.14054357,8.920440464,0.359480316,0,8.328854265,8.012415946
563,2091,116.1739252,10.70929754,0.352193151,0,10.0255163,9.536000756
564,565,114.1623757,10.79330619,0.194086352,0,10.55843067,10.51645388
565,462,116.7910695,8.224700836,0.194086352,0,8.045721298,8.013734204
565,2827,30.60959976,2.155599754,0.194086352,0,2.10869127,2.10030782
566,1590,87.69253649,8.418960182,0.194086352,0,8.235753324,8.203010725
566,457,94.70706044,9.092392611,0.194086352,0,8.894531041,8.859169363
566,691,196.0221713,27.41509656,0.328850781,0,25.87324412,23.58485618
567,1014,186.9359455,30.06679646,0.334967259,0,28.31720764,24.75941842
567,853,78.0421931,10.17461771,0.295707264,0,9.704130081,8.584463697
567,3169,263.0330322,38.91361022,0.301030831,0,37.05420953,31.70583046
568,806,30.77246658,2.954324065,0.194086352,0,2.890034365,2.878544555
568,567,176.1995991,23.75030877,0.3686321,0,22.10012438,20.67655994
569,568,87.77797669,11.42908678,0.373494004,0,10.61546734,10.06309409
569,570,76.72802448,11.5859592,0.371030381,0,10.77122718,9.744017991
570,569,76.72802448,8.421604817,0.311230557,0,7.993738783,7.84858003
570,856,76.26159128,10.95589159,0.37642413,0,10.16457942,9.351213287
571,860,85.08885712,10.3325516,0.349103416,0,9.683503065,9.306145667
571,1721,72.84288361,10.77780966,0.325239491,0,10.18389585,9.120288119
572,1227,100.4075545,14.33394733,0.375080943,0,13.30548479,12.2604261
572,573,224.5372837,26.95886531,0.308072716,0,25.61469319,24.32880138
573,2440,40.34897199,3.852155097,0.181915947,0,3.777117998,3.758815465
573,574,336.2726342,40.37426883,0.308072716,0,38.36120316,36.43541951
573,572,224.5372837,32.05441675,0.375080943,0,29.75450829,27.41748652
574,575,127.0492541,15.25405347,0.308072716,0,14.49348461,13.76589232
574,573,336.2726342,48.00549371,0.375080943,0,44.56109345,41.06111139
575,2758,86.33996042,10.36632904,0.308072716,0,9.849462683,9.355006499
575,574,127.0492541,18.13725397,0.375080943,0,16.8359037,15.51355372
576,1798,61.25699959,5.895784662,0.158478818,0,5.804469705,5.728042924
576,2758,197.1959054,26.03926923,0.354613105,0,24.35545936,22.8112539
577,576,74.74440834,8.496493752,0.31696482,0,8.05004436,7.819049642
578,2429,102.2342328,17.63326615,0.305830924,0,16.76581389,14.32468615
578,1135,96.8664082,16.21450613,0.342676813,0,15.23041495,13.26081134
579,849,101.313521,13.38546567,0.338134347,0,12.59288837,11.72884101
579,848,101.315307,14.74817295,0.319908109,0,13.95989798,12.54207467
580,1967,44.62953002,5.362577153,0.26795687,0,5.155501966,4.628686958
580,2042,155.8002233,16.51378795,0.296735763,0,15.74528304,14.7925624
581,580,38.90825618,4.156638683,0.250871635,0,4.014207728,3.898684661
582,315,162.8750212,20.43220144,0.32100274,0,19.33321355,18.18578344
582,667,83.2557944,11.21878412,0.316734975,0,10.63007994,9.764107601
583,2318,132.161673,12.56462554,0.194086352,0,12.29120394,12.24233823
583,2963,1454.687496,138.8804119,0.181915947,0,136.1751254,135.5152705
583,315,743.4122747,70.97428365,0.181915947,0,69.5917577,69.2545415
584,1478,89.46172848,9.540754071,0.277498458,0,9.148064776,8.967327658
584,626,73.5835969,7.341132405,0.230012686,0,7.125883585,7.063036507
585,3827,121.1518506,8.585467427,0.277498458,0,8.232096914,8.069456454
586,587,163.7078423,15.62934488,0.181915947,0,15.32489694,15.25063809
586,766,59.50778459,5.8973448,0.322887398,0,5.576697182,5.419786031
586,2817,75.22372648,7.173219738,0.287164437,0,6.858888335,6.672403961
588,589,78.48465779,7.425671458,0.123954823,0,7.347047492,7.254992746
588,2017,202.7479814,17.98070725,0.25635719,0,17.33999863,17.15295965
589,590,78.63957352,7.440328505,0.123954823,0,7.361549348,7.269312901
589,588,78.48465779,8.02413409,0.25635719,0,7.738209191,7.654740513
590,591,78.59391238,7.436008366,0.123954823,0,7.357274951,7.26509206
590,589,78.63957352,8.039972403,0.25635719,0,7.753483135,7.669849704
591,1642,173.0118446,16.79952056,0.217860888,0,16.3521946,16.32397902
591,590,78.59391238,8.035304088,0.25635719,0,7.748981167,7.665396296
591,3179,186.4732458,17.64279922,0.123954823,0,17.45599499,17.2372803
592,593,42.05740202,5.633074978,0.367144619,0,5.244607677,4.915344491
592,2055,61.36773686,8.008395929,0.34890755,0,7.505863806,7.041119877
592,2056,230.3487016,23.10987869,0.22913232,0,22.43689295,22.17052089
593,592,42.05740202,4.759302523,0.302658868,0,4.529622476,4.385894925
594,517,111.891877,10.57864539,0.194086352,0,10.34844115,10.30729921
594,1413,99.95243593,10.38810108,0.28123359,0,9.949957186,9.867887078
595,900,77.50936928,7.441320776,0.194086352,0,7.279388546,7.250448134
596,506,70.53158274,7.076125498,0.22913232,0,6.870060742,6.788498992
597,2075,61.45746887,4.922150262,0.304898749,0,4.681366433,4.593966591
598,3315,90.8073255,14.4901979,0.362539111,0,13.51403107,11.99916177
599,1432,31.44852566,2.944362167,0.13643696,0,2.908369747,2.889289901
600,601,245.0394039,28.38319585,0.309891017,0,26.95258175,25.93988324
600,1532,71.76320987,7.653274181,0.277498458,0,7.338271947,7.193290669
600,1531,84.84052393,14.8566437,0.312634504,0,14.09555304,12.02153697
601,1491,338.4020477,38.46750477,0.31696482,0,36.44622462,35.40040611
601,600,245.0394039,25.05239991,0.25635719,0,24.15970485,23.89910468
602,2174,89.4447368,8.37424628,0.13643696,0,8.271877969,8.217611774
603,1670,366.5415415,50.42152805,0.381515423,0,46.68790359,43.62453268
603,1994,72.71617746,10.50207675,0.357928154,0,9.81116066,8.910016645
604,605,87.04024439,7.208223016,0.181915947,0,7.067812224,7.033564192
605,604,87.04024439,7.208223016,0.181915947,0,7.067812224,7.033564192
605,2806,128.0756563,10.60656366,0.181915947,0,10.39995574,10.34956136
606,607,83.61943364,7.043120125,0.217860888,0,6.855580818,6.843751568
607,2438,295.6902226,26.65732527,0.28123359,0,25.53298654,25.32238313
608,1322,113.4660612,10.72747421,0.194086352,0,10.49403127,10.45231051
609,612,13.00285898,1.928720889,0.330625558,0,1.819163252,1.63136126
609,610,136.9773322,19.89842959,0.323559539,0,18.81235923,16.93331467
609,1337,86.0751179,9.747086443,0.286089319,0,9.322893031,8.9682361
610,611,112.3080186,16.82077506,0.263043596,0,16.1927393,14.20278701
610,609,136.9773322,20.14620552,0.324227677,0,19.04241444,17.07988397
610,826,182.8045535,26.2673771,0.309887059,0,24.94343895,22.41857777
611,610,112.3080186,16.37683503,0.317888497,0,15.51167993,13.91731057
611,171,158.577318,20.72148358,0.263509144,0,19.94531777,17.46630179
611,827,256.5279175,32.7277399,0.324227677,0,30.93461875,27.74646568
612,609,13.00285898,1.760071615,0.330432067,0,1.660201929,1.53005627
612,250,387.4787666,57.47492856,0.330625558,0,54.21016518,48.61375868
612,1338,93.09237162,11.09245146,0.312202359,0,10.52564355,10.04280691
613,614,66.21519036,10.5096574,0.363764038,0,9.797210126,8.718130769
614,613,66.21519036,10.69771878,0.369996446,0,9.949329005,8.828659849
614,2688,199.5850642,33.67814132,0.347032492,0,31.58579536,27.48423559
614,764,48.65150198,7.625424801,0.35606642,0,7.128582553,6.34753507
615,1092,88.66924493,11.73502425,0.36080827,0,10.9514454,10.27606827
615,616,82.66985271,8.72131779,0.27053115,0,8.378629381,8.229920332
615,352,161.6914642,18.56741258,0.328481499,0,17.52532866,17.03919443
616,617,97.55168909,10.29128822,0.27053115,0,9.886910664,9.711431715
616,615,82.66985271,9.743627081,0.326029236,0,9.204291372,8.857585306
617,618,135.0399791,14.8451582,0.287164437,0,14.19464148,13.80870739
617,616,97.55168909,10.59547342,0.298397178,0,10.09730534,9.903496145
617,779,104.3423099,13.58583735,0.373494004,0,12.6186821,11.96207205
618,617,135.0399791,17.49957616,0.369549147,0,16.27808436,15.42931352
618,1096,87.94515784,13.00974846,0.363713816,0,12.1280462,11.01043538
618,3865,60.67364748,8.948611808,0.339569108,0,8.414581547,7.583655289
619,620,74.70566977,6.994303964,0.13643696,0,6.908804319,6.863480329
620,619,74.70566977,7.13222202,0.181915947,0,6.993291672,6.959404738
620,1629,90.44263116,8.467673948,0.13643696,0,8.36416356,8.309291942
621,3056,104.7572569,10.0572661,0.194086352,0,9.838407708,9.799293492
622,1818,80.39611987,8.657679465,0.3678314,0,8.058558408,7.746365609
622,2019,77.76248379,9.231451719,0.345930832,0,8.661288763,7.994048739
623,1821,79.6728242,8.74482361,0.311230557,0,8.3005362,8.149806296
623,622,318.8791736,29.8550013,0.13643696,0,29.49004832,29.29658407
624,1901,160.362604,21.98881706,0.315556194,0,20.84286526,19.02670997
624,625,91.47542561,8.733246712,0.181915947,0,8.5631296,8.521635806
624,1614,196.0179148,24.34152505,0.336698233,0,22.91152296,21.74209028
625,2068,71.52747907,6.828797103,0.181915947,0,6.695777244,6.663331957
625,626,89.70693958,8.564407653,0.181915947,0,8.397579399,8.356887801
625,624,91.47542561,10.87521368,0.305021572,0,10.34282087,9.848794529
626,625,89.70693958,10.66496417,0.305021572,0,10.14286406,9.658388686
626,584,73.5835969,7.847411555,0.277498458,0,7.524418792,7.375759835
626,1477,31.84358277,3.37802001,0.27923765,0,3.237387114,3.183574332
627,3981,7.21093025,0.553764429,0.302655397,0,0.527040774,0.506212666
628,629,90.68620038,8.706368189,0.194086352,0,8.516906981,8.48304661
628,1703,360.5502713,32.66482687,0.362363971,0,30.46625209,29.26487502
628,3138,74.74495887,5.698221701,0.28123359,0,5.457885087,5.412866881
629,630,79.63130944,7.645038566,0.194086352,0,7.478673188,7.448940487
629,628,90.68620038,8.805666982,0.217860888,0,8.571195804,8.556406273
630,631,80.88742197,7.765632197,0.194086352,0,7.596642554,7.566440846
630,629,79.63130944,7.732232571,0.217860888,0,7.526344057,7.51335741
631,632,74.95141813,7.195743562,0.194086352,0,7.039155392,7.011170066
631,630,80.88742197,7.854201609,0.217860888,0,7.645065389,7.631873889
632,631,74.95141813,7.277813219,0.217860888,0,7.084024669,7.07180124
632,1466,179.0161013,18.40159285,0.264495114,0,17.70762889,17.52869975
633,634,99.17220131,9.468065278,0.181915947,0,9.28363445,9.238649353
634,1435,87.71383393,9.159057743,0.204835833,0,8.940203831,8.647795086
634,356,103.1118495,12.34190456,0.326089895,0,11.65851245,11.16416358
635,1742,244.6303103,17.22743979,0.194086352,0,16.85254965,16.78554955
635,2275,140.825221,9.671326188,0.13643696,0,9.553102135,9.490430696
636,637,82.60984863,8.287885138,0.22913232,0,8.046532573,7.951003684
637,638,82.02488116,8.229197907,0.22913232,0,7.989554381,7.89470194
638,639,83.80435352,9.082103525,0.299463044,0,8.65228186,8.500327261
638,1326,331.0496907,37.63173315,0.31696482,0,35.65436874,34.6312724
639,638,83.80435352,9.526373704,0.31696482,0,9.025809133,8.766815002
639,1290,89.80758232,8.720352811,0.217860888,0,8.488153319,8.473507077
639,919,43.47012153,4.361167344,0.22913232,0,4.234165231,4.183896982
640,948,152.7792931,10.82675698,0.277498458,0,10.3811369,10.17603814
641,684,95.03188103,7.297987009,0.302655397,0,6.945799556,6.671308725
642,3276,444.7278981,26.69124945,0.305082317,0,25.38410835,24.63386692
643,3158,14.35481348,1.2555659,0.336969224,0,1.18169478,1.03282035
643,3278,38.59142902,4.394768511,0.354340251,0,4.110988981,3.668944956
644,2895,22.54663882,1.587787148,0.194086352,0,1.55323496,1.547059818
644,645,44.42901576,3.886052386,0.336969224,0,3.657416804,3.196641441
644,3290,41.13284108,3.527214885,0.34516686,0,3.310252985,3.219451518
645,3294,461.9238455,40.24410355,0.334967259,0,37.90229658,33.14023161
646,3132,24.30906531,2.39698942,0.31696482,0,2.271039293,2.205872188
646,2528,98.0542383,8.5427608,0.334967259,0,8.045657,7.034796319
646,3295,30.2864339,2.868471304,0.304898749,0,2.728150211,2.677216386
647,3293,11.62131182,1.02549048,0.299221681,0,0.977029771,0.842565978
647,3275,57.37419258,5.919099652,0.367798853,0,5.509558532,5.086485133
648,2946,23.56192153,2.916388878,0.347032492,0,2.735200302,2.380022051
648,3284,535.8658683,47.28599967,0.299221681,0,45.05144641,38.85123786
648,1693,56.67009851,6.07940984,0.389218599,0,5.612248872,5.16284098
649,2820,20.70377903,1.928730766,0.258611889,0,1.858904773,1.806463367
649,2944,113.5404597,9.054718024,0.368615013,0,8.425645328,7.639340329
650,87,20.50278233,2.139003041,0.380099388,0,1.981701578,1.832470664
650,3190,57.74716162,3.090407531,0.22913232,0,3.000411378,2.964790324
651,2851,22.0086194,1.511466026,0.13643696,0,1.49298959,1.483195095
651,3248,72.67623121,4.232833233,0.304898749,0,4.025769706,3.950609677
652,4013,28.60034502,1.665750808,0.304898749,0,1.584264905,1.554687109
653,1353,253.9504787,23.36546165,0.090957973,0,23.20168971,23.05961621
654,655,60.83399042,6.567057571,0.266300649,0,6.316316643,6.14255449
654,2181,111.4623181,10.14524877,0.104559289,0,10.06050775,10.05215851
654,2375,264.2831636,32.27265892,0.322931863,0,30.5174991,28.97464833
655,2751,46.53735304,5.023728913,0.266300649,0,4.831914781,4.698988589
655,654,60.83399042,6.232443741,0.228690641,0,6.051570984,5.931143803
656,657,45.36889188,4.355660237,0.194086352,0,4.260875749,4.243935934
657,1868,82.21764538,12.34442158,0.371316509,0,11.4751129,10.40210738
657,295,82.58697561,11.28370701,0.34843044,0,10.57743867,9.780068615
658,659,37.43988247,3.735719812,0.219460094,0,3.634953036,3.589078459
659,658,37.43988247,3.574421527,0.181915947,0,3.50479447,3.487811518
659,296,82.65547556,8.247293456,0.219460094,0,8.024832132,7.923555506
660,659,28.25297057,2.697338227,0.181915947,0,2.644796097,2.631980382
661,2144,83.69696004,11.73786584,0.361980432,0,10.94937286,10.09098865
661,232,113.1062132,15.90782762,0.367798853,0,14.80716875,13.67014131
662,661,54.71845737,5.253269347,0.194086352,0,5.138951788,5.118521036
663,210,39.38931387,4.027094532,0.25635719,0,3.883596606,3.841705948
664,1281,47.80803514,8.340926995,0.311247706,0,7.917116824,6.755776645
664,1282,90.70065236,13.02159002,0.350582449,0,12.19719848,11.11860694
665,666,40.15935063,3.855515959,0.194086352,0,3.771615221,3.756620542
666,2032,245.7627443,25.26267706,0.264495114,0,24.30996675,24.06432339
667,582,83.2557944,10.44419918,0.32100274,0,9.882436491,9.295911896
667,2294,163.4549075,22.76774876,0.333568475,0,21.45310434,19.61747902
668,3252,23.31324448,2.396437134,0.264495114,0,2.306062295,2.282760375
669,469,181.8494569,18.24416139,0.22913232,0,17.71287083,17.50258263
670,470,248.8342181,24.96444978,0.22913232,0,24.23745684,23.94970839
671,1494,43.07391072,4.678427203,0.298397178,0,4.458461283,4.372884906
671,670,72.62917734,6.972795822,0.194086352,0,6.821059267,6.793941019
671,471,336.1280837,37.81865821,0.305082317,0,35.96657846,34.90356625
672,2072,96.69311475,9.885734871,0.25635719,0,9.533475335,9.430641907
673,3417,14.89646708,2.19769228,0.394788031,0,2.024309084,1.861611484
673,1519,103.0334025,12.077519,0.315289154,0,11.44907858,9.753895406
674,3417,165.6354778,29.11186264,0.313981483,0,27.60862406,23.53363842
674,2241,392.0334405,51.78580509,0.385936603,0,47.8683876,45.41187308
674,1533,89.92106078,14.99369634,0.340886485,0,14.09247721,12.27536918
674,675,384.4784192,49.0175148,0.365238063,0,45.66963423,43.46872475
675,2241,82.21255418,8.882797721,0.300250163,0,8.460374736,8.317382691
675,674,384.4784192,47.02249833,0.353258434,0,44.00330347,42.24777533
676,1831,113.7808308,9.258876449,0.324561148,0,8.750627558,8.60482051
676,1711,109.9402432,8.4623571,0.262881322,0,8.146752841,7.997165329
677,1832,199.8761656,22.25623628,0.34364713,0,20.89837279,18.70131515
678,1423,83.57101587,11.59349743,0.356602602,0,10.8360029,10.00068864
678,679,45.26131937,4.345332692,0.194086352,0,4.250772944,4.233873294
679,678,45.26131937,4.540870397,0.22913232,0,4.408635129,4.356295563
680,681,84.57928541,11.34801796,0.364959779,0,10.57404595,9.89257615
680,871,62.10259732,8.700476249,0.369157614,0,8.094364314,7.180558923
680,3802,364.5988803,41.17922013,0.373494004,0,38.24773362,36.25752213
681,682,81.58155248,11.31750654,0.356602602,0,10.57804467,9.762615621
681,680,84.57928541,12.35038707,0.407328483,0,11.31790866,10.48491866
682,681,81.58155248,11.96517534,0.410083187,0,10.95233599,10.14472899
682,683,84.13661429,12.57473941,0.367773029,0,11.70480934,10.60924248
682,1936,53.45836184,5.495142624,0.264495114,0,5.287908884,5.234476491
683,682,84.13661429,12.66691666,0.392820923,0,11.67678957,10.65437336
683,3685,38.21289726,4.829744095,0.310264167,0,4.585767439,3.924955244
683,1059,127.0004747,16.13286502,0.30835249,0,15.32713256,13.09242667
684,3976,192.3618151,14.77245333,0.302655397,0,14.05956186,13.50394248
685,1838,231.6931298,22.11996556,0.181915947,0,21.68908518,21.5839878
686,687,77.87366188,9.249738482,0.329753908,0,8.726880547,8.38703181
686,237,254.783101,25.42204237,0.219460094,0,24.7363118,24.42412955
686,125,79.46011636,10.12962212,0.358099086,0,9.462619556,8.976875037
687,239,327.2192072,38.86669793,0.329753908,0,36.66968864,35.24167008
687,686,77.87366188,9.02019578,0.309891017,0,8.565545804,8.243709642
688,242,77.38828565,7.42969609,0.194086352,0,7.268016827,7.239121625
689,3647,72.38872477,8.98704597,0.352110425,0,8.413478892,8.035990288
690,689,161.5746084,16.51910526,0.25635719,0,15.93047807,15.75864297
691,566,196.0221713,21.51523219,0.311230557,0,20.42213446,20.05128777
691,3619,116.9355176,12.88038069,0.284079111,0,12.32701806,10.86632442
691,3679,78.8167708,9.166155695,0.281776058,0,8.778185186,7.618163243
692,693,167.9655599,22.0776966,0.381178028,0,20.44556114,19.38540966
692,1867,171.7530714,18.75297,0.304898749,0,17.83560428,17.50261839
693,2998,13.67288018,1.734940286,0.360828959,0,1.61908139,1.540574498
693,692,167.9655599,18.33942811,0.304898749,0,17.44229221,17.11664934
693,3281,304.9056369,35.21751707,0.309820555,0,33.4431724,28.5524134
694,411,219.172187,31.42747122,0.378154625,0,29.13817681,26.84679993
695,696,101.4596078,9.74067386,0.194086352,0,9.528704898,9.490821957
696,1018,106.3386838,10.20909169,0.194086352,0,9.986929379,9.947224691
697,727,86.91754346,10.89621205,0.37641875,0,10.10923121,9.721545939
697,698,104.1804099,12.50125678,0.34100783,0,11.74935453,11.30455722
697,2394,87.70285147,9.575892467,0.304898749,0,9.107454907,8.937421195
698,697,104.1804099,13.82661843,0.389608272,0,12.76216534,12.10804962
699,2135,100.4125911,7.957996513,0.291714491,0,7.59907798,7.449129893
700,1621,79.85183733,8.163912134,0.25635719,0,7.873006507,7.78808383
701,494,114.7979997,9.098082929,0.291714491,0,8.687744651,8.516314552
701,1835,114.7501487,11.06372639,0.381178028,0,10.24581949,9.714549133
702,701,113.3531031,10.05272136,0.25635719,0,9.694511575,9.589941119
703,704,115.5237933,10.24522905,0.25635719,0,9.880159613,9.773586653
703,702,113.3738021,9.441594791,0.194086352,0,9.236134155,9.199414377
704,703,115.5237933,9.620642728,0.194086352,0,9.41128579,9.373869668
704,705,113.5574102,10.23752762,0.28123359,0,9.805734535,9.724854016
705,706,115.0439418,11.0707008,0.324561148,0,10.46299517,10.28865585
705,704,113.5574102,11.70287989,0.330899199,0,11.0371008,10.61268565
705,488,114.3961682,8.674174191,0.273669529,0,8.326094545,8.251997131
705,1831,114.7185716,8.830156189,0.262881322,0,8.500834835,8.344745807
706,705,115.0439418,12.5159266,0.346957085,0,11.73865347,11.14966847
706,707,112.0669104,10.78422049,0.324561148,0,10.19224067,10.02241279
707,706,112.0669104,12.19204769,0.346957085,0,11.43488832,10.86114468
707,3548,104.9076311,10.09528166,0.324561148,0,9.541119853,9.382141253
708,2956,13.30442728,1.186299868,0.181915947,0,1.163191634,1.157555232
708,2955,26.66999388,2.086329906,0.277498458,0,2.000458348,1.960935554
709,2957,149.6711499,12.41613028,0.311097313,0,11.78581694,11.44262974
709,710,212.6349405,16.2103378,0.28123359,0,15.52662665,15.39855857
710,711,148.0893451,14.84942159,0.380313441,0,13.7562607,12.87682992
710,2107,98.45488241,10.4991283,0.40452887,0,9.632554211,8.924858505
710,2275,97.61740368,7.320745549,0.25635719,0,7.059884575,6.983732688
710,709,212.6349405,17.63935886,0.311097313,0,16.74388475,16.25632525
711,1689,330.6091708,31.74027752,0.194086352,0,31.04957031,30.92612761
711,712,101.5601604,10.18378222,0.380313441,0,9.434088878,8.830972355
711,710,148.0893451,16.30963244,0.371316509,0,15.16108894,13.74341818
712,713,109.900539,11.02010031,0.380313441,0,10.20884024,9.556194258
712,711,101.5601604,11.18519962,0.371316509,0,10.39752471,9.425281435
713,712,109.900539,12.10375666,0.371316509,0,11.25139588,10.19930951
713,714,92.94535554,9.005958937,0.385936603,0,8.324689215,7.897482013
714,1605,105.7197969,9.150250045,0.219460094,0,8.903432498,8.79106758
714,1724,128.4635817,13.97761648,0.354019538,0,13.07656464,12.45979339
714,713,92.94535554,10.236419,0.371316509,0,9.515558336,8.625785252
714,715,232.8600391,21.0964558,0.362363971,0,19.67651453,18.90060966
715,714,232.8600391,25.64574544,0.371316509,0,23.83974189,21.6105547
715,3287,197.2459114,18.92800064,0.377369593,0,17.55451493,16.64276383
716,3280,11.53496732,1.39831782,0.340844781,0,1.314288807,1.147779816
716,717,134.5916489,17.28275703,0.311641311,0,16.40255652,13.98528552
717,1451,160.2712744,16.47475682,0.264495114,0,15.85345803,15.69326461
717,288,121.3246772,12.40402272,0.25635719,0,11.96202874,11.83299957
717,718,408.2921154,52.42831547,0.311641311,0,49.75817263,42.42523111
717,716,134.5916489,16.31577236,0.340844781,0,15.33530982,13.39245909
718,719,211.988589,27.22120805,0.311641311,0,25.83484816,22.02752525
718,717,408.2921154,49.49490749,0.340844781,0,46.52061356,40.62685538
718,3819,295.8432623,26.94811259,0.336698233,0,25.36498017,24.07031998
718,340,112.8158799,11.05735805,0.369453114,0,10.28591262,9.657389511
719,321,316.1447303,40.59577696,0.311641311,0,38.52825826,32.85028719
719,778,87.55338856,7.434731104,0.185932235,0,7.2844264,7.182932443
719,718,211.988589,25.69815876,0.340844781,0,24.15388114,21.09379393
720,515,106.1388852,12.86660728,0.340844781,0,12.09341517,10.56128437
720,721,479.1626858,61.07661043,0.30840699,0,58.02523493,49.51853729
720,2011,166.8775732,16.45492217,0.31696482,0,15.5902961,15.14293508
721,1464,187.0428586,19.12293459,0.25635719,0,18.44152485,18.24260419
721,508,131.94132,17.46191243,0.36080827,0,16.29593399,15.29096151
721,720,479.1626858,58.8525489,0.343580304,0,55.26321934,48.130096
721,3215,182.708981,23.3754637,0.309839064,0,22.19762102,18.93348371
722,3692,15.60356579,1.462896829,0.313981483,0,1.387357762,1.182586131
722,3929,41.16083543,4.819176574,0.363699202,0,4.492593584,3.990758451
723,1197,249.1027862,32.11514332,0.313981483,0,30.45682544,25.96145015
723,3690,112.1314407,13.66590919,0.339968617,0,12.8485865,11.19981514
723,795,87.3912678,11.04172694,0.315619425,0,10.46607235,9.807633887
724,3648,10.04118649,1.032163164,0.264495114,0,0.993238053,0.983201745
724,3693,132.2165482,15.90263938,0.336969224,0,14.96700886,13.08140781
725,3647,8.920936208,1.17258397,0.381178028,0,1.085898483,1.029592037
725,4021,40.64306343,4.45203682,0.295944888,0,4.245864865,3.759739488
726,3619,82.35343241,9.020986175,0.295944888,0,8.603228095,7.618211465
726,4021,72.11961625,8.226808888,0.278934466,0,7.884991804,6.87347657
727,697,86.91754346,10.03511938,0.334877269,0,9.451465226,9.196279844
727,728,294.0051766,27.05081209,0.090957973,0,26.86120899,26.69672674
727,2194,87.97881612,12.37883437,0.383631037,0,11.45276019,10.64137524
728,727,294.0051766,28.06895649,0.181915947,0,27.52219422,27.38883173
728,2394,211.8339977,23.50012646,0.324561148,0,22.21013051,21.84005493
728,229,55.8145704,8.484492907,0.340312282,0,7.976107807,7.124427894
729,2111,167.2486835,19.35018216,0.333528409,0,18.23312137,17.71072029
729,730,87.23578447,14.28053631,0.288274544,0,13.6503208,11.76390329
729,800,212.836301,34.79139027,0.291527944,0,33.22408274,28.67403124
730,729,87.23578447,14.01987962,0.325210818,0,13.24743656,11.59515708
730,2338,272.6396627,34.2365593,0.302674278,0,32.58417619,27.86749528
730,531,85.41265351,10.56494289,0.295831253,0,10.07602982,8.633802169
731,4048,42.53787153,7.057431528,0.342719825,0,6.629002228,5.78675144
731,842,199.3993362,31.43229874,0.355846682,0,29.3866362,26.11793721
731,4066,46.2790506,5.592050855,0.344306027,0,5.249665418,5.043700329
732,733,41.49500202,7.060184191,0.308799441,0,6.706631571,5.757117118
732,4048,49.26137174,7.501757759,0.376194678,0,6.960539628,6.293862884
732,1390,312.5810349,30.00947848,0.194086352,0,29.35643557,29.23972421
733,734,87.61247067,12.01280874,0.294462731,0,11.46160635,10.3995277
733,732,41.49500202,6.319057761,0.376194678,0,5.863166123,5.301595224
733,2109,331.4970277,53.55662289,0.369996446,0,49.80991483,44.19944249
733,2863,371.6167273,65.07476682,0.312634504,0,61.74105307,52.65649031
734,332,94.7489781,14.86882618,0.296385861,0,14.17837129,12.39546216
734,733,87.61247067,10.63900027,0.349103416,0,9.970701887,9.582152609
734,2384,338.6944443,34.62752738,0.25635719,0,33.39364069,33.03343809
734,419,385.6478254,39.64187698,0.264495114,0,38.14689586,37.76143538
735,269,115.2235273,16.44996088,0.374831053,0,15.27113115,14.06955431
736,2182,269.8198303,45.1795083,0.343580304,0,42.42407718,36.94817153
736,737,79.08952017,13.7985155,0.311247706,0,13.09740024,11.17617847
736,738,240.097663,36.72772676,0.379799854,0,34.03072759,30.77773524
737,4066,223.9013934,31.97373104,0.375906558,0,29.67024343,27.34846501
737,736,79.08952017,13.24300601,0.343580304,0,12.43533474,10.83023866
737,840,104.2405139,17.17337996,0.348051708,0,16.10062829,14.10924734
737,1390,75.71377934,13.3073492,0.313981483,0,12.62020249,10.75748221
738,551,79.41822475,9.693964985,0.354881499,0,9.0662329,8.719602021
738,736,240.097663,38.4679467,0.364684616,0,35.84797112,31.81868046
738,1229,39.88007501,5.848471406,0.358203869,0,5.463159862,4.962125732
739,3640,159.7465667,18.48181523,0.283360523,0,17.69147831,15.38489408
739,3679,27.22119619,3.083510716,0.296529461,0,2.940196085,2.580828511
739,3678,46.94133137,6.803385205,0.382398884,0,6.29744225,5.792120975
740,741,152.9128094,18.94030202,0.30536361,0,18.01117051,15.47567111
740,160,264.468963,31.53578349,0.294717024,0,30.08648281,26.02765525
740,1983,114.6953072,13.20554515,0.366755817,0,12.29665268,11.55957174
741,206,58.60271587,5.749807557,0.197491644,0,5.620867152,5.555092862
741,740,152.9128094,18.54054882,0.314793598,0,17.57860624,15.23563154
741,742,82.94128926,10.23436416,0.303578843,0,9.737696442,8.370707884
742,1787,248.4707906,23.26302998,0.13643696,0,22.97865847,22.82791104
742,741,82.94128926,10.16516252,0.310352558,0,9.651395264,8.329044002
742,743,107.9125218,13.48632564,0.305457175,0,12.82437006,10.99252625
743,742,107.9125218,13.22560009,0.310352558,0,12.55715231,10.83667918
743,744,97.3647341,12.16811995,0.305457175,0,11.57086647,9.918074172
744,743,97.3647341,11.93287872,0.310352558,0,11.32976762,9.777460198
744,745,343.5223871,42.59462259,0.30100678,0,40.5596319,34.78912446
745,1853,91.10335643,8.746417437,0.194086352,0,8.556084709,8.52206858
745,744,343.5223871,43.96257487,0.311247706,0,41.72879602,35.60771324
745,746,163.3659982,20.33322291,0.302746016,0,19.35143834,16.59052661
746,2355,341.3482856,44.88569213,0.359039557,0,41.91571906,39.39741054
746,745,163.3659982,20.90690504,0.311247706,0,19.84460597,16.93365508
746,747,99.18035037,12.54806354,0.305830924,0,11.93077314,10.1936346
747,1736,52.17542437,9.066375208,0.308818312,0,8.612307514,7.350826228
747,746,99.18035037,12.73965466,0.312634504,0,12.08701518,10.30853485
747,544,150.1486414,18.99645128,0.305830924,0,18.06193839,15.43209297
748,2155,95.07329115,15.52805963,0.334967259,0,14.62448085,12.78705319
748,749,267.9543408,34.03822878,0.30835249,0,32.338239,27.62330271
748,544,146.9452759,19.01435033,0.315289154,0,18.02495951,15.35613269
749,137,210.3361438,34.35362492,0.334967259,0,32.35458528,28.28953775
749,3350,144.2627243,18.32568788,0.30835249,0,17.41043808,14.87198488
749,748,267.9543408,34.67261997,0.315289154,0,32.8684683,28.0018693
750,2362,200.6387932,13.77908872,0.13643696,0,13.61065063,13.52136036
750,2459,141.1020384,9.936736238,0.194086352,0,9.720500719,9.681855262
751,1662,146.4885167,16.78347911,0.320153427,0,15.88514902,13.9967634
752,2593,415.5236684,63.7756575,0.332937841,0,60.10601635,53.43703673
752,1409,318.2826205,45.69477384,0.350582449,0,42.80185638,39.01691179
753,3021,16.58172739,1.663572253,0.22913232,0,1.615127152,1.595952271
753,2594,17.65644034,2.58538044,0.247909647,0,2.498668953,2.196608694
754,3041,274.524835,43.86407309,0.288548704,0,41.92492813,36.37392329
754,3590,858.906819,127.5736118,0.256116906,0,123.0354805,107.9580474
755,1935,85.80235125,6.968301777,0.13643696,0,6.883119988,6.837964495
756,2031,76.93014571,7.624603285,0.322692881,0,7.210503017,7.006561107
757,1172,209.8288558,19.64518627,0.13643696,0,19.40503994,19.2777366
758,1173,136.1323383,12.74536399,0.13643696,0,12.58956234,12.50697074
759,760,305.7468571,28.6254907,0.13643696,0,28.27556748,28.09007062
759,809,114.5005592,15.97135187,0.392436845,0,14.72519015,13.76419944
759,432,56.66832961,9.141868545,0.287994812,0,8.73914527,7.561786433
760,759,305.7468571,32.60674281,0.277498458,0,31.2646771,30.64698497
761,1164,211.9827378,20.04158186,0.194086352,0,19.60545255,19.52750784
762,763,77.50882346,7.131427558,0.090957973,0,7.08144234,7.038079751
762,1934,81.33859103,7.615309942,0.13643696,0,7.522219007,7.472870817
763,762,77.50882346,7.25674869,0.13643696,0,7.168040872,7.121016206
764,1648,245.5346633,31.59931934,0.366594209,0,29.42622202,27.9280364
764,2300,68.09075133,8.455516582,0.336698233,0,7.958776697,7.552550817
764,614,48.65150198,7.821253947,0.388626891,0,7.22193646,6.454842798
765,1385,80.71102774,8.207137184,0.247909647,0,7.9318767,7.840791471
766,446,431.7658895,40.42399837,0.13643696,0,39.92984805,39.66789534
766,887,78.94629455,7.515692723,0.311414513,0,7.133436207,7.00495981
766,586,59.50778459,5.777301952,0.306314986,0,5.492264202,5.344668062
767,1641,249.7459221,25.67211966,0.264495114,0,24.70396838,24.45434377
767,1414,305.763212,29.19150743,0.181915947,0,28.6228787,28.4841827
768,769,78.28191938,7.414192113,0.304898749,0,7.051501527,6.919851906
768,413,141.1524647,15.83285904,0.370621436,0,14.72175561,13.97401462
768,1619,154.0691677,15.66659267,0.247909647,0,15.14114832,14.96727585
769,501,70.78169304,6.703834991,0.304898749,0,6.375893954,6.256857744
769,768,78.28191938,6.812557572,0.22913232,0,6.614168211,6.535644432
770,771,78.72133339,7.45580964,0.304898749,0,7.09108319,6.95869459
770,501,11.10834985,0.902147003,0.13643696,0,0.891118994,0.885272965
771,770,78.72133339,6.39322815,0.13643696,0,6.315076165,6.273647223
771,772,88.70005827,8.40090889,0.304898749,0,7.989949675,7.840779482
772,1085,61.34064765,5.88903561,0.194086352,0,5.760883001,5.737979659
772,773,79.74661627,7.072329657,0.25635719,0,6.820320515,6.746752701
772,771,88.70005827,7.203634454,0.13643696,0,7.115575914,7.068895435
773,538,76.95581733,6.824827618,0.25635719,0,6.581637745,6.510644498
773,772,79.74661627,6.476494872,0.13643696,0,6.397325019,6.355356498
774,895,82.82254315,6.479009688,0.277498458,0,6.212339178,6.089602807
774,2332,170.4879897,15.5252296,0.3678314,0,14.45086643,13.89103225
774,538,173.3009093,14.0743583,0.13643696,0,13.90231078,13.81110713
774,775,199.6502781,18.81015243,0.298397178,0,17.92575426,17.58168463
775,776,80.52969693,7.141777176,0.25635719,0,6.887293402,6.813003181
775,774,199.6502781,17.28011233,0.219460094,0,16.81400103,16.60180154
776,777,301.8140438,26.76638223,0.25635719,0,25.81261263,25.53418327
776,775,80.52969693,6.96999885,0.219460094,0,6.78199109,6.696399621
777,1578,80.33984809,7.407260554,0.13643696,0,7.316712852,7.26871285
777,778,227.7429586,20.19738712,0.25635719,0,19.47769129,19.26759395
777,776,301.8140438,24.51134855,0.13643696,0,24.21171736,24.05288066
778,2496,79.12146495,7.407731939,0.13643696,0,7.317178475,7.269175418
778,719,87.55338856,7.764673355,0.25635719,0,7.48799385,7.407224136
778,777,227.7429586,18.49578293,0.13643696,0,18.26968711,18.14983205
779,617,104.3423099,10.72565367,0.264495114,0,10.32116602,10.21687439
780,500,82.54048182,7.924334929,0.194086352,0,7.751891721,7.721072794
781,1132,83.24245084,5.777107789,0.123954823,0,5.715939028,5.644321236
781,2096,55.61977061,4.72026297,0.333528409,0,4.447768341,4.320334375
782,1133,84.51555989,7.038325036,0.194086352,0,6.885162486,6.857789384
783,2149,78.21366266,6.513512787,0.194086352,0,6.371770792,6.346438765
784,2353,168.9522575,16.22033511,0.194086352,0,15.8673608,15.80427749
785,1628,111.0506339,10.60211065,0.181915947,0,10.39558946,10.34521624
785,1627,135.9605692,13.64032981,0.22913232,0,13.24310802,13.08588509
786,245,78.72643891,8.092522764,0.264495114,0,7.787336189,7.708647993
787,795,189.8920505,27.35821696,0.381988211,0,25.32773404,23.34068576
787,3855,29.57632026,3.370325666,0.265185783,0,3.242619313,3.093888046
788,1580,73.72415995,8.232736434,0.298992838,0,7.844235942,7.617656831
788,789,64.51139391,6.718000648,0.255932986,0,6.479334257,6.366716567
789,788,64.51139391,7.203951912,0.298992838,0,6.863999469,6.665734283
790,2266,85.77587586,9.414689537,0.311230557,0,8.936369079,8.77409305
791,865,85.28982773,8.063595563,0.194086352,0,7.888121873,7.856761341
791,864,70.23166343,8.192513873,0.331274822,0,7.725461734,7.436959333
792,1840,77.63593261,10.25548331,0.376194678,0,9.51559625,8.604197556
792,2008,78.20429134,9.773461644,0.381988211,0,9.048091021,8.338237004
792,793,79.54756126,12.85162605,0.284803345,0,12.29691885,10.62499094
793,792,79.54756126,13.14624562,0.340844781,0,12.35624923,10.79081964
794,3855,38.14702597,5.495936295,0.381988211,0,5.088036732,4.688862663
795,787,189.8920505,21.6388667,0.265185783,0,20.81893978,19.86402432
795,723,87.3912678,12.5906759,0.381988211,0,11.65621616,10.74174571
796,2949,14.56976621,1.183260438,0.13643696,0,1.168796047,1.161128367
797,3090,339.3722087,18.60668219,0.264681891,0,17.90408281,17.72585106
798,306,157.6276692,12.80148098,0.13643696,0,12.64499334,12.5620381
798,219,55.26487997,5.524769868,0.30411226,0,5.25578848,5.056324369
799,3860,67.95408942,6.156446806,0.362363971,0,5.742074224,5.515646755
799,3165,58.09619941,6.573844197,0.384684067,0,6.079542724,5.495578542
800,801,111.7821488,18.27252375,0.291527944,0,17.44936998,15.05967174
800,729,212.836301,33.47677579,0.276130369,0,32.11128169,27.88149474
800,2483,110.6237269,13.66306608,0.362363971,0,12.74344473,12.2409319
801,800,111.7821488,17.58208499,0.276130369,0,16.86492413,14.64342962
801,802,179.2774386,29.30567438,0.291527944,0,27.98549131,24.15286702
802,801,179.2774386,27.81691138,0.270873186,0,26.72137653,23.25509551
802,1472,31.42576416,3.35143857,0.277498458,0,3.213496219,3.150007595
802,1014,182.6342214,30.182051,0.298836022,0,28.75914136,24.73694968
803,804,84.11723243,8.075711558,0.194086352,0,7.899974209,7.868566556
804,803,84.11723243,8.075711558,0.194086352,0,7.899974209,7.868566556
804,4042,44.70105591,5.198110255,0.338860041,0,4.889097709,4.750816453
805,2446,58.69840701,5.635366146,0.194086352,0,5.512733695,5.490816911
805,1983,67.12526086,7.329114949,0.304898749,0,6.970586203,6.840447249
806,568,30.77246658,3.264416671,0.270153274,0,3.136473591,3.072669511
807,959,73.63741061,8.961736005,0.348570966,0,8.400385225,8.063159282
807,1075,199.764925,24.01889413,0.339409673,0,22.5867529,21.69433407
808,807,44.08574768,4.788326803,0.298397178,0,4.563193725,4.475607098
809,2452,140.9492109,14.48858495,0.264495114,0,13.94218901,13.80130826
809,810,92.7371589,11.39784991,0.357854949,0,10.64828632,10.22599258
809,759,114.5005592,17.58880934,0.308278701,0,16.71074901,14.73394756
810,987,143.9709925,13.47925648,0.13643696,0,13.3144836,13.22713628
810,811,90.72068717,11.15001568,0.357854949,0,10.41675057,10.00363916
810,809,92.7371589,13.60004017,0.358203869,0,12.70403639,11.53893122
811,812,90.57978494,10.42662132,0.328077906,0,9.842761915,9.557011333
811,810,90.72068717,12.44752629,0.35117029,0,11.65702975,10.77472627
812,813,91.83916781,10.57158864,0.328077906,0,9.979611497,9.689887961
812,811,90.57978494,11.76906383,0.343761776,0,11.05058425,10.36179302
813,2169,169.2385654,17.5890393,0.28123359,0,16.847178,16.70821763
813,812,91.83916781,11.9326959,0.343761776,0,11.20422688,10.50585899
813,814,156.3854703,17.686012,0.311097313,0,16.78816951,16.2993205
814,305,98.10840427,11.09531731,0.311097313,0,10.53205594,10.22537657
814,813,156.3854703,19.28275635,0.332915819,0,18.1733653,17.26578185
815,1591,114.808279,12.22565352,0.354803999,0,11.43430231,10.406063
815,1682,113.6514323,11.34113587,0.375784669,0,10.52457594,9.847021368
816,1183,116.4955966,10.74078752,0.13643696,0,10.60949018,10.53988849
817,2093,106.7033326,10.24409995,0.194086352,0,10.02117582,9.981334977
817,818,81.30247602,8.267278869,0.247909647,0,7.990001284,7.898248584
818,817,81.30247602,7.805479642,0.194086352,0,7.63562287,7.60526619
819,3362,87.14670136,6.137074953,0.194086352,0,6.003524705,5.9796567
819,1598,114.4314242,8.42115869,0.22913232,0,8.17592505,8.078860005
820,1797,92.25208195,7.216659981,0.277498458,0,6.919628414,6.782918222
820,1329,83.9417272,8.718446657,0.376964756,0,8.087061307,7.47871447
821,822,156.4202856,19.3239716,0.363417984,0,18.01631226,17.314519
821,3683,45.94993671,6.981532865,0.361872172,0,6.512807161,5.865391896
822,823,228.2662626,24.47285313,0.284617001,0,23.41781088,22.96853416
822,821,156.4202856,20.5648047,0.367344195,0,19.14518861,18.05468301
823,824,82.02276425,9.538105158,0.338860041,0,8.971092531,8.717357788
823,822,228.2662626,26.2798699,0.336083733,0,24.7412026,24.09197039
823,1282,146.1298255,18.23459027,0.341317098,0,17.1360089,16.26484918
824,823,82.02276425,9.985090274,0.356464097,0,9.333154986,8.984125657
824,2241,144.0092356,15.07753227,0.254311691,0,14.54800835,14.25006474
825,2412,81.49436138,6.375109201,0.277498458,0,6.112715146,5.991947034
825,454,81.62957207,8.037950789,0.373131779,0,7.466769335,7.010810048
826,610,182.8045535,25.17727506,0.298508226,0,23.99270368,21.7691671
826,1298,136.9914339,19.68444213,0.309887059,0,18.69229952,16.8002003
827,611,256.5279175,34.8838962,0.284795831,0,33.37829578,29.08354913
827,1300,141.2109354,18.89381687,0.311003181,0,17.93519411,15.80937866
828,2287,90.65370096,7.260486742,0.304898749,0,6.90531518,6.776394818
829,3118,328.3612922,22.16113184,0.090957973,0,22.00580123,21.87105064
830,326,125.8609461,18.75436414,0.343473062,0,17.61122402,15.84460257
830,995,81.46277734,12.05401301,0.364838573,0,11.23239571,10.20200136
830,831,91.43017875,14.39376766,0.359255898,0,13.44030486,11.96758756
831,1577,112.2492452,13.56824479,0.33637801,0,12.77254689,12.23996992
831,832,236.8687946,36.77378584,0.354340251,0,34.39922444,30.7003647
831,830,91.43017875,13.96900219,0.352656041,0,13.0749188,11.71713593
832,3400,41.02500686,6.061156921,0.304440567,0,5.765474212,4.940558199
832,3922,14.54756286,2.168407136,0.304274081,0,2.062731705,1.763275718
832,831,236.8687946,31.14713106,0.359039557,0,29.08620393,27.3386964
833,326,219.5219849,27.93279319,0.35998155,0,26.07555653,24.78040153
833,327,257.4188369,43.6925438,0.303768295,0,41.56973467,35.64880636
833,4069,94.13830878,14.52308101,0.354476704,0,13.58462582,12.14518068
834,4016,323.0491158,26.21333537,0.322931863,0,24.78771397,23.53453974
835,951,147.266903,10.43611956,0.277498458,0,10.00657779,9.80887914
836,1440,75.75207127,6.086143955,0.296735763,0,5.802912058,5.664221617
836,1441,260.7275855,18.36104763,0.194086352,0,17.9614888,17.89007994
837,322,133.0263036,12.45456209,0.13643696,0,12.30231525,12.22160809
838,1030,153.6191091,13.7704131,0.272534373,0,13.2220037,13.09920244
839,1794,76.60914971,7.354894805,0.194086352,0,7.194843309,7.166239021
840,841,77.35038131,7.384715171,0.181915947,0,7.240866444,7.205779854
840,1391,284.4385292,46.86057995,0.348051708,0,43.93338882,38.49955657
840,737,104.2405139,18.32116864,0.313981483,0,17.37512518,14.81058645
841,842,338.7048977,32.33648179,0.181915947,0,31.70659131,31.55295277
841,840,77.35038131,7.426057067,0.194086352,0,7.264456994,7.235575944
841,2455,310.2966808,29.05146706,0.13643696,0,28.69633664,28.50807939
842,1758,81.88423731,12.90781533,0.355846682,0,12.06775478,10.72544879
842,731,199.3993362,33.08221853,0.342719825,0,31.07392533,27.12581411
843,844,227.3503899,27.20071678,0.341431426,0,25.56093628,24.62198084
843,1159,82.1976681,9.834124206,0.334410006,0,9.263635134,8.894947162
844,843,227.3503899,27.48204804,0.328945677,0,25.93560584,24.77145725
844,1280,169.3305199,19.77608619,0.313981483,0,18.75491568,15.98672223
845,3857,12.06810307,0.855210261,0.277498458,0,0.820010536,0.803809696
846,847,99.82188626,14.00823835,0.370530313,0,13.02562934,12.04749303
846,862,64.41270694,9.514188739,0.327302753,0,8.983746326,8.056517649
847,848,100.1420179,13.23068756,0.338134347,0,12.44727495,11.5932187
847,846,99.82188626,14.46824283,0.316636419,0,13.70945947,12.31874807
848,579,101.315307,13.38570162,0.338134347,0,12.59311035,11.72904776
848,847,100.1420179,14.57738069,0.319908109,0,13.79823439,12.39683029
849,579,101.313521,14.23253523,0.332391013,0,13.41608248,12.22879508
849,850,96.86017131,12.16053538,0.303532314,0,11.57055812,10.82358931
849,2430,53.71336403,6.019986796,0.28116352,0,5.766194638,5.559655004
850,851,103.8312554,13.68718377,0.331515736,0,12.90583325,11.99809309
850,849,96.86017131,14.49781124,0.302995576,0,13.79672608,12.23596566
851,852,106.0669056,13.84874399,0.321853519,0,13.10021221,12.17062917
851,850,103.8312554,14.86203658,0.315484284,0,14.08782393,12.70243129
852,2404,257.141354,36.12515567,0.290292316,0,34.51039392,29.85002159
852,1278,191.5201222,26.08474634,0.281403281,0,24.98334302,21.73469902
852,851,106.0669056,12.49095131,0.284262166,0,11.95368598,11.34426424
853,854,84.23559302,8.612099646,0.25635719,0,8.305223702,8.215638887
853,567,78.0421931,10.7796241,0.32465114,0,10.18759352,8.939807553
853,1038,388.4900193,51.25223225,0.294677287,0,48.89739917,43.0936061
854,853,84.23559302,9.358042491,0.292630292,0,8.933545077,8.671317714
854,855,78.23369991,7.998476596,0.25635719,0,7.713465953,7.63026417
855,920,75.70319706,7.739762411,0.25635719,0,7.463970561,7.383459975
855,854,78.23369991,8.691270065,0.292630292,0,8.297018631,8.053475301
856,857,91.57956723,11.20036869,0.353258434,0,10.48122154,10.06306931
856,855,172.0154998,18.88027969,0.311230557,0,17.92105273,17.59562332
857,858,82.95248752,8.435061031,0.247909647,0,8.152156173,8.058541377
857,856,91.57956723,10.05169793,0.311230557,0,9.541013772,9.367757966
857,923,81.35576347,10.91551744,0.364959779,0,10.17104339,9.515546053
858,859,81.63946114,8.346675665,0.25635719,0,8.049257604,7.962433783
858,857,82.95248752,8.3222606,0.22913232,0,8.079906983,7.983981871
859,858,81.63946114,8.190530401,0.22913232,0,7.952012916,7.857606169
859,860,80.32233726,10.14752328,0.332424942,0,9.565298342,9.016507539
860,1722,63.61194801,7.397183636,0.338860041,0,6.957442569,6.760661086
860,571,85.08885712,11.51705954,0.339810969,0,10.82884486,10.00751328
861,862,190.5279876,30.78168048,0.369996446,0,28.62825921,25.40363903
861,868,124.8214193,11.98353476,0.194086352,0,11.7227584,11.67615264
861,432,111.8915927,17.81203143,0.323345697,0,16.84102434,14.77177336
862,2408,35.5195379,4.712203443,0.358501758,0,4.401273523,4.122516239
862,846,64.41270694,8.900909186,0.361785047,0,8.303587079,7.691254949
862,861,190.5279876,30.20846873,0.321005483,0,28.5836186,25.07984833
863,864,77.28440431,7.306735121,0.194086352,0,7.147731639,7.119314651
863,3792,175.0277046,17.65514647,0.338860041,0,16.60559933,16.1359333
863,2934,24.07513721,2.325278902,0.300107716,0,2.2147963,2.154254334
864,791,70.23166343,6.639944583,0.194086352,0,6.495451278,6.469627538
864,863,77.28440431,9.015215126,0.331274822,0,8.501261099,8.183786969
865,866,363.5475616,38.1805631,0.277498458,0,36.60908371,35.88580284
865,791,85.28982773,9.949046666,0.331274822,0,9.381855253,9.031495901
866,865,363.5475616,44.01181465,0.358920831,0,41.10144769,39.49119614
866,2110,325.9793177,52.57308465,0.340553032,0,49.41881605,43.45251119
866,3537,178.6660234,24.51574207,0.350916663,0,22.96091932,21.21982929
867,868,98.75573465,9.428304806,0.181915947,0,9.244648482,9.199852297
867,1468,131.8186731,20.50541496,0.359380052,0,19.14623849,17.10803915
867,430,134.5469301,22.07924288,0.346121895,0,20.71416604,18.15947746
868,2289,132.102267,22.87714241,0.30835249,0,21.73457684,18.5656614
868,431,135.0718588,22.78493778,0.346138013,0,21.37610903,18.59512056
869,1550,97.00977973,11.8644948,0.353258434,0,11.10270581,10.65975924
869,1549,82.74291986,8.413751048,0.247909647,0,8.13156091,8.038182619
870,2632,117.6320985,18.00005695,0.315289154,0,17.06344377,14.5369817
870,3804,74.69253087,10.97496837,0.348700263,0,10.28703926,8.947110161
871,272,315.1625746,46.49628354,0.394788031,0,42.82803829,39.3858668
871,680,62.10259732,7.557750503,0.369445468,0,7.030484546,6.499483736
871,872,77.37175867,10.02067227,0.339856995,0,9.421725799,8.460574784
872,3719,206.0721048,33.02562708,0.365839249,0,30.76310215,27.31741863
872,1051,30.00762971,4.32261835,0.301198714,0,4.115859718,3.547914753
872,871,77.37175867,8.289325134,0.362363971,0,7.731394696,7.426522264
873,1149,77.68204463,9.482042982,0.354881499,0,8.868033893,8.528980791
873,804,303.6279303,29.95482925,0.20837684,0,29.21728903,28.89858457
874,1396,83.88214579,8.008308997,0.181915947,0,7.852313129,7.814263692
875,689,138.2699754,13.11169775,0.14070164,0,12.94362624,12.80610797
876,2190,85.26650321,9.309878209,0.304898749,0,8.854453648,8.6891434
876,877,72.74383915,8.530804011,0.320664868,0,8.072848312,7.766050108
876,367,73.24280242,9.381824005,0.362277829,0,8.75063876,8.302698106
877,876,72.74383915,7.757854575,0.277498458,0,7.438547901,7.291585484
878,982,109.0787639,7.491103501,0.13643696,0,7.399530888,7.350987572
878,981,97.96634226,7.2094717,0.22913232,0,6.999523751,6.916425009
879,880,116.0138464,11.13795988,0.194086352,0,10.89558427,10.85226707
879,1659,112.9862619,8.885526514,0.284617001,0,8.502465094,8.339343117
880,879,116.0138464,11.13795988,0.194086352,0,10.89558427,10.85226707
880,1675,111.7674327,7.870924555,0.194086352,0,7.699643622,7.669032416
881,489,115.9155836,11.12852612,0.194086352,0,10.8863558,10.84307529
881,1676,112.9727506,11.83872718,0.38318077,0,10.95498475,10.12905129
881,1683,114.1072894,13.25410841,0.324920286,0,12.52506102,11.01025857
882,881,112.8489212,10.38299732,0.090957973,0,10.31022138,10.24708764
882,1677,112.3753917,10.62435854,0.194086352,0,10.39315952,10.3518398
883,1678,113.8694441,10.76561143,0.194086352,0,10.53133857,10.48946949
884,885,325.6211641,33.64941579,0.272534373,0,32.3093212,32.00924375
885,884,325.6211641,31.26140176,0.194086352,0,30.58111547,30.45953519
885,886,102.3048382,9.170603139,0.272534373,0,8.805382071,8.723600821
886,885,102.3048382,8.755039801,0.20837684,0,8.539475428,8.446326167
886,2817,29.6790796,2.77448061,0.291715581,0,2.649346182,2.600388492
886,982,248.2370897,17.04795384,0.13643696,0,16.83955654,16.72908361
887,888,77.95794939,7.421602196,0.311414513,0,7.044131229,6.917263255
887,766,78.94629455,7.664485994,0.306314986,0,7.286339264,7.09053012
888,887,77.95794939,7.568532693,0.306314986,0,7.19512006,7.001762293
888,889,81.00440549,7.711625028,0.311414513,0,7.319403176,7.187577431
889,888,81.00440549,7.864297304,0.306314986,0,7.476292379,7.275378539
889,890,76.91554768,7.322365481,0.311414513,0,6.949941804,6.824770224
890,889,76.91554768,7.467331321,0.306314986,0,7.098911713,6.908139396
890,891,80.80387695,8.191444156,0.344267534,0,7.69000901,7.476369197
891,1132,105.4583135,8.401968429,0.298397178,0,8.006932525,7.853246257
891,890,80.80387695,7.844829028,0.306314986,0,7.45778462,7.257368147
891,2097,215.5151954,17.78314468,0.312560135,0,16.8725318,16.42916232
892,2186,49.224963,3.997727243,0.13643696,0,3.948858297,3.92295251
893,2200,86.90822654,11.82598817,0.376837927,0,10.97009029,10.26875551
894,893,42.90900428,5.014641496,0.344267534,0,4.707672732,4.576886627
895,2048,75.80028208,5.929674981,0.277498458,0,5.685614619,5.573284675
895,774,82.82254315,7.542108985,0.3678314,0,7.020186647,6.748220917
896,897,32.79181299,3.017107322,0.090957973,0,2.995959976,2.977614479
896,2202,45.74476424,6.655883346,0.360995888,0,6.211023984,5.662282016
897,896,32.79181299,4.551897547,0.365216277,0,4.241038765,3.928166487
898,1585,108.3397353,16.19287992,0.310264167,0,15.37488944,13.15935745
898,1584,100.1128941,11.63064447,0.342335224,0,10.9260588,10.14635884
899,3025,61.82562593,5.064278166,0.298992838,0,4.825296319,4.685918646
900,1205,123.5807918,11.86442778,0.194086352,0,11.60624333,11.5601008
901,595,74.15717795,7.119492187,0.194086352,0,6.96456334,6.936874568
902,1917,238.4006847,22.88776163,0.194086352,0,22.38969597,22.30068204
903,1393,83.94196833,8.058885251,0.194086352,0,7.883514064,7.852171851
904,905,110.0230801,12.63819929,0.329423924,0,11.92512325,11.59857103
904,1539,87.53826547,10.68628709,0.338767921,0,10.05133785,9.605363623
904,2387,70.43413193,10.52758392,0.359181908,0,9.830488477,8.888238554
905,904,110.0230801,13.80066678,0.354019538,0,12.91102181,12.30205858
906,907,59.53375711,6.349049423,0.277498458,0,6.087727966,5.967453522
907,1721,78.80244115,12.02859639,0.343289721,0,11.29613809,10.08906064
907,2259,73.44544824,8.99363039,0.29987163,0,8.566927585,7.370850788
907,3702,144.6422949,17.20854431,0.287099235,0,16.45477741,14.2122342
908,2679,131.3259123,15.19402289,0.333528409,0,14.31689176,13.90669542
908,2630,314.2739361,30.00403442,0.181915947,0,29.41957828,29.27702176
909,3883,69.01231892,5.261190845,0.28123359,0,5.039287089,4.9977216
910,2828,24.02438203,3.036451711,0.310264167,0,2.883064012,2.467612534
910,193,698.9249126,40.70701725,0.304898749,0,38.71569416,37.99288265
911,909,124.7342835,12.766278,0.28123359,0,12.22782861,12.12696996
912,2444,23.23790147,2.36295647,0.247909647,0,2.283704896,2.257480108
913,1252,85.03933103,8.118786583,0.181915947,0,7.960638694,7.922064351
914,1662,73.99416485,5.181833019,0.181915947,0,5.080894788,5.056274631
915,916,99.91997916,10.21564384,0.25635719,0,9.851628621,9.745363413
916,111,99.95103611,16.7185212,0.305765497,0,15.89639286,13.69247838
916,2220,154.6468185,23.62744748,0.352656041,0,22.11517709,19.81859621
916,915,99.91997916,11.62197671,0.339963835,0,10.92691443,10.62331809
917,2428,119.5537602,11.1931978,0.13643696,0,11.05637011,10.98383675
918,917,195.4653348,18.30040437,0.13643696,0,18.0766969,17.95810792
919,549,71.55494811,7.178795274,0.22913232,0,6.969740657,6.886995502
920,921,84.37638925,8.100592021,0.194086352,0,7.924313243,7.892808826
920,855,75.70319706,7.286183637,0.158478818,0,7.173333934,7.078883476
920,1040,314.2319427,32.12050096,0.218785868,0,31.25878959,30.56948767
921,920,84.37638925,9.014080762,0.250871635,0,8.705205195,8.454682035
922,921,83.55293407,7.976878838,0.181915947,0,7.821495206,7.783595101
923,1043,286.6624748,39.94712427,0.360030816,0,37.29038755,34.41444931
923,857,81.35576347,8.317670912,0.25635719,0,8.021286381,7.934764273
924,1572,76.64608667,7.052048919,0.090957973,0,7.002620077,6.959740149
924,1646,76.34797857,7.805683745,0.25635719,0,7.527542912,7.4463466
925,1168,100.3495654,9.634103758,0.194086352,0,9.424453891,9.386985417
926,1740,58.07334398,5.35430923,0.13643696,0,5.288857178,5.254160565
926,2937,161.813749,17.830803,0.379007068,0,16.52650857,15.02727072
927,3162,12.18161858,0.836585989,0.13643696,0,0.826359409,0.820938224
927,2462,80.40687755,5.662440764,0.194086352,0,5.539219136,5.517197055
927,3641,208.680446,23.90893145,0.320153427,0,22.62921392,19.93911123
928,3161,16.18798281,1.545482262,0.181915947,0,1.515377424,1.508034459
928,927,258.1997107,28.75057038,0.34364713,0,26.99648451,24.15832897
929,561,176.6536195,19.67040283,0.34364713,0,18.47030227,16.52850904
930,4081,13.22903631,1.123364033,0.185932235,0,1.100653474,1.085318063
930,929,310.4997533,34.57418673,0.34364713,0,32.46479927,29.05175674
931,930,151.5972412,16.88037195,0.34364713,0,15.85049249,14.18412133
932,3159,16.41438794,1.400125771,0.338860041,0,1.316892363,1.279645914
932,3837,40.61186632,4.522136443,0.34364713,0,4.246238763,3.799829303
932,3836,45.81979172,4.709442625,0.395622013,0,4.336443431,4.05322358
933,3508,46.57341353,5.37936918,0.309820555,0,5.1083434,4.36129476
934,3769,34.96798754,2.478018425,0.277498458,0,2.376025301,2.32908248
935,3768,159.8742795,11.32954563,0.277498458,0,10.8632312,10.64860776
936,935,250.3763702,17.7430073,0.277498458,0,17.01272026,16.67660218
937,936,82.10855167,5.818650662,0.277498458,0,5.579159966,5.468933233
938,845,88.91481637,6.300978943,0.277498458,0,6.041636026,5.922272215
939,938,188.6430272,13.36825279,0.277498458,0,12.81802691,12.56478283
940,939,104.0916958,7.376493703,0.277498458,0,7.072883517,6.933145484
941,940,26.1866287,1.85572442,0.277498458,0,1.779344387,1.744190113
942,941,79.06101849,5.602686178,0.277498458,0,5.372084396,5.265948828
943,942,109.5181272,7.761039627,0.277498458,0,7.441601859,7.294579106
944,943,59.7749289,4.235970828,0.277498458,0,4.061621884,3.981376952
945,944,48.3058631,3.423211548,0.277498458,0,3.282315082,3.217466813
946,945,112.6030286,7.97965222,0.277498458,0,7.651216544,7.500052461
947,3826,35.42654472,2.510514236,0.277498458,0,2.407183613,2.359625201
948,585,33.85923088,2.399446004,0.277498458,0,2.300686854,2.255232485
949,640,210.1437694,14.89191026,0.277498458,0,14.27897194,13.99686416
950,949,47.02172743,3.332210834,0.277498458,0,3.195059879,3.1319355
951,950,286.4868743,20.30199056,0.277498458,0,19.46637795,19.08178327
952,2961,14.39073828,1.019804602,0.277498458,0,0.977830315,0.958511449
953,954,72.42255357,6.925171952,0.217860888,0,6.740773287,6.729142136
954,1540,83.75839249,6.177338342,0.198238307,0,6.037902028,5.911225249
954,1401,82.74910446,6.24728324,0.289546353,0,5.969349855,5.954923435
955,1735,275.7370914,26.32488486,0.181915947,0,25.8120958,25.68701982
956,3899,12.20345161,1.507240538,0.362363971,0,1.405792548,1.350357868
956,957,102.1919745,14.7881218,0.384951789,0,13.6747364,12.60034802
956,1056,84.13624925,10.76740933,0.311247706,0,10.22030736,8.721118473
957,958,466.5887781,44.79505898,0.194086352,0,43.82026378,43.64604908
957,1859,399.6342086,52.67771707,0.356774499,0,49.23279268,46.19301859
957,2906,145.4749085,21.93530944,0.373970202,0,20.37007578,18.46140143
958,3197,58.93364512,6.025272762,0.25635719,0,5.81057352,5.747897405
958,957,466.5887781,48.49277904,0.28123359,0,46.44747597,46.06436383
959,807,73.63741061,7.894804576,0.284617001,0,7.55445389,7.409519751
959,1941,187.2292144,19.14198729,0.25635719,0,18.45989864,18.26077979
960,3088,146.5363861,7.462596849,0.181915947,0,7.317231046,7.281774421
961,960,21.79753341,1.110073809,0.181915947,0,1.088450401,1.083176169
962,3035,368.44219,18.76350032,0.181915947,0,18.39800137,18.30885139
963,3238,12.74311432,0.648963219,0.181915947,0,0.636321901,0.633238518
964,3379,24.43965695,1.37211102,0.304898749,0,1.304989513,1.280625713
964,144,76.4517342,5.595537507,0.219460094,0,5.444604272,5.375891165
965,2569,84.90173816,8.151028373,0.194086352,0,7.973652038,7.941951467
966,1865,93.12782843,9.592430165,0.237655537,0,9.294240857,9.115576335
967,2366,107.2887556,8.934841533,0.194086352,0,8.740408466,8.705659528
968,3435,109.2341085,7.994894522,0.219460094,0,7.779241371,7.6810642
969,302,64.58878016,8.141145113,0.304274081,0,7.744393505,6.620105263
969,3869,36.72800873,4.508664751,0.291714491,0,4.305316668,3.691836549
970,969,44.6907125,4.5938901,0.264495114,0,4.420644546,4.375975543
971,3439,15.81609343,1.478965082,0.358099086,0,1.381580058,1.310659428
971,3628,42.030022,4.615544747,0.340844781,0,4.338183147,3.788572975
971,3623,37.74744611,3.673321577,0.358501758,0,3.430941214,3.213640506
972,973,44.74605136,3.985696821,0.349103416,0,3.735331685,3.589769172
972,3637,42.67942325,4.489327204,0.377905464,0,4.162707098,3.834778449
973,974,12.57795299,1.120364942,0.349103416,0,1.049988209,1.009071114
973,972,44.74605136,4.706709941,0.377905464,0,4.364274197,4.020466548
974,3716,37.1845195,2.993764724,0.311230557,0,2.841664231,2.790062291
974,973,12.57795299,1.323039119,0.377905464,0,1.226781672,1.130138587
974,1360,194.7972094,19.54315282,0.22913232,0,18.97403416,18.74877336
975,976,46.42177786,3.737466097,0.311230557,0,3.547581291,3.483160563
975,3717,48.73147753,4.600660233,0.366380042,0,4.284613513,4.065854379
976,975,46.42177786,4.134959997,0.349103416,0,3.875218761,3.724204974
976,977,72.14779112,5.808694447,0.311230557,0,5.51357931,5.413457913
977,978,155.6393047,10.9604846,0.194086352,0,10.72197107,10.6793441
977,976,72.14779112,6.426471452,0.349103416,0,6.022786859,5.788084277
977,1168,90.06269766,9.257810224,0.264495114,0,8.908678132,8.818659184
978,979,137.5261601,9.684914509,0.194086352,0,9.474158939,9.436492854
978,977,155.6393047,13.86337035,0.349103416,0,12.99253026,12.48622305
979,980,294.6068532,20.74690507,0.194086352,0,20.29542707,20.21473924
979,978,137.5261601,10.81540641,0.284617001,0,10.34914649,10.15059545
980,981,282.5473263,20.79302856,0.22913232,0,20.18751212,19.94784483
980,1373,82.04990883,7.771063762,0.304898749,0,7.390915577,7.252929188
980,1374,41.91687996,3.345423491,0.090957973,0,3.321974929,3.301633108
980,979,294.6068532,21.68050498,0.22913232,0,21.04914421,20.79924758
981,980,282.5473263,20.79302856,0.22913232,0,20.18751212,19.94784483
981,878,97.96634226,6.727945779,0.13643696,0,6.645702145,6.60210419
981,2095,82.76524618,5.767876432,0.202481675,0,5.632803621,5.641425297
981,1647,121.152848,8.935249485,0.198238307,0,8.73356096,8.550328545
982,878,109.0787639,8.027249395,0.22913232,0,7.793486838,7.700962121
982,886,248.2370897,17.04795384,0.13643696,0,16.83955654,16.72908361
983,984,254.2447295,17.90450972,0.194086352,0,17.51488571,17.44525239
984,90,16.45365373,1.158704858,0.194086352,0,1.133490024,1.128983647
985,286,86.15045611,5.814301689,0.090957973,0,5.773548399,5.738194583
986,2074,72.80401834,5.86152799,0.311230557,0,5.563728605,5.462696544
988,334,257.0133565,29.34660941,0.304274081,0,27.91642799,23.86367528
988,989,102.8080899,9.815187056,0.181915947,0,9.623994556,9.577360199
989,389,393.2349811,37.54252121,0.181915947,0,36.81122098,36.63284727
989,988,102.8080899,9.982707394,0.217860888,0,9.716894802,9.700128377
990,1445,103.8787991,7.315388493,0.194086352,0,7.156196703,7.12774606
990,1444,208.3777922,16.74168401,0.296735763,0,15.96257347,15.58106564
991,3972,8.116119177,0.852372655,0.277498458,0,0.817289724,0.801142638
991,1197,211.3815393,29.94763567,0.334967259,0,28.20498083,24.66129184
992,1927,190.2805481,29.41896427,0.351875638,0,27.54371875,24.58880352
992,297,85.2634233,10.58802077,0.336698233,0,9.966001744,9.457324596
992,1926,157.2546002,14.7229317,0.13643696,0,14.5429559,14.44754941
993,1667,82.90492325,10.35031004,0.316212222,0,9.808831287,9.224799684
993,998,69.62900428,7.11874757,0.25635719,0,6.865084413,6.791033751
994,995,38.1901512,3.904494239,0.25635719,0,3.765364944,3.724749599
995,1127,78.88257304,12.11755452,0.3822636,0,11.21700697,10.14221712
995,996,247.4429333,28.48310763,0.328077906,0,26.88813935,26.10753513
995,994,38.1901512,4.191719564,0.311230557,0,3.978756066,3.90650561
995,830,81.46277734,11.15420628,0.378331406,0,10.34098806,9.664043596
996,1128,79.04237757,10.03203695,0.329362912,0,9.466200264,8.896508554
996,997,80.55542022,12.27067365,0.37729198,0,11.3806076,10.29523972
996,995,247.4429333,27.1591327,0.311230557,0,25.77929232,25.3111647
997,2305,41.43180064,6.223893266,0.30835249,0,5.913049977,5.050923444
997,996,80.55542022,11.39240206,0.342397034,0,10.70201852,9.771510435
997,3400,36.83320498,5.469690575,0.302674278,0,5.205703056,4.452158144
998,546,88.20962733,8.421457814,0.181915947,0,8.257414117,8.217401708
998,993,69.62900428,8.05570285,0.276103309,0,7.727175198,7.353628106
999,526,44.6579662,5.076448383,0.31696482,0,4.809705729,4.671692002
1000,2552,122.7713416,11.49444324,0.13643696,0,11.35393308,11.2794476
1001,3822,25.70281981,2.164904013,0.217860888,0,2.107258454,2.103622397
1001,2695,72.85375029,6.900082486,0.304898749,0,6.562541331,6.440020465
1002,1360,220.8975356,21.08929981,0.181915947,0,20.67849603,20.5782956
1003,1146,110.0574886,10.34728867,0.181915947,0,10.14573123,10.09656873
1004,3966,87.06195742,8.358421164,0.194086352,0,8.176531709,8.144024556
1004,2015,262.394168,24.82590788,0.123954823,0,24.56304797,24.25528554
1005,2441,53.51178545,5.108821535,0.181915947,0,5.009305514,4.985032252
1005,3355,86.52208844,10.90304576,0.334525134,0,10.27014456,9.694555738
1005,1006,76.10858771,7.266159943,0.181915947,0,7.124620584,7.090097279
1006,1457,56.10144521,5.356058839,0.181915947,0,5.25172682,5.226278873
1006,1005,76.10858771,8.411498176,0.286089319,0,8.045429594,7.805395843
1007,1008,57.33369177,5.861696331,0.25635719,0,5.652825827,5.591851267
1008,1007,57.33369177,5.504346064,0.194086352,0,5.38456477,5.363157543
1008,1877,85.79880851,10.81190193,0.334525134,0,10.18429146,9.613514264
1009,755,142.6076284,11.5816522,0.13643696,0,11.44007598,11.36502538
1010,1999,95.29215734,9.405608695,0.370817655,0,8.744902959,8.196197287
1011,1568,74.64508314,7.556143644,0.264495114,0,7.271185087,7.19771241
1011,1567,73.73902733,9.544794892,0.381178028,0,8.839177882,8.380845268
1012,1011,95.51209254,9.169680069,0.194086352,0,8.970136629,8.934474369
1013,1014,60.33611777,9.78614266,0.287099235,0,9.357491042,8.082203174
1014,1013,60.33611777,9.289838438,0.349363358,0,8.705484049,7.773629265
1014,567,186.9359455,31.00016984,0.29922208,0,29.53521825,25.34480013
1014,802,182.6342214,28.33254969,0.2734148,0,27.19754314,23.62227749
1015,3414,33.09793565,3.164951915,0.296980089,0,3.017441142,2.590106124
1015,1520,64.84212942,7.517253041,0.311247706,0,7.135294502,6.088637697
1016,2329,170.6604658,16.3843324,0.194086352,0,16.02778931,15.96406818
1017,394,86.21741678,8.277340672,0.194086352,0,8.097215627,8.065023808
1018,1589,265.6982159,24.87594437,0.13643696,0,24.57185629,24.41065697
1019,2393,186.8826455,19.21021812,0.264495114,0,18.48575915,18.29896729
1020,1019,94.80913236,9.74571024,0.264495114,0,9.378178381,9.283415304
1022,2213,78.04546639,7.640172496,0.185932235,0,7.485714473,7.381415969
1023,1921,87.01706046,7.005834941,0.311230557,0,6.649898171,6.529142296
1024,2070,88.95720631,6.264574955,0.194086352,0,6.128250151,6.10388628
1024,2043,203.430848,14.48947039,0.217860888,0,14.10365484,14.0793191
1025,1026,118.8787322,19.486588,0.33604796,0,18.34588702,16.03002266
1025,550,74.38416798,12.6695558,0.304032612,0,12.05301747,10.3269255
1025,1255,74.79005594,11.44063088,0.379799854,0,10.60051976,9.587217599
1026,1027,29.82422001,4.888782685,0.33604796,0,4.602604357,4.021601792
1026,1025,118.8787322,20.81716244,0.312634504,0,19.7507205,16.84460453
1026,2251,25.62315694,2.446267394,0.181915947,0,2.398615936,2.38699312
1027,1026,29.82422001,5.222596346,0.312634504,0,4.955048077,4.22596357
1028,1524,257.2470763,35.59175567,0.323167005,0,33.65348221,30.72005147
1029,2055,81.23386161,11.54899941,0.372785963,0,10.72972996,9.891028617
1029,2054,74.01346484,10.87379762,0.356162241,0,10.16495114,9.218716889
1030,3292,49.00920771,4.69013972,0.31758469,0,4.442805827,4.364997335
1031,1030,165.6556527,15.90384313,0.194086352,0,15.55775608,15.49590365
1033,1034,140.7525418,22.4599962,0.362539111,0,20.94692485,18.59885763
1033,278,164.893225,23.68888803,0.37642413,0,21.97790858,20.21924393
1034,1033,140.7525418,18.23985639,0.369549147,0,16.96669212,16.08201594
1034,1035,82.39745494,12.54787931,0.376194678,0,11.64260617,10.52748361
1035,1034,82.39745494,10.67773076,0.369549147,0,9.9324121,9.4145169
1035,352,51.31427746,6.916757699,0.3686321,0,6.436177606,6.021595614
1036,2003,87.1413662,10.25993197,0.302928484,0,9.763984274,9.325844535
1036,1814,82.59593375,11.27863337,0.320197934,0,10.6747934,9.775099986
1037,1036,61.55782772,6.611019641,0.258611889,0,6.371680373,6.191929433
1038,1039,83.9886277,10.78350673,0.353199528,0,10.09133905,9.523442198
1038,3801,56.58015827,7.657195095,0.298603855,0,7.296717819,6.391741309
1038,853,388.4900193,53.66041378,0.32465114,0,50.71331603,44.50190174
1039,1040,79.71897522,9.632707625,0.344306027,0,9.042924216,8.688134617
1039,1038,83.9886277,8.952429537,0.241876878,0,8.665199408,8.397853554
1040,1041,43.59893996,4.735452697,0.298397178,0,4.512805605,4.426186136
1040,1039,79.71897522,8.497323126,0.241876878,0,8.22469465,7.970939611
1040,920,314.2319427,33.68939454,0.284617001,0,32.23702058,31.61854506
1041,1040,43.59893996,4.081942368,0.13643696,0,4.032043962,4.005592449
1042,1043,88.06860528,8.874821055,0.209118578,0,8.654942674,8.492206831
1042,921,384.7298709,37.02898423,0.158478818,0,36.45547277,35.97546777
1043,1044,86.22219422,11.43867698,0.358501758,0,10.68390759,10.00723593
1043,4005,69.35968077,9.535545556,0.330812338,0,8.993329732,8.250171412
1043,923,286.6624748,34.63837561,0.344306027,0,32.51756596,31.24177354
1044,1043,86.22219422,11.78428768,0.356036839,0,11.01658868,10.21793724
1044,2204,64.50742466,8.55788466,0.358501758,0,7.993201403,7.486947224
1044,1722,408.4288692,47.49458933,0.338860041,0,44.67117405,43.40771268
1045,2266,73.43866277,8.539893707,0.338860041,0,8.032221848,7.805041743
1045,1088,118.6170539,12.19299668,0.264495114,0,11.73317235,11.61461292
1046,1045,36.37677101,3.492367754,0.194086352,0,3.416369565,3.402787224
1047,2375,294.1830087,33.67483505,0.281403281,0,32.25294753,30.86976506
1048,3669,28.15976224,4.213201687,0.305418802,0,4.006450972,3.422587654
1048,472,92.85445882,13.15107158,0.334040474,0,12.38972069,10.82996683
1049,3668,82.11631459,7.883612569,0.194086352,0,7.712055529,7.681394978
1050,1691,96.18853455,10.74470495,0.376194678,0,9.969522745,9.014647216
1050,1690,79.78148689,6.015615915,0.264495114,0,5.788753999,5.730260748
1051,1052,333.1266031,31.80391664,0.181915947,0,31.18440014,31.03329195
1051,1937,135.6492773,19.54036561,0.301198714,0,18.60571468,16.03832349
1051,872,30.00762971,4.171578115,0.365839249,0,3.885790976,3.450555093
1052,1062,188.460598,31.31244945,0.339968617,0,29.43973283,25.66193296
1052,1051,333.1266031,36.75196738,0.31758469,0,34.81385728,34.20414939
1052,281,89.03646483,11.57186964,0.37540385,0,10.7402612,10.19936763
1053,2098,93.5288761,8.929291602,0.181915947,0,8.755355682,8.712930431
1054,1053,148.8210433,14.2080879,0.181915947,0,13.93132497,13.86381887
1055,2100,94.33341041,9.006101264,0.181915947,0,8.83066915,8.787878957
1056,3898,11.86049734,1.574101803,0.389608272,0,1.452918338,1.378450041
1056,1057,61.48103052,7.868088103,0.311247706,0,7.468303312,6.372798358
1057,3199,41.48232066,4.601904284,0.324561148,0,4.349291264,4.276821339
1057,3667,91.1768386,11.66843485,0.311247706,0,11.07555094,9.450908716
1057,3898,61.67258364,7.794823685,0.310264167,0,7.401064724,6.334566282
1058,3897,11.39014162,1.914587943,0.345326031,0,1.796719509,1.564113225
1058,2478,127.604422,13.46172371,0.27053115,0,12.93276962,12.7032309
1058,3685,112.9893481,14.40644941,0.309820555,0,13.68061725,11.67995173
1059,1937,93.55424399,13.00565358,0.365839249,0,12.11466019,10.75773316
1059,1060,100.5083834,12.55703143,0.304440567,0,11.94445909,10.23546254
1059,683,127.0004747,16.0516432,0.310264167,0,15.24078736,13.04457957
1060,1061,122.4130282,15.17844814,0.30100678,0,14.45328616,12.39698556
1060,3347,144.5246582,15.24673664,0.27053115,0,14.6476437,14.38766834
1060,1059,100.5083834,12.81104736,0.308818312,0,12.16943673,10.38692761
1061,1060,122.4130282,15.43001313,0.303861468,0,14.67992033,12.54687161
1061,1075,89.74771081,10.09775191,0.305082317,0,9.603238285,9.319409242
1061,1062,103.1334385,12.78789986,0.30100678,0,12.17694816,10.44450714
1062,1052,188.460598,24.49380123,0.37540385,0,22.73356261,21.58867073
1062,226,328.3386928,40.86642206,0.302746016,0,38.89319712,33.34422022
1062,1061,103.1334385,13.04850004,0.305418802,0,12.40818256,10.59992815
1063,3191,68.75172947,6.312718837,0.331923311,0,5.951529684,5.626700881
1064,1065,109.0505088,9.345274665,0.306606421,0,8.883393995,8.520124552
1064,3191,114.5565351,8.448759053,0.198238307,0,8.258051703,8.084795598
1065,252,74.51265007,6.385492268,0.306606421,0,6.069895824,5.821679019
1065,1064,109.0505088,8.042679299,0.198238307,0,7.861138076,7.696209323
1066,1067,76.26944848,6.536044189,0.306606421,0,6.213006871,5.958937812
1066,252,131.6640815,9.71047264,0.198238307,0,9.491285598,9.29215592
1067,1066,76.26944848,5.625014693,0.198238307,0,5.498045556,5.382695109
1067,1068,84.66875236,7.255837271,0.306606421,0,6.897224913,6.615176064
1068,3775,271.9635804,23.30639614,0.306606421,0,22.15450128,21.24853523
1068,1067,84.66875236,6.244479088,0.198238307,0,6.103527257,5.975473644
1069,3778,75.42403192,5.562663638,0.198238307,0,5.437101904,5.32303007
1069,3800,69.80886765,5.919068873,0.311415149,0,5.618017293,5.416121929
1070,1071,113.6696408,9.638008112,0.311415149,0,9.147806422,8.819060601
1070,3800,154.5744685,11.4001566,0.198238307,0,11.14282962,10.90905011
1071,1072,181.132385,15.35815002,0.311415149,0,14.57701443,14.05315851
1071,1070,113.6696408,8.383348936,0.198238307,0,8.194118038,8.022203278
1072,1073,78.93949238,6.693251272,0.311415149,0,6.352823764,6.124521571
1072,1071,181.132385,13.35885269,0.198238307,0,13.05731357,12.78336768
1073,1072,78.93949238,5.821935432,0.198238307,0,5.690521355,5.571132714
1073,2872,84.99206915,7.206447087,0.311415149,0,6.839917769,6.59411082
1074,2872,13.22431782,0.975318211,0.198238307,0,0.953303102,0.933302551
1074,2036,288.3577549,20.43457115,0.277498458,0,19.59350164,19.2063954
1075,1061,89.74771081,11.44109068,0.358099086,0,10.68773219,10.13909898
1075,807,199.764925,22.47607917,0.305082317,0,21.37536611,20.74360529
1076,1075,74.27127529,7.793649757,0.262881322,0,7.50298499,7.365218093
1077,2982,83.9407383,6.817113836,0.13643696,0,6.733780195,6.689604419
1078,2920,12.5852356,1.66245144,0.385936603,0,1.536692724,1.457832579
1078,2242,109.7527771,12.41220767,0.311097313,0,11.78209346,11.43901468
1079,756,86.61577127,8.584552753,0.322692881,0,8.118316615,7.888698099
1080,1081,117.2977763,14.10339113,0.339409673,0,13.26246782,12.73845819
1081,1082,108.7981365,10.1862046,0.13643696,0,10.06168658,9.995678666
1081,2292,207.5667879,22.43224979,0.361979545,0,20.92536673,19.00906606
1081,1850,114.347779,11.07975107,0.385936603,0,10.24160612,9.716026395
1082,1081,108.7981365,10.38706255,0.181915947,0,10.18473034,10.13537887
1082,2168,99.64048115,9.328820884,0.13643696,0,9.214783679,9.154331718
1083,1084,97.42051687,9.352899178,0.194086352,0,9.149368666,9.112993839
1083,2480,255.8935256,24.19305975,0.194086352,0,23.66658921,23.57249878
1084,1083,97.42051687,9.352899178,0.194086352,0,9.149368666,9.112993839
1084,1618,286.2732598,27.48378906,0.194086352,0,26.88570824,26.77881966
1085,1084,80.75021246,7.752459338,0.194086352,0,7.583756353,7.553605876
1086,1249,346.7018159,28.8727907,0.194086352,0,28.2444835,28.13219289
1087,1088,88.50933117,8.497376911,0.194086352,0,8.312463609,8.279416036
1088,1087,88.50933117,8.497376911,0.194086352,0,8.312463609,8.279416036
1088,1623,375.2401376,40.5588661,0.311230557,0,38.49824208,37.79915034
1088,1045,118.6170539,13.86358387,0.344078326,0,13.01579464,12.65228165
1089,1090,85.52474318,8.007237632,0.13643696,0,7.909355701,7.85746777
1090,1091,42.31482946,4.10878717,0.217860888,0,3.999381242,3.992480341
1090,1613,232.9434328,21.8092841,0.13643696,0,21.54268344,21.40135647
1092,615,88.66924493,10.18209874,0.328481499,0,9.61063509,9.344046152
1092,1093,77.8229289,12.35878318,0.382326283,0,11.44002893,10.23523037
1092,111,170.4718559,24.47276172,0.350855887,0,22.92116261,20.89741926
1093,1094,79.68243357,9.770521914,0.351812426,0,9.147929217,8.765072357
1093,1092,77.8229289,10.27565373,0.354847151,0,9.610373716,9.002411013
1093,1123,78.83208587,12.05568281,0.378708519,0,11.17511619,10.10232226
1094,1093,79.68243357,11.49795725,0.37943721,0,10.65513017,9.801372148
1094,1095,81.98583146,10.00443242,0.346928477,0,9.383224759,8.98686455
1094,2113,75.28065082,7.187116013,0.181915947,0,7.047116371,7.012968622
1095,1096,75.22390486,9.796623379,0.349917054,0,9.178581241,8.621269235
1095,1094,81.98583146,11.65288514,0.371702753,0,10.83069251,9.979430235
1095,1237,75.07343857,7.558688638,0.256693098,0,7.288709404,7.246632006
1096,1095,75.22390486,11.08002989,0.360847242,0,10.34003869,9.38880072
1096,1918,50.98671246,5.899013094,0.333528409,0,5.558470757,5.399213817
1096,618,87.94515784,12.28306329,0.366134322,0,11.44031503,10.57682689
1097,1174,191.78206,17.95555849,0.13643696,0,17.73606647,17.61971214
1098,1097,76.4233344,7.155119985,0.13643696,0,7.067654496,7.021288397
1099,1176,319.8431846,30.53573593,0.181915947,0,29.94092264,29.79583988
1100,1099,78.48407475,7.492949971,0.181915947,0,7.346992912,7.311392072
1101,1962,88.1596745,5.001149697,0.31758469,0,4.737414734,4.654446648
1102,1806,72.9975164,7.008158375,0.194086352,0,6.855652287,6.828396509
1103,1104,27.0697772,3.450871032,0.358099086,0,3.223642436,3.058163244
1104,1811,150.7695694,21.49244621,0.290406899,0,20.53105773,17.6866712
1104,1878,402.8431839,55.84890589,0.325984784,0,52.75829877,46.26721728
1104,1103,27.0697772,3.164559321,0.34516686,0,2.969904664,2.888439078
1105,196,124.3039679,11.96384793,0.158478818,0,11.77854973,11.62346293
1105,1431,145.7557576,15.93990387,0.280392784,0,15.27127032,14.84831825
1106,1105,45.9644638,4.734469992,0.237655537,0,4.587294739,4.499112516
1107,1106,58.25226153,5.60658851,0.158478818,0,5.519752674,5.447074729
1108,3055,11.35920032,1.932715812,0.308799441,0,1.835931264,1.576002975
1109,1108,199.5055287,30.58162603,0.345600487,0,28.69614805,25.61950399
1110,1076,123.130016,11.90446801,0.184336221,0,11.66731072,11.56199777
1111,1326,79.87828978,6.615106964,0.181915947,0,6.48624963,6.454819637
1112,2128,79.89792514,9.083551239,0.325174558,0,8.583184519,8.368078763
1112,1724,83.75585604,8.357088489,0.219460094,0,8.131665569,8.029040663
1113,1399,188.4581185,18.0930038,0.194086352,0,17.69927793,17.62891153
1113,1651,29.65653381,2.879661508,0.217860888,0,2.802983884,2.798147357
1114,1113,97.94786675,10.17976532,0.28123359,0,9.750408498,9.669984324
1115,1116,151.8535229,13.75939496,0.045478987,0,13.70618851,13.65343965
1115,2248,55.43755774,5.573942621,0.198238307,0,5.448126295,5.333823167
1116,1115,151.8535229,14.86552855,0.185932235,0,14.56499867,14.36206445
1117,1351,82.01511081,9.322983379,0.31696482,0,8.833105979,8.579641435
1117,1350,81.02553264,8.128937637,0.22913232,0,7.892213803,7.798516995
1118,508,87.71850054,10.83405615,0.362363971,0,10.10484725,9.706382358
1118,484,78.56113307,9.655547076,0.357854949,0,9.020563589,8.662822686
1119,2014,76.30044497,6.730118465,0.247909647,0,6.504395948,6.429703108
1120,1119,76.20268214,7.275143229,0.181915947,0,7.133428882,7.098862895
1121,1120,84.19747513,8.038413791,0.181915947,0,7.881831505,7.843639032
1121,1122,81.54412946,8.136404281,0.219460094,0,7.916934066,7.817019157
1122,1121,81.54412946,7.785096333,0.181915947,0,7.633448481,7.596459581
1122,1547,231.1488728,23.63225632,0.25635719,0,22.79016539,22.54433785
1122,1813,232.8335975,28.61638667,0.357854949,0,26.7344702,25.67422453
1123,1093,78.83208587,10.26652707,0.349917054,0,9.618839994,9.034796025
1124,1125,130.1137472,14.38013213,0.286089319,0,13.75430847,13.34395148
1124,2238,40.02813237,4.854641862,0.319736209,0,4.595423423,4.369461767
1124,2054,128.1172234,20.84257718,0.33292148,0,19.64340758,17.1820043
1124,2106,42.68487438,6.874216231,0.293693136,0,6.560307668,5.688535093
1125,1124,130.1137472,13.81364964,0.261038479,0,13.30500772,12.99960142
1126,2459,231.3831484,15.89049097,0.13643696,0,15.69624271,15.59327029
1127,995,78.88257304,11.38191861,0.379687616,0,10.5465766,9.702984959
1127,1760,244.4135464,37.38792721,0.379799854,0,34.64244805,31.33098143
1128,996,79.04237757,11.28746759,0.375906558,0,10.47428311,9.654641555
1128,1269,255.957199,31.56022291,0.332915819,0,29.74447479,28.25902656
1129,1817,173.1456012,20.81829862,0.339409673,0,19.57699485,18.80349373
1130,1129,82.43291433,8.791157698,0.277498458,0,8.429321149,8.262784155
1130,2414,74.72922362,8.159358534,0.304898749,0,7.760215581,7.615334461
1130,2321,148.5372654,21.24498219,0.373358401,0,19.73360154,18.15645458
1131,1783,477.3747057,33.61784559,0.194086352,0,32.8862802,32.75553536
1132,781,83.24245084,7.06450699,0.333528409,0,6.65668221,6.465960178
1132,891,105.4583135,7.318910461,0.123954823,0,7.241416893,7.150685645
1133,1132,469.8117368,45.10448054,0.194086352,0,44.12295194,43.94753385
1133,2818,139.8339638,11.64515611,0.194086352,0,11.39174329,11.34645353
1134,3651,47.93695318,4.576586946,0.181915947,0,4.487438456,4.465693971
1134,1468,136.326331,20.08538048,0.361979545,0,18.73614802,17.02033135
1134,3434,165.0597343,20.41823684,0.304983511,0,19.41889775,18.2627149
1135,3652,41.49640353,4.265537663,0.264495114,0,4.104674991,4.063198745
1135,2289,134.6701158,22.71716874,0.346138013,0,21.31253025,18.53981325
1135,578,96.8664082,16.7074287,0.305830924,0,15.88552217,13.57256622
1136,2290,64.70575414,7.818610432,0.344306027,0,7.339899057,7.051925855
1136,3402,42.2212632,4.053470774,0.194086352,0,3.965262298,3.949497742
1137,3383,730.9257095,49.33023897,0.090957973,0,48.98447612,48.68452399
1138,1900,17.22908328,2.510672678,0.293588685,0,2.396098569,2.053754505
1138,2777,145.4724545,14.87284922,0.25635719,0,14.34288326,14.18817285
1138,1901,109.7035654,15.85583268,0.30427754,0,15.08309633,12.99958266
1140,1141,141.8403521,13.77275594,0.217860888,0,13.40602457,13.38289258
1140,3709,84.11896999,8.622624144,0.384684067,0,7.974270503,7.208310206
1140,1654,66.28372434,6.669546956,0.376577102,0,6.187462079,5.606453511
1141,1993,106.8464862,10.37483732,0.217860888,0,10.09858336,10.08115834
1142,2441,84.08608472,8.174801869,0.196155223,0,7.99362147,7.92813506
1144,1022,78.02888352,7.638549136,0.185932235,0,7.484123931,7.379847588
1145,1346,45.61419185,4.27061994,0.13643696,0,4.218415104,4.190740937
1145,2730,177.7213782,21.64654012,0.332161935,0,20.40636292,19.46924556
1145,1800,42.72151706,5.654023999,0.36080827,0,5.276489745,4.9510879
1146,1332,83.36879558,6.904172607,0.181915947,0,6.769684491,6.736881076
1146,1150,87.06851579,7.210564307,0.181915947,0,7.070107909,7.035848752
1147,1810,95.04083701,10.9959461,0.333528409,0,10.36116446,10.06430451
1148,1147,43.4154201,4.462799033,0.264495114,0,4.294497208,4.251102878
1149,873,77.68204463,9.043542081,0.31553044,0,8.572306931,8.253348881
1149,1362,107.4146582,14.91506889,0.389198429,0,13.76905817,12.87102075
1150,1331,309.9931787,25.6720323,0.181915947,0,25.17196032,25.0499862
1151,2016,81.70101037,7.245655122,0.25635719,0,6.987469854,6.912099073
1151,2017,81.8925584,6.720974123,0.123954823,0,6.649811583,6.566492846
1152,360,159.2527788,16.28172546,0.25635719,0,15.70155685,15.53219103
1153,2409,76.34768279,6.114712724,0.304898749,0,5.81559062,5.70701512
1154,1489,101.2468732,17.53368197,0.30835249,0,16.65798775,14.2292423
1155,135,128.0676345,12.43541945,0.217860888,0,12.10429775,12.08341188
1156,1974,88.97914064,10.98975701,0.362363971,0,10.25006833,9.845876932
1157,2002,90.7002369,8.345142399,0.090957973,0,8.286650076,8.235907504
1158,481,113.8561334,12.731792,0.273168028,0,12.22259373,11.76042618
1158,1772,153.4469534,17.0469876,0.292630292,0,16.27370599,15.79602205
1159,482,87.51214336,10.46994772,0.334410006,0,9.862573776,9.47004835
1159,843,82.1976681,9.0219484,0.311230557,0,8.563581453,8.408074896
1160,1506,90.14023972,8.653952997,0.194086352,0,8.465632408,8.431975888
1160,1505,103.5494058,10.05468947,0.217860888,0,9.786960187,9.770072865
1161,1160,86.54689094,8.994856833,0.28123359,0,8.615476466,8.544413538
1162,1943,114.3828436,8.213552243,0.185932235,0,8.047502452,7.935376552
1162,1978,106.9893759,8.658179421,0.31758469,0,8.201591484,8.057953996
1163,1164,127.1464857,10.58856257,0.194086352,0,10.35814251,10.31696201
1164,1165,204.586762,18.24221938,0.264495114,0,17.55426574,17.37688628
1165,368,259.6840774,21.76425705,0.322692881,0,20.58221724,20.00006968
1165,362,183.7732711,13.29909615,0.20837684,0,12.97164917,12.83015342
1166,1167,81.97905244,6.827088621,0.194086352,0,6.678522833,6.651971262
1167,1729,70.11007964,6.251447753,0.264495114,0,6.015692107,5.954905729
1168,925,100.3495654,10.31522769,0.264495114,0,9.92621809,9.825917271
1168,977,90.06269766,8.646508538,0.194086352,0,8.45834995,8.424722382
1169,1576,67.21592565,6.366116081,0.304898749,0,6.054695721,5.941656194
1170,3842,145.4173826,14.41242367,0.322692881,0,13.6296697,13.24416804
1171,1000,81.52521672,7.632782736,0.13643696,0,7.53947821,7.490016795
1172,1171,78.05282619,7.30768084,0.13643696,0,7.218350419,7.170995706
1173,382,93.72054888,8.774568364,0.13643696,0,8.667306442,8.610446109
1174,758,76.20144315,7.134345459,0.13643696,0,7.047133921,7.000902444
1176,1177,13.59820522,1.390256709,0.25635719,0,1.340717531,1.326255797
1176,1175,76.10127108,7.822674023,0.264495114,0,7.527664029,7.451599725
1177,2392,95.83897183,12.47866455,0.373494004,0,11.59032726,10.9872274
1177,1176,13.59820522,1.397799606,0.264495114,0,1.345085552,1.331493953
1178,1938,77.8928427,6.325943593,0.13643696,0,6.248614107,6.207621178
1178,241,196.6205273,22.51605174,0.338860041,0,21.17753791,20.57856102
1179,1259,49.45202873,7.414520616,0.342999408,0,6.963734018,6.253019128
1179,240,76.86396224,12.31938915,0.324677866,0,11.64268985,10.19682188
1179,1267,45.26550868,7.579403719,0.343580304,0,7.117147143,6.198498374
1180,3687,9.553135114,1.633245335,0.306091176,0,1.552773422,1.329963726
1180,1181,71.32237062,10.89390716,0.351476602,0,10.20095728,9.137494065
1181,1180,71.32237062,11.83304968,0.342719825,0,11.11471112,9.702526619
1181,2315,61.63145276,6.76461753,0.311230557,0,6.420935994,6.304337856
1181,127,153.9312675,23.05370584,0.312528855,0,21.87342366,19.45871032
1182,2795,110.2008735,10.08123568,0.371330123,0,9.371254966,9.006978991
1182,1978,105.5862513,7.581890464,0.185932235,0,7.428610703,7.325107825
1183,1182,112.0111823,10.32732862,0.13643696,0,10.20108547,10.13416305
1184,1977,107.3626068,7.608287934,0.277498458,0,7.295137295,7.151008223
1185,1186,89.58950622,14.68597795,0.335700339,0,13.82793789,12.08056132
1186,1264,92.74295105,15.26222854,0.338012226,0,14.35912846,12.54150827
1186,1263,214.3029108,36.41301826,0.298928542,0,34.69537743,29.69713276
1186,1187,310.3064147,52.30230298,0.309398917,0,49.67378807,42.74851891
1186,1185,89.58950622,12.05513948,0.370817655,0,11.20831498,10.50504063
1187,2308,241.2631742,39.56031874,0.336969224,0,37.23279054,32.54206113
1187,1188,97.14839053,16.81860646,0.30734546,0,15.98367088,13.64949902
1187,1186,310.3064147,47.57893166,0.346802375,0,44.62658918,39.85995391
1188,1405,64.94809412,8.370677005,0.312992564,0,7.940949984,6.767044185
1188,1406,143.1499268,18.18432925,0.30835249,0,17.2761394,14.75726704
1188,1187,97.14839053,16.14106132,0.339968617,0,15.17570618,13.22831144
1189,1768,76.83230609,6.010407753,0.277498458,0,5.763024499,5.649165179
1189,2025,75.18548532,6.846651923,0.3678314,0,6.372855988,6.125968189
1190,403,114.3604434,11.75544715,0.264495114,0,11.31212376,11.19781887
1191,3920,342.0991527,30.33906761,0.25635719,0,29.2579921,28.94239894
1192,1193,85.71515265,7.098485769,0.181915947,0,6.960212577,6.926485933
1192,1191,81.71915767,7.247264516,0.25635719,0,6.9890219,6.913634378
1192,2007,186.4318534,16.22440718,0.22913232,0,15.75193414,15.56492629
1193,1194,83.13164505,6.884533027,0.181915947,0,6.750427475,6.717717372
1193,1192,85.71515265,8.451921597,0.31696482,0,8.007814255,7.778031322
1194,1195,86.44005657,7.158518563,0.181915947,0,7.019075977,6.985064103
1194,1193,83.13164505,8.197175464,0.31696482,0,7.766453791,7.543596658
1195,1196,88.17215489,8.156685065,0.277498458,0,7.820962868,7.666445129
1195,1194,86.44005657,8.52340057,0.31696482,0,8.075537355,7.843811119
1196,1195,88.17215489,9.685409719,0.3557228,0,9.055474736,8.604270452
1196,1197,86.5252297,9.568054303,0.358099086,0,8.93802915,8.479213423
1197,1196,86.5252297,9.504500619,0.3557228,0,8.886331888,8.443555431
1197,723,249.1027862,30.24106738,0.338101373,0,28.45076285,24.81028146
1197,1640,153.5711881,19.79889825,0.313981483,0,18.7765498,16.0051632
1197,3972,211.6522778,28.49938161,0.320657439,0,26.96952627,23.80570573
1198,1872,77.92585031,7.477876391,0.377369593,0,6.935254032,6.57504895
1198,2333,61.67664637,6.28198818,0.389198429,0,5.799306817,5.421067836
1199,1392,77.0729944,7.922560328,0.264495114,0,7.623783404,7.54674785
1199,2385,37.88058795,3.893857318,0.264495114,0,3.747011518,3.709149331
1200,2088,101.0856939,9.815462039,0.217860888,0,9.554102739,9.537617211
1201,3180,34.53816415,2.228480182,0.217860888,0,2.169141761,2.165398924
1202,3396,308.2626506,29.76345142,0.348700263,0,27.89782923,24.26402242
1203,1410,83.96009905,8.63050612,0.264495114,0,8.305031026,8.221111712
1204,1203,199.6887046,19.17120111,0.194086352,0,18.75401235,18.67945268
1205,1204,63.89605636,6.134368737,0.194086352,0,6.00087738,5.9770199
1206,1207,200.6814589,26.63404722,0.389608272,0,24.58360416,23.32358899
1206,1405,56.45838213,9.813710299,0.309820555,0,9.319271564,7.956413079
1206,2451,164.1114001,26.12395776,0.323694819,0,24.69699257,21.66576014
1207,1208,217.2439104,28.8321831,0.389608272,0,26.61251482,25.24850928
1207,1206,200.6814589,31.06884535,0.348506879,0,29.12339819,25.95088795
1208,1207,217.2439104,30.02077576,0.384872203,0,27.76140251,25.93931873
1208,2222,98.38584407,11.3829536,0.333528409,0,10.72583053,10.41852246
1208,3490,94.0200785,13.87088627,0.394788031,0,12.77656627,11.74968916
1209,2095,145.7774701,10.75136149,0.198238307,0,10.50867926,10.2882044
1209,1540,178.5849716,12.44551423,0.202481675,0,12.15406371,12.17266695
1210,1211,158.5161057,17.30768336,0.304898749,0,16.46101878,16.15369602
1211,1210,158.5161057,15.21840781,0.194086352,0,14.88723667,14.82805
1211,537,95.88630648,16.60535234,0.30835249,0,15.77602219,13.47586789
1211,2065,86.28177291,15.09076673,0.259005819,0,14.54292454,12.23755267
1211,1212,128.4821945,12.33498907,0.194086352,0,12.06656464,12.01859202
1212,1211,128.4821945,15.1725737,0.355255101,0,14.18815789,13.80848068
1213,1368,176.7525265,14.35467591,0.13643696,0,14.17920174,14.08618159
1214,2302,100.4210683,10.32257768,0.264495114,0,9.933290899,9.832918613
1214,1215,61.67379908,5.888056814,0.181915947,0,5.773361872,5.745386272
1214,350,101.5222925,16.93346412,0.341794708,0,15.91062851,13.86299568
1215,1214,61.67379908,9.761304218,0.358428668,0,9.117457811,8.101980866
1216,1217,52.69785227,5.170451654,0.197491644,0,5.054503403,4.995356591
1216,1860,99.86467493,13.86241648,0.365216277,0,12.91572253,11.96289664
1216,1792,79.67931391,12.22132407,0.354054286,0,11.43334648,10.23884042
1217,1216,52.69785227,6.544734593,0.34392711,0,6.144834905,5.849698526
1218,171,125.0363217,13.12067545,0.262881322,0,12.63133885,12.39940711
1219,1331,71.98780282,7.287153498,0.264495114,0,7.012339143,6.94148201
1219,2349,78.67531985,8.306480874,0.284617001,0,7.948382528,7.795890767
1220,1595,37.71355332,3.020491729,0.304898749,0,2.872734036,2.819100871
1220,1594,42.5858701,4.818781227,0.384684067,0,4.45644671,4.028387336
1221,1631,78.18153849,9.493778716,0.349103416,0,8.897418455,8.550694066
1221,1873,81.11462046,10.07282201,0.336698233,0,9.48106958,8.997143974
1222,1221,93.12712066,9.864642375,0.252406288,0,9.522875834,9.284355801
1223,251,133.2229545,12.47297349,0.13643696,0,12.32050159,12.23967512
1224,3983,94.68847578,9.090608382,0.194086352,0,8.892785639,8.8574309
1225,3044,119.7741513,13.00914262,0.298397178,0,12.3974909,12.1595316
1226,1227,95.41894327,13.43474858,0.338992535,0,12.635514,11.53772497
1226,2599,61.04742289,10.30119034,0.347032492,0,9.661200926,8.406649864
1226,1839,24.25453287,3.449664542,0.380099388,0,3.195977535,2.955306258
1227,572,100.4075545,12.05534197,0.308072716,0,11.45426123,10.87924202
1227,1226,95.41894327,15.8308969,0.342719825,0,14.86986454,12.98056737
1227,1802,239.0202636,34.97999338,0.361416453,0,32.63698587,29.69945912
1228,217,87.00473911,10.61999178,0.354881499,0,9.932294894,9.552551714
1229,738,39.88007501,6.098805193,0.378708519,0,5.653338573,5.110626786
1230,1231,71.82676543,7.358653797,0.228690641,0,7.145097117,7.0029086
1230,551,111.7187532,11.2327084,0.198238307,0,10.9791611,10.7488154
1230,1998,111.2899042,12.28186025,0.318559354,0,11.63050566,11.43110333
1231,1232,80.26870213,8.732509194,0.2734148,0,8.382683454,8.146151133
1231,1230,71.82676543,7.221787639,0.198238307,0,7.058775773,6.910680793
1232,1233,85.30518479,14.33909109,0.345326031,0,13.45632871,11.71425011
1232,1231,80.26870213,8.070578111,0.198238307,0,7.888407149,7.722906284
1232,2182,146.223231,22.60733454,0.351875638,0,21.16628099,18.8955431
1233,1232,85.30518479,13.3745853,0.35693602,0,12.49920408,11.13300722
1233,1234,85.74730559,14.41340792,0.345326031,0,13.52607034,11.77496287
1234,1235,89.92189522,15.11512167,0.345326031,0,14.18458425,12.34822448
1234,1233,85.74730559,13.04597756,0.350036432,0,12.22242255,10.95582279
1235,1234,89.92189522,12.42591192,0.361785047,0,11.59203398,10.73720163
1236,1607,69.78993044,8.115596952,0.338860041,0,7.633148303,7.417255432
1236,1606,34.58484634,4.001365288,0.333528409,0,3.770371685,3.662345956
1237,1095,75.07343857,7.028736247,0.13643696,0,6.942815696,6.89726858
1238,2050,65.86108562,8.92085,0.373301718,0,8.286394003,7.756532663
1238,2775,82.56511613,7.946620771,0.158478818,0,7.823542101,7.720530427
1239,2141,207.0727986,19.7694389,0.181915947,0,19.38434502,19.29041558
1240,1157,193.9491881,17.84486621,0.090957973,0,17.71978894,17.61128337
1241,2717,27.78870449,2.217841234,0.090957973,0,2.202296061,2.188810495
1242,2269,22.05515559,3.652602302,0.294517565,0,3.484946961,2.999665172
1242,2240,102.23276,16.96137295,0.342719825,0,15.93171377,13.90750288
1243,1512,57.15450326,4.519565187,0.292776377,0,4.314361822,4.236251003
1244,1713,103.1818185,7.26630548,0.194086352,0,7.108181796,7.079922045
1245,1661,113.5146048,8.353688745,0.22913232,0,8.110419905,8.014132542
1246,2399,108.7522247,10.28181179,0.194086352,0,10.05806701,10.0180795
1247,2402,109.132039,11.15746873,0.25635719,0,10.75989335,10.64383109
1247,2827,108.4549319,10.412263,0.194086352,0,10.18567944,10.14518458
1248,982,79.6390287,7.645779657,0.194086352,0,7.479398152,7.449662568
1249,415,137.2406459,13.84354386,0.338860041,0,13.02058542,12.65231646
1250,1086,93.78717519,7.810450811,0.194086352,0,7.64048586,7.610109846
1250,790,201.5392003,19.34885876,0.194086352,0,18.92780395,18.85255334
1251,541,160.0947154,13.33244015,0.194086352,0,13.04230996,12.9904581
1251,1566,57.03835482,5.80956151,0.389198429,0,5.363179411,5.013385275
1251,2333,324.2006529,31.11075976,0.377369593,0,28.853248,27.35466028
1252,1253,81.99701513,8.906018973,0.298397178,0,8.487284091,8.324377884
1252,913,85.03933103,7.961791012,0.13643696,0,7.864464629,7.812871198
1252,2291,334.821686,36.8074768,0.287164437,0,35.19456848,34.23767331
1253,1252,81.99701513,7.676954771,0.13643696,0,7.583110278,7.533362623
1253,1254,88.04171004,12.05577387,0.378100864,0,11.17781766,10.44451162
1253,1953,345.0394969,40.98337019,0.329753908,0,38.66671223,37.16092408
1254,1253,88.04171004,9.491175817,0.292776377,0,9.060244713,8.896210456
1254,2396,84.91707604,11.21715317,0.385936603,0,10.36861423,9.836516686
1254,1255,81.6695796,13.14151288,0.367938097,0,12.23161663,10.85777768
1254,2445,355.0410566,61.40440199,0.311782172,0,58.27450671,49.85190535
1255,2028,160.360028,15.30972584,0.181915947,0,15.01150384,14.93876358
1255,1025,74.79005594,12.99634237,0.30840699,0,12.34704764,10.53692828
1255,1254,81.6695796,13.19452819,0.369996446,0,12.27146691,10.88923757
1256,1875,224.4551796,33.41282117,0.307291715,0,31.75462372,27.18068181
1256,550,86.26657374,13.84271578,0.328226543,0,13.06691631,11.45525517
1256,1876,114.8981963,16.54330888,0.301948256,0,15.74838707,13.57674015
1256,1257,75.26235156,11.80001829,0.35693602,0,11.0276942,9.822337356
1257,1258,96.59170311,15.14414364,0.35693602,0,14.1529429,12.60598791
1257,237,74.97161337,8.88066343,0.331274822,0,8.374380144,8.061644302
1257,1256,75.26235156,11.1722977,0.360127535,0,10.42889928,9.44191891
1258,1259,87.75483096,13.232037,0.373970202,0,12.28784108,11.13647142
1258,1257,96.59170311,14.43622977,0.367773029,0,13.43752037,12.17977225
1259,1179,49.45202873,7.785186701,0.359255898,0,7.269485319,6.472933685
1259,1258,87.75483096,13.11550436,0.367773029,0,12.20816375,11.06548306
1259,2001,410.4554551,42.05117097,0.228690641,0,40.83079714,40.01825808
1260,1109,96.72730647,13.47918919,0.360030816,0,12.58273776,11.61232208
1261,234,124.3527034,12.26818624,0.20837684,0,11.96612207,11.83559468
1261,1836,175.9230157,17.26069296,0.197491644,0,16.87361901,16.67616721
1261,2319,219.9091696,22.6051119,0.264495114,0,21.75262413,21.53282179
1262,290,115.0798118,20.07763561,0.311247706,0,19.05747248,16.26198405
1262,3572,410.0800474,58.54206715,0.375080943,0,54.34166641,50.0734844
1262,3964,99.17540839,16.47264611,0.339055502,0,15.4923499,13.50050211
1262,1570,201.5536698,33.23487288,0.343580304,0,31.20792734,27.17975096
1263,1186,214.3029108,35.12850829,0.33604796,0,33.07216452,28.89735154
1263,2311,82.13685278,14.33017464,0.311247706,0,13.60204528,11.60679852
1263,2122,39.93296728,7.018563131,0.313981483,0,6.656148161,5.673712088
1264,1265,89.18060932,14.64036508,0.332960281,0,13.79785582,12.03687531
1264,1186,92.74295105,15.87734183,0.30226111,0,15.11296571,12.92335161
1265,1264,89.18060932,15.01818683,0.298811942,0,14.31027079,12.27808994
1265,3859,88.49034876,8.448258559,0.181915947,0,8.283692803,8.243553058
1265,1266,90.21294414,14.80983867,0.332960281,0,13.95757672,12.17621149
1266,1845,315.652035,34.28421155,0.298397178,0,32.67226851,32.04515207
1266,3858,89.97127057,8.63773104,0.194086352,0,8.449763461,8.41617003
1266,353,80.03997036,13.13978897,0.332960281,0,12.38363339,10.803146
1266,1265,90.21294414,14.36100567,0.323345697,0,13.57812818,11.90978815
1267,1268,409.277036,48.08860204,0.350262407,0,45.04927694,43.82893604
1267,1179,45.26550868,6.95903067,0.345134441,0,6.531049367,5.824395107
1267,2752,75.03978581,7.204227339,0.194086352,0,7.047454551,7.019436231
1268,2001,94.31287926,9.25351151,0.197491644,0,9.045999953,8.940145428
1268,3429,39.6975062,4.080211508,0.264681891,0,3.926140297,3.887056314
1268,1267,409.277036,41.61751962,0.247909647,0,40.22170299,39.75981948
1269,1400,70.41059518,10.14422844,0.381988211,0,9.391340099,8.654557005
1269,1270,91.35102238,8.770194714,0.194086352,0,8.579344564,8.545235962
1269,1128,255.957199,37.92970461,0.361933053,0,35.38238865,32.07783861
1270,1269,91.35102238,8.962908817,0.197491644,0,8.761914074,8.659383867
1271,1516,227.8128295,33.47099904,0.29255207,0,31.95343985,28.39842712
1271,293,127.7992127,16.98843849,0.357413191,0,15.87377135,14.84921342
1272,1273,77.91749399,9.941217661,0.278235413,0,9.530058104,8.794540368
1273,285,286.9378463,41.82269955,0.295626408,0,39.88973432,35.57226497
1273,1972,120.8408123,12.93880675,0.259554871,0,12.46727996,12.13435031
1274,2918,110.2530701,10.58489404,0.194086352,0,10.35455381,10.31338757
1274,2230,350.9300184,46.86408336,0.335992967,0,44.12159572,40.89825284
1275,1274,112.6877821,12.95760949,0.296735763,0,12.35459906,11.86160994
1276,397,111.2166475,11.55879559,0.28123359,0,11.07127476,10.9799557
1277,3819,109.2059303,10.95044953,0.380313441,0,10.1443169,9.495795864
1277,1698,520.3071215,36.43725999,0.181915947,0,35.72748943,35.55436708
1277,3820,91.64325519,9.721735149,0.270153274,0,9.340708807,9.150694351
1278,1279,56.33292286,6.118540767,0.298397178,0,5.830864932,5.718946433
1278,852,191.5201222,25.88152876,0.273719786,0,24.84259967,21.61381901
1278,2405,146.2459446,19.32698105,0.302651344,0,18.39431941,16.22647537
1279,1278,56.33292286,7.403936398,0.350651162,0,6.935026064,6.494787297
1280,3416,15.92418437,2.674576871,0.30900532,0,2.540477636,2.1882312
1280,1361,208.5572206,21.43821159,0.264495114,0,20.62973016,20.42127425
1280,673,243.3542382,28.42130522,0.313981483,0,26.9537247,22.97540108
1281,664,47.80803514,6.893788151,0.353733816,0,6.450051694,5.878999652
1281,3416,132.8001443,23.3407698,0.313981483,0,22.13553103,18.86836455
1281,184,81.90763507,8.466938342,0.273669529,0,8.127174713,8.054847571
1282,823,146.1298255,17.57003542,0.339409673,0,16.52241133,15.86959899
1282,664,90.70065236,15.12025871,0.303127954,0,14.38848538,12.39768832
1284,1283,238.9774191,22.81540365,0.181915947,0,22.37097666,22.26257509
1285,1594,41.91611494,3.357076364,0.304898749,0,3.192853482,3.133243774
1285,1593,80.6824064,9.129574302,0.384684067,0,8.443101989,7.63210857
1285,1284,262.4537247,25.05670909,0.181915947,0,24.56862314,24.44957258
1287,1286,155.9950411,15.94866006,0.25635719,0,15.38035961,15.2144584
1287,1288,65.34192483,6.117625145,0.13643696,0,6.042842181,6.003199182
1287,1327,261.9243524,27.31784729,0.339409673,0,25.68900396,24.67401296
1287,1326,94.79057167,7.984045741,0.217860888,0,7.771452121,7.758042542
1288,1289,70.89531887,6.637560594,0.13643696,0,6.556421845,6.513409597
1290,1580,79.75479257,8.505559487,0.286378847,0,8.134710815,8.004238095
1290,1291,73.51793969,6.883102965,0.13643696,0,6.798962661,6.754359267
1290,639,89.80758232,10.20878456,0.31696482,0,9.672362624,9.394815746
1291,2128,84.745772,7.934306605,0.13643696,0,7.837316196,7.785900867
1291,1290,73.51793969,7.253013015,0.20837684,0,7.074431165,6.997262721
1292,2189,76.19169248,10.69013059,0.332569319,0,10.07628039,8.827121028
1292,472,14.81340517,2.180382455,0.302337402,0,2.075364487,1.778998469
1293,3130,12.54646087,0.940912625,0.25635719,0,0.907384977,0.897597412
1293,2070,82.58199227,5.881946337,0.217860888,0,5.72532596,5.715446955
1294,1295,306.5371168,51.36897187,0.301748462,0,48.90364693,42.05737842
1294,2749,135.5874528,18.75132397,0.308311904,0,17.81504342,15.55865954
1295,1294,306.5371168,48.87183891,0.308311904,0,46.43159776,40.55075278
1295,1296,117.1973845,16.44962376,0.306356695,0,15.63783665,13.59605001
1295,2051,142.5214448,21.48227656,0.274962277,0,20.61278472,18.10906255
1296,1338,211.9670344,31.99088612,0.258330131,0,30.83500423,26.95110422
1296,1295,117.1973845,15.79208253,0.294508112,0,15.06726479,13.1964648
1296,1297,101.7581465,14.34895496,0.294717024,0,13.68951518,11.84272631
1297,1298,33.81089425,4.779281001,0.300407162,0,4.5517829,3.9424813
1297,1296,101.7581465,14.01612985,0.278235413,0,13.4364357,11.64249306
1297,1971,129.8576615,19.93809773,0.343432119,0,18.72307326,16.69234672
1298,1297,33.81089425,4.405636808,0.296237466,0,4.201242974,3.713772473
1298,1299,112.7914642,15.67238047,0.33271344,0,14.77171764,12.97522749
1298,826,136.9914339,18.2525826,0.279571597,0,17.49103356,15.93828406
1299,1298,112.7914642,14.82001716,0.302246092,0,14.10660858,12.46433772
1299,3996,13.63252039,1.894239497,0.33271344,0,1.785381043,1.568248578
1300,827,141.2109354,18.3110224,0.268023571,0,17.60362432,15.46961908
1300,3996,47.30288223,6.215271088,0.302246092,0,5.916079281,5.227337933
1300,285,79.74684767,10.9678191,0.321005483,0,10.37788313,9.105765735
1301,1302,52.68231094,5.057788221,0.194086352,0,4.947724571,4.928054074
1302,1377,75.18002114,6.260875816,0.194086352,0,6.12463151,6.100282026
1302,1376,77.78437194,6.317134313,0.13643696,0,6.239912513,6.198976669
1303,1931,78.78593599,12.16669324,0.343788824,0,11.42383094,10.16787837
1303,1624,77.32390653,12.67004533,0.289124575,0,12.10787634,10.4347151
1304,1305,81.64145898,8.409301571,0.237655537,0,8.147890878,7.991262806
1304,1386,82.00145463,11.0781179,0.374595487,0,10.28516725,9.632810733
1304,1773,210.2582728,23.35836646,0.292630292,0,22.29878951,21.64425061
1305,1304,81.64145898,11.59717497,0.345737413,0,10.88163884,9.934697851
1306,2469,123.9566781,8.512860537,0.13643696,0,8.40879778,8.353633347
1307,1308,78.07777387,9.387743041,0.339409673,0,8.827993129,8.47919278
1307,2394,85.85416674,11.44584293,0.363405352,0,10.67134896,10.00090044
1307,2436,219.4433211,22.01578952,0.22913232,0,21.37466489,21.12090366
1308,1309,112.3452148,10.78575131,0.194086352,0,10.55104018,10.50909278
1308,1307,78.07777387,7.7028697,0.20837684,0,7.513211593,7.431256898
1309,1310,77.55022319,10.24032997,0.354613105,0,9.578146695,8.970864926
1310,519,84.96432564,9.608821586,0.311097313,0,9.121023191,8.855431208
1310,2194,76.36747791,8.706541306,0.350651162,0,8.155133653,7.637441873
1310,2193,258.9722236,34.29132918,0.342982,0,32.20668736,28.76080713
1311,1312,83.57862163,12.81152541,0.345600487,0,12.02164429,10.73274933
1311,519,143.0445355,21.28756138,0.365016328,0,19.83526303,17.98215999
1312,1311,83.57862163,12.86438107,0.348474862,0,12.0589853,10.7649446
1312,2171,257.156313,41.82332055,0.331640077,0,39.43412674,34.47773565
1312,2144,78.2927002,10.43776887,0.363405352,0,9.731487206,9.120087348
1313,1314,332.1779948,36.45958332,0.311230557,0,34.60722647,33.9787919
1313,217,53.40018195,8.835334676,0.336832753,0,8.315897812,7.248663935
1313,1715,128.6057804,13.78806635,0.284617001,0,13.19365292,12.9405293
1314,1315,85.2769641,12.17778359,0.375906558,0,11.30045796,10.41616594
1314,1313,332.1779948,34.14555545,0.264495114,0,32.85785253,32.5258359
1314,1716,108.5766894,15.68878907,0.350838463,0,14.69419464,13.37036777
1315,1316,39.7277788,6.50519981,0.315798664,0,6.165699348,5.357476174
1315,1314,85.2769641,12.26833397,0.347689867,0,11.50345515,10.46833985
1315,2184,283.7595999,39.18761084,0.35311115,0,36.67341679,33.8473392
1316,1315,39.7277788,5.750719664,0.349121175,0,5.389449002,4.897265559
1316,219,47.48634491,7.538246293,0.304909199,0,7.169463909,6.261685684
1317,1316,83.08413412,10.36795615,0.348687152,0,9.718120817,9.254717211
1318,2876,174.604999,18.34836203,0.27982383,0,17.58155364,17.32640856
1318,2042,76.86073603,8.056159078,0.344306027,0,7.562903272,7.266180735
1318,1336,107.0035683,11.78051322,0.329362912,0,11.11605729,10.44707443
1319,1320,155.8989773,15.93883867,0.25635719,0,15.37088818,15.20508914
1320,1634,219.5826755,16.4674416,0.25635719,0,15.88065535,15.70935766
1321,2449,143.8873225,12.12379496,0.329423924,0,11.43974279,11.12648201
1322,2152,88.50379858,9.566177379,0.311230557,0,9.080160466,8.915273321
1323,1324,84.15038667,8.033918211,0.181915947,0,7.877423495,7.839252382
1324,1325,103.3251138,9.864547816,0.181915947,0,9.672393806,9.625524923
1325,1111,67.00810605,5.54926489,0.181915947,0,5.441169362,5.414803445
1326,638,331.0496907,32.14505977,0.217860888,0,31.28912346,31.23513433
1326,1287,94.79057167,9.886344426,0.339409673,0,9.296865102,8.929539285
1327,3295,27.19839743,2.993237834,0.353841102,0,2.800462112,2.656273326
1327,1287,261.9243524,26.09841316,0.329423924,0,24.62588115,23.95153708
1328,838,151.5882796,13.5883696,0.272534373,0,13.04721011,12.92603228
1329,820,83.9417272,6.566560782,0.277498458,0,6.296286744,6.171891832
1329,2473,70.05375428,7.275998959,0.376964756,0,6.749074918,6.241377718
1329,1328,217.9825431,19.53994972,0.272534373,0,18.76176739,18.58751478
1330,776,79.64467073,6.595759842,0.181915947,0,6.467279375,6.435941305
1331,547,82.54189429,6.835692918,0.181915947,0,6.702538735,6.670060683
1331,1851,88.99303054,9.008552121,0.264495114,0,8.668820092,8.581224823
1331,1219,71.98780282,7.600417875,0.284617001,0,7.272758411,7.133228672
1332,1146,83.36879558,6.904172607,0.181915947,0,6.769684491,6.736881076
1332,1949,276.3816824,22.88850196,0.181915947,0,22.44265106,22.33390219
1333,1332,80.90453396,7.606411688,0.181915947,0,7.458244479,7.422104555
1334,2438,86.34407037,8.827666681,0.25635719,0,8.513109412,8.421282224
1335,2984,14.77518919,1.196068586,0.318559354,0,1.13263644,1.11321765
1336,2179,708.0662389,89.86757341,0.329362912,0,84.79877534,79.6954437
1336,1318,107.0035683,11.83257133,0.358099086,0,11.05343512,10.48602929
1337,609,86.0751179,10.54506236,0.294572199,0,10.06087654,9.454230888
1337,1955,312.9790322,46.37316088,0.299438239,0,44.17882846,39.25610159
1337,2150,147.8955812,17.49568615,0.299448302,0,16.66775632,15.86635707
1338,1296,211.9670344,32.02437489,0.341368886,0,30.09445709,26.93850365
1338,612,93.09237162,11.68268888,0.293801227,0,11.14884268,10.3910036
1338,2013,306.8349744,46.95784278,0.264954917,0,45.18135998,39.4073228
1339,1340,64.73176951,6.777310772,0.254311691,0,6.539291174,6.405366314
1339,1986,82.63510559,7.889252871,0.181915947,0,7.735576128,7.698092356
1340,1339,64.73176951,6.180004186,0.181915947,0,6.059622328,6.030259615
1341,2228,44.45746729,5.949948797,0.305468047,0,5.657885564,5.187261735
1341,1342,88.93082702,13.78658862,0.32441109,0,13.03044544,11.52318328
1341,2672,294.4288815,43.18062056,0.357928154,0,40.33983144,36.63466352
1342,1786,45.09565564,6.092013209,0.34112658,0,5.725366032,5.298022413
1342,2732,284.9981239,45.9854241,0.32740025,0,43.42019792,37.99100475
1342,1341,88.93082702,14.48054145,0.289340347,0,13.83716145,11.94680686
1343,48,73.75740727,10.68221789,0.356827706,0,9.983448045,9.09843072
1343,2165,69.98517039,8.44421462,0.313366561,0,8.009756953,7.609910343
1344,2388,45.00074371,5.672155192,0.304274081,0,5.395727654,4.612405738
1344,257,79.59559354,9.771012897,0.291714491,0,9.330324388,8.000812774
1345,1344,76.05259205,7.088344142,0.098745822,0,7.033368124,6.962361378
1346,1145,45.61419185,5.403168843,0.331274822,0,5.095136217,4.904861631
1346,1804,87.32969701,8.176226087,0.13643696,0,8.07627841,8.023295412
1347,1968,86.70941635,11.71277812,0.333752938,0,11.0357728,10.14220268
1347,1346,285.994789,28.27988311,0.174453775,0,27.7665836,27.21044339
1347,2748,230.7647346,36.34673094,0.335280702,0,34.22805079,30.10830765
1348,2923,20.59757771,1.53634806,0.247909647,0,1.484820237,1.467769393
1348,3376,45.41024068,5.081335345,0.29922208,0,4.841210522,4.154345907
1349,1692,81.10878436,7.020119971,0.219460094,0,6.830760251,6.744553295
1349,1725,179.6590674,16.44072298,0.27053115,0,15.7947145,15.51438023
1350,2067,82.98630864,8.049638433,0.273168028,0,7.727699309,7.435495224
1350,230,88.34501267,9.562600305,0.341317098,0,8.98648127,8.529626901
1351,1352,128.3825309,15.43617538,0.339409673,0,14.51578399,13.94225494
1351,1117,82.01511081,7.873896455,0.194086352,0,7.70255085,7.671928086
1352,1351,128.3825309,12.32542083,0.194086352,0,12.05720461,12.0092692
1352,231,92.62359062,13.16486085,0.371702753,0,12.23598775,11.27427318
1353,1720,45.28398258,4.166486173,0.090957973,0,4.137282663,4.111948377
1354,653,94.93573924,8.734842264,0.090957973,0,8.673618478,8.620506339
1355,1354,143.1647828,13.17229745,0.090957973,0,13.07997089,12.99987684
1356,1355,326.0950674,30.00333699,0.090957973,0,29.79303922,29.61060416
1357,1356,31.03466959,2.85543617,0.090957973,0,2.835422,2.818059543
1358,1529,78.36614714,8.055487311,0.264495114,0,7.751697422,7.673369343
1358,2097,83.51285824,8.679528467,0.28123359,0,8.313447855,8.244876146
1360,974,194.7972094,22.76727807,0.344078326,0,21.37500799,20.77803383
1360,2143,37.90168806,3.802510746,0.22913232,0,3.691777344,3.647948354
1361,1280,208.5572206,25.33160705,0.350192089,0,23.73117854,22.81788155
1362,1149,107.4146582,16.53843266,0.349363358,0,15.49812331,13.839169
1362,1810,166.6336931,20.30831767,0.339968617,0,19.09372971,16.64356177
1362,2623,196.7395408,24.09138695,0.29987163,0,22.94837106,19.74442031
1363,3673,39.31877644,4.248160476,0.291714491,0,4.056561557,3.97651584
1363,4042,20.1374316,2.378046752,0.355255101,0,2.223756064,2.164248023
1363,1824,82.39637878,8.469766703,0.264495114,0,8.150353441,8.067997088
1364,1670,98.11641952,10.92725009,0.311097313,0,10.37252077,10.07048686
1364,1365,52.78777487,5.396929742,0.25635719,0,5.204620319,5.148480357
1365,1364,52.78777487,5.539280525,0.262881322,0,5.332692632,5.234775801
1366,2092,130.8831245,9.398397056,0.185932235,0,9.208393777,9.080093171
1366,2087,187.6439973,14.14857331,0.264495114,0,13.61499994,13.47742533
1367,362,180.7400989,12.72814136,0.194086352,0,12.45116145,12.4016598
1367,2094,217.2888788,16.72523212,0.262881322,0,16.1014633,15.80581448
1368,3187,4.083367121,0.33162418,0.13643696,0,0.327570346,0.325421378
1369,300,133.0711596,12.77555467,0.194086352,0,12.49754299,12.44785694
1369,1370,101.8084375,9.096404511,0.237655537,0,8.813634606,8.644208847
1369,2820,198.8789221,20.1629448,0.344078326,0,18.92993553,18.40124884
1370,1371,125.9553368,10.51572665,0.158478818,0,10.35285721,10.21654234
1370,1369,101.8084375,9.64242216,0.304898749,0,9.170730073,8.99951503
1371,1372,60.73380872,5.070528547,0.158478818,0,4.991995303,4.926266278
1371,1370,125.9553368,11.9294094,0.304898749,0,11.3458415,11.13401772
1372,1373,105.1300626,8.777071535,0.158478818,0,8.641130697,8.527353928
1372,1371,60.73380872,5.752185552,0.304898749,0,5.470797705,5.368659396
1373,1372,105.1300626,9.957018012,0.304898749,0,9.469936392,9.293135248
1373,980,82.04990883,6.850161611,0.158478818,0,6.744065095,6.65526677
1374,1646,89.1546463,8.202935784,0.090957973,0,8.145440208,8.095562322
1374,980,41.91687996,3.970007421,0.304898749,0,3.775800918,3.705307739
1375,1021,79.36631572,6.445609366,0.13643696,0,6.366817063,6.325048685
1376,1375,77.03785006,6.256506724,0.13643696,0,6.180026046,6.139483077
1377,1378,31.51714715,2.795098588,0.25635719,0,2.695500516,2.666425331
1377,2215,378.1851632,31.49467514,0.194086352,0,30.80931253,30.68682502
1377,1302,75.18002114,6.105626096,0.13643696,0,6.030989811,5.991424567
1378,1377,31.51714715,2.559615084,0.13643696,0,2.528325883,2.511739248
1378,1379,186.3839998,15.4353592,0.181915947,0,15.13468996,15.06135278
1378,1079,48.23795266,4.780898943,0.322692881,0,4.521243265,4.393364394
1379,1380,211.4768447,17.51341887,0.181915947,0,17.17227058,17.08906004
1379,1378,186.3839998,18.0542657,0.298992838,0,17.20229004,16.7054055
1380,1381,232.868294,19.39291115,0.194086352,0,18.97089772,18.89547578
1380,1379,211.4768447,20.48490829,0.298992838,0,19.51823129,18.95445127
1381,243,240.5943233,21.45287595,0.264495114,0,20.6438415,20.435243
1381,1380,232.868294,22.55701164,0.298992838,0,21.49255267,20.8717448
1381,1627,96.08448473,10.43611457,0.298397178,0,9.945439079,9.754544826
1382,3609,19.49744083,1.856330395,0.311230557,0,1.762018118,1.730021532
1382,243,167.1772225,15.46533547,0.277498458,0,14.82879546,14.53582489
1383,2935,19.59938329,2.31269667,0.376014357,0,2.145994197,2.00814258
1383,3611,127.4639214,11.14882847,0.336969224,0,10.49288804,9.170953852
1383,3609,41.72090191,3.388296832,0.13643696,0,3.346877675,3.324921075
1384,673,231.0877209,24.96765696,0.291714491,0,23.84157519,23.37112356
1385,1384,261.7020758,26.61129337,0.247909647,0,25.71877296,25.42343298
1386,482,88.19777785,14.61896295,0.305132519,0,13.9028168,12.00310358
1386,3398,119.9166877,16.01753424,0.343993782,0,15.03847155,13.98565268
1387,1304,121.3925693,11.65434652,0.194086352,0,11.4007337,11.3554082
1387,1734,289.7298792,26.14399018,0.2636362,0,25.16385505,24.79539639
1388,1577,79.2600381,7.951813285,0.22913232,0,7.720247512,7.628592297
1389,1388,49.75229008,4.991429864,0.22913232,0,4.846073796,4.788540934
1390,737,75.71377934,12.91145686,0.315894363,0,12.23724299,10.52091633
1390,199,193.3492346,33.98279422,0.313981483,0,32.22803714,27.47123404
1390,732,312.5810349,38.46753123,0.309252465,0,36.53598481,34.44630456
1391,840,284.4385292,49.99252272,0.313981483,0,47.41107716,40.41328335
1391,2183,102.7027556,16.39291184,0.363699202,0,15.28200709,13.57496462
1391,2455,75.71975015,11.92889767,0.336104284,0,11.23039038,9.924793186
1392,502,71.26540151,7.640497042,0.284617001,0,7.311109736,7.170844217
1392,1199,77.0729944,9.008046373,0.344078326,0,8.457184147,8.220986791
1393,965,90.55983793,8.694236707,0.194086352,0,8.505039495,8.471226305
1394,903,82.12398031,7.884348519,0.194086352,0,7.712775464,7.682112051
1395,1394,88.61040587,8.507080632,0.194086352,0,8.321956165,8.288870853
1396,2357,95.4933439,9.116841229,0.181915947,0,8.939251983,8.895935637
1397,2396,154.7218327,17.99199434,0.338860041,0,16.92242258,16.44379564
1398,1397,28.54221231,2.740207531,0.194086352,0,2.680577268,2.66992019
1399,1322,88.25940384,9.072444336,0.264495114,0,8.730302793,8.642086263
1400,1269,70.41059518,10.44216475,0.370862963,0,9.708479048,8.832948145
1400,1761,74.47343559,11.22941318,0.373970202,0,10.4281181,9.45100433
1401,1548,110.8196382,8.728059978,0.30872205,0,8.291186947,8.194849388
1401,954,82.74910446,6.102901459,0.198238307,0,5.965145352,5.839995027
1402,1401,43.02499833,4.028207194,0.13643696,0,3.978965655,3.952862354
1403,1912,93.11536977,10.55919121,0.318048946,0,10.00085088,8.830091134
1403,3932,40.71914469,4.927531786,0.292487541,0,4.704210262,4.05083142
1404,1403,81.02065646,10.92094203,0.3686321,0,10.16214903,9.507561127
1405,1188,64.94809412,8.250353699,0.30835249,0,7.838301794,6.695472293
1405,1206,56.45838213,9.341039363,0.337183202,0,8.790814352,7.663791085
1405,3682,96.65266764,12.5066129,0.315289154,0,11.85584504,10.10043487
1406,2221,95.66236069,15.3310874,0.365839249,0,14.28078282,12.68123483
1406,349,270.0707859,34.56254261,0.311247706,0,32.80638804,27.99410885
1406,1188,143.1499268,18.52324167,0.315289154,0,17.55940515,14.95950962
1407,1408,43.16930057,5.524628611,0.311247706,0,5.243917151,4.474701309
1407,3571,10.63034192,1.370065741,0.312992564,0,1.299730418,1.107592062
1408,1407,43.16930057,5.563770215,0.312992564,0,5.278141896,4.497877395
1408,2220,94.59402412,15.94344287,0.309793868,0,15.14030068,13.03148835
1408,544,454.3158725,57.71172642,0.30835249,0,54.82939826,46.83523632
1409,2846,129.7143208,18.35476652,0.368519193,0,17.08019115,15.73904164
1409,752,318.2826205,46.23629483,0.323559539,0,43.71268516,39.34650852
1409,2314,376.9124613,47.03245402,0.341317098,0,44.19888458,41.95190348
1410,2729,140.1839702,14.4099236,0.264495114,0,13.86649414,13.72637827
1411,3872,28.6911056,1.936365183,0.090957973,0,1.922792917,1.911018863
1412,2276,84.89440106,7.241381107,0.338860041,0,6.810902049,6.618265258
1412,1687,242.7375967,18.88839156,0.270153274,0,18.14809421,17.77891449
1413,325,312.0552292,29.95899827,0.194086352,0,29.30705387,29.19053884
1414,767,305.763212,31.43030204,0.264495114,0,30.24499722,29.93938254
1414,1415,85.29017406,8.142734808,0.181915947,0,7.984120426,7.945432299
1415,1414,85.29017406,8.767228452,0.264495114,0,8.436597263,8.35134852
1415,2231,94.42616252,7.52302602,0.298397178,0,7.169315409,7.031706491
1415,2365,95.58452689,10.5720186,0.373970202,0,9.817633101,8.897721721
1416,1417,125.7241503,12.00300534,0.181915947,0,11.76919578,11.71216656
1417,1857,94.59382965,9.030963739,0.181915947,0,8.855047323,8.812139002
1418,3544,14.3220852,1.471606271,0.331274822,0,1.387710551,1.335887393
1418,2364,100.7547358,9.592750153,0.311230557,0,9.10538319,8.940038024
1419,3138,8.07621554,0.731682108,0.362363971,0,0.682434707,0.655524228
1419,3139,60.79324369,4.634605273,0.28123359,0,4.439129315,4.4025141
1420,2104,82.76059187,10.82960395,0.378402555,0,10.03977622,9.522956296
1420,433,58.72554013,8.693753334,0.334004859,0,8.190547804,7.357754149
1421,1686,81.13625609,7.386786639,0.366788728,0,6.878294849,6.608532912
1421,510,77.11707136,6.556724086,0.35531498,0,6.131182686,6.00089523
1422,511,78.30012593,7.517237713,0.194086352,0,7.353653438,7.324417773
1423,678,83.57101587,10.2008639,0.354881499,0,9.540307605,9.175551345
1423,1875,73.59853315,11.87537558,0.32740025,0,11.21292601,9.810879398
1424,1423,44.56177864,4.865506574,0.304898749,0,4.627493665,4.541099613
1426,1427,80.6054114,12.30769107,0.344191603,0,11.55458949,10.32299956
1426,2374,213.8497325,31.34867044,0.284876395,0,29.99495059,26.61206663
1426,2373,80.93463988,13.35213071,0.292487541,0,12.74699647,10.97653611
1427,2163,92.62706703,8.892701937,0.194086352,0,8.69918588,8.664600829
1427,1426,80.6054114,13.0059594,0.32740025,0,12.28044195,10.74491483
1427,1428,205.700181,31.40849029,0.344191603,0,29.48662015,26.34367644
1428,1427,205.700181,31.58281354,0.343432119,0,29.65816196,26.44140285
1428,1429,84.19508284,12.79810845,0.340620969,0,12.02996683,10.74704674
1429,2044,83.17935049,11.41640461,0.352051984,0,10.68801608,9.882259966
1429,2180,85.42757395,9.934037108,0.338860041,0,9.343487477,9.079220066
1429,1428,84.19508284,12.92715247,0.343432119,0,12.13937388,10.82272312
1429,1430,172.4735012,23.71129964,0.349554562,0,22.21828692,20.50650116
1430,1431,84.83117246,11.66241385,0.349554562,0,10.92807484,10.08613221
1430,1429,172.4735012,23.03254813,0.335992967,0,21.68468268,20.10048867
1431,1430,84.83117246,11.20206379,0.329119625,0,10.57109636,9.810186672
1431,1105,145.7557576,14.0285121,0.158478818,0,13.81123602,13.62938507
1431,1467,148.8482318,19.65559757,0.329119625,0,18.54847641,17.21335327
1432,837,73.67466889,6.897776706,0.13643696,0,6.813457027,6.768758546
1433,1434,76.20399524,8.816578751,0.333528409,0,8.307609152,8.069586058
1434,1433,76.20399524,8.320382424,0.304898749,0,7.913362437,7.765622106
1434,2321,74.90023177,8.665737142,0.333528409,0,8.165475432,7.931524642
1435,3589,140.5898407,14.44420834,0.184336221,0,14.15645509,13.71045898
1435,634,87.71383393,9.925878705,0.302658868,0,9.446863917,9.147109441
1436,1435,123.9881357,11.903535,0.194086352,0,11.64449954,11.5982049
1437,1479,84.4939618,6.76715107,0.304898749,0,6.436112711,6.315952232
1438,1439,280.973963,19.78684498,0.194086352,0,19.35625907,19.27930506
1438,2886,131.1122469,10.53394311,0.296735763,0,10.04372324,9.803676795
1439,1440,315.5729602,22.22338745,0.194086352,0,21.73977939,21.65334931
1439,1438,280.973963,22.57427365,0.296735763,0,21.52373091,21.00931061
1440,836,75.75207127,5.334638397,0.194086352,0,5.218550148,5.19780294
1440,1439,315.5729602,25.35405873,0.296735763,0,24.17415266,23.5963869
1441,1442,327.5476117,23.06667048,0.194086352,0,22.56471155,22.47500181
1441,836,260.7275855,20.9476202,0.296735763,0,19.9727773,19.49542502
1442,1443,94.44982667,6.651378153,0.194086352,0,6.50663604,6.480767833
1442,1441,327.5476117,26.31613741,0.296735763,0,25.09145894,24.49176942
1443,1444,109.1502164,7.68661405,0.194086352,0,7.519343939,7.489449544
1443,1442,94.44982667,7.588376555,0.296735763,0,7.235235009,7.062311841
1444,1443,109.1502164,8.769449053,0.296735763,0,8.361343739,8.161506409
1444,990,208.3777922,14.6744525,0.194086352,0,14.35511848,14.29804734
1445,1446,290.2689187,20.44141755,0.194086352,0,19.99658733,19.91708759
1445,990,103.8787991,8.345927904,0.296735763,0,7.957532064,7.767345891
1446,1981,401.1720676,33.87331131,0.328077906,0,31.97650785,31.04818043
1446,1445,290.2689187,23.3210577,0.296735763,0,22.23576174,21.70432381
1447,2958,17.1761561,1.246177774,0.304898749,0,1.185216722,1.163089047
1447,2787,35.6430708,2.461537029,0.28123359,0,2.357715608,2.338268491
1448,2784,16.86885428,1.698379237,0.25635719,0,1.637860693,1.620193806
1448,2425,400.7619105,41.01709505,0.28123359,0,39.28709747,38.96304619
1448,3175,188.0483696,18.0027584,0.381988211,0,16.6666226,15.35906844
1449,2783,17.23600989,1.299614979,0.264495114,0,1.250603681,1.237966786
1449,1448,542.4366647,51.93002335,0.381988211,0,48.07586044,44.30414301
1450,3155,11.03012809,1.004079398,0.217860888,0,0.977343469,0.975657071
1450,1588,69.29015144,5.293055648,0.246115344,0,5.117840398,5.009780535
1451,1032,71.45023377,7.344580186,0.264495114,0,7.067600146,6.996184621
1452,1453,74.93504212,7.619803487,0.247909647,0,7.364241682,7.279674855
1453,1454,76.00688045,8.255406839,0.298397178,0,7.86726183,7.716256423
1453,1452,74.93504212,6.789838137,0.045478987,0,6.76358239,6.737552453
1454,1455,82.03415046,9.590102408,0.34516686,0,9.000207291,8.753328266
1454,1453,76.00688045,7.625438193,0.22913232,0,7.403376831,7.315483523
1455,1454,82.03415046,10.01327069,0.354881499,0,9.364861984,9.006813567
1455,340,72.98375247,6.824720778,0.358099086,0,6.375335185,6.048070192
1455,2412,81.30899389,8.0063839,0.373131779,0,7.437445608,6.983276978
1456,1002,68.73352491,6.562055617,0.181915947,0,6.434231683,6.40305375
1457,1006,56.10144521,5.951375152,0.270153274,0,5.718121451,5.6017999
1458,1513,42.13291427,2.893524002,0.13643696,0,2.858153038,2.83940263
1460,3367,29.07775837,2.047723893,0.194086352,0,2.00316292,1.995199015
1461,3340,61.49170805,4.077038865,0.219460094,0,3.967065397,3.916999428
1462,2112,70.1289139,5.840227423,0.194086352,0,5.71313694,5.69042342
1463,1462,69.46368428,6.668891281,0.194086352,0,6.52376806,6.497831742
1464,1465,184.4224379,17.60698722,0.181915947,0,17.26401628,17.18036117
1464,721,187.0428586,17.85716129,0.181915947,0,17.50931715,17.4244734
1465,1466,89.93224597,8.732457702,0.217860888,0,8.49993589,8.485269317
1465,1464,184.4224379,17.60698722,0.181915947,0,17.26401628,17.18036117
1465,2010,240.2338662,26.36787143,0.311230557,0,25.02823168,24.57374261
1466,1465,89.93224597,9.24440071,0.264495114,0,8.89577432,8.805885761
1466,632,179.0161013,17.38253633,0.217860888,0,16.91968624,16.89049145
1467,318,172.1321564,26.6919893,0.3462951,0,25.04019451,22.28117062
1467,1431,148.8482318,18.276595,0.302001546,0,17.39810203,16.3711611
1467,1931,81.0082337,13.27374727,0.289124575,0,12.68479206,10.93190809
1468,2289,98.898648,10.6031091,0.284617001,0,10.14600147,9.951347822
1468,1134,136.326331,17.39368975,0.297562739,0,16.58008715,15.39978272
1468,867,131.8186731,20.24933895,0.3822636,0,18.74445671,16.94840257
1469,2403,250.4273568,37.60737245,0.30734546,0,35.74040842,30.52106574
1469,2404,197.9922026,29.4016251,0.302674278,0,27.98259381,23.9320091
1470,1207,36.89473645,3.962320249,0.258611889,0,3.818872055,3.711138177
1471,1770,84.42896405,8.473261958,0.333528409,0,7.984111589,7.755357094
1471,69,54.06578246,5.453646957,0.338860041,0,5.129443498,4.984364398
1472,1473,73.56997992,6.88797522,0.13643696,0,6.803775357,6.759140391
1472,2442,81.12928746,8.2945164,0.25635719,0,7.998956937,7.912675687
1472,802,31.42576416,4.27304531,0.343583553,0,4.012434061,3.708168212
1473,1472,73.56997992,7.02379662,0.181915947,0,6.886978317,6.853606539
1473,2377,31.08728247,2.910540843,0.13643696,0,2.874961861,2.856101182
1474,1473,80.19349505,7.741189403,0.205690482,0,7.554865415,7.532420221
1475,2343,87.70565339,8.818322804,0.198238307,0,8.619273576,8.43843894
1476,1966,109.8902773,10.78188847,0.197491644,0,10.5401028,10.41676458
1476,1477,83.7346641,10.33146752,0.307142629,0,9.81919977,9.241862093
1477,626,31.84358277,3.928969498,0.307142629,0,3.734158415,3.514601792
1477,1476,83.7346641,8.832791645,0.270727354,0,8.485264243,8.335924064
1478,584,89.46172848,8.925228197,0.230012686,0,8.663532217,8.587123772
1478,1525,222.4424658,32.02685897,0.302346427,0,30.48420284,26.28451668
1478,1901,177.0720874,26.09784486,0.299343021,0,24.86364227,21.28498657
1479,3662,36.60055289,2.931351133,0.304898749,0,2.787954058,2.735903712
1480,84,212.6217576,24.90658007,0.255131673,0,24.02674836,20.15581147
1481,1480,301.851926,35.35903028,0.255131673,0,34.10996292,28.61452461
1482,2669,17.46767036,1.994514628,0.304274081,0,1.897313697,1.621872182
1482,3601,168.8984482,13.38570439,0.291714491,0,12.78198744,12.52976808
1483,387,404.5022509,46.18736443,0.304274081,0,43.9364635,37.55801059
1484,1641,81.66235557,7.796383493,0.181915947,0,7.644515776,7.607473249
1485,1486,43.58199009,4.184107952,0.194086352,0,4.093056651,4.076784028
1486,1487,46.02949083,4.840867988,0.280150406,0,4.638128214,4.578502931
1486,2506,67.4773398,7.367556915,0.304898749,0,7.007147649,6.876326103
1487,1800,249.9968399,32.86814247,0.382201985,0,30.42619077,28.86251614
1487,1486,46.02949083,5.025759677,0.304898749,0,4.779907439,4.690667863
1487,1488,65.58817201,9.592202322,0.389218599,0,8.855107334,8.146023469
1488,1839,74.93228682,12.54690536,0.343580304,0,11.78168823,10.26096186
1488,1487,65.58817201,9.107249607,0.389198429,0,8.407487123,7.859138938
1489,1154,101.2468732,13.36852552,0.354847151,0,12.50300269,11.71204913
1489,3097,122.0638275,20.98156374,0.305291242,0,19.95274547,17.06081818
1490,1489,184.6577665,17.62945426,0.181915947,0,17.28604568,17.20228383
1491,211,92.276767,12.85899552,0.360030816,0,12.00379089,11.0780252
1492,335,175.4386315,23.14003426,0.367144619,0,21.54425456,20.19167868
1492,3762,267.915009,24.70151892,0.13643696,0,24.39956306,24.23949403
1492,1570,239.5277174,39.6494939,0.345326031,0,37.20853851,32.39145948
1493,3266,37.11738444,4.514183941,0.362563931,0,4.210036566,4.044634088
1494,1495,29.21460739,3.362887741,0.328077906,0,3.174576151,3.082413302
1494,671,43.07391072,4.958229435,0.328077906,0,4.680583513,4.544698944
1494,2358,75.04692281,8.194046725,0.304898749,0,7.79320688,7.647709821
1495,1496,71.6839467,7.785875966,0.298397178,0,7.419806922,7.277390032
1495,1494,29.21460739,3.362887741,0.328077906,0,3.174576151,3.082413302
1495,466,351.518009,35.9385862,0.25635719,0,34.6579824,34.2841419
1496,1497,71.41693712,6.818243557,0.181915947,0,6.685429274,6.653034129
1496,1495,71.6839467,7.745025067,0.291714491,0,7.39571189,7.249776705
1497,1496,71.41693712,7.262063396,0.247909647,0,7.018499893,6.937903371
1497,1498,127.9172603,12.21238366,0.181915947,0,11.97449557,11.91647154
1497,2350,233.1508193,23.26359159,0.219460094,0,22.63608277,22.35040625
1498,2436,81.39286644,10.14248437,0.318290398,0,9.605426852,9.049237922
1498,2350,233.133238,23.38923906,0.22913232,0,22.70811803,22.43852597
1499,2350,76.66267641,9.343439977,0.324776401,0,8.829920699,8.398011388
1499,465,140.5566409,17.42106326,0.33855925,0,16.38713175,15.57775359
1500,1501,149.9369595,21.12886116,0.372945201,0,19.6288232,18.1478574
1500,1671,152.3792656,26.57676979,0.310250074,0,25.23434488,21.52691817
1501,1500,149.9369595,26.15080235,0.310250074,0,24.82989358,21.1818888
1501,2225,56.67116416,8.243076602,0.360136092,0,7.694562769,7.012567601
1502,2008,105.9877052,10.4765922,0.265185783,0,10.07961947,9.617291197
1502,459,89.72123432,11.21277397,0.381988211,0,10.3805799,9.566187523
1503,1504,119.5580181,12.66437836,0.252406288,0,12.22561326,11.91939761
1503,2155,289.011465,48.56508583,0.34442712,0,45.58964715,39.67640292
1503,1505,175.4247584,16.74797011,0.181915947,0,16.42173219,16.34215848
1504,1503,119.5580181,16.41217069,0.398676223,0,15.09363171,14.20141153
1505,989,414.9997182,42.89926113,0.273669529,0,41.17778779,40.81132936
1506,2155,267.6413694,25.69502631,0.194086352,0,25.13587115,25.03593934
1507,1508,80.36104748,11.94749505,0.336959332,0,11.2446033,10.0994342
1507,2776,83.07255994,13.47385203,0.287099235,0,12.88367174,11.12781751
1508,1753,88.78037573,12.91350634,0.360136092,0,12.05421106,10.98580549
1508,1509,164.8966951,18.84064756,0.322692881,0,17.81739207,17.31344484
1508,1507,80.36104748,13.03406159,0.287099235,0,12.46314496,10.76460231
1509,3114,109.9755886,10.29644334,0.13643696,0,10.17057774,10.10385546
1509,1508,164.8966951,17.30342024,0.262881322,0,16.65808785,16.35221851
1510,1544,130.0273296,8.621105071,0.219460094,0,8.388560606,8.28269358
1511,1554,75.05699791,6.298364339,0.298463453,0,6.002112836,5.778761083
1511,1694,77.96767639,5.553289234,0.217860888,0,5.405420109,5.396093099
1512,2132,50.27182292,3.975308467,0.292776377,0,3.794816176,3.726111647
1513,1306,77.39696104,5.315321011,0.13643696,0,5.250345559,5.215901594
1514,4079,12.15110748,1.372880543,0.324388077,0,1.29759301,1.207639603
1514,2597,74.39885387,7.261999067,0.313550418,0,6.887962529,6.709449463
1515,1516,72.39300257,9.130081825,0.351927191,0,8.547947433,7.765113323
1515,285,150.0049222,19.60081942,0.303108791,0,18.65231127,16.51489681
1515,1557,108.5329636,11.57462897,0.277498458,0,11.09822712,10.8789609
1516,1515,72.39300257,9.093210065,0.284496317,0,8.701499555,7.747344356
1516,4079,68.5216754,7.490713916,0.351382334,0,7.014474192,6.663784374
1516,1271,227.8128295,31.04630441,0.349974015,0,29.08708765,26.93014536
1517,3425,17.14570353,2.932229256,0.30710232,0,2.786874929,2.387642697
1517,1815,259.0963109,39.6469026,0.315289154,0,37.5839196,32.01913746
1517,3666,390.0614173,45.5552148,0.313981483,0,43.20289688,36.82622327
1518,265,87.15206317,10.2159171,0.315289154,0,9.684343087,8.250451675
1518,2246,344.8286932,32.92112643,0.181915947,0,32.27984751,32.12343118
1519,3696,23.06190276,2.703303608,0.315289154,0,2.562640177,2.183208376
1519,2245,93.11462153,13.67755357,0.3920267,0,12.61243105,11.60066558
1520,483,91.4934637,10.68550799,0.313981483,0,10.13374433,8.63802102
1520,1734,55.71494007,8.327372521,0.310264167,0,7.90671162,6.767349118
1521,3462,128.1519832,14.23142116,0.295101016,0,13.57581727,11.65835051
1522,1521,139.9148952,15.5377057,0.295101016,0,14.82192474,12.72845608
1523,1522,119.7369194,13.29691891,0.295101016,0,12.68436507,10.89280822
1524,3430,474.5724354,51.54518256,0.298397178,0,49.12167931,48.17883041
1524,1526,153.7223163,21.26845211,0.323167005,0,20.11020421,18.35728334
1524,1028,257.2470763,35.39593656,0.382556425,0,32.76165944,30.62658505
1525,1526,79.47701043,12.8331303,0.337061183,0,12.07771293,10.60129939
1525,2294,84.70963705,11.69423529,0.286089319,0,11.18530192,9.707640667
1525,1903,153.2365213,15.37355059,0.22913232,0,14.92585545,14.74865485
1525,1478,222.4424658,32.24697549,0.295101016,0,30.76144272,26.41665502
1526,1524,153.7223163,23.08036273,0.371316509,0,21.45501645,19.44881823
1526,1525,79.47701043,11.32651851,0.31200565,0,10.74842209,9.692384402
1527,1968,90.00495403,13.71086488,0.327676738,0,12.94483151,11.46617923
1527,1528,151.5001016,20.87523947,0.337444745,0,19.64383851,18.0530037
1527,1803,187.442151,18.74709702,0.219460094,0,18.24141549,17.93153089
1528,1527,151.5001016,18.3062587,0.344306027,0,17.18541833,16.51116655
1529,2060,77.9007934,8.007652228,0.264495114,0,7.705666304,7.627803353
1529,1358,78.36614714,8.144628495,0.28123359,0,7.801108614,7.736762826
1530,1653,142.1830974,14.57449382,0.384684067,0,13.47860631,12.18393274
1530,3709,92.03012726,9.260180553,0.376577102,0,8.590840786,7.784152674
1531,600,84.84052393,12.59412668,0.360127535,0,11.75612057,10.64353333
1531,213,90.47264365,15.7844955,0.311247706,0,14.98247077,12.78473318
1532,1533,123.5450023,12.39473023,0.22913232,0,12.0337817,11.89091597
1532,600,71.76320987,12.01626483,0.343580304,0,11.28341068,9.826999688
1533,2049,392.5142371,47.4250045,0.3445097,0,44.5181256,42.77797754
1533,674,89.92106078,15.17335079,0.347032492,0,14.23066519,12.38274832
1533,1532,123.5450023,20.68677624,0.343580304,0,19.42512048,16.91781487
1534,2341,87.38262364,8.389206864,0.194086352,0,8.206647474,8.174020591
1535,1706,91.2817781,8.095325628,0.25635719,0,7.806863952,7.722654725
1535,1705,91.67931948,7.935019946,0.219460094,0,7.720981843,7.623539931
1536,1224,85.82599758,8.2397623,0.194086352,0,8.060455007,8.028409336
1537,283,90.61340307,12.63940154,0.392436845,0,11.65321461,10.8927062
1537,2733,45.67678064,7.870367088,0.310264167,0,7.472792019,6.395957626
1538,397,55.00639137,7.672682456,0.392436845,0,7.07402285,6.612360205
1538,283,68.92901873,11.18096949,0.37201497,0,10.39084524,9.217054415
1539,904,87.53826547,10.24781273,0.304956722,0,9.746330436,9.331852424
1540,1209,178.5849716,13.17097618,0.198238307,0,12.87367785,12.60358469
1540,954,83.75839249,5.837088396,0.202481675,0,5.700394771,5.709119904
1541,2339,199.450271,18.67349326,0.13643696,0,18.44522508,18.32421844
1541,2338,80.99707372,9.738747372,0.339409673,0,9.158068613,8.796226744
1542,1543,43.67567463,4.089126637,0.13643696,0,4.039140408,4.012642341
1542,2150,146.2397077,19.66028293,0.309943527,0,18.6690253,17.11946506
1542,2151,67.1038728,6.583898872,0.197491644,0,6.436253829,6.360938043
1543,1542,43.67567463,5.622954346,0.308453495,0,5.341954619,4.961085076
1544,3742,120.8638837,8.01354795,0.219460094,0,7.797391644,7.698985409
1545,2859,21.41021922,2.248548229,0.277498458,0,2.155999903,2.113404095
1545,3612,115.5207288,10.87037047,0.315289154,0,10.30474269,8.778993147
1546,2678,89.63908264,7.906659594,0.247909647,0,7.641476877,7.553726436
1547,1122,231.1488728,23.63225632,0.25635719,0,22.79016539,22.54433785
1548,1549,84.69735289,10.35865978,0.353258434,0,9.693556613,9.306828571
1548,1401,110.8196382,8.949534058,0.260583719,0,8.621038295,8.309513242
1548,3188,61.8920604,5.940713084,0.378402555,0,5.507443326,5.223935367
1549,1548,84.69735289,8.612488451,0.247909647,0,8.323632827,8.22804889
1549,869,82.74291986,10.11962861,0.353258434,0,9.469873031,9.092068929
1550,1551,16.01349675,1.852714608,0.333528409,0,1.745759808,1.695741669
1550,869,97.00977973,9.864483116,0.247909647,0,9.533636643,9.4241577
1551,1550,16.01349675,1.628339625,0.247909647,0,1.573726482,1.555654689
1552,1553,35.10788662,3.569961253,0.247909647,0,3.450227753,3.41060727
1553,1820,78.08682665,8.43681825,0.291714491,0,8.05630408,7.897333822
1553,1552,35.10788662,3.408990086,0.217860888,0,3.318217868,3.312492309
1553,1821,78.16376079,7.948117198,0.247909647,0,7.681544027,7.593333478
1554,1695,74.30899462,6.235596078,0.298463453,0,5.942296959,5.721171085
1554,1511,75.05699791,5.34597461,0.217860888,0,5.203625715,5.1946469
1555,1970,54.92641212,5.826724839,0.270153274,0,5.598356588,5.484471367
1555,1556,45.32417397,6.778658223,0.337824256,0,6.377962438,5.719428215
1555,1971,135.4281105,21.47151855,0.281776058,0,20.56270615,17.84538021
1556,1555,45.32417397,7.157318791,0.27918946,0,6.85944105,5.954913162
1556,1565,142.6433836,21.33366503,0.337824256,0,20.07260283,18.00007637
1557,1515,108.5329636,10.16137784,0.13643696,0,10.03716331,9.971316271
1557,1971,355.6935333,44.17005996,0.336698233,0,41.57518237,39.45313325
1558,3669,7.108804262,1.006827189,0.334040474,0,0.948539256,0.829126736
1558,4028,61.8035662,9.246913635,0.305418802,0,8.793148031,7.511715505
1559,1558,86.9415479,8.300393054,0.181915947,0,8.138707608,8.099270407
1561,266,78.48830437,10.64504922,0.3192797,0,10.07814304,9.238220026
1561,2042,79.81334583,10.9140136,0.265185783,0,10.50046636,9.457361807
1562,1561,68.81910198,6.331904143,0.090957973,0,6.287522901,6.249021808
1563,1564,228.8183832,21.42307712,0.13643696,0,21.16119753,21.02237323
1564,3373,103.4409427,13.07394409,0.310264167,0,12.41350803,10.62471311
1564,1630,116.9996162,11.22956511,0.353969028,0,10.50585471,9.868966662
1565,1556,142.6433836,21.45993408,0.279766206,0,20.56342556,18.09504747
1566,1768,22.16545533,2.018463494,0.3678314,0,1.878783573,1.805998507
1566,1567,88.62341832,8.971137158,0.264495114,0,8.632816129,8.545584666
1566,1251,57.03835482,5.473482358,0.377369593,0,5.076306241,4.812651687
1567,1011,73.73902733,7.464425777,0.264495114,0,7.1829261,7.110345248
1567,1566,88.62341832,11.47143353,0.381178028,0,10.62338611,10.07253802
1568,1011,74.64508314,8.926306092,0.349103416,0,8.365592135,8.039592539
1568,2349,78.79299997,7.976027366,0.264495114,0,7.675234085,7.59767864
1569,3916,229.0410913,28.18444279,0.297391097,0,26.86749175,23.06596363
1569,2005,164.8699525,19.14698587,0.359292551,0,17.87842367,15.89183343
1570,3110,222.7284506,36.86867823,0.345326031,0,34.59891915,30.11968577
1570,1262,201.5536698,34.75711757,0.312634504,0,32.97654598,28.12438544
1571,395,294.7892259,23.94083912,0.13643696,0,23.64818194,23.49304222
1572,2059,55.8893424,5.142263536,0.090957973,0,5.106220659,5.074953166
1572,924,76.64608667,7.836161796,0.25635719,0,7.556934935,7.475421583
1573,1574,108.7360315,10.26465502,0.104559289,0,10.17891662,10.03522023
1573,257,55.54752845,7.001533218,0.304274081,0,6.660319601,5.693411217
1573,302,100.3459499,12.31828959,0.291714491,0,11.76271477,10.08660307
1574,1573,108.7360315,14.72453147,0.372239777,0,13.68282903,12.80177369
1574,2033,87.65670862,8.169884817,0.098745822,0,8.106520549,8.024679583
1575,1574,51.00743933,5.569280199,0.304898749,0,5.296839793,5.197949231
1576,2367,85.03300469,8.053597022,0.304898749,0,7.659627755,7.516624582
1577,831,112.2492452,15.12640817,0.352966336,0,14.1566669,13.16908448
1577,3048,127.143744,15.36863291,0.33637801,0,14.46735281,13.86410751
1578,548,80.70799805,7.441203643,0.13643696,0,7.350241015,7.302021057
1579,1851,110.3501375,10.90235834,0.22913232,0,10.58486937,10.4592052
1580,788,73.72415995,7.862414382,0.286378847,0,7.519607311,7.399000244
1580,1290,79.75479257,9.425952821,0.324516339,0,8.908664509,8.558908221
1581,1580,59.56963111,5.687169877,0.181915947,0,5.576388063,5.549366926
1582,892,39.51335588,3.209014484,0.13643696,0,3.169786907,3.14899208
1583,3746,118.4418491,9.535877685,0.311230557,0,9.051400171,8.887035286
1584,3406,17.98266301,2.160418047,0.359097167,0,2.017426134,1.865257226
1584,898,100.1128941,14.90734274,0.308704428,0,14.16125125,12.12664183
1585,898,108.3397353,10.09275554,0.258611889,0,9.727366716,9.452948792
1585,1586,87.29706632,12.83145829,0.306092417,0,12.19923257,10.47411523
1586,3299,105.9037063,15.82378517,0.309263361,0,15.02918363,12.85992937
1587,341,202.4156881,25.41822654,0.302674278,0,24.19144881,20.68964647
1587,2834,35.33333088,4.438362435,0.303696798,0,4.22281728,3.612547126
1588,3155,72.34446345,5.235342275,0.20837684,0,5.106439003,5.05073757
1588,2834,132.3568698,15.60309499,0.325210818,0,14.74342267,12.90455711
1589,2480,88.8347488,8.317136271,0.13643696,0,8.215466083,8.161569969
1590,566,87.69253649,10.3123119,0.319159692,0,9.763506653,9.376969479
1591,815,114.808279,10.22639939,0.349103416,0,9.584018905,9.210538315
1591,1681,113.6242508,12.09956925,0.354803999,0,11.31637932,10.29874434
1592,3860,136.7006592,15.46828957,0.384684067,0,14.30519564,12.93112488
1592,1593,152.224616,12.91879147,0.333528409,0,12.17300647,11.82423505
1592,2470,137.415099,9.78746354,0.217860888,0,9.526849765,9.510411261
1592,2432,124.0079122,9.931837232,0.304898749,0,9.445987416,9.269633393
1593,1285,80.6824064,6.847244624,0.333528409,0,6.451962117,6.267105564
1593,1592,152.224616,17.22489455,0.384684067,0,15.92971771,14.39960517
1594,1220,42.5858701,3.41071729,0.304898749,0,3.243870379,3.183308199
1594,1285,41.91611494,4.742995442,0.384684067,0,4.386359421,3.965032209
1595,1220,37.71355332,4.267456842,0.384684067,0,3.946577591,3.567493167
1595,1596,45.5385201,3.647196065,0.304898749,0,3.468780985,3.404019785
1596,1597,199.1227116,15.94780789,0.304898749,0,15.16766628,14.88449006
1596,1595,45.5385201,5.15288675,0.384684067,0,4.765430121,4.307691665
1597,1596,199.1227116,22.53162334,0.384684067,0,20.83742215,18.83590514
1597,3368,25.10574207,2.010727698,0.304898749,0,1.91236607,1.876662714
1598,1709,114.7177332,8.442228547,0.22913232,0,8.196381328,8.099073426
1598,819,114.4314242,8.058529083,0.194086352,0,7.883165646,7.851824818
1599,3260,77.56608252,7.446765556,0.194086352,0,7.284714841,7.255753253
1600,1599,48.32778602,4.639730158,0.194086352,0,4.538763962,4.520719356
1601,621,148.0491141,14.21351972,0.194086352,0,13.90421617,13.84893766
1602,1601,139.1299664,13.35723306,0.194086352,0,13.06656335,13.01461507
1603,1602,206.2180637,19.79805507,0.194086352,0,19.36722521,19.29022761
1604,4029,85.00721782,9.21246117,0.299463044,0,8.776470169,8.622334529
1604,2711,125.3717781,12.81779123,0.25635719,0,12.36105339,12.22772012
1605,1725,85.67079158,7.414970396,0.219460094,0,7.214960037,7.123904324
1605,714,105.7197969,9.674490242,0.27053115,0,9.294348645,9.12938685
1606,1236,34.58484634,4.021735969,0.338860041,0,3.782655455,3.675668363
1607,1236,69.78993044,8.074490266,0.333528409,0,7.608360467,7.390371698
1607,1608,47.56831203,5.53153221,0.338860041,0,5.202698698,5.055547678
1608,1609,61.84284611,7.191461723,0.338860041,0,6.763950227,6.572641402
1608,1607,47.56831203,5.503514189,0.333528409,0,5.185803489,5.037223919
1609,1608,61.84284611,7.155035917,0.333528409,0,6.741985019,6.548818959
1609,1770,81.28252042,8.199015163,0.338860041,0,7.711607543,7.493495563
1610,3195,11.72029539,1.450685551,0.347032492,0,1.360557773,1.183883132
1610,2865,716.4063121,85.99585592,0.303565102,0,81.82287483,70.86259383
1610,2858,361.6446965,46.11068311,0.309820555,0,43.78751408,37.38398944
1611,3971,6.719972617,0.866360778,0.313981483,0,0.821624825,0.700354407
1611,991,403.6214585,57.18336819,0.334967259,0,53.85586432,47.08938451
1611,2337,139.5975673,16.82242371,0.305643409,0,15.99579394,13.84759461
1612,1613,84.7461043,8.940353501,0.27053115,0,8.589058479,8.436614606
1613,1090,232.9434328,22.61890218,0.217860888,0,22.01662178,21.97863227
1613,418,182.7784085,22.24571868,0.339289618,0,20.92017203,19.91092429
1614,2343,357.6454133,41.16849355,0.328077906,0,38.86318184,37.73492364
1614,1615,42.61936087,4.366354517,0.228690641,0,4.239637838,4.155268401
1614,624,196.0179148,25.58692977,0.313677867,0,24.26806151,22.475263
1615,1614,42.61936087,4.252523787,0.219460094,0,4.137816813,4.085595893
1616,3426,398.6641703,46.60534909,0.34516686,0,43.73861559,42.53884914
1616,4069,99.38275754,10.79435298,0.298397178,0,10.28683417,10.08938713
1618,1617,47.4577241,4.443220292,0.13643696,0,4.388905558,4.360112918
1619,768,154.0691677,15.92137753,0.272534373,0,15.28730555,15.1453225
1619,1618,81.30935846,7.76268252,0.181915947,0,7.611471273,7.574588867
1620,1249,113.0202822,12.34019248,0.304898749,0,11.73652973,11.5174119
1621,1622,80.8047343,8.261334653,0.25635719,0,7.966957558,7.881021472
1622,1623,88.14432205,9.011721262,0.25635719,0,8.690605555,8.596863794
1623,1088,375.2401376,45.86389169,0.366788728,0,42.70671206,41.03178453
1623,417,109.5776722,12.54831615,0.338860041,0,11.80235523,11.4685422
1624,279,90.48295446,14.57503716,0.283357159,0,13.95177914,12.05946594
1624,1303,77.32390653,11.94091609,0.343788824,0,11.21183908,9.9791932
1624,266,78.57670223,10.74490974,0.265185783,0,10.33777008,9.310827592
1625,1814,78.66357288,11.43707384,0.351927191,0,10.70784555,9.727204661
1625,279,130.2264421,20.56374221,0.318966094,0,19.47059646,17.09198594
1625,386,145.7725927,23.79310439,0.28695381,0,22.75188835,19.61558302
1626,1560,185.8898809,17.40390435,0.13643696,0,17.19115586,17.07837631
1627,785,135.9605692,12.98028608,0.181915947,0,12.72743982,12.6657673
1627,1381,96.08448473,9.639736498,0.22913232,0,9.359016497,9.247905724
1628,1629,133.8557225,12.77933435,0.181915947,0,12.53040247,12.46968473
1628,785,111.0506339,11.14122485,0.22913232,0,10.81677982,10.68836239
1629,620,90.44263116,8.634644834,0.181915947,0,8.466448413,8.425423101
1629,1628,133.8557225,13.42915974,0.22913232,0,13.03808746,12.88329854
1630,2100,225.7501403,21.66738646,0.353969028,0,20.27099107,19.04211895
1630,1564,116.9996162,13.46451271,0.365248935,0,12.54484007,11.20781406
1631,1221,78.18153849,8.536301761,0.304898749,0,8.11871934,7.967145052
1631,2083,77.46606196,9.567783993,0.362363971,0,8.923804197,8.571911428
1632,1631,94.79243185,10.4043393,0.311230557,0,9.875738935,9.696404836
1633,555,43.89660698,6.50493654,0.361933053,0,6.068072377,5.501342725
1634,1585,116.1554388,9.619392886,0.181915947,0,9.432014309,9.386310218
1634,899,111.2312663,8.386965471,0.264495114,0,8.070674823,7.989123593
1635,1940,65.22492002,5.784472844,0.25635719,0,5.578354053,5.518182788
1636,1637,95.6902256,9.135637714,0.181915947,0,8.957682326,8.914276674
1637,928,164.7525595,15.72908504,0.181915947,0,15.42269423,15.34796149
1638,1639,80.55780437,9.320301698,0.333528409,0,8.782252829,8.530630618
1639,1638,80.55780437,11.18585882,0.389198429,0,10.32638481,9.652883404
1639,1640,89.11489028,10.71479948,0.339409673,0,10.07592302,9.677816065
1640,1639,89.11489028,12.3740535,0.389198429,0,11.42328364,10.67824095
1640,1197,153.5711881,18.18129173,0.328695187,0,17.15965158,15.02064753
1640,1809,463.2238547,59.5008176,0.312634504,0,56.45265157,48.14622285
1641,767,249.7459221,23.84348298,0.181915947,0,23.37902977,23.26574354
1641,1484,81.66235557,8.394314294,0.264495114,0,8.077746505,7.996123819
1642,2376,73.64516611,8.127418602,0.318559354,0,7.696390137,7.564437307
1643,558,74.17362309,7.36770367,0.372239777,0,6.846467736,6.405614683
1643,476,61.92994173,7.221489631,0.361517224,0,6.737534516,5.986933067
1644,2352,74.93547543,9.054701513,0.344306027,0,8.500307781,8.166807166
1644,2307,76.99512842,10.47442609,0.375784669,0,9.720269124,9.094494477
1645,2382,31.18304724,2.141529899,0.13643696,0,2.115351448,2.101474058
1645,2362,80.78423153,5.689014916,0.194086352,0,5.565215002,5.54308957
1646,924,76.34797857,7.024620605,0.090957973,0,6.975384013,6.932670863
1646,1374,89.1546463,9.734407623,0.304898749,0,9.258215752,9.085367375
1647,2059,86.18978684,6.35665823,0.198238307,0,6.213174265,6.082820229
1647,981,121.152848,8.443092833,0.202481675,0,8.245371489,8.257992011
1648,3198,119.5049345,11.53597723,0.205690482,0,11.25831586,11.22486786
1648,764,245.5346633,33.62168201,0.378100864,0,31.17319841,29.12812167
1649,1741,93.28200358,8.905722445,0.181915947,0,8.732245635,8.689932367
1650,3898,47.39308956,5.201826504,0.311230557,0,4.937543755,4.84788262
1652,1680,135.2159523,12.31029675,0.366788728,0,11.46288026,11.01331407
1652,1679,111.5784139,9.861013028,0.361427037,0,9.20047313,8.903892885
1653,1530,142.1830974,14.30663189,0.376577102,0,13.27252704,12.02622414
1653,280,68.98796821,7.071619165,0.384684067,0,6.539888922,5.911706663
1654,1449,106.8832755,10.75472195,0.376577102,0,9.977354481,9.040471416
1654,1140,66.28372434,6.794420354,0.384684067,0,6.283533285,5.679975001
1655,1654,24.11679856,2.472095052,0.384684067,0,2.286212913,2.066613098
1656,3437,120.5960195,9.709312208,0.311230557,0,9.216023221,9.048668937
1657,1658,150.2069964,14.42068815,0.194086352,0,14.10687636,14.05079214
1658,1709,111.3784439,8.920338681,0.304898749,0,8.48396978,8.325576365
1658,3833,32.43920483,3.319089177,0.392436845,0,3.060117869,2.860409423
1659,1711,114.0357096,8.693572984,0.28123359,0,8.32690001,8.258217343
1659,3366,181.8942499,13.38583657,0.22913232,0,12.99602591,12.84173636
1659,2090,252.5240362,19.43736441,0.262881322,0,18.71244641,18.36885574
1660,879,115.0841545,8.46919397,0.22913232,0,8.222561488,8.124942773
1661,1660,114.9237576,8.457390153,0.22913232,0,8.211101411,8.113618751
1662,3359,61.95739033,6.898963236,0.34364713,0,6.478054231,5.797012761
1662,1245,114.3980306,8.418701212,0.22913232,0,8.173539136,8.076502417
1663,751,83.43246889,9.559022984,0.320153427,0,9.047379487,7.971850308
1664,2689,36.46047523,5.950245399,0.29690064,0,5.673055107,4.905837197
1664,2373,60.51582716,9.636211031,0.32465114,0,9.106978141,7.991546957
1664,3660,17.01326967,1.824024475,0.284617001,0,1.745389472,1.711903726
1665,1848,299.1082675,24.0815208,0.311230557,0,22.85804083,22.44296038
1666,2706,15.4626392,1.807224074,0.344078326,0,1.696708272,1.649321576
1666,2486,632.6515686,72.7066264,0.311782172,0,69.00063596,59.02775273
1667,276,81.69937238,12.32385246,0.299274536,0,11.74128579,10.37671047
1667,993,82.90492325,8.476054297,0.25635719,0,8.174026073,8.085856429
1667,3738,214.4726754,26.48938359,0.362363971,0,24.70646,23.73220906
1668,453,90.55315497,13.74860408,0.345994093,0,12.89916035,11.49710764
1668,3143,96.79291353,11.8847142,0.342676813,0,11.16340685,9.719750422
1669,220,122.7541259,12.55016705,0.25635719,0,12.1029655,11.9724161
1670,1364,98.11641952,9.878494824,0.25635719,0,9.526493274,9.423735158
1670,603,366.5415415,46.72693013,0.358099086,0,43.65011426,41.40942355
1671,1827,75.40641655,13.1517826,0.310250074,0,12.48747009,10.65281259
1671,1500,152.4536587,21.48351013,0.372945201,0,19.95829395,18.45247007
1672,1673,251.3829036,33.36304291,0.389608272,0,30.79456283,29.21620939
1673,3055,73.31514441,10.02223931,0.380313441,0,9.284438173,8.690888743
1673,2312,74.52590043,13.14675118,0.315289154,0,12.46267444,10.61741538
1673,1672,251.3829036,31.04814237,0.362363971,0,28.95838194,27.81646477
1674,3673,15.76771076,1.620809477,0.264495114,0,1.559685238,1.543925187
1675,1712,117.1715207,8.251493098,0.194086352,0,8.071930529,8.039839235
1676,1684,115.220472,12.07427212,0.38318077,0,11.17294663,10.33058028
1676,881,112.9727506,13.1223263,0.324920286,0,12.40052764,10.90078646
1677,1960,115.2376834,10.89496951,0.194086352,0,10.65788167,10.6155095
1678,2399,114.1577855,10.79287223,0.194086352,0,10.55800614,10.51603104
1679,493,112.1300891,10.76509807,0.194086352,0,10.53083639,10.48896931
1679,1652,111.5784139,10.15829392,0.366788728,0,9.45901705,9.088040984
1679,30,121.5339027,10.09962997,0.334081314,0,9.514803045,9.3083988
1680,1957,114.4928136,9.909571367,0.219460094,0,9.642271994,9.520582624
1680,1681,152.4040123,13.87512779,0.366788728,0,12.91999142,12.41327835
1680,1652,135.2159523,13.94976835,0.367798853,0,12.98458715,11.9875139
1681,494,111.8417069,10.13253986,0.362363971,0,9.450547981,9.077884101
1681,1958,116.099288,8.706780899,0.25635719,0,8.396531166,8.305961457
1681,1591,113.6242508,10.12093361,0.349103416,0,9.485178054,9.115549203
1681,1680,152.4040123,16.22913143,0.354803999,0,15.17864012,13.81368807
1682,815,113.6514323,12.10246374,0.354803999,0,11.31908645,10.30120803
1682,1683,114.2347774,11.74126092,0.395622013,0,10.81132479,10.10522039
1683,1959,113.6075952,9.79144508,0.350262407,0,9.172600207,8.924123429
1683,1682,114.2347774,12.16458274,0.354803999,0,11.37718456,10.35408162
1683,881,114.1072894,11.72815747,0.395622013,0,10.79925916,10.09394278
1683,488,114.5968462,8.820786699,0.262881322,0,8.491814781,8.335891376
1684,1960,114.2282273,7.999436187,0.181915947,0,7.843613155,7.805605875
1684,491,115.1516658,11.13013961,0.401974227,0,10.22220135,9.764565174
1684,1685,212.4216994,19.33924298,0.366788728,0,18.00796772,17.30170776
1684,1676,115.220472,13.38340991,0.324920286,0,12.64725023,11.11767001
1685,510,89.05831078,8.108024351,0.366788728,0,7.549883983,7.253782788
1685,1684,212.4216994,18.0607283,0.35531498,0,16.88855947,16.52967806
1686,112,132.4572957,12.05914383,0.366788728,0,11.22901621,10.78862201
1686,1421,81.13625609,6.898447195,0.35531498,0,6.450727444,6.313649671
1687,1688,89.65860137,8.424205249,0.362277829,0,7.857446157,7.455227568
1687,112,89.67603626,7.62452485,0.35531498,0,7.129681551,6.978176022
1687,1412,242.7375967,20.70519875,0.338860041,0,19.47433487,18.92353068
1687,2107,199.1575422,17.26552867,0.324516339,0,16.31801107,15.67736207
1688,1689,59.77523159,6.354853989,0.382398884,0,5.882266665,5.410260036
1688,479,82.29549471,7.900814834,0.194086352,0,7.728883451,7.698155998
1688,1687,89.65860137,6.313968839,0.194086352,0,6.176569164,6.152013192
1689,1688,59.77523159,4.507121244,0.264495114,0,4.337147932,4.293322632
1689,1690,79.32922685,8.861442172,0.376194678,0,8.222128917,7.434617829
1690,1050,79.78148689,8.911961714,0.376194678,0,8.269003701,7.477002972
1690,1689,79.32922685,5.981514987,0.264495114,0,5.755939091,5.697777423
1691,1692,81.64463208,9.120083663,0.376194678,0,8.462110586,7.651614183
1691,1050,96.18853455,7.252726188,0.264495114,0,6.979210161,6.908687785
1692,1349,81.10878436,7.422319809,0.27053115,0,7.130673175,7.004113618
1692,1693,252.7766174,29.06276309,0.355760429,0,27.17216277,24.19136675
1692,1691,81.64463208,6.156099206,0.264495114,0,5.92393936,5.86408011
1693,1692,252.7766174,22.18381292,0.341431426,0,20.84647375,20.08069938
1693,1854,80.36207628,9.43904849,0.372470329,0,8.770506323,8.207003878
1693,648,56.67009851,7.041381869,0.348700263,0,6.600016448,5.740337207
1694,2378,163.9619608,15.7412395,0.194086352,0,15.3986909,15.33747086
1694,287,76.57139057,5.453838033,0.217860888,0,5.308617026,5.299457049
1694,1511,77.96767639,6.759237621,0.324516339,0,6.388296382,6.137490346
1695,1696,187.1961959,15.70845994,0.298463453,0,14.96959273,14.41254143
1695,1554,74.30899462,5.292697678,0.217860888,0,5.151767403,5.142878069
1696,1697,340.785627,38.98550897,0.298463453,0,37.15177642,35.76927752
1696,1695,187.1961959,13.33314865,0.217860888,0,12.97812284,12.95572919
1697,1696,340.785627,33.09042314,0.217860888,0,32.20931436,32.15373744
1697,1698,91.95877336,7.852821692,0.31553044,0,7.443631845,7.166669492
1698,1699,386.4669363,36.91075762,0.373494004,0,34.28313651,32.49922186
1698,1697,91.95877336,6.972842105,0.273669529,0,6.693033981,6.633469859
1698,2127,92.51351659,6.937983282,0.25635719,0,6.69076132,6.618591004
1698,1277,520.3071215,48.67330634,0.366085877,0,45.33462072,43.16455803
1699,1856,92.93730953,9.344337158,0.198238307,0,9.133414612,8.941793162
1699,1700,284.7661058,25.79899749,0.362363971,0,24.06254178,23.1136825
1699,1698,386.4669363,36.15292354,0.366085877,0,33.67305819,32.06120733
1700,1699,284.7661058,23.1727451,0.324561148,0,21.90072013,21.53580009
1700,1701,205.6142913,18.62806871,0.362363971,0,17.37426743,16.68914716
1701,1700,205.6142913,15.67511488,0.28123359,0,15.01397808,14.89013847
1701,1702,117.6651205,10.66012452,0.362363971,0,9.942622453,9.550554578
1701,1891,97.30364187,8.195717293,0.217860888,0,7.97748743,7.963722339
1701,3141,82.59165159,6.878104931,0.194086352,0,6.728428965,6.701678984
1702,3139,19.58282984,1.774148565,0.362363971,0,1.654735769,1.5894845
1702,1701,117.6651205,8.970263053,0.28123359,0,8.591919989,8.521051362
1703,628,360.5502713,27.48674173,0.28123359,0,26.32742032,26.11026418
1703,2822,60.4674045,7.611535356,0.307698549,0,7.232871793,6.191984638
1704,3220,55.26079704,6.110799228,0.358099086,0,5.70842304,5.415392639
1704,1705,55.17580924,4.893267329,0.25635719,0,4.718904968,4.668004204
1705,1535,91.67931948,8.13058159,0.25635719,0,7.840863635,7.756287668
1705,1704,55.17580924,5.104238404,0.277498458,0,4.894152307,4.797459181
1706,1707,78.19573828,7.994595465,0.25635719,0,7.709723119,7.626561708
1706,1535,91.2817781,7.900611981,0.219460094,0,7.687501994,7.590482611
1707,1708,139.7315642,14.28591064,0.25635719,0,13.77685913,13.62825418
1707,1706,78.19573828,7.802304641,0.219460094,0,7.591846382,7.496034212
1708,1707,139.7315642,13.94229732,0.219460094,0,13.56621977,13.39500859
1709,1658,111.3784439,11.39593247,0.392436845,0,10.50676698,9.821077677
1709,1598,114.7177332,8.078691635,0.194086352,0,7.902889437,7.871470194
1709,187,112.1962064,8.368577435,0.247909647,0,8.087902382,7.995025441
1709,188,148.6992591,15.87815337,0.385310339,0,14.68063584,13.50079599
1710,3365,8.506077206,0.599017892,0.194086352,0,0.585982531,0.583652861
1711,1659,114.0357096,8.777594708,0.262881322,0,8.450233639,8.29507373
1711,676,109.9402432,8.946349932,0.324561148,0,8.455256607,8.314371167
1712,1244,114.8867079,8.090591229,0.194086352,0,7.91453008,7.883064558
1713,2952,12.22516449,0.860924735,0.194086352,0,0.842189961,0.838841696
1713,677,103.6746162,11.5441816,0.34364713,0,10.83986563,9.700264485
1714,926,139.0096666,15.31794421,0.379007068,0,14.19746134,12.90950803
1715,3357,49.56113012,4.97225162,0.22913232,0,4.827454044,4.770142237
1715,1716,259.2124903,24.8858081,0.194086352,0,24.34426251,24.24747787
1715,1313,128.6057804,19.58470454,0.376194678,0,18.17175606,16.43127504
1716,1715,259.2124903,24.8858081,0.194086352,0,24.34426251,24.24747787
1716,1314,108.5766894,15.99693986,0.361979545,0,14.9223478,13.55579086
1716,2456,145.3197284,16.87961011,0.308427148,0,16.03620657,15.40843287
1717,2223,80.4608214,12.06691853,0.251520685,0,11.65150009,9.813539263
1717,2179,90.39426521,12.03909508,0.343432119,0,11.30543456,10.07923384
1719,1718,247.1026055,22.73540291,0.090957973,0,22.57604715,22.43780471
1720,1719,228.6718851,21.0396302,0.090957973,0,20.89216036,20.76422905
1721,571,72.84288361,11.37384551,0.354571128,0,10.63852555,9.478517725
1721,907,78.80244115,12.61267952,0.28323188,0,12.07377223,10.45463755
1722,860,63.61194801,7.157148231,0.305082317,0,6.806643746,6.605469608
1722,2914,101.3562923,14.75459362,0.385310339,0,13.64181406,12.54546129
1722,1044,408.4288692,40.07301306,0.197491644,0,39.17436898,38.71595816
1723,3128,21.93042383,1.69705776,0.27053115,0,1.630374944,1.601438051
1723,3130,61.46921423,4.686138246,0.28123359,0,4.488488758,4.451466412
1724,714,128.4635817,11.11876799,0.219460094,0,10.81885192,10.68231364
1724,636,151.1784101,13.15644315,0.22913232,0,12.77331269,12.6216672
1724,1112,83.75585604,9.522157286,0.325174558,0,8.997629985,8.772137687
1725,1349,179.6590674,15.54983492,0.219460094,0,15.13039587,14.93944416
1725,1605,85.67079158,7.83979218,0.27053115,0,7.531741725,7.398063758
1726,1692,84.43238702,7.031398528,0.194086352,0,6.878386707,6.851040544
1727,1728,70.75232109,5.892143809,0.194086352,0,5.763923562,5.741008131
1727,374,70.22030128,6.261275795,0.264495114,0,6.025149512,5.964267571
1728,2265,258.3691876,24.80484646,0.194086352,0,24.2650627,24.16859293
1728,1727,70.75232109,6.308713968,0.264495114,0,6.070798689,6.009455479
1729,1728,68.85118409,6.13919685,0.264495114,0,5.907674429,5.84797953
1730,1167,71.04321706,5.916369175,0.194086352,0,5.787621754,5.764612108
1731,1730,69.14183631,5.758025128,0.194086352,0,5.632723467,5.610329644
1732,3370,166.4565455,15.1640306,0.34392711,0,14.23747032,13.55364472
1732,2032,113.9138204,10.98580055,0.382201985,0,10.16960613,9.646965779
1733,1773,81.12338733,7.807859117,0.158478818,0,7.686929612,7.585716699
1733,1386,226.5074285,22.72450054,0.22913232,0,22.06273745,21.80080738
1733,481,93.29100253,10.36404131,0.292630292,0,9.893910003,9.603492939
1734,1387,289.7298792,24.12825597,0.194086352,0,23.60319565,23.50935724
1734,3397,63.8393957,10.5502716,0.340844781,0,9.916274883,8.659968877
1734,1520,55.71494007,8.058529126,0.340886485,0,7.574158865,6.597533913
1735,1853,168.0207105,24.24492903,0.37943721,0,22.4677192,20.66746005
1736,1737,50.52766659,5.913380208,0.322208436,0,5.593107926,5.389735081
1736,747,52.17542437,8.402628666,0.293693136,0,8.018925709,6.953323322
1737,1736,50.52766659,6.643021207,0.332858675,0,6.260950854,5.828065486
1738,300,96.12555896,9.22857618,0.194086352,0,9.027751089,8.991859772
1739,1738,46.5777532,4.471717494,0.194086352,0,4.374407459,4.357016279
1740,1741,70.34735548,6.586257627,0.13643696,0,6.505746014,6.463066217
1740,2360,96.66780878,9.088429468,0.181915947,0,8.911393662,8.868212308
1741,1649,93.28200358,8.733509645,0.13643696,0,8.626749633,8.570155365
1741,1740,70.34735548,6.71612957,0.181915947,0,6.585304391,6.553394415
1742,635,244.6303103,16.80025431,0.13643696,0,16.59488494,16.48601713
1742,3162,105.5409704,7.432442492,0.194086352,0,7.270703464,7.241797581
1743,2018,78.21335347,8.384167496,0.331983252,0,7.904297965,7.499155804
1744,1743,80.86099334,9.99266408,0.331983252,0,9.42073192,8.937863523
1745,1746,76.43612684,7.378485434,0.205690482,0,7.200891429,7.179497877
1745,1744,77.83713897,9.618981298,0.331983252,0,9.068436949,8.603625758
1746,1747,77.39236199,7.470792141,0.205690482,0,7.29097639,7.2693152
1746,1745,76.43612684,8.943599375,0.313677867,0,8.482605053,8.143876843
1747,1746,77.39236199,7.388723107,0.181915947,0,7.244796309,7.209690676
1747,2376,138.155663,17.3195576,0.37641875,0,16.06864949,15.45242274
1747,2356,78.5242441,9.176883488,0.344267534,0,8.615125168,8.375784261
1748,1749,65.51357302,6.874661037,0.262881322,0,6.618270026,6.496747921
1749,1748,65.51357302,7.230022826,0.318559354,0,6.846586733,6.729203586
1749,3897,98.71784509,15.10323777,0.349383466,0,14.15310457,12.65995192
1749,2439,63.21975459,8.818340738,0.392436845,0,8.13029136,7.599694854
1750,1751,42.47119993,6.391166137,0.337236245,0,6.014591039,5.383044815
1750,2388,214.7649087,26.56490464,0.295831253,0,25.33556254,21.70916906
1750,3676,63.36323983,7.886456754,0.302746016,0,7.505661168,6.434812189
1751,1752,73.42798353,7.366708734,0.22913232,0,7.152181865,7.067270758
1751,1750,42.47119993,5.748618034,0.339810969,0,5.40510298,4.995144037
1751,1864,120.6450524,17.6162894,0.355231895,0,16.4734605,14.96493044
1752,1751,73.42798353,7.507148562,0.25635719,0,7.239645467,7.161554578
1753,1754,49.6199206,5.966090492,0.339409673,0,5.610358702,5.388689401
1753,2381,86.53416617,12.64566093,0.363971284,0,11.78750923,10.74452359
1753,1508,88.78037573,14.39962421,0.287099235,0,13.76889335,11.89239648
1754,1753,49.6199206,7.223026733,0.319908109,0,6.836963239,6.142573791
1755,1359,83.95762884,7.724768888,0.090957973,0,7.670624853,7.623654457
1755,2098,104.173406,9.745136853,0.366085877,0,9.076681169,8.642201585
1755,2097,243.3967829,22.7600668,0.358099086,0,21.26139067,20.16998
1756,1152,109.3476483,11.17951224,0.25635719,0,10.78115139,10.66485982
1757,2886,404.060024,25.13768615,0.13643696,0,24.8303985,24.66750306
1758,1926,85.089055,10.23074999,0.339409673,0,9.62073527,9.240613109
1758,842,81.88423731,13.53241104,0.340844781,0,12.71920883,11.10779541
1758,2109,90.35214808,9.430589971,0.254960616,0,9.097856003,8.925096534
1758,2455,155.6188701,22.25784967,0.373358401,0,20.67441303,19.02207463
1759,1760,79.68243674,13.39395398,0.345326031,0,12.56937739,10.94212498
1759,3425,133.5655271,22.4512527,0.345326031,0,21.06907853,18.34144072
1759,1616,362.9319872,37.10553136,0.25635719,0,35.78334567,35.39736637
1760,1761,80.37182403,13.45771913,0.343580304,0,12.63695282,11.00583281
1760,1759,79.68243674,13.29067391,0.341794708,0,12.48787452,10.88073614
1760,1127,244.4135464,33.61949044,0.381745192,0,31.12724734,29.0892724
1761,1762,27.8766131,4.546286268,0.33764986,0,4.277805628,3.745735745
1761,1760,80.37182403,12.6528612,0.359255898,0,11.81471842,10.52012426
1761,1400,74.47343559,11.04469976,0.370862963,0,10.26867884,9.342627954
1762,1761,27.8766131,3.826078136,0.352051984,0,3.581967007,3.311927011
1764,1763,44.92700955,4.313237131,0.194086352,0,4.219375822,4.202600996
1765,1764,46.73648508,4.486956618,0.194086352,0,4.389314961,4.371864514
1766,509,160.0658103,11.93911248,0.247909647,0,11.53868468,11.40618089
1767,1948,81.98135055,11.38352541,0.389198429,0,10.50886353,9.823460612
1767,495,370.7891106,56.05764171,0.306589956,0,53.28732386,47.17360787
1767,275,81.87178097,11.5195596,0.383631037,0,10.65776871,9.902705912
1768,1566,22.16545533,1.733950617,0.277498458,0,1.66258269,1.629735261
1768,1189,76.83230609,6.996617153,0.3678314,0,6.512443457,6.260147965
1769,3055,218.1283759,31.00322172,0.371702753,0,28.81572737,26.55089143
1770,1471,84.42896405,8.516398764,0.338860041,0,8.010123612,7.783568524
1770,1609,81.28252042,8.157485951,0.333528409,0,7.68656492,7.466335498
1771,2598,187.7445027,18.0244928,0.194086352,0,17.63225782,17.56215787
1772,1158,153.4469534,17.15897628,0.273168028,0,16.47271616,15.84984062
1772,1870,76.26786471,8.472878186,0.292630292,0,8.088533396,7.851109757
1773,1733,81.12338733,9.01229609,0.292630292,0,8.603482346,8.350943352
1773,1304,210.2582728,20.23666696,0.158478818,0,19.92323788,19.66091091
1774,1387,220.8909491,17.36157855,0.045478987,0,17.29444275,17.22788435
1775,2601,18.94951729,1.819256666,0.194086352,0,1.779667418,1.772592056
1775,2732,132.7799669,16.48631329,0.297610092,0,15.71492838,13.45937005
1776,2734,22.00166779,3.346375264,0.349149648,0,3.136118138,2.810277228
1776,2672,255.991766,31.90497163,0.299343021,0,30.3961421,26.02118666
1777,3436,131.9356546,9.656431104,0.219460094,0,9.395959901,9.277379089
1778,968,85.24542264,6.239151599,0.219460094,0,6.070857609,5.994240932
1779,1778,87.01891204,6.368954102,0.219460094,0,6.197158837,6.118948187
1780,3234,12.29050074,0.715827432,0.304898749,0,0.680810283,0.66809974
1781,3235,65.41192586,4.606461123,0.194086352,0,4.506218902,4.488303684
1782,3963,120.5550002,8.489765657,0.194086352,0,8.305017985,8.272000013
1783,3482,291.8870494,20.55537011,0.194086352,0,20.10806014,20.02811723
1784,1131,148.7413106,10.47471169,0.194086352,0,10.24676917,10.20603144
1785,3097,923.2823007,79.91184395,0.219460094,0,77.75631321,76.7749971
1786,1342,45.09565564,6.809460166,0.371030381,0,6.330614598,5.726889007
1787,1788,83.94249593,7.859100037,0.13643696,0,7.763028967,7.712100987
1787,742,248.4707906,25.40321889,0.25635719,0,24.49802305,24.23377359
1788,1787,83.94249593,8.014070682,0.181915947,0,7.857962581,7.819885769
1789,1596,95.79161024,9.196515287,0.194086352,0,8.99638788,8.960621253
1790,2358,90.0415505,11.1746891,0.366987619,0,10.40467241,9.998121431
1790,2434,88.66070105,10.71316595,0.344306027,0,10.05722914,9.662644356
1791,1790,31.70925915,3.044261244,0.194086352,0,2.9780144,2.966174812
1792,1882,99.71791461,15.51189349,0.359380052,0,14.48370652,12.94185374
1792,1216,79.67931391,10.67207026,0.367144619,0,9.936104498,9.312303135
1793,1948,82.35176754,8.991630913,0.304898749,0,8.551774508,8.392115197
1793,496,297.4355225,28.39645491,0.181915947,0,27.84331322,27.70839471
1793,281,90.1486896,13.47753557,0.368615013,0,12.5411895,11.37081031
1794,1795,74.79683384,7.688587074,0.264495114,0,7.398633789,7.323873289
1795,1796,74.81830632,7.690794293,0.264495114,0,7.400757769,7.325975807
1796,1797,82.8261297,8.513942068,0.264495114,0,8.192862857,8.110076961
1797,454,80.44547324,6.293057187,0.277498458,0,6.034040324,5.914826579
1797,820,92.25208195,9.581585729,0.376964756,0,8.887692299,8.219118229
1798,576,61.25699959,6.262808459,0.25635719,0,6.039645079,5.97449807
1799,2597,179.705038,21.49990024,0.334410006,0,20.25266583,19.44662001
1800,1487,249.9968399,36.39048121,0.385559485,0,33.64265034,30.94357148
1800,1145,42.72151706,5.616778635,0.382201985,0,5.199477836,4.932264248
1801,1488,251.5105874,24.14638355,0.194086352,0,23.62092875,23.52701984
1802,1227,239.0202636,35.10954999,0.3920267,0,32.37543734,29.77828938
1803,2731,80.11228989,7.596791187,0.14070164,0,7.499412179,7.41973542
1803,1527,187.442151,21.47522923,0.333528409,0,20.23549223,19.6557208
1804,1346,87.32969701,10.10378982,0.333528409,0,9.520511199,9.247736988
1805,1102,123.3746397,11.84463605,0.194086352,0,11.5868823,11.54081674
1806,1807,82.12969563,8.442353556,0.264495114,0,8.123974103,8.041884304
1807,1808,84.65199897,8.701628553,0.264495114,0,8.373471278,8.2888604
1808,1840,141.8569502,19.95821153,0.287099235,0,19.084004,16.48313602
1808,3614,47.27750544,3.879150108,0.362539111,0,3.617821886,3.212278396
1809,2296,89.76912342,9.854314751,0.261821768,0,9.489483171,9.157805087
1809,1640,463.2238547,57.23718302,0.300256357,0,54.51515562,46.79370554
1809,2623,166.6528534,21.40645594,0.312634504,0,20.30982509,17.32144262
1810,2356,91.4437389,12.75522269,0.392436845,0,11.75999884,10.99252151
1810,1362,166.6336931,20.5114317,0.29843172,0,19.54683918,16.78583132
1810,1811,437.3920548,55.76867745,0.309820555,0,52.95891504,45.21415664
1811,1104,150.7695694,21.18545865,0.329892668,0,19.98698135,17.4840678
1811,1810,437.3920548,53.3548685,0.29794747,0,50.85322265,43.77227651
1811,361,153.4902554,19.49786077,0.30835249,0,18.5240685,15.82324726
1812,3966,48.83849425,4.620758031,0.123954823,0,4.57183285,4.514550123
1812,1813,100.0015753,12.75047303,0.309820555,0,12.108073,10.33737774
1812,361,241.0204487,30.38921002,0.305291242,0,28.8990935,24.71049314
1813,1122,232.8335975,30.31598004,0.373494004,0,28.15783119,26.69264531
1813,380,137.3453527,14.64736101,0.277498458,0,14.04448813,13.76701301
1813,1812,100.0015753,12.60875951,0.305291242,0,11.99049662,10.25260825
1813,3111,293.3618211,37.26573995,0.30835249,0,35.40455682,30.2425494
1814,1625,78.66357288,11.51417105,0.299334789,0,10.96967776,9.782384127
1814,1036,82.59593375,11.61670822,0.367798853,0,10.81295089,9.982635386
1815,3675,349.4876505,44.32251075,0.388421281,0,40.92954905,37.64038597
1815,1517,259.0963109,38.43621951,0.30710232,0,36.53088731,31.29767517
1815,264,347.6201901,48.89105474,0.367798853,0,45.50829411,42.01375846
1815,3670,358.1503535,58.40932069,0.33764986,0,54.95996205,48.12408797
1816,1817,74.11217726,8.661995486,0.344078326,0,8.132295048,7.90517139
1816,2320,50.23156603,6.540375486,0.373494004,0,6.07477603,5.75867654
1817,1816,74.11217726,8.955219671,0.344306027,0,8.406916931,8.077080408
1818,2018,122.1702185,12.96092225,0.353258434,0,12.12873444,11.64485407
1818,622,80.39611987,9.544099709,0.345930832,0,8.954626648,8.264788744
1818,1819,83.98977412,8.155441265,0.217860888,0,7.938283845,7.924586399
1819,1820,78.25002596,7.598109382,0.217860888,0,7.395792208,7.383030827
1819,1818,83.98977412,9.618869125,0.322502504,0,9.097027095,8.829350139
1820,1553,78.08682665,8.07197456,0.273669529,0,7.748060146,7.679106903
1820,1819,78.25002596,8.961528551,0.322502504,0,8.475348504,8.22596423
1821,623,79.6728242,7.649024209,0.194086352,0,7.482572098,7.452823896
1821,1553,78.16376079,7.462369291,0.181915947,0,7.31700792,7.281552376
1821,2356,122.671922,15.97243516,0.373494004,0,14.83538161,14.06342615
1822,3874,59.52358404,4.110743068,0.28123359,0,3.937362297,3.9048858
1822,3707,50.17927214,4.271054981,0.362277829,0,3.983709271,3.779785262
1822,3241,69.84430443,7.398319298,0.322931863,0,6.99595912,6.642269558
1823,975,52.11879048,5.003687194,0.194086352,0,4.894800848,4.875340758
1825,1826,85.24228371,8.218134839,0.381389999,0,7.609967329,7.216464317
1825,1850,84.48371712,8.715896783,0.367798853,0,8.112845925,7.489868733
1825,695,110.2174397,10.58147333,0.194086352,0,10.35120755,10.31005461
1826,1825,85.24228371,9.252139462,0.364838573,0,8.62150153,7.830615359
1826,2330,84.57940792,8.154227557,0.381389999,0,7.550789385,7.160346399
1827,1671,75.40641655,10.62614389,0.372945201,0,9.871743586,9.12693507
1828,2117,212.2567812,15.831973,0.247909647,0,15.30098193,15.12527402
1830,1829,66.23669792,6.262246714,0.194086352,0,6.125972576,6.10161776
1831,1830,114.5868095,10.83343364,0.194086352,0,10.59768489,10.55555204
1831,705,114.7185716,8.745631332,0.28123359,0,8.376762667,8.30766872
1831,676,113.7808308,8.757976096,0.262881322,0,8.431346704,8.27653359
1832,2954,56.08941532,6.245563478,0.34364713,0,5.864518701,5.247978565
1833,2953,32.37239297,2.886510234,0.181915947,0,2.830283174,2.816568657
1834,1833,37.2507452,3.502207971,0.181915947,0,3.43398758,3.417347732
1835,701,114.7501487,8.559072858,0.247909647,0,8.272008748,8.177017632
1835,187,112.2001461,10.81786588,0.381178028,0,10.01813468,9.498670328
1836,461,101.1770702,13.33120014,0.312902763,0,12.64717575,11.68472785
1836,1837,30.29205617,2.908202054,0.194086352,0,2.844916025,2.833605591
1836,2319,208.0522596,22.83352063,0.311414513,0,21.6721823,21.28185654
1836,1261,175.9230157,17.98606132,0.25635719,0,17.34516191,17.15806724
1837,1836,30.29205617,3.247668022,0.284617001,0,3.107658725,3.048037494
1838,908,95.97696902,9.163013384,0.181915947,0,8.984524739,8.940989018
1839,1226,24.25453287,4.061257721,0.343580304,0,3.813567644,3.321329792
1839,1488,74.93228682,10.657441,0.380099388,0,9.873696873,9.130163724
1840,792,77.63593261,10.92279485,0.287099235,0,10.44435571,9.020944235
1840,1808,141.8569502,18.73889495,0.376194678,0,17.38696784,15.72165341
1841,3553,226.602126,17.95889249,0.291714491,0,17.14891735,16.81052796
1842,2218,80.44497728,9.34915481,0.291714491,0,8.927492784,8.527481954
1842,2295,79.06293286,7.932038577,0.22913232,0,7.701048666,7.60962138
1843,1844,59.4423301,5.008548419,0.329423924,0,4.725954691,4.59654127
1843,115,64.2949313,4.901558291,0.28123359,0,4.694822929,4.656098679
1844,3849,120.296994,10.13609861,0.329423924,0,9.564196798,9.302295127
1844,1843,59.4423301,4.233811588,0.217860888,0,4.121076596,4.113965711
1845,1266,315.652035,33.04825364,0.254311691,0,31.88759681,31.23453796
1845,348,106.1839134,15.94279411,0.371316509,0,14.8200838,13.43429946
1846,1847,107.3046323,10.04637556,0.13643696,0,9.923566839,9.858465032
1847,2323,76.68390687,7.179516033,0.13643696,0,7.091752321,7.045228133
1848,2247,126.2890945,10.16766765,0.311230557,0,9.651091567,9.475836852
1849,1850,270.9548523,26.01313868,0.194086352,0,25.447061,25.345892
1849,2854,129.776029,12.60130526,0.217860888,0,12.26576646,12.24460198
1850,1825,84.48371712,8.14500209,0.381389999,0,7.542246631,7.152245381
1850,1849,270.9548523,26.30982648,0.217860888,0,25.60926671,25.56507813
1850,1081,114.347779,12.176616,0.354803999,0,11.38843893,10.36432392
1851,1852,82.6773478,8.498648337,0.264495114,0,8.178145886,8.0955087
1851,1331,88.99303054,9.395816979,0.284617001,0,8.990756572,8.818266597
1852,1851,82.6773478,7.937474807,0.194086352,0,7.764745658,7.733875629
1853,1735,168.0207105,16.13090154,0.194086352,0,15.77987342,15.71713792
1853,745,91.10335643,12.94878553,0.371702753,0,12.03515806,11.08922815
1854,1974,161.4537208,18.96378952,0.372470329,0,17.62063582,16.48851516
1854,1693,80.36207628,10.23949442,0.3920267,0,9.442106496,8.684663521
1855,1147,71.84183672,7.661659436,0.277498458,0,7.346312072,7.201171947
1856,1699,92.93730953,10.34807465,0.300107716,0,9.856399347,9.586972405
1856,2125,371.7861028,37.38105517,0.198238307,0,36.53728132,35.77071951
1857,1856,95.62832733,9.129728226,0.181915947,0,8.951887951,8.908510376
1858,3200,77.55897879,7.261444473,0.13643696,0,7.172679253,7.125624158
1858,1859,254.9436286,28.13536447,0.318559354,0,26.64323719,26.18644505
1859,958,84.03104201,8.591186708,0.25635719,0,8.285055957,8.195688682
1859,1858,254.9436286,23.8690482,0.13643696,0,23.57726861,23.4225941
1859,465,90.79376492,12.63172158,0.362524653,0,11.78081833,10.89182686
1859,957,399.6342086,53.27814078,0.363405352,0,49.67302416,46.55221854
1860,1883,79.38648562,8.636532013,0.2734148,0,8.290551134,8.05661849
1860,2502,50.06170467,6.245350552,0.372164059,0,5.803683225,5.58001301
1860,1216,99.86467493,14.40021349,0.353733816,0,13.47330661,12.28045427
1861,1860,146.2847128,14.87502686,0.247909647,0,14.37613097,14.21104353
1862,1861,136.7722055,13.90774328,0.247909647,0,13.44128926,13.28693702
1863,1864,72.23706189,7.563102653,0.254311691,0,7.297485992,7.148033281
1864,2230,99.4366773,13.34057076,0.365192231,0,12.42962591,11.63032884
1864,1863,72.23706189,6.763181026,0.13643696,0,6.68050667,6.636680386
1864,1751,120.6450524,16.32970873,0.339810969,0,15.35390885,14.18936633
1865,1866,73.66763718,8.237773453,0.273168028,0,7.908310012,7.609276575
1865,966,93.12782843,9.521226236,0.25635719,0,9.181955278,9.082913543
1866,1865,73.66763718,7.531650331,0.25635719,0,7.263274162,7.184928401
1866,2104,95.20309507,14.09390571,0.334004859,0,13.27813247,11.92804641
1866,2198,117.1309882,14.71896302,0.352407925,0,13.77810573,13.10734619
1867,692,171.7530714,19.62403845,0.322692881,0,18.55823617,18.03333491
1868,657,82.21764538,11.2332461,0.34843044,0,10.53013621,9.736331998
1868,1869,96.16224192,10.55370674,0.311414513,0,10.01693344,9.836523965
1868,2184,48.53576046,7.15092388,0.361979545,0,6.670561628,6.059685753
1869,1317,300.1539765,28.88883266,0.158478818,0,28.44139731,28.06691272
1869,1868,96.16224192,9.25529939,0.158478818,0,9.111951674,8.99197566
1870,1772,76.26786471,8.528540011,0.273168028,0,8.187447585,7.877859241
1870,2196,92.3809147,8.902427715,0.292630292,0,8.498597796,8.24913749
1872,2178,79.82851836,7.660459147,0.377369593,0,7.104587907,6.735587918
1872,1198,77.92585031,7.937028023,0.389198429,0,7.327180409,6.849291354
1873,423,172.6118774,26.41305956,0.315289154,0,25.03868504,21.33138604
1873,1874,172.4381553,25.86968377,0.311782172,0,24.55105842,21.0026152
1873,1221,81.11462046,9.849950157,0.349103416,0,9.231216666,8.871484461
1874,1873,172.4381553,25.99246552,0.30840699,0,24.69388703,21.07367884
1874,124,50.28572125,7.544013124,0.311782172,0,7.159480903,6.124698164
1874,3441,118.8047618,16.38016256,0.370889378,0,15.22911029,14.1670014
1875,124,184.9975605,27.43588345,0.305683813,0,26.08739539,22.34069605
1875,1256,224.4551796,33.66280311,0.310786255,0,31.95703536,27.33068251
1875,1423,73.59853315,11.09749176,0.373970202,0,10.30561018,9.339975388
1876,1877,18.88092522,2.708047723,0.299968523,0,2.579488059,2.224721859
1876,2023,51.44195442,5.981982872,0.338860041,0,5.626371377,5.467237371
1876,1256,114.8981963,16.76055364,0.302555925,0,15.95220907,13.70898113
1877,1876,18.88092522,2.754218692,0.302555925,0,2.621385507,2.252761626
1877,1008,85.79880851,11.22440524,0.377369593,0,10.4099209,9.869247637
1877,189,98.92111613,14.18802841,0.299968523,0,13.51447744,11.65578312
1878,3442,26.38599598,3.818297125,0.384951789,0,3.530820707,3.25341333
1878,189,46.48724373,6.868164095,0.304440567,0,6.533112983,5.598364285
1878,1104,402.8431839,56.58276099,0.292480937,0,54.01847009,46.74873037
1879,1752,46.98052977,4.510386234,0.194086352,0,4.41223472,4.394693152
1880,1881,106.6358694,15.22789365,0.375906558,0,14.13082855,13.02505223
1880,2208,325.0158175,48.62702947,0.305830924,0,46.23486763,39.50300129
1880,2403,247.0594458,36.68805695,0.302674278,0,34.91735548,29.86293818
1881,1882,70.31326953,10.08552233,0.378973544,0,9.347903618,8.61550884
1881,2505,30.63609732,3.005861781,0.197491644,0,2.938454823,2.904069598
1881,1880,106.6358694,16.51952863,0.356951618,0,15.43821991,13.79862088
1882,1792,99.71791461,13.41801534,0.370817655,0,12.47545437,11.69267237
1882,1881,70.31326953,10.89260186,0.356951618,0,10.17961145,9.098497106
1882,2086,109.0756532,12.98818153,0.3375299,0,12.22166932,11.77504612
1883,1884,68.31825944,6.522409824,0.181915947,0,6.39535816,6.364368594
1883,1860,79.38648562,10.91766416,0.357175948,0,10.20220105,9.445573477
1883,2229,106.5491837,10.76139805,0.219460094,0,10.47112162,10.29323854
1884,1883,68.31825944,6.605152508,0.184336221,0,6.473566611,6.415134089
1885,901,129.70719,12.45259531,0.194086352,0,12.18161162,12.13318161
1886,1885,60.41019279,5.799706885,0.194086352,0,5.673498179,5.650942249
1887,189,215.574542,22.03996399,0.25635719,0,21.2546114,21.0253472
1887,2001,189.7129928,20.23217122,0.277498458,0,19.39943232,19.01616028
1887,3442,192.2456075,20.91458427,0.2734148,0,20.07674262,19.51024162
1888,4032,210.1964365,31.75538059,0.254690412,0,30.63712227,25.77743327
1888,2403,89.18179218,12.86069459,0.29690515,0,12.2615665,10.55125144
1888,3483,103.2751436,12.55060159,0.325421877,0,11.85828111,11.2916142
1889,2279,90.38943328,13.5783185,0.30835249,0,12.90016915,11.01931609
1889,1890,250.8892041,25.65047326,0.25635719,0,24.73646697,24.46964552
1889,2305,87.87787816,13.0497686,0.302674278,0,12.41993845,10.62210609
1890,2280,90.78485903,11.87669229,0.377369593,0,11.01487559,10.44278203
1890,1889,250.8892041,27.53739256,0.311230557,0,26.13833439,25.66368691
1890,3593,65.01555926,8.862027039,0.374626946,0,8.227601227,7.687842432
1891,2162,303.5537887,25.56781008,0.217860888,0,24.88700821,24.84406587
1891,1701,97.30364187,8.058184529,0.181915947,0,7.901217124,7.862930716
1892,632,198.6323019,19.06978071,0.194086352,0,18.65479899,18.58063375
1893,1898,49.60069071,7.168957996,0.30427754,0,6.819577769,5.877550802
1893,3653,10.59952317,1.568608876,0.302058914,0,1.493184902,1.278013799
1894,1893,44.99022429,4.675854002,0.28123359,0,4.478638277,4.441697181
1895,2187,62.27810105,5.057817133,0.13643696,0,4.995989456,4.963214149
1896,1774,316.4768735,24.87443746,0.045478987,0,24.77825005,24.68288989
1897,3932,34.01501298,3.857268965,0.318048946,0,3.653307433,3.225629295
1897,3654,32.58505412,4.076500573,0.301030831,0,3.881714021,3.321430094
1897,3801,29.63409223,3.981132516,0.314018436,0,3.775515625,3.327609594
1897,3653,39.38858738,5.098245067,0.331509588,0,4.807215157,4.302341671
1898,1899,28.23470149,4.080858272,0.30427754,0,3.881977041,3.345737529
1898,1893,49.60069071,7.310418881,0.299343021,0,6.964699225,5.962261195
1899,1898,28.23470149,4.130110212,0.295415179,0,3.939474827,3.375089169
1899,4007,145.3044279,21.00134747,0.30427754,0,19.9778437,17.21819081
1900,1138,17.22908328,2.490178516,0.30427754,0,2.368819298,2.041600849
1900,4006,13.08950985,1.660674327,0.353841102,0,1.553720684,1.473723494
1900,4007,8.641932324,1.25932779,0.293588685,0,1.201858586,1.030142298
1901,624,160.362604,20.24773967,0.349500981,0,18.97317633,17.99315323
1901,1478,177.0720874,25.16400477,0.299428838,0,23.9733375,20.72618171
1901,1138,109.7035654,15.98632614,0.293588685,0,15.25679293,13.07696921
1902,2964,106.3991768,10.21489934,0.194086352,0,9.992610649,9.952883374
1902,2965,97.23869851,9.103954446,0.13643696,0,8.992666049,8.933671252
1903,1525,153.2365213,14.71153901,0.194086352,0,14.39139795,14.33418256
1903,1902,321.9641936,32.30126067,0.22913232,0,31.36061152,30.98829657
1904,1905,78.79273513,7.376954673,0.13643696,0,7.286777436,7.238973819
1905,1563,28.37988359,2.657061143,0.13643696,0,2.624580744,2.607362645
1906,616,127.4593498,12.50567865,0.197491644,0,12.22523669,12.08217936
1907,911,250.665053,25.6550137,0.28123359,0,24.57294995,24.37026519
1908,503,50.20899735,4.820336671,0.194086352,0,4.715440257,4.696693245
1909,3382,36.30261141,2.406944973,0.219460094,0,2.342020381,2.312463137
1910,396,113.4348639,16.88194371,0.364740719,0,15.73182019,14.25992166
1911,463,64.26205863,6.07555748,0.194086352,0,5.943345928,5.919717174
1912,2147,112.5187558,12.81195013,0.320657439,0,12.12420081,10.70189938
1912,1403,93.11536977,11.26813807,0.292487541,0,10.75745282,9.263324865
1912,1913,56.93826173,5.035251534,0.045478987,0,5.015780629,5.041860543
1914,1461,174.1327584,11.54539443,0.219460094,0,11.23397059,11.09219334
1915,3676,48.01978454,5.939708701,0.295831253,0,5.664837248,4.85400351
1915,2776,68.0797263,8.473490604,0.302746016,0,8.064350235,6.913791874
1916,1915,80.52236857,8.078457385,0.22913232,0,7.843203593,7.750088636
1917,1395,41.52143133,3.98628311,0.194086352,0,3.89953672,3.884033467
1919,207,102.1094958,10.24419953,0.22913232,0,9.945876887,9.827798874
1920,514,143.2479933,15.94990145,0.300107716,0,15.19206263,14.77678411
1920,1633,167.2220053,23.55678207,0.365278927,0,21.9475278,20.22566573
1921,2422,56.5463776,4.552608257,0.311230557,0,4.321309534,4.242838631
1922,3468,43.32298206,4.276102338,0.370817655,0,3.975723549,3.726263713
1923,1924,83.72550434,12.46044825,0.364740719,0,11.61154988,10.52515155
1923,1235,103.3632315,11.20175181,0.299463044,0,10.6716152,10.48419631
1923,2069,203.4645765,23.70414187,0.360376746,0,22.12485872,21.66276122
1924,1923,83.72550434,11.92830206,0.361004829,0,11.13101339,10.21362259
1924,1925,156.0109715,15.01554269,0.158478818,0,14.78297931,14.58833353
1924,2184,325.3337655,32.24250027,0.186725127,0,31.58591536,31.01129657
1924,2183,84.70875562,13.62624648,0.367094561,0,12.68679267,11.25856589
1925,295,82.72151906,12.47309338,0.373970202,0,11.58305325,10.49772216
1925,1926,170.655484,17.02785989,0.219460094,0,16.56855281,16.35945097
1925,2455,82.42337381,12.85056828,0.324508311,0,12.14537219,10.7223158
1926,1758,85.089055,10.10677407,0.329753908,0,9.535470671,9.164133209
1926,992,157.2546002,20.33741848,0.339317703,0,19.12539535,17.92842259
1927,992,190.2805481,17.81497972,0.13643696,0,17.59720617,17.48176281
1927,274,85.84946121,13.27304476,0.351875638,0,12.42698446,11.09380625
1928,2344,50.57121153,4.734719953,0.13643696,0,4.676841874,4.646160279
1929,1074,307.3663352,23.60424204,0.302655397,0,22.46514466,21.57734533
1930,3879,303.6461647,20.13242523,0.219460094,0,19.58937605,19.3421502
1931,1303,78.78593599,12.90960875,0.289124575,0,12.33681035,10.63201321
1931,1467,81.0082337,12.5098765,0.343788824,0,11.74606045,10.4546815
1932,2722,174.1871554,16.72291376,0.194086352,0,16.35900273,16.29396481
1933,2281,148.6896211,17.36543869,0.313981483,0,16.4687459,14.0379872
1934,206,168.2622821,15.7535238,0.13643696,0,15.56094985,15.45886499
1934,762,81.33859103,7.483796602,0.090957973,0,7.431341577,7.385836411
1935,2692,183.5559118,14.90720205,0.13643696,0,14.7249737,14.62837311
1936,682,53.45836184,6.184975677,0.333528409,0,5.827925093,5.66094796
1937,1059,93.55424399,13.47654899,0.301198714,0,12.83194134,11.06126961
1937,1051,135.6492773,18.8575893,0.365839249,0,17.56569056,15.59820984
1938,1178,77.8928427,7.857096397,0.338860041,0,7.390014854,7.180998671
1938,1961,113.0817463,9.183754551,0.13643696,0,9.071490663,9.01197875
1939,1938,64.10671093,6.55415796,0.25635719,0,6.32061289,6.252435204
1940,2237,26.77335997,2.374395762,0.25635719,0,2.289788643,2.265089695
1941,227,88.7119865,10.26371666,0.333528409,0,9.671205671,9.394113881
1941,959,187.2292144,18.47135454,0.20837684,0,18.01655753,17.82003152
1942,227,102.058883,10.37790345,0.247909647,0,10.02983729,9.914660258
1943,2087,165.660505,11.89567569,0.185932235,0,11.65518602,11.49279425
1943,1162,114.3828436,8.624598026,0.264495114,0,8.299345739,8.215483873
1944,3342,24.26004252,1.608495509,0.219460094,0,1.565108179,1.545355881
1945,1766,68.81744861,5.133009093,0.247909647,0,4.960852282,4.903884633
1946,3724,158.3524088,15.11805651,0.181915947,0,14.82356808,14.75173849
1946,2077,197.929807,18.72673921,0.123954823,0,18.52845808,18.29630598
1947,1946,56.99106217,5.243630507,0.090957973,0,5.206877135,5.174993281
1948,1793,82.35176754,12.31186922,0.368615013,0,11.45650732,10.38735373
1948,1767,81.98135055,9.533289322,0.338860041,0,8.966562982,8.712956351
1948,495,297.8437465,29.71859716,0.219460094,0,28.91697193,28.55202806
1949,720,59.53391587,4.930291104,0.181915947,0,4.834252722,4.810827701
1950,1951,77.32325526,7.423452819,0.194086352,0,7.261909417,7.233038496
1951,484,77.65920823,7.45570613,0.194086352,0,7.293460857,7.264464498
1951,1950,77.32325526,7.38212542,0.181915947,0,7.23832714,7.203252855
1952,2082,80.50177373,12.4183096,0.384684067,0,11.48455022,10.38141364
1952,1953,244.2402101,38.6581688,0.358120933,0,36.11236682,32.08541615
1952,4011,74.11814397,11.46651101,0.360224462,0,10.70315529,9.584183795
1953,1253,345.0394969,38.33170941,0.292630292,0,36.59291505,35.51879906
1953,2445,81.70703011,11.92072487,0.326761919,0,11.25813896,10.13220287
1953,2291,80.15657352,9.273880466,0.333528409,0,8.738511435,8.488142467
1954,249,104.307494,10.01408642,0.194086352,0,9.796167663,9.757221379
1954,2063,100.3219083,10.75569951,0.284617001,0,10.29201359,10.09455866
1955,1337,312.9790322,44.20280516,0.282168234,0,42.32709212,37.93214727
1955,2264,142.1564684,14.04243552,0.228690641,0,13.63490773,13.53943855
1955,249,74.88103203,12.1819194,0.33292148,0,11.48103739,10.04241413
1956,1275,54.80324528,5.737810467,0.254311691,0,5.536298188,5.422914651
1957,2326,114.9276445,9.94720681,0.219460094,0,9.678892265,9.556740731
1958,1681,116.099288,10.34139436,0.349103416,0,9.691790355,9.314110008
1958,1989,114.875711,8.615019644,0.25635719,0,8.308039651,8.218424461
1959,1683,113.6075952,9.375119331,0.312365075,0,8.895604239,8.66053838
1959,2091,115.6987643,9.971675703,0.350262407,0,9.341439784,9.088389307
1960,2399,113.844334,8.537672279,0.25635719,0,8.233448414,8.144637808
1960,1684,114.2282273,9.196634567,0.311230557,0,8.729392557,8.570875026
1961,1101,191.3929467,18.31614309,0.31758469,0,17.35024373,17.04638253
1961,1938,113.0817463,9.417272834,0.194086352,0,9.212341473,9.175716287
1962,2488,34.62943818,3.210875482,0.309820555,0,3.04910372,2.603200105
1963,2514,76.73265133,7.698251614,0.22913232,0,7.474069843,7.385337263
1964,1963,81.12701857,7.788634773,0.194086352,0,7.619144566,7.588853398
1965,2451,166.4108933,26.59739702,0.325636605,0,25.12843374,22.03343908
1966,1967,96.26374034,9.444920315,0.197491644,0,9.233116384,9.125072258
1966,1476,109.8902773,13.558636,0.307142629,0,12.88635474,12.12867811
1966,1475,367.1086761,35.77585057,0.160332434,0,35.21115136,34.60052712
1967,378,105.4910462,12.48479207,0.256693098,0,12.03886358,10.82335349
1967,580,44.62953002,4.880316831,0.308518181,0,4.63633522,4.330770707
1967,1966,96.26374034,11.81991465,0.302001546,0,11.25177206,10.5876246
1968,1347,86.70941635,13.54775687,0.330734514,0,12.77773127,11.24735487
1968,1527,90.00495403,12.15794202,0.333752938,0,11.45520597,10.52767421
1969,320,81.00566427,8.322526617,0.184336221,0,8.1567277,7.899751728
1969,2884,90.17465838,9.219299297,0.25635719,0,8.890786938,8.794885908
1970,1555,54.92641212,5.4857115,0.20889546,0,5.350054159,5.268579692
1970,320,62.85449317,6.426133407,0.25635719,0,6.197150251,6.130304302
1970,2053,221.1344765,28.74667119,0.335828812,0,27.06593487,25.31788044
1971,1557,355.6935333,49.21244398,0.323167005,0,46.53240833,42.47637644
1971,1297,129.8576615,20.78429354,0.28323188,0,19.89623424,17.2280803
1971,1555,135.4281105,20.46073151,0.341368886,0,19.22768543,17.21131146
1972,1273,120.8408123,15.66340525,0.345787011,0,14.69672941,13.80278757
1973,1156,83.37565982,7.959954295,0.181915947,0,7.80490034,7.767080648
1974,1156,88.97914064,9.146428203,0.264495114,0,8.801496569,8.712560652
1974,2438,86.06532666,9.562162953,0.362493061,0,8.918136589,8.462902514
1974,1854,161.4537208,20.57194824,0.3920267,0,18.96993329,17.44817089
1975,3687,54.29433375,6.139123726,0.318459938,0,5.813729698,5.663490215
1976,1565,362.0529466,34.84640488,0.158478818,0,34.30669759,33.85498527
1977,3164,58.85272396,4.170618459,0.277498458,0,3.998959362,3.919952446
1978,1182,105.5862513,9.65908754,0.371330123,0,8.978837012,8.629814963
1978,1162,106.9893759,7.682645412,0.185932235,0,7.527328733,7.422450416
1979,1765,130.860258,12.5632961,0.194086352,0,12.28990343,12.24104289
1979,2432,77.04398105,5.291079724,0.13643696,0,5.226400602,5.192113724
1979,2325,64.58157156,4.843247564,0.25635719,0,4.670667562,4.620287114
1980,3181,237.7507835,31.89117713,0.312638579,0,30.25738549,27.79145121
1980,2071,51.09156472,4.531056053,0.25635719,0,4.369600408,4.32246744
1980,2260,132.5690669,15.56495768,0.339810969,0,14.63485635,13.52485155
1981,2139,371.0641866,31.33112628,0.328077906,0,29.57667752,28.71802089
1982,1983,72.01009306,6.856003597,0.311230557,0,6.507679123,6.389505812
1982,499,85.32419942,7.988461761,0.13643696,0,7.890809349,7.839043088
1983,1982,72.01009306,5.848185418,0.13643696,0,5.776696135,5.73879914
1983,805,67.12526086,6.444389922,0.194086352,0,6.304152125,6.279088926
1983,740,114.6953072,13.81126918,0.388172704,0,12.7552473,11.91769521
1984,740,85.82917296,8.194193551,0.181915947,0,8.034576791,7.995644171
1985,1899,18.75473691,2.131925431,0.31696482,0,2.019903127,1.961942334
1986,1339,82.63510559,8.651760883,0.254311691,0,8.347910473,8.176945041
1986,2007,333.7793471,31.86623474,0.181915947,0,31.24550433,31.09410004
1987,2423,79.97427719,11.67697395,0.336601512,0,10.99134617,9.927256897
1987,2397,79.54916847,12.84883737,0.337979685,0,12.08867841,10.61398873
1988,1987,69.37567574,7.616312854,0.312408427,0,7.226656874,7.099173948
1989,2326,152.9358535,14.45908501,0.194086352,0,14.14443765,14.0882041
1989,562,114.4715059,8.584706575,0.25635719,0,8.278806731,8.189506864
1989,1958,114.875711,10.23240582,0.349103416,0,9.58964803,9.215948078
1990,3343,55.05146705,3.650036368,0.219460094,0,3.551580805,3.506758419
1991,2430,151.7804588,16.25161224,0.259554871,0,15.65935743,15.24118568
1992,1991,103.0662169,9.919784269,0.158478818,0,9.766144894,9.637555193
1994,1995,390.7850458,61.34992193,0.353527877,0,57.40523308,51.03569096
1994,603,72.71617746,9.8505282,0.381515423,0,9.12111411,8.522643125
1994,2058,51.90811502,8.329699812,0.327879243,0,7.863783459,6.892828558
1995,1994,390.7850458,49.8353162,0.333846441,0,46.95331384,44.13481958
1995,1996,80.27590055,12.60263228,0.353527877,0,11.79230585,10.48386087
1995,2159,49.48783747,4.553274223,0.090957973,0,4.521359658,4.49367351
1996,1995,80.27590055,10.23727732,0.333846441,0,9.645250227,9.066269103
1996,2029,140.9997876,19.77194925,0.370238715,0,18.38706645,16.91916668
1997,2224,214.0370645,26.57914493,0.336698233,0,25.01768842,23.74075443
1997,2180,72.70461637,9.468529263,0.349917054,0,8.871185684,8.332538353
1999,1922,104.3384823,10.29850686,0.370817655,0,9.575078664,8.974282978
2000,535,92.73680774,10.67491579,0.328077906,0,10.07715264,9.784597338
2000,125,252.9645362,23.27474711,0.090957973,0,23.111611,22.97008909
2001,1268,94.31287926,9.410459338,0.219460094,0,9.156622943,9.04106266
2001,1259,410.4554551,54.19970603,0.354613105,0,50.69492258,47.48072016
2001,1887,189.7129928,21.12353179,0.300107716,0,20.11987465,19.56989325
2002,2041,41.18397317,3.789252734,0.090957973,0,3.762693308,3.739652787
2003,1036,87.1413662,10.95633047,0.327833665,0,10.34365264,9.748403475
2003,2180,95.16024,11.3721922,0.311682841,0,10.79287097,10.28584609
2004,2161,79.83768452,7.664851695,0.194086352,0,7.498055159,7.468245402
2005,2831,150.3727119,17.46336519,0.359292551,0,16.3063494,14.49444276
2005,1569,164.8699525,20.28792178,0.297391097,0,19.33994492,16.60350248
2007,1986,333.7793471,33.48662339,0.22913232,0,32.51145515,32.12547731
2007,1192,186.4318534,15.43932219,0.181915947,0,15.13857575,15.06521975
2008,792,78.20429134,8.209417262,0.294204647,0,7.833337732,7.392954418
2008,1502,105.9877052,13.24565127,0.381988211,0,12.26258031,11.3005385
2009,2010,89.54335723,10.94447642,0.366788728,0,10.1910803,9.791393222
2009,2557,68.53545298,9.910701588,0.391235105,0,9.141803602,8.40585099
2010,2009,89.54335723,11.59051061,0.381178028,0,10.7336602,10.17709412
2011,720,166.8775732,16.83303798,0.338860041,0,15.8323628,15.38456667
2011,2162,252.2943228,21.95615045,0.22913232,0,21.31676258,21.06368877
2012,451,55.26917477,5.30614121,0.194086352,0,5.190673095,5.170036716
2013,299,125.0769415,14.30866749,0.298463453,0,13.63564129,13.12822924
2013,246,86.73894765,13.09097805,0.258330131,0,12.61798008,11.02865087
2013,1338,306.8349744,49.33245345,0.298470442,0,47.01193948,40.83880409
2014,2038,197.1774018,17.39213019,0.247909647,0,16.80881276,16.61578977
2015,1119,138.6532628,11.48254634,0.181915947,0,11.25887493,11.20431854
2015,1004,262.394168,25.19126645,0.194086352,0,24.64307372,24.54510111
2015,2016,80.03276363,6.568339588,0.123954823,0,6.498793162,6.417366609
2016,2015,80.03276363,7.097706639,0.25635719,0,6.844793236,6.770961446
2016,1151,81.70101037,6.705253655,0.123954823,0,6.634257565,6.551133712
2017,1151,81.8925584,7.262642562,0.25635719,0,7.003851978,6.928304491
2017,588,202.7479814,16.63965521,0.123954823,0,16.4634724,16.25719351
2018,1818,122.1702185,13.09617257,0.331983252,0,12.34661047,11.71377344
2018,2356,312.7563339,38.25074037,0.353258434,0,35.79475775,34.36671259
2019,622,77.76248379,8.374069049,0.3678314,0,7.794574148,7.492608238
2019,2020,85.99496165,10.20875746,0.345930832,0,9.578233085,8.840354388
2020,2831,447.5273252,55.07006722,0.297391097,0,52.49685396,45.06898281
2020,2623,409.5567361,47.75734709,0.361517224,0,44.55684227,39.59294482
2020,2019,85.99496165,9.260606293,0.3678314,0,8.619762028,8.285827905
2021,1702,53.04913167,5.093005005,0.194086352,0,4.982174995,4.962367534
2022,465,56.14095912,5.389837247,0.194086352,0,5.272547804,5.251585919
2023,1876,51.44195442,5.486089353,0.277498458,0,5.260286597,5.156359803
2024,1334,84.16073903,8.604446705,0.25635719,0,8.297843459,8.208338251
2025,1189,75.18548532,5.881580899,0.277498458,0,5.639500048,5.528081184
2025,2048,77.14850757,7.02541156,0.3678314,0,6.539245259,6.285911452
2026,2397,80.46102552,12.50173047,0.331171721,0,11.78942149,10.44293055
2026,2027,70.58720916,7.446650294,0.27053115,0,7.154047639,7.027073217
2026,2503,78.3881988,12.74845277,0.331988983,0,12.0187692,10.50974625
2027,2026,70.58720916,8.748687584,0.32124897,0,8.277454928,7.820978997
2028,1255,160.360028,24.62705607,0.381178028,0,22.80645438,20.61189037
2029,2030,113.4389351,14.17290595,0.353841102,0,13.26011775,12.57738747
2029,2310,38.26190649,4.349382873,0.31696482,0,4.120843972,4.002597022
2029,1996,140.9997876,17.99810095,0.345787011,0,16.88733806,15.86015046
2030,2029,113.4389351,13.23263616,0.331274822,0,12.47824855,12.01225638
2031,2085,77.38439212,7.66962398,0.322692881,0,7.253078591,7.047932473
2032,3239,285.3921583,27.52309878,0.382201985,0,25.47825922,24.16887061
2032,1732,113.9138204,10.37743907,0.34392711,0,9.743351528,9.275378419
2033,1574,87.65670862,8.206842486,0.13643696,0,8.106520549,8.053339153
2034,520,64.15647553,6.125080318,0.181915947,0,6.005768336,5.97666658
2035,1446,177.5252322,14.06940268,0.291714491,0,13.43484983,13.16974793
2036,2116,92.27993261,6.539449059,0.277498458,0,6.270290916,6.1464096
2037,2096,73.01723535,5.527643244,0.206988282,0,5.393126571,5.240728813
2037,2059,189.6663971,15.0511003,0.314221977,0,14.27281418,14.09147729
2038,1546,83.82594293,7.393908733,0.247909647,0,7.145923249,7.063863469
2039,3193,13.36406638,1.729276688,0.315289154,0,1.639295676,1.396576891
2040,1357,87.31569837,8.033737964,0.090957973,0,7.977428321,7.92857924
2041,2040,101.5368957,9.342201105,0.090957973,0,9.276720252,9.219915072
2042,1561,79.81334583,10.8247592,0.3192797,0,10.2482825,9.39417988
2042,580,155.8002233,18.72058069,0.26795687,0,17.99768802,16.15859413
2042,1318,76.86073603,5.896011581,0.045478987,0,5.873212188,5.903750379
2043,3924,39.09657471,3.294236399,0.329423924,0,3.108368066,3.023249911
2043,3849,28.13736721,2.00409895,0.217860888,0,1.950735197,1.947369218
2044,2131,83.226291,10.48863459,0.351382334,0,9.821795021,9.330752726
2044,2045,91.06002792,10.22352863,0.306401226,0,9.718863598,9.447495678
2044,1429,83.17935049,12.77119886,0.343432119,0,11.99292406,10.69215741
2045,2044,91.06002792,10.89441642,0.334410006,0,10.26241855,9.853979505
2046,2047,59.25207116,6.468870622,0.30508491,0,6.152067957,6.038124277
2046,2380,177.6743954,22.32574585,0.345075624,0,20.95314264,19.86714503
2047,2046,59.25207116,6.285601069,0.270153274,0,6.03924797,5.916393865
2048,2025,77.14850757,6.03514344,0.277498458,0,5.786742086,5.67241418
2048,895,75.80028208,6.902637456,0.3678314,0,6.42496726,6.176060642
2049,2050,81.06971531,8.089067638,0.219460094,0,7.870874275,7.77154066
2049,1533,392.5142371,60.66682858,0.350993501,0,56.81769291,50.70711907
2049,675,152.6731194,16.49583145,0.300250163,0,15.71136933,15.44582544
2050,1238,65.86108562,6.338912794,0.158478818,0,6.24073459,6.158563559
2050,2049,81.06971531,11.55170236,0.378683942,0,10.70804878,9.881082303
2050,3098,86.15544437,8.271390984,0.194086352,0,8.091395412,8.059226732
2051,441,77.65227182,9.997216597,0.308453495,0,9.497618884,8.820459676
2051,1295,142.5214448,21.52960523,0.271179357,0,20.67994062,18.13895288
2052,441,16.46608562,2.218818056,0.316734975,0,2.102385878,1.931116422
2052,2053,84.59421451,9.579389974,0.286089319,0,9.162494716,8.813939579
2053,2054,85.02822209,12.75072351,0.288115658,0,12.18858863,10.76406795
2053,2052,84.59421451,10.28746081,0.299611592,0,9.800150062,9.246213354
2053,1970,221.1344765,21.23011178,0.194086352,0,20.76811862,20.68555153
2054,1029,74.01346484,11.78550141,0.32465114,0,11.13822678,9.774006362
2054,2053,85.02822209,10.9492211,0.316672035,0,10.3748728,9.665566582
2054,3109,83.43897357,8.325470224,0.219460094,0,8.100900171,7.998663536
2054,1124,128.1172234,20.35830148,0.289533936,0,19.45265874,16.90944139
2055,592,61.36773686,8.592465077,0.364500424,0,8.007796923,7.393332738
2055,1029,81.23386161,11.34145559,0.358622103,0,10.59263578,9.762731239
2056,2883,68.95225187,6.917678133,0.22913232,0,6.716227542,6.636492109
2056,592,230.3487016,30.13260291,0.362586016,0,28.10216139,26.490204
2057,2056,125.4280993,12.04177934,0.194086352,0,11.77973551,11.73290322
2058,2312,281.5801779,45.18519607,0.327879243,0,42.65779146,37.3907604
2058,1994,51.90811502,8.182531644,0.355846682,0,7.64999985,6.799084263
2059,1647,86.18978684,6.006531282,0.202481675,0,5.865869624,5.874848035
2059,1572,55.8893424,5.714028579,0.25635719,0,5.510419937,5.450981447
2059,2037,189.6663971,14.35836585,0.206988282,0,14.00895119,13.6130894
2060,448,151.3113276,15.55373748,0.264495114,0,14.96717232,14.81593449
2060,1529,77.9007934,8.096264074,0.28123359,0,7.754784083,7.690820393
2061,2244,154.1693629,14.43407695,0.13643696,0,14.25763216,14.16409749
2062,3044,11.95233293,2.108452849,0.315289154,0,1.998741823,1.702802417
2062,2457,51.06195068,5.095085764,0.376014357,0,4.727824719,4.424124792
2063,1954,100.3219083,9.631448531,0.194086352,0,9.421856445,9.384398298
2065,2066,128.120244,12.30023986,0.194086352,0,12.03257162,11.98473414
2065,2064,158.9274306,15.1729544,0.181915947,0,14.8773966,14.80530617
2065,1211,86.28177291,14.88649949,0.306842925,0,14.14970413,12.09280956
2065,2671,60.34799406,10.68338241,0.258786951,0,10.2961362,8.636790755
2066,2065,128.120244,14.13477934,0.31758469,0,13.38938364,13.15489044
2067,2195,231.3035012,22.43634623,0.273168028,0,21.53902174,20.72457622
2067,1350,82.98630864,7.997102177,0.292630292,0,7.634339431,7.410247799
2068,625,71.52747907,6.828797103,0.181915947,0,6.695777244,6.663331957
2069,2456,188.0133435,18.05030298,0.194086352,0,17.65750634,17.587306
2069,1923,203.4645765,27.98862801,0.381515423,0,25.91611989,24.2156647
2070,1293,82.58199227,5.815617441,0.194086352,0,5.689062501,5.666444693
2070,1024,88.95720631,6.336024349,0.217860888,0,6.167313098,6.156671448
2072,2264,48.06035696,5.247501107,0.304898749,0,4.990801627,4.897624715
2072,2879,90.78351862,8.967736191,0.228690641,0,8.707482071,8.646513843
2073,2239,136.3569543,12.54592314,0.090957973,0,12.45798693,12.38170154
2074,1665,99.0459276,7.97429167,0.311230557,0,7.56915172,7.431703068
2075,1437,47.08663701,3.771185292,0.304898749,0,3.586704854,3.519742048
2076,1170,78.12575577,7.743101077,0.322692881,0,7.322565069,7.115453594
2077,3225,234.857619,22.22059147,0.123954823,0,21.98531699,21.70985221
2078,685,100.4960466,9.594454063,0.181915947,0,9.407561277,9.361975676
2079,3145,147.0983695,13.90718907,0.194086352,0,13.60455165,13.5504645
2080,2271,196.4892387,15.12423527,0.262881322,0,14.56017576,14.29282746
2080,2088,82.56434547,5.880689435,0.217860888,0,5.724102525,5.714225631
2080,1126,358.5488359,24.62373374,0.13643696,0,24.32272873,24.16316377
2081,2082,40.77414286,5.825074695,0.38318077,0,5.390241996,4.983853368
2082,1952,80.50177373,11.86655223,0.369764444,0,11.03735781,10.05753103
2082,2081,40.77414286,6.28987296,0.384684067,0,5.816923894,5.258185292
2083,1631,77.46606196,7.919994635,0.25635719,0,7.637780549,7.555395151
2083,4009,74.12675482,9.155348294,0.362363971,0,8.539128349,8.20240452
2083,2515,69.58134149,7.637190774,0.311230557,0,7.249177492,7.11753927
2084,1873,84.98444113,10.42863057,0.327865399,0,9.845357402,9.349994331
2085,2076,75.24194569,7.45728454,0.322692881,0,7.05227153,6.85280504
2086,1882,109.0756532,14.56702297,0.361220839,0,13.59228225,12.71570734
2087,1943,165.660505,12.4909927,0.264495114,0,12.01993029,11.89847327
2087,1366,187.6439973,13.47425651,0.185932235,0,13.20185336,13.01791186
2088,2089,223.1314757,15.89265807,0.217860888,0,15.46947942,15.44278696
2088,2080,82.56434547,6.355170363,0.262881322,0,6.118153796,6.005814631
2089,2090,161.5679802,11.50776535,0.217860888,0,11.20134458,11.18201675
2089,2088,223.1314757,17.17495044,0.262881322,0,16.53440934,16.23081094
2090,1659,252.5240362,17.98615883,0.217860888,0,17.5072359,17.4770273
2090,2089,161.5679802,12.43626451,0.262881322,0,11.97245307,11.75261954
2091,563,116.1739252,10.45306537,0.359480316,0,9.75983848,9.38903275
2091,1959,115.6987643,9.498561368,0.306314986,0,9.029925908,8.787260559
2092,2093,218.2257554,15.67025776,0.185932235,0,15.35345902,15.13953918
2092,1366,130.8831245,9.868738191,0.264495114,0,9.496566681,9.400607333
2093,817,106.7033326,12.47402309,0.34516686,0,11.70673563,11.38561553
2093,3240,104.441102,8.213513439,0.284617001,0,7.859422985,7.708637936
2093,2092,218.2257554,16.45447307,0.264495114,0,15.83393922,15.67394303
2094,3240,34.2754976,3.121246083,0.3678314,0,2.905252379,2.792701371
2094,3239,57.64109546,4.648034521,0.287164437,0,4.444357056,4.32352069
2094,1367,217.2888788,15.3019921,0.194086352,0,14.96900206,14.90949031
2095,1209,145.7774701,10.15917275,0.202481675,0,9.921264048,9.936449723
2095,981,82.76524618,6.104091941,0.198238307,0,5.966308961,5.841134224
2096,3844,34.36421784,3.428832597,0.219460094,0,3.336343753,3.294237746
2096,781,55.61977061,3.86006667,0.123954823,0,3.819195786,3.771343217
2096,2037,73.01723535,5.794330202,0.314221977,0,5.494707802,5.424897236
2097,1358,83.51285824,8.584532919,0.264495114,0,8.260791574,8.177319284
2097,1755,243.3967829,22.76910249,0.366085877,0,21.20728389,20.19214061
2097,891,215.5151954,19.00755776,0.339409673,0,17.87422052,17.16799723
2098,1755,104.173406,10.64844494,0.360030816,0,9.940255926,9.173635786
2098,2819,77.50419422,7.250305122,0.366085877,0,6.752979354,6.429729963
2099,2819,89.35814507,8.695719478,0.358501758,0,8.121941331,7.607533332
2099,2100,63.38689278,5.929670233,0.366085877,0,5.522931792,5.258561912
2100,1055,94.33341041,9.056520177,0.194086352,0,8.859439234,8.82421707
2100,1630,225.7501403,21.11830741,0.366085877,0,19.66972307,18.72817924
2100,2099,63.38689278,6.168376009,0.358501758,0,5.761362033,5.396462732
2101,1416,94.91743073,9.061858245,0.181915947,0,8.885340027,8.842284919
2102,2101,94.39396305,9.011882283,0.181915947,0,8.836337559,8.793519899
2103,2258,142.1433863,10.91592185,0.302655397,0,10.3891395,9.978571432
2104,1866,95.20309507,12.4577627,0.378402555,0,11.54918964,10.95466928
2104,1420,82.76059187,12.25191237,0.334004859,0,11.54275606,10.36911856
2105,2106,86.50163338,14.22676923,0.3015098,0,13.54498404,11.70562765
2105,437,232.7700018,38.60380867,0.291197532,0,36.8683708,31.68833962
2106,442,100.4129528,13.76792126,0.294462731,0,13.13618631,11.91893432
2106,1124,42.68487438,6.887113515,0.327750667,0,6.502166373,5.690006808
2106,2105,86.50163338,13.82138694,0.288548704,0,13.21037043,11.4612719
2107,1687,199.1575422,21.23795728,0.40452887,0,19.48502476,18.05347628
2107,710,98.45488241,8.535331255,0.324516339,0,8.066919501,7.750210322
2108,3507,169.9959339,11.904865,0.181915947,0,11.67296714,11.61640421
2109,2384,90.85002542,15.21222318,0.343580304,0,14.28445228,12.44068058
2109,1758,90.35214808,8.735435041,0.184336221,0,8.561410284,8.484132205
2109,733,331.4970277,45.18511655,0.374626946,0,41.95034824,39.19826184
2110,3148,94.34387986,15.15005972,0.337483814,0,14.25618764,12.5359089
2111,2512,39.14358347,4.273917436,0.304898749,0,4.064844135,3.988954597
2111,729,167.2486835,20.86987517,0.341317098,0,19.6125255,18.61546473
2112,783,80.35274316,6.691652101,0.194086352,0,6.546033577,6.520008739
2113,1094,75.28065082,7.98595104,0.270153274,0,7.672955709,7.516867714
2114,2453,74.40600926,7.607140201,0.25635719,0,7.336074093,7.256943071
2114,2336,71.10106039,7.803993869,0.311230557,0,7.407506029,7.27299271
2115,2479,78.37994407,7.483008516,0.181915947,0,7.337245109,7.301691503
2115,2337,81.45305411,11.25879857,0.385905426,0,10.40723681,9.728780721
2116,2257,95.95491478,6.79987793,0.277498458,0,6.520000757,6.391185956
2117,4074,140.249594,10.46104521,0.247909647,0,10.11019055,9.994090782
2118,16,31.87497854,4.221655888,0.37103945,0,3.924772913,3.623138009
2119,434,112.8080155,16.71675859,0.361933053,0,15.59408004,14.13766571
2120,2225,72.17218978,9.05086401,0.306091176,0,8.604917328,7.370185336
2121,278,53.62852039,8.55754609,0.362539111,0,7.981046536,7.086402863
2121,512,172.1422147,21.99425557,0.360847242,0,20.52534657,18.63710519
2121,428,907.0692764,130.0325719,0.340844781,0,122.2185339,106.7345058
2122,1263,39.93296728,6.712399214,0.345326031,0,6.299161479,5.483661601
2122,425,239.1738087,42.03685803,0.313981483,0,39.86621621,33.98203095
2123,2358,97.1685774,12.92000411,0.36463086,0,12.04028859,11.29850431
2123,2192,104.3299399,15.25332958,0.388421281,0,14.0856619,12.95371591
2124,1360,77.82654425,7.471771297,0.194086352,0,7.309176427,7.280117588
2125,2126,80.8209567,8.324787511,0.237655537,0,8.066004013,7.910950064
2125,1856,371.7861028,39.01334208,0.262881322,0,37.55833649,36.8687049
2126,2125,80.8209567,8.480940001,0.262881322,0,8.164642692,8.014726693
2126,3544,131.4779122,12.51787077,0.311230557,0,11.88189083,11.66612691
2127,2365,93.9824475,7.048144678,0.25635719,0,6.796997322,6.723681085
2127,1698,92.51351659,10.23235298,0.373970202,0,9.502204931,8.611849144
2128,1291,84.745772,8.360710186,0.20837684,0,8.154854897,8.065901107
2128,1112,79.89792514,7.972147406,0.219460094,0,7.757107832,7.659209996
2129,3325,160.4191354,17.04133968,0.357099119,0,15.92502105,14.51548906
2129,2225,203.6112618,15.26967715,0.25635719,0,14.72557098,14.56673268
2130,1154,143.7167262,24.57819176,0.30710232,0,23.35981958,20.0134215
2131,2044,83.226291,11.79846798,0.367063695,0,10.98515607,10.10904768
2131,2181,83.99275991,9.378583322,0.29919497,0,8.93546051,8.678674966
2132,2458,26.94271385,2.042951235,0.273669529,0,1.960971126,1.94351962
2132,2491,193.1010228,18.07904612,0.13643696,0,17.85804457,17.74089002
2133,4029,21.30345371,2.178027833,0.25635719,0,2.100417915,2.077761626
2133,3675,205.3192239,26.74066153,0.371316509,0,24.8575527,22.53319289
2133,4028,18.73006258,2.664064872,0.336969224,0,2.507324828,2.191442452
2133,2191,68.20447224,10.1560089,0.308704428,0,9.647714969,8.261585217
2134,613,63.29093193,6.910461269,0.304898749,0,6.572412401,6.449707244
2135,2136,81.83303994,6.485511819,0.291714491,0,6.19300473,6.07080185
2136,1841,96.16375921,7.621263946,0.291714491,0,7.277532597,7.133929374
2137,2138,157.9832486,12.52064236,0.291714491,0,11.95594111,11.72002163
2138,3142,52.43001568,4.15523469,0.291714491,0,3.967826875,3.889532107
2139,3554,59.60339845,5.032664619,0.328077906,0,4.75085055,4.61292602
2140,3317,23.52169003,1.92671533,0.298992838,0,1.835794181,1.782767651
2141,2342,92.36550272,8.818223229,0.181915947,0,8.646450838,8.6045533
2142,1239,79.11190259,7.552889299,0.181915947,0,7.405764666,7.369879039
2143,1360,37.90168806,3.896026261,0.264495114,0,3.749098665,3.711215389
2144,661,83.69696004,11.15825003,0.363405352,0,10.40321631,9.749613749
2144,1312,78.2927002,11.55220593,0.359073973,0,10.78768984,9.781874383
2145,2144,55.29526278,5.683963088,0.264495114,0,5.469608519,5.414340117
2146,2147,125.8019814,17.10563231,0.343583553,0,16.06236694,14.84434575
2147,1912,112.5187558,13.61619332,0.292487541,0,12.99909145,11.19361703
2147,2146,125.8019814,17.8298977,0.33926716,0,16.7676049,15.28153362
2147,2390,176.5599298,18.92391282,0.314112668,0,17.94599276,16.08438568
2148,796,52.76163307,4.28495229,0.13643696,0,4.232572253,4.204805211
2149,2370,77.06536402,6.417884254,0.194086352,0,6.278223253,6.253263139
2150,1542,146.2397077,14.98226147,0.228690641,0,14.54745884,14.2579622
2150,1337,147.8955812,19.88289649,0.309943527,0,18.88041484,17.31330892
2151,1542,67.1038728,6.819721283,0.218850947,0,6.63666926,6.512362355
2151,2881,80.12357927,7.861327836,0.197491644,0,7.685036233,7.595107439
2152,2153,46.54596979,5.330224054,0.338860041,0,5.013357727,4.871561951
2153,2329,89.18784784,8.943168414,0.380313441,0,8.28480459,7.755161229
2153,2896,113.5378971,10.339156,0.3678314,0,9.623674891,9.250848654
2154,2152,41.66193402,3.977504842,0.181915947,0,3.900026023,3.881127924
2155,1503,289.011465,44.4864097,0.348168896,0,41.70579079,37.2247394
2155,748,95.07329115,16.70467575,0.312992564,0,15.84710467,13.50443684
2156,2157,91.63745248,13.08267975,0.374831053,0,12.14515461,11.18953867
2156,2279,93.20166451,13.84034504,0.302674278,0,13.17235874,11.26561074
2156,3421,97.01176227,14.6273624,0.309820555,0,13.89040009,11.85905574
2157,2518,88.41775313,11.37982033,0.366380042,0,10.59807277,10.05696791
2157,2158,158.9867506,18.88425213,0.329753908,0,17.81678616,17.12295149
2157,2156,91.63745248,15.31466394,0.295101016,0,14.60915793,12.54574074
2158,2280,92.54053329,10.15717277,0.311230557,0,9.641129886,9.466056066
2158,2157,158.9867506,22.39667101,0.365278927,0,20.86666838,19.2296036
2158,3420,144.774877,18.93979551,0.377369593,0,17.56545392,16.65313467
2159,1995,49.48783747,4.724651358,0.181915947,0,4.632618684,4.610170709
2160,2004,56.5792831,5.431918732,0.194086352,0,5.313713545,5.292587998
2160,1462,81.76349174,6.80913706,0.194086352,0,6.660961919,6.634480164
2161,2354,76.7274502,7.366252294,0.194086352,0,7.205953646,7.177305186
2162,1892,98.16999506,9.191146907,0.13643696,0,9.078792653,9.019232838
2162,516,124.6744795,12.10594273,0.217860888,0,11.7835941,11.7632616
2162,2011,252.2943228,22.37472516,0.25635719,0,21.57744399,21.34469754
2163,1427,92.62706703,10.8925941,0.319159692,0,10.31290713,9.904619199
2163,2921,121.9197882,11.7049624,0.194086352,0,11.45024812,11.40472577
2164,1343,189.0050718,18.04449568,0.181915947,0,17.6930024,17.60726859
2165,2166,138.9157523,14.57711228,0.262881322,0,14.03345776,13.77578086
2165,1343,69.98517039,9.712295413,0.3641193,0,9.052709111,8.380902812
2166,2165,138.9157523,14.27955975,0.264495114,0,13.74104659,13.60219832
2167,1963,82.60355836,7.733742265,0.13643696,0,7.639203591,7.589087945
2168,2293,86.51065869,8.892685665,0.264495114,0,8.557323212,8.470854578
2169,813,169.2385654,16.15736833,0.181915947,0,15.84263488,15.76586727
2170,262,155.3186263,24.93098284,0.329169698,0,23.52632547,20.63059368
2170,366,236.0574588,24.13410157,0.25635719,0,23.27412833,23.02308049
2170,2190,83.65693256,11.45280113,0.353608278,0,10.71609655,9.921454934
2171,518,271.1540373,25.88733628,0.181915947,0,25.38307034,25.26007326
2171,1312,257.156313,39.97522329,0.351278893,0,37.43508999,33.35292662
2171,262,80.11835596,13.03026803,0.331640077,0,12.28590256,10.74171373
2172,480,222.4060851,17.90614753,0.311230557,0,16.99641209,16.68777329
2173,3501,279.8924766,21.65197997,0.31553044,0,20.52375234,19.7601054
2174,160,484.9244553,39.38236999,0.13643696,0,38.90095273,38.6457499
2175,258,78.68540141,9.936366489,0.356552039,0,9.287315898,8.835467827
2175,350,101.5132269,10.01492641,0.20837684,0,9.76834143,9.661787603
2176,2222,95.36227197,10.41219124,0.304898749,0,9.902843264,9.717959866
2176,351,130.7768907,12.24396124,0.13643696,0,12.09428882,12.01494638
2177,2084,106.411164,10.21605017,0.194086352,0,9.993736438,9.954004687
2178,1872,79.82851836,8.130821604,0.389198429,0,7.506083712,7.016526331
2178,2824,209.8935482,20.141686,0.377369593,0,18.6801308,17.70991716
2179,1336,708.0662389,95.00137485,0.364959779,0,88.5219698,82.81695871
2179,1717,90.39426521,13.55666292,0.251520685,0,13.0899582,11.02508843
2179,385,74.75120216,11.57225059,0.348814999,0,10.84644086,9.666364208
2180,2003,95.16024,12.13541997,0.333846441,0,11.4336223,10.74728951
2180,2373,377.1207316,39.27359942,0.246115344,0,37.97353118,37.17174483
2180,1429,85.42757395,8.522757215,0.230012686,0,8.272862058,8.199899147
2180,1997,72.70461637,8.22234134,0.311097313,0,7.804928562,7.577659493
2181,196,174.9655484,19.84245105,0.310095365,0,18.84110544,18.25625506
2181,654,111.4623181,10.91147733,0.185932235,0,10.69088477,10.54192861
2181,2131,83.99275991,9.877232111,0.319159692,0,9.351581138,8.981352093
2182,2183,151.6797968,15.72489927,0.227394933,0,15.27313937,14.90106492
2182,736,269.8198303,44.24280052,0.336969224,0,41.63977888,36.39384021
2182,1232,146.223231,24.48409249,0.343580304,0,22.99084405,20.02329116
2183,2182,151.6797968,15.25057233,0.198238307,0,14.90633287,14.59359407
2183,1391,102.7027556,17.33014407,0.347032492,0,16.25346183,14.14287558
2183,1924,84.70875562,13.28107406,0.35693602,0,12.41181326,11.05516845
2184,2456,82.05131837,11.2354944,0.378100864,0,10.41727467,9.733863045
2184,1868,48.53576046,6.513684993,0.366040151,0,6.066990192,5.678717159
2184,1315,283.7595999,40.92233591,0.345362854,0,38.40252281,34.92165013
2184,1924,325.3337655,41.66968678,0.362493061,0,38.86316936,36.87936492
2185,2148,78.36262385,6.364096124,0.13643696,0,6.286300254,6.245060091
2186,1571,160.421647,13.02838945,0.13643696,0,12.86912804,12.7847024
2187,1009,122.7862785,9.97189273,0.13643696,0,9.849994498,9.785375349
2188,534,129.3730224,9.168063586,0.277498458,0,8.790713912,8.617036929
2189,260,147.3223731,20.148211,0.321570382,0,19.06095777,16.75613274
2189,1292,76.19169248,11.21464158,0.302337402,0,10.67448915,9.150151682
2189,367,114.8070953,13.28284421,0.333528409,0,12.51604292,12.15744309
2190,876,85.26650321,11.67315457,0.353608278,0,10.92227569,10.11234506
2190,2170,83.65693256,10.10854404,0.344306027,0,9.489626519,9.117311026
2191,2485,150.4482137,22.46283686,0.339856995,0,21.12020869,18.96564482
2191,2133,68.20447224,9.791597559,0.338101373,0,9.211924189,8.033191696
2191,2687,244.0146622,36.47138434,0.310264167,0,34.62901625,29.63895154
2192,260,63.77043727,9.540972364,0.305830924,0,9.071613034,7.750772518
2192,2193,16.65645215,2.118876912,0.358203869,0,1.979280139,1.797757553
2192,2123,104.3299399,14.70199757,0.372945201,0,13.6582331,12.62773953
2193,1310,258.9722236,29.93157252,0.329331323,0,28.24364215,26.13220301
2193,2192,16.65645215,2.362622733,0.330959109,0,2.228167686,1.944560248
2193,518,83.47774098,9.162448145,0.311230557,0,8.696943002,8.539014725
2194,230,269.9872584,32.48918973,0.356602602,0,30.36641499,28.02556111
2194,1310,76.36747791,9.85873435,0.364740719,0,9.187084068,8.327523295
2194,727,87.97881612,10.15764928,0.334877269,0,9.566868645,9.308567422
2195,2196,98.48226242,9.552739693,0.273168028,0,9.170685185,8.823918112
2195,2067,231.3035012,22.2899146,0.292630292,0,21.27880452,20.65420536
2196,2195,98.48226242,9.490393392,0.292630292,0,9.059892306,8.793956259
2196,1870,92.3809147,8.960911428,0.273168028,0,8.602526638,8.277243093
2197,2198,95.54181653,9.172533734,0.194086352,0,8.972928195,8.937254836
2198,2380,65.48266929,7.794886492,0.33661017,0,7.337178438,7.066529425
2198,2197,95.54181653,11.16919965,0.34516686,0,10.48217296,10.19464307
2198,1866,117.1309882,15.64281071,0.361220839,0,14.59608451,13.65477376
2199,1397,81.55165026,8.382934569,0.264495114,0,8.066795934,7.9852839
2200,2499,56.66677738,7.103896382,0.37641875,0,6.59081621,6.338060852
2200,2396,113.3153772,19.30007033,0.304440567,0,18.35855088,15.73183502
2201,2242,81.57433947,13.71196707,0.345326031,0,12.86781254,11.20192421
2201,2497,284.5455057,38.85478079,0.329987775,0,36.65556532,33.67754678
2202,2203,77.98131956,11.41236312,0.361416453,0,10.64794753,9.689567643
2202,896,45.74476424,4.208881748,0.090957973,0,4.17938108,4.153789008
2203,2202,77.98131956,10.39625646,0.363405352,0,9.692783767,9.083815529
2203,2223,77.3922964,10.83210226,0.32740025,0,10.22785009,8.948975818
2203,2497,145.6598482,21.84498606,0.251520685,0,21.09294567,17.76564811
2204,1044,64.50742466,9.252749537,0.378973544,0,8.576036819,7.904116692
2205,2206,313.5555954,29.35658232,0.13643696,0,28.99772211,28.80748768
2205,2305,166.4198177,27.32036599,0.332960281,0,25.74816059,22.46199717
2206,3868,57.35402667,9.782030217,0.300617042,0,9.31579837,7.969956163
2206,2306,356.9101642,46.69184092,0.377369593,0,43.30370831,41.0545887
2207,3869,41.59842018,5.243306567,0.304274081,0,4.987778594,4.263680467
2207,2387,44.02239369,5.465937303,0.297610092,0,5.210189306,4.462372607
2208,1880,325.0158175,48.26449272,0.302674278,0,45.9350696,39.28579713
2208,4026,218.7301926,32.72517505,0.305830924,0,31.11529026,26.58485715
2208,2209,86.35576437,9.160825508,0.270153274,0,8.801783035,8.622731739
2209,2210,171.9855897,16.10211776,0.13643696,0,15.90528254,15.80093874
2209,477,132.8709657,13.2577526,0.219460094,0,12.90013986,12.73733488
2209,2208,86.35576437,12.46090063,0.37943721,0,11.54748756,10.62222808
2210,2209,171.9855897,19.99952885,0.338860041,0,18.810615,18.27858319
2210,304,72.49167662,6.787019282,0.13643696,0,6.704053522,6.660072763
2211,3899,79.45949808,12.88911753,0.37201497,0,11.97828378,10.62516965
2212,3977,378.3323888,36.32196586,0.194086352,0,35.53155551,35.39029394
2212,1144,78.13547417,7.648983706,0.185932235,0,7.494347551,7.389928761
2213,2214,79.03568722,7.737109043,0.185932235,0,7.580691296,7.475069479
2215,782,79.43790359,6.615465678,0.194086352,0,6.471505063,6.445776525
2216,2256,209.8792856,14.87316752,0.277498458,0,14.26100064,13.97924792
2217,2216,33.57085999,2.379010502,0.277498458,0,2.28109246,2.236025215
2218,1638,300.51205,30.7238262,0.25635719,0,29.62904054,29.30944504
2218,2219,83.50516056,9.166694561,0.261821768,0,8.827320415,8.51878636
2218,1842,80.44497728,8.070693055,0.22913232,0,7.835665369,7.742639907
2219,2218,83.50516056,8.377707871,0.22913232,0,8.133739567,8.037175351
2219,2481,81.08035825,8.90051434,0.261821768,0,8.570994856,8.271419938
2220,916,154.6468185,26.06510019,0.309793868,0,24.75208507,21.30449817
2220,1408,94.59402412,14.83093727,0.35693602,0,13.86023622,12.34527486
2221,2222,256.7194775,31.86286035,0.366788728,0,29.66948404,28.50586752
2221,1406,95.66236069,14.62951366,0.378708519,0,13.56095026,12.25911994
2221,258,90.61710298,10.14202403,0.306314986,0,9.641641718,9.382537449
2222,2176,95.36227197,10.06031403,0.27053115,0,9.665012185,9.493471626
2222,1208,98.38584407,11.44090345,0.338860041,0,10.760775,10.4564216
2222,2221,256.7194775,36.17856293,0.372698815,0,33.61321947,31.0724486
2223,1717,80.4608214,10.71611652,0.343432119,0,10.0630781,8.971624823
2223,2224,293.4848154,42.67041761,0.351927191,0,39.94975003,36.29109078
2223,2203,77.3922964,11.56412045,0.249857239,0,11.17075416,9.413421286
2224,1997,214.0370645,29.11088198,0.360088605,0,27.17424819,25.27573236
2224,2223,293.4848154,43.79448197,0.331199449,0,41.29882499,36.97185186
2225,2129,203.6112618,21.62964329,0.357099119,0,20.21276091,18.42371882
2225,1501,56.67116416,9.884130088,0.310250074,0,9.384870679,8.006046682
2226,157,90.98382538,6.823265212,0.25635719,0,6.580131013,6.509154018
2227,356,393.1976461,45.08206842,0.241876878,0,43.63565342,41.24339353
2227,3019,126.3085453,15.69024455,0.328074769,0,14.8116536,14.01736248
2228,1341,44.45746729,7.039911449,0.324920286,0,6.652678379,5.848091997
2229,2918,145.0189649,13.14011803,0.045478987,0,13.08930627,13.03893152
2229,1883,106.5491837,13.87620367,0.349917054,0,13.00079198,12.2114001
2230,2261,34.49599714,4.106602215,0.329302321,0,3.875056396,3.719665307
2230,1864,99.4366773,13.2790257,0.335992967,0,12.5019367,11.58859646
2230,1274,350.9300184,38.72834172,0.318559354,0,36.67442787,36.04565328
2231,3473,40.46590985,3.223959172,0.298397178,0,3.072378071,3.013406384
2231,1415,94.42616252,10.99354905,0.363764038,0,10.24829887,9.119535923
2232,3021,19.62880796,2.234116575,0.292359959,0,2.132944823,2.052702565
2232,2234,86.49870335,8.678036939,0.22913232,0,8.425322714,8.325296806
2233,2232,153.0666489,14.61341993,0.181915947,0,14.32876145,14.25932951
2234,2232,86.49870335,9.459530376,0.280392784,0,9.062730031,8.811729273
2235,2108,103.8119309,7.269979905,0.181915947,0,7.128366135,7.093824681
2236,1635,221.1737832,19.61479972,0.25635719,0,18.91586329,18.71182614
2237,3822,12.01159479,1.065248434,0.25635719,0,1.027290313,1.016209382
2237,3823,28.23838024,2.74195822,0.217860888,0,2.668947262,2.664342015
2238,1124,40.02813237,3.82152423,0.181915947,0,3.747083797,3.7289268
2239,1612,79.82174239,7.344234475,0.090957973,0,7.292757662,7.248101103
2240,2429,99.38679531,16.48920074,0.342719825,0,15.4882053,13.52034458
2240,1242,102.23276,16.64648545,0.289340347,0,15.90687113,13.73376454
2241,675,82.21255418,7.697134574,0.13643696,0,7.603043399,7.553164976
2241,824,144.0092356,15.55972713,0.300250163,0,14.81978161,14.56930678
2241,674,392.0334405,47.60559597,0.349103416,0,44.61520758,42.8765931
2242,2201,81.57433947,10.50009825,0.335025456,0,9.888900529,9.268776785
2242,1078,109.7527771,14.49783446,0.385936603,0,13.4011233,12.71340317
2243,2242,61.82004156,6.991378385,0.311097313,0,6.636456283,6.443211562
2244,2167,84.5463905,7.91563955,0.13643696,0,7.818877331,7.767582967
2245,2317,11.85580099,1.733351329,0.388421281,0,1.60066041,1.472028816
2245,2316,29.66416796,3.083010158,0.28123359,0,2.952976568,2.928619568
2245,1519,93.11462153,15.59141451,0.343580304,0,14.64051729,12.75078635
2246,461,158.5068123,22.83646813,0.381988211,0,21.14158215,19.48295195
2246,263,90.05917564,13.89128802,0.311003181,0,13.18648047,11.62351863
2247,2477,295.1145607,23.75998327,0.311230557,0,22.55283926,22.14330098
2248,305,137.5505815,16.96036302,0.332915819,0,15.98458578,15.18631065
2248,2249,339.0329384,32.549005,0.194086352,0,31.84069889,31.71411093
2248,1115,55.43755774,5.637193011,0.247909647,0,5.448126295,5.385563064
2249,2248,339.0329384,32.36780015,0.181915947,0,31.73729962,31.58351227
2250,2809,74.12818832,7.116709025,0.194086352,0,6.961840743,6.934162795
2252,336,173.4423671,28.65450814,0.339934021,0,26.94107877,23.52119663
2252,3762,145.1466128,14.61355878,0.25635719,0,14.09283214,13.94081893
2252,2347,155.6675703,18.61524326,0.349103416,0,17.44590999,16.76605858
2253,2517,65.77739561,6.279831114,0.181915947,0,6.157504703,6.127667687
2253,127,58.72139682,10.13141031,0.306842925,0,9.629964281,8.230088986
2253,537,104.2095556,17.29220127,0.246219387,0,16.71934397,14.21428428
2254,2985,20.64852582,1.463264861,0.277498458,0,1.403038128,1.375318488
2255,3523,263.9304913,18.70352474,0.277498458,0,17.93370362,17.57938979
2256,2255,124.4649847,8.820253805,0.277498458,0,8.457219686,8.290131504
2257,2188,161.8831559,11.47190534,0.277498458,0,10.99973151,10.78241125
2258,627,89.16078956,6.847115693,0.302655397,0,6.516686461,6.259153737
2259,907,73.44544824,8.178906965,0.309491282,0,7.767640107,6.874872065
2259,2914,145.0591202,17.83107372,0.301748462,0,16.97531607,14.59885584
2260,2871,129.740851,17.95118419,0.324227677,0,16.9676562,15.21895241
2260,1980,132.5690669,15.42508675,0.312638579,0,14.63485635,13.44213618
2261,2230,34.49599714,3.229681098,0.13643696,0,3.190200888,3.169272139
2262,979,89.04814732,8.418920107,0.194086352,0,8.235714122,8.202971679
2263,2262,79.48566615,7.631056019,0.194086352,0,7.464994918,7.435316597
2264,2072,48.06035696,4.747476293,0.228690641,0,4.609699017,4.577422731
2264,1955,142.1564684,22.65264496,0.333960837,0,21.34180051,18.78494529
2266,790,85.77587586,9.974539769,0.338860041,0,9.381582373,9.116237502
2266,2908,92.98597568,8.927159118,0.194086352,0,8.732893231,8.698174171
2266,1045,73.43866277,7.548976665,0.264495114,0,7.264288391,7.190885403
2267,3836,185.4521371,14.3509761,0.27053115,0,13.78708045,13.5423789
2267,377,146.5346063,11.86214519,0.318559354,0,11.23304972,11.04046168
2268,2269,136.1616376,17.61269964,0.371456963,0,16.37152295,15.54523277
2269,1242,22.05515559,3.659157001,0.342719825,0,3.437023769,3.000331205
2269,2404,84.34391107,14.2036775,0.298811942,0,13.53415519,11.6121894
2270,556,233.7290965,22.43926377,0.194086352,0,21.95095797,21.86368831
2270,1871,43.13279611,4.188212065,0.217860888,0,4.076691265,4.069656967
2271,2080,196.4892387,13.99505057,0.217860888,0,13.62240009,13.59889475
2271,113,75.95765777,5.846638192,0.262881322,0,5.628587371,5.525237435
2272,2459,83.94650934,5.878798616,0.181915947,0,5.764284017,5.736352406
2273,2734,108.0029684,10.11175715,0.13643696,0,9.988149189,9.9226237
2274,1700,97.17207925,9.329047816,0.194086352,0,9.12603634,9.089754274
2275,710,97.61740368,6.70398204,0.13643696,0,6.622031343,6.578588676
2275,635,140.825221,9.917242112,0.194086352,0,9.701430809,9.662861168
2276,1412,84.89440106,6.605975794,0.270153274,0,6.34706617,6.217950238
2276,2277,77.97552784,6.651210293,0.338860041,0,6.255815174,6.078878234
2276,1422,187.3438178,17.98602488,0.194086352,0,17.594627,17.52467666
2277,2402,313.8791025,34.45111195,0.311230557,0,32.70079702,32.10698141
2277,2276,77.97552784,6.067590359,0.270153274,0,5.829781807,5.711188792
2277,3850,76.06449014,5.326818504,0.181915947,0,5.223056065,5.197747046
2278,1233,99.00984091,9.269777313,0.13643696,0,9.156461867,9.096392516
2279,1889,90.38943328,13.42273179,0.302674278,0,12.77490105,10.92568653
2279,2156,93.20166451,14.05287865,0.309820555,0,13.34486024,11.39329612
2280,1890,90.78485903,9.964471407,0.311230557,0,9.458218863,9.286466535
2280,2158,92.54053329,12.10637379,0.377369593,0,11.22789055,10.64473336
2281,3135,16.12018673,1.509249383,0.13643696,0,1.490800043,1.481019913
2281,2887,76.15956094,8.894663773,0.313981483,0,8.435373282,7.190326628
2282,3581,14.17938369,1.656008108,0.313981483,0,1.570497425,1.338694694
2283,1961,153.419368,18.02054235,0.349376197,0,16.88692741,16.42356719
2284,2283,17.49276972,1.807688033,0.272534373,0,1.735696502,1.719575972
2285,2283,12.11030906,1.244854373,0.264495114,0,1.197908216,1.18580379
2286,1100,26.12356218,2.494041564,0.181915947,0,2.4454595,2.433609698
2287,2395,60.20457651,4.821805673,0.304898749,0,4.585930543,4.500312464
2288,2451,25.05112065,2.797444879,0.298992838,0,2.66543425,2.588443741
2289,1468,98.898648,10.16608361,0.264495114,0,9.78269856,9.683847954
2289,2290,96.59859797,11.3499931,0.350262407,0,10.63264393,10.34461599
2289,1135,134.6701158,23.2277773,0.305830924,0,22.08510823,18.86948322
2289,868,132.102267,22.28400468,0.346138013,0,20.90614941,18.18630173
2290,1136,64.70575414,7.60269692,0.350262407,0,7.12218664,6.929253563
2290,2289,96.59859797,13.16699259,0.374626946,0,12.22437755,11.42241655
2291,1252,334.821686,34.41730826,0.264495114,0,33.11935696,32.78469792
2291,1953,80.15657352,9.473437971,0.324516339,0,8.953543715,8.602025458
2291,912,87.33535953,8.880735343,0.247909647,0,8.582882944,8.484321923
2292,2293,103.7646204,9.90650794,0.181915947,0,9.713536577,9.666468332
2292,1081,207.5667879,18.67638715,0.359480316,0,17.43780561,16.77529073
2292,3520,145.2485633,15.72865682,0.366937168,0,14.645115,13.32062983
2293,2292,103.7646204,13.63806755,0.381389999,0,12.62880818,11.97578644
2294,378,81.83958353,10.13993643,0.319029276,0,9.600711595,8.666228884
2294,667,163.4549075,22.32008152,0.320197934,0,21.12510009,19.34463346
2294,1525,84.70963705,11.13025958,0.302246092,0,10.5944692,9.361076497
2295,2296,82.51887753,8.278758405,0.22913232,0,8.037671621,7.942247929
2295,1842,79.06293286,8.679053507,0.261821768,0,8.357733062,8.065612107
2296,1809,89.76912342,10.36435033,0.334877269,0,9.761547723,9.497990251
2296,2295,82.51887753,9.05842634,0.261821768,0,8.723060555,8.41817061
2297,966,111.8523316,11.35842732,0.22895971,0,11.02810109,10.84863842
2298,681,60.89513816,5.701295599,0.13643696,0,5.631601923,5.594656793
2299,270,92.90582996,11.23508308,0.320360351,0,10.63301144,10.12209445
2300,2485,84.0692715,11.95210898,0.372785963,0,11.10424352,10.2362679
2300,3117,41.51290913,4.164808776,0.22913232,0,4.043524846,3.995519891
2300,764,68.09075133,9.534510441,0.38793236,0,8.80632968,8.199308242
2301,2311,323.2225725,52.49021351,0.288955642,0,50.16372081,43.33813169
2301,2347,52.32286576,8.82900168,0.347032492,0,8.280475983,7.205218361
2302,1214,100.4210683,12.01460459,0.341431426,0,11.29031064,10.87557237
2302,2220,100.7649936,10.35793078,0.264495114,0,9.967310755,9.86659471
2303,2302,62.53689703,6.428352023,0.264495114,0,6.185924933,6.123418415
2304,192,102.7342482,10.25073641,0.219460094,0,9.974234496,9.848355625
2304,1474,82.19530764,7.847264939,0.181915947,0,7.694406089,7.657121812
2304,2442,149.9314954,14.03730742,0.13643696,0,13.86571282,13.77474926
2305,997,41.43180064,6.152576991,0.302674278,0,5.855630845,5.008006464
2305,2205,166.4198177,24.58132301,0.327302753,0,23.21084607,20.81521274
2305,1889,87.87787816,13.20103219,0.30835249,0,12.54172586,10.71313407
2306,2206,356.9101642,60.10436087,0.298811942,0,57.27120655,49.13820539
2306,3593,21.34920153,2.792953582,0.377369593,0,2.590286544,2.455751548
2306,3824,18.75430196,1.927809991,0.264495114,0,1.855108098,1.836362906
2307,1644,76.99512842,9.3035762,0.344306027,0,8.733944577,8.391277468
2307,2335,116.0401157,16.64011104,0.377905464,0,15.42946308,14.21396488
2308,1187,241.2631742,40.41771305,0.300719317,0,38.49011569,33.09239633
2309,1794,96.27076344,9.242516599,0.194086352,0,9.041388147,9.005442614
2310,2029,38.26190649,4.080487225,0.277498458,0,3.912537853,3.835238355
2311,2301,323.2225725,51.30180074,0.363764038,0,47.82406337,42.5566496
2311,1263,82.13685278,14.7502767,0.263683304,0,14.197111,11.88169443
2312,1673,74.52590043,12.57555928,0.347032492,0,11.79426852,10.26272889
2312,2058,281.5801779,44.38686928,0.355846682,0,41.49810329,36.88223615
2312,429,137.3572006,24.05297487,0.312634504,0,22.82076557,19.46292396
2313,2314,222.7535263,26.78294683,0.339409673,0,25.18599727,24.19088043
2313,2400,181.264481,22.77685945,0.345075624,0,21.37652145,20.26858019
2314,2313,222.7535263,28.59263147,0.361442519,0,26.67720221,25.27961968
2314,1409,376.9124613,49.53827619,0.350651162,0,46.40088975,43.45533911
2314,2845,143.0962888,13.39736251,0.13643696,0,13.23359072,13.14677408
2315,1181,61.63145276,6.919511627,0.306401226,0,6.577943104,6.394275259
2316,2245,29.66416796,3.638752558,0.359480316,0,3.397437591,3.26835868
2317,2245,11.85580099,1.977494556,0.341794708,0,1.858047534,1.618924415
2319,236,76.93436134,11.56783363,0.36837801,0,10.76512067,9.740585751
2319,1836,208.0522596,26.04620033,0.304848713,0,24.77244611,23.19763672
2320,1816,50.23156603,5.870905622,0.344078326,0,5.511886585,5.357947281
2320,3380,161.3964912,15.18722804,0.315289154,0,14.39697733,12.26531987
2321,1434,74.90023177,8.178030169,0.304898749,0,7.777973829,7.632761167
2321,1816,183.4660861,20.13708661,0.311230557,0,19.11400662,18.7669143
2321,1130,148.5372654,16.21813723,0.304898749,0,15.42477153,15.13679523
2322,1153,94.36334871,7.557593733,0.304898749,0,7.187888165,7.053692243
2323,2324,334.8992306,31.35487606,0.13643696,0,30.97158834,30.76840471
2324,1986,90.23613097,8.448340408,0.13643696,0,8.345066356,8.290320022
2325,2469,154.2309833,11.5664394,0.25635719,0,11.15429113,11.03397467
2325,1979,64.58157156,4.435210112,0.13643696,0,4.380993296,4.352252563
2326,3344,25.90590036,2.026556696,0.277498458,0,1.943145352,1.904754884
2327,2328,77.95790414,6.032672564,0.27053115,0,5.795629606,5.69276522
2327,3129,79.46989216,6.058429504,0.28123359,0,5.802900233,5.755036243
2328,2327,77.95790414,5.943162293,0.28123359,0,5.692494702,5.645541369
2328,377,145.300907,11.24392459,0.27053115,0,10.8021149,10.61039235
2329,2153,89.18784784,8.121755779,0.3678314,0,7.559721238,7.266853653
2329,2330,224.9516941,22.66025724,0.383729911,0,20.96420864,19.6238131
2330,1826,84.57940792,9.180191374,0.364838573,0,8.554457518,7.769721574
2330,2473,248.210223,21.2777533,0.344267534,0,19.9752463,19.42030444
2330,2329,224.9516941,20.48488405,0.3678314,0,19.06730727,18.32862974
2330,2331,239.4432984,20.42419943,0.338860041,0,19.21004014,18.66671115
2331,2332,129.9917035,11.08812188,0.338860041,0,10.42896526,10.13399664
2331,2330,239.4432984,21.80453997,0.3678314,0,20.29564153,19.50937768
2332,774,170.4879897,13.33686814,0.277498458,0,12.78793402,12.53528449
2332,2331,129.9917035,11.83749686,0.3678314,0,11.0183289,10.59147303
2332,2480,93.96127352,9.511475502,0.264495114,0,9.152777143,9.060291663
2333,1251,324.2006529,33.0210021,0.389198429,0,30.48380817,28.49561114
2333,1198,61.67664637,5.918579469,0.377369593,0,5.48910546,5.20401083
2334,2697,21.27157516,2.291948441,0.3920267,0,2.113465799,1.943924202
2334,3209,117.6469766,11.07044799,0.315289154,0,10.4944094,8.940577263
2334,3967,33.97843734,3.922526313,0.358391927,0,3.663849314,3.261424047
2335,2307,116.0401157,14.02151124,0.344306027,0,13.16301381,12.64657684
2335,2414,85.3585277,12.20865616,0.373358401,0,11.34012512,10.43380075
2335,476,127.3842771,13.28082758,0.371702753,0,12.34377221,11.37358608
2335,3704,112.273436,13.66351956,0.342719825,0,12.83406027,11.20342311
2336,2337,199.6496903,25.73948898,0.313981483,0,24.41038842,20.80745689
2336,2114,71.10106039,7.269248011,0.25635719,0,7.010222054,6.934605855
2336,558,100.6473009,12.17589148,0.307673294,0,11.57024895,10.0123022
2337,2336,199.6496903,24.1527884,0.307673294,0,22.95140155,19.8609701
2337,2115,81.45305411,7.776401282,0.181915947,0,7.624922804,7.587975217
2337,1611,139.5975673,17.9973735,0.313981483,0,17.06804972,14.54883481
2338,2475,106.5791607,10.69262148,0.22913232,0,10.38124028,10.25799361
2338,1541,80.99707372,7.583335449,0.13643696,0,7.490635376,7.441494386
2338,730,272.6396627,33.59655833,0.293588685,0,32.06338525,27.48230926
2338,2389,100.5757647,12.67715373,0.304274081,0,12.0593437,10.30863484
2339,2340,49.98353131,4.679698506,0.13643696,0,4.622493019,4.59216797
2339,1541,199.450271,19.14831019,0.194086352,0,18.73161956,18.65714892
2339,2381,185.6386289,22.33888944,0.315183997,0,21.17722476,20.15382742
2340,2339,49.98353131,5.330554059,0.277498458,0,5.111153003,5.010172623
2341,1705,166.6863173,16.00279253,0.194086352,0,15.65455222,15.59231496
2342,3147,56.88347974,5.430720427,0.181915947,0,5.324934056,5.299131373
2342,288,81.82617646,8.320531583,0.247909647,0,8.041467947,7.949124233
2343,1614,357.6454133,39.1716642,0.253216281,0,37.80665335,36.42144691
2343,2735,35.08351772,3.349457122,0.181915947,0,3.284212203,3.268298112
2343,1475,87.70565339,8.373342939,0.181915947,0,8.210236483,8.17045268
2344,1846,256.356028,24.00128382,0.13643696,0,23.70788775,23.55235634
2345,358,83.88611007,12.50376035,0.304274081,0,11.89440049,10.16763718
2345,2503,50.2716404,7.419075235,0.248865196,0,7.168512851,6.058673895
2346,2345,111.4528592,11.456568,0.264495114,0,11.02451598,10.91311726
2347,2301,52.32286576,9.073206012,0.260252371,0,8.740938873,7.374049745
2347,3665,255.8716659,41.30509279,0.335700339,0,38.89180957,33.97722019
2347,2252,155.6675703,25.22730542,0.338012226,0,23.73454952,20.73016131
2347,3973,150.5732768,23.21106398,0.359130382,0,21.67452654,19.33272799
2348,2405,67.70778398,8.723489111,0.256116906,0,8.413171495,7.382175965
2348,2750,135.7490297,13.98253464,0.237655537,0,13.54787499,13.28744225
2348,171,344.5493305,44.89556536,0.296237466,0,42.81269355,37.84513387
2349,1568,78.79299997,8.865580689,0.322692881,0,8.384081626,8.146946211
2349,1219,78.67531985,7.964114889,0.264495114,0,7.663770852,7.586331239
2350,1498,233.133238,29.05107446,0.318290398,0,27.51278291,25.91969334
2350,1499,76.66267641,8.516739273,0.292630292,0,8.130404866,7.891752169
2351,2352,37.79269641,3.538333933,0.13643696,0,3.495080695,3.472151835
2352,559,160.2733256,25.89374064,0.369996446,0,24.08226931,21.3696988
2352,2510,35.47255214,5.324537085,0.370206465,0,4.951651775,4.486591042
2352,1644,74.93547543,10.19423066,0.375784669,0,9.460247721,8.851212816
2353,1380,52.96735991,5.085154471,0.194086352,0,4.974495298,4.95471837
2354,330,80.37135396,7.716086863,0.194086352,0,7.548175387,7.518166368
2355,746,341.3482856,45.07426203,0.354613105,0,42.15956859,39.48653192
2356,1810,91.4437389,13.13698906,0.37642413,0,12.18814256,11.21285161
2356,2018,312.7563339,29.28175161,0.13643696,0,28.92380615,28.73405662
2356,1821,122.671922,13.60879609,0.324561148,0,12.86176641,12.64745764
2356,1747,78.5242441,9.844005947,0.37641875,0,9.133020877,8.782772913
2357,1855,81.01391668,8.282721093,0.25635719,0,7.987581933,7.901423381
2358,2123,97.1685774,13.48808986,0.388401069,0,12.45565379,11.63953543
2358,1790,90.0415505,11.06654647,0.357854949,0,10.33877059,9.928751735
2358,1494,75.04692281,8.194046725,0.304898749,0,7.79320688,7.647709821
2359,2358,225.9606911,21.69345463,0.194086352,0,21.22137855,21.13700946
2360,1834,155.0908919,14.58119978,0.181915947,0,14.29716892,14.22789007
2361,3479,75.237536,6.110297075,0.13643696,0,6.035603691,5.996008179
2362,1645,80.78423153,5.547945519,0.13643696,0,5.480126423,5.444175021
2362,750,200.6387932,14.12945405,0.194086352,0,13.82197987,13.7670283
2363,2126,84.99538421,7.078284064,0.194086352,0,6.924251956,6.896723448
2364,2934,23.84117406,2.12582634,0.264495114,0,2.04565682,2.024986203
2364,967,83.82736773,6.981013458,0.194086352,0,6.829098078,6.80194787
2364,1418,100.7547358,10.35263364,0.331274822,0,9.762433887,9.397862071
2365,1415,95.58452689,7.168291446,0.25635719,0,6.912862887,6.838296858
2365,2127,93.9824475,10.39482242,0.373970202,0,9.653081074,8.748588205
2366,3624,186.1172151,15.49955365,0.194086352,0,15.16226443,15.10198434
2367,2368,94.16100829,8.918123247,0.304898749,0,8.481862721,8.323508645
2368,2369,84.24399383,7.471179642,0.25635719,0,7.204958233,7.1272415
2368,1020,301.8552177,31.02858778,0.264495114,0,29.85843248,29.55672389
2369,1377,123.2953494,10.9344496,0.25635719,0,10.54482109,10.43107872
2370,2353,200.6366153,19.26220569,0.194086352,0,18.84303656,18.76812296
2371,2819,290.8098159,23.61765764,0.13643696,0,23.3289511,23.17590563
2372,2689,360.6084996,56.77705686,0.288509265,0,54.26768297,47.28437043
2372,2497,65.9281561,9.717093045,0.298928542,0,9.258727422,7.92490752
2372,358,17.14639374,2.530460198,0.248865196,0,2.444999663,2.066461474
2373,2180,377.1207316,46.38188026,0.334556233,0,43.68903692,41.57155584
2373,1426,80.93463988,12.66133933,0.317604703,0,11.99356766,10.55289755
2373,1664,60.51582716,9.89224935,0.291527944,0,9.446616197,8.152898308
2374,2443,79.41857983,11.12485218,0.29560173,0,10.6107616,9.566286749
2374,2375,59.83998158,8.010122832,0.359072712,0,7.480022523,6.982946797
2374,1426,213.8497325,34.22759629,0.28323188,0,32.76513932,28.37122062
2375,654,264.2831636,30.76457099,0.315739464,0,29.1595511,28.07883292
2375,2374,59.83998158,8.152749558,0.32320238,0,7.708673338,7.071723671
2375,1047,294.1830087,35.84286812,0.315994991,0,33.97011592,32.17372641
2376,1642,73.64516611,8.696821496,0.355255101,0,8.132560695,7.914932166
2376,1747,138.155663,16.23280105,0.350262407,0,15.20684567,14.79490708
2379,2142,52.55686897,5.017654742,0.181915947,0,4.919914582,4.896074475
2380,2198,65.48266929,8.228250494,0.345075624,0,7.722371627,7.322122494
2380,2046,177.6743954,19.39767935,0.30508491,0,18.44770881,18.1060351
2381,1753,86.53416617,12.90068179,0.362927688,0,12.02986969,10.8893403
2381,2339,185.6386289,18.62431246,0.22913232,0,18.08195147,17.86728152
2382,1645,31.18304724,2.195983269,0.194086352,0,2.148195991,2.139655483
2382,2462,81.19458175,5.830384331,0.185932235,0,5.712514003,5.632921511
2383,2276,90.87872507,8.724851605,0.194086352,0,8.534988176,8.50105592
2384,333,93.89072409,14.48370671,0.384684067,0,13.39464568,12.10803686
2384,2109,90.85002542,9.349691461,0.247312992,0,9.037470236,8.893267566
2385,1199,37.88058795,3.636742354,0.194086352,0,3.557602398,3.543458562
2386,4026,10.47952823,1.550361464,0.301030831,0,1.476280875,1.263195511
2386,4027,8.362956078,1.054115573,0.304274081,0,1.00274417,0.857171314
2386,3772,77.89815801,11.50890629,0.304440567,0,10.94746487,9.381116853
2387,904,70.43413193,9.950608667,0.37103945,0,9.250843839,8.539878529
2387,2207,44.02239369,5.548838271,0.304274081,0,5.278420476,4.512128568
2387,3644,52.87352996,6.564917887,0.297610092,0,6.257749234,5.359576614
2388,1750,214.7649087,27.07021688,0.304274081,0,25.75097346,22.01258948
2388,1344,45.00074371,5.566274641,0.295831253,0,5.308684568,4.548828571
2389,2460,166.9986587,18.26303544,0.280392784,0,17.49695314,17.01235871
2389,2513,124.1915243,16.82167777,0.373301718,0,15.62531034,14.62617274
2389,254,95.98549921,12.0533205,0.302674278,0,11.47158263,9.811028302
2389,2338,100.5757647,12.3936463,0.293588685,0,11.82806441,10.1381224
2390,3643,26.74369973,2.866422992,0.314112668,0,2.718296514,2.436317127
2390,2147,176.5599298,21.08818819,0.289340347,0,20.15122609,17.39827977
2390,4005,15.42827276,2.236663228,0.383457961,0,2.069475891,1.90429878
2392,2391,105.6995591,9.993202222,0.194086352,0,9.775737934,9.736872872
2392,2549,104.4726011,13.53840731,0.369549147,0,12.59340993,11.93676515
2392,1177,95.83897183,9.851570476,0.264495114,0,9.480046398,9.384253982
2393,978,79.23029011,8.144315114,0.264495114,0,7.837175337,7.757983534
2394,697,87.70285147,11.1061474,0.3557228,0,10.38380824,9.866417501
2394,728,211.8339977,31.42294246,0.330317178,0,29.64109285,26.57706108
2394,1307,85.85416674,9.156021293,0.277498458,0,8.77916727,8.605718412
2395,2468,251.4950658,20.14232813,0.304898749,0,19.1569972,18.79934126
2396,2200,113.3153772,14.20551398,0.37641875,0,13.17951822,12.67408858
2396,1254,84.91707604,14.62707296,0.309263361,0,13.89256509,11.88736596
2397,1987,79.54916847,11.6149042,0.336601512,0,10.93292092,9.874487886
2397,2026,80.46102552,13.14147841,0.334967259,0,12.37677493,10.82175026
2398,2397,69.53438068,8.236603214,0.331274822,0,7.767037559,7.476982535
2399,2827,84.76154945,6.356630196,0.25635719,0,6.130123656,6.064000693
2399,1960,113.844334,9.165726913,0.311230557,0,8.70005519,8.542070398
2400,2313,181.264481,21.79447857,0.339409673,0,20.49496948,19.68519851
2401,1246,107.390141,10.15303569,0.194086352,0,9.932093229,9.892606551
2402,1911,84.72017654,8.009738768,0.194086352,0,7.835437067,7.804285992
2402,2277,313.8791025,29.96633928,0.181915947,0,29.38261741,29.24023999
2402,1247,109.132039,11.97824278,0.311230557,0,11.36967905,11.16321641
2403,2503,248.1821822,36.85478207,0.302674278,0,35.07603383,29.99864725
2403,1469,250.4273568,37.18818805,0.302674278,0,35.39334841,30.27002936
2403,1888,89.18179218,13.4239548,0.253131409,0,12.95645516,10.90700668
2403,1880,247.0594458,36.50129968,0.304440567,0,34.720649,29.75286695
2404,852,257.141354,36.03628058,0.284803345,0,34.48086773,29.7927401
2404,1469,197.9922026,29.14169509,0.302746016,0,27.73459566,23.77764066
2404,2269,84.34391107,13.93450359,0.339934021,0,13.10127387,11.43820712
2405,2348,67.70778398,8.822479023,0.296237466,0,8.413171495,7.436990647
2405,2443,216.4347705,32.21504281,0.313561874,0,30.55566298,27.23945597
2405,1278,146.2459446,19.18928014,0.266770706,0,18.45424761,16.15694518
2406,599,79.26760652,7.421414415,0.13643696,0,7.330693694,7.282601973
2407,277,138.6327318,13.30949583,0.194086352,0,13.01986494,12.96810232
2408,862,35.5195379,4.833301194,0.376837927,0,4.483494293,4.196857596
2409,597,32.91864867,2.636466131,0.304898749,0,2.507494366,2.460680126
2410,1195,64.31774247,6.021736269,0.13643696,0,5.948125468,5.909103841
2411,2000,49.53016814,4.728692708,0.181915947,0,4.636581312,4.614114135
2412,1455,81.30899389,6.779759248,0.31696482,0,6.423515898,6.23919415
2412,825,81.49436138,8.02463678,0.373131779,0,7.454401427,6.999197388
2413,2412,121.7049336,11.68433519,0.194086352,0,11.43006978,11.38462765
2414,2335,85.3585277,9.319925962,0.304898749,0,8.86400988,8.69852122
2414,1130,74.72922362,10.68836848,0.373358401,0,9.927991597,9.134527628
2415,1501,145.4823698,14.51610784,0.219460094,0,14.1245524,13.94629484
2416,3678,236.827737,26.73950433,0.295246061,0,25.50657409,24.64655332
2416,456,94.74465616,13.09269416,0.384872203,0,12.10733378,11.31268458
2417,1023,94.67748656,7.622583892,0.311230557,0,7.235312724,7.103926273
2418,1477,32.0509371,2.948940854,0.090957973,0,2.928271297,2.910340285
2419,2420,139.0061816,13.27105362,0.181915947,0,13.01254342,12.9494894
2420,2415,161.9151696,16.15575871,0.219460094,0,15.71997556,15.52158311
2421,1388,64.58547971,6.200557126,0.194086352,0,6.065625429,6.041510533
2422,2172,238.1556208,19.17415919,0.311230557,0,18.20000146,17.86950661
2423,1987,79.97427719,12.91342382,0.337061183,0,12.15328,10.66762893
2423,2424,69.64455214,8.927667024,0.346773214,0,8.373778428,7.901048904
2423,3660,223.7541876,27.07796947,0.294204647,0,25.83750749,24.37031429
2424,2423,69.64455214,8.29098423,0.336407183,0,7.80468868,7.515656927
2425,1448,400.7619105,40.34925528,0.25635719,0,38.9114856,38.49176442
2426,2190,72.95591245,7.141936381,0.185932235,0,6.997550979,6.900054059
2427,1646,98.01156267,9.409642788,0.194086352,0,9.204877466,9.168281955
2428,2420,102.1248537,9.561419786,0.13643696,0,9.444539249,9.382580017
2429,2240,99.38679531,16.60975212,0.295101016,0,15.84458482,13.60667427
2429,578,102.2342328,16.89017341,0.339934021,0,15.88020601,13.86438351
2430,3478,223.7337383,25.07521498,0.28116352,0,24.01808759,23.15778243
2430,849,53.71336403,6.228388417,0.284016181,0,5.960914975,5.684247371
2431,1991,94.88530089,9.764975666,0.247312992,0,9.438886546,9.288278841
2432,1979,77.04398105,6.170479496,0.304898749,0,5.868629369,5.759063651
2432,1592,124.0079122,8.832529524,0.217860888,0,8.597343068,8.582508421
2433,1568,29.58073804,2.839911647,0.194086352,0,2.7781117,2.767066858
2434,1790,88.66070105,9.680475892,0.304898749,0,9.206922276,9.035031535
2434,2436,108.7845028,13.14479153,0.344306027,0,12.33997317,11.85582733
2435,3473,55.61002966,6.176873878,0.376577102,0,5.730400151,5.192310132
2435,3623,127.0820296,10.12475134,0.298397178,0,9.648715239,9.463516348
2436,1307,219.4433211,27.34515385,0.318290398,0,25.89719298,24.39765191
2436,1498,81.39286644,8.680240535,0.277498458,0,8.322969242,8.158533429
2436,2434,108.7845028,10.38576093,0.181915947,0,10.18345408,10.13410879
2437,1196,82.85697881,8.471152541,0.25635719,0,8.169298981,8.081180327
2438,607,295.6902226,26.51403331,0.273669529,0,25.45007089,25.22358002
2438,1974,86.06532666,8.771822173,0.350262407,0,8.217420127,7.994818245
2439,1749,63.21975459,6.974676704,0.31758469,0,6.606868059,6.491159549
2441,1143,153.4521501,14.65022411,0.181915947,0,14.3648487,14.2952419
2441,1005,53.51178545,5.202385688,0.196155223,0,5.087083772,5.045408687
2442,1472,81.12928746,10.66296677,0.350651162,0,9.987653658,9.353632633
2443,2374,79.41857983,11.82098858,0.313561874,0,11.2120957,9.995246623
2443,2405,216.4347705,30.31790335,0.29560173,0,28.91688264,26.07043693
2445,1254,355.0410566,54.31061157,0.379799854,0,50.32246183,45.51214495
2445,4008,237.5040896,41.43663856,0.311247706,0,39.33120485,33.56181815
2447,1180,98.76266431,11.89352066,0.288659805,0,11.36736018,10.71874732
2448,1272,105.2342596,13.14350011,0.288659805,0,12.56204147,11.70574823
2449,1243,22.29475662,1.762986293,0.292776377,0,1.682940823,1.652471453
2450,1969,259.3390897,24.75935189,0.181915947,0,24.27705824,24.1594205
2451,2288,25.05112065,3.178482714,0.361041323,0,2.96599288,2.822603366
2451,1206,164.1114001,27.96056223,0.305457175,0,26.58816098,22.79028569
2451,1965,166.4108933,25.65562867,0.346303028,0,24.06790026,21.45512684
2452,809,140.9492109,14.06379308,0.219460094,0,13.68443832,13.51173517
2453,2114,74.40600926,8.166742338,0.311230557,0,7.751824785,7.611058963
2454,2453,95.87853826,10.52354945,0.311230557,0,9.988892519,9.807503657
2455,1925,82.42337381,11.72288049,0.380099388,0,10.86078435,10.04291914
2455,1758,155.6188701,23.87553252,0.355226551,0,22.32668829,20.00311428
2455,1391,75.71975015,10.87804962,0.37642413,0,10.09235975,9.284772607
2456,1716,145.3197284,22.18292894,0.342982,0,20.83438217,18.60525551
2456,2069,188.0133435,18.8625572,0.22913232,0,18.31325826,18.09584222
2456,175,114.8261742,16.71453021,0.385559485,0,15.45242263,14.21270737
2456,2184,82.05131837,10.56300744,0.367438893,0,9.833480453,9.335986357
2457,123,167.8758105,14.95213395,0.3493057,0,14.01189422,13.46790143
2457,3044,50.90189475,5.435320234,0.385310339,0,5.025392762,4.621516616
2458,114,77.67422455,5.889705611,0.273669529,0,5.653361886,5.603050243
2459,750,141.1020384,9.690336921,0.13643696,0,9.571880478,9.509085847
2459,914,428.1532588,29.98369802,0.181915947,0,29.39963801,29.25717812
2460,2389,166.9986587,18.09749534,0.290875785,0,17.28556896,16.90894847
2461,1241,42.36959374,3.38155498,0.090957973,0,3.357853167,3.337291649
2462,927,80.40687755,5.773821219,0.185932235,0,5.657094403,5.578274072
2462,2382,81.19458175,5.71791274,0.194086352,0,5.593483974,5.571246154
2463,2442,128.8715537,12.92911986,0.22913232,0,12.55260931,12.40358402
2464,1898,121.9350114,12.46642222,0.25635719,0,12.02220475,11.89252649
2465,3148,51.5207727,4.946274236,0.194086352,0,4.838637267,4.819400465
2466,2165,113.2268219,12.07521116,0.277498458,0,11.57820577,11.34945668
2467,442,190.0017249,20.065069,0.253216281,0,19.36586366,18.9097898
2468,164,309.1027193,24.75614532,0.304898749,0,23.54511373,23.10553285
2469,2325,154.2309833,10.59198158,0.13643696,0,10.46250327,10.39386587
2469,1306,123.9566781,9.296040101,0.25635719,0,8.964793228,8.868093925
2470,113,77.9863075,5.554616244,0.217860888,0,5.406711784,5.397382546
2470,1592,137.415099,10.3053445,0.25635719,0,9.93813297,9.830934677
2471,2443,116.6014014,16.70233904,0.344203283,0,15.68026689,14.26871622
2472,1194,66.09759953,6.31040129,0.181915947,0,6.187479394,6.157497132
2473,1329,70.05375428,6.005338873,0.344267534,0,5.637725066,5.481100734
2473,2330,248.210223,25.77987922,0.376964756,0,23.91291384,22.11407185
2474,1234,128.3583638,13.96422967,0.2734148,0,13.40482036,13.02657951
2475,2338,106.5791607,12.6246937,0.331274822,0,11.90496465,11.4603814
2476,1538,58.86852165,5.651698076,0.194086352,0,5.528710222,5.50672992
2477,1583,105.8822496,8.524691131,0.311230557,0,8.091587719,7.944652122
2478,1058,127.604422,14.76345738,0.333528409,0,13.91118223,13.51260996
2479,2115,78.37994407,9.538906393,0.348570966,0,8.941402457,8.582457861
2479,3754,36.65176727,3.499179412,0.181915947,0,3.431018015,3.414392557
2480,1083,255.8935256,24.19305975,0.194086352,0,23.66658921,23.57249878
2480,2332,93.96127352,8.663143527,0.13643696,0,8.557243683,8.501105397
2481,2219,81.08035825,8.134438051,0.22913232,0,7.897554039,7.803793831
2482,1947,71.58363363,6.586263019,0.090957973,0,6.540098938,6.500051218
2483,800,110.6237269,11.51998468,0.255932986,0,11.11072107,10.91760497
2484,1200,57.6947526,5.60218397,0.217860888,0,5.45301291,5.443603779
2485,2300,84.0692715,12.68684071,0.352137187,0,11.87703307,10.68061207
2485,2191,150.4482137,20.97071699,0.361142579,0,19.56804143,18.06742845
2485,2508,113.8090307,15.19916423,0.361220839,0,14.18212427,13.26751008
2486,215,53.81909543,6.084783231,0.308799441,0,5.780075734,4.961741614
2487,2334,133.2428165,12.53799896,0.315289154,0,11.88559797,10.12578249
2487,3967,144.6481908,10.23138453,0.381515423,0,9.473768708,8.852158713
2488,3609,143.1884991,7.527489276,0.25635719,0,7.259261379,7.180958902
2488,1383,119.4289579,10.48713852,0.338928151,0,9.863476773,8.617383265
2489,304,41.59197835,4.150012428,0.219460094,0,4.038070581,3.987108498
2490,1612,126.34088,12.98695155,0.264495114,0,12.49718545,12.37090595
2492,2388,43.15494079,4.120043632,0.181915947,0,4.039788265,4.020212929
2493,1820,38.25647449,3.890126827,0.247909647,0,3.759655243,3.716481468
2494,2052,68.8530127,7.170397734,0.246115344,0,6.933037103,6.786650545
2495,594,98.80786465,9.486092107,0.194086352,0,9.279663154,9.24277032
2496,1626,138.7489011,12.99033918,0.13643696,0,12.83154291,12.74736384
2497,2201,284.5455057,47.82972966,0.345326031,0,44.8851716,39.07426295
2497,2203,145.6598482,20.54865828,0.331988983,0,19.37251411,16.94018781
2497,2372,65.9281561,9.887416942,0.251520685,0,9.547030509,8.041038324
2498,2051,221.0302915,26.02387192,0.302928484,0,24.76592214,23.65459971
2499,2200,56.66677738,9.198342475,0.297828444,0,8.767377015,7.595534863
2500,1770,148.912139,14.2963748,0.194086352,0,13.98526822,13.92966748
2501,468,36.62189601,3.36950539,0.090957973,0,3.345888035,3.325399784
2502,1860,50.06170467,5.128822814,0.228690641,0,4.979978419,4.880876092
2503,2345,50.2716404,7.493309005,0.304274081,0,7.128129125,6.093306739
2503,2026,78.3881988,12.56915349,0.305767502,0,11.95106162,10.41612042
2503,2403,248.1821822,37.08390603,0.249857239,0,35.82245616,30.18702823
2504,1121,83.76185871,8.35768743,0.219460094,0,8.132248355,8.029616093
2505,1881,30.63609732,3.610829072,0.326029236,0,3.410960066,3.28247646
2506,1486,67.4773398,6.552077169,0.217860888,0,6.377613014,6.366608493
2507,1937,44.05719536,4.22973024,0.194086352,0,4.137686143,4.121236088
2508,2485,113.8090307,10.75196872,0.190640125,0,10.52509569,10.53170827
2509,1817,107.0923053,10.94892992,0.25635719,0,10.55878543,10.44489243
2510,2352,35.47255214,5.96264058,0.345326031,0,5.595560493,4.871149963
2511,2290,36.68372926,4.554105324,0.3678314,0,4.238956165,4.07473677
2512,2111,39.14358347,4.152444722,0.270153274,0,3.989696941,3.908536066
2513,2389,124.1915243,15.91015484,0.330645504,0,15.00630538,14.0632585
2514,596,79.05003845,7.930744937,0.22913232,0,7.699792699,7.608380324
2515,2083,69.58134149,6.680187014,0.194086352,0,6.534817984,6.508837735
2516,1148,67.00934252,6.433261132,0.194086352,0,6.293265511,6.268245594
2517,2253,65.77739561,6.314987532,0.194086352,0,6.177565689,6.153005755
2518,2157,88.41775313,12.99654835,0.364066913,0,12.11415551,11.02040588
2519,271,91.7852383,9.985404224,0.2734148,0,9.585387305,9.314918556
2520,3458,327.7380839,13.91455582,0.304898749,0,13.23387769,12.98680479
2521,57,143.3150635,7.155524807,0.217860888,0,6.964992467,6.952974427
2522,3079,130.5109139,7.60126006,0.304898749,0,7.229418404,7.094447124
2523,109,406.5862447,17.26215926,0.304898749,0,16.41772165,16.11120724
2524,91,1023.019034,43.43363238,0.304898749,0,41.30892757,40.5377011
2525,2524,257.8985799,10.94942688,0.304898749,0,10.41379819,10.2193754
2526,3272,737.0235253,69.20553358,0.296150936,0,65.99655463,56.92118779
2526,103,227.0160739,15.57201131,0.315289154,0,14.76173882,12.57607374
2527,3955,307.6392814,17.92785374,0.25635719,0,17.28902845,17.10253927
2528,3274,485.8533926,42.32891295,0.334967259,0,39.86579078,34.85703135
2529,3297,144.1809274,7.879398949,0.228690641,0,7.650729639,7.498478958
2530,2529,365.6599858,21.35318209,0.228690641,0,20.73348795,20.32088839
2531,2532,78.95423442,4.913761545,0.304898749,0,4.673388079,4.586137191
2532,2533,296.9461814,18.48061397,0.304898749,0,17.57657147,17.24842165
2533,2933,138.4586972,8.617055524,0.304898749,0,8.195522756,8.042514569
2534,80,276.8905773,14.77652181,0.13643696,0,14.59589091,14.50013715
2534,3331,378.7357988,23.2427143,0.331837826,0,21.91348992,19.32824564
2535,2586,178.630311,12.07360183,0.309820555,0,11.46530423,9.788608035
2536,3122,211.4363441,14.60195148,0.28123359,0,13.986078,13.87071681
2537,3301,10.61413568,0.81835454,0.325239491,0,0.773258915,0.74709219
2538,12,200.9950034,12.50445234,0.13643696,0,12.35159564,12.27056518
2539,3184,93.51197387,5.81763726,0.13643696,0,5.746521403,5.708822364
2540,76,104.622497,10.08656444,0.381389999,0,9.340127338,8.857159661
2541,2548,60.20436424,7.824626192,0.37540385,0,7.262312115,6.896572601
2541,3536,66.16377982,7.170347037,0.299463044,0,6.831001587,6.711032991
2542,2535,506.9635976,34.26561027,0.309820555,0,32.53922499,27.78066006
2543,2768,18.57100104,2.007297911,0.311230557,0,1.905315615,1.870716882
2543,4071,89.57746598,10.36475937,0.350262407,0,9.709679537,9.446653806
2543,2544,150.4343726,14.29738138,0.373358401,0,13.28025718,12.21887377
2544,2562,201.8860301,19.18738064,0.373358401,0,17.82237899,16.39798056
2545,3726,10.5804931,1.080011297,0.3822636,0,0.999747451,0.903953768
2545,3587,16.3974413,1.574243498,0.194086352,0,1.539986037,1.533863568
2546,2545,18.80334004,2.19767456,0.344078326,0,2.063281835,2.005657252
2546,3728,22.29603842,2.34498621,0.358120933,0,2.190559067,1.946286147
2547,2361,97.41033696,8.549927524,0.13643696,0,8.445411653,8.390007022
2547,65,87.00764687,10.08693736,0.311247706,0,9.574410802,8.169966709
2548,2549,15.48154838,2.129644904,0.381515423,0,1.971948487,1.842561447
2548,2551,382.7886278,42.92077742,0.347032492,0,40.25420761,35.02701491
2548,2541,60.20436424,6.257066328,0.28123359,0,5.993159057,5.943725758
2549,2548,15.48154838,1.931370442,0.372164059,0,1.79478512,1.725615257
2549,2547,180.5140719,20.84991761,0.309820555,0,19.79944775,16.90395907
2549,2392,104.4726011,12.14870853,0.338860041,0,11.42650312,11.10332054
2550,2551,18.80244551,1.886367198,0.22913232,0,1.831434057,1.809691169
2550,382,106.6373657,11.08286881,0.28123359,0,10.61542136,10.52786231
2550,2549,379.3453422,43.27096982,0.308704428,0,41.10531877,35.19953636
2551,2550,18.80244551,2.005209508,0.277498458,0,1.922676796,1.884690723
2551,3626,117.5836016,13.13352878,0.345326031,0,12.32498484,10.72937189
2552,2553,15.7020669,1.460281294,0.284617001,0,1.39732752,1.370519433
2552,2550,154.6168617,17.20334763,0.343580304,0,16.15414101,14.06903844
2553,2552,15.7020669,1.400093273,0.264495114,0,1.347292721,1.333678818
2553,3627,197.8990506,21.93393653,0.341794708,0,20.60905632,17.95675505
2553,3792,30.43632514,2.534690056,0.194086352,0,2.479532104,2.469674314
2554,3440,28.82431048,3.081998678,0.367938097,0,2.868606271,2.546408222
2555,3629,39.36945961,4.581052783,0.312634504,0,4.346370134,3.706846344
2556,2557,19.43579751,1.578447448,0.13643696,0,1.559152219,1.548923676
2556,3614,38.08581723,3.583832506,0.315289154,0,3.397351721,2.894330152
2556,1808,32.22036852,4.53316478,0.287099235,0,4.334603561,3.743861095
2557,2558,431.7281436,40.32746661,0.312634504,0,38.26153174,32.63173975
2557,2556,19.43579751,2.886264135,0.30226111,0,2.747311947,2.349272734
2557,2009,68.53545298,8.957377552,0.389608272,0,8.267786801,7.844027263
2558,3217,78.2150715,7.306022857,0.312634504,0,6.931742778,5.911807918
2559,3582,13.1002245,1.223684103,0.312634504,0,1.160996018,0.990167361
2559,3221,33.17796105,2.363117928,0.217860888,0,2.300194467,2.296225499
2560,2559,19.43060927,1.383955484,0.217860888,0,1.347104479,1.344780061
2560,3218,114.1341035,10.70052963,0.313981483,0,10.14799031,8.650164312
2561,1928,161.7618469,15.1449218,0.13643696,0,14.95978752,14.86164648
2561,2768,352.4162421,35.97313653,0.3822636,0,33.29969942,30.10899275
2562,2561,16.37918848,1.379590688,0.217860888,0,1.342855906,1.340538819
2562,2832,269.7978011,25.64175987,0.373358401,0,23.81758985,21.91404278
2563,3784,112.1003709,12.54385725,0.29922208,0,11.95108167,10.25547784
2564,3465,222.3500343,24.88062321,0.29922208,0,23.70485841,20.34164411
2565,346,58.00808152,7.473957984,0.253729308,0,7.212558584,6.053868764
2566,3095,64.41558779,3.751714091,0.304898749,0,3.568186154,3.501569086
2567,18,202.6675996,11.80383375,0.304898749,0,11.22640882,11.01681481
2568,57,196.7316563,9.825132152,0.13643696,0,9.705027948,9.641359826
2569,1203,43.37322246,4.164065125,0.194086352,0,4.073449981,4.057255307
2570,3900,1332.505784,49.74412735,0.194086352,0,48.66163437,48.468172
2571,3306,279.0787319,17.80373167,0.194086352,0,17.41630072,17.34705934
2572,3620,182.7844442,13.06376812,0.276103309,0,12.53100157,12.22513077
2573,2618,411.3304998,25.24302513,0.331837826,0,23.79940526,20.99167009
2574,3156,142.408071,8.859598038,0.13643696,0,8.751296698,8.693885362
2575,3099,736.1637944,27.48192615,0.194086352,0,26.88388586,26.77700453
2576,1548,62.62491265,6.446433909,0.370530313,0,5.994248284,5.544120942
2577,3885,156.8116353,10.42792231,0.30710232,0,9.910996962,8.491202553
2578,2579,627.6175381,43.05099298,0.315289154,0,40.81088188,34.76830651
2578,183,422.6034522,42.18164481,0.312634504,0,40.02072229,34.13208344
2579,2655,781.7453907,53.62328693,0.315289154,0,50.83305813,43.30657081
2580,0,770.866878,48.34256492,0.340553032,0,45.44211812,39.95591769
2581,79,4.423720254,0.165143076,0.194086352,0,0.161549361,0.160907095
2582,335,21.52157009,3.724999826,0.313981483,0,3.532653377,3.011239786
2582,2636,146.6450173,24.1738798,0.342327674,0,22.7094834,19.76969129
2582,2638,385.2138066,43.77568323,0.30710232,0,41.60566703,35.64547012
2583,134,25.45305822,2.559318207,0.315289154,0,2.426146897,2.06692468
2583,3349,270.8888877,32.08616982,0.26024232,0,30.91123422,25.89428541
2584,3269,1219.862726,83.06254201,0.312634504,0,78.80733294,67.21164212
2585,33,661.4236466,45.20362216,0.313981483,0,42.8694593,36.54200051
2585,2637,324.306088,33.30485076,0.263722382,0,32.055514,26.80571203
2586,136,530.9096719,52.60155047,0.309820555,0,49.95135566,42.6464254
2587,3028,33.29540232,3.61035224,0.337218417,0,3.3976468,3.05777482
2587,3026,202.3475914,25.47921757,0.308704428,0,24.20401865,20.72652056
2588,2140,41.83016907,3.426404646,0.298992838,0,3.264713585,3.170413017
2589,2590,15.57907317,1.495675709,0.194086352,0,1.463127978,1.457311071
2589,3630,221.6415451,25.79033665,0.312634504,0,24.46912408,20.86874342
2589,2102,164.739887,16.84271781,0.25635719,0,16.24255929,16.06735791
2590,2589,15.57907317,1.495675709,0.194086352,0,1.463127978,1.457311071
2590,3631,242.0680185,25.88278091,0.367938097,0,24.09070068,21.38486515
2591,2592,13.90871052,1.345209334,0.302746016,0,1.280256239,1.097599301
2591,54,48.26864069,3.897587751,0.337590115,0,3.667491293,3.276635135
2592,55,15.08632758,0.823914915,0.127480308,0,0.814823349,0.801283144
2592,50,220.270181,19.93695471,0.302746016,0,18.97430386,16.26719872
2593,752,415.5236684,61.25201853,0.330992054,0,57.76557172,51.90111776
2593,3023,26.99649357,4.143492317,0.332937841,0,3.905076431,3.471794096
2594,3022,8.462944817,1.254169478,0.247312992,0,1.212288061,1.061916612
2595,2762,200.77864,13.86592249,0.28123359,0,13.28109287,13.17154659
2596,3054,21.51890416,2.163736976,0.315289154,0,2.0511493,1.747450295
2596,429,125.1600909,16.07673626,0.312634504,0,15.2531415,13.00879816
2597,1514,74.39885387,8.40587898,0.324388077,0,7.944908142,7.39414103
2597,2598,217.0983,20.67429907,0.312408427,0,19.61658723,19.27053787
2598,2597,217.0983,18.57883059,0.20837684,0,18.12138732,17.92371782
2599,3042,13.9341265,1.607209652,0.215383081,0,1.565269321,1.467380441
2599,3134,186.3191376,23.93257798,0.312634504,0,22.70653649,19.36550251
2599,1226,61.04742289,9.499000481,0.360540104,0,8.865600068,7.925369461
2600,2882,18.08337609,2.13770717,0.332818988,0,2.014785013,1.942867206
2600,1775,90.86230592,11.23902646,0.295831253,0,10.71891888,9.184671611
2601,1775,18.94951729,2.602310224,0.383729911,0,2.407535533,2.253604136
2601,2882,90.96138782,11.50821982,0.305830924,0,10.94208357,9.348899728
2602,2724,141.8992216,10.85711228,0.378973544,0,10.06306226,9.274635836
2602,2868,145.8199329,12.29459534,0.336969224,0,11.57124381,10.11345424
2603,3586,13.48825329,1.017029819,0.264495114,0,0.97867542,0.968786261
2603,3491,26.34414554,2.247121075,0.338860041,0,2.113536259,2.053757856
2604,3586,189.912999,16.19932983,0.338860041,0,15.23632675,14.80538867
2604,2742,81.07418887,6.113087132,0.264495114,0,5.882549365,5.823108346
2605,2742,11.87737515,1.013124528,0.338860041,0,0.95289722,0.925945861
2605,2869,249.8083668,18.8358383,0.264495114,0,18.12549801,17.94234646
2606,69,169.9812521,14.49917795,0.338860041,0,13.63724396,13.25153369
2606,2713,131.1709751,11.1887122,0.338860041,0,10.52357578,10.22593123
2607,1757,325.1273329,20.2270662,0.13643696,0,19.97980686,19.84873286
2608,3249,37.10150852,2.034361388,0.264495114,0,1.95764121,1.937859959
2609,2611,49.43733738,4.216940063,0.338860041,0,3.966255233,3.854075279
2609,2610,145.5599257,12.41607082,0.338860041,0,11.6779715,11.34767649
2610,2686,101.4741782,8.655614358,0.338860041,0,8.141063244,7.910804713
2610,2609,145.5599257,12.41607082,0.338860041,0,11.6779715,11.34767649
2611,2609,49.43733738,4.216940063,0.338860041,0,3.966255233,3.854075279
2611,2612,102.3683329,8.731884585,0.338860041,0,8.212799427,7.980511939
2612,2611,102.3683329,8.731884585,0.338860041,0,8.212799427,7.980511939
2612,2613,87.38186455,7.453558482,0.338860041,0,7.010466095,6.812184915
2613,2612,87.38186455,7.453558482,0.338860041,0,7.010466095,6.812184915
2613,3940,104.9945631,8.955898579,0.338860041,0,8.42349644,8.185249683
2614,3940,16.76020089,1.429623162,0.338860041,0,1.344636221,1.306605075
2614,2615,61.4854752,5.244630422,0.338860041,0,4.932852388,4.793333592
2615,2616,129.3686662,11.03497762,0.338860041,0,10.37898027,10.08542541
2615,2614,61.4854752,5.244630422,0.338860041,0,4.932852388,4.793333592
2616,2713,124.8387847,10.64858466,0.338860041,0,10.01555726,9.732281296
2616,2615,129.3686662,11.03497762,0.338860041,0,10.37898027,10.08542541
2617,2540,90.1501,8.691293161,0.381389999,0,8.048110466,7.631951556
2618,3455,575.5706252,35.32231081,0.331837826,0,33.30226806,29.37343252
2619,2669,184.911965,12.69903159,0.13643696,0,12.54379631,12.46150495
2620,169,332.7170922,16.57197735,0.362277829,0,15.45705688,14.66581816
2621,174,494.5581716,34.42355645,0.322931863,0,32.55141931,30.90574114
2622,2626,104.7576283,15.76148564,0.352656041,0,14.75267468,13.22066295
2622,4042,222.8532178,28.11104011,0.362277829,0,26.21980086,24.87762287
2622,2624,82.7040969,13.10532348,0.367938097,0,12.19793292,10.82787729
2623,3969,314.2278811,40.51128289,0.313981483,0,38.41941663,32.74877651
2623,1362,196.7395408,23.75639035,0.338928151,0,22.34361679,19.52085596
2623,2020,409.5567361,50.60592978,0.300256357,0,48.19926473,41.37238857
2623,1809,166.6528534,20.8554191,0.302058914,0,19.85262064,16.99181601
2624,2625,18.17171473,2.594268225,0.383457961,0,2.400350432,2.208764267
2624,2622,82.7040969,13.13518256,0.340553032,0,12.34710071,10.85644244
2624,2627,164.1938723,21.24627546,0.315289154,0,20.14074887,17.15865225
2625,2624,18.17171473,3.007999659,0.345326031,0,2.822817144,2.457370561
2625,3753,84.18044047,10.52041796,0.305457175,0,10.0040394,8.575053998
2625,3970,217.5226588,37.81022899,0.309820555,0,35.90525715,30.65444071
2626,2622,104.7576283,14.32461792,0.389198429,0,13.22397495,12.36148863
2627,2905,80.8674572,9.894021146,0.341794708,0,9.296390493,8.099983054
2627,3389,196.8854186,19.79693097,0.315289154,0,18.76681942,15.98815071
2628,2538,133.8058054,8.324427415,0.13643696,0,8.222668099,8.168724737
2629,143,26.95831904,2.445302662,0.315289154,0,2.318064025,1.974844866
2629,3730,162.7769152,17.32910163,0.364990863,0,16.14701357,14.33426807
2630,908,314.2739361,34.31420263,0.304898749,0,32.63560595,32.02630804
2630,3732,81.95745187,8.901721852,0.298397178,0,8.483189008,8.320361402
2631,2565,219.4548738,24.55665925,0.29922208,0,23.39620377,20.07678099
2632,4067,14.8916052,1.732795678,0.312634504,0,1.644026328,1.402124714
2632,4001,9.854962698,1.62979374,0.315289154,0,1.544989215,1.316233712
2632,870,117.6320985,18.00005695,0.315289154,0,17.06344377,14.5369817
2633,268,15.2936218,2.285844439,0.310264167,0,2.170373997,1.857621634
2633,128,161.3423012,24.4173481,0.311247706,0,23.17668019,19.77695646
2633,331,96.4840611,11.26835912,0.313981483,0,10.68649899,9.109190036
2634,3058,370.1033653,29.73519168,0.296735763,0,28.3514001,27.67379752
2635,2584,644.2149063,44.02752663,0.313981483,0,41.75409339,35.59126069
2635,2583,323.1318295,32.37199553,0.313981483,0,30.70041467,26.16908603
2636,3266,100.3238757,12.98594314,0.381178028,0,12.02593274,11.40235923
2636,2582,146.6450173,22.18384909,0.3822636,0,20.5351987,18.56755945
2637,2638,25.2991698,2.625775692,0.266800461,0,2.525176699,2.107782582
2637,3110,205.3697446,23.6254091,0.30734546,0,22.45255958,19.17370498
2638,33,327.0480428,32.88485034,0.315289154,0,31.1737233,26.55805307
2638,2583,151.8342803,17.98442359,0.26024232,0,17.3258676,14.51384818
2639,2640,176.9382558,14.34740177,0.340312282,0,13.48771512,12.04751192
2639,3328,277.8385453,27.62116032,0.310250074,0,26.22598199,22.37286407
2640,55,40.53095449,3.286535665,0.340312282,0,3.089608662,2.759703688
2641,2567,593.986519,34.59516042,0.304898749,0,32.90281973,32.28853301
2642,75,175.4403426,9.618827397,0.264681891,0,9.255614758,9.163476867
2643,3087,197.7297491,10.0696997,0.181915947,0,9.873549486,9.825705876
2644,3447,15.94492142,0.81656624,0.194086352,0,0.798796761,0.795621012
2645,3486,281.1659097,14.39897906,0.194086352,0,14.08563968,14.02963989
2646,2654,1300.415978,89.20113879,0.315289154,0,84.55965559,72.03951222
2647,3391,341.6131141,34.22348772,0.313981483,0,32.45630204,27.66580743
2647,3395,627.5483383,41.73175865,0.30710232,0,39.66306239,33.98115224
2648,3741,897.1826774,87.45740685,0.30710232,0,83.12203214,71.21443123
2649,3096,47.01155594,2.738062679,0.304898749,0,2.60412097,2.555502738
2650,2649,75.51265206,4.398033,0.304898749,0,4.182888161,4.104794774
2651,7,878.3327566,34.91800144,0.25635719,0,33.67376425,33.31054009
2652,2932,82.4117859,4.386340666,0.219460094,0,4.268024135,4.214159945
2653,2905,10.46802277,0.791895141,0.389608272,0,0.730930471,0.693467149
2653,2625,242.2906448,30.39442342,0.30710232,0,28.88773326,24.74943695
2654,2862,1180.65305,77.76576757,0.348700263,0,72.89128108,63.39689244
2654,2699,383.3524583,35.30245447,0.369996446,0,32.83276942,29.13456305
2655,3450,332.9027647,33.2282808,0.312634504,0,31.52602996,26.88729797
2655,3334,1239.422425,84.70574541,0.313981483,0,80.33182591,68.47498594
2656,2699,82.10635022,7.012582693,0.338705537,0,6.596056616,5.747133309
2656,3845,429.8791451,36.08838131,0.358391927,0,33.70847779,30.00604846
2657,180,101.9547651,11.90728183,0.313981483,0,11.29242988,9.625686567
2657,3596,27.6780709,2.510589044,0.315289154,0,2.379953303,2.027570641
2658,722,23.27000337,3.0000447,0.313981483,0,2.845132492,2.425195807
2658,3214,82.94310957,7.747666053,0.312634504,0,7.350761045,6.269171944
2658,3215,54.01744297,5.102475329,0.343681107,0,4.791113929,4.507042952
2659,3060,189.7126881,11.04930949,0.304898749,0,10.50879469,10.31259834
2660,3616,24.18414574,1.408541061,0.304898749,0,1.339637453,1.314626785
2661,2662,152.7172631,8.345904438,0.228690641,0,8.103696597,7.942431805
2662,3309,183.6467668,10.27317527,0.2734148,0,9.861630195,9.583366761
2663,3040,94.56164058,5.167735461,0.228690641,0,5.017761776,4.917907555
2664,3863,271.8653028,10.83035609,0.228690641,0,10.51604657,10.30677565
2665,72,630.3527025,37.09608763,0.31758469,0,35.1398304,34.52441362
2666,2641,638.710765,37.20000484,0.304898749,0,35.38023926,34.71969979
2667,9,76.45544541,4.191805157,0.264681891,0,4.033520103,3.993367175
2668,2600,124.101364,15.35046353,0.295831253,0,14.64009128,12.5445889
2668,2749,236.9171436,34.73908612,0.30100678,0,33.0793997,28.37312123
2668,248,163.3738495,20.43862161,0.301030831,0,19.46200734,16.65287461
2668,435,102.1289159,14.87463529,0.308000424,0,14.13330476,12.17025824
2669,3102,15.34994833,1.054174502,0.13643696,0,1.041288081,1.034456894
2669,1483,600.5306678,68.57051783,0.304274081,0,65.22879343,55.75923776
2670,338,20.18699953,2.366309027,0.315289154,0,2.243180738,1.911049011
2670,2671,397.7794054,45.03372996,0.305457175,0,42.82331849,36.70639965
2671,336,18.73165842,3.115127531,0.340613954,0,2.928164909,2.552299357
2671,2582,409.7072579,46.38411583,0.305457175,0,44.10742274,37.80708137
2671,2065,60.34799406,10.45091569,0.30835249,0,9.928959915,8.481311101
2672,1341,294.4288815,38.70640984,0.357945583,0,36.1597427,33.97076988
2672,48,20.39201609,2.735323887,0.312638579,0,2.595192674,2.383688129
2672,2748,173.9832935,21.84784593,0.302674278,0,20.79338799,17.78346761
2673,1962,265.8147364,24.55521679,0.30835249,0,23.32884224,19.92748186
2674,3322,81.21470938,8.627446134,0.357099119,0,8.062292276,7.348694549
2675,3680,9.072001203,1.059517669,0.313981483,0,1.004807743,0.856499841
2675,3670,86.00396854,15.00485893,0.311247706,0,14.24244825,12.15326253
2676,1481,287.2645939,33.65026558,0.255131673,0,32.46156079,27.23169568
2677,1482,15.21272802,1.134698726,0.247909647,0,1.096641884,1.084048663
2677,3780,166.7350295,19.5313942,0.255131673,0,18.84144239,15.80590744
2678,387,17.22165304,1.426208263,0.181915947,0,1.398426793,1.391650528
2678,3108,403.934907,47.31706303,0.255131673,0,45.64557491,38.29164017
2679,2765,52.04150386,2.721054582,0.247909647,0,2.629792699,2.599593632
2680,3059,19.53385269,1.031398722,0.14686665,0,1.017259117,1.016049318
2680,2634,67.71044917,5.44005641,0.296735763,0,5.186891597,5.062924134
2681,407,16.91758018,1.1394228,0.349500981,0,1.067697929,1.012548036
2681,3992,32.29809574,3.166277645,0.394788031,0,2.916479553,2.682076504
2682,2997,18.56950204,2.090152687,0.348700263,0,1.959138472,1.703952642
2682,3513,20.84335099,2.090784766,0.353016465,0,1.956711058,1.760137257
2683,3990,136.9541393,15.29712567,0.345326031,0,14.35538348,12.49691175
2684,3946,121.6538495,13.35946924,0.340844781,0,12.55665961,10.96583976
2684,411,153.6656167,15.93918268,0.353389063,0,14.91506731,13.28280786
2685,413,114.1872019,12.80341975,0.347032492,0,12.00797254,10.44868247
2685,3797,221.5241474,25.45836322,0.311782172,0,24.16070363,20.66867964
2686,3133,55.59983818,4.742593301,0.338860041,0,4.460659914,4.334496418
2686,2610,101.4741782,8.655614358,0.338860041,0,8.141063244,7.910804713
2687,423,15.03408502,2.246343777,0.309263361,0,2.13354218,1.825594952
2687,2191,244.0146622,34.88367585,0.335268891,0,32.85041083,28.65060398
2687,2688,318.3660071,37.18191853,0.313981483,0,35.26196944,30.05736312
2688,422,15.58320403,2.728815186,0.312634504,0,2.589020774,2.20807292
2688,614,199.5850642,33.54858703,0.345326031,0,31.48322386,27.40735355
2688,2906,394.1206391,46.19860542,0.315289154,0,43.79471177,37.31034205
2689,2372,360.6084996,58.85027696,0.29690064,0,56.10875549,48.52066736
2689,3660,36.47968875,3.356421192,0.090957973,0,3.332895546,3.312486853
2689,1664,36.46047523,5.844971777,0.30780524,0,5.554006647,4.841958837
2690,303,83.76820521,8.723675628,0.246115344,0,8.434897065,8.256799713
2691,530,142.7896891,13.36865718,0.13643696,0,13.20523628,13.11860566
2692,1077,23.70381321,1.925067568,0.13643696,0,1.901535192,1.889060506
2693,418,42.53175468,4.787304535,0.348700263,0,4.487228396,3.902748474
2694,2693,13.8557229,1.485497978,0.284617001,0,1.421457095,1.394186075
2694,3795,52.23205953,5.927680387,0.310451986,0,5.62790691,4.828797803
2695,415,14.33489006,1.461019337,0.350262407,0,1.368679103,1.331602923
2695,1001,72.85375029,6.136345255,0.217860888,0,5.97295092,5.96264464
2695,3796,46.65760808,5.295050412,0.310451986,0,5.027270172,4.313445754
2696,3886,177.7148803,16.72277007,0.315289154,0,15.85261911,13.50543519
2697,2334,21.27157516,2.611829546,0.342676813,0,2.453312328,2.136048954
2697,504,59.06038262,5.090209788,0.350262407,0,4.76849525,4.639321372
2697,3211,127.8769116,12.03307335,0.315289154,0,11.40694561,9.718000763
2698,3841,37.67540051,5.175205798,0.392436845,0,4.771411339,4.460020999
2698,3208,100.5566726,9.462269637,0.315289154,0,8.969910838,7.6418003
2699,2700,129.7763625,21.22635734,0.311247706,0,20.1478266,17.19239711
2700,2657,19.24614737,3.171223744,0.313981483,0,3.007472427,2.563574646
2700,3945,105.1147261,11.63360524,0.344553962,0,10.92036284,9.528820343
2701,2656,87.96522138,8.183904109,0.310250074,0,7.770525179,6.628880615
2701,3334,330.3564017,32.68838819,0.31325905,0,31.0076233,26.51238756
2702,2701,381.2714886,44.20142094,0.311247706,0,41.9555061,35.80116784
2703,215,19.58404224,2.041677497,0.371953422,0,1.897442751,1.748573648
2703,2708,147.3182483,16.6106251,0.302337402,0,15.8105755,13.55279508
2704,2705,368.3637133,41.53424041,0.302337402,0,39.53374662,33.88825199
2705,2706,89.89264114,10.3411066,0.30734546,0,9.827737207,8.392545767
2706,1666,15.4626392,1.532438995,0.186725127,0,1.501232472,1.473921679
2706,2702,116.8217419,13.54333366,0.311247706,0,12.85518443,10.96949264
2707,2704,33.96031664,3.829139258,0.302337402,0,3.644709033,3.124237612
2708,2707,48.74035511,5.495638016,0.302337402,0,5.230940995,4.483952616
2709,3746,65.60959953,4.505811058,0.13643696,0,4.450731203,4.421532967
2710,1666,487.6387854,56.95126109,0.313981483,0,54.01048971,46.0386339
2711,1604,125.3717781,13.58687729,0.299463044,0,12.94386169,12.71653677
2712,1321,28.28903664,2.383604571,0.329423924,0,2.249116163,2.187527376
2713,2616,124.8387847,10.64858466,0.338860041,0,10.01555726,9.732281296
2713,2606,131.1709751,11.1887122,0.338860041,0,10.52357578,10.22593123
2714,104,1079.385327,52.0929966,0.366788728,0,48.5070177,46.60460622
2714,3178,361.3691501,31.69088311,0.328372349,0,29.91334495,26.54868011
2715,172,20.01462445,2.070000691,0.2658182,0,1.991224966,1.663109813
2715,2716,279.7028536,32.65614344,0.312992564,0,30.97966885,26.39996328
2716,428,13.31005446,2.267047979,0.304032612,0,2.15672667,1.847865541
2716,3314,402.9506403,47.23365332,0.315289154,0,44.77590209,38.14625454
2717,2718,41.65557685,3.832644019,0.090957973,0,3.805780457,3.782476095
2718,1240,37.16671861,3.419633398,0.090957973,0,3.395664687,3.374871634
2719,2720,72.58477897,3.433993662,0.090957973,0,3.409924298,3.389043927
2720,1411,30.21093806,1.429282713,0.090957973,0,1.419264662,1.410573919
2721,2592,239.8925598,22.15360414,0.30734546,0,21.05382025,17.97923025
2722,2721,58.23945597,2.875025712,0.194086352,0,2.81246164,2.801280234
2723,2721,33.30414263,3.064134972,0.305830924,0,2.91339768,2.489202591
2724,3113,10.81533651,0.777638214,0.3686321,0,0.723607488,0.676996805
2725,3113,21.01897965,2.616111084,0.302746016,0,2.489792816,2.134568668
2726,2723,76.92339557,4.795788713,0.344078326,0,4.502515485,4.376766508
2727,1855,73.82343467,6.911704873,0.13643696,0,6.827214934,6.782426196
2728,795,142.2755724,13.73405852,0.205690482,0,13.40349116,13.36366994
2729,2746,48.19172194,4.953769182,0.264495114,0,4.766951808,4.718783496
2730,1145,177.7213782,21.96471362,0.339289618,0,20.65591111,19.65941206
2731,1803,80.11228989,8.190540348,0.25635719,0,7.898685875,7.813486206
2732,2733,19.33852832,3.195937615,0.340844781,0,3.003884365,2.623318274
2732,1776,105.8126374,13.02067768,0.297391097,0,12.4122713,10.65603745
2732,1342,284.9981239,39.07875934,0.315556194,0,37.04216161,33.81447114
2733,2732,19.33852832,3.250645548,0.345326031,0,3.050524941,2.655598929
2733,2601,131.2191834,16.39389029,0.304440567,0,15.59414365,13.36295531
2733,1537,45.67678064,6.371322035,0.392436845,0,5.874200832,5.490840592
2734,1776,22.00166779,3.682867816,0.342676813,0,3.459347118,3.011982905
2734,2733,105.4944768,13.29713678,0.304274081,0,12.64911241,10.81278419
2736,1125,44.08408179,4.108777025,0.098745822,0,4.076910034,4.03575079
2737,3330,267.0204755,14.24979469,0.13643696,0,14.07560261,13.9832621
2738,2526,525.9335485,35.53656639,0.308818312,0,33.75680255,28.81230021
2739,2322,133.5213746,10.69377377,0.304898749,0,10.17065122,9.980767923
2740,2741,120.9276272,6.436333871,0.219460094,0,6.262721114,6.183683042
2741,2903,187.9699385,10.00463922,0.219460094,0,9.734775496,9.611918694
2742,2605,11.87737515,0.895567754,0.264495114,0,0.861793952,0.853085838
2742,2604,81.07418887,6.915522016,0.338860041,0,6.504414333,6.320446116
2743,3552,217.0700227,14.90752139,0.13643696,0,14.72528914,14.62868648
2744,2743,157.6816282,10.8289584,0.13643696,0,10.69658324,10.62641019
2745,2744,225.3974734,15.47941818,0.13643696,0,15.29019496,15.18988633
2746,2747,63.20994879,6.497536998,0.264495114,0,6.252500793,6.18932155
2747,668,28.12438822,2.890988784,0.264495114,0,2.78196333,2.753852604
2748,2599,173.6696753,21.80846352,0.302674278,0,20.75590633,17.75141155
2748,1347,230.7647346,32.67499296,0.329233413,0,30.83336525,27.89848643
2749,299,103.8889684,12.84713383,0.314274956,0,12.18260735,11.48854161
2749,2668,236.9171436,34.30747926,0.29987163,0,32.67976087,28.11715621
2749,1294,135.5874528,19.70943298,0.301748462,0,18.76352819,16.13672712
2750,2348,135.7490297,13.42320504,0.174453775,0,13.17956454,12.91558948
2751,655,46.53735304,4.767752906,0.228690641,0,4.629387179,4.537261672
2752,1267,75.03978581,9.989150056,0.359341727,0,9.327162221,8.728638932
2753,126,40.1882484,3.762617028,0.13643696,0,3.716622112,3.692239869
2754,3384,250.1070467,13.34719392,0.13643696,0,13.18403539,13.09754386
2755,577,140.805855,14.12643616,0.22913232,0,13.71505841,13.55223246
2756,1920,255.7341593,35.01051712,0.353608278,0,32.75845596,30.32928484
2757,575,89.36661549,8.677534752,0.217860888,0,8.446475389,8.431901063
2758,576,197.1959054,21.40477275,0.265185783,0,20.59371597,19.9704267
2758,575,86.33996042,12.03168685,0.360030816,0,11.23150349,10.36529875
2758,2759,75.3334777,7.053082361,0.13643696,0,6.966864198,6.921159316
2759,2758,75.3334777,7.232423357,0.194086352,0,7.07503699,7.046909011
2760,2861,259.8436444,17.27951712,0.30710232,0,16.42294952,14.07028893
2761,3657,97.9667232,7.553277542,0.325239491,0,7.137052354,6.895537803
2762,2536,181.7824737,12.55403309,0.28123359,0,12.02453565,11.92535382
2763,11,73.06297417,5.05598901,0.246115344,0,4.888621343,4.785401291
2764,3372,136.7857801,8.094475306,0.324561148,0,7.650144062,7.522673784
2764,3232,137.0793849,11.40450448,0.333500193,0,10.74624029,9.416740982
2765,2629,328.6308086,29.59063206,0.312634504,0,28.07473424,23.94382502
2766,2765,75.74977743,7.101845225,0.313981483,0,6.735129848,5.741036213
2766,2679,47.801412,2.346608372,0.181915947,0,2.300898197,2.289748886
2767,2673,273.1778449,24.32571308,0.30835249,0,23.11080075,19.74123096
2768,2543,18.57100104,2.137959878,0.34516686,0,2.006452201,1.951414473
2768,3725,119.8389873,12.23264917,0.3822636,0,11.32354806,10.23854967
2769,2619,94.16856235,6.467129088,0.13643696,0,6.388073724,6.346165894
2770,2769,88.4911044,6.077223449,0.13643696,0,6.002934363,5.963553172
2771,3779,76.9185694,5.282466941,0.13643696,0,5.217893103,5.183662037
2772,2771,95.72527001,6.57403769,0.13643696,0,6.493675456,6.451074845
2773,2772,140.6208462,9.657290522,0.13643696,0,9.539238044,9.476657558
2774,3558,20.33898799,1.396802261,0.13643696,0,1.379727496,1.370676037
2775,1238,82.56511613,9.652174304,0.34516686,0,9.058461093,8.809984144
2776,1507,83.07255994,12.52976987,0.343442771,0,11.76616388,10.54687329
2776,1915,68.0797263,8.42098203,0.295831253,0,8.031284877,6.881730803
2776,531,25.36254143,3.196842079,0.304274081,0,3.041046767,2.599564407
2777,1138,145.4724545,13.96614639,0.194086352,0,13.66222598,13.60790955
2778,3957,18.1224792,2.238295868,0.362363971,0,2.087642664,2.005320558
2779,2894,9.798039461,1.098620597,0.347032492,0,1.03036581,0.896568104
2780,2778,87.39161625,7.172294774,0.362363971,0,6.68954841,6.42575915
2781,3120,143.4981803,13.43498954,0.13643696,0,13.27075778,13.18369732
2782,3950,163.7393718,15.98203722,0.3920267,0,14.7374559,13.55522157
2783,3437,11.10609518,1.138431491,0.384684067,0,1.052830381,0.951701849
2783,1656,111.3053364,7.83838265,0.194086352,0,7.667809868,7.637325223
2784,2783,529.4571799,51.67849529,0.3920267,0,47.65409658,43.83129913
2785,30,291.7849179,20.15088385,0.28123359,0,19.30097041,19.14177046
2786,3734,345.5482685,21.49750881,0.13643696,0,21.23471935,21.09541272
2787,2785,434.9153812,30.0355803,0.28123359,0,28.76875531,28.53146234
2788,2791,114.142965,8.956821837,0.355255101,0,8.375691884,8.151557128
2789,2790,114.6144366,11.23599147,0.394788031,0,10.34954703,9.517734104
2790,3452,82.91903815,8.128798026,0.394788031,0,7.487490324,6.885706381
2791,2794,114.37825,8.975284701,0.355255101,0,8.392956854,8.168360085
2792,2789,114.9557446,11.2694509,0.394788031,0,10.38036673,9.546076771
2793,2795,15.33744143,1.380028071,0.359480316,0,1.288507303,1.239553021
2793,2792,113.5271288,11.12939949,0.394788031,0,10.25136444,9.427442636
2793,563,99.14054357,9.139103958,0.352193151,0,8.555578491,8.137835553
2794,2795,113.5582946,8.910942628,0.355255101,0,8.332789376,8.109802698
2795,2793,15.33744143,1.186868261,0.27053115,0,1.140232419,1.119994875
2795,1182,110.2008735,7.568165603,0.13643696,0,7.475650969,7.426608281
2795,2799,354.4885171,34.60040557,0.3920267,0,31.90594191,29.34645674
2796,564,112.5676951,10.80711063,0.194086352,0,10.5719347,10.52990423
2796,29,114.1497984,12.03911469,0.363764038,0,11.22298585,9.986869427
2797,2799,18.02884142,1.269633266,0.194086352,0,1.242004496,1.237066701
2797,2796,123.4333146,13.25117571,0.369996446,0,12.32415148,10.93598788
2798,2797,118.3063503,12.70077078,0.369996446,0,11.81225172,10.4817473
2799,2802,227.5483233,22.21020962,0.3920267,0,20.4806171,18.83766809
2800,2803,15.5000928,1.091552862,0.194086352,0,1.067799338,1.063554126
2800,4046,22.43408362,2.408409632,0.369996446,0,2.239922388,1.987622768
2801,2802,15.4501181,1.460707649,0.194086352,0,1.428920866,1.423239955
2801,2798,118.1790173,12.68710095,0.369996446,0,11.7995382,10.47046581
2802,4047,172.5948898,17.6918579,0.384684067,0,16.36156908,14.78997551
2803,3866,12.96003365,1.264984334,0.3920267,0,1.166475248,1.072900951
2804,2805,15.43479133,1.376261332,0.264495114,0,1.324359533,1.310977363
2804,3852,128.7964209,13.12285366,0.349376197,0,12.29733672,11.95991023
2804,3867,208.7907521,22.41471802,0.369996446,0,20.84663176,18.4985159
2805,2804,15.43479133,1.4695299,0.311230557,0,1.394869317,1.369539806
2805,3127,268.5354615,26.21082329,0.3920267,0,24.16968794,22.23080277
2806,3127,14.9785646,1.707695976,0.381389999,0,1.581321168,1.499552796
2806,605,128.0756563,10.60656366,0.181915947,0,10.39995574,10.34956136
2806,2804,268.5696053,30.11378973,0.347032492,0,28.2428888,24.5754207
2807,2808,16.19217566,1.367731657,0.324920286,0,1.292499045,1.136181984
2807,3288,46.19398443,4.667834612,0.379138176,0,4.326171095,3.919034105
2808,94,20.41900617,2.08428446,0.3822636,0,1.929385445,1.744515818
2808,3186,661.3487844,53.32802322,0.34092728,0,50.12195069,44.86283642
2809,95,122.4466242,13.49914337,0.342719825,0,12.67966273,11.06864261
2810,2815,102.0939192,10.08157169,0.367646593,0,9.384565159,8.522133003
2811,2812,102.1008159,11.21224454,0.340844781,0,10.53846793,9.203335464
2812,2809,48.89911539,5.369877161,0.340844781,0,5.047185517,4.407750895
2813,3634,316.9006149,31.29330612,0.367646593,0,29.12979042,26.4527918
2814,2813,15.24620148,1.457868601,0.217860888,0,1.41904949,1.416600931
2814,2811,160.6114355,17.63761312,0.340844781,0,16.5777173,14.47746433
2815,2813,160.9938811,15.8978259,0.367646593,0,14.79870279,13.4387168
2816,492,17.13089619,2.25171594,0.381178028,0,2.085253582,1.977128173
2816,28,151.4840868,11.50109956,0.322692881,0,10.87646268,10.56883275
2817,886,29.6790796,2.764855336,0.258611889,0,2.664759059,2.589583766
2817,586,75.22372648,7.454827216,0.322887398,0,7.049496907,6.851145691
2818,2160,17.71587535,1.700820333,0.194086352,0,1.663808405,1.65719366
2818,2371,59.49157618,5.149109377,0.219460094,0,5.010218031,4.946987054
2819,2099,89.35814507,8.359209761,0.366085877,0,7.785820043,7.413130974
2819,2098,77.50419422,7.542174592,0.358501758,0,7.044511924,6.598343559
2820,1369,198.8789221,18.52724062,0.258611889,0,17.85649746,17.35274931
2820,94,732.1659376,62.73652405,0.33840117,0,59.01635793,51.90996243
2822,3222,34.43367404,4.334453075,0.307698549,0,4.118819912,3.526077934
2822,1703,60.4674045,4.609764749,0.28123359,0,4.415336502,4.378917537
2823,3227,53.99532086,2.838560368,0.25635719,0,2.737413618,2.707886335
2823,3526,78.65887246,12.02579748,0.354340251,0,11.24926621,10.03966168
2824,3646,29.69854513,3.010399441,0.384872203,0,2.78383581,2.601122344
2824,2178,209.8935482,21.37841252,0.389198429,0,19.73578585,18.44859002
2825,2928,899.4072053,55.82780023,0.329546693,0,52.6756985,46.27419471
2826,139,80.1605349,6.504506225,0.322931863,0,6.150756384,5.839797115
2827,1247,108.4549319,10.35429648,0.181915947,0,10.15260253,10.10340673
2827,565,30.60959976,2.155599754,0.194086352,0,2.10869127,2.10030782
2827,2399,84.76154945,6.391118362,0.264495114,0,6.150095435,6.08795096
2828,3371,10.85999674,0.998165169,0.310264167,0,0.947742415,0.811172091
2829,1945,93.96675307,7.008864868,0.247909647,0,6.773793431,6.696006982
2830,2829,96.20046539,7.175474731,0.247909647,0,6.934815339,6.855179804
2831,2005,150.3727119,18.50397705,0.297391097,0,17.63935709,15.14353378
2831,2020,447.5273252,51.97308085,0.359292551,0,48.52966232,43.13720965
2832,3,552.162789,52.47791341,0.373358401,0,48.7446035,44.84884209
2833,2561,267.0396528,27.25826096,0.3822636,0,25.23249247,22.81476848
2834,1587,35.33333088,4.38708019,0.297610092,0,4.181811284,3.581597333
2834,1588,132.3568698,8.932776518,0.090957973,0,8.870165382,8.815849705
2835,3369,19.85521003,1.497105683,0.264495114,0,1.440646583,1.426089374
2835,93,108.0236108,7.539729295,0.353969028,0,7.053817287,6.626199351
2836,3890,119.8382687,6.979660311,0.304898749,0,6.638226335,6.51429245
2837,3107,415.6632419,47.46176219,0.304274081,0,45.14875459,38.59430796
2838,2839,136.9808822,13.52040517,0.370817655,0,12.57065173,11.7818965
2839,2840,212.7851946,21.00250778,0.370817655,0,19.52716708,18.30191994
2840,3649,11.99588171,1.184027862,0.370817655,0,1.100854723,1.031780745
2841,2842,159.0019314,15.69394576,0.370817655,0,14.59150994,13.67595441
2842,2843,68.31094314,6.742485623,0.370817655,0,6.268853445,5.875509407
2843,1010,93.92699895,9.270863655,0.370817655,0,8.619623209,8.078778312
2844,3401,42.83701995,4.372619032,0.3822636,0,4.047656487,3.659818616
2845,2314,143.0962888,13.66154008,0.181915947,0,13.3954235,13.33051418
2846,1409,129.7143208,13.85761318,0.250871635,0,13.38276963,12.99763296
2847,22,367.4121322,21.39893962,0.304898749,0,20.35213724,19.97216836
2848,3308,17.36912047,1.108057064,0.194086352,0,1.083944389,1.079634989
2848,3908,136.1733207,11.229825,0.366987619,0,10.45600904,10.04745214
2849,647,22.42519771,2.718477885,0.340844781,0,2.555116588,2.231405481
2849,97,574.121137,47.39560124,0.369930628,0,44.08099829,39.60329363
2850,2898,96.90191705,4.756990229,0.181915947,0,4.664327619,4.641725993
2851,3245,12.66910964,0.735211208,0.2734148,0,0.705758527,0.685844295
2851,3244,82.76410783,5.683915691,0.13643696,0,5.61443447,5.577601965
2852,3051,13.42181666,0.687353802,0.194086352,0,0.672396143,0.669722921
2853,644,84.80854517,7.417910202,0.336969224,0,6.981478048,6.10192473
2854,608,85.67444043,8.099958179,0.194086352,0,7.923693194,7.892191242
2854,1114,211.4482095,20.53170723,0.217860888,0,19.98500321,19.95051924
2855,932,83.88942134,10.12968634,0.338928151,0,9.527281984,8.323661344
2856,2664,225.6514328,8.989324284,0.228690641,0,8.728443652,8.554746299
2857,3335,653.5273899,44.66396893,0.313981483,0,42.35767195,36.10575209
2857,2653,452.8194551,43.03734493,0.340886485,0,40.45051926,35.23476037
2858,1610,361.6446965,44.7627571,0.347032492,0,41.98174931,36.53022743
2858,3807,150.0017814,19.12563539,0.309820555,0,18.16203909,15.50600649
2859,1545,21.41021922,2.758283311,0.377369593,0,2.558132076,2.425267127
2859,3213,219.9405353,20.69615665,0.315289154,0,19.61925489,16.71437215
2859,505,119.7246924,16.44574215,0.392436845,0,15.16256621,14.17303161
2861,2577,931.4035524,61.93803072,0.30710232,0,58.86768389,50.43462627
2862,2857,788.2592691,53.87193874,0.313981483,0,51.09017319,43.5493511
2863,3119,17.48960708,3.02483007,0.311782172,0,2.870648919,2.455744823
2863,733,371.6167273,62.70689999,0.347032492,0,58.8110636,51.17417841
2863,3995,194.4460229,22.70932204,0.313981483,0,21.53668911,18.35791067
2864,3449,7.21557516,0.845805768,0.315289154,0,0.801795194,0.683079115
2864,3448,61.41418049,7.917716372,0.313981483,0,7.508872156,6.400575481
2865,2039,16.7614372,1.951447321,0.363764038,0,1.819159153,1.618794247
2865,34,325.6816145,41.00919937,0.308704428,0,38.95674675,33.35965916
2866,421,12.95437541,1.518504789,0.315289154,0,1.439491061,1.226355916
2866,3194,272.5863111,35.01354305,0.312634504,0,33.21983505,28.33187701
2867,3684,13.0877009,1.53413313,0.315289154,0,1.454306199,1.238977482
2867,956,124.9740298,15.99365965,0.311247706,0,15.1810071,12.95414675
2868,3770,19.34756639,2.336227571,0.338928151,0,2.197293983,1.919700815
2869,3941,25.63316694,1.932770283,0.264495114,0,1.859881326,1.841087903
2869,2605,249.8083668,21.30832617,0.338860041,0,20.04160811,19.4747594
2870,2754,62.91714178,3.357631476,0.13643696,0,3.316587177,3.294829293
2871,2260,129.740851,16.70422922,0.32704567,0,15.77427317,14.47090516
2871,3600,58.80119565,8.516602748,0.324227677,0,8.049986337,7.220346612
2872,1073,84.99206915,6.268324307,0.198238307,0,6.126834236,5.998291636
2872,2976,83.9823151,7.627120072,0.356036839,0,7.130243843,6.613334328
2873,3016,41.60857308,2.948605795,0.277498458,0,2.827243697,2.771386214
2874,1526,72.3387912,7.329330859,0.219067103,0,7.13225635,7.003290871
2875,667,75.64711278,7.262534029,0.194086352,0,7.104492417,7.076247333
2876,1318,174.604999,23.7951478,0.349974015,0,22.29352456,20.64035644
2878,672,84.32827249,8.095972551,0.194086352,0,7.919794298,7.888307847
2879,2072,90.78351862,8.225863088,0.045478987,0,8.19405435,8.16251918
2880,2264,42.60937697,6.482780678,0.350036432,0,6.073541391,5.444145211
2881,2151,80.12357927,7.947396057,0.218881672,0,7.73402251,7.656836144
2882,2600,18.08337609,1.736102403,0.194086352,0,1.698322694,1.691570731
2882,2668,126.3216521,15.9819169,0.305830924,0,15.19570125,12.98318427
2883,2056,68.95225187,8.334927858,0.328945677,0,7.865913169,7.512842884
2884,1969,90.17465838,9.025738477,0.174453775,0,8.861915055,8.646506918
2885,2886,19.82875927,1.3963877,0.194086352,0,1.366000598,1.360569837
2886,1438,131.1122469,9.233231713,0.194086352,0,9.032305311,8.996395889
2886,3304,280.4864281,20.04661653,0.276103309,0,19.22907547,18.75971053
2887,2891,155.8613604,18.20302506,0.313981483,0,17.26308213,14.71508076
2888,2779,119.1052281,13.35486118,0.347032492,0,12.52515417,10.8987057
2889,2281,104.9213886,9.82324483,0.13643696,0,9.703163697,9.639507805
2890,2889,89.95115322,8.42165942,0.13643696,0,8.318711522,8.264138084
2891,3952,44.81165015,5.233545943,0.313981483,0,4.963303251,4.230728189
2892,2890,16.60947167,1.555058591,0.13643696,0,1.536049271,1.525972292
2893,2782,8.356362078,0.856299425,0.383877331,0,0.792162477,0.715858235
2894,2893,18.1736297,3.054835792,0.345326031,0,2.866769888,2.49563311
2894,2780,78.02753025,6.815062697,0.381178028,0,6.3112463,5.983993013
2895,644,22.54663882,2.043147757,0.363417984,0,1.904887294,1.830685812
2895,3443,81.26807113,6.558832763,0.359239166,0,6.124404226,5.516869423
2895,3289,57.36698285,4.039917382,0.194086352,0,3.952003844,3.936292
2896,3289,137.4988901,12.5211274,0.3678314,0,11.65465144,11.2031441
2896,2153,113.5378971,10.16568782,0.354881499,0,9.507409354,9.143910898
2897,1016,123.8300212,11.88835515,0.194086352,0,11.62965002,11.58341442
2898,2662,140.2265639,6.883830731,0.181915947,0,6.749738859,6.717032094
2899,2665,88.073339,5.1830924,0.31758469,0,4.909762713,4.823776233
2900,3891,430.2531955,21.48761712,0.13643696,0,21.22494857,21.08570605
2901,3542,11.66060222,0.582351412,0.13643696,0,0.575232642,0.57145893
2902,3881,35.31597174,1.87968118,0.219460094,0,1.828978927,1.805896473
2903,42,341.0528926,18.15242997,0.219460094,0,17.6627889,17.43987736
2904,1202,518.3466365,34.14180317,0.348700263,0,32.00173867,27.83338081
2905,82,200.0176761,24.56691727,0.343580304,0,23.06861747,20.09102595
2906,2867,73.99690512,8.673876683,0.315289154,0,8.222541044,7.005088205
2906,957,145.4749085,15.68265693,0.292776377,0,14.97061188,14.69957139
2907,683,34.55130285,3.6174651,0.254311691,0,3.490419488,3.418935603
2909,2681,23.28563262,2.282759288,0.394788031,0,2.102664875,1.93366967
2909,642,37.20783088,2.018210129,0.247909647,0,1.950521058,1.928122366
2910,2682,16.17530479,1.743485401,0.37201497,0,1.620278723,1.437245654
2910,3515,40.28348322,4.652863334,0.309820555,0,4.418440696,3.772284035
2911,3748,89.08375274,9.950231277,0.345326031,0,9.337661776,8.128792616
2911,3520,40.37670095,3.849294212,0.37540385,0,3.572666004,3.392741882
2912,307,55.43678452,6.052901113,0.304898749,0,5.756802735,5.64932479
2912,366,176.1385612,16.91025933,0.194086352,0,16.54227143,16.47650489
2913,2912,16.89502785,1.622014512,0.194086352,0,1.586717495,1.580409237
2914,1722,101.3562923,14.3457757,0.369610401,0,13.34411539,12.30209081
2914,3599,267.6957661,32.32438729,0.338928151,0,30.4020818,26.56126201
2914,2259,145.0591202,16.38206353,0.315385337,0,15.52916122,13.71490704
2915,3413,407.8808423,39.90982362,0.308704428,0,37.9123932,32.46535249
2916,1015,143.2771367,16.61035042,0.311247706,0,15.76636324,13.45363861
2917,3053,2128.808393,144.4198498,0.311247706,0,137.0817444,116.9735989
2918,1274,110.2530701,9.98999238,0.045478987,0,9.951361899,9.913063655
2918,2229,145.0189649,14.82648523,0.25635719,0,14.29817137,14.14394325
2919,2918,13.55190664,1.301056703,0.194086352,0,1.272744119,1.267684115
2920,1078,12.5852356,1.201524526,0.181915947,0,1.178119727,1.17241099
2921,2163,121.9197882,11.63979924,0.181915947,0,11.41306466,11.35776112
2922,1537,38.38896986,4.213541736,0.311230557,0,3.999469546,3.926842953
2923,15,16.82604561,1.432164375,0.362277829,0,1.335812,1.267432477
2923,83,98.23220681,11.87887069,0.33619229,0,11.18295588,9.756030852
2924,3467,149.0084787,16.23559471,0.336969224,0,15.28037479,13.35529471
2925,3464,52.67892369,5.739765026,0.336969224,0,5.402066409,4.721493413
2926,70,257.678531,12.23546214,0.322931863,0,11.57003226,10.98509465
2927,170,51.60240933,5.192295628,0.376577102,0,4.816988696,4.364668881
2928,3166,261.6849745,22.58670329,0.376577102,0,20.95410243,18.98649231
2928,2926,252.7567376,12.00175848,0.322931863,0,11.34903866,10.77527365
2929,3809,9.015153692,0.924099307,0.384684067,0,0.854614294,0.772525203
2929,280,45.61106348,4.589439302,0.376577102,0,4.257707732,3.857904931
2930,182,107.0048945,12.49708568,0.313981483,0,11.85177825,10.10247607
2931,2850,87.54998331,4.297896552,0.181915947,0,4.214176743,4.193756384
2932,2740,127.6133527,6.792179447,0.219460094,0,6.608968162,6.525560312
2933,88,311.2053007,13.21263454,0.304898749,0,12.5662933,12.33168401
2934,863,24.07513721,2.14668794,0.264495114,0,2.065731684,2.044858218
2934,2364,23.84117406,2.449700638,0.331274822,0,2.310044125,2.223777012
2935,1383,19.59938329,1.591732807,0.13643696,0,1.572275176,1.561960542
2935,3608,47.43329189,3.92817999,0.181915947,0,3.851661982,3.832998237
2935,3607,112.9903417,10.59329738,0.313981483,0,10.04629517,8.5634792
2936,3237,52.61307774,2.800314056,0.219460094,0,2.724778782,2.690390972
2937,3810,25.26966905,2.784550098,0.379007068,0,2.580864757,2.346736047
2938,1663,130.0393975,14.89887098,0.320153427,0,14.10141391,12.42507413
2939,2940,31.335701,3.206181736,0.392436845,0,2.956020009,2.763105165
2940,1597,61.57306564,6.299984751,0.392436845,0,5.808429626,5.429361726
2941,1657,132.3246563,12.7038863,0.194086352,0,12.42743421,12.37802689
2941,1459,126.0330868,10.49584043,0.194086352,0,10.26743812,10.22661822
2942,3364,87.75070236,6.651661748,0.272534373,0,6.386758015,6.327440083
2943,2663,161.2549697,8.81248485,0.228690641,0,8.556736304,8.386455953
2944,4073,351.0724291,27.99761302,0.368615013,0,26.05249072,23.62119877
2945,177,20.42753056,1.931289454,0.194086352,0,1.889262236,1.881751162
2946,648,23.56192153,2.088957565,0.352253863,0,1.955536484,1.885751793
2946,96,586.0243137,54.06419955,0.311782172,0,51.30844789,43.89267335
2946,287,50.67048163,4.660443764,0.345843696,0,4.372734576,4.15127306
2947,2853,154.3135526,13.49727287,0.336969224,0,12.7031619,11.10276896
2948,998,41.71052052,4.184634263,0.22913232,0,4.062772993,4.014539522
2949,1582,83.34632161,6.768839228,0.13643696,0,6.686095704,6.642232755
2950,2951,166.1789186,17.41434877,0.38318077,0,16.11439492,14.89947603
2951,2952,139.0301631,14.56935555,0.38318077,0,13.48177598,12.46533916
2952,1714,91.2526515,10.05543757,0.379007068,0,9.319898564,8.474423873
2953,2955,34.86542623,3.108803532,0.181915947,0,3.048246365,3.033475678
2954,3546,84.33779541,9.391024167,0.34364713,0,8.818073348,7.891024358
2955,384,65.45440215,5.429839922,0.311097313,0,5.154190388,5.004107265
2956,2957,154.4592501,11.7752831,0.28123359,0,11.27863137,11.18560197
2957,708,162.809239,13.50601452,0.311097313,0,12.82037246,12.44706038
2957,709,149.6711499,11.41025973,0.28123359,0,10.92900376,10.8388582
2958,3453,31.65368357,2.333389663,0.324561148,0,2.205302555,2.168556773
2958,3231,34.08076893,2.415145374,0.277498458,0,2.315740051,2.269988278
2959,2960,11.18864644,0.787930705,0.194086352,0,0.77078437,0.767719989
2960,3577,325.9332285,22.95298183,0.194086352,0,22.4534969,22.36422932
2961,3503,20.72309242,1.468549049,0.277498458,0,1.408104823,1.38028508
2962,313,458.3901485,53.5348729,0.325563,0,50.57939832,48.54460167
2963,583,1454.687496,138.8804119,0.181915947,0,136.1751254,135.5152705
2966,2977,96.12127349,7.26054173,0.31696482,0,6.879035601,6.681642789
2967,2970,67.58427997,6.137880549,0.356036839,0,5.738022291,5.322042363
2968,2969,88.9209942,8.075641864,0.356036839,0,7.549546242,7.002239253
2969,2967,59.15384665,5.372244032,0.356036839,0,5.022263918,4.658173143
2970,3701,121.7609659,11.05810796,0.356036839,0,10.33771665,9.588280278
2971,2972,55.48937023,5.039442994,0.356036839,0,4.71114353,4.369607536
2972,2973,179.8002965,16.32913368,0.356036839,0,15.26535623,14.1586889
2973,2974,187.3017425,17.01040127,0.356036839,0,15.90224197,14.74940339
2974,2975,97.73095018,8.875745933,0.356036839,0,8.297526745,7.695994649
2975,3980,382.5748175,34.74474436,0.356036839,0,32.48126386,30.12652331
2976,2971,167.9747607,15.25516018,0.356036839,0,14.26134778,13.2274664
2977,2872,380.7306576,28.75857473,0.31696482,0,27.24745161,26.4655904
2978,2982,235.3392041,17.07451211,0.304898749,0,16.23925391,15.93607144
2979,2980,124.4287642,9.027652021,0.304898749,0,8.58603352,8.425734603
2980,2983,211.3060251,15.33083831,0.304898749,0,14.58087787,14.30865684
2981,3524,58.54677055,4.247730618,0.304898749,0,4.039938334,3.964513782
2982,2966,162.6464262,12.28553391,0.31696482,0,11.6399889,11.3059813
2983,2978,34.19567564,2.48099113,0.304898749,0,2.359624956,2.315571398
2984,2987,105.939048,7.768781811,0.318559354,0,7.356773243,7.230643066
2985,3521,84.98212341,6.022287308,0.277498458,0,5.774415102,5.660330739
2986,2981,20.89525315,1.516008582,0.304898749,0,1.441847833,1.414928925
2987,3603,295.0075008,21.63365586,0.318559354,0,20.48633936,20.1351058
2988,3012,210.4923479,15.27180377,0.304898749,0,14.52473121,14.25355842
2989,3002,77.92199751,5.653457083,0.304898749,0,5.376898878,5.276513634
2990,2989,80.21456561,5.819789258,0.304898749,0,5.535094345,5.431755635
2991,2996,137.4609474,11.28152192,0.362363971,0,10.52219539,10.10727319
2992,2990,161.7719768,11.73700569,0.304898749,0,11.16284988,10.9544425
2993,2992,85.77142603,6.222954897,0.304898749,0,5.918537757,5.808040262
2994,2993,187.6976957,13.61798852,0.304898749,0,12.95181799,12.71001106
2994,2417,243.6327182,19.61512606,0.311230557,0,18.61856467,18.2804691
2995,2991,83.5765532,6.859189719,0.362363971,0,6.397517549,6.145243954
2995,2646,372.0808702,35.78743093,0.347032492,0,33.56403963,29.20559581
2996,162,17.00813207,1.685134336,0.309820555,0,1.600233145,1.36621364
2996,2994,112.7273623,9.251618244,0.362363971,0,8.628918647,8.288654113
2997,410,16.2887253,1.307862979,0.344306027,0,1.227786232,1.179615334
2997,3510,40.86075917,4.599220022,0.348700263,0,4.31093333,3.749416564
2998,693,13.67288018,1.364268422,0.219460094,0,1.327468839,1.310715646
2998,3928,33.49622522,3.652537871,0.346121895,0,3.426715143,3.00409663
2998,3927,27.53068092,2.64309502,0.194086352,0,2.585578044,2.575298651
2999,98,15.29716327,0.981110417,0.339409673,0,0.922611109,0.886158082
2999,3286,49.40032044,5.408009886,0.348051708,0,5.070193355,4.443094446
3000,3506,39.00230684,4.373195046,0.347032492,0,4.101498433,3.56890013
3001,3004,190.1486454,13.79581172,0.304898749,0,13.12094236,12.87597793
3002,3001,99.63565175,7.228842934,0.304898749,0,6.875219337,6.746860856
3003,3005,78.9414248,5.727419361,0.304898749,0,5.447243037,5.345544487
3004,3003,128.4037343,9.316047126,0.304898749,0,8.860320791,8.694901006
3005,3006,108.7184478,7.887824985,0.304898749,0,7.501965025,7.361905373
3006,3008,58.30499246,4.230188947,0.304898749,0,4.023254774,3.948141699
3007,3830,36.5168724,2.649400394,0.304898749,0,2.519795905,2.472751999
3008,3009,159.1409032,11.546114,0.304898749,0,10.98129631,10.77627849
3009,3829,60.56163279,4.393914463,0.304898749,0,4.178971096,4.100950839
3010,3013,140.986384,10.22895327,0.304898749,0,9.728569005,9.54693926
3011,2988,152.8557436,11.09010824,0.304898749,0,10.54759763,10.35067684
3012,3832,70.87009833,5.141822234,0.304898749,0,4.890292399,4.798991966
3013,3011,33.70329891,2.445267832,0.304898749,0,2.325649186,2.282229946
3014,3015,149.1863637,10.82388454,0.304898749,0,10.29439718,10.10220358
3015,3585,111.1573073,8.064771003,0.304898749,0,7.670255123,7.52705354
3016,952,12.24348234,0.867638573,0.277498458,0,0.83192731,0.815491031
3017,3504,70.39391536,5.107273839,0.304898749,0,4.857434057,4.76674708
3018,3505,136.0112553,9.867993881,0.304898749,0,9.385267181,9.210046789
3019,3591,19.20103538,2.38518257,0.328074769,0,2.251621885,2.130876199
3019,2227,126.3085453,15.29516652,0.265185783,0,14.71561127,13.75261194
3020,753,3.653945448,0.542721292,0.256116906,0,0.523415257,0.459273121
3021,2232,19.62880796,1.969272531,0.22913232,0,1.911925094,1.889226611
3021,2594,20.29764015,2.310241885,0.292359959,0,2.205622806,2.122646373
3022,2593,25.65733202,3.782127219,0.330992054,0,3.566849654,3.204737328
3022,3023,16.81772805,2.230568205,0.274922015,0,2.140310426,1.950182149
3023,3024,25.68392943,4.039795574,0.276130369,0,3.875015159,3.364587431
3024,3019,17.97588069,2.176765537,0.265185783,0,2.094284846,1.957233461
3024,3591,13.96267319,2.170863042,0.318160622,0,2.055999531,1.812256729
3025,3403,27.37375742,2.242246964,0.298992838,0,2.136435967,2.074725462
3026,2587,202.3475914,21.94135013,0.337218417,0,20.64866613,18.58314742
3026,3432,192.7021854,24.26468669,0.308704428,0,23.05027333,19.73853891
3027,2587,32.40069369,4.07983272,0.308704428,0,3.875642843,3.318812146
3028,4,371.8408472,31.33147618,0.337218417,0,29.48556891,26.53608085
3029,3027,93.05461126,11.71725678,0.308704428,0,11.13082459,9.53160994
3030,3031,73.65546043,4.971013356,0.090957973,0,4.936170797,4.90594459
3031,3034,236.1999199,15.9411529,0.090957973,0,15.82941903,15.73248897
3032,3030,500.1777565,33.75703979,0.090957973,0,33.52043176,33.31517235
3033,3405,17.89531419,2.253343371,0.308704428,0,2.140566712,1.833022053
3033,3432,111.2194033,12.05996005,0.337218417,0,11.34944237,10.21413971
3034,3029,223.1553547,15.06077407,0.090957973,0,14.95521091,14.86363399
3035,2643,251.611939,12.8137353,0.181915947,0,12.56413333,12.50325213
3036,36,138.1769285,8.378567683,0.31696482,0,7.938314731,7.710526077
3037,89,21.23065628,1.129994818,0.219460094,0,1.099514498,1.08563818
3038,3763,49.16843542,4.071875606,0.181915947,0,3.992558515,3.973212037
3039,204,91.40101791,7.569359732,0.181915947,0,7.421914268,7.385950386
3040,2661,149.5087401,8.170560636,0.228690641,0,7.933441476,7.775564787
3041,3042,100.6657406,16.21232271,0.293297439,0,15.47382285,13.41553903
3041,754,274.524835,40.77523191,0.256116906,0,39.32474889,34.50568151
3042,2599,13.9341265,2.343247032,0.302555925,0,2.230234594,1.916615049
3042,3041,100.6657406,14.95190378,0.256116906,0,14.42002496,12.65291712
3042,4077,118.4423615,15.04572826,0.30835249,0,14.29429126,12.2101743
3043,399,74.80941277,5.6507456,0.31696482,0,5.353826422,5.20019924
3043,3876,76.4702701,6.109629454,0.339409673,0,5.745339067,5.518336594
3044,2062,11.95233293,1.215378354,0.247909647,0,1.174615585,1.161126958
3044,3046,174.874549,21.47874459,0.343580304,0,20.16878785,17.56549306
3045,398,12.5123146,0.999677466,0.339409673,0,0.940071086,0.902928203
3045,3875,26.60527644,2.867699352,0.37201497,0,2.665047979,2.363993659
3046,3045,16.72981986,1.803254842,0.37201497,0,1.675824444,1.486516712
3046,3043,104.6534519,9.41694512,0.372239777,0,8.750733448,8.187262224
3047,3046,13.69457283,1.383816569,0.379138176,0,1.282527712,1.161828724
3047,3949,27.80232656,3.584366582,0.313981483,0,3.399281959,2.897553762
3048,1577,127.143744,14.69400829,0.302655397,0,13.98490243,13.43223352
3049,2786,101.0614229,6.287309263,0.13643696,0,6.21045205,6.169709476
3050,3722,216.0278488,20.22556579,0.13643696,0,19.97832479,19.84726052
3051,3460,59.24761068,3.034169776,0.194086352,0,2.968142535,2.956342194
3052,1708,76.38641737,7.151663636,0.13643696,0,7.064240397,7.017896696
3053,2715,369.9351712,36.78850607,0.311247706,0,34.91924825,29.79703938
3053,2714,480.2923695,31.89640447,0.310451986,0,30.28334583,25.98339954
3054,2715,123.5395203,14.94764024,0.266800461,0,14.37496468,11.99888316
3054,3336,447.4354949,43.60226434,0.306091176,0,41.45392965,35.50564553
3055,1673,73.31514441,12.88576844,0.313981483,0,12.22039074,10.41668199
3055,1769,218.1283759,29.81832472,0.380313441,0,27.62320713,25.85726949
3056,1600,10.54283916,1.012169868,0.194086352,0,0.990143815,0.986207335
3057,739,414.3196567,32.49463046,0.382556425,0,30.07627769,28.11620938
3057,56,450.2853409,28.12564026,0.33840117,0,26.457839,23.27194487
3058,3126,401.9515541,32.29396873,0.296735763,0,30.79109892,30.05518718
3059,3681,94.34709158,8.212150585,0.345820072,0,7.705243401,7.446201165
3060,3061,57.82084242,3.367620738,0.304898749,0,3.202882041,3.143085103
3061,652,184.4279765,10.74151555,0.304898749,0,10.21605755,10.02532653
3062,3063,74.34708563,3.957099601,0.219460094,0,3.850361357,3.80176824
3063,2652,336.311055,17.9000472,0.219460094,0,17.41721386,17.19740158
3064,3903,1003.204284,39.96486314,0.228690641,0,38.8050364,38.03281028
3065,3066,207.3102465,8.815716941,0.280392784,0,8.445922734,8.21200503
3066,205,746.0673857,31.72597111,0.280392784,0,30.39515702,29.55333481
3067,3068,280.9499968,11.19226498,0.228690641,0,10.86745245,10.6511885
3068,108,755.716271,30.10563037,0.228690641,0,29.23193001,28.65021016
3069,3776,106.1696564,5.437126641,0.194086352,0,5.318808124,5.297662323
3070,3071,99.07538856,5.073817257,0.194086352,0,4.963404796,4.94367196
3071,3077,194.369212,9.953974207,0.194086352,0,9.737363569,9.69865107
3072,3073,135.3960264,8.209943463,0.31696482,0,7.778550894,7.555346637
3073,3036,810.2105043,49.12834307,0.31696482,0,46.54688776,45.21123236
3074,3075,170.2436015,8.669924229,0.181915947,0,8.501040592,8.459847658
3074,3153,122.7158967,6.091131522,0.205690482,0,5.944523055,5.926862121
3075,3081,197.5388299,10.05997684,0.181915947,0,9.864016018,9.816218604
3076,3125,44.0930545,2.188604749,0.205690482,0,2.135926853,2.129581103
3077,3125,69.37086027,3.552598411,0.194086352,0,3.47528953,3.461472942
3078,3154,197.0605933,11.47726862,0.304898749,0,10.91581874,10.71202337
3079,3078,89.81733914,5.231171343,0.304898749,0,4.97527069,4.882383736
3080,3236,248.8993733,12.67559361,0.181915947,0,12.42868253,12.36845768
3081,3080,100.3091515,5.108401936,0.181915947,0,5.008894088,4.984622819
3082,3083,125.4351438,7.042281465,0.304898749,0,6.697784161,6.572738347
3083,3072,149.2802933,9.051837048,0.31696482,0,8.576207069,8.330114197
3084,3083,298.1842961,15.87076278,0.219460094,0,15.44266707,15.24777437
3085,3082,218.1394988,12.70495325,0.304898749,0,12.08344697,11.85785229
3086,38,235.8346975,12.55222554,0.219460094,0,12.21364359,12.05950247
3087,961,91.05163624,4.636948352,0.181915947,0,4.546624067,4.52459279
3088,3870,370.9761832,18.89254792,0.181915947,0,18.52453522,18.4347721
3089,3074,41.85483245,2.294765292,0.264681891,0,2.208113591,2.186132238
3090,3091,86.78034968,4.757886314,0.264681891,0,4.578225699,4.53265033
3091,3089,350.095064,19.19458172,0.264681891,0,18.46978291,18.28591972
3092,27,384.9144617,19.22331934,0.13643696,0,18.98832999,18.8637604
3093,3094,25.49255096,1.484745633,0.304898749,0,1.412114218,1.385750429
3094,3488,48.61150522,2.831247457,0.304898749,0,2.692747296,2.642474434
3095,21,368.0958492,21.43876089,0.304898749,0,20.39001052,20.00933455
3096,3300,810.7126447,47.21779553,0.304898749,0,44.90797543,44.06955571
3097,3038,73.22270964,6.063926229,0.181915947,0,5.945805483,5.916994284
3097,1489,122.0638275,16.11717321,0.354847151,0,15.07369378,14.1201155
3097,341,96.06673753,14.26580525,0.302674278,0,13.57728466,11.61192212
3098,2050,86.15544437,8.78054806,0.256693098,0,8.466926775,8.380367303
3099,78,380.5461417,14.2062691,0.194086352,0,13.89712333,13.84187302
3100,59,391.7341689,21.436821,0.194086352,0,20.97032959,20.88695857
3100,26,363.2061132,14.43921053,0.25635719,0,13.92469646,13.77449685
3101,3912,196.7035512,8.536023011,0.194086352,0,8.350268723,8.31707085
3102,2677,16.94148973,1.984531477,0.255131673,0,1.914427363,1.60599497
3102,2838,408.2467167,40.29511951,0.370817655,0,37.46455134,35.11380921
3103,3093,89.74933165,5.227210428,0.304898749,0,4.971503537,4.878686914
3104,3103,289.1835861,16.84272661,0.304898749,0,16.01880699,15.71974021
3105,3892,16.57360562,0.827715623,0.13643696,0,0.817597477,0.812233773
3106,3904,93.88758507,6.611783782,0.194086352,0,6.46790329,6.442189072
3107,3182,112.3593471,12.82955064,0.304274081,0,12.20431367,10.43255887
3108,3102,601.5609931,70.4670454,0.255131673,0,67.97777786,57.02591356
3109,2054,83.43897357,8.250655295,0.174453775,0,8.100900171,7.938646279
3110,1570,222.7284506,37.6517156,0.308704428,0,35.76730031,30.62845455
3110,335,180.8632042,20.88364944,0.308818312,0,19.83774187,16.9320235
3111,334,18.58196609,2.404459829,0.315289154,0,2.279346405,1.941859887
3111,2678,597.2797675,69.96554127,0.255131673,0,67.4939895,56.6200681
3112,429,18.88591588,2.45497346,0.334092067,0,2.312807852,2.070076561
3112,3054,124.2955852,16.48493762,0.264792343,0,15.86198425,13.25627908
3112,4030,407.2920277,60.17453942,0.304440567,0,57.23903205,49.04935114
3113,2723,13.58163363,1.69042755,0.302746016,0,1.60880568,1.37927388
3113,53,45.34423963,2.879481393,0.336407183,0,2.710589624,2.61020811
3114,1509,109.9755886,11.54027875,0.262881322,0,11.10988316,10.9058878
3115,3666,19.24173371,2.222478051,0.309820555,0,2.110504169,1.80186218
3115,3427,192.828739,22.52043969,0.313981483,0,21.35756001,18.20522072
3116,3042,155.4823786,19.75092009,0.30835249,0,18.76448914,16.02861442
3117,2300,41.51290913,4.244207195,0.25635719,0,4.092972868,4.048823761
3118,1137,16.27640431,1.098495926,0.090957973,0,1.090796408,1.084117012
3119,2863,17.48960708,3.005062575,0.319084267,0,2.845207545,2.44376765
3119,268,277.2073501,32.49409373,0.315289154,0,30.80329928,26.24247508
3120,2892,54.38925151,5.092183212,0.13643696,0,5.029935437,4.996937434
3121,3257,4.98443683,0.291830146,0.311230557,0,0.277003493,0.271973371
3122,23,287.8249092,19.87740271,0.28123359,0,19.03902401,18.88198466
3123,2537,208.5450905,16.07891841,0.325239491,0,15.19288571,14.67876549
3124,3085,59.14993949,3.320843824,0.304898749,0,3.158393381,3.099427033
3125,73,153.4453324,8.458469737,0.272534373,0,8.121609522,8.046178908
3126,1446,17.1362658,1.376777938,0.296735763,0,1.312706594,1.281332715
3126,2745,177.5446892,12.19307585,0.13643696,0,12.04402547,11.96501277
3127,2806,14.9785646,1.24739168,0.194086352,0,1.220246913,1.21539562
3127,374,91.32628468,9.355110531,0.355255101,0,8.748139102,8.514037604
3127,2808,312.7062361,31.91970966,0.3822636,0,29.5475135,26.71633334
3128,3129,80.5046415,6.229748573,0.27053115,0,5.984961869,5.878737099
3128,1723,21.93042383,1.671877527,0.28123359,0,1.601361951,1.588153457
3129,2327,79.46989216,6.14967582,0.27053115,0,5.908035431,5.803175997
3129,3128,80.5046415,6.137314171,0.28123359,0,5.878457744,5.829970534
3130,1723,61.46921423,4.60983861,0.25635719,0,4.445575696,4.397623216
3130,1293,12.54646087,0.893628351,0.217860888,0,0.869833436,0.868332546
3131,1843,204.2515977,19.60926365,0.194086352,0,19.18254212,19.10627875
3132,646,24.30906531,2.616962911,0.366987619,0,2.436635287,2.341426479
3132,3283,80.23107444,6.56828219,0.365007657,0,6.12019491,5.501426074
3133,2686,55.59983818,4.742593301,0.338860041,0,4.460659914,4.334496418
3133,3497,37.97096626,3.238873639,0.338860041,0,3.046332016,2.960170797
3134,2639,65.76681861,6.096039124,0.308818312,0,5.790733601,4.942540239
3135,3136,145.9955617,15.67334432,0.369996446,0,14.5768703,12.93496571
3136,4065,157.1087684,16.86640193,0.369996446,0,15.68646412,13.91957748
3137,181,471.5306186,43.42267236,0.369996446,0,40.38491405,35.83605175
3138,1419,8.07621554,0.615694588,0.28123359,0,0.589726144,0.584861913
3138,628,74.74495887,6.771680221,0.362363971,0,6.315898062,6.066842972
3139,1702,19.58282984,1.49290745,0.28123359,0,1.42994038,1.418145821
3139,1419,60.79324369,5.507694594,0.362363971,0,5.136987642,4.934420579
3140,3139,98.67742108,9.473568815,0.194086352,0,9.267412385,9.230568255
3141,3579,36.59569989,3.047633254,0.194086352,0,2.981313031,2.969460328
3142,3273,46.75948294,3.705828104,0.291714491,0,3.538689253,3.468862403
3143,342,96.16968976,11.80819169,0.342676813,0,11.09152865,9.65716754
3143,1668,96.79291353,10.99198374,0.348506879,0,10.30369542,9.181279035
3144,2761,103.1548564,7.953284902,0.325239491,0,7.515017212,7.260712505
3145,3228,76.39836061,7.733623738,0.264495114,0,7.441972023,7.366773606
3146,493,12.37936703,1.188486527,0.194086352,0,1.162623608,1.158001406
3147,2342,56.88347974,5.430720427,0.181915947,0,5.324934056,5.299131373
3148,1703,46.63294142,7.488475652,0.337483814,0,7.046646417,6.196335218
3149,452,105.5178565,12.03613371,0.309891017,0,11.42946973,11.00002638
3150,2675,210.9138013,24.63259142,0.313981483,0,23.36064733,19.91265578
3151,3930,209.1741748,22.53185285,0.336698233,0,21.20816436,20.12567322
3151,4036,66.05223229,7.829937401,0.379497414,0,7.255815927,6.789748194
3152,3737,10.9436022,0.888002166,0.322931863,0,0.839707859,0.797255366
3153,3076,184.2897483,9.489491526,0.205690482,0,9.26108736,9.233573051
3154,3124,37.61206661,2.190614495,0.304898749,0,2.083453088,2.044555584
3155,3557,60.95976559,4.768744297,0.286378847,0,4.560823525,4.487672425
3156,2628,8.018798253,0.498871509,0.13643696,0,0.492773213,0.489540461
3157,913,34.40796275,3.28496124,0.181915947,0,3.220972653,3.205364997
3158,2999,22.474277,2.460330441,0.348051708,0,2.306643537,2.021349951
3158,2947,51.84935114,4.535083463,0.336969224,0,4.26826219,3.730530188
3159,932,16.41438794,1.407563201,0.34516686,0,1.320982827,1.284747778
3159,3835,42.13796103,4.869262535,0.367537554,0,4.532802838,4.048453373
3159,3834,34.55102246,2.899328961,0.298463453,0,2.76295537,2.660139754
3160,4081,303.482774,33.44179088,0.379007068,0,30.99557791,28.18374724
3161,1323,177.1523682,16.91290668,0.181915947,0,16.58345591,16.50309855
3161,3160,246.624221,27.17635507,0.379007068,0,25.18844861,22.90342419
3162,927,12.18161858,0.85785813,0.194086352,0,0.839190089,0.83585375
3162,1742,105.5409704,7.24814166,0.13643696,0,7.159539057,7.112570165
3162,3161,260.7894986,28.73727481,0.379007068,0,26.63518959,24.21892095
3163,3896,42.38402801,4.264731166,0.376577102,0,3.956469988,3.584953697
3164,1944,260.2849457,17.25747866,0.219460094,0,16.79197788,16.58005633
3165,3721,30.37290453,3.436829676,0.384684067,0,3.178407067,2.873108467
3165,799,58.09619941,5.26335007,0.362363971,0,4.909089239,4.715508904
3166,3205,34.10027421,2.943282384,0.376577102,0,2.73053751,2.474137444
3167,2927,128.881998,12.9682595,0.376577102,0,12.03089421,10.90118181
3168,2282,16.78393173,2.163839199,0.313981483,0,2.052105827,1.749218521
3169,567,263.0330322,37.11855104,0.33292148,0,34.98294959,30.59943587
3169,3412,85.8817762,12.99724381,0.311247706,0,12.3368419,10.52718435
3169,3170,35.13049548,5.553215636,0.361531628,0,5.181034044,4.611875138
3170,3171,114.9447543,17.3318463,0.373970202,0,16.09510107,14.58699148
3170,3169,35.13049548,6.151791977,0.312634504,0,5.836641966,4.977839959
3171,3172,43.56501636,6.540991603,0.371316509,0,6.080367283,5.511809248
3171,3170,114.9447543,19.50428842,0.302337402,0,18.56486574,15.9137674
3172,3174,51.73962364,7.768353419,0.371316509,0,7.221296836,6.546053689
3172,3171,43.56501636,7.392287273,0.302337402,0,7.036238273,6.03144999
3173,3172,32.26951574,3.491705974,0.274289325,0,3.35101031,3.265236547
3174,3172,51.73962364,7.700149531,0.364740719,0,7.175558096,6.504199456
3175,2816,251.4441929,25.3006129,0.376577102,0,23.47184658,21.26781789
3176,406,76.69222414,6.635379594,0.373494004,0,6.163016939,5.842325855
3177,3268,459.0297733,46.80625292,0.261447958,0,45.07785675,37.73980123
3177,145,190.9498417,18.02538996,0.294517565,0,17.19802014,14.80318141
3178,3177,285.2558599,28.84435752,0.263424481,0,27.76456341,23.3065818
3179,591,186.4732458,20.5790306,0.318559354,0,19.48764495,19.15353379
3180,2521,130.4448004,8.416592476,0.217860888,0,8.192481303,8.178345241
3181,1980,237.7507835,31.67827191,0.329331323,0,29.89183997,27.6571848
3182,1482,226.0962924,25.81639986,0.304274081,0,24.55826012,20.99302766
3183,543,185.1462774,16.33091892,0.247909647,0,15.78319363,15.60194827
3183,544,337.2075205,31.32026134,0.269112517,0,30.10131949,29.39810691
3184,3185,66.76954754,4.153917317,0.13643696,0,4.103139075,4.076221156
3185,2607,113.1411375,7.038821552,0.13643696,0,6.952777716,6.907165246
3186,649,71.61565054,5.774745739,0.34092728,0,5.427568916,4.85807382
3187,649,49.68222107,4.034862732,0.13643696,0,3.985539835,3.959393405
3188,93,127.5479707,7.965988324,0.350192089,0,7.462704236,7.17550125
3188,2835,52.45164276,3.954914219,0.264495114,0,3.805765831,3.767309953
3189,3190,72.75755004,3.824899913,0.25635719,0,3.688606811,3.648819423
3189,650,51.32685809,4.405194793,0.321037872,0,4.168204478,4.014584878
3190,3243,507.5543362,30.77632717,0.31696482,0,29.15918097,28.322463
3191,3192,138.3464139,12.33543612,0.326593626,0,11.65045169,11.09930445
3191,1064,114.5565351,9.817123248,0.306606421,0,9.331921943,8.950310805
3192,4023,56.14057658,5.184696829,0.174453775,0,5.09059098,4.988630929
3192,226,39.38472079,4.143845212,0.378973544,0,3.840779324,3.539859799
3193,3194,15.95725182,1.959929208,0.343580304,0,1.840396036,1.602846142
3193,421,271.5160581,35.13349725,0.315289154,0,33.30536434,28.37407727
3194,2865,13.076784,1.679704816,0.312634504,0,1.593655256,1.359165229
3194,3195,716.6703655,81.46051752,0.358118162,0,76.0960789,68.0449238
3195,1610,11.72029539,1.470265685,0.30710232,0,1.397382748,1.197201452
3195,268,130.6851433,16.23791069,0.348700263,0,15.22009168,13.23761225
3196,461,131.2746009,20.12183266,0.345907301,0,18.87920264,16.85762888
3197,958,58.93364512,6.124999925,0.28123359,0,5.866662881,5.818272958
3197,3198,39.9539601,4.084822974,0.25635719,0,3.939268004,3.896776843
3198,1648,119.5049345,12.97990192,0.298397178,0,12.36962502,12.13220057
3198,3197,57.61260681,5.531123424,0.194086352,0,5.410759422,5.389248054
3199,1057,41.48232066,4.400543543,0.270153274,0,4.228071964,4.142061918
3199,3831,17.33443335,1.923021707,0.324561148,0,1.817460988,1.787177604
3200,1858,77.55897879,8.559343678,0.318559354,0,8.105408554,7.966443198
3200,3199,35.64368539,3.781167183,0.270153274,0,3.632970973,3.559066838
3201,3831,15.45229907,1.571273986,0.247909647,0,1.518574777,1.501136315
3202,3687,136.4480454,20.8668125,0.378708519,0,19.34266669,17.4858005
3202,3204,25.71166805,4.23123644,0.338012226,0,3.980864746,3.476955325
3203,3202,25.58220173,4.082172486,0.362539111,0,3.807167175,3.38039883
3203,3204,9.37329769,1.09470604,0.313981483,0,1.038179106,0.884945648
3204,2675,14.51117665,2.531722225,0.311247706,0,2.40308309,2.050581415
3204,3926,180.3302938,21.06074814,0.313981483,0,19.97324202,17.02522569
3205,3167,12.71530216,1.097490438,0.376577102,0,1.018162179,0.922555783
3206,3704,488.9976173,63.06761909,0.36553278,0,58.75367759,55.68321762
3207,3433,37.80737648,3.886331695,0.264495114,0,3.739769702,3.701980692
3207,3704,5.906221552,0.707392171,0.333692237,0,0.666518246,0.582521455
3207,3210,40.68107171,5.225458498,0.312634504,0,4.957763603,4.228279534
3208,504,139.7861712,7.847988473,0.304898749,0,7.464077253,7.324724955
3208,2697,105.8939081,9.964497484,0.315289154,0,9.446005811,8.047403295
3209,2320,185.9070315,17.49364228,0.315289154,0,16.58337983,14.1279974
3210,3967,19.40743856,1.985715113,0.392436845,0,1.830780065,1.711300274
3210,3209,138.0603138,11.74566809,0.336832753,0,11.05513024,9.636352648
3210,3207,40.68107171,4.956552202,0.338705537,0,4.662148081,4.062121975
3211,2859,312.6237402,29.41754185,0.315289154,0,27.88683239,23.75782859
3212,1545,214.0463993,20.1415251,0.315289154,0,19.09348298,16.26644752
3213,3215,81.97864928,7.381535705,0.312634504,0,7.003387181,5.972910581
3213,2658,58.5423408,5.468404896,0.312634504,0,5.188264106,4.424864252
3214,2557,126.65995,11.83122986,0.312634504,0,11.22512806,9.573465583
3215,721,182.708981,23.38234001,0.311247706,0,22.19426181,18.93864635
3215,3214,105.3644032,5.853605243,0.291714491,0,5.589598165,5.479301948
3215,2658,54.01744297,6.96190664,0.312992564,0,6.604501928,5.628162431
3216,2556,22.95691684,2.144391815,0.312634504,0,2.034536816,1.735175589
3216,1808,42.28704491,2.035761401,0.13643696,0,2.010875883,1.997683887
3217,3221,132.0437045,6.518416754,0.194086352,0,6.376568043,6.351216943
3217,2559,120.2798825,11.23527159,0.312634504,0,10.65970011,9.091234564
3218,3216,496.290414,46.35818952,0.312634504,0,43.98330689,37.51161436
3219,1704,56.69330924,5.718687113,0.338860041,0,5.378727787,5.226598032
3220,3218,130.3559369,7.148333927,0.277498458,0,6.854114602,6.718698758
3221,2822,34.49341443,2.629623799,0.28123359,0,2.518712901,2.497937833
3222,3582,33.39804485,4.204089812,0.307698549,0,3.994942045,3.420027408
3223,3219,125.2301975,7.487991978,0.338860041,0,7.04285262,6.843655433
3223,3583,112.5122704,10.58727793,0.315289154,0,10.03638056,8.550365476
3224,67,63.71529868,5.951607785,0.312634504,0,5.646713005,4.815857097
3225,62,167.2826562,8.715104434,0.219067103,0,8.48076859,8.32741931
3226,3227,59.32778812,5.322310191,0.311247706,0,5.051878717,4.310832467
3226,2823,53.15800499,4.243534782,0.354340251,0,3.969520736,3.542688426
3227,3528,60.10787533,5.392292003,0.311247706,0,5.118304688,4.367514594
3228,1597,39.20787616,3.968919743,0.264495114,0,3.819243176,3.780651115
3229,3451,19.64766546,1.788757822,0.366788728,0,1.665623269,1.600298684
3229,1447,32.66608689,2.449769213,0.25635719,0,2.362476303,2.336993305
3230,562,48.4824728,3.329586884,0.13643696,0,3.288885407,3.267309255
3231,1184,75.16272233,5.326432084,0.277498458,0,5.107200685,5.00629839
3232,3373,31.17734845,3.700236656,0.333500193,0,3.486660229,3.055298913
3233,2899,12.52444064,0.737059975,0.31758469,0,0.698191216,0.685963536
3234,3233,20.34967952,1.433072125,0.194086352,0,1.401886725,1.396313292
3234,2522,86.78474955,5.054546251,0.304898749,0,4.807285819,4.717535097
3235,3234,45.07879354,3.174554291,0.194086352,0,3.105472112,3.093125794
3236,3882,209.3482189,10.66138862,0.181915947,0,10.45371275,10.40305788
3237,3084,290.9450824,15.48545797,0.219460094,0,15.06775542,14.87759425
3238,962,36.56880421,1.862324099,0.181915947,0,1.826047418,1.817199061
3239,2094,57.64109546,5.558882813,0.382201985,0,5.145883406,4.881424164
3239,2032,285.3921583,23.01331356,0.287164437,0,22.00486723,21.40658312
3240,2094,34.2754976,2.695512158,0.284617001,0,2.579306696,2.529822035
3240,2093,104.441102,9.510770178,0.3678314,0,8.852614294,8.509659351
3241,4036,15.05679338,1.621889764,0.336698233,0,1.526607906,1.448687936
3241,1822,69.84430443,8.279455705,0.379497414,0,7.6723738,7.179549024
3242,86,457.3345534,26.53994629,0.2734148,0,25.47675172,24.75787986
3243,3246,138.4034626,8.392303921,0.31696482,0,7.951329197,7.723167094
3244,3354,114.9985605,7.897652008,0.13643696,0,7.801109672,7.74993187
3245,3242,138.8655272,8.05861618,0.2734148,0,7.735786704,7.517507725
3246,651,12.51251071,0.758715069,0.31696482,0,0.718848285,0.69822105
3247,2851,97.55774077,5.661451077,0.2734148,0,5.434652425,5.281304042
3248,3282,198.2619109,11.54723616,0.304898749,0,10.98236358,10.77732583
3249,3258,610.2804714,35.73086487,0.311230557,0,33.91553112,33.29965708
3250,3941,53.64476082,3.207625212,0.338860041,0,3.016941217,2.931611275
3250,51,42.79707386,2.100451317,0.090957973,0,2.085728947,2.072957169
3251,2719,935.8924314,45.93296488,0.090957973,0,45.61101401,45.33171898
3252,3249,49.53658842,2.618291623,0.264495114,0,2.51955017,2.494091034
3253,2725,11.91733972,1.483282493,0.302746016,0,1.41166257,1.210257606
3254,3259,18.73360498,1.798527911,0.194086352,0,1.759389746,1.752395001
3255,3256,35.2100693,1.738166212,0.194086352,0,1.700341592,1.693581603
3256,2726,384.3667633,23.96334394,0.344078326,0,22.49793175,21.8695959
3257,3256,26.21433124,1.534803702,0.311230557,0,1.456826834,1.430372233
3258,3121,24.29442874,1.422396736,0.311230557,0,1.350130788,1.325613687
3259,3255,28.49344323,2.735525435,0.194086352,0,2.67599706,2.665358192
3260,3263,59.07258534,5.671289299,0.194086352,0,5.547875116,5.525818622
3261,3250,607.1111833,38.55319595,0.336407183,0,36.29191464,34.94791283
3262,52,29.00349141,1.841799852,0.336407183,0,1.733771777,1.669564847
3263,3254,42.34873,4.065708279,0.194086352,0,3.977233501,3.961421352
3264,158,44.29800763,3.65670738,0.357099119,0,3.417169253,3.114713806
3264,3327,149.0868412,11.18065824,0.25635719,0,10.78225655,10.66595307
3265,194,212.2378933,15.94959424,0.228690641,0,15.48671849,15.17853044
3266,1493,37.11738444,4.80448189,0.381178028,0,4.449301481,4.218594508
3266,2636,100.3238757,13.71834405,0.389198429,0,12.6642846,11.83830207
3267,2585,1194.567971,83.98557695,0.264792343,0,80.81182528,67.53657625
3268,3267,189.6734011,19.34057811,0.261447958,0,18.62639615,15.59427486
3269,39,452.5685821,30.81616977,0.312634504,0,29.23748891,24.93549226
3269,3386,636.1635465,55.23514795,0.37729198,0,51.22860915,46.3429397
3270,3271,237.6469027,15.5329965,0.345326031,0,14.57673331,12.68960527
3271,101,1223.622475,81.67661541,0.308704428,0,77.58881594,66.44128862
3272,1,416.9376642,28.18076796,0.309820555,0,26.76095192,22.84740673
3273,2035,126.3973178,10.01736339,0.291714491,0,9.565564074,9.376812486
3274,3275,94.9676209,6.001686491,0.357854949,0,5.606994012,5.384629735
3274,647,57.8616804,4.974075368,0.331357985,0,4.690373591,4.111592858
3275,3287,19.43191224,2.14010904,0.371316509,0,1.989400045,1.803376844
3276,3278,71.01983542,3.713360189,0.247909647,0,3.588817209,3.547605243
3276,643,50.42700469,2.683961024,0.219460094,0,2.61156424,2.578605244
3277,716,67.94299136,8.724480466,0.311641311,0,8.28014788,7.059889237
3278,2855,202.7986469,24.06885205,0.333500193,0,22.67960593,19.87373899
3279,3158,43.49971841,5.026620748,0.367537554,0,4.679287803,4.17928579
3280,2849,109.4644946,13.26975181,0.340844781,0,12.47233356,10.89219709
3281,98,38.48957501,4.445661546,0.309820555,0,4.22167824,3.604296294
3282,2660,95.66974397,5.572029052,0.304898749,0,5.299454177,5.200514805
3283,3444,417.4738775,34.177359,0.365007657,0,31.84578442,28.62608647
3284,3288,152.6234612,11.30657073,0.381988211,0,10.46741521,9.646210303
3284,2807,130.5405228,11.02658527,0.324920286,0,10.42006365,9.159843206
3285,3992,104.0484993,5.841575146,0.304898749,0,5.555814501,5.452088951
3285,2681,92.67783114,6.241982172,0.349500981,0,5.849059221,5.546937265
3286,3752,61.12361265,6.738580311,0.342719825,0,6.329507232,5.525308912
3287,3293,75.4776467,7.24294326,0.377369593,0,6.717368517,6.368480032
3287,715,197.2459114,21.7234286,0.371316509,0,20.19363922,18.30538884
3288,2806,266.9060994,29.92726652,0.347032492,0,28.06795384,24.42320185
3289,2896,137.4988901,12.31105057,0.354881499,0,11.51384927,11.07363824
3289,3443,113.2782925,5.987404742,0.264495114,0,5.76160673,5.703387793
3289,2895,57.36698285,4.919321654,0.34516686,0,4.616730117,4.490091498
3290,3291,38.79760681,3.326964359,0.34516686,0,3.122320034,3.036673637
3290,644,41.13284108,2.896671071,0.194086352,0,2.83363597,2.822370382
3291,3290,38.79760681,2.732218401,0.194086352,0,2.672761991,2.662135984
3291,645,98.3180877,5.429341818,0.258611889,0,5.232782926,5.085161327
3291,3834,167.0133664,14.32169567,0.34516686,0,13.44075635,13.07207141
3292,3283,78.64664978,3.882439087,0.194086352,0,3.79795247,3.782853082
3292,3132,28.63517717,2.566856566,0.272534373,0,2.464631,2.441740386
3293,3296,22.4050266,2.13986354,0.373494004,0,1.987529885,1.884109252
3293,648,663.3998828,58.53988561,0.299221681,0,55.77351727,48.09768295
3294,3295,83.97138066,4.959767227,0.329423924,0,4.679925845,4.551772857
3294,646,62.94224277,5.483705075,0.334967259,0,5.164607924,4.515723802
3295,1327,27.19839743,2.92893497,0.3678314,0,2.726249409,2.62063307
3295,2528,101.0622072,5.644207246,0.298397178,0,5.378833181,5.275591048
3295,646,30.2864339,2.986386384,0.31696482,0,2.829466315,2.748275237
3296,2849,11.14044356,0.919680511,0.369930628,0,0.855362818,0.7684759
3296,3277,55.43664706,4.728673313,0.338860041,0,4.447567429,4.321774235
3297,4014,41.79536193,2.284090807,0.228690641,0,2.217803839,2.173669206
3298,2120,128.659404,16.13472963,0.306091176,0,15.33975258,13.13862937
3299,3300,16.79911571,2.122577071,0.309263361,0,2.015990499,1.725010225
3299,31,870.9808859,43.49834931,0.13643696,0,42.96661757,42.68474267
3300,3298,50.80501436,6.371280647,0.306091176,0,6.057360179,5.188180835
3301,3144,71.11624884,5.483094133,0.325239491,0,5.180946903,5.005626056
3302,2924,171.6620919,18.70387628,0.336969224,0,17.60343522,15.38568709
3303,3302,60.36837538,6.577588634,0.336969224,0,6.190596732,5.410681668
3304,3307,71.66041776,5.121634314,0.276103309,0,4.912763837,4.792847565
3305,2885,346.6130242,22.11205861,0.194086352,0,21.6308732,21.54487609
3306,3305,72.81861711,4.645438622,0.194086352,0,4.544348203,4.526281395
3307,2572,346.1732554,24.74131297,0.276103309,0,23.73231281,23.15302779
3308,3598,150.5616014,7.710512796,0.194086352,0,7.542722619,7.512735278
3309,3247,114.3586574,6.636438471,0.2734148,0,6.370581665,6.190824374
3310,3786,38.4151753,4.842071888,0.304274081,0,4.606097736,3.937409927
3310,345,258.4128696,33.29479064,0.253729308,0,32.1303155,26.96861469
3311,3312,17.28302313,2.17845265,0.304274081,0,2.07228766,1.771444392
3312,40,13.66571844,1.488982828,0.336969224,0,1.401378642,1.224827598
3312,41,101.5242721,12.79670911,0.304274081,0,12.17307265,10.40585325
3313,3665,15.02271606,2.520526597,0.305457175,0,2.39681042,2.054448003
3313,3115,225.7625167,26.07624892,0.309820555,0,24.7624637,21.14117919
3314,3567,10.658072,1.244754641,0.313981483,0,1.180479702,1.006242919
3314,328,346.5329259,44.49788981,0.311641311,0,42.23163882,36.00789463
3315,598,90.8073255,16.0188781,0.315289154,0,15.18535338,12.93696672
3315,3475,122.1250131,14.10580591,0.309820555,0,13.3951209,11.43620661
3316,3551,89.60951668,6.908933235,0.325239491,0,6.528214797,6.307303027
3317,3033,38.76418795,4.127903799,0.354803999,0,3.860709767,3.513532175
3318,3326,10.76078588,0.80699724,0.25635719,0,0.778241414,0.769846864
3319,3325,59.23208544,4.442066778,0.25635719,0,4.283782098,4.237574814
3320,3323,192.4774012,14.43470145,0.25635719,0,13.92034806,13.77019535
3321,3319,13.93585387,1.045109134,0.25635719,0,1.007868639,0.996997201
3322,165,190.1780234,20.20262912,0.357099119,0,18.87922546,17.20821529
3323,2226,214.2370487,16.06655024,0.25635719,0,15.494049,15.32692147
3324,3320,18.55039705,1.391173413,0.25635719,0,1.34160157,1.3271303
3325,485,60.72096555,6.45039382,0.357099119,0,6.027851054,5.494322788
3325,2129,160.4191354,12.03051533,0.25635719,0,11.60183058,11.47668671
3326,3324,297.9780874,22.34664798,0.25635719,0,21.55036729,21.3179129
3327,3321,124.455236,9.333429085,0.25635719,0,9.000849925,8.903761695
3328,2738,26.04565385,2.579740763,0.308818312,0,2.450540624,2.091599524
3329,54,72.38117677,6.934975625,0.345326031,0,6.508035342,5.665494307
3329,2591,47.73567321,4.616853093,0.302746016,0,4.393929499,3.767038035
3330,47,3913.92958,142.4888353,0.13643696,0,140.7470258,139.8236798
3331,2580,2287.934541,143.480836,0.340553032,0,134.8723037,118.5892491
3332,4041,298.118418,20.14978901,0.309820555,0,19.13459334,16.33633355
3333,2570,572.7524737,21.38157473,0.194086352,0,20.91628554,20.83312939
3334,3393,1167.721423,78.82315502,0.31325905,0,74.77024206,63.93065397
3335,2635,1064.476686,72.74944309,0.313981483,0,68.99290678,58.80967186
3336,2915,2148.955162,145.2476281,0.309820555,0,137.9296972,117.7587368
3337,3736,32.34870964,2.753390225,0.362277829,0,2.568149137,2.436686916
3338,2620,170.7985604,12.47037858,0.362277829,0,11.63140325,11.03599775
3339,3152,205.7249191,16.69323962,0.322931863,0,15.78537196,14.98732251
3340,1990,80.97610488,5.368898298,0.219460094,0,5.224078397,5.158148416
3341,1930,48.6370291,3.224744672,0.219460094,0,3.137760866,3.098161056
3342,1510,79.07187969,5.242643875,0.219460094,0,5.101229543,5.036849963
3343,3341,294.321603,19.51418577,0.219460094,0,18.98781289,18.74817901
3344,167,31.42868772,2.458591157,0.277498458,0,2.357397643,2.310822847
3345,3861,231.2720141,18.09185716,0.277498458,0,17.34721175,17.00448516
3346,1978,180.9813654,19.45965264,0.304898749,0,18.50771712,18.16218306
3347,1060,144.5246582,20.76269929,0.37642413,0,19.26306994,17.72164574
3348,3352,9.340424688,1.477688556,0.348700263,0,1.385064601,1.20465425
3348,3787,53.59324874,6.909416354,0.313981483,0,6.552637356,5.585479301
3349,3111,16.75250779,1.984296271,0.26024232,0,1.911635049,1.601373249
3349,1813,292.7434868,37.0489086,0.306842925,0,35.21520256,30.09608782
3350,3788,34.31554587,4.707696552,0.3920267,0,4.341090523,3.992849533
3350,3352,92.55744569,11.75756848,0.30835249,0,11.17035384,9.541708984
3351,3349,19.65377264,2.44696403,0.303768295,0,2.328077897,1.996481305
3351,134,273.9389253,31.87568965,0.312634504,0,30.24273067,25.79282301
3352,3348,9.340424688,1.359931244,0.356758184,0,1.271004394,1.134013333
3352,3351,147.2197451,18.70131811,0.30835249,0,17.767308,15.17682294
3354,3877,38.08504928,2.615532444,0.13643696,0,2.583559699,2.566610712
3355,3358,59.77460362,8.036100881,0.319648298,0,7.607222981,6.997905093
3355,1005,86.52208844,9.498708117,0.312408427,0,9.012747458,8.853756732
3356,176,6.728892484,0.646010255,0.194086352,0,0.631952283,0.629439852
3357,1715,49.56113012,6.817639012,0.381515423,0,6.312804971,5.898597829
3357,175,6.424148194,0.644506717,0.22913232,0,0.625737954,0.618309158
3358,216,8.884675968,1.114548206,0.30710232,0,1.059298636,0.907549394
3358,217,49.04772761,5.459746751,0.342743816,0,5.128263757,4.587740621
3359,1713,56.11083022,6.24794803,0.34364713,0,5.86675777,5.24998224
3360,2805,180.1818763,18.46956277,0.384684067,0,17.08079665,15.44011842
3361,1460,28.92258344,2.036796111,0.194086352,0,1.992472939,1.984551534
3362,819,87.14670136,6.413240126,0.22913232,0,6.226479339,6.152558224
3362,1710,26.25614256,1.849019095,0.194086352,0,1.80878218,1.801591068
3363,2941,52.33077332,5.397852375,0.264495114,0,5.194287661,5.141801276
3363,3361,30.7034862,2.162211457,0.194086352,0,2.115159095,2.10674993
3364,3363,63.10223841,5.080427498,0.311230557,0,4.822312517,4.734743872
3364,188,121.6328852,10.5361506,0.355255101,0,9.852551797,9.588896051
3365,1711,106.4932895,7.49950703,0.194086352,0,7.336308596,7.307141889
3366,3362,56.75963164,5.318369083,0.22913232,0,5.163492176,5.102190905
3367,2942,66.57060062,4.688057715,0.194086352,0,4.586039852,4.567807293
3367,1656,258.5647313,18.20873437,0.194086352,0,17.81249007,17.74167357
3368,1658,220.2521663,17.64007334,0.304898749,0,16.77714877,16.46392395
3369,650,15.85934145,1.208077746,0.375906558,0,1.121044045,1.033319256
3369,4075,36.97779137,2.788168019,0.264495114,0,2.683020159,2.655909218
3370,3189,17.7044004,1.612853785,0.34392711,0,1.514304376,1.441572347
3370,1732,166.4565455,16.05299869,0.382201985,0,14.86033478,14.09662667
3371,3372,23.38938817,1.647135532,0.194086352,0,1.611291851,1.604885894
3371,85,91.75690873,8.4335707,0.310264167,0,8.007545151,6.853652469
3372,910,11.75861443,0.695831205,0.324561148,0,0.657634838,0.646677019
3372,3232,18.74819498,1.32029183,0.194086352,0,1.291560667,1.286425854
3373,3838,18.6865346,2.352972316,0.308704428,0,2.235209368,1.914066982
3373,1564,103.4409427,9.928210357,0.353969028,0,9.288368204,8.72528687
3374,37,36.89546507,2.156565351,0.31696482,0,2.043248338,1.984617658
3375,144,27.42822516,1.449591913,0.264681891,0,1.394854461,1.380968949
3376,3781,211.1303558,23.62515862,0.29922208,0,22.50872237,19.31521429
3377,2642,204.3616303,10.80058825,0.264681891,0,10.39275162,10.28929375
3378,1779,275.7273714,20.18061284,0.219460094,0,19.63626385,19.38844626
3379,68,186.3813176,10.46397093,0.304898749,0,9.952089976,9.766287155
3380,2696,83.41886574,7.566657776,0.315289154,0,7.172935056,6.110889869
3381,835,180.1830252,12.76873185,0.277498458,0,12.24318174,12.00129481
3382,1914,55.1689138,3.657823352,0.219460094,0,3.559157744,3.514239734
3383,3806,208.1545378,14.04836765,0.090957973,0,13.94990059,13.8644796
3384,46,3858.532249,140.4720639,0.13643696,0,138.7549078,137.8446307
3385,133,11.51875972,0.614709268,0.13643696,0,0.60719495,0.603211555
3386,3270,244.7448506,23.26864333,0.341794708,0,21.86314254,19.04944551
3387,3931,165.0578149,15.37925423,0.291527944,0,14.68643854,12.67512488
3388,81,189.4823293,23.94875099,0.310264167,0,22.73896926,19.46226838
3389,3335,186.360598,18.7386548,0.315289154,0,17.76360949,15.1334789
3390,2579,195.366733,16.71445889,0.370480665,0,15.54231297,14.08470538
3391,186,12.47640181,1.249910986,0.313981483,0,1.185369791,1.010411239
3392,146,259.1099908,15.18170629,0.264495114,0,14.60917124,14.46155089
3393,2996,363.0178435,35.96713796,0.309820555,0,34.15502556,29.16016452
3393,3394,741.1014391,50.02559042,0.31325905,0,47.45338478,40.57397487
3394,2647,1425.599641,96.23036734,0.31325905,0,91.28241389,78.04902398
3395,2648,279.746784,27.26972881,0.30710232,0,25.91793372,22.20507441
3396,191,537.8048387,51.92626534,0.348700263,0,48.67144144,42.33178635
3397,1734,63.8393957,9.322147506,0.354955259,0,8.718260015,7.918701153
3398,1386,119.9166877,18.76736611,0.325714348,0,17.73039506,15.64133063
3399,3400,78.98224993,9.805259502,0.3678314,0,9.126724629,8.773150507
3400,832,41.02500686,6.09216856,0.302674278,0,5.798137949,4.958835878
3400,3399,78.98224993,8.031345634,0.247909647,0,7.761981052,7.672846809
3400,997,36.83320498,5.533091318,0.30835249,0,5.256749127,4.490311685
3401,2833,164.2665952,16.7676286,0.3822636,0,15.52149871,14.03426158
3402,1136,42.2212632,4.909744899,0.338860041,0,4.617874835,4.487264736
3403,3404,21.38578655,1.7517586,0.298992838,0,1.669093609,1.62088219
3404,2588,36.99127411,3.030039713,0.298992838,0,2.887053,2.803661079
3405,1584,41.53880166,6.185348635,0.308704428,0,5.875780655,5.031581338
3405,3406,27.81829795,1.910452059,0.13643696,0,1.887098345,1.87471837
3406,3317,7.206317356,0.894031875,0.347054877,0,0.838481084,0.764385131
3407,2646,835.068423,57.28094362,0.315289154,0,54.30039268,46.26052193
3407,3392,287.0893306,16.82106461,0.264495114,0,16.1867058,16.02314504
3408,3905,9.105409197,0.641224256,0.194086352,0,0.627270433,0.624776615
3409,3408,162.1061003,11.41589151,0.194086352,0,11.16746776,11.12306965
3410,3699,130.757481,14.27875535,0.290406899,0,13.64004579,11.75034469
3411,3959,18.94789209,2.136383813,0.302746016,0,2.033229057,1.743143851
3411,3960,19.86366369,3.156824698,0.360351474,0,2.946529285,2.617106989
3412,3462,16.87698506,2.563592871,0.312634504,0,2.43226263,2.074380128
3412,3695,79.71194273,9.055603026,0.306091176,0,8.609422847,7.374044351
3412,3169,85.8817762,12.42573927,0.341794708,0,11.67518471,10.17263619
3413,2916,31.16869999,3.111065528,0.312634504,0,2.951688823,2.517378084
3413,3412,107.685219,12.29972611,0.305291242,0,11.69661648,10.00132275
3414,2917,353.8216688,35.18608562,0.311247706,0,33.39824825,28.49915071
3414,3413,147.6430393,16.8636788,0.305291242,0,16.03677852,13.71242685
3415,3715,17.05020096,2.854940998,0.343580304,0,2.680822386,2.334794107
3415,3683,73.08548038,11.71286051,0.365839249,0,10.910434,9.688388756
3415,3414,222.5354752,25.89435487,0.312634504,0,24.56781355,20.95291175
3416,1280,15.92418437,2.798812633,0.313981483,0,2.654291372,2.26252251
3416,1281,132.8001443,23.08358998,0.309820555,0,21.92058224,18.71489698
3416,3789,156.9810678,18.13178494,0.309820555,0,17.21826126,14.70024756
3417,673,14.89646708,2.618182464,0.313981483,0,2.482988336,2.116503509
3417,674,165.6354778,27.84194432,0.345326031,0,26.12790115,22.74533979
3417,3416,242.9290897,28.05903968,0.309820555,0,26.64535661,22.74871618
3418,3790,118.3676116,13.62112146,0.30835249,0,12.94083438,11.05405231
3419,214,17.65025997,2.275529059,0.313981483,0,2.1580284,1.839507103
3419,3418,187.1893921,21.54076957,0.30835249,0,20.46494719,17.48114458
3419,213,233.0045206,31.55886421,0.354571128,0,29.51858129,26.29992237
3420,2158,144.774877,20.57727515,0.371702753,0,19.12540433,17.6222008
3420,3419,123.1543185,14.17195048,0.30835249,0,13.46415305,11.50107077
3421,3777,23.15815822,3.825416199,0.338928151,0,3.597921753,3.14338153
3421,3423,27.71216526,4.193925466,0.311247706,0,3.980828256,3.396891464
3421,2156,97.01176227,14.51435151,0.305830924,0,13.80033139,11.79098236
3422,3420,243.8008743,28.05532084,0.30835249,0,26.65413868,22.76794792
3423,3424,30.18981069,4.585794391,0.312634504,0,4.350868834,3.710683106
3423,3421,27.71216526,4.146137523,0.305830924,0,3.942172114,3.368185919
3424,265,22.89471673,3.477678766,0.312634504,0,3.299520839,2.814030186
3424,3422,35.63806383,4.131578437,0.311247706,0,3.921649138,3.346393169
3424,3423,30.18981069,4.516828828,0.305830924,0,4.294627602,3.669323357
3425,1517,17.14570353,3.013505153,0.313981483,0,2.857897892,2.436077056
3425,3424,382.266236,44.31674362,0.311247706,0,42.06496912,35.89457403
3425,1759,133.5655271,22.4512527,0.345326031,0,21.06907853,18.34144072
3426,1616,398.6641703,41.19761829,0.272534373,0,39.55691507,39.18952454
3426,3425,97.14112664,11.34509771,0.313981483,0,10.75927506,9.171224479
3427,4069,398.5686836,61.87762907,0.354340251,0,57.88205925,51.65815094
3427,3426,99.67611246,11.64115832,0.313981483,0,11.0400481,9.410555901
3428,3442,23.74091111,3.076539887,0.369549147,0,2.861793643,2.712574181
3429,1268,39.6975062,3.789959032,0.181915947,0,3.716133466,3.698126442
3431,3489,109.1370954,7.365671951,0.090957973,0,7.314044879,7.269257969
3432,3033,111.2194033,14.00453228,0.308704428,0,13.30362518,11.39223469
3432,3026,192.7021854,20.89546058,0.337218417,0,19.66439562,17.69733504
3433,3207,37.80737648,3.629713655,0.194086352,0,3.550726652,3.536610151
3434,1134,165.0597343,20.94123206,0.353841102,0,19.59253832,18.58376755
3435,1777,27.4856472,2.011687131,0.219460094,0,1.957424167,1.932720683
3436,1785,75.05243358,5.493122053,0.219460094,0,5.344951358,5.277495911
3437,1655,84.84296923,9.108311612,0.369996446,0,8.471113396,7.51694699
3438,2555,27.23350741,3.168906461,0.312634504,0,3.006566624,2.56418118
3438,3625,34.21313011,2.84921653,0.194086352,0,2.787214098,2.776133067
3439,971,15.81609343,1.571020597,0.372239777,0,1.459877095,1.365873691
3439,3633,40.85442607,3.987660089,0.3920267,0,3.677126007,3.382148052
3439,3637,36.98776018,3.49195481,0.366380042,0,3.252071661,3.086030926
3440,3438,15.85370272,1.669945991,0.349103416,0,1.56504683,1.504058363
3440,3632,41.94156167,4.48454223,0.367938097,0,4.174040067,3.705217426
3441,1874,118.8047618,16.73618181,0.365278927,0,15.59286895,14.36955259
3442,3428,23.74091111,2.440398248,0.264495114,0,2.34836554,2.324636162
3442,1878,26.38599598,4.399676869,0.340886485,0,4.135227539,3.602024253
3442,1887,192.2456075,23.98322668,0.372164059,0,22.28714773,21.4282154
3443,3445,173.7155074,14.58803249,0.359255898,0,13.62170133,12.12910756
3444,3289,95.23937539,5.625311018,0.329423924,0,5.307918137,5.16256849
3444,2895,62.1552896,5.088470827,0.365007657,0,4.741336069,4.26197372
3445,3286,91.31459489,6.836899295,0.386362709,0,6.318652618,5.813529147
3445,2999,58.82006788,3.772528299,0.339409673,0,3.547588995,3.407421206
3446,2866,144.8503662,16.97928057,0.315289154,0,16.09578237,13.712595
3447,3485,56.40927822,2.888813998,0.194086352,0,2.825949876,2.814714845
3448,199,60.38395546,7.784896404,0.313981483,0,7.382910563,6.293205604
3449,3450,25.46408214,4.42044206,0.31325905,0,4.19315267,3.585263134
3449,63,394.4307049,46.06550326,0.313981483,0,43.68683576,37.2387336
3450,2864,20.40537258,2.621057486,0.312634504,0,2.486783391,2.120878719
3450,3119,198.0301738,23.2129885,0.315289154,0,22.00512616,18.74698452
3451,3229,19.64766546,1.473462252,0.25635719,0,1.420958201,1.405630946
3451,562,47.11228184,4.289184524,0.366788728,0,3.993925541,3.837286561
3452,3229,45.89032456,5.319539975,0.366788728,0,4.953353359,4.759086288
3452,1447,31.1791696,2.29841029,0.324561148,0,2.17224331,2.136048376
3453,2788,83.55248849,6.312015173,0.325174558,0,5.964318303,5.814844737
3454,2958,31.74753364,2.19250833,0.28123359,0,2.10003386,2.082712177
3455,2534,34.0877438,2.091937685,0.331837826,0,1.97230215,1.739619776
3456,3331,441.2444784,31.21367268,0.366987619,0,29.06282545,27.92722794
3457,159,24.78441522,1.05393917,0.280392784,0,1.009729425,0.981764027
3458,3100,634.7457183,26.94897287,0.304898749,0,25.63067161,25.15215392
3459,4017,268.8755434,30.08675536,0.29922208,0,28.66496831,24.59802011
3460,3070,62.60428704,3.206070817,0.194086352,0,3.1363028,3.12383391
3461,2852,65.03801948,3.330706348,0.194086352,0,3.258226109,3.245272493
3462,3412,16.87698506,1.385104851,0.123954823,0,1.370439182,1.35326828
3462,2916,91.68143755,10.42932776,0.302674278,0,9.925969785,8.489148677
3463,3459,74.00554134,8.281105039,0.29922208,0,7.889771119,6.770380715
3464,3783,294.6626589,32.10571336,0.336969224,0,30.21677628,26.40995119
3465,3936,50.0812533,5.604014397,0.29922208,0,5.339189726,4.581672473
3466,2925,280.4562489,30.55781812,0.336969224,0,28.75995133,25.13666262
3467,3466,59.78542638,6.514071954,0.336969224,0,6.130817051,5.35843326
3468,3917,77.8133397,7.680399362,0.370817655,0,7.140882561,6.692822385
3469,3470,38.19388462,2.848835012,0.247909647,0,2.75328748,2.721670268
3470,3918,116.9308125,8.721725895,0.247909647,0,8.429206539,8.332410252
3471,4018,238.0189977,25.93396035,0.336969224,0,24.40813787,21.33310726
3472,2564,383.7897004,42.9454709,0.29922208,0,40.91602925,35.11091655
3473,2435,55.61002966,4.430506217,0.298397178,0,4.222196814,4.141155333
3473,2231,40.46590985,4.711236302,0.363764038,0,4.391862668,3.908136354
3474,3475,16.00159803,2.498573271,0.344553962,0,2.345388736,2.046524299
3474,426,214.8768223,25.09543205,0.313981483,0,23.79958843,20.28680993
3475,3474,16.00159803,2.491738448,0.338705537,0,2.343736765,2.042093998
3475,3477,152.3962602,17.60222589,0.309820555,0,16.71538268,14.27091039
3476,3313,142.3480929,16.44163238,0.309820555,0,15.61326271,13.32996542
3477,425,15.74862273,2.737457491,0.309820555,0,2.599537686,2.219379004
3477,3476,63.08362526,7.286348236,0.309820555,0,6.919244186,5.907367819
3478,2430,223.7337383,22.86985751,0.218785868,0,22.25631739,21.76553311
3479,1178,77.44837353,6.289846735,0.13643696,0,6.212958503,6.172199487
3480,3481,51.38247318,3.548511886,0.28123359,0,3.398844607,3.370809959
3480,3874,125.9977973,8.928877099,0.277498458,0,8.561372137,8.392226229
3481,3854,55.57408234,3.837987537,0.28123359,0,3.676110906,3.645789286
3482,1782,127.961153,9.011324291,0.194086352,0,8.815226867,8.780180475
3483,3484,76.41547844,10.71573453,0.343624478,0,10.06204227,9.216997817
3484,1888,111.8368925,13.00507305,0.338860041,0,12.23195926,11.88599549
3485,3069,350.9877522,17.97467302,0.194086352,0,17.58352218,17.51361598
3486,2644,31.10882572,1.593135279,0.194086352,0,1.558466709,1.552270767
3487,4076,189.375407,18.45154821,0.28123359,0,17.67330846,17.52753393
3488,2566,10.4089732,0.606242879,0.304898749,0,0.576586434,0.565821721
3489,985,87.80253599,5.925800702,0.090957973,0,5.884265899,5.848234114
3490,1208,94.0200785,14.3783617,0.378708519,0,13.32814285,12.04866168
3491,2603,26.34414554,1.986378887,0.264495114,0,1.911468233,1.892153543
3491,3956,86.76594714,7.401021534,0.338860041,0,6.961052316,6.764168736
3492,3493,34.63731192,2.954517294,0.338860041,0,2.778879829,2.700283119
3493,3494,10.69698166,0.912438511,0.338860041,0,0.858196694,0.833923807
3494,3498,10.20601606,0.81740341,0.304898749,0,0.777417324,0.762903154
3494,3495,23.88474564,1.800937305,0.264495114,0,1.733020056,1.715508519
3495,3491,96.90646928,7.306859292,0.264495114,0,7.031301789,6.960253046
3496,3497,88.92606618,7.585276856,0.338860041,0,7.134354195,6.932569014
3497,3492,73.88604171,6.302382487,0.338860041,0,5.927724167,5.760066821
3497,3133,37.97096626,3.238873639,0.338860041,0,3.046332016,2.960170797
3498,3499,11.00832748,0.938995902,0.338860041,0,0.883175325,0.858195952
3498,2739,26.42683281,2.116534319,0.304898749,0,2.012996798,1.975414694
3499,3496,20.62687746,1.759445604,0.338860041,0,1.654851677,1.608046523
3500,2173,12.09121324,1.407627673,0.31553044,0,1.334279904,1.284634071
3501,3502,12.11920846,1.058943848,0.359039557,0,0.988876204,0.929464236
3501,2103,134.0449212,10.29399906,0.302655397,0,9.797229562,9.41005316
3501,3410,36.80592556,4.019217887,0.290406899,0,3.839432407,3.307514863
3502,3501,12.11920846,1.306161599,0.287099235,0,1.248949242,1.078735901
3502,3702,36.24704938,4.529960964,0.305457175,0,4.307614788,3.692311468
3503,3584,89.89139198,6.370184308,0.277498458,0,6.107992958,5.987318141
3504,3522,375.3974807,27.23612862,0.304898749,0,25.90378015,25.4201636
3505,3017,40.71968586,2.95432617,0.304898749,0,2.809805192,2.757346891
3506,2995,193.137367,21.65583128,0.347032492,0,20.31040398,17.67300526
3507,3506,35.30617242,3.160009418,0.181915947,0,3.098454799,3.083440821
3508,3813,51.69826305,5.971304696,0.309820555,0,5.670455757,4.84120331
3509,410,25.17218917,2.907463473,0.309820555,0,2.76097835,2.357210443
3510,3815,99.61065122,11.16900106,0.347032492,0,10.47509655,9.114857424
3511,3510,42.78898167,4.740966339,0.324516339,0,4.480786119,4.30486939
3511,2997,40.96798193,3.289422953,0.344306027,0,3.088020901,2.966865656
3512,409,94.07046875,8.138938148,0.373494004,0,7.55953943,7.166180638
3513,411,136.1900875,13.66115077,0.353016465,0,12.78511552,11.50070577
3514,2910,47.27253163,5.095358007,0.37201497,0,4.735284941,4.200368496
3515,693,161.2130968,18.68969532,0.311247706,0,17.74005471,15.13781468
3516,2682,21.74871178,2.371550612,0.346121895,0,2.224926525,1.950525211
3517,412,32.83166801,2.312083008,0.194086352,0,2.261769257,2.25277722
3517,2235,197.2740358,13.81515846,0.181915947,0,13.54604951,13.48041031
3518,412,40.80524858,4.672012609,0.310264167,0,4.436003829,3.796772671
3519,2911,37.39110313,4.160297513,0.343580304,0,3.906567146,3.402325345
3520,2911,40.37670095,4.510264561,0.376194678,0,4.184869229,3.784044704
3520,2292,145.2485633,13.84720497,0.37540385,0,12.85208033,12.2048328
3521,2873,336.2344499,23.82736956,0.277498458,0,22.84665536,22.39527698
3522,2986,32.70329737,2.372714946,0.304898749,0,2.256645473,2.214514514
3523,2254,35.13814228,2.490076498,0.277498458,0,2.387587074,2.340415829
3524,2979,235.44376,17.08209794,0.304898749,0,16.24646864,15.94315148
3525,321,105.7299132,12.81702995,0.340844781,0,12.04681709,10.52058987
3525,3848,129.0068844,16.56562391,0.311641311,0,15.72194657,13.40497815
3526,866,111.1161442,16.98804222,0.354340251,0,15.89108828,14.18236061
3526,2823,78.65887246,7.39528105,0.181915947,0,7.251226508,7.216089717
3527,3530,38.94863807,4.553243078,0.34516686,0,4.273169336,4.155954716
3527,3529,53.74203326,3.413049419,0.362363971,0,3.183326959,3.057798685
3528,3527,67.96218402,4.085305013,0.34516686,0,3.834014528,3.728846088
3528,3529,107.4838475,9.642401905,0.311247706,0,9.152462597,7.809912931
3529,66,183.6598184,16.47616664,0.311247706,0,15.63899746,13.34495576
3530,3527,38.94863807,4.529184173,0.338860041,0,4.259937339,4.139450999
3531,3533,40.0749899,3.825997763,0.181915947,0,3.751470189,3.733291937
3532,3533,47.27786538,4.538932069,0.194086352,0,4.440159363,4.422506775
3533,3534,39.59685444,4.048313117,0.25635719,0,3.904059107,3.861947729
3534,3530,40.84223069,4.175638205,0.25635719,0,4.026847206,3.983411366
3535,3530,44.81314725,4.892952418,0.304898749,0,4.653596902,4.56671551
3536,3540,33.77368803,3.471696967,0.264495114,0,3.340771749,3.307014467
3536,2541,66.16377982,8.599158068,0.37540385,0,7.981182523,7.579239757
3536,3537,59.13305558,5.998808199,0.248660582,0,5.79651255,5.739252628
3537,3541,34.96906969,4.798297275,0.350916663,0,4.493982532,4.153210977
3537,3536,59.13305558,6.456480855,0.304898749,0,6.140639993,6.02599591
3537,866,178.6660234,24.91314598,0.368586865,0,23.18256066,21.4714186
3538,3540,37.938164,3.642269969,0.194086352,0,3.563009725,3.548844391
3539,3541,37.70266845,4.263084754,0.318459938,0,4.037127047,3.932798859
3540,3538,37.938164,3.899775731,0.264495114,0,3.752706734,3.714787
3540,3536,33.77368803,3.620940288,0.284617001,0,3.464838956,3.39836513
3541,3540,58.2817414,5.456616829,0.13643696,0,5.389914152,5.354554572
3541,3537,34.96906969,4.204309393,0.346552257,0,3.943774052,3.800610449
3542,2900,531.5761113,26.54786546,0.13643696,0,26.22333952,26.05130593
3544,1418,14.3220852,1.363590346,0.311230557,0,1.294312102,1.270808615
3544,2126,131.4779122,12.69869462,0.300107716,0,12.09533266,11.76470396
3544,3543,184.4586971,17.7090376,0.194086352,0,17.32366731,17.25479421
3545,3546,10.84981331,0.900057865,0.311097313,0,0.854365812,0.829487824
3545,2950,138.693993,14.53412735,0.38318077,0,13.44917751,12.4351984
3546,3548,9.197519806,1.000621858,0.346957085,0,0.938480515,0.89139241
3546,3549,9.09406576,0.968404875,0.354803999,0,0.905721243,0.824273494
3547,3545,10.17870007,1.066654148,0.38318077,0,0.987030088,0.912614541
3547,2956,313.9879998,23.9370422,0.28123359,0,22.92743815,22.73832605
3548,3549,8.979693268,0.864117623,0.324561148,0,0.816683485,0.803075523
3548,707,104.9076311,11.41317127,0.346957085,0,10.70438224,10.16729163
3549,3547,10.31289368,0.839208219,0.324561148,0,0.793141437,0.779925743
3549,3550,11.19895996,1.192549923,0.354803999,0,1.115357663,1.015058182
3550,3547,11.07474156,1.100653851,0.380298946,0,1.019633406,0.957420108
3550,491,98.58729012,10.49831999,0.354803999,0,9.818776916,8.935815095
3551,2763,7.869869354,0.54459832,0.246115344,0,0.526570561,0.515452367
3551,3574,74.63363075,5.512002024,0.256693098,0,5.315125799,5.284441812
3552,2774,17.43236321,1.197186623,0.13643696,0,1.182551996,1.174794072
3553,542,19.38429161,1.536262767,0.291714491,0,1.466974827,1.438027885
3554,3059,16.26400854,1.37326566,0.328077906,0,1.296366917,1.258731383
3555,0,371.4185846,28.66243391,0.388489708,0,26.46756061,24.90253904
3556,3555,54.13068437,3.368853833,0.304898749,0,3.204054816,3.144235982
3557,3487,8.742265887,0.851791387,0.28123359,0,0.815864975,0.809135486
3557,3431,65.66291531,4.4315958,0.090957973,0,4.400534097,4.373587814
3558,2773,85.01521611,5.838513016,0.13643696,0,5.76714197,5.729307654
3559,2617,444.5071561,35.78773805,0.311230557,0,33.96951481,33.35266048
3560,3561,338.3124854,42.64287126,0.304274081,0,40.56470811,34.67574801
3561,3563,6.771832563,0.853561121,0.304274081,0,0.811963564,0.694087182
3561,3564,21.06399068,3.194186355,0.373635611,0,2.966637234,2.683119763
3562,3563,10.34648834,1.789426652,0.311782172,0,1.698216285,1.452767639
3562,4026,444.5809003,56.66738214,0.308818312,0,53.829332,45.94472095
3563,3565,11.83115691,1.508504707,0.309820555,0,1.432502549,1.223012114
3564,3566,19.8114944,3.196652524,0.32740025,0,3.018332177,2.640924675
3564,327,217.4224993,27.45604137,0.356552039,0,25.66259304,24.41405221
3565,328,10.43620459,1.827510794,0.312634504,0,1.733889285,1.478765259
3565,3566,4.394777699,0.558268429,0.30835249,0,0.530386525,0.453055824
3566,3567,343.1172479,43.58616976,0.30835249,0,41.40932195,35.37181588
3567,426,15.95673953,2.018808975,0.305830924,0,1.919495531,1.640014092
3567,3315,92.80308181,10.75881152,0.311247706,0,10.21214641,8.714154631
3568,3314,16.61348683,2.133992107,0.312634504,0,2.024669874,1.726760467
3568,427,234.353129,27.4707454,0.315289154,0,26.04133536,22.1855811
3569,3570,20.16989215,2.528550775,0.37641875,0,2.345925748,2.255960366
3569,3682,40.78673859,5.219718179,0.311247706,0,4.954499498,4.227737539
3570,2122,352.1730637,42.76525125,0.349103416,0,40.07891348,38.51707429
3571,1407,10.63034192,1.350371893,0.30835249,0,1.282929535,1.095877574
3571,349,249.9964283,32.22018109,0.312992564,0,30.56608759,26.04752148
3571,3572,89.48101778,12.30935204,0.364865424,0,11.47021607,10.65430222
3572,1407,89.77344559,15.58423793,0.31325905,0,14.78293076,12.6398204
3572,1262,410.0800474,58.91291366,0.37642413,0,54.65780533,50.28410663
3573,142,33.91696411,2.504907948,0.256693098,0,2.415438311,2.401494092
3574,3573,49.73325989,3.673006745,0.256693098,0,3.541815265,3.521368522
3575,64,106.2995455,11.7647355,0.344553962,0,11.04345366,9.636226144
3576,3594,30.18868584,3.525732121,0.313981483,0,3.343675184,2.850154452
3577,77,13.64735594,0.96107879,0.194086352,0,0.940164541,0.936426762
3578,3018,26.71222464,1.938046,0.304898749,0,1.843239846,1.808827058
3579,2363,90.22810182,7.514056688,0.194086352,0,7.350541636,7.321318343
3580,3310,35.55522706,4.581056056,0.253729308,0,4.420835018,3.710632602
3581,2930,19.29254971,2.253174006,0.313981483,0,2.136827686,1.821435578
3582,3583,19.35995557,2.436998702,0.307698549,0,2.315761321,1.982498645
3582,3224,146.9001569,13.72185544,0.312634504,0,13.01889882,11.10330137
3583,2560,15.14527606,1.41993033,0.313981483,0,1.346609908,1.147852591
3584,3381,67.91808005,4.813038026,0.277498458,0,4.614937488,4.523760772
3585,3578,43.34772441,3.144997657,0.304898749,0,2.991149331,2.935305384
3586,2603,13.48825329,1.150530322,0.338860041,0,1.082134638,1.051527981
3586,2604,189.912999,14.31965866,0.264495114,0,13.77963329,13.64039511
3587,3724,14.92636154,1.433011844,0.194086352,0,1.401827756,1.396254558
3588,69,717.5630845,50.53247414,0.194086352,0,49.43282578,49.23629741
3589,1435,140.5898407,14.92585406,0.261038479,0,14.37625889,14.04626285
3590,3020,24.14821212,3.586739062,0.256116906,0,3.459149252,3.035246398
3590,754,858.906819,137.2376801,0.288548704,0,131.1706704,113.803222
3591,3592,4.294572942,0.686194608,0.288548704,0,0.655859285,0.569021257
3592,3590,23.42697083,3.743203637,0.288548704,0,3.577723917,3.104020952
3593,3824,22.98012292,3.068988988,0.361220839,0,2.863630038,2.67895272
3593,2306,21.34920153,2.049639397,0.194086352,0,2.00503674,1.997065385
3593,1890,65.01555926,8.984452185,0.384872203,0,8.30827942,7.762976237
3594,3595,100.1275501,11.69388166,0.313981483,0,11.09004898,9.453176738
3595,3596,43.59817525,3.3304253,0.366802387,0,3.101149585,2.815293476
3595,2657,26.41433073,3.08492575,0.313981483,0,2.92563057,2.493812507
3596,3845,183.4534351,16.64047274,0.315289154,0,15.77460403,13.43897124
3597,3106,16.76115786,1.069272298,0.194086352,0,1.046003627,1.041845067
3598,3910,152.5292459,7.811279181,0.194086352,0,7.641296204,7.610916968
3599,190,19.18188999,2.316222068,0.338928151,0,2.178478192,1.903262099
3599,2914,267.6957661,28.98056278,0.307328847,0,27.54200754,24.55483423
3600,190,17.51410606,2.573696959,0.331199449,0,2.427033167,2.172747305
3600,3599,29.68518297,3.374118846,0.348570966,0,3.162768696,3.035802179
3600,2871,58.80119565,8.697087581,0.340660627,0,8.174976501,7.329397405
3601,699,110.7319613,8.775837291,0.291714491,0,8.380032814,8.214674609
3602,1335,357.4353694,26.21165141,0.318559354,0,24.82154608,24.39598641
3603,3747,29.86627756,2.190170653,0.318559354,0,2.074017426,2.038458877
3604,3744,10.64433632,1.335290785,0.30710232,0,1.269098726,1.087294687
3604,216,68.63658887,8.35297652,0.342719825,0,7.845899707,6.849035476
3605,2923,290.2030248,31.61980268,0.336969224,0,29.75945411,26.01024421
3606,2,153.3409977,17.15861929,0.29922208,0,16.34776739,14.02836754
3607,2766,304.7119048,28.56796231,0.313981483,0,27.09280891,23.0939567
3608,3846,32.14918792,2.662429522,0.181915947,0,2.610567387,2.597917532
3609,1382,19.49744083,1.803681498,0.277498458,0,1.729443507,1.695275118
3609,1383,41.72090191,3.972202249,0.311230557,0,3.770391494,3.701924743
3610,2935,130.8805777,12.0295095,0.310264167,0,11.42183352,9.775939567
3611,2764,512.3775339,44.81589123,0.336969224,0,42.17915185,36.86526091
3612,2487,194.9983403,18.3491242,0.315289154,0,17.39434769,14.81889105
3613,3612,111.0871557,9.675685118,0.348700263,0,9.069197227,7.887897051
3614,3808,90.5627254,8.521850459,0.315289154,0,8.078425338,6.882310681
3615,3253,14.89465237,1.853851414,0.302746016,0,1.764338664,1.512616635
3616,2659,123.2937219,7.180913963,0.304898749,0,6.829634976,6.702127543
3617,933,46.19315465,5.335448138,0.309820555,0,5.066635208,4.32568601
3618,405,136.4924213,13.73402932,0.376577102,0,12.74131304,11.54489164
3618,404,74.62958761,6.32184095,0.358099086,0,5.905568354,5.602417895
3619,726,83.21598446,9.166193306,0.284079111,0,8.772398363,7.732910429
3619,691,116.9355176,12.80910409,0.295944888,0,12.21591986,10.81727227
3620,24,170.9224536,12.21598102,0.276103309,0,11.71778892,11.43176793
3621,61,230.7416415,20.92983428,0.315289154,0,19.84077336,16.90309197
3622,3621,99.75969648,6.807907325,0.389608272,0,6.283795229,5.96172377
3622,143,46.06071567,3.559154677,0.338860041,0,3.347573276,3.252891871
3623,971,37.74744611,3.00737647,0.298397178,0,2.865978452,2.81096843
3623,2435,127.0820296,14.79550252,0.363764038,0,13.79251879,12.27339016
3625,2934,338.0011608,28.14821361,0.194086352,0,27.53567409,27.42620147
3626,3792,51.83181374,4.639104394,0.181915947,0,4.548738112,4.526696591
3626,2553,37.45200729,4.00450297,0.367938097,0,3.727237918,3.308599502
3627,3438,38.21222289,4.23521219,0.341794708,0,3.979391772,3.467260325
3628,2814,314.442934,34.53068458,0.340844781,0,32.45563462,28.34378726
3629,2589,242.7047177,28.24125943,0.312634504,0,26.7944886,22.85195439
3630,3623,57.35863383,6.596075227,0.359480316,0,6.158636394,5.924651204
3630,971,40.33001339,4.504670585,0.345326031,0,4.227348005,3.68006853
3631,3636,61.44667294,6.289706332,0.304898749,0,5.982023816,5.870341054
3631,2554,39.69643283,4.244485,0.367938097,0,3.950603996,3.506877398
3632,2552,193.7886205,20.63709734,0.365839249,0,19.22328779,17.07014453
3633,2590,221.6145082,22.62145727,0.3822636,0,20.94028489,18.93383114
3634,3439,39.00923575,3.852084527,0.367646593,0,3.585764142,3.256236002
3635,3440,33.19441327,3.289922698,0.322692881,0,3.111243517,3.023245086
3636,3843,24.1965168,2.291686579,0.304898749,0,2.179580886,2.138888702
3637,3439,36.98776018,3.890637346,0.377905464,0,3.607574801,3.323378219
3637,972,42.67942325,4.029295545,0.366380042,0,3.752499264,3.560908241
3638,3734,12.66613471,1.234108478,0.28123359,0,1.182056896,1.172306951
3639,3638,21.52058813,2.096830712,0.28123359,0,2.008391683,1.99182589
3640,132,56.35390203,3.518278008,0.296735763,0,3.354547317,3.274373149
3640,160,42.69280134,5.02611835,0.290247811,0,4.801518577,4.163938419
3640,739,159.7465667,18.24361627,0.301939036,0,17.36704231,15.23577126
3641,2938,30.27818672,3.469031741,0.320153427,0,3.283352981,2.893036432
3642,3374,201.0280342,11.75022709,0.31696482,0,11.13280985,10.81335567
3643,2390,26.74369973,3.164686536,0.287994812,0,3.025273798,2.617701578
3643,190,298.9934967,31.579737,0.306141686,0,30.02329359,26.95631582
3643,4005,30.90771105,2.771339134,0.194086352,0,2.711031409,2.700253256
3644,2387,52.87352996,6.664486912,0.304274081,0,6.339698954,5.419336502
3644,2386,81.78223646,10.15429965,0.297610092,0,9.679185936,8.28993567
3645,3569,66.0285124,8.450056033,0.311247706,0,8.020700916,6.84416627
3645,3987,79.0475655,9.836826971,0.329331323,0,9.282099051,8.588187579
3646,2824,29.69854513,3.024903597,0.389198429,0,2.792482817,2.610353144
3646,504,12.31312867,1.248122947,0.384872203,0,1.154188812,1.078435121
3647,725,8.920936208,0.956430263,0.284617001,0,0.915197869,0.897639562
3647,3799,69.00294478,8.165388202,0.287994812,0,7.805681446,6.754081119
3648,724,10.04118649,0.969289671,0.205690482,0,0.945959675,0.943149268
3648,3615,46.00181973,5.725580998,0.302746016,0,5.449122756,4.671684578
3649,2841,69.87118824,6.89648628,0.370817655,0,6.412036183,6.009708033
3650,1828,11.78390039,0.878946678,0.247909647,0,0.849467545,0.839712736
3651,1134,47.93695318,4.900990219,0.25635719,0,4.726352667,4.675371568
3652,1135,41.49640353,3.983880305,0.194086352,0,3.897186203,3.881692296
3653,1893,10.59952317,1.531985448,0.30427754,0,1.457323911,1.256015491
3653,1897,39.38858738,5.829062946,0.302058914,0,5.548782059,4.749190826
3654,1897,32.58505412,3.774437891,0.31861488,0,3.574200454,3.137086177
3654,254,35.29340196,4.415324057,0.301030831,0,4.204347575,3.597494943
3654,3653,42.79680594,6.756525863,0.30100678,0,6.433727671,5.518387179
3655,3913,324.6748696,31.30162333,0.381389999,0,28.98520596,27.48641295
3656,2541,63.79974101,5.599848833,0.13643696,0,5.531395261,5.495107519
3656,2548,39.51237271,4.258914802,0.37201497,0,3.95795057,3.510844878
3657,3316,7.245047387,0.558596347,0.325239491,0,0.52781476,0.509953753
3658,3764,58.28536329,4.826892434,0.181915947,0,4.732868181,4.709934433
3659,3658,105.2953917,8.720019931,0.181915947,0,8.550160467,8.508729517
3660,2423,223.7541876,33.00829706,0.349472787,0,30.9307871,27.93403393
3660,1664,17.01326967,2.236210376,0.324936028,0,2.113195746,1.960922983
3661,4006,22.98674684,2.950577671,0.361442519,0,2.752917557,2.608695931
3662,828,54.48153697,4.363445427,0.304898749,0,4.149992557,4.072513322
3663,4020,57.16446368,5.352011918,0.13643696,0,5.286587949,5.251906223
3664,436,38.58451076,5.619667261,0.308000424,0,5.339591092,4.597948148
3664,435,64.61522372,9.667364538,0.305830924,0,9.191787461,7.853449368
3665,3313,15.02271606,2.505955845,0.348700263,0,2.348878402,2.042927346
3665,3925,128.0600944,14.95611934,0.313981483,0,14.18383569,12.09032583
3665,2347,255.8716659,39.83071807,0.361531628,0,37.1612269,33.07890607
3666,2670,16.30584178,1.883373712,0.309820555,0,1.788484736,1.526935153
3666,3150,189.8213263,22.25075189,0.315289154,0,21.09295847,17.96987499
3667,1057,91.1768386,11.52387883,0.310264167,0,10.941745,9.365032134
3667,1058,112.6765019,14.41987287,0.311247706,0,13.68718587,11.67945007
3668,3669,22.76034722,2.192679894,0.194086352,0,2.144964501,2.13643684
3669,1048,28.15976224,3.988295809,0.334040474,0,3.757402642,3.284379608
3669,1558,7.108804262,1.063603657,0.305418802,0,1.011410377,0.86401673
3670,1815,358.1503535,62.48543666,0.311247706,0,59.31049417,50.61040025
3670,3680,85.97462009,15.11078039,0.313981483,0,14.33051056,12.21535174
3671,3672,32.91042833,5.36127003,0.308818312,0,5.092763658,4.34680492
3671,265,35.04734055,5.284412314,0.309820555,0,5.018170693,4.284308989
3671,264,228.9682087,33.61402146,0.312536538,0,31.89300407,27.44581202
3672,1517,335.0463996,39.27395543,0.315289154,0,37.23037833,31.71794251
3673,1363,39.31877644,4.315596542,0.311230557,0,4.096339379,4.021953722
3673,3674,33.79214843,3.226168856,0.181915947,0,3.1633255,3.147997182
3674,3673,33.79214843,3.244229937,0.194086352,0,3.17363153,3.161014234
3675,1815,349.4876505,50.5379322,0.303127954,0,48.09205402,41.43801661
3675,2133,205.3192239,27.41216822,0.378879503,0,25.40826313,22.91987909
3676,1915,48.01978454,5.976745431,0.302746016,0,5.688159777,4.876617668
3676,1750,63.36323983,7.837585915,0.295831253,0,7.47488654,6.404972272
3677,3676,51.76818382,5.520880482,0.277498458,0,5.293645752,5.189059887
3678,2416,236.827737,32.72705032,0.384872203,0,30.26400198,28.27766332
3678,739,46.94133137,5.300003915,0.295246061,0,5.055626344,4.885162696
3679,691,78.8167708,8.928055756,0.296529461,0,8.51309984,7.47258011
3679,739,27.22119619,3.123167679,0.276905241,0,2.995122275,2.605470232
3680,3203,14.96079878,2.629489313,0.313981483,0,2.493711338,2.125643814
3680,2687,386.0966153,45.09216617,0.313981483,0,42.76375852,36.45190098
3681,178,21.28378593,1.439579728,0.345820072,0,1.350719533,1.305309753
3682,3987,31.64982035,4.095407411,0.315289154,0,3.882307388,3.307481902
3682,1405,96.65266764,12.32347819,0.309820555,0,11.70259121,9.991193957
3683,821,45.94993671,7.304599129,0.361517224,0,6.815074351,6.055834502
3683,3415,73.08548038,12.59304074,0.310264167,0,11.95689772,10.23390066
3684,2866,16.46086535,2.122188427,0.313981483,0,2.012605762,1.715548597
3684,3749,103.6387082,12.14847261,0.315289154,0,11.51634019,9.81119807
3685,683,38.21289726,4.872248407,0.309820555,0,4.626772612,3.950149308
3685,3897,113.7069374,14.37146746,0.310264167,0,13.64548643,11.67916259
3686,173,167.4097653,19.62368098,0.315289154,0,18.60258431,15.84823271
3687,1180,9.553135114,1.416390383,0.369756533,0,1.317421753,1.198064525
3687,1975,54.29433375,5.959301386,0.311230557,0,5.656534549,5.55381722
3687,3202,136.4480454,22.45455024,0.338012226,0,21.12586444,18.45169116
3688,2447,13.71069884,1.576549633,0.296735763,0,1.50318148,1.443199597
3689,2447,15.78038849,1.560404452,0.174453775,0,1.532082027,1.501395774
3690,723,112.1314407,14.4563509,0.313981483,0,13.70987361,11.68631974
3690,3691,443.7210833,54.07807117,0.339968617,0,50.84380158,44.31936375
3691,3212,72.56543886,6.453262854,0.311782172,0,6.12432818,5.239159385
3691,3692,41.98348459,4.744541562,0.357749022,0,4.432694533,3.970343204
3692,2658,21.88605911,2.473337268,0.357749022,0,2.310770902,2.069746398
3692,3212,55.43180456,5.196953838,0.313981483,0,4.928600639,4.201147623
3693,3648,126.6795233,15.76706912,0.302746016,0,15.00576014,12.86485576
3693,3799,71.73876979,8.628540078,0.336969224,0,8.120880612,7.097780999
3694,3168,22.97381396,2.961858996,0.313981483,0,2.808918569,2.394326997
3695,3411,37.95388785,4.311717039,0.306091176,0,4.099273685,3.511062994
3695,1521,53.91998545,4.865215788,0.158478818,0,4.789862464,4.726794899
3696,3791,118.30205,13.8673015,0.315289154,0,13.14573171,11.19933724
3697,3698,111.3975597,12.56012765,0.302746016,0,11.95366504,10.24820969
3698,3700,65.19920797,7.351241598,0.302746016,0,6.996288741,5.998113032
3698,1523,63.74890756,7.781532937,0.373494004,0,7.227577356,6.85149213
3699,3700,57.66301216,5.06121414,0.13643696,0,4.999344937,4.966547617
3699,1523,58.25570896,6.386208657,0.292487541,0,6.096778185,5.249982304
3700,3502,222.7752156,25.02306056,0.30100678,0,23.8275647,20.43756501
3701,3410,38.64738443,3.863954224,0.277498458,0,3.704917166,3.631719603
3701,3501,29.8219602,2.617996328,0.362932771,0,2.441273725,2.294783282
3702,3502,36.24704938,4.386351661,0.292487541,0,4.187557055,3.605937394
3702,907,144.6422949,16.96246201,0.326934407,0,16.01872313,14.05195742
3703,3500,232.8626037,18.01383335,0.31553044,0,17.07517996,16.43984736
3704,2335,112.273436,13.44706576,0.333692237,0,12.67007899,11.07335455
3704,3207,5.906221552,0.758650505,0.312634504,0,0.719785616,0.613876544
3705,494,119.2654259,11.45012919,0.194086352,0,11.20096039,11.15642912
3706,3707,103.4233948,8.392136057,0.322931863,0,7.935726808,7.534526102
3706,4025,74.91839088,6.376747866,0.362277829,0,5.947736496,5.643274953
3707,1822,50.17927214,4.071721682,0.322931863,0,3.850279677,3.655623918
3707,3706,103.4233948,8.802977538,0.362277829,0,8.21073561,7.790432317
3708,208,23.16300204,1.879527016,0.322931863,0,1.777308283,1.687454214
3709,1530,92.03012726,9.433558177,0.384684067,0,8.724228663,7.886231912
3709,1140,84.11896999,8.464150526,0.376577102,0,7.852349006,7.115005974
3710,3735,216.8744962,18.45947256,0.362277829,0,17.21756622,16.33620795
3711,834,191.2552676,15.51912147,0.322931863,0,14.67510863,13.93318996
3712,3713,169.3877729,14.41759636,0.362277829,0,13.44761716,12.75924062
3713,3710,208.2463898,17.72508333,0.362277829,0,16.53258483,15.6862904
3714,3711,186.2414976,15.11228664,0.322931863,0,14.29039965,13.56793043
3715,3415,17.05020096,2.985704813,0.312634504,0,2.832750209,2.415940068
3715,844,81.97387742,9.608933006,0.315289154,0,9.10894274,7.760246742
3716,3717,29.39273626,2.366440071,0.311230557,0,2.246211284,2.205422207
3716,974,37.1845195,3.510530541,0.366380042,0,3.269371314,3.102447312
3717,975,48.73147753,3.923422444,0.311230557,0,3.724089984,3.656464024
3717,3716,29.39273626,2.774920846,0.366380042,0,2.584295026,2.452348903
3718,273,22.44530141,3.359199456,0.306842925,0,3.192938571,2.728791904
3718,274,22.05148794,3.295901503,0.310264167,0,3.129407583,2.67845783
3719,872,206.0721048,34.2987006,0.308468506,0,32.58451464,28.1322979
3719,3718,63.15325324,9.576687668,0.373635611,0,8.894458576,8.044427311
3720,201,1.323430283,0.119899011,0.362363971,0,0.111828957,0.1074192
3720,202,222.7578558,19.58678546,0.384684067,0,18.11401296,16.3740902
3721,201,11.41400561,1.291545666,0.384684067,0,1.194431572,1.079701684
3721,3165,30.37290453,2.751698576,0.362363971,0,2.566489724,2.46528522
3722,2816,20.99720134,2.43872425,0.308640982,0,2.316715742,2.226359565
3722,3723,227.6999701,21.20084632,0.395622013,0,19.52168825,18.24669649
3723,2784,203.4706025,18.94488161,0.395622013,0,17.44440138,16.30508045
3724,3727,45.20956478,4.333214461,0.25635719,0,4.178808528,4.133733549
3724,1946,158.3524088,15.20269202,0.194086352,0,14.87186287,14.81273732
3725,2545,23.71072447,2.420288928,0.3822636,0,2.240418867,2.025746677
3726,3729,19.10333379,2.347893054,0.357854949,0,2.193487167,2.106497028
3726,3727,27.24548154,2.536791142,0.395622013,0,2.335871176,2.183311804
3727,3622,119.6334465,12.26303942,0.384684067,0,11.34095513,10.25161142
3728,2543,121.3885258,13.29380555,0.334917909,0,12.5204489,10.91810204
3729,2546,10.6544721,1.12515285,0.360351474,0,1.050199532,0.93278711
3729,3731,24.05322203,2.782887243,0.333528409,0,2.62223479,2.547104578
3730,3729,26.44294789,2.792476051,0.360351474,0,2.606452131,2.315050498
3730,3731,35.51542176,3.912084259,0.350262407,0,3.664830328,3.565553655
3731,2630,81.86009829,11.315062,0.385905426,0,10.45924475,9.777398217
3732,2546,24.93102453,2.548904327,0.25635719,0,2.458078924,2.431564702
3732,3728,33.58790268,3.006219071,0.181915947,0,2.947660172,2.933376889
3733,2079,133.22858,12.59589115,0.194086352,0,12.32178918,12.27280187
3734,3454,106.6399567,7.364634874,0.28123359,0,7.054013156,6.995829627
3735,3337,11.10142645,0.94490814,0.362277829,0,0.881337125,0.836221935
3736,3338,573.3278016,41.85992389,0.362277829,0,39.04369474,37.04506827
3737,3714,216.7388074,17.58694505,0.322931863,0,16.6304729,15.78969831
3738,1667,214.4726754,23.40194024,0.272374669,0,22.47094905,21.8026969
3738,297,200.8052239,20.91198723,0.246115344,0,20.21974076,19.79281412
3739,3738,22.51868254,2.501683439,0.292630292,0,2.388202638,2.318101455
3740,4034,21.93278075,1.454192807,0.219460094,0,1.414967616,1.397110153
3741,2760,158.3824406,15.43912728,0.30710232,0,14.67379013,12.57170441
3742,1909,14.17686651,0.939958209,0.219460094,0,0.914603909,0.903061238
3743,3604,15.22323518,1.931267964,0.311782172,0,1.832827684,1.567923221
3744,3745,41.06817402,5.171225088,0.308704428,0,4.912412562,4.206624587
3745,3747,19.31932867,2.395537823,0.30059744,0,2.281375212,1.95650285
3746,4022,44.37560626,3.719142548,0.322692881,0,3.517151983,3.417672836
3747,2703,14.22656039,1.610629083,0.305457175,0,1.531573828,1.312802534
3748,3518,44.06710532,5.04548015,0.310264167,0,4.790605492,4.100275995
3748,3797,195.2016855,21.80309941,0.345326031,0,20.46082772,17.81193507
3749,3750,77.29280018,9.060219696,0.315289154,0,8.588781123,7.317101736
3749,3446,50.23148918,6.249890644,0.389608272,0,5.768737901,5.473065339
3750,4004,127.639557,14.96183896,0.315289154,0,14.18331611,12.08329394
3751,196,188.6611919,17.66336781,0.13643696,0,17.44744758,17.33298668
3752,3975,48.39369998,4.9745311,0.264495114,0,4.786930748,4.738560557
3752,2998,237.893332,26.12435747,0.340844781,0,24.55446832,21.44363019
3753,2623,312.9697339,38.95353644,0.302746016,0,37.0726747,31.78343569
3754,2479,36.65176727,4.001846875,0.304898749,0,3.806082836,3.735024302
3755,2824,25.50162277,2.411011697,0.194086352,0,2.358545137,2.349168351
3757,3818,39.07462846,3.730492296,0.181915947,0,3.657825097,3.640100615
3758,3820,126.0665114,12.10307037,0.194086352,0,11.83969277,11.79262212
3758,3757,65.04517056,6.209924886,0.181915947,0,6.088960195,6.059455321
3758,325,214.5787453,20.48603883,0.181915947,0,20.08698612,19.98965194
3760,4071,51.45516641,4.864749556,0.194086352,0,4.758886663,4.739966923
3760,3759,47.95143445,5.208194278,0.298397178,0,4.963320264,4.868053548
3761,123,188.1257297,18.06109267,0.194086352,0,17.66806123,17.59781893
3762,1492,267.915009,26.46943175,0.22913232,0,25.69861204,25.39351666
3762,2252,146.3667502,15.29048937,0.270153274,0,14.69120549,14.39234793
3763,3659,233.5886154,19.3446014,0.181915947,0,18.96778304,18.8758721
3764,3765,84.56745442,7.003439335,0.181915947,0,6.867017577,6.833742522
3765,3766,100.6101326,8.332010992,0.181915947,0,8.169709652,8.130122228
3766,3767,101.2538535,8.38532063,0.181915947,0,8.221980858,8.182140146
3767,3039,296.7465314,24.57501346,0.181915947,0,24.09631058,23.97954867
3768,934,25.74764633,1.824615784,0.277498458,0,1.749516155,1.714951193
3769,162,72.12273884,5.111002612,0.277498458,0,4.900638106,4.803816841
3770,724,30.95171137,3.737433432,0.338928151,0,3.515171251,3.071085238
3771,172,25.7358565,3.016743001,0.315289154,0,2.859770095,2.436344392
3771,3873,101.2193027,10.06583645,0.311247706,0,9.554382048,8.152875919
3772,2386,77.89815801,11.61121786,0.304274081,0,11.04535528,9.441851656
3772,3922,171.2037583,25.29415407,0.304440567,0,24.06022397,20.61772066
3773,1896,102.1758473,8.03081342,0.045478987,0,7.999758923,7.968971508
3774,3773,351.5589582,27.63181784,0.045478987,0,27.52496786,27.41903684
3775,3774,315.1781147,24.77235767,0.045478987,0,24.67656499,24.58159617
3775,3778,84.49156416,7.164009448,0.311415149,0,6.799638564,6.555279134
3775,1068,271.9635804,20.0578235,0.198238307,0,19.60507365,19.19375403
3776,3461,112.0752821,5.739563667,0.194086352,0,5.61466375,5.592341726
3777,3423,15.63540341,1.722068649,0.311230557,0,1.634577643,1.604895255
3777,3422,25.47896052,4.208781518,0.338928151,0,3.958488643,3.458396524
3778,1069,75.42403192,6.395176639,0.311415149,0,6.069909596,5.851774524
3778,3775,84.49156416,6.231411126,0.198238307,0,6.090754268,5.962968636
3779,2770,17.21916925,1.182545295,0.13643696,0,1.168089646,1.1604266
3780,2676,300.4521596,35.1950612,0.255131673,0,33.95178609,28.48183156
3781,3606,24.10706774,2.697543407,0.29922208,0,2.570067638,2.205429804
3782,3605,23.76881371,2.58979106,0.336969224,0,2.43742091,2.130345297
3783,3471,37.41121059,4.076232829,0.336969224,0,3.836407996,3.353082637
3784,2631,76.26547305,8.533987885,0.29922208,0,8.130703672,6.977130072
3785,3312,178.8475095,11.12659579,0.13643696,0,10.99058226,10.91848049
3786,3311,81.94536783,10.32887026,0.304274081,0,9.825501778,8.399089741
3787,3788,69.32456561,8.904697571,0.312634504,0,8.448519022,7.205406093
3787,3350,43.20095507,7.039369801,0.311247706,0,6.681692948,5.701573713
3788,749,113.9764692,14.69421799,0.313981483,0,13.93545805,11.8786083
3789,3415,95.04497347,10.97797997,0.309820555,0,10.42488249,8.900338485
3789,844,22.40524229,3.489896692,0.339968617,0,3.281174996,2.860124216
3790,3417,140.571639,16.17624402,0.30835249,0,15.36834506,13.12763035
3790,3696,22.98762799,3.367162008,0.362916733,0,3.139887085,2.806076557
3791,214,204.7012616,23.99496975,0.315289154,0,22.74641787,19.37851848
3791,3418,22.91255754,2.480019626,0.334877269,0,2.335778814,2.272713819
3792,863,175.0277046,15.52233416,0.25635719,0,14.96922503,14.80775855
3792,2553,30.43632514,3.244876593,0.357854949,0,3.031481843,2.911258196
3793,2695,72.28756771,8.203727771,0.310451986,0,7.788850477,6.682907994
3793,416,121.8189601,13.65914265,0.347032492,0,12.81053133,11.14702534
3794,413,89.99415292,10.30391511,0.310264167,0,9.783408283,8.37361252
3794,414,42.98488817,4.819748247,0.347032492,0,4.520308303,3.933325626
3795,417,97.1585995,11.02627639,0.310451986,0,10.46865772,8.98220817
3795,2693,51.42520253,5.788336437,0.348700263,0,5.425513968,4.718818497
3796,414,261.0832634,29.62965952,0.310451986,0,28.13123425,24.13686728
3796,415,46.26057579,5.187039877,0.347032492,0,4.864780944,4.233066922
3797,2685,221.5241474,24.83874372,0.347032492,0,23.29556934,20.27053327
3797,3748,195.2016855,22.43328987,0.311782172,0,21.28982383,18.21273731
3798,4055,34.80312711,1.852385191,0.219460094,0,1.802419215,1.779671956
3799,3693,71.73876979,8.782113661,0.298429868,0,8.369121304,7.197544608
3799,725,70.73569838,8.295302544,0.326934407,0,7.833777586,6.871952788
3800,1069,69.80886765,5.148534755,0.198238307,0,5.032320834,4.926741414
3800,1070,154.5744685,13.10631379,0.311415149,0,12.43970954,11.9926622
3801,1897,29.63409223,4.010487645,0.298603855,0,3.821686179,3.347700983
3801,1038,56.58015827,7.603547616,0.315004134,0,7.208564715,6.355271557
3802,680,364.5988803,45.80447857,0.356827706,0,42.80821051,39.01332844
3802,3803,30.45414291,4.474788191,0.348700263,0,4.194301092,3.647976153
3803,4082,7.349388014,0.757007787,0.237655537,0,0.73347552,0.719375815
3803,3804,21.62483807,3.309031478,0.315289154,0,3.136849663,2.67239877
3804,870,74.69253087,11.42944678,0.315289154,0,10.83472808,9.230507392
3804,4082,21.14487838,3.106928747,0.348700263,0,2.912181332,2.532857757
3805,3750,53.81654796,8.228090445,0.33764986,0,7.742181098,6.779215093
3805,3446,85.41208308,10.01195759,0.315289154,0,9.490996382,8.085732434
3806,4044,94.39660675,6.370835105,0.090957973,0,6.32618099,6.287443178
3807,3935,164.0501646,20.8392856,0.30835249,0,19.79849781,16.91186395
3807,2858,150.4571093,18.62290559,0.347032492,0,17.46590703,15.19787924
3808,3929,85.28582654,7.553841344,0.309263361,0,7.174520346,6.138977821
3808,722,67.37322237,6.316509617,0.313981483,0,5.990346327,5.106181465
3809,3938,297.3792054,26.14813594,0.384684067,0,24.1820014,21.85922429
3810,3162,217.0278199,23.91502777,0.379007068,0,22.16568213,20.15487449
3811,3947,64.40795262,6.480804581,0.376577102,0,6.012362286,5.447795755
3811,403,60.02700862,5.084862632,0.358099086,0,4.750041021,4.506207231
3812,3853,40.27358957,3.802164666,0.366380042,0,3.540971356,3.360180294
3813,3934,55.43396806,6.402789849,0.309820555,0,6.080201631,5.191027587
3814,3961,51.09160375,5.728726491,0.347032492,0,5.372813806,4.675129397
3815,3814,82.36122913,9.234882457,0.347032492,0,8.661140315,7.536451691
3816,440,120.7969915,15.88958437,0.373635611,0,14.75763383,13.34726691
3817,440,10.32834188,1.628463157,0.321223144,0,1.540761873,1.354250075
3817,3816,125.2423416,17.83990959,0.334240653,0,16.80596449,14.66747166
3818,3756,77.80466465,7.428086037,0.181915947,0,7.283392479,7.248099823
3819,1277,109.2059303,9.947475841,0.336698233,0,9.363087181,8.885183544
3819,718,295.8432623,29.66520869,0.380313441,0,27.48136295,25.72449334
3819,3818,220.8199428,21.31605563,0.205690482,0,20.80299591,20.74119106
3820,1277,91.64325519,10.00612799,0.304898749,0,9.516643989,9.338970827
3821,3820,37.54733664,3.604748417,0.194086352,0,3.526304688,3.512285281
3822,1001,25.70281981,2.279454895,0.25635719,0,2.198230815,2.174519461
3822,2237,12.01159479,1.011715834,0.217860888,0,0.984776568,0.983077344
3823,4043,7.856012584,0.762822021,0.217860888,0,0.742510126,0.741228931
3824,2205,69.84412426,9.839032919,0.365278927,0,9.166890785,8.44771541
3825,3014,222.7181113,16.15881681,0.304898749,0,15.36835298,15.08143
3826,329,223.1088714,15.81068666,0.277498458,0,15.15993229,14.86041949
3827,947,21.7342206,1.540202994,0.277498458,0,1.476809553,1.44763242
3828,946,67.84684286,4.807989778,0.277498458,0,4.610097022,4.519015939
3829,3007,35.49201403,2.575044076,0.304898749,0,2.449076981,2.403353378
3830,3010,218.3070926,15.83878518,0.304898749,0,15.06397678,14.78273642
3831,3201,15.45229907,1.483504706,0.194086352,0,1.451221832,1.445452259
3831,3200,30.15399795,3.52511639,0.34516686,0,3.30828357,3.217536125
3832,3825,39.42163742,2.860149154,0.304898749,0,2.720235168,2.669449115
3833,2939,120.2377742,12.3023945,0.392436845,0,11.34250248,10.60227167
3834,3291,167.0133664,14.01482954,0.298463453,0,13.35562437,12.85863236
3834,3159,34.55102246,2.962812135,0.34516686,0,2.780567114,2.704295127
3835,3279,228.3327122,26.38504318,0.367537554,0,24.56187107,21.93732958
3836,932,45.81979172,3.781138176,0.312365075,0,3.587741936,3.492936051
3836,2267,185.4521371,15.01256414,0.318559354,0,14.21638976,13.97265304
3837,931,164.8126881,18.35191363,0.34364713,0,17.23225471,15.42061812
3838,3149,194.3756309,22.17189735,0.309891017,0,21.0543548,20.26327238
3838,910,30.77084696,3.889140239,0.310264167,0,3.692678602,3.160561114
3839,105,95.67314205,6.173046722,0.217860888,0,6.008675125,5.998307204
3840,3839,96.60817422,6.233377104,0.217860888,0,6.067399072,6.056929823
3841,502,9.099955318,1.249997104,0.392436845,0,1.152466315,1.077254422
3841,2698,37.67540051,3.977740343,0.284617001,0,3.806257105,3.733233084
3842,3635,27.77655447,2.75295473,0.322692881,0,2.603438847,2.529803167
3843,1169,145.4130124,13.77227357,0.304898749,0,13.09855567,12.85400918
3844,2212,4.476463786,0.446657771,0.219460094,0,0.434609688,0.429124738
3845,2698,511.9302315,48.1720582,0.315289154,0,45.6654781,38.90411739
3846,2078,86.07368569,8.217537415,0.181915947,0,8.057465935,8.018422402
3847,3062,239.3018083,12.73676139,0.219460094,0,12.3932018,12.23679458
3848,3525,129.0068844,15.63876344,0.340844781,0,14.69898435,12.83675054
3848,515,87.54516443,11.2415727,0.311641311,0,10.66904611,9.096731712
3849,1844,120.296994,8.568217403,0.217860888,0,8.340068867,8.325678144
3849,2043,28.13736721,2.370825064,0.329423924,0,2.237057705,2.175799122
3850,3851,58.58899424,4.370081225,0.247909647,0,4.223512374,4.175011923
3851,464,11.12353923,1.045803179,0.181915947,0,1.025431715,1.020462848
3851,4045,104.0409752,7.286019939,0.181915947,0,7.144093722,7.109476057
3852,2804,128.7964209,11.48428443,0.264495114,0,11.05118717,10.93951895
3853,3866,24.61518494,1.690474767,0.13643696,0,1.669810095,1.658855601
3853,3360,36.12135711,4.202971526,0.366788728,0,3.913647275,3.760156753
3854,152,457.7753512,44.60275017,0.28123359,0,42.7215187,42.36913932
3855,787,29.57632026,4.261133545,0.381988211,0,3.944879059,3.63538966
3855,3856,47.42227419,5.403934852,0.265185783,0,5.199172202,4.960698489
3856,459,63.0809123,6.235374117,0.265185783,0,5.999107071,5.72394224
3856,794,35.81130967,4.475463628,0.381988211,0,4.143301907,3.81824555
3857,937,75.98855465,5.384954975,0.277498458,0,5.163314823,5.061303889
3859,1265,88.49034876,10.05904939,0.31696482,0,9.530495309,9.25701929
3860,1592,136.7006592,12.38469008,0.362363971,0,11.5511125,11.09561697
3860,799,67.95408942,7.68930844,0.384684067,0,7.111132813,6.428080313
3861,151,216.4210618,15.33675273,0.277498458,0,14.70550508,14.41497034
3862,4031,93.67399007,14.30665908,0.25957178,0,13.78522226,11.58160858
3862,4032,55.74026146,8.266303197,0.306091176,0,7.859012745,6.731311677
3863,2530,254.4992706,14.86181009,0.228690641,0,14.4305031,14.1433339
3864,618,73.25264582,10.78967526,0.360847242,0,10.06907569,9.142765123
3864,512,55.81735131,7.141042401,0.339569108,0,6.714883259,6.051799445
3865,3864,30.61211861,4.514908488,0.339569108,0,4.2454703,3.826237004
3866,3867,16.32400368,1.12106882,0.13643696,0,1.10736467,1.1001
3866,3360,27.72023055,2.705676414,0.3920267,0,2.49497522,2.29482905
3867,2800,13.08735587,1.404992264,0.369996446,0,1.306701977,1.159518122
3867,464,126.3922908,8.680128906,0.13643696,0,8.57402143,8.517773077
3868,2206,57.35402667,7.889631426,0.381515423,0,7.305418253,6.826081979
3868,2207,32.30247672,5.509356913,0.300617042,0,5.246769537,4.488775041
3869,2207,41.59842018,5.106547763,0.291714491,0,4.876234187,4.18140197
3869,969,36.72800873,4.62941161,0.304274081,0,4.403801272,3.764481745
3869,3868,34.86946755,4.540161273,0.373494004,0,4.216954047,3.997525871
3870,3871,48.59232225,2.474640741,0.181915947,0,2.42643659,2.414678966
3871,2931,287.9108043,14.66231234,0.181915947,0,14.37670147,14.30703723
3872,2461,42.94814697,2.898574131,0.090957973,0,2.878257602,2.860632845
3873,3178,363.0546726,36.84326897,0.264685055,0,35.45201501,29.74278144
3874,3241,72.58843134,7.257370196,0.277498458,0,6.958663031,6.821181637
3874,3480,125.9977973,8.701501769,0.28123359,0,8.334494379,8.265749072
3875,3135,280.8464404,30.1502519,0.369996446,0,28.04100404,24.88253091
3876,3045,28.10480377,2.245446978,0.339409673,0,2.111560831,2.028131546
3876,3875,38.63189653,3.702762756,0.25635719,0,3.570821782,3.532304889
3877,3353,74.94539115,5.146956765,0.13643696,0,5.084039429,5.050686486
3878,2995,17.32972719,1.015378942,0.264495114,0,0.977086801,0.967213695
3878,3617,194.8059683,22.50067458,0.309820555,0,21.36703555,18.24230144
3879,3740,31.83082173,2.110455237,0.219460094,0,2.053528116,2.027611761
3880,224,35.40405424,4.513329546,0.358099086,0,4.216141523,3.999714389
3881,2936,12.69781409,0.67583705,0.219460094,0,0.657607118,0.64930785
3882,963,27.60185752,1.405668179,0.181915947,0,1.378286815,1.371608141
3883,3884,47.69014169,3.635683321,0.28123359,0,3.482339372,3.453616035
3884,85,124.4307238,6.64965344,0.28123359,0,6.369187835,6.316652942
3885,2825,165.5559981,10.2763544,0.329546693,0,9.696139622,8.517799775
3885,156,164.841407,11.60484381,0.362363971,0,10.82375542,10.39694179
3886,3994,215.1208189,19.51291956,0.315289154,0,18.49758624,15.75878095
3886,197,526.6306304,39.41171131,0.369445468,0,36.66215591,33.89312422
3887,3889,123.9497497,7.219122551,0.304898749,0,6.86597446,6.737788579
3888,4058,288.6405874,16.81110111,0.304898749,0,15.98872855,15.69022333
3889,3888,95.55861641,5.565556723,0.304898749,0,5.293298465,5.194474018
3890,3887,274.2765002,15.97450316,0.304898749,0,15.19305566,14.90940543
3891,4060,360.3395773,17.99600549,0.13643696,0,17.77601904,17.65940261
3892,3092,127.8147376,6.383297492,0.13643696,0,6.305266901,6.263902311
3893,3104,75.74291453,4.411444023,0.304898749,0,4.195643138,4.117311618
3894,3893,52.79268929,3.07476937,0.304898749,0,2.924356501,2.869759559
3895,3894,330.0582999,19.2233653,0.304898749,0,18.28298858,17.94165014
3896,642,42.70758715,2.19115679,0.219460094,0,2.132052838,2.105145469
3896,2909,18.18254382,1.782488432,0.394788031,0,1.641862038,1.50990244
3897,1058,11.39014162,1.296405989,0.292359959,0,1.23769837,1.19113565
3897,1749,98.71784509,14.43738275,0.389218599,0,13.32796886,12.26071498
3897,3667,116.8536621,14.76918332,0.310264167,0,14.0231115,12.00237163
3898,3899,84.01148291,10.75144225,0.311247706,0,10.20515158,8.708185854
3898,1650,47.39308956,5.941322465,0.37641875,0,5.5122094,5.300818213
3899,956,12.20345161,1.24765954,0.25635719,0,1.203201543,1.190223134
3899,2211,79.45949808,8.474054131,0.277498458,0,8.125269295,7.964739413
3899,3684,125.0482605,16.00315939,0.311247706,0,15.19002414,12.96184111
3900,3901,267.147512,9.97295473,0.194086352,0,9.755931052,9.717144736
3901,131,649.8810436,35.56336084,0.194086352,0,34.78945867,34.65114742
3902,2575,1286.171168,48.01439751,0.194086352,0,46.96954557,46.78281037
3903,131,333.2575382,13.27605167,0.228690641,0,12.89076523,12.63423705
3904,3409,18.54354911,1.305880188,0.194086352,0,1.27746264,1.272383876
3905,2959,248.783904,17.51994559,0.194086352,0,17.13869017,17.07055247
3906,3937,41.83545535,4.033320063,0.381389999,0,3.734841848,3.541717298
3907,2848,99.20409098,9.5641806,0.381389999,0,8.856401523,8.398446774
3908,3909,74.45656285,6.140220174,0.366987619,0,5.717114707,5.493724822
3909,3456,205.7758838,16.96974967,0.366987619,0,15.8004115,15.18302803
3910,3911,152.8202266,5.704972472,0.194086352,0,5.580825301,5.558637808
3911,2581,349.2713608,13.03874194,0.194086352,0,12.75500299,12.70429337
3912,3597,152.2275611,7.795829398,0.194086352,0,7.626182627,7.595863478
3913,3914,253.6500631,24.45418318,0.381389999,0,22.64449765,21.47357566
3914,3906,9.420126146,0.908186213,0.381389999,0,0.840977612,0.797491588
3915,3655,13.34428007,1.286510499,0.381389999,0,1.191304725,1.129703673
3916,83,207.0609634,25.47969818,0.297391097,0,24.2891295,20.85241833
3916,1569,229.0410913,26.59942865,0.359292551,0,24.83711316,22.07729677
3917,83,111.9045332,11.04529775,0.370817655,0,10.26941053,9.625048456
3918,2830,104.0386696,7.760116767,0.247909647,0,7.499848973,7.413724908
3919,2006,79.39805702,7.041417676,0.25635719,0,6.790510024,6.717263763
3920,3919,93.08137033,8.254922487,0.25635719,0,7.960773878,7.874904492
3921,1680,73.43849453,6.081796417,0.181915947,0,5.963327573,5.934431469
3922,832,14.54756286,2.149300343,0.304440567,0,2.044450567,1.75193343
3922,3772,171.2037583,25.51901337,0.304274081,0,24.2753665,20.75120298
3922,3923,92.59221585,11.3800357,0.357854949,0,10.63164364,10.21000992
3923,3922,92.59221585,11.07794291,0.341431426,0,10.41011511,10.02770994
3924,2712,93.98629467,7.919186661,0.329423924,0,7.472368082,7.26774811
3925,3476,21.46890313,3.251695356,0.369996446,0,3.024213626,2.683573275
3925,425,77.62080897,9.065322713,0.313981483,0,8.597219969,7.32828502
3926,3150,36.63614335,5.021748235,0.388172704,0,4.637780915,4.264436088
3926,2670,220.0593738,25.70070147,0.313981483,0,24.37360377,20.77610159
3927,694,254.6087171,24.44382084,0.194086352,0,23.91189344,23.81682776
3928,3516,152.9652367,16.67982933,0.346121895,0,15.648578,13.71863095
3929,3690,444.5879308,57.31772549,0.313981483,0,54.35803112,46.33487879
3930,3151,209.1741748,24.79584167,0.379497414,0,22.97771409,21.50177104
3931,45,236.9995999,15.90003315,0.306842925,0,15.11307375,12.9161374
3932,1403,40.71914469,4.617510897,0.318048946,0,4.37334991,3.86137927
3932,1897,34.01501298,4.116247012,0.292487541,0,3.929693866,3.38388943
3932,3801,39.18228347,3.493719551,0.181915947,0,3.425664508,3.40906499
3933,3948,40.25268246,4.038375742,0.22913232,0,3.920773685,3.874226038
3933,694,125.6019253,12.98369506,0.273669529,0,12.46268178,12.35177113
3934,3979,81.4166904,9.403872337,0.309820555,0,8.930082242,7.624139146
3935,3807,164.0501646,20.30539295,0.347032492,0,19.04386529,16.57093241
3935,1611,211.8623798,26.91286931,0.30835249,0,25.56874523,21.84080554
3936,2563,212.9301521,23.82655304,0.29922208,0,22.70059964,19.47986826
3937,3944,107.508867,10.36483687,0.381389999,0,9.597806742,9.101514748
3938,155,853.8568224,53.40843863,0.367094561,0,49.7262242,44.12825105
3939,3065,375.7782865,15.9796974,0.280392784,0,15.30939463,14.88538667
3940,2613,104.9945631,8.955898579,0.338860041,0,8.42349644,8.185249683
3940,2614,16.76020089,1.429623162,0.338860041,0,1.344636221,1.306605075
3941,2869,25.63316694,2.186475533,0.338860041,0,2.056495918,1.998330822
3941,51,20.9232291,1.57763555,0.264495114,0,1.518139494,1.502799247
3942,439,176.3037272,26.27981598,0.303861468,0,25.00228623,21.36935817
3943,3817,11.59611889,1.642888707,0.334967259,0,1.547288907,1.352886695
3944,3907,26.68837316,2.573002971,0.381389999,0,2.382592758,2.259391515
3945,3575,33.64599124,3.723780622,0.344553962,0,3.495480091,3.050063656
3945,3594,27.55831054,2.755276165,0.286378847,0,2.63514409,2.592878984
3946,3519,17.42441697,1.938716768,0.343580304,0,1.820477311,1.585498435
3946,2684,121.6538495,13.1992786,0.333692237,0,12.43660924,10.86930742
3947,3618,74.61623497,7.507974058,0.376577102,0,6.96528641,6.311239398
3948,1080,156.7353608,16.71523183,0.277498458,0,16.02724715,15.71059893
3949,2062,146.0692226,18.83172039,0.313981483,0,17.85931375,15.22330962
3950,3047,32.70868527,3.145196563,0.384951789,0,2.908397327,2.679892133
3951,2888,44.51048069,4.990807709,0.347032492,0,4.680740232,4.072924737
3952,398,28.35909231,3.312054165,0.313981483,0,3.141030839,2.677420065
3953,123,32.69899973,2.302740196,0.194086352,0,2.252629757,2.243674055
3953,115,31.17234754,2.762715265,0.3445097,0,2.593376774,2.49200549
3954,116,176.0193976,16.80474089,0.181915947,0,16.47739711,16.39755367
3955,3318,11.2774224,0.657198192,0.25635719,0,0.633780172,0.626943863
3956,3498,32.94712187,2.8103463,0.338860041,0,2.643279381,2.568517939
3957,3958,7.339296871,0.602341539,0.362363971,0,0.561799676,0.539646205
3958,2893,162.5918123,14.1341348,0.377369593,0,13.10850972,12.42767643
3959,3697,79.704807,8.952783222,0.30100678,0,8.525057154,7.312178647
3960,569,221.4809851,34.91313773,0.355846682,0,32.64093682,29.01025937
3960,3959,19.68509438,2.198223673,0.298992838,0,2.094490123,2.033991215
3961,3000,124.7948149,13.99281506,0.347032492,0,13.12347344,11.41933048
3962,1805,92.54316266,8.884646661,0.194086352,0,8.691305897,8.656752174
3963,1781,67.42570916,4.748276463,0.194086352,0,4.644948167,4.626481408
3964,1262,99.17540839,16.68320285,0.303578843,0,15.87357676,13.64522657
3965,3966,44.80521016,4.301543728,0.194086352,0,4.207936882,4.191207533
3966,1812,48.83849425,5.650470547,0.333528409,0,5.324276247,5.171729265
3966,1004,87.06195742,8.237195785,0.123954823,0,8.149979294,8.047864223
3967,3210,19.40743856,2.364588205,0.338705537,0,2.22413886,1.93788854
3967,2334,33.97843734,3.476579165,0.392436845,0,3.205319729,2.996135165
3968,2137,216.652475,17.17035306,0.291714491,0,16.39594232,16.07241094
3969,3753,19.03835791,1.893580325,0.219460094,0,1.842503158,1.811202772
3969,2624,82.88807889,10.68620136,0.313981483,0,10.1344019,8.638581534
3970,2625,217.5226588,38.09095571,0.312634504,0,36.139595,30.82202423
3971,1611,6.719972617,0.781554325,0.308714371,0,0.742436312,0.649719769
3971,3935,212.9644082,26.35977844,0.347032492,0,24.72210565,21.51182733
3972,991,8.116119177,0.943844398,0.355255101,0,0.882606577,0.858987894
3972,3971,403.6900239,51.42527499,0.336551514,0,48.4066067,43.63377641
3973,2347,150.5732768,25.51691678,0.255295329,0,24.6144778,20.77773228
3973,337,25.08567543,3.851100004,0.356758184,0,3.599273895,3.211337906
3974,337,13.58852544,1.574842499,0.310250074,0,1.495295292,1.2756067
3974,3973,25.34274668,4.326348518,0.25905843,0,4.169230631,3.516293996
3975,3752,48.39369998,4.646058256,0.194086352,0,4.544954353,4.526885136
3975,4072,32.30552551,3.320780214,0.264495114,0,3.195546393,3.163256561
3976,1929,175.8991834,13.50820316,0.302655397,0,12.85632208,12.34825349
3977,2263,114.7091921,11.01270598,0.194086352,0,10.77305605,10.73022598
3978,2199,28.13642401,2.701249649,0.194086352,0,2.642467157,2.631961592
3979,3509,137.7227411,15.90739036,0.309820555,0,15.10593711,12.89683156
3980,2968,7.168035322,0.650987842,0.356036839,0,0.6085786,0.564459482
3981,641,384.18753,29.50373678,0.302655397,0,28.07994061,26.97025034
3982,401,12.53895252,1.001805716,0.339409673,0,0.942072438,0.904850479
3982,3983,60.92903483,4.602288171,0.31696482,0,4.360460328,4.235337625
3983,3993,17.2872278,1.312495143,0.322692881,0,1.241212143,1.206105692
3984,3986,17.44662726,1.393906778,0.339409673,0,1.310794235,1.259003813
3985,3984,85.13888384,6.802212569,0.339409673,0,6.39662649,6.143891183
3985,402,106.5183232,8.595035789,0.349103416,0,8.055130874,7.741229675
3986,3982,61.72294745,4.931384933,0.339409673,0,4.637348094,4.454123141
3987,3568,255.5425505,32.81392157,0.311641311,0,31.14272811,26.55317444
3987,3682,31.64982035,3.684824662,0.363764038,0,3.435031239,3.056691768
3988,2683,58.35784287,6.265002542,0.369996446,0,5.826716214,5.170408524
3989,2683,27.80739193,2.650852251,0.247909647,0,2.561944895,2.532524955
3989,408,61.83851782,4.802594602,0.344078326,0,4.508905178,4.382977746
3990,3514,94.37701135,10.58217095,0.347032492,0,9.924724854,8.635954007
3991,407,38.66022708,3.002487842,0.344078326,0,2.818878981,2.740151623
3992,3988,117.7964717,12.64603279,0.369996446,0,11.76134309,10.4365729
3993,3985,85.11949641,6.46251249,0.322692881,0,6.111526602,5.938668147
3994,180,10.38212953,0.575501675,0.292776377,0,0.549371976,0.539425686
3994,3686,35.46210781,3.216654068,0.315289154,0,3.049279009,2.597794077
3995,2864,16.69128794,1.949373031,0.313981483,0,1.848713971,1.575846954
3996,1299,13.63252039,1.791218756,0.302246092,0,1.704992754,1.506499977
3996,1300,47.30288223,6.572738222,0.33271344,0,6.195015065,5.441596687
3997,3675,90.95608275,11.1571199,0.359480316,0,10.41720149,10.02142056
3998,3999,12.54418848,1.038844832,0.181915947,0,1.018608912,1.013673106
3999,3947,97.70225098,8.091195275,0.181915947,0,7.933584845,7.895141595
4000,3998,11.23108779,0.930100622,0.181915947,0,0.911982958,0.907563822
4001,4003,10.57609589,1.749053285,0.315289154,0,1.65804322,1.41254862
4001,420,11.13532886,1.768311518,0.348700263,0,1.657470838,1.441578456
4002,4067,11.44675867,1.482938959,0.384872203,0,1.371332495,1.281326859
4002,2632,11.24240327,1.52754941,0.382398884,0,1.413951129,1.300492433
4003,3805,78.001622,9.143307401,0.315289154,0,8.667545451,7.384203993
4004,4001,9.891746623,1.609819221,0.31325905,0,1.527045864,1.305667041
4004,2632,12.94557926,1.511912273,0.313981483,0,1.433842213,1.222209557
4005,2390,15.42827276,2.163505073,0.343624478,0,2.03152471,1.860910372
4005,1043,69.35968077,9.073799251,0.377369593,0,8.415370828,7.978291044
4006,3661,22.98674684,2.916342993,0.353841102,0,2.728519587,2.588034941
4006,4007,13.00404587,1.764406812,0.371092003,0,1.640294408,1.532669651
4007,1899,145.3044279,21.17418851,0.293588685,0,20.20790811,17.32069074
4007,1900,8.641932324,1.249048127,0.30427754,0,1.188175582,1.024046148
4008,2445,237.5040896,37.90924188,0.363699202,0,35.34023173,31.39263007
4008,4009,9.020943924,1.585508635,0.313981483,0,1.503638307,1.281703867
4009,2083,74.12675482,8.663699264,0.344078326,0,8.133894636,7.906726304
4009,4010,9.731358529,1.710370124,0.313981483,0,1.622052369,1.382640217
4010,4011,7.787853045,1.319189017,0.348700263,0,1.236500075,1.075440864
4010,422,154.9466571,27.23321028,0.313981483,0,25.82697899,22.01496111
4011,4008,9.450823289,1.582476532,0.343580304,0,1.485963638,1.294162255
4011,1952,74.11814397,12.55491609,0.348700263,0,11.76795326,10.23512903
4012,195,155.4469719,9.053594243,0.304898749,0,8.610706689,8.449947131
4013,4012,14.87018333,0.866074164,0.304898749,0,0.823707182,0.808328792
4014,4015,15.25011591,0.833409449,0.228690641,0,0.809222939,0.79311928
4015,2943,56.55363814,3.090621519,0.228690641,0,3.000928093,2.941209169
4016,4025,63.81529489,5.17819627,0.322931863,0,4.896578259,4.649025551
4017,3472,69.22680646,7.746372035,0.29922208,0,7.380307589,6.333199204
4018,32,97.26006372,10.5972156,0.336969224,0,9.973729271,8.717200695
4019,2542,3.00799577,0.203310082,0.309820555,0,0.193066823,0.164832561
4020,752,56.49777427,5.28959325,0.13643696,0,5.224932299,5.190655053
4021,726,72.11961625,7.899975047,0.295944888,0,7.534130522,6.67151898
4021,3647,43.16033635,5.03093463,0.28913891,0,4.807692132,4.178507772
4022,2703,59.79734935,5.011646826,0.322692881,0,4.739458987,4.605408101
4023,226,38.5679907,4.843151902,0.302674278,0,4.609403459,3.942175135
4023,225,226.284365,28.38649759,0.30710232,0,26.97934286,23.11443197
4024,3712,321.7122752,27.38283672,0.362277829,0,25.54058914,24.23317965
4025,3706,74.91839088,6.079140321,0.322931863,0,5.748524152,5.457900243
4025,4024,64.66009738,5.503603764,0.362277829,0,5.133335307,4.870562538
4026,2386,10.47952823,1.573739891,0.30734546,0,1.495613833,1.277202196
4026,3644,82.24491865,10.36662739,0.304274081,0,9.861418844,8.429792565
4026,2208,218.7301926,32.72517505,0.305830924,0,31.11529026,26.58485715
4027,3560,91.11507634,11.4846736,0.304274081,0,10.92497805,9.338950123
4028,1558,61.8035662,8.790611829,0.336969224,0,8.273416884,7.231100168
4028,2133,18.73006258,2.802350765,0.305418802,0,2.664833488,2.276485163
4029,2133,21.30345371,2.308712661,0.299463044,0,2.199450009,2.160822448
4029,1604,85.00721782,8.690989215,0.25635719,0,8.38130219,8.290896749
4030,3112,407.2920277,62.20497473,0.25957178,0,59.93778126,50.35652735
4030,4031,24.33922979,3.595950431,0.304440567,0,3.420528416,2.931123978
4031,3862,93.67399007,13.83967479,0.304440567,0,13.16453099,11.28096825
4031,4030,23.98366925,3.662982426,0.25957178,0,3.52947719,2.965278509
4032,1888,210.1964365,31.17221608,0.306091176,0,29.63632444,25.38376553
4032,3862,56.45469967,8.591034083,0.258163336,0,8.280989511,6.961048288
4033,4052,52.74954936,3.497414036,0.219460094,0,3.403075286,3.3601271
4034,4033,84.74384376,5.61870788,0.219460094,0,5.46714965,5.398152011
4035,3706,81.49052745,8.376651575,0.264495114,0,8.060749886,7.979298944
4036,3241,15.05679338,1.784856402,0.379497414,0,1.653983786,1.547742327
4036,3151,66.05223229,7.115023546,0.336698233,0,6.697034184,6.355209215
4037,4035,80.02612533,8.226121363,0.264495114,0,7.915896495,7.835909244
4038,4037,73.10010743,7.514175564,0.264495114,0,7.230799715,7.157735117
4039,2110,110.5266219,10.61115651,0.194086352,0,10.38024478,10.3389764
4040,3473,164.4778711,15.79076969,0.194086352,0,15.44714326,15.38573059
4041,17,44.2134872,2.988384429,0.309820555,0,2.83782231,2.422816675
4042,1363,20.1374316,2.46284914,0.353258434,0,2.304715869,2.212768373
4042,2622,222.8532178,27.51203333,0.37641875,0,25.52497186,24.54609866
4042,804,44.70105591,4.291544353,0.194086352,0,4.198155106,4.181464646
4044,3032,174.3647412,11.76789138,0.090957973,0,11.6854085,11.61385393
4046,2801,172.1268157,18.47866345,0.369996446,0,17.18593524,15.25015168
4047,2803,23.53007282,2.296689522,0.3920267,0,2.117837674,1.947945366
4048,732,49.26137174,8.172923221,0.342719825,0,7.676776746,6.701400506
4048,731,42.53787153,6.450529289,0.373635611,0,5.991003105,5.418451116
4049,235,32.36981503,4.624415798,0.38318077,0,4.279210405,3.956586218
4050,235,22.26750946,2.803881749,0.308704428,0,2.66355142,2.280867242
4050,236,165.2305819,20.98260872,0.30734546,0,19.94095722,17.02888392
4051,1292,34.58977596,3.320806515,0.194086352,0,3.248541709,3.235626594
4052,4053,17.35845226,1.150904516,0.219460094,0,1.119860181,1.105727093
4053,4054,16.08939467,0.856352831,0.219460094,0,0.833253691,0.822737692
4054,35,67.04696098,3.568552826,0.219460094,0,3.472295188,3.428473419
4055,4056,14.85748729,0.790784958,0.219460094,0,0.769454437,0.759743611
4056,3847,53.94371418,2.871136751,0.219460094,0,2.793691115,2.758433604
4057,3105,274.212965,13.69468783,0.13643696,0,13.52728147,13.43853813
4058,4059,17.29672758,1.007401761,0.304898749,0,0.958121255,0.940233392
4059,19,71.84287035,4.184296353,0.304898749,0,3.979607173,3.905308987
4060,4057,17.48578229,0.873271364,0.13643696,0,0.862596336,0.856937425
4061,4062,7.622444263,0.380678553,0.13643696,0,0.376025069,0.373558223
4062,2901,518.2277479,25.88122422,0.13643696,0,25.56484742,25.39713376
4063,4064,7.321056583,0.426395413,0.304898749,0,0.405536822,0.397965559
4064,2847,36.78375897,2.142371925,0.304898749,0,2.037570469,1.999529581
4065,3137,53.44069883,5.737122853,0.369996446,0,5.335765872,4.734757681
4066,737,223.9013934,25.45176065,0.31696482,0,24.1143945,23.42243586
4066,731,46.2790506,5.773452903,0.372164059,0,5.365157887,5.158388155
4066,4048,38.21527917,5.000355553,0.353969028,0,4.678098253,4.394501635
4067,2633,339.0598382,39.45319622,0.312634504,0,37.43204933,31.92430716
4068,4002,10.18429441,1.313379386,0.381515423,0,1.216125979,1.136331328
4068,420,13.40555368,1.571391659,0.315289154,0,1.489626022,1.269067751
4069,1616,99.38275754,9.804742039,0.20837684,0,9.563332163,9.459014593
4069,833,94.13830878,14.94160733,0.363764038,0,13.92871918,12.39458925
4069,3427,398.5686836,63.34236644,0.360351474,0,59.12274376,52.51281456
4070,4071,47.23647576,4.534958441,0.194086352,0,4.436272205,4.418635072
4071,2543,89.57746598,9.067713126,0.264495114,0,8.725750008,8.637579482
4071,3760,51.45516641,5.503642762,0.298397178,0,5.244877627,5.144206657
4072,3975,32.30552551,3.101506056,0.194086352,0,3.034013495,3.021951273
4073,4075,68.009072,4.341352397,0.3678314,0,4.040925978,3.884378376
4073,3369,47.71052376,3.634326317,0.375906558,0,3.372498079,3.108590798
4074,2677,404.7429563,30.18928072,0.247909647,0,29.17675762,28.84170808
4075,3370,34.86084275,3.361964897,0.382201985,0,3.11218638,2.952243687
4076,2595,90.27784044,6.234654931,0.28123359,0,5.971692916,5.922436676
4077,2748,60.26831658,7.9648391,0.368519193,0,7.411751831,6.829775478
4077,48,235.98326,29.97694371,0.30835249,0,28.4797889,24.32741715
4078,4079,33.60197937,3.184831276,0.158478818,0,3.135504045,3.094219226
4079,1516,68.5216754,7.90249608,0.312761722,0,7.497355562,6.907203898
4079,1514,12.15110748,1.186057668,0.313550418,0,1.12496858,1.095813138
4079,4078,33.60197937,3.676121972,0.292630292,0,3.509366556,3.406355721
4080,1029,99.96984607,9.359657612,0.13643696,0,9.245243453,9.184591666
4081,3159,372.7480657,42.8321607,0.336119777,0,40.32387133,35.69745078
4082,3803,7.349388014,1.230253324,0.342327674,0,1.155727491,1.006116049
4082,3802,30.81964742,4.528493702,0.348700263,0,4.244640252,3.691758431
4083,1319,94.10485994,9.474605539,0.25635719,0,9.136995822,9.038439045
3057,0,811.8680089,53.22526523,0.310792966,0,50.52811748,43.5024842
2596,1,302.3705313,30.05999369,0.310250074,0,28.54162692,24.34829475
3336,1,752.9087789,46.0897307,0.359255898,0,43.0366841,38.32095258
3463,2,121.237271,13.56626217,0.29922208,0,12.92517158,11.09136515
1348,3,14.36982408,1.607960978,0.29922208,0,1.531974782,1.314620204
2573,4,59.00546859,3.621118607,0.331837826,0,3.414030956,3.011260606
4,5,842.8680448,47.46455245,0.357099119,0,44.35531543,40.42940314
2520,6,902.8083695,38.3299289,0.304898749,0,36.45488922,35.77428633
2527,7,612.3060364,24.34214471,0.25635719,0,23.47475824,23.2215463
2667,8,609.2651384,31.37242534,0.205690482,0,30.61731716,30.52635437
3375,9,207.1395888,10.9474044,0.264681891,0,10.5340239,10.42915969
3123,10,287.8996015,22.19718618,0.325239491,0,20.97400486,20.26425424
1450,11,195.2615128,19.06353329,0.246115344,0,18.43247593,18.04328622
2539,12,94.09401367,5.853847558,0.13643696,0,5.782289059,5.744355373
10,13,17.73932739,1.367709961,0.325239491,0,1.292341972,1.248609718
43,13,140.1966346,8.722018493,0.13643696,0,8.615398951,8.558879148
3782,14,134.3022256,14.6332378,0.336969224,0,13.77229242,12.03720632
3,15,22.2425064,2.737031358,0.297391097,0,2.609140369,2.239968561
16,15,176.2514067,15.00180087,0.362277829,0,13.99251788,13.27624816
2844,16,168.7794976,17.22828629,0.3822636,0,15.94792143,14.41982537
4019,17,222.5444849,15.04175571,0.309820555,0,14.28391526,12.1950229
2836,18,214.1808374,12.47439157,0.304898749,0,11.86416401,11.64266329
20,19,68.56170713,3.993193753,0.304898749,0,3.797853011,3.726948126
3895,20,267.0805951,15.55539686,0.304898749,0,14.79445137,14.51824298
4063,21,86.9021125,5.061381743,0.304898749,0,4.813786929,4.723914833
2650,22,83.56143499,4.866812892,0.304898749,0,4.62873608,4.542318833
24,23,17.44030793,1.125287969,0.217860888,0,1.095324583,1.093434609
2571,23,352.8930319,22.51268954,0.194086352,0,22.02278591,21.93523069
13,24,17.1956148,1.228986008,0.276103309,0,1.178865504,1.150090427
3840,24,511.7234601,33.0175508,0.217860888,0,32.13838241,32.08292789
2525,25,389.9413971,16.55548014,0.304898749,0,15.74561215,15.45164585
2651,26,722.559967,28.72527499,0.25635719,0,27.70170394,27.40289778
58,27,140.628584,7.02324399,0.13643696,0,6.937390576,6.89187905
30,28,21.65750617,1.743668571,0.311230557,0,1.655080164,1.62502547
3049,28,206.1928693,12.82782589,0.13643696,0,12.67101621,12.58789024
2793,29,114.7885917,12.10648674,0.363764038,0,11.28579077,10.04275692
492,30,153.7231007,12.40695263,0.350192089,0,11.62309235,11.17577637
4061,31,551.4479183,27.54029918,0.13643696,0,27.20364155,27.02517687
14,32,188.8053654,20.5717649,0.336969224,0,19.36142675,16.92220013
2578,33,1059.073725,72.64643309,0.315289154,0,68.8663558,58.66980708
3388,34,87.57969207,11.02786554,0.308704428,0,10.47593641,8.970812431
3390,34,191.3883146,14.63674561,0.364959779,0,13.6384716,12.75950752
3798,35,702.9274663,37.41308718,0.219460094,0,36.40391188,35.94447979
3642,36,138.7330118,8.412286639,0.31696482,0,7.97026192,7.741556546
964,37,20.94585036,1.224299383,0.31696482,0,1.15996841,1.126683304
355,38,74.4122279,3.960566777,0.219460094,0,3.853735011,3.805099317
71,39,471.6481435,47.07698047,0.312634504,0,44.66527491,38.09323778
3931,39,655.7895104,44.48921891,0.311247706,0,42.22868079,36.03427129
2565,40,17.23540524,2.228712603,0.255131673,0,2.149982724,1.80360013
3303,40,173.5536589,18.90997674,0.336969224,0,17.79740977,15.55522399
40,41,94.14958868,12.17449616,0.255131673,0,11.74442877,9.852289983
3037,42,78.84028071,4.196248457,0.219460094,0,4.083059446,4.031529585
3785,43,133.4349246,8.301353904,0.13643696,0,8.199876642,8.146082799
2574,44,180.9414023,11.25686263,0.13643696,0,11.11925669,11.04631077
3329,45,354.0884558,34.82237581,0.306842925,0,33.09887023,28.28739955
2738,46,650.9610806,23.69860885,0.13643696,0,23.40891274,23.2553427
3385,47,305.2274014,16.28874264,0.13643696,0,16.08962609,15.98407294
2734,48,252.1825724,32.0347417,0.30835249,0,30.43481316,25.9973976
3116,49,32.50099913,4.128600569,0.30835249,0,3.922403624,3.350514624
3134,49,12.0810238,1.144828818,0.296498012,0,1.09163012,0.939221007
49,50,68.3035197,8.501344877,0.302746016,0,8.090859571,6.936519065
2608,51,15.61305679,0.825239224,0.264495114,0,0.794117664,0.786093395
3251,51,54.9156453,2.695222573,0.090957973,0,2.676331364,2.659943084
3261,52,25.83894377,1.640842551,0.336407183,0,1.544601331,1.487399968
3262,53,417.0864173,26.4861113,0.336407183,0,24.93260719,24.00927566
2602,54,80.36115879,7.149963094,0.341794708,0,6.71808236,5.853492634
2591,55,9.775329937,0.789336631,0.337590115,0,0.742737664,0.66358176
71,56,569.7350869,34.55233012,0.332740379,0,32.5663741,28.83003789
130,56,188.598512,16.58320232,0.384684067,0,15.3362757,13.86316562
8,57,614.568568,31.6455108,0.205690482,0,30.88382968,30.79207509
2568,58,192.8435579,9.630953538,0.13643696,0,9.513223008,9.450813188
3902,59,762.1981511,28.45382163,0.194086352,0,27.83463171,27.72397054
3101,60,444.9842759,16.6118262,0.194086352,0,16.25033257,16.18572668
62,61,241.1888427,22.69559845,0.315289154,0,21.51465793,18.32913642
3223,62,104.6643268,9.84879527,0.315289154,0,9.336324034,7.953961315
2700,63,102.4418121,11.96416397,0.313981483,0,11.34637482,9.671669322
2694,64,41.55008843,4.715411311,0.310451986,0,4.476944465,3.841261049
2629,65,111.2175321,13.03685818,0.315289154,0,12.3584996,10.52866496
2767,65,123.5821534,11.0046406,0.30835249,0,10.45502985,8.930679695
65,66,28.99237736,2.591297246,0.309820555,0,2.460741351,2.100880368
3656,66,223.5096241,24.09140178,0.37201497,0,22.38893752,19.85979492
3226,67,128.0736806,11.53203248,0.312634504,0,10.94125825,9.331364309
2666,68,100.980186,5.881321582,0.304898749,0,5.593616604,5.4891853
3559,69,78.74000955,6.339440878,0.311230557,0,6.017360765,5.908091172
2621,70,575.5622494,27.32967347,0.322931863,0,25.84333964,24.53679692
3272,71,529.1314036,36.0294634,0.312634504,0,34.18371084,29.15392836
2828,72,59.82230477,3.74821093,0.349376197,0,3.512422915,3.41604558
3233,73,83.8566713,4.622487407,0.272534373,0,4.438395939,4.3971737
3377,74,28.2407436,1.492533815,0.264681891,0,1.436174851,1.421878002
797,75,72.96281787,4.000315669,0.264681891,0,3.849261372,3.810942704
3915,76,211.4044589,20.38132102,0.381389999,0,18.87303994,17.89713588
3588,77,210.8887098,14.8512772,0.194086352,0,14.52809526,14.47033642
60,78,154.9585276,5.784797954,0.194086352,0,5.658913684,5.636415738
3333,79,692.0183857,25.83392217,0.194086352,0,25.27174446,25.17127247
44,80,113.762371,7.0774702,0.13643696,0,6.990953916,6.945090997
2653,81,105.2974908,13.20916259,0.30710232,0,12.55436763,10.75589861
3389,81,390.7939572,39.00661911,0.312634504,0,37.00834991,31.56295077
183,82,103.9923635,12.45875834,0.334967259,0,11.73378239,10.25954365
3390,82,377.2365942,31.4371101,0.388421281,0,29.03054719,26.69760666
3469,83,78.52832295,5.8573313,0.247909647,0,5.660881331,5.595874941
2118,83,151.4523185,15.69484595,0.37103945,0,14.59112441,13.46973662
15,83,91.59614087,11.27127965,0.297391097,0,10.74461594,9.224341546
107,84,95.66282859,6.068802219,0.181915947,0,5.950586492,5.921752127
106,84,135.266589,17.49134108,0.255131673,0,16.8734547,14.15498122
3610,85,559.8246432,51.45466181,0.310264167,0,48.85540684,41.81530961
2576,86,131.6639121,6.463483513,0.181915947,0,6.33757969,6.306870097
87,86,99.79758839,5.453876786,0.228690641,0,5.295598947,5.190215724
2835,87,17.03029586,1.1886644,0.353969028,0,1.112058692,1.044643245
2576,87,54.47888766,5.607904807,0.370530313,0,5.214537873,4.822961489
2523,88,536.0006204,22.75661853,0.304898749,0,21.64340064,21.23932422
3086,89,144.1269493,7.671110289,0.219460094,0,7.464190848,7.369989742
1784,90,259.841945,18.29867875,0.194086352,0,17.90047715,17.82931084
6,91,412.0520593,17.49421768,0.304898749,0,16.63842814,16.3277932
5,92,782.0228614,44.03816867,0.357099119,0,41.15338208,37.5108746
2820,93,414.2165693,34.87179292,0.331837826,0,32.87751478,28.99878951
95,94,16.03652362,1.462938451,0.30710232,0,1.390418734,1.191235064
2810,94,170.9162125,16.87763641,0.367646593,0,15.71077244,14.26696816
2807,95,19.88802033,2.009655387,0.379138176,0,1.862558075,1.687272292
2946,95,666.7955995,61.28658766,0.310264167,0,58.19066862,49.80535384
3277,96,119.7691339,10.60805848,0.309263361,0,10.075368,8.621128342
3296,96,84.63577294,6.906106864,0.379799854,0,6.398975982,5.78729879
3132,97,69.25028662,5.716840505,0.369930628,0,5.31703428,4.776935142
643,98,22.9694041,2.65303518,0.309820555,0,2.519368776,2.150934067
99,98,62.20229161,3.989453155,0.339409673,0,3.751579574,3.603351971
3285,99,353.9047267,25.2117249,0.361220839,0,23.52470243,22.00757944
2909,100,17.05127189,0.98790587,0.298397178,0,0.941457434,0.923386959
3176,100,29.2251578,2.528548596,0.373494004,0,2.348545039,2.226339071
2680,101,396.3703278,24.52083886,0.306531647,0,23.30946553,22.89070095
102,101,806.6190184,54.51928512,0.309820555,0,51.77247015,44.20121849
3332,102,2272.145172,153.5740264,0.309820555,0,145.8365912,124.5093196
104,103,474.4826869,26.53560783,0.197491644,0,25.94054234,25.63699118
3267,103,693.8621749,47.59499824,0.315289154,0,45.11844482,38.43807942
3270,104,466.3087123,24.22190935,0.368385072,0,22.54104739,21.15348397
2837,105,600.2206776,68.53512216,0.304274081,0,65.19512274,55.73045518
107,106,61.82728964,7.793070804,0.304274081,0,7.413282293,6.337062947
105,107,15.17145734,1.91229863,0.304274081,0,1.819104424,1.555016899
13,107,688.7951213,43.69681957,0.181915947,0,42.84563822,42.63802393
2856,108,775.5403958,30.89536826,0.228690641,0,29.99874879,29.40176913
25,109,954.9376735,40.54314777,0.304898749,0,38.55984091,37.83993914
2272,114,204.6340761,14.33058423,0.181915947,0,14.05143517,13.98334706
3954,115,33.09479917,3.159592252,0.181915947,0,3.098045759,3.083033762
118,117,97.87980789,9.344679237,0.181915947,0,9.162651877,9.118253017
4000,120,295.720337,24.49002934,0.181915947,0,24.0129819,23.89662377
122,121,247.408882,19.91914897,0.311230557,0,18.90714146,18.56380562
123,122,104.402815,8.405580301,0.311230557,0,7.978528405,7.833645859
3387,130,345.2931007,20.45520276,0.28123359,0,19.59245392,19.43084972
3268,130,1013.065892,83.69132729,0.382398884,0,77.46750838,71.25133703
3939,131,114.7365402,4.879087638,0.280392784,0,4.674423814,4.544961288
3271,132,224.0472338,17.94021109,0.332391013,0,16.91106663,15.41448248
147,133,117.0364566,8.037606753,0.13643696,0,7.939353585,7.887268858
2584,134,314.3819527,31.26397076,0.311247706,0,29.67541965,25.32241364
2637,134,147.7606227,17.19351037,0.312634504,0,16.31270442,13.91245726
1201,135,88.09052762,7.41971263,0.217860888,0,7.222145681,7.209683925
3029,136,12.27819713,1.216501111,0.309820555,0,1.155210809,0.986271762
200,138,853.6778709,36.30202847,0.280392784,0,34.77926181,33.81601773
3708,139,118.9357727,9.650864665,0.322931863,0,9.125999021,8.664622598
2706,140,47.82379598,4.591344375,0.194086352,0,4.491431112,4.473574686
142,141,89.18349519,13.12668797,0.367498149,0,12.21983115,11.07438223
1668,142,100.2800702,10.88574306,0.381891578,0,10.07819948,9.201429775
66,143,109.3943474,9.843541206,0.372239777,0,9.147149546,8.558152568
3621,143,70.97217913,6.437658751,0.315289154,0,6.102682254,5.199101744
74,144,20.1403475,1.064424865,0.264681891,0,1.024231549,1.014035518
3378,144,30.4108698,2.225785515,0.219460094,0,2.165747492,2.138414883
3386,145,526.6614905,44.86830509,0.367498149,0,41.76857965,37.85332307
3387,145,796.4945349,73.92449629,0.289340347,0,70.63998221,60.98954813
3878,146,48.27022087,5.596044853,0.311247706,0,5.311704668,4.532545261
2870,147,115.8481739,7.956000139,0.13643696,0,7.858744545,7.807188639
3938,148,267.1390545,13.30566557,0.362277829,0,12.41049425,11.7752075
3480,149,51.77672961,3.669175694,0.277498458,0,3.518155553,3.448647815
149,150,97.07429387,6.879203113,0.277498458,0,6.596060983,6.46574347
150,151,235.8616452,23.5813785,0.277498458,0,22.61078909,22.16407069
166,152,114.2511223,7.89026764,0.28123359,0,7.557476058,7.495139822
202,153,104.578424,6.54134299,0.367094561,0,6.090353818,5.404726913
3720,154,43.50840956,3.94173789,0.362363971,0,3.676430943,3.531458078
153,155,160.4928723,10.03877172,0.367094561,0,9.346654309,8.29444653
154,156,174.1608006,14.2935061,0.362363971,0,13.33145165,12.80575192
3264,157,57.598139,4.319530164,0.25635719,0,4.165611845,4.120679212
92,158,300.3246108,24.79116509,0.357099119,0,23.16718247,21.11664297
138,159,354.4105555,15.07105023,0.280392784,0,14.43886262,14.03896485
132,160,40.59516045,3.041219454,0.350651162,0,2.848611205,2.667780005
163,161,711.8087042,28.35647526,0.228690641,0,27.53353741,26.98561584
3394,162,368.7286462,21.48787115,0.25635719,0,20.72219135,20.49867014
146,162,171.3932293,19.79643289,0.309820555,0,18.79904017,16.04985197
3064,163,825.7764416,32.89663234,0.228690641,0,31.94193386,31.30628452
3556,164,88.79586416,7.11169194,0.304898749,0,6.763799185,6.637520889
3264,165,13.91895135,1.148980165,0.357099119,0,1.073714488,0.978679454
3265,165,152.6709478,11.4731617,0.228690641,0,11.14019722,10.91850561
3639,166,198.0411599,19.29588466,0.28123359,0,18.48203293,18.32958781
458,166,284.5802175,19.54385791,0.13643696,0,19.30495023,19.17830352
3345,167,38.0893646,2.979639997,0.277498458,0,2.857000558,2.800555172
185,168,124.6672423,7.260910993,0.304898749,0,6.905718677,6.776790783
148,169,267.6291156,13.33007454,0.362277829,0,12.43326105,11.79680887
2929,170,47.51163312,4.780676873,0.376577102,0,4.435122364,4.018660161
2596,172,123.4854103,14.47489215,0.315289154,0,13.72170705,11.69003204
3873,172,87.99223597,9.036426993,0.263722382,0,8.697451132,7.273050447
2862,173,492.8348316,49.19170373,0.312634504,0,46.67166306,39.80440649
3450,173,214.5397566,25.14823274,0.315289154,0,23.8396721,20.30990237
2826,174,318.0610527,25.80858648,0.322931863,0,24.40497749,23.17115299
175,176,51.31171581,5.57316768,0.298397178,0,5.311133687,5.209190988
2250,177,74.62432761,7.164341094,0.194086352,0,7.00843628,6.980573083
3555,178,37.81754758,2.557880213,0.345820072,0,2.39999126,2.31930606
1264,179,88.21119678,10.44894079,0.331274822,0,9.853250604,9.485287296
3686,180,31.39202022,3.666269364,0.313981483,0,3.476955557,2.96376287
63,180,19.40874548,2.042852227,0.306401226,0,1.942010715,1.887786329
3407,181,1188.995625,81.55833642,0.315289154,0,77.31453803,65.8671274
1933,182,209.8067987,24.50330476,0.313981483,0,23.2380366,19.80814218
3388,183,18.49011997,1.760928516,0.310352558,0,1.671927734,1.44285456
2039,183,404.1895712,52.30111726,0.315289154,0,49.57968612,42.23877662
2531,185,214.3101453,13.3377134,0.304898749,0,12.6852535,12.44842326
3694,186,86.1701815,11.10934073,0.313981483,0,10.53569178,8.980641711
181,191,869.8860472,57.29655816,0.348700263,0,53.70511545,46.70980366
1780,193,81.0231703,4.718978436,0.304898749,0,4.488133452,4.404341218
203,194,197.0588772,14.80889715,0.228690641,0,14.37912575,14.09297897
168,195,202.5960486,11.79966646,0.304898749,0,11.22244538,11.01292537
2701,197,20.29525651,2.03321955,0.313981483,0,1.928230938,1.643627353
2710,197,21.62694903,2.525808154,0.313981483,0,2.395383925,2.041829359
197,198,22.56483374,2.260590354,0.313981483,0,2.143861079,1.827430854
3449,199,114.3414004,20.09648648,0.313981483,0,19.05877158,16.24572953
198,199,411.450777,41.21996503,0.313981483,0,39.09150481,33.32166563
3067,200,524.8594973,20.90893981,0.228690641,0,20.30213809,19.89812246
2645,200,451.1394976,24.68765153,0.194086352,0,24.15041808,24.0544041
2904,202,916.9327716,60.39537253,0.348700263,0,56.60969103,49.23604634
161,203,319.7374175,18.67147504,0.228690641,0,18.12960715,17.76882522
2667,204,159.4867341,7.829327416,0.181915947,0,7.676817975,7.639618924
3457,205,338.5077551,14.39479525,0.280392784,0,13.7909746,13.4090207
3339,208,13.21642977,1.072427347,0.322931863,0,1.014103011,0.962833751
2306,212,108.2577258,18.23081008,0.298811942,0,17.37145982,14.90456395
1518,214,328.2336029,38.47536313,0.315289154,0,36.4733399,31.07299335
3745,215,14.26238684,1.11448466,0.319159692,0,1.055173515,1.013399202
3743,215,37.36666719,4.782031581,0.311247706,0,4.539052159,3.873231032
3355,216,61.33179374,8.719527001,0.372785963,0,8.100976263,7.467754394
1063,226,106.6495682,9.139521843,0.306606421,0,8.687810296,8.332538875
1177,241,65.41823326,7.607229454,0.338860041,0,7.155001775,6.952632606
243,242,82.12269369,7.884224997,0.194086352,0,7.71265463,7.681991697
243,244,83.24193238,8.556683651,0.264495114,0,8.233992562,8.150791066
244,245,143.0682278,14.70640495,0.264495114,0,14.15179454,14.00879581
3672,265,30.18025008,3.537712381,0.315289154,0,3.353631406,2.857083191
266,267,70.82376458,6.630861338,0.13643696,0,6.549804481,6.506835646
4068,268,339.5074621,39.79687873,0.315289154,0,37.72609189,32.14025931
3719,273,66.85184074,11.53418456,0.306842925,0,10.96330934,9.369610191
829,286,361.3624602,24.38838351,0.090957973,0,24.21744176,24.06914839
846,289,237.1113112,32.31350035,0.349974015,0,30.27431558,28.02933484
993,297,326.4975329,34.00166642,0.246115344,0,32.87611421,32.1819565
2185,306,80.71686729,6.555292269,0.13643696,0,6.475159182,6.432680044
312,311,65.88969794,6.168910298,0.13643696,0,6.093500415,6.053525082
1425,312,69.39448636,6.497045439,0.13643696,0,6.417624373,6.375522681
2877,316,99.54082483,10.23209486,0.264495114,0,9.846220382,9.746727911
3562,328,12.07610987,1.556891455,0.313981483,0,1.476498822,1.258570124
3828,329,24.74683376,1.753692858,0.277498458,0,1.681512356,1.648290937
784,330,82.63015771,7.932944302,0.194086352,0,7.760313743,7.729461333
419,331,91.69796762,10.70939197,0.313981483,0,10.15639503,8.657328511
3351,334,16.24589281,1.883412655,0.311247706,0,1.787714726,1.52547975
3348,334,147.4748368,19.08287418,0.315289154,0,18.0899178,15.41147306
336,335,410.3945371,47.21113545,0.30734546,0,44.86740639,38.31520457
3974,336,149.8073203,17.87090369,0.262504968,0,17.20613917,14.39614355
338,337,232.4605319,26.94101921,0.310250074,0,25.58019563,21.82195656
3115,338,17.23228787,2.004525922,0.311641311,0,1.902436612,1.622071484
3665,338,225.5429148,26.34112341,0.313981483,0,24.98095648,21.29381007
2821,340,122.2827992,11.73981343,0.194086352,0,11.48434075,11.43868285
3580,346,32.54754199,4.19353571,0.253729308,0,4.046868078,3.396743051
353,354,192.6369424,20.65099689,0.284809959,0,19.75961211,19.38345221
2902,355,459.818375,24.47368438,0.219460094,0,23.81353469,23.51299825
357,356,75.79950095,7.748155461,0.218785868,0,7.540292152,7.374017707
362,363,150.9527448,15.06193723,0.219460094,0,14.65565867,14.47069833
365,364,176.1144419,16.90794375,0.194086352,0,16.54000624,16.47424871
1731,365,43.38749422,3.613243375,0.194086352,0,3.534614785,3.52056234
261,367,159.6442458,15.24138943,0.181915947,0,14.94449856,14.87208299
3812,368,47.24023275,4.207862811,0.349103416,0,3.943542119,3.789865832
369,370,93.64905316,8.990818161,0.194086352,0,8.795166975,8.760200335
370,371,71.64258488,7.445845682,0.28123359,0,7.131798697,7.07297357
371,372,75.32638205,8.356446668,0.324561148,0,7.897734991,7.766139237
120,375,72.76031672,6.025633238,0.181915947,0,5.90825841,5.879629151
375,376,174.7894875,14.47516164,0.181915947,0,14.19319632,14.12442128
376,377,79.08255272,6.549208135,0.181915947,0,6.421634461,6.390517569
378,379,66.39270872,7.800908108,0.350262407,0,7.307870364,7.109907297
319,381,250.0753638,29.26069072,0.313677867,0,27.75245989,26.64424596
3545,384,213.6494278,17.72351674,0.311097313,0,16.8237703,16.33388464
988,387,340.6043137,38.89129301,0.304274081,0,36.99595976,31.62509082
387,388,152.5820723,14.30017167,0.291714491,0,13.65521076,13.38576061
388,389,77.4402629,7.257792723,0.291714491,0,6.930454515,6.793699977
389,390,106.7632509,9.417105317,0.247909647,0,9.10126352,8.996749707
390,391,204.6320441,18.0496706,0.247909647,0,17.44429982,17.24397925
391,392,177.3724131,15.64522138,0.247909647,0,15.1204938,14.94685852
392,393,83.62841362,7.376485562,0.247909647,0,7.129084436,7.047218024
479,394,79.07187067,8.217974655,0.28123359,0,7.871361218,7.806435967
1895,395,162.5243765,13.19915929,0.13643696,0,13.03781036,12.95227811
3047,398,17.32788379,2.023720965,0.313981483,0,1.919222828,1.635948825
3951,398,33.93042458,3.804502264,0.347032492,0,3.568137233,3.104798318
3947,404,15.67914514,1.298465735,0.181915947,0,1.273172594,1.267003265
3811,404,65.13101614,5.51722096,0.358099086,0,5.153929964,4.889363348
3163,406,47.67486293,5.028157304,0.363764038,0,4.687299668,4.171033482
100,407,22.96539863,2.099206997,0.381515423,0,1.943764453,1.816226675
3991,408,130.882421,10.16478452,0.344078326,0,9.543185165,9.276657314
3989,409,138.4798781,11.98122193,0.373494004,0,11.12829683,10.54923861
2910,410,18.86219864,2.178640609,0.309820555,0,2.068875365,1.766321209
3512,410,34.47771669,2.982997824,0.373494004,0,2.770642713,2.626472995
3511,411,105.2186279,10.01508489,0.344203283,0,9.402228252,8.555831841
2911,412,13.41126826,1.27855709,0.37540385,0,1.186674024,1.126911571
3946,412,58.50802383,6.348041679,0.333692237,0,5.981244599,5.227468759
3793,415,72.0969335,8.083982152,0.347032492,0,7.581742816,6.597218887
3576,418,88.75958327,10.3662185,0.313981483,0,9.83094188,8.37991169
2863,419,88.9264658,10.38570869,0.313981483,0,9.849425659,8.395667295
4003,420,15.07657038,1.767267321,0.315289154,0,1.675309509,1.427258413
4002,420,8.75255583,1.018420842,0.366788728,0,0.948314765,0.91112252
2867,421,16.61413631,2.141948619,0.313981483,0,2.031345604,1.731522471
422,421,469.1379943,54.99209869,0.315289154,0,52.13064529,44.41203352
423,422,317.242588,37.18700239,0.315289154,0,35.25201759,30.0325035
424,423,258.7957844,30.22472109,0.313981483,0,28.66401826,24.43325824
3203,424,126.7188455,14.79947508,0.313981483,0,14.03528002,11.96369672
3474,425,152.2236906,17.77818214,0.313981483,0,16.86017667,14.37164346
3568,426,10.71802728,1.251756809,0.313981483,0,1.187120302,1.011903378
3645,426,180.4074147,22.80176873,0.310264167,0,21.64992731,18.53015812
3987,427,480.6588502,74.14706707,0.384684067,0,68.57178974,61.98519748
428,427,168.4398646,19.42992103,0.31325905,0,18.43087731,15.75891701
3771,428,257.2792317,30.04760313,0.313981483,0,28.49604607,24.29007846
430,429,112.3736011,14.48757101,0.313981483,0,13.73948162,11.71155766
3112,430,115.3065445,14.75645484,0.311247706,0,14.0066658,11.95206637
3943,439,172.1863246,24.29849524,0.33292148,0,22.90049073,20.03096096
3942,440,11.51673977,1.652900248,0.336832753,0,1.555724832,1.356068429
2817,443,387.5776903,36.28688671,0.13643696,0,35.8433092,35.6081655
1055,449,233.8213841,22.32315204,0.181915947,0,21.88831374,21.78225098
449,450,82.11051084,7.839169307,0.181915947,0,7.686468154,7.649222341
450,451,93.63129758,8.939069879,0.181915947,0,8.764943486,8.722471776
451,452,308.9808411,27.3242668,0.045478987,0,27.2186061,27.3601312
1907,452,251.8828668,25.77965424,0.28123359,0,24.69233347,24.488664
1587,453,113.6892087,10.5770897,0.190640125,0,10.35390673,10.36041176
455,454,122.075112,11.71987433,0.194086352,0,11.46483554,11.4192552
3230,458,33.42341378,2.295389523,0.13643696,0,2.267330264,2.252455844
768,460,187.2587568,19.14500766,0.25635719,0,18.46281138,18.26366111
2797,462,40.35793418,2.842100311,0.194086352,0,2.780252736,2.769199382
2801,463,135.2902544,12.79080899,0.194086352,0,12.51246536,12.46271998
2277,464,133.4239625,9.765361037,0.219460094,0,9.501951573,9.382033103
478,477,27.62788398,2.756686901,0.219460094,0,2.682328419,2.64847635
986,480,109.987954,8.85524571,0.311230557,0,8.405348221,8.252715029
482,481,250.2256921,23.4273323,0.13643696,0,23.14095232,22.98914019
3715,483,87.61148336,10.26977009,0.315289154,0,9.735393888,8.29394375
2674,485,14.48823491,1.539086542,0.357099119,0,1.438266359,1.310964648
3041,486,80.26591115,8.206246317,0.25635719,0,7.913832192,7.828469146
486,487,47.09949083,4.521807143,0.194086352,0,4.423407096,4.40582111
490,489,113.0571393,10.68881332,0.194086352,0,10.45621169,10.41464129
491,490,114.1798795,11.55815674,0.264495114,0,11.12227359,11.00988707
3722,492,20.00759874,1.952872935,0.3920267,0,1.800795378,1.656336108
805,497,63.66978698,6.50948762,0.25635719,0,6.277534293,6.209821277
499,498,112.3362185,10.78488762,0.194086352,0,10.55019529,10.50825124
1139,499,245.2960603,22.96579647,0.13643696,0,22.68505839,22.53623708
498,500,148.5010734,14.25691027,0.194086352,0,13.94666249,13.89121522
3755,503,56.78738541,5.368875999,0.194086352,0,5.252042699,5.231162335
3211,504,149.4617321,7.668288257,0.219460094,0,7.461444937,7.367278486
1333,507,363.1584795,34.14311618,0.181915947,0,33.47803383,33.31581152
3650,509,68.96051013,5.143679876,0.247909647,0,4.971165176,4.914079099
2401,511,82.67039025,7.859483562,0.194086352,0,7.688451599,7.657884889
512,513,120.4605134,11.56486409,0.194086352,0,11.31319852,11.26822103
2600,514,307.1328948,34.19761278,0.300107716,0,32.57275769,31.68237387
515,516,400.3392378,38.434743,0.194086352,0,37.59835604,37.44887756
523,522,29.53277103,2.842432042,0.158478818,0,2.798407951,2.761561637
1076,523,55.99843323,5.618078113,0.22913232,0,5.454473341,5.389717525
228,528,97.60882515,10.35457704,0.270153274,0,9.948747574,9.746364018
530,529,55.05728241,5.628960221,0.25635719,0,5.42838283,5.369829239
786,532,72.67387025,7.470361387,0.264495114,0,7.188637866,7.115999298
532,533,26.89655196,2.582215192,0.194086352,0,2.526023035,2.515980413
2217,534,107.3660363,7.608530969,0.277498458,0,7.295370327,7.151236651
535,536,33.52132443,3.517557238,0.262881322,0,3.38636967,3.324190465
540,539,77.78595147,7.46787417,0.194086352,0,7.305364105,7.276320423
541,540,158.8284111,15.24839083,0.194086352,0,14.91656722,14.85726394
1250,541,91.45782035,7.616465744,0.194086352,0,7.450722145,7.421100568
3968,542,17.52802625,1.389148216,0.291714491,0,1.326495381,1.300320436
393,543,89.01197174,7.851344968,0.247909647,0,7.588017457,7.500880914
546,545,129.2666141,12.10256188,0.13643696,0,11.95461796,11.8761918
658,545,177.1606591,16.58663263,0.13643696,0,16.38387461,16.2763911
660,546,191.3388045,18.26729937,0.181915947,0,17.91146605,17.82467364
1330,547,73.13938451,6.057025672,0.181915947,0,5.939039344,5.910260932
1579,548,80.76860115,7.446791194,0.13643696,0,7.355760263,7.307504097
125,554,63.12037984,5.985502923,0.14070164,0,5.908778116,5.84600089
2119,555,116.8295953,17.31270718,0.361933053,0,16.1500054,14.64167023
2860,556,23.13052287,2.670045249,0.26795687,0,2.566941816,2.440238191
928,561,70.36628791,7.835295043,0.34364713,0,7.357259993,6.583787129
565,564,114.1623757,10.79330619,0.194086352,0,10.55843067,10.51645388
462,565,116.7910695,8.224700836,0.194086352,0,8.045721298,8.013734204
567,568,176.1995991,23.75030877,0.3686321,0,22.10012438,20.67655994
568,569,87.77797669,11.42908678,0.373494004,0,10.61546734,10.06309409
856,570,76.26159128,10.95589159,0.37642413,0,10.16457942,9.351213287
2440,573,40.34897199,3.852155097,0.181915947,0,3.777117998,3.758815465
576,577,74.74440834,8.496493752,0.31696482,0,8.05004436,7.819049642
580,581,38.90825618,4.156638683,0.250871635,0,4.014207728,3.898684661
2318,583,132.161673,12.56462554,0.194086352,0,12.29120394,12.24233823
3827,585,121.1518506,8.585467427,0.277498458,0,8.232096914,8.069456454
587,586,163.7078423,15.62934488,0.181915947,0,15.32489694,15.25063809
1642,591,173.0118446,16.79952056,0.217860888,0,16.3521946,16.32397902
1413,594,99.95243593,10.38810108,0.28123359,0,9.949957186,9.867887078
900,595,77.50936928,7.441320776,0.194086352,0,7.279388546,7.250448134
506,596,70.53158274,7.076125498,0.22913232,0,6.870060742,6.788498992
2075,597,61.45746887,4.922150262,0.304898749,0,4.681366433,4.593966591
1432,599,31.44852566,2.944362167,0.13643696,0,2.908369747,2.889289901
1491,601,338.4020477,38.46750477,0.31696482,0,36.44622462,35.40040611
2174,602,89.4447368,8.37424628,0.13643696,0,8.271877969,8.217611774
607,606,83.61943364,7.043120125,0.217860888,0,6.855580818,6.843751568
1322,608,113.4660612,10.72747421,0.194086352,0,10.49403127,10.45231051
3865,618,60.67364748,8.948611808,0.339569108,0,8.414581547,7.583655289
3056,621,104.7572569,10.0572661,0.194086352,0,9.838407708,9.799293492
622,623,318.8791736,29.8550013,0.13643696,0,29.49004832,29.29658407
3981,627,7.21093025,0.553764429,0.302655397,0,0.527040774,0.506212666
634,633,99.17220131,9.468065278,0.181915947,0,9.28363445,9.238649353
637,636,82.60984863,8.287885138,0.22913232,0,8.046532573,7.951003684
638,637,82.02488116,8.229197907,0.22913232,0,7.989554381,7.89470194
919,639,43.47012153,4.361167344,0.22913232,0,4.234165231,4.183896982
948,640,152.7792931,10.82675698,0.277498458,0,10.3811369,10.17603814
684,641,95.03188103,7.297987009,0.302655397,0,6.945799556,6.671308725
3276,642,444.7278981,26.69124945,0.305082317,0,25.38410835,24.63386692
3158,643,14.35481348,1.2555659,0.336969224,0,1.18169478,1.03282035
3278,643,38.59142902,4.394768511,0.354340251,0,4.110988981,3.668944956
645,644,44.42901576,3.886052386,0.336969224,0,3.657416804,3.196641441
3294,645,461.9238455,40.24410355,0.334967259,0,37.90229658,33.14023161
2528,646,98.0542383,8.5427608,0.334967259,0,8.045657,7.034796319
3293,647,11.62131182,1.02549048,0.299221681,0,0.977029771,0.842565978
3275,647,57.37419258,5.919099652,0.367798853,0,5.509558532,5.086485133
3284,648,535.8658683,47.28599967,0.299221681,0,45.05144641,38.85123786
2820,649,20.70377903,1.928730766,0.258611889,0,1.858904773,1.806463367
2944,649,113.5404597,9.054718024,0.368615013,0,8.425645328,7.639340329
87,650,20.50278233,2.139003041,0.380099388,0,1.981701578,1.832470664
3190,650,57.74716162,3.090407531,0.22913232,0,3.000411378,2.964790324
2851,651,22.0086194,1.511466026,0.13643696,0,1.49298959,1.483195095
3248,651,72.67623121,4.232833233,0.304898749,0,4.025769706,3.950609677
4013,652,28.60034502,1.665750808,0.304898749,0,1.584264905,1.554687109
1353,653,253.9504787,23.36546165,0.090957973,0,23.20168971,23.05961621
657,656,45.36889188,4.355660237,0.194086352,0,4.260875749,4.243935934
296,659,82.65547556,8.247293456,0.219460094,0,8.024832132,7.923555506
659,660,28.25297057,2.697338227,0.181915947,0,2.644796097,2.631980382
661,662,54.71845737,5.253269347,0.194086352,0,5.138951788,5.118521036
210,663,39.38931387,4.027094532,0.25635719,0,3.883596606,3.841705948
666,665,40.15935063,3.855515959,0.194086352,0,3.771615221,3.756620542
2032,666,245.7627443,25.26267706,0.264495114,0,24.30996675,24.06432339
3252,668,23.31324448,2.396437134,0.264495114,0,2.306062295,2.282760375
469,669,181.8494569,18.24416139,0.22913232,0,17.71287083,17.50258263
670,671,72.62917734,6.972795822,0.194086352,0,6.821059267,6.793941019
2072,672,96.69311475,9.885734871,0.25635719,0,9.533475335,9.430641907
1519,673,103.0334025,12.077519,0.315289154,0,11.44907858,9.753895406
1832,677,199.8761656,22.25623628,0.34364713,0,20.89837279,18.70131515
3976,684,192.3618151,14.77245333,0.302655397,0,14.05956186,13.50394248
1838,685,231.6931298,22.11996556,0.181915947,0,21.68908518,21.5839878
242,688,77.38828565,7.42969609,0.194086352,0,7.268016827,7.239121625
3647,689,72.38872477,8.98704597,0.352110425,0,8.413478892,8.035990288
689,690,161.5746084,16.51910526,0.25635719,0,15.93047807,15.75864297
3281,693,304.9056369,35.21751707,0.309820555,0,33.4431724,28.5524134
696,695,101.4596078,9.74067386,0.194086352,0,9.528704898,9.490821957
1018,696,106.3386838,10.20909169,0.194086352,0,9.986929379,9.947224691
2135,699,100.4125911,7.957996513,0.291714491,0,7.59907798,7.449129893
1621,700,79.85183733,8.163912134,0.25635719,0,7.873006507,7.78808383
701,702,113.3531031,10.05272136,0.25635719,0,9.694511575,9.589941119
702,703,113.3738021,9.441594791,0.194086352,0,9.236134155,9.199414377
2956,708,13.30442728,1.186299868,0.181915947,0,1.163191634,1.157555232
2955,708,26.66999388,2.086329906,0.277498458,0,2.000458348,1.960935554
1689,711,330.6091708,31.74027752,0.194086352,0,31.04957031,30.92612761
3280,716,11.53496732,1.39831782,0.340844781,0,1.314288807,1.147779816
1451,717,160.2712744,16.47475682,0.264495114,0,15.85345803,15.69326461
3692,722,15.60356579,1.462896829,0.313981483,0,1.387357762,1.182586131
3929,722,41.16083543,4.819176574,0.363699202,0,4.492593584,3.990758451
3693,724,132.2165482,15.90263938,0.336969224,0,14.96700886,13.08140781
4021,725,40.64306343,4.45203682,0.295944888,0,4.245864865,3.759739488
2384,734,338.6944443,34.62752738,0.25635719,0,33.39364069,33.03343809
3350,749,144.2627243,18.32568788,0.30835249,0,17.41043808,14.87198488
1662,751,146.4885167,16.78347911,0.320153427,0,15.88514902,13.9967634
3021,753,16.58172739,1.663572253,0.22913232,0,1.615127152,1.595952271
2594,753,17.65644034,2.58538044,0.247909647,0,2.498668953,2.196608694
1935,755,85.80235125,6.968301777,0.13643696,0,6.883119988,6.837964495
2031,756,76.93014571,7.624603285,0.322692881,0,7.210503017,7.006561107
1172,757,209.8288558,19.64518627,0.13643696,0,19.40503994,19.2777366
1173,758,136.1323383,12.74536399,0.13643696,0,12.58956234,12.50697074
1164,761,211.9827378,20.04158186,0.194086352,0,19.60545255,19.52750784
1385,765,80.71102774,8.207137184,0.247909647,0,7.9318767,7.840791471
446,766,431.7658895,40.42399837,0.13643696,0,39.92984805,39.66789534
1085,772,61.34064765,5.88903561,0.194086352,0,5.760883001,5.737979659
1578,777,80.33984809,7.407260554,0.13643696,0,7.316712852,7.26871285
2496,778,79.12146495,7.407731939,0.13643696,0,7.317178475,7.269175418
500,780,82.54048182,7.924334929,0.194086352,0,7.751891721,7.721072794
1133,782,84.51555989,7.038325036,0.194086352,0,6.885162486,6.857789384
2149,783,78.21366266,6.513512787,0.194086352,0,6.371770792,6.346438765
2353,784,168.9522575,16.22033511,0.194086352,0,15.8673608,15.80427749
245,786,78.72643891,8.092522764,0.264495114,0,7.787336189,7.708647993
3855,794,38.14702597,5.495936295,0.381988211,0,5.088036732,4.688862663
2949,796,14.56976621,1.183260438,0.13643696,0,1.168796047,1.161128367
3090,797,339.3722087,18.60668219,0.264681891,0,17.90408281,17.72585106
306,798,157.6276692,12.80148098,0.13643696,0,12.64499334,12.5620381
219,798,55.26487997,5.524769868,0.30411226,0,5.25578848,5.056324369
2446,805,58.69840701,5.635366146,0.194086352,0,5.512733695,5.490816911
807,808,44.08574768,4.788326803,0.298397178,0,4.563193725,4.475607098
987,810,143.9709925,13.47925648,0.13643696,0,13.3144836,13.22713628
1183,816,116.4955966,10.74078752,0.13643696,0,10.60949018,10.53988849
2287,828,90.65370096,7.260486742,0.304898749,0,6.90531518,6.776394818
3118,829,328.3612922,22.16113184,0.090957973,0,22.00580123,21.87105064
326,833,219.5219849,27.93279319,0.35998155,0,26.07555653,24.78040153
4016,834,323.0491158,26.21333537,0.322931863,0,24.78771397,23.53453974
951,835,147.266903,10.43611956,0.277498458,0,10.00657779,9.80887914
322,837,133.0263036,12.45456209,0.13643696,0,12.30231525,12.22160809
1030,838,153.6191091,13.7704131,0.272534373,0,13.2220037,13.09920244
1794,839,76.60914971,7.354894805,0.194086352,0,7.194843309,7.166239021
842,841,338.7048977,32.33648179,0.181915947,0,31.70659131,31.55295277
2455,841,310.2966808,29.05146706,0.13643696,0,28.69633664,28.50807939
1280,844,169.3305199,19.77608619,0.313981483,0,18.75491568,15.98672223
3857,845,12.06810307,0.855210261,0.277498458,0,0.820010536,0.803809696
855,856,172.0154998,18.88027969,0.311230557,0,17.92105273,17.59562332
860,859,80.32233726,10.14752328,0.332424942,0,9.565298342,9.016507539
868,861,124.8214193,11.98353476,0.194086352,0,11.7227584,11.67615264
2110,866,325.9793177,52.57308465,0.340553032,0,49.41881605,43.45251119
868,867,98.75573465,9.428304806,0.181915947,0,9.244648482,9.199852297
804,873,303.6279303,29.95482925,0.20837684,0,29.21728903,28.89858457
1396,874,83.88214579,8.008308997,0.181915947,0,7.852313129,7.814263692
689,875,138.2699754,13.11169775,0.14070164,0,12.94362624,12.80610797
1659,879,112.9862619,8.885526514,0.284617001,0,8.502465094,8.339343117
1675,880,111.7674327,7.870924555,0.194086352,0,7.699643622,7.669032416
489,881,115.9155836,11.12852612,0.194086352,0,10.8863558,10.84307529
881,882,112.8489212,10.38299732,0.090957973,0,10.31022138,10.24708764
1677,882,112.3753917,10.62435854,0.194086352,0,10.39315952,10.3518398
1678,883,113.8694441,10.76561143,0.194086352,0,10.53133857,10.48946949
2186,892,49.224963,3.997727243,0.13643696,0,3.948858297,3.92295251
2200,893,86.90822654,11.82598817,0.376837927,0,10.97009029,10.26875551
893,894,42.90900428,5.014641496,0.344267534,0,4.707672732,4.576886627
3025,899,61.82562593,5.064278166,0.298992838,0,4.825296319,4.685918646
1205,900,123.5807918,11.86442778,0.194086352,0,11.60624333,11.5601008
595,901,74.15717795,7.119492187,0.194086352,0,6.96456334,6.936874568
1917,902,238.4006847,22.88776163,0.194086352,0,22.38969597,22.30068204
1393,903,83.94196833,8.058885251,0.194086352,0,7.883514064,7.852171851
907,906,59.53375711,6.349049423,0.277498458,0,6.087727966,5.967453522
2679,908,131.3259123,15.19402289,0.333528409,0,14.31689176,13.90669542
3883,909,69.01231892,5.261190845,0.28123359,0,5.039287089,4.9977216
2828,910,24.02438203,3.036451711,0.310264167,0,2.883064012,2.467612534
193,910,698.9249126,40.70701725,0.304898749,0,38.71569416,37.99288265
909,911,124.7342835,12.766278,0.28123359,0,12.22782861,12.12696996
2444,912,23.23790147,2.36295647,0.247909647,0,2.283704896,2.257480108
1662,914,73.99416485,5.181833019,0.181915947,0,5.080894788,5.056274631
2428,917,119.5537602,11.1931978,0.13643696,0,11.05637011,10.98383675
917,918,195.4653348,18.30040437,0.13643696,0,18.0766969,17.95810792
549,919,71.55494811,7.178795274,0.22913232,0,6.969740657,6.886995502
921,922,83.55293407,7.976878838,0.181915947,0,7.821495206,7.783595101
1740,926,58.07334398,5.35430923,0.13643696,0,5.288857178,5.254160565
2937,926,161.813749,17.830803,0.379007068,0,16.52650857,15.02727072
3641,927,208.680446,23.90893145,0.320153427,0,22.62921392,19.93911123
3161,928,16.18798281,1.545482262,0.181915947,0,1.515377424,1.508034459
927,928,258.1997107,28.75057038,0.34364713,0,26.99648451,24.15832897
561,929,176.6536195,19.67040283,0.34364713,0,18.47030227,16.52850904
4081,930,13.22903631,1.123364033,0.185932235,0,1.100653474,1.085318063
929,930,310.4997533,34.57418673,0.34364713,0,32.46479927,29.05175674
930,931,151.5972412,16.88037195,0.34364713,0,15.85049249,14.18412133
3837,932,40.61186632,4.522136443,0.34364713,0,4.246238763,3.799829303
3508,933,46.57341353,5.37936918,0.309820555,0,5.1083434,4.36129476
3769,934,34.96798754,2.478018425,0.277498458,0,2.376025301,2.32908248
3768,935,159.8742795,11.32954563,0.277498458,0,10.8632312,10.64860776
935,936,250.3763702,17.7430073,0.277498458,0,17.01272026,16.67660218
936,937,82.10855167,5.818650662,0.277498458,0,5.579159966,5.468933233
845,938,88.91481637,6.300978943,0.277498458,0,6.041636026,5.922272215
938,939,188.6430272,13.36825279,0.277498458,0,12.81802691,12.56478283
939,940,104.0916958,7.376493703,0.277498458,0,7.072883517,6.933145484
940,941,26.1866287,1.85572442,0.277498458,0,1.779344387,1.744190113
941,942,79.06101849,5.602686178,0.277498458,0,5.372084396,5.265948828
942,943,109.5181272,7.761039627,0.277498458,0,7.441601859,7.294579106
943,944,59.7749289,4.235970828,0.277498458,0,4.061621884,3.981376952
944,945,48.3058631,3.423211548,0.277498458,0,3.282315082,3.217466813
945,946,112.6030286,7.97965222,0.277498458,0,7.651216544,7.500052461
3826,947,35.42654472,2.510514236,0.277498458,0,2.407183613,2.359625201
585,948,33.85923088,2.399446004,0.277498458,0,2.300686854,2.255232485
640,949,210.1437694,14.89191026,0.277498458,0,14.27897194,13.99686416
949,950,47.02172743,3.332210834,0.277498458,0,3.195059879,3.1319355
950,951,286.4868743,20.30199056,0.277498458,0,19.46637795,19.08178327
2961,952,14.39073828,1.019804602,0.277498458,0,0.977830315,0.958511449
954,953,72.42255357,6.925171952,0.217860888,0,6.740773287,6.729142136
1735,955,275.7370914,26.32488486,0.181915947,0,25.8120958,25.68701982
957,956,102.1919745,14.7881218,0.384951789,0,13.6747364,12.60034802
1056,956,84.13624925,10.76740933,0.311247706,0,10.22030736,8.721118473
3088,960,146.5363861,7.462596849,0.181915947,0,7.317231046,7.281774421
960,961,21.79753341,1.110073809,0.181915947,0,1.088450401,1.083176169
3035,962,368.44219,18.76350032,0.181915947,0,18.39800137,18.30885139
3238,963,12.74311432,0.648963219,0.181915947,0,0.636321901,0.633238518
3379,964,24.43965695,1.37211102,0.304898749,0,1.304989513,1.280625713
144,964,76.4517342,5.595537507,0.219460094,0,5.444604272,5.375891165
2569,965,84.90173816,8.151028373,0.194086352,0,7.973652038,7.941951467
2366,967,107.2887556,8.934841533,0.194086352,0,8.740408466,8.705659528
3435,968,109.2341085,7.994894522,0.219460094,0,7.779241371,7.6810642
969,970,44.6907125,4.5938901,0.264495114,0,4.420644546,4.375975543
3628,971,42.030022,4.615544747,0.340844781,0,4.338183147,3.788572975
984,983,254.2447295,17.90450972,0.194086352,0,17.51488571,17.44525239
90,984,16.45365373,1.158704858,0.194086352,0,1.133490024,1.128983647
286,985,86.15045611,5.814301689,0.090957973,0,5.773548399,5.738194583
2074,986,72.80401834,5.86152799,0.311230557,0,5.563728605,5.462696544
334,988,257.0133565,29.34660941,0.304274081,0,27.91642799,23.86367528
389,989,393.2349811,37.54252121,0.181915947,0,36.81122098,36.63284727
1197,991,211.3815393,29.94763567,0.334967259,0,28.20498083,24.66129184
2552,1000,122.7713416,11.49444324,0.13643696,0,11.35393308,11.2794476
1360,1002,220.8975356,21.08929981,0.181915947,0,20.67849603,20.5782956
1146,1003,110.0574886,10.34728867,0.181915947,0,10.14573123,10.09656873
755,1009,142.6076284,11.5816522,0.13643696,0,11.44007598,11.36502538
1999,1010,95.29215734,9.405608695,0.370817655,0,8.744902959,8.196197287
1011,1012,95.51209254,9.169680069,0.194086352,0,8.970136629,8.934474369
3414,1015,33.09793565,3.164951915,0.296980089,0,3.017441142,2.590106124
1520,1015,64.84212942,7.517253041,0.311247706,0,7.135294502,6.088637697
2329,1016,170.6604658,16.3843324,0.194086352,0,16.02778931,15.96406818
394,1017,86.21741678,8.277340672,0.194086352,0,8.097215627,8.065023808
1589,1018,265.6982159,24.87594437,0.13643696,0,24.57185629,24.41065697
2393,1019,186.8826455,19.21021812,0.264495114,0,18.48575915,18.29896729
1019,1020,94.80913236,9.74571024,0.264495114,0,9.378178381,9.283415304
2213,1022,78.04546639,7.640172496,0.185932235,0,7.485714473,7.381415969
1921,1023,87.01706046,7.005834941,0.311230557,0,6.649898171,6.529142296
2043,1024,203.430848,14.48947039,0.217860888,0,14.10365484,14.0793191
2251,1026,25.62315694,2.446267394,0.181915947,0,2.398615936,2.38699312
3292,1030,49.00920771,4.69013972,0.31758469,0,4.442805827,4.364997335
1030,1031,165.6556527,15.90384313,0.194086352,0,15.55775608,15.49590365
1036,1037,61.55782772,6.611019641,0.258611889,0,6.371680373,6.191929433
1043,1042,88.06860528,8.874821055,0.209118578,0,8.654942674,8.492206831
921,1042,384.7298709,37.02898423,0.158478818,0,36.45547277,35.97546777
1045,1046,36.37677101,3.492367754,0.194086352,0,3.416369565,3.402787224
3668,1049,82.11631459,7.883612569,0.194086352,0,7.712055529,7.681394978
2098,1053,93.5288761,8.929291602,0.181915947,0,8.755355682,8.712930431
1053,1054,148.8210433,14.2080879,0.181915947,0,13.93132497,13.86381887
3898,1056,11.86049734,1.574101803,0.389608272,0,1.452918338,1.378450041
1057,1056,61.48103052,7.868088103,0.311247706,0,7.468303312,6.372798358
3898,1057,61.67258364,7.794823685,0.310264167,0,7.401064724,6.334566282
3685,1058,112.9893481,14.40644941,0.309820555,0,13.68061725,11.67995173
3191,1063,68.75172947,6.312718837,0.331923311,0,5.951529684,5.626700881
2872,1074,13.22431782,0.975318211,0.198238307,0,0.953303102,0.933302551
2036,1074,288.3577549,20.43457115,0.277498458,0,19.59350164,19.2063954
1075,1076,74.27127529,7.793649757,0.262881322,0,7.50298499,7.365218093
2982,1077,83.9407383,6.817113836,0.13643696,0,6.733780195,6.689604419
756,1079,86.61577127,8.584552753,0.322692881,0,8.118316615,7.888698099
1081,1080,117.2977763,14.10339113,0.339409673,0,13.26246782,12.73845819
2168,1082,99.64048115,9.328820884,0.13643696,0,9.214783679,9.154331718
1618,1084,286.2732598,27.48378906,0.194086352,0,26.88570824,26.77881966
1084,1085,80.75021246,7.752459338,0.194086352,0,7.583756353,7.553605876
1249,1086,346.7018159,28.8727907,0.194086352,0,28.2444835,28.13219289
1090,1089,85.52474318,8.007237632,0.13643696,0,7.909355701,7.85746777
1091,1090,42.31482946,4.10878717,0.217860888,0,3.999381242,3.992480341
1918,1096,50.98671246,5.899013094,0.333528409,0,5.558470757,5.399213817
1174,1097,191.78206,17.95555849,0.13643696,0,17.73606647,17.61971214
1097,1098,76.4233344,7.155119985,0.13643696,0,7.067654496,7.021288397
1176,1099,319.8431846,30.53573593,0.181915947,0,29.94092264,29.79583988
1099,1100,78.48407475,7.492949971,0.181915947,0,7.346992912,7.311392072
1962,1101,88.1596745,5.001149697,0.31758469,0,4.737414734,4.654446648
1806,1102,72.9975164,7.008158375,0.194086352,0,6.855652287,6.828396509
1105,1106,45.9644638,4.734469992,0.237655537,0,4.587294739,4.499112516
1106,1107,58.25226153,5.60658851,0.158478818,0,5.519752674,5.447074729
3055,1108,11.35920032,1.932715812,0.308799441,0,1.835931264,1.576002975
1108,1109,199.5055287,30.58162603,0.345600487,0,28.69614805,25.61950399
1076,1110,123.130016,11.90446801,0.184336221,0,11.66731072,11.56199777
1326,1111,79.87828978,6.615106964,0.181915947,0,6.48624963,6.454819637
1399,1113,188.4581185,18.0930038,0.194086352,0,17.69927793,17.62891153
1651,1113,29.65653381,2.879661508,0.217860888,0,2.802983884,2.798147357
1113,1114,97.94786675,10.17976532,0.28123359,0,9.750408498,9.669984324
1350,1117,81.02553264,8.128937637,0.22913232,0,7.892213803,7.798516995
2014,1119,76.30044497,6.730118465,0.247909647,0,6.504395948,6.429703108
1119,1120,76.20268214,7.275143229,0.181915947,0,7.133428882,7.098862895
1120,1121,84.19747513,8.038413791,0.181915947,0,7.881831505,7.843639032
2459,1126,231.3831484,15.89049097,0.13643696,0,15.69624271,15.59327029
1817,1129,173.1456012,20.81829862,0.339409673,0,19.57699485,18.80349373
1129,1130,82.43291433,8.791157698,0.277498458,0,8.429321149,8.262784155
1783,1131,477.3747057,33.61784559,0.194086352,0,32.8862802,32.75553536
1132,1133,469.8117368,45.10448054,0.194086352,0,44.12295194,43.94753385
2818,1133,139.8339638,11.64515611,0.194086352,0,11.39174329,11.34645353
3383,1137,730.9257095,49.33023897,0.090957973,0,48.98447612,48.68452399
1141,1140,141.8403521,13.77275594,0.217860888,0,13.40602457,13.38289258
1993,1141,106.8464862,10.37483732,0.217860888,0,10.09858336,10.08115834
2441,1142,84.08608472,8.174801869,0.196155223,0,7.99362147,7.92813506
1022,1144,78.02888352,7.638549136,0.185932235,0,7.484123931,7.379847588
1150,1146,87.06851579,7.210564307,0.181915947,0,7.070107909,7.035848752
1810,1147,95.04083701,10.9959461,0.333528409,0,10.36116446,10.06430451
1147,1148,43.4154201,4.462799033,0.264495114,0,4.294497208,4.251102878
1331,1150,309.9931787,25.6720323,0.181915947,0,25.17196032,25.0499862
2409,1153,76.34768279,6.114712724,0.304898749,0,5.81559062,5.70701512
135,1155,128.0676345,12.43541945,0.217860888,0,12.10429775,12.08341188
2002,1157,90.7002369,8.345142399,0.090957973,0,8.286650076,8.235907504
482,1159,87.51214336,10.46994772,0.334410006,0,9.862573776,9.47004835
1506,1160,90.14023972,8.653952997,0.194086352,0,8.465632408,8.431975888
1505,1160,103.5494058,10.05468947,0.217860888,0,9.786960187,9.770072865
1160,1161,86.54689094,8.994856833,0.28123359,0,8.615476466,8.544413538
1164,1163,127.1464857,10.58856257,0.194086352,0,10.35814251,10.31696201
1165,1164,204.586762,18.24221938,0.264495114,0,17.55426574,17.37688628
368,1165,259.6840774,21.76425705,0.322692881,0,20.58221724,20.00006968
1167,1166,81.97905244,6.827088621,0.194086352,0,6.678522833,6.651971262
1729,1167,70.11007964,6.251447753,0.264495114,0,6.015692107,5.954905729
1576,1169,67.21592565,6.366116081,0.304898749,0,6.054695721,5.941656194
3842,1170,145.4173826,14.41242367,0.322692881,0,13.6296697,13.24416804
1000,1171,81.52521672,7.632782736,0.13643696,0,7.53947821,7.490016795
1171,1172,78.05282619,7.30768084,0.13643696,0,7.218350419,7.170995706
382,1173,93.72054888,8.774568364,0.13643696,0,8.667306442,8.610446109
758,1174,76.20144315,7.134345459,0.13643696,0,7.047133921,7.000902444
1175,1176,76.10127108,7.822674023,0.264495114,0,7.527664029,7.451599725
241,1178,196.6205273,22.51605174,0.338860041,0,21.17753791,20.57856102
1182,1183,112.0111823,10.32732862,0.13643696,0,10.20108547,10.13416305
1977,1184,107.3626068,7.608287934,0.277498458,0,7.295137295,7.151008223
3920,1191,342.0991527,30.33906761,0.25635719,0,29.2579921,28.94239894
1191,1192,81.71915767,7.247264516,0.25635719,0,6.9890219,6.913634378
3972,1197,211.6522778,28.49938161,0.320657439,0,26.96952627,23.80570573
2088,1200,101.0856939,9.815462039,0.217860888,0,9.554102739,9.537617211
3180,1201,34.53816415,2.228480182,0.217860888,0,2.169141761,2.165398924
3396,1202,308.2626506,29.76345142,0.348700263,0,27.89782923,24.26402242
1410,1203,83.96009905,8.63050612,0.264495114,0,8.305031026,8.221111712
1203,1204,199.6887046,19.17120111,0.194086352,0,18.75401235,18.67945268
1204,1205,63.89605636,6.134368737,0.194086352,0,6.00087738,5.9770199
1368,1213,176.7525265,14.35467591,0.13643696,0,14.17920174,14.08618159
1221,1222,93.12712066,9.864642375,0.252406288,0,9.522875834,9.284355801
251,1223,133.2229545,12.47297349,0.13643696,0,12.32050159,12.23967512
3983,1224,94.68847578,9.090608382,0.194086352,0,8.892785639,8.8574309
3044,1225,119.7741513,13.00914262,0.298397178,0,12.3974909,12.1595316
217,1228,87.00473911,10.61999178,0.354881499,0,9.932294894,9.552551714
1998,1230,111.2899042,12.28186025,0.318559354,0,11.63050566,11.43110333
2141,1239,207.0727986,19.7694389,0.181915947,0,19.38434502,19.29041558
1157,1240,193.9491881,17.84486621,0.090957973,0,17.71978894,17.61128337
2717,1241,27.78870449,2.217841234,0.090957973,0,2.202296061,2.188810495
1512,1243,57.15450326,4.519565187,0.292776377,0,4.314361822,4.236251003
1713,1244,103.1818185,7.26630548,0.194086352,0,7.108181796,7.079922045
1661,1245,113.5146048,8.353688745,0.22913232,0,8.110419905,8.014132542
2399,1246,108.7522247,10.28181179,0.194086352,0,10.05806701,10.0180795
982,1248,79.6390287,7.645779657,0.194086352,0,7.479398152,7.449662568
1086,1250,93.78717519,7.810450811,0.194086352,0,7.64048586,7.610109846
790,1250,201.5392003,19.34885876,0.194086352,0,18.92780395,18.85255334
541,1251,160.0947154,13.33244015,0.194086352,0,13.04230996,12.9904581
1109,1260,96.72730647,13.47918919,0.360030816,0,12.58273776,11.61232208
2319,1261,219.9091696,22.6051119,0.264495114,0,21.75262413,21.53282179
3858,1266,89.97127057,8.63773104,0.194086352,0,8.449763461,8.41617003
1273,1272,77.91749399,9.941217661,0.278235413,0,9.530058104,8.794540368
1274,1275,112.6877821,12.95760949,0.296735763,0,12.35459906,11.86160994
673,1280,243.3542382,28.42130522,0.313981483,0,26.9537247,22.97540108
1283,1284,238.9774191,22.81540365,0.181915947,0,22.37097666,22.26257509
1284,1285,262.4537247,25.05670909,0.181915947,0,24.56862314,24.44957258
1286,1287,155.9950411,15.94866006,0.25635719,0,15.38035961,15.2144584
1288,1287,65.34192483,6.117625145,0.13643696,0,6.042842181,6.003199182
1289,1288,70.89531887,6.637560594,0.13643696,0,6.556421845,6.513409597
1302,1301,52.68231094,5.057788221,0.194086352,0,4.947724571,4.928054074
1376,1302,77.78437194,6.317134313,0.13643696,0,6.239912513,6.198976669
1386,1304,82.00145463,11.0781179,0.374595487,0,10.28516725,9.632810733
1309,1308,112.3452148,10.78575131,0.194086352,0,10.55104018,10.50909278
1310,1309,77.55022319,10.24032997,0.354613105,0,9.578146695,8.970864926
1316,1317,83.08413412,10.36795615,0.348687152,0,9.718120817,9.254717211
1320,1319,155.8989773,15.93883867,0.25635719,0,15.37088818,15.20508914
1634,1320,219.5826755,16.4674416,0.25635719,0,15.88065535,15.70935766
2449,1321,143.8873225,12.12379496,0.329423924,0,11.43974279,11.12648201
2152,1322,88.50379858,9.566177379,0.311230557,0,9.080160466,8.915273321
1324,1323,84.15038667,8.033918211,0.181915947,0,7.877423495,7.839252382
1325,1324,103.3251138,9.864547816,0.181915947,0,9.672393806,9.625524923
1111,1325,67.00810605,5.54926489,0.181915947,0,5.441169362,5.414803445
838,1328,151.5882796,13.5883696,0.272534373,0,13.04721011,12.92603228
1328,1329,217.9825431,19.53994972,0.272534373,0,18.76176739,18.58751478
776,1330,79.64467073,6.595759842,0.181915947,0,6.467279375,6.435941305
547,1331,82.54189429,6.835692918,0.181915947,0,6.702538735,6.670060683
1949,1332,276.3816824,22.88850196,0.181915947,0,22.44265106,22.33390219
1332,1333,80.90453396,7.606411688,0.181915947,0,7.458244479,7.422104555
2438,1334,86.34407037,8.827666681,0.25635719,0,8.513109412,8.421282224
2984,1335,14.77518919,1.196068586,0.318559354,0,1.13263644,1.11321765
1344,1345,76.05259205,7.088344142,0.098745822,0,7.033368124,6.962361378
1346,1347,285.994789,28.27988311,0.174453775,0,27.7665836,27.21044339
2923,1348,20.59757771,1.53634806,0.247909647,0,1.484820237,1.467769393
3376,1348,45.41024068,5.081335345,0.29922208,0,4.841210522,4.154345907
1720,1353,45.28398258,4.166486173,0.090957973,0,4.137282663,4.111948377
653,1354,94.93573924,8.734842264,0.090957973,0,8.673618478,8.620506339
1354,1355,143.1647828,13.17229745,0.090957973,0,13.07997089,12.99987684
1355,1356,326.0950674,30.00333699,0.090957973,0,29.79303922,29.61060416
1356,1357,31.03466959,2.85543617,0.090957973,0,2.835422,2.818059543
1824,1363,82.39637878,8.469766703,0.264495114,0,8.150353441,8.067997088
3187,1368,4.083367121,0.33162418,0.13643696,0,0.327570346,0.325421378
1021,1375,79.36631572,6.445609366,0.13643696,0,6.366817063,6.325048685
1375,1376,77.03785006,6.256506724,0.13643696,0,6.180026046,6.139483077
2215,1377,378.1851632,31.49467514,0.194086352,0,30.80931253,30.68682502
1079,1378,48.23795266,4.780898943,0.322692881,0,4.521243265,4.393364394
3611,1383,127.4639214,11.14882847,0.336969224,0,10.49288804,9.170953852
673,1384,231.0877209,24.96765696,0.291714491,0,23.84157519,23.37112356
1384,1385,261.7020758,26.61129337,0.247909647,0,25.71877296,25.42343298
1304,1387,121.3925693,11.65434652,0.194086352,0,11.4007337,11.3554082
1577,1388,79.2600381,7.951813285,0.22913232,0,7.720247512,7.628592297
1388,1389,49.75229008,4.991429864,0.22913232,0,4.846073796,4.788540934
965,1393,90.55983793,8.694236707,0.194086352,0,8.505039495,8.471226305
903,1394,82.12398031,7.884348519,0.194086352,0,7.712775464,7.682112051
1394,1395,88.61040587,8.507080632,0.194086352,0,8.321956165,8.288870853
2357,1396,95.4933439,9.116841229,0.181915947,0,8.939251983,8.895935637
2396,1397,154.7218327,17.99199434,0.338860041,0,16.92242258,16.44379564
1397,1398,28.54221231,2.740207531,0.194086352,0,2.680577268,2.66992019
1322,1399,88.25940384,9.072444336,0.264495114,0,8.730302793,8.642086263
1401,1402,43.02499833,4.028207194,0.13643696,0,3.978965655,3.952862354
1403,1404,81.02065646,10.92094203,0.3686321,0,10.16214903,9.507561127
2729,1410,140.1839702,14.4099236,0.264495114,0,13.86649414,13.72637827
3872,1411,28.6911056,1.936365183,0.090957973,0,1.922792917,1.911018863
325,1413,312.0552292,29.95899827,0.194086352,0,29.30705387,29.19053884
1417,1416,125.7241503,12.00300534,0.181915947,0,11.76919578,11.71216656
1857,1417,94.59382965,9.030963739,0.181915947,0,8.855047323,8.812139002
511,1422,78.30012593,7.517237713,0.194086352,0,7.353653438,7.324417773
1423,1424,44.56177864,4.865506574,0.304898749,0,4.627493665,4.541099613
837,1432,73.67466889,6.897776706,0.13643696,0,6.813457027,6.768758546
1435,1436,123.9881357,11.903535,0.194086352,0,11.64449954,11.5982049
1479,1437,84.4939618,6.76715107,0.304898749,0,6.436112711,6.315952232
1981,1446,401.1720676,33.87331131,0.328077906,0,31.97650785,31.04818043
2958,1447,17.1761561,1.246177774,0.304898749,0,1.185216722,1.163089047
2787,1447,35.6430708,2.461537029,0.28123359,0,2.357715608,2.338268491
2784,1448,16.86885428,1.698379237,0.25635719,0,1.637860693,1.620193806
3175,1448,188.0483696,18.0027584,0.381988211,0,16.6666226,15.35906844
2783,1449,17.23600989,1.299614979,0.264495114,0,1.250603681,1.237966786
1448,1449,542.4366647,51.93002335,0.381988211,0,48.07586044,44.30414301
3155,1450,11.03012809,1.004079398,0.217860888,0,0.977343469,0.975657071
1588,1450,69.29015144,5.293055648,0.246115344,0,5.117840398,5.009780535
1032,1451,71.45023377,7.344580186,0.264495114,0,7.067600146,6.996184621
1002,1456,68.73352491,6.562055617,0.181915947,0,6.434231683,6.40305375
1513,1458,42.13291427,2.893524002,0.13643696,0,2.858153038,2.83940263
3367,1460,29.07775837,2.047723893,0.194086352,0,2.00316292,1.995199015
3340,1461,61.49170805,4.077038865,0.219460094,0,3.967065397,3.916999428
2112,1462,70.1289139,5.840227423,0.194086352,0,5.71313694,5.69042342
1462,1463,69.46368428,6.668891281,0.194086352,0,6.52376806,6.497831742
2010,1465,240.2338662,26.36787143,0.311230557,0,25.02823168,24.57374261
1207,1470,36.89473645,3.962320249,0.258611889,0,3.818872055,3.711138177
2377,1473,31.08728247,2.910540843,0.13643696,0,2.874961861,2.856101182
1473,1474,80.19349505,7.741189403,0.205690482,0,7.554865415,7.532420221
3662,1479,36.60055289,2.931351133,0.304898749,0,2.787954058,2.735903712
84,1480,212.6217576,24.90658007,0.255131673,0,24.02674836,20.15581147
1480,1481,301.851926,35.35903028,0.255131673,0,34.10996292,28.61452461
2669,1482,17.46767036,1.994514628,0.304274081,0,1.897313697,1.621872182
3601,1482,168.8984482,13.38570439,0.291714491,0,12.78198744,12.52976808
387,1483,404.5022509,46.18736443,0.304274081,0,43.9364635,37.55801059
1486,1485,43.58199009,4.184107952,0.194086352,0,4.093056651,4.076784028
1489,1490,184.6577665,17.62945426,0.181915947,0,17.28604568,17.20228383
1570,1492,239.5277174,39.6494939,0.345326031,0,37.20853851,32.39145948
1498,1497,127.9172603,12.21238366,0.181915947,0,11.97449557,11.91647154
2350,1497,233.1508193,23.26359159,0.219460094,0,22.63608277,22.35040625
1505,1503,175.4247584,16.74797011,0.181915947,0,16.42173219,16.34215848
989,1505,414.9997182,42.89926113,0.273669529,0,41.17778779,40.81132936
2155,1506,267.6413694,25.69502631,0.194086352,0,25.13587115,25.03593934
1544,1510,130.0273296,8.621105071,0.219460094,0,8.388560606,8.28269358
2132,1512,50.27182292,3.975308467,0.292776377,0,3.794816176,3.726111647
1306,1513,77.39696104,5.315321011,0.13643696,0,5.250345559,5.215901594
3666,1517,390.0614173,45.5552148,0.313981483,0,43.20289688,36.82622327
265,1518,87.15206317,10.2159171,0.315289154,0,9.684343087,8.250451675
2246,1518,344.8286932,32.92112643,0.181915947,0,32.27984751,32.12343118
3696,1519,23.06190276,2.703303608,0.315289154,0,2.562640177,2.183208376
483,1520,91.4934637,10.68550799,0.313981483,0,10.13374433,8.63802102
3462,1521,128.1519832,14.23142116,0.295101016,0,13.57581727,11.65835051
1521,1522,139.9148952,15.5377057,0.295101016,0,14.82192474,12.72845608
1522,1523,119.7369194,13.29691891,0.295101016,0,12.68436507,10.89280822
3430,1524,474.5724354,51.54518256,0.298397178,0,49.12167931,48.17883041
2341,1534,87.38262364,8.389206864,0.194086352,0,8.206647474,8.174020591
1224,1536,85.82599758,8.2397623,0.194086352,0,8.060455007,8.028409336
3742,1544,120.8638837,8.01354795,0.219460094,0,7.797391644,7.698985409
3612,1545,115.5207288,10.87037047,0.315289154,0,10.30474269,8.778993147
2678,1546,89.63908264,7.906659594,0.247909647,0,7.641476877,7.553726436
3188,1548,61.8920604,5.940713084,0.378402555,0,5.507443326,5.223935367
1558,1559,86.9415479,8.300393054,0.181915947,0,8.138707608,8.099270407
1561,1562,68.81910198,6.331904143,0.090957973,0,6.287522901,6.249021808
1564,1563,228.8183832,21.42307712,0.13643696,0,21.16119753,21.02237323
395,1571,294.7892259,23.94083912,0.13643696,0,23.64818194,23.49304222
1574,1575,51.00743933,5.569280199,0.304898749,0,5.296839793,5.197949231
2367,1576,85.03300469,8.053597022,0.304898749,0,7.659627755,7.516624582
548,1578,80.70799805,7.441203643,0.13643696,0,7.350241015,7.302021057
1851,1579,110.3501375,10.90235834,0.22913232,0,10.58486937,10.4592052
1580,1581,59.56963111,5.687169877,0.181915947,0,5.576388063,5.549366926
892,1582,39.51335588,3.209014484,0.13643696,0,3.169786907,3.14899208
3746,1583,118.4418491,9.535877685,0.311230557,0,9.051400171,8.887035286
3406,1584,17.98266301,2.160418047,0.359097167,0,2.017426134,1.865257226
1586,1585,87.29706632,12.83145829,0.306092417,0,12.19923257,10.47411523
3299,1586,105.9037063,15.82378517,0.309263361,0,15.02918363,12.85992937
3155,1588,72.34446345,5.235342275,0.20837684,0,5.106439003,5.05073757
2480,1589,88.8347488,8.317136271,0.13643696,0,8.215466083,8.161569969
3368,1597,25.10574207,2.010727698,0.304898749,0,1.91236607,1.876662714
3260,1599,77.56608252,7.446765556,0.194086352,0,7.284714841,7.255753253
1599,1600,48.32778602,4.639730158,0.194086352,0,4.538763962,4.520719356
621,1601,148.0491141,14.21351972,0.194086352,0,13.90421617,13.84893766
1601,1602,139.1299664,13.35723306,0.194086352,0,13.06656335,13.01461507
1602,1603,206.2180637,19.79805507,0.194086352,0,19.36722521,19.29022761
2865,1610,716.4063121,85.99585592,0.303565102,0,81.82287483,70.86259383
991,1611,403.6214585,57.18336819,0.334967259,0,53.85586432,47.08938451
1613,1612,84.7461043,8.940353501,0.27053115,0,8.589058479,8.436614606
1617,1618,47.4577241,4.443220292,0.13643696,0,4.388905558,4.360112918
1618,1619,81.30935846,7.76268252,0.181915947,0,7.611471273,7.574588867
1249,1620,113.0202822,12.34019248,0.304898749,0,11.73652973,11.5174119
1622,1621,80.8047343,8.261334653,0.25635719,0,7.966957558,7.881021472
1623,1622,88.14432205,9.011721262,0.25635719,0,8.690605555,8.596863794
1560,1626,185.8898809,17.40390435,0.13643696,0,17.19115586,17.07837631
1631,1632,94.79243185,10.4043393,0.311230557,0,9.875738935,9.696404836
555,1633,43.89660698,6.50493654,0.361933053,0,6.068072377,5.501342725
1585,1634,116.1554388,9.619392886,0.181915947,0,9.432014309,9.386310218
899,1634,111.2312663,8.386965471,0.264495114,0,8.070674823,7.989123593
1940,1635,65.22492002,5.784472844,0.25635719,0,5.578354053,5.518182788
1637,1636,95.6902256,9.135637714,0.181915947,0,8.957682326,8.914276674
928,1637,164.7525595,15.72908504,0.181915947,0,15.42269423,15.34796149
1449,1654,106.8832755,10.75472195,0.376577102,0,9.977354481,9.040471416
1654,1655,24.11679856,2.472095052,0.384684067,0,2.286212913,2.066613098
3437,1656,120.5960195,9.709312208,0.311230557,0,9.216023221,9.048668937
1658,1657,150.2069964,14.42068815,0.194086352,0,14.10687636,14.05079214
3833,1658,32.43920483,3.319089177,0.392436845,0,3.060117869,2.860409423
3366,1659,181.8942499,13.38583657,0.22913232,0,12.99602591,12.84173636
879,1660,115.0841545,8.46919397,0.22913232,0,8.222561488,8.124942773
1660,1661,114.9237576,8.457390153,0.22913232,0,8.211101411,8.113618751
3359,1662,61.95739033,6.898963236,0.34364713,0,6.478054231,5.797012761
1245,1662,114.3980306,8.418701212,0.22913232,0,8.173539136,8.076502417
751,1663,83.43246889,9.559022984,0.320153427,0,9.047379487,7.971850308
1848,1665,299.1082675,24.0815208,0.311230557,0,22.85804083,22.44296038
2486,1666,632.6515686,72.7066264,0.311782172,0,69.00063596,59.02775273
220,1669,122.7541259,12.55016705,0.25635719,0,12.1029655,11.9724161
3673,1674,15.76771076,1.620809477,0.264495114,0,1.559685238,1.543925187
1712,1675,117.1715207,8.251493098,0.194086352,0,8.071930529,8.039839235
1960,1677,115.2376834,10.89496951,0.194086352,0,10.65788167,10.6155095
2399,1678,114.1577855,10.79287223,0.194086352,0,10.55800614,10.51603104
1957,1680,114.4928136,9.909571367,0.219460094,0,9.642271994,9.520582624
2378,1694,163.9619608,15.7412395,0.194086352,0,15.3986909,15.33747086
3141,1701,82.59165159,6.878104931,0.194086352,0,6.728428965,6.701678984
3220,1704,55.26079704,6.110799228,0.358099086,0,5.70842304,5.415392639
3365,1710,8.506077206,0.599017892,0.194086352,0,0.585982531,0.583652861
1244,1712,114.8867079,8.090591229,0.194086352,0,7.91453008,7.883064558
2952,1713,12.22516449,0.860924735,0.194086352,0,0.842189961,0.838841696
677,1713,103.6746162,11.5441816,0.34364713,0,10.83986563,9.700264485
926,1714,139.0096666,15.31794421,0.379007068,0,14.19746134,12.90950803
1718,1719,247.1026055,22.73540291,0.090957973,0,22.57604715,22.43780471
1719,1720,228.6718851,21.0396302,0.090957973,0,20.89216036,20.76422905
636,1724,151.1784101,13.15644315,0.22913232,0,12.77331269,12.6216672
1692,1726,84.43238702,7.031398528,0.194086352,0,6.878386707,6.851040544
2265,1728,258.3691876,24.80484646,0.194086352,0,24.2650627,24.16859293
1728,1729,68.85118409,6.13919685,0.264495114,0,5.907674429,5.84797953
1167,1730,71.04321706,5.916369175,0.194086352,0,5.787621754,5.764612108
1730,1731,69.14183631,5.758025128,0.194086352,0,5.632723467,5.610329644
1386,1733,226.5074285,22.72450054,0.22913232,0,22.06273745,21.80080738
300,1738,96.12555896,9.22857618,0.194086352,0,9.027751089,8.991859772
1738,1739,46.5777532,4.471717494,0.194086352,0,4.374407459,4.357016279
2360,1740,96.66780878,9.088429468,0.181915947,0,8.911393662,8.868212308
2018,1743,78.21335347,8.384167496,0.331983252,0,7.904297965,7.499155804
1743,1744,80.86099334,9.99266408,0.331983252,0,9.42073192,8.937863523
1744,1745,77.83713897,9.618981298,0.331983252,0,9.068436949,8.603625758
1359,1755,83.95762884,7.724768888,0.090957973,0,7.670624853,7.623654457
1152,1756,109.3476483,11.17951224,0.25635719,0,10.78115139,10.66485982
2886,1757,404.060024,25.13768615,0.13643696,0,24.8303985,24.66750306
1616,1759,362.9319872,37.10553136,0.25635719,0,35.78334567,35.39736637
1763,1764,44.92700955,4.313237131,0.194086352,0,4.219375822,4.202600996
1764,1765,46.73648508,4.486956618,0.194086352,0,4.389314961,4.371864514
509,1766,160.0658103,11.93911248,0.247909647,0,11.53868468,11.40618089
2598,1771,187.7445027,18.0244928,0.194086352,0,17.63225782,17.56215787
1387,1774,220.8909491,17.36157855,0.045478987,0,17.29444275,17.22788435
2732,1775,132.7799669,16.48631329,0.297610092,0,15.71492838,13.45937005
2672,1776,255.991766,31.90497163,0.299343021,0,30.3961421,26.02118666
3436,1777,131.9356546,9.656431104,0.219460094,0,9.395959901,9.277379089
968,1778,85.24542264,6.239151599,0.219460094,0,6.070857609,5.994240932
1778,1779,87.01891204,6.368954102,0.219460094,0,6.197158837,6.118948187
3234,1780,12.29050074,0.715827432,0.304898749,0,0.680810283,0.66809974
3235,1781,65.41192586,4.606461123,0.194086352,0,4.506218902,4.488303684
3963,1782,120.5550002,8.489765657,0.194086352,0,8.305017985,8.272000013
3482,1783,291.8870494,20.55537011,0.194086352,0,20.10806014,20.02811723
1131,1784,148.7413106,10.47471169,0.194086352,0,10.24676917,10.20603144
3097,1785,923.2823007,79.91184395,0.219460094,0,77.75631321,76.7749971
1596,1789,95.79161024,9.196515287,0.194086352,0,8.99638788,8.960621253
1790,1791,31.70925915,3.044261244,0.194086352,0,2.9780144,2.966174812
496,1793,297.4355225,28.39645491,0.181915947,0,27.84331322,27.70839471
1795,1794,74.79683384,7.688587074,0.264495114,0,7.398633789,7.323873289
1796,1795,74.81830632,7.690794293,0.264495114,0,7.400757769,7.325975807
1797,1796,82.8261297,8.513942068,0.264495114,0,8.192862857,8.110076961
2597,1799,179.705038,21.49990024,0.334410006,0,20.25266583,19.44662001
1488,1801,251.5105874,24.14638355,0.194086352,0,23.62092875,23.52701984
1102,1805,123.3746397,11.84463605,0.194086352,0,11.5868823,11.54081674
1807,1806,82.12969563,8.442353556,0.264495114,0,8.123974103,8.041884304
1808,1807,84.65199897,8.701628553,0.264495114,0,8.373471278,8.2888604
3614,1808,47.27750544,3.879150108,0.362539111,0,3.617821886,3.212278396
3111,1813,293.3618211,37.26573995,0.30835249,0,35.40455682,30.2425494
3874,1822,59.52358404,4.110743068,0.28123359,0,3.937362297,3.9048858
975,1823,52.11879048,5.003687194,0.194086352,0,4.894800848,4.875340758
695,1825,110.2174397,10.58147333,0.194086352,0,10.35120755,10.31005461
2117,1828,212.2567812,15.831973,0.247909647,0,15.30098193,15.12527402
1829,1830,66.23669792,6.262246714,0.194086352,0,6.125972576,6.10161776
1830,1831,114.5868095,10.83343364,0.194086352,0,10.59768489,10.55555204
2954,1832,56.08941532,6.245563478,0.34364713,0,5.864518701,5.247978565
2953,1833,32.37239297,2.886510234,0.181915947,0,2.830283174,2.816568657
1833,1834,37.2507452,3.502207971,0.181915947,0,3.43398758,3.417347732
908,1838,95.97696902,9.163013384,0.181915947,0,8.984524739,8.940989018
3553,1841,226.602126,17.95889249,0.291714491,0,17.14891735,16.81052796
1847,1846,107.3046323,10.04637556,0.13643696,0,9.923566839,9.858465032
2323,1847,76.68390687,7.179516033,0.13643696,0,7.091752321,7.045228133
2247,1848,126.2890945,10.16766765,0.311230557,0,9.651091567,9.475836852
2854,1849,129.776029,12.60130526,0.217860888,0,12.26576646,12.24460198
1147,1855,71.84183672,7.661659436,0.277498458,0,7.346312072,7.201171947
1856,1857,95.62832733,9.129728226,0.181915947,0,8.951887951,8.908510376
958,1859,84.03104201,8.591186708,0.25635719,0,8.285055957,8.195688682
1860,1861,146.2847128,14.87502686,0.247909647,0,14.37613097,14.21104353
1861,1862,136.7722055,13.90774328,0.247909647,0,13.44128926,13.28693702
1317,1869,300.1539765,28.88883266,0.158478818,0,28.44139731,28.06691272
1752,1879,46.98052977,4.510386234,0.194086352,0,4.41223472,4.394693152
901,1885,129.70719,12.45259531,0.194086352,0,12.18161162,12.13318161
1885,1886,60.41019279,5.799706885,0.194086352,0,5.673498179,5.650942249
3483,1888,103.2751436,12.55060159,0.325421877,0,11.85828111,11.2916142
2162,1891,303.5537887,25.56781008,0.217860888,0,24.88700821,24.84406587
632,1892,198.6323019,19.06978071,0.194086352,0,18.65479899,18.58063375
1893,1894,44.99022429,4.675854002,0.28123359,0,4.478638277,4.441697181
2187,1895,62.27810105,5.057817133,0.13643696,0,4.995989456,4.963214149
1774,1896,316.4768735,24.87443746,0.045478987,0,24.77825005,24.68288989
4006,1900,13.08950985,1.660674327,0.353841102,0,1.553720684,1.473723494
2964,1902,106.3991768,10.21489934,0.194086352,0,9.992610649,9.952883374
2965,1902,97.23869851,9.103954446,0.13643696,0,8.992666049,8.933671252
1902,1903,321.9641936,32.30126067,0.22913232,0,31.36061152,30.98829657
1905,1904,78.79273513,7.376954673,0.13643696,0,7.286777436,7.238973819
1563,1905,28.37988359,2.657061143,0.13643696,0,2.624580744,2.607362645
616,1906,127.4593498,12.50567865,0.197491644,0,12.22523669,12.08217936
911,1907,250.665053,25.6550137,0.28123359,0,24.57294995,24.37026519
503,1908,50.20899735,4.820336671,0.194086352,0,4.715440257,4.696693245
3382,1909,36.30261141,2.406944973,0.219460094,0,2.342020381,2.312463137
463,1911,64.26205863,6.07555748,0.194086352,0,5.943345928,5.919717174
1913,1912,56.93826173,5.035251534,0.045478987,0,5.015780629,5.041860543
1461,1914,174.1327584,11.54539443,0.219460094,0,11.23397059,11.09219334
1915,1916,80.52236857,8.078457385,0.22913232,0,7.843203593,7.750088636
1395,1917,41.52143133,3.98628311,0.194086352,0,3.89953672,3.884033467
207,1919,102.1094958,10.24419953,0.22913232,0,9.945876887,9.827798874
1633,1920,167.2220053,23.55678207,0.365278927,0,21.9475278,20.22566573
2422,1921,56.5463776,4.552608257,0.311230557,0,4.321309534,4.242838631
3468,1922,43.32298206,4.276102338,0.370817655,0,3.975723549,3.726263713
1235,1923,103.3632315,11.20175181,0.299463044,0,10.6716152,10.48419631
1925,1924,156.0109715,15.01554269,0.158478818,0,14.78297931,14.58833353
1926,1925,170.655484,17.02785989,0.219460094,0,16.56855281,16.35945097
2344,1928,50.57121153,4.734719953,0.13643696,0,4.676841874,4.646160279
1074,1929,307.3663352,23.60424204,0.302655397,0,22.46514466,21.57734533
3879,1930,303.6461647,20.13242523,0.219460094,0,19.58937605,19.3421502
2722,1932,174.1871554,16.72291376,0.194086352,0,16.35900273,16.29396481
2281,1933,148.6896211,17.36543869,0.313981483,0,16.4687459,14.0379872
2692,1935,183.5559118,14.90720205,0.13643696,0,14.7249737,14.62837311
1938,1939,64.10671093,6.55415796,0.25635719,0,6.32061289,6.252435204
2237,1940,26.77335997,2.374395762,0.25635719,0,2.289788643,2.265089695
227,1942,102.058883,10.37790345,0.247909647,0,10.02983729,9.914660258
3342,1944,24.26004252,1.608495509,0.219460094,0,1.565108179,1.545355881
1766,1945,68.81744861,5.133009093,0.247909647,0,4.960852282,4.903884633
2077,1946,197.929807,18.72673921,0.123954823,0,18.52845808,18.29630598
1946,1947,56.99106217,5.243630507,0.090957973,0,5.206877135,5.174993281
495,1948,297.8437465,29.71859716,0.219460094,0,28.91697193,28.55202806
720,1949,59.53391587,4.930291104,0.181915947,0,4.834252722,4.810827701
1953,1952,244.2402101,38.6581688,0.358120933,0,36.11236682,32.08541615
2445,1953,81.70703011,11.92072487,0.326761919,0,11.25813896,10.13220287
1275,1956,54.80324528,5.737810467,0.254311691,0,5.536298188,5.422914651
2326,1957,114.9276445,9.94720681,0.219460094,0,9.678892265,9.556740731
1101,1961,191.3929467,18.31614309,0.31758469,0,17.35024373,17.04638253
2488,1962,34.62943818,3.210875482,0.309820555,0,3.04910372,2.603200105
2514,1963,76.73265133,7.698251614,0.22913232,0,7.474069843,7.385337263
1963,1964,81.12701857,7.788634773,0.194086352,0,7.619144566,7.588853398
1475,1966,367.1086761,35.77585057,0.160332434,0,35.21115136,34.60052712
1156,1973,83.37565982,7.959954295,0.181915947,0,7.80490034,7.767080648
1565,1976,362.0529466,34.84640488,0.158478818,0,34.30669759,33.85498527
3164,1977,58.85272396,4.170618459,0.277498458,0,3.998959362,3.919952446
1765,1979,130.860258,12.5632961,0.194086352,0,12.28990343,12.24104289
2071,1980,51.09156472,4.531056053,0.25635719,0,4.369600408,4.32246744
2139,1981,371.0641866,31.33112628,0.328077906,0,29.57667752,28.71802089
740,1984,85.82917296,8.194193551,0.181915947,0,8.034576791,7.995644171
1899,1985,18.75473691,2.131925431,0.31696482,0,2.019903127,1.961942334
1987,1988,69.37567574,7.616312854,0.312408427,0,7.226656874,7.099173948
2326,1989,152.9358535,14.45908501,0.194086352,0,14.14443765,14.0882041
3343,1990,55.05146705,3.650036368,0.219460094,0,3.551580805,3.506758419
2430,1991,151.7804588,16.25161224,0.259554871,0,15.65935743,15.24118568
1991,1992,103.0662169,9.919784269,0.158478818,0,9.766144894,9.637555193
1922,1999,104.3384823,10.29850686,0.370817655,0,9.575078664,8.974282978
2041,2002,41.18397317,3.789252734,0.090957973,0,3.762693308,3.739652787
2161,2004,79.83768452,7.664851695,0.194086352,0,7.498055159,7.468245402
451,2012,55.26917477,5.30614121,0.194086352,0,5.190673095,5.170036716
2038,2014,197.1774018,17.39213019,0.247909647,0,16.80881276,16.61578977
1119,2015,138.6532628,11.48254634,0.181915947,0,11.25887493,11.20431854
1702,2021,53.04913167,5.093005005,0.194086352,0,4.982174995,4.962367534
1334,2024,84.16073903,8.604446705,0.25635719,0,8.297843459,8.208338251
2085,2031,77.38439212,7.66962398,0.322692881,0,7.253078591,7.047932473
520,2034,64.15647553,6.125080318,0.181915947,0,6.005768336,5.97666658
1446,2035,177.5252322,14.06940268,0.291714491,0,13.43484983,13.16974793
2116,2036,92.27993261,6.539449059,0.277498458,0,6.270290916,6.1464096
1546,2038,83.82594293,7.393908733,0.247909647,0,7.145923249,7.063863469
3193,2039,13.36406638,1.729276688,0.315289154,0,1.639295676,1.396576891
1357,2040,87.31569837,8.033737964,0.090957973,0,7.977428321,7.92857924
2040,2041,101.5368957,9.342201105,0.090957973,0,9.276720252,9.219915072
3924,2043,39.09657471,3.294236399,0.329423924,0,3.108368066,3.023249911
675,2049,152.6731194,16.49583145,0.300250163,0,15.71136933,15.44582544
2056,2057,125.4280993,12.04177934,0.194086352,0,11.77973551,11.73290322
2244,2061,154.1693629,14.43407695,0.13643696,0,14.25763216,14.16409749
2457,2062,51.06195068,5.095085764,0.376014357,0,4.727824719,4.424124792
2064,2065,158.9274306,15.1729544,0.181915947,0,14.8773966,14.80530617
2239,2073,136.3569543,12.54592314,0.090957973,0,12.45798693,12.38170154
1665,2074,99.0459276,7.97429167,0.311230557,0,7.56915172,7.431703068
1437,2075,47.08663701,3.771185292,0.304898749,0,3.586704854,3.519742048
1170,2076,78.12575577,7.743101077,0.322692881,0,7.322565069,7.115453594
3225,2077,234.857619,22.22059147,0.123954823,0,21.98531699,21.70985221
685,2078,100.4960466,9.594454063,0.181915947,0,9.407561277,9.361975676
3145,2079,147.0983695,13.90718907,0.194086352,0,13.60455165,13.5504645
1126,2080,358.5488359,24.62373374,0.13643696,0,24.32272873,24.16316377
1873,2084,84.98444113,10.42863057,0.327865399,0,9.845357402,9.349994331
2076,2085,75.24194569,7.45728454,0.322692881,0,7.05227153,6.85280504
3844,2096,34.36421784,3.428832597,0.219460094,0,3.336343753,3.294237746
1416,2101,94.91743073,9.061858245,0.181915947,0,8.885340027,8.842284919
2101,2102,94.39396305,9.011882283,0.181915947,0,8.836337559,8.793519899
2258,2103,142.1433863,10.91592185,0.302655397,0,10.3891395,9.978571432
3507,2108,169.9959339,11.904865,0.181915947,0,11.67296714,11.61640421
3148,2110,94.34387986,15.15005972,0.337483814,0,14.25618764,12.5359089
783,2112,80.35274316,6.691652101,0.194086352,0,6.546033577,6.520008739
2257,2116,95.95491478,6.79987793,0.277498458,0,6.520000757,6.391185956
4074,2117,140.249594,10.46104521,0.247909647,0,10.11019055,9.994090782
16,2118,31.87497854,4.221655888,0.37103945,0,3.924772913,3.623138009
434,2119,112.8080155,16.71675859,0.361933053,0,15.59408004,14.13766571
2225,2120,72.17218978,9.05086401,0.306091176,0,8.604917328,7.370185336
1360,2124,77.82654425,7.471771297,0.194086352,0,7.309176427,7.280117588
1154,2130,143.7167262,24.57819176,0.30710232,0,23.35981958,20.0134215
2458,2132,26.94271385,2.042951235,0.273669529,0,1.960971126,1.94351962
2491,2132,193.1010228,18.07904612,0.13643696,0,17.85804457,17.74089002
613,2134,63.29093193,6.910461269,0.304898749,0,6.572412401,6.449707244
2136,2135,81.83303994,6.485511819,0.291714491,0,6.19300473,6.07080185
1841,2136,96.16375921,7.621263946,0.291714491,0,7.277532597,7.133929374
2138,2137,157.9832486,12.52064236,0.291714491,0,11.95594111,11.72002163
3142,2138,52.43001568,4.15523469,0.291714491,0,3.967826875,3.889532107
3554,2139,59.60339845,5.032664619,0.328077906,0,4.75085055,4.61292602
3317,2140,23.52169003,1.92671533,0.298992838,0,1.835794181,1.782767651
2342,2141,92.36550272,8.818223229,0.181915947,0,8.646450838,8.6045533
1239,2142,79.11190259,7.552889299,0.181915947,0,7.405764666,7.369879039
2144,2145,55.29526278,5.683963088,0.264495114,0,5.469608519,5.414340117
796,2148,52.76163307,4.28495229,0.13643696,0,4.232572253,4.204805211
2370,2149,77.06536402,6.417884254,0.194086352,0,6.278223253,6.253263139
2153,2152,46.54596979,5.330224054,0.338860041,0,5.013357727,4.871561951
2152,2154,41.66193402,3.977504842,0.181915947,0,3.900026023,3.881127924
2004,2160,56.5792831,5.431918732,0.194086352,0,5.313713545,5.292587998
1462,2160,81.76349174,6.80913706,0.194086352,0,6.660961919,6.634480164
2354,2161,76.7274502,7.366252294,0.194086352,0,7.205953646,7.177305186
1892,2162,98.16999506,9.191146907,0.13643696,0,9.078792653,9.019232838
516,2162,124.6744795,12.10594273,0.217860888,0,11.7835941,11.7632616
1343,2164,189.0050718,18.04449568,0.181915947,0,17.6930024,17.60726859
1963,2167,82.60355836,7.733742265,0.13643696,0,7.639203591,7.589087945
2293,2168,86.51065869,8.892685665,0.264495114,0,8.557323212,8.470854578
480,2172,222.4060851,17.90614753,0.311230557,0,16.99641209,16.68777329
3501,2173,279.8924766,21.65197997,0.31553044,0,20.52375234,19.7601054
160,2174,484.9244553,39.38236999,0.13643696,0,38.90095273,38.6457499
351,2176,130.7768907,12.24396124,0.13643696,0,12.09428882,12.01494638
2084,2177,106.411164,10.21605017,0.194086352,0,9.993736438,9.954004687
2148,2185,78.36262385,6.364096124,0.13643696,0,6.286300254,6.245060091
1571,2186,160.421647,13.02838945,0.13643696,0,12.86912804,12.7847024
1009,2187,122.7862785,9.97189273,0.13643696,0,9.849994498,9.785375349
534,2188,129.3730224,9.168063586,0.277498458,0,8.790713912,8.617036929
1397,2199,81.55165026,8.382934569,0.264495114,0,8.066795934,7.9852839
2206,2205,313.5555954,29.35658232,0.13643696,0,28.99772211,28.80748768
477,2209,132.8709657,13.2577526,0.219460094,0,12.90013986,12.73733488
304,2210,72.49167662,6.787019282,0.13643696,0,6.704053522,6.660072763
3977,2212,378.3323888,36.32196586,0.194086352,0,35.53155551,35.39029394
1144,2212,78.13547417,7.648983706,0.185932235,0,7.494347551,7.389928761
2214,2213,79.03568722,7.737109043,0.185932235,0,7.580691296,7.475069479
782,2215,79.43790359,6.615465678,0.194086352,0,6.471505063,6.445776525
2256,2216,209.8792856,14.87316752,0.277498458,0,14.26100064,13.97924792
2216,2217,33.57085999,2.379010502,0.277498458,0,2.28109246,2.236025215
1638,2218,300.51205,30.7238262,0.25635719,0,29.62904054,29.30944504
157,2226,90.98382538,6.823265212,0.25635719,0,6.580131013,6.509154018
2232,2233,153.0666489,14.61341993,0.181915947,0,14.32876145,14.25932951
2108,2235,103.8119309,7.269979905,0.181915947,0,7.128366135,7.093824681
1635,2236,221.1737832,19.61479972,0.25635719,0,18.91586329,18.71182614
3823,2237,28.23838024,2.74195822,0.217860888,0,2.668947262,2.664342015
1612,2239,79.82174239,7.344234475,0.090957973,0,7.292757662,7.248101103
2242,2243,61.82004156,6.991378385,0.311097313,0,6.636456283,6.443211562
2167,2244,84.5463905,7.91563955,0.13643696,0,7.818877331,7.767582967
2477,2247,295.1145607,23.75998327,0.311230557,0,22.55283926,22.14330098
2809,2250,74.12818832,7.116709025,0.194086352,0,6.961840743,6.934162795
2985,2254,20.64852582,1.463264861,0.277498458,0,1.403038128,1.375318488
3523,2255,263.9304913,18.70352474,0.277498458,0,17.93370362,17.57938979
2255,2256,124.4649847,8.820253805,0.277498458,0,8.457219686,8.290131504
2188,2257,161.8831559,11.47190534,0.277498458,0,10.99973151,10.78241125
627,2258,89.16078956,6.847115693,0.302655397,0,6.516686461,6.259153737
979,2262,89.04814732,8.418920107,0.194086352,0,8.235714122,8.202971679
2262,2263,79.48566615,7.631056019,0.194086352,0,7.464994918,7.435316597
2908,2266,92.98597568,8.927159118,0.194086352,0,8.732893231,8.698174171
2269,2268,136.1616376,17.61269964,0.371456963,0,16.37152295,15.54523277
1871,2270,43.13279611,4.188212065,0.217860888,0,4.076691265,4.069656967
2459,2272,83.94650934,5.878798616,0.181915947,0,5.764284017,5.736352406
2734,2273,108.0029684,10.11175715,0.13643696,0,9.988149189,9.9226237
1700,2274,97.17207925,9.329047816,0.194086352,0,9.12603634,9.089754274
1422,2276,187.3438178,17.98602488,0.194086352,0,17.594627,17.52467666
3850,2277,76.06449014,5.326818504,0.181915947,0,5.223056065,5.197747046
1233,2278,99.00984091,9.269777313,0.13643696,0,9.156461867,9.096392516
3135,2281,16.12018673,1.509249383,0.13643696,0,1.490800043,1.481019913
2887,2281,76.15956094,8.894663773,0.313981483,0,8.435373282,7.190326628
3581,2282,14.17938369,1.656008108,0.313981483,0,1.570497425,1.338694694
1961,2283,153.419368,18.02054235,0.349376197,0,16.88692741,16.42356719
2283,2284,17.49276972,1.807688033,0.272534373,0,1.735696502,1.719575972
2283,2285,12.11030906,1.244854373,0.264495114,0,1.197908216,1.18580379
1100,2286,26.12356218,2.494041564,0.181915947,0,2.4454595,2.433609698
2395,2287,60.20457651,4.821805673,0.304898749,0,4.585930543,4.500312464
912,2291,87.33535953,8.880735343,0.247909647,0,8.582882944,8.484321923
966,2297,111.8523316,11.35842732,0.22895971,0,11.02810109,10.84863842
681,2298,60.89513816,5.701295599,0.13643696,0,5.631601923,5.594656793
270,2299,92.90582996,11.23508308,0.320360351,0,10.63301144,10.12209445
2220,2302,100.7649936,10.35793078,0.264495114,0,9.967310755,9.86659471
2302,2303,62.53689703,6.428352023,0.264495114,0,6.185924933,6.123418415
1474,2304,82.19530764,7.847264939,0.181915947,0,7.694406089,7.657121812
2442,2304,149.9314954,14.03730742,0.13643696,0,13.86571282,13.77474926
3824,2306,18.75430196,1.927809991,0.264495114,0,1.855108098,1.836362906
1794,2309,96.27076344,9.242516599,0.194086352,0,9.041388147,9.005442614
3380,2320,161.3964912,15.18722804,0.315289154,0,14.39697733,12.26531987
1816,2321,183.4660861,20.13708661,0.311230557,0,19.11400662,18.7669143
1153,2322,94.36334871,7.557593733,0.304898749,0,7.187888165,7.053692243
2324,2323,334.8992306,31.35487606,0.13643696,0,30.97158834,30.76840471
1986,2324,90.23613097,8.448340408,0.13643696,0,8.345066356,8.290320022
3344,2326,25.90590036,2.026556696,0.277498458,0,1.943145352,1.904754884
3209,2334,117.6469766,11.07044799,0.315289154,0,10.4944094,8.940577263
1705,2341,166.6863173,16.00279253,0.194086352,0,15.65455222,15.59231496
2735,2343,35.08351772,3.349457122,0.181915947,0,3.284212203,3.268298112
1846,2344,256.356028,24.00128382,0.13643696,0,23.70788775,23.55235634
2345,2346,111.4528592,11.456568,0.264495114,0,11.02451598,10.91311726
2352,2351,37.79269641,3.538333933,0.13643696,0,3.495080695,3.472151835
1380,2353,52.96735991,5.085154471,0.194086352,0,4.974495298,4.95471837
330,2354,80.37135396,7.716086863,0.194086352,0,7.548175387,7.518166368
1855,2357,81.01391668,8.282721093,0.25635719,0,7.987581933,7.901423381
2358,2359,225.9606911,21.69345463,0.194086352,0,21.22137855,21.13700946
1834,2360,155.0908919,14.58119978,0.181915947,0,14.29716892,14.22789007
3479,2361,75.237536,6.110297075,0.13643696,0,6.035603691,5.996008179
2126,2363,84.99538421,7.078284064,0.194086352,0,6.924251956,6.896723448
967,2364,83.82736773,6.981013458,0.194086352,0,6.829098078,6.80194787
3624,2366,186.1172151,15.49955365,0.194086352,0,15.16226443,15.10198434
2368,2367,94.16100829,8.918123247,0.304898749,0,8.481862721,8.323508645
2369,2368,84.24399383,7.471179642,0.25635719,0,7.204958233,7.1272415
1020,2368,301.8552177,31.02858778,0.264495114,0,29.85843248,29.55672389
1377,2369,123.2953494,10.9344496,0.25635719,0,10.54482109,10.43107872
2353,2370,200.6366153,19.26220569,0.194086352,0,18.84303656,18.76812296
2819,2371,290.8098159,23.61765764,0.13643696,0,23.3289511,23.17590563
2142,2379,52.55686897,5.017654742,0.181915947,0,4.919914582,4.896074475
2276,2383,90.87872507,8.724851605,0.194086352,0,8.534988176,8.50105592
4027,2386,8.362956078,1.054115573,0.304274081,0,1.00274417,0.857171314
2391,2392,105.6995591,9.993202222,0.194086352,0,9.775737934,9.736872872
978,2393,79.23029011,8.144315114,0.264495114,0,7.837175337,7.757983534
2468,2395,251.4950658,20.14232813,0.304898749,0,19.1569972,18.79934126
2397,2398,69.53438068,8.236603214,0.331274822,0,7.767037559,7.476982535
1246,2401,107.390141,10.15303569,0.194086352,0,9.932093229,9.892606551
1911,2402,84.72017654,8.009738768,0.194086352,0,7.835437067,7.804285992
599,2406,79.26760652,7.421414415,0.13643696,0,7.330693694,7.282601973
277,2407,138.6327318,13.30949583,0.194086352,0,13.01986494,12.96810232
597,2409,32.91864867,2.636466131,0.304898749,0,2.507494366,2.460680126
1195,2410,64.31774247,6.021736269,0.13643696,0,5.948125468,5.909103841
2000,2411,49.53016814,4.728692708,0.181915947,0,4.636581312,4.614114135
2412,2413,121.7049336,11.68433519,0.194086352,0,11.43006978,11.38462765
1501,2415,145.4823698,14.51610784,0.219460094,0,14.1245524,13.94629484
1023,2417,94.67748656,7.622583892,0.311230557,0,7.235312724,7.103926273
1477,2418,32.0509371,2.948940854,0.090957973,0,2.928271297,2.910340285
2420,2419,139.0061816,13.27105362,0.181915947,0,13.01254342,12.9494894
2415,2420,161.9151696,16.15575871,0.219460094,0,15.71997556,15.52158311
1388,2421,64.58547971,6.200557126,0.194086352,0,6.065625429,6.041510533
2172,2422,238.1556208,19.17415919,0.311230557,0,18.20000146,17.86950661
2190,2426,72.95591245,7.141936381,0.185932235,0,6.997550979,6.900054059
1646,2427,98.01156267,9.409642788,0.194086352,0,9.204877466,9.168281955
2420,2428,102.1248537,9.561419786,0.13643696,0,9.444539249,9.382580017
1991,2431,94.88530089,9.764975666,0.247312992,0,9.438886546,9.288278841
1568,2433,29.58073804,2.839911647,0.194086352,0,2.7781117,2.767066858
1196,2437,82.85697881,8.471152541,0.25635719,0,8.169298981,8.081180327
1143,2441,153.4521501,14.65022411,0.181915947,0,14.3648487,14.2952419
1180,2447,98.76266431,11.89352066,0.288659805,0,11.36736018,10.71874732
1272,2448,105.2342596,13.14350011,0.288659805,0,12.56204147,11.70574823
1243,2449,22.29475662,1.762986293,0.292776377,0,1.682940823,1.652471453
1969,2450,259.3390897,24.75935189,0.181915947,0,24.27705824,24.1594205
2453,2454,95.87853826,10.52354945,0.311230557,0,9.988892519,9.807503657
3044,2457,50.90189475,5.435320234,0.385310339,0,5.025392762,4.621516616
114,2458,77.67422455,5.889705611,0.273669529,0,5.653361886,5.603050243
914,2459,428.1532588,29.98369802,0.181915947,0,29.39963801,29.25717812
1241,2461,42.36959374,3.38155498,0.090957973,0,3.357853167,3.337291649
2442,2463,128.8715537,12.92911986,0.22913232,0,12.55260931,12.40358402
1898,2464,121.9350114,12.46642222,0.25635719,0,12.02220475,11.89252649
3148,2465,51.5207727,4.946274236,0.194086352,0,4.838637267,4.819400465
2165,2466,113.2268219,12.07521116,0.277498458,0,11.57820577,11.34945668
164,2468,309.1027193,24.75614532,0.304898749,0,23.54511373,23.10553285
2443,2471,116.6014014,16.70233904,0.344203283,0,15.68026689,14.26871622
1194,2472,66.09759953,6.31040129,0.181915947,0,6.187479394,6.157497132
1234,2474,128.3583638,13.96422967,0.2734148,0,13.40482036,13.02657951
1538,2476,58.86852165,5.651698076,0.194086352,0,5.528710222,5.50672992
1583,2477,105.8822496,8.524691131,0.311230557,0,8.091587719,7.944652122
1947,2482,71.58363363,6.586263019,0.090957973,0,6.540098938,6.500051218
1200,2484,57.6947526,5.60218397,0.217860888,0,5.45301291,5.443603779
215,2486,53.81909543,6.084783231,0.308799441,0,5.780075734,4.961741614
2334,2487,133.2428165,12.53799896,0.315289154,0,11.88559797,10.12578249
3967,2487,144.6481908,10.23138453,0.381515423,0,9.473768708,8.852158713
3609,2488,143.1884991,7.527489276,0.25635719,0,7.259261379,7.180958902
1383,2488,119.4289579,10.48713852,0.338928151,0,9.863476773,8.617383265
304,2489,41.59197835,4.150012428,0.219460094,0,4.038070581,3.987108498
1612,2490,126.34088,12.98695155,0.264495114,0,12.49718545,12.37090595
2388,2492,43.15494079,4.120043632,0.181915947,0,4.039788265,4.020212929
1820,2493,38.25647449,3.890126827,0.247909647,0,3.759655243,3.716481468
2052,2494,68.8530127,7.170397734,0.246115344,0,6.933037103,6.786650545
594,2495,98.80786465,9.486092107,0.194086352,0,9.279663154,9.24277032
1626,2496,138.7489011,12.99033918,0.13643696,0,12.83154291,12.74736384
2051,2498,221.0302915,26.02387192,0.302928484,0,24.76592214,23.65459971
1770,2500,148.912139,14.2963748,0.194086352,0,13.98526822,13.92966748
468,2501,36.62189601,3.36950539,0.090957973,0,3.345888035,3.325399784
1121,2504,83.76185871,8.35768743,0.219460094,0,8.132248355,8.029616093
1937,2507,44.05719536,4.22973024,0.194086352,0,4.137686143,4.121236088
1817,2509,107.0923053,10.94892992,0.25635719,0,10.55878543,10.44489243
2290,2511,36.68372926,4.554105324,0.3678314,0,4.238956165,4.07473677
596,2514,79.05003845,7.930744937,0.22913232,0,7.699792699,7.608380324
1148,2516,67.00934252,6.433261132,0.194086352,0,6.293265511,6.268245594
271,2519,91.7852383,9.985404224,0.2734148,0,9.585387305,9.314918556
3458,2520,327.7380839,13.91455582,0.304898749,0,13.23387769,12.98680479
57,2521,143.3150635,7.155524807,0.217860888,0,6.964992467,6.952974427
3079,2522,130.5109139,7.60126006,0.304898749,0,7.229418404,7.094447124
109,2523,406.5862447,17.26215926,0.304898749,0,16.41772165,16.11120724
91,2524,1023.019034,43.43363238,0.304898749,0,41.30892757,40.5377011
2524,2525,257.8985799,10.94942688,0.304898749,0,10.41379819,10.2193754
3272,2526,737.0235253,69.20553358,0.296150936,0,65.99655463,56.92118779
103,2526,227.0160739,15.57201131,0.315289154,0,14.76173882,12.57607374
3955,2527,307.6392814,17.92785374,0.25635719,0,17.28902845,17.10253927
3274,2528,485.8533926,42.32891295,0.334967259,0,39.86579078,34.85703135
3297,2529,144.1809274,7.879398949,0.228690641,0,7.650729639,7.498478958
2529,2530,365.6599858,21.35318209,0.228690641,0,20.73348795,20.32088839
2532,2531,78.95423442,4.913761545,0.304898749,0,4.673388079,4.586137191
2533,2532,296.9461814,18.48061397,0.304898749,0,17.57657147,17.24842165
2933,2533,138.4586972,8.617055524,0.304898749,0,8.195522756,8.042514569
80,2534,276.8905773,14.77652181,0.13643696,0,14.59589091,14.50013715
3331,2534,378.7357988,23.2427143,0.331837826,0,21.91348992,19.32824564
2586,2535,178.630311,12.07360183,0.309820555,0,11.46530423,9.788608035
3122,2536,211.4363441,14.60195148,0.28123359,0,13.986078,13.87071681
3301,2537,10.61413568,0.81835454,0.325239491,0,0.773258915,0.74709219
12,2538,200.9950034,12.50445234,0.13643696,0,12.35159564,12.27056518
3184,2539,93.51197387,5.81763726,0.13643696,0,5.746521403,5.708822364
76,2540,104.622497,10.08656444,0.381389999,0,9.340127338,8.857159661
2535,2542,506.9635976,34.26561027,0.309820555,0,32.53922499,27.78066006
2544,2543,150.4343726,14.29738138,0.373358401,0,13.28025718,12.21887377
2562,2544,201.8860301,19.18738064,0.373358401,0,17.82237899,16.39798056
3726,2545,10.5804931,1.080011297,0.3822636,0,0.999747451,0.903953768
3587,2545,16.3974413,1.574243498,0.194086352,0,1.539986037,1.533863568
2545,2546,18.80334004,2.19767456,0.344078326,0,2.063281835,2.005657252
3728,2546,22.29603842,2.34498621,0.358120933,0,2.190559067,1.946286147
2361,2547,97.41033696,8.549927524,0.13643696,0,8.445411653,8.390007022
65,2547,87.00764687,10.08693736,0.311247706,0,9.574410802,8.169966709
2551,2548,382.7886278,42.92077742,0.347032492,0,40.25420761,35.02701491
2547,2549,180.5140719,20.84991761,0.309820555,0,19.79944775,16.90395907
2549,2550,379.3453422,43.27096982,0.308704428,0,41.10531877,35.19953636
3626,2551,117.5836016,13.13352878,0.345326031,0,12.32498484,10.72937189
2550,2552,154.6168617,17.20334763,0.343580304,0,16.15414101,14.06903844
3627,2553,197.8990506,21.93393653,0.341794708,0,20.60905632,17.95675505
3440,2554,28.82431048,3.081998678,0.367938097,0,2.868606271,2.546408222
3629,2555,39.36945961,4.581052783,0.312634504,0,4.346370134,3.706846344
3614,2556,38.08581723,3.583832506,0.315289154,0,3.397351721,2.894330152
1808,2556,32.22036852,4.53316478,0.287099235,0,4.334603561,3.743861095
2558,2557,431.7281436,40.32746661,0.312634504,0,38.26153174,32.63173975
3217,2558,78.2150715,7.306022857,0.312634504,0,6.931742778,5.911807918
3582,2559,13.1002245,1.223684103,0.312634504,0,1.160996018,0.990167361
3221,2559,33.17796105,2.363117928,0.217860888,0,2.300194467,2.296225499
2559,2560,19.43060927,1.383955484,0.217860888,0,1.347104479,1.344780061
3218,2560,114.1341035,10.70052963,0.313981483,0,10.14799031,8.650164312
1928,2561,161.7618469,15.1449218,0.13643696,0,14.95978752,14.86164648
2768,2561,352.4162421,35.97313653,0.3822636,0,33.29969942,30.10899275
2561,2562,16.37918848,1.379590688,0.217860888,0,1.342855906,1.340538819
2832,2562,269.7978011,25.64175987,0.373358401,0,23.81758985,21.91404278
3784,2563,112.1003709,12.54385725,0.29922208,0,11.95108167,10.25547784
3465,2564,222.3500343,24.88062321,0.29922208,0,23.70485841,20.34164411
346,2565,58.00808152,7.473957984,0.253729308,0,7.212558584,6.053868764
3095,2566,64.41558779,3.751714091,0.304898749,0,3.568186154,3.501569086
18,2567,202.6675996,11.80383375,0.304898749,0,11.22640882,11.01681481
57,2568,196.7316563,9.825132152,0.13643696,0,9.705027948,9.641359826
1203,2569,43.37322246,4.164065125,0.194086352,0,4.073449981,4.057255307
3900,2570,1332.505784,49.74412735,0.194086352,0,48.66163437,48.468172
3306,2571,279.0787319,17.80373167,0.194086352,0,17.41630072,17.34705934
3620,2572,182.7844442,13.06376812,0.276103309,0,12.53100157,12.22513077
2618,2573,411.3304998,25.24302513,0.331837826,0,23.79940526,20.99167009
3156,2574,142.408071,8.859598038,0.13643696,0,8.751296698,8.693885362
3099,2575,736.1637944,27.48192615,0.194086352,0,26.88388586,26.77700453
1548,2576,62.62491265,6.446433909,0.370530313,0,5.994248284,5.544120942
3885,2577,156.8116353,10.42792231,0.30710232,0,9.910996962,8.491202553
2579,2578,627.6175381,43.05099298,0.315289154,0,40.81088188,34.76830651
183,2578,422.6034522,42.18164481,0.312634504,0,40.02072229,34.13208344
2655,2579,781.7453907,53.62328693,0.315289154,0,50.83305813,43.30657081
0,2580,770.866878,48.34256492,0.340553032,0,45.44211812,39.95591769
79,2581,4.423720254,0.165143076,0.194086352,0,0.161549361,0.160907095
2638,2582,385.2138066,43.77568323,0.30710232,0,41.60566703,35.64547012
134,2583,25.45305822,2.559318207,0.315289154,0,2.426146897,2.06692468
3349,2583,270.8888877,32.08616982,0.26024232,0,30.91123422,25.89428541
3269,2584,1219.862726,83.06254201,0.312634504,0,78.80733294,67.21164212
33,2585,661.4236466,45.20362216,0.313981483,0,42.8694593,36.54200051
2637,2585,324.306088,33.30485076,0.263722382,0,32.055514,26.80571203
136,2586,530.9096719,52.60155047,0.309820555,0,49.95135566,42.6464254
3028,2587,33.29540232,3.61035224,0.337218417,0,3.3976468,3.05777482
2140,2588,41.83016907,3.426404646,0.298992838,0,3.264713585,3.170413017
3630,2589,221.6415451,25.79033665,0.312634504,0,24.46912408,20.86874342
2102,2589,164.739887,16.84271781,0.25635719,0,16.24255929,16.06735791
3631,2590,242.0680185,25.88278091,0.367938097,0,24.09070068,21.38486515
2592,2591,13.90871052,1.345209334,0.302746016,0,1.280256239,1.097599301
54,2591,48.26864069,3.897587751,0.337590115,0,3.667491293,3.276635135
55,2592,15.08632758,0.823914915,0.127480308,0,0.814823349,0.801283144
50,2592,220.270181,19.93695471,0.302746016,0,18.97430386,16.26719872
3023,2593,26.99649357,4.143492317,0.332937841,0,3.905076431,3.471794096
3022,2594,8.462944817,1.254169478,0.247312992,0,1.212288061,1.061916612
2762,2595,200.77864,13.86592249,0.28123359,0,13.28109287,13.17154659
3054,2596,21.51890416,2.163736976,0.315289154,0,2.0511493,1.747450295
429,2596,125.1600909,16.07673626,0.312634504,0,15.2531415,13.00879816
3134,2599,186.3191376,23.93257798,0.312634504,0,22.70653649,19.36550251
1775,2600,90.86230592,11.23902646,0.295831253,0,10.71891888,9.184671611
2882,2601,90.96138782,11.50821982,0.305830924,0,10.94208357,9.348899728
2724,2602,141.8992216,10.85711228,0.378973544,0,10.06306226,9.274635836
2868,2602,145.8199329,12.29459534,0.336969224,0,11.57124381,10.11345424
1757,2607,325.1273329,20.2270662,0.13643696,0,19.97980686,19.84873286
3249,2608,37.10150852,2.034361388,0.264495114,0,1.95764121,1.937859959
2540,2617,90.1501,8.691293161,0.381389999,0,8.048110466,7.631951556
3455,2618,575.5706252,35.32231081,0.331837826,0,33.30226806,29.37343252
2669,2619,184.911965,12.69903159,0.13643696,0,12.54379631,12.46150495
169,2620,332.7170922,16.57197735,0.362277829,0,15.45705688,14.66581816
174,2621,494.5581716,34.42355645,0.322931863,0,32.55141931,30.90574114
3969,2623,314.2278811,40.51128289,0.313981483,0,38.41941663,32.74877651
2627,2624,164.1938723,21.24627546,0.315289154,0,20.14074887,17.15865225
3753,2625,84.18044047,10.52041796,0.305457175,0,10.0040394,8.575053998
2905,2627,80.8674572,9.894021146,0.341794708,0,9.296390493,8.099983054
3389,2627,196.8854186,19.79693097,0.315289154,0,18.76681942,15.98815071
2538,2628,133.8058054,8.324427415,0.13643696,0,8.222668099,8.168724737
143,2629,26.95831904,2.445302662,0.315289154,0,2.318064025,1.974844866
3730,2629,162.7769152,17.32910163,0.364990863,0,16.14701357,14.33426807
3732,2630,81.95745187,8.901721852,0.298397178,0,8.483189008,8.320361402
2565,2631,219.4548738,24.55665925,0.29922208,0,23.39620377,20.07678099
4067,2632,14.8916052,1.732795678,0.312634504,0,1.644026328,1.402124714
4001,2632,9.854962698,1.62979374,0.315289154,0,1.544989215,1.316233712
331,2633,96.4840611,11.26835912,0.313981483,0,10.68649899,9.109190036
3058,2634,370.1033653,29.73519168,0.296735763,0,28.3514001,27.67379752
2584,2635,644.2149063,44.02752663,0.313981483,0,41.75409339,35.59126069
2583,2635,323.1318295,32.37199553,0.313981483,0,30.70041467,26.16908603
2638,2637,25.2991698,2.625775692,0.266800461,0,2.525176699,2.107782582
3110,2637,205.3697446,23.6254091,0.30734546,0,22.45255958,19.17370498
33,2638,327.0480428,32.88485034,0.315289154,0,31.1737233,26.55805307
2583,2638,151.8342803,17.98442359,0.26024232,0,17.3258676,14.51384818
2640,2639,176.9382558,14.34740177,0.340312282,0,13.48771512,12.04751192
3328,2639,277.8385453,27.62116032,0.310250074,0,26.22598199,22.37286407
55,2640,40.53095449,3.286535665,0.340312282,0,3.089608662,2.759703688
2567,2641,593.986519,34.59516042,0.304898749,0,32.90281973,32.28853301
75,2642,175.4403426,9.618827397,0.264681891,0,9.255614758,9.163476867
3087,2643,197.7297491,10.0696997,0.181915947,0,9.873549486,9.825705876
3447,2644,15.94492142,0.81656624,0.194086352,0,0.798796761,0.795621012
3486,2645,281.1659097,14.39897906,0.194086352,0,14.08563968,14.02963989
2654,2646,1300.415978,89.20113879,0.315289154,0,84.55965559,72.03951222
3391,2647,341.6131141,34.22348772,0.313981483,0,32.45630204,27.66580743
3395,2647,627.5483383,41.73175865,0.30710232,0,39.66306239,33.98115224
3741,2648,897.1826774,87.45740685,0.30710232,0,83.12203214,71.21443123
3096,2649,47.01155594,2.738062679,0.304898749,0,2.60412097,2.555502738
2649,2650,75.51265206,4.398033,0.304898749,0,4.182888161,4.104794774
7,2651,878.3327566,34.91800144,0.25635719,0,33.67376425,33.31054009
2932,2652,82.4117859,4.386340666,0.219460094,0,4.268024135,4.214159945
2905,2653,10.46802277,0.791895141,0.389608272,0,0.730930471,0.693467149
2625,2653,242.2906448,30.39442342,0.30710232,0,28.88773326,24.74943695
2862,2654,1180.65305,77.76576757,0.348700263,0,72.89128108,63.39689244
2699,2654,383.3524583,35.30245447,0.369996446,0,32.83276942,29.13456305
3450,2655,332.9027647,33.2282808,0.312634504,0,31.52602996,26.88729797
3334,2655,1239.422425,84.70574541,0.313981483,0,80.33182591,68.47498594
2699,2656,82.10635022,7.012582693,0.338705537,0,6.596056616,5.747133309
3845,2656,429.8791451,36.08838131,0.358391927,0,33.70847779,30.00604846
180,2657,101.9547651,11.90728183,0.313981483,0,11.29242988,9.625686567
3596,2657,27.6780709,2.510589044,0.315289154,0,2.379953303,2.027570641
722,2658,23.27000337,3.0000447,0.313981483,0,2.845132492,2.425195807
3214,2658,82.94310957,7.747666053,0.312634504,0,7.350761045,6.269171944
3060,2659,189.7126881,11.04930949,0.304898749,0,10.50879469,10.31259834
3616,2660,24.18414574,1.408541061,0.304898749,0,1.339637453,1.314626785
2662,2661,152.7172631,8.345904438,0.228690641,0,8.103696597,7.942431805
3309,2662,183.6467668,10.27317527,0.2734148,0,9.861630195,9.583366761
3040,2663,94.56164058,5.167735461,0.228690641,0,5.017761776,4.917907555
3863,2664,271.8653028,10.83035609,0.228690641,0,10.51604657,10.30677565
72,2665,630.3527025,37.09608763,0.31758469,0,35.1398304,34.52441362
2641,2666,638.710765,37.20000484,0.304898749,0,35.38023926,34.71969979
9,2667,76.45544541,4.191805157,0.264681891,0,4.033520103,3.993367175
2600,2668,124.101364,15.35046353,0.295831253,0,14.64009128,12.5445889
3102,2669,15.34994833,1.054174502,0.13643696,0,1.041288081,1.034456894
1483,2669,600.5306678,68.57051783,0.304274081,0,65.22879343,55.75923776
338,2670,20.18699953,2.366309027,0.315289154,0,2.243180738,1.911049011
2671,2670,397.7794054,45.03372996,0.305457175,0,42.82331849,36.70639965
2582,2671,409.7072579,46.38411583,0.305457175,0,44.10742274,37.80708137
2748,2672,173.9832935,21.84784593,0.302674278,0,20.79338799,17.78346761
1962,2673,265.8147364,24.55521679,0.30835249,0,23.32884224,19.92748186
3322,2674,81.21470938,8.627446134,0.357099119,0,8.062292276,7.348694549
3680,2675,9.072001203,1.059517669,0.313981483,0,1.004807743,0.856499841
3670,2675,86.00396854,15.00485893,0.311247706,0,14.24244825,12.15326253
1481,2676,287.2645939,33.65026558,0.255131673,0,32.46156079,27.23169568
1482,2677,15.21272802,1.134698726,0.247909647,0,1.096641884,1.084048663
3780,2677,166.7350295,19.5313942,0.255131673,0,18.84144239,15.80590744
3108,2678,403.934907,47.31706303,0.255131673,0,45.64557491,38.29164017
2765,2679,52.04150386,2.721054582,0.247909647,0,2.629792699,2.599593632
3059,2680,19.53385269,1.031398722,0.14686665,0,1.017259117,1.016049318
2634,2680,67.71044917,5.44005641,0.296735763,0,5.186891597,5.062924134
407,2681,16.91758018,1.1394228,0.349500981,0,1.067697929,1.012548036
3992,2681,32.29809574,3.166277645,0.394788031,0,2.916479553,2.682076504
2997,2682,18.56950204,2.090152687,0.348700263,0,1.959138472,1.703952642
3513,2682,20.84335099,2.090784766,0.353016465,0,1.956711058,1.760137257
3990,2683,136.9541393,15.29712567,0.345326031,0,14.35538348,12.49691175
2688,2687,318.3660071,37.18191853,0.313981483,0,35.26196944,30.05736312
2906,2688,394.1206391,46.19860542,0.315289154,0,43.79471177,37.31034205
3660,2689,36.47968875,3.356421192,0.090957973,0,3.332895546,3.312486853
1077,2692,23.70381321,1.925067568,0.13643696,0,1.901535192,1.889060506
418,2693,42.53175468,4.787304535,0.348700263,0,4.487228396,3.902748474
2693,2694,13.8557229,1.485497978,0.284617001,0,1.421457095,1.394186075
3795,2694,52.23205953,5.927680387,0.310451986,0,5.62790691,4.828797803
3796,2695,46.65760808,5.295050412,0.310451986,0,5.027270172,4.313445754
3886,2696,177.7148803,16.72277007,0.315289154,0,15.85261911,13.50543519
3211,2697,127.8769116,12.03307335,0.315289154,0,11.40694561,9.718000763
3208,2698,100.5566726,9.462269637,0.315289154,0,8.969910838,7.6418003
2700,2699,129.7763625,21.22635734,0.311247706,0,20.1478266,17.19239711
2657,2700,19.24614737,3.171223744,0.313981483,0,3.007472427,2.563574646
3945,2700,105.1147261,11.63360524,0.344553962,0,10.92036284,9.528820343
2656,2701,87.96522138,8.183904109,0.310250074,0,7.770525179,6.628880615
3334,2701,330.3564017,32.68838819,0.31325905,0,31.0076233,26.51238756
2701,2702,381.2714886,44.20142094,0.311247706,0,41.9555061,35.80116784
215,2703,19.58404224,2.041677497,0.371953422,0,1.897442751,1.748573648
2708,2703,147.3182483,16.6106251,0.302337402,0,15.8105755,13.55279508
2705,2704,368.3637133,41.53424041,0.302337402,0,39.53374662,33.88825199
2706,2705,89.89264114,10.3411066,0.30734546,0,9.827737207,8.392545767
2702,2706,116.8217419,13.54333366,0.311247706,0,12.85518443,10.96949264
2704,2707,33.96031664,3.829139258,0.302337402,0,3.644709033,3.124237612
2707,2708,48.74035511,5.495638016,0.302337402,0,5.230940995,4.483952616
3746,2709,65.60959953,4.505811058,0.13643696,0,4.450731203,4.421532967
1666,2710,487.6387854,56.95126109,0.313981483,0,54.01048971,46.0386339
1321,2712,28.28903664,2.383604571,0.329423924,0,2.249116163,2.187527376
104,2714,1079.385327,52.0929966,0.366788728,0,48.5070177,46.60460622
3178,2714,361.3691501,31.69088311,0.328372349,0,29.91334495,26.54868011
172,2715,20.01462445,2.070000691,0.2658182,0,1.991224966,1.663109813
2716,2715,279.7028536,32.65614344,0.312992564,0,30.97966885,26.39996328
3314,2716,402.9506403,47.23365332,0.315289154,0,44.77590209,38.14625454
2718,2717,41.65557685,3.832644019,0.090957973,0,3.805780457,3.782476095
1240,2718,37.16671861,3.419633398,0.090957973,0,3.395664687,3.374871634
2720,2719,72.58477897,3.433993662,0.090957973,0,3.409924298,3.389043927
1411,2720,30.21093806,1.429282713,0.090957973,0,1.419264662,1.410573919
2592,2721,239.8925598,22.15360414,0.30734546,0,21.05382025,17.97923025
2721,2722,58.23945597,2.875025712,0.194086352,0,2.81246164,2.801280234
2721,2723,33.30414263,3.064134972,0.305830924,0,2.91339768,2.489202591
3113,2724,10.81533651,0.777638214,0.3686321,0,0.723607488,0.676996805
3113,2725,21.01897965,2.616111084,0.302746016,0,2.489792816,2.134568668
2723,2726,76.92339557,4.795788713,0.344078326,0,4.502515485,4.376766508
1855,2727,73.82343467,6.911704873,0.13643696,0,6.827214934,6.782426196
795,2728,142.2755724,13.73405852,0.205690482,0,13.40349116,13.36366994
2746,2729,48.19172194,4.953769182,0.264495114,0,4.766951808,4.718783496
1776,2732,105.8126374,13.02067768,0.297391097,0,12.4122713,10.65603745
2601,2733,131.2191834,16.39389029,0.304440567,0,15.59414365,13.36295531
2733,2734,105.4944768,13.29713678,0.304274081,0,12.64911241,10.81278419
1125,2736,44.08408179,4.108777025,0.098745822,0,4.076910034,4.03575079
3330,2737,267.0204755,14.24979469,0.13643696,0,14.07560261,13.9832621
2526,2738,525.9335485,35.53656639,0.308818312,0,33.75680255,28.81230021
2322,2739,133.5213746,10.69377377,0.304898749,0,10.17065122,9.980767923
2741,2740,120.9276272,6.436333871,0.219460094,0,6.262721114,6.183683042
2903,2741,187.9699385,10.00463922,0.219460094,0,9.734775496,9.611918694
3552,2743,217.0700227,14.90752139,0.13643696,0,14.72528914,14.62868648
2743,2744,157.6816282,10.8289584,0.13643696,0,10.69658324,10.62641019
2744,2745,225.3974734,15.47941818,0.13643696,0,15.29019496,15.18988633
2747,2746,63.20994879,6.497536998,0.264495114,0,6.252500793,6.18932155
668,2747,28.12438822,2.890988784,0.264495114,0,2.78196333,2.753852604
2599,2748,173.6696753,21.80846352,0.302674278,0,20.75590633,17.75141155
126,2753,40.1882484,3.762617028,0.13643696,0,3.716622112,3.692239869
3384,2754,250.1070467,13.34719392,0.13643696,0,13.18403539,13.09754386
577,2755,140.805855,14.12643616,0.22913232,0,13.71505841,13.55223246
1920,2756,255.7341593,35.01051712,0.353608278,0,32.75845596,30.32928484
575,2757,89.36661549,8.677534752,0.217860888,0,8.446475389,8.431901063
2861,2760,259.8436444,17.27951712,0.30710232,0,16.42294952,14.07028893
3657,2761,97.9667232,7.553277542,0.325239491,0,7.137052354,6.895537803
2536,2762,181.7824737,12.55403309,0.28123359,0,12.02453565,11.92535382
11,2763,73.06297417,5.05598901,0.246115344,0,4.888621343,4.785401291
3372,2764,136.7857801,8.094475306,0.324561148,0,7.650144062,7.522673784
3232,2764,137.0793849,11.40450448,0.333500193,0,10.74624029,9.416740982
2629,2765,328.6308086,29.59063206,0.312634504,0,28.07473424,23.94382502
2765,2766,75.74977743,7.101845225,0.313981483,0,6.735129848,5.741036213
2679,2766,47.801412,2.346608372,0.181915947,0,2.300898197,2.289748886
2673,2767,273.1778449,24.32571308,0.30835249,0,23.11080075,19.74123096
3725,2768,119.8389873,12.23264917,0.3822636,0,11.32354806,10.23854967
2619,2769,94.16856235,6.467129088,0.13643696,0,6.388073724,6.346165894
2769,2770,88.4911044,6.077223449,0.13643696,0,6.002934363,5.963553172
3779,2771,76.9185694,5.282466941,0.13643696,0,5.217893103,5.183662037
2771,2772,95.72527001,6.57403769,0.13643696,0,6.493675456,6.451074845
2772,2773,140.6208462,9.657290522,0.13643696,0,9.539238044,9.476657558
3558,2774,20.33898799,1.396802261,0.13643696,0,1.379727496,1.370676037
3957,2778,18.1224792,2.238295868,0.362363971,0,2.087642664,2.005320558
2894,2779,9.798039461,1.098620597,0.347032492,0,1.03036581,0.896568104
2778,2780,87.39161625,7.172294774,0.362363971,0,6.68954841,6.42575915
3120,2781,143.4981803,13.43498954,0.13643696,0,13.27075778,13.18369732
3950,2782,163.7393718,15.98203722,0.3920267,0,14.7374559,13.55522157
3437,2783,11.10609518,1.138431491,0.384684067,0,1.052830381,0.951701849
1656,2783,111.3053364,7.83838265,0.194086352,0,7.667809868,7.637325223
2783,2784,529.4571799,51.67849529,0.3920267,0,47.65409658,43.83129913
30,2785,291.7849179,20.15088385,0.28123359,0,19.30097041,19.14177046
3734,2786,345.5482685,21.49750881,0.13643696,0,21.23471935,21.09541272
2785,2787,434.9153812,30.0355803,0.28123359,0,28.76875531,28.53146234
2791,2788,114.142965,8.956821837,0.355255101,0,8.375691884,8.151557128
2790,2789,114.6144366,11.23599147,0.394788031,0,10.34954703,9.517734104
3452,2790,82.91903815,8.128798026,0.394788031,0,7.487490324,6.885706381
2794,2791,114.37825,8.975284701,0.355255101,0,8.392956854,8.168360085
2789,2792,114.9557446,11.2694509,0.394788031,0,10.38036673,9.546076771
2792,2793,113.5271288,11.12939949,0.394788031,0,10.25136444,9.427442636
2795,2794,113.5582946,8.910942628,0.355255101,0,8.332789376,8.109802698
2799,2795,354.4885171,34.60040557,0.3920267,0,31.90594191,29.34645674
564,2796,112.5676951,10.80711063,0.194086352,0,10.5719347,10.52990423
29,2796,114.1497984,12.03911469,0.363764038,0,11.22298585,9.986869427
2799,2797,18.02884142,1.269633266,0.194086352,0,1.242004496,1.237066701
2796,2797,123.4333146,13.25117571,0.369996446,0,12.32415148,10.93598788
2797,2798,118.3063503,12.70077078,0.369996446,0,11.81225172,10.4817473
2802,2799,227.5483233,22.21020962,0.3920267,0,20.4806171,18.83766809
2803,2800,15.5000928,1.091552862,0.194086352,0,1.067799338,1.063554126
4046,2800,22.43408362,2.408409632,0.369996446,0,2.239922388,1.987622768
2802,2801,15.4501181,1.460707649,0.194086352,0,1.428920866,1.423239955
2798,2801,118.1790173,12.68710095,0.369996446,0,11.7995382,10.47046581
4047,2802,172.5948898,17.6918579,0.384684067,0,16.36156908,14.78997551
3866,2803,12.96003365,1.264984334,0.3920267,0,1.166475248,1.072900951
3867,2804,208.7907521,22.41471802,0.369996446,0,20.84663176,18.4985159
3127,2805,268.5354615,26.21082329,0.3920267,0,24.16968794,22.23080277
2804,2806,268.5696053,30.11378973,0.347032492,0,28.2428888,24.5754207
2808,2807,16.19217566,1.367731657,0.324920286,0,1.292499045,1.136181984
3288,2807,46.19398443,4.667834612,0.379138176,0,4.326171095,3.919034105
94,2808,20.41900617,2.08428446,0.3822636,0,1.929385445,1.744515818
3186,2808,661.3487844,53.32802322,0.34092728,0,50.12195069,44.86283642
95,2809,122.4466242,13.49914337,0.342719825,0,12.67966273,11.06864261
2815,2810,102.0939192,10.08157169,0.367646593,0,9.384565159,8.522133003
2812,2811,102.1008159,11.21224454,0.340844781,0,10.53846793,9.203335464
2809,2812,48.89911539,5.369877161,0.340844781,0,5.047185517,4.407750895
3634,2813,316.9006149,31.29330612,0.367646593,0,29.12979042,26.4527918
2813,2814,15.24620148,1.457868601,0.217860888,0,1.41904949,1.416600931
2811,2814,160.6114355,17.63761312,0.340844781,0,16.5777173,14.47746433
2813,2815,160.9938811,15.8978259,0.367646593,0,14.79870279,13.4387168
492,2816,17.13089619,2.25171594,0.381178028,0,2.085253582,1.977128173
28,2816,151.4840868,11.50109956,0.322692881,0,10.87646268,10.56883275
2160,2818,17.71587535,1.700820333,0.194086352,0,1.663808405,1.65719366
2371,2818,59.49157618,5.149109377,0.219460094,0,5.010218031,4.946987054
94,2820,732.1659376,62.73652405,0.33840117,0,59.01635793,51.90996243
3222,2822,34.43367404,4.334453075,0.307698549,0,4.118819912,3.526077934
3227,2823,53.99532086,2.838560368,0.25635719,0,2.737413618,2.707886335
2928,2825,899.4072053,55.82780023,0.329546693,0,52.6756985,46.27419471
139,2826,80.1605349,6.504506225,0.322931863,0,6.150756384,5.839797115
3371,2828,10.85999674,0.998165169,0.310264167,0,0.947742415,0.811172091
1945,2829,93.96675307,7.008864868,0.247909647,0,6.773793431,6.696006982
2829,2830,96.20046539,7.175474731,0.247909647,0,6.934815339,6.855179804
3,2832,552.162789,52.47791341,0.373358401,0,48.7446035,44.84884209
2561,2833,267.0396528,27.25826096,0.3822636,0,25.23249247,22.81476848
3369,2835,19.85521003,1.497105683,0.264495114,0,1.440646583,1.426089374
93,2835,108.0236108,7.539729295,0.353969028,0,7.053817287,6.626199351
3890,2836,119.8382687,6.979660311,0.304898749,0,6.638226335,6.51429245
3107,2837,415.6632419,47.46176219,0.304274081,0,45.14875459,38.59430796
2839,2838,136.9808822,13.52040517,0.370817655,0,12.57065173,11.7818965
2840,2839,212.7851946,21.00250778,0.370817655,0,19.52716708,18.30191994
3649,2840,11.99588171,1.184027862,0.370817655,0,1.100854723,1.031780745
2842,2841,159.0019314,15.69394576,0.370817655,0,14.59150994,13.67595441
2843,2842,68.31094314,6.742485623,0.370817655,0,6.268853445,5.875509407
1010,2843,93.92699895,9.270863655,0.370817655,0,8.619623209,8.078778312
3401,2844,42.83701995,4.372619032,0.3822636,0,4.047656487,3.659818616
22,2847,367.4121322,21.39893962,0.304898749,0,20.35213724,19.97216836
3308,2848,17.36912047,1.108057064,0.194086352,0,1.083944389,1.079634989
3908,2848,136.1733207,11.229825,0.366987619,0,10.45600904,10.04745214
647,2849,22.42519771,2.718477885,0.340844781,0,2.555116588,2.231405481
97,2849,574.121137,47.39560124,0.369930628,0,44.08099829,39.60329363
2898,2850,96.90191705,4.756990229,0.181915947,0,4.664327619,4.641725993
3245,2851,12.66910964,0.735211208,0.2734148,0,0.705758527,0.685844295
3244,2851,82.76410783,5.683915691,0.13643696,0,5.61443447,5.577601965
3051,2852,13.42181666,0.687353802,0.194086352,0,0.672396143,0.669722921
644,2853,84.80854517,7.417910202,0.336969224,0,6.981478048,6.10192473
608,2854,85.67444043,8.099958179,0.194086352,0,7.923693194,7.892191242
1114,2854,211.4482095,20.53170723,0.217860888,0,19.98500321,19.95051924
932,2855,83.88942134,10.12968634,0.338928151,0,9.527281984,8.323661344
2664,2856,225.6514328,8.989324284,0.228690641,0,8.728443652,8.554746299
3335,2857,653.5273899,44.66396893,0.313981483,0,42.35767195,36.10575209
2653,2857,452.8194551,43.03734493,0.340886485,0,40.45051926,35.23476037
3213,2859,219.9405353,20.69615665,0.315289154,0,19.61925489,16.71437215
2577,2861,931.4035524,61.93803072,0.30710232,0,58.86768389,50.43462627
2857,2862,788.2592691,53.87193874,0.313981483,0,51.09017319,43.5493511
3995,2863,194.4460229,22.70932204,0.313981483,0,21.53668911,18.35791067
3449,2864,7.21557516,0.845805768,0.315289154,0,0.801795194,0.683079115
3448,2864,61.41418049,7.917716372,0.313981483,0,7.508872156,6.400575481
2039,2865,16.7614372,1.951447321,0.363764038,0,1.819159153,1.618794247
34,2865,325.6816145,41.00919937,0.308704428,0,38.95674675,33.35965916
421,2866,12.95437541,1.518504789,0.315289154,0,1.439491061,1.226355916
3194,2866,272.5863111,35.01354305,0.312634504,0,33.21983505,28.33187701
3684,2867,13.0877009,1.53413313,0.315289154,0,1.454306199,1.238977482
956,2867,124.9740298,15.99365965,0.311247706,0,15.1810071,12.95414675
3770,2868,19.34756639,2.336227571,0.338928151,0,2.197293983,1.919700815
2754,2870,62.91714178,3.357631476,0.13643696,0,3.316587177,3.294829293
2976,2872,83.9823151,7.627120072,0.356036839,0,7.130243843,6.613334328
3016,2873,41.60857308,2.948605795,0.277498458,0,2.827243697,2.771386214
1526,2874,72.3387912,7.329330859,0.219067103,0,7.13225635,7.003290871
667,2875,75.64711278,7.262534029,0.194086352,0,7.104492417,7.076247333
672,2878,84.32827249,8.095972551,0.194086352,0,7.919794298,7.888307847
2264,2880,42.60937697,6.482780678,0.350036432,0,6.073541391,5.444145211
2668,2882,126.3216521,15.9819169,0.305830924,0,15.19570125,12.98318427
2886,2885,19.82875927,1.3963877,0.194086352,0,1.366000598,1.360569837
3304,2886,280.4864281,20.04661653,0.276103309,0,19.22907547,18.75971053
2891,2887,155.8613604,18.20302506,0.313981483,0,17.26308213,14.71508076
2779,2888,119.1052281,13.35486118,0.347032492,0,12.52515417,10.8987057
2281,2889,104.9213886,9.82324483,0.13643696,0,9.703163697,9.639507805
2889,2890,89.95115322,8.42165942,0.13643696,0,8.318711522,8.264138084
3952,2891,44.81165015,5.233545943,0.313981483,0,4.963303251,4.230728189
2890,2892,16.60947167,1.555058591,0.13643696,0,1.536049271,1.525972292
2782,2893,8.356362078,0.856299425,0.383877331,0,0.792162477,0.715858235
2893,2894,18.1736297,3.054835792,0.345326031,0,2.866769888,2.49563311
2780,2894,78.02753025,6.815062697,0.381178028,0,6.3112463,5.983993013
3443,2895,81.26807113,6.558832763,0.359239166,0,6.124404226,5.516869423
1016,2897,123.8300212,11.88835515,0.194086352,0,11.62965002,11.58341442
2662,2898,140.2265639,6.883830731,0.181915947,0,6.749738859,6.717032094
2665,2899,88.073339,5.1830924,0.31758469,0,4.909762713,4.823776233
3891,2900,430.2531955,21.48761712,0.13643696,0,21.22494857,21.08570605
3542,2901,11.66060222,0.582351412,0.13643696,0,0.575232642,0.57145893
3881,2902,35.31597174,1.87968118,0.219460094,0,1.828978927,1.805896473
42,2903,341.0528926,18.15242997,0.219460094,0,17.6627889,17.43987736
1202,2904,518.3466365,34.14180317,0.348700263,0,32.00173867,27.83338081
82,2905,200.0176761,24.56691727,0.343580304,0,23.06861747,20.09102595
2867,2906,73.99690512,8.673876683,0.315289154,0,8.222541044,7.005088205
683,2907,34.55130285,3.6174651,0.254311691,0,3.490419488,3.418935603
2681,2909,23.28563262,2.282759288,0.394788031,0,2.102664875,1.93366967
642,2909,37.20783088,2.018210129,0.247909647,0,1.950521058,1.928122366
2682,2910,16.17530479,1.743485401,0.37201497,0,1.620278723,1.437245654
3515,2910,40.28348322,4.652863334,0.309820555,0,4.418440696,3.772284035
3748,2911,89.08375274,9.950231277,0.345326031,0,9.337661776,8.128792616
2912,2913,16.89502785,1.622014512,0.194086352,0,1.586717495,1.580409237
3413,2915,407.8808423,39.90982362,0.308704428,0,37.9123932,32.46535249
1015,2916,143.2771367,16.61035042,0.311247706,0,15.76636324,13.45363861
3053,2917,2128.808393,144.4198498,0.311247706,0,137.0817444,116.9735989
2918,2919,13.55190664,1.301056703,0.194086352,0,1.272744119,1.267684115
1537,2922,38.38896986,4.213541736,0.311230557,0,3.999469546,3.926842953
15,2923,16.82604561,1.432164375,0.362277829,0,1.335812,1.267432477
83,2923,98.23220681,11.87887069,0.33619229,0,11.18295588,9.756030852
3467,2924,149.0084787,16.23559471,0.336969224,0,15.28037479,13.35529471
3464,2925,52.67892369,5.739765026,0.336969224,0,5.402066409,4.721493413
70,2926,257.678531,12.23546214,0.322931863,0,11.57003226,10.98509465
170,2927,51.60240933,5.192295628,0.376577102,0,4.816988696,4.364668881
3166,2928,261.6849745,22.58670329,0.376577102,0,20.95410243,18.98649231
2926,2928,252.7567376,12.00175848,0.322931863,0,11.34903866,10.77527365
3809,2929,9.015153692,0.924099307,0.384684067,0,0.854614294,0.772525203
182,2930,107.0048945,12.49708568,0.313981483,0,11.85177825,10.10247607
2850,2931,87.54998331,4.297896552,0.181915947,0,4.214176743,4.193756384
2740,2932,127.6133527,6.792179447,0.219460094,0,6.608968162,6.525560312
88,2933,311.2053007,13.21263454,0.304898749,0,12.5662933,12.33168401
3608,2935,47.43329189,3.92817999,0.181915947,0,3.851661982,3.832998237
3607,2935,112.9903417,10.59329738,0.313981483,0,10.04629517,8.5634792
3237,2936,52.61307774,2.800314056,0.219460094,0,2.724778782,2.690390972
3810,2937,25.26966905,2.784550098,0.379007068,0,2.580864757,2.346736047
1663,2938,130.0393975,14.89887098,0.320153427,0,14.10141391,12.42507413
2940,2939,31.335701,3.206181736,0.392436845,0,2.956020009,2.763105165
1597,2940,61.57306564,6.299984751,0.392436845,0,5.808429626,5.429361726
1657,2941,132.3246563,12.7038863,0.194086352,0,12.42743421,12.37802689
1459,2941,126.0330868,10.49584043,0.194086352,0,10.26743812,10.22661822
3364,2942,87.75070236,6.651661748,0.272534373,0,6.386758015,6.327440083
2663,2943,161.2549697,8.81248485,0.228690641,0,8.556736304,8.386455953
4073,2944,351.0724291,27.99761302,0.368615013,0,26.05249072,23.62119877
177,2945,20.42753056,1.931289454,0.194086352,0,1.889262236,1.881751162
96,2946,586.0243137,54.06419955,0.311782172,0,51.30844789,43.89267335
2853,2947,154.3135526,13.49727287,0.336969224,0,12.7031619,11.10276896
998,2948,41.71052052,4.184634263,0.22913232,0,4.062772993,4.014539522
1582,2949,83.34632161,6.768839228,0.13643696,0,6.686095704,6.642232755
2951,2950,166.1789186,17.41434877,0.38318077,0,16.11439492,14.89947603
2952,2951,139.0301631,14.56935555,0.38318077,0,13.48177598,12.46533916
1714,2952,91.2526515,10.05543757,0.379007068,0,9.319898564,8.474423873
2955,2953,34.86542623,3.108803532,0.181915947,0,3.048246365,3.033475678
3546,2954,84.33779541,9.391024167,0.34364713,0,8.818073348,7.891024358
384,2955,65.45440215,5.429839922,0.311097313,0,5.154190388,5.004107265
2957,2956,154.4592501,11.7752831,0.28123359,0,11.27863137,11.18560197
708,2957,162.809239,13.50601452,0.311097313,0,12.82037246,12.44706038
3453,2958,31.65368357,2.333389663,0.324561148,0,2.205302555,2.168556773
3231,2958,34.08076893,2.415145374,0.277498458,0,2.315740051,2.269988278
2960,2959,11.18864644,0.787930705,0.194086352,0,0.77078437,0.767719989
3577,2960,325.9332285,22.95298183,0.194086352,0,22.4534969,22.36422932
3503,2961,20.72309242,1.468549049,0.277498458,0,1.408104823,1.38028508
2977,2966,96.12127349,7.26054173,0.31696482,0,6.879035601,6.681642789
2970,2967,67.58427997,6.137880549,0.356036839,0,5.738022291,5.322042363
2969,2968,88.9209942,8.075641864,0.356036839,0,7.549546242,7.002239253
2967,2969,59.15384665,5.372244032,0.356036839,0,5.022263918,4.658173143
3701,2970,121.7609659,11.05810796,0.356036839,0,10.33771665,9.588280278
2972,2971,55.48937023,5.039442994,0.356036839,0,4.71114353,4.369607536
2973,2972,179.8002965,16.32913368,0.356036839,0,15.26535623,14.1586889
2974,2973,187.3017425,17.01040127,0.356036839,0,15.90224197,14.74940339
2975,2974,97.73095018,8.875745933,0.356036839,0,8.297526745,7.695994649
3980,2975,382.5748175,34.74474436,0.356036839,0,32.48126386,30.12652331
2971,2976,167.9747607,15.25516018,0.356036839,0,14.26134778,13.2274664
2872,2977,380.7306576,28.75857473,0.31696482,0,27.24745161,26.4655904
2982,2978,235.3392041,17.07451211,0.304898749,0,16.23925391,15.93607144
2980,2979,124.4287642,9.027652021,0.304898749,0,8.58603352,8.425734603
2983,2980,211.3060251,15.33083831,0.304898749,0,14.58087787,14.30865684
3524,2981,58.54677055,4.247730618,0.304898749,0,4.039938334,3.964513782
2966,2982,162.6464262,12.28553391,0.31696482,0,11.6399889,11.3059813
2978,2983,34.19567564,2.48099113,0.304898749,0,2.359624956,2.315571398
2987,2984,105.939048,7.768781811,0.318559354,0,7.356773243,7.230643066
3521,2985,84.98212341,6.022287308,0.277498458,0,5.774415102,5.660330739
2981,2986,20.89525315,1.516008582,0.304898749,0,1.441847833,1.414928925
3603,2987,295.0075008,21.63365586,0.318559354,0,20.48633936,20.1351058
3012,2988,210.4923479,15.27180377,0.304898749,0,14.52473121,14.25355842
3002,2989,77.92199751,5.653457083,0.304898749,0,5.376898878,5.276513634
2989,2990,80.21456561,5.819789258,0.304898749,0,5.535094345,5.431755635
2996,2991,137.4609474,11.28152192,0.362363971,0,10.52219539,10.10727319
2990,2992,161.7719768,11.73700569,0.304898749,0,11.16284988,10.9544425
2992,2993,85.77142603,6.222954897,0.304898749,0,5.918537757,5.808040262
2993,2994,187.6976957,13.61798852,0.304898749,0,12.95181799,12.71001106
2417,2994,243.6327182,19.61512606,0.311230557,0,18.61856467,18.2804691
2991,2995,83.5765532,6.859189719,0.362363971,0,6.397517549,6.145243954
2646,2995,372.0808702,35.78743093,0.347032492,0,33.56403963,29.20559581
162,2996,17.00813207,1.685134336,0.309820555,0,1.600233145,1.36621364
2994,2996,112.7273623,9.251618244,0.362363971,0,8.628918647,8.288654113
410,2997,16.2887253,1.307862979,0.344306027,0,1.227786232,1.179615334
3510,2997,40.86075917,4.599220022,0.348700263,0,4.31093333,3.749416564
3928,2998,33.49622522,3.652537871,0.346121895,0,3.426715143,3.00409663
3927,2998,27.53068092,2.64309502,0.194086352,0,2.585578044,2.575298651
98,2999,15.29716327,0.981110417,0.339409673,0,0.922611109,0.886158082
3286,2999,49.40032044,5.408009886,0.348051708,0,5.070193355,4.443094446
3506,3000,39.00230684,4.373195046,0.347032492,0,4.101498433,3.56890013
3004,3001,190.1486454,13.79581172,0.304898749,0,13.12094236,12.87597793
3001,3002,99.63565175,7.228842934,0.304898749,0,6.875219337,6.746860856
3005,3003,78.9414248,5.727419361,0.304898749,0,5.447243037,5.345544487
3003,3004,128.4037343,9.316047126,0.304898749,0,8.860320791,8.694901006
3006,3005,108.7184478,7.887824985,0.304898749,0,7.501965025,7.361905373
3008,3006,58.30499246,4.230188947,0.304898749,0,4.023254774,3.948141699
3830,3007,36.5168724,2.649400394,0.304898749,0,2.519795905,2.472751999
3009,3008,159.1409032,11.546114,0.304898749,0,10.98129631,10.77627849
3829,3009,60.56163279,4.393914463,0.304898749,0,4.178971096,4.100950839
3013,3010,140.986384,10.22895327,0.304898749,0,9.728569005,9.54693926
2988,3011,152.8557436,11.09010824,0.304898749,0,10.54759763,10.35067684
3832,3012,70.87009833,5.141822234,0.304898749,0,4.890292399,4.798991966
3011,3013,33.70329891,2.445267832,0.304898749,0,2.325649186,2.282229946
3015,3014,149.1863637,10.82388454,0.304898749,0,10.29439718,10.10220358
3585,3015,111.1573073,8.064771003,0.304898749,0,7.670255123,7.52705354
952,3016,12.24348234,0.867638573,0.277498458,0,0.83192731,0.815491031
3504,3017,70.39391536,5.107273839,0.304898749,0,4.857434057,4.76674708
3505,3018,136.0112553,9.867993881,0.304898749,0,9.385267181,9.210046789
3591,3019,19.20103538,2.38518257,0.328074769,0,2.251621885,2.130876199
753,3020,3.653945448,0.542721292,0.256116906,0,0.523415257,0.459273121
2594,3021,20.29764015,2.310241885,0.292359959,0,2.205622806,2.122646373
2593,3022,25.65733202,3.782127219,0.330992054,0,3.566849654,3.204737328
3023,3022,16.81772805,2.230568205,0.274922015,0,2.140310426,1.950182149
3024,3023,25.68392943,4.039795574,0.276130369,0,3.875015159,3.364587431
3019,3024,17.97588069,2.176765537,0.265185783,0,2.094284846,1.957233461
3591,3024,13.96267319,2.170863042,0.318160622,0,2.055999531,1.812256729
3403,3025,27.37375742,2.242246964,0.298992838,0,2.136435967,2.074725462
2587,3027,32.40069369,4.07983272,0.308704428,0,3.875642843,3.318812146
4,3028,371.8408472,31.33147618,0.337218417,0,29.48556891,26.53608085
3027,3029,93.05461126,11.71725678,0.308704428,0,11.13082459,9.53160994
3031,3030,73.65546043,4.971013356,0.090957973,0,4.936170797,4.90594459
3034,3031,236.1999199,15.9411529,0.090957973,0,15.82941903,15.73248897
3030,3032,500.1777565,33.75703979,0.090957973,0,33.52043176,33.31517235
3405,3033,17.89531419,2.253343371,0.308704428,0,2.140566712,1.833022053
3029,3034,223.1553547,15.06077407,0.090957973,0,14.95521091,14.86363399
2643,3035,251.611939,12.8137353,0.181915947,0,12.56413333,12.50325213
36,3036,138.1769285,8.378567683,0.31696482,0,7.938314731,7.710526077
89,3037,21.23065628,1.129994818,0.219460094,0,1.099514498,1.08563818
3763,3038,49.16843542,4.071875606,0.181915947,0,3.992558515,3.973212037
204,3039,91.40101791,7.569359732,0.181915947,0,7.421914268,7.385950386
2661,3040,149.5087401,8.170560636,0.228690641,0,7.933441476,7.775564787
4077,3042,118.4423615,15.04572826,0.30835249,0,14.29429126,12.2101743
3876,3043,76.4702701,6.109629454,0.339409673,0,5.745339067,5.518336594
3046,3044,174.874549,21.47874459,0.343580304,0,20.16878785,17.56549306
398,3045,12.5123146,0.999677466,0.339409673,0,0.940071086,0.902928203
3875,3045,26.60527644,2.867699352,0.37201497,0,2.665047979,2.363993659
3045,3046,16.72981986,1.803254842,0.37201497,0,1.675824444,1.486516712
3043,3046,104.6534519,9.41694512,0.372239777,0,8.750733448,8.187262224
3046,3047,13.69457283,1.383816569,0.379138176,0,1.282527712,1.161828724
3949,3047,27.80232656,3.584366582,0.313981483,0,3.399281959,2.897553762
2786,3049,101.0614229,6.287309263,0.13643696,0,6.21045205,6.169709476
3722,3050,216.0278488,20.22556579,0.13643696,0,19.97832479,19.84726052
3460,3051,59.24761068,3.034169776,0.194086352,0,2.968142535,2.956342194
1708,3052,76.38641737,7.151663636,0.13643696,0,7.064240397,7.017896696
2715,3053,369.9351712,36.78850607,0.311247706,0,34.91924825,29.79703938
2714,3053,480.2923695,31.89640447,0.310451986,0,30.28334583,25.98339954
2715,3054,123.5395203,14.94764024,0.266800461,0,14.37496468,11.99888316
3336,3054,447.4354949,43.60226434,0.306091176,0,41.45392965,35.50564553
1600,3056,10.54283916,1.012169868,0.194086352,0,0.990143815,0.986207335
739,3057,414.3196567,32.49463046,0.382556425,0,30.07627769,28.11620938
56,3057,450.2853409,28.12564026,0.33840117,0,26.457839,23.27194487
3126,3058,401.9515541,32.29396873,0.296735763,0,30.79109892,30.05518718
3681,3059,94.34709158,8.212150585,0.345820072,0,7.705243401,7.446201165
3061,3060,57.82084242,3.367620738,0.304898749,0,3.202882041,3.143085103
652,3061,184.4279765,10.74151555,0.304898749,0,10.21605755,10.02532653
3063,3062,74.34708563,3.957099601,0.219460094,0,3.850361357,3.80176824
2652,3063,336.311055,17.9000472,0.219460094,0,17.41721386,17.19740158
3903,3064,1003.204284,39.96486314,0.228690641,0,38.8050364,38.03281028
3066,3065,207.3102465,8.815716941,0.280392784,0,8.445922734,8.21200503
205,3066,746.0673857,31.72597111,0.280392784,0,30.39515702,29.55333481
3068,3067,280.9499968,11.19226498,0.228690641,0,10.86745245,10.6511885
108,3068,755.716271,30.10563037,0.228690641,0,29.23193001,28.65021016
3776,3069,106.1696564,5.437126641,0.194086352,0,5.318808124,5.297662323
3071,3070,99.07538856,5.073817257,0.194086352,0,4.963404796,4.94367196
3077,3071,194.369212,9.953974207,0.194086352,0,9.737363569,9.69865107
3073,3072,135.3960264,8.209943463,0.31696482,0,7.778550894,7.555346637
3036,3073,810.2105043,49.12834307,0.31696482,0,46.54688776,45.21123236
3075,3074,170.2436015,8.669924229,0.181915947,0,8.501040592,8.459847658
3153,3074,122.7158967,6.091131522,0.205690482,0,5.944523055,5.926862121
3081,3075,197.5388299,10.05997684,0.181915947,0,9.864016018,9.816218604
3125,3076,44.0930545,2.188604749,0.205690482,0,2.135926853,2.129581103
3125,3077,69.37086027,3.552598411,0.194086352,0,3.47528953,3.461472942
3154,3078,197.0605933,11.47726862,0.304898749,0,10.91581874,10.71202337
3078,3079,89.81733914,5.231171343,0.304898749,0,4.97527069,4.882383736
3236,3080,248.8993733,12.67559361,0.181915947,0,12.42868253,12.36845768
3080,3081,100.3091515,5.108401936,0.181915947,0,5.008894088,4.984622819
3083,3082,125.4351438,7.042281465,0.304898749,0,6.697784161,6.572738347
3072,3083,149.2802933,9.051837048,0.31696482,0,8.576207069,8.330114197
3083,3084,298.1842961,15.87076278,0.219460094,0,15.44266707,15.24777437
3082,3085,218.1394988,12.70495325,0.304898749,0,12.08344697,11.85785229
38,3086,235.8346975,12.55222554,0.219460094,0,12.21364359,12.05950247
961,3087,91.05163624,4.636948352,0.181915947,0,4.546624067,4.52459279
3870,3088,370.9761832,18.89254792,0.181915947,0,18.52453522,18.4347721
3074,3089,41.85483245,2.294765292,0.264681891,0,2.208113591,2.186132238
3091,3090,86.78034968,4.757886314,0.264681891,0,4.578225699,4.53265033
3089,3091,350.095064,19.19458172,0.264681891,0,18.46978291,18.28591972
27,3092,384.9144617,19.22331934,0.13643696,0,18.98832999,18.8637604
3094,3093,25.49255096,1.484745633,0.304898749,0,1.412114218,1.385750429
3488,3094,48.61150522,2.831247457,0.304898749,0,2.692747296,2.642474434
21,3095,368.0958492,21.43876089,0.304898749,0,20.39001052,20.00933455
3300,3096,810.7126447,47.21779553,0.304898749,0,44.90797543,44.06955571
3038,3097,73.22270964,6.063926229,0.181915947,0,5.945805483,5.916994284
78,3099,380.5461417,14.2062691,0.194086352,0,13.89712333,13.84187302
59,3100,391.7341689,21.436821,0.194086352,0,20.97032959,20.88695857
26,3100,363.2061132,14.43921053,0.25635719,0,13.92469646,13.77449685
3912,3101,196.7035512,8.536023011,0.194086352,0,8.350268723,8.31707085
2677,3102,16.94148973,1.984531477,0.255131673,0,1.914427363,1.60599497
2838,3102,408.2467167,40.29511951,0.370817655,0,37.46455134,35.11380921
3093,3103,89.74933165,5.227210428,0.304898749,0,4.971503537,4.878686914
3103,3104,289.1835861,16.84272661,0.304898749,0,16.01880699,15.71974021
3892,3105,16.57360562,0.827715623,0.13643696,0,0.817597477,0.812233773
3904,3106,93.88758507,6.611783782,0.194086352,0,6.46790329,6.442189072
3182,3107,112.3593471,12.82955064,0.304274081,0,12.20431367,10.43255887
3102,3108,601.5609931,70.4670454,0.255131673,0,67.97777786,57.02591356
335,3110,180.8632042,20.88364944,0.308818312,0,19.83774187,16.9320235
334,3111,18.58196609,2.404459829,0.315289154,0,2.279346405,1.941859887
2678,3111,597.2797675,69.96554127,0.255131673,0,67.4939895,56.6200681
3054,3112,124.2955852,16.48493762,0.264792343,0,15.86198425,13.25627908
2723,3113,13.58163363,1.69042755,0.302746016,0,1.60880568,1.37927388
53,3113,45.34423963,2.879481393,0.336407183,0,2.710589624,2.61020811
3666,3115,19.24173371,2.222478051,0.309820555,0,2.110504169,1.80186218
3427,3115,192.828739,22.52043969,0.313981483,0,21.35756001,18.20522072
3042,3116,155.4823786,19.75092009,0.30835249,0,18.76448914,16.02861442
1137,3118,16.27640431,1.098495926,0.090957973,0,1.090796408,1.084117012
268,3119,277.2073501,32.49409373,0.315289154,0,30.80329928,26.24247508
2892,3120,54.38925151,5.092183212,0.13643696,0,5.029935437,4.996937434
3257,3121,4.98443683,0.291830146,0.311230557,0,0.277003493,0.271973371
23,3122,287.8249092,19.87740271,0.28123359,0,19.03902401,18.88198466
2537,3123,208.5450905,16.07891841,0.325239491,0,15.19288571,14.67876549
3085,3124,59.14993949,3.320843824,0.304898749,0,3.158393381,3.099427033
73,3125,153.4453324,8.458469737,0.272534373,0,8.121609522,8.046178908
1446,3126,17.1362658,1.376777938,0.296735763,0,1.312706594,1.281332715
2745,3126,177.5446892,12.19307585,0.13643696,0,12.04402547,11.96501277
2808,3127,312.7062361,31.91970966,0.3822636,0,29.5475135,26.71633334
1843,3131,204.2515977,19.60926365,0.194086352,0,19.18254212,19.10627875
3283,3132,80.23107444,6.56828219,0.365007657,0,6.12019491,5.501426074
2639,3134,65.76681861,6.096039124,0.308818312,0,5.790733601,4.942540239
3136,3135,145.9955617,15.67334432,0.369996446,0,14.5768703,12.93496571
4065,3136,157.1087684,16.86640193,0.369996446,0,15.68646412,13.91957748
181,3137,471.5306186,43.42267236,0.369996446,0,40.38491405,35.83605175
3139,3140,98.67742108,9.473568815,0.194086352,0,9.267412385,9.230568255
3579,3141,36.59569989,3.047633254,0.194086352,0,2.981313031,2.969460328
3273,3142,46.75948294,3.705828104,0.291714491,0,3.538689253,3.468862403
2761,3144,103.1548564,7.953284902,0.325239491,0,7.515017212,7.260712505
3228,3145,76.39836061,7.733623738,0.264495114,0,7.441972023,7.366773606
1703,3148,46.63294142,7.488475652,0.337483814,0,7.046646417,6.196335218
452,3149,105.5178565,12.03613371,0.309891017,0,11.42946973,11.00002638
2675,3150,210.9138013,24.63259142,0.313981483,0,23.36064733,19.91265578
3737,3152,10.9436022,0.888002166,0.322931863,0,0.839707859,0.797255366
3076,3153,184.2897483,9.489491526,0.205690482,0,9.26108736,9.233573051
3124,3154,37.61206661,2.190614495,0.304898749,0,2.083453088,2.044555584
3557,3155,60.95976559,4.768744297,0.286378847,0,4.560823525,4.487672425
2628,3156,8.018798253,0.498871509,0.13643696,0,0.492773213,0.489540461
913,3157,34.40796275,3.28496124,0.181915947,0,3.220972653,3.205364997
2999,3158,22.474277,2.460330441,0.348051708,0,2.306643537,2.021349951
2947,3158,51.84935114,4.535083463,0.336969224,0,4.26826219,3.730530188
3835,3159,42.13796103,4.869262535,0.367537554,0,4.532802838,4.048453373
4081,3160,303.482774,33.44179088,0.379007068,0,30.99557791,28.18374724
1323,3161,177.1523682,16.91290668,0.181915947,0,16.58345591,16.50309855
3160,3161,246.624221,27.17635507,0.379007068,0,25.18844861,22.90342419
3161,3162,260.7894986,28.73727481,0.379007068,0,26.63518959,24.21892095
3896,3163,42.38402801,4.264731166,0.376577102,0,3.956469988,3.584953697
1944,3164,260.2849457,17.25747866,0.219460094,0,16.79197788,16.58005633
3205,3166,34.10027421,2.943282384,0.376577102,0,2.73053751,2.474137444
2927,3167,128.881998,12.9682595,0.376577102,0,12.03089421,10.90118181
2282,3168,16.78393173,2.163839199,0.313981483,0,2.052105827,1.749218521
3172,3173,32.26951574,3.491705974,0.274289325,0,3.35101031,3.265236547
2816,3175,251.4441929,25.3006129,0.376577102,0,23.47184658,21.26781789
406,3176,76.69222414,6.635379594,0.373494004,0,6.163016939,5.842325855
3268,3177,459.0297733,46.80625292,0.261447958,0,45.07785675,37.73980123
145,3177,190.9498417,18.02538996,0.294517565,0,17.19802014,14.80318141
3177,3178,285.2558599,28.84435752,0.263424481,0,27.76456341,23.3065818
2521,3180,130.4448004,8.416592476,0.217860888,0,8.192481303,8.178345241
1482,3182,226.0962924,25.81639986,0.304274081,0,24.55826012,20.99302766
543,3183,185.1462774,16.33091892,0.247909647,0,15.78319363,15.60194827
544,3183,337.2075205,31.32026134,0.269112517,0,30.10131949,29.39810691
3185,3184,66.76954754,4.153917317,0.13643696,0,4.103139075,4.076221156
2607,3185,113.1411375,7.038821552,0.13643696,0,6.952777716,6.907165246
649,3186,71.61565054,5.774745739,0.34092728,0,5.427568916,4.85807382
649,3187,49.68222107,4.034862732,0.13643696,0,3.985539835,3.959393405
93,3188,127.5479707,7.965988324,0.350192089,0,7.462704236,7.17550125
2835,3188,52.45164276,3.954914219,0.264495114,0,3.805765831,3.767309953
3190,3189,72.75755004,3.824899913,0.25635719,0,3.688606811,3.648819423
650,3189,51.32685809,4.405194793,0.321037872,0,4.168204478,4.014584878
3243,3190,507.5543362,30.77632717,0.31696482,0,29.15918097,28.322463
3192,3191,138.3464139,12.33543612,0.326593626,0,11.65045169,11.09930445
4023,3192,56.14057658,5.184696829,0.174453775,0,5.09059098,4.988630929
226,3192,39.38472079,4.143845212,0.378973544,0,3.840779324,3.539859799
3194,3193,15.95725182,1.959929208,0.343580304,0,1.840396036,1.602846142
421,3193,271.5160581,35.13349725,0.315289154,0,33.30536434,28.37407727
2865,3194,13.076784,1.679704816,0.312634504,0,1.593655256,1.359165229
3195,3194,716.6703655,81.46051752,0.358118162,0,76.0960789,68.0449238
3831,3199,17.33443335,1.923021707,0.324561148,0,1.817460988,1.787177604
3199,3200,35.64368539,3.781167183,0.270153274,0,3.632970973,3.559066838
3204,3202,25.71166805,4.23123644,0.338012226,0,3.980864746,3.476955325
3202,3203,25.58220173,4.082172486,0.362539111,0,3.807167175,3.38039883
3204,3203,9.37329769,1.09470604,0.313981483,0,1.038179106,0.884945648
2675,3204,14.51117665,2.531722225,0.311247706,0,2.40308309,2.050581415
3926,3204,180.3302938,21.06074814,0.313981483,0,19.97324202,17.02522569
3167,3205,12.71530216,1.097490438,0.376577102,0,1.018162179,0.922555783
3704,3206,488.9976173,63.06761909,0.36553278,0,58.75367759,55.68321762
504,3208,139.7861712,7.847988473,0.304898749,0,7.464077253,7.324724955
2697,3208,105.8939081,9.964497484,0.315289154,0,9.446005811,8.047403295
2320,3209,185.9070315,17.49364228,0.315289154,0,16.58337983,14.1279974
3209,3210,138.0603138,11.74566809,0.336832753,0,11.05513024,9.636352648
2859,3211,312.6237402,29.41754185,0.315289154,0,27.88683239,23.75782859
1545,3212,214.0463993,20.1415251,0.315289154,0,19.09348298,16.26644752
3215,3213,81.97864928,7.381535705,0.312634504,0,7.003387181,5.972910581
2658,3213,58.5423408,5.468404896,0.312634504,0,5.188264106,4.424864252
2557,3214,126.65995,11.83122986,0.312634504,0,11.22512806,9.573465583
3214,3215,105.3644032,5.853605243,0.291714491,0,5.589598165,5.479301948
2556,3216,22.95691684,2.144391815,0.312634504,0,2.034536816,1.735175589
1808,3216,42.28704491,2.035761401,0.13643696,0,2.010875883,1.997683887
3221,3217,132.0437045,6.518416754,0.194086352,0,6.376568043,6.351216943
2559,3217,120.2798825,11.23527159,0.312634504,0,10.65970011,9.091234564
3216,3218,496.290414,46.35818952,0.312634504,0,43.98330689,37.51161436
1704,3219,56.69330924,5.718687113,0.338860041,0,5.378727787,5.226598032
3218,3220,130.3559369,7.148333927,0.277498458,0,6.854114602,6.718698758
2822,3221,34.49341443,2.629623799,0.28123359,0,2.518712901,2.497937833
3582,3222,33.39804485,4.204089812,0.307698549,0,3.994942045,3.420027408
3219,3223,125.2301975,7.487991978,0.338860041,0,7.04285262,6.843655433
3583,3223,112.5122704,10.58727793,0.315289154,0,10.03638056,8.550365476
67,3224,63.71529868,5.951607785,0.312634504,0,5.646713005,4.815857097
62,3225,167.2826562,8.715104434,0.219067103,0,8.48076859,8.32741931
3227,3226,59.32778812,5.322310191,0.311247706,0,5.051878717,4.310832467
2823,3226,53.15800499,4.243534782,0.354340251,0,3.969520736,3.542688426
3528,3227,60.10787533,5.392292003,0.311247706,0,5.118304688,4.367514594
1597,3228,39.20787616,3.968919743,0.264495114,0,3.819243176,3.780651115
1447,3229,32.66608689,2.449769213,0.25635719,0,2.362476303,2.336993305
562,3230,48.4824728,3.329586884,0.13643696,0,3.288885407,3.267309255
1184,3231,75.16272233,5.326432084,0.277498458,0,5.107200685,5.00629839
3373,3232,31.17734845,3.700236656,0.333500193,0,3.486660229,3.055298913
2899,3233,12.52444064,0.737059975,0.31758469,0,0.698191216,0.685963536
3233,3234,20.34967952,1.433072125,0.194086352,0,1.401886725,1.396313292
2522,3234,86.78474955,5.054546251,0.304898749,0,4.807285819,4.717535097
3234,3235,45.07879354,3.174554291,0.194086352,0,3.105472112,3.093125794
3882,3236,209.3482189,10.66138862,0.181915947,0,10.45371275,10.40305788
3084,3237,290.9450824,15.48545797,0.219460094,0,15.06775542,14.87759425
962,3238,36.56880421,1.862324099,0.181915947,0,1.826047418,1.817199061
86,3242,457.3345534,26.53994629,0.2734148,0,25.47675172,24.75787986
3246,3243,138.4034626,8.392303921,0.31696482,0,7.951329197,7.723167094
3354,3244,114.9985605,7.897652008,0.13643696,0,7.801109672,7.74993187
3242,3245,138.8655272,8.05861618,0.2734148,0,7.735786704,7.517507725
651,3246,12.51251071,0.758715069,0.31696482,0,0.718848285,0.69822105
2851,3247,97.55774077,5.661451077,0.2734148,0,5.434652425,5.281304042
3282,3248,198.2619109,11.54723616,0.304898749,0,10.98236358,10.77732583
3258,3249,610.2804714,35.73086487,0.311230557,0,33.91553112,33.29965708
3941,3250,53.64476082,3.207625212,0.338860041,0,3.016941217,2.931611275
51,3250,42.79707386,2.100451317,0.090957973,0,2.085728947,2.072957169
2719,3251,935.8924314,45.93296488,0.090957973,0,45.61101401,45.33171898
3249,3252,49.53658842,2.618291623,0.264495114,0,2.51955017,2.494091034
2725,3253,11.91733972,1.483282493,0.302746016,0,1.41166257,1.210257606
3259,3254,18.73360498,1.798527911,0.194086352,0,1.759389746,1.752395001
3256,3255,35.2100693,1.738166212,0.194086352,0,1.700341592,1.693581603
2726,3256,384.3667633,23.96334394,0.344078326,0,22.49793175,21.8695959
3256,3257,26.21433124,1.534803702,0.311230557,0,1.456826834,1.430372233
3121,3258,24.29442874,1.422396736,0.311230557,0,1.350130788,1.325613687
3255,3259,28.49344323,2.735525435,0.194086352,0,2.67599706,2.665358192
3263,3260,59.07258534,5.671289299,0.194086352,0,5.547875116,5.525818622
3250,3261,607.1111833,38.55319595,0.336407183,0,36.29191464,34.94791283
52,3262,29.00349141,1.841799852,0.336407183,0,1.733771777,1.669564847
3254,3263,42.34873,4.065708279,0.194086352,0,3.977233501,3.961421352
158,3264,44.29800763,3.65670738,0.357099119,0,3.417169253,3.114713806
3327,3264,149.0868412,11.18065824,0.25635719,0,10.78225655,10.66595307
194,3265,212.2378933,15.94959424,0.228690641,0,15.48671849,15.17853044
2585,3267,1194.567971,83.98557695,0.264792343,0,80.81182528,67.53657625
3267,3268,189.6734011,19.34057811,0.261447958,0,18.62639615,15.59427486
39,3269,452.5685821,30.81616977,0.312634504,0,29.23748891,24.93549226
3386,3269,636.1635465,55.23514795,0.37729198,0,51.22860915,46.3429397
3271,3270,237.6469027,15.5329965,0.345326031,0,14.57673331,12.68960527
101,3271,1223.622475,81.67661541,0.308704428,0,77.58881594,66.44128862
1,3272,416.9376642,28.18076796,0.309820555,0,26.76095192,22.84740673
2035,3273,126.3973178,10.01736339,0.291714491,0,9.565564074,9.376812486
3275,3274,94.9676209,6.001686491,0.357854949,0,5.606994012,5.384629735
647,3274,57.8616804,4.974075368,0.331357985,0,4.690373591,4.111592858
3287,3275,19.43191224,2.14010904,0.371316509,0,1.989400045,1.803376844
3278,3276,71.01983542,3.713360189,0.247909647,0,3.588817209,3.547605243
643,3276,50.42700469,2.683961024,0.219460094,0,2.61156424,2.578605244
716,3277,67.94299136,8.724480466,0.311641311,0,8.28014788,7.059889237
2855,3278,202.7986469,24.06885205,0.333500193,0,22.67960593,19.87373899
3158,3279,43.49971841,5.026620748,0.367537554,0,4.679287803,4.17928579
2849,3280,109.4644946,13.26975181,0.340844781,0,12.47233356,10.89219709
98,3281,38.48957501,4.445661546,0.309820555,0,4.22167824,3.604296294
2660,3282,95.66974397,5.572029052,0.304898749,0,5.299454177,5.200514805
3444,3283,417.4738775,34.177359,0.365007657,0,31.84578442,28.62608647
3288,3284,152.6234612,11.30657073,0.381988211,0,10.46741521,9.646210303
2807,3284,130.5405228,11.02658527,0.324920286,0,10.42006365,9.159843206
3992,3285,104.0484993,5.841575146,0.304898749,0,5.555814501,5.452088951
2681,3285,92.67783114,6.241982172,0.349500981,0,5.849059221,5.546937265
3752,3286,61.12361265,6.738580311,0.342719825,0,6.329507232,5.525308912
3293,3287,75.4776467,7.24294326,0.377369593,0,6.717368517,6.368480032
2806,3288,266.9060994,29.92726652,0.347032492,0,28.06795384,24.42320185
3443,3289,113.2782925,5.987404742,0.264495114,0,5.76160673,5.703387793
645,3291,98.3180877,5.429341818,0.258611889,0,5.232782926,5.085161327
3283,3292,78.64664978,3.882439087,0.194086352,0,3.79795247,3.782853082
3132,3292,28.63517717,2.566856566,0.272534373,0,2.464631,2.441740386
3296,3293,22.4050266,2.13986354,0.373494004,0,1.987529885,1.884109252
648,3293,663.3998828,58.53988561,0.299221681,0,55.77351727,48.09768295
3295,3294,83.97138066,4.959767227,0.329423924,0,4.679925845,4.551772857
646,3294,62.94224277,5.483705075,0.334967259,0,5.164607924,4.515723802
2528,3295,101.0622072,5.644207246,0.298397178,0,5.378833181,5.275591048
2849,3296,11.14044356,0.919680511,0.369930628,0,0.855362818,0.7684759
3277,3296,55.43664706,4.728673313,0.338860041,0,4.447567429,4.321774235
4014,3297,41.79536193,2.284090807,0.228690641,0,2.217803839,2.173669206
2120,3298,128.659404,16.13472963,0.306091176,0,15.33975258,13.13862937
3300,3299,16.79911571,2.122577071,0.309263361,0,2.015990499,1.725010225
31,3299,870.9808859,43.49834931,0.13643696,0,42.96661757,42.68474267
3298,3300,50.80501436,6.371280647,0.306091176,0,6.057360179,5.188180835
3144,3301,71.11624884,5.483094133,0.325239491,0,5.180946903,5.005626056
2924,3302,171.6620919,18.70387628,0.336969224,0,17.60343522,15.38568709
3302,3303,60.36837538,6.577588634,0.336969224,0,6.190596732,5.410681668
3307,3304,71.66041776,5.121634314,0.276103309,0,4.912763837,4.792847565
2885,3305,346.6130242,22.11205861,0.194086352,0,21.6308732,21.54487609
3305,3306,72.81861711,4.645438622,0.194086352,0,4.544348203,4.526281395
2572,3307,346.1732554,24.74131297,0.276103309,0,23.73231281,23.15302779
3598,3308,150.5616014,7.710512796,0.194086352,0,7.542722619,7.512735278
3247,3309,114.3586574,6.636438471,0.2734148,0,6.370581665,6.190824374
3786,3310,38.4151753,4.842071888,0.304274081,0,4.606097736,3.937409927
3312,3311,17.28302313,2.17845265,0.304274081,0,2.07228766,1.771444392
40,3312,13.66571844,1.488982828,0.336969224,0,1.401378642,1.224827598
41,3312,101.5242721,12.79670911,0.304274081,0,12.17307265,10.40585325
3115,3313,225.7625167,26.07624892,0.309820555,0,24.7624637,21.14117919
3567,3314,10.658072,1.244754641,0.313981483,0,1.180479702,1.006242919
328,3314,346.5329259,44.49788981,0.311641311,0,42.23163882,36.00789463
3475,3315,122.1250131,14.10580591,0.309820555,0,13.3951209,11.43620661
3551,3316,89.60951668,6.908933235,0.325239491,0,6.528214797,6.307303027
3033,3317,38.76418795,4.127903799,0.354803999,0,3.860709767,3.513532175
3326,3318,10.76078588,0.80699724,0.25635719,0,0.778241414,0.769846864
3325,3319,59.23208544,4.442066778,0.25635719,0,4.283782098,4.237574814
3323,3320,192.4774012,14.43470145,0.25635719,0,13.92034806,13.77019535
3319,3321,13.93585387,1.045109134,0.25635719,0,1.007868639,0.996997201
165,3322,190.1780234,20.20262912,0.357099119,0,18.87922546,17.20821529
2226,3323,214.2370487,16.06655024,0.25635719,0,15.494049,15.32692147
3320,3324,18.55039705,1.391173413,0.25635719,0,1.34160157,1.3271303
485,3325,60.72096555,6.45039382,0.357099119,0,6.027851054,5.494322788
3324,3326,297.9780874,22.34664798,0.25635719,0,21.55036729,21.3179129
3321,3327,124.455236,9.333429085,0.25635719,0,9.000849925,8.903761695
2738,3328,26.04565385,2.579740763,0.308818312,0,2.450540624,2.091599524
54,3329,72.38117677,6.934975625,0.345326031,0,6.508035342,5.665494307
2591,3329,47.73567321,4.616853093,0.302746016,0,4.393929499,3.767038035
47,3330,3913.92958,142.4888353,0.13643696,0,140.7470258,139.8236798
2580,3331,2287.934541,143.480836,0.340553032,0,134.8723037,118.5892491
4041,3332,298.118418,20.14978901,0.309820555,0,19.13459334,16.33633355
2570,3333,572.7524737,21.38157473,0.194086352,0,20.91628554,20.83312939
3393,3334,1167.721423,78.82315502,0.31325905,0,74.77024206,63.93065397
2635,3335,1064.476686,72.74944309,0.313981483,0,68.99290678,58.80967186
2915,3336,2148.955162,145.2476281,0.309820555,0,137.9296972,117.7587368
3736,3337,32.34870964,2.753390225,0.362277829,0,2.568149137,2.436686916
2620,3338,170.7985604,12.47037858,0.362277829,0,11.63140325,11.03599775
3152,3339,205.7249191,16.69323962,0.322931863,0,15.78537196,14.98732251
1990,3340,80.97610488,5.368898298,0.219460094,0,5.224078397,5.158148416
1930,3341,48.6370291,3.224744672,0.219460094,0,3.137760866,3.098161056
1510,3342,79.07187969,5.242643875,0.219460094,0,5.101229543,5.036849963
3341,3343,294.321603,19.51418577,0.219460094,0,18.98781289,18.74817901
167,3344,31.42868772,2.458591157,0.277498458,0,2.357397643,2.310822847
3861,3345,231.2720141,18.09185716,0.277498458,0,17.34721175,17.00448516
1978,3346,180.9813654,19.45965264,0.304898749,0,18.50771712,18.16218306
3787,3348,53.59324874,6.909416354,0.313981483,0,6.552637356,5.585479301
3111,3349,16.75250779,1.984296271,0.26024232,0,1.911635049,1.601373249
1813,3349,292.7434868,37.0489086,0.306842925,0,35.21520256,30.09608782
3788,3350,34.31554587,4.707696552,0.3920267,0,4.341090523,3.992849533
3352,3350,92.55744569,11.75756848,0.30835249,0,11.17035384,9.541708984
3349,3351,19.65377264,2.44696403,0.303768295,0,2.328077897,1.996481305
134,3351,273.9389253,31.87568965,0.312634504,0,30.24273067,25.79282301
3351,3352,147.2197451,18.70131811,0.30835249,0,17.767308,15.17682294
3877,3354,38.08504928,2.615532444,0.13643696,0,2.583559699,2.566610712
3358,3355,59.77460362,8.036100881,0.319648298,0,7.607222981,6.997905093
176,3356,6.728892484,0.646010255,0.194086352,0,0.631952283,0.629439852
1713,3359,56.11083022,6.24794803,0.34364713,0,5.86675777,5.24998224
2805,3360,180.1818763,18.46956277,0.384684067,0,17.08079665,15.44011842
1460,3361,28.92258344,2.036796111,0.194086352,0,1.992472939,1.984551534
1710,3362,26.25614256,1.849019095,0.194086352,0,1.80878218,1.801591068
2941,3363,52.33077332,5.397852375,0.264495114,0,5.194287661,5.141801276
3361,3363,30.7034862,2.162211457,0.194086352,0,2.115159095,2.10674993
3363,3364,63.10223841,5.080427498,0.311230557,0,4.822312517,4.734743872
1711,3365,106.4932895,7.49950703,0.194086352,0,7.336308596,7.307141889
3362,3366,56.75963164,5.318369083,0.22913232,0,5.163492176,5.102190905
2942,3367,66.57060062,4.688057715,0.194086352,0,4.586039852,4.567807293
1656,3367,258.5647313,18.20873437,0.194086352,0,17.81249007,17.74167357
1658,3368,220.2521663,17.64007334,0.304898749,0,16.77714877,16.46392395
650,3369,15.85934145,1.208077746,0.375906558,0,1.121044045,1.033319256
4075,3369,36.97779137,2.788168019,0.264495114,0,2.683020159,2.655909218
3189,3370,17.7044004,1.612853785,0.34392711,0,1.514304376,1.441572347
3372,3371,23.38938817,1.647135532,0.194086352,0,1.611291851,1.604885894
85,3371,91.75690873,8.4335707,0.310264167,0,8.007545151,6.853652469
910,3372,11.75861443,0.695831205,0.324561148,0,0.657634838,0.646677019
3232,3372,18.74819498,1.32029183,0.194086352,0,1.291560667,1.286425854
3838,3373,18.6865346,2.352972316,0.308704428,0,2.235209368,1.914066982
37,3374,36.89546507,2.156565351,0.31696482,0,2.043248338,1.984617658
144,3375,27.42822516,1.449591913,0.264681891,0,1.394854461,1.380968949
3781,3376,211.1303558,23.62515862,0.29922208,0,22.50872237,19.31521429
2642,3377,204.3616303,10.80058825,0.264681891,0,10.39275162,10.28929375
1779,3378,275.7273714,20.18061284,0.219460094,0,19.63626385,19.38844626
68,3379,186.3813176,10.46397093,0.304898749,0,9.952089976,9.766287155
2696,3380,83.41886574,7.566657776,0.315289154,0,7.172935056,6.110889869
835,3381,180.1830252,12.76873185,0.277498458,0,12.24318174,12.00129481
1914,3382,55.1689138,3.657823352,0.219460094,0,3.559157744,3.514239734
3806,3383,208.1545378,14.04836765,0.090957973,0,13.94990059,13.8644796
46,3384,3858.532249,140.4720639,0.13643696,0,138.7549078,137.8446307
133,3385,11.51875972,0.614709268,0.13643696,0,0.60719495,0.603211555
3270,3386,244.7448506,23.26864333,0.341794708,0,21.86314254,19.04944551
3931,3387,165.0578149,15.37925423,0.291527944,0,14.68643854,12.67512488
81,3388,189.4823293,23.94875099,0.310264167,0,22.73896926,19.46226838
3335,3389,186.360598,18.7386548,0.315289154,0,17.76360949,15.1334789
2579,3390,195.366733,16.71445889,0.370480665,0,15.54231297,14.08470538
186,3391,12.47640181,1.249910986,0.313981483,0,1.185369791,1.010411239
146,3392,259.1099908,15.18170629,0.264495114,0,14.60917124,14.46155089
2996,3393,363.0178435,35.96713796,0.309820555,0,34.15502556,29.16016452
3394,3393,741.1014391,50.02559042,0.31325905,0,47.45338478,40.57397487
2647,3394,1425.599641,96.23036734,0.31325905,0,91.28241389,78.04902398
2648,3395,279.746784,27.26972881,0.30710232,0,25.91793372,22.20507441
191,3396,537.8048387,51.92626534,0.348700263,0,48.67144144,42.33178635
2833,3401,164.2665952,16.7676286,0.3822636,0,15.52149871,14.03426158
3404,3403,21.38578655,1.7517586,0.298992838,0,1.669093609,1.62088219
2588,3404,36.99127411,3.030039713,0.298992838,0,2.887053,2.803661079
1584,3405,41.53880166,6.185348635,0.308704428,0,5.875780655,5.031581338
3406,3405,27.81829795,1.910452059,0.13643696,0,1.887098345,1.87471837
3317,3406,7.206317356,0.894031875,0.347054877,0,0.838481084,0.764385131
2646,3407,835.068423,57.28094362,0.315289154,0,54.30039268,46.26052193
3392,3407,287.0893306,16.82106461,0.264495114,0,16.1867058,16.02314504
3905,3408,9.105409197,0.641224256,0.194086352,0,0.627270433,0.624776615
3408,3409,162.1061003,11.41589151,0.194086352,0,11.16746776,11.12306965
3699,3410,130.757481,14.27875535,0.290406899,0,13.64004579,11.75034469
3959,3411,18.94789209,2.136383813,0.302746016,0,2.033229057,1.743143851
3960,3411,19.86366369,3.156824698,0.360351474,0,2.946529285,2.617106989
3695,3412,79.71194273,9.055603026,0.306091176,0,8.609422847,7.374044351
2916,3413,31.16869999,3.111065528,0.312634504,0,2.951688823,2.517378084
3412,3413,107.685219,12.29972611,0.305291242,0,11.69661648,10.00132275
2917,3414,353.8216688,35.18608562,0.311247706,0,33.39824825,28.49915071
3413,3414,147.6430393,16.8636788,0.305291242,0,16.03677852,13.71242685
3414,3415,222.5354752,25.89435487,0.312634504,0,24.56781355,20.95291175
3789,3416,156.9810678,18.13178494,0.309820555,0,17.21826126,14.70024756
3416,3417,242.9290897,28.05903968,0.309820555,0,26.64535661,22.74871618
3790,3418,118.3676116,13.62112146,0.30835249,0,12.94083438,11.05405231
3418,3419,187.1893921,21.54076957,0.30835249,0,20.46494719,17.48114458
3419,3420,123.1543185,14.17195048,0.30835249,0,13.46415305,11.50107077
3777,3421,23.15815822,3.825416199,0.338928151,0,3.597921753,3.14338153
3420,3422,243.8008743,28.05532084,0.30835249,0,26.65413868,22.76794792
3422,3424,35.63806383,4.131578437,0.311247706,0,3.921649138,3.346393169
3424,3425,382.266236,44.31674362,0.311247706,0,42.06496912,35.89457403
3425,3426,97.14112664,11.34509771,0.313981483,0,10.75927506,9.171224479
3426,3427,99.67611246,11.64115832,0.313981483,0,11.0400481,9.410555901
3489,3431,109.1370954,7.365671951,0.090957973,0,7.314044879,7.269257969
1777,3435,27.4856472,2.011687131,0.219460094,0,1.957424167,1.932720683
1785,3436,75.05243358,5.493122053,0.219460094,0,5.344951358,5.277495911
1655,3437,84.84296923,9.108311612,0.369996446,0,8.471113396,7.51694699
2555,3438,27.23350741,3.168906461,0.312634504,0,3.006566624,2.56418118
3625,3438,34.21313011,2.84921653,0.194086352,0,2.787214098,2.776133067
3633,3439,40.85442607,3.987660089,0.3920267,0,3.677126007,3.382148052
3438,3440,15.85370272,1.669945991,0.349103416,0,1.56504683,1.504058363
3632,3440,41.94156167,4.48454223,0.367938097,0,4.174040067,3.705217426
3445,3443,173.7155074,14.58803249,0.359255898,0,13.62170133,12.12910756
3289,3444,95.23937539,5.625311018,0.329423924,0,5.307918137,5.16256849
2895,3444,62.1552896,5.088470827,0.365007657,0,4.741336069,4.26197372
3286,3445,91.31459489,6.836899295,0.386362709,0,6.318652618,5.813529147
2999,3445,58.82006788,3.772528299,0.339409673,0,3.547588995,3.407421206
2866,3446,144.8503662,16.97928057,0.315289154,0,16.09578237,13.712595
3485,3447,56.40927822,2.888813998,0.194086352,0,2.825949876,2.814714845
199,3448,60.38395546,7.784896404,0.313981483,0,7.382910563,6.293205604
3450,3449,25.46408214,4.42044206,0.31325905,0,4.19315267,3.585263134
63,3449,394.4307049,46.06550326,0.313981483,0,43.68683576,37.2387336
2864,3450,20.40537258,2.621057486,0.312634504,0,2.486783391,2.120878719
3119,3450,198.0301738,23.2129885,0.315289154,0,22.00512616,18.74698452
3229,3452,45.89032456,5.319539975,0.366788728,0,4.953353359,4.759086288
1447,3452,31.1791696,2.29841029,0.324561148,0,2.17224331,2.136048376
2788,3453,83.55248849,6.312015173,0.325174558,0,5.964318303,5.814844737
2958,3454,31.74753364,2.19250833,0.28123359,0,2.10003386,2.082712177
2534,3455,34.0877438,2.091937685,0.331837826,0,1.97230215,1.739619776
3331,3456,441.2444784,31.21367268,0.366987619,0,29.06282545,27.92722794
159,3457,24.78441522,1.05393917,0.280392784,0,1.009729425,0.981764027
3100,3458,634.7457183,26.94897287,0.304898749,0,25.63067161,25.15215392
4017,3459,268.8755434,30.08675536,0.29922208,0,28.66496831,24.59802011
3070,3460,62.60428704,3.206070817,0.194086352,0,3.1363028,3.12383391
2852,3461,65.03801948,3.330706348,0.194086352,0,3.258226109,3.245272493
2916,3462,91.68143755,10.42932776,0.302674278,0,9.925969785,8.489148677
3459,3463,74.00554134,8.281105039,0.29922208,0,7.889771119,6.770380715
3783,3464,294.6626589,32.10571336,0.336969224,0,30.21677628,26.40995119
3936,3465,50.0812533,5.604014397,0.29922208,0,5.339189726,4.581672473
2925,3466,280.4562489,30.55781812,0.336969224,0,28.75995133,25.13666262
3466,3467,59.78542638,6.514071954,0.336969224,0,6.130817051,5.35843326
3917,3468,77.8133397,7.680399362,0.370817655,0,7.140882561,6.692822385
3470,3469,38.19388462,2.848835012,0.247909647,0,2.75328748,2.721670268
3918,3470,116.9308125,8.721725895,0.247909647,0,8.429206539,8.332410252
4018,3471,238.0189977,25.93396035,0.336969224,0,24.40813787,21.33310726
2564,3472,383.7897004,42.9454709,0.29922208,0,40.91602925,35.11091655
426,3474,214.8768223,25.09543205,0.313981483,0,23.79958843,20.28680993
3477,3475,152.3962602,17.60222589,0.309820555,0,16.71538268,14.27091039
3313,3476,142.3480929,16.44163238,0.309820555,0,15.61326271,13.32996542
3476,3477,63.08362526,7.286348236,0.309820555,0,6.919244186,5.907367819
1178,3479,77.44837353,6.289846735,0.13643696,0,6.212958503,6.172199487
3481,3480,51.38247318,3.548511886,0.28123359,0,3.398844607,3.370809959
3854,3481,55.57408234,3.837987537,0.28123359,0,3.676110906,3.645789286
1782,3482,127.961153,9.011324291,0.194086352,0,8.815226867,8.780180475
3484,3483,76.41547844,10.71573453,0.343624478,0,10.06204227,9.216997817
1888,3484,111.8368925,13.00507305,0.338860041,0,12.23195926,11.88599549
3069,3485,350.9877522,17.97467302,0.194086352,0,17.58352218,17.51361598
2644,3486,31.10882572,1.593135279,0.194086352,0,1.558466709,1.552270767
4076,3487,189.375407,18.45154821,0.28123359,0,17.67330846,17.52753393
2566,3488,10.4089732,0.606242879,0.304898749,0,0.576586434,0.565821721
985,3489,87.80253599,5.925800702,0.090957973,0,5.884265899,5.848234114
3956,3491,86.76594714,7.401021534,0.338860041,0,6.961052316,6.764168736
3493,3492,34.63731192,2.954517294,0.338860041,0,2.778879829,2.700283119
3494,3493,10.69698166,0.912438511,0.338860041,0,0.858196694,0.833923807
3498,3494,10.20601606,0.81740341,0.304898749,0,0.777417324,0.762903154
3495,3494,23.88474564,1.800937305,0.264495114,0,1.733020056,1.715508519
3491,3495,96.90646928,7.306859292,0.264495114,0,7.031301789,6.960253046
3497,3496,88.92606618,7.585276856,0.338860041,0,7.134354195,6.932569014
3492,3497,73.88604171,6.302382487,0.338860041,0,5.927724167,5.760066821
3499,3498,11.00832748,0.938995902,0.338860041,0,0.883175325,0.858195952
2739,3498,26.42683281,2.116534319,0.304898749,0,2.012996798,1.975414694
3496,3499,20.62687746,1.759445604,0.338860041,0,1.654851677,1.608046523
2173,3500,12.09121324,1.407627673,0.31553044,0,1.334279904,1.284634071
2103,3501,134.0449212,10.29399906,0.302655397,0,9.797229562,9.41005316
3410,3501,36.80592556,4.019217887,0.290406899,0,3.839432407,3.307514863
3584,3503,89.89139198,6.370184308,0.277498458,0,6.107992958,5.987318141
3522,3504,375.3974807,27.23612862,0.304898749,0,25.90378015,25.4201636
3017,3505,40.71968586,2.95432617,0.304898749,0,2.809805192,2.757346891
2995,3506,193.137367,21.65583128,0.347032492,0,20.31040398,17.67300526
3506,3507,35.30617242,3.160009418,0.181915947,0,3.098454799,3.083440821
3813,3508,51.69826305,5.971304696,0.309820555,0,5.670455757,4.84120331
410,3509,25.17218917,2.907463473,0.309820555,0,2.76097835,2.357210443
3815,3510,99.61065122,11.16900106,0.347032492,0,10.47509655,9.114857424
3510,3511,42.78898167,4.740966339,0.324516339,0,4.480786119,4.30486939
2997,3511,40.96798193,3.289422953,0.344306027,0,3.088020901,2.966865656
409,3512,94.07046875,8.138938148,0.373494004,0,7.55953943,7.166180638
411,3513,136.1900875,13.66115077,0.353016465,0,12.78511552,11.50070577
2910,3514,47.27253163,5.095358007,0.37201497,0,4.735284941,4.200368496
693,3515,161.2130968,18.68969532,0.311247706,0,17.74005471,15.13781468
2682,3516,21.74871178,2.371550612,0.346121895,0,2.224926525,1.950525211
412,3517,32.83166801,2.312083008,0.194086352,0,2.261769257,2.25277722
2235,3517,197.2740358,13.81515846,0.181915947,0,13.54604951,13.48041031
412,3518,40.80524858,4.672012609,0.310264167,0,4.436003829,3.796772671
2911,3519,37.39110313,4.160297513,0.343580304,0,3.906567146,3.402325345
2873,3521,336.2344499,23.82736956,0.277498458,0,22.84665536,22.39527698
2986,3522,32.70329737,2.372714946,0.304898749,0,2.256645473,2.214514514
2254,3523,35.13814228,2.490076498,0.277498458,0,2.387587074,2.340415829
2979,3524,235.44376,17.08209794,0.304898749,0,16.24646864,15.94315148
866,3526,111.1161442,16.98804222,0.354340251,0,15.89108828,14.18236061
3529,3527,53.74203326,3.413049419,0.362363971,0,3.183326959,3.057798685
3527,3528,67.96218402,4.085305013,0.34516686,0,3.834014528,3.728846088
3529,3528,107.4838475,9.642401905,0.311247706,0,9.152462597,7.809912931
66,3529,183.6598184,16.47616664,0.311247706,0,15.63899746,13.34495576
3533,3531,40.0749899,3.825997763,0.181915947,0,3.751470189,3.733291937
3533,3532,47.27786538,4.538932069,0.194086352,0,4.440159363,4.422506775
3534,3533,39.59685444,4.048313117,0.25635719,0,3.904059107,3.861947729
3530,3534,40.84223069,4.175638205,0.25635719,0,4.026847206,3.983411366
3530,3535,44.81314725,4.892952418,0.304898749,0,4.653596902,4.56671551
3541,3539,37.70266845,4.263084754,0.318459938,0,4.037127047,3.932798859
3540,3541,58.2817414,5.456616829,0.13643696,0,5.389914152,5.354554572
2900,3542,531.5761113,26.54786546,0.13643696,0,26.22333952,26.05130593
3543,3544,184.4586971,17.7090376,0.194086352,0,17.32366731,17.25479421
3546,3545,10.84981331,0.900057865,0.311097313,0,0.854365812,0.829487824
2950,3545,138.693993,14.53412735,0.38318077,0,13.44917751,12.4351984
3548,3546,9.197519806,1.000621858,0.346957085,0,0.938480515,0.89139241
3549,3546,9.09406576,0.968404875,0.354803999,0,0.905721243,0.824273494
3545,3547,10.17870007,1.066654148,0.38318077,0,0.987030088,0.912614541
2956,3547,313.9879998,23.9370422,0.28123359,0,22.92743815,22.73832605
3549,3548,8.979693268,0.864117623,0.324561148,0,0.816683485,0.803075523
3547,3549,10.31289368,0.839208219,0.324561148,0,0.793141437,0.779925743
3550,3549,11.19895996,1.192549923,0.354803999,0,1.115357663,1.015058182
3547,3550,11.07474156,1.100653851,0.380298946,0,1.019633406,0.957420108
2763,3551,7.869869354,0.54459832,0.246115344,0,0.526570561,0.515452367
3574,3551,74.63363075,5.512002024,0.256693098,0,5.315125799,5.284441812
2774,3552,17.43236321,1.197186623,0.13643696,0,1.182551996,1.174794072
542,3553,19.38429161,1.536262767,0.291714491,0,1.466974827,1.438027885
3059,3554,16.26400854,1.37326566,0.328077906,0,1.296366917,1.258731383
0,3555,371.4185846,28.66243391,0.388489708,0,26.46756061,24.90253904
3555,3556,54.13068437,3.368853833,0.304898749,0,3.204054816,3.144235982
3487,3557,8.742265887,0.851791387,0.28123359,0,0.815864975,0.809135486
3431,3557,65.66291531,4.4315958,0.090957973,0,4.400534097,4.373587814
2773,3558,85.01521611,5.838513016,0.13643696,0,5.76714197,5.729307654
2617,3559,444.5071561,35.78773805,0.311230557,0,33.96951481,33.35266048
3561,3560,338.3124854,42.64287126,0.304274081,0,40.56470811,34.67574801
3563,3561,6.771832563,0.853561121,0.304274081,0,0.811963564,0.694087182
3564,3561,21.06399068,3.194186355,0.373635611,0,2.966637234,2.683119763
3563,3562,10.34648834,1.789426652,0.311782172,0,1.698216285,1.452767639
4026,3562,444.5809003,56.66738214,0.308818312,0,53.829332,45.94472095
3565,3563,11.83115691,1.508504707,0.309820555,0,1.432502549,1.223012114
3566,3564,19.8114944,3.196652524,0.32740025,0,3.018332177,2.640924675
328,3565,10.43620459,1.827510794,0.312634504,0,1.733889285,1.478765259
3566,3565,4.394777699,0.558268429,0.30835249,0,0.530386525,0.453055824
3567,3566,343.1172479,43.58616976,0.30835249,0,41.40932195,35.37181588
426,3567,15.95673953,2.018808975,0.305830924,0,1.919495531,1.640014092
3315,3567,92.80308181,10.75881152,0.311247706,0,10.21214641,8.714154631
3314,3568,16.61348683,2.133992107,0.312634504,0,2.024669874,1.726760467
427,3568,234.353129,27.4707454,0.315289154,0,26.04133536,22.1855811
3570,3569,20.16989215,2.528550775,0.37641875,0,2.345925748,2.255960366
3682,3569,40.78673859,5.219718179,0.311247706,0,4.954499498,4.227737539
2122,3570,352.1730637,42.76525125,0.349103416,0,40.07891348,38.51707429
3572,3571,89.48101778,12.30935204,0.364865424,0,11.47021607,10.65430222
1407,3572,89.77344559,15.58423793,0.31325905,0,14.78293076,12.6398204
142,3573,33.91696411,2.504907948,0.256693098,0,2.415438311,2.401494092
3573,3574,49.73325989,3.673006745,0.256693098,0,3.541815265,3.521368522
64,3575,106.2995455,11.7647355,0.344553962,0,11.04345366,9.636226144
3594,3576,30.18868584,3.525732121,0.313981483,0,3.343675184,2.850154452
77,3577,13.64735594,0.96107879,0.194086352,0,0.940164541,0.936426762
3018,3578,26.71222464,1.938046,0.304898749,0,1.843239846,1.808827058
2363,3579,90.22810182,7.514056688,0.194086352,0,7.350541636,7.321318343
3310,3580,35.55522706,4.581056056,0.253729308,0,4.420835018,3.710632602
2930,3581,19.29254971,2.253174006,0.313981483,0,2.136827686,1.821435578
3583,3582,19.35995557,2.436998702,0.307698549,0,2.315761321,1.982498645
3224,3582,146.9001569,13.72185544,0.312634504,0,13.01889882,11.10330137
2560,3583,15.14527606,1.41993033,0.313981483,0,1.346609908,1.147852591
3381,3584,67.91808005,4.813038026,0.277498458,0,4.614937488,4.523760772
3578,3585,43.34772441,3.144997657,0.304898749,0,2.991149331,2.935305384
3724,3587,14.92636154,1.433011844,0.194086352,0,1.401827756,1.396254558
69,3588,717.5630845,50.53247414,0.194086352,0,49.43282578,49.23629741
3020,3590,24.14821212,3.586739062,0.256116906,0,3.459149252,3.035246398
3592,3591,4.294572942,0.686194608,0.288548704,0,0.655859285,0.569021257
3590,3592,23.42697083,3.743203637,0.288548704,0,3.577723917,3.104020952
3824,3593,22.98012292,3.068988988,0.361220839,0,2.863630038,2.67895272
3595,3594,100.1275501,11.69388166,0.313981483,0,11.09004898,9.453176738
3596,3595,43.59817525,3.3304253,0.366802387,0,3.101149585,2.815293476
2657,3595,26.41433073,3.08492575,0.313981483,0,2.92563057,2.493812507
3845,3596,183.4534351,16.64047274,0.315289154,0,15.77460403,13.43897124
3106,3597,16.76115786,1.069272298,0.194086352,0,1.046003627,1.041845067
3910,3598,152.5292459,7.811279181,0.194086352,0,7.641296204,7.610916968
3599,3600,29.68518297,3.374118846,0.348570966,0,3.162768696,3.035802179
699,3601,110.7319613,8.775837291,0.291714491,0,8.380032814,8.214674609
1335,3602,357.4353694,26.21165141,0.318559354,0,24.82154608,24.39598641
3747,3603,29.86627756,2.190170653,0.318559354,0,2.074017426,2.038458877
3744,3604,10.64433632,1.335290785,0.30710232,0,1.269098726,1.087294687
2923,3605,290.2030248,31.61980268,0.336969224,0,29.75945411,26.01024421
2,3606,153.3409977,17.15861929,0.29922208,0,16.34776739,14.02836754
2766,3607,304.7119048,28.56796231,0.313981483,0,27.09280891,23.0939567
3846,3608,32.14918792,2.662429522,0.181915947,0,2.610567387,2.597917532
2935,3610,130.8805777,12.0295095,0.310264167,0,11.42183352,9.775939567
2764,3611,512.3775339,44.81589123,0.336969224,0,42.17915185,36.86526091
2487,3612,194.9983403,18.3491242,0.315289154,0,17.39434769,14.81889105
3612,3613,111.0871557,9.675685118,0.348700263,0,9.069197227,7.887897051
3808,3614,90.5627254,8.521850459,0.315289154,0,8.078425338,6.882310681
3253,3615,14.89465237,1.853851414,0.302746016,0,1.764338664,1.512616635
2659,3616,123.2937219,7.180913963,0.304898749,0,6.829634976,6.702127543
933,3617,46.19315465,5.335448138,0.309820555,0,5.066635208,4.32568601
404,3618,74.62958761,6.32184095,0.358099086,0,5.905568354,5.602417895
24,3620,170.9224536,12.21598102,0.276103309,0,11.71778892,11.43176793
61,3621,230.7416415,20.92983428,0.315289154,0,19.84077336,16.90309197
3621,3622,99.75969648,6.807907325,0.389608272,0,6.283795229,5.96172377
143,3622,46.06071567,3.559154677,0.338860041,0,3.347573276,3.252891871
2934,3625,338.0011608,28.14821361,0.194086352,0,27.53567409,27.42620147
3792,3626,51.83181374,4.639104394,0.181915947,0,4.548738112,4.526696591
2553,3626,37.45200729,4.00450297,0.367938097,0,3.727237918,3.308599502
3438,3627,38.21222289,4.23521219,0.341794708,0,3.979391772,3.467260325
2814,3628,314.442934,34.53068458,0.340844781,0,32.45563462,28.34378726
2589,3629,242.7047177,28.24125943,0.312634504,0,26.7944886,22.85195439
3623,3630,57.35863383,6.596075227,0.359480316,0,6.158636394,5.924651204
971,3630,40.33001339,4.504670585,0.345326031,0,4.227348005,3.68006853
3636,3631,61.44667294,6.289706332,0.304898749,0,5.982023816,5.870341054
2554,3631,39.69643283,4.244485,0.367938097,0,3.950603996,3.506877398
2552,3632,193.7886205,20.63709734,0.365839249,0,19.22328779,17.07014453
2590,3633,221.6145082,22.62145727,0.3822636,0,20.94028489,18.93383114
3439,3634,39.00923575,3.852084527,0.367646593,0,3.585764142,3.256236002
3440,3635,33.19441327,3.289922698,0.322692881,0,3.111243517,3.023245086
3843,3636,24.1965168,2.291686579,0.304898749,0,2.179580886,2.138888702
3734,3638,12.66613471,1.234108478,0.28123359,0,1.182056896,1.172306951
3638,3639,21.52058813,2.096830712,0.28123359,0,2.008391683,1.99182589
132,3640,56.35390203,3.518278008,0.296735763,0,3.354547317,3.274373149
2938,3641,30.27818672,3.469031741,0.320153427,0,3.283352981,2.893036432
3374,3642,201.0280342,11.75022709,0.31696482,0,11.13280985,10.81335567
4005,3643,30.90771105,2.771339134,0.194086352,0,2.711031409,2.700253256
2386,3644,81.78223646,10.15429965,0.297610092,0,9.679185936,8.28993567
3569,3645,66.0285124,8.450056033,0.311247706,0,8.020700916,6.84416627
3987,3645,79.0475655,9.836826971,0.329331323,0,9.282099051,8.588187579
3799,3647,69.00294478,8.165388202,0.287994812,0,7.805681446,6.754081119
3615,3648,46.00181973,5.725580998,0.302746016,0,5.449122756,4.671684578
2841,3649,69.87118824,6.89648628,0.370817655,0,6.412036183,6.009708033
1828,3650,11.78390039,0.878946678,0.247909647,0,0.849467545,0.839712736
3653,3654,42.79680594,6.756525863,0.30100678,0,6.433727671,5.518387179
3913,3655,324.6748696,31.30162333,0.381389999,0,28.98520596,27.48641295
2541,3656,63.79974101,5.599848833,0.13643696,0,5.531395261,5.495107519
2548,3656,39.51237271,4.258914802,0.37201497,0,3.95795057,3.510844878
3316,3657,7.245047387,0.558596347,0.325239491,0,0.52781476,0.509953753
3764,3658,58.28536329,4.826892434,0.181915947,0,4.732868181,4.709934433
3658,3659,105.2953917,8.720019931,0.181915947,0,8.550160467,8.508729517
828,3662,54.48153697,4.363445427,0.304898749,0,4.149992557,4.072513322
4020,3663,57.16446368,5.352011918,0.13643696,0,5.286587949,5.251906223
3925,3665,128.0600944,14.95611934,0.313981483,0,14.18383569,12.09032583
2670,3666,16.30584178,1.883373712,0.309820555,0,1.788484736,1.526935153
3150,3666,189.8213263,22.25075189,0.315289154,0,21.09295847,17.96987499
1058,3667,112.6765019,14.41987287,0.311247706,0,13.68718587,11.67945007
3669,3668,22.76034722,2.192679894,0.194086352,0,2.144964501,2.13643684
3680,3670,85.97462009,15.11078039,0.313981483,0,14.33051056,12.21535174
3672,3671,32.91042833,5.36127003,0.308818312,0,5.092763658,4.34680492
1517,3672,335.0463996,39.27395543,0.315289154,0,37.23037833,31.71794251
3676,3677,51.76818382,5.520880482,0.277498458,0,5.293645752,5.189059887
3203,3680,14.96079878,2.629489313,0.313981483,0,2.493711338,2.125643814
2687,3680,386.0966153,45.09216617,0.313981483,0,42.76375852,36.45190098
178,3681,21.28378593,1.439579728,0.345820072,0,1.350719533,1.305309753
2866,3684,16.46086535,2.122188427,0.313981483,0,2.012605762,1.715548597
3749,3684,103.6387082,12.14847261,0.315289154,0,11.51634019,9.81119807
3897,3685,113.7069374,14.37146746,0.310264167,0,13.64548643,11.67916259
173,3686,167.4097653,19.62368098,0.315289154,0,18.60258431,15.84823271
2447,3688,13.71069884,1.576549633,0.296735763,0,1.50318148,1.443199597
2447,3689,15.78038849,1.560404452,0.174453775,0,1.532082027,1.501395774
3691,3690,443.7210833,54.07807117,0.339968617,0,50.84380158,44.31936375
3212,3691,72.56543886,6.453262854,0.311782172,0,6.12432818,5.239159385
3692,3691,41.98348459,4.744541562,0.357749022,0,4.432694533,3.970343204
2658,3692,21.88605911,2.473337268,0.357749022,0,2.310770902,2.069746398
3212,3692,55.43180456,5.196953838,0.313981483,0,4.928600639,4.201147623
3648,3693,126.6795233,15.76706912,0.302746016,0,15.00576014,12.86485576
3168,3694,22.97381396,2.961858996,0.313981483,0,2.808918569,2.394326997
3411,3695,37.95388785,4.311717039,0.306091176,0,4.099273685,3.511062994
1521,3695,53.91998545,4.865215788,0.158478818,0,4.789862464,4.726794899
3791,3696,118.30205,13.8673015,0.315289154,0,13.14573171,11.19933724
3698,3697,111.3975597,12.56012765,0.302746016,0,11.95366504,10.24820969
3700,3698,65.19920797,7.351241598,0.302746016,0,6.996288741,5.998113032
1523,3698,63.74890756,7.781532937,0.373494004,0,7.227577356,6.85149213
3700,3699,57.66301216,5.06121414,0.13643696,0,4.999344937,4.966547617
1523,3699,58.25570896,6.386208657,0.292487541,0,6.096778185,5.249982304
3502,3700,222.7752156,25.02306056,0.30100678,0,23.8275647,20.43756501
3410,3701,38.64738443,3.863954224,0.277498458,0,3.704917166,3.631719603
3501,3701,29.8219602,2.617996328,0.362932771,0,2.441273725,2.294783282
3500,3703,232.8626037,18.01383335,0.31553044,0,17.07517996,16.43984736
208,3708,23.16300204,1.879527016,0.322931863,0,1.777308283,1.687454214
3735,3710,216.8744962,18.45947256,0.362277829,0,17.21756622,16.33620795
834,3711,191.2552676,15.51912147,0.322931863,0,14.67510863,13.93318996
3713,3712,169.3877729,14.41759636,0.362277829,0,13.44761716,12.75924062
3710,3713,208.2463898,17.72508333,0.362277829,0,16.53258483,15.6862904
3711,3714,186.2414976,15.11228664,0.322931863,0,14.29039965,13.56793043
844,3715,81.97387742,9.608933006,0.315289154,0,9.10894274,7.760246742
3718,3719,63.15325324,9.576687668,0.373635611,0,8.894458576,8.044427311
202,3720,222.7578558,19.58678546,0.384684067,0,18.11401296,16.3740902
2816,3722,20.99720134,2.43872425,0.308640982,0,2.316715742,2.226359565
3723,3722,227.6999701,21.20084632,0.395622013,0,19.52168825,18.24669649
2784,3723,203.4706025,18.94488161,0.395622013,0,17.44440138,16.30508045
3727,3724,45.20956478,4.333214461,0.25635719,0,4.178808528,4.133733549
2545,3725,23.71072447,2.420288928,0.3822636,0,2.240418867,2.025746677
3729,3726,19.10333379,2.347893054,0.357854949,0,2.193487167,2.106497028
3727,3726,27.24548154,2.536791142,0.395622013,0,2.335871176,2.183311804
3622,3727,119.6334465,12.26303942,0.384684067,0,11.34095513,10.25161142
2543,3728,121.3885258,13.29380555,0.334917909,0,12.5204489,10.91810204
2546,3729,10.6544721,1.12515285,0.360351474,0,1.050199532,0.93278711
3731,3729,24.05322203,2.782887243,0.333528409,0,2.62223479,2.547104578
3729,3730,26.44294789,2.792476051,0.360351474,0,2.606452131,2.315050498
3731,3730,35.51542176,3.912084259,0.350262407,0,3.664830328,3.565553655
2630,3731,81.86009829,11.315062,0.385905426,0,10.45924475,9.777398217
2546,3732,24.93102453,2.548904327,0.25635719,0,2.458078924,2.431564702
3728,3732,33.58790268,3.006219071,0.181915947,0,2.947660172,2.933376889
2079,3733,133.22858,12.59589115,0.194086352,0,12.32178918,12.27280187
3454,3734,106.6399567,7.364634874,0.28123359,0,7.054013156,6.995829627
3337,3735,11.10142645,0.94490814,0.362277829,0,0.881337125,0.836221935
3338,3736,573.3278016,41.85992389,0.362277829,0,39.04369474,37.04506827
3714,3737,216.7388074,17.58694505,0.322931863,0,16.6304729,15.78969831
3738,3739,22.51868254,2.501683439,0.292630292,0,2.388202638,2.318101455
4034,3740,21.93278075,1.454192807,0.219460094,0,1.414967616,1.397110153
2760,3741,158.3824406,15.43912728,0.30710232,0,14.67379013,12.57170441
1909,3742,14.17686651,0.939958209,0.219460094,0,0.914603909,0.903061238
3604,3743,15.22323518,1.931267964,0.311782172,0,1.832827684,1.567923221
3745,3744,41.06817402,5.171225088,0.308704428,0,4.912412562,4.206624587
3747,3745,19.31932867,2.395537823,0.30059744,0,2.281375212,1.95650285
4022,3746,44.37560626,3.719142548,0.322692881,0,3.517151983,3.417672836
2703,3747,14.22656039,1.610629083,0.305457175,0,1.531573828,1.312802534
3518,3748,44.06710532,5.04548015,0.310264167,0,4.790605492,4.100275995
3750,3749,77.29280018,9.060219696,0.315289154,0,8.588781123,7.317101736
3446,3749,50.23148918,6.249890644,0.389608272,0,5.768737901,5.473065339
4004,3750,127.639557,14.96183896,0.315289154,0,14.18331611,12.08329394
2998,3752,237.893332,26.12435747,0.340844781,0,24.55446832,21.44363019
2623,3753,312.9697339,38.95353644,0.302746016,0,37.0726747,31.78343569
2824,3755,25.50162277,2.411011697,0.194086352,0,2.358545137,2.349168351
3818,3757,39.07462846,3.730492296,0.181915947,0,3.657825097,3.640100615
3820,3758,126.0665114,12.10307037,0.194086352,0,11.83969277,11.79262212
3757,3758,65.04517056,6.209924886,0.181915947,0,6.088960195,6.059455321
3759,3760,47.95143445,5.208194278,0.298397178,0,4.963320264,4.868053548
123,3761,188.1257297,18.06109267,0.194086352,0,17.66806123,17.59781893
3659,3763,233.5886154,19.3446014,0.181915947,0,18.96778304,18.8758721
3765,3764,84.56745442,7.003439335,0.181915947,0,6.867017577,6.833742522
3766,3765,100.6101326,8.332010992,0.181915947,0,8.169709652,8.130122228
3767,3766,101.2538535,8.38532063,0.181915947,0,8.221980858,8.182140146
3039,3767,296.7465314,24.57501346,0.181915947,0,24.09631058,23.97954867
934,3768,25.74764633,1.824615784,0.277498458,0,1.749516155,1.714951193
162,3769,72.12273884,5.111002612,0.277498458,0,4.900638106,4.803816841
724,3770,30.95171137,3.737433432,0.338928151,0,3.515171251,3.071085238
172,3771,25.7358565,3.016743001,0.315289154,0,2.859770095,2.436344392
3873,3771,101.2193027,10.06583645,0.311247706,0,9.554382048,8.152875919
1896,3773,102.1758473,8.03081342,0.045478987,0,7.999758923,7.968971508
3773,3774,351.5589582,27.63181784,0.045478987,0,27.52496786,27.41903684
3774,3775,315.1781147,24.77235767,0.045478987,0,24.67656499,24.58159617
3461,3776,112.0752821,5.739563667,0.194086352,0,5.61466375,5.592341726
3423,3777,15.63540341,1.722068649,0.311230557,0,1.634577643,1.604895255
3422,3777,25.47896052,4.208781518,0.338928151,0,3.958488643,3.458396524
2770,3779,17.21916925,1.182545295,0.13643696,0,1.168089646,1.1604266
2676,3780,300.4521596,35.1950612,0.255131673,0,33.95178609,28.48183156
3606,3781,24.10706774,2.697543407,0.29922208,0,2.570067638,2.205429804
3605,3782,23.76881371,2.58979106,0.336969224,0,2.43742091,2.130345297
3471,3783,37.41121059,4.076232829,0.336969224,0,3.836407996,3.353082637
2631,3784,76.26547305,8.533987885,0.29922208,0,8.130703672,6.977130072
3312,3785,178.8475095,11.12659579,0.13643696,0,10.99058226,10.91848049
3311,3786,81.94536783,10.32887026,0.304274081,0,9.825501778,8.399089741
3788,3787,69.32456561,8.904697571,0.312634504,0,8.448519022,7.205406093
3350,3787,43.20095507,7.039369801,0.311247706,0,6.681692948,5.701573713
749,3788,113.9764692,14.69421799,0.313981483,0,13.93545805,11.8786083
3415,3789,95.04497347,10.97797997,0.309820555,0,10.42488249,8.900338485
844,3789,22.40524229,3.489896692,0.339968617,0,3.281174996,2.860124216
3417,3790,140.571639,16.17624402,0.30835249,0,15.36834506,13.12763035
3696,3790,22.98762799,3.367162008,0.362916733,0,3.139887085,2.806076557
214,3791,204.7012616,23.99496975,0.315289154,0,22.74641787,19.37851848
3418,3791,22.91255754,2.480019626,0.334877269,0,2.335778814,2.272713819
2695,3793,72.28756771,8.203727771,0.310451986,0,7.788850477,6.682907994
2693,3795,51.42520253,5.788336437,0.348700263,0,5.425513968,4.718818497
415,3796,46.26057579,5.187039877,0.347032492,0,4.864780944,4.233066922
4055,3798,34.80312711,1.852385191,0.219460094,0,1.802419215,1.779671956
725,3799,70.73569838,8.295302544,0.326934407,0,7.833777586,6.871952788
3803,3802,30.45414291,4.474788191,0.348700263,0,4.194301092,3.647976153
3804,3803,21.62483807,3.309031478,0.315289154,0,3.136849663,2.67239877
4082,3804,21.14487838,3.106928747,0.348700263,0,2.912181332,2.532857757
3750,3805,53.81654796,8.228090445,0.33764986,0,7.742181098,6.779215093
3446,3805,85.41208308,10.01195759,0.315289154,0,9.490996382,8.085732434
4044,3806,94.39660675,6.370835105,0.090957973,0,6.32618099,6.287443178
3929,3808,85.28582654,7.553841344,0.309263361,0,7.174520346,6.138977821
722,3808,67.37322237,6.316509617,0.313981483,0,5.990346327,5.106181465
3938,3809,297.3792054,26.14813594,0.384684067,0,24.1820014,21.85922429
3162,3810,217.0278199,23.91502777,0.379007068,0,22.16568213,20.15487449
3947,3811,64.40795262,6.480804581,0.376577102,0,6.012362286,5.447795755
3853,3812,40.27358957,3.802164666,0.366380042,0,3.540971356,3.360180294
3934,3813,55.43396806,6.402789849,0.309820555,0,6.080201631,5.191027587
3961,3814,51.09160375,5.728726491,0.347032492,0,5.372813806,4.675129397
3814,3815,82.36122913,9.234882457,0.347032492,0,8.661140315,7.536451691
440,3816,120.7969915,15.88958437,0.373635611,0,14.75763383,13.34726691
440,3817,10.32834188,1.628463157,0.321223144,0,1.540761873,1.354250075
3816,3817,125.2423416,17.83990959,0.334240653,0,16.80596449,14.66747166
3756,3818,77.80466465,7.428086037,0.181915947,0,7.283392479,7.248099823
3818,3819,220.8199428,21.31605563,0.205690482,0,20.80299591,20.74119106
3820,3821,37.54733664,3.604748417,0.194086352,0,3.526304688,3.512285281
4043,3823,7.856012584,0.762822021,0.217860888,0,0.742510126,0.741228931
2205,3824,69.84412426,9.839032919,0.365278927,0,9.166890785,8.44771541
3014,3825,222.7181113,16.15881681,0.304898749,0,15.36835298,15.08143
329,3826,223.1088714,15.81068666,0.277498458,0,15.15993229,14.86041949
947,3827,21.7342206,1.540202994,0.277498458,0,1.476809553,1.44763242
946,3828,67.84684286,4.807989778,0.277498458,0,4.610097022,4.519015939
3007,3829,35.49201403,2.575044076,0.304898749,0,2.449076981,2.403353378
3010,3830,218.3070926,15.83878518,0.304898749,0,15.06397678,14.78273642
3200,3831,30.15399795,3.52511639,0.34516686,0,3.30828357,3.217536125
3825,3832,39.42163742,2.860149154,0.304898749,0,2.720235168,2.669449115
2939,3833,120.2377742,12.3023945,0.392436845,0,11.34250248,10.60227167
3279,3835,228.3327122,26.38504318,0.367537554,0,24.56187107,21.93732958
931,3837,164.8126881,18.35191363,0.34364713,0,17.23225471,15.42061812
3149,3838,194.3756309,22.17189735,0.309891017,0,21.0543548,20.26327238
910,3838,30.77084696,3.889140239,0.310264167,0,3.692678602,3.160561114
105,3839,95.67314205,6.173046722,0.217860888,0,6.008675125,5.998307204
3839,3840,96.60817422,6.233377104,0.217860888,0,6.067399072,6.056929823
3635,3842,27.77655447,2.75295473,0.322692881,0,2.603438847,2.529803167
1169,3843,145.4130124,13.77227357,0.304898749,0,13.09855567,12.85400918
2212,3844,4.476463786,0.446657771,0.219460094,0,0.434609688,0.429124738
2698,3845,511.9302315,48.1720582,0.315289154,0,45.6654781,38.90411739
2078,3846,86.07368569,8.217537415,0.181915947,0,8.057465935,8.018422402
3062,3847,239.3018083,12.73676139,0.219460094,0,12.3932018,12.23679458
3851,3850,58.58899424,4.370081225,0.247909647,0,4.223512374,4.175011923
464,3851,11.12353923,1.045803179,0.181915947,0,1.025431715,1.020462848
4045,3851,104.0409752,7.286019939,0.181915947,0,7.144093722,7.109476057
3866,3853,24.61518494,1.690474767,0.13643696,0,1.669810095,1.658855601
3360,3853,36.12135711,4.202971526,0.366788728,0,3.913647275,3.760156753
152,3854,457.7753512,44.60275017,0.28123359,0,42.7215187,42.36913932
3856,3855,47.42227419,5.403934852,0.265185783,0,5.199172202,4.960698489
794,3856,35.81130967,4.475463628,0.381988211,0,4.143301907,3.81824555
937,3857,75.98855465,5.384954975,0.277498458,0,5.163314823,5.061303889
151,3861,216.4210618,15.33675273,0.277498458,0,14.70550508,14.41497034
2530,3863,254.4992706,14.86181009,0.228690641,0,14.4305031,14.1433339
618,3864,73.25264582,10.78967526,0.360847242,0,10.06907569,9.142765123
3864,3865,30.61211861,4.514908488,0.339569108,0,4.2454703,3.826237004
3867,3866,16.32400368,1.12106882,0.13643696,0,1.10736467,1.1001
3360,3866,27.72023055,2.705676414,0.3920267,0,2.49497522,2.29482905
2800,3867,13.08735587,1.404992264,0.369996446,0,1.306701977,1.159518122
464,3867,126.3922908,8.680128906,0.13643696,0,8.57402143,8.517773077
2207,3868,32.30247672,5.509356913,0.300617042,0,5.246769537,4.488775041
3868,3869,34.86946755,4.540161273,0.373494004,0,4.216954047,3.997525871
3871,3870,48.59232225,2.474640741,0.181915947,0,2.42643659,2.414678966
2931,3871,287.9108043,14.66231234,0.181915947,0,14.37670147,14.30703723
2461,3872,42.94814697,2.898574131,0.090957973,0,2.878257602,2.860632845
3178,3873,363.0546726,36.84326897,0.264685055,0,35.45201501,29.74278144
3241,3874,72.58843134,7.257370196,0.277498458,0,6.958663031,6.821181637
3135,3875,280.8464404,30.1502519,0.369996446,0,28.04100404,24.88253091
3045,3876,28.10480377,2.245446978,0.339409673,0,2.111560831,2.028131546
3875,3876,38.63189653,3.702762756,0.25635719,0,3.570821782,3.532304889
3353,3877,74.94539115,5.146956765,0.13643696,0,5.084039429,5.050686486
2995,3878,17.32972719,1.015378942,0.264495114,0,0.977086801,0.967213695
3617,3878,194.8059683,22.50067458,0.309820555,0,21.36703555,18.24230144
3740,3879,31.83082173,2.110455237,0.219460094,0,2.053528116,2.027611761
224,3880,35.40405424,4.513329546,0.358099086,0,4.216141523,3.999714389
2936,3881,12.69781409,0.67583705,0.219460094,0,0.657607118,0.64930785
963,3882,27.60185752,1.405668179,0.181915947,0,1.378286815,1.371608141
3884,3883,47.69014169,3.635683321,0.28123359,0,3.482339372,3.453616035
85,3884,124.4307238,6.64965344,0.28123359,0,6.369187835,6.316652942
2825,3885,165.5559981,10.2763544,0.329546693,0,9.696139622,8.517799775
156,3885,164.841407,11.60484381,0.362363971,0,10.82375542,10.39694179
3994,3886,215.1208189,19.51291956,0.315289154,0,18.49758624,15.75878095
197,3886,526.6306304,39.41171131,0.369445468,0,36.66215591,33.89312422
3889,3887,123.9497497,7.219122551,0.304898749,0,6.86597446,6.737788579
4058,3888,288.6405874,16.81110111,0.304898749,0,15.98872855,15.69022333
3888,3889,95.55861641,5.565556723,0.304898749,0,5.293298465,5.194474018
3887,3890,274.2765002,15.97450316,0.304898749,0,15.19305566,14.90940543
4060,3891,360.3395773,17.99600549,0.13643696,0,17.77601904,17.65940261
3092,3892,127.8147376,6.383297492,0.13643696,0,6.305266901,6.263902311
3104,3893,75.74291453,4.411444023,0.304898749,0,4.195643138,4.117311618
3893,3894,52.79268929,3.07476937,0.304898749,0,2.924356501,2.869759559
3894,3895,330.0582999,19.2233653,0.304898749,0,18.28298858,17.94165014
642,3896,42.70758715,2.19115679,0.219460094,0,2.132052838,2.105145469
2909,3896,18.18254382,1.782488432,0.394788031,0,1.641862038,1.50990244
3667,3897,116.8536621,14.76918332,0.310264167,0,14.0231115,12.00237163
3899,3898,84.01148291,10.75144225,0.311247706,0,10.20515158,8.708185854
3684,3899,125.0482605,16.00315939,0.311247706,0,15.19002414,12.96184111
3901,3900,267.147512,9.97295473,0.194086352,0,9.755931052,9.717144736
131,3901,649.8810436,35.56336084,0.194086352,0,34.78945867,34.65114742
2575,3902,1286.171168,48.01439751,0.194086352,0,46.96954557,46.78281037
131,3903,333.2575382,13.27605167,0.228690641,0,12.89076523,12.63423705
3409,3904,18.54354911,1.305880188,0.194086352,0,1.27746264,1.272383876
2959,3905,248.783904,17.51994559,0.194086352,0,17.13869017,17.07055247
3937,3906,41.83545535,4.033320063,0.381389999,0,3.734841848,3.541717298
2848,3907,99.20409098,9.5641806,0.381389999,0,8.856401523,8.398446774
3909,3908,74.45656285,6.140220174,0.366987619,0,5.717114707,5.493724822
3456,3909,205.7758838,16.96974967,0.366987619,0,15.8004115,15.18302803
3911,3910,152.8202266,5.704972472,0.194086352,0,5.580825301,5.558637808
2581,3911,349.2713608,13.03874194,0.194086352,0,12.75500299,12.70429337
3597,3912,152.2275611,7.795829398,0.194086352,0,7.626182627,7.595863478
3914,3913,253.6500631,24.45418318,0.381389999,0,22.64449765,21.47357566
3906,3914,9.420126146,0.908186213,0.381389999,0,0.840977612,0.797491588
3655,3915,13.34428007,1.286510499,0.381389999,0,1.191304725,1.129703673
83,3917,111.9045332,11.04529775,0.370817655,0,10.26941053,9.625048456
2830,3918,104.0386696,7.760116767,0.247909647,0,7.499848973,7.413724908
2006,3919,79.39805702,7.041417676,0.25635719,0,6.790510024,6.717263763
3919,3920,93.08137033,8.254922487,0.25635719,0,7.960773878,7.874904492
1680,3921,73.43849453,6.081796417,0.181915947,0,5.963327573,5.934431469
2712,3924,93.98629467,7.919186661,0.329423924,0,7.472368082,7.26774811
3476,3925,21.46890313,3.251695356,0.369996446,0,3.024213626,2.683573275
425,3925,77.62080897,9.065322713,0.313981483,0,8.597219969,7.32828502
3150,3926,36.63614335,5.021748235,0.388172704,0,4.637780915,4.264436088
2670,3926,220.0593738,25.70070147,0.313981483,0,24.37360377,20.77610159
694,3927,254.6087171,24.44382084,0.194086352,0,23.91189344,23.81682776
3516,3928,152.9652367,16.67982933,0.346121895,0,15.648578,13.71863095
3690,3929,444.5879308,57.31772549,0.313981483,0,54.35803112,46.33487879
45,3931,236.9995999,15.90003315,0.306842925,0,15.11307375,12.9161374
3801,3932,39.18228347,3.493719551,0.181915947,0,3.425664508,3.40906499
3948,3933,40.25268246,4.038375742,0.22913232,0,3.920773685,3.874226038
694,3933,125.6019253,12.98369506,0.273669529,0,12.46268178,12.35177113
3979,3934,81.4166904,9.403872337,0.309820555,0,8.930082242,7.624139146
1611,3935,211.8623798,26.91286931,0.30835249,0,25.56874523,21.84080554
2563,3936,212.9301521,23.82655304,0.29922208,0,22.70059964,19.47986826
3944,3937,107.508867,10.36483687,0.381389999,0,9.597806742,9.101514748
155,3938,853.8568224,53.40843863,0.367094561,0,49.7262242,44.12825105
3065,3939,375.7782865,15.9796974,0.280392784,0,15.30939463,14.88538667
51,3941,20.9232291,1.57763555,0.264495114,0,1.518139494,1.502799247
439,3942,176.3037272,26.27981598,0.303861468,0,25.00228623,21.36935817
3817,3943,11.59611889,1.642888707,0.334967259,0,1.547288907,1.352886695
3907,3944,26.68837316,2.573002971,0.381389999,0,2.382592758,2.259391515
3575,3945,33.64599124,3.723780622,0.344553962,0,3.495480091,3.050063656
3594,3945,27.55831054,2.755276165,0.286378847,0,2.63514409,2.592878984
3519,3946,17.42441697,1.938716768,0.343580304,0,1.820477311,1.585498435
3618,3947,74.61623497,7.507974058,0.376577102,0,6.96528641,6.311239398
1080,3948,156.7353608,16.71523183,0.277498458,0,16.02724715,15.71059893
2062,3949,146.0692226,18.83172039,0.313981483,0,17.85931375,15.22330962
3047,3950,32.70868527,3.145196563,0.384951789,0,2.908397327,2.679892133
2888,3951,44.51048069,4.990807709,0.347032492,0,4.680740232,4.072924737
398,3952,28.35909231,3.312054165,0.313981483,0,3.141030839,2.677420065
116,3954,176.0193976,16.80474089,0.181915947,0,16.47739711,16.39755367
3318,3955,11.2774224,0.657198192,0.25635719,0,0.633780172,0.626943863
3498,3956,32.94712187,2.8103463,0.338860041,0,2.643279381,2.568517939
3958,3957,7.339296871,0.602341539,0.362363971,0,0.561799676,0.539646205
2893,3958,162.5918123,14.1341348,0.377369593,0,13.10850972,12.42767643
3697,3959,79.704807,8.952783222,0.30100678,0,8.525057154,7.312178647
569,3960,221.4809851,34.91313773,0.355846682,0,32.64093682,29.01025937
3959,3960,19.68509438,2.198223673,0.298992838,0,2.094490123,2.033991215
3000,3961,124.7948149,13.99281506,0.347032492,0,13.12347344,11.41933048
1805,3962,92.54316266,8.884646661,0.194086352,0,8.691305897,8.656752174
1781,3963,67.42570916,4.748276463,0.194086352,0,4.644948167,4.626481408
3966,3965,44.80521016,4.301543728,0.194086352,0,4.207936882,4.191207533
2137,3968,216.652475,17.17035306,0.291714491,0,16.39594232,16.07241094
3753,3969,19.03835791,1.893580325,0.219460094,0,1.842503158,1.811202772
2624,3969,82.88807889,10.68620136,0.313981483,0,10.1344019,8.638581534
3935,3971,212.9644082,26.35977844,0.347032492,0,24.72210565,21.51182733
3971,3972,403.6900239,51.42527499,0.336551514,0,48.4066067,43.63377641
337,3973,25.08567543,3.851100004,0.356758184,0,3.599273895,3.211337906
337,3974,13.58852544,1.574842499,0.310250074,0,1.495295292,1.2756067
3973,3974,25.34274668,4.326348518,0.25905843,0,4.169230631,3.516293996
1929,3976,175.8991834,13.50820316,0.302655397,0,12.85632208,12.34825349
2263,3977,114.7091921,11.01270598,0.194086352,0,10.77305605,10.73022598
2199,3978,28.13642401,2.701249649,0.194086352,0,2.642467157,2.631961592
3509,3979,137.7227411,15.90739036,0.309820555,0,15.10593711,12.89683156
2968,3980,7.168035322,0.650987842,0.356036839,0,0.6085786,0.564459482
641,3981,384.18753,29.50373678,0.302655397,0,28.07994061,26.97025034
3983,3982,60.92903483,4.602288171,0.31696482,0,4.360460328,4.235337625
3993,3983,17.2872278,1.312495143,0.322692881,0,1.241212143,1.206105692
3986,3984,17.44662726,1.393906778,0.339409673,0,1.310794235,1.259003813
3984,3985,85.13888384,6.802212569,0.339409673,0,6.39662649,6.143891183
3982,3986,61.72294745,4.931384933,0.339409673,0,4.637348094,4.454123141
3568,3987,255.5425505,32.81392157,0.311641311,0,31.14272811,26.55317444
2683,3988,58.35784287,6.265002542,0.369996446,0,5.826716214,5.170408524
2683,3989,27.80739193,2.650852251,0.247909647,0,2.561944895,2.532524955
408,3989,61.83851782,4.802594602,0.344078326,0,4.508905178,4.382977746
3514,3990,94.37701135,10.58217095,0.347032492,0,9.924724854,8.635954007
407,3991,38.66022708,3.002487842,0.344078326,0,2.818878981,2.740151623
3988,3992,117.7964717,12.64603279,0.369996446,0,11.76134309,10.4365729
3985,3993,85.11949641,6.46251249,0.322692881,0,6.111526602,5.938668147
180,3994,10.38212953,0.575501675,0.292776377,0,0.549371976,0.539425686
3686,3994,35.46210781,3.216654068,0.315289154,0,3.049279009,2.597794077
2864,3995,16.69128794,1.949373031,0.313981483,0,1.848713971,1.575846954
3675,3997,90.95608275,11.1571199,0.359480316,0,10.41720149,10.02142056
3999,3998,12.54418848,1.038844832,0.181915947,0,1.018608912,1.013673106
3947,3999,97.70225098,8.091195275,0.181915947,0,7.933584845,7.895141595
3998,4000,11.23108779,0.930100622,0.181915947,0,0.911982958,0.907563822
4003,4001,10.57609589,1.749053285,0.315289154,0,1.65804322,1.41254862
420,4001,11.13532886,1.768311518,0.348700263,0,1.657470838,1.441578456
4067,4002,11.44675867,1.482938959,0.384872203,0,1.371332495,1.281326859
2632,4002,11.24240327,1.52754941,0.382398884,0,1.413951129,1.300492433
3805,4003,78.001622,9.143307401,0.315289154,0,8.667545451,7.384203993
4001,4004,9.891746623,1.609819221,0.31325905,0,1.527045864,1.305667041
2632,4004,12.94557926,1.511912273,0.313981483,0,1.433842213,1.222209557
4007,4006,13.00404587,1.764406812,0.371092003,0,1.640294408,1.532669651
4009,4008,9.020943924,1.585508635,0.313981483,0,1.503638307,1.281703867
4010,4009,9.731358529,1.710370124,0.313981483,0,1.622052369,1.382640217
4011,4010,7.787853045,1.319189017,0.348700263,0,1.236500075,1.075440864
4008,4011,9.450823289,1.582476532,0.343580304,0,1.485963638,1.294162255
195,4012,155.4469719,9.053594243,0.304898749,0,8.610706689,8.449947131
4012,4013,14.87018333,0.866074164,0.304898749,0,0.823707182,0.808328792
4015,4014,15.25011591,0.833409449,0.228690641,0,0.809222939,0.79311928
2943,4015,56.55363814,3.090621519,0.228690641,0,3.000928093,2.941209169
4025,4016,63.81529489,5.17819627,0.322931863,0,4.896578259,4.649025551
3472,4017,69.22680646,7.746372035,0.29922208,0,7.380307589,6.333199204
32,4018,97.26006372,10.5972156,0.336969224,0,9.973729271,8.717200695
2542,4019,3.00799577,0.203310082,0.309820555,0,0.193066823,0.164832561
752,4020,56.49777427,5.28959325,0.13643696,0,5.224932299,5.190655053
3647,4021,43.16033635,5.03093463,0.28913891,0,4.807692132,4.178507772
2703,4022,59.79734935,5.011646826,0.322692881,0,4.739458987,4.605408101
3712,4024,321.7122752,27.38283672,0.362277829,0,25.54058914,24.23317965
4024,4025,64.66009738,5.503603764,0.362277829,0,5.133335307,4.870562538
3644,4026,82.24491865,10.36662739,0.304274081,0,9.861418844,8.429792565
3560,4027,91.11507634,11.4846736,0.304274081,0,10.92497805,9.338950123
4052,4033,52.74954936,3.497414036,0.219460094,0,3.403075286,3.3601271
4033,4034,84.74384376,5.61870788,0.219460094,0,5.46714965,5.398152011
3706,4035,81.49052745,8.376651575,0.264495114,0,8.060749886,7.979298944
4035,4037,80.02612533,8.226121363,0.264495114,0,7.915896495,7.835909244
4037,4038,73.10010743,7.514175564,0.264495114,0,7.230799715,7.157735117
2110,4039,110.5266219,10.61115651,0.194086352,0,10.38024478,10.3389764
3473,4040,164.4778711,15.79076969,0.194086352,0,15.44714326,15.38573059
17,4041,44.2134872,2.988384429,0.309820555,0,2.83782231,2.422816675
3032,4044,174.3647412,11.76789138,0.090957973,0,11.6854085,11.61385393
2801,4046,172.1268157,18.47866345,0.369996446,0,17.18593524,15.25015168
2803,4047,23.53007282,2.296689522,0.3920267,0,2.117837674,1.947945366
235,4049,32.36981503,4.624415798,0.38318077,0,4.279210405,3.956586218
1292,4051,34.58977596,3.320806515,0.194086352,0,3.248541709,3.235626594
4053,4052,17.35845226,1.150904516,0.219460094,0,1.119860181,1.105727093
4054,4053,16.08939467,0.856352831,0.219460094,0,0.833253691,0.822737692
35,4054,67.04696098,3.568552826,0.219460094,0,3.472295188,3.428473419
4056,4055,14.85748729,0.790784958,0.219460094,0,0.769454437,0.759743611
3847,4056,53.94371418,2.871136751,0.219460094,0,2.793691115,2.758433604
3105,4057,274.212965,13.69468783,0.13643696,0,13.52728147,13.43853813
4059,4058,17.29672758,1.007401761,0.304898749,0,0.958121255,0.940233392
19,4059,71.84287035,4.184296353,0.304898749,0,3.979607173,3.905308987
4057,4060,17.48578229,0.873271364,0.13643696,0,0.862596336,0.856937425
4062,4061,7.622444263,0.380678553,0.13643696,0,0.376025069,0.373558223
2901,4062,518.2277479,25.88122422,0.13643696,0,25.56484742,25.39713376
4064,4063,7.321056583,0.426395413,0.304898749,0,0.405536822,0.397965559
2847,4064,36.78375897,2.142371925,0.304898749,0,2.037570469,1.999529581
3137,4065,53.44069883,5.737122853,0.369996446,0,5.335765872,4.734757681
4048,4066,38.21527917,5.000355553,0.353969028,0,4.678098253,4.394501635
2633,4067,339.0598382,39.45319622,0.312634504,0,37.43204933,31.92430716
4002,4068,10.18429441,1.313379386,0.381515423,0,1.216125979,1.136331328
420,4068,13.40555368,1.571391659,0.315289154,0,1.489626022,1.269067751
4071,4070,47.23647576,4.534958441,0.194086352,0,4.436272205,4.418635072
4075,4073,68.009072,4.341352397,0.3678314,0,4.040925978,3.884378376
3369,4073,47.71052376,3.634326317,0.375906558,0,3.372498079,3.108590798
2677,4074,404.7429563,30.18928072,0.247909647,0,29.17675762,28.84170808
3370,4075,34.86084275,3.361964897,0.382201985,0,3.11218638,2.952243687
2595,4076,90.27784044,6.234654931,0.28123359,0,5.971692916,5.922436676
2748,4077,60.26831658,7.9648391,0.368519193,0,7.411751831,6.829775478
48,4077,235.98326,29.97694371,0.30835249,0,28.4797889,24.32741715
1029,4080,99.96984607,9.359657612,0.13643696,0,9.245243453,9.184591666
3159,4081,372.7480657,42.8321607,0.336119777,0,40.32387133,35.69745078
3802,4082,30.81964742,4.528493702,0.348700263,0,4.244640252,3.691758431
1319,4083,94.10485994,9.474605539,0.25635719,0,9.136995822,9.038439045
