request_id,rq_type,number_passenger,rq_time,earliest_pickup_time,start,end,pickup_location,dropoff_location,access_time,egress_time,direct_route_travel_time,direct_route_distance,offers,rider_declined,decision_time,chosen_operator_id,operator_id,vehicle_id,vehicle_id_cancelled_rq,pickup_time,dropoff_time,fare,modal_state,initial_expected_wait_time,last_wait_time,diffusion_cancelled,diffusion_decision_time,max_diff_dec_time_reached,last_diffusion_state_value,no_show_stat,diffusion_state_values
0,BasicRequest_no_show,1,25260,25260,1169;-1;-1,3613;-1;-1,,,,,379.730806386,3488.96795059,0:t_wait:225.05776444049843;t_drive:679.730806386;fare:348,False,,0,0,6,,25454.439884611897,25999.83544308342,348,0,,225.05776444049843,False,25269.349999999864,False,80.7066685202234,False,[]
1,BasicRequest_no_show,1,25260,25260,3964;-1;-1,442;-1;-1,,,,,688.9644988845,4660.77485407,0:t_wait:354.1802417805011;t_drive:988.9644988844993;fare:466,False,,0,0,11,,25590.597417366447,26515.17116682923,466,0,,354.1802417805011,False,25264.04999999994,False,82.43849078697853,False,[]
2,BasicRequest_no_show,1,25500,25500,1887;-1;-1,1587;-1;-1,,,,,860.8868639596835,6821.428114937,0:t_wait:166.06759315181262;t_drive:1160.886863959684;fare:682,False,,0,0,9,,25666.067593151813,26564.939971087886,682,0,,166.06759315181262,False,25508.499999999876,False,81.45321079090395,False,[]
3,BasicRequest_no_show,1,25920,25920,1323;-1;-1,1587;-1;-1,,,,,910.378988909085,11618.700679629997,0:t_wait:315.9431255802556;t_drive:1210.378988909084;fare:1161,False,,0,0,2,,26235.943125580263,27297.719410075926,1161,0,,315.9431255802556,False,25925.49999999992,False,80.01021767309447,False,[]
8,BasicRequest_no_show,1,27420,27420,3151;-1;-1,422;-1;-1,,,,,1261.6322624346408,11079.423880216003,0:t_wait:1055.849935584214;t_drive:1561.6322624346394;fare:1107,True,,,,,,,,,0,,,False,,False,,False,[]
7,BasicRequest_no_show,1,27240,27240,1889;-1;-1,2617;-1;-1,,,,,945.6261980427407,9823.793161827001,0:t_wait:52.16280991328313;t_drive:1245.6261980427407;fare:982,False,,0,0,3,,27292.162809913283,28340.833379268246,982,0,,52.16280991328313,False,27246.14999999991,False,82.91920886811623,False,[]
15,BasicRequest_no_show,1,28500,28500,332;-1;-1,2094;-1;-1,,,,,981.8240268547208,8873.78772135,0:t_wait:1179.7509052264686;t_drive:1281.8240268547197;fare:887,False,28530,0,,,,,,887,0,,1179.7509052264686,True,28530.0,True,-15.381621888712345,False,[]
6,BasicRequest_no_show,1,27180,27180,418;-1;-1,1587;-1;-1,,,,,965.1650276534659,9496.389798716998,0:t_wait:331.127814369087;t_drive:1265.1650276534674;fare:949,False,,0,0,0,,27511.127814369083,28602.79069902658,949,0,,331.127814369087,False,27190.99999999984,False,80.23526419854221,False,[]
4,BasicRequest_no_show,1,26400,26400,1176;-1;-1,3562;-1;-1,,,,,965.3958188673341,8230.572062789,0:t_wait:350.4182263645016;t_drive:1265.395818867335;fare:823,False,,0,0,6,,26805.286180001323,28867.253759898136,823,0,,350.4182263645016,False,26404.09999999994,False,80.55525769149112,False,[]
17,BasicRequest_no_show,1,28860,28860,1005;-1;-1,385;-1;-1,,,,,945.6212660503104,9996.045037210002,0:t_wait:1208.8344642584634;t_drive:1245.6212660503115;fare:999,False,28890,0,,,,,,999,0,,1208.8344642584634,True,28890.0,True,-12.780869520091658,False,[]
11,BasicRequest_no_show,1,27900,27900,1125;-1;-1,2064;-1;-1,,,,,789.4309026986422,5028.0800626499995,0:t_wait:34.93771314916012;t_drive:1089.4309026986411;fare:502,False,,0,0,11,,27934.937713149164,28936.8326928213,502,0,,34.93771314916012,False,27907.999999999884,False,80.3409043630334,False,[]
9,BasicRequest_no_show,1,27660,27660,325;-1;-1,3988;-1;-1,,,,,322.2623108905689,3671.5053948600003,0:t_wait:893.5538553969745;t_drive:622.2623108905682;fare:367,False,,0,0,2,,28771.399853489314,29219.59607306053,367,0,,893.5538553969745,False,27690.0,True,35.32136587243768,False,[]
21,BasicRequest_no_show,1,29640,29640,1392;-1;-1,2098;-1;-1,,,,,563.5698952467861,5225.863176347999,0:t_wait:1181.2369487556243;t_drive:863.5698952467865;fare:522,True,,,,,,,,,0,,,False,,False,,False,[]
10,BasicRequest_no_show,1,27780,27780,366;-1;-1,1047;-1;-1,,,,,668.9853335780006,4165.38527368,0:t_wait:614.349703448599;t_drive:968.985333577999;fare:416,False,,0,0,4,,28527.467413975097,29676.729245446677,416,0,,614.349703448599,False,27787.349999999893,False,82.80675783863441,False,[]
5,BasicRequest_no_show,1,27060,27060,3723;-1;-1,2508;-1;-1,,,,,1078.7685166491729,12393.978632168,0:t_wait:916.0787798539168;t_drive:1378.768516649172;fare:1239,False,,0,0,9,,28133.587194978176,29754.708389482952,1239,0,,916.0787798539168,False,27090.0,True,69.3446748883805,False,[]
23,BasicRequest_no_show,1,29880,29880,2823;-1;-1,2675;-1;-1,,,,,763.3352121568626,5881.086143563,0:t_wait:1216.9231278687548;t_drive:1063.3352121568641;fare:588,True,,,,,,,,,0,,,False,,False,,False,[]
13,BasicRequest_no_show,1,28320,28320,2355;-1;-1,1520;-1;-1,,,,,713.9033878743994,5402.189905169998,0:t_wait:493.16145185041387;t_drive:1013.9033878744012;fare:540,False,,0,0,7,,28813.16145185042,30069.563041444842,540,0,,493.16145185041387,False,28326.29999999991,False,80.97352907757461,False,[]
16,BasicRequest_no_show,1,28680,28680,3232;-1;-1,33;-1;-1,,,,,904.335398026879,7526.75857209,0:t_wait:465.03672780265697;t_drive:1204.3353980268803;fare:752,False,,0,0,0,,29125.662005360886,30104.26493832911,752,0,,465.03672780265697,False,28686.8999999999,False,81.10670838561096,False,[]
19,BasicRequest_no_show,1,29160,29160,3661;-1;-1,428;-1;-1,,,,,493.3629264895932,3174.601215954,0:t_wait:377.198583654048;t_drive:793.3629264895935;fare:317,False,,0,0,6,,29552.19159390738,30198.713033971926,317,0,,377.198583654048,False,29164.649999999932,False,82.04189536057869,False,[]
12,BasicRequest_no_show,1,28260,28260,495;-1;-1,3562;-1;-1,,,,,634.7618540034521,4895.559999169,0:t_wait:787.5882308449072;t_drive:934.7618540034528;fare:489,False,,0,0,5,,29364.142943193776,30456.043135414642,489,0,,787.5882308449072,False,28265.59999999992,False,81.40781211657266,False,[]
27,BasicRequest_no_show,1,30600,30600,3529;-1;-1,3562;-1;-1,,,,,903.2986613955586,8362.965232169001,0:t_wait:1182.896185843154;t_drive:1203.2986613955618;fare:836,True,,,,,,,,,0,,,False,,False,,False,[]
18,BasicRequest_no_show,1,29100,29100,1807;-1;-1,3665;-1;-1,,,,,778.9954835280732,5563.71386883,0:t_wait:819.5419881285525;t_drive:1078.9954835280732;fare:556,False,,0,0,11,,30121.908886477173,30798.597905747094,556,0,,819.5419881285525,False,29111.349999999835,False,80.24397939971749,False,[]
33,BasicRequest_no_show,1,30840,30840,3178;-1;-1,1587;-1;-1,,,,,923.9095317036403,8091.950739837,0:t_wait:997.1502619570238;t_drive:1223.9095317036408;fare:809,True,,,,,,,,,0,,,False,,False,,False,[]
32,BasicRequest_no_show,1,30840,30840,3417;-1;-1,427;-1;-1,,,,,383.70484404426907,2740.038879443,0:t_wait:1159.0424640074198;t_drive:683.7048440442704;fare:274,False,30870,0,,,,,,274,0,,1159.0424640074198,True,30870.0,True,-35.82199323736313,False,[]
34,BasicRequest_no_show,1,30900,30900,1541;-1;-1,3972;-1;-1,,,,,1070.6635913628315,8772.913552204001,0:t_wait:1227.5272634226421;t_drive:1370.6635913628343;fare:877,True,,,,,,,,,0,,,False,,False,,False,[]
36,BasicRequest_no_show,2,31200,31200,866;-1;-1,1809;-1;-1,,,,,381.4343283471868,2936.22857978,0:t_wait:1021.6215800188147;t_drive:681.4343283471899;fare:587,True,,,,,,,,,0,,,False,,False,,False,[]
22,BasicRequest_no_show,1,29760,29760,2319;-1;-1,1587;-1;-1,,,,,1088.6533159304613,8309.830301496997,0:t_wait:584.7767505119555;t_drive:1388.65331593046;fare:830,False,,0,0,9,,30074.776750511952,31225.252461139513,830,0,,584.7767505119555,False,29765.049999999927,False,80.96417880223076,False,[]
31,BasicRequest_no_show,1,30780,30780,2311;-1;-1,3562;-1;-1,,,,,146.12076072457853,1114.340946659,0:t_wait:214.61665962211555;t_drive:446.12076072457785;fare:111,False,,0.0,0.0,5.0,,31079.688555516208,31250.008991963612,111.0,0,,214.61665962211555,False,30787.099999999897,False,80.99753286836088,False,[]
38,BasicRequest_no_show,1,31260,31260,3931;-1;-1,3754;-1;-1,,,,,857.3674045473447,6274.542171349999,0:t_wait:936.2276460209396;t_drive:1157.3674045473454;fare:627,True,,,,,,,,,0,,,False,,False,,False,[]
25,BasicRequest_no_show,1,30360,30360,821;-1;-1,2858;-1;-1,,,,,543.412562690859,5282.9544111,0:t_wait:25.016752942792664;t_drive:843.4125626908572;fare:528,False,,0,0,7,,30385.016752942793,31260.87781100754,528,0,,25.016752942792664,False,30363.749999999945,False,82.48591551810003,False,[]
14,BasicRequest_no_show,1,28320,28320,852;-1;-1,1140;-1;-1,,,,,1773.465584606272,14637.774217442999,0:t_wait:419.1037508686022;t_drive:2073.4655846062706;fare:1463,False,,0,0,8,,28739.103750868606,31295.590578574036,1463,0,,419.1037508686022,False,28327.049999999897,False,82.03118091190557,False,[]
24,BasicRequest_no_show,1,30360,30360,1815;-1;-1,1047;-1;-1,,,,,547.0632154831002,3763.70335832,0:t_wait:265.3777528145911;t_drive:847.0632154831001;fare:376,False,,0,0,6,,30625.37775281459,31427.17687349172,376,0,,265.3777528145911,False,30371.499999999833,False,80.14701046278434,False,[]
40,BasicRequest_no_show,1,31440,31440,2311;-1;-1,3562;-1;-1,,,,,146.12076072457853,1114.340946659,0:t_wait:893.4612616152444;t_drive:446.1207607245815;fare:111,True,,,,,,,,,0,,,False,,False,,False,[]
29,BasicRequest_no_show,1,30720,30720,3442;-1;-1,427;-1;-1,,,,,529.43778536072,3034.84137719,0:t_wait:645.6854526234856;t_drive:829.4377853607184;fare:303,False,,0,0,11,,31077.143842911624,31674.048223734837,303,0,,645.6854526234856,False,30726.7499999999,False,80.45062012356593,False,[]
30,BasicRequest_no_show,1,30780,30780,2403;-1;-1,3266;-1;-1,,,,,482.57276607488683,3457.27394867,0:t_wait:237.5324905530142;t_drive:782.5727660748853;fare:345,False,,0,0,4,,31017.532490553014,31737.936593476577,345,0,,237.5324905530142,False,30785.199999999924,False,80.95978808474737,False,[]
26,BasicRequest_no_show,1,30360,30360,3516;-1;-1,3852;-1;-1,,,,,458.07898316648595,5197.23959393,0:t_wait:633.9579730038276;t_drive:758.0789831664842;fare:519,False,,0,0,0,,31095.60844532593,31764.350795940074,519,0,,633.9579730038276,False,30366.8499999999,False,80.48709262832719,False,[]
43,BasicRequest_no_show,1,31860,31860,2448;-1;-1,898;-1;-1,,,,,1515.5594444178857,12520.988982766,0:t_wait:1036.7060316105708;t_drive:1815.559444417886;fare:1252,True,,,,,,,,,0,,,False,,False,,False,[]
28,BasicRequest_no_show,1,30660,30660,1;-1;-1,1809;-1;-1,,,,,700.9214187677932,5928.2547431,0:t_wait:248.2064643842059;t_drive:1000.9214187677935;fare:592,False,,0,0,5,,31504.332841801544,32172.806990143992,592,0,,248.2064643842059,False,30666.449999999906,False,80.72372234766404,False,[]
35,BasicRequest_no_show,1,31020,31020,3750;-1;-1,3478;-1;-1,,,,,756.3677363829966,5025.466338933001,0:t_wait:676.9088602409429;t_drive:1056.3677363829956;fare:502,False,,0,0,7,,31449.592984365976,32175.317799710254,502,0,,676.9088602409429,False,31026.24999999991,False,80.8643552241425,False,[]
20,BasicRequest_no_show,1,29520,29520,1591;-1;-1,3484;-1;-1,,,,,1694.3036408143137,13669.055190390003,0:t_wait:448.5646079340986;t_drive:1994.3036408143125;fare:1366,False,,0,0,2,,29968.564607934088,32244.323673361014,1366,0,,448.5646079340986,False,29527.749999999887,False,83.20054788457588,False,[]
41,BasicRequest_no_show,1,31560,31560,833;-1;-1,1493;-1;-1,,,,,363.12509845397176,1814.5279595200002,0:t_wait:507.82907510102086;t_drive:663.1250984539729;fare:181,False,,0,0,6,,32150.306912648197,32556.356597604932,181,0,,507.82907510102086,False,31566.399999999907,False,81.03596404831333,False,[]
37,BasicRequest_no_show,1,31200,31200,1504;-1;-1,3313;-1;-1,,,,,325.6632840259498,2956.06627136,0:t_wait:915.6054081198781;t_drive:625.6632840259481;fare:295,False,,0,0,4,,32140.63475187722,32715.46068554612,295,0,,915.6054081198781,False,31230.0,True,46.57934042875101,False,[]
39,BasicRequest_no_show,1,31320,31320,2205;-1;-1,849;-1;-1,,,,,412.75785264477474,3446.33666563,0:t_wait:733.8649806106732;t_drive:712.757852644776;fare:344,False,,0,0,11,,31844.232684122715,32871.89557243262,344,0,,733.8649806106732,False,31329.949999999855,False,82.09472080389313,False,[]
42,BasicRequest_no_show,1,31740,31740,2168;-1;-1,1687;-1;-1,,,,,352.8699727294962,3419.00660066,0:t_wait:616.3582776343719;t_drive:652.8699727294988;fare:341,False,,0,0,8,,32497.171433503867,32976.41083239261,341,0,,616.3582776343719,False,31744.599999999933,False,80.10444138411782,False,[]
53,BasicRequest_no_show,1,33120,33120,1985;-1;-1,1587;-1;-1,,,,,1237.4891163955808,13761.963477756999,0:t_wait:1387.7435481887005;t_drive:1537.4891163955836;fare:1376,True,,,,,,,,,0,,,False,,False,,False,[]
45,BasicRequest_no_show,2,32400,32400,1391;-1;-1,1586;-1;-1,,,,,1659.2855118390003,15802.559269953003,0:t_wait:631.5554001345008;t_drive:1959.2855118389998;fare:3160,False,33200,0,,,,,,3160,0,,,False,,False,,True,[]
60,BasicRequest_no_show,1,33720,33720,319;-1;-1,3475;-1;-1,,,,,722.0484540102677,4050.6699853200007,0:t_wait:1335.7599244429584;t_drive:1022.0484540102698;fare:405,True,,,,,,,,,0,,,False,,False,,False,[]
48,BasicRequest_no_show,1,32760,32760,3171;-1;-1,3562;-1;-1,,,,,466.1038578524199,4512.715794150001,0:t_wait:500.94814697619586;t_drive:766.1038578524167;fare:451,False,,0,0,4,,33234.06611136129,33737.921061548834,451,0,,500.94814697619586,False,32765.299999999923,False,80.5386756553468,False,[]
47,BasicRequest_no_show,1,32700,32700,3178;-1;-1,1809;-1;-1,,,,,670.0409148052606,7059.608316190001,0:t_wait:398.766204835425;t_drive:970.040914805264;fare:705,False,,0,0,6,,33098.76620483542,33763.007834479184,705,0,,398.766204835425,False,32706.09999999991,False,82.08234224931978,False,[]
46,BasicRequest_no_show,1,32580,32580,2385;-1;-1,2098;-1;-1,,,,,584.5908371475982,5853.559958258,0:t_wait:610.5761655752212;t_drive:884.5908371475962;fare:585,False,,0,0,0,,33205.09921921154,33952.32828108065,585,0,,610.5761655752212,False,32586.09999999991,False,83.18782663180122,False,[]
51,BasicRequest_no_show,1,33000,33000,1014;-1;-1,3562;-1;-1,,,,,465.798571627833,2828.891412669999,0:t_wait:573.8625459658433;t_drive:765.7985716278345;fare:282,False,,0,0,2,,33521.83243048097,34051.75980995297,282,0,,573.8625459658433,False,33005.30000000031,False,80.0640397546707,False,[]
54,BasicRequest_no_show,1,33120,33120,3752;-1;-1,1610;-1;-1,,,,,551.7457092258164,5121.24258467,0:t_wait:281.3897424811512;t_drive:851.7457092258192;fare:512,False,,0,0,8,,33401.38974248115,34092.82864986698,512,0,,281.3897424811512,False,33123.200000000186,False,80.00616337539778,False,[]
49,BasicRequest_no_show,1,32880,32880,748;-1;-1,4068;-1;-1,,,,,501.7865487575914,3970.13574746,0:t_wait:745.2897829976646;t_drive:801.7865487575909;fare:397,False,,0,0,9,,33729.393935461594,34283.50936597958,397,0,,745.2897829976646,False,32895.30000000089,False,82.24436012609905,False,[]
63,BasicRequest_no_show,1,34320,34320,236;-1;-1,3562;-1;-1,,,,,253.82502855489818,1769.657680401,0:t_wait:1444.3632964780045;t_drive:553.8250285549002;fare:176,True,,,,,,,,,0,,,False,,False,,False,[]
44,BasicRequest_no_show,2,32220,32220,1312;-1;-1,3044;-1;-1,,,,,1076.294870733458,8644.567766021999,0:t_wait:675.3666416627311;t_drive:1376.294870733458;fare:1728,False,,0,0,7,,33166.6307443107,34331.61192703535,1728,0,,675.3666416627311,False,32223.799999999945,False,85.62999760280054,False,[]
65,BasicRequest_no_show,1,34380,34380,4050;-1;-1,1587;-1;-1,,,,,1232.999546197292,13061.617506119997,0:t_wait:1496.8328793294204;t_drive:1532.999546197294;fare:1306,True,,,,,,,,,0,,,False,,False,,False,[]
66,BasicRequest_no_show,1,34560,34560,1234;-1;-1,2122;-1;-1,,,,,633.4784357135898,4820.291960593,0:t_wait:963.7690961322223;t_drive:933.4784357135868;fare:482,True,,,,,,,,,0,,,False,,False,,False,[]
50,BasicRequest_no_show,2,32940,32940,1391;-1;-1,1586;-1;-1,,,,,1659.2855118390003,15802.559269953003,0:t_wait:57.33036614895536;t_drive:1959.2855118389998;fare:3160,False,,0,0,5,,33200,34899.592997312946,3160,0,,57.33036614895536,False,32950.60000000062,False,80.36597357452243,False,[]
52,BasicRequest_no_show,2,33120,33120,802;-1;-1,3541;-1;-1,,,,,1193.8343584333975,10060.553439860001,0:t_wait:592.8635498985022;t_drive:1493.8343584333998;fare:2012,False,,0,0,11,,33712.86354989851,34959.67177775508,2012,0,,592.8635498985022,False,33128.30000000048,False,82.51884637871996,False,[]
71,BasicRequest_no_show,1,35040,35040,2003;-1;-1,1736;-1;-1,,,,,902.8186048804492,7353.316731600001,0:t_wait:1347.4383990541537;t_drive:1202.8186048804491;fare:735,True,,,,,,,,,0,,,False,,False,,False,[]
57,BasicRequest_no_show,1,33600,33600,276;-1;-1,833;-1;-1,,,,,621.6660824290583,4667.318530850001,0:t_wait:915.8370471773669;t_drive:921.6660824290593;fare:466,False,,0,0,8,,34438.73995123966,35190.4482693308,466,0,,915.8370471773669,False,33630.0,True,35.32726401521565,False,[]
74,BasicRequest_no_show,1,35280,35280,2317;-1;-1,3562;-1;-1,,,,,337.73361548490965,2474.5818799730005,0:t_wait:1101.8178028016919;t_drive:637.7336154849108;fare:247,True,,,,,,,,,0,,,False,,False,,False,[]
58,BasicRequest_no_show,1,33720,33720,1336;-1;-1,3475;-1;-1,,,,,772.3789032848624,4234.775714,0:t_wait:1090.6558836970507;t_drive:1072.3789032848654;fare:423,False,,0,0,2,,34613.5046510187,35327.13095260168,423,0,,1090.6558836970507,False,33750.0,True,35.10907726393518,False,[]
55,BasicRequest_no_show,1,33360,33360,3157;-1;-1,2911;-1;-1,,,,,916.2888872363613,6106.233667615,0:t_wait:1136.646289948556;t_drive:1216.288887236362;fare:610,False,,0,0,4,,34212.1721063862,35393.91110368116,610,0,,1136.646289948556,False,33390.0,True,17.726057456428176,False,[]
77,BasicRequest_no_show,1,35460,35460,1693;-1;-1,3562;-1;-1,,,,,1214.7900359811347,9398.757333192,0:t_wait:944.2870245985177;t_drive:1514.790035981132;fare:939,True,,,,,,,,,0,,,False,,False,,False,[]
78,BasicRequest_no_show,1,35520,35520,2944;-1;-1,2858;-1;-1,,,,,781.558582826915,6820.64562374,0:t_wait:1381.981413613481;t_drive:1081.5585828269177;fare:682,True,,,,,,,,,0,,,False,,False,,False,[]
79,BasicRequest_no_show,1,35520,35520,2494;-1;-1,425;-1;-1,,,,,711.6895452019696,4610.872031280001,0:t_wait:1260.586187325156;t_drive:1011.6895452019671;fare:461,True,,,,,,,,,0,,,False,,False,,False,[]
64,BasicRequest_no_show,1,34380,34380,1994;-1;-1,3475;-1;-1,,,,,276.438134771059,1679.6523449300003,0:t_wait:908.4286293320183;t_drive:576.4381347710587;fare:167,False,,0,0,3,,35116.30626797809,35594.07178146652,167,0,,908.4286293320183,False,34395.050000000876,False,80.76470274599659,False,[]
59,BasicRequest_no_show,1,33720,33720,199;-1;-1,1586;-1;-1,,,,,1273.678137794622,14796.847544353,0:t_wait:702.2947643881344;t_drive:1573.6781377946245;fare:1479,False,,0,0,6,,34164.001541675185,35636.99294310082,1479,0,,702.2947643881344,False,33724.45000000026,False,82.74456815659026,False,[]
81,BasicRequest_no_show,1,35700,35700,1281;-1;-1,989;-1;-1,,,,,592.9471071197597,4463.1668747799995,0:t_wait:1376.9515690853368;t_drive:892.9471071197622;fare:446,True,,,,,,,,,0,,,False,,False,,False,[]
83,BasicRequest_no_show,1,35820,35820,3654;-1;-1,427;-1;-1,,,,,473.84276246449747,3126.0059387399997,0:t_wait:1194.7092972440441;t_drive:773.8427624644974;fare:312,False,35850,0,,,,,,312,0,,1194.7092972440441,True,35850.0,True,-36.0192016974518,False,[]
62,BasicRequest_no_show,1,34260,34260,2637;-1;-1,3702;-1;-1,,,,,635.3987765033486,4577.37943782,0:t_wait:769.2162196990175;t_drive:935.3987765033453;fare:457,False,,0,0,9,,34728.433162061614,35898.66885508799,457,0,,769.2162196990175,False,34268.5500000005,False,80.68429377013466,False,[]
86,BasicRequest_no_show,1,36000,36000,1926;-1;-1,1587;-1;-1,,,,,1172.3357354463008,11353.26393737,0:t_wait:1321.2773319432963;t_drive:1472.3357354463005;fare:1135,True,,,,,,,,,0,,,False,,False,,False,[]
85,BasicRequest_no_show,1,36000,36000,1311;-1;-1,3562;-1;-1,,,,,340.5311939182161,2524.1775616200002,0:t_wait:1241.9414060313065;t_drive:640.5311939182138;fare:252,False,36020,0,,,,,,252,0,,1241.9414060313065,True,36022.80000000133,False,-81.98379140070035,False,[]
70,BasicRequest_no_show,1,34980,34980,2599;-1;-1,3691;-1;-1,,,,,779.9896266298971,7860.194935587,0:t_wait:101.76920745844109;t_drive:1079.9896266298965;fare:786,False,,0.0,0.0,10.0,,35098.91431832245,36118.76131159802,786.0,0,,101.76920745844109,False,34985.30000000031,False,81.11700768277903,False,[]
87,BasicRequest_no_show,1,36120,36120,1013;-1;-1,333;-1;-1,,,,,531.3838375191651,5008.71213012,0:t_wait:1049.9795612932503;t_drive:831.3838375191626;fare:500,True,,,,,,,,,0,,,False,,False,,False,[]
69,BasicRequest_no_show,1,34920,34920,870;-1;-1,3562;-1;-1,,,,,469.42024414379694,3252.879961632,0:t_wait:935.3288160894881;t_drive:769.4202441437956;fare:325,False,,0,0,11,,35621.84406870585,36243.64961284706,325,0,,935.3288160894881,False,34950.0,True,57.84519185987692,False,[]
61,BasicRequest_no_show,1,34140,34140,3511;-1;-1,3432;-1;-1,,,,,1483.2116457550892,16291.050579489001,0:t_wait:776.9366411289957;t_drive:1783.2116457550874;fare:1629,False,,0,0,7,,34584.14077834099,36299.53582413539,1629,0,,776.9366411289957,False,34147.00000000041,False,84.27600462770464,False,[]
68,BasicRequest_no_show,2,34740,34740,1312;-1;-1,3044;-1;-1,,,,,1328.5507267470002,8681.859273148,0:t_wait:121.56716972024151;t_drive:1806.230096599531;fare:1736,False,,0,0,8,,34863.117245073845,36490.150024952694,1736,0,,121.56716972024151,False,34752.85000000075,False,82.79329016526032,False,[]
91,BasicRequest_no_show,1,36600,36600,2455;-1;-1,3475;-1;-1,,,,,598.1813620882511,4535.16799968,0:t_wait:765.1127504914621;t_drive:898.1813620882531;fare:453,True,,,,,,,,,0,,,False,,False,,False,[]
93,BasicRequest_no_show,1,36720,36720,1786;-1;-1,427;-1;-1,,,,,539.033882793085,4221.6386372,0:t_wait:958.2342812560673;t_drive:839.0338827930827;fare:422,True,,,,,,,,,0,,,False,,False,,False,[]
73,BasicRequest_no_show,1,35160,35160,749;-1;-1,2208;-1;-1,,,,,506.6466398415396,3303.203549568,0:t_wait:1142.9087847502524;t_drive:806.646639841536;fare:330,False,,0,0,3,,35988.42904834807,36725.946862696765,330,0,,1142.9087847502524,False,35190.0,True,-4.21701690993437,False,[]
80,BasicRequest_no_show,1,35640,35640,674;-1;-1,427;-1;-1,,,,,384.866400909509,2870.0807143399998,0:t_wait:678.0813558992813;t_drive:684.8664009095082;fare:287,False,,0,0,9,,36203.97992465305,36767.812497327584,287,0,,678.0813558992813,False,35647.95000000046,False,81.96052177372454,False,[]
56,BasicRequest_no_show,1,33420,33420,2054;-1;-1,704;-1;-1,,,,,1653.6451445101661,16669.953552948005,0:t_wait:926.6474783188969;t_drive:1953.645144510163;fare:1666,False,,0,0,10,,34736.46781555029,36772.87569116765,1666,0,,926.6474783188969,False,33450.0,True,40.155781766504695,False,[]
67,BasicRequest_no_show,1,34740,34740,189;-1;-1,3044;-1;-1,,,,,975.9845187038576,8470.264672518999,0:t_wait:1077.552252761183;t_drive:1275.984518703859;fare:847,False,,0,0,2,,35767.57567369279,36796.75129271271,847,0,,1077.552252761183,False,34770.0,True,18.079787233005266,False,[]
96,BasicRequest_no_show,1,36840,36840,3315;-1;-1,1587;-1;-1,,,,,896.6134056198212,10645.805055767,0:t_wait:1266.0442316596818;t_drive:1196.6134056198207;fare:1064,True,,,,,,,,,0,,,False,,False,,False,[]
99,BasicRequest_no_show,1,36900,36900,2508;-1;-1,1587;-1;-1,,,,,1181.5115515608882,8747.885614776,0:t_wait:1498.772903605408;t_drive:1481.511551560885;fare:874,True,,,,,,,,,0,,,False,,False,,False,[]
100,BasicRequest_no_show,1,36900,36900,332;-1;-1,2311;-1;-1,,,,,568.4512126169695,3678.476401413,0:t_wait:1316.9031643886774;t_drive:868.451212616972;fare:367,True,,,,,,,,,0,,,False,,False,,False,[]
72,BasicRequest_no_show,1,35040,35040,1080;-1;-1,427;-1;-1,,,,,1033.8376368357149,7460.223475962999,0:t_wait:718.1277592386177;t_drive:1333.837636835713;fare:746,False,,0.0,0.0,0.0,,35885.0451038071,37133.270211945586,746.0,0,,718.1277592386177,False,35052.15000000071,False,81.10270065465417,False,[]
102,BasicRequest_no_show,1,37140,37140,1923;-1;-1,3562;-1;-1,,,,,677.171758850167,5124.674505691999,0:,False,,,,,,,,,0,,,False,,False,,False,[]
104,BasicRequest_no_show,1,37260,37260,3117;-1;-1,1587;-1;-1,,,,,1168.783684849858,8279.087927716,0:t_wait:1317.536932543313;t_drive:1468.7836848498555;fare:827,True,,,,,,,,,0,,,False,,False,,False,[]
106,BasicRequest_no_show,1,37380,37380,1028;-1;-1,1827;-1;-1,,,,,1717.3281667578938,16151.430951490001,0:,False,,,,,,,,,0,,,False,,False,,False,[]
105,BasicRequest_no_show,1,37380,37380,2001;-1;-1,802;-1;-1,,,,,758.6592592357717,5766.024553223,0:t_wait:1204.852099462143;t_drive:1058.6592592357702;fare:576,False,37410,0,,,,,,576,0,,1204.852099462143,True,37410.0,True,-32.43717382556042,False,[]
107,BasicRequest_no_show,1,37500,37500,301;-1;-1,3807;-1;-1,,,,,772.5588434480078,6809.945409546999,0:,False,,,,,,,,,0,,,False,,False,,False,[]
75,BasicRequest_no_show,1,35400,35400,1315;-1;-1,3562;-1;-1,,,,,639.7271275652628,5036.5842071629995,0:t_wait:921.8488925920246;t_drive:939.7271275652602;fare:503,False,,0,0,4,,36185.8064866847,37511.60507447213,503,0,,921.8488925920246,False,35428.00000000163,False,80.79718928920536,False,[]
88,BasicRequest_no_show,1,36180,36180,428;-1;-1,2155;-1;-1,,,,,480.9884102559524,2264.93734925,0:t_wait:960.3396966236833;t_drive:780.9884102559517;fare:226,False,,0,0,0,,37186.71796309215,37796.743610357444,226,0,,960.3396966236833,False,36210.0,True,31.00799419390531,False,[]
92,BasicRequest_no_show,1,36600,36600,1503;-1;-1,427;-1;-1,,,,,512.5264570569141,4409.01870627,0:t_wait:703.2226656892017;t_drive:812.5264570569125;fare:440,False,,0,0,7,,37350.42381604196,37824.38410531639,440,0,,703.2226656892017,False,36605.00000000029,False,80.53977328291302,False,[]
84,BasicRequest_no_show,1,36000,36000,2224;-1;-1,3562;-1;-1,,,,,320.27686773195774,2217.3377987100002,0:t_wait:904.2346323521197;t_drive:620.2768677319546;fare:221,False,,0,0,3,,37157.91248426797,38081.242681153926,221,0,,904.2346323521197,False,36016.20000000094,False,82.46102991362784,False,[]
89,BasicRequest_no_show,1,36180,36180,3562;-1;-1,1722;-1;-1,,,,,502.05208260354345,3151.1497583499995,0:t_wait:966.512422696469;t_drive:802.0520826035427;fare:315,False,,0,0,4,,37511.60507447213,38143.09179088565,315,0,,945.5336142499582,False,36210.0,True,56.97257963334813,False,[]
82,BasicRequest_no_show,1,35760,35760,3672;-1;-1,2846;-1;-1,,,,,1180.1302049480066,8926.324552035,0:t_wait:997.9537477679914;t_drive:1480.1302049480073;fare:892,False,,0.0,0.0,11.0,,36507.30841939409,38152.08005810434,892.0,0,,997.9537477679914,False,35790.0,True,36.89069529034183,False,[]
111,BasicRequest_no_show,1,38160,38160,731;-1;-1,3562;-1;-1,,,,,666.2322416913885,5036.668607807001,0:t_wait:1078.3589083587067;t_drive:966.2322416913885;fare:503,True,,,,,,,,,0,,,False,,False,,False,[]
94,BasicRequest_no_show,1,36780,36780,748;-1;-1,427;-1;-1,,,,,434.8202402418119,2182.5890106200004,0:t_wait:1019.1207986561931;t_drive:734.8202402418101;fare:218,False,,0,0,1,,37830.34211236439,38291.2514035537,218,0,,1019.1207986561931,False,36810.0,True,27.379728014838662,False,[]
76,BasicRequest_no_show,1,35400,35400,1693;-1;-1,3562;-1;-1,,,,,1214.7900359811347,9398.757333192,0:t_wait:1007.0923989012881;t_drive:1514.790035981132;fare:939,False,,0,0,5,,36613.917485232574,38372.67297222507,939,0,,1007.0923989012881,False,35430.0,True,58.35601325458154,False,[]
95,BasicRequest_no_show,1,36840,36840,2823;-1;-1,3266;-1;-1,,,,,1205.0519761304595,6123.05389981,0:t_wait:610.4486187555885;t_drive:1505.0519761304604;fare:612,False,,0,0,10,,37500.927256572024,38447.879621198364,612,0,,610.4486187555885,False,36845.45000000032,False,80.56349919361482,False,[]
97,BasicRequest_no_show,1,36900,36900,1060;-1;-1,427;-1;-1,,,,,588.6563792520623,3602.447897413,0:t_wait:850.4514043913587;t_drive:888.656379252061;fare:360,False,,0,0,2,,37966.05101051398,38630.28369971519,360,0,,850.4514043913587,False,36924.650000001435,False,80.41854935212223,False,[]
90,BasicRequest_no_show,1,36480,36480,230;-1;-1,443;-1;-1,,,,,1260.0707679154598,11822.204196229999,0:t_wait:1096.6812343390775;t_drive:1560.0707679154584;fare:1182,False,,0,0,9,,37249.94081266562,38674.15935310139,1182,0,,1096.6812343390775,False,36510.0,True,10.163225910920271,False,[]
101,BasicRequest_no_show,1,37080,37080,1802;-1;-1,2122;-1;-1,,,,,558.1034729850098,4402.52490106,0:t_wait:905.082823200326;t_drive:858.1034729850071;fare:440,False,,0,0,6,,37946.11753088593,38727.459073702536,440,0,,905.082823200326,False,37110.0,True,47.274267362436404,False,[]
119,BasicRequest_no_show,2,39180,39180,3948;-1;-1,1587;-1;-1,,,,,1143.7008840546537,11219.67280818,0:t_wait:976.9541058106843;t_drive:1443.700884054655;fare:2243,True,,,,,,,,,0,,,False,,False,,False,[]
109,BasicRequest_no_show,1,37980,37980,2131;-1;-1,3562;-1;-1,,,,,393.16948822771224,2752.985906501,0:t_wait:561.9041468434734;t_drive:693.1694882277152;fare:275,False,,0,0,7,,38645.74163659298,39182.68874367624,275,0,,561.9041468434734,False,37986.9000000004,False,83.17711434508077,False,[]
112,BasicRequest_no_show,1,38400,38400,598;-1;-1,524;-1;-1,,,,,599.6206141705641,4048.95770945,0:t_wait:124.18758162446466;t_drive:899.6206141705625;fare:404,False,,0,0,1,,38527.670709269034,39213.82181730811,404,0,,124.18758162446466,False,38405.1000000003,False,81.5445425998062,False,[]
110,BasicRequest_no_show,1,38100,38100,664;-1;-1,2220;-1;-1,,,,,565.9109198138954,4153.7080418099995,0:t_wait:671.9221985933691;t_drive:865.9109198138976;fare:415,False,,0,0,4,,38492.90946867687,39315.137098712155,415,0,,671.9221985933691,False,38105.55000000032,False,82.54788100472015,False,[]
114,BasicRequest_no_show,1,38640,38640,3931;-1;-1,427;-1;-1,,,,,273.9465219438149,2340.25991277,0:t_wait:402.71883955583326;t_drive:573.9465219438134;fare:234,False,,0,0,10,,39042.718839555826,39321.84841540181,234,0,,402.71883955583326,False,38646.450000000375,False,83.13044185761646,False,[]
98,BasicRequest_no_show,1,36900,36900,3537;-1;-1,3562;-1;-1,,,,,1078.8491575396686,9089.539835249,0:t_wait:718.9117350618544;t_drive:1378.8491575396692;fare:908,False,,0,0,8,,37641.38157388022,39371.52447494387,908,0,,718.9117350618544,False,36904.45000000026,False,82.85625274833393,False,[]
108,BasicRequest_no_show,1,37860,37860,637;-1;-1,1454;-1;-1,,,,,284.3306351287871,2035.52406944,0:t_wait:923.0985103068233;t_drive:584.3306351287902;fare:203,False,,0,0,0,,39083.77220342997,39470.06594744264,203,0,,923.0985103068233,False,37883.300000001356,False,81.40006661511794,False,[]
113,BasicRequest_no_show,1,38580,38580,824;-1;-1,3562;-1;-1,,,,,345.26207905823674,3032.6579247729996,0:t_wait:450.32943289190007;t_drive:645.2620790582368;fare:303,False,,0,0,5,,39030.32943289189,39489.747955076586,303,0,,450.32943289190007,False,38585.45000000032,False,83.26355845719459,False,[]
123,BasicRequest_no_show,1,39780,39780,325;-1;-1,3971;-1;-1,,,,,386.491788221404,3595.1396847490005,0:t_wait:1093.3223258293947;t_drive:686.4917882214068;fare:359,False,39810,0,,,,,,359,0,,1093.3223258293947,True,39810.0,True,-20.909586402730255,False,[]
117,BasicRequest_no_show,1,38940,38940,1941;-1;-1,3562;-1;-1,,,,,575.0963458488097,3558.5553298229997,0:t_wait:690.6032237163527;t_drive:875.0963458488113;fare:355,False,,0,0,1,,39355.994779707704,39878.12543140556,355,0,,690.6032237163527,False,38951.05000000064,False,80.54218114927036,False,[]
103,BasicRequest_no_show,1,37260,37260,427;-1;-1,3691;-1;-1,,,,,930.9664034133268,7667.78881993,0:t_wait:585.5652969856819;t_drive:1230.9664034133239;fare:766,False,,0,0,3,,38251.07639110251,39906.05142141328,766,0,,585.5652969856819,False,37265.30000000031,False,81.60294748848086,False,[]
120,BasicRequest_no_show,1,39360,39360,3572;-1;-1,2404;-1;-1,,,,,553.0247674598727,5349.91547172,0:t_wait:60.51784564975969;t_drive:853.0247674598722;fare:534,False,,0,0,4,,39420.51784564976,40159.52419430258,534,0,,60.51784564975969,False,39364.85000000028,False,81.02691421383736,False,[]
127,BasicRequest_no_show,1,40620,40620,2426;-1;-1,437;-1;-1,,,,,812.7568052629281,5084.63397137,0:t_wait:307.49281350196543;t_drive:1112.7568052629285;fare:508,False,40630,0,,,,,,508,0,,1481.9382018584147,True,40638.40000000107,False,-80.88646308681577,False,[]
116,BasicRequest_no_show,1,38820,38820,414;-1;-1,427;-1;-1,,,,,819.0297036016382,5446.455250483,0:t_wait:810.1922323451217;t_drive:1119.0297036016345;fare:544,False,,0,0,6,,39742.01556318617,40751.46472589739,544,0,,810.1922323451217,False,38828.70000000051,False,80.05724683072735,False,[]
115,BasicRequest_no_show,2,38820,38820,3526;-1;-1,1014;-1;-1,,,,,1202.090029849648,10446.033264720001,0:t_wait:452.92590195428784;t_drive:1502.090029849649;fare:2089,False,,0,0,9,,39213.4560803732,40795.146522840136,2089,0,,452.92590195428784,False,38827.50000000044,False,80.10389175097609,False,[]
118,BasicRequest_no_show,2,39120,39120,694;-1;-1,1587;-1;-1,,,,,1163.3650153115823,11385.527415940001,0:t_wait:1089.3436216170012;t_drive:1463.3650153115814;fare:2277,False,,0,0,0,,39724.29666235391,40815.857382971,2277,0,,1089.3436216170012,False,39150.0,True,-5.564839917391089,False,[]
122,BasicRequest_no_show,1,39600,39600,1517;-1;-1,2846;-1;-1,,,,,886.5526973329929,7751.659456772,0:t_wait:143.78784868197545;t_drive:1186.5526973329906;fare:775,False,,0,0,5,,39730.14472858416,40905.089159266965,775,0,,143.78784868197545,False,39606.55000000038,False,82.07586942207087,False,[]
134,BasicRequest_no_show,1,40920,40920,1762;-1;-1,427;-1;-1,,,,,245.09921260281172,1829.6953619799997,0:t_wait:1177.5421933260295;t_drive:545.0992126028141;fare:182,True,,,,,,,,,0,,,False,,False,,False,[]
135,BasicRequest_no_show,1,40920,40920,2122;-1;-1,1235;-1;-1,,,,,684.3800017400579,6917.93975098,0:t_wait:1062.3837539452288;t_drive:984.3800017400572;fare:691,True,,,,,,,,,0,,,False,,False,,False,[]
136,BasicRequest_no_show,1,40920,40920,259;-1;-1,1983;-1;-1,,,,,457.8418401092693,2407.39384353,0:t_wait:1129.8258049540236;t_drive:757.8418401092713;fare:240,True,,,,,,,,,0,,,False,,False,,False,[]
139,BasicRequest_no_show,4,41100,41100,2220;-1;-1,1815;-1;-1,,,,,408.3287327445069,2741.18966729,0:t_wait:1433.1262342984555;t_drive:708.3287327445069;fare:1096,True,,,,,,,,,0,,,False,,False,,False,[]
129,BasicRequest_no_show,1,40620,40620,2316;-1;-1,3562;-1;-1,,,,,284.2131173516826,2168.96950302,0:t_wait:290.2322710047665;t_drive:584.2131173516827;fare:216,False,,0,0,1,,40910.23227100475,41202.90512958654,216,0,,290.2322710047665,False,40623.10000000018,False,80.83497333441709,False,[]
130,BasicRequest_no_show,1,40740,40740,213;-1;-1,427;-1;-1,,,,,271.7021698910173,2056.616628429,0:t_wait:237.39556492510746;t_drive:571.7021698910175;fare:205,False,,0,0,8,,40962.53965554176,41277.420881521546,205,0,,237.39556492510746,False,40748.6500000005,False,81.70246353555659,False,[]
140,BasicRequest_no_show,2,41280,41280,2405;-1;-1,2893;-1;-1,,,,,1603.4341518864853,14651.314262198,0:t_wait:978.7766389981334;t_drive:1903.4341518864821;fare:2930,False,41310,0,,,,,,2930,0,,1278.7766389981334,True,41310.0,True,-69.300625707796,False,[]
143,BasicRequest_no_show,1,41400,41400,3183;-1;-1,2003;-1;-1,,,,,679.0538399293303,5124.24285257,0:t_wait:807.696146417511;t_drive:979.0538399293291;fare:512,True,,,,,,,,,0,,,False,,False,,False,[]
125,BasicRequest_no_show,1,39900,39900,137;-1;-1,1587;-1;-1,,,,,685.39260875432,5697.033990447,0:t_wait:452.86373868841474;t_drive:985.3926087543223;fare:569,False,,0,0,10,,40347.084757438555,41418.56710988447,569,0,,452.86373868841474,False,39906.20000000036,False,82.35665162038048,False,[]
145,BasicRequest_no_show,1,41580,41580,1454;-1;-1,3634;-1;-1,,,,,219.41245036780515,1885.42749483,0:t_wait:1344.0944285955484;t_drive:519.4124503678031;fare:188,True,,,,,,,,,0,,,False,,False,,False,[]
147,BasicRequest_no_show,1,41640,41640,3997;-1;-1,735;-1;-1,,,,,472.42984562323966,2808.0220264199997,0:t_wait:843.212024460976;t_drive:772.4298456232427;fare:280,True,,,,,,,,,0,,,False,,False,,False,[]
137,BasicRequest_no_show,1,41040,41040,328;-1;-1,1123;-1;-1,,,,,326.44544288147796,2214.3765298890003,0:t_wait:483.0885955024278;t_drive:626.4454428814788;fare:221,False,,0,0,1,,41235.88773442893,41748.25682236141,221,0,,483.0885955024278,False,41046.15000000036,False,80.37866626987397,False,[]
126,BasicRequest_no_show,1,40320,40320,2880;-1;-1,360;-1;-1,,,,,878.4456256721687,8498.988177719999,0:t_wait:327.734297150957;t_drive:1178.4456256721678;fare:849,False,,0,0,4,,40647.73429715097,41778.452104878554,849,0,,327.734297150957,False,40326.30000000037,False,82.76402539067908,False,[]
128,BasicRequest_no_show,1,40620,40620,1610;-1;-1,2347;-1;-1,,,,,446.65206249154494,2953.9263002,0:t_wait:389.92319036388653;t_drive:746.6520624915429;fare:295,False,,0,0,3,,41101.459302159004,41787.559921058295,295,0,,389.92319036388653,False,40623.30000000019,False,80.21035274944346,False,[]
132,BasicRequest_no_show,1,40860,40860,4068;-1;-1,3266;-1;-1,,,,,486.13615045287827,4080.4852909,0:t_wait:771.0611740414606;t_drive:786.1361504528759;fare:408,False,41850,0,,,,,,408,0,,,False,,False,,True,[]
124,BasicRequest_no_show,1,39840,39840,3691;-1;-1,1227;-1;-1,,,,,1140.2635156179376,9353.393636737,0:t_wait:900.1637575376517;t_drive:1440.2635156179385;fare:935,False,,0,0,7,,40767.237708986446,41919.4551840806,935,0,,900.1637575376517,False,39870.0,True,63.08934914486119,False,[]
121,BasicRequest_no_show,1,39540,39540,852;-1;-1,1140;-1;-1,,,,,1860.3983376234996,18241.773339596002,0:t_wait:307.76068718149327;t_drive:2160.3983376234974;fare:1824,False,,0,0,2,,39937.178040549705,42347.6017298637,1824,0,,307.76068718149327,False,39550.60000000062,False,80.05005798339187,False,[]
131,BasicRequest_no_show,1,40800,40800,2863;-1;-1,3562;-1;-1,,,,,558.5976514673521,3835.2763858319995,0:t_wait:531.3601215837916;t_drive:858.597651467353;fare:383,False,,0,0,6,,41603.57071216969,42476.674721910946,383,0,,531.3601215837916,False,40806.15000000036,False,80.57956558094989,False,[]
144,BasicRequest_no_show,1,41580,41580,2589;-1;-1,619;-1;-1,,,,,259.4419321920108,2246.99857258,0:t_wait:697.8286544795192;t_drive:559.4419321920141;fare:224,False,,0,0,10,,42298.69592492341,42538.16467173677,224,0,,697.8286544795192,False,41586.40000000037,False,80.80400398061391,False,[]
159,BasicRequest_no_show,1,43020,43020,886;-1;-1,2478;-1;-1,,,,,883.2617016299937,9219.97945614,0:,False,,,,,,,,,0,,,False,,False,,False,[]
150,BasicRequest_no_show,1,42060,42060,427;-1;-1,1924;-1;-1,,,,,656.6335033423679,4889.874300113001,0:t_wait:302.7589921529798;t_drive:956.6335033423675;fare:488,False,,0,0,1,,42223.54908039107,43036.45106299232,488,0,,302.7589921529798,False,42064.95000000029,False,84.10000585669688,False,[]
138,BasicRequest_no_show,1,41100,41100,527;-1;-1,3474;-1;-1,,,,,461.9459271553678,3455.35059475,0:t_wait:1075.9604659672696;t_drive:761.9459271553715;fare:345,False,,0,0,8,,42005.226377041,43035.25129389701,345,0,,1075.9604659672696,False,41130.0,True,24.13925664316602,False,[]
146,BasicRequest_no_show,1,41640,41640,2404;-1;-1,3973;-1;-1,,,,,427.95760195749057,3843.6437696000003,0:t_wait:827.9459243451784;t_drive:727.9576019574888;fare:384,False,,0,0,3,,42357.575035732094,43071.02442578991,384,0,,827.9459243451784,False,41655.60000000091,False,83.17735388640152,False,[]
148,BasicRequest_no_show,1,42000,42000,173;-1;-1,427;-1;-1,,,,,680.8598704903841,4658.0938688100005,0:t_wait:488.06606336964614;t_drive:980.8598704903852;fare:465,False,,0,0,9,,42330.17677723359,43100.32585786058,465,0,,488.06606336964614,False,42006.75000000039,False,83.0588784504733,False,[]
156,BasicRequest_no_show,1,42720,42720,1263;-1;-1,427;-1;-1,,,,,128.7787662273487,965.37133227,0:t_wait:187.72025951317482;t_drive:428.77876622734766;fare:100,False,,0,0,9,,42923.657274230056,43100.32585786058,100,0,,187.72025951317482,False,42724.900000000285,False,80.08962857839487,False,[]
166,BasicRequest_no_show,1,43500,43500,789;-1;-1,1815;-1;-1,,,,,1211.2806987960153,8994.09442071,0:t_wait:871.3397521562438;t_drive:1511.280698796014;fare:899,True,,,,,,,,,0,,,False,,False,,False,[]
133,BasicRequest_no_show,3,40860,40860,2378;-1;-1,1429;-1;-1,,,,,1520.466325314012,12450.355986360002,0:t_wait:784.1042130762871;t_drive:1820.4663253140097;fare:3735,False,,0,0,0,,41575.80423399899,43546.7382198801,3735,0,,784.1042130762871,False,40866.15000000036,False,81.91910442941075,False,[]
149,BasicRequest_no_show,1,42060,42060,1941;-1;-1,3562;-1;-1,,,,,575.0963458488097,3558.5553298229997,0:t_wait:718.0105894857188;t_drive:875.0963458488113;fare:355,False,,0,0,4,,42942.76154967518,43631.802747839836,355,0,,718.0105894857188,False,42064.15000000024,False,80.05663343059408,False,[]
154,BasicRequest_no_show,1,42540,42540,425;-1;-1,734;-1;-1,,,,,593.7798674157692,5988.578493139999,0:t_wait:129.55254650845745;t_drive:893.7798674157675;fare:598,False,,0,0,6,,42669.552546508465,43654.97169976621,598,0,,129.55254650845745,False,42547.35000000043,False,82.92181849939645,False,[]
157,BasicRequest_no_show,1,42780,42780,1215;-1;-1,427;-1;-1,,,,,163.66216040619986,1346.73354267,0:t_wait:1129.6227504534982;t_drive:463.662160406202;fare:134,False,,0,0,9,,43348.207853462256,43663.01515549149,134,0,,1129.6227504534982,False,42810.0,True,-6.071926065452212,False,[]
168,BasicRequest_no_show,1,43800,43800,1587;-1;-1,420;-1;-1,,,,,915.5924388526239,8410.058981657,0:t_wait:1286.464154272253;t_drive:1215.5924388526255;fare:841,True,,,,,,,,,0,,,False,,False,,False,[]
153,BasicRequest_no_show,1,42420,42420,2433;-1;-1,2091;-1;-1,,,,,581.5012279716866,5225.488238799999,0:t_wait:669.2942574964763;t_drive:881.501227971683;fare:522,False,,0,0,2,,43139.43033175009,43836.20665417454,522,0,,669.2942574964763,False,42425.1500000003,False,82.05980582301528,False,[]
152,BasicRequest_no_show,1,42420,42420,3430;-1;-1,2306;-1;-1,,,,,840.1053054683088,3377.28611473,0:t_wait:948.9765659847108;t_drive:1140.105305468307;fare:337,False,,0,0,7,,43225.01907579067,43876.48021679294,337,0,,948.9765659847108,False,42450.0,True,39.32415649177505,False,[]
160,BasicRequest_no_show,2,43080,43080,1027;-1;-1,427;-1;-1,,,,,586.5276718058885,3504.46418145,0:t_wait:402.30169749297784;t_drive:886.5276718058885;fare:700,False,,0,0,8,,43410.977537452396,43919.46750032051,700,0,,402.30169749297784,False,43084.75000000028,False,80.84731932460316,False,[]
142,BasicRequest_no_show,1,41280,41280,439;-1;-1,460;-1;-1,,,,,1182.4789356456456,10218.509803699999,0:t_wait:736.4329374623994;t_drive:1482.4789356456458;fare:1021,False,,0,0,11,,42194.68338773019,43927.315116587466,1021,0,,736.4329374623994,False,41287.95000000046,False,83.95674828137444,False,[]
164,BasicRequest_no_show,4,43260,43260,2220;-1;-1,1815;-1;-1,,,,,377.4785023215,2743.30902647,0:t_wait:1075.1715723680027;t_drive:677.4785023215009;fare:1097,False,,0,0,9,,43935.310655440844,44315.75841499658,1097,0,,1075.1715723680027,False,43290.0,True,5.83770529315248,False,[]
174,BasicRequest_no_show,1,44340,44340,833;-1;-1,276;-1;-1,,,,,519.3324521260057,4114.2664362099995,0:t_wait:1409.3819935450083;t_drive:819.3324521260074;fare:411,True,,,,,,,,,0,,,False,,False,,False,[]
176,BasicRequest_no_show,2,44400,44400,3562;-1;-1,1408;-1;-1,,,,,357.6664702700355,1745.282369989,0:t_wait:1486.5542108544178;t_drive:657.6664702700364;fare:349,True,,,,,,,,,0,,,False,,False,,False,[]
177,BasicRequest_no_show,1,44400,44400,833;-1;-1,1670;-1;-1,,,,,616.2197144116449,3819.62411746,0:t_wait:843.7978330616897;t_drive:916.2197144116435;fare:381,True,,,,,,,,,0,,,False,,False,,False,[]
155,BasicRequest_no_show,1,42540,42540,1853;-1;-1,1280;-1;-1,,,,,704.7977904678455,5065.713742909999,0:t_wait:1033.9413721412202;t_drive:1004.7977904678482;fare:506,False,,0,0,3,,43507.45677751647,44452.536441513934,506,0,,1033.9413721412202,False,42570.0,True,17.472017153670762,False,[]
161,BasicRequest_no_show,1,43080,43080,3053;-1;-1,3804;-1;-1,,,,,623.4234781492898,6356.489818621,0:t_wait:918.9078881443056;t_drive:923.4234781492924;fare:635,False,,0,0,4,,43927.62570434387,44519.59361111168,635,0,,918.9078881443056,False,43100.95000000122,False,80.18295063136426,False,[]
179,BasicRequest_no_show,2,44520,44520,3434;-1;-1,3541;-1;-1,,,,,993.2117855553568,11391.918679780001,0:t_wait:1172.6626925786113;t_drive:1293.2117855553588;fare:2278,False,44550,0,,,,,,2278,0,,1172.6626925786113,True,44550.0,True,-52.18862666426551,False,[]
158,BasicRequest_no_show,1,42960,42960,2069;-1;-1,427;-1;-1,,,,,828.9849406871624,6810.001913714,0:t_wait:429.50207506259176;t_drive:1128.9849406871654;fare:681,False,,0,0,1,,43088.883301320006,44634.960144494966,681,0,,429.50207506259176,False,42965.1000000003,False,82.00347051345804,False,[]
151,BasicRequest_no_show,1,42360,42360,3213;-1;-1,2146;-1;-1,,,,,1320.7976106374704,8835.756616160003,0:t_wait:912.5494964928512;t_drive:1620.79761063747;fare:883,False,,0,0,10,,43094.39660896044,44643.53549685445,883,0,,912.5494964928512,False,42387.70000000161,False,80.2370499457954,False,[]
171,BasicRequest_no_show,1,44220,44220,1405;-1;-1,2208;-1;-1,,,,,245.51055004288222,1433.1675058189999,0:t_wait:302.0736700148991;t_drive:545.5105500428836;fare:143,False,,0,0,7,,44524.812675960246,44713.87651974352,143,0,,302.0736700148991,False,44223.700000000215,False,81.69629478818486,False,[]
167,BasicRequest_no_show,1,43800,43800,328;-1;-1,1059;-1;-1,,,,,609.2032036560167,3614.637555683,0:t_wait:519.5932280794368;t_drive:909.2032036560195;fare:361,False,,0,0,8,,44055.18122994165,44767.33838265523,361,0,,519.5932280794368,False,43812.0000000007,False,80.88486989771324,False,[]
165,BasicRequest_no_show,1,43440,43440,2115;-1;-1,427;-1;-1,,,,,689.0703592444451,4801.249222170001,0:t_wait:850.4688195006602;t_drive:989.0703592444479;fare:480,False,,0,0,6,,44006.95613505583,44844.05936809638,480,0,,850.4688195006602,False,43454.150000000824,False,83.2287617423074,False,[]
172,BasicRequest_no_show,1,44340,44340,1263;-1;-1,3562;-1;-1,,,,,171.05683884601592,1044.692929819,0:t_wait:530.9519663260653;t_drive:471.05683884601603;fare:104,False,,0,0,9,,44628.513476769454,44849.06512789713,104,0,,530.9519663260653,False,44354.95000000087,False,81.55689850980866,False,[]
163,BasicRequest_no_show,1,43260,43260,1086;-1;-1,3150;-1;-1,,,,,534.94790166,4266.442639643,0:t_wait:852.1390037465244;t_drive:834.9479016600017;fare:426,False,,0,0,11,,44113.61056949039,44867.34563686423,426,0,,852.1390037465244,False,43290.0,True,61.43100553661326,False,[]
169,BasicRequest_no_show,1,44100,44100,717;-1;-1,1765;-1;-1,,,,,396.96752886056686,4130.175617309999,0:t_wait:271.84870857377246;t_drive:696.9675288605649;fare:413,False,,0,0,2,,44371.84870857376,44871.565338008775,413,0,,271.84870857377246,False,44106.30000000037,False,80.28963750603556,False,[]
141,BasicRequest_no_show,2,41280,41280,2348;-1;-1,2893;-1;-1,,,,,1611.218525136423,14719.022046178,0:t_wait:970.9922657481948;t_drive:2211.218525136421;fare:2943,False,,0,0,5,,42416.68885119388,44984.37995737537,2943,0,,970.9922657481948,False,41310.0,True,45.09839643946852,False,[]
162,BasicRequest_no_show,1,43260,43260,427;-1;-1,1123;-1;-1,,,,,276.7080225495,1780.39076643,0:t_wait:571.124313460321;t_drive:576.708022549501;fare:178,False,,0,0,1,,44634.960144494966,45022.55423297975,178,0,,571.124313460321,False,43270.750000000626,False,80.49120081677202,False,[]
190,BasicRequest_no_show,1,45120,45120,285;-1;-1,1815;-1;-1,,,,,707.6489454197997,5448.8901006,0:t_wait:1052.6250419312782;t_drive:1007.6489454198017;fare:544,True,,,,,,,,,0,,,False,,False,,False,[]
192,BasicRequest_no_show,1,45180,45180,2316;-1;-1,1611;-1;-1,,,,,772.8739592082096,5048.840786439001,0:t_wait:1323.2330790651176;t_drive:1072.873959208213;fare:504,True,,,,,,,,,0,,,False,,False,,False,[]
170,BasicRequest_no_show,2,44100,44100,1900;-1;-1,1267;-1;-1,,,,,820.2254200172993,5196.598505004001,0:t_wait:256.856238176646;t_drive:1120.2254200172974;fare:1039,False,,0,0,0,,44356.856238176646,45193.712487406316,1039,0,,256.856238176646,False,44111.15000000065,False,81.39373256182373,False,[]
194,BasicRequest_no_show,1,45360,45360,2636;-1;-1,2589;-1;-1,,,,,766.9653657432016,7242.238983650001,0:,False,,,,,,,,,0,,,False,,False,,False,[]
175,BasicRequest_no_show,2,44400,44400,427;-1;-1,1408;-1;-1,,,,,235.10868004119914,1580.83982961,0:t_wait:343.91946174012264;t_drive:535.1086800412013;fare:316,False,,0,0,6,,44844.05936809638,45377.64155584189,316,0,,343.91946174012264,False,44409.550000000556,False,81.14596646553177,False,[]
178,BasicRequest_no_show,1,44460,44460,2716;-1;-1,350;-1;-1,,,,,208.70875484818916,1365.28737015,0:t_wait:805.1357293347392;t_drive:508.7087548481868;fare:136,False,,0.0,0.0,11.0,,45212.11062338097,45414.70809312257,136.0,0,,805.1357293347392,False,44464.30000000025,False,80.54651126387115,False,[]
196,BasicRequest_no_show,1,45420,45420,545;-1;-1,1027;-1;-1,,,,,686.2774818643447,4436.431836044001,0:t_wait:1470.25766232983;t_drive:986.2774818643447;fare:443,True,,,,,,,,,0,,,False,,False,,False,[]
195,BasicRequest_no_show,1,45420,45420,328;-1;-1,3171;-1;-1,,,,,501.43547892118954,3077.1567050599997,0:t_wait:1389.6106476640925;t_drive:801.4354789211866;fare:307,False,45430,0,,,,,,307,0,,1389.6106476640925,True,45434.30000000083,False,-81.14351085759478,False,[]
186,BasicRequest_no_show,1,45060,45060,3346;-1;-1,2091;-1;-1,,,,,54.871609578518076,627.4204004000001,0:t_wait:344.6366946586859;t_drive:354.8716095785203;fare:100,False,,0,0,2,,45341.7192591765,45566.20321015149,100,0,,344.6366946586859,False,45069.550000000556,False,80.94432950694068,False,[]
197,BasicRequest_no_show,1,45600,45600,1531;-1;-1,3562;-1;-1,,,,,306.3010894764676,2030.6462806210002,0:t_wait:1165.4290204201534;t_drive:606.3010894764666;fare:203,True,,,,,,,,,0,,,False,,False,,False,[]
182,BasicRequest_no_show,1,44940,44940,3477;-1;-1,1336;-1;-1,,,,,449.6571953523803,3571.365985939,0:t_wait:94.83089578917134;t_drive:749.6571953523817;fare:357,False,,0,0,9,,45034.83089578917,45889.94237595699,357,0,,94.83089578917134,False,44949.350000000544,False,85.98906543276188,False,[]
173,BasicRequest_no_show,2,44340,44340,1311;-1;-1,3044;-1;-1,,,,,970.3818944575784,9301.061520399999,0:t_wait:663.5271158933683;t_drive:1270.381894457576;fare:1860,False,,0,0,3,,44789.200546812746,46045.230459701044,1860,0,,663.5271158933683,False,44343.15000000018,False,82.26668602022716,False,[]
193,BasicRequest_no_show,1,45300,45300,2347;-1;-1,1610;-1;-1,,,,,384.09626943825185,2966.507014363,0:t_wait:693.008353024612;t_drive:684.0962694382542;fare:296,False,,0,0,11,,45727.232330911036,46113.38409454844,296,0,,693.008353024612,False,45304.60000000027,False,80.6242984002669,False,[]
202,BasicRequest_no_show,1,46200,46200,867;-1;-1,225;-1;-1,,,,,717.1199622628651,6637.661346640001,0:t_wait:1219.4718059902516;t_drive:1017.1199622628628;fare:663,False,46230,0,,,,,,663,0,,1225.2766117514839,True,46230.0,True,-78.37885540774086,False,[]
181,BasicRequest_no_show,1,44760,44760,1363;-1;-1,2596;-1;-1,,,,,756.2381520658818,4870.523398130001,0:t_wait:502.1814071119079;t_drive:1056.2381520658819;fare:487,False,,0,0,4,,45309.385864067095,46244.904030647696,487,0,,502.1814071119079,False,44764.25000000025,False,80.22183325904194,False,[]
183,BasicRequest_no_show,1,45000,45000,3450;-1;-1,427;-1;-1,,,,,508.09152127105574,4284.531328370001,0:t_wait:297.60336218847806;t_drive:808.0915212710534;fare:428,False,,0,0,8,,45731.44838391563,46420.945344943175,428,0,,297.60336218847806,False,45004.400000000256,False,80.33987418040113,False,[]
203,BasicRequest_no_show,1,46440,46440,1735;-1;-1,1587;-1;-1,,,,,917.8101882848823,6583.376312730999,0:t_wait:1016.9141232363327;t_drive:1217.810188284886;fare:658,True,,,,,,,,,0,,,False,,False,,False,[]
185,BasicRequest_no_show,1,45060,45060,1533;-1;-1,4068;-1;-1,,,,,523.6288393056275,3634.7736612499993,0:t_wait:429.6789617237155;t_drive:823.6288393056238;fare:363,False,,0,0,10,,45569.01322869671,46550.32011582258,363,0,,429.6789617237155,False,45065.250000000306,False,82.68487698761278,False,[]
180,BasicRequest_no_show,1,44640,44640,1524;-1;-1,521;-1;-1,,,,,738.7066877942336,4354.275699614,0:t_wait:797.7583295694203;t_drive:1038.7066877942343;fare:435,False,,0,0,7,,45257.32534261766,46568.47734414357,435,0,,797.7583295694203,False,44649.40000000055,False,81.87861553466666,False,[]
188,BasicRequest_no_show,1,45060,45060,3475;-1;-1,319;-1;-1,,,,,682.9378923800733,4054.0327290489995,0:t_wait:855.5413962935709;t_drive:982.9378923800759;fare:405,False,,0,0,6,,45607.59497815019,46594.13075868708,405,0,,855.5413962935709,False,45085.55000000149,False,81.24639407102049,False,[]
187,BasicRequest_no_show,1,45060,45060,734;-1;-1,1611;-1;-1,,,,,249.14953756777393,1623.22935569,0:t_wait:841.926536089326;t_drive:549.1495375677769;fare:162,False,,0,0,1,,46354.05967780558,46721.469271948416,162,0,,841.926536089326,False,45090.0,True,56.762741301390314,False,[]
189,BasicRequest_no_show,1,45120,45120,2906;-1;-1,3562;-1;-1,,,,,366.1515483547007,2727.179852632,0:t_wait:870.6771688659137;t_drive:666.1515483546973;fare:272,False,,0,0,5,,46213.778537015176,46845.874008843166,272,0,,870.6771688659137,False,45150.0,True,73.02898245271601,False,[]
210,BasicRequest_no_show,2,46980,46980,427;-1;-1,199;-1;-1,,,,,577.4650083612182,4554.377945176,0:t_wait:962.8090801000071;t_drive:877.4650083612214;fare:910,True,,,,,,,,,0,,,False,,False,,False,[]
211,BasicRequest_no_show,1,46980,46980,2448;-1;-1,898;-1;-1,,,,,1479.1662965128176,12090.09526987,0:,False,,,,,,,,,0,,,False,,False,,False,[]
212,BasicRequest_no_show,1,47040,47040,824;-1;-1,3702;-1;-1,,,,,293.3139908625605,1729.25883333,0:t_wait:1245.5197995977142;t_drive:593.3139908625599;fare:172,True,,,,,,,,,0,,,False,,False,,False,[]
214,BasicRequest_no_show,1,47100,47100,3194;-1;-1,1827;-1;-1,,,,,1370.2893136072703,14107.436379892997,0:t_wait:860.2214754817833;t_drive:1996.2276396197194;fare:1410,True,,,,,,,,,0,,,False,,False,,False,[]
216,BasicRequest_no_show,1,47160,47160,385;-1;-1,3562;-1;-1,,,,,428.83156292681235,2190.2667387310003,0:t_wait:1145.129789772771;t_drive:728.8315629268109;fare:219,True,,,,,,,,,0,,,False,,False,,False,[]
184,BasicRequest_no_show,1,45000,45000,4003;-1;-1,1827;-1;-1,,,,,1431.591298884573,14230.560510539999,0:t_wait:863.5903755284598;t_drive:1731.591298884574;fare:1423,False,,0,0,0,,45555.051937823104,47193.238324209706,1423,0,,863.5903755284598,False,45025.500000001484,False,80.757067549162,False,[]
205,BasicRequest_no_show,1,46620,46620,3194;-1;-1,288;-1;-1,,,,,733.3091989808927,5990.93097869,0:t_wait:90.93702026620304;t_drive:1033.3091989808963;fare:599,False,,0,0,10,,46710.937020266196,47488.54052529682,599,0,,90.93702026620304,False,46623.000000000175,False,80.24666026218773,False,[]
219,BasicRequest_no_show,1,47700,47700,348;-1;-1,1586;-1;-1,,,,,1254.5091612255897,9584.794146519998,0:t_wait:1320.2937354681417;t_drive:1554.5091612255928;fare:958,True,,,,,,,,,0,,,False,,False,,False,[]
220,BasicRequest_no_show,1,47700,47700,2845;-1;-1,2311;-1;-1,,,,,1043.2347314625988,6823.015063555001,0:,False,,,,,,,,,0,,,False,,False,,False,[]
201,BasicRequest_no_show,1,46200,46200,598;-1;-1,333;-1;-1,,,,,460.59202698165893,3992.5478782059995,0:t_wait:556.0131739251883;t_drive:760.5920269816561;fare:399,False,,0,0,11,,46859.369876375444,47756.83159582331,399,0,,556.0131739251883,False,46208.6000000005,False,80.1306146916103,False,[]
200,BasicRequest_no_show,1,46080,46080,688;-1;-1,3562;-1;-1,,,,,1031.2613952308966,9079.879778569,0:t_wait:498.61443617414625;t_drive:1331.2613952308966;fare:907,False,,0,0,2,,46663.09001388977,47768.0494380132,907,0,,498.61443617414625,False,46093.05000000076,False,80.73777856856084,False,[]
208,BasicRequest_no_show,1,46860,46860,2916;-1;-1,427;-1;-1,,,,,342.8733149700215,3492.82974495,0:t_wait:699.1625048430287;t_drive:642.8733149700201;fare:349,False,,0,0,5,,47367.76433198759,47849.61752325388,349,0,,699.1625048430287,False,46864.60000000027,False,80.2521129047544,False,[]
191,BasicRequest_no_show,1,45120,45120,2304;-1;-1,1698;-1;-1,,,,,1227.852968636208,12149.8009135,0:t_wait:1027.7762843222663;t_drive:1527.852968636209;fare:1214,False,,0,0,9,,46287.013180665046,47920.572668593704,1214,0,,1027.7762843222663,False,45150.0,True,12.239823398573236,False,[]
198,BasicRequest_no_show,1,45960,45960,3562;-1;-1,2794;-1;-1,,,,,1237.3097619013356,12320.109839759,0:t_wait:687.4700359943745;t_drive:1537.3097619013352;fare:1232,False,,0,0,4,,46476.883521802134,47956.457340182766,1232,0,,687.4700359943745,False,45966.00000000035,False,82.83585932930936,False,[]
207,BasicRequest_no_show,1,46800,46800,1027;-1;-1,3995;-1;-1,,,,,412.4066899025342,3239.48600929,0:t_wait:522.8384929422682;t_drive:712.4066899025347;fare:323,False,,0,0,1,,47554.07743114926,48101.57791441868,323,0,,522.8384929422682,False,46804.550000000265,False,83.57015490166894,False,[]
223,BasicRequest_no_show,2,48120,48120,3562;-1;-1,2687;-1;-1,,,,,182.66466202562208,2308.813614363,0:t_wait:804.4274207704584;t_drive:482.6646620256215;fare:461,True,,,,,,,,,0,,,False,,False,,False,[]
204,BasicRequest_no_show,1,46440,46440,1428;-1;-1,3743;-1;-1,,,,,1111.103113573189,8416.052501712,0:t_wait:700.2155664475358;t_drive:1411.10311357319;fare:841,False,,0,0,6,,46785.957299998874,48178.07403080051,841,0,,700.2155664475358,False,46445.1000000003,False,85.8188453067471,False,[]
199,BasicRequest_no_show,1,45960,45960,1815;-1;-1,789;-1;-1,,,,,903.5906521391655,8708.654248583,0:t_wait:931.6364199096206;t_drive:1203.5906521391662;fare:870,False,,0,0,8,,46819.26914315734,48210.6745608034,870,0,,931.6364199096206,False,45990.0,True,15.230048669687122,False,[]
228,BasicRequest_no_show,1,48300,48300,544;-1;-1,1281;-1;-1,,,,,622.1233197256445,4562.42366418,0:t_wait:896.5928197066678;t_drive:922.1233197256443;fare:456,True,,,,,,,,,0,,,False,,False,,False,[]
206,BasicRequest_no_show,1,46680,46680,537;-1;-1,2765;-1;-1,,,,,763.5844323692734,6762.91780334,0:t_wait:521.2375438337986;t_drive:1063.5844323692727;fare:676,False,,0,0,7,,47206.642599979146,48318.93136603123,676,0,,521.2375438337986,False,46685.55000000032,False,80.58994789094257,False,[]
234,BasicRequest_no_show,1,48600,48600,3173;-1;-1,1815;-1;-1,,,,,387.8180353472835,2806.68370028,0:t_wait:1396.1048882957184;t_drive:687.8180353472853;fare:280,True,,,,,,,,,0,,,False,,False,,False,[]
235,BasicRequest_no_show,1,48660,48660,694;-1;-1,427;-1;-1,,,,,938.3109351410651,8644.97532501,0:t_wait:1154.4493042453032;t_drive:1238.3109351410676;fare:864,False,48690,0,,,,,,864,0,,1154.4493042453032,True,48690.0,True,-27.91670735966591,False,[]
209,BasicRequest_no_show,2,46980,46980,427;-1;-1,199;-1;-1,,,,,577.4650083612182,4554.377945176,0:t_wait:962.8090801000071;t_drive:877.4650083612214;fare:910,False,,0,0,5,,47849.61752325388,48735.15808861151,910,0,,962.8090801000071,False,47010.0,True,21.704395149988763,False,[]
224,BasicRequest_no_show,2,48120,48120,427;-1;-1,2687;-1;-1,,,,,207.52956001251135,1874.260004583,0:t_wait:870.5493938945656;t_drive:507.52956001251005;fare:374,False,,0,0,1,,48628.423780404344,48982.48134139424,374,0,,529.550257715011,False,48142.600000001315,False,84.20626200230909,False,[]
217,BasicRequest_no_show,1,47460,47460,427;-1;-1,2823;-1;-1,,,,,897.1690685756532,7978.561051746001,0:t_wait:605.1402265588404;t_drive:1197.1690685756548;fare:797,False,,0,0,2,,47893.090661625545,49010.01622717868,797,0,,605.1402265588404,False,47467.40000000043,False,82.61304477190917,False,[]
238,BasicRequest_no_show,1,49140,49140,3397;-1;-1,430;-1;-1,,,,,410.84736965541055,3449.15425632,0:t_wait:1032.2878954878106;t_drive:710.8473696554138;fare:344,False,49170,0,,,,,,344,0,,1032.2878954878106,True,49170.0,True,-13.564272669276319,False,[]
218,BasicRequest_no_show,1,47460,47460,1229;-1;-1,427;-1;-1,,,,,755.0351117605458,4662.855808063001,0:t_wait:1048.7260694527722;t_drive:1055.035111760546;fare:466,False,,0,0,10,,48250.5897025029,49218.740438394336,466,0,,1048.7260694527722,False,47490.0,True,10.491441031064683,False,[]
242,BasicRequest_no_show,1,49380,49380,2882;-1;-1,1564;-1;-1,,,,,1304.9581562221151,17478.842612376997,0:t_wait:1102.5734132071302;t_drive:1604.9581562221138;fare:1747,False,49410,0,,,,,,1747,0,,1102.5734132071302,True,49410.0,True,-20.107652332255938,False,[]
237,BasicRequest_no_show,1,48840,48840,1185;-1;-1,427;-1;-1,,,,,186.56559920973245,1195.1708621799999,0:t_wait:826.5296160885846;t_drive:486.56559920973086;fare:119,False,,0,0,1,,49342.01704235286,49565.31788110942,119,0,,826.5296160885846,False,48851.35000000066,False,80.85757269552937,False,[]
226,BasicRequest_no_show,1,48240,48240,2519;-1;-1,3426;-1;-1,,,,,517.9887203835501,3533.11219817,0:t_wait:882.4144165795442;t_drive:817.9887203835533;fare:353,False,,0,0,5,,48937.59392797882,49659.93713464703,353,0,,882.4144165795442,False,48270.0,True,59.23979526567903,False,[]
225,BasicRequest_no_show,1,48240,48240,3788;-1;-1,1611;-1;-1,,,,,554.627411226498,4316.64578587,0:t_wait:598.0766598908303;t_drive:854.6274112264946;fare:431,False,,0,0,6,,48918.05475861385,49702.48067956892,431,0,,598.0766598908303,False,48246.55000000038,False,81.90584073864594,False,[]
230,BasicRequest_no_show,1,48540,48540,1693;-1;-1,2687;-1;-1,,,,,951.3104841318379,8344.13144363,0:t_wait:209.13119362144062;t_drive:1251.3104841318345;fare:834,False,,0,0,8,,48732.76701954142,49779.43545287716,834,0,,209.13119362144062,False,48550.15000000059,False,81.2616960559548,False,[]
229,BasicRequest_no_show,1,48480,48480,427;-1;-1,2223;-1;-1,,,,,384.19344229408176,2554.68503994,0:t_wait:702.3931680583628;t_drive:684.1934422940831;fare:255,False,,0,0,10,,49218.740438394336,49771.01590885927,255,0,,702.3931680583628,False,48484.95000000029,False,83.87911031034045,False,[]
215,BasicRequest_no_show,1,47100,47100,295;-1;-1,1587;-1;-1,,,,,1023.430287823458,11914.805598026998,0:t_wait:802.2587896214027;t_drive:1323.4302878234594;fare:1191,False,,0.0,0.0,3.0,,48031.77136283277,49794.70965382958,1191.0,0,,802.2587896214027,False,47108.500000000495,False,81.58112128545496,False,[]
246,BasicRequest_no_show,1,49800,49800,427;-1;-1,1587;-1;-1,,,,,1026.491689659329,7826.611321857,0:t_wait:838.6815651587021;t_drive:1326.4916896593277;fare:782,True,,,,,,,,,0,,,False,,False,,False,[]
213,BasicRequest_no_show,1,47040,47040,3446;-1;-1,1827;-1;-1,,,,,1331.3648977698967,16789.915975003,0:t_wait:937.4183802236439;t_drive:1631.3648977698977;fare:1678,False,,0,0,11,,48000.92881482448,49890.45466873905,1678,0,,937.4183802236439,False,47070.0,True,57.27007534141589,False,[]
231,BasicRequest_no_show,1,48540,48540,3971;-1;-1,3562;-1;-1,,,,,707.0654038552052,4575.668634336001,0:t_wait:422.99375860473083;t_drive:1007.065403855202;fare:457,False,,0,0,7,,48933.560499098065,49941.81877654046,457,0,,422.99375860473083,False,48551.20000000065,False,81.4906510625748,False,[]
232,BasicRequest_no_show,1,48540,48540,1611;-1;-1,734;-1;-1,,,,,333.5635929778325,1619.54326481,0:t_wait:1147.7488321113415;t_drive:633.5635929778291;fare:161,False,,0,0,6,,49702.48067956892,50107.13882242207,161,0,,1147.7488321113415,False,48570.0,True,-6.558133342342903,False,[]
236,BasicRequest_no_show,1,48660,48660,427;-1;-1,2460;-1;-1,,,,,601.011213697117,2723.17576431,0:t_wait:1048.9138137580449;t_drive:901.0112136971147;fare:272,False,,0,0,1,,49565.31788110942,50254.470303004186,272,0,,1048.9138137580449,False,48690.0,True,4.710665232119463,False,[]
221,BasicRequest_no_show,1,47820,47820,1654;-1;-1,852;-1;-1,,,,,1590.475698639354,17497.267865920003,0:t_wait:644.0665103925203;t_drive:1890.475698639355;fare:1749,False,,0,0,4,,48204.04378835865,50302.60843576333,1749,0,,644.0665103925203,False,47827.05000000041,False,81.82869556742527,False,[]
241,BasicRequest_no_show,1,49380,49380,2208;-1;-1,278;-1;-1,,,,,560.544310094139,2964.42049361,0:t_wait:684.5969683551884;t_drive:860.5443100941411;fare:296,False,,0,0,5,,49924.813619330416,50320.10117130767,296,0,,684.5969683551884,False,49386.30000000037,False,80.42299260425422,False,[]
233,BasicRequest_no_show,1,48540,48540,3691;-1;-1,3562;-1;-1,,,,,809.0476285015511,6102.756814439001,0:t_wait:788.0339091479982;t_drive:1109.0476285015538;fare:610,False,,0.0,0.0,2.0,,49205.674899495294,50331.41116132771,610.0,0,,788.0339091479982,False,48554.700000000856,False,80.83696579503207,False,[]
240,BasicRequest_no_show,1,49260,49260,1611;-1;-1,3562;-1;-1,,,,,677.3991622951742,4551.209277397001,0:t_wait:189.75848903189035;t_drive:977.3991622951726;fare:455,False,,0.0,0.0,2.0,,49497.23277916131,50331.41116132771,455.0,0,,189.75848903189035,False,49265.90000000034,False,80.00673947708499,False,[]
248,BasicRequest_no_show,1,50340,50340,1503;-1;-1,2062;-1;-1,,,,,1109.387764257128,9939.496115990001,0:t_wait:823.4768421001354;t_drive:1409.3877642571315;fare:993,True,,,,,,,,,0,,,False,,False,,False,[]
227,BasicRequest_no_show,1,48300,48300,3115;-1;-1,359;-1;-1,,,,,390.8335508681427,2959.7791347600005,0:t_wait:931.2238756145598;t_drive:690.8335508681412;fare:295,False,,0,0,9,,49692.83933820038,50511.077166104566,295,0,,931.2238756145598,False,48312.90000000075,False,80.42347377256965,False,[]
243,BasicRequest_no_show,2,49380,49380,3562;-1;-1,3350;-1;-1,,,,,430.80197724816276,2569.14110918,0:t_wait:958.1844721949456;t_drive:730.8019772481639;fare:513,False,,0,0,8,,50066.457418213526,50549.53117809479,513,0,,958.1844721949456,False,49410.0,True,23.104409031741724,False,[]
244,BasicRequest_no_show,2,49380,49380,2208;-1;-1,3350;-1;-1,,,,,560.5794990002089,3232.4522020799996,0:t_wait:928.8464799827707;t_drive:860.5794990002105;fare:646,False,,0,0,10,,50060.39008920621,50599.63883287215,646,0,,928.8464799827707,False,49410.0,True,49.156157168242025,False,[]
222,BasicRequest_no_show,1,47940,47940,2383;-1;-1,1429;-1;-1,,,,,1600.624150284351,15424.943775109994,0:t_wait:503.60466397241544;t_drive:1900.6241502843477;fare:1542,False,,0,0,9,,48165.13689437366,50704.11665158222,1542,0,,503.60466397241544,False,47947.450000000434,False,80.4459316167099,False,[]
249,BasicRequest_no_show,1,50460,50460,328;-1;-1,2915;-1;-1,,,,,400.97081846650883,3810.375880449,0:t_wait:2.856896403085557;t_drive:700.9708184665069;fare:381,False,,0,0,2,,50462.78407656842,50890.86677561659,381,0,,2.856896403085557,False,50468.000000000466,False,80.63975800872453,False,[]
239,BasicRequest_no_show,1,49260,49260,1671;-1;-1,2623;-1;-1,,,,,1300.4468692043274,15054.883968882994,0:t_wait:47.33381202571036;t_drive:1600.4468692043301;fare:1505,False,,0,0,0,,49302.455804217636,51017.90976817625,1505,0,,47.33381202571036,False,49268.20000000048,False,81.32108283601161,False,[]
245,BasicRequest_no_show,1,49500,49500,2636;-1;-1,2403;-1;-1,,,,,489.3331104108376,4141.0143066499995,0:t_wait:843.411991558547;t_drive:789.3331104108365;fare:414,False,,0,0,7,,50316.497476084754,51111.955235092406,414,0,,843.411991558547,False,49526.30000000153,False,81.4299337272426,False,[]
262,BasicRequest_no_show,1,51360,51360,1656;-1;-1,1391;-1;-1,,,,,799.3079594587712,10203.886472701999,0:t_wait:1183.9693863737557;t_drive:1099.307959458769;fare:1020,True,,,,,,,,,0,,,False,,False,,False,[]
265,BasicRequest_no_show,1,51540,51540,438;-1;-1,1887;-1;-1,,,,,1141.7619178963669,5880.037477783999,0:,False,,,,,,,,,0,,,False,,False,,False,[]
266,BasicRequest_no_show,1,51540,51540,3942;-1;-1,1281;-1;-1,,,,,975.9801789542514,6123.75224725,0:,False,,,,,,,,,0,,,False,,False,,False,[]
255,BasicRequest_no_show,1,50820,50820,427;-1;-1,1503;-1;-1,,,,,578.5634819979041,2914.4180750900005,0:t_wait:253.27244291309762;t_drive:878.5634819979023;fare:291,False,,0,0,5,,51178.76021193051,51555.429317189126,291,0,,253.27244291309762,False,50830.85000000063,False,80.35797101539171,False,[]
247,BasicRequest_no_show,2,50280,50280,1813;-1;-1,1955;-1;-1,,,,,874.0073642792404,5993.373515289999,0:t_wait:635.6544532202388;t_drive:1174.0073642792413;fare:1198,False,,0,0,8,,50675.836218796794,51688.083731390194,1198,0,,635.6544532202388,False,50289.10000000053,False,83.16321180461999,False,[]
269,BasicRequest_no_show,1,51900,51900,1673;-1;-1,1587;-1;-1,,,,,1088.8237075861139,9976.181182126997,0:t_wait:796.5932369205984;t_drive:1388.8237075861107;fare:997,True,,,,,,,,,0,,,False,,False,,False,[]
268,BasicRequest_no_show,2,51900,51900,2782;-1;-1,2348;-1;-1,,,,,1417.9206846879706,14912.010339159999,0:t_wait:1251.7720325530172;t_drive:1717.9206846879679;fare:2982,False,51930,0,,,,,,2982,0,,1251.7720325530172,True,51930.0,True,-44.953654631308204,False,[]
252,BasicRequest_no_show,2,50760,50760,1429;-1;-1,1815;-1;-1,,,,,721.7680848786805,4634.9282757500005,0:t_wait:0;t_drive:1021.768084878684;fare:926,False,,0,0,9,,50760.0,52156.954599497636,926,0,,0.0,False,50767.800000000454,False,81.05709358096125,False,[]
258,BasicRequest_no_show,1,51120,51120,427;-1;-1,1815;-1;-1,,,,,229.139282589,1727.94594769,0:t_wait:204.18831876471813;t_drive:529.1392825889998;fare:172,False,,0,0,9,,51440.45564718816,52156.954599497636,172,0,,204.18831876471813,False,51126.30000000037,False,80.49774826455868,False,[]
271,BasicRequest_no_show,1,52200,52200,525;-1;-1,3562;-1;-1,,,,,559.6116387348889,3217.165641611,0:t_wait:1056.9735801476709;t_drive:859.6116387348884;fare:321,True,,,,,,,,,0,,,False,,False,,False,[]
257,BasicRequest_no_show,1,51060,51060,2917;-1;-1,3759;-1;-1,,,,,1231.199412783565,10101.075085327,0:t_wait:162.3279803467376;t_drive:1531.1994127835642;fare:1010,False,,0,0,2,,51213.45828689909,52271.89304468083,1010,0,,162.3279803467376,False,51064.200000000244,False,81.40077550333278,False,[]
261,BasicRequest_no_show,1,51300,51300,3427;-1;-1,1673;-1;-1,,,,,363.5299260635224,2227.9785100500003,0:t_wait:908.841628267619;t_drive:663.529926063522;fare:222,False,,0,0,5,,52034.55245679902,52413.122731369614,222,0,,908.841628267619,False,51330.0,True,37.00332938875833,False,[]
260,BasicRequest_no_show,1,51180,51180,2451;-1;-1,1573;-1;-1,,,,,397.33095445534093,1867.0912735489999,0:t_wait:726.5074277342428;t_drive:697.3309544553413;fare:186,False,,0,0,1,,51958.0400005736,52565.849946414426,186,0,,726.5074277342428,False,51187.650000000445,False,80.27814801264591,False,[]
251,BasicRequest_no_show,1,50700,50700,514;-1;-1,793;-1;-1,,,,,1188.1648138082073,11176.901910747001,0:t_wait:333.56135577968234;t_drive:1488.1648138082091;fare:1117,False,,0,0,4,,51033.56135577968,52600.38609301397,1117,0,,333.56135577968234,False,50713.35000000078,False,81.46087325272565,False,[]
254,BasicRequest_no_show,1,50820,50820,2670;-1;-1,898;-1;-1,,,,,1256.4585410707205,11389.06528246,0:t_wait:269.70081161542475;t_drive:1556.4585410707223;fare:1138,False,,0,0,10,,51089.700811615425,52682.83172795354,1138,0,,269.70081161542475,False,50825.050000000294,False,80.3757569686081,False,[]
267,BasicRequest_no_show,1,51540,51540,3665;-1;-1,1503;-1;-1,,,,,433.8682511259822,3114.92556901,0:t_wait:855.5735382713392;t_drive:733.8682511259831;fare:311,False,,0,0,9,,52303.01192114215,52864.83385067625,311,0,,855.5735382713392,False,51559.25000000112,False,82.91681510191934,False,[]
253,BasicRequest_no_show,1,50760,50760,3033;-1;-1,3515;-1;-1,,,,,1589.2962284602468,18821.27019384,0:t_wait:180.2405166487806;t_drive:1889.2962284602472;fare:1882,False,,0,0,11,,50940.240516648795,52908.2493046513,1882,0,,180.2405166487806,False,50765.35000000031,False,81.05783356359208,False,[]
259,BasicRequest_no_show,1,51180,51180,4003;-1;-1,288;-1;-1,,,,,686.7959070907523,5479.546938000001,0:t_wait:651.7488752012432;t_drive:986.7959070907527;fare:547,False,,0,0,7,,51992.21811870369,52946.920811287615,547,0,,651.7488752012432,False,51184.900000000285,False,80.6453269754384,False,[]
264,BasicRequest_no_show,1,51420,51420,427;-1;-1,849;-1;-1,,,,,395.90298322718195,1857.48514398,0:t_wait:719.7802680129462;t_drive:695.9029832271844;fare:185,False,,0,0,3,,52645.58706603148,53011.73590028294,185,0,,719.7802680129462,False,51424.95000000029,False,80.26523414324511,False,[]
256,BasicRequest_no_show,1,51000,51000,839;-1;-1,3475;-1;-1,,,,,963.9634034096416,8695.162315073001,0:t_wait:890.5155585316752;t_drive:1263.9634034096453;fare:869,False,,0,0,0,,51704.714530863705,53138.57685206289,869,0,,898.1498280618835,False,51030.0,True,58.64563946520721,False,[]
273,BasicRequest_no_show,1,52920,52920,1121;-1;-1,2311;-1;-1,,,,,492.3598037568364,3136.32241628,0:t_wait:160.77955401690997;t_drive:792.3598037568372;fare:313,False,,0,0,9,,53080.77955401691,53629.44254434917,313,0,,160.77955401690997,False,52925.65000000033,False,82.07824858806076,False,[]
263,BasicRequest_no_show,1,51360,51360,284;-1;-1,1564;-1;-1,,,,,1406.298504830133,17434.214918007,0:t_wait:937.546329428129;t_drive:1706.2985048301343;fare:1743,False,,0,0,8,,51967.16524723564,53799.860045065856,1743,0,,937.546329428129,False,51390.0,True,42.7798410075443,False,[]
281,BasicRequest_no_show,2,53820,53820,1901;-1;-1,1267;-1;-1,,,,,798.2188491880397,5499.0472721940005,0:t_wait:1276.0786788235564;t_drive:1098.218849188037;fare:1099,True,,,,,,,,,0,,,False,,False,,False,[]
250,BasicRequest_no_show,1,50640,50640,705;-1;-1,3109;-1;-1,,,,,1808.2064822113252,15712.820748780996,0:t_wait:942.4971812541407;t_drive:2108.2064822113243;fare:1571,False,,0,0,6,,51734.69491280592,53978.86256735954,1571,0,,942.4971812541407,False,50670.0,True,57.20089782259103,False,[]
283,BasicRequest_no_show,1,54060,54060,2308;-1;-1,1573;-1;-1,,,,,326.4930607256981,2091.3609384270003,0:t_wait:828.4272247971385;t_drive:626.4930607256974;fare:209,True,,,,,,,,,0,,,False,,False,,False,[]
270,BasicRequest_no_show,1,52080,52080,427;-1;-1,1587;-1;-1,,,,,1026.491689659329,7826.611321857,0:t_wait:813.3277951375494;t_drive:1326.4916896593277;fare:782,False,,0,0,5,,52569.412681062146,54100.99767887327,782,0,,813.3277951375494,False,52089.95000000058,False,80.52186771719879,False,[]
274,BasicRequest_no_show,1,52980,52980,427;-1;-1,1516;-1;-1,,,,,649.3631740164275,4465.680063809999,0:t_wait:519.7224772266127;t_drive:949.3631740164274;fare:446,False,,0,0,0,,53218.838241008685,54140.532763261544,446,0,,519.7224772266127,False,52987.25000000042,False,81.21653465334913,False,[]
275,BasicRequest_no_show,1,53040,53040,380;-1;-1,1815;-1;-1,,,,,519.3306160279191,2794.7879275100004,0:t_wait:636.3941182846975;t_drive:819.3306160279171;fare:279,False,,0,0,2,,53662.80778935064,54347.419547085774,279,0,,636.3941182846975,False,53051.70000000068,False,80.30649537155308,False,[]
279,BasicRequest_no_show,1,53520,53520,1586;-1;-1,429;-1;-1,,,,,981.6026326891351,8994.127975546,0:t_wait:47.15895729648037;t_drive:1281.602632689137;fare:899,False,,0,0,10,,53567.15895729648,54489.168051160435,899,0,,47.15895729648037,False,53529.000000000524,False,80.37781911884409,False,[]
276,BasicRequest_no_show,1,53160,53160,3526;-1;-1,3562;-1;-1,,,,,917.9345534401214,7681.8855348299985,0:t_wait:231.68237954203505;t_drive:1217.9345534401218;fare:768,False,,0,0,4,,53391.68237954204,54731.06956785497,768,0,,231.68237954203505,False,53169.25000000054,False,81.50883297944553,False,[]
272,BasicRequest_no_show,1,52860,52860,2054;-1;-1,425;-1;-1,,,,,663.6475056942552,4741.11285213,0:t_wait:662.8596497335893;t_drive:963.6475056942581;fare:474,False,,0,0,1,,53784.937752269434,54935.56106350128,474,0,,662.8596497335893,False,52868.30000000048,False,81.98262825846759,False,[]
293,BasicRequest_no_show,1,54960,54960,427;-1;-1,748;-1;-1,,,,,384.7790361289822,2016.05465048,0:t_wait:1195.7093677981684;t_drive:684.7790361289808;fare:201,True,,,,,,,,,0,,,False,,False,,False,[]
295,BasicRequest_no_show,1,55200,55200,2146;-1;-1,544;-1;-1,,,,,953.8940330380262,7996.51821575,0:t_wait:1072.0628601655117;t_drive:1253.8940330380283;fare:799,True,,,,,,,,,0,,,False,,False,,False,[]
289,BasicRequest_no_show,1,54480,54480,3562;-1;-1,1503;-1;-1,,,,,555.2297774296569,2895.5992358390004,0:t_wait:211.07108064218482;t_drive:855.2297774296603;fare:289,False,,0,0,4,,54731.06956785497,55301.55097414484,289,0,,211.07108064218482,False,54487.10000000041,False,80.89351497568818,False,[]
286,BasicRequest_no_show,1,54360,54360,1468;-1;-1,225;-1;-1,,,,,649.6199861242017,6556.464351270001,0:t_wait:498.4751841023899;t_drive:949.6199861241985;fare:655,False,,0,0,10,,54603.89948920844,55332.363689195474,655,0,,498.4751841023899,False,54365.950000000346,False,80.53784649801,False,[]
285,BasicRequest_no_show,1,54360,54360,1971;-1;-1,3790;-1;-1,,,,,674.8753500841942,4547.811811,0:t_wait:64.77984505537461;t_drive:974.8753500841922;fare:454,False,,0,0,0,,54424.779845055375,55398.785178998136,454,0,,64.77984505537461,False,54370.2500000006,False,80.45087906319874,False,[]
290,BasicRequest_no_show,1,54720,54720,427;-1;-1,2311;-1;-1,,,,,146.06138764439658,1005.3380883,0:t_wait:535.9995292462118;t_drive:446.06138764439675;fare:100,False,,0,0,1,,55098.08522921857,55423.38721077164,100,0,,535.9995292462118,False,54725.50000000032,False,80.12646083668783,False,[]
299,BasicRequest_no_show,1,55440,55440,1263;-1;-1,2687;-1;-1,,,,,199.38562093817586,1571.35142747,0:t_wait:1266.91665425885;t_drive:499.38562093817745;fare:157,True,,,,,,,,,0,,,False,,False,,False,[]
280,BasicRequest_no_show,1,53700,53700,2687;-1;-1,3299;-1;-1,,,,,1260.2766978211257,11660.535387382999,0:t_wait:235.84229166211298;t_drive:1560.276697821122;fare:1166,False,,0,0,9,,53935.8422916621,55556.07632686153,1166,0,,235.84229166211298,False,53705.00000000029,False,81.72651985936733,False,[]
284,BasicRequest_no_show,1,54180,54180,3971;-1;-1,1281;-1;-1,,,,,947.3125929242128,5365.90348124,0:t_wait:563.8253034911468;t_drive:1247.312592924216;fare:536,False,,0,0,7,,54784.22638877813,55641.61975396079,536,0,,563.8253034911468,False,54187.60000000044,False,80.88490870117883,False,[]
287,BasicRequest_no_show,1,54360,54360,657;-1;-1,3562;-1;-1,,,,,784.3898692746027,5362.363152049,0:t_wait:783.5556647816484;t_drive:1084.3898692746006;fare:536,False,,0,0,2,,54946.66908074477,55788.20321604889,536,0,,783.5556647816484,False,54379.30000000112,False,82.09712767083892,False,[]
277,BasicRequest_no_show,1,53400,53400,3484;-1;-1,2816;-1;-1,,,,,1700.7780419649876,14802.998720633002,0:t_wait:217.2027833411339;t_drive:2000.7780419649862;fare:1480,False,,0,0,3,,53721.696259839184,55782.18083641963,1480,0,,217.2027833411339,False,53411.70000000068,False,80.01732432299535,False,[]
282,BasicRequest_no_show,1,53940,53940,2688;-1;-1,2816;-1;-1,,,,,1222.3985120634802,10989.012735999999,0:t_wait:413.57936284125026;t_drive:1522.3985120634825;fare:1098,False,,0,0,3,,54493.21221786565,55782.18083641963,1098,0,,413.57936284125026,False,53950.60000000062,False,80.28684496906232,False,[]
297,BasicRequest_no_show,1,55440,55440,427;-1;-1,749;-1;-1,,,,,304.72890673450365,2260.141705,0:t_wait:415.6755303034515;t_drive:604.7289067345046;fare:226,False,,0,0,1,,55588.453020151144,55897.94501859632,226,0,,415.6755303034515,False,55448.150000000474,False,82.22499193199644,False,[]
288,BasicRequest_no_show,1,54480,54480,328;-1;-1,3174;-1;-1,,,,,481.829442588202,4468.34157708,0:t_wait:607.2308716351545;t_drive:781.829442588205;fare:446,False,,0,0,6,,55321.484651090046,55920.58749529895,446,0,,607.2308716351545,False,54484.60000000027,False,80.15259743317318,False,[]
300,BasicRequest_no_show,1,55500,55500,674;-1;-1,2404;-1;-1,,,,,783.3852784610607,3196.0678056099996,0:t_wait:108.74302399500448;t_drive:1083.3852784610572;fare:319,False,,0,0,0,,55608.743023995,56038.92769372137,319,0,,108.74302399500448,False,55507.50000000044,False,82.16314231350046,False,[]
292,BasicRequest_no_show,1,54840,54840,3995;-1;-1,544;-1;-1,,,,,489.8890815238776,4437.263780608,0:t_wait:568.3810876051648;t_drive:789.8890815238774;fare:443,False,,0,0,8,,55455.788264182935,56055.207341138,443,0,,568.3810876051648,False,54847.40000000043,False,80.55037117272167,False,[]
298,BasicRequest_no_show,1,55440,55440,2906;-1;-1,3477;-1;-1,,,,,300.0184825199202,2019.11145563,0:t_wait:338.7223593917515;t_drive:600.0184825199176;fare:201,False,,0,0,10,,55778.722359391744,56163.84881319353,201,0,,338.7223593917515,False,55447.60000000044,False,80.02874555563285,False,[]
278,BasicRequest_no_show,1,53460,53460,2508;-1;-1,2816;-1;-1,,,,,1352.4316821622472,11774.7846248,0:t_wait:649.149761300454;t_drive:1652.4316821622488;fare:1177,False,,0,0,11,,54421.41066296383,56169.598257753525,1177,0,,649.149761300454,False,53464.45000000026,False,80.48621978885014,False,[]
294,BasicRequest_no_show,1,55020,55020,825;-1;-1,2816;-1;-1,,,,,521.1227956941375,6071.99114967,0:t_wait:440.4934627564653;t_drive:821.1227956941366;fare:607,False,,0,0,11,,55480.29479822639,56169.598257753525,607,0,,440.4934627564653,False,55026.50000000038,False,80.23057269215276,False,[]
291,BasicRequest_no_show,1,54840,54840,2301;-1;-1,3671;-1;-1,,,,,207.15869002374495,1323.72827398,0:t_wait:846.3557347925598;t_drive:507.1586900237453;fare:132,False,,0,0,5,,56053.43497260048,56309.42484022859,132,0,,846.3557347925598,False,54854.65000000085,False,82.01439716173982,False,[]
296,BasicRequest_no_show,1,55200,55200,427;-1;-1,2228;-1;-1,,,,,616.0844311436981,3858.9653298000003,0:t_wait:879.4582546920719;t_drive:916.0844311436958;fare:385,False,,0,0,2,,55909.36622360691,56686.39263127763,385,0,,879.4582546920719,False,55230.0,True,57.82659899825405,False,[]
305,BasicRequest_no_show,1,56100,56100,129;-1;-1,3675;-1;-1,,,,,398.2969137504424,2311.13593273,0:t_wait:505.0376859536773;t_drive:698.2969137504406;fare:231,False,,0,0,1,,56575.62992057687,56946.43870843269,231,0,,505.0376859536773,False,56106.00000000035,False,80.54938476334873,False,[]
304,BasicRequest_no_show,2,55920,55920,1539;-1;-1,1405;-1;-1,,,,,258.61207813870897,1521.235020611,0:t_wait:768.3880840770871;t_drive:558.6120781387071;fare:304,False,,0,0,10,,56479.17866302562,56946.678397250784,304,0,,768.3880840770871,False,55932.100000000704,False,81.28177952495727,False,[]
313,BasicRequest_no_show,2,57060,57060,2355;-1;-1,3044;-1;-1,,,,,1216.5436140369466,9982.332047427999,0:t_wait:1014.809419406607;t_drive:1516.5436140369493;fare:1996,True,,,,,,,,,0,,,False,,False,,False,[]
301,BasicRequest_no_show,2,55500,55500,1179;-1;-1,624;-1;-1,,,,,1041.3678071701336,5380.863240504,0:t_wait:517.8798290668783;t_drive:1341.367807170136;fare:1076,False,,0,0,4,,56131.564966033024,57173.41817125477,1076,0,,517.8798290668783,False,55506.30000000037,False,81.06841364848287,False,[]
319,BasicRequest_no_show,1,57300,57300,1585;-1;-1,1478;-1;-1,,,,,1667.2587949900762,14930.844982526,0:t_wait:1245.2019040375744;t_drive:1967.2587949900771;fare:1493,True,,,,,,,,,0,,,False,,False,,False,[]
302,BasicRequest_no_show,1,55800,55800,2600;-1;-1,428;-1;-1,,,,,376.2898184957269,2205.74719643,0:t_wait:709.4863332624955;t_drive:676.2898184957303;fare:220,False,,0,0,7,,56910.52810847059,57319.62933723019,220,0,,709.4863332624955,False,55805.400000000314,False,80.28577155245979,False,[]
311,BasicRequest_no_show,1,56700,56700,3475;-1;-1,427;-1;-1,,,,,91.27102839283987,476.55278274,0:t_wait:749.6557529041529;t_drive:391.27102839283907;fare:100,False,,0,0,1,,57176.98288863876,57327.28932128588,100,0,,749.6557529041529,False,56715.15000000088,False,80.24037559458303,False,[]
307,BasicRequest_no_show,1,56340,56340,2223;-1;-1,1815;-1;-1,,,,,560.7238404233151,3969.2742055300005,0:t_wait:163.69864383987442;t_drive:860.723840423314;fare:396,False,,0,0,0,,56503.69864383986,57465.31738553967,396,0,,163.69864383987442,False,56345.600000000326,False,81.96614442002816,False,[]
322,BasicRequest_no_show,1,57480,57480,3974;-1;-1,593;-1;-1,,,,,732.1822474293642,5843.82221165,0:t_wait:1276.6618741221173;t_drive:1032.1822474293658;fare:584,True,,,,,,,,,0,,,False,,False,,False,[]
303,BasicRequest_no_show,1,55860,55860,3299;-1;-1,1815;-1;-1,,,,,1293.2216983584117,11351.399762105999,0:t_wait:0;t_drive:1593.2216983584149;fare:1135,False,,0,0,9,,55860.0,57529.23511350208,1135,0,,0.0,False,55867.95000000046,False,80.27132244592366,False,[]
310,BasicRequest_no_show,1,56580,56580,427;-1;-1,2223;-1;-1,,,,,384.19344229408176,2554.68503994,0:t_wait:622.216805232878;t_drive:684.1934422940831;fare:255,False,,0,0,10,,57050.65592992127,57521.87866100241,255,0,,622.216805232878,False,56586.9000000004,False,83.13199689797973,False,[]
306,BasicRequest_no_show,1,56160,56160,427;-1;-1,2069;-1;-1,,,,,754.4149185688825,5281.0271763030005,0:t_wait:334.73323571667424;t_drive:1054.4149185688802;fare:528,False,,0,0,8,,56469.88414629922,57585.45989236526,528,0,,334.73323571667424,False,56167.90000000046,False,80.03028896633667,False,[]
308,BasicRequest_no_show,1,56400,56400,1217;-1;-1,2515;-1;-1,,,,,653.513356159479,4098.608735143001,0:t_wait:555.3166285567131;t_drive:953.5133561594776;fare:409,False,,0,0,5,,57013.1181444647,57740.6781017891,409,0,,555.3166285567131,False,56404.550000000265,False,80.61073189457046,False,[]
315,BasicRequest_no_show,1,57060,57060,2716;-1;-1,2223;-1;-1,,,,,402.5186714683815,2137.69764965,0:t_wait:841.849971187432;t_drive:702.5186714683805;fare:213,False,,0,0,1,,57415.39809831545,57760.96612320945,213,0,,841.849971187432,False,57088.05000000163,False,81.31522551375593,False,[]
321,BasicRequest_no_show,1,57420,57420,2122;-1;-1,427;-1;-1,,,,,117.66262524923476,883.26826824,0:t_wait:587.2691594134812;t_drive:417.66262524923513;fare:100,False,,0,0,9,,57827.9577219194,57989.44162360536,100,0,,587.2691594134812,False,57428.6000000005,False,80.74057312325542,False,[]
324,BasicRequest_no_show,1,57780,57780,1390;-1;-1,420;-1;-1,,,,,172.26925552217807,1179.4259509100002,0:t_wait:142.96796972400625;t_drive:472.2692555221802;fare:117,False,,0,0,8,,57922.967969724006,58132.86182516776,117,0,,142.96796972400625,False,57784.85000000028,False,84.26230697063231,False,[]
314,BasicRequest_no_show,1,57060,57060,749;-1;-1,427;-1;-1,,,,,496.0756647256809,3442.8254976380003,0:t_wait:955.2800532945257;t_drive:796.0756647256785;fare:344,False,,0,0,7,,57689.28935175016,58152.2368961606,344,0,,955.2800532945257,False,57090.0,True,25.02670391058447,False,[]
329,BasicRequest_no_show,1,58260,58260,1671;-1;-1,1217;-1;-1,,,,,1557.6939942465845,12219.49647187,0:t_wait:1205.1043529190283;t_drive:1857.6939942465833;fare:1221,True,,,,,,,,,0,,,False,,False,,False,[]
332,BasicRequest_no_show,1,58260,58260,3930;-1;-1,3972;-1;-1,,,,,1085.6508844543603,10222.860486977997,0:t_wait:1382.7487134338153;t_drive:1385.6508844543569;fare:1022,True,,,,,,,,,0,,,False,,False,,False,[]
333,BasicRequest_no_show,1,58320,58320,1489;-1;-1,236;-1;-1,,,,,1254.6402136996185,8478.509693816999,0:t_wait:1345.1890172400454;t_drive:1554.6402136996185;fare:847,True,,,,,,,,,0,,,False,,False,,False,[]
309,BasicRequest_no_show,1,56460,56460,1747;-1;-1,3562;-1;-1,,,,,657.2420628155787,4814.220007169,0:t_wait:851.5724024279189;t_drive:957.2420628155814;fare:481,False,,0,0,6,,57777.10141529083,58334.28586965538,481,0,,851.5724024279189,False,56488.70000000167,False,80.0557627229856,False,[]
316,BasicRequest_no_show,1,57120,57120,3749;-1;-1,1736;-1;-1,,,,,417.7958657290461,4162.399833007999,0:t_wait:829.5361145649149;t_drive:717.7958657290437;fare:416,False,,0,0,0,,57777.45415628144,58484.000419491524,416,0,,829.5361145649149,False,57132.100000000704,False,81.53326396229703,False,[]
317,BasicRequest_no_show,1,57120,57120,1468;-1;-1,1802;-1;-1,,,,,455.43167220212445,3477.16166396,0:t_wait:1008.2931175424601;t_drive:755.4316722021249;fare:347,False,,0,0,10,,58007.81095440252,58513.29638478946,347,0,,1008.2931175424601,False,57150.0,True,13.936995321776593,False,[]
320,BasicRequest_no_show,2,57360,57360,2445;-1;-1,1217;-1;-1,,,,,580.6714178067182,4148.891762726,0:t_wait:773.4916066855003;t_drive:880.6714178067195;fare:829,False,,0,0,5,,57814.90529214467,58579.08135283703,829,0,,773.4916066855003,False,57370.10000000059,False,80.53641762969733,False,[]
327,BasicRequest_no_show,2,58080,58080,424;-1;-1,3762;-1;-1,,,,,192.04967534851292,1368.0512629099999,0:t_wait:630.0408358003187;t_drive:492.0496753485131;fare:273,False,,0,0,8,,58498.41501520532,58673.93193474565,273,0,,630.0408358003187,False,58093.20000000077,False,81.12516765109393,False,[]
312,BasicRequest_no_show,1,56760,56760,1262;-1;-1,3044;-1;-1,,,,,1201.9607813389339,9452.86300872,0:t_wait:708.2623935541633;t_drive:1501.9607813389302;fare:945,False,,0,0,2,,57474.81781838852,58748.19395863792,945,0,,708.2623935541633,False,56763.4500000002,False,80.9479387259474,False,[]
323,BasicRequest_no_show,1,57480,57480,427;-1;-1,3995;-1;-1,,,,,553.4963839942397,4415.8885212860005,0:t_wait:965.4559961688647;t_drive:853.4963839942429;fare:441,False,,0,0,7,,58152.2368961606,58910.20629948217,441,0,,965.4559961688647,False,57510.0,True,43.512839973925374,False,[]
328,BasicRequest_no_show,1,58080,58080,3427;-1;-1,3719;-1;-1,,,,,518.0289949467417,3896.073365542,0:t_wait:678.226214066759;t_drive:818.0289949467406;fare:389,False,,0,0,6,,58550.174937202915,59138.1312735276,389,0,,678.226214066759,False,58088.350000000486,False,81.60758132493909,False,[]
318,BasicRequest_no_show,1,57240,57240,1061;-1;-1,258;-1;-1,,,,,606.5880011932119,4250.132802663,0:t_wait:771.3628195773344;t_drive:906.5880011932095;fare:425,False,,0,0,4,,57962.78254956789,59140.408454283424,425,0,,771.3628195773344,False,57250.85000000063,False,81.71527216054749,False,[]
344,BasicRequest_no_show,1,59340,59340,453;-1;-1,3562;-1;-1,,,,,957.9964207742635,11027.409831386001,0:,False,,,,,,,,,0,,,False,,False,,False,[]
345,BasicRequest_no_show,1,59340,59340,3562;-1;-1,1627;-1;-1,,,,,1258.3633728087575,10444.782305533,0:t_wait:1375.5049026599663;t_drive:1558.3633728087589;fare:1044,True,,,,,,,,,0,,,False,,False,,False,[]
325,BasicRequest_no_show,1,57900,57900,3859;-1;-1,1587;-1;-1,,,,,1067.0156135080097,8259.330992667,0:t_wait:703.0810695503678;t_drive:1367.0156135080106;fare:825,False,,0,0,9,,58321.32510280435,59488.81397437479,825,0,,703.0810695503678,False,57907.75000000045,False,80.42206796254446,False,[]
331,BasicRequest_no_show,2,58260,58260,2293;-1;-1,2457;-1;-1,,,,,422.8055872860255,3114.77681065,0:t_wait:693.6522919464114;t_drive:722.8055872860277;fare:622,False,,0,0,11,,59062.038668359935,59488.77662246724,622,0,,693.6522919464114,False,58268.20000000048,False,81.78136250161825,False,[]
330,BasicRequest_no_show,2,58260,58260,2168;-1;-1,2457;-1;-1,,,,,387.2955959537579,3028.2661519599997,0:t_wait:687.2899547845882;t_drive:687.2955959537576;fare:605,False,,0,0,3,,59055.22280932301,59497.076227171616,605,0,,687.2899547845882,False,58267.05000000041,False,80.40964095761436,False,[]
348,BasicRequest_no_show,1,59520,59520,1280;-1;-1,745;-1;-1,,,,,694.563690525561,6588.37788166,0:t_wait:957.1810244015651;t_drive:994.5636905255597;fare:658,True,,,,,,,,,0,,,False,,False,,False,[]
337,BasicRequest_no_show,2,58800,58800,259;-1;-1,137;-1;-1,,,,,266.09618712273743,1720.5855652,0:t_wait:186.95014850789448;t_drive:566.096187122741;fare:344,False,,0,0,0,,58959.50510278678,59576.51597875062,344,0,,186.95014850789448,False,58808.90000000052,False,81.66486949005849,False,[]
349,BasicRequest_no_show,1,59580,59580,3266;-1;-1,2589;-1;-1,,,,,1073.584552392157,9183.498674710001,0:t_wait:1211.2410521803395;t_drive:1373.5845523921598;fare:918,False,59610,0,,,,,,918,0,,1211.2410521803395,True,59610.0,True,-40.060510077157964,False,[]
350,BasicRequest_no_show,2,59640,59640,3350;-1;-1,1060;-1;-1,,,,,618.4663690676482,4312.606235509999,0:t_wait:1088.8499951996855;t_drive:918.4663690676462;fare:862,True,,,,,,,,,0,,,False,,False,,False,[]
335,BasicRequest_no_show,1,58500,58500,2384;-1;-1,3174;-1;-1,,,,,595.2307173463114,5112.6854301,0:t_wait:742.1772603598511;t_drive:895.2307173463123;fare:511,False,,0,0,7,,59061.330344449634,59888.33414496051,511,0,,742.1772603598511,False,58509.85000000057,False,81.01550888764955,False,[]
334,BasicRequest_no_show,1,58440,58440,184;-1;-1,2404;-1;-1,,,,,523.589420495809,3325.73390326,0:t_wait:1110.8271304901937;t_drive:823.5894204958095;fare:332,False,,0,0,5,,59187.33610076785,59979.33523212495,332,0,,1110.8271304901937,False,58470.0,True,-0.8223478994007544,False,[]
343,BasicRequest_no_show,1,59280,59280,3788;-1;-1,427;-1;-1,,,,,350.92441744482903,2564.03178801,0:t_wait:724.6357322528056;t_drive:650.9244174448322;fare:256,False,,0,0,0,,59632.221777908024,60077.90205714938,256,0,,724.6357322528056,False,59287.90000000046,False,80.18906995985537,False,[]
354,BasicRequest_no_show,1,60180,60180,898;-1;-1,2448;-1;-1,,,,,1389.1835919316236,12056.97109004,0:,False,,,,,,,,,0,,,False,,False,,False,[]
336,BasicRequest_no_show,1,58800,58800,236;-1;-1,199;-1;-1,,,,,525.6759320835779,4632.501904680001,0:t_wait:367.52659867949114;t_drive:825.6759320835772;fare:463,False,,0,0,8,,59154.512420151594,60181.034984513855,463,0,,367.52659867949114,False,58811.00000000064,False,82.07441168746759,False,[]
326,BasicRequest_no_show,1,57960,57960,3484;-1;-1,815;-1;-1,,,,,1745.6428957269213,15381.797348290002,0:t_wait:154.7388720989984;t_drive:2045.6428957269236;fare:1538,False,,0,0,1,,58114.738872099,60221.10196089165,1538,0,,154.7388720989984,False,57972.450000000725,False,82.1492337810401,False,[]
340,BasicRequest_no_show,1,58980,58980,1390;-1;-1,2780;-1;-1,,,,,836.2297108678268,6819.5076762809995,0:t_wait:650.291137293294;t_drive:1136.229710867825;fare:681,False,,0,0,6,,59367.41140751726,60258.28711626967,681,0,,650.291137293294,False,58983.75000000022,False,80.51732353431234,False,[]
355,BasicRequest_no_show,1,60240,60240,1123;-1;-1,538;-1;-1,,,,,1104.1428933060224,7656.7675473,0:t_wait:1144.96189230428;t_drive:1404.1428933060233;fare:765,False,60270,0,,,,,,765,0,,1144.96189230428,True,60270.0,True,-27.38683981432254,False,[]
356,BasicRequest_no_show,1,60300,60300,3572;-1;-1,3562;-1;-1,,,,,358.8717773435597,1878.5597853589998,0:t_wait:1073.7289328532352;t_drive:658.8717773435565;fare:187,True,,,,,,,,,0,,,False,,False,,False,[]
341,BasicRequest_no_show,1,58980,58980,3346;-1;-1,340;-1;-1,,,,,590.2360516270674,5379.8532690500015,0:t_wait:693.7929862871606;t_drive:890.2360516270637;fare:537,False,,0,0,2,,59537.524823434585,60464.986559569545,537,0,,693.7929862871606,False,58985.90000000034,False,80.74050161470603,False,[]
358,BasicRequest_no_show,1,60480,60480,2053;-1;-1,425;-1;-1,,,,,657.3042659815869,3798.9862964100003,0:t_wait:1101.3317825427366;t_drive:957.3042659815837;fare:379,True,,,,,,,,,0,,,False,,False,,False,[]
347,BasicRequest_no_show,1,59400,59400,427;-1;-1,1531;-1;-1,,,,,388.93456520296706,2137.816203239,0:t_wait:1116.6649288568733;t_drive:688.934565202966;fare:213,False,,0,0,0,,60077.90205714938,60536.40265740183,213,0,,1116.6649288568733,False,59430.0,True,20.986437169022807,False,[]
353,BasicRequest_no_show,1,60060,60060,2404;-1;-1,2241;-1;-1,,,,,635.2158687837842,3460.3157359499996,0:t_wait:0;t_drive:935.2158687837873;fare:346,False,,0,0,5,,60060,60652.328809914674,346,0,,0,False,60067.450000000434,False,83.74660907600071,False,[]
346,BasicRequest_no_show,1,59400,59400,3448;-1;-1,613;-1;-1,,,,,367.9167716315628,2008.95271364,0:t_wait:889.5281300912029;t_drive:667.9167716315642;fare:200,False,,0,0,8,,60224.917751677975,60665.65515768206,200,0,,889.5281300912029,False,59430.0,True,26.390097687172098,False,[]
362,BasicRequest_no_show,1,60720,60720,3478;-1;-1,870;-1;-1,,,,,1041.0200244927814,5298.222880500001,0:,False,,,,,,,,,0,,,False,,False,,False,[]
363,BasicRequest_no_show,1,60900,60900,2877;-1;-1,3562;-1;-1,,,,,511.1949888041951,3371.18537235,0:t_wait:1393.3343807985875;t_drive:811.1949888041927;fare:337,True,,,,,,,,,0,,,False,,False,,False,[]
367,BasicRequest_no_show,1,61020,61020,674;-1;-1,3442;-1;-1,,,,,578.8688685009406,3803.8462091,0:t_wait:1251.069001947144;t_drive:878.8688685009402;fare:380,True,,,,,,,,,0,,,False,,False,,False,[]
361,BasicRequest_no_show,1,60720,60720,821;-1;-1,2317;-1;-1,,,,,190.6379705929113,1465.9452913300001,0:t_wait:120.1633694561533;t_drive:490.6379705929139;fare:146,False,,0,0,5,,60840.163369456146,61037.01946337304,146,0,,120.1633694561533,False,60725.50000000032,False,80.07145251756727,False,[]
369,BasicRequest_no_show,1,61080,61080,2716;-1;-1,1014;-1;-1,,,,,532.7604951775699,3989.6892489699994,0:t_wait:1264.2380248227055;t_drive:832.760495177572;fare:398,True,,,,,,,,,0,,,False,,False,,False,[]
351,BasicRequest_no_show,1,59700,59700,1013;-1;-1,333;-1;-1,,,,,728.3669716779683,5505.666596380001,0:t_wait:583.1778313004033;t_drive:1028.3669716779696;fare:550,False,,0,0,7,,60058.41234587101,61081.0915515777,550,0,,583.1778313004033,False,59710.60000000062,False,80.76368713897237,False,[]
338,BasicRequest_no_show,1,58920,58920,1587;-1;-1,1323;-1;-1,,,,,1025.1709786532708,11694.15109484,0:t_wait:465.66916807493544;t_drive:1325.1709786532738;fare:1169,False,,0,0,9,,59488.81397437479,61111.62648800879,1169,0,,465.66916807493544,False,58927.75000000045,False,82.29286335608033,False,[]
371,BasicRequest_no_show,1,61140,61140,427;-1;-1,2006;-1;-1,,,,,1045.317206221054,6466.67404938,0:t_wait:1250.950233243886;t_drive:1345.3172062210506;fare:646,True,,,,,,,,,0,,,False,,False,,False,[]
372,BasicRequest_no_show,1,61140,61140,1585;-1;-1,1390;-1;-1,,,,,1572.182013492576,13345.319690665998,0:,False,,,,,,,,,0,,,False,,False,,False,[]
373,BasicRequest_no_show,1,61200,61200,1145;-1;-1,1344;-1;-1,,,,,1037.2295501048034,5509.252474041,0:t_wait:1387.9226837256501;t_drive:1337.2295501048065;fare:550,True,,,,,,,,,0,,,False,,False,,False,[]
339,BasicRequest_no_show,1,58980,58980,1254;-1;-1,2293;-1;-1,,,,,877.1291870769684,5340.966570735,0:t_wait:818.2216461153293;t_drive:1177.129187076971;fare:534,False,,0,0,10,,60184.017431272754,61331.83705519392,534,0,,818.2216461153293,False,58989.10000000053,False,81.82116438067678,False,[]
342,BasicRequest_no_show,1,59280,59280,2203;-1;-1,1149;-1;-1,,,,,950.8725596150356,8627.94318061,0:t_wait:611.242297933808;t_drive:1250.8725596150325;fare:862,False,,0,0,4,,59935.64603106442,61345.43844103858,862,0,,611.242297933808,False,59286.00000000035,False,81.92321549216489,False,[]
360,BasicRequest_no_show,1,60660,60660,3675;-1;-1,2626;-1;-1,,,,,468.05376375450106,2764.68484959,0:t_wait:413.59184145813197;t_drive:768.0537637544985;fare:276,False,,0.0,0.0,8.0,,60886.72650265678,61617.50898894038,276.0,0,,413.59184145813197,False,60670.15000000059,False,81.05327890110111,False,[]
378,BasicRequest_no_show,1,61620,61620,1673;-1;-1,1786;-1;-1,,,,,517.355764863964,2365.80231006,0:t_wait:1153.8979209106328;t_drive:817.3557648639617;fare:236,True,,,,,,,,,0,,,False,,False,,False,[]
379,BasicRequest_no_show,1,61860,61860,1028;-1;-1,521;-1;-1,,,,,643.682732915966,5613.9137422740005,0:t_wait:1280.3683377007983;t_drive:943.6827329159642;fare:561,True,,,,,,,,,0,,,False,,False,,False,[]
370,BasicRequest_no_show,1,61140,61140,3346;-1;-1,340;-1;-1,,,,,590.2360516270674,5379.8532690500015,0:t_wait:296.26593806920573;t_drive:890.236051627071;fare:537,False,,0,0,1,,61315.548423028784,61886.3836948542,537,0,,296.26593806920573,False,61145.250000000306,False,80.95646158843873,False,[]
381,BasicRequest_no_show,1,61980,61980,1281;-1;-1,2404;-1;-1,,,,,702.2010957252636,4830.12217374,0:t_wait:1181.0886083077785;t_drive:1002.2010957252642;fare:483,True,,,,,,,,,0,,,False,,False,,False,[]
352,BasicRequest_no_show,1,59880,59880,1392;-1;-1,2308;-1;-1,,,,,982.4306273612519,5793.029143631,0:t_wait:683.6728273241897;t_drive:1282.4306273612528;fare:579,False,,0,0,3,,60662.3906882833,62207.22661543867,579,0,,683.6728273241897,False,59891.100000000646,False,82.18891291851443,False,[]
357,BasicRequest_no_show,2,60360,60360,3541;-1;-1,2429;-1;-1,,,,,1318.9575109047266,11664.502582689998,0:t_wait:746.7471093944914;t_drive:1618.9575109047291;fare:2332,False,,0,0,2,,60936.77266714223,62210.78913303718,2332,0,,746.7471093944914,False,60368.150000000474,False,80.22654647351395,False,[]
365,BasicRequest_no_show,1,60960,60960,598;-1;-1,1924;-1;-1,,,,,748.1443527468425,5226.89384373,0:t_wait:791.7748950923196;t_drive:1048.1443527468437;fare:522,False,,0,0,5,,61470.713933706356,62261.061583843104,522,0,,791.7748950923196,False,60969.60000000056,False,80.22103788820593,False,[]
359,BasicRequest_no_show,1,60660,60660,427;-1;-1,1587;-1;-1,,,,,1053.5031914684537,7865.208110507,0:t_wait:415.2994343802493;t_drive:1353.5031914684514;fare:786,False,,0,0,0,,61296.05117083784,62434.995946789844,786,0,,415.2994343802493,False,60666.70000000039,False,81.75176159889449,False,[]
374,BasicRequest_no_show,1,61260,61260,991;-1;-1,3931;-1;-1,,,,,682.4813833192854,6013.25555842,0:t_wait:524.1443249000367;t_drive:982.481383319282;fare:601,False,,0,0,9,,61784.14432490001,62496.83324799274,601,0,,524.1443249000367,False,61268.150000000474,False,81.02327190140836,False,[]
382,BasicRequest_no_show,1,62040,62040,1390;-1;-1,3802;-1;-1,,,,,225.34008049065443,1754.3705539100001,0:t_wait:605.4625652978139;t_drive:525.340080490656;fare:175,False,,0,0,5,,62375.136401981326,62614.90301030312,175,0,,605.4625652978139,False,62046.40000000037,False,80.4177307466388,False,[]
377,BasicRequest_no_show,1,61560,61560,4068;-1;-1,3790;-1;-1,,,,,500.6616393311346,3711.94650892,0:t_wait:665.1426686993946;t_drive:800.6616393311342;fare:371,False,,0,0,8,,61976.332105321424,62636.989742845966,371,0,,665.1426686993946,False,61565.90000000034,False,81.34796808520974,False,[]
368,BasicRequest_no_show,1,61080,61080,1721;-1;-1,824;-1;-1,,,,,323.48863040913,2223.48820547,0:t_wait:1118.2215491126408;t_drive:623.4886304091269;fare:222,False,,0,0,6,,62198.22154911264,62677.18865809362,222,0,,1118.2215491126408,False,61110.0,True,-3.846583834036811,False,[]
376,BasicRequest_no_show,1,61440,61440,3364;-1;-1,2782;-1;-1,,,,,508.90030621624965,3958.336440039,0:t_wait:710.0902171718044;t_drive:808.9003062162519;fare:395,False,,0,0,10,,62150.09021717183,62807.832028515666,395,0,,710.0902171718044,False,61449.60000000056,False,80.29151503675479,False,[]
364,BasicRequest_no_show,1,60900,60900,2479;-1;-1,1587;-1;-1,,,,,1135.3331093902348,7868.134052471,0:t_wait:712.8244080867735;t_drive:1435.333109390238;fare:786,False,,0,0,11,,61612.82440808676,62855.274285621264,786,0,,712.8244080867735,False,60914.25000000083,False,81.57281501540685,False,[]
375,BasicRequest_no_show,1,61320,61320,427;-1;-1,2183;-1;-1,,,,,793.9564500392955,5542.616641300001,0:t_wait:936.8632532593329;t_drive:1093.9564500392953;fare:554,False,,0,0,4,,62096.98970947201,62909.538009950935,554,0,,936.8632532593329,False,61350.0,True,41.249081832876705,False,[]
366,BasicRequest_no_show,1,61020,61020,1361;-1;-1,1587;-1;-1,,,,,1231.9047151451005,12583.052400317,0:t_wait:958.2748985096623;t_drive:1531.9047151451014;fare:1258,False,,0,0,7,,61726.1602385718,63010.34385320892,1258,0,,958.2748985096623,False,61050.0,True,21.029746627435543,False,[]
385,BasicRequest_no_show,1,62640,62640,328;-1;-1,1503;-1;-1,,,,,401.3927640850209,2514.30223338,0:t_wait:166.883614336577;t_drive:701.3927640850234;fare:251,False,,0,0,3,,62806.88361433658,63333.65693608824,251,0,,166.883614336577,False,62648.10000000047,False,82.95680999255333,False,[]
392,BasicRequest_no_show,1,63540,63540,3969;-1;-1,1827;-1;-1,,,,,1529.0352284577205,13481.281220789999,0:t_wait:916.2571619415103;t_drive:1829.0352284577239;fare:1348,True,,,,,,,,,0,,,False,,False,,False,[]
384,BasicRequest_no_show,1,62400,62400,567;-1;-1,1815;-1;-1,,,,,500.00715670857016,4114.7836864,0:t_wait:640.7635210699809;t_drive:800.0071567085688;fare:411,False,,0,0,2,,63040.76352106999,63558.76823387425,411,0,,640.7635210699809,False,62408.5500000005,False,80.11856949067207,False,[]
380,BasicRequest_no_show,1,61980,61980,1156;-1;-1,236;-1;-1,,,,,1372.2497342843312,10691.864755030001,0:t_wait:299.0715647148827;t_drive:1672.2497342843344;fare:1069,False,,0,0,1,,62279.07156471489,63772.25731945618,1069,0,,299.0715647148827,False,61994.30000000083,False,81.4881382397089,False,[]
383,BasicRequest_no_show,2,62220,62220,2170;-1;-1,2003;-1;-1,,,,,902.5786073165874,6373.09670785,0:t_wait:882.1984514274445;t_drive:1202.5786073165873;fare:1274,False,,0,0,8,,62842.993957346196,63840.00465601016,1274,0,,882.1984514274445,False,62250.0,True,30.655677338355,False,[]
397,BasicRequest_no_show,1,63900,63900,427;-1;-1,1504;-1;-1,,,,,382.17853284472653,2505.06696775,0:t_wait:852.8590336116977;t_drive:682.1785328447295;fare:250,True,,,,,,,,,0,,,False,,False,,False,[]
403,BasicRequest_no_show,2,64320,64320,1187;-1;-1,3427;-1;-1,,,,,221.91549877538407,1911.278741139,0:,False,,,,,,,,,0,,,False,,False,,False,[]
404,BasicRequest_no_show,1,64320,64320,2171;-1;-1,427;-1;-1,,,,,369.499850881244,2531.7909500799997,0:t_wait:1423.1685806483583;t_drive:669.4998508812423;fare:253,True,,,,,,,,,0,,,False,,False,,False,[]
390,BasicRequest_no_show,1,63360,63360,1815;-1;-1,2223;-1;-1,,,,,722.3901182629669,4741.83935104,0:t_wait:188.38723714849039;t_drive:1022.3901182629634;fare:474,False,,0,0,2,,63558.76823387425,64337.487780236246,474,0,,188.38723714849039,False,63367.150000000416,False,82.21595761875209,False,[]
406,BasicRequest_no_show,1,64440,64440,1408;-1;-1,1559;-1;-1,,,,,671.0063089813484,3316.63357985,0:t_wait:1439.978919979214;t_drive:971.0063089813484;fare:331,True,,,,,,,,,0,,,False,,False,,False,[]
388,BasicRequest_no_show,1,63180,63180,3603;-1;-1,2180;-1;-1,,,,,1251.3290607849908,10158.304580168002,0:t_wait:126.56532430675725;t_drive:1551.3290607849922;fare:1015,False,,0,0,4,,63306.565324306765,64563.791143217124,1015,0,,126.56532430675725,False,63189.10000000053,False,80.78202645630417,False,[]
387,BasicRequest_no_show,1,63120,63120,4003;-1;-1,1587;-1;-1,,,,,1234.8226460387987,9305.126398997,0:t_wait:25.817999187027453;t_drive:1534.822646038796;fare:930,False,,0,0,5,,63145.81799918702,64596.80989630586,930,0,,25.817999187027453,False,63131.30000000066,False,80.83943668956616,False,[]
408,BasicRequest_no_show,1,64740,64740,3176;-1;-1,1587;-1;-1,,,,,1433.3974640952458,12413.600524849999,0:t_wait:1450.6699385348038;t_drive:1733.397464095251;fare:1241,True,,,,,,,,,0,,,False,,False,,False,[]
396,BasicRequest_no_show,2,63840,63840,1531;-1;-1,2082;-1;-1,,,,,446.63094434272426,3027.9205579679997,0:t_wait:769.4454069253916;t_drive:746.6309443427235;fare:605,False,,0,0,8,,64339.42520889508,64849.5275442048,605,0,,769.4454069253916,False,63846.100000000355,False,80.29878412407305,False,[]
391,BasicRequest_no_show,1,63420,63420,3665;-1;-1,507;-1;-1,,,,,897.3970786933119,5621.656992509999,0:t_wait:487.2793860893362;t_drive:1197.3970786933132;fare:562,False,,0,0,3,,63907.27938608934,64945.09435082793,562,0,,487.2793860893362,False,63430.45000000061,False,80.69845039678023,False,[]
402,BasicRequest_no_show,2,64320,64320,3315;-1;-1,3562;-1;-1,,,,,112.15427196659817,462.07018958,0:t_wait:959.2145122203001;t_drive:412.15427196659584;fare:100,False,,0,0,4,,65007.738425761854,65087.52837339827,100,0,,959.2145122203001,False,64350.0,True,37.73316095372648,False,[]
412,BasicRequest_no_show,2,65220,65220,2494;-1;-1,427;-1;-1,,,,,456.8513814015,3139.0638152499996,0:t_wait:1207.9090928336518;t_drive:756.8513814015023;fare:627,True,,,,,,,,,0,,,False,,False,,False,[]
394,BasicRequest_no_show,1,63660,63660,2636;-1;-1,2589;-1;-1,,,,,1145.973058119957,8300.543442970002,0:t_wait:724.3876866637147;t_drive:1445.9730581199547;fare:830,False,,0,0,1,,64123.254597333456,65278.74218530497,830,0,,724.3876866637147,False,63666.950000000405,False,84.1939024774195,False,[]
386,BasicRequest_no_show,1,63060,63060,2045;-1;-1,3299;-1;-1,,,,,1349.6419275742167,12469.204490240001,0:t_wait:842.8423510149951;t_drive:1649.6419275742155;fare:1246,False,,0,0,9,,63902.84235101501,65284.88848883396,1246,0,,842.8423510149951,False,63083.300000001356,False,80.57013738878457,False,[]
413,BasicRequest_no_show,1,65340,65340,1027;-1;-1,1315;-1;-1,,,,,599.3520524114999,3985.567541284,0:t_wait:937.6981742743519;t_drive:899.3520524115011;fare:398,True,,,,,,,,,0,,,False,,False,,False,[]
416,BasicRequest_no_show,1,65640,65640,3930;-1;-1,99;-1;-1,,,,,686.432426484,5510.9889241559995,0:t_wait:992.8057186559308;t_drive:986.4324264839961;fare:551,True,,,,,,,,,0,,,False,,False,,False,[]
395,BasicRequest_no_show,1,63660,63660,2636;-1;-1,865;-1;-1,,,,,1092.4882453990695,8679.757315179999,0:t_wait:911.7319258040297;t_drive:1392.488245399065;fare:867,False,,0,0,7,,64571.73192580401,65668.1922882118,867,0,,911.7319258040297,False,63690.0,True,68.83919532699191,False,[]
401,BasicRequest_no_show,1,64260,64260,3562;-1;-1,861;-1;-1,,,,,312.520817283083,1780.17379075,0:t_wait:919.5638245201117;t_drive:612.5208172830899;fare:178,False,,0,0,4,,65087.52837339827,65672.82209514607,178,0,,919.5638245201117,False,64290.0,True,58.247179658844246,False,[]
405,BasicRequest_no_show,1,64440,64440,3266;-1;-1,2155;-1;-1,,,,,405.70178675689357,1844.053693268,0:t_wait:1086.863984487216;t_drive:705.7017867569011;fare:184,False,,0,0,8,,65348.27051912026,65889.00380388522,184,0,,1086.863984487216,False,64470.0,True,-0.5421644157381658,False,[]
389,BasicRequest_no_show,2,63180,63180,439;-1;-1,2062;-1;-1,,,,,1716.922951635492,13653.65851209,0:t_wait:1028.7215636896144;t_drive:2016.9229516354972;fare:2730,False,,0,0,6,,64208.721563689636,66017.58624499242,2730,0,,1028.7215636896144,False,63210.0,True,21.2449845263742,False,[]
407,BasicRequest_no_show,1,64500,64500,3525;-1;-1,3442;-1;-1,,,,,758.2828662159334,4073.04497448,0:t_wait:1013.6631286897027;t_drive:1058.28286621593;fare:407,False,,0,0,3,,65243.588197812955,66027.88050673864,407,0,,1013.6631286897027,False,64530.0,True,23.07925068278595,False,[]
421,BasicRequest_no_show,1,66060,66060,1815;-1;-1,3174;-1;-1,,,,,377.45903869800003,2800.0201070900002,0:t_wait:1114.3161867101735;t_drive:677.459038697998;fare:280,False,66090,0,,,,,,280,0,,1116.7785003285244,True,66090.0,True,-31.00476641264262,False,[]
409,BasicRequest_no_show,1,64920,64920,2122;-1;-1,502;-1;-1,,,,,598.8451873230001,4721.821761188001,0:t_wait:50.37788270922465;t_drive:898.8451873230006;fare:472,False,,0,0,2,,64942.98448558157,66159.88441042679,472,0,,50.37788270922465,False,64925.35000000031,False,81.5767167608576,False,[]
393,BasicRequest_no_show,1,63540,63540,1671;-1;-1,2448;-1;-1,,,,,1785.6159638746267,14205.882789306,0:t_wait:832.1992669406973;t_drive:2085.615963874625;fare:1420,False,,0,0,0,,64372.1992669407,66173.4100150577,1420,0,,832.1992669406973,False,63550.80000000063,False,80.62081825840033,False,[]
400,BasicRequest_no_show,1,64140,64140,1606;-1;-1,2205;-1;-1,,,,,1131.2889018115604,9895.164273371,0:t_wait:836.9579359729978;t_drive:1431.2889018115675;fare:989,False,,0,0,11,,64976.95793597298,66288.93175049726,989,0,,836.9579359729978,False,64155.00000000087,False,80.1149977050885,False,[]
415,BasicRequest_no_show,2,65580,65580,334;-1;-1,1811;-1;-1,,,,,111.753357465,806.45606659,0:t_wait:596.5075861696823;t_drive:411.7533574650006;fare:161,False,,0,0,8,,66065.17884349203,66344.26323191353,161,0,,596.5075861696823,False,65585.45000000032,False,81.84715550611844,False,[]
425,BasicRequest_no_show,1,66480,66480,427;-1;-1,3572;-1;-1,,,,,199.772883411,1435.8444203899999,0:t_wait:1134.9860231069033;t_drive:499.7728834110021;fare:143,False,66510,0,,,,,,143,0,,1134.9860231069033,True,66510.0,True,-12.167913453242107,False,[]
427,BasicRequest_no_show,1,66600,66600,427;-1;-1,2223;-1;-1,,,,,348.96502438500005,2289.64521727,0:t_wait:1056.883078720246;t_drive:648.9650243850047;fare:228,True,,,,,,,,,0,,,False,,False,,False,[]
430,BasicRequest_no_show,1,66960,66960,3661;-1;-1,544;-1;-1,,,,,611.9454308339998,4364.12566544,0:t_wait:1069.842575061819;t_drive:911.9454308340064;fare:436,True,,,,,,,,,0,,,False,,False,,False,[]
432,BasicRequest_no_show,1,66960,66960,328;-1;-1,3397;-1;-1,,,,,404.05019537399994,4099.246053639999,0:t_wait:970.1435479163047;t_drive:704.0501953740022;fare:409,True,,,,,,,,,0,,,False,,False,,False,[]
420,BasicRequest_no_show,1,66000,66000,2582;-1;-1,2862;-1;-1,,,,,289.09829376,3366.4432613999998,0:t_wait:621.1422088268737;t_drive:589.0982937600056;fare:336,False,,0,0,3,,66509.25957189925,67109.17262644538,336,0,,621.1422088268737,False,66008.75000000051,False,80.01463047772793,False,[]
434,BasicRequest_no_show,1,67200,67200,3562;-1;-1,1027;-1;-1,,,,,431.75022253500003,3102.64671708,0:t_wait:1386.4561450290348;t_drive:731.7502225350036;fare:310,True,,,,,,,,,0,,,False,,False,,False,[]
410,BasicRequest_no_show,1,65040,65040,2636;-1;-1,1541;-1;-1,,,,,545.5939951815,4052.82615446,0:t_wait:716.3935682010051;t_drive:845.5939951814944;fare:405,False,,0,0,5,,66244.4368342251,67219.86985466359,405,0,,716.3935682010051,False,65047.85000000046,False,80.56625221342324,False,[]
436,BasicRequest_no_show,2,67320,67320,1186;-1;-1,613;-1;-1,,,,,343.40039946900004,2339.2984463499997,0:t_wait:1471.85619324664;t_drive:643.4003994689992;fare:467,True,,,,,,,,,0,,,False,,False,,False,[]
419,BasicRequest_no_show,1,65820,65820,3177;-1;-1,2308;-1;-1,,,,,290.553021087,2196.80675784,0:t_wait:928.2534848856303;t_drive:590.5530210870056;fare:219,False,,0,0,11,,66889.69607201847,67324.21549770216,219,0,,928.2534848856303,False,65850.0,True,48.64642193263371,False,[]
414,BasicRequest_no_show,1,65400,65400,4083;-1;-1,1887;-1;-1,,,,,1119.6233522400003,12404.88991683,0:t_wait:103.90094687999954;t_drive:1419.6233522399925;fare:1240,False,,0,0,9,,65513.81187469289,67336.19970073027,1240,0,,103.90094687999954,False,65406.450000000375,False,81.01090494814198,False,[]
418,BasicRequest_no_show,1,65820,65820,420;-1;-1,2292;-1;-1,,,,,411.0689951445,3306.5825045500005,0:t_wait:536.9845491150045;t_drive:711.0689951444947;fare:330,False,,0,0,7,,66657.82250442315,67372.74192443606,330,0,,536.9845491150045,False,65824.90000000029,False,80.2906727208693,False,[]
411,BasicRequest_no_show,1,65160,65160,2020;-1;-1,1587;-1;-1,,,,,633.865413774,4883.96507059,0:t_wait:898.4623377077951;t_drive:933.8654137739941;fare:488,False,,0,0,1,,66247.52046494489,67410.63163256858,488,0,,898.4623377077951,False,65190.0,True,40.131602581820225,False,[]
399,BasicRequest_no_show,2,64140,64140,2087;-1;-1,433;-1;-1,,,,,1710.410085376248,14737.805120140001,0:t_wait:718.8631112313305;t_drive:2010.4100853762502;fare:2947,False,,0,0,10,,64858.86311123135,67583.02969715104,2947,0,,718.8631112313305,False,64147.60000000044,False,82.15536050345706,False,[]
424,BasicRequest_no_show,1,66360,66360,428;-1;-1,2223;-1;-1,,,,,327.855228,2121.20535267,0:t_wait:539.4199241174938;t_drive:627.8552280000004;fare:212,False,,0,0,0,,67209.73812689965,67664.88006972043,212,0,,539.4199241174938,False,66365.55000000032,False,85.1894227929012,False,[]
398,BasicRequest_no_show,1,64140,64140,2122;-1;-1,1140;-1;-1,,,,,1798.4578825780902,12129.988691531997,0:t_wait:1081.5618351212834;t_drive:2098.4578825780845;fare:1212,False,,0,0,2,,64942.98448558157,67695.12042001337,1212,0,,1081.5618351212834,False,64170.0,True,5.822300154634596,False,[]
441,BasicRequest_no_show,1,67860,67860,2780;-1;-1,3364;-1;-1,,,,,417.31164792000004,3773.009149454,0:t_wait:1423.6964170703432;t_drive:717.3116479199962;fare:377,True,,,,,,,,,0,,,False,,False,,False,[]
417,BasicRequest_no_show,1,65700,65700,33;-1;-1,301;-1;-1,,,,,971.397224223,9713.373948330001,0:t_wait:664.8394311990705;t_drive:1271.3972242229938;fare:971,False,,0,0,4,,66371.5728725766,67934.12608383925,971,0,,664.8394311990705,False,65706.55000000038,False,80.0117981634111,False,[]
422,BasicRequest_no_show,2,66240,66240,2636;-1;-1,452;-1;-1,,,,,899.7732874169999,7762.30138128,0:t_wait:591.8853633752151;t_drive:1199.7732874170033;fare:1552,False,,0,0,8,,66762.00087130489,68095.99146255023,1552,0,,591.8853633752151,False,66246.15000000036,False,80.69950636979546,False,[]
423,BasicRequest_no_show,2,66240,66240,2636;-1;-1,452;-1;-1,,,,,899.7732874169999,7762.30138128,0:t_wait:591.8853633752151;t_drive:1199.7732874170033;fare:1552,False,,0,0,8,,66762.00087130489,68095.99146255023,1552,0,,591.8853633752151,False,66246.10000000036,False,80.5848365972185,False,[]
433,BasicRequest_no_show,1,67080,67080,2223;-1;-1,1815;-1;-1,,,,,474.9108362325,2946.2914943700002,0:t_wait:710.3425454996759;t_drive:774.910836232506;fare:294,False,,0,0,0,,67664.88006972043,68329.08536943512,294,0,,710.3425454996759,False,67087.15000000042,False,80.3344195472778,False,[]
428,BasicRequest_no_show,1,66600,66600,3266;-1;-1,4069;-1;-1,,,,,244.312319487,1681.40055439,0:t_wait:823.3500761189935;t_drive:544.3123194869986;fare:168,False,,0,0,6,,67892.89280277805,68344.99659846774,168,0,,823.3500761189935,False,66610.00000000058,False,80.89290724082558,False,[]
426,BasicRequest_no_show,1,66540,66540,1493;-1;-1,3530;-1;-1,,,,,716.9557157520001,6187.451041630001,0:t_wait:921.8165440978919;t_drive:1016.955715752003;fare:618,False,,0,0,3,,67584.64701250743,68876.01578781041,618,0,,921.8165440978919,False,66570.0,True,11.948146708605892,False,[]
429,BasicRequest_no_show,2,66780,66780,821;-1;-1,988;-1;-1,,,,,531.0052721325,4139.29961021,0:t_wait:862.0426761920244;t_drive:831.0052721325046;fare:827,False,,0,0,5,,68024.17415320012,68979.16777560145,827,0,,862.0426761920244,False,66799.40000000113,False,80.64565961076977,False,[]
435,BasicRequest_no_show,1,67260,67260,873;-1;-1,4068;-1;-1,,,,,311.1219693945,2239.8660702899997,0:t_wait:938.1617901856516;t_drive:611.1219693945022;fare:223,False,,0,0,7,,68442.60822623296,69022.10412930563,223,0,,938.1617901856516,False,67269.55000000056,False,84.20283798135263,False,[]
442,BasicRequest_no_show,2,68160,68160,3964;-1;-1,2451;-1;-1,,,,,228.8393892465,1345.62714598,0:t_wait:781.8858481245406;t_drive:528.8393892464956;fare:269,False,,0,0,6,,69005.38776194803,69297.1480875286,269,0,,781.8858481245406,False,68174.50000000084,False,81.8857638341097,False,[]
431,BasicRequest_no_show,1,66960,66960,214;-1;-1,1156;-1;-1,,,,,1138.7122111575,9681.930599698,0:t_wait:934.7005510748131;t_drive:1438.7122111575009;fare:968,False,,0,0,11,,67930.81495162605,69648.31555661316,968,0,,934.7005510748131,False,66990.0,True,19.97725959240804,False,[]
438,BasicRequest_no_show,1,67560,67560,3300;-1;-1,1955;-1;-1,,,,,1000.884404334,10913.31544831,0:t_wait:518.8571085360018;t_drive:1300.8844043340068;fare:1091,False,,0,0,1,,68131.34442551716,69751.56163598334,1091,0,,518.8571085360018,False,67570.55000000061,False,80.88553454694201,False,[]
437,BasicRequest_no_show,1,67380,67380,1587;-1;-1,544;-1;-1,,,,,689.9331088679999,5983.281768966999,0:t_wait:817.980654550498;t_drive:989.9331088680046;fare:598,False,,0,0,9,,68512.6852962368,69828.00080010913,598,0,,817.980654550498,False,67407.5000000016,False,83.33103251327591,False,[]
439,BasicRequest_no_show,2,67620,67620,2145;-1;-1,399;-1;-1,,,,,948.2885532315,7850.546260708,0:t_wait:568.6212047040026;t_drive:1248.2885532314976;fare:1570,False,,0,0,10,,68768.68217655295,70062.97028027862,1570,0,,568.6212047040026,False,67625.80000000034,False,81.70830132952794,False,[]
443,BasicRequest_no_show,1,68160,68160,3675;-1;-1,2893;-1;-1,,,,,859.6651058670001,8305.008544968001,0:t_wait:522.897055462483;t_drive:1159.6651058669959;fare:830,False,,0,0,0,,68535.89872759728,70202.08199187159,830,0,,522.897055462483,False,68176.00000000093,False,81.95407813650645,False,[]
440,BasicRequest_no_show,1,67740,67740,3958;-1;-1,2355;-1;-1,,,,,960.785822439,10556.300837388,0:t_wait:490.8075127829943;t_drive:1260.785822438993;fare:1055,False,,0,0,2,,68472.54571483539,70202.43213168465,1055,0,,490.8075127829943,False,67742.35000000014,False,80.8051433790172,False,[]
444,BasicRequest_no_show,1,68400,68400,33;-1;-1,1587;-1;-1,,,,,680.8689521399999,5957.407866016999,0:t_wait:763.0273552119615;t_drive:980.8689521399938;fare:595,False,,0,0,5,,69256.88042368687,70653.10209450181,595,0,,763.0273552119615,False,68409.30000000054,False,80.2196343914874,False,[]
