from_node,to_node,distance,travel_time,highway,highway_group
0,3057,811.8680089,83.057690085,motorway,group_1
1,2596,302.3705313,49.594097850000004,motorway_link,group_1
1,3336,752.9087789,73.73347188,motorway,group_1
2,3463,121.237271,22.622936805000002,primary,group_2
3,1348,14.36982408,2.6814165255,primary,group_2
4,2573,59.00546859,6.036520554,motorway,group_1
5,4,842.8680448,85.09287591,motorway,group_1
6,2520,902.8083695,46.954455120000006,motorway,group_1
7,2527,612.3060364,31.845624479999998,motorway,group_1
8,2667,609.2651384,43.46942352,trunk,group_2
9,3375,207.1395888,14.2461019575,trunk_link,group_2
10,3123,287.8996015,31.389474434999997,primary,group_2
11,1450,195.2615128,31.05586788,primary_link,group_2
12,2539,94.09401367,8.3628596505,primary,group_2
13,10,17.73932739,1.934105364,primary,group_2
13,43,140.1966346,12.460354632000001,primary,group_2
14,3782,134.3022256,25.370257394999996,primary,group_2
15,3,22.2425064,4.5250949625,secondary,group_3
15,16,176.2514067,29.09019714,primary,group_2
16,2844,168.7794976,27.468143655,primary,group_2
17,4019,222.5444849,24.60066882,motorway,group_1
18,2836,214.1808374,19.778794859999998,trunk,group_2
19,20,68.56170713,6.3314158124999995,trunk,group_2
20,3895,267.0805951,24.66388854,trunk,group_2
21,4063,86.9021125,8.0250832755,trunk,group_2
22,2650,83.56143499,7.716584271,trunk,group_2
23,24,17.44030793,1.5500544809999999,primary,group_2
23,2571,352.8930319,40.595468624999995,primary,group_2
24,13,17.1956148,1.46462727,primary,group_2
24,3840,511.7234601,45.480804885,primary,group_2
25,2525,389.9413971,20.280589380000002,motorway,group_1
26,2651,722.559967,37.579857135,motorway,group_1
27,58,140.628584,10.0334699865,trunk,group_2
28,30,21.65750617,2.1248458845,secondary,group_3
28,3049,206.1928693,18.32594826,primary,group_2
29,2793,114.7885917,19.210233165,primary,group_2
30,492,153.7231007,13.662555844499998,primary,group_2
30,1679,121.5339027,11.923848060000001,secondary,group_3
31,4061,551.4479183,39.34432089,trunk,group_2
32,14,188.8053654,35.6661306,primary,group_2
33,2578,1059.073725,119.928307695,motorway,group_1
34,3388,87.57969207,18.26296356,secondary,group_3
34,3390,191.3883146,18.507556905,motorway_link,group_1
35,3798,702.9274663,50.151977880000004,trunk,group_2
36,3642,138.7330118,12.811471908,trunk,group_2
37,964,20.94585036,1.86454383,trunk_link,group_2
38,355,74.4122279,5.3091116595,trunk,group_2
39,71,471.6481435,77.358610575,motorway_link,group_1
39,3931,655.7895104,73.37680269,motorway,group_1
40,2565,17.23540524,3.506432415,secondary,group_3
40,3303,173.5536589,32.785018859999994,primary,group_2
41,40,94.14958868,19.154128664999998,secondary,group_3
41,106,205.9274822,41.894622645,secondary,group_3
42,3037,78.84028071,5.6250412785,trunk,group_2
43,3785,133.4349246,11.859389388,primary,group_2
44,2574,180.9414023,16.081655925,primary,group_2
45,3329,354.0884558,57.37702938,motorway_link,group_1
46,2738,650.9610806,33.856047285,motorway,group_1
47,3385,305.2274014,23.27024529,motorway_link,group_1
48,2672,20.39201609,4.829417754,residential,group_4
48,1343,73.75740727,12.768845796,residential,group_4
48,2734,252.1825724,52.58754654,secondary,group_3
49,3116,32.50099913,6.777422355000001,secondary,group_3
49,3134,12.0810238,1.9815008880000002,motorway_link,group_1
50,49,68.3035197,14.243309862,secondary,group_3
51,2608,15.61305679,1.3898327460000002,trunk_link,group_2
51,3251,54.9156453,4.349072244,trunk,group_2
52,3261,25.83894377,2.588918565,trunk,group_2
53,3262,417.0864173,41.78974104,trunk,group_2
54,2602,80.36115879,12.03770673,trunk,group_2
55,2591,9.775329937,1.4642963925,trunk,group_2
56,71,569.7350869,59.05447011,motorway,group_1
56,130,188.598512,26.701580115000002,motorway_link,group_1
57,8,614.568568,43.847808915,trunk,group_2
58,2568,192.8435579,13.7588674695,trunk,group_2
59,3902,762.1981511,39.64141239,motorway,group_1
60,3101,444.9842759,23.14333242,motorway,group_1
61,62,241.1888427,37.467011084999996,trunk,group_2
62,3223,104.6643268,16.258876035,trunk,group_2
63,2700,102.4418121,19.82368323,primary,group_2
64,418,13.3681861,2.233411413,unclassified,group_4
64,2694,41.55008843,8.040425826,primary,group_2
65,2629,111.2175321,21.521887215,primary,group_2
65,2767,123.5821534,18.06498255,trunk_link,group_2
66,65,28.99237736,4.238045517,trunk_link,group_2
66,3656,223.5096241,37.40504112,primary,group_2
67,3226,128.0736806,18.94985619,trunk_link,group_2
68,2666,100.980186,9.3251404185,trunk,group_2
69,3559,78.74000955,9.9989895465,secondary,group_3
69,2606,169.9812521,26.061606525,secondary,group_3
69,1471,54.06578246,7.9564600605,tertiary,group_3
70,2621,575.5622494,35.382702945000005,motorway,group_1
71,3272,529.1314036,59.204927775,motorway,group_1
72,2828,59.82230477,5.524364871,trunk,group_2
73,3233,83.8566713,5.982947211,trunk,group_2
74,3377,28.2407436,1.9422676035,trunk_link,group_2
75,797,72.96281787,5.2057001655,trunk,group_2
76,3915,211.4044589,26.84570382,secondary,group_3
77,3588,210.8887098,20.690563515,secondary,group_3
78,60,154.9585276,8.059288635000001,motorway,group_1
79,3333,692.0183857,35.99141007,motorway,group_1
80,44,113.762371,10.110938043,primary,group_2
81,2653,105.2974908,21.68987391,secondary,group_3
81,3389,390.7939572,64.869352785,motorway_link,group_1
82,183,103.9923635,20.8039683,secondary,group_3
82,3390,377.2365942,54.154225815,motorway_link,group_1
83,3469,78.52832295,7.704515124,secondary,group_3
83,2118,151.4523185,25.92511281,secondary,group_3
83,15,91.59614087,18.63464613,secondary,group_3
83,3916,207.0609634,36.672671175,secondary,group_3
84,107,95.66282859,10.784307571500001,primary,group_2
84,106,135.266589,27.51911811,secondary,group_3
85,3610,559.8246432,82.47858609000001,trunk,group_2
86,2576,131.6639121,11.485659223499999,trunk_link,group_2
86,87,99.79758839,9.199412908500001,trunk,group_2
87,2835,17.03029586,2.2851010695,trunk,group_2
87,2576,54.47888766,8.8021360965,secondary,group_3
88,2523,536.0006204,27.877031190000004,motorway,group_1
89,3086,144.1269493,10.2830689065,trunk,group_2
90,1784,259.841945,25.493428620000003,secondary,group_3
91,6,412.0520593,21.430550025,motorway,group_1
92,5,782.0228614,78.95016868500001,motorway,group_1
93,2820,414.2165693,55.57899486,trunk,group_2
94,95,16.03652362,2.4615058364999998,trunk,group_2
94,2810,170.9162125,26.897154975,primary,group_2
95,2807,19.88802033,3.3283229820000004,primary,group_2
95,2946,666.7955995,103.58206390500001,trunk,group_2
96,3277,119.7691339,17.934617985,trunk_link,group_2
96,3296,84.63577294,12.9910605285,trunk,group_2
97,3132,69.25028662,10.6294848375,trunk,group_2
98,643,22.9694041,4.3390174035,primary,group_2
98,99,62.20229161,6.935297686499999,trunk,group_2
99,3285,353.9047267,39.45891009,trunk,group_2
100,2909,17.05127189,1.5746208345000001,trunk,group_2
100,3176,29.2251578,3.9917839785,primary,group_2
101,2680,396.3703278,28.959774255,motorway_link,group_1
101,102,806.6190184,89.165846265,motorway,group_1
102,3332,2272.145172,251.16906795,motorway,group_1
103,104,474.4826869,40.15325817,motorway_link,group_1
103,3267,693.8621749,78.57216591,motorway,group_1
104,3270,466.3087123,34.05813318,motorway,group_1
105,2837,600.2206776,110.61875115,primary,group_2
106,107,61.82728964,12.578364681,secondary,group_3
106,41,205.9274822,41.894622645,secondary,group_3
107,105,15.17145734,3.0865354815,secondary,group_3
107,13,688.7951213,77.649579795,primary,group_2
108,2856,775.5403958,62.93925447000001,motorway,group_1
109,25,954.9376735,49.665665115,motorway,group_1
110,111,97.73003137,16.918974600000002,residential,group_4
111,916,99.95103611,24.47983266,residential,group_4
111,110,97.73003137,16.918974600000002,residential,group_4
111,1092,170.4718559,41.751668325000004,residential,group_4
112,1687,89.67603626,11.38772721,secondary,group_3
112,1686,132.4572957,19.97157084,secondary,group_3
113,2271,75.95765777,7.452303846,secondary,group_3
113,2470,77.9863075,7.651337289,secondary,group_3
114,2272,204.6340761,20.076913335,secondary,group_3
115,1843,64.2949313,6.3080586975,secondary,group_3
115,3953,31.17234754,3.9584955479999997,secondary,group_3
115,3954,33.09479917,4.4265368925,residential,group_4
117,118,97.87980789,16.605565875,residential,group_4
118,119,105.0875331,17.828375355,residential,group_4
119,120,106.7881421,18.116888115000002,residential,group_4
119,118,105.0875331,14.055798919499999,residential,group_4
120,119,106.7881421,14.283260889000001,residential,group_4
120,4000,295.720337,43.51896789,tertiary,group_3
121,122,247.408882,24.273604755,secondary,group_3
122,123,104.402815,10.243094937,secondary,group_3
123,3953,32.69899973,3.2081410695,secondary,group_3
123,2457,167.8758105,21.318113685,secondary,group_3
124,125,79.70339386,12.600814822500002,residential,group_4
124,1874,50.28572125,12.7028195265,tertiary,group_3
124,1875,184.9975605,46.17641922,tertiary,group_3
125,2000,252.9645362,39.99276723,residential,group_4
125,124,79.70339386,10.6605878355,residential,group_4
125,686,79.46011636,12.56235354,residential,group_4
126,240,334.3901963,92.743366995,residential,group_4
126,127,79.01501837,22.462745325,residential,group_4
127,2253,58.72139682,14.250619791,residential,group_4
127,1181,153.9312675,43.760274075,residential,group_4
127,126,79.01501837,21.91487349,residential,group_4
128,255,109.5322977,26.681078160000002,tertiary,group_3
128,129,93.4719097,14.777566777499999,residential,group_4
128,2633,161.3423012,40.271935035,tertiary,group_3
129,128,93.4719097,20.4865584,residential,group_4
130,3387,345.2931007,26.324815905,motorway_link,group_1
130,3268,1013.065892,143.42880963,motorway_link,group_1
131,3939,114.7365402,9.3114844005,motorway,group_1
132,3271,224.0472338,25.217238825000003,motorway_link,group_1
133,147,117.0364566,11.4825978195,secondary,group_3
134,2584,314.3819527,50.942927505,motorway_link,group_1
134,2637,147.7606227,28.253003055,primary,group_2
135,1201,88.09052762,10.2204583395,tertiary,group_3
136,3029,12.27819713,1.9895776484999999,motorway_link,group_1
137,749,210.3361438,61.25372847,residential,group_4
138,200,853.6778709,69.28052883000001,motorway,group_1
139,3708,118.9357727,12.4946124225,primary,group_2
140,2706,47.82379598,6.396588061499999,residential,group_4
141,142,89.18349519,18.661648155,unclassified,group_4
142,1668,100.2800702,15.220062854999998,secondary,group_3
143,66,109.3943474,15.445898955,primary,group_2
143,3621,70.97217913,10.627603953,trunk_link,group_2
144,74,20.1403475,1.3851598605,trunk_link,group_2
144,3378,30.4108698,2.983649688,secondary,group_3
145,3386,526.6614905,71.09503575,motorway_link,group_1
145,3387,796.4945349,122.24466247499998,motorway_link,group_1
146,3878,48.27022087,9.118448502,primary,group_2
147,2870,115.8481739,11.3660138715,secondary,group_3
148,3938,267.1390545,17.982922605,motorway,group_1
149,3480,51.77672961,5.4393237165,primary,group_2
150,149,97.07429387,10.197988803,primary,group_2
151,150,235.8616452,34.95792027,primary_link,group_2
152,166,114.2511223,10.154377131,primary,group_2
153,202,104.578424,11.7013618875,motorway,group_1
154,3720,43.50840956,7.927083916500001,secondary,group_3
155,153,160.4928723,17.95767336,motorway,group_1
156,154,174.1608006,28.745143755,primary,group_2
157,3264,57.598139,5.6510277615,secondary,group_3
158,92,300.3246108,44.44477881,motorway_link,group_1
159,138,354.4105555,28.762313685000002,motorway,group_1
160,132,40.59516045,4.8365187375,motorway_link,group_1
160,740,264.468963,47.07894681,secondary,group_3
160,3640,42.69280134,8.794145724,secondary,group_3
161,163,711.8087042,57.767086545,motorway,group_1
162,3394,368.7286462,35.656651335,motorway_link,group_1
162,146,171.3932293,32.376904575,primary,group_2
163,3064,825.7764416,67.01617848000001,motorway,group_1
164,3556,88.79586416,11.05014459,secondary,group_3
165,3264,13.91895135,2.059853544,motorway_link,group_1
165,3265,152.6709478,23.372831745,secondary,group_3
166,3639,198.0411599,24.83283189,primary_link,group_2
166,458,284.5802175,27.920532465,secondary,group_3
167,3345,38.0893646,4.4171301285,secondary,group_3
168,185,124.6672423,8.8946713215,trunk,group_2
169,148,267.6291156,18.01591191,motorway,group_1
170,2929,47.51163312,6.124639965,primary,group_2
171,1218,125.0363217,21.646226055,residential,group_4
171,2348,344.5493305,69.65309742,tertiary,group_3
171,611,158.577318,33.38222397,tertiary,group_3
172,2596,123.4854103,23.89586448,primary,group_2
172,3873,87.99223597,14.2583951145,motorway_link,group_1
173,2862,492.8348316,80.83360095,motorway_link,group_1
173,3450,214.5397566,41.515940505,primary,group_2
174,2826,318.0610527,33.413408685,primary,group_2
175,3357,6.424148194,1.5733911225000001,residential,group_4
175,2456,114.8261742,26.79606192,residential,group_4
176,175,51.31171581,10.547225402999999,residential,group_4
177,2250,74.62432761,12.918926616,residential,group_4
178,3555,37.81754758,4.5055931655000006,motorway_link,group_1
179,1264,88.21119678,21.604531785,residential,group_4
180,3686,31.39202022,6.074721369000001,primary,group_2
180,63,19.40874548,2.8766414145,primary_link,group_2
181,3407,1188.995625,134.64051639,motorway,group_1
182,1933,209.8067987,40.600058055000005,primary,group_2
183,3388,18.49011997,2.996167029,motorway_link,group_1
183,2039,404.1895712,86.341258845,secondary,group_3
184,1281,81.90763507,23.56903572,residential,group_4
185,2531,214.3101453,16.33880061,motorway_link,group_1
186,3694,86.1701815,18.40730805,secondary,group_3
187,1709,112.1962064,20.727086325000002,secondary,group_3
187,1835,112.2001461,16.917249855,secondary,group_3
188,1709,148.6992591,27.092498145,secondary,group_3
188,3364,121.6328852,25.673382269999998,secondary,group_3
189,1887,215.574542,42.56790861,residential,group_4
189,1878,46.48724373,11.323872594000001,tertiary,group_3
189,1877,98.92111613,24.9887454,tertiary,group_3
190,3600,17.51410606,4.084682091,unclassified,group_4
190,3599,19.18188999,3.4905088245,secondary,group_3
190,3643,298.9934967,60.574853835,secondary,group_3
191,181,869.8860472,98.50490961,motorway,group_1
192,253,80.89731005,15.69373122,residential,group_4
192,2304,102.7342482,15.25255374,residential,group_4
193,1780,81.0231703,7.4821850715,trunk,group_2
194,203,197.0588772,30.168306719999997,secondary,group_3
195,168,202.5960486,14.454681365999999,trunk,group_2
196,1105,124.3039679,18.454926045,residential,group_4
196,2181,174.9655484,31.92061506,residential,group_4
196,3751,188.6611919,28.009792455000003,residential,group_4
197,2701,20.29525651,3.3688856504999998,motorway_link,group_1
197,2710,21.62694903,4.1352441915,primary,group_2
198,197,22.56483374,3.7456212750000004,motorway_link,group_1
199,1390,193.3492346,54.96619131,residential,group_4
199,3449,114.3414004,33.298305105000004,residential,group_4
199,198,411.450777,68.29825567500001,motorway_link,group_1
200,3067,524.8594973,42.5951577,motorway,group_1
200,2645,451.1394976,34.394444025,motorway_link,group_1
201,3720,1.323430283,0.241124487,secondary,group_3
201,3721,11.41400561,2.079592917,secondary,group_3
202,2904,916.9327716,103.83242733,motorway,group_1
203,161,319.7374175,38.037051675,motorway_link,group_1
204,2667,159.4867341,10.9687592235,trunk_link,group_2
205,3457,338.5077551,27.471716295,motorway,group_1
206,1934,168.2622821,22.5056268,residential,group_4
206,207,232.7409937,31.129863944999997,residential,group_4
206,741,58.60271587,7.8383036115,residential,group_4
207,206,232.7409937,31.129863944999997,residential,group_4
208,3339,13.21642977,1.388431452,primary,group_2
209,210,56.83990593,7.6025220555,residential,group_4
210,211,88.01208355,14.931480588,residential,group_4
210,209,56.83990593,9.840096346500001,residential,group_4
211,212,36.43228845,8.509367424,tertiary,group_3
211,210,88.01208355,15.23660829,residential,group_4
211,1491,92.276767,12.342317337,residential,group_4
212,211,36.43228845,5.4710322510000005,tertiary,group_3
212,213,192.2392075,35.433056925,tertiary,group_3
212,2306,108.2577258,30.400676909999998,residential,group_4
213,212,192.2392075,47.983974555,tertiary,group_3
213,1531,90.47264365,25.71997065,residential,group_4
213,3419,233.0045206,58.15922325,tertiary,group_3
214,3419,17.65025997,3.4860993450000004,secondary,group_3
214,1518,328.2336029,63.517023359999996,primary,group_2
214,236,133.075822,27.750256139999998,secondary,group_3
215,3745,14.26238684,1.8713952765,primary,group_2
215,3743,37.36666719,7.792058472000001,secondary,group_3
216,3358,8.884675968,1.618757676,secondary,group_3
216,3355,61.33179374,12.606872381999999,residential,group_4
216,3604,68.63658887,14.138218753500002,secondary,group_3
217,1313,53.40018195,11.1616460265,residential,group_4
217,3358,49.04772761,9.9784449255,secondary,group_3
217,218,113.4140711,19.41384996,secondary,group_3
218,217,113.4140711,22.400390684999998,secondary,group_3
218,219,320.8309152,54.91878732000001,secondary,group_3
219,1316,47.48634491,10.3681116885,residential,group_4
219,220,89.24238406,18.609684165,secondary,group_3
219,218,320.8309152,59.83173858000001,secondary,group_3
220,221,79.41255021,16.55987223,secondary,group_3
220,219,89.24238406,16.642806975,secondary,group_3
221,220,79.41255021,14.809641837000001,secondary,group_3
221,222,83.74840181,17.46402591,secondary,group_3
222,221,83.74840181,15.618234555,secondary,group_3
222,223,171.1869768,35.69756238,secondary,group_3
223,277,85.23237985,21.018156705000003,tertiary,group_3
223,224,40.59073477,8.361148143000001,secondary,group_3
223,222,171.1869768,31.92464928,secondary,group_3
224,225,206.6339032,42.563818695,secondary,group_3
224,223,40.59073477,8.0170679715,secondary,group_3
225,496,101.1204712,28.746983025,residential,group_4
225,224,206.6339032,40.81222122,secondary,group_3
225,4023,226.284365,46.611550845,secondary,group_3
226,1063,106.6495682,12.8910650055,secondary,group_3
226,4023,38.5679907,7.617556190999999,secondary,group_3
226,227,190.5818873,39.25731825,secondary,group_3
226,1062,328.3386928,68.468356575,secondary,group_3
227,1941,88.7119865,20.39444952,residential,group_4
227,228,188.1326953,38.75281749,secondary,group_3
227,226,190.5818873,37.641790755,secondary,group_3
228,527,54.26906959,9.395034435,residential,group_4
228,229,310.2742528,63.912343725,secondary,group_3
228,227,188.1326953,37.15805133,secondary,group_3
229,728,55.8145704,9.6625907685,residential,group_4
229,230,186.2937593,38.37402126,secondary,group_3
229,228,310.2742528,63.912343725,secondary,group_3
230,2194,269.9872584,46.245015914999996,tertiary,group_3
230,231,308.6159769,63.570761085,secondary,group_3
230,229,186.2937593,38.37402126,secondary,group_3
230,1350,88.34501267,15.132256755,tertiary,group_3
231,232,17.47196923,3.5989918364999998,secondary,group_3
231,1352,92.62359062,12.3887061225,residential,group_4
231,230,308.6159769,60.954680385,secondary,group_3
232,233,91.00631587,18.977516265000002,secondary,group_3
232,231,17.47196923,3.450885177,secondary,group_3
232,661,113.1062132,28.973765025000002,residential,group_4
233,234,51.98164808,10.8397154925,secondary,group_3
233,232,91.00631587,18.20607252,secondary,group_3
234,235,50.70028291,10.701445932,secondary,group_3
234,233,51.98164808,10.399076652,secondary,group_3
234,1261,124.3527034,16.632578025,residential,group_4
235,4050,22.26750946,4.7000634885,secondary,group_3
235,234,50.70028291,10.1427359025,secondary,group_3
236,2319,76.93436134,18.196403144999998,residential,group_4
236,4050,165.2305819,33.054848205,secondary,group_3
236,214,138.6448781,29.264149664999998,secondary,group_3
237,238,81.22670416,10.864335537,residential,group_4
237,1257,74.97161337,12.719130652499999,residential,group_4
237,686,254.783101,34.078067399999995,residential,group_4
238,239,77.8641982,10.414589442,residential,group_4
238,237,81.22670416,10.864335537,residential,group_4
239,240,72.76910312,11.504528838,residential,group_4
239,238,77.8641982,10.414589442,residential,group_4
239,687,327.2192072,43.7666319,residential,group_4
240,239,72.76910312,9.7331039235,residential,group_4
240,126,334.3901963,95.06195116500001,residential,group_4
240,1179,76.86396224,21.584754945,residential,group_4
241,1177,65.41823326,16.24891653,residential,group_4
242,243,82.12269369,14.217040035,residential,group_4
243,1382,167.1772225,30.813693615,tertiary,group_3
243,1381,240.5943233,27.914286855,tertiary,group_3
244,243,83.24193238,17.687725305,residential,group_4
245,244,143.0682278,30.3999612,residential,group_4
246,251,20.79932893,5.6725640295,residential,group_4
246,2013,86.73894765,22.520128875,residential,group_4
246,247,74.5059859,19.803277934999997,residential,group_4
247,339,182.1500764,32.751889184999996,residential,group_4
247,248,146.6776473,38.98610535,residential,group_4
247,246,74.5059859,20.06158155,residential,group_4
248,2668,163.3738495,33.237359595,secondary,group_3
248,434,367.1184819,74.68789548,secondary,group_3
248,247,146.6776473,38.082079725,residential,group_4
249,250,98.35306362,27.164635005,residential,group_4
249,1954,104.307494,18.057661665,residential,group_4
249,1955,74.88103203,19.70104899,residential,group_4
250,249,98.35306362,26.823656324999998,residential,group_4
250,612,387.4787666,49.667104394999996,residential,group_4
250,251,68.81654297,18.529634535,residential,group_4
251,246,20.79932893,5.6004551639999995,residential,group_4
251,250,68.81654297,18.768213525,residential,group_4
252,1066,131.6640815,15.91464702,secondary,group_3
252,1065,74.51265007,9.971566023,secondary,group_3
253,192,80.89731005,13.72444062,residential,group_4
253,254,179.4689803,39.185042265,residential,group_4
254,253,179.4689803,30.447382755,residential,group_4
254,2389,95.98549921,19.527632865,secondary,group_3
254,3654,35.29340196,7.269968476500001,secondary,group_3
255,128,109.5322977,27.010474199999997,tertiary,group_3
255,256,91.8754681,19.2037071,residential,group_4
255,269,112.3516404,27.367844580000003,tertiary,group_3
256,255,91.8754681,20.0599797,residential,group_4
257,1573,55.54752845,11.300787629999999,secondary,group_3
257,1344,79.59559354,16.395627045,secondary,group_3
258,259,63.53292537,8.4977351475,residential,group_4
258,2175,78.68540141,13.3491845235,residential,group_4
258,2221,90.61710298,22.50794112,residential,group_4
259,258,63.53292537,10.044322944000001,residential,group_4
260,2192,63.77043727,13.530902638499999,tertiary,group_3
260,2189,147.3223731,34.852634535,tertiary,group_3
260,261,79.57683592,20.102131575,tertiary,group_3
261,262,277.3734139,70.06808952,tertiary,group_3
261,260,79.57683592,19.6235094,tertiary,group_3
262,263,95.55637564,23.851402410000002,tertiary,group_3
262,261,277.3734139,68.39980166999999,tertiary,group_3
262,2170,155.3186263,30.131147399999996,residential,group_4
262,2171,80.11835596,22.7764071,residential,group_4
263,262,95.55637564,23.851402410000002,tertiary,group_3
263,2246,90.05917564,17.78331858,residential,group_4
263,264,87.0974325,21.740003190000003,tertiary,group_3
264,1815,347.6201901,96.41271552,residential,group_4
264,3671,228.9682087,57.151737374999996,tertiary,group_3
264,263,87.0974325,21.21614769,tertiary,group_3
265,3424,22.89471673,5.6457973455,tertiary,group_3
265,3672,30.18025008,5.8402297395,primary,group_2
265,3671,35.04734055,8.642613252,tertiary,group_3
266,1561,78.48830437,16.628936024999998,residential,group_4
266,1624,78.57670223,19.22048532,residential,group_4
267,266,70.82376458,11.1969779355,residential,group_4
268,2633,15.2936218,3.8173729949999995,tertiary,group_3
268,3195,130.6851433,27.251728725,secondary,group_3
268,4068,339.5074621,65.698646355,primary,group_2
269,270,106.3326852,25.901681474999997,tertiary,group_3
269,735,115.2235273,29.29421925,residential,group_4
269,332,95.20363567,20.229416925,residential,group_4
269,255,112.3516404,28.04359383,tertiary,group_3
270,271,109.4384072,26.6582073,tertiary,group_3
270,269,106.3326852,25.901681474999997,tertiary,group_3
271,270,109.4384072,26.32909362,tertiary,group_3
271,272,126.9168723,29.643548205,tertiary,group_3
272,871,315.1625746,42.154018125,residential,group_4
272,333,137.9356191,34.26115701,residential,group_4
272,273,67.56111562,15.78002319,tertiary,group_3
272,271,126.9168723,30.534126899999997,tertiary,group_3
273,3718,22.44530141,5.467472647499999,tertiary,group_3
273,3719,66.85184074,18.541407225,residential,group_4
273,272,67.56111562,16.25410113,tertiary,group_3
274,1927,85.84946121,11.482644309,residential,group_4
274,275,177.7958425,43.84414569,tertiary,group_3
274,3718,22.05148794,5.305227894,tertiary,group_3
275,1767,81.87178097,20.05189317,residential,group_4
275,276,207.1419432,50.457905985,tertiary,group_3
275,274,177.7958425,42.77477628,tertiary,group_3
276,1667,81.69937238,23.22586557,residential,group_4
276,277,78.23093768,16.83441588,tertiary,group_3
276,275,207.1419432,49.83496887,tertiary,group_3
277,223,85.23237985,19.9074411,tertiary,group_3
277,276,78.23093768,19.291613235,tertiary,group_3
278,2121,53.62852039,15.24575733,residential,group_4
278,1033,164.893225,41.528691225,residential,group_4
279,1625,130.2264421,34.613466224999996,residential,group_4
279,1624,90.48295446,24.049867589999998,residential,group_4
280,2929,45.61106348,8.721197108999998,primary,group_2
280,1653,68.98796821,8.893116054,primary,group_2
281,282,62.8742425,8.409634173,residential,group_4
281,1052,89.03646483,24.69432903,residential,group_4
281,1793,90.1486896,15.293961405000001,residential,group_4
282,281,62.8742425,15.399049335,residential,group_4
283,284,52.53228093,8.912239107,residential,group_4
283,1538,68.92901873,17.120943435,residential,group_4
283,1537,90.61340307,25.02697863,residential,group_4
284,283,52.53228093,10.1910372135,residential,group_4
285,1273,286.9378463,42.600544605,residential,group_4
285,1300,79.74684767,17.5869735,tertiary,group_3
285,1515,150.0049222,30.36493884,tertiary,group_3
286,829,361.3624602,39.353648504999995,secondary,group_3
287,2946,50.67048163,4.9713463545,secondary,group_3
287,1694,76.57139057,12.2634343215,secondary,group_3
288,2342,81.82617646,13.882025241000001,residential,group_4
288,717,121.3246772,20.583049395,residential,group_4
289,846,237.1113112,58.894924425,residential,group_4
290,347,28.6661594,7.8180707295000005,residential,group_4
290,291,146.3466926,19.57434552,residential,group_4
290,1262,115.0798118,33.51334401,residential,group_4
291,290,146.3466926,25.335466905000004,residential,group_4
292,293,250.2558834,57.53259717,residential,group_4
293,292,42.32918599,7.181257317,residential,group_4
293,1271,127.7992127,29.380410644999998,residential,group_4
294,295,69.67866025,14.564155267500002,residential,group_4
295,657,82.58697561,19.558978605,residential,group_4
295,1925,82.72151906,19.017270510000003,residential,group_4
295,294,69.67866025,9.3197471505,residential,group_4
296,297,118.2579219,27.186914805,residential,group_4
297,993,326.4975329,51.61806483,residential,group_4
297,992,85.2634233,21.67721709,residential,group_4
297,3738,200.8052239,41.972082255,residential,group_4
297,296,118.2579219,15.8173812,residential,group_4
298,299,49.68001165,10.3840602105,residential,group_4
299,298,49.68001165,9.159279073499999,residential,group_4
299,2749,103.8889684,20.514185355,residential,group_4
299,2013,125.0769415,19.774206614999997,residential,group_4
300,301,133.2902222,17.82800019,residential,group_4
300,1369,133.0711596,17.798699865,residential,group_4
301,300,133.2902222,17.82800019,residential,group_4
302,969,64.58878016,13.140172179,secondary,group_3
302,1573,100.3459499,20.669922765000003,secondary,group_3
302,303,86.70051269,14.982645969,residential,group_4
303,304,124.8793004,18.540343410000002,residential,group_4
303,302,86.70051269,13.707033696,residential,group_4
303,2690,83.76820521,11.2042695585,residential,group_4
304,303,124.8793004,19.74296028,residential,group_4
305,814,98.10840427,21.76100199,residential,group_4
305,2248,137.5505815,23.33581656,residential,group_4
306,2185,80.71686729,9.364949918999999,tertiary,group_3
307,367,81.68106442,20.288362005,residential,group_4
307,2912,55.43678452,9.597188663999999,residential,group_4
308,557,211.1178838,28.237702755,residential,group_4
308,556,75.91127021,14.742706278,residential,group_4
309,310,95.7021462,12.8004729315,residential,group_4
309,476,152.6397475,24.131785365,residential,group_4
309,475,192.8230951,33.381438675,residential,group_4
310,311,83.72300461,11.198223831,residential,group_4
310,309,95.7021462,15.130159005,residential,group_4
311,312,65.88969794,8.8129611345,residential,group_4
311,310,83.72300461,13.236300567,residential,group_4
312,1425,69.39448636,9.281737971,residential,group_4
313,2962,458.3901485,103.77688611,unclassified,group_4
313,319,402.0295151,97.07057478000002,residential,group_4
313,314,219.4831586,32.089591995,unclassified,group_4
314,313,219.4831586,28.90954233,unclassified,group_4
315,316,105.2233153,20.77766895,residential,group_4
315,583,743.4122747,128.699164605,residential,group_4
315,582,162.8750212,30.542658555000003,residential,group_4
316,317,63.14414833,11.5199824785,residential,group_4
316,315,105.2233153,19.731692234999997,residential,group_4
316,2877,99.54082483,17.232458264999998,residential,group_4
317,318,58.17706399,10.6137904395,residential,group_4
317,316,63.14414833,13.3976382735,residential,group_4
318,317,58.17706399,12.343744905000001,residential,group_4
318,1467,172.1321564,47.74098024,residential,group_4
318,319,301.6228479,80.16968052,residential,group_4
319,313,402.0295151,87.77864296499999,residential,group_4
319,318,301.6228479,80.16968052,residential,group_4
320,1970,62.85449317,11.3016883425,residential,group_4
320,1969,81.00566427,14.023660454999998,residential,group_4
321,322,108.0570173,14.452977076500002,residential,group_4
321,3525,105.7299132,22.585574819999998,secondary,group_3
321,719,316.1447303,65.92555368,secondary,group_3
322,323,138.5064364,18.525685785,residential,group_4
322,321,108.0570173,17.08341891,residential,group_4
323,324,69.28621915,9.2672568795,residential,group_4
323,322,138.5064364,18.525685785,residential,group_4
324,325,134.5872342,18.001479765,residential,group_4
324,323,69.28621915,9.2672568795,residential,group_4
325,324,134.5872342,18.001479765,residential,group_4
325,3758,214.5787453,28.70060421,residential,group_4
326,327,38.54646525,8.6240674965,residential,group_4
326,830,125.8609461,24.852829095,residential,group_4
327,326,38.54646525,5.155714941,residential,group_4
327,833,257.4188369,44.56422147,residential,group_4
327,3564,217.4224993,61.056068805,residential,group_4
328,3562,12.07610987,2.5796472795,secondary,group_3
329,3828,24.74683376,2.7897718544999996,primary,group_2
330,784,82.63015771,11.052052008,residential,group_4
331,332,386.7382337,51.727495035000004,residential,group_4
331,419,91.69796762,17.74462425,primary,group_2
332,333,338.1333969,58.53748611,residential,group_4
332,331,386.7382337,66.83192358,residential,group_4
332,269,95.20363567,25.63465845,residential,group_4
332,734,94.7489781,12.6729836025,residential,group_4
333,2384,93.89072409,15.928807365,residential,group_4
333,332,338.1333969,92.21852067,residential,group_4
333,272,137.9356191,31.710720645000002,residential,group_4
334,3351,16.24589281,3.0689177354999995,primary,group_2
334,3348,147.4748368,31.502948025,secondary,group_3
335,2582,21.52157009,6.172033149000001,unclassified,group_4
335,336,410.3945371,77.52526058999999,primary,group_2
335,1492,175.4386315,42.313802235000004,unclassified,group_4
336,2671,18.73165842,5.325120228,residential,group_4
336,3974,149.8073203,28.644347865,primary,group_2
336,2252,173.4423671,36.854033265,residential,group_4
337,338,232.4605319,44.448297509999996,primary,group_2
338,3115,17.23228787,3.334648317,primary,group_2
338,3665,225.5429148,43.645179705000004,primary,group_2
339,247,182.1500764,24.363164415,residential,group_4
340,2821,122.2827992,16.355721615,residential,group_4
340,718,112.8158799,20.554668765000002,secondary,group_3
340,1455,72.98375247,11.977562005500001,secondary,group_3
341,342,177.355089,36.081752895,secondary,group_3
341,3097,98.48727097,16.573302435,tertiary,group_3
341,1587,202.4156881,41.18017071,secondary,group_3
342,343,200.9651827,40.885074720000006,secondary,group_3
342,341,177.355089,36.081752895,secondary,group_3
342,3143,96.16968976,17.277225854999998,secondary,group_3
343,342,200.9651827,40.885074720000006,secondary,group_3
343,344,185.447419,37.728085424999996,secondary,group_3
344,343,185.447419,37.728085424999996,secondary,group_3
344,345,166.972751,33.969532965,secondary,group_3
345,344,166.972751,33.969532965,secondary,group_3
345,3310,258.4128696,52.572437369999996,secondary,group_3
346,3580,32.54754199,6.6215882189999995,secondary,group_3
347,290,28.6661594,8.348109423,residential,group_4
347,353,53.07459182,11.277595007999999,residential,group_4
347,348,310.3689192,84.646363995,residential,group_4
348,349,93.59825814,26.933028735,residential,group_4
348,347,310.3689192,89.30908743,residential,group_4
348,1845,106.1839134,23.55219585,residential,group_4
349,350,93.99434034,27.37286943,residential,group_4
349,348,93.59825814,26.933028735,residential,group_4
349,1406,270.0707859,57.691373775,secondary,group_3
349,3571,249.9964283,52.131670650000004,secondary,group_3
350,351,278.0742808,80.980311735,residential,group_4
350,349,93.99434034,27.37286943,residential,group_4
350,1214,101.5222925,17.22352293,residential,group_4
350,2175,101.5132269,13.577723852999998,residential,group_4
351,352,84.11148097,23.231179545,residential,group_4
351,350,278.0742808,59.08682505,residential,group_4
352,351,84.11148097,17.872492005,residential,group_4
352,615,161.6914642,40.72232133,residential,group_4
352,1035,51.31427746,9.954749763,residential,group_4
353,347,53.07459182,15.456290955,residential,group_4
353,1266,80.03997036,17.00735397,residential,group_4
354,353,192.6369424,30.45519546,residential,group_4
355,2902,459.818375,32.80680024,trunk,group_2
356,357,75.79950095,10.138429477499999,residential,group_4
356,634,103.1118495,13.791544815000002,residential,group_4
356,2227,393.1976461,61.00609641,residential,group_4
358,2345,83.88611007,19.34072703,tertiary,group_3
358,359,140.7353266,24.36402999,residential,group_4
358,2372,17.14639374,4.1767066095,tertiary,group_3
359,358,140.7353266,31.215895769999996,residential,group_4
360,361,55.68993658,10.460372313,residential,group_4
360,1152,159.2527788,27.569762145,residential,group_4
361,360,55.68993658,11.8333185255,residential,group_4
361,1812,241.0204487,51.485764169999996,secondary,group_3
361,1811,153.4902554,31.226605905,secondary,group_3
362,1367,180.7400989,19.683235275,secondary,group_3
362,1165,183.7732711,23.336890965000002,secondary,group_3
363,364,150.2991108,20.1029943,residential,group_4
363,362,150.9527448,20.19041997,residential,group_4
364,363,150.2991108,20.1029943,residential,group_4
364,365,176.1144419,23.555878694999997,residential,group_4
365,1731,43.38749422,5.0339132835,tertiary,group_3
366,2912,176.1385612,29.882368425000003,residential,group_4
366,2170,236.0574588,43.06618842,residential,group_4
367,261,159.6442458,27.084064605000002,residential,group_4
367,307,81.68106442,14.140585394999999,residential,group_4
367,876,73.24280242,15.56305257,residential,group_4
367,2189,114.8070953,28.51637556,residential,group_4
368,3812,47.24023275,5.9989146075,secondary,group_3
370,369,93.64905316,16.212477675,residential,group_4
371,370,71.64258488,12.402728793000001,residential,group_4
372,373,72.57640711,12.5643916335,residential,group_4
372,371,75.32638205,13.040465932500002,residential,group_4
373,372,72.57640711,12.5643916335,residential,group_4
373,374,83.17173159,14.398648957499999,residential,group_4
374,373,83.17173159,14.398648957499999,residential,group_4
374,1727,70.22030128,8.1471150555,tertiary,group_3
374,3127,91.32628468,16.8330357,tertiary,group_3
375,120,72.76031672,8.44181328,tertiary,group_3
376,375,174.7894875,20.2794639,tertiary,group_3
377,376,79.08255272,9.175333119,tertiary,group_3
377,2267,146.5346063,15.958136295,secondary,group_3
377,2328,145.300907,14.2556595285,secondary,group_3
378,2294,81.83958353,16.544453805,tertiary,group_3
378,1967,105.4910462,22.383241155,tertiary,group_3
379,378,66.39270872,11.4938728335,residential,group_4
380,1813,137.3453527,28.231610865,residential,group_4
381,319,250.0753638,63.578703975,residential,group_4
382,383,175.9471573,30.459884685,residential,group_4
382,2550,106.6373657,16.858977194999998,residential,group_4
383,382,175.9471573,23.53350384,residential,group_4
384,3545,213.6494278,20.961421125,secondary,group_3
385,386,82.02599272,23.034344055,residential,group_4
385,2179,74.75120216,20.732300924999997,residential,group_4
386,385,82.02599272,22.749969434999997,residential,group_4
386,1625,145.7725927,40.93551255,residential,group_4
387,2678,17.22165304,2.5343828999999998,tertiary,group_3
387,988,340.6043137,62.77228563,primary,group_2
388,387,152.5820723,22.454371485000003,tertiary,group_3
389,388,77.4402629,11.3963089185,tertiary,group_3
390,389,106.7632509,15.711555494999999,tertiary,group_3
391,390,204.6320441,30.114179654999997,tertiary,group_3
392,391,177.3724131,26.102582010000003,tertiary,group_3
393,392,83.62841362,12.306973147499999,tertiary,group_3
394,479,79.07187067,13.688883065999999,residential,group_4
395,1895,162.5243765,18.85643853,tertiary,group_3
396,397,246.4074098,62.05820305500001,residential,group_4
396,1910,113.4348639,28.56879921,residential,group_4
396,439,297.9611096,79.1964108,residential,group_4
397,396,246.4074098,61.203937095,residential,group_4
397,1276,111.2166475,19.25377089,residential,group_4
397,1538,55.00639137,13.853470591499999,residential,group_4
398,3047,17.32788379,3.3531472395,primary,group_2
398,3951,33.93042458,6.5659321635,primary,group_2
399,400,112.4174278,14.4915303075,primary,group_2
399,3043,74.80941277,10.218012078000001,primary,group_2
400,401,80.88433193,10.4266551015,primary,group_2
400,399,112.4174278,15.354787485,primary,group_2
401,3982,12.53895252,1.6163740275,primary,group_2
401,400,80.88433193,11.0477685885,primary,group_2
402,403,81.82882494,12.688926109499999,primary,group_2
402,3985,106.5183232,14.549044998000001,primary,group_2
403,1190,114.3604434,15.296080799999999,residential,group_4
403,3811,60.02700862,10.8784059375,primary,group_2
403,402,81.82882494,11.176774293,primary,group_2
404,3947,15.67914514,2.3073834585,tertiary,group_3
404,3811,65.13101614,8.896066482,primary,group_2
405,3618,136.4924213,18.643124685,primary,group_2
405,406,53.13184496,9.628828606499999,primary,group_2
406,3163,47.67486293,8.639886009000001,primary,group_2
406,405,53.13184496,7.257132670499999,primary,group_2
407,100,22.96539863,3.189686298,primary,group_2
408,3991,130.882421,15.056214585,primary,group_2
409,3989,138.4798781,22.53700977,primary,group_2
410,2910,18.86219864,3.5631489525,primary,group_2
410,3512,34.47771669,5.6111013975,primary,group_2
411,694,219.172187,51.90629737500001,residential,group_4
411,2684,153.6656167,29.38208475,primary,group_2
411,3511,105.2186279,16.315905735,primary,group_2
412,2911,13.41126826,1.7030621655,secondary,group_3
412,3946,58.50802383,11.0524127025,primary,group_2
413,768,141.1524647,20.772360945,tertiary,group_3
413,2685,114.1872019,21.8334987,primary,group_2
413,3794,89.38351657,17.29675104,primary,group_2
414,3796,261.0832634,50.522650920000004,primary,group_2
414,3794,42.98488817,8.318076279,primary,group_2
415,2695,14.33489006,1.6631657294999997,tertiary,group_3
415,1249,137.2406459,15.92296404,tertiary,group_3
415,3793,72.0969335,13.9515959625,primary,group_2
416,3793,121.8189601,23.573386965,primary,group_2
416,417,79.12761836,15.312115334999998,primary,group_2
417,1623,109.5776722,18.681156015,unclassified,group_4
417,3795,97.1585995,18.8013201,primary,group_2
417,416,79.12761836,15.312115334999998,primary,group_2
418,64,13.3681861,1.760810007,unclassified,group_4
418,1613,182.7784085,24.074922975,unclassified,group_4
418,3576,88.75958327,17.17601268,primary,group_2
419,2863,88.9264658,17.20830639,primary,group_2
419,734,385.6478254,81.94467147,residential,group_4
420,4003,15.07657038,2.9174918864999997,primary,group_2
420,4002,8.75255583,1.4205199545,primary_link,group_2
421,2867,16.61413631,3.549041208,secondary,group_3
421,422,469.1379943,90.78366345,primary,group_2
422,2688,15.58320403,4.538113761,residential,group_4
422,423,317.242588,61.39013403,primary,group_2
422,4010,154.9466571,45.123297825,residential,group_4
423,2687,15.03408502,3.707379231,tertiary,group_3
423,1873,172.6118774,43.084883895000004,tertiary,group_3
423,424,258.7957844,50.07999711,primary,group_2
424,535,223.2994129,29.867021834999996,residential,group_4
424,3203,126.7188455,24.521571825,primary,group_2
425,3477,15.74862273,4.5862867094999995,residential,group_4
425,2122,239.1738087,67.993407645,residential,group_4
425,3474,152.2236906,29.457056280000003,primary,group_2
426,3568,10.71802728,2.074063056,primary,group_2
426,3645,180.4074147,37.620297179999994,secondary,group_3
427,3987,480.6588502,119.388512145,residential,group_4
427,428,168.4398646,32.59507473,primary,group_2
428,2716,13.31005446,3.8761310685000003,residential,group_4
428,3771,257.2792317,49.786526505,primary,group_2
428,2121,907.0692764,226.40953245,tertiary,group_3
429,3112,18.88591588,4.714029561,tertiary,group_3
429,2312,137.3572006,39.5247252,residential,group_4
429,430,112.3736011,24.0047712,secondary,group_3
430,867,134.5469301,39.18252459,residential,group_4
430,3112,115.3065445,24.044834715,secondary,group_3
430,431,97.57193977,19.850383994999998,secondary,group_3
431,868,135.0718588,38.39883642,residential,group_4
431,430,97.57193977,20.346643604999997,secondary,group_3
431,432,98.642526,20.068187895,secondary,group_3
432,433,408.4138822,83.089179255,secondary,group_3
432,431,98.642526,20.068187895,secondary,group_3
432,759,56.66832961,14.075570549999998,residential,group_4
432,861,111.8915927,27.792208065,residential,group_4
433,434,228.5875122,46.50466011,secondary,group_3
433,432,408.4138822,83.089179255,secondary,group_3
433,1420,58.72554013,12.274746408000002,residential,group_4
434,248,367.1184819,74.68789548,secondary,group_3
434,433,228.5875122,46.50466011,secondary,group_3
435,3664,64.61522372,16.128318945,tertiary,group_3
435,2668,102.1289159,24.877681259999996,tertiary,group_3
436,437,116.3238378,29.035076370000002,tertiary,group_3
436,3664,38.58451076,9.3988382385,tertiary,group_3
437,2105,232.7700018,62.675962455000004,residential,group_4
437,436,116.3238378,28.335435975000003,tertiary,group_3
437,438,106.122561,26.169639045000004,tertiary,group_3
438,437,106.122561,25.85049711,tertiary,group_3
438,439,50.55302496,12.466288074000001,tertiary,group_3
439,396,297.9611096,74.94964673999999,residential,group_4
439,3943,172.1863246,40.216982355,tertiary,group_3
439,438,50.55302496,12.31426017,tertiary,group_3
440,3942,11.51673977,2.8400080064999997,tertiary,group_3
441,2052,16.46608562,2.4446556074999997,residential,group_4
441,442,136.2253941,35.10597318,residential,group_4
441,2051,77.65227182,15.30932307,residential,group_4
442,2106,100.4129528,28.197726435,residential,group_4
442,441,136.2253941,23.541000945,residential,group_4
442,2467,190.0017249,30.038577224999997,residential,group_4
443,444,69.55649269,9.3034068435,residential,group_4
443,2817,387.5776903,51.839775075000006,residential,group_4
444,445,78.80906776,10.5409688145,residential,group_4
444,443,69.55649269,9.3034068435,residential,group_4
445,446,78.16674715,10.455056347500001,residential,group_4
445,444,78.80906776,10.5409688145,residential,group_4
446,447,77.85450389,10.413292797,residential,group_4
446,445,78.16674715,10.455056347500001,residential,group_4
447,448,75.57743135,10.108726947000001,residential,group_4
447,446,77.85450389,10.413292797,residential,group_4
448,447,75.57743135,10.108726947000001,residential,group_4
448,2060,151.3113276,20.238381585,residential,group_4
449,1055,233.8213841,39.668410485,residential,group_4
450,449,82.11051084,13.9302633135,residential,group_4
451,450,93.63129758,15.884794965000001,residential,group_4
452,451,308.9808411,39.60522489,residential,group_4
452,1907,251.8828668,33.17711685,unclassified,group_4
453,1668,90.55315497,21.8403909,unclassified,group_4
453,1587,113.6892087,14.350791435,unclassified,group_4
454,455,122.075112,21.13358289,residential,group_4
454,825,81.62957207,10.3659275955,secondary,group_3
454,1797,80.44547324,11.083748969999998,secondary,group_3
456,2416,94.74465616,17.28516114,residential,group_4
457,566,94.70706044,20.67822618,residential,group_4
458,3230,33.42341378,3.2792142675,secondary,group_3
459,1502,89.72123432,15.09816585,tertiary,group_3
459,3856,63.0809123,10.80487209,tertiary,group_3
460,768,187.2587568,32.418143189999995,residential,group_4
461,2246,158.5068123,39.37073556,residential,group_4
461,1836,101.1770702,13.532761797000001,residential,group_4
461,3196,131.2746009,32.313082605,residential,group_4
462,2797,40.35793418,5.1249493665,secondary,group_3
463,2801,135.2902544,17.819951924999998,unclassified,group_4
464,2277,133.4239625,13.090397173500001,secondary,group_3
465,466,73.29051388,12.688017442500001,residential,group_4
465,2022,56.14095912,11.7345201915,residential,group_4
465,1499,140.5566409,27.754679145000004,residential,group_4
465,1859,90.79376492,18.662839245,residential,group_4
466,467,72.60823767,12.569902125,residential,group_4
466,465,73.29051388,12.433927719,residential,group_4
466,1495,351.518009,47.016675570000004,residential,group_4
467,468,93.93096338,16.261281840000002,residential,group_4
467,466,72.60823767,12.3181777725,residential,group_4
468,469,89.58542877,15.508985039999999,residential,group_4
468,467,93.93096338,15.93563406,residential,group_4
469,470,73.80409304,14.317677537,residential,group_4
469,468,89.58542877,15.19840272,residential,group_4
470,471,72.32651217,14.281780826999999,residential,group_4
470,469,73.80409304,12.521057768999999,residential,group_4
470,670,248.8342181,33.282384975,residential,group_4
471,470,72.32651217,17.71408266,residential,group_4
471,472,77.10683805,15.225716384999998,residential,group_4
471,671,336.1280837,69.09179721000001,residential,group_4
472,1292,14.81340517,3.3559713495000003,tertiary,group_3
472,471,77.10683805,21.38563827,residential,group_4
472,1048,92.85445882,23.176988955,tertiary,group_3
473,474,35.60481238,4.7622593145,residential,group_4
474,475,76.01324211,10.1670180525,residential,group_4
474,473,35.60481238,6.1638874755,residential,group_4
475,474,76.01324211,13.1593748055,residential,group_4
475,309,192.8230951,25.790715329999998,residential,group_4
476,309,152.6397475,26.424917459999996,residential,group_4
476,1643,61.92994173,8.9701594695,secondary,group_3
476,2335,127.3842771,25.91551242,secondary,group_3
477,478,27.62788398,3.6953192280000002,residential,group_4
479,1688,82.29549471,17.201311829999998,residential,group_4
480,986,109.987954,13.9670849535,secondary,group_3
481,482,250.2256921,33.46849914,residential,group_4
481,1733,93.29100253,18.421483515000002,residential,group_4
481,1158,113.8561334,22.08760161,residential,group_4
482,483,227.3810992,62.013243270000004,residential,group_4
482,1386,88.19777785,17.86403823,residential,group_4
483,482,227.3810992,37.10381199,residential,group_4
483,3715,87.61148336,16.95384198,primary,group_2
484,1118,78.56113307,19.78577979,residential,group_4
484,1951,77.65920823,13.444323645,residential,group_4
485,2674,14.48823491,2.7592233239999997,secondary,group_3
486,3041,80.26591115,10.735826352,residential,group_4
487,486,47.09949083,6.2997098955,residential,group_4
488,1683,114.5968462,11.2432444905,secondary,group_3
488,705,114.3961682,14.52687264,secondary,group_3
489,490,113.0571393,14.891484957,unclassified,group_4
490,491,114.1798795,15.03936831,unclassified,group_4
491,1684,115.1516658,13.353856066499999,secondary,group_3
491,3550,98.58729012,12.51934422,secondary,group_3
492,3722,20.00759874,3.3483348045000003,primary,group_2
493,3146,12.37936703,1.655780553,residential,group_4
493,1679,112.1300891,19.411905465,residential,group_4
494,1681,111.8417069,14.202488227499998,secondary,group_3
494,701,114.7979997,21.20774067,secondary,group_3
494,3705,119.2654259,23.13698115,residential,group_4
495,496,81.88363356,22.994367105000002,residential,group_4
495,1767,370.7891106,62.90534418,residential,group_4
496,495,81.88363356,23.278248180000002,residential,group_4
496,225,101.1204712,29.097555990000004,residential,group_4
497,805,63.66978698,13.308187328999999,residential,group_4
498,499,112.3362185,15.025334145000002,residential,group_4
499,1139,245.2960603,38.780409254999995,residential,group_4
499,1982,85.32419942,11.4123888375,residential,group_4
500,498,148.5010734,19.862500949999998,residential,group_4
501,770,11.10834985,1.6681395239999999,tertiary,group_3
501,769,70.78169304,10.6292780895,tertiary,group_3
502,3841,9.099955318,1.5513898185,unclassified,group_4
502,1392,71.26540151,15.14288304,residential,group_4
503,3755,56.78738541,7.479832773,unclassified,group_4
504,3646,12.31312867,1.8878547525,secondary,group_3
504,3211,149.4617321,13.038246354,trunk_link,group_2
504,2697,59.06038262,10.910793586499999,secondary,group_3
505,2859,119.7246924,20.00230191,unclassified,group_4
505,506,91.37552758,19.099210095,residential,group_4
506,507,75.04155905,15.685102350000001,residential,group_4
506,505,91.37552758,15.502097684999999,residential,group_4
507,1333,363.1584795,47.833945455,unclassified,group_4
507,506,75.04155905,12.7309971195,residential,group_4
508,721,131.94132,33.229687515,residential,group_4
508,1118,87.71850054,18.33482241,residential,group_4
509,3650,68.96051013,6.7658046585000005,secondary,group_3
510,1421,77.11707136,9.7928968365,secondary,group_3
510,1685,89.05831078,13.427983362,secondary,group_3
511,2401,82.67039025,10.9497076725,"['residential', 'unclassified']",group_4
512,3864,55.81735131,13.2049308315,tertiary,group_3
512,2121,172.1422147,40.724362335,tertiary,group_3
513,512,120.4605134,20.854064385,residential,group_4
514,1920,143.2479933,19.15988442,residential,group_4
514,2600,307.1328948,64.196572545,residential,group_4
515,720,106.1388852,22.672937685,secondary,group_3
515,3848,87.54516443,18.255763530000003,secondary,group_3
516,517,114.5204237,15.317478675,residential,group_4
516,515,400.3392378,53.546673510000005,residential,group_4
517,516,114.5204237,15.317478675,residential,group_4
517,594,111.891877,14.738000748000001,unclassified,group_4
518,2171,271.1540373,56.676312180000004,residential,group_4
518,2193,83.47774098,15.679821239999999,residential,group_4
519,520,80.09418404,13.86586545,residential,group_4
519,1311,143.0445355,34.53829821,residential,group_4
519,1310,84.96432564,20.12200368,residential,group_4
520,521,76.93789587,13.319450406000001,residential,group_4
520,519,80.09418404,16.741196340000002,residential,group_4
521,520,76.93789587,16.081472535,residential,group_4
522,523,29.53277103,4.669022997,residential,group_4
523,1076,55.99843323,8.8531473165,residential,group_4
523,524,192.596054,25.760347845000002,residential,group_4
524,525,115.1241805,15.39823311,residential,group_4
524,523,192.596054,25.760347845000002,residential,group_4
525,526,96.20085613,12.8671770045,residential,group_4
525,524,115.1241805,15.39823311,residential,group_4
526,527,92.90316105,14.6876496975,residential,group_4
526,525,96.20085613,12.8671770045,residential,group_4
526,999,44.6579662,7.731164979,residential,group_4
527,526,92.90316105,16.0833492,residential,group_4
527,228,54.26906959,8.579741256,residential,group_4
528,228,97.60882515,16.559592945000002,residential,group_4
529,530,55.05728241,9.340612224000001,residential,group_4
530,531,92.7821365,17.99933658,residential,group_4
530,2691,142.7896891,36.79762521,residential,group_4
531,530,92.7821365,23.91042594,residential,group_4
531,730,85.41265351,17.593863555,secondary,group_3
531,2776,25.36254143,5.1598460355,secondary,group_3
532,786,72.67387025,15.442162589999999,residential,group_4
533,532,26.89655196,4.6563177465,residential,group_4
534,2217,107.3660363,12.103639159499998,primary,group_2
535,2000,92.73680774,12.403849279500001,residential,group_4
535,424,223.2994129,55.464254235,residential,group_4
536,535,33.52132443,5.8031950725,residential,group_4
537,553,128.2589806,22.204131165,residential,group_4
537,2253,104.2095556,29.263879380000002,residential,group_4
537,1211,95.88630648,24.377959515,residential,group_4
538,774,173.3009093,26.02457613,tertiary,group_3
538,773,76.95581733,8.928584562000001,tertiary,group_3
539,540,77.78595147,13.4662653705,residential,group_4
540,541,158.8284111,27.496295834999998,residential,group_4
541,1250,91.45782035,13.734209571000001,tertiary,group_3
542,3968,17.52802625,2.18126403,secondary,group_3
543,393,89.01197174,13.0992314535,tertiary,group_3
544,747,150.1486414,31.69228011,secondary,group_3
544,1408,454.3158725,97.04902634999999,secondary,group_3
544,748,146.9452759,30.268760295,secondary,group_3
545,546,129.2666141,17.28982953,residential,group_4
545,658,177.1606591,28.008451709999996,residential,group_4
546,998,88.20962733,11.798324193,residential,group_4
546,660,191.3388045,32.461129529999994,residential,group_4
547,1330,73.13938451,8.485793565,tertiary,group_3
548,1579,80.76860115,10.6385533605,unclassified,group_4
550,1256,86.26657374,25.122402585,residential,group_4
550,1025,74.38416798,21.14626632,residential,group_4
551,738,79.41822475,18.53319318,residential,group_4
551,552,126.9788362,16.98383181,residential,group_4
551,1230,111.7187532,16.586448224999998,residential,group_4
552,551,126.9788362,28.849416075,residential,group_4
553,537,128.2589806,30.375427095,residential,group_4
554,125,63.12037984,9.979101006,residential,group_4
555,2119,116.8295953,27.263584215,residential,group_4
556,2860,23.13052287,4.4921722934999995,residential,group_4
556,308,75.91127021,10.15337898,residential,group_4
556,2270,233.7290965,31.262025899999998,residential,group_4
557,558,135.6702622,18.146338275,residential,group_4
557,308,211.1178838,41.00114439,residential,group_4
558,559,216.9249297,45.34140504,residential,group_4
558,557,135.6702622,26.348483175000002,residential,group_4
558,2336,100.6473009,21.49984878,secondary,group_3
558,1643,74.17362309,15.090146865,secondary,group_3
559,560,24.96713917,4.2357405795,residential,group_4
559,558,216.9249297,62.42044971,residential,group_4
559,2352,160.2733256,27.746438700000002,residential,group_4
560,559,24.96713917,4.689636717,residential,group_4
561,928,70.36628791,10.0131661215,secondary,group_3
562,3451,47.11228184,5.982666453,secondary,group_3
562,1989,114.4715059,21.147424335,secondary,group_3
563,2793,99.14054357,20.085466755,secondary,group_3
563,2091,116.1739252,14.7526253805,secondary,group_3
564,565,114.1623757,15.037062765,unclassified,group_4
565,462,116.7910695,14.830994943,secondary,group_3
565,2827,30.60959976,3.003147342,secondary,group_3
566,1590,87.69253649,11.729161614,residential,group_4
566,457,94.70706044,16.395639375000002,residential,group_4
566,691,196.0221713,47.57103177,residential,group_4
567,1014,186.9359455,51.69551305499999,unclassified,group_4
567,853,78.0421931,16.559104215,tertiary,group_3
567,3169,263.0330322,63.28145217000001,tertiary,group_3
568,806,30.77246658,5.3273141655,residential,group_4
568,567,176.1995991,43.154497155,residential,group_4
569,568,87.77797669,21.802744365000002,residential,group_4
569,570,76.72802448,19.058100510000003,residential,group_4
570,569,76.72802448,13.283117574000002,residential,group_4
570,856,76.26159128,15.940112114999998,residential,group_4
571,860,85.08885712,18.080170515,residential,group_4
571,1721,72.84288361,16.7462208,residential,group_4
572,1227,100.4075545,24.59164236,residential,group_4
572,573,224.5372837,38.871783285,residential,group_4
573,2440,40.34897199,5.3968060725,residential,group_4
573,574,336.2726342,58.215351795000004,residential,group_4
573,572,224.5372837,54.993278175,residential,group_4
574,575,127.0492541,21.99470391,residential,group_4
574,573,336.2726342,82.359304485,residential,group_4
575,2758,86.33996042,14.947131161999998,residential,group_4
575,574,127.0492541,31.116680759999998,residential,group_4
576,1798,61.25699959,8.1933226815,residential,group_4
576,2758,197.1959054,48.296875695,residential,group_4
577,576,74.74440834,12.9397149315,residential,group_4
578,2429,102.2342328,29.0636082,residential,group_4
578,1135,96.8664082,27.873443460000004,residential,group_4
579,849,101.313521,18.67871568,residential,group_4
579,848,101.315307,29.153620245,residential,group_4
580,1967,44.62953002,8.5747962045,tertiary,group_3
580,2042,155.8002233,29.93433189,tertiary,group_3
581,580,38.90825618,7.548034839,residential,group_4
582,315,162.8750212,38.573504235,residential,group_4
582,667,83.2557944,15.612297585,residential,group_4
583,2318,132.161673,22.656860295,"['residential', 'unclassified']",group_4
583,2963,1454.687496,194.56917795,residential,group_4
583,315,743.4122747,99.43380663,residential,group_4
584,1478,89.46172848,17.35519167,residential,group_4
584,626,73.5835969,9.8420451135,residential,group_4
585,3827,121.1518506,13.657748148,primary,group_2
586,587,163.7078423,27.773464394999998,residential,group_4
586,766,59.50778459,10.192845624,tertiary,group_3
586,2817,75.22372648,13.844803776,tertiary,group_3
588,589,78.48465779,12.807045072,residential,group_4
588,2017,202.7479814,30.446639295,tertiary,group_3
589,590,78.63957352,12.832324059000001,residential,group_4
589,588,78.48465779,13.587225062999998,residential,group_4
590,591,78.59391238,12.824873121000001,residential,group_4
590,589,78.63957352,13.614043996500001,residential,group_4
591,1642,173.0118446,23.140896225,residential,group_4
591,590,78.59391238,13.606139163,residential,group_4
591,3179,186.4732458,30.42851088,residential,group_4
592,593,42.05740202,5.625314139,residential,group_4
592,2055,61.36773686,13.517155318499999,residential,group_4
592,2056,230.3487016,30.809887095,residential,group_4
593,592,42.05740202,8.181006858,residential,group_4
594,517,111.891877,14.738000748000001,unclassified,group_4
594,1413,99.95243593,13.368962988,residential,group_4
595,900,77.50936928,10.367129922,residential,group_4
596,506,70.53158274,9.433828305,residential,group_4
597,2075,61.45746887,7.648035452999999,secondary,group_3
598,3315,90.8073255,22.870008045,residential,group_4
599,1432,31.44852566,4.971896793,residential,group_4
600,601,245.0394039,47.53659348,residential,group_4
600,1532,71.76320987,9.5985624345,residential,group_4
600,1531,84.84052393,24.41297856,residential,group_4
601,1491,338.4020477,53.500125045000004,residential,group_4
601,600,245.0394039,42.421100159999995,residential,group_4
602,2174,89.4447368,11.963524098,residential,group_4
603,1670,366.5415415,92.314226385,residential,group_4
603,1994,72.71617746,16.710782835,unclassified,group_4
604,605,87.04024439,10.098602151,tertiary,group_3
605,604,87.04024439,10.098602151,tertiary,group_3
605,2806,128.0756563,14.859621627000001,tertiary,group_3
606,607,83.61943364,9.701712102,tertiary,group_3
607,2438,295.6902226,44.403764159999994,tertiary,group_3
608,1322,113.4660612,19.344061125,unclassified,group_4
609,612,13.00285898,3.3959819445,residential,group_4
609,610,136.9773322,26.57301501,residential,group_4
609,1337,86.0751179,11.512826624999999,residential,group_4
610,611,112.3080186,24.875707170000002,residential,group_4
610,609,136.9773322,35.77463598,residential,group_4
610,826,182.8045535,44.363355255,residential,group_4
611,610,112.3080186,28.552985624999998,residential,group_4
611,171,158.577318,32.05753254,tertiary,group_3
611,827,256.5279175,54.001874324999996,tertiary,group_3
612,609,13.00285898,2.142663141,residential,group_4
612,250,387.4787666,101.19858231,residential,group_4
612,1338,93.09237162,16.08721797,residential,group_4
613,614,66.21519036,18.28831164,residential,group_4
614,613,66.21519036,19.053512955000002,residential,group_4
614,2688,199.5850642,58.122817635000004,residential,group_4
614,764,48.65150198,11.353410223500001,residential,group_4
615,1092,88.66924493,18.840951945,residential,group_4
615,616,82.66985271,14.311763934,residential,group_4
615,352,161.6914642,25.56282864,residential,group_4
616,617,97.55168909,16.88810007,residential,group_4
616,615,82.66985271,14.025157128,residential,group_4
617,618,135.0399791,26.665344794999996,residential,group_4
617,616,97.55168909,16.54989966,residential,group_4
617,779,104.3423099,25.555335749999998,residential,group_4
618,617,135.0399791,32.60558715,residential,group_4
618,1096,87.94515784,24.290022345000004,residential,group_4
618,3865,60.67364748,16.547416095000003,residential,group_4
619,620,74.70566977,9.992126004000001,residential,group_4
620,619,74.70566977,9.992126004000001,residential,group_4
620,1629,90.44263116,12.0969957105,residential,group_4
621,3056,104.7572569,18.1355244,residential,group_4
622,1818,80.39611987,14.334864826499999,tertiary,group_3
622,2019,77.76248379,15.50731575,tertiary,group_3
623,1821,79.6728242,13.792919842500002,residential,group_4
623,622,318.8791736,50.41363011,residential,group_4
624,1901,160.362604,37.063905195000004,residential,group_4
624,625,91.47542561,15.519045645000002,residential,group_4
624,1614,196.0179148,45.063554865,residential,group_4
625,2068,71.52747907,12.1348242435,residential,group_4
625,626,89.70693958,15.219017355000002,residential,group_4
625,624,91.47542561,16.688724585000003,residential,group_4
626,625,89.70693958,16.366083,residential,group_4
626,584,73.5835969,14.274902231999999,residential,group_4
626,1477,31.84358277,5.4023472555000005,residential,group_4
627,3981,7.21093025,1.046190315,primary,group_2
628,629,90.68620038,12.129573883499999,residential,group_4
628,1703,360.5502713,65.691030435,secondary,group_3
628,3138,74.74495887,7.3333243905,secondary,group_3
629,630,79.63130944,10.650946311,residential,group_4
629,628,90.68620038,12.129573883499999,residential,group_4
630,631,80.88742197,10.8189554415,residential,group_4
630,629,79.63130944,10.650946311,residential,group_4
631,632,74.95141813,10.024995646499999,residential,group_4
631,630,80.88742197,10.8189554415,residential,group_4
632,631,74.95141813,10.024995646499999,residential,group_4
632,1466,179.0161013,30.991178745,residential,group_4
633,634,99.17220131,13.2646040745,residential,group_4
634,1435,87.71383393,11.732010215999999,residential,group_4
634,356,103.1118495,15.998191980000001,residential,group_4
635,1742,244.6303103,24.000995505000002,secondary,group_3
635,2275,140.825221,13.8165442035,secondary,group_3
636,637,82.60984863,11.049335602500001,residential,group_4
637,638,82.02488116,10.9710943035,residential,group_4
638,639,83.80435352,11.2091045115,residential,group_4
638,1326,331.0496907,77.25440718,residential,group_4
639,638,83.80435352,19.556748825,residential,group_4
639,1290,89.80758232,12.0120558645,residential,group_4
639,919,43.47012153,5.814269961,residential,group_4
640,948,152.7792931,17.223188055,primary,group_2
641,684,95.03188103,13.787601602999999,primary,group_2
642,3276,444.7278981,46.02138843,trunk,group_2
643,3158,14.35481348,2.1768271995,trunk,group_2
643,3278,38.59142902,6.704094399000001,secondary,group_3
644,2895,22.54663882,2.8631391735,secondary,group_3
644,645,44.42901576,6.737411817,trunk,group_2
644,3290,41.13284108,4.03559613,secondary,group_3
645,3294,461.9238455,69.19392237,trunk,group_2
646,3132,24.30906531,4.920793734,tertiary,group_3
646,2528,98.0542383,14.688043104000002,trunk,group_2
646,3295,30.2864339,3.5138992154999995,tertiary,group_3
647,3293,11.62131182,1.669176915,trunk,group_2
647,3275,57.37419258,10.307477187,secondary,group_3
648,2946,23.56192153,4.973278548,secondary,group_3
648,3284,535.8658683,76.96677885,trunk,group_2
648,1693,56.67009851,11.8173964755,secondary,group_3
649,2820,20.70377903,3.1035110684999996,tertiary,group_3
649,2944,113.5404597,12.4493177535,trunk,group_2
650,87,20.50278233,3.4169068305000003,secondary,group_3
650,3190,57.74716162,4.1201041515000005,trunk,group_2
651,2851,22.0086194,2.1592940565,secondary,group_3
651,3248,72.67623121,5.1852529800000005,trunk,group_2
652,4013,28.60034502,2.040557439,trunk,group_2
653,1353,253.9504787,37.703038605,residential,group_4
654,655,60.83399042,9.0317856525,residential,group_4
654,2181,111.4623181,14.287261824000002,residential,group_4
654,2375,264.2831636,48.215669925,residential,group_4
655,2751,46.53735304,6.9092195745,residential,group_4
655,654,60.83399042,10.512673029,residential,group_4
656,657,45.36889188,7.8542400795,residential,group_4
657,1868,82.21764538,19.471510545,residential,group_4
657,295,82.58697561,18.98633964,residential,group_4
658,659,37.43988247,5.9191083735,residential,group_4
659,658,37.43988247,6.351774162,residential,group_4
659,296,82.65547556,13.067528133,residential,group_4
660,659,28.25297057,4.7931904875,residential,group_4
661,2144,83.69696004,23.213413455,residential,group_4
661,232,113.1062132,21.9421203,residential,group_4
662,661,54.71845737,9.4728322245,residential,group_4
663,210,39.38931387,6.682500309,residential,group_4
664,1281,47.80803514,13.425338649,residential,group_4
664,1282,90.70065236,17.595537585,residential,group_4
665,666,40.15935063,5.3714436,residential,group_4
666,2032,245.7627443,32.87156538,residential,group_4
667,582,83.2557944,19.71737418,residential,group_4
667,2294,163.4549075,34.68111903,residential,group_4
668,3252,23.31324448,3.118222179,residential,group_4
669,469,181.8494569,28.749733485,residential,group_4
670,470,248.8342181,43.078056525,residential,group_4
671,1494,43.07391072,8.853928158,residential,group_4
671,670,72.62917734,12.573527188500002,residential,group_4
671,471,336.1280837,53.14061967,residential,group_4
672,2072,96.69311475,20.210686185,residential,group_4
673,3417,14.89646708,3.751705275,residential,group_4
673,1519,103.0334025,19.93816287,primary,group_2
674,3417,165.6354778,48.23607774,residential,group_4
674,2241,392.0334405,66.50950041,residential,group_4
674,1533,89.92106078,25.87491009,residential,group_4
674,675,384.4784192,81.6961893,residential,group_4
675,2241,82.21255418,13.547313693000001,residential,group_4
675,674,384.4784192,92.832838725,residential,group_4
676,1831,113.7808308,11.1631841745,secondary,group_3
676,1711,109.9402432,10.786379161500001,secondary,group_3
677,1832,199.8761656,28.442501505000003,secondary,group_3
678,1423,83.57101587,24.04767585,residential,group_4
678,679,45.26131937,6.0538484925,residential,group_4
679,678,45.26131937,7.8356171805,residential,group_4
680,681,84.57928541,17.38544061,residential,group_4
680,871,62.10259732,15.68791431,tertiary,group_3
680,3802,364.5988803,79.652165235,tertiary,group_3
681,682,81.58155248,16.769250630000002,residential,group_4
681,680,84.57928541,21.301463595,residential,group_4
682,681,81.58155248,20.54647851,residential,group_4
682,683,84.13661429,17.294448674999998,residential,group_4
682,1936,53.45836184,7.1502295485000005,residential,group_4
683,682,84.13661429,21.189975975,residential,group_4
683,3685,38.21289726,7.9685225415,secondary,group_3
683,1059,127.0004747,26.160398145000002,secondary,group_3
684,3976,192.3618151,27.90861384,primary,group_2
685,1838,231.6931298,30.989708729999997,residential,group_4
686,687,77.87366188,12.311540893499998,residential,group_4
686,237,254.783101,43.224620685,residential,group_4
686,125,79.46011636,10.6280486805,residential,group_4
687,239,327.2192072,51.732158909999995,residential,group_4
687,686,77.87366188,10.415855239499999,residential,group_4
688,242,77.38828565,13.397421661500001,residential,group_4
689,3647,72.38872477,15.61472127,residential,group_4
690,689,161.5746084,27.411555675,residential,group_4
691,566,196.0221713,41.65192014,residential,group_4
691,3619,116.9355176,19.301661345,secondary,group_3
691,3679,78.8167708,14.698534969499999,secondary,group_3
692,693,167.9655599,48.91464021,residential,group_4
692,1867,171.7530714,29.733806610000002,residential,group_4
693,2998,13.67288018,3.443542446,residential,group_4
693,692,167.9655599,29.07811449,residential,group_4
693,3281,304.9056369,57.597962009999996,primary,group_2
694,411,219.172187,63.06710112,residential,group_4
695,696,101.4596078,17.564637015,residential,group_4
696,1018,106.3386838,18.409300245,residential,group_4
697,727,86.91754346,18.468740325,residential,group_4
697,698,104.1804099,18.03566094,residential,group_4
697,2394,87.70285147,11.7305412765,residential,group_4
698,697,104.1804099,18.03566094,residential,group_4
699,2135,100.4125911,12.495780756000002,secondary,group_3
700,1621,79.85183733,16.69054131,residential,group_4
701,494,114.7979997,17.30894754,secondary,group_3
701,1835,114.7501487,21.198900705,secondary,group_3
702,701,113.3531031,13.1514783615,tertiary,group_3
703,704,115.5237933,13.403326651499999,tertiary,group_3
703,702,113.3738021,13.1538799095,tertiary,group_3
704,703,115.5237933,13.403326651499999,tertiary,group_3
704,705,113.5574102,13.175182527,tertiary,group_3
705,706,115.0439418,17.276134515,tertiary,group_3
705,704,113.5574102,15.573065745000001,tertiary,group_3
705,488,114.3961682,14.2359580755,secondary,group_3
705,1831,114.7185716,11.255187129,secondary,group_3
706,705,115.0439418,19.35943623,tertiary,group_3
706,707,112.0669104,16.82907408,tertiary,group_3
707,706,112.0669104,18.85846548,tertiary,group_3
707,3548,104.9076311,15.753965984999999,tertiary,group_3
708,2956,13.30442728,2.108063862,secondary_link,group_3
708,2955,26.66999388,2.6166275235,secondary,group_3
709,2957,149.6711499,18.625730625000003,secondary,group_3
709,710,212.6349405,20.86188846,secondary,group_3
710,711,148.0893451,14.5292367915,secondary,group_3
710,2107,98.45488241,17.687768820000002,secondary,group_3
710,2275,97.61740368,12.1479354405,secondary,group_3
710,709,212.6349405,26.461219335,secondary,group_3
711,1689,330.6091708,57.234895815,residential,group_4
711,712,101.5601604,9.964198428,secondary,group_3
711,710,148.0893451,26.60477607,secondary,group_3
712,713,109.900539,10.782483738,secondary,group_3
712,711,101.5601604,18.24564303,secondary,group_3
713,712,109.900539,19.74402162,secondary,group_3
713,714,92.94535554,9.118988800499999,secondary,group_3
714,1605,105.7197969,12.2658452535,tertiary,group_3
714,1724,128.4635817,20.930869424999997,tertiary,group_3
714,713,92.94535554,16.69796277,secondary,group_3
714,715,232.8600391,22.846198995,secondary,group_3
715,714,232.8600391,41.834131905,secondary,group_3
715,3287,197.2459114,19.352050965,secondary,group_3
716,3280,11.53496732,2.405382834,secondary,group_3
716,717,134.5916489,28.750896165,secondary,group_3
717,1451,160.2712744,27.746083605000003,residential,group_4
717,288,121.3246772,25.359147704999998,residential,group_4
717,718,408.2921154,87.2176269,secondary,group_3
717,716,134.5916489,28.066351020000003,secondary,group_3
718,719,211.988589,45.284101650000004,secondary,group_3
718,717,408.2921154,85.14101672999999,secondary,group_3
718,3819,295.8432623,37.56836841,secondary,group_3
718,340,112.8158799,18.514520715,secondary,group_3
719,321,316.1447303,67.53349401,secondary,group_3
719,778,87.55338856,10.158138275999999,tertiary,group_3
719,718,211.988589,44.20590876,secondary,group_3
720,515,106.1388852,22.133105835000002,secondary,group_3
720,721,479.1626858,102.35669701500001,secondary,group_3
720,2011,166.8775732,19.361506065,tertiary,group_3
721,1464,187.0428586,25.017589920000002,residential,group_4
721,508,131.94132,27.578226450000003,residential,group_4
721,720,479.1626858,99.91963281000001,secondary,group_3
721,3215,182.708981,39.029516205,secondary,group_3
722,3692,15.60356579,2.423905542,trunk,group_2
722,3929,41.16083543,8.5832550915,secondary,group_3
723,1197,249.1027862,52.57879926,secondary,group_3
723,3690,112.1314407,23.097576135,secondary,group_3
723,795,87.3912678,16.953531165,residential,group_4
724,3648,10.04118649,1.738325229,residential,group_4
724,3693,132.2165482,27.234839505,secondary,group_3
725,3647,8.920936208,2.2467557730000003,residential,group_4
725,4021,40.64306343,7.579522519500001,secondary,group_3
726,3619,82.35343241,14.659991932499999,secondary,group_3
726,4021,72.11961625,13.449583009500001,secondary,group_3
727,697,86.91754346,15.047122049999999,residential,group_4
727,728,294.0051766,43.64980362,residential,group_4
727,2194,87.97881612,25.3160265,residential,group_4
728,727,294.0051766,49.878748574999996,residential,group_4
728,2394,211.8339977,28.333485314999997,residential,group_4
728,229,55.8145704,12.831495312,residential,group_4
729,2111,167.2486835,28.37417739,residential,group_4
729,730,87.23578447,24.49734537,residential,group_4
729,800,212.836301,51.651516615000006,residential,group_4
730,729,87.23578447,23.18678781,residential,group_4
730,2338,272.6396627,56.1601218,secondary,group_3
730,531,85.41265351,17.376655365,secondary,group_3
731,4048,42.53787153,12.387805468500002,residential,group_4
731,842,199.3993362,49.527830519999995,residential,group_4
731,4066,46.2790506,7.3165484984999996,residential,group_4
732,733,41.49500202,12.084102813000001,residential,group_4
732,4048,49.26137174,8.528104263,residential,group_4
732,1390,312.5810349,41.808728805,residential,group_4
733,734,87.61247067,18.562028835,residential,group_4
733,732,41.49500202,7.183594188000001,residential,group_4
733,2109,331.4970277,96.53799176999999,residential,group_4
733,2863,371.6167273,108.22158142499998,residential,group_4
734,332,94.7489781,21.16895181,residential,group_4
734,733,87.61247067,11.71845255,residential,group_4
734,2384,338.6944443,45.301482135,residential,group_4
734,419,385.6478254,51.581649375,residential,group_4
735,269,115.2235273,24.08389221,residential,group_4
736,2182,269.8198303,75.77016258,residential,group_4
736,737,79.08952017,22.758119235,residential,group_4
736,738,240.097663,58.804299015,residential,group_4
737,4066,223.9013934,46.799617665,residential,group_4
737,736,79.08952017,22.209730829999998,residential,group_4
737,840,104.2405139,26.253183645,residential,group_4
737,1390,75.71377934,22.049236035,residential,group_4
738,551,79.41822475,10.6224455415,residential,group_4
738,736,240.097663,69.08843589,residential,group_4
738,1229,39.88007501,9.7673581095,residential,group_4
739,3640,159.7465667,28.43698569,secondary,group_3
739,3679,27.22119619,4.9546950585000005,secondary,group_3
739,3678,46.94133137,9.9743644965,residential,group_4
740,741,152.9128094,28.905564974999997,secondary,group_3
740,160,264.468963,53.80451064,secondary,group_3
740,1983,114.6953072,25.026059865,tertiary,group_3
741,206,58.60271587,7.8383036115,residential,group_4
741,740,152.9128094,32.27572053,secondary,group_3
741,742,82.94128926,15.678639584999999,secondary,group_3
742,1787,248.4707906,39.282322484999995,residential,group_4
742,741,82.94128926,17.506642395,secondary,group_3
742,743,107.9125218,21.313780785,secondary,group_3
743,742,107.9125218,22.777388039999998,secondary,group_3
743,744,97.3647341,19.230489315,secondary,group_3
744,743,97.3647341,20.55103794,secondary,group_3
744,745,343.5223871,66.97544575500001,secondary,group_3
745,1853,91.10335643,12.1853698605,residential,group_4
745,744,343.5223871,71.6346072,secondary,group_3
745,746,163.3659982,31.85093886,secondary,group_3
746,2355,341.3482856,79.65770753999999,residential,group_4
746,745,163.3659982,34.066656345,secondary,group_3
746,747,99.18035037,20.42982486,secondary,group_3
747,1736,52.17542437,15.013550805,residential,group_4
747,746,99.18035037,20.934264974999998,secondary,group_3
747,544,150.1486414,30.928610714999998,secondary,group_3
748,2155,95.07329115,26.368647255000003,residential,group_4
748,749,267.9543408,55.87642806,secondary,group_3
748,544,146.9452759,31.389825495000004,secondary,group_3
749,137,210.3361438,56.635391805,residential,group_4
749,3350,144.2627243,30.083057115,secondary,group_3
749,748,267.9543408,57.239267775,secondary,group_3
750,2362,200.6387932,19.684930965,secondary,group_3
750,2459,141.1020384,13.843703109,secondary,group_3
751,1662,146.4885167,23.461142475,secondary,group_3
752,2593,415.5236684,109.323441825,residential,group_4
752,1409,318.2826205,84.597755715,residential,group_4
753,3021,16.58172739,3.2742709305,residential,group_4
753,2594,17.65644034,4.69298394,residential,group_4
754,3041,274.524835,63.978468495,residential,group_4
754,3590,858.906819,238.2184383,residential,group_4
755,1935,85.80235125,9.954979044,tertiary,group_3
756,2031,76.93014571,11.552590467,tertiary,group_3
757,1172,209.8288558,28.065291074999998,residential,group_4
758,1173,136.1323383,21.522024375,residential,group_4
759,760,305.7468571,40.894635315,residential,group_4
759,809,114.5005592,28.44023655,residential,group_4
759,432,56.66832961,14.603715208499999,residential,group_4
760,759,305.7468571,40.894635315,residential,group_4
761,1164,211.9827378,27.921613545,unclassified,group_4
762,763,77.50882346,10.3670569155,residential,group_4
762,1934,81.33859103,10.87930077,residential,group_4
763,762,77.50882346,10.3670569155,residential,group_4
764,1648,245.5346633,42.50683923,residential,group_4
764,2300,68.09075133,13.209313747500001,residential,group_4
764,614,48.65150198,14.168206366499998,residential,group_4
765,1385,80.71102774,13.692837339,residential,group_4
766,446,431.7658895,68.260606695,residential,group_4
766,887,78.94629455,11.855355288,tertiary,group_3
766,586,59.50778459,11.5488354375,tertiary,group_3
767,1641,249.7459221,33.40432836,residential,group_4
767,1414,305.763212,51.8735301,residential,group_4
768,769,78.28191938,11.755586152500001,tertiary,group_3
768,413,141.1524647,26.016874395000002,tertiary,group_3
768,1619,154.0691677,26.138237999999998,residential,group_4
769,501,70.78169304,10.6292780895,tertiary,group_3
769,768,78.28191938,11.755586152500001,tertiary,group_3
770,771,78.72133339,11.8215729,tertiary,group_3
770,501,11.10834985,1.288815381,tertiary,group_3
771,770,78.72133339,9.1334236515,tertiary,group_3
771,772,88.70005827,13.320076780499999,tertiary,group_3
772,1085,61.34064765,8.2045108815,residential,group_4
772,773,79.74661627,11.975539503,tertiary,group_3
772,771,88.70005827,10.291177437,tertiary,group_3
773,538,76.95581733,11.5564455705,tertiary,group_3
773,772,79.74661627,9.2523792435,tertiary,group_3
774,895,82.82254315,12.698391762,secondary,group_3
774,2332,170.4879897,21.216268965,secondary,group_3
774,538,173.3009093,20.10675576,tertiary,group_3
774,775,199.6502781,29.98145757,tertiary,group_3
775,776,80.52969693,12.0931346295,tertiary,group_3
775,774,199.6502781,23.16386796,tertiary,group_3
776,777,301.8140438,45.323377635,tertiary,group_3
776,775,80.52969693,9.343233999,tertiary,group_3
777,1578,80.33984809,10.582079529000001,unclassified,group_4
777,778,227.7429586,34.200131925,tertiary,group_3
777,776,301.8140438,35.017134585,tertiary,group_3
778,2496,79.12146495,10.582752954,residential,group_4
778,719,87.55338856,13.1478815325,tertiary,group_3
778,777,227.7429586,26.423243040000003,tertiary,group_3
779,617,104.3423099,18.063688980000002,residential,group_4
780,500,82.54048182,11.040057567,residential,group_4
781,1132,83.24245084,9.9637696425,secondary,group_3
781,2096,55.61977061,6.921566821500001,secondary,group_3
782,1133,84.51555989,9.8056826565,tertiary,group_3
783,2149,78.21366266,9.0745225665,tertiary,group_3
784,2353,168.9522575,22.597913265,residential,group_4
785,1628,111.0506339,14.853383023500001,residential,group_4
785,1627,135.9605692,18.185167785,residential,group_4
786,245,78.72643891,16.728247245,residential,group_4
787,795,189.8920505,37.496577195,residential,group_4
787,3855,29.57632026,5.7376792905,residential,group_4
788,1580,73.72415995,14.557763986500001,residential,group_4
788,789,64.51139391,11.148162172500001,residential,group_4
789,788,64.51139391,12.738587289000002,residential,group_4
790,2266,85.77587586,18.226152210000002,residential,group_4
791,865,85.28982773,14.540485716,unclassified,group_4
791,864,70.23166343,15.473772915,unclassified,group_4
792,1840,77.63593261,16.493800665000002,tertiary,group_3
792,2008,78.20429134,13.3952939805,tertiary,group_3
792,793,79.54756126,21.419082885,residential,group_4
793,792,79.54756126,21.69486507,residential,group_4
794,3855,38.14702597,7.532610763499999,residential,group_4
795,787,189.8920505,36.83824344,residential,group_4
795,723,87.3912678,17.25650658,residential,group_4
796,2949,14.56976621,1.6904165805,tertiary,group_3
797,3090,339.3722087,24.213291299999998,trunk,group_2
798,306,157.6276692,18.288311685,tertiary,group_3
798,219,55.26487997,8.8382372745,tertiary,group_3
799,3860,67.95408942,12.3810034605,secondary,group_3
799,3165,58.09619941,10.5849295035,secondary,group_3
800,801,111.7821488,27.12750357,residential,group_4
800,729,212.836301,54.84899145,residential,group_4
800,2483,110.6237269,14.796282824999999,residential,group_4
801,800,111.7821488,28.806825224999997,residential,group_4
801,802,179.2774386,43.507388325,residential,group_4
802,801,179.2774386,46.20070284,residential,group_4
802,1472,31.42576416,4.2032980395,residential,group_4
802,1014,182.6342214,45.98022774,"['residential', 'unclassified']",group_4
803,804,84.11723243,14.562333594,residential,group_4
804,803,84.11723243,11.250953082,residential,group_4
804,4042,44.70105591,11.103077689500001,residential,group_4
805,2446,58.69840701,7.8511026135,residential,group_4
805,1983,67.12526086,14.030446596,residential,group_4
806,568,30.77246658,6.3253418085,residential,group_4
807,959,73.63741061,17.779853234999997,residential,group_4
807,1075,199.764925,53.78897127,residential,group_4
808,807,44.08574768,9.061913259,residential,group_4
809,2452,140.9492109,29.949700274999998,residential,group_4
809,810,92.7371589,15.733102005,residential,group_4
809,759,114.5005592,29.50737333,residential,group_4
810,987,143.9709925,19.25658792,residential,group_4
810,811,90.72068717,15.391002285,residential,group_4
810,809,92.7371589,20.569629225,residential,group_4
811,812,90.57978494,15.36709785,residential,group_4
811,810,90.72068717,20.122364325,residential,group_4
812,813,91.83916781,15.580755465,residential,group_4
812,811,90.57978494,20.09111142,residential,group_4
813,2169,169.2385654,22.636207875,residential,group_4
813,812,91.83916781,20.3704497,residential,group_4
813,814,156.3854703,26.531204805,residential,group_4
814,305,98.10840427,16.64434785,residential,group_4
814,813,156.3854703,34.68718665,residential,group_4
815,1591,114.808279,15.364080225,secondary,group_3
815,1682,113.6514323,17.714112405,secondary,group_3
816,1183,116.4955966,15.34438635,unclassified,group_4
817,2093,106.7033326,18.47242806,residential,group_4
817,818,81.30247602,13.793178089999998,residential,group_4
818,817,81.30247602,14.075044359,residential,group_4
819,3362,87.14670136,8.550075354,secondary,group_3
819,1598,114.4314242,13.270331411999999,secondary,group_3
820,1797,92.25208195,11.7148525695,secondary,group_3
820,1329,83.9417272,13.9893725865,secondary,group_3
821,822,156.4202856,26.53711131,residential,group_4
821,3683,45.94993671,11.1895684125,residential,group_4
822,823,228.2662626,39.51734226,residential,group_4
822,821,156.4202856,39.356268375,residential,group_4
823,824,82.02276425,14.1997402995,residential,group_4
823,822,228.2662626,46.600616415,residential,group_4
823,1282,146.1298255,30.54389193,residential,group_4
824,823,82.02276425,17.692846575,residential,group_4
824,2241,144.0092356,28.436437455000004,residential,group_4
825,2412,81.49436138,10.348757541,secondary,group_3
825,454,81.62957207,13.604038608,secondary,group_3
826,610,182.8045535,43.23666687,residential,group_4
826,1298,136.9914339,33.24534063,residential,group_4
827,611,256.5279175,54.430460625,tertiary,group_3
827,1300,141.2109354,29.72641443,tertiary,group_3
828,2287,90.65370096,11.2813419045,secondary,group_3
829,3118,328.3612922,35.759704725000006,secondary,group_3
830,326,125.8609461,28.159087665,residential,group_4
830,995,81.46277734,22.49962056,residential,group_4
830,831,91.43017875,21.336326399999997,residential,group_4
831,1577,112.2492452,16.66520829,residential,group_4
831,832,236.8687946,55.27616796,residential,group_4
831,830,91.43017875,23.42114055,residential,group_4
832,3400,41.02500686,9.869946705,tertiary,group_3
832,3922,14.54756286,3.6311525385000003,tertiary,group_3
832,831,236.8687946,37.448089395,residential,group_4
833,326,219.5219849,43.34738094,residential,group_4
833,327,257.4188369,70.20538210500001,residential,group_4
833,4069,94.13830878,23.38255629,residential,group_4
834,4016,323.0491158,33.93742188,primary,group_2
835,951,147.266903,16.60176267,primary,group_2
836,1440,75.75207127,7.1224612605,secondary,group_3
836,1441,260.7275855,33.109119705,secondary,group_3
837,322,133.0263036,21.030971655000002,residential,group_4
838,1030,153.6191091,17.823229665,tertiary,group_3
839,1794,76.60914971,10.24672263,residential,group_4
840,841,77.35038131,10.345864764,residential,group_4
840,1391,284.4385292,71.63641716,residential,group_4
840,737,104.2405139,30.356742405000002,residential,group_4
841,842,338.7048977,45.302880315,residential,group_4
841,840,77.35038131,10.345864764,residential,group_4
841,2455,310.2966808,41.50318902,residential,group_4
842,1758,81.88423731,20.33882712,residential,group_4
842,731,199.3993362,58.068730245000005,residential,group_4
843,844,227.3503899,51.65369436,residential,group_4
843,1159,82.1976681,14.230019569499998,residential,group_4
844,843,227.3503899,39.358786845,residential,group_4
844,1280,169.3305199,32.377338480000006,primary,group_2
845,3857,12.06810307,1.3604671455,primary,group_2
846,847,99.82188626,18.40370973,residential,group_4
846,862,64.41270694,18.53484585,residential,group_4
847,848,100.1420179,18.46273095,residential,group_4
847,846,99.82188626,28.377815444999996,residential,group_4
848,579,101.315307,18.679044945,residential,group_4
848,847,100.1420179,28.816004685000003,residential,group_4
849,579,101.313521,25.164772335000002,residential,group_4
849,850,96.86017131,16.738328415,residential,group_4
849,2430,53.71336403,10.089108024,residential,group_4
850,851,103.8312554,20.502789195,residential,group_4
850,849,96.86017131,27.535845780000002,residential,group_4
851,852,106.0669056,23.52624285,residential,group_4
851,850,103.8312554,29.517616965000002,residential,group_4
852,2404,257.141354,56.70867640499999,tertiary,group_3
852,1278,191.5201222,38.71715469,tertiary,group_3
852,851,106.0669056,19.92279738,residential,group_4
853,854,84.23559302,14.290789074,residential,group_4
853,567,78.0421931,17.99335734,tertiary,group_3
853,1038,388.4900193,82.43036823,tertiary,group_3
854,853,84.23559302,13.317338920500001,residential,group_4
854,855,78.23369991,13.2725521815,residential,group_4
855,920,75.70319706,12.843245741999999,residential,group_4
855,854,78.23369991,12.3684615885,residential,group_4
856,857,91.57956723,15.536713545000001,residential,group_4
856,855,172.0154998,29.779238085,residential,group_4
857,858,82.95248752,14.073106864500001,residential,group_4
857,856,91.57956723,15.85420929,residential,group_4
857,923,81.35576347,13.802218446,residential,group_4
858,859,81.63946114,13.8503484975,residential,group_4
858,857,82.95248752,11.0951646675,residential,group_4
859,858,81.63946114,10.919543124,residential,group_4
859,860,80.32233726,16.78888467,residential,group_4
860,1722,63.61194801,13.5166331505,residential,group_4
860,571,85.08885712,19.561509899999997,residential,group_4
861,862,190.5279876,47.32431942,residential,group_4
861,868,124.8214193,21.60902226,residential,group_4
861,432,111.8915927,31.809045960000002,residential,group_4
862,2408,35.5195379,8.2889092515,residential,group_4
862,846,64.41270694,11.8754794755,residential,group_4
862,861,190.5279876,53.503616040000004,residential,group_4
863,864,77.28440431,13.1756952375,unclassified,group_4
863,3792,175.0277046,32.260675125000006,tertiary,group_3
863,2934,24.07513721,4.6723264815,tertiary,group_3
864,791,70.23166343,11.9733211575,unclassified,group_4
864,863,77.28440431,17.02766622,unclassified,group_4
865,866,363.5475616,56.600299275000005,unclassified,group_4
865,791,85.28982773,18.79145904,unclassified,group_4
866,865,363.5475616,47.885193975,unclassified,group_4
866,2110,325.9793177,74.06205041999999,residential,group_4
866,3537,178.6660234,46.66255245,residential,group_4
867,868,98.75573465,16.75416915,residential,group_4
867,1468,131.8186731,38.388006285,residential,group_4
867,430,134.5469301,39.18252459,residential,group_4
868,2289,132.102267,37.55462748,residential,group_4
868,431,135.0718588,39.335393415,residential,group_4
869,1550,97.00977973,19.94055348,residential,group_4
869,1549,82.74291986,14.037553161000002,residential,group_4
870,2632,117.6320985,29.71538004,tertiary,group_3
870,3804,74.69253087,16.317718275,tertiary,group_3
871,272,315.1625746,79.37432997,residential,group_4
871,680,62.10259732,11.446597677,tertiary,group_3
871,872,77.37175867,18.30414195,tertiary,group_3
872,3719,206.0721048,51.89967516,residential,group_4
872,1051,30.00762971,6.6177335385000005,tertiary,group_3
872,871,77.37175867,14.260971861000002,tertiary,group_3
873,1149,77.68204463,13.448277072,residential,group_4
873,804,303.6279303,57.03115124999999,residential,group_4
874,1396,83.88214579,11.2195094805,residential,group_4
875,689,138.2699754,19.41876129,residential,group_4
876,2190,85.26650321,14.761294782,residential,group_4
876,877,72.74383915,14.9526410505,residential,group_4
876,367,73.24280242,15.56305257,residential,group_4
877,876,72.74383915,11.500534696499999,residential,group_4
878,982,109.0787639,12.649596536999999,secondary,group_3
878,981,97.96634226,12.440491662,secondary,group_3
879,880,116.0138464,20.0842596,residential,group_4
879,1659,112.9862619,13.102739487000001,secondary,group_3
880,879,116.0138464,15.517228815000001,residential,group_4
880,1675,111.7674327,14.193056331000001,secondary,group_3
881,489,115.9155836,15.504085844999999,residential,group_4
881,1676,112.9727506,17.608330679999998,secondary,group_3
881,1683,114.1072894,19.242332865,secondary,group_3
882,881,112.8489212,15.093909779999999,residential,group_4
882,1677,112.3753917,19.158120269999998,unclassified,group_4
883,1678,113.8694441,14.998478858999999,unclassified,group_4
884,885,325.6211641,56.371374554999996,residential,group_4
885,884,325.6211641,56.371374554999996,residential,group_4
885,886,102.3048382,15.363104895,tertiary,group_3
886,885,102.3048382,16.668764655,tertiary,group_3
886,2817,29.6790796,5.08360845,tertiary,group_3
886,982,248.2370897,24.354861285,secondary,group_3
887,888,77.95794939,11.706935619,tertiary,group_3
887,766,78.94629455,15.32131923,tertiary,group_3
888,887,77.95794939,15.129508425000001,tertiary,group_3
888,889,81.00440549,12.164421554999999,tertiary,group_3
889,888,81.00440549,15.720742334999999,tertiary,group_3
889,890,76.91554768,11.550398283,tertiary,group_3
890,889,76.91554768,14.927206731,tertiary,group_3
890,891,80.80387695,12.1343082075,tertiary,group_3
891,1132,105.4583135,13.123692451500002,secondary,group_3
891,890,80.80387695,15.681825224999999,tertiary,group_3
891,2097,215.5151954,29.693607720000003,secondary,group_3
892,2186,49.224963,5.711189355,tertiary,group_3
893,2200,86.90822654,18.165459855,residential,group_4
894,893,42.90900428,8.968791858,residential,group_4
895,2048,75.80028208,11.6217353505,secondary,group_3
895,774,82.82254315,10.306798473,secondary,group_3
896,897,32.79181299,4.8684727725000005,residential,group_4
896,2202,45.74476424,9.561519219,residential,group_4
897,896,32.79181299,5.676902413500001,residential,group_4
898,1585,108.3397353,25.956167880000002,tertiary,group_3
898,1584,100.1128941,16.010557034999998,tertiary,group_3
899,3025,61.82562593,6.0657919605,secondary,group_3
900,1205,123.5807918,16.529332349999997,residential,group_4
901,595,74.15717795,9.9187634415,residential,group_4
902,1917,238.4006847,31.88686599,residential,group_4
903,1393,83.94196833,11.2275109395,residential,group_4
904,905,110.0230801,17.39424624,residential,group_4
904,1539,87.53826547,14.85109611,residential,group_4
904,2387,70.43413193,14.948915827499999,residential,group_4
905,904,110.0230801,14.7159443625,residential,group_4
906,907,59.53375711,7.9628334015,residential,group_4
907,1721,78.80244115,21.21845085,residential,group_4
907,2259,73.44544824,13.8836123955,secondary,group_3
907,3702,144.6422949,27.34216491,secondary,group_3
908,2679,131.3259123,22.735076865,residential,group_4
908,2630,314.2739361,42.035159835,residential,group_4
909,3883,69.01231892,6.770887686,secondary,group_3
910,2828,24.02438203,4.867241082,secondary,group_3
910,193,698.9249126,64.54308723,trunk,group_2
911,909,124.7342835,16.429556939999998,unclassified,group_4
912,2444,23.23790147,3.9423708735000003,residential,group_4
913,1252,85.03933103,14.4271453335,residential,group_4
914,1662,73.99416485,7.2596630205,secondary,group_3
915,916,99.91997916,13.36462179,residential,group_4
916,111,99.95103611,28.068012075000002,residential,group_4
916,2220,154.6468185,37.87582788,residential,group_4
916,915,99.91997916,20.538750765,residential,group_4
917,2428,119.5537602,15.990703785000001,residential,group_4
918,917,195.4653348,26.144123475,residential,group_4
919,549,71.55494811,9.570706747500001,residential,group_4
920,921,84.37638925,14.607198692999999,residential,group_4
920,855,75.70319706,11.239358855999999,residential,group_4
920,1040,314.2319427,49.678919925,residential,group_4
921,920,84.37638925,12.527033925000001,residential,group_4
922,921,83.55293407,11.175476343,residential,group_4
923,1043,286.6624748,59.917868369999994,residential,group_4
923,857,81.35576347,13.802218446,residential,group_4
924,1572,76.64608667,11.379346005,residential,group_4
924,1646,76.34797857,10.211790141,residential,group_4
925,1168,100.3495654,13.4220803445,residential,group_4
926,1740,58.07334398,7.649214668999999,unclassified,group_4
926,2937,161.813749,25.220860664999996,secondary,group_3
927,3162,12.18161858,1.195154322,secondary,group_3
927,2462,80.40687755,7.8888225405,secondary,group_3
927,3641,208.680446,33.421607265,secondary,group_3
928,3161,16.18798281,2.165195286,residential,group_4
928,927,258.1997107,36.741977895,secondary,group_3
929,561,176.6536195,25.137918884999998,secondary,group_3
930,4081,13.22903631,2.0935519394999997,tertiary,group_3
930,929,310.4997533,44.184306195,secondary,group_3
931,930,151.5972412,21.57238083,secondary,group_3
932,3159,16.41438794,2.5166617770000004,secondary,group_3
932,3837,40.61186632,5.779093599,secondary,group_3
932,3836,45.81979172,7.1416340655,secondary,group_3
933,3508,46.57341353,8.797914431999999,primary,group_2
934,3769,34.96798754,3.9420278325,primary,group_2
935,3768,159.8742795,18.023023455,primary,group_2
936,935,250.3763702,28.225548255,primary,group_2
937,936,82.10855167,9.256300368,primary,group_2
938,845,88.91481637,10.023587442,primary,group_2
939,938,188.6430272,21.266195624999998,primary,group_2
940,939,104.0916958,11.734514641499999,primary,group_2
941,940,26.1866287,2.9520835035,primary,group_2
942,941,79.06101849,8.9127444045,primary,group_2
943,942,109.5181272,12.346249695000001,primary,group_2
944,943,59.7749289,6.7385757645,primary,group_2
945,944,48.3058631,5.4456395745,primary,group_2
946,945,112.6030286,12.694018264500002,primary,group_2
947,3826,35.42654472,3.9937221195,primary,group_2
948,585,33.85923088,3.8170349475,primary,group_2
949,640,210.1437694,23.690027535,primary,group_2
950,949,47.02172743,5.3008757805,primary,group_2
951,950,286.4868743,32.29637481,primary,group_2
952,2961,14.39073828,1.6223035650000002,primary,group_2
953,954,72.42255357,9.539241606000001,unclassified,group_4
954,1540,83.75839249,10.617196044,secondary,group_3
954,1401,82.74910446,7.7803455525,secondary,group_3
955,1735,275.7370914,36.880731675,residential,group_4
956,3899,12.20345161,2.593059696,residential,group_4
956,957,102.1919745,25.737254865000004,residential,group_4
956,1056,84.13624925,17.544903599999998,secondary,group_3
957,958,466.5887781,80.775618045,residential,group_4
957,1859,399.6342086,94.64491074,residential,group_4
957,2906,145.4749085,29.902657245,residential,group_4
958,3197,58.93364512,7.882566472500001,residential,group_4
958,957,466.5887781,62.407764735,residential,group_4
959,807,73.63741061,14.540634235499999,residential,group_4
959,1941,187.2292144,31.763926815,residential,group_4
960,3088,146.5363861,10.454975718,trunk,group_2
961,960,21.79753341,1.5551951880000001,trunk,group_2
962,3035,368.44219,26.287356015,trunk,group_2
963,3238,12.74311432,0.909186819,trunk,group_2
964,3379,24.43965695,2.175553191,trunk_link,group_2
964,144,76.4517342,7.5007783214999995,secondary,group_3
965,2569,84.90173816,11.355883272,residential,group_4
966,1865,93.12782843,17.492419965,residential,group_4
967,2366,107.2887556,12.447879318,tertiary,group_3
968,3435,109.2341085,10.717099374,secondary,group_3
969,302,64.58878016,13.30442433,secondary,group_3
969,3869,36.72800873,7.472077305000001,secondary,group_3
970,969,44.6907125,5.9775279705,residential,group_4
971,3439,15.81609343,2.424930978,secondary,group_3
971,3628,42.030022,8.036473575,primary,group_2
971,3623,37.74744611,5.4674782785,secondary,group_3
972,973,44.74605136,8.266369242,secondary,group_3
972,3637,42.67942325,7.8845811150000005,secondary,group_3
973,974,12.57795299,2.323646457,secondary,group_3
973,972,44.74605136,8.266369242,secondary,group_3
974,3716,37.1845195,6.8694545985,secondary,group_3
974,973,12.57795299,2.323646457,secondary,group_3
974,1360,194.7972094,26.054759519999998,residential,group_4
975,976,46.42177786,8.575942344000001,secondary,group_3
975,3717,48.73147753,9.002635420499999,secondary,group_3
976,975,46.42177786,7.235461744499999,secondary,group_3
976,977,72.14779112,13.328556669000001,secondary,group_3
977,978,155.6393047,19.76423154,secondary,group_3
977,976,72.14779112,11.2452087495,secondary,group_3
977,1168,90.06269766,19.1370408,residential,group_4
978,979,137.5261601,17.464090305,secondary,group_3
978,977,155.6393047,24.258490020000004,secondary,group_3
979,980,294.6068532,37.411360035,secondary,group_3
979,978,137.5261601,21.435311535,secondary,group_3
980,981,282.5473263,40.925189085,secondary,group_3
980,1373,82.04990883,12.3214246605,tertiary,group_3
980,1374,41.91687996,5.398251186,tertiary,group_3
980,979,294.6068532,37.411360035,secondary,group_3
981,980,282.5473263,35.879952,secondary,group_3
981,878,97.96634226,11.360916268499999,secondary,group_3
981,2095,82.76524618,7.7818632495,secondary,group_3
981,1647,121.152848,15.357309285,secondary,group_3
982,878,109.0787639,13.851629263500001,secondary,group_3
982,886,248.2370897,28.787446035000002,secondary,group_3
983,984,254.2447295,24.944278575,secondary,group_3
984,90,16.45365373,1.6142892045000001,secondary,group_3
985,286,86.15045611,9.3820890165,secondary,group_3
986,2074,72.80401834,9.245193423,secondary,group_3
988,334,257.0133565,47.366739585,primary,group_2
988,989,102.8080899,13.750915989000001,residential,group_4
989,389,393.2349811,52.596456105,residential,group_4
989,988,102.8080899,13.750915989000001,residential,group_4
990,1445,103.8787991,13.191299223,secondary,group_3
990,1444,208.3777922,19.592371905,secondary,group_3
991,3972,8.116119177,1.355953086,unclassified,group_4
991,1197,211.3815393,50.854946459999994,tertiary,group_3
992,1927,190.2805481,51.235195245,residential,group_4
992,297,85.2634233,19.897240215,residential,group_4
992,1926,157.2546002,24.86137668,residential,group_4
993,1667,82.90492325,14.352459229499999,residential,group_4
993,998,69.62900428,14.553776233499999,residential,group_4
994,995,38.1901512,6.611460051,residential,group_4
995,1127,78.88257304,22.69856991,residential,group_4
995,996,247.4429333,60.60328974000001,residential,group_4
995,994,38.1901512,5.1080567805,residential,group_4
995,830,81.46277734,10.895911091999999,residential,group_4
996,1128,79.04237757,16.4968215,residential,group_4
996,997,80.55542022,23.17993401,residential,group_4
996,995,247.4429333,33.096296115,residential,group_4
997,2305,41.43180064,9.9678146475,tertiary,group_3
997,996,80.55542022,16.812606465000002,residential,group_4
997,3400,36.83320498,9.083004318,tertiary,group_3
998,546,88.20962733,14.964994407,residential,group_4
998,993,69.62900428,9.313105504500001,residential,group_4
999,526,44.6579662,7.06026099,residential,group_4
1000,2552,122.7713416,16.42106574,residential,group_4
1001,3822,25.70281981,2.9820981465000003,tertiary,group_3
1001,2695,72.85375029,10.9404386715,tertiary,group_3
1002,1360,220.8975356,29.545762950000004,residential,group_4
1003,1146,110.0574886,18.38721045,unclassified,group_4
1004,3966,87.06195742,15.072122925,residential,group_4
1004,2015,262.394168,42.817208235,residential,group_4
1005,2441,53.51178545,9.078414615,residential,group_4
1005,3355,86.52208844,18.0847497,residential,group_4
1005,1006,76.10858771,10.179770836500001,residential,group_4
1006,1457,56.10144521,7.5037505355,residential,group_4
1006,1005,76.10858771,12.9120213285,residential,group_4
1007,1008,57.33369177,11.9838238275,residential,group_4
1008,1007,57.33369177,7.6685675159999995,residential,group_4
1008,1877,85.79880851,21.884941875,residential,group_4
1009,755,142.6076284,16.54565325,tertiary,group_3
1010,1999,95.29215734,13.8024649095,secondary,group_3
1011,1568,74.64508314,12.725735226000001,unclassified,group_4
1011,1567,73.73902733,18.288517995,unclassified,group_4
1012,1011,95.51209254,12.775052637,residential,group_4
1013,1014,60.33611777,16.246183889999998,residential,group_4
1014,1013,60.33611777,15.339744435,residential,group_4
1014,567,186.9359455,50.206341885,unclassified,group_4
1014,802,182.6342214,50.16024844500001,"['residential', 'unclassified']",group_4
1015,3414,33.09793565,5.3632395945,motorway_link,group_1
1015,1520,64.84212942,12.398329451999999,primary,group_2
1016,2329,170.6604658,29.544655275000004,residential,group_4
1017,394,86.21741678,14.925916467,residential,group_4
1018,1589,265.6982159,35.537999475,residential,group_4
1019,2393,186.8826455,24.996160904999996,residential,group_4
1020,1019,94.80913236,12.68102943,residential,group_4
1022,2213,78.04546639,12.3387025575,residential,group_4
1023,1921,87.01706046,11.0500707705,secondary,group_3
1024,2070,88.95720631,8.727706332,secondary,group_3
1024,2043,203.430848,19.95886308,secondary,group_3
1025,1026,118.8787322,33.79538145,residential,group_4
1025,550,74.38416798,21.662028915,residential,group_4
1025,1255,74.79005594,18.57673794,residential,group_4
1026,1027,29.82422001,8.478563598000001,residential,group_4
1026,1025,118.8787322,34.619659049999996,residential,group_4
1026,2251,25.62315694,3.4271804745,residential,group_4
1027,1026,29.82422001,8.6853578325,residential,group_4
1028,1524,257.2470763,66.293872905,residential,group_4
1029,2055,81.23386161,12.8427761715,residential,group_4
1029,2054,74.01346484,17.870652045,residential,group_4
1030,3292,49.00920771,7.3597066605,tertiary,group_3
1031,1030,165.6556527,28.67822451,residential,group_4
1033,1034,140.7525418,35.4488115,residential,group_4
1033,278,164.893225,40.3853598,residential,group_4
1034,1033,140.7525418,23.879037525,residential,group_4
1034,1035,82.39745494,20.75196519,residential,group_4
1035,1034,82.39745494,17.22262344,residential,group_4
1035,352,51.31427746,12.7457035995,residential,group_4
1036,2003,87.1413662,15.058829504999999,residential,group_4
1036,1814,82.59593375,18.29461767,residential,group_4
1037,1036,61.55782772,13.06105998,residential,group_4
1038,1039,83.9886277,19.13167842,residential,group_4
1038,3801,56.58015827,13.0450845285,tertiary,group_3
1038,853,388.4900193,89.57000642999999,tertiary,group_3
1039,1040,79.71897522,18.603376905,residential,group_4
1039,1038,83.9886277,15.322837425,residential,group_4
1040,1041,43.59893996,7.3966744035000005,residential,group_4
1040,1039,79.71897522,14.5438844625,residential,group_4
1040,920,314.2319427,62.049055035,residential,group_4
1041,1040,43.59893996,6.892832817,residential,group_4
1042,1043,88.06860528,16.236810464999998,residential,group_4
1042,921,384.7298709,57.119345685,residential,group_4
1043,1044,86.22219422,21.416311125,residential,group_4
1043,4005,69.35968077,17.446852635,residential,group_4
1043,923,286.6624748,48.633039975,residential,group_4
1044,1043,86.22219422,21.688478085,residential,group_4
1044,2204,64.50742466,16.02268521,residential,group_4
1044,1722,408.4288692,86.785318875,residential,group_4
1045,2266,73.43866277,12.713664906,residential,group_4
1045,1088,118.6170539,20.534925585,residential,group_4
1046,1045,36.37677101,6.297528571500001,residential,group_4
1047,2375,294.1830087,57.070242075,residential,group_4
1048,3669,28.15976224,7.028833152,tertiary,group_3
1048,472,92.85445882,21.68770452,tertiary,group_3
1049,3668,82.11631459,14.215935690000002,residential,group_4
1050,1691,96.18853455,17.769834855,secondary,group_3
1050,1690,79.78148689,10.131244053,secondary,group_3
1051,1052,333.1266031,56.51580108,residential,group_4
1051,1937,135.6492773,29.91541755,tertiary,group_3
1051,872,30.00762971,6.465380835,tertiary,group_3
1052,1062,188.460598,52.923056595,residential,group_4
1052,1051,333.1266031,57.67071244499999,residential,group_4
1052,281,89.03646483,17.58137145,residential,group_4
1053,2098,93.5288761,12.509790996,residential,group_4
1054,1053,148.8210433,19.905297975,residential,group_4
1055,2100,94.33341041,16.003910249999997,residential,group_4
1056,3898,11.86049734,2.5201867965,residential,group_4
1056,1057,61.48103052,12.8206185015,secondary,group_3
1057,3199,41.48232066,5.5483951395,residential,group_4
1057,3667,91.1768386,19.01307531,secondary,group_3
1057,3898,61.67258364,12.860563006500001,secondary,group_3
1058,3897,11.39014162,2.829141834,residential,group_4
1058,2478,127.604422,27.114122654999996,residential,group_4
1058,3685,112.9893481,23.56163055,secondary,group_3
1059,1937,93.55424399,20.157000795000002,tertiary,group_3
1059,1060,100.5083834,19.851390855,secondary,group_3
1059,683,127.0004747,26.483366025000002,secondary,group_3
1060,1061,122.4130282,24.177772920000002,secondary,group_3
1060,3347,144.5246582,25.020037200000004,residential,group_4
1060,1059,100.5083834,21.2145765,secondary,group_3
1061,1060,122.4130282,25.52674737,secondary,group_3
1061,1075,89.74771081,18.44782074,residential,group_4
1061,1062,103.1334385,20.369864970000002,secondary,group_3
1062,1052,188.460598,37.213918845,residential,group_4
1062,226,328.3386928,64.85011008,secondary,group_3
1062,1061,103.1334385,21.768653985,secondary,group_3
1063,3191,68.75172947,10.1206795065,secondary,group_3
1064,1065,109.0505088,13.1812741695,secondary,group_3
1064,3191,114.5565351,15.330390915,secondary,group_3
1065,252,74.51265007,9.006575763,secondary,group_3
1065,1064,109.0505088,14.5935535455,secondary,group_3
1066,1067,76.26944848,9.21892545,secondary,group_3
1066,252,131.6640815,17.619787785,secondary,group_3
1067,1066,76.26944848,10.2066674625,secondary,group_3
1067,1068,84.66875236,10.234175434500001,secondary,group_3
1068,3775,271.9635804,32.87308383,secondary,group_3
1068,1067,84.66875236,11.330694230999999,secondary,group_3
1069,3778,75.42403192,10.093530606,secondary,group_3
1069,3800,69.80886765,8.0955630465,secondary,group_3
1070,1071,113.6696408,13.181989259999998,secondary,group_3
1070,3800,154.5744685,20.685742845,secondary,group_3
1071,1072,181.132385,21.00547812,secondary,group_3
1071,1070,113.6696408,15.21170334,secondary,group_3
1072,1073,78.93949238,9.1544191875,secondary,group_3
1072,1071,181.132385,24.23982417,secondary,group_3
1073,1072,78.93949238,10.5639828855,secondary,group_3
1073,2872,84.99206915,9.856321658999999,secondary,group_3
1074,2872,13.22431782,1.76972847,secondary,group_3
1074,2036,288.3577549,32.507283810000004,primary,group_2
1075,1061,89.74771081,24.165588825,residential,group_4
1075,807,199.764925,41.06207829,residential,group_4
1076,1075,74.27127529,11.0267670075,residential,group_4
1077,2982,83.9407383,9.7389905805,tertiary,group_3
1078,2920,12.5852356,3.1259854110000003,residential,group_4
1078,2242,109.7527771,22.559901975,residential,group_4
1079,756,86.61577127,13.0070796585,tertiary,group_3
1080,1081,117.2977763,24.517449405,residential,group_4
1081,1082,108.7981365,14.552104173,residential,group_4
1081,2292,207.5667879,35.530604265,secondary,group_3
1081,1850,114.347779,17.82264744,secondary,group_3
1082,1081,108.7981365,18.457888935,residential,group_4
1082,2168,99.64048115,13.3272380235,residential,group_4
1083,1084,97.42051687,13.030310590500001,residential,group_4
1083,2480,255.8935256,33.705386595,unclassified,group_4
1084,1083,97.42051687,13.030310590500001,residential,group_4
1084,1618,286.2732598,38.28997842,residential,group_4
1085,1084,80.75021246,10.800603223500001,residential,group_4
1086,1249,346.7018159,52.06416881999999,tertiary,group_3
1087,1088,88.50933117,11.838410556,residential,group_4
1088,1087,88.50933117,11.838410556,residential,group_4
1088,1623,375.2401376,63.972152445,unclassified,group_4
1088,1045,118.6170539,20.534925585,residential,group_4
1089,1090,85.52474318,11.439212217,residential,group_4
1090,1091,42.31482946,5.659745895,residential,group_4
1090,1613,232.9434328,31.156940835,residential,group_4
1092,615,88.66924493,14.018283057000001,residential,group_4
1092,1093,77.8229289,22.123852755,residential,group_4
1092,111,170.4718559,39.190641525000004,residential,group_4
1093,1094,79.68243357,18.3185997,residential,group_4
1093,1092,77.8229289,16.991765115,residential,group_4
1093,1123,78.83208587,19.58071809,residential,group_4
1094,1093,79.68243357,19.515682034999998,residential,group_4
1094,1095,81.98583146,15.904899704999998,residential,group_4
1094,2113,75.28065082,12.771559664999998,residential,group_4
1095,1096,75.22390486,17.554398435,residential,group_4
1095,1094,81.98583146,20.079826214999997,residential,group_4
1095,1237,75.07343857,12.7364055645,residential,group_4
1096,1095,75.22390486,20.51568195,residential,group_4
1096,1918,50.98671246,8.8267943955,residential,group_4
1096,618,87.94515784,21.539373989999998,residential,group_4
1097,1174,191.78206,30.320041695,residential,group_4
1098,1097,76.4233344,12.082249428,residential,group_4
1099,1176,319.8431846,54.262234335,residential,group_4
1100,1099,78.48407475,13.315028928,residential,group_4
1101,1962,88.1596745,6.0632142735,trunk_link,group_2
1102,1806,72.9975164,12.637293865500002,residential,group_4
1103,1104,27.0697772,7.7893659735,residential,group_4
1104,1811,150.7695694,37.179513705000005,tertiary,group_3
1104,1878,402.8431839,80.33457972,tertiary,group_3
1104,1103,27.0697772,3.6206706329999996,residential,group_4
1105,196,124.3039679,19.652002335,residential,group_4
1105,1431,145.7557576,23.04345174,residential,group_4
1106,1105,45.9644638,6.147896343,residential,group_4
1107,1106,58.25226153,7.7914292055,residential,group_4
1108,3055,11.35920032,2.927323386,residential,group_4
1109,1108,199.5055287,50.721921435,residential,group_4
1110,1076,123.130016,17.292491595,residential,group_4
1111,1326,79.87828978,9.2676562965,tertiary,group_3
1112,2128,79.89792514,15.007415984999998,residential,group_4
1112,1724,83.75585604,11.202617817,residential,group_4
1113,1399,188.4581185,25.20688554,residential,group_4
1113,1651,29.65653381,3.9666577335,residential,group_4
1114,1113,97.94786675,13.10084535,residential,group_4
1115,1116,151.8535229,20.310901965,residential,group_4
1115,2248,55.43755774,9.580119831000001,residential,group_4
1116,1115,151.8535229,24.007486125,residential,group_4
1117,1351,82.01511081,13.9140784485,residential,group_4
1117,1350,81.02553264,12.809840124,residential,group_4
1118,508,87.71850054,22.092081255,residential,group_4
1118,484,78.56113307,13.600464426000002,residential,group_4
1119,2014,76.30044497,8.852546808,tertiary,group_3
1120,1119,76.20268214,10.1923562715,residential,group_4
1121,1120,84.19747513,11.261685803999999,residential,group_4
1121,1122,81.54412946,10.9067922015,residential,group_4
1122,1121,81.54412946,10.9067922015,residential,group_4
1122,1547,231.1488728,39.215011935,residential,group_4
1122,1813,232.8335975,40.308037004999996,residential,group_4
1123,1093,78.83208587,15.293086590000001,residential,group_4
1124,1125,130.1137472,17.40313635,residential,group_4
1124,2238,40.02813237,7.302709686,residential,group_4
1124,2054,128.1172234,34.497015165,residential,group_4
1124,2106,42.68487438,11.8386813195,residential,group_4
1125,1124,130.1137472,24.439572435000002,residential,group_4
1126,2459,231.3831484,22.701299355,secondary,group_3
1127,995,78.88257304,13.382635209,residential,group_4
1127,1760,244.4135464,70.33033734,residential,group_4
1128,996,79.04237757,21.83111799,residential,group_4
1128,1269,255.957199,46.696685685,residential,group_4
1129,1817,173.1456012,33.58950408,residential,group_4
1130,1129,82.43291433,15.991631864999999,residential,group_4
1130,2414,74.72922362,9.995276409,residential,group_4
1130,2321,148.5372654,41.71188135,residential,group_4
1131,1783,477.3747057,46.835848545,secondary,group_3
1132,781,83.24245084,10.359053617499999,secondary,group_3
1132,891,105.4583135,12.622914531,secondary,group_3
1133,1132,469.8117368,62.838845925,residential,group_4
1133,2818,139.8339638,16.223846535,tertiary,group_3
1134,3651,47.93695318,8.132629713,residential,group_4
1134,1468,136.326331,35.131985130000004,residential,group_4
1134,3434,165.0597343,41.519407665,residential,group_4
1135,3652,41.49640353,8.817394863,residential,group_4
1135,2289,134.6701158,39.218398485,residential,group_4
1135,578,96.8664082,27.53761884,residential,group_4
1136,2290,64.70575414,13.524724021499999,residential,group_4
1136,3402,42.2212632,7.309324162499999,residential,group_4
1137,3383,730.9257095,79.600391925,secondary,group_3
1138,1900,17.22908328,4.145036085,tertiary,group_3
1138,2777,145.4724545,24.67978308,residential,group_4
1138,1901,109.7035654,24.3767631,tertiary,group_3
1140,1141,141.8403521,18.97160784,residential,group_4
1140,3709,84.11896999,16.084214265,primary,group_2
1140,1654,66.28372434,8.544516795,primary,group_2
1141,1993,106.8464862,14.291064610500001,residential,group_4
1142,2441,84.08608472,14.556941317499998,residential,group_4
1144,1022,78.02888352,12.336080866500001,residential,group_4
1145,1346,45.61419185,6.101046333,residential,group_4
1145,2730,177.7213782,37.763262195,residential,group_4
1145,1800,42.72151706,8.9296034895,residential,group_4
1146,1332,83.36879558,12.268767087,tertiary,group_3
1146,1150,87.06851579,10.101882261,tertiary,group_3
1147,1810,95.04083701,19.86532896,residential,group_4
1148,1147,43.4154201,7.5160560135,residential,group_4
1149,873,77.68204463,17.649253169999998,residential,group_4
1149,1362,107.4146582,22.824085335,residential,group_4
1150,1331,309.9931787,35.966095949999996,tertiary,group_3
1151,2016,81.70101037,12.2690306235,tertiary,group_3
1151,2017,81.8925584,11.591654574,tertiary,group_3
1152,360,159.2527788,27.569762145,residential,group_4
1153,2409,76.34768279,9.501038612999999,secondary,group_3
1154,1489,101.2468732,28.080894795000003,residential,group_4
1155,135,128.0676345,17.129462115000003,residential,group_4
1156,1974,88.97914064,18.598319985,residential,group_4
1157,2002,90.7002369,13.4659109595,residential,group_4
1158,481,113.8561334,22.48232763,residential,group_4
1158,1772,153.4469534,29.768050889999998,residential,group_4
1159,482,87.51214336,15.15005889,residential,group_4
1159,843,82.1976681,17.465834025,residential,group_4
1160,1506,90.14023972,15.605033624999999,residential,group_4
1160,1505,103.5494058,13.850069397000002,residential,group_4
1161,1160,86.54689094,14.98295487,residential,group_4
1162,1943,114.3828436,13.264697637000001,secondary,group_3
1162,1978,106.9893759,10.496865768,secondary,group_3
1163,1164,127.1464857,14.7518172015,tertiary,group_3
1164,1165,204.586762,23.736609764999997,tertiary,group_3
1165,368,259.6840774,32.976607335,secondary,group_3
1165,362,183.7732711,20.013558449999998,secondary,group_3
1166,1167,81.97905244,12.310784166000001,tertiary,group_3
1167,1729,70.11007964,10.5284219895,tertiary,group_3
1168,925,100.3495654,21.322853715,residential,group_4
1168,977,90.06269766,12.04617837,residential,group_4
1169,1576,67.21592565,10.093807242,tertiary,group_3
1170,3842,145.4173826,21.83731035,tertiary,group_3
1171,1000,81.52521672,10.9042625625,residential,group_4
1172,1171,78.05282619,10.4398190475,residential,group_4
1173,382,93.72054888,14.816875721999999,residential,group_4
1174,758,76.20144315,12.0471692325,residential,group_4
1176,1177,13.59820522,2.306971146,residential,group_4
1176,1175,76.10127108,10.178792214,residential,group_4
1177,2392,95.83897183,27.245534595000002,residential,group_4
1177,1176,13.59820522,1.81880412,residential,group_4
1178,1938,77.8928427,9.037300323,tertiary,group_3
1178,241,196.6205273,48.093914805000004,unclassified,group_4
1179,1259,49.45202873,11.71166718,residential,group_4
1179,240,76.86396224,21.851233395,residential,group_4
1179,1267,45.26550868,13.025212971000002,residential,group_4
1180,3687,9.553135114,2.7489278925000002,residential,group_4
1180,1181,71.32237062,16.643928735,residential,group_4
1181,1180,71.32237062,20.523111165,residential,group_4
1181,2315,61.63145276,8.2434070095,residential,group_4
1181,127,153.9312675,37.356331530000006,residential,group_4
1182,2795,110.2008735,10.8119499405,secondary,group_3
1182,1978,105.5862513,12.244578417,secondary,group_3
1183,1182,112.0111823,14.7537152205,unclassified,group_4
1184,1977,107.3626068,9.542141705999999,primary,group_2
1185,1186,89.58950622,26.090101245,residential,group_4
1186,1264,92.74295105,27.008442000000002,residential,group_4
1186,1263,214.3029108,59.437069995,residential,group_4
1186,1187,310.3064147,90.36689808,residential,group_4
1186,1185,89.58950622,19.03649436,residential,group_4
1187,2308,241.2631742,67.750950375,residential,group_4
1187,1188,97.14839053,27.617782034999998,residential,group_4
1187,1186,310.3064147,72.41371548,residential,group_4
1188,1405,64.94809412,13.873935907500002,secondary,group_3
1188,1406,143.1499268,29.486969159999997,secondary,group_3
1188,1187,97.14839053,27.28097982,residential,group_4
1189,1768,76.83230609,11.779965762,secondary,group_3
1189,2025,75.18548532,9.35640969,secondary,group_3
1190,403,114.3604434,19.7980233,residential,group_4
1191,3920,342.0991527,39.69110223,tertiary,group_3
1192,1193,85.71515265,9.944862069,tertiary,group_3
1192,1191,81.71915767,9.4812378705,tertiary,group_3
1192,2007,186.4318534,21.630237015,tertiary,group_3
1193,1194,83.13164505,9.645117789,tertiary,group_3
1193,1192,85.71515265,9.944862069,tertiary,group_3
1194,1195,86.44005657,10.0289670285,tertiary,group_3
1194,1193,83.13164505,9.645117789,tertiary,group_3
1195,1196,88.17215489,10.2299289165,tertiary,group_3
1195,1194,86.44005657,10.0289670285,tertiary,group_3
1196,1195,88.17215489,10.2299289165,tertiary,group_3
1196,1197,86.5252297,17.775187605,tertiary,group_3
1197,1196,86.5252297,10.0388490045,tertiary,group_3
1197,723,249.1027862,51.31184023499999,secondary,group_3
1197,1640,153.5711881,32.414686305000004,secondary,group_3
1197,3972,211.6522778,46.67674158,tertiary,group_3
1198,1872,77.92585031,14.3959932225,secondary,group_3
1198,2333,61.67664637,9.456292795500001,secondary,group_3
1199,1392,77.0729944,13.3428385965,residential,group_4
1199,2385,37.88058795,6.5578686135,residential,group_4
1200,2088,101.0856939,13.520539926000001,residential,group_4
1201,3180,34.53816415,3.0696726405000003,primary,group_2
1202,3396,308.2626506,51.169672065,motorway_link,group_1
1203,1410,83.96009905,11.229935982,residential,group_4
1204,1203,199.6887046,26.709012899999998,residential,group_4
1205,1204,63.89605636,8.5463050965,residential,group_4
1206,1207,200.6814589,42.641952405,residential,group_4
1206,1405,56.45838213,16.05024318,residential,group_4
1206,2451,164.1114001,44.18885541,residential,group_4
1207,1208,217.2439104,46.16123751,residential,group_4
1207,1206,200.6814589,54.035758394999995,residential,group_4
1208,1207,217.2439104,54.713316915,residential,group_4
1208,2222,98.38584407,17.032508565,residential,group_4
1208,3490,94.0200785,23.679146369999998,residential,group_4
1209,2095,145.7774701,18.478721144999998,secondary,group_3
1209,1540,178.5849716,16.79115198,secondary,group_3
1210,1211,158.5161057,33.1328583,residential,group_4
1211,1210,158.5161057,21.20204406,residential,group_4
1211,537,95.88630648,27.258991095,residential,group_4
1211,2065,86.28177291,22.93321683,residential,group_4
1211,1212,128.4821945,22.242773835,residential,group_4
1212,1211,128.4821945,17.184910875,residential,group_4
1213,1368,176.7525265,24.2395341,tertiary,group_3
1214,2302,100.4210683,17.384845575,residential,group_4
1214,1215,61.67379908,10.463121615,residential,group_4
1214,350,101.5222925,28.861214595,residential,group_4
1215,1214,61.67379908,17.5329054,residential,group_4
1216,1217,52.69785227,7.8238449045,residential,group_4
1216,1860,99.86467493,19.37331867,residential,group_4
1216,1792,79.67931391,23.20407216,residential,group_4
1217,1216,52.69785227,13.272060363,residential,group_4
1218,171,125.0363217,21.646226055,residential,group_4
1219,1331,71.98780282,12.272713482,unclassified,group_4
1219,2349,78.67531985,13.4128230165,unclassified,group_4
1220,1595,37.71355332,5.782259958,secondary,group_3
1220,1594,42.5858701,7.759000372499999,secondary,group_3
1221,1631,78.18153849,15.437929515,residential,group_4
1221,1873,81.11462046,12.8239245825,residential,group_4
1222,1221,93.12712066,14.723056892999999,residential,group_4
1223,251,133.2229545,21.062061449999998,residential,group_4
1224,3983,94.68847578,16.39242201,residential,group_4
1225,3044,119.7741513,16.020181815,residential,group_4
1226,1227,95.41894327,21.348245595,residential,group_4
1226,2599,61.04742289,17.77812504,residential,group_4
1226,1839,24.25453287,5.510596344,residential,group_4
1227,572,100.4075545,17.382506085,residential,group_4
1227,1226,95.41894327,27.456933405,residential,group_4
1227,1802,239.0202636,53.47641795,residential,group_4
1228,217,87.00473911,14.760581964,residential,group_4
1229,738,39.88007501,9.90561771,residential,group_4
1230,1231,71.82676543,10.663840149,residential,group_4
1230,551,111.7187532,17.662325955,residential,group_4
1230,1998,111.2899042,14.8853862045,residential,group_4
1231,1232,80.26870213,11.917181616,residential,group_4
1231,1230,71.82676543,11.3555486985,residential,group_4
1232,1233,85.30518479,24.25094217,residential,group_4
1232,1231,80.26870213,12.6901879905,residential,group_4
1232,2182,146.223231,34.122940889999995,residential,group_4
1233,1232,85.30518479,20.892796425,residential,group_4
1233,1234,85.74730559,24.37663026,residential,group_4
1234,1235,89.92189522,25.563401399999996,residential,group_4
1234,1233,85.74730559,21.001079865,residential,group_4
1235,1234,89.92189522,15.539330505,residential,group_4
1236,1607,69.78993044,14.587412838,residential,group_4
1236,1606,34.58484634,5.8674098025,residential,group_4
1237,1095,75.07343857,10.041316275,residential,group_4
1238,2050,65.86108562,13.005100918499998,residential,group_4
1238,2775,82.56511613,13.053242638500002,residential,group_4
1239,2141,207.0727986,27.69665946,residential,group_4
1240,1157,193.9491881,28.794880665,residential,group_4
1241,2717,27.78870449,3.5787588945,tertiary,group_3
1242,2269,22.05515559,6.117013632,residential,group_4
1242,2240,102.23276,29.417618625000003,residential,group_4
1243,1512,57.15450326,5.6075020875,secondary,group_3
1244,1713,103.1818185,13.1027914545,secondary,group_3
1245,1661,113.5146048,13.164010113,secondary,group_3
1246,2399,108.7522247,14.324456887500002,unclassified,group_4
1247,2402,109.132039,14.596764723,residential,group_4
1247,2827,108.4549319,14.506199440499998,residential,group_4
1248,982,79.6390287,13.7870691825,residential,group_4
1249,415,137.2406459,25.29585759,tertiary,group_3
1250,1086,93.78717519,14.0840085,tertiary,group_3
1250,790,201.5392003,34.890366480000004,residential,group_4
1251,541,160.0947154,24.041403615,tertiary,group_3
1251,1566,57.03835482,8.745147725999999,secondary,group_3
1251,2333,324.2006529,59.89271061,secondary,group_3
1252,1253,81.99701513,20.082565305,residential,group_4
1252,913,85.03933103,11.3742867645,residential,group_4
1252,2291,334.821686,49.709671830000005,residential,group_4
1253,1252,81.99701513,10.9673671305,residential,group_4
1253,1254,88.04171004,25.028893890000003,residential,group_4
1253,1953,345.0394969,68.132394675,residential,group_4
1254,1253,88.04171004,14.9365068,residential,group_4
1254,2396,84.91707604,14.7008021235,residential,group_4
1254,1255,81.6695796,23.50053492,residential,group_4
1254,2445,355.0410566,102.163557,residential,group_4
1255,2028,160.360028,21.448674660000002,residential,group_4
1255,1025,74.79005594,21.780230895,residential,group_4
1255,1254,81.6695796,20.568648314999997,residential,group_4
1256,1875,224.4551796,56.70026337,tertiary,group_3
1256,550,86.26657374,24.52425015,residential,group_4
1256,1876,114.8981963,27.98816259,tertiary,group_3
1256,1257,75.26235156,17.563370445,residential,group_4
1257,1258,96.59170311,22.54082988,residential,group_4
1257,237,74.97161337,10.027696825500001,residential,group_4
1257,1256,75.26235156,18.433123305,residential,group_4
1258,1259,87.75483096,17.3282967,residential,group_4
1258,1257,96.59170311,23.99194296,residential,group_4
1259,1179,49.45202873,12.1117042455,residential,group_4
1259,1258,87.75483096,21.7969953,residential,group_4
1259,2001,410.4554551,64.89150501,residential,group_4
1260,1109,96.72730647,24.59177382,residential,group_4
1261,234,124.3527034,18.462161610000003,residential,group_4
1261,1836,175.9230157,26.118605055,residential,group_4
1261,2319,219.9091696,38.070566459999995,residential,group_4
1262,290,115.0798118,32.71540725,residential,group_4
1262,3572,410.0800474,70.99285458,residential,group_4
1262,3964,99.17540839,28.194031799999998,residential,group_4
1262,1570,201.5536698,57.80228517,unclassified,group_4
1263,1186,214.3029108,61.66596012000001,residential,group_4
1263,2311,82.13685278,23.35023447,residential,group_4
1263,2122,39.93296728,11.6292097515,residential,group_4
1264,1265,89.18060932,25.66184415,residential,group_4
1264,1186,92.74295105,26.686912935000002,residential,group_4
1265,1264,89.18060932,24.322069154999998,residential,group_4
1265,3859,88.49034876,11.8358715975,residential,group_4
1265,1266,90.21294414,26.271657765,residential,group_4
1266,1845,315.652035,64.88290461,residential,group_4
1266,3858,89.97127057,12.033949699499999,residential,group_4
1266,353,80.03997036,23.309101905000002,residential,group_4
1266,1265,90.21294414,20.00974404,residential,group_4
1267,1268,409.277036,69.434921565,residential,group_4
1267,1179,45.26550868,12.868282695000001,residential,group_4
1267,2752,75.03978581,10.036815109499999,residential,group_4
1268,2001,94.31287926,14.002265901000001,residential,group_4
1268,3429,39.6975062,5.3096704065,residential,group_4
1268,1267,409.277036,84.127710075,residential,group_4
1269,1400,70.41059518,16.431155025000002,residential,group_4
1269,1270,91.35102238,15.81464373,residential,group_4
1269,1128,255.957199,70.69412616,residential,group_4
1270,1269,91.35102238,12.218495986499999,residential,group_4
1271,1516,227.8128295,61.341187605,residential,group_4
1271,293,127.7992127,21.681471300000002,residential,group_4
1272,1273,77.91749399,17.40843762,residential,group_4
1273,285,286.9378463,66.871341375,residential,group_4
1273,1972,120.8408123,17.940764805,residential,group_4
1274,2918,110.2530701,14.746706263499998,residential,group_4
1274,2230,350.9300184,94.491886785,residential,group_4
1275,1274,112.6877821,21.86094645,residential,group_4
1276,397,111.2166475,14.875587871499999,residential,group_4
1277,3819,109.2059303,18.971229735,secondary,group_3
1277,1698,520.3071215,51.048003269999995,secondary,group_3
1277,3820,91.64325519,15.547518375,residential,group_4
1278,1279,56.33292286,9.7523276895,residential,group_4
1278,852,191.5201222,40.31703711,tertiary,group_3
1278,2405,146.2459446,32.25235389,tertiary,group_3
1279,1278,56.33292286,10.928345448,residential,group_4
1280,3416,15.92418437,4.189620894,residential,group_4
1280,1361,208.5572206,27.89520573,residential,group_4
1280,673,243.3542382,46.531260554999996,primary,group_2
1281,664,47.80803514,9.274553791499999,residential,group_4
1281,3416,132.8001443,38.213425905,residential,group_4
1281,184,81.90763507,10.955412257999999,residential,group_4
1282,823,146.1298255,23.102590515,residential,group_4
1282,664,90.70065236,24.42217914,residential,group_4
1284,1283,238.9774191,40.54314534,residential,group_4
1285,1594,41.91611494,6.426598707,secondary,group_3
1285,1593,80.6824064,14.7000594285,secondary,group_3
1285,1284,262.4537247,44.525962095,residential,group_4
1287,1286,155.9950411,26.46496746,residential,group_4
1287,1288,65.34192483,8.739694701,residential,group_4
1287,1327,261.9243524,53.020373085,tertiary,group_3
1287,1326,94.79057167,10.9978123065,tertiary,group_3
1288,1289,70.89531887,9.482479194,residential,group_4
1290,1580,79.75479257,14.98053105,residential,group_4
1290,1291,73.51793969,9.833263248,residential,group_4
1290,639,89.80758232,20.95767411,residential,group_4
1291,2128,84.745772,11.3350222905,residential,group_4
1291,1290,73.51793969,13.8090482445,residential,group_4
1292,2189,76.19169248,17.261199165,tertiary,group_3
1292,472,14.81340517,3.697508256,tertiary,group_3
1293,3130,12.54646087,1.2309494699999999,secondary,group_3
1293,2070,82.58199227,8.102225853,secondary,group_3
1294,1295,306.5371168,80.05889436,residential,group_4
1294,2749,135.5874528,31.260955035000002,tertiary,group_3
1295,1294,306.5371168,81.47586594,residential,group_4
1295,1296,117.1973845,24.592983135,tertiary,group_3
1295,2051,142.5214448,34.58737413,residential,group_4
1296,1338,211.9670344,53.89011189,residential,group_4
1296,1295,117.1973845,25.84612878,tertiary,group_3
1296,1297,101.7581465,22.91726217,tertiary,group_3
1297,1298,33.81089425,7.2757232895,tertiary,group_3
1297,1296,101.7581465,23.46129213,tertiary,group_3
1297,1971,129.8576615,35.415849345,residential,group_4
1298,1297,33.81089425,7.456486602,tertiary,group_3
1298,1299,112.7914642,25.402109265,tertiary,group_3
1298,826,136.9914339,29.023710074999997,residential,group_4
1299,1298,112.7914642,24.874469024999996,tertiary,group_3
1299,3996,13.63252039,3.0702214485,tertiary,group_3
1300,827,141.2109354,27.36717519,tertiary,group_3
1300,3996,47.30288223,10.4319425835,tertiary,group_3
1300,285,79.74684767,17.826795869999998,tertiary,group_3
1301,1302,52.68231094,9.1203355635,residential,group_4
1302,1377,75.18002114,11.289774477,tertiary,group_3
1302,1376,77.78437194,9.0247153065,tertiary,group_3
1303,1931,78.78593599,21.851337315,residential,group_4
1303,1624,77.32390653,21.445842374999998,residential,group_4
1304,1305,81.64145898,12.9072158235,residential,group_4
1304,1386,82.00145463,19.684418835000002,residential,group_4
1304,1773,210.2582728,40.789203210000004,residential,group_4
1305,1304,81.64145898,21.039416985000003,residential,group_4
1306,2469,123.9566781,12.161549680499999,secondary,group_3
1307,1308,78.07777387,18.491069535,residential,group_4
1307,2394,85.85416674,17.945141460000002,residential,group_4
1307,2436,219.4433211,29.351257035,residential,group_4
1308,1309,112.3452148,19.449147914999998,residential,group_4
1308,1307,78.07777387,13.5167855205,residential,group_4
1309,1310,77.55022319,18.366130305,residential,group_4
1310,519,84.96432564,13.432548878999999,residential,group_4
1310,2194,76.36747791,15.22912509,tertiary,group_3
1310,2193,258.9722236,62.044885905,tertiary,group_3
1311,1312,83.57862163,20.469929595,residential,group_4
1311,519,143.0445355,33.381154245000005,residential,group_4
1312,1311,83.57862163,21.53863359,residential,group_4
1312,2171,257.156313,72.214023795,residential,group_4
1312,2144,78.2927002,15.188448075,residential,group_4
1313,1314,332.1779948,57.506489849999994,residential,group_4
1313,217,53.40018195,15.180844245000001,residential,group_4
1313,1715,128.6057804,17.20144089,residential,group_4
1314,1315,85.2769641,23.25743493,residential,group_4
1314,1313,332.1779948,57.506489849999994,residential,group_4
1314,1716,108.5766894,24.08292717,residential,group_4
1315,1316,39.7277788,11.293991901,residential,group_4
1315,1314,85.2769641,18.914915595,residential,group_4
1315,2184,283.7595999,51.76893988500001,residential,group_4
1316,1315,39.7277788,8.674115655,residential,group_4
1316,219,47.48634491,13.49963202,residential,group_4
1317,1316,83.08413412,17.62841379,residential,group_4
1318,2876,174.604999,27.604411215,residential,group_4
1318,2042,76.86073603,19.18486686,tertiary,group_3
1318,1336,107.0035683,23.919826605,tertiary,group_3
1319,1320,155.8989773,26.44866999,residential,group_4
1320,1634,219.5826755,27.325825769999998,secondary,group_3
1321,2449,143.8873225,14.116970935500001,secondary,group_3
1322,2152,88.50379858,15.08841387,unclassified,group_4
1323,1324,84.15038667,11.2553875695,residential,group_4
1324,1325,103.3251138,13.820069604,residential,group_4
1325,1111,67.00810605,7.7744290424999996,tertiary,group_3
1326,638,331.0496907,44.278971510000005,residential,group_4
1326,1287,94.79057167,19.188103095000002,tertiary,group_3
1327,3295,27.19839743,6.352638468,tertiary,group_3
1327,1287,261.9243524,38.54546358,tertiary,group_3
1328,838,151.5882796,17.587608315,tertiary,group_3
1329,820,83.9417272,10.659542177999999,secondary,group_3
1329,2473,70.05375428,11.674861863,secondary,group_3
1329,1328,217.9825431,25.290817995,tertiary,group_3
1330,776,79.64467073,9.240551296500001,tertiary,group_3
1331,547,82.54189429,9.5766935985,tertiary,group_3
1331,1851,88.99303054,15.171819705,unclassified,group_4
1331,1219,71.98780282,12.272713482,unclassified,group_4
1332,1146,83.36879558,9.6726325185,tertiary,group_3
1332,1949,276.3816824,40.673041575,tertiary,group_3
1333,1332,80.90453396,10.656457947,unclassified,group_4
1334,2438,86.34407037,14.947842675,residential,group_4
1335,2984,14.77518919,1.8762629459999998,secondary,group_3
1336,2179,708.0662389,182.4722517,residential,group_4
1336,1318,107.0035683,21.98212599,tertiary,group_3
1337,609,86.0751179,16.996616205000002,residential,group_4
1337,1955,312.9790322,61.70453232,residential,group_4
1337,2150,147.8955812,26.981985645,residential,group_4
1338,1296,211.9670344,55.033235475000005,residential,group_4
1338,612,93.09237162,16.983719295,residential,group_4
1338,2013,306.8349744,78.00916377,residential,group_4
1339,1340,64.73176951,8.6580844455,residential,group_4
1339,1986,82.63510559,11.052713802,residential,group_4
1340,1339,64.73176951,8.6580844455,residential,group_4
1341,2228,44.45746729,8.764891401,residential,group_4
1341,1342,88.93082702,21.890214405000002,residential,group_4
1341,2672,294.4288815,80.29906584,residential,group_4
1342,1786,45.09565564,8.904705216,residential,group_4
1342,2732,284.9981239,76.738976565,residential,group_4
1342,1341,88.93082702,23.22623688,residential,group_4
1343,48,73.75740727,18.32024337,residential,group_4
1343,2165,69.98517039,12.115798015500001,residential,group_4
1344,2388,45.00074371,9.2695509645,secondary,group_3
1344,257,79.59559354,16.1932119,secondary,group_3
1345,1344,76.05259205,11.291232170999999,residential,group_4
1346,1145,45.61419185,7.896706290000001,residential,group_4
1346,1804,87.32969701,11.6806306545,residential,group_4
1347,1968,86.70941635,20.36054574,unclassified,group_4
1347,1346,285.994789,38.25273204,residential,group_4
1347,2748,230.7647346,60.577038525000006,unclassified,group_4
1348,2923,20.59757771,2.0208549345,secondary,group_3
1348,3376,45.41024068,8.473574143499999,primary,group_2
1349,1692,81.10878436,9.410421006,tertiary,group_3
1349,1725,179.6590674,29.272268699999998,tertiary,group_3
1350,2067,82.98630864,14.214386214000001,tertiary,group_3
1350,230,88.34501267,20.634448319999997,tertiary,group_3
1351,1352,128.3825309,21.78043275,residential,group_4
1351,1117,82.01511081,10.969787487,residential,group_4
1352,1351,128.3825309,17.17158054,residential,group_4
1352,231,92.62359062,23.006322824999998,residential,group_4
1353,1720,45.28398258,6.723136543500001,residential,group_4
1354,653,94.93573924,14.094739496999999,residential,group_4
1355,1354,143.1647828,21.25511778,residential,group_4
1356,1355,326.0950674,48.41406474,residential,group_4
1357,1356,31.03466959,4.607596536,residential,group_4
1358,1529,78.36614714,10.4817267435,residential,group_4
1358,2097,83.51285824,11.170116072,residential,group_4
1360,974,194.7972094,26.054759519999998,residential,group_4
1360,2143,37.90168806,5.0694738975,residential,group_4
1361,1280,208.5572206,32.972133165,residential,group_4
1362,1149,107.4146582,30.536322854999998,residential,group_4
1362,1810,166.6336931,34.324310745000005,secondary,group_3
1362,2623,196.7395408,36.689945445,secondary,group_3
1363,3673,39.31877644,8.0820528255,residential,group_4
1363,4042,20.1374316,3.4861821795,residential,group_4
1363,1824,82.39637878,17.50805721,residential,group_4
1364,1670,98.11641952,22.54796988,unclassified,group_4
1364,1365,52.78777487,7.060536364500001,residential,group_4
1365,1364,52.78777487,9.9152524275,residential,group_4
1366,2092,130.8831245,15.17819472,secondary,group_3
1366,2087,187.6439973,18.409994775,secondary,group_3
1367,362,180.7400989,22.951716285,secondary,group_3
1367,2094,217.2888788,23.663526525,secondary,group_3
1368,3187,4.083367121,0.559985865,tertiary,group_3
1369,300,133.0711596,17.798699865,residential,group_4
1369,1370,101.8084375,15.261156525,tertiary,group_3
1369,2820,198.8789221,29.86562313,tertiary,group_3
1370,1371,125.9553368,18.88079376,tertiary,group_3
1370,1369,101.8084375,15.28856046,tertiary,group_3
1371,1372,60.73380872,9.104040732,tertiary,group_3
1371,1370,125.9553368,18.914697345,tertiary,group_3
1372,1373,105.1300626,15.759070484999999,tertiary,group_3
1372,1371,60.73380872,9.120388544999999,tertiary,group_3
1373,1372,105.1300626,15.78736851,tertiary,group_3
1373,980,82.04990883,12.299339159999999,tertiary,group_3
1374,1646,89.1546463,13.236443141999999,residential,group_4
1374,980,41.91687996,6.2946526800000004,tertiary,group_3
1375,1021,79.36631572,9.2082559305,tertiary,group_3
1376,1375,77.03785006,8.938102182,tertiary,group_3
1377,1378,31.51714715,4.73292609,tertiary,group_3
1377,2215,378.1851632,43.877881200000004,tertiary,group_3
1377,1302,75.18002114,8.7225527505,tertiary,group_3
1378,1377,31.51714715,3.6566892959999997,tertiary,group_3
1378,1379,186.3839998,21.62468493,tertiary,group_3
1378,1079,48.23795266,7.243887384000001,tertiary,group_3
1379,1380,211.4768447,24.53601243,tertiary,group_3
1379,1378,186.3839998,21.62468493,tertiary,group_3
1380,1381,232.868294,27.017895810000002,tertiary,group_3
1380,1379,211.4768447,24.53601243,tertiary,group_3
1381,243,240.5943233,36.130019775,tertiary,group_3
1381,1380,232.868294,27.017895810000002,tertiary,group_3
1381,1627,96.08448473,12.8516119515,residential,group_4
1382,3609,19.49744083,3.5937202394999996,tertiary,group_3
1382,243,167.1772225,19.396272045,tertiary,group_3
1383,2935,19.59938329,4.2228419355,tertiary,group_3
1383,3611,127.4639214,19.329190965,trunk,group_2
1383,3609,41.72090191,4.840551549,tertiary,group_3
1384,673,231.0877209,47.50054137,residential,group_4
1385,1384,261.7020758,44.398442895,residential,group_4
1386,482,88.19777785,24.05402328,residential,group_4
1386,3398,119.9166877,24.28855179,residential,group_4
1387,1304,121.3925693,16.236650474999998,residential,group_4
1387,1734,289.7298792,55.08305241,tertiary,group_3
1388,1577,79.2600381,10.601287563,residential,group_4
1389,1388,49.75229008,6.6545304135,residential,group_4
1390,737,75.71377934,21.52425423,residential,group_4
1390,199,193.3492346,56.306830125,residential,group_4
1390,732,312.5810349,66.32202267,residential,group_4
1391,840,284.4385292,82.83369714,residential,group_4
1391,2183,102.7027556,25.153778985000002,residential,group_4
1391,2455,75.71975015,17.20342257,residential,group_4
1392,502,71.26540151,12.337430994,residential,group_4
1392,1199,77.0729944,16.376913825,residential,group_4
1393,965,90.55983793,12.1126724955,residential,group_4
1394,903,82.12398031,10.984349136,residential,group_4
1395,1394,88.61040587,11.851929625499999,residential,group_4
1396,2357,95.4933439,12.772544946,residential,group_4
1397,2396,154.7218327,20.694547710000002,residential,group_4
1398,1397,28.54221231,3.8176136114999997,residential,group_4
1399,1322,88.25940384,11.804981964,residential,group_4
1400,1269,70.41059518,18.768991425000003,residential,group_4
1400,1761,74.47343559,17.37926745,residential,group_4
1401,1548,110.8196382,10.419630333,secondary,group_3
1401,954,82.74910446,10.489258908,secondary,group_3
1402,1401,43.02499833,5.754733288500001,residential,group_4
1403,1912,93.11536977,16.944108225,secondary,group_3
1403,3932,40.71914469,8.145980793,secondary,group_3
1404,1403,81.02065646,20.124326475,residential,group_4
1405,1188,64.94809412,13.378438197000001,secondary,group_3
1405,1206,56.45838213,15.854508495,residential,group_4
1405,3682,96.65266764,20.6465322,secondary,group_3
1406,2221,95.66236069,27.195326789999996,residential,group_4
1406,349,270.0707859,56.31776964000001,secondary,group_3
1406,1188,143.1499268,30.579079125,secondary,group_3
1407,1408,43.16930057,9.002079648,secondary,group_3
1407,3571,10.63034192,2.270808474,secondary,group_3
1408,1407,43.16930057,9.2216425665,secondary,group_3
1408,2220,94.59402412,26.563668720000003,residential,group_4
1408,544,454.3158725,93.582989685,secondary,group_3
1409,2846,129.7143208,36.426066855,residential,group_4
1409,752,318.2826205,86.804653695,residential,group_4
1409,2314,376.9124613,86.650321695,residential,group_4
1410,2729,140.1839702,18.750061379999998,residential,group_4
1411,3872,28.6911056,3.1245627570000005,secondary,group_3
1412,2276,84.89440106,13.016050003499998,secondary,group_3
1412,1687,242.7375967,23.815298925,secondary,group_3
1413,325,312.0552292,41.73840057,residential,group_4
1414,767,305.763212,40.89682284,residential,group_4
1414,1415,85.29017406,14.469701511,residential,group_4
1415,1414,85.29017406,11.407837835999999,residential,group_4
1415,2231,94.42616252,11.750803473000001,secondary,group_3
1415,2365,95.58452689,16.604922585,secondary,group_3
1416,1417,125.7241503,16.816013505,residential,group_4
1417,1857,94.59382965,12.652231992,residential,group_4
1418,3544,14.3220852,2.7795255075000003,tertiary,group_3
1418,2364,100.7547358,18.570864585,tertiary,group_3
1419,3138,8.07621554,1.471458942,secondary,group_3
1419,3139,60.79324369,5.964503607,secondary,group_3
1420,2104,82.76059187,17.298525915,residential,group_4
1420,433,58.72554013,14.568328079999999,residential,group_4
1421,1686,81.13625609,10.30328268,secondary,group_3
1421,510,77.11707136,11.627513952,secondary,group_3
1422,511,78.30012593,10.472896191,residential,group_4
1423,678,83.57101587,13.212271705500001,residential,group_4
1423,1875,73.59853315,20.922922515,residential,group_4
1424,1423,44.56177864,7.714513035,residential,group_4
1426,1427,80.6054114,20.492972655000003,residential,group_4
1426,2374,213.8497325,51.8974581,residential,group_4
1426,2373,80.93463988,21.792569535,residential,group_4
1427,2163,92.62706703,12.389171102999999,residential,group_4
1427,1426,80.6054114,22.63541979,residential,group_4
1427,1428,205.700181,52.2968385,residential,group_4
1428,1427,205.700181,54.673967535,residential,group_4
1428,1429,84.19508284,21.40560417,residential,group_4
1429,2044,83.17935049,18.161279790000002,residential,group_4
1429,2180,85.42757395,14.7891792675,residential,group_4
1429,1428,84.19508284,22.378586175000002,residential,group_4
1429,1430,172.4735012,35.45227176,residential,group_4
1430,1431,84.83117246,17.437216485,residential,group_4
1430,1429,172.4735012,40.248755579999994,residential,group_4
1431,1430,84.83117246,19.79636931,residential,group_4
1431,1105,145.7557576,23.04345174,residential,group_4
1431,1467,148.8482318,25.722343394999996,residential,group_4
1432,837,73.67466889,11.6476954725,residential,group_4
1433,1434,76.20399524,10.192531902,residential,group_4
1434,1433,76.20399524,18.92793945,residential,group_4
1434,2321,74.90023177,10.0181493045,residential,group_4
1435,3589,140.5898407,18.80434788,residential,group_4
1435,634,87.71383393,13.6091318505,residential,group_4
1436,1435,123.9881357,16.583815905,residential,group_4
1437,1479,84.4939618,10.514797099499999,secondary,group_3
1438,1439,280.973963,35.68015467,secondary,group_3
1438,2886,131.1122469,12.327608787,secondary,group_3
1439,1440,315.5729602,40.073791560000004,secondary,group_3
1439,1438,280.973963,26.418104910000004,secondary,group_3
1440,836,75.75207127,9.619559017499999,secondary,group_3
1440,1439,315.5729602,29.671217504999998,secondary,group_3
1441,1442,327.5476117,41.594421495,secondary,group_3
1441,836,260.7275855,24.514473285,secondary,group_3
1442,1443,94.44982667,11.99393847,secondary,group_3
1442,1441,327.5476117,30.79711401,secondary,group_3
1443,1444,109.1502164,13.860702824999999,secondary,group_3
1443,1442,94.44982667,8.8804863045,secondary,group_3
1444,1443,109.1502164,10.2626657565,secondary,group_3
1444,990,208.3777922,26.461355265,secondary,group_3
1445,1446,290.2689187,36.860496975000004,secondary,group_3
1445,990,103.8787991,9.767029602000001,secondary,group_3
1446,1981,401.1720676,61.50789246,secondary,group_3
1446,1445,290.2689187,27.292047509999996,secondary,group_3
1447,2958,17.1761561,1.9758794970000002,primary,group_2
1447,2787,35.6430708,3.1678742040000003,primary,group_2
1448,2784,16.86885428,3.4722163034999998,unclassified,group_4
1448,2425,400.7619105,52.78693587,unclassified,group_4
1448,3175,188.0483696,24.240980235000002,primary,group_2
1449,2783,17.23600989,1.6910471774999998,secondary,group_3
1449,1448,542.4366647,69.924543885,primary,group_2
1450,3155,11.03012809,1.3830928725,primary_link,group_2
1450,1588,69.29015144,8.6227686315,secondary,group_3
1451,1032,71.45023377,12.369429062999998,residential,group_4
1452,1453,74.93504212,10.0228053015,residential,group_4
1453,1454,76.00688045,10.1661671595,residential,group_4
1453,1452,74.93504212,10.5239455665,residential,group_4
1454,1455,82.03415046,10.9723341015,residential,group_4
1454,1453,76.00688045,12.016409583,residential,group_4
1455,1454,82.03415046,17.146685955,residential,group_4
1455,340,72.98375247,11.3755046295,secondary,group_3
1455,2412,81.30899389,13.5506124075,secondary,group_3
1456,1002,68.73352491,9.193332229500001,residential,group_4
1457,1006,56.10144521,9.5177571795,residential,group_4
1458,1513,42.13291427,4.1337146025000004,secondary,group_3
1460,3367,29.07775837,2.8528564065,secondary,group_3
1461,3340,61.49170805,5.4652416675,primary,group_2
1462,2112,70.1289139,8.1365120895,tertiary,group_3
1463,1462,69.46368428,9.290993416500001,residential,group_4
1464,1465,184.4224379,24.667100145,residential,group_4
1464,721,187.0428586,31.732311044999996,residential,group_4
1465,1466,89.93224597,12.0287300325,residential,group_4
1465,1464,184.4224379,31.287749835,residential,group_4
1465,2010,240.2338662,41.589167865,residential,group_4
1466,1465,89.93224597,15.569025855,residential,group_4
1466,632,179.0161013,23.943985065,residential,group_4
1467,318,172.1321564,47.74098024,residential,group_4
1467,1431,148.8482318,34.73551623,residential,group_4
1467,1931,81.0082337,22.467693225,residential,group_4
1468,2289,98.898648,19.52878374,residential,group_4
1468,1134,136.326331,34.77313824,residential,group_4
1468,867,131.8186731,32.741798565,residential,group_4
1469,2403,250.4273568,61.00184169,tertiary,group_3
1469,2404,197.9922026,48.22911183000001,tertiary,group_3
1470,1207,36.89473645,7.2738817095,residential,group_4
1471,1770,84.42896405,12.4247842155,tertiary,group_3
1471,69,54.06578246,9.802679964,tertiary,group_3
1472,1473,73.56997992,9.840223797,residential,group_4
1472,2442,81.12928746,10.851305736,residential,group_4
1472,802,31.42576416,6.2054129625000005,residential,group_4
1473,1472,73.56997992,9.840223797,residential,group_4
1473,2377,31.08728247,4.158025014,residential,group_4
1474,1473,80.19349505,10.726140462,residential,group_4
1475,2343,87.70565339,16.000969485,residential,group_4
1476,1966,109.8902773,18.64317348,residential,group_4
1476,1477,83.7346641,17.314865025,residential,group_4
1477,626,31.84358277,6.584696355,residential,group_4
1477,1476,83.7346641,14.20580517,residential,group_4
1478,584,89.46172848,11.96579679,residential,group_4
1478,1525,222.4424658,49.427995079999995,tertiary,group_3
1478,1901,177.0720874,42.600652620000005,tertiary,group_3
1479,3662,36.60055289,4.554732423,secondary,group_3
1480,84,212.6217576,39.185509875,primary,group_2
1481,1480,301.851926,55.630344525000005,primary,group_2
1482,2669,17.46767036,3.219235779,primary,group_2
1482,3601,168.8984482,21.018459495,secondary,group_3
1483,387,404.5022509,74.54847108,primary,group_2
1484,1641,81.66235557,13.854232599,residential,group_4
1485,1486,43.58199009,5.829232746,residential,group_4
1486,1487,46.02949083,6.464423616,residential,group_4
1486,2506,67.4773398,9.025313389499999,residential,group_4
1487,1800,249.9968399,52.254058560000004,residential,group_4
1487,1486,46.02949083,6.1565939190000005,residential,group_4
1487,1488,65.58817201,16.518513390000003,residential,group_4
1488,1839,74.93228682,21.561869565000002,residential,group_4
1488,1487,65.58817201,13.709166012,residential,group_4
1489,1154,101.2468732,19.641459195,residential,group_4
1489,3097,122.0638275,33.854492369999996,residential,group_4
1490,1489,184.6577665,31.327673925,residential,group_4
1491,211,92.276767,21.533887905,residential,group_4
1492,335,175.4386315,34.115029335,unclassified,group_4
1492,3762,267.915009,35.288813700000006,unclassified,group_4
1492,1570,239.5277174,57.771360735,unclassified,group_4
1493,3266,37.11738444,6.2011696574999995,unclassified,group_4
1494,1495,29.21460739,6.0051207479999995,residential,group_4
1494,671,43.07391072,7.456934079,residential,group_4
1494,2358,75.04692281,12.731907096,residential,group_4
1495,1496,71.6839467,14.7347780475,residential,group_4
1495,1494,29.21460739,4.9563346935,residential,group_4
1495,466,351.518009,47.016675570000004,residential,group_4
1496,1497,71.41693712,12.116070511499998,residential,group_4
1496,1495,71.6839467,12.161369388,residential,group_4
1497,1496,71.41693712,12.116070511499998,residential,group_4
1497,1498,127.9172603,21.7014984,residential,group_4
1497,2350,233.1508193,39.554647394999996,residential,group_4
1498,2436,81.39286644,16.07204667,residential,group_4
1498,2350,233.133238,31.182327885,residential,group_4
1499,2350,76.66267641,15.138011070000001,residential,group_4
1499,465,140.5566409,29.378991135,residential,group_4
1500,1501,149.9369595,39.44811264,residential,group_4
1500,1671,152.3792656,43.847345235,residential,group_4
1501,1500,149.9369595,43.14456828,residential,group_4
1501,2225,56.67116416,14.910069365999998,residential,group_4
1502,2008,105.9877052,17.835465194999998,tertiary,group_3
1502,459,89.72123432,15.367984154999998,tertiary,group_3
1503,1504,119.5580181,23.608236585,residential,group_4
1503,2155,289.011465,83.16345033,residential,group_4
1503,1505,175.4247584,23.463631275,residential,group_4
1504,1503,119.5580181,34.402985715,residential,group_4
1505,989,414.9997182,55.50756039,residential,group_4
1506,2155,267.6413694,46.33394124,residential,group_4
1507,1508,80.36104748,18.728275515,residential,group_4
1507,2776,83.07255994,21.120216,residential,group_4
1508,1753,88.78037573,18.529225155,residential,group_4
1508,1509,164.8966951,32.560929435,residential,group_4
1508,1507,80.36104748,20.430846015,residential,group_4
1509,3114,109.9755886,17.386738005,residential,group_4
1509,1508,164.8966951,24.481570169999998,residential,group_4
1510,1544,130.0273296,11.556530172,primary,group_2
1511,1554,75.05699791,10.854446004,secondary,group_3
1511,1694,77.96767639,7.6495093665,secondary,group_3
1512,2132,50.27182292,4.9322334345000005,secondary,group_3
1513,1306,77.39696104,7.5935157465,secondary,group_3
1514,4079,12.15110748,2.5782393734999998,tertiary,group_3
1514,2597,74.39885387,9.5814311925,tertiary,group_3
1515,1516,72.39300257,14.654246427,tertiary,group_3
1515,285,150.0049222,33.081340125000004,tertiary,group_3
1515,1557,108.5329636,14.5166364345,residential,group_4
1516,1515,72.39300257,15.965193045,tertiary,group_3
1516,4079,68.5216754,10.843850079,tertiary,group_3
1516,1271,227.8128295,42.000821115,residential,group_4
1517,3425,17.14570353,4.814815659,residential,group_4
1517,1815,259.0963109,65.451058395,tertiary,group_3
1517,3666,390.0614173,75.48142522500001,primary,group_2
1518,265,87.15206317,16.864938825,primary,group_2
1518,2246,344.8286932,46.12195785,residential,group_4
1519,3696,23.06190276,4.4627466645,primary,group_2
1519,2245,93.11462153,16.119957135,residential,group_4
1520,483,91.4934637,17.705050364999998,primary,group_2
1520,1734,55.71494007,13.906758674999999,tertiary,group_3
1521,3462,128.1519832,22.633917255,primary,group_2
1522,1521,139.9148952,24.711456525000003,primary,group_2
1523,1522,119.7369194,21.147667485,primary,group_2
1524,3430,474.5724354,80.51245716,residential,group_4
1524,1526,153.7223163,39.61501854,residential,group_4
1524,1028,257.2470763,52.877649000000005,residential,group_4
1525,1526,79.47701043,20.634704085,residential,group_4
1525,2294,84.70963705,20.379755355,tertiary,group_3
1525,1903,153.2365213,20.49588249,residential,group_4
1525,1478,222.4424658,53.516024744999996,tertiary,group_3
1526,1524,153.7223163,37.649400405,residential,group_4
1526,1525,79.47701043,21.400086285,residential,group_4
1527,1968,90.00495403,23.319520755,unclassified,group_4
1527,1528,151.5001016,36.12437976,residential,group_4
1527,1803,187.442151,24.826745745,"['residential', 'unclassified']",group_4
1528,1527,151.5001016,31.666381004999998,residential,group_4
1529,2060,77.9007934,10.4194841685,residential,group_4
1529,1358,78.36614714,10.4817267435,residential,group_4
1530,1653,142.1830974,27.186535980000002,primary,group_2
1530,3709,92.03012726,11.8634397165,primary,group_2
1531,600,84.84052393,23.530581735,residential,group_4
1531,213,90.47264365,25.71997065,residential,group_4
1532,1533,123.5450023,16.52454537,residential,group_4
1532,600,71.76320987,20.401168545,residential,group_4
1533,2049,392.5142371,62.055064125,residential,group_4
1533,674,89.92106078,22.646800485,residential,group_4
1533,1532,123.5450023,35.121929715,residential,group_4
1534,2341,87.38262364,15.127636500000001,residential,group_4
1535,1706,91.2817781,10.590714297,tertiary,group_3
1535,1705,91.67931948,10.636837929,tertiary,group_3
1536,1224,85.82599758,14.858154168,residential,group_4
1537,283,90.61340307,22.507022114999998,residential,group_4
1537,2733,45.67678064,12.4573472415,residential,group_4
1538,397,55.00639137,13.662769801499998,residential,group_4
1538,283,68.92901873,17.359912365,residential,group_4
1539,904,87.53826547,15.436522485000001,residential,group_4
1540,1209,178.5849716,22.637393085,secondary,group_3
1540,954,83.75839249,7.8752421644999995,secondary,group_3
1541,2339,199.450271,26.677121639999996,residential,group_4
1541,2338,80.99707372,15.713084939999998,residential,group_4
1542,1543,43.67567463,6.9049642875,residential,group_4
1542,2150,146.2397077,28.83149298,residential,group_4
1542,2151,67.1038728,8.975360967,residential,group_4
1543,1542,43.67567463,8.6107591875,residential,group_4
1544,3742,120.8638837,10.7421041625,primary,group_2
1545,2859,21.41021922,3.3333322604999998,unclassified,group_4
1545,3612,115.5207288,17.945342655,trunk,group_2
1546,2678,89.63908264,10.4001251265,tertiary,group_3
1547,1122,231.1488728,30.916912605,residential,group_4
1548,1549,84.69735289,17.40970962,residential,group_4
1548,1401,110.8196382,14.047473799499999,secondary,group_3
1548,3188,61.8920604,7.702117918499999,secondary,group_3
1549,1548,84.69735289,14.369127845999998,residential,group_4
1549,869,82.74291986,17.007972015,residential,group_4
1550,1551,16.01349675,3.2916061574999995,residential,group_4
1550,869,97.00977973,16.457963325,residential,group_4
1551,1550,16.01349675,2.7167316825,residential,group_4
1552,1553,35.10788662,4.6957938795,residential,group_4
1553,1820,78.08682665,10.4443667205,residential,group_4
1553,1552,35.10788662,4.6957938795,residential,group_4
1553,1821,78.16376079,10.4546569125,residential,group_4
1554,1695,74.30899462,10.746272727000001,secondary,group_3
1554,1511,75.05699791,7.363938943500001,secondary,group_3
1555,1970,54.92641212,8.683664703,residential,group_4
1555,1556,45.32417397,11.9246990565,residential,group_4
1555,1971,135.4281105,35.99604084,residential,group_4
1556,1555,45.32417397,12.0469141275,residential,group_4
1556,1565,142.6433836,37.529187465,residential,group_4
1557,1515,108.5329636,14.5166364345,residential,group_4
1557,1971,355.6935333,47.575165515,residential,group_4
1558,3669,7.108804262,1.6603795694999999,tertiary,group_3
1558,4028,61.8035662,15.4265136,tertiary,group_3
1559,1558,86.9415479,11.628714451499999,residential,group_4
1561,266,78.48830437,19.95472323,residential,group_4
1561,2042,79.81334583,16.909666125,residential,group_4
1562,1561,68.81910198,10.217304068999999,residential,group_4
1563,1564,228.8183832,36.175348815,residential,group_4
1564,3373,103.4409427,20.95670994,secondary,group_3
1564,1630,116.9996162,22.57961943,secondary,group_3
1565,1556,142.6433836,36.265393454999995,residential,group_4
1566,1768,22.16545533,2.7583659285,secondary,group_3
1566,1567,88.62341832,15.10880703,unclassified,group_4
1566,1251,57.03835482,10.5372449085,secondary,group_3
1567,1011,73.73902733,12.571267901999999,unclassified,group_4
1567,1566,88.62341832,21.98009709,unclassified,group_4
1568,1011,74.64508314,15.61948515,unclassified,group_4
1568,2349,78.79299997,13.4328855045,unclassified,group_4
1569,3916,229.0410913,46.596937845,secondary,group_3
1569,2005,164.8699525,29.20020006,secondary,group_3
1570,3110,222.7284506,63.874864814999995,unclassified,group_4
1570,1262,201.5536698,57.11416272,unclassified,group_4
1571,395,294.7892259,34.20209964,tertiary,group_3
1572,2059,55.8893424,8.2976730165,residential,group_4
1572,924,76.64608667,10.251663067500001,residential,group_4
1573,1574,108.7360315,14.5437974295,residential,group_4
1573,257,55.54752845,11.442047476499999,secondary,group_3
1573,302,100.3459499,20.414738534999998,secondary,group_3
1574,1573,108.7360315,27.008413575,residential,group_4
1574,2033,87.65670862,11.7243695205,residential,group_4
1575,1574,51.00743933,8.653545735,residential,group_4
1576,2367,85.03300469,12.769395798000001,tertiary,group_3
1577,831,112.2492452,23.823741015,residential,group_4
1577,3048,127.143744,18.876536535,residential,group_4
1578,548,80.70799805,10.6305709335,unclassified,group_4
1579,1851,110.3501375,14.534928294,unclassified,group_4
1580,788,73.72415995,13.8477830835,residential,group_4
1580,1290,79.75479257,18.61173531,residential,group_4
1581,1580,59.56963111,10.1061440055,residential,group_4
1582,892,39.51335588,4.5844271625,tertiary,group_3
1583,3746,118.4418491,15.040623165,secondary,group_3
1584,3406,17.98266301,3.260440938,tertiary,group_3
1584,898,100.1128941,23.68410201,tertiary,group_3
1585,898,108.3397353,16.240202670000002,tertiary,group_3
1585,1586,87.29706632,20.91473922,tertiary,group_3
1586,3299,105.9037063,25.372541055,tertiary,group_3
1587,341,202.4156881,41.694922845,secondary,group_3
1587,2834,35.33333088,7.188339061500001,secondary,group_3
1588,3155,72.34446345,9.967594694999999,secondary,group_3
1588,2834,132.3568698,27.600333285,secondary,group_3
1589,2480,88.8347488,11.881936221,residential,group_4
1590,566,87.69253649,19.146683415000002,residential,group_4
1591,815,114.808279,14.579205515999998,secondary,group_3
1591,1681,113.6242508,15.205629089999999,secondary,group_3
1592,3860,136.7006592,24.906394154999997,secondary,group_3
1592,1593,152.224616,27.347692155,secondary,group_3
1592,2470,137.415099,13.4819727315,secondary,group_3
1592,2432,124.0079122,12.166576326000001,secondary,group_3
1593,1285,80.6824064,14.494880465999998,secondary,group_3
1593,1592,152.224616,27.734806155,secondary,group_3
1594,1220,42.5858701,6.529285887,secondary,group_3
1594,1285,41.91611494,7.636973265,secondary,group_3
1595,1220,37.71355332,6.8712808635,secondary,group_3
1595,1596,45.5385201,6.981987591,secondary,group_3
1596,1597,199.1227116,30.52958898,secondary,group_3
1596,1595,45.5385201,8.2969631385,secondary,group_3
1597,1596,199.1227116,36.279479325,secondary,group_3
1597,3368,25.10574207,3.849224331,secondary,group_3
1598,1709,114.7177332,13.303533967499998,secondary,group_3
1598,819,114.4314242,11.227014732,secondary,group_3
1599,3260,77.56608252,13.428201768000001,residential,group_4
1600,1599,48.32778602,8.3664823665,residential,group_4
1601,621,148.0491141,25.630189275,residential,group_4
1602,1601,139.1299664,24.086110830000003,residential,group_4
1603,1602,206.2180637,35.700369,residential,group_4
1604,4029,85.00721782,14.716407423,residential,group_4
1604,2711,125.3717781,16.768882575,residential,group_4
1605,1725,85.67079158,9.9397151985,tertiary,group_3
1605,714,105.7197969,17.225171805,tertiary,group_3
1606,1236,34.58484634,7.228885719,residential,group_4
1607,1236,69.78993044,11.840044566,residential,group_4
1607,1608,47.56831203,9.942675129,residential,group_4
1608,1609,61.84284611,12.9263222025,residential,group_4
1608,1607,47.56831203,8.0700887775,residential,group_4
1609,1608,61.84284611,10.491800886,residential,group_4
1609,1770,81.28252042,14.737353241500001,tertiary,group_3
1610,3195,11.72029539,2.4738344684999998,secondary,group_3
1610,2865,716.4063121,136.43656512,secondary,group_3
1610,2858,361.6446965,75.41364624,secondary,group_3
1611,3971,6.719972617,1.4354919975,secondary,group_3
1611,991,403.6214585,97.104731715,tertiary,group_3
1611,2337,139.5975673,26.388544995000004,secondary,group_3
1612,1613,84.7461043,14.671203580499999,residential,group_4
1613,1090,232.9434328,31.156940835,residential,group_4
1613,418,182.7784085,31.160654295,unclassified,group_4
1614,2343,357.6454133,60.675481485000006,residential,group_4
1614,1615,42.61936087,7.230486244500001,residential,group_4
1614,624,196.0179148,45.30476076,residential,group_4
1615,1614,42.61936087,6.737964948,residential,group_4
1616,3426,398.6641703,97.640130195,residential,group_4
1616,4069,99.38275754,17.205093735,residential,group_4
1618,1617,47.4577241,7.5028924665000005,residential,group_4
1619,768,154.0691677,20.607251655,residential,group_4
1619,1618,81.30935846,13.794345714,residential,group_4
1620,1249,113.0202822,19.56601524,residential,group_4
1621,1622,80.8047343,16.88971476,residential,group_4
1622,1623,88.14432205,18.423827145,residential,group_4
1623,1088,375.2401376,63.972152445,unclassified,group_4
1623,417,109.5776722,22.555022039999997,unclassified,group_4
1624,279,90.48295446,24.049867589999998,residential,group_4
1624,1303,77.32390653,21.445842374999998,residential,group_4
1624,266,78.57670223,16.64766444,residential,group_4
1625,1814,78.66357288,21.45377649,residential,group_4
1625,279,130.2264421,34.613466224999996,residential,group_4
1625,386,145.7725927,38.745546855,residential,group_4
1626,1560,185.8898809,24.863375415,residential,group_4
1627,785,135.9605692,18.185167785,residential,group_4
1627,1381,96.08448473,12.8516119515,residential,group_4
1628,1629,133.8557225,17.90363769,residential,group_4
1628,785,111.0506339,14.853383023500001,residential,group_4
1629,620,90.44263116,12.0969957105,residential,group_4
1629,1628,133.8557225,17.90363769,residential,group_4
1630,2100,225.7501403,43.567256205,secondary,group_3
1630,1564,116.9996162,19.49866029,secondary,group_3
1631,1221,78.18153849,10.457034736499999,residential,group_4
1631,2083,77.46606196,13.142320391999998,residential,group_4
1632,1631,94.79243185,12.678795681,residential,group_4
1633,555,43.89660698,10.2437985735,residential,group_4
1634,1585,116.1554388,17.09373411,tertiary,group_3
1634,899,111.2312663,10.913043108,secondary,group_3
1635,1940,65.22492002,7.567539844500001,tertiary,group_3
1636,1637,95.6902256,12.7988785125,residential,group_4
1637,928,164.7525595,22.036190010000002,residential,group_4
1638,1639,80.55780437,17.11738632,residential,group_4
1639,1638,80.55780437,16.83810174,residential,group_4
1639,1640,89.11489028,18.935645235,residential,group_4
1640,1639,89.11489028,18.626694224999998,residential,group_4
1640,1197,153.5711881,29.941276515,secondary,group_3
1640,1809,463.2238547,97.77391269,secondary,group_3
1641,767,249.7459221,42.37005009,residential,group_4
1641,1484,81.66235557,10.922605329,residential,group_4
1642,2376,73.64516611,15.39322986,residential,group_4
1643,558,74.17362309,10.743579099,secondary,group_3
1643,476,61.92994173,12.5992485885,secondary,group_3
1644,2352,74.93547543,17.487089985,residential,group_4
1644,2307,76.99512842,21.265677795,residential,group_4
1645,2382,31.18304724,3.0594090135,secondary,group_3
1645,2362,80.78423153,7.925845227,secondary,group_3
1646,924,76.34797857,11.3350870575,residential,group_4
1646,1374,89.1546463,15.434408190000001,residential,group_4
1647,2059,86.18978684,10.925399076000001,secondary,group_3
1647,981,121.152848,11.391193033499999,secondary,group_3
1648,3198,119.5049345,15.98417319,residential,group_4
1648,764,245.5346633,60.987159840000004,residential,group_4
1649,1741,93.28200358,12.476770994999999,residential,group_4
1650,3898,47.39308956,8.204668179,residential,group_4
1652,1680,135.2159523,17.170723005,secondary,group_3
1652,1679,111.5784139,10.947102208499999,secondary,group_3
1653,1530,142.1830974,18.328569735000002,primary,group_2
1653,280,68.98796821,13.191046712999999,primary,group_2
1654,1449,106.8832755,13.778132591999999,primary,group_2
1654,1140,66.28372434,12.673973834999998,primary,group_2
1655,1654,24.11679856,4.611323172,primary,group_2
1656,3437,120.5960195,11.831831136,secondary,group_3
1657,1658,150.2069964,26.00376078,residential,group_4
1658,1709,111.3784439,17.07659607,secondary,group_3
1658,3833,32.43920483,5.910312546,secondary,group_3
1659,1711,114.0357096,11.188190658,secondary,group_3
1659,3366,181.8942499,21.09382974,secondary,group_3
1659,2090,252.5240362,24.775459125,secondary,group_3
1660,879,115.0841545,13.346026944,secondary,group_3
1661,1660,114.9237576,13.327426111500001,secondary,group_3
1662,3359,61.95739033,8.816574816,secondary,group_3
1662,1245,114.3980306,13.2664588395,secondary,group_3
1663,751,83.43246889,13.362283156500002,secondary,group_3
1664,2689,36.46047523,9.8173963965,residential,group_4
1664,2373,60.51582716,16.084771305,residential,group_4
1664,3660,17.01326967,3.3594843885000003,residential,group_4
1665,1848,299.1082675,37.98298296,secondary,group_3
1666,2706,15.4626392,2.0681782215,residential,group_4
1666,2486,632.6515686,120.967997895,primary,group_2
1667,276,81.69937238,21.998482425,residential,group_4
1667,993,82.90492325,17.3286939,residential,group_4
1667,3738,214.4726754,44.82883761,residential,group_4
1668,453,90.55315497,21.531234255,unclassified,group_4
1668,3143,96.79291353,17.635338915,secondary,group_3
1669,220,122.7541259,16.41876309,residential,group_4
1670,1364,98.11641952,12.923546398500001,unclassified,group_4
1670,603,366.5415415,85.5368553,residential,group_4
1671,1827,75.40641655,21.69830106,residential,group_4
1671,1500,152.4536587,40.110251129999995,residential,group_4
1672,1673,251.3829036,63.311291190000006,residential,group_4
1673,3055,73.31514441,15.324249105,residential,group_4
1673,2312,74.52590043,21.703303995,residential,group_4
1673,1672,251.3829036,63.311291190000006,residential,group_4
1674,3673,15.76771076,2.7296982735000004,residential,group_4
1675,1712,117.1715207,14.879307449999999,secondary,group_3
1676,1684,115.220472,17.958668445,secondary,group_3
1676,881,112.9727506,19.05101142,secondary,group_3
1677,1960,115.2376834,19.646093025,unclassified,group_4
1678,2399,114.1577855,15.036458175,unclassified,group_4
1679,493,112.1300891,14.997763659,residential,group_4
1679,1652,111.5784139,14.169053329499999,secondary,group_3
1679,30,121.5339027,11.923848060000001,secondary,group_3
1680,1957,114.4928136,15.70134534,tertiary,group_3
1680,1681,152.4040123,19.35339015,secondary,group_3
1680,1652,135.2159523,15.680662124999998,secondary,group_3
1681,494,111.8417069,20.661596235,secondary,group_3
1681,1958,116.099288,14.7431473995,secondary,group_3
1681,1591,113.6242508,14.4288488535,secondary,group_3
1681,1680,152.4040123,20.395284150000002,secondary,group_3
1682,815,113.6514323,15.209266620000001,secondary,group_3
1682,1683,114.2347774,17.80503462,secondary,group_3
1683,1959,113.6075952,20.698916595,secondary,group_3
1683,1682,114.2347774,15.287332065000001,secondary,group_3
1683,881,114.1072894,17.78516388,secondary,group_3
1683,488,114.5968462,11.2432444905,secondary,group_3
1684,1960,114.2282273,11.20707882,secondary,group_3
1684,491,115.1516658,14.622811323,secondary,group_3
1684,1685,212.4216994,26.974880549999998,secondary,group_3
1684,1676,115.220472,19.430052945,secondary,group_3
1685,510,89.05831078,11.3092838535,secondary,group_3
1685,1684,212.4216994,32.02839825,secondary,group_3
1686,112,132.4572957,16.82040837,secondary,group_3
1686,1421,81.13625609,12.233516304000002,secondary,group_3
1687,1688,89.65860137,11.385513198,secondary,group_3
1687,112,89.67603626,13.521122424000001,secondary,group_3
1687,1412,242.7375967,37.21664394,secondary,group_3
1687,2107,199.1575422,19.539603525,secondary,group_3
1688,1689,59.77523159,9.3167780595,secondary,group_3
1688,479,82.29549471,14.246955261,residential,group_4
1688,1687,89.65860137,8.796521106,secondary,group_3
1689,1688,59.77523159,7.590701592,secondary,group_3
1689,1690,79.32922685,14.6552524935,secondary,group_3
1690,1050,79.78148689,14.738802849,secondary,group_3
1690,1689,79.32922685,10.073812723500001,secondary,group_3
1691,1692,81.64463208,15.082999605,secondary,group_3
1691,1050,96.18853455,12.214732473000002,secondary,group_3
1692,1349,81.10878436,13.215242427,tertiary,group_3
1692,1693,252.7766174,46.69786029,secondary,group_3
1692,1691,81.64463208,10.3678400265,secondary,group_3
1693,1692,252.7766174,42.12668001,secondary,group_3
1693,1854,80.36207628,16.267396395,tertiary,group_3
1693,648,56.67009851,12.105625657500001,secondary,group_3
1694,2378,163.9619608,21.93044487,residential,group_4
1694,287,76.57139057,7.512517962,secondary,group_3
1694,1511,77.96767639,12.48705909,secondary,group_3
1695,1696,187.1961959,27.071573040000004,secondary,group_3
1695,1554,74.30899462,7.290551376,secondary,group_3
1696,1697,340.785627,67.186666125,residential,group_4
1696,1695,187.1961959,18.366060405,secondary,group_3
1697,1696,340.785627,45.581184615,residential,group_4
1697,1698,91.95877336,14.0782314375,secondary,group_3
1698,1699,386.4669363,69.43015579499999,secondary,group_3
1698,1697,91.95877336,9.022193949,secondary,group_3
1698,2127,92.51351659,9.0766205235,secondary,group_3
1698,1277,520.3071215,86.71218028499999,secondary,group_3
1699,1856,92.93730953,18.322803225,residential,group_4
1699,1700,284.7661058,51.88341380999999,secondary,group_3
1699,1698,386.4669363,63.42413943,secondary,group_3
1700,1699,284.7661058,27.9387702,secondary,group_3
1700,1701,205.6142913,37.46222301,secondary,group_3
1701,1700,205.6142913,20.173083509999998,secondary,group_3
1701,1702,117.6651205,21.43818387,secondary,group_3
1701,1891,97.30364187,11.289384283499999,tertiary,group_3
1701,3141,82.59165159,9.582466551,tertiary,group_3
1702,3139,19.58282984,3.5679248460000004,secondary,group_3
1702,1701,117.6651205,11.544276843,secondary,group_3
1703,628,360.5502713,35.374052490000004,secondary,group_3
1703,2822,60.4674045,12.763018719000002,secondary,group_3
1704,3220,55.26079704,8.298507057,tertiary,group_3
1704,1705,55.17580924,6.4016197305,tertiary,group_3
1705,1535,91.67931948,10.636837929,tertiary,group_3
1705,1704,55.17580924,8.285744449500001,tertiary,group_3
1706,1707,78.19573828,10.458934005,residential,group_4
1706,1535,91.2817781,10.590714297,tertiary,group_3
1707,1708,139.7315642,18.689550615,residential,group_4
1707,1706,78.19573828,10.458934005,residential,group_4
1708,1707,139.7315642,18.689550615,residential,group_4
1709,1658,111.3784439,20.292772829999997,secondary,group_3
1709,1598,114.7177332,11.2551048795,secondary,group_3
1709,187,112.1962064,16.91665584,secondary,group_3
1709,188,148.6992591,31.386355064999997,secondary,group_3
1710,3365,8.506077206,0.834542214,secondary,group_3
1711,1659,114.0357096,11.188190658,secondary,group_3
1711,676,109.9402432,10.786379161500001,secondary,group_3
1712,1244,114.8867079,14.5891650045,secondary,group_3
1713,2952,12.22516449,1.5524419244999998,secondary,group_3
1713,677,103.6746162,14.752961754000001,secondary,group_3
1714,926,139.0096666,21.66653607,secondary,group_3
1715,3357,49.56113012,6.628962147,residential,group_4
1715,1716,259.2124903,34.670512605,residential,group_4
1715,1313,128.6057804,36.560630505,residential,group_4
1716,1715,259.2124903,34.670512605,residential,group_4
1716,1314,108.5766894,29.611927620000003,residential,group_4
1716,2456,145.3197284,26.512048529999998,residential,group_4
1717,2223,80.4608214,18.5509947,tertiary,group_3
1717,2179,90.39426521,22.01922636,tertiary,group_3
1719,1718,247.1026055,36.686361555,residential,group_4
1720,1719,228.6718851,33.950024264999996,residential,group_4
1721,571,72.84288361,19.613772405,residential,group_4
1721,907,78.80244115,19.397124599999998,residential,group_4
1722,860,63.61194801,10.7919336585,residential,group_4
1722,2914,101.3562923,29.51680437,residential,group_4
1722,1044,408.4288692,69.29102784,residential,group_4
1723,3128,21.93042383,2.38830063,secondary,group_3
1723,3130,61.46921423,6.0308239485,secondary,group_3
1724,714,128.4635817,14.904629592000001,tertiary,group_3
1724,636,151.1784101,17.540054355,tertiary,group_3
1724,1112,83.75585604,15.732060255,residential,group_4
1725,1349,179.6590674,20.844443355,tertiary,group_3
1725,1605,85.67079158,13.958540846999998,tertiary,group_3
1726,1692,84.43238702,12.679201115999998,tertiary,group_3
1727,1728,70.75232109,8.2088411745,tertiary,group_3
1727,374,70.22030128,10.5449739585,tertiary,group_3
1728,2265,258.3691876,34.557718125,residential,group_4
1728,1727,70.75232109,10.624867307999999,tertiary,group_3
1729,1728,68.85118409,10.339373799,tertiary,group_3
1730,1167,71.04321706,8.242591569,tertiary,group_3
1731,1730,69.14183631,8.021989158,tertiary,group_3
1732,3370,166.4565455,22.93432422,secondary,group_3
1732,2032,113.9138204,14.175932604,secondary,group_3
1733,1773,81.12338733,12.8253105915,residential,group_4
1733,1386,226.5074285,39.212853765000006,residential,group_4
1733,481,93.29100253,18.098054415,residential,group_4
1734,1387,289.7298792,33.61510302,tertiary,group_3
1734,3397,63.8393957,18.369874754999998,residential,group_4
1734,1520,55.71494007,13.571656055999998,tertiary,group_3
1735,1853,168.0207105,35.11950012,residential,group_4
1736,1737,50.52766659,7.5016458885,residential,group_4
1736,747,52.17542437,13.264984647000002,residential,group_4
1737,1736,50.52766659,6.758239539,residential,group_4
1738,300,96.12555896,12.857105763,residential,group_4
1739,1738,46.5777532,6.2299257930000005,residential,group_4
1740,1741,70.34735548,9.40918731,residential,group_4
1740,2360,96.66780878,12.732740535000001,unclassified,group_4
1741,1649,93.28200358,12.476770994999999,residential,group_4
1741,1740,70.34735548,9.40918731,residential,group_4
1742,635,244.6303103,24.000995505000002,secondary,group_3
1742,3162,105.5409704,10.354760836499999,secondary,group_3
1743,2018,78.21335347,13.161635502000001,tertiary,group_3
1744,1743,80.86099334,15.686685930000001,residential,group_4
1745,1746,76.43612684,10.223580258,residential,group_4
1745,1744,77.83713897,15.100071150000002,residential,group_4
1746,1747,77.39236199,10.351479816000001,residential,group_4
1746,1745,76.43612684,14.828280806999999,residential,group_4
1747,1746,77.39236199,10.351479816000001,residential,group_4
1747,2376,138.155663,18.478768709999997,residential,group_4
1747,2356,78.5242441,16.41304926,residential,group_4
1748,1749,65.51357302,9.7265450565,residential,group_4
1749,1748,65.51357302,8.7626532045,residential,group_4
1749,3897,98.71784509,25.63022325,residential,group_4
1749,2439,63.21975459,13.4332976325,residential,group_4
1750,1751,42.47119993,10.7978003415,residential,group_4
1750,2388,214.7649087,43.69254027,secondary,group_3
1750,3676,63.36323983,12.514860926999999,secondary,group_3
1751,1752,73.42798353,11.60869542,residential,group_4
1751,1750,42.47119993,11.4358521795,residential,group_4
1751,1864,120.6450524,32.48504841,residential,group_4
1752,1751,73.42798353,12.457249806,residential,group_4
1753,1754,49.6199206,8.418149546999999,residential,group_4
1753,2381,86.53416617,18.060421965,residential,group_4
1753,1508,88.78037573,22.571360655,residential,group_4
1754,1753,49.6199206,10.8339540525,residential,group_4
1755,1359,83.95762884,12.464862198,residential,group_4
1755,2098,104.173406,14.352975194999999,secondary,group_3
1755,2097,243.3967829,41.663865675000004,secondary,group_3
1756,1152,109.3476483,18.93021069,residential,group_4
1757,2886,404.060024,35.911926165000004,primary,group_2
1758,1926,85.089055,17.78521866,residential,group_4
1758,842,81.88423731,23.56230297,residential,group_4
1758,2109,90.35214808,13.4142315675,residential,group_4
1758,2455,155.6188701,26.940661679999998,residential,group_4
1759,1760,79.68243674,22.9287318,residential,group_4
1759,3425,133.5655271,38.896722090000004,residential,group_4
1759,1616,362.9319872,62.83060578,residential,group_4
1760,1761,80.37182403,22.848464145,residential,group_4
1760,1759,79.68243674,22.9287318,residential,group_4
1760,1127,244.4135464,32.69110578,residential,group_4
1761,1762,27.8766131,7.6027391699999995,residential,group_4
1761,1760,80.37182403,18.755726985,residential,group_4
1761,1400,74.47343559,19.85200197,residential,group_4
1762,1761,27.8766131,5.0857934264999995,residential,group_4
1764,1763,44.92700955,6.009133467,residential,group_4
1765,1764,46.73648508,6.251156697,residential,group_4
1766,509,160.0658103,15.704263245,secondary,group_3
1767,1948,81.98135055,14.192570780999999,residential,group_4
1767,495,370.7891106,99.839172555,residential,group_4
1767,275,81.87178097,13.889762165999999,residential,group_4
1768,1566,22.16545533,3.398418168,secondary,group_3
1768,1189,76.83230609,9.5613472485,secondary,group_3
1769,3055,218.1283759,59.489764485,residential,group_4
1770,1471,84.42896405,15.307835685,tertiary,group_3
1770,1609,81.28252042,11.961745452,tertiary,group_3
1771,2598,187.7445027,25.111437105,residential,group_4
1772,1158,153.4469534,30.300033705,residential,group_4
1772,1870,76.26786471,14.795638675500001,residential,group_4
1773,1733,81.12338733,15.737589240000002,residential,group_4
1773,1304,210.2582728,33.24106329,residential,group_4
1774,1387,220.8909491,26.909670585,tertiary,group_3
1775,2601,18.94951729,3.2805310425000003,residential,group_4
1775,2732,132.7799669,27.013230825,secondary,group_3
1776,2734,22.00166779,4.9224712770000005,residential,group_4
1776,2672,255.991766,52.730877885000005,secondary,group_3
1777,3436,131.9356546,12.9443773725,secondary,group_3
1778,968,85.24542264,8.3635384455,secondary,group_3
1779,1778,87.01891204,8.537537778,secondary,group_3
1780,3234,12.29050074,1.134981522,trunk,group_2
1781,3235,65.41192586,6.4176484755,secondary,group_3
1782,3963,120.5550002,11.8278066765,secondary,group_3
1783,3482,291.8870494,28.637415165,secondary,group_3
1784,1131,148.7413106,14.593201964999999,secondary,group_3
1785,3097,923.2823007,107.121259755,tertiary,group_3
1786,1342,45.09565564,11.357431812,residential,group_4
1787,1788,83.94249593,13.271001341999998,residential,group_4
1787,742,248.4707906,33.233775375,residential,group_4
1788,1787,83.94249593,11.227581507,residential,group_4
1789,1596,95.79161024,12.812439037499999,residential,group_4
1790,2358,90.0415505,22.67714607,residential,group_4
1790,2434,88.66070105,15.348896625,residential,group_4
1791,1790,31.70925915,5.4894912300000005,residential,group_4
1792,1882,99.71791461,29.039678849999998,residential,group_4
1792,1216,79.67931391,14.5366486755,residential,group_4
1793,1948,82.35176754,11.014816419,residential,group_4
1793,496,297.4355225,50.460715754999995,residential,group_4
1793,281,90.1486896,20.724740505,residential,group_4
1794,1795,74.79683384,12.948790809000002,residential,group_4
1795,1796,74.81830632,12.952508113499999,residential,group_4
1796,1797,82.8261297,14.3388185295,residential,group_4
1797,454,80.44547324,10.215561957,secondary,group_3
1797,820,92.25208195,15.374341095000002,secondary,group_3
1798,576,61.25699959,10.39241049,residential,group_4
1799,2597,179.705038,41.31330468,residential,group_4
1800,1487,249.9968399,62.962208265,residential,group_4
1800,1145,42.72151706,8.9296034895,residential,group_4
1801,1488,251.5105874,33.640358055,residential,group_4
1802,1227,239.0202636,60.197735385,residential,group_4
1803,2731,80.11228989,10.7152790085,residential,group_4
1803,1527,187.442151,32.133753555,"['residential', 'unclassified']",group_4
1804,1346,87.32969701,15.118473869999999,residential,group_4
1805,1102,123.3746397,21.358556489999998,residential,group_4
1806,1807,82.12969563,14.2182522075,residential,group_4
1807,1808,84.65199897,14.654912111999998,residential,group_4
1808,1840,141.8569502,33.1330521,tertiary,group_3
1808,3614,47.27750544,5.9539378635,trunk_link,group_2
1809,2296,89.76912342,19.600082925,residential,group_4
1809,1640,463.2238547,90.31325269499999,secondary,group_3
1809,2623,166.6528534,35.175868815,secondary,group_3
1810,2356,91.4437389,15.513669915,residential,group_4
1810,1362,166.6336931,32.488030755,secondary,group_3
1810,1811,437.3920548,91.209217245,secondary,group_3
1811,1104,150.7695694,30.066314820000002,tertiary,group_3
1811,1810,437.3920548,81.56921868,secondary,group_3
1811,361,153.4902554,32.787936195,secondary,group_3
1812,3966,48.83849425,7.969414848,residential,group_4
1812,1813,100.0015753,21.361911615,secondary,group_3
1812,361,241.0204487,49.034061120000004,secondary,group_3
1813,1122,232.8335975,57.02519680499999,residential,group_4
1813,380,137.3453527,21.71379753,residential,group_4
1813,1812,100.0015753,20.344677735,secondary,group_3
1813,3111,293.3618211,62.66670576,secondary,group_3
1814,1625,78.66357288,17.42361792,residential,group_4
1814,1036,82.59593375,19.561100144999997,residential,group_4
1815,3675,349.4876505,64.416702375,tertiary,group_3
1815,1517,259.0963109,63.89269986000001,tertiary,group_3
1815,264,347.6201901,58.974676110000004,residential,group_4
1815,3670,358.1503535,84.820336965,residential,group_4
1816,1817,74.11217726,12.830263401,residential,group_4
1816,2320,50.23156603,10.3251984645,residential,group_4
1817,1816,74.11217726,14.377444555499999,residential,group_4
1818,2018,122.1702185,21.78330957,tertiary,group_3
1818,622,80.39611987,16.03251279,tertiary,group_3
1818,1819,83.98977412,11.2339051185,residential,group_4
1819,1820,78.25002596,10.4661951585,residential,group_4
1819,1818,83.98977412,14.249085253499999,residential,group_4
1820,1553,78.08682665,10.4443667205,residential,group_4
1820,1819,78.25002596,13.275321939,residential,group_4
1821,623,79.6728242,10.656499044,residential,group_4
1821,1553,78.16376079,10.4546569125,residential,group_4
1821,2356,122.671922,21.236902335,residential,group_4
1822,3874,59.52358404,5.290319328,primary,group_2
1822,3707,50.17927214,5.772432108,primary,group_2
1822,3241,69.84430443,9.5783264415,tertiary,group_3
1823,975,52.11879048,9.0227791815,residential,group_4
1825,1826,85.24228371,13.286162470499999,secondary,group_3
1825,1850,84.48371712,12.2369308605,secondary,group_3
1825,695,110.2174397,19.08078855,residential,group_4
1826,1825,85.24228371,14.808270417,secondary,group_3
1826,2330,84.57940792,13.1828443155,secondary,group_3
1827,1671,75.40641655,19.839276599999998,residential,group_4
1828,2117,212.2567812,20.824786770000003,secondary,group_3
1830,1829,66.23669792,8.724462664499999,unclassified,group_4
1831,1830,114.5868095,15.092967690000002,unclassified,group_4
1831,705,114.7185716,11.255187129,secondary,group_3
1831,676,113.7808308,11.1631841745,secondary,group_3
1832,2954,56.08941532,7.981558356,secondary,group_3
1833,2953,32.37239297,4.043953467,secondary_link,group_3
1834,1833,37.2507452,4.906535892,unclassified,group_4
1835,701,114.7501487,17.30173269,secondary,group_3
1835,187,112.2001461,20.727814155,secondary,group_3
1836,461,101.1770702,25.099483965,residential,group_4
1836,1837,30.29205617,4.051660914,residential,group_4
1836,2319,208.0522596,27.827665545000002,residential,group_4
1836,1261,175.9230157,23.530274820000002,residential,group_4
1837,1836,30.29205617,5.2441457535,residential,group_4
1838,908,95.97696902,12.8372313765,residential,group_4
1839,1226,24.25453287,6.979275508499999,residential,group_4
1839,1488,74.93228682,17.02451199,residential,group_4
1840,792,77.63593261,18.133164405000002,tertiary,group_3
1840,1808,141.8569502,30.137594565,tertiary,group_3
1841,3553,226.602126,28.199356815,secondary,group_3
1842,2218,80.44497728,17.56426002,residential,group_4
1842,2295,79.06293286,10.5749240955,residential,group_4
1843,1844,59.4423301,5.83196373,secondary,group_3
1843,115,64.2949313,8.164646533500001,secondary,group_3
1844,3849,120.296994,11.802493354500001,secondary,group_3
1844,1843,59.4423301,5.83196373,secondary,group_3
1845,1266,315.652035,49.90343131499999,residential,group_4
1845,348,106.1839134,26.374505400000004,residential,group_4
1846,1847,107.3046323,14.3523431385,residential,group_4
1847,2323,76.68390687,10.256721641999999,residential,group_4
1848,2247,126.2890945,16.037124495,secondary,group_3
1849,1850,270.9548523,46.907569755000004,residential,group_4
1849,2854,129.776029,17.35796544,residential,group_4
1850,1825,84.48371712,13.1679296115,secondary,group_3
1850,1849,270.9548523,36.241091655000005,residential,group_4
1850,1081,114.347779,18.604374,secondary,group_3
1851,1852,82.6773478,14.3130614805,residential,group_4
1851,1331,88.99303054,15.171819705,unclassified,group_4
1852,1851,82.6773478,14.3130614805,residential,group_4
1853,1735,168.0207105,22.473315825,residential,group_4
1853,745,91.10335643,17.989505235,residential,group_4
1854,1974,161.4537208,32.682476595,tertiary,group_3
1854,1693,80.36207628,20.058820845,tertiary,group_3
1855,1147,71.84183672,14.1860755545,residential,group_4
1856,1699,92.93730953,20.79302538,residential,group_4
1856,2125,371.7861028,73.29848085,residential,group_4
1857,1856,95.62832733,12.790599417,residential,group_4
1858,3200,77.55897879,10.373765355,residential,group_4
1858,1859,254.9436286,34.09953849,residential,group_4
1859,958,84.03104201,11.2394248335,residential,group_4
1859,1858,254.9436286,34.09953849,residential,group_4
1859,465,90.79376492,21.502583085,residential,group_4
1859,957,399.6342086,82.145607705,residential,group_4
1860,1883,79.38648562,15.400637760000002,residential,group_4
1860,2502,50.06170467,6.695915619,residential,group_4
1860,1216,99.86467493,24.458681235,residential,group_4
1861,1860,146.2847128,19.56605553,residential,group_4
1862,1861,136.7722055,18.293726775,residential,group_4
1863,1864,72.23706189,11.420415066,residential,group_4
1864,2230,99.4366773,22.86000321,residential,group_4
1864,1863,72.23706189,9.661941681,residential,group_4
1864,1751,120.6450524,32.48504841,residential,group_4
1865,1866,73.66763718,13.837166277,residential,group_4
1865,966,93.12782843,16.12224351,residential,group_4
1866,1865,73.66763718,12.753304842000002,residential,group_4
1866,2104,95.20309507,23.617491135,residential,group_4
1866,2198,117.1309882,21.594910575,residential,group_4
1867,692,171.7530714,40.676082675,residential,group_4
1868,657,82.21764538,18.90143244,residential,group_4
1868,1869,96.16224192,12.8620122285,residential,group_4
1868,2184,48.53576046,11.4946684155,residential,group_4
1869,1317,300.1539765,51.86936763,residential,group_4
1869,1868,96.16224192,12.8620122285,residential,group_4
1870,1772,76.26786471,15.060050534999998,residential,group_4
1870,2196,92.3809147,15.54573321,tertiary,group_3
1872,2178,79.82851836,14.747491425,secondary,group_3
1872,1198,77.92585031,11.947628484,secondary,group_3
1873,423,172.6118774,43.603978874999996,tertiary,group_3
1873,1874,172.4381553,43.04152188,tertiary,group_3
1873,1221,81.11462046,16.0171035,residential,group_4
1874,1873,172.4381553,43.56009444,tertiary,group_3
1874,124,50.28572125,12.5515954845,tertiary,group_3
1874,3441,118.8047618,23.459496645,residential,group_4
1875,124,184.9975605,46.732761615,tertiary,group_3
1875,1256,224.4551796,56.70026337,tertiary,group_3
1875,1423,73.59853315,20.07239721,residential,group_4
1876,1877,18.88092522,4.599222807,tertiary,group_3
1876,2023,51.44195442,8.905605657,residential,group_4
1876,1256,114.8981963,28.679228325,tertiary,group_3
1877,1876,18.88092522,4.7127838634999994,tertiary,group_3
1877,1008,85.79880851,18.23102508,residential,group_4
1877,189,98.92111613,24.096290205,tertiary,group_3
1878,3442,26.38599598,5.2102472550000005,residential,group_4
1878,189,46.48724373,11.6034743865,tertiary,group_3
1878,1104,402.8431839,98.1289602,tertiary,group_3
1879,1752,46.98052977,6.283798467,residential,group_4
1880,1881,106.6358694,20.686901355,residential,group_4
1880,2208,325.0158175,78.193498125,tertiary,group_3
1880,2403,247.0594458,60.181448985,tertiary,group_3
1881,1882,70.31326953,13.640472747,residential,group_4
1881,2505,30.63609732,4.0976775345,residential,group_4
1881,1880,106.6358694,30.684619485,residential,group_4
1882,1792,99.71791461,18.19247958,residential,group_4
1882,1881,70.31326953,20.232740925,residential,group_4
1882,2086,109.0756532,18.504970365000002,residential,group_4
1883,1884,68.31825944,11.590371724499999,residential,group_4
1883,1860,79.38648562,19.44319899,residential,group_4
1883,2229,106.5491837,16.845035940000002,residential,group_4
1884,1883,68.31825944,11.590371724499999,residential,group_4
1885,901,129.70719,17.348758005,residential,group_4
1886,1885,60.41019279,8.080059520499999,residential,group_4
1887,189,215.574542,28.833795255,residential,group_4
1887,2001,189.7129928,25.374729045000002,residential,group_4
1887,3442,192.2456075,28.54195668,residential,group_4
1888,4032,210.1964365,50.569830075,tertiary,group_3
1888,2403,89.18179218,19.66770927,tertiary,group_3
1888,3483,103.2751436,24.458533680000002,residential,group_4
1889,2279,90.38943328,21.746221575,tertiary,group_3
1889,1890,250.8892041,43.43381469,residential,group_4
1889,2305,87.87787816,21.67053198,tertiary,group_3
1890,2280,90.78485903,22.86434982,residential,group_4
1890,1889,250.8892041,33.557246039999995,residential,group_4
1890,3593,65.01555926,11.0300599845,residential,group_4
1891,2162,303.5537887,35.218983645,tertiary,group_3
1891,1701,97.30364187,14.319455025,tertiary,group_3
1892,632,198.6323019,26.567715614999997,residential,group_4
1893,1898,49.60069071,11.021558710499999,tertiary,group_3
1893,3653,10.59952317,2.550072183,tertiary,group_3
1894,1893,44.99022429,6.0175886445,residential,group_4
1895,2187,62.27810105,7.225643374500001,tertiary,group_3
1896,1774,316.4768735,38.55426603,tertiary,group_3
1897,3932,34.01501298,6.1896769845,secondary,group_3
1897,3654,32.58505412,6.712085067,secondary,group_3
1897,3801,29.63409223,6.6244739235,tertiary,group_3
1897,3653,39.38858738,8.752370625000001,tertiary,group_3
1898,1899,28.23470149,6.273913036500001,tertiary,group_3
1898,1893,49.60069071,11.933116197,tertiary,group_3
1899,1898,28.23470149,6.792808100999999,tertiary,group_3
1899,4007,145.3044279,32.28747948,tertiary,group_3
1900,1138,17.22908328,3.8284013835,tertiary,group_3
1900,4006,13.08950985,2.2206696435,residential,group_4
1900,4007,8.641932324,2.0791077930000004,tertiary,group_3
1901,624,160.362604,38.719769475,residential,group_4
1901,1478,177.0720874,39.346436100000005,tertiary,group_3
1901,1138,109.7035654,26.392886355,tertiary,group_3
1902,2964,106.3991768,14.231235521999999,residential,group_4
1902,2965,97.23869851,13.005991794,residential,group_4
1903,1525,153.2365213,20.49588249,residential,group_4
1903,1902,321.9641936,43.063756755,residential,group_4
1904,1905,78.79273513,12.456843010499998,residential,group_4
1905,1563,28.37988359,4.4867557125,residential,group_4
1906,616,127.4593498,17.04810207,residential,group_4
1907,911,250.665053,33.01671075,unclassified,group_4
1908,503,50.20899735,6.715616493000001,residential,group_4
1909,3382,36.30261141,3.2264926574999997,primary,group_2
1910,396,113.4348639,32.247774045,residential,group_4
1911,463,64.26205863,8.4643701885,unclassified,group_4
1912,2147,112.5187558,20.47492245,secondary,group_3
1912,1403,93.11536977,18.627994755,secondary,group_3
1912,1913,56.93826173,7.615677463500001,residential,group_4
1914,1461,174.1327584,15.476519295,primary,group_2
1915,3676,48.01978454,9.7693165155,secondary,group_3
1915,2776,68.0797263,13.446413235000001,secondary,group_3
1916,1915,80.52236857,10.770128364,residential,group_4
1917,1395,41.52143133,5.5536263175,residential,group_4
1919,207,102.1094958,13.657476756000001,residential,group_4
1920,514,143.2479933,29.941534589999996,residential,group_4
1920,1633,167.2220053,39.023256165,residential,group_4
1921,2422,56.5463776,7.180677801,secondary,group_3
1922,3468,43.32298206,6.2750593155,secondary,group_3
1923,1924,83.72550434,23.8018635,residential,group_4
1923,1235,103.3632315,16.34134854,residential,group_4
1923,2069,203.4645765,34.51829853,residential,group_4
1924,1923,83.72550434,18.280526369999997,residential,group_4
1924,1925,156.0109715,26.96013069,residential,group_4
1924,2184,325.3337655,43.51444794,residential,group_4
1924,2183,84.70875562,24.668737484999998,residential,group_4
1925,295,82.72151906,19.59084237,residential,group_4
1925,1926,170.655484,28.952150025,residential,group_4
1925,2455,82.42337381,20.161411725,residential,group_4
1926,1758,85.089055,16.80190566,residential,group_4
1926,992,157.2546002,36.697242915000004,residential,group_4
1927,992,190.2805481,25.450641420000004,residential,group_4
1927,274,85.84946121,23.115940905000002,residential,group_4
1928,2344,50.57121153,6.764063817,residential,group_4
1929,1074,307.3663352,44.59392501,primary,group_2
1930,3879,303.6461647,26.987373165,primary,group_2
1931,1303,78.78593599,21.851337315,residential,group_4
1931,1467,81.0082337,22.467693225,residential,group_4
1932,2722,174.1871554,30.15519402,residential,group_4
1933,2281,148.6896211,28.77317268,primary,group_2
1934,206,168.2622821,22.5056268,residential,group_4
1934,762,81.33859103,10.87930077,residential,group_4
1935,2692,183.5559118,21.29656389,tertiary,group_3
1936,682,53.45836184,9.254685109499999,residential,group_4
1937,1059,93.55424399,20.631988064999998,tertiary,group_3
1937,1051,135.6492773,29.226708224999996,tertiary,group_3
1938,1178,77.8928427,16.782628185,tertiary,group_3
1938,1961,113.0817463,13.1199949455,tertiary,group_3
1939,1938,64.10671093,13.3995126825,residential,group_4
1940,2237,26.77335997,3.1063045890000005,tertiary,group_3
1941,227,88.7119865,18.234925545,residential,group_4
1941,959,187.2292144,25.042515629999997,residential,group_4
1942,227,102.058883,17.31455691,residential,group_4
1943,2087,165.660505,19.211242170000002,secondary,group_3
1943,1162,114.3828436,11.2222484235,secondary,group_3
1944,3342,24.26004252,2.1561768150000002,primary,group_2
1945,1766,68.81744861,6.7517687085,secondary,group_3
1946,3724,158.3524088,21.18014907,residential,group_4
1946,2077,197.929807,26.47375464,residential,group_4
1947,1946,56.99106217,7.622739693000001,residential,group_4
1948,1793,82.35176754,18.932266454999997,residential,group_4
1948,1767,81.98135055,10.9652719425,residential,group_4
1948,495,297.8437465,39.837568605,residential,group_4
1949,720,59.53391587,8.761164684,tertiary,group_3
1950,1951,77.32325526,10.3422365655,residential,group_4
1951,484,77.65920823,10.387171368,residential,group_4
1951,1950,77.32325526,10.3422365655,residential,group_4
1952,2082,80.50177373,23.164497165,residential,group_4
1952,1953,244.2402101,69.43370704499999,residential,group_4
1952,4011,74.11814397,17.553314925000002,residential,group_4
1953,1253,345.0394969,54.549481485,residential,group_4
1953,2445,81.70703011,20.112085620000002,residential,group_4
1953,2291,80.15657352,13.5987727275,residential,group_4
1954,249,104.307494,18.057661665,residential,group_4
1954,2063,100.3219083,17.36767905,residential,group_4
1955,1337,312.9790322,77.03940633,residential,group_4
1955,2264,142.1564684,23.324971950000002,residential,group_4
1955,249,74.88103203,20.16256698,residential,group_4
1956,1275,54.80324528,9.487510664999999,residential,group_4
1957,2326,114.9276445,15.760977285,tertiary,group_3
1958,1681,116.099288,21.448140210000002,secondary,group_3
1958,1989,114.875711,14.587768537499999,secondary,group_3
1959,1683,113.6075952,14.426733790499998,secondary,group_3
1959,2091,115.6987643,21.079920480000002,secondary,group_3
1960,2399,113.844334,14.4567966435,secondary,group_3
1960,1684,114.2282273,11.20707882,secondary,group_3
1961,1101,191.3929467,22.205834055,tertiary,group_3
1961,1938,113.0817463,16.98147186,tertiary,group_3
1962,2488,34.62943818,5.2513606694999995,trunk,group_2
1963,2514,76.73265133,10.2632413725,residential,group_4
1964,1963,81.12701857,10.851002265,residential,group_4
1965,2451,166.4108933,40.757064465,residential,group_4
1966,1967,96.26374034,16.331395784999998,residential,group_4
1966,1476,109.8902773,22.723388670000002,residential,group_4
1966,1475,367.1086761,49.10197794,residential,group_4
1967,378,105.4910462,20.26828923,tertiary,group_3
1967,580,44.62953002,7.891297956000001,tertiary,group_3
1967,1966,96.26374034,17.562301995,residential,group_4
1968,1347,86.70941635,22.46567487,unclassified,group_4
1968,1527,90.00495403,21.134382645,unclassified,group_4
1969,320,81.00566427,10.8347707335,residential,group_4
1969,2884,90.17465838,15.61099218,residential,group_4
1970,1555,54.92641212,7.3465860435,residential,group_4
1970,320,62.85449317,10.8813387105,residential,group_4
1970,2053,221.1344765,45.144660435,residential,group_4
1971,1557,355.6935333,83.00534277,residential,group_4
1971,1297,129.8576615,34.5154464,residential,group_4
1971,1555,135.4281105,35.161350045000006,residential,group_4
1972,1273,120.8408123,24.839069685000002,residential,group_4
1973,1156,83.37565982,14.144899152,residential,group_4
1974,1156,88.97914064,15.40402473,residential,group_4
1974,2438,86.06532666,14.482954745999999,tertiary,group_3
1974,1854,161.4537208,40.299745995,tertiary,group_3
1975,3687,54.29433375,7.262043507,residential,group_4
1976,1565,362.0529466,48.42575769,residential,group_4
1977,3164,58.85272396,5.2306948275,primary,group_2
1978,1182,105.5862513,10.3592033985,secondary,group_3
1978,1162,106.9893759,12.407295337499999,secondary,group_3
1979,1765,130.860258,17.502984599999998,residential,group_4
1979,2432,77.04398105,7.5588844245,secondary,group_3
1979,2325,64.58157156,6.336181344,secondary,group_3
1980,3181,237.7507835,50.44488018,residential,group_4
1980,2071,51.09156472,5.927756625000001,tertiary,group_3
1980,2260,132.5690669,22.707214575000002,tertiary,group_3
1981,2139,371.0641866,56.891737815,secondary,group_3
1982,1983,72.01009306,10.8137467695,tertiary,group_3
1982,499,85.32419942,13.489443606,residential,group_4
1983,1982,72.01009306,9.8753389275,tertiary,group_3
1983,805,67.12526086,8.9782216875,residential,group_4
1983,740,114.6953072,28.973508824999996,tertiary,group_3
1984,740,85.82917296,11.4799306905,residential,group_4
1985,1899,18.75473691,3.6383385300000004,residential,group_4
1986,1339,82.63510559,11.052713802,residential,group_4
1986,2007,333.7793471,44.644071915,residential,group_4
1987,2423,79.97427719,14.996940744,residential,group_4
1987,2397,79.54916847,22.063020405,residential,group_4
1988,1987,69.37567574,11.769765171,residential,group_4
1989,2326,152.9358535,20.144167590000002,unclassified,group_4
1989,562,114.4715059,14.536439574,secondary,group_3
1989,1958,114.875711,21.222097050000002,secondary,group_3
1990,3343,55.05146705,4.8928478505,primary,group_2
1991,2430,151.7804588,20.301129404999998,residential,group_4
1992,1991,103.0662169,13.785441313499998,residential,group_4
1994,1995,390.7850458,109.73932653,residential,group_4
1994,603,72.71617746,18.034834035000003,unclassified,group_4
1994,2058,51.90811502,14.936632168500001,residential,group_4
1995,1994,390.7850458,102.81475996500001,residential,group_4
1995,1996,80.27590055,22.54288734,residential,group_4
1995,2159,49.48783747,6.619159016999999,residential,group_4
1996,1995,80.27590055,21.120428055,residential,group_4
1996,2029,140.9997876,28.541436345,unclassified,group_4
1997,2224,214.0370645,49.206068775000006,residential,group_4
1997,2180,72.70461637,16.518388350000002,residential,group_4
1999,1922,104.3384823,15.112767735000002,secondary,group_3
2000,535,92.73680774,15.733042424999999,residential,group_4
2000,125,252.9645362,33.83482845,residential,group_4
2001,1268,94.31287926,12.614653964999999,residential,group_4
2001,1259,410.4554551,101.95103254499999,residential,group_4
2001,1887,189.7129928,28.165949235,residential,group_4
2002,2041,41.18397317,6.1144241145,residential,group_4
2003,1036,87.1413662,14.219637774,residential,group_4
2003,2180,95.16024,17.36098002,residential,group_4
2004,2161,79.83768452,10.678549647,residential,group_4
2005,2831,150.3727119,26.632586489999998,secondary,group_3
2005,1569,164.8699525,33.541732125,secondary,group_3
2007,1986,333.7793471,44.644071915,residential,group_4
2007,1192,186.4318534,21.630237015,tertiary,group_3
2008,792,78.20429134,13.160110538999998,tertiary,group_3
2008,1502,105.9877052,18.154201575000002,tertiary,group_3
2009,2010,89.54335723,18.736949295,unclassified,group_4
2009,2557,68.53545298,14.3410449105,unclassified,group_4
2010,2009,89.54335723,18.736949295,unclassified,group_4
2011,720,166.8775732,30.256612769999997,tertiary,group_3
2011,2162,252.2943228,29.271746745,tertiary,group_3
2012,451,55.26917477,9.5681721465,residential,group_4
2013,299,125.0769415,21.61444581,residential,group_4
2013,246,86.73894765,22.052351715,residential,group_4
2013,1338,306.8349744,79.663903605,residential,group_4
2014,2038,197.1774018,22.87695936,tertiary,group_3
2015,1119,138.6532628,16.08685899,tertiary,group_3
2015,1004,262.394168,45.425548335,residential,group_4
2015,2016,80.03276363,11.328406008,tertiary,group_3
2016,2015,80.03276363,12.018510216,tertiary,group_3
2016,1151,81.70101037,11.564541504000001,tertiary,group_3
2017,1151,81.8925584,12.297795367500001,tertiary,group_3
2017,588,202.7479814,28.698389835,tertiary,group_3
2018,1818,122.1702185,20.55863625,tertiary,group_3
2018,2356,312.7563339,64.28768747999999,residential,group_4
2019,622,77.76248379,13.86527976,tertiary,group_3
2019,2020,85.99496165,17.149028145,tertiary,group_3
2020,2831,447.5273252,91.046557815,secondary,group_3
2020,2623,409.5567361,74.619841275,secondary,group_3
2020,2019,85.99496165,15.333154799999999,tertiary,group_3
2021,1702,53.04913167,9.1838393865,residential,group_4
2022,465,56.14095912,9.719095023,residential,group_4
2023,1876,51.44195442,8.7272623575,residential,group_4
2024,1334,84.16073903,14.5698654345,residential,group_4
2025,1189,75.18548532,11.527474417499999,secondary,group_3
2025,2048,77.14850757,9.6006967395,secondary,group_3
2026,2397,80.46102552,16.018046984999998,residential,group_4
2026,2027,70.58720916,10.4798080575,residential,group_4
2026,2503,78.3881988,21.741024615,residential,group_4
2027,2026,70.58720916,13.258562208,residential,group_4
2028,1255,160.360028,46.69977036,residential,group_4
2029,2030,113.4389351,18.95214582,unclassified,group_4
2029,2310,38.26190649,5.117654283,residential,group_4
2029,1996,140.9997876,36.531849914999995,unclassified,group_4
2030,2029,113.4389351,25.380694545,unclassified,group_4
2031,2085,77.38439212,11.620804592999999,tertiary,group_3
2032,3239,285.3921583,35.51544483,secondary,group_3
2032,1732,113.9138204,15.695006055,secondary,group_3
2033,1574,87.65670862,11.7243695205,residential,group_4
2034,520,64.15647553,10.8843141795,residential,group_4
2035,1446,177.5252322,22.092014115,secondary,group_3
2036,2116,92.27993261,10.4029453305,primary,group_2
2037,2096,73.01723535,10.04366892,secondary,group_3
2037,2059,189.6663971,17.8330644,secondary,group_3
2038,1546,83.82594293,9.7256717685,tertiary,group_3
2039,3193,13.36406638,2.8547750775,secondary,group_3
2040,1357,87.31569837,12.963421703999998,residential,group_4
2041,2040,101.5368957,15.074787494999999,residential,group_4
2042,1561,79.81334583,20.29159935,residential,group_4
2042,580,155.8002233,29.93433189,tertiary,group_3
2042,1318,76.86073603,8.9175530205,tertiary,group_3
2043,3924,39.09657471,3.8358154079999998,secondary,group_3
2043,3849,28.13736721,2.760593415,secondary,group_3
2044,2131,83.226291,14.119558341,residential,group_4
2044,2045,91.06002792,16.612939665,residential,group_4
2044,1429,83.17935049,22.108610145,residential,group_4
2045,2044,91.06002792,20.934252705,residential,group_4
2046,2047,59.25207116,10.0522691265,residential,group_4
2046,2380,177.6743954,34.468070745,residential,group_4
2047,2046,59.25207116,7.925156991,residential,group_4
2048,2025,77.14850757,11.828445924,secondary,group_3
2048,895,75.80028208,9.4329176805,secondary,group_3
2049,2050,81.06971531,12.8168252415,residential,group_4
2049,1533,392.5142371,108.41051203500001,residential,group_4
2049,675,152.6731194,25.158087615,residential,group_4
2050,1238,65.86108562,10.412396557500001,residential,group_4
2050,2049,81.06971531,16.5504033,residential,group_4
2050,3098,86.15544437,11.5235705505,residential,group_4
2051,441,77.65227182,16.95450405,residential,group_4
2051,1295,142.5214448,33.214859295,residential,group_4
2052,441,16.46608562,3.9262490505,residential,group_4
2052,2053,84.59421451,12.559373593500002,residential,group_4
2053,2054,85.02822209,19.42838325,residential,group_4
2053,2052,84.59421451,17.13415371,residential,group_4
2053,1970,221.1344765,38.282690985,residential,group_4
2054,1029,74.01346484,19.67236857,residential,group_4
2054,2053,85.02822209,20.56930263,residential,group_4
2054,3109,83.43897357,13.191396300000001,residential,group_4
2054,1124,128.1172234,34.052847585,residential,group_4
2055,592,61.36773686,9.702014566499999,residential,group_4
2055,1029,81.23386161,19.614026685,residential,group_4
2056,2883,68.95225187,9.22258767,residential,group_4
2056,592,230.3487016,49.68772113,residential,group_4
2057,2056,125.4280993,21.714050399999998,residential,group_4
2058,2312,281.5801779,81.02508714000001,residential,group_4
2058,1994,51.90811502,14.756672745000001,residential,group_4
2059,1647,86.18978684,8.103849934500001,secondary,group_3
2059,1572,55.8893424,7.4753810954999995,residential,group_4
2059,2037,189.6663971,26.088997875,secondary,group_3
2060,448,151.3113276,20.238381585,residential,group_4
2060,1529,77.9007934,10.4194841685,residential,group_4
2061,2244,154.1693629,20.620653089999998,residential,group_4
2062,3044,11.95233293,3.4807377495000003,residential,group_4
2062,2457,51.06195068,7.828842597,secondary,group_3
2063,1954,100.3219083,17.36767905,residential,group_4
2065,2066,128.120244,17.136498825,residential,group_4
2065,2064,158.9274306,21.2570601,residential,group_4
2065,1211,86.28177291,24.229442130000002,residential,group_4
2065,2671,60.34799406,16.737560565,residential,group_4
2066,2065,128.120244,17.136498825,residential,group_4
2067,2195,231.3035012,39.619032974999996,tertiary,group_3
2067,1350,82.98630864,13.964821829999998,tertiary,group_3
2068,625,71.52747907,12.1348242435,residential,group_4
2069,2456,188.0133435,32.548776855,residential,group_4
2069,1923,203.4645765,57.841826264999995,residential,group_4
2070,1293,82.58199227,8.102225853,secondary,group_3
2070,1024,88.95720631,8.727706332,secondary,group_3
2072,2264,48.06035696,10.045521807,residential,group_4
2072,2879,90.78351862,14.8957205385,residential,group_4
2073,2239,136.3569543,18.23818557,residential,group_4
2074,1665,99.0459276,12.577585404,secondary,group_3
2075,1437,47.08663701,5.859666462,secondary,group_3
2076,1170,78.12575577,11.732135082000001,tertiary,group_3
2077,3225,234.857619,31.412969444999998,residential,group_4
2078,685,100.4960466,17.049417645,residential,group_4
2079,3145,147.0983695,19.37527494,unclassified,group_4
2080,2271,196.4892387,19.277812814999997,secondary,group_3
2080,2088,82.56434547,8.1004945035,secondary,group_3
2080,1126,358.5488359,35.17768908,secondary,group_3
2081,2082,40.77414286,7.058799404999999,residential,group_4
2082,1952,80.50177373,15.896089199999999,residential,group_4
2082,2081,40.77414286,11.7328162185,residential,group_4
2083,1631,77.46606196,10.361337426,residential,group_4
2083,4009,74.12675482,12.575798185500002,residential,group_4
2083,2515,69.58134149,9.306730452,residential,group_4
2084,1873,84.98444113,18.850032329999998,residential,group_4
2085,2076,75.24194569,11.299073679,tertiary,group_3
2086,1882,109.0756532,26.71461789,residential,group_4
2087,1943,165.660505,16.25316597,secondary,group_3
2087,1366,187.6439973,21.76061382,secondary,group_3
2088,2089,223.1314757,21.89171709,secondary,group_3
2088,2080,82.56434547,8.1004945035,secondary,group_3
2089,2090,161.5679802,15.851643075000002,secondary,group_3
2089,2088,223.1314757,21.89171709,secondary,group_3
2090,1659,252.5240362,24.775459125,secondary,group_3
2090,2089,161.5679802,15.851643075000002,secondary,group_3
2091,563,116.1739252,23.53635987,secondary,group_3
2091,1959,115.6987643,11.351355099,secondary,group_3
2092,2093,218.2257554,25.30710525,secondary,group_3
2092,1366,130.8831245,12.8411122785,secondary,group_3
2093,817,106.7033326,18.102499965,residential,group_4
2093,3240,104.441102,16.27855788,secondary,group_3
2093,2092,218.2257554,21.410410545,secondary,group_3
2094,3240,34.2754976,4.2653924025,secondary,group_3
2094,3239,57.64109546,7.9417698315,secondary,group_3
2094,1367,217.2888788,27.592951035,secondary,group_3
2095,1209,145.7774701,13.706481759,secondary,group_3
2095,981,82.76524618,10.491305028000001,secondary,group_3
2096,3844,34.36421784,5.829979599,residential,group_4
2096,781,55.61977061,6.6574515315,secondary,group_3
2096,2037,73.01723535,6.8653229069999995,secondary,group_3
2097,1358,83.51285824,11.170116072,residential,group_4
2097,1755,243.3967829,33.53512302,secondary,group_3
2097,891,215.5151954,36.891186675,secondary,group_3
2098,1755,104.173406,20.840186385000003,secondary,group_3
2098,2819,77.50419422,10.6785005835,secondary,group_3
2099,2819,89.35814507,17.876351265,secondary,group_3
2099,2100,63.38689278,8.733423762,secondary,group_3
2100,1055,94.33341041,12.6174000735,residential,group_4
2100,1630,225.7501403,31.103774835000003,secondary,group_3
2100,2099,63.38689278,12.680728317,secondary,group_3
2101,1416,94.91743073,12.695514688500001,residential,group_4
2102,2101,94.39396305,12.625499185499999,residential,group_4
2103,2258,142.1433863,20.622725340000002,primary,group_2
2104,1866,95.20309507,19.89924396,residential,group_4
2104,1420,82.76059187,20.530819335,residential,group_4
2105,2106,86.50163338,23.291545665,residential,group_4
2105,437,232.7700018,64.55893128,residential,group_4
2106,442,100.4129528,23.749525424999998,residential,group_4
2106,1124,42.68487438,11.4933864465,residential,group_4
2106,2105,86.50163338,23.991291675,residential,group_4
2107,1687,199.1575422,35.779358805,secondary,group_3
2107,710,98.45488241,9.659535592500001,secondary,group_3
2108,3507,169.9959339,21.155035395,secondary,group_3
2109,2384,90.85002542,26.45718747,residential,group_4
2109,1758,90.35214808,12.084893304,residential,group_4
2109,733,331.4970277,93.090206355,residential,group_4
2110,3148,94.34387986,21.434799105,residential,group_4
2111,2512,39.14358347,5.235581442,residential,group_4
2111,729,167.2486835,45.03360453,residential,group_4
2112,783,80.35274316,9.322703428499999,tertiary,group_3
2113,1094,75.28065082,14.604123414,residential,group_4
2114,2453,74.40600926,12.8811314505,residential,group_4
2114,2336,71.10106039,12.3089803395,residential,group_4
2115,2479,78.37994407,10.4835721275,residential,group_4
2115,2337,81.45305411,13.818724057499999,residential,group_4
2116,2257,95.95491478,10.817235171,primary,group_2
2117,4074,140.249594,13.760068693500001,secondary,group_3
2118,16,31.87497854,6.973429713,primary_link,group_2
2119,434,112.8080155,26.325100454999998,residential,group_4
2120,2225,72.17218978,14.438251986000001,secondary,group_3
2121,278,53.62852039,13.506451006499999,residential,group_4
2121,512,172.1422147,40.724362335,tertiary,group_3
2121,428,907.0692764,223.6817067,tertiary,group_3
2122,1263,39.93296728,11.352323805000001,residential,group_4
2122,425,239.1738087,69.65178345,residential,group_4
2123,2358,97.1685774,22.076566485,residential,group_4
2123,2192,104.3299399,26.27570574,residential,group_4
2124,1360,77.82654425,10.4095531035,residential,group_4
2125,2126,80.8209567,17.148223095,residential,group_4
2125,1856,371.7861028,83.180349315,residential,group_4
2126,2125,80.8209567,18.08221275,residential,group_4
2126,3544,131.4779122,24.23368473,tertiary,group_3
2127,2365,93.9824475,9.2207392305,secondary,group_3
2127,1698,92.51351659,16.071427364999998,secondary,group_3
2128,1291,84.745772,15.917998500000001,residential,group_4
2128,1112,79.89792514,10.686607026,residential,group_4
2129,3325,160.4191354,30.551148765,secondary,group_3
2129,2225,203.6112618,19.97656371,secondary,group_3
2130,1154,143.7167262,39.693856679999996,residential,group_4
2131,2044,83.226291,20.09510148,residential,group_4
2131,2181,83.99275991,14.249591800500001,residential,group_4
2132,2458,26.94271385,2.643384432,secondary,group_3
2132,2491,193.1010228,25.827889065,residential,group_4
2133,4029,21.30345371,2.8494061349999997,residential,group_4
2133,3675,205.3192239,51.24881934,tertiary,group_3
2133,4028,18.73006258,4.3747178985,tertiary,group_3
2133,2191,68.20447224,17.02421532,tertiary,group_3
2134,613,63.29093193,10.956894771,residential,group_4
2135,2136,81.83303994,10.1836603785,secondary,group_3
2136,1841,96.16375921,11.9670375825,secondary,group_3
2137,2138,157.9832486,19.66012446,secondary,group_3
2138,3142,52.43001568,6.5246198085,secondary,group_3
2139,3554,59.60339845,9.138421437,secondary,group_3
2140,3317,23.52169003,2.30774337,secondary,group_3
2141,2342,92.36550272,12.3541860285,residential,group_4
2142,1239,79.11190259,10.5814739565,residential,group_4
2143,1360,37.90168806,5.0694738975,residential,group_4
2144,661,83.69696004,16.23685131,residential,group_4
2144,1312,78.2927002,21.714538005,residential,group_4
2145,2144,55.29526278,7.395921018000001,residential,group_4
2146,2147,125.8019814,27.467454,residential,group_4
2147,1912,112.5187558,22.509697365,secondary,group_3
2147,2146,125.8019814,26.013651000000003,residential,group_4
2147,2390,176.5599298,32.128429125,secondary,group_3
2148,796,52.76163307,6.121521658499999,tertiary,group_3
2149,2370,77.06536402,8.941294413000001,tertiary,group_3
2150,1542,146.2397077,23.11996248,residential,group_4
2150,1337,147.8955812,29.15795223,residential,group_4
2151,1542,67.1038728,9.9626506725,residential,group_4
2151,2881,80.12357927,10.716789,residential,group_4
2152,2153,46.54596979,9.580832964,unclassified,group_4
2153,2329,89.18784784,16.249721864999998,secondary,group_3
2153,2896,113.5378971,14.129151070499999,secondary,group_3
2154,2152,41.66193402,7.068056271000001,residential,group_4
2155,1503,289.011465,67.44428410500001,residential,group_4
2155,748,95.07329115,27.68707962,residential,group_4
2156,2157,91.63745248,21.70239264,residential,group_4
2156,2279,93.20166451,22.983368445,tertiary,group_3
2156,3421,97.01176227,23.63118885,tertiary,group_3
2157,2518,88.41775313,17.45919903,residential,group_4
2157,2158,158.9867506,25.135223325,residential,group_4
2157,2156,91.63745248,25.733411309999997,residential,group_4
2158,2280,92.54053329,19.6635456,residential,group_4
2158,2157,158.9867506,26.97251883,residential,group_4
2158,3420,144.774877,36.46184472,residential,group_4
2159,1995,49.48783747,8.395741296,residential,group_4
2160,2004,56.5792831,7.567662906000001,residential,group_4
2160,1462,81.76349174,9.4863816075,tertiary,group_3
2161,2354,76.7274502,10.262545703999999,residential,group_4
2162,1892,98.16999506,13.130555733000001,residential,group_4
2162,516,124.6744795,16.675616625,residential,group_4
2162,2011,252.2943228,37.128283575,tertiary,group_3
2163,1427,92.62706703,18.290381085,residential,group_4
2163,2921,121.9197882,16.30716771,residential,group_4
2164,1343,189.0050718,25.280042324999997,residential,group_4
2165,2166,138.9157523,23.567421375000002,residential,group_4
2165,1343,69.98517039,14.870852154,residential,group_4
2166,2165,138.9157523,18.58043313,residential,group_4
2167,1963,82.60355836,11.0484942585,residential,group_4
2168,2293,86.51065869,14.976682362,residential,group_4
2169,813,169.2385654,22.636207875,residential,group_4
2170,262,155.3186263,42.359773034999996,residential,group_4
2170,366,236.0574588,31.573451925,residential,group_4
2170,2190,83.65693256,17.485878045,residential,group_4
2171,518,271.1540373,46.001992904999994,residential,group_4
2171,1312,257.156313,70.133784435,residential,group_4
2171,262,80.11835596,22.49864604,residential,group_4
2172,480,222.4060851,28.242771795,secondary,group_3
2173,3501,279.8924766,36.72523152,primary,group_2
2174,160,484.9244553,56.26201053,tertiary,group_3
2175,258,78.68540141,19.54428384,residential,group_4
2175,350,101.5132269,17.57391954,residential,group_4
2176,2222,95.36227197,12.7550136495,residential,group_4
2176,351,130.7768907,17.491833945,residential,group_4
2177,2084,106.411164,14.2328388435,residential,group_4
2178,1872,79.82851836,12.2393464545,secondary,group_3
2178,2824,209.8935482,38.77565769,secondary,group_3
2179,1336,708.0662389,193.1096475,residential,group_4
2179,1717,90.39426521,20.84124306,tertiary,group_3
2179,385,74.75120216,20.99145468,residential,group_4
2180,2003,95.16024,16.44456465,residential,group_4
2180,2373,377.1207316,59.62140726,residential,group_4
2180,1429,85.42757395,11.426215516500001,residential,group_4
2180,1997,72.70461637,14.104383777,residential,group_4
2181,196,174.9655484,25.001361495,residential,group_4
2181,654,111.4623181,17.621784495,residential,group_4
2181,2131,83.99275991,15.32359131,residential,group_4
2182,2183,151.6797968,22.51930875,residential,group_4
2182,736,269.8198303,76.70559669,residential,group_4
2182,1232,146.223231,41.062059735000005,residential,group_4
2183,2182,151.6797968,23.98002066,residential,group_4
2183,1391,102.7027556,29.908919085,residential,group_4
2183,1924,84.70875562,20.746720035000003,residential,group_4
2184,2456,82.05131837,13.9202211555,residential,group_4
2184,1868,48.53576046,11.158132693499999,residential,group_4
2184,1315,283.7595999,74.65658028,residential,group_4
2184,1924,325.3337655,51.434077470000005,residential,group_4
2185,2148,78.36262385,9.0918053745,tertiary,group_3
2186,1571,160.421647,18.612475185,tertiary,group_3
2187,1009,122.7862785,14.2459362885,tertiary,group_3
2188,534,129.3730224,14.584541206499999,primary,group_2
2189,260,147.3223731,31.01293752,tertiary,group_3
2189,1292,76.19169248,19.01786988,tertiary,group_3
2189,367,114.8070953,28.51637556,residential,group_4
2190,876,85.26650321,17.822308695,residential,group_4
2190,2170,83.65693256,14.4826467075,residential,group_4
2191,2485,150.4482137,37.369099485,residential,group_4
2191,2133,68.20447224,16.613993265,tertiary,group_3
2191,2687,244.0146622,60.90741579,tertiary,group_3
2192,260,63.77043727,16.109232119999998,tertiary,group_3
2192,2193,16.65645215,3.1546432170000003,tertiary,group_3
2192,2123,104.3299399,23.703618135,residential,group_4
2193,1310,258.9722236,46.451937855,tertiary,group_3
2193,2192,16.65645215,4.1575430235,tertiary,group_3
2193,518,83.47774098,11.1654190245,residential,group_4
2194,230,269.9872584,53.84058561,tertiary,group_3
2194,1310,76.36747791,19.061746890000002,tertiary,group_3
2194,727,87.97881612,15.230849055,residential,group_4
2195,2196,98.48226242,16.86862491,tertiary,group_3
2195,2067,231.3035012,38.923434915,tertiary,group_3
2196,2195,98.48226242,16.572459615,tertiary,group_3
2196,1870,92.3809147,15.82354995,tertiary,group_3
2197,2198,95.54181653,12.779028317999998,residential,group_4
2198,2380,65.48266929,12.072743596499999,residential,group_4
2198,2197,95.54181653,12.779028317999998,residential,group_4
2198,1866,117.1309882,22.722909389999998,residential,group_4
2199,1397,81.55165026,10.907798133,residential,group_4
2200,2499,56.66677738,7.5793655505,residential,group_4
2200,2396,113.3153772,32.606657115000004,residential,group_4
2201,2242,81.57433947,23.47312944,residential,group_4
2201,2497,284.5455057,72.34232994,residential,group_4
2202,2203,77.98131956,16.02921558,residential,group_4
2202,896,45.74476424,6.791547003,residential,group_4
2203,2202,77.98131956,15.128041575,residential,group_4
2203,2223,77.3922964,19.084805760000002,tertiary,group_3
2203,2497,145.6598482,33.58323996,tertiary,group_3
2204,1044,64.50742466,15.277219305,residential,group_4
2205,2206,313.5555954,41.939079435000004,residential,group_4
2205,2305,166.4198177,41.336208435,residential,group_4
2206,3868,57.35402667,16.106021265,residential,group_4
2206,2306,356.9101642,89.888544585,residential,group_4
2207,3869,41.59842018,8.568717851999999,secondary,group_3
2207,2387,44.02239369,8.9560730415,secondary,group_3
2208,1880,325.0158175,79.17091686,tertiary,group_3
2208,4026,218.7301926,52.62291243,tertiary,group_3
2208,2209,86.35576437,11.5503640005,residential,group_4
2209,2210,171.9855897,23.003631300000002,residential,group_4
2209,477,132.8709657,17.771923275,residential,group_4
2209,2208,86.35576437,21.150102525,residential,group_4
2210,2209,171.9855897,23.003631300000002,residential,group_4
2210,304,72.49167662,9.695997228,residential,group_4
2211,3899,79.45949808,20.012034825,residential,group_4
2212,3977,378.3323888,65.49671565,residential,group_4
2212,1144,78.13547417,12.3529324575,residential,group_4
2213,2214,79.03568722,12.495252847499998,residential,group_4
2215,782,79.43790359,9.216561714000001,tertiary,group_3
2216,2256,209.8792856,23.660211615,primary,group_2
2217,2216,33.57085999,3.7845261839999997,primary,group_2
2218,1638,300.51205,52.02449718,residential,group_4
2218,2219,83.50516056,18.232416765,residential,group_4
2218,1842,80.44497728,10.7597770275,residential,group_4
2219,2218,83.50516056,11.169086480999999,residential,group_4
2219,2481,81.08035825,17.702988345,residential,group_4
2220,916,154.6468185,43.42755153,residential,group_4
2220,1408,94.59402412,23.16780267,residential,group_4
2221,2222,256.7194775,44.443148730000004,residential,group_4
2221,1406,95.66236069,27.526977105,residential,group_4
2221,258,90.61710298,15.373428960000002,residential,group_4
2222,2176,95.36227197,12.7550136495,residential,group_4
2222,1208,98.38584407,17.032508565,residential,group_4
2222,2221,256.7194775,58.326310455,residential,group_4
2223,1717,80.4608214,19.599529185,tertiary,group_3
2223,2224,293.4848154,73.91474259,residential,group_4
2223,2203,77.3922964,17.84351757,tertiary,group_3
2224,1997,214.0370645,55.337073945,residential,group_4
2224,2223,293.4848154,74.61504372,residential,group_4
2225,2129,203.6112618,38.77690734,secondary,group_3
2225,1501,56.67116416,16.30720617,residential,group_4
2226,157,90.98382538,8.9265405435,secondary,group_3
2227,356,393.1976461,52.591462425,residential,group_4
2227,3019,126.3085453,19.597246755,residential,group_4
2228,1341,44.45746729,11.3027853285,residential,group_4
2229,2918,145.0189649,19.396757625,residential,group_4
2229,1883,106.5491837,26.095839420000004,residential,group_4
2230,2261,34.49599714,7.930460137500001,residential,group_4
2230,1864,99.4366773,26.77445292,residential,group_4
2230,1274,350.9300184,46.93802991,residential,group_4
2231,3473,40.46590985,5.035754301,secondary,group_3
2231,1415,94.42616252,16.40369178,secondary,group_3
2232,3021,19.62880796,3.686925357,residential,group_4
2232,2234,86.49870335,17.080258484999998,residential,group_4
2233,2232,153.0666489,20.473161509999997,residential,group_4
2234,2232,86.49870335,16.247255745,residential,group_4
2235,2108,103.8119309,12.9188094285,secondary,group_3
2236,1635,221.1737832,25.661072745000002,tertiary,group_3
2237,3822,12.01159479,1.3936118610000001,tertiary,group_3
2237,3823,28.23838024,3.7769750865000002,residential,group_4
2238,1124,40.02813237,6.790877541,residential,group_4
2239,1612,79.82174239,10.6764173355,residential,group_4
2240,2429,99.38679531,28.598688345,residential,group_4
2240,1242,102.23276,28.354331205,residential,group_4
2241,675,82.21255418,10.9961961795,residential,group_4
2241,824,144.0092356,23.73041817,residential,group_4
2241,674,392.0334405,92.84482956,residential,group_4
2242,2201,81.57433947,17.81084361,residential,group_4
2242,1078,109.7527771,27.260958074999998,residential,group_4
2243,2242,61.82004156,9.7735222845,residential,group_4
2244,2167,84.5463905,11.308354368,residential,group_4
2245,2317,11.85580099,2.0524703925,residential,group_4
2245,2316,29.66416796,3.9676788255,residential,group_4
2245,1519,93.11462153,26.793861630000002,residential,group_4
2246,461,158.5068123,31.299166590000002,residential,group_4
2246,263,90.05917564,24.24945426,residential,group_4
2247,2477,295.1145607,37.475832479999994,secondary,group_3
2248,305,137.5505815,30.509501205,residential,group_4
2248,2249,339.0329384,45.346756815,residential,group_4
2248,1115,55.43755774,9.405126930000002,residential,group_4
2249,2248,339.0329384,45.346756815,residential,group_4
2250,2809,74.12818832,12.833035227,residential,group_4
2252,336,173.4423671,49.908281939999995,residential,group_4
2252,3762,145.1466128,24.249520410000002,unclassified,group_4
2252,2347,155.6675703,32.573442195,unclassified,group_4
2253,2517,65.77739561,8.797940334,residential,group_4
2253,127,58.72139682,16.490002904999997,residential,group_4
2253,537,104.2095556,25.289772315,residential,group_4
2254,2985,20.64852582,2.327759451,primary,group_2
2255,3523,263.9304913,29.753537895,primary,group_2
2256,2255,124.4649847,14.031245951999999,primary,group_2
2257,2188,161.8831559,18.24948906,primary,group_2
2258,627,89.16078956,12.935800404000002,primary,group_2
2259,907,73.44544824,14.506195910999999,secondary,group_3
2259,2914,145.0591202,28.65059805,secondary,group_3
2260,2871,129.740851,28.905677685,"['tertiary', 'unclassified']",group_3
2260,1980,132.5690669,24.39911985,tertiary,group_3
2261,2230,34.49599714,4.6139516745,residential,group_4
2262,979,89.04814732,15.181216199999998,unclassified,group_4
2263,2262,79.48566615,13.760519134499999,residential,group_4
2264,2072,48.06035696,7.885722618000001,residential,group_4
2264,1955,142.1564684,38.277241065,residential,group_4
2266,790,85.77587586,14.849477122499998,residential,group_4
2266,2908,92.98597568,16.097686035000002,residential,group_4
2266,1045,73.43866277,12.713664906,residential,group_4
2267,3836,185.4521371,20.19639288,secondary,group_3
2267,377,146.5346063,14.376699364499999,secondary,group_3
2268,2269,136.1616376,18.212061329999997,residential,group_4
2269,1242,22.05515559,6.3464016435,residential,group_4
2269,2404,84.34391107,23.392845795,residential,group_4
2270,556,233.7290965,31.262025899999998,residential,group_4
2270,1871,43.13279611,5.7691515915,residential,group_4
2271,2080,196.4892387,19.277812814999997,secondary,group_3
2271,113,75.95765777,7.452303846,secondary,group_3
2272,2459,83.94650934,8.236100385,secondary,group_3
2273,2734,108.0029684,17.07487398,residential,group_4
2274,1700,97.17207925,12.997081252500001,residential,group_4
2275,710,97.61740368,9.577369473000001,secondary,group_3
2275,635,140.825221,13.8165442035,secondary,group_3
2276,1412,84.89440106,8.3290992645,secondary,group_3
2276,2277,77.97552784,11.955245065500002,secondary,group_3
2276,1422,187.3438178,25.057844205,residential,group_4
2277,2402,313.8791025,54.338594670000006,residential,group_4
2277,2276,77.97552784,7.650279682500001,secondary,group_3
2277,3850,76.06449014,9.4657968825,secondary,group_3
2278,1233,99.00984091,15.653093429999998,residential,group_4
2279,1889,90.38943328,22.28987712,tertiary,group_3
2279,2156,93.20166451,22.70308347,tertiary,group_3
2280,1890,90.78485903,19.29048981,residential,group_4
2280,2158,92.54053329,23.306519925,residential,group_4
2281,3135,16.12018673,2.1561273405,residential,group_4
2281,2887,76.15956094,14.737761669000001,primary,group_2
2282,3581,14.17938369,2.743875816,primary,group_2
2283,1961,153.419368,26.559884955,residential,group_4
2284,2283,17.49276972,2.3397147735,residential,group_4
2285,2283,12.11030906,2.096530704,residential,group_4
2286,1100,26.12356218,4.431930774,residential,group_4
2287,2395,60.20457651,7.4921200635,secondary,group_3
2288,2451,25.05112065,4.946659308,residential,group_4
2289,1468,98.898648,17.121284925,residential,group_4
2289,2290,96.59859797,20.525826555,residential,group_4
2289,1135,134.6701158,38.284627095000005,residential,group_4
2289,868,132.102267,38.470594005,residential,group_4
2290,1136,64.70575414,13.749051377999999,residential,group_4
2290,2289,96.59859797,23.65875939,residential,group_4
2291,1252,334.821686,44.78348814,residential,group_4
2291,1953,80.15657352,12.6724608675,residential,group_4
2291,912,87.33535953,14.816672582999999,residential,group_4
2292,2293,103.7646204,13.878855047999998,residential,group_4
2292,1081,207.5667879,26.358367935000004,secondary,group_3
2292,3520,145.2485633,28.031350769999996,secondary,group_3
2293,2292,103.7646204,17.96367966,residential,group_4
2294,378,81.83958353,17.364839955,tertiary,group_3
2294,667,163.4549075,38.710838055,residential,group_4
2294,1525,84.70963705,18.681442410000002,tertiary,group_3
2295,2296,82.51887753,11.0371679235,residential,group_4
2295,1842,79.06293286,17.2625061,residential,group_4
2296,1809,89.76912342,12.006911862,residential,group_4
2296,2295,82.51887753,18.01707291,residential,group_4
2297,966,111.8523316,20.11185084,residential,group_4
2298,681,60.89513816,8.14492254,residential,group_4
2299,270,92.90582996,18.34542633,residential,group_4
2300,2485,84.0692715,17.572064655000002,residential,group_4
2300,3117,41.51290913,5.552486445,residential,group_4
2300,764,68.09075133,16.912730279999998,residential,group_4
2301,2311,323.2225725,74.30728023,residential,group_4
2301,2347,52.32286576,15.237374580000001,residential,group_4
2302,1214,100.4210683,17.384845575,residential,group_4
2302,2220,100.7649936,17.444385765,residential,group_4
2303,2302,62.53689703,10.8263566245,residential,group_4
2304,192,102.7342482,19.93000356,residential,group_4
2304,1474,82.19530764,10.9938893985,residential,group_4
2304,2442,149.9314954,20.05382454,residential,group_4
2305,997,41.43180064,10.217010013500001,tertiary,group_3
2305,2205,166.4198177,38.83605609,residential,group_4
2305,1889,87.87787816,21.141982425000002,tertiary,group_3
2306,2206,356.9101642,100.22666287499999,residential,group_4
2306,3593,21.34920153,5.3768394585,residential,group_4
2306,3824,18.75430196,3.2467354605,residential,group_4
2307,1644,76.99512842,17.967734655,residential,group_4
2307,2335,116.0401157,32.049712245,residential,group_4
2308,1187,241.2631742,64.126413945,residential,group_4
2309,1794,96.27076344,16.666346865,residential,group_4
2310,2029,38.26190649,7.9974607005,residential,group_4
2311,2301,323.2225725,80.28368145,residential,group_4
2311,1263,82.13685278,23.919752385000002,residential,group_4
2312,1673,74.52590043,21.444931320000002,residential,group_4
2312,2058,281.5801779,80.048881275,residential,group_4
2312,429,137.3572006,40.000926705,residential,group_4
2313,2314,222.7535263,52.75446184500001,residential,group_4
2313,2400,181.264481,43.766556165,residential,group_4
2314,2313,222.7535263,53.784142755000005,residential,group_4
2314,1409,376.9124613,102.794666025,residential,group_4
2314,2845,143.0962888,22.62299946,residential,group_4
2315,1181,61.63145276,13.456537602,residential,group_4
2316,2245,29.66416796,5.857563603,residential,group_4
2317,2245,11.85580099,3.4115231955,residential,group_4
2319,236,76.93436134,16.080733755,residential,group_4
2319,1836,208.0522596,49.20821754000001,residential,group_4
2320,1816,50.23156603,8.696063818499999,residential,group_4
2320,3380,161.3964912,25.071823634999998,trunk,group_2
2321,1434,74.90023177,18.604103985000002,residential,group_4
2321,1816,183.4660861,31.76155791,residential,group_4
2321,1130,148.5372654,19.867341749999998,residential,group_4
2322,1153,94.36334871,11.742986649,secondary,group_3
2323,2324,334.8992306,44.79385998,residential,group_4
2324,1986,90.23613097,12.069375639,residential,group_4
2325,2469,154.2309833,15.131800845,secondary,group_3
2325,1979,64.58157156,6.336181344,secondary,group_3
2326,3344,25.90590036,3.0042436830000003,secondary,group_3
2327,2328,77.95790414,8.4898911645,secondary,group_3
2327,3129,79.46989216,7.7968936950000005,secondary,group_3
2328,2327,77.95790414,7.648550598,secondary,group_3
2328,377,145.300907,15.823782075,secondary,group_3
2329,2153,89.18784784,11.098924749,secondary,group_3
2329,2330,224.9516941,41.55749409,secondary,group_3
2330,1826,84.57940792,14.693115783,secondary,group_3
2330,2473,248.210223,31.519572315,secondary,group_3
2330,2329,224.9516941,27.99396987,secondary,group_3
2330,2331,239.4432984,36.71156055,secondary,group_3
2331,2332,129.9917035,19.930389885,secondary,group_3
2331,2330,239.4432984,29.797368315,secondary,group_3
2332,774,170.4879897,26.139299774999998,secondary,group_3
2332,2331,129.9917035,16.17673449,secondary,group_3
2332,2480,93.96127352,12.376245321,unclassified,group_4
2333,1251,324.2006529,49.70659851,secondary,group_3
2333,1198,61.67664637,11.3941212,secondary,group_3
2334,2697,21.27157516,3.8756084879999997,secondary,group_3
2334,3209,117.6469766,18.27564048,trunk,group_2
2334,3967,33.97843734,6.190755462,secondary,group_3
2335,2307,116.0401157,27.079349699999998,residential,group_4
2335,2414,85.3585277,23.970178605,residential,group_4
2335,476,127.3842771,19.530618044999997,secondary,group_3
2335,3704,112.273436,22.460620425000002,secondary,group_3
2336,2337,199.6496903,42.648318554999996,secondary,group_3
2336,2114,71.10106039,12.3089803395,residential,group_4
2336,558,100.6473009,19.025659830000002,secondary,group_3
2337,2336,199.6496903,37.74037713,secondary,group_3
2337,2115,81.45305411,10.8946105785,residential,group_4
2337,1611,139.5975673,29.820239190000002,secondary,group_3
2338,2475,106.5791607,16.84977519,residential,group_4
2338,1541,80.99707372,10.83362172,residential,group_4
2338,730,272.6396627,55.46678697,secondary,group_3
2338,2389,100.5757647,20.973030195,secondary,group_3
2339,2340,49.98353131,6.685459678499999,residential,group_4
2339,1541,199.450271,26.677121639999996,residential,group_4
2339,2381,185.6386289,32.13766743,residential,group_4
2340,2339,49.98353131,8.653124172,residential,group_4
2341,1705,166.6863173,28.856652644999997,residential,group_4
2342,3147,56.88347974,9.6504313875,residential,group_4
2342,288,81.82617646,13.882025241000001,residential,group_4
2343,1614,357.6454133,70.51061157,residential,group_4
2343,2735,35.08351772,5.95201071,residential,group_4
2343,1475,87.70565339,11.7309160425,residential,group_4
2344,1846,256.356028,34.28845149,residential,group_4
2345,358,83.88611007,20.433898560000003,tertiary,group_3
2345,2503,50.2716404,11.5905967485,tertiary,group_3
2346,2345,111.4528592,14.9071819635,residential,group_4
2347,2301,52.32286576,14.088524912999999,residential,group_4
2347,3665,255.8716659,73.379795115,unclassified,group_4
2347,2252,155.6675703,43.57997847,unclassified,group_4
2347,3973,150.5732768,40.954304985,unclassified,group_4
2348,2405,67.70778398,13.6876100325,tertiary,group_3
2348,2750,135.7490297,23.50080474,residential,group_4
2348,171,344.5493305,75.98519718,tertiary,group_3
2349,1568,78.79299997,16.487436825,unclassified,group_4
2349,1219,78.67531985,13.4128230165,unclassified,group_4
2350,1498,233.133238,46.035094305,residential,group_4
2350,1499,76.66267641,16.023946485,residential,group_4
2351,2352,37.79269641,5.9748869655,residential,group_4
2352,559,160.2733256,46.67452101,residential,group_4
2352,2510,35.47255214,9.6743661315,residential,group_4
2352,1644,74.93547543,20.696811705000002,residential,group_4
2353,1380,52.96735991,7.084556446500001,residential,group_4
2354,330,80.37135396,10.7499296685,residential,group_4
2355,746,341.3482856,91.91189658,residential,group_4
2356,1810,91.4437389,19.11346755,residential,group_4
2356,2018,312.7563339,49.445631569999996,residential,group_4
2356,1821,122.671922,16.407768045,residential,group_4
2356,1747,78.5242441,10.502872725,residential,group_4
2357,1855,81.01391668,14.025089109,residential,group_4
2358,2123,97.1685774,24.47210217,residential,group_4
2358,1790,90.0415505,15.587948595,residential,group_4
2358,1494,75.04692281,12.9920860875,residential,group_4
2359,2358,225.9606911,30.222976440000004,residential,group_4
2360,1834,155.0908919,20.428021604999998,unclassified,group_4
2361,3479,75.237536,8.729225754,tertiary,group_3
2362,1645,80.78423153,7.925845227,secondary,group_3
2362,750,200.6387932,19.684930965,secondary,group_3
2363,2126,84.99538421,9.8613529395,tertiary,group_3
2364,2934,23.84117406,4.394346441,tertiary,group_3
2364,967,83.82736773,9.725837076,tertiary,group_3
2364,1418,100.7547358,19.553741940000002,tertiary,group_3
2365,1415,95.58452689,9.3779213085,secondary,group_3
2365,2127,93.9824475,16.326609705,secondary,group_3
2366,3624,186.1172151,21.59373198,tertiary,group_3
2367,2368,94.16100829,14.140146970500002,tertiary,group_3
2368,2369,84.24399383,9.7741749615,tertiary,group_3
2368,1020,301.8552177,40.374115905,residential,group_4
2369,1377,123.2953494,14.3049998265,tertiary,group_3
2370,2353,200.6366153,26.835799035,residential,group_4
2371,2819,290.8098159,33.740399655,tertiary,group_3
2372,2689,360.6084996,91.680446655,residential,group_4
2372,2497,65.9281561,16.05950322,tertiary,group_3
2372,358,17.14639374,3.9532613999999997,tertiary,group_3
2373,2180,377.1207316,55.989646410000006,residential,group_4
2373,1426,80.93463988,21.511978515,residential,group_4
2373,1664,60.51582716,16.294572675,residential,group_4
2374,2443,79.41857983,19.273451355,residential,group_4
2374,2375,59.83998158,10.698935452499999,residential,group_4
2374,1426,213.8497325,54.368765624999995,residential,group_4
2375,654,264.2831636,48.72469167,residential,group_4
2375,2374,59.83998158,13.0653899295,residential,group_4
2375,1047,294.1830087,44.869759635,residential,group_4
2376,1642,73.64516611,9.8502801945,residential,group_4
2376,1747,138.155663,28.877141445,residential,group_4
2379,2142,52.55686897,7.0296519495,residential,group_4
2380,2198,65.48266929,12.703357016999998,residential,group_4
2380,2046,177.6743954,30.142926735000003,residential,group_4
2381,1753,86.53416617,20.893792455,residential,group_4
2381,2339,185.6386289,24.82976964,residential,group_4
2382,1645,31.18304724,3.0594090135,secondary,group_3
2382,2462,81.19458175,9.415936366499999,secondary,group_3
2383,2276,90.87872507,12.155324686500002,residential,group_4
2384,333,93.89072409,27.342694485000003,residential,group_4
2384,2109,90.85002542,15.412944869999999,residential,group_4
2385,1199,37.88058795,5.066651688,residential,group_4
2386,4026,10.47952823,2.552718402,tertiary,group_3
2386,4027,8.362956078,1.7013896609999999,secondary,group_3
2386,3772,77.89815801,18.741024735,tertiary,group_3
2387,904,70.43413193,13.6639195335,residential,group_4
2387,2207,44.02239369,9.0680239545,secondary,group_3
2387,3644,52.87352996,10.756779824999999,secondary,group_3
2388,1750,214.7649087,44.238697020000004,secondary,group_3
2388,1344,45.00074371,9.155112063,secondary,group_3
2389,2460,166.9986587,28.331760029999998,residential,group_4
2389,2513,124.1915243,21.06941751,residential,group_4
2389,254,95.98549921,19.77172827,secondary,group_3
2389,2338,100.5757647,20.461492874999998,secondary,group_3
2390,3643,26.74369973,4.8665235795,secondary,group_3
2390,2147,176.5599298,35.321316495000005,secondary,group_3
2390,4005,15.42827276,3.7786655369999997,residential,group_4
2392,2391,105.6995591,13.922370621,unclassified,group_4
2392,2549,104.4726011,29.337747210000003,residential,group_4
2392,1177,95.83897183,12.8187738045,residential,group_4
2393,978,79.23029011,10.597308672,residential,group_4
2394,697,87.70285147,18.63560709,residential,group_4
2394,728,211.8339977,46.25158143,residential,group_4
2394,1307,85.85416674,11.483273688,residential,group_4
2395,2468,251.4950658,31.297142805,secondary,group_3
2396,2200,113.3153772,15.156299789999998,residential,group_4
2396,1254,84.91707604,24.729404205,residential,group_4
2397,1987,79.54916847,14.917223482499999,residential,group_4
2397,2026,80.46102552,22.315924635000002,residential,group_4
2398,2397,69.53438068,11.796689879999999,residential,group_4
2399,2827,84.76154945,10.763649279,secondary,group_3
2399,1960,113.844334,11.169414552000001,secondary,group_3
2400,2313,181.264481,42.92865888,residential,group_4
2401,1246,107.390141,14.145048068999998,unclassified,group_4
2402,1911,84.72017654,11.1590408385,unclassified,group_4
2402,2277,313.8791025,41.98234956,residential,group_4
2402,1247,109.132039,18.892884510000002,residential,group_4
2403,2503,248.1821822,60.45493743,tertiary,group_3
2403,1469,250.4273568,61.00184169,tertiary,group_3
2403,1888,89.18179218,21.455682839999998,tertiary,group_3
2403,1880,247.0594458,56.961865305,tertiary,group_3
2404,852,257.141354,56.70867640499999,tertiary,group_3
2404,1469,197.9922026,45.64895358,tertiary,group_3
2404,2269,84.34391107,24.270077519999997,residential,group_4
2405,2348,67.70778398,14.931938217,tertiary,group_3
2405,2443,216.4347705,38.501975310000006,residential,group_4
2405,1278,146.2459446,32.25235389,tertiary,group_3
2406,599,79.26760652,12.5319184395,residential,group_4
2407,277,138.6327318,18.542578215,residential,group_4
2408,862,35.5195379,8.1657671265,residential,group_4
2409,597,32.91864867,4.0965402045,secondary,group_3
2410,1195,64.31774247,8.6027069835,residential,group_4
2411,2000,49.53016814,8.402922807,residential,group_4
2412,1455,81.30899389,12.673106070000001,secondary,group_3
2412,825,81.49436138,13.581504967499999,secondary,group_3
2413,2412,121.7049336,21.06949779,residential,group_4
2414,2335,85.3585277,11.416980357,residential,group_4
2414,1130,74.72922362,20.98528272,residential,group_4
2415,1501,145.4823698,19.458739545,residential,group_4
2416,3678,236.827737,52.529738880000004,residential,group_4
2416,456,94.74465616,20.131890315,residential,group_4
2417,1023,94.67748656,12.022848408000002,secondary,group_3
2418,1477,32.0509371,4.2869169495,residential,group_4
2419,2420,139.0061816,18.59252832,residential,group_4
2420,2415,161.9151696,21.6566799,residential,group_4
2421,1388,64.58547971,8.6385177105,residential,group_4
2422,2172,238.1556208,30.242764469999997,secondary,group_3
2423,1987,79.97427719,22.18092462,residential,group_4
2423,2424,69.64455214,12.035219124000001,residential,group_4
2423,3660,223.7541876,41.95884489,residential,group_4
2424,2423,69.64455214,13.0815007125,residential,group_4
2425,1448,400.7619105,82.49120042999999,unclassified,group_4
2426,2190,72.95591245,11.53406271,residential,group_4
2427,1646,98.01156267,16.967713155000002,residential,group_4
2428,2420,102.1248537,13.659530922000002,residential,group_4
2429,2240,99.38679531,27.565000815,residential,group_4
2429,578,102.2342328,29.418042449999998,residential,group_4
2430,3478,223.7337383,42.02443647,residential,group_4
2430,849,53.71336403,8.4918862395,residential,group_4
2431,1991,94.88530089,12.6912172185,residential,group_4
2432,1979,77.04398105,7.5588844245,secondary,group_3
2432,1592,124.0079122,12.166576326000001,secondary,group_3
2433,1568,29.58073804,5.1210027105,residential,group_4
2434,1790,88.66070105,18.839136495,residential,group_4
2434,2436,108.7845028,18.832719225,residential,group_4
2435,3473,55.61002966,8.05476027,secondary,group_3
2435,3623,127.0820296,15.814641989999998,secondary,group_3
2436,1307,219.4433211,43.331847780000004,residential,group_4
2436,1498,81.39286644,10.886560281000001,residential,group_4
2436,2434,108.7845028,14.550280629,residential,group_4
2437,1196,82.85697881,14.3441591115,residential,group_4
2438,607,295.6902226,34.30663527,tertiary,group_3
2438,1974,86.06532666,15.863348895,tertiary,group_3
2439,1749,63.21975459,13.4332976325,residential,group_4
2441,1143,153.4521501,26.033559345,residential,group_4
2441,1005,53.51178545,9.263933778,residential,group_4
2442,1472,81.12928746,14.045062041000001,residential,group_4
2443,2374,79.41857983,14.127915735000002,residential,group_4
2443,2405,216.4347705,53.275154279999995,residential,group_4
2445,1254,355.0410566,86.95603362,residential,group_4
2445,4008,237.5040896,68.342131545,residential,group_4
2447,1180,98.76266431,20.61261432,residential,group_4
2448,1272,105.2342596,23.511588359999998,residential,group_4
2449,1243,22.29475662,2.1873673485,secondary,group_3
2450,1969,259.3390897,34.68744567,residential,group_4
2451,2288,25.05112065,5.604730653,residential,group_4
2451,1206,164.1114001,44.18885541,residential,group_4
2451,1965,166.4108933,40.180137165000005,residential,group_4
2452,809,140.9492109,23.912402955,residential,group_4
2453,2114,74.40600926,12.8811314505,residential,group_4
2454,2453,95.87853826,16.59844503,residential,group_4
2455,1925,82.42337381,14.269093629,residential,group_4
2455,1758,155.6188701,40.94301189,residential,group_4
2455,1391,75.71975015,16.089368699999998,residential,group_4
2456,1716,145.3197284,39.128984700000004,residential,group_4
2456,2069,188.0133435,25.147395435,residential,group_4
2456,175,114.8261742,28.123025415,residential,group_4
2456,2184,82.05131837,19.147657095,residential,group_4
2457,123,167.8758105,16.470512460000002,secondary,group_3
2457,3044,50.90189475,7.9337485365,secondary,group_3
2458,114,77.67422455,7.620718428,secondary,group_3
2459,750,141.1020384,13.843703109,secondary,group_3
2459,914,428.1532588,42.006668865,secondary,group_3
2460,2389,166.9986587,28.858904100000004,residential,group_4
2461,1241,42.36959374,5.4565537755,tertiary,group_3
2462,927,80.40687755,9.324588243,secondary,group_3
2462,2382,81.19458175,7.9661052165,secondary,group_3
2463,2442,128.8715537,17.23698894,residential,group_4
2464,1898,121.9350114,16.30920387,residential,group_4
2465,3148,51.5207727,6.891070708499999,residential,group_4
2466,2165,113.2268219,19.601771295,residential,group_4
2467,442,190.0017249,28.208816175000003,residential,group_4
2468,164,309.1027193,38.466090435,secondary,group_3
2469,2325,154.2309833,15.131800845,secondary,group_3
2469,1306,123.9566781,12.161549680499999,secondary,group_3
2470,113,77.9863075,7.651337289,secondary,group_3
2470,1592,137.415099,13.4819727315,secondary,group_3
2471,2443,116.6014014,27.210332445,residential,group_4
2472,1194,66.09759953,8.8407686475,residential,group_4
2473,1329,70.05375428,8.8959445245,secondary,group_3
2473,2330,248.210223,41.36566407,secondary,group_3
2474,1234,128.3583638,21.776332755,residential,group_4
2475,2338,106.5791607,22.64655402,residential,group_4
2476,1538,58.86852165,7.873855998,residential,group_4
2477,1583,105.8822496,13.445712195,secondary,group_3
2478,1058,127.604422,31.252651500000002,residential,group_4
2479,2115,78.37994407,13.2973628865,residential,group_4
2479,3754,36.65176727,4.9022929305,residential,group_4
2480,1083,255.8935256,33.705386595,unclassified,group_4
2480,2332,93.96127352,12.376245321,unclassified,group_4
2481,2219,81.08035825,10.844761296,residential,group_4
2482,1947,71.58363363,9.574543528500001,residential,group_4
2483,800,110.6237269,16.423873935,residential,group_4
2484,1200,57.6947526,7.7168605755,residential,group_4
2485,2300,84.0692715,20.881557135,residential,group_4
2485,2191,150.4482137,31.446516585,residential,group_4
2485,2508,113.8090307,27.87390843,residential,group_4
2486,215,53.81909543,9.753375702,primary,group_2
2487,2334,133.2428165,20.69834586,trunk,group_2
2487,3967,144.6481908,18.474266445,trunk_link,group_2
2488,3609,143.1884991,9.8478420705,trunk_link,group_2
2488,1383,119.4289579,18.110733675,trunk,group_2
2489,304,41.59197835,6.575539533000001,residential,group_4
2490,1612,126.34088,21.872070540000003,residential,group_4
2492,2388,43.15494079,5.7721135155,residential,group_4
2493,1820,38.25647449,6.490311137999999,residential,group_4
2494,2052,68.8530127,13.357189185,residential,group_4
2495,594,98.80786465,13.2158728635,residential,group_4
2496,1626,138.7489011,18.558116235,residential,group_4
2497,2201,284.5455057,81.878364345,residential,group_4
2497,2203,145.6598482,35.919465345000006,tertiary,group_3
2497,2372,65.9281561,15.20035284,tertiary,group_3
2498,2051,221.0302915,40.324640565,residential,group_4
2499,2200,56.66677738,16.305943875,residential,group_4
2500,1770,148.912139,19.917482324999998,residential,group_4
2501,468,36.62189601,4.898297553,residential,group_4
2502,1860,50.06170467,7.914572262,residential,group_4
2503,2345,50.2716404,12.245717434500001,tertiary,group_3
2503,2026,78.3881988,17.513603160000002,residential,group_4
2503,2403,248.1821822,59.70858018,tertiary,group_3
2504,1121,83.76185871,11.2034206935,residential,group_4
2505,1881,30.63609732,5.648238714,residential,group_4
2506,1486,67.4773398,9.025313389499999,residential,group_4
2507,1937,44.05719536,5.8927929930000005,residential,group_4
2508,2485,113.8090307,19.30800027,residential,group_4
2509,1817,107.0923053,14.3239437135,residential,group_4
2510,2352,35.47255214,10.207276131,residential,group_4
2511,2290,36.68372926,7.667591868000001,residential,group_4
2512,2111,39.14358347,7.593687323999999,residential,group_4
2513,2389,124.1915243,29.986212945,residential,group_4
2514,596,79.05003845,10.5731994285,residential,group_4
2515,2083,69.58134149,9.306730452,residential,group_4
2516,1148,67.00934252,11.6006241705,residential,group_4
2517,2253,65.77739561,8.797940334,residential,group_4
2518,2157,88.41775313,19.7818572,residential,group_4
2519,271,91.7852383,15.571606185,residential,group_4
2520,3458,327.7380839,17.04543696,motorway,group_1
2521,57,143.3150635,9.8565465855,trunk_link,group_2
2522,3079,130.5109139,12.0521920845,trunk,group_2
2523,109,406.5862447,21.146276685,motorway,group_1
2524,91,1023.019034,53.20653079499999,motorway,group_1
2525,2524,257.8985799,13.4131314075,motorway,group_1
2526,3272,737.0235253,114.573594375,motorway_link,group_1
2526,103,227.0160739,25.70704278,motorway,group_1
2527,3955,307.6392814,23.454124725,motorway_link,group_1
2528,3274,485.8533926,72.77845095,trunk,group_2
2529,3297,144.1809274,16.05171012,trunk,group_2
2530,2529,365.6599858,43.500156735,motorway_link,group_1
2531,2532,78.95423442,6.019395354,motorway_link,group_1
2532,2533,296.9461814,22.638892995,motorway_link,group_1
2533,2933,138.4586972,10.5559587105,motorway_link,group_1
2534,80,276.8905773,21.109872915,motorway_link,group_1
2534,3331,378.7357988,38.746348245,motorway,group_1
2535,2586,178.630311,19.746277335,motorway,group_1
2536,3122,211.4363441,24.322830704999998,primary,group_2
2537,3301,10.61413568,1.1572511355,primary,group_2
2538,12,200.9950034,17.863973895,primary,group_2
2539,3184,93.51197387,8.31112929,primary,group_2
2540,76,104.622497,13.285739491500001,secondary,group_3
2541,2548,60.20436424,11.8881100335,residential,group_4
2541,3536,66.16377982,8.849620476,residential,group_4
2542,2535,506.9635976,56.041126199999994,motorway,group_1
2543,2768,18.57100104,4.6059203505,unclassified,group_4
2543,4071,89.57746598,14.96563059,unclassified,group_4
2543,2544,150.4343726,24.482552775000002,primary,group_2
2544,2562,201.8860301,32.856090675,primary,group_2
2545,3726,10.5804931,1.998699813,primary,group_2
2545,3587,16.3974413,2.1932110395,residential,group_4
2546,2545,18.80334004,3.9954420090000005,residential,group_4
2546,3728,22.29603842,4.2118157835000005,primary,group_2
2547,2361,97.41033696,12.2145039135,primary_link,group_2
2547,65,87.00764687,16.636552199999997,primary,group_2
2548,2549,15.48154838,3.2359358460000003,residential,group_4
2548,2551,382.7886278,73.192221795,primary,group_2
2548,2541,60.20436424,8.052529283999998,residential,group_4
2549,2548,15.48154838,3.845386443,residential,group_4
2549,2547,180.5140719,34.515722325,primary,group_2
2549,2392,104.4726011,17.72405052,residential,group_4
2550,2551,18.80244551,3.712779696,residential,group_4
2550,382,106.6373657,18.461007915,residential,group_4
2550,2549,379.3453422,69.62083272,primary,group_2
2551,2550,18.80244551,4.387775679,residential,group_4
2551,3626,117.5836016,22.21203873,primary,group_2
2552,2553,15.7020669,2.3579774445,tertiary,group_3
2552,2550,154.6168617,25.875619875,primary,group_2
2553,2552,15.7020669,2.8941662715,tertiary,group_3
2553,3627,197.8990506,37.383966120000004,primary,group_2
2553,3792,30.43632514,4.570619181,tertiary,group_3
2554,3440,28.82431048,4.069839051,primary,group_2
2555,3629,39.36945961,7.527752943,primary,group_2
2556,2557,19.43579751,2.254984323,tertiary,group_3
2556,3614,38.08581723,5.9163671115,trunk,group_2
2556,1808,32.22036852,7.525603413,tertiary,group_3
2557,2558,431.7281436,66.267563355,trunk,group_2
2557,2556,19.43579751,4.792833879,tertiary,group_3
2557,2009,68.53545298,14.3410449105,unclassified,group_4
2558,3217,78.2150715,12.0055231125,trunk,group_2
2559,3582,13.1002245,2.0108023305,trunk,group_2
2559,3221,33.17796105,3.255132582,secondary,group_3
2560,2559,19.43060927,1.9063621560000001,secondary,group_3
2560,3218,114.1341035,17.729940045,trunk,group_2
2561,1928,161.7618469,21.636172485,residential,group_4
2561,2768,352.4162421,57.35424089999999,primary,group_2
2562,2561,16.37918848,1.9003497645,tertiary,group_3
2562,2832,269.7978011,43.908441870000004,primary,group_2
2563,3784,112.1003709,20.91798657,primary,group_2
2564,3465,222.3500343,41.490630165,primary,group_2
2565,346,58.00808152,11.801371338000001,secondary,group_3
2566,3095,64.41558779,5.9485372844999995,trunk,group_2
2567,18,202.6675996,18.715590645,trunk,group_2
2568,57,196.7316563,14.036272796999999,trunk,group_2
2569,1203,43.37322246,5.801309397,residential,group_4
2570,3900,1332.505784,69.30272817000001,motorway,group_1
2571,3306,279.0787319,32.104153034999996,primary,group_2
2572,3620,182.7844442,15.568567035000001,primary,group_2
2573,2618,411.3304998,42.0809304,motorway,group_1
2574,3156,142.408071,12.656902015499998,primary,group_2
2575,3099,736.1637944,38.28738303,motorway,group_1
2576,1548,62.62491265,10.118286696,secondary,group_3
2577,3885,156.8116353,17.122987065,motorway,group_1
2578,2579,627.6175381,71.07069833999999,motorway,group_1
2578,183,422.6034522,69.31441656,motorway_link,group_1
2579,2655,781.7453907,88.52396161499999,motorway,group_1
2580,0,770.866878,79.902284505,motorway,group_1
2581,79,4.423720254,0.23007471000000002,motorway,group_1
2582,335,21.52157009,6.098556564000001,unclassified,group_4
2582,2636,146.6450173,42.055384634999996,unclassified,group_4
2582,2638,385.2138066,71.88109340999999,primary,group_2
2583,134,25.45305822,4.2250484759999996,motorway_link,group_1
2583,3349,270.8888877,49.923955605,primary,group_2
2584,3269,1219.862726,136.49139723,motorway,group_1
2585,33,661.4236466,74.00721060000001,motorway,group_1
2585,2637,324.306088,52.551049410000005,motorway_link,group_1
2586,136,530.9096719,86.02940689500001,motorway_link,group_1
2587,3028,33.29540232,5.46419898,secondary,group_3
2587,3026,202.3475914,40.480211595,secondary,group_3
2588,2140,41.83016907,4.10401188,secondary,group_3
2589,2590,15.57907317,2.6970414270000003,residential,group_4
2589,3630,221.6415451,42.379621425,primary,group_2
2589,2102,164.739887,22.034495025,residential,group_4
2590,2589,15.57907317,2.6970414270000003,residential,group_4
2590,3631,242.0680185,34.178714369999994,primary,group_2
2591,2592,13.90871052,2.2537885065,motorway_link,group_1
2591,54,48.26864069,7.230405205499999,trunk,group_2
2592,55,15.08632758,1.2766855845,motorway_link,group_1
2592,50,220.270181,33.402741315,trunk,group_2
2593,752,415.5236684,110.443887045,residential,group_4
2593,3023,26.99649357,7.102723188000001,residential,group_4
2594,3022,8.462944817,2.249403807,residential,group_4
2595,2762,200.77864,23.09680908,primary,group_2
2596,3054,21.51890416,3.5720035064999998,motorway_link,group_1
2596,429,125.1600909,26.41787913,secondary,group_3
2597,1514,74.39885387,15.78605529,tertiary,group_3
2597,2598,217.0983,25.188226139999998,tertiary,group_3
2598,2597,217.0983,25.188226139999998,tertiary,group_3
2599,3042,13.9341265,2.3893078635,residential,group_4
2599,3134,186.3191376,39.326884635,secondary,group_3
2599,1226,61.04742289,13.869890103,residential,group_4
2600,2882,18.08337609,2.4187102935,residential,group_4
2600,1775,90.86230592,18.485352119999998,secondary,group_3
2601,1775,18.94951729,4.026502593,residential,group_4
2601,2882,90.96138782,18.968147430000002,secondary,group_3
2602,2724,141.8992216,17.663766074999998,trunk,group_2
2602,2868,145.8199329,21.055707974999997,trunk_link,group_2
2603,3586,13.48825329,1.7128382955,secondary,group_3
2603,3491,26.34414554,3.3453747000000003,secondary,group_3
2604,3586,189.912999,24.116559074999998,secondary,group_3
2604,2742,81.07418887,10.295400924,secondary,group_3
2605,2742,11.87737515,1.5082770585,secondary,group_3
2605,2869,249.8083668,31.72251645,secondary,group_3
2606,69,169.9812521,21.585478245,secondary,group_3
2606,2713,131.1709751,20.111196375,secondary,group_3
2607,1757,325.1273329,28.896569999999997,primary,group_2
2608,3249,37.10150852,3.4261847835,trunk,group_2
2609,2611,49.43733738,6.277919226,secondary,group_3
2609,2610,145.5599257,22.317317145,secondary,group_3
2610,2686,101.4741782,15.558069329999999,secondary,group_3
2610,2609,145.5599257,18.484277355,secondary,group_3
2611,2609,49.43733738,7.579756113,secondary,group_3
2611,2612,102.3683329,12.999489036,secondary,group_3
2612,2611,102.3683329,15.695161559999999,secondary,group_3
2612,2613,87.38186455,11.0963962965,secondary,group_3
2613,2612,87.38186455,13.397429089500001,secondary,group_3
2613,3940,104.9945631,13.332987198,secondary,group_3
2614,3940,16.76020089,2.5696819829999997,secondary,group_3
2614,2615,61.4854752,7.807880991000001,secondary,group_3
2615,2616,129.3686662,16.428191325,secondary,group_3
2615,2614,61.4854752,9.426982341,secondary,group_3
2616,2713,124.8387847,15.852953414999998,secondary,group_3
2616,2615,129.3686662,19.83486552,secondary,group_3
2617,2540,90.1501,11.447927334,secondary,group_3
2618,3455,575.5706252,58.883422035,motorway,group_1
2619,2669,184.911965,18.14195157,secondary,group_3
2620,169,332.7170922,22.39742043,motorway,group_1
2621,174,494.5581716,44.566887105,motorway_link,group_1
2622,2626,104.7576283,24.074174925,unclassified,group_4
2622,4042,222.8532178,60.613668255,unclassified,group_4
2622,2624,82.7040969,20.512005900000002,unclassified,group_4
2623,3969,314.2278811,66.32492931,secondary,group_3
2623,1362,196.7395408,39.358305120000004,secondary,group_3
2623,2020,409.5567361,83.32168551,secondary,group_3
2623,1809,166.6528534,33.904451865,secondary,group_3
2624,2625,18.17171473,2.393513742,unclassified,group_4
2624,2622,82.7040969,22.49462109,unclassified,group_4
2624,2627,164.1938723,35.074397355,secondary,group_3
2625,2624,18.17171473,5.1493097235,unclassified,group_4
2625,3753,84.18044047,17.340044159999998,secondary,group_3
2625,3970,217.5226588,61.838321220000005,residential,group_4
2626,2622,104.7576283,21.920535824999998,unclassified,group_4
2627,2905,80.8674572,16.863263505,secondary,group_3
2627,3389,196.8854186,32.68174812,motorway_link,group_1
2628,2538,133.8058054,11.8923524145,primary,group_2
2629,143,26.95831904,4.036826001,trunk_link,group_2
2629,3730,162.7769152,31.12423728,primary,group_2
2630,908,314.2739361,54.40694806500001,residential,group_4
2630,3732,81.95745187,17.130654494999998,residential,group_4
2631,2565,219.4548738,40.950391725,primary,group_2
2632,4067,14.8916052,2.84739303,primary,group_2
2632,4001,9.854962698,2.6905437315,primary_link,group_2
2632,870,117.6320985,29.71538004,tertiary,group_3
2633,268,15.2936218,3.8173729949999995,tertiary,group_3
2633,128,161.3423012,39.301526955,tertiary,group_3
2633,331,96.4840611,18.670789065,primary,group_2
2634,3058,370.1033653,34.798347254999996,secondary,group_3
2635,2584,644.2149063,72.950165505,motorway,group_1
2635,2583,323.1318295,53.63786277,motorway_link,group_1
2636,3266,100.3238757,24.88200714,unclassified,group_4
2636,2582,146.6450173,35.869769385,unclassified,group_4
2637,2638,25.2991698,4.1995039604999995,motorway_link,group_1
2637,3110,205.3697446,38.795211765,primary,group_2
2638,33,327.0480428,54.287929665,motorway_link,group_1
2638,2583,151.8342803,27.98257224,primary,group_2
2639,2640,176.9382558,26.831697150000004,trunk,group_2
2639,3328,277.8385453,45.57041967,motorway_link,group_1
2640,55,40.53095449,6.1462926195000005,trunk,group_2
2641,2567,593.986519,54.85242121499999,trunk,group_2
2642,75,175.4403426,12.517195021500001,trunk,group_2
2643,3087,197.7297491,14.1074840295,trunk,group_2
2644,3447,15.94492142,1.137627117,trunk,group_2
2645,3486,281.1659097,20.060428935,trunk,group_2
2646,2654,1300.415978,147.25763075999998,motorway,group_1
2647,3391,341.6131141,56.705640419999995,motorway_link,group_1
2647,3395,627.5483383,68.52490286999999,motorway,group_1
2648,3741,897.1826774,143.607902085,motorway_link,group_1
2649,3096,47.01155594,4.341340395,trunk,group_2
2650,2649,75.51265206,6.973309437,trunk,group_2
2651,7,878.3327566,45.681494985,motorway,group_1
2652,2932,82.4117859,5.8798585365,trunk,group_2
2653,2905,10.46802277,1.2678491805,motorway_link,group_1
2653,2625,242.2906448,49.908630269999996,secondary,group_3
2654,2862,1180.65305,133.695812655,motorway,group_1
2654,2699,383.3524583,54.27464019,motorway_link,group_1
2655,3450,332.9027647,54.60192239999999,motorway_link,group_1
2655,3334,1239.422425,140.350790055,motorway,group_1
2656,2699,82.10635022,12.002135773500001,trunk_link,group_2
2656,3845,429.8791451,54.30679831500001,trunk,group_2
2657,180,101.9547651,19.729433985,primary,group_2
2657,3596,27.6780709,4.1446039755,trunk_link,group_2
2658,722,23.27000337,4.970839248,secondary,group_3
2658,3214,82.94310957,12.731247313499999,trunk,group_2
2658,3215,54.01744297,7.686715413,secondary,group_3
2659,3060,189.7126881,13.535488358999999,trunk,group_2
2660,3616,24.18414574,1.725473538,trunk,group_2
2661,2662,152.7172631,17.002063185,trunk,group_2
2662,3309,183.6467668,19.70843625,trunk_link,group_2
2663,3040,94.56164058,10.527578583,trunk,group_2
2664,3863,271.8653028,22.063324575000003,motorway,group_1
2665,72,630.3527025,44.97396432,trunk,group_2
2666,2641,638.710765,58.982537145,trunk,group_2
2667,9,76.45544541,5.454889716,trunk,group_2
2668,2600,124.101364,25.247624835000003,secondary,group_3
2668,2749,236.9171436,56.04842259,tertiary,group_3
2668,248,163.3738495,33.237359595,secondary,group_3
2668,435,102.1289159,25.491945,tertiary,group_3
2669,3102,15.34994833,1.5060032429999999,secondary,group_3
2669,1483,600.5306678,110.67588135,primary,group_2
2670,338,20.18699953,3.9064194210000003,primary,group_2
2670,2671,397.7794054,73.30947216,primary,group_2
2671,336,18.73165842,5.455001209500001,residential,group_4
2671,2582,409.7072579,75.50773722,primary,group_2
2671,2065,60.34799406,16.94678007,residential,group_4
2672,1341,294.4288815,55.303272195000005,residential,group_4
2672,48,20.39201609,3.4595589615,residential,group_4
2672,2748,173.9832935,36.280677345,secondary,group_3
2673,1962,265.8147364,40.309318485,trunk,group_2
2674,3322,81.21470938,15.46699938,secondary,group_3
2675,3680,9.072001203,1.734638586,primary,group_2
2675,3670,86.00396854,24.449595555,residential,group_4
2676,1481,287.2645939,52.941945870000005,primary,group_2
2677,1482,15.21272802,1.4925403815,secondary,group_3
2677,3780,166.7350295,30.728732655,primary,group_2
2678,387,17.22165304,1.998094371,tertiary,group_3
2678,3108,403.934907,74.44391141999999,primary,group_2
2679,2765,52.04150386,3.5791737075000003,trunk_link,group_2
2680,3059,19.53385269,1.489242255,motorway_link,group_1
2680,2634,67.71044917,6.366361249500001,secondary,group_3
2681,407,16.91758018,1.5309888539999998,trunk,group_2
2681,3992,32.29809574,5.405188275,primary,group_2
2682,2997,18.56950204,3.5934148245,primary,group_2
2682,3513,20.84335099,3.0987290639999996,primary,group_2
2683,3990,136.9541393,26.186717715,primary,group_2
2684,3946,121.6538495,23.26118094,primary,group_2
2684,411,153.6656167,29.02808373,primary,group_2
2685,413,114.1872019,22.096552905,primary,group_2
2685,3797,221.5241474,42.867501435,primary,group_2
2686,3133,55.59983818,8.524593669,secondary,group_3
2686,2610,101.4741782,12.885942646500002,secondary,group_3
2687,423,15.03408502,3.752591172,tertiary,group_3
2687,2191,244.0146622,59.439767204999995,tertiary,group_3
2687,2688,318.3660071,60.874105740000005,primary,group_2
2688,422,15.58320403,4.430063433,residential,group_4
2688,614,199.5850642,57.430879335,residential,group_4
2688,2906,394.1206391,76.26693190499999,primary,group_2
2689,2372,360.6084996,97.09792758,residential,group_4
2689,3660,36.47968875,5.415997326,residential,group_4
2689,1664,36.46047523,9.690992151,residential,group_4
2690,303,83.76820521,11.2042695585,residential,group_4
2691,530,142.7896891,22.574527185,residential,group_4
2692,1077,23.70381321,2.750168967,tertiary,group_3
2693,418,42.53175468,8.230389672000001,primary,group_2
2694,2693,13.8557229,3.281434944,residential,group_4
2694,3795,52.23205953,10.1075115885,primary,group_2
2695,415,14.33489006,2.1526686675,tertiary,group_3
2695,1001,72.85375029,8.4526536495,tertiary,group_3
2695,3796,46.65760808,9.028790337,primary,group_2
2696,3886,177.7148803,27.606772005000003,trunk,group_2
2697,2334,21.27157516,4.4898489405,secondary,group_3
2697,504,59.06038262,7.349731585499999,secondary,group_3
2697,3211,127.8769116,19.8647898,trunk,group_2
2698,3841,37.67540051,7.883578312500001,unclassified,group_4
2698,3208,100.5566726,15.620780489999998,trunk,group_2
2699,2700,129.7763625,34.587186375,primary_link,group_2
2700,2657,19.24614737,5.254469526,primary_link,group_2
2700,3945,105.1147261,20.340923205,primary,group_2
2701,2656,87.96522138,13.502109991500001,trunk,group_2
2701,3334,330.3564017,54.83709657,motorway_link,group_1
2702,2701,381.2714886,72.023793795,primary,group_2
2703,215,19.58404224,3.5183426460000002,secondary,group_3
2703,2708,147.3182483,27.48966051,primary,group_2
2704,2705,368.3637133,68.73685737,primary,group_2
2705,2706,89.89264114,16.98109941,primary,group_2
2706,1666,15.4626392,2.0681782215,residential,group_4
2706,2702,116.8217419,22.068120225,primary,group_2
2707,2704,33.96031664,6.3370124610000005,primary,group_2
2708,2707,48.74035511,9.0949752,primary,group_2
2709,3746,65.60959953,6.4370424945,secondary,group_3
2710,1666,487.6387854,93.24040357499999,primary,group_2
2711,1604,125.3717781,21.704300085,residential,group_4
2712,1321,28.28903664,2.775473898,secondary,group_3
2713,2616,124.8387847,19.140341925,secondary,group_3
2713,2606,131.1709751,16.657061849999998,secondary,group_3
2714,104,1079.385327,72.660670455,motorway,group_1
2714,3178,361.3691501,51.812456745,motorway_link,group_1
2715,172,20.01462445,3.2827512629999998,motorway_link,group_1
2715,2716,279.7028536,54.12575837999999,primary,group_2
2716,428,13.31005446,3.7838422335,residential,group_4
2716,3314,402.9506403,77.975639925,primary,group_2
2717,2718,41.65557685,6.184441275,residential,group_4
2718,1240,37.16671861,5.517997974,residential,group_4
2719,2720,72.58477897,5.5411700205,trunk_link,group_2
2720,1411,30.21093806,2.3063229869999997,trunk_link,group_2
2721,2592,239.8925598,37.26564255,trunk,group_2
2722,2721,58.23945597,5.1843213075,trunk_link,group_2
2723,2721,33.30414263,5.1119770965,trunk,group_2
2724,3113,10.81533651,1.346304594,trunk,group_2
2725,3113,21.01897965,4.3830807165,secondary,group_3
2726,2723,76.92339557,8.718895891499999,trunk,group_2
2727,1855,73.82343467,11.6712147975,residential,group_4
2728,795,142.2755724,19.029819975000002,residential,group_4
2729,2746,48.19172194,6.445799355,residential,group_4
2730,1145,177.7213782,37.147122765,residential,group_4
2731,1803,80.11228989,10.7152790085,residential,group_4
2732,2733,19.33852832,5.274162474,residential,group_4
2732,1776,105.8126374,21.795987225,secondary,group_3
2732,1342,284.9981239,58.932630825,residential,group_4
2733,2732,19.33852832,4.8034029149999995,residential,group_4
2733,2601,131.2191834,26.250771119999996,secondary,group_3
2733,1537,45.67678064,11.345433204,residential,group_4
2734,1776,22.00166779,6.254733218999999,residential,group_4
2734,2733,105.4944768,21.99872757,secondary,group_3
2736,1125,44.08408179,6.544991946,residential,group_4
2737,3330,267.0204755,20.35738578,motorway_link,group_1
2738,2526,525.9335485,58.84711725,motorway,group_1
2739,2322,133.5213746,16.61598216,secondary,group_3
2740,2741,120.9276272,8.627859880499999,trunk,group_2
2741,2903,187.9699385,13.4111478735,trunk,group_2
2742,2605,11.87737515,1.5082770585,secondary,group_3
2742,2604,81.07418887,10.295400924,secondary,group_3
2743,3552,217.0700227,21.297020115,secondary,group_3
2744,2743,157.6816282,15.47034807,secondary,group_3
2745,2744,225.3974734,22.11403704,secondary,group_3
2746,2747,63.20994879,8.454535981500001,residential,group_4
2747,668,28.12438822,3.7617282825,residential,group_4
2748,2599,173.6696753,36.65692839,secondary,group_3
2748,1347,230.7647346,54.186686205,unclassified,group_4
2749,299,103.8889684,20.514185355,residential,group_4
2749,2668,236.9171436,56.998395855,tertiary,group_3
2749,1294,135.5874528,30.717286244999997,tertiary,group_3
2750,2348,135.7490297,23.458680795,residential,group_4
2751,655,46.53735304,8.042082604500001,residential,group_4
2752,1267,75.03978581,15.684731715000002,residential,group_4
2753,126,40.1882484,5.37530877,residential,group_4
2754,3384,250.1070467,19.06792215,motorway_link,group_1
2755,577,140.805855,18.833240505,residential,group_4
2756,1920,255.7341593,60.565227300000004,residential,group_4
2757,575,89.36661549,11.9530751175,residential,group_4
2758,576,197.1959054,26.375592915000002,residential,group_4
2758,575,86.33996042,21.14623185,residential,group_4
2758,2759,75.3334777,10.076097354,residential,group_4
2759,2758,75.3334777,10.076097354,residential,group_4
2760,2861,259.8436444,28.373528235000002,motorway,group_1
2761,3657,97.9667232,10.681237267499998,primary,group_2
2762,2536,181.7824737,20.911562535,primary,group_2
2763,11,73.06297417,8.2365700155,primary,group_2
2764,3372,136.7857801,12.631652383499999,trunk,group_2
2764,3232,137.0793849,19.223427795,trunk_link,group_2
2765,2629,328.6308086,49.21024158,trunk_link,group_2
2766,2765,75.74977743,11.767201662000002,trunk,group_2
2766,2679,47.801412,4.1699408745,trunk_link,group_2
2767,2673,273.1778449,39.932570085,trunk_link,group_2
2768,2543,18.57100104,3.1026412514999997,unclassified,group_4
2768,3725,119.8389873,22.638090615,primary,group_2
2769,2619,94.16856235,9.238999199999999,secondary,group_3
2770,2769,88.4911044,8.681976471,secondary,group_3
2771,3779,76.9185694,7.5465801255,secondary,group_3
2772,2771,95.72527001,9.391729797,secondary,group_3
2773,2772,140.6208462,13.796492724,secondary,group_3
2774,3558,20.33898799,1.9954843635,secondary,group_3
2775,1238,82.56511613,14.2936319895,residential,group_4
2776,1507,83.07255994,20.320207815,residential,group_4
2776,1915,68.0797263,13.850382732,secondary,group_3
2776,531,25.36254143,5.224344111000001,secondary,group_3
2777,1138,145.4724545,25.18411923,residential,group_4
2778,3957,18.1224792,3.137354619,residential,group_4
2779,2894,9.798039461,1.896034701,primary,group_2
2780,2778,87.39161625,10.0531982625,primary,group_2
2781,3120,143.4981803,19.193347754999998,residential,group_4
2782,3950,163.7393718,22.7419188,primary,group_2
2783,3437,11.10609518,2.1235734885,primary,group_2
2783,1656,111.3053364,10.920310218000001,secondary,group_3
2784,2783,529.4571799,101.23641228000001,primary,group_2
2785,30,291.7849179,25.933172805,primary,group_2
2786,3734,345.5482685,30.711535830000003,primary,group_2
2787,2785,434.9153812,38.654279385,primary,group_2
2788,2791,114.142965,13.130571405,primary,group_2
2789,2790,114.6144366,19.18108776,primary,group_2
2790,3452,82.91903815,13.876762779,primary,group_2
2791,2794,114.37825,13.1576376975,primary,group_2
2792,2789,114.9557446,19.238206725,primary,group_2
2793,2795,15.33744143,3.1073026109999997,secondary,group_3
2793,2792,113.5271288,18.999123375,primary,group_2
2793,563,99.14054357,12.5896004415,secondary,group_3
2794,2795,113.5582946,13.063313147999999,primary,group_2
2795,2793,15.33744143,1.5047761755,secondary,group_3
2795,1182,110.2008735,12.779724829500001,secondary,group_3
2795,2799,354.4885171,59.324772315000004,primary,group_2
2796,564,112.5676951,15.056294880000001,residential,group_4
2796,29,114.1497984,19.103329095,primary,group_2
2797,2799,18.02884142,2.2894358025,secondary,group_3
2797,2796,123.4333146,20.65695483,primary,group_2
2798,2797,118.3063503,19.798941165000002,primary,group_2
2799,2802,227.5483233,38.080930185,primary,group_2
2800,2803,15.5000928,1.5207341115,secondary,group_3
2800,4046,22.43408362,3.7544147100000003,primary,group_2
2801,2802,15.4501181,2.035034697,unclassified,group_4
2801,2798,118.1790173,19.777631595,primary,group_2
2802,4047,172.5948898,28.884299625,primary,group_2
2803,3866,12.96003365,1.829887695,primary,group_2
2804,2805,15.43479133,1.790778714,tertiary,group_3
2804,3852,128.7964209,28.137535125,tertiary,group_3
2804,3867,208.7907521,34.94179143,primary,group_2
2805,2804,15.43479133,2.3178407055,tertiary,group_3
2805,3127,268.5354615,37.915776285,primary,group_2
2806,3127,14.9785646,2.7608121105,tertiary,group_3
2806,605,128.0756563,14.859621627000001,tertiary,group_3
2806,2804,268.5696053,51.97134522,primary,group_2
2807,2808,16.19217566,2.3256931935000003,trunk,group_2
2807,3288,46.19398443,7.730709111,primary,group_2
2808,94,20.41900617,2.88305487,primary,group_2
2808,3186,661.3487844,81.1023534,trunk,group_2
2809,95,122.4466242,23.69484726,primary,group_2
2810,2815,102.0939192,16.06656225,primary,group_2
2811,2812,102.1008159,19.522485839999998,primary,group_2
2812,2809,48.89911539,9.349898715,primary,group_2
2813,3634,316.9006149,49.870780725,primary,group_2
2814,2813,15.24620148,2.0081755245,unclassified,group_4
2814,2811,160.6114355,30.710180384999997,primary,group_2
2815,2813,160.9938811,25.335673590000003,primary,group_2
2816,492,17.13089619,4.3144507515,residential,group_4
2816,28,151.4840868,13.4635574325,primary,group_2
2817,886,29.6790796,5.462386038,tertiary,group_3
2817,586,75.22372648,12.884765187000001,tertiary,group_3
2818,2160,17.71587535,2.3695558755,residential,group_4
2818,2371,59.49157618,6.9023445809999995,tertiary,group_3
2819,2099,89.35814507,12.311733755999999,secondary,group_3
2819,2098,77.50419422,15.504934650000001,secondary,group_3
2820,1369,198.8789221,29.812090590000004,tertiary,group_3
2820,94,732.1659376,104.108371845,trunk,group_2
2822,3222,34.43367404,7.268008773,secondary,group_3
2822,1703,60.4674045,5.932535103,secondary,group_3
2823,3227,53.99532086,3.7135481955000005,trunk_link,group_2
2823,3526,78.65887246,20.23065357,unclassified,group_4
2824,3646,29.69854513,5.4864984165,secondary,group_3
2824,2178,209.8935482,32.180978775,secondary,group_3
2825,2928,899.4072053,76.359693615,motorway,group_1
2826,139,80.1605349,8.4211401885,primary,group_2
2827,1247,108.4549319,14.506199440499998,residential,group_4
2827,565,30.60959976,3.887033667,secondary,group_3
2827,2399,84.76154945,8.316065022,secondary,group_3
2828,3371,10.85999674,1.5999959760000002,trunk,group_2
2829,1945,93.96675307,9.219199429500001,secondary,group_3
2830,2829,96.20046539,9.4383518295,secondary,group_3
2831,2005,150.3727119,30.592361715,secondary,group_3
2831,2020,447.5273252,79.26178924499999,secondary,group_3
2832,3,552.162789,89.86213981499999,primary,group_2
2833,2561,267.0396528,43.459564995,primary,group_2
2834,1587,35.33333088,7.188339061500001,secondary,group_3
2834,1588,132.3568698,14.414130695999999,secondary,group_3
2835,3369,19.85521003,1.9480202835,secondary,group_3
2835,93,108.0236108,14.494455693,trunk,group_2
2836,3890,119.8382687,11.066613441,trunk,group_2
2837,3107,415.6632419,76.605406035,primary,group_2
2838,2839,136.9808822,19.840812435,secondary,group_3
2839,2840,212.7851946,30.820586534999997,secondary,group_3
2840,3649,11.99588171,1.7375274210000002,secondary,group_3
2841,2842,159.0019314,23.03042181,secondary,group_3
2842,2843,68.31094314,9.894407073,secondary,group_3
2843,1010,93.92699895,13.604730370499999,secondary,group_3
2844,3401,42.83701995,6.971542365,primary,group_2
2845,2314,143.0962888,24.27666033,residential,group_4
2846,1409,129.7143208,17.349711765000002,residential,group_4
2847,22,367.4121322,33.92912868,trunk,group_2
2848,3308,17.36912047,1.5437275035,primary,group_2
2848,3908,136.1733207,15.664859505,primary,group_2
2849,647,22.42519771,4.676318895,secondary,group_3
2849,97,574.121137,88.12399512,trunk,group_2
2850,2898,96.90191705,6.6644652435000005,trunk_link,group_2
2851,3245,12.66910964,1.410456147,trunk,group_2
2851,3244,82.76410783,8.120093445,secondary,group_3
2852,3051,13.42181666,0.9576103994999999,trunk,group_2
2853,644,84.80854517,12.86074167,trunk,group_2
2854,608,85.67444043,14.6060557335,unclassified,group_4
2854,1114,211.4482095,28.28188488,residential,group_4
2855,932,83.88942134,15.49770117,secondary,group_3
2856,2664,225.6514328,18.31282164,motorway,group_1
2857,3335,653.5273899,74.004700575,motorway,group_1
2857,2653,452.8194551,74.27037373499999,motorway_link,group_1
2858,1610,361.6446965,76.33332486,secondary,group_3
2858,3807,150.0017814,31.27982073,secondary,group_3
2859,1545,21.41021922,3.5769870045000003,unclassified,group_4
2859,3213,219.9405353,34.166234145,trunk,group_2
2859,505,119.7246924,24.64364337,unclassified,group_4
2861,2577,931.4035524,101.70425777999999,motorway,group_1
2862,2857,788.2592691,89.26158582,motorway,group_1
2863,3119,17.48960708,5.093293164,residential,group_4
2863,733,371.6167273,108.22158142499998,residential,group_4
2863,3995,194.4460229,37.627569120000004,primary,group_2
2864,3449,7.21557516,1.3962977955,primary,group_2
2864,3448,61.41418049,13.1190362925,secondary,group_3
2865,2039,16.7614372,2.6124966164999996,secondary,group_3
2865,34,325.6816145,67.91427693,secondary,group_3
2866,421,12.95437541,2.5068224519999998,primary,group_2
2866,3194,272.5863111,57.53553042,secondary,group_3
2867,3684,13.0877009,2.5326224864999998,primary,group_2
2867,956,124.9740298,26.378606715000004,secondary,group_3
2868,3770,19.34756639,3.9853397504999997,secondary,group_3
2869,3941,25.63316694,3.2550893729999997,secondary,group_3
2869,2605,249.8083668,31.72251645,secondary,group_3
2870,2754,62.91714178,4.7967427425,motorway_link,group_1
2871,2260,129.740851,25.896655799999998,"['tertiary', 'unclassified']",group_3
2871,3600,58.80119565,13.713756786,unclassified,group_4
2872,1073,84.99206915,11.3739617115,secondary,group_3
2872,2976,83.9823151,10.8260105925,primary,group_2
2873,3016,41.60857308,4.6906374855,primary,group_2
2874,1526,72.3387912,9.675548307,residential,group_4
2875,667,75.64711278,13.095990676500001,residential,group_4
2876,1318,174.604999,49.637495564999995,residential,group_4
2878,672,84.32827249,14.5988687445,residential,group_4
2879,2072,90.78351862,12.1425905145,residential,group_4
2880,2264,42.60937697,9.943408044,residential,group_4
2881,2151,80.12357927,11.8956357885,residential,group_4
2882,2600,18.08337609,3.1305851085,residential,group_4
2882,2668,126.3216521,26.341811399999997,secondary,group_3
2883,2056,68.95225187,14.076620013,residential,group_4
2884,1969,90.17465838,12.0611534805,residential,group_4
2885,2886,19.82875927,2.5180027005000003,secondary,group_3
2886,1438,131.1122469,16.649604105,secondary,group_3
2886,3304,280.4864281,23.890281135000002,primary,group_2
2887,2891,155.8613604,30.160987739999996,primary,group_2
2888,2779,119.1052281,23.048248215,primary,group_2
2889,2281,104.9213886,14.0335765515,residential,group_4
2890,2889,89.95115322,12.031258938,residential,group_4
2891,3952,44.81165015,8.671575987,primary,group_2
2892,2890,16.60947167,2.2215707895,residential,group_4
2893,2782,8.356362078,1.398463572,primary,group_2
2894,2893,18.1736297,5.2294871789999995,residential,group_4
2894,2780,78.02753025,13.058153491499999,primary,group_2
2895,644,22.54663882,2.805802065,secondary,group_3
2895,3443,81.26807113,12.323848578,trunk,group_2
2895,3289,57.36698285,7.284884332500001,secondary,group_3
2896,3289,137.4988901,17.110961535,secondary,group_3
2896,2153,113.5378971,17.407684455000002,secondary,group_3
2897,1016,123.8300212,21.4373919,residential,group_4
2898,2662,140.2265639,9.644133884999999,trunk_link,group_2
2899,2665,88.073339,6.283795072499999,trunk,group_2
2900,3891,430.2531955,30.697404464999998,trunk,group_2
2901,3542,11.66060222,0.8319525030000001,trunk,group_2
2902,3881,35.31597174,2.5196992845,trunk,group_2
2903,42,341.0528926,24.333203564999998,trunk,group_2
2904,1202,518.3466365,58.696985354999995,motorway,group_1
2905,82,200.0176761,42.21827223,secondary,group_3
2906,2867,73.99690512,14.31926259,primary,group_2
2906,957,145.4749085,19.45774158,residential,group_4
2907,683,34.55130285,5.462434509,residential,group_4
2909,2681,23.28563262,3.896924124,primary,group_2
2909,642,37.20783088,2.654678328,trunk,group_2
2910,2682,16.17530479,2.7069883155000003,primary,group_2
2910,3515,40.28348322,7.609720044,primary,group_2
2911,3748,89.08375274,17.033520105,primary,group_2
2911,3520,40.37670095,5.1273325095,secondary,group_3
2912,307,55.43678452,9.404995752,residential,group_4
2912,366,176.1385612,30.49302042,residential,group_4
2913,2912,16.89502785,2.2597648575,residential,group_4
2914,1722,101.3562923,20.8339878,residential,group_4
2914,3599,267.6957661,56.503269855,secondary,group_3
2914,2259,145.0591202,28.65059805,secondary,group_3
2915,3413,407.8808423,63.406896225,motorway_link,group_1
2916,1015,143.2771367,27.395724975,primary,group_2
2917,3053,2128.808393,238.19404079999998,motorway,group_1
2918,1274,110.2530701,14.746706263499998,residential,group_4
2918,2229,145.0189649,30.311701080000002,residential,group_4
2919,2918,13.55190664,2.3460993615,residential,group_4
2920,1078,12.5852356,2.1351181965,residential,group_4
2921,2163,121.9197882,16.30716771,residential,group_4
2922,1537,38.38896986,6.645879438,residential,group_4
2923,15,16.82604561,2.777129517,primary,group_2
2923,83,98.23220681,17.39795547,secondary,group_3
2924,3467,149.0084787,28.148330684999998,primary,group_2
2925,3464,52.67892369,9.9512710785,primary,group_2
2926,70,257.678531,15.840793815000001,motorway,group_1
2927,170,51.60240933,6.651974637,primary,group_2
2928,3166,261.6849745,28.936368074999997,motorway_link,group_1
2928,2926,252.7567376,15.538226445000001,motorway,group_1
2929,3809,9.015153692,1.7237688915,primary,group_2
2929,280,45.61106348,5.879640918,primary,group_2
2930,182,107.0048945,20.706692805000003,primary,group_2
2931,2850,87.54998331,6.021282537,trunk_link,group_2
2932,2740,127.6133527,9.104868351,trunk,group_2
2933,88,311.2053007,16.18557804,motorway,group_1
2934,863,24.07513721,4.4374699545,tertiary,group_3
2934,2364,23.84117406,4.6269206235,tertiary,group_3
2935,1383,19.59938329,2.2739639085,tertiary,group_3
2935,3608,47.43329189,6.980405634,tertiary,group_3
2935,3607,112.9903417,17.552264595,trunk,group_2
2936,3237,52.61307774,3.7538011214999996,trunk,group_2
2937,3810,25.26966905,3.938619591,secondary,group_3
2938,1663,130.0393975,20.826703005,secondary,group_3
2939,2940,31.335701,5.70925791,secondary,group_3
2940,1597,61.57306564,11.2184026785,secondary,group_3
2941,1657,132.3246563,22.907978925,residential,group_4
2941,1459,126.0330868,18.92637306,tertiary,group_3
2942,3364,87.75070236,8.609334672,secondary,group_3
2943,2663,161.2549697,17.952568875,trunk,group_2
2944,4073,351.0724291,38.493874665,trunk,group_2
2945,177,20.42753056,3.4825514865000002,unclassified,group_4
2946,648,23.56192153,3.2463532514999995,secondary,group_3
2946,96,586.0243137,91.03480581,trunk,group_2
2946,287,50.67048163,8.115225789,secondary,group_3
2947,2853,154.3135526,23.40078741,trunk,group_2
2948,998,41.71052052,5.5789176105,residential,group_4
2949,1582,83.34632161,9.6700250385,tertiary,group_3
2950,2951,166.1789186,21.102629775,secondary,group_3
2951,2952,139.0301631,17.655079739999998,secondary,group_3
2952,1714,91.2526515,14.222959557,secondary,group_3
2953,2955,34.86542623,4.3553827305,secondary_link,group_3
2954,3546,84.33779541,12.001320245999999,secondary,group_3
2955,384,65.45440215,6.421815879,secondary,group_3
2956,2957,154.4592501,15.1541964,secondary,group_3
2957,708,162.809239,20.260691745,secondary,group_3
2957,709,149.6711499,14.6844297,secondary,group_3
2958,3453,31.65368357,3.6413190449999995,primary,group_2
2958,3231,34.08076893,3.0290204039999997,primary,group_2
2959,2960,11.18864644,1.097732544,secondary,group_3
2960,3577,325.9332285,31.977729735000004,secondary,group_3
2961,3503,20.72309242,2.336165529,primary,group_2
2962,313,458.3901485,108.99350407499999,unclassified,group_4
2963,583,1454.687496,194.56917795,residential,group_4
2966,2977,96.12127349,10.8359892,primary,group_2
2967,2970,67.58427997,8.712169104,primary,group_2
2968,2969,88.9209942,11.462646915,primary,group_2
2969,2967,59.15384665,7.6254169665000004,primary,group_2
2970,3701,121.7609659,15.695989155000001,primary,group_2
2971,2972,55.48937023,7.153035839999999,primary,group_2
2972,2973,179.8002965,23.177735835,primary,group_2
2973,2974,187.3017425,24.144733875,primary,group_2
2974,2975,97.73095018,12.598322641500001,primary,group_2
2975,3980,382.5748175,49.317038010000005,primary,group_2
2976,2971,167.9747607,21.653327085,primary,group_2
2977,2872,380.7306576,42.920709885,primary,group_2
2978,2982,235.3392041,26.530371285,primary,group_2
2979,2980,124.4287642,14.027162731499999,primary,group_2
2980,2983,211.3060251,23.8210515,primary,group_2
2981,3524,58.54677055,6.600122433,primary,group_2
2982,2966,162.6464262,18.335534414999998,primary,group_2
2983,2978,34.19567564,3.8549631989999997,primary,group_2
2984,2987,105.939048,12.186824079,primary,group_2
2985,3521,84.98212341,9.5802452265,primary,group_2
2986,2981,20.89525315,2.3555736345000002,primary,group_2
2987,3603,295.0075008,33.936537869999995,primary,group_2
2988,3012,210.4923479,23.729323665000003,primary,group_2
2989,3002,77.92199751,8.784339750000001,primary,group_2
2990,2989,80.21456561,9.0427866285,primary,group_2
2991,2996,137.4609474,19.092083145,primary,group_2
2992,2990,161.7719768,18.236955554999998,primary,group_2
2993,2992,85.77142603,9.6692252655,primary,group_2
2994,2993,187.6976957,21.159626055,primary,group_2
2994,2417,243.6327182,30.938286855,secondary,group_3
2995,2991,83.5765532,11.6080278345,primary,group_2
2995,2646,372.0808702,61.02782241,motorway_link,group_1
2996,162,17.00813207,2.7560234655,motorway_link,group_1
2996,2994,112.7273623,15.656811735000002,primary,group_2
2997,410,16.2887253,2.299881219,primary,group_2
2997,3510,40.86075917,7.9070325885,primary,group_2
2998,693,13.67288018,2.1616323075,residential,group_4
2998,3928,33.49622522,6.404743944,primary,group_2
2998,3927,27.53068092,3.6823180035000003,residential,group_4
2999,98,15.29716327,1.7055702975,trunk,group_2
2999,3286,49.40032044,9.559537108499999,primary,group_2
3000,3506,39.00230684,7.457550422999999,primary,group_2
3001,3004,190.1486454,21.43592769,primary,group_2
3002,3001,99.63565175,11.2321737645,primary,group_2
3003,3005,78.9414248,8.899262313000001,primary,group_2
3004,3003,128.4037343,14.475270950999999,primary,group_2
3005,3006,108.7184478,12.2560998585,primary,group_2
3006,3008,58.30499246,6.572866189500001,primary,group_2
3007,3830,36.5168724,4.116637458,primary,group_2
3008,3009,159.1409032,17.940348120000003,primary,group_2
3009,3829,60.56163279,6.8272628415000005,primary,group_2
3010,3013,140.986384,15.893744220000002,primary,group_2
3011,2988,152.8557436,17.231806515,primary,group_2
3012,3832,70.87009833,7.989361690500001,primary,group_2
3013,3011,33.70329891,3.79945635,primary,group_2
3014,3015,149.1863637,16.81814823,primary,group_2
3015,3585,111.1573073,12.531038523,primary,group_2
3016,952,12.24348234,1.3802380845,primary,group_2
3017,3504,70.39391536,7.9356804059999995,primary,group_2
3018,3505,136.0112553,15.332885639999999,primary,group_2
3019,3591,19.20103538,2.979112992,residential,group_4
3019,2227,126.3085453,18.752537835,residential,group_4
3020,753,3.653945448,1.0134244589999999,residential,group_4
3021,2232,19.62880796,3.8759553689999997,residential,group_4
3021,2594,20.29764015,3.8125536885000004,residential,group_4
3022,2593,25.65733202,6.819576585,residential,group_4
3022,3023,16.81772805,3.4063504124999997,residential,group_4
3023,3024,25.68392943,6.915689238000001,residential,group_4
3024,3019,17.97588069,2.668809003,residential,group_4
3024,3591,13.96267319,3.7596080835000003,residential,group_4
3025,3403,27.37375742,2.6856746730000003,secondary,group_3
3026,2587,202.3475914,33.207813255000005,secondary,group_3
3026,3432,192.7021854,38.55062067,secondary,group_3
3027,2587,32.40069369,6.481850994,secondary,group_3
3028,4,371.8408472,47.41958922,motorway_link,group_1
3029,3027,93.05461126,18.615839835,secondary,group_3
3030,3031,73.65546043,8.021339844,secondary,group_3
3031,3034,236.1999199,25.723005705,secondary,group_3
3032,3030,500.1777565,54.47112468,secondary,group_3
3033,3405,17.89531419,3.5800085384999996,secondary,group_3
3033,3432,111.2194033,18.252518595,secondary,group_3
3034,3029,223.1553547,24.302406465,secondary,group_3
3035,2643,251.611939,17.95183287,trunk,group_2
3036,36,138.1769285,12.760119705,trunk,group_2
3037,89,21.23065628,1.514750034,trunk,group_2
3038,3763,49.16843542,5.7046309005,tertiary,group_3
3039,204,91.40101791,10.604548764,tertiary,group_3
3040,2661,149.5087401,16.644857265,trunk,group_2
3041,3042,100.6657406,23.460317955,residential,group_4
3041,754,274.524835,76.13966499,residential,group_4
3042,2599,13.9341265,3.6392028915,residential,group_4
3042,3041,100.6657406,27.919717229999996,residential,group_4
3042,4077,118.4423615,24.698745585,secondary,group_3
3043,399,74.80941277,9.6435480975,primary,group_2
3043,3876,76.4702701,10.444864014,primary,group_2
3044,2062,11.95233293,1.598663355,residential,group_4
3044,3046,174.874549,36.466530555000006,secondary,group_3
3045,398,12.5123146,1.7090226615000002,primary,group_2
3045,3875,26.60527644,4.4524769955000005,primary,group_2
3046,3045,16.72981986,2.7997881629999997,primary,group_2
3046,3043,104.6534519,18.965841509999997,primary,group_2
3047,3046,13.69457283,2.1551205855,primary,group_2
3047,3949,27.80232656,5.9390148705,secondary,group_3
3048,1577,127.143744,17.00588877,residential,group_4
3049,2786,101.0614229,8.9821069695,primary,group_2
3050,3722,216.0278488,28.894426515,residential,group_4
3051,3460,59.24761068,4.2271571429999995,trunk,group_2
3052,1708,76.38641737,10.216931455500001,residential,group_4
3053,2715,369.9351712,60.67588995,motorway_link,group_1
3053,2714,480.2923695,51.582045359999995,motorway,group_1
3054,2715,123.5395203,23.906335395,primary,group_2
3054,3336,447.4354949,72.5031249,motorway_link,group_1
3055,1673,73.31514441,21.0965346,residential,group_4
3055,1769,218.1283759,45.592948035,residential,group_4
3056,1600,10.54283916,1.8251710905,residential,group_4
3057,739,414.3196567,49.36215945,motorway_link,group_1
3057,56,450.2853409,46.673204475000006,motorway,group_1
3058,3126,401.9515541,37.79281971,secondary,group_3
3059,3681,94.34709158,14.4653410155,secondary,group_3
3060,3061,57.82084242,4.125361077,trunk,group_2
3061,652,184.4279765,13.158438444,trunk,group_2
3062,3063,74.34708563,5.304463935,trunk,group_2
3063,2652,336.311055,23.994886245,trunk,group_2
3064,3903,1003.204284,81.41539761,motorway,group_1
3065,3066,207.3102465,16.824336195,motorway,group_1
3066,205,746.0673857,60.547361925000004,motorway,group_1
3067,3068,280.9499968,22.800596115,motorway,group_1
3068,108,755.716271,61.33042062,motorway,group_1
3069,3776,106.1696564,7.5749184825,trunk,group_2
3070,3071,99.07538856,7.068761619,trunk,group_2
3071,3077,194.369212,13.8677187735,trunk,group_2
3072,3073,135.3960264,12.5033138505,trunk,group_2
3073,3036,810.2105043,74.81989311,trunk,group_2
3074,3075,170.2436015,12.146421562499999,trunk,group_2
3074,3153,122.7158967,8.439831255000001,trunk_link,group_2
3075,3081,197.5388299,14.093862459,trunk,group_2
3076,3125,44.0930545,3.0325161585,trunk_link,group_2
3077,3125,69.37086027,4.9494236835,trunk,group_2
3078,3154,197.0605933,18.1978047,trunk,group_2
3079,3078,89.81733914,8.2942934925,trunk,group_2
3080,3236,248.8993733,17.758298625000002,trunk,group_2
3081,3080,100.3091515,7.1567872785,trunk,group_2
3082,3083,125.4351438,11.1659025285,trunk_link,group_2
3083,3072,149.2802933,13.785473682,trunk,group_2
3084,3083,298.1842961,21.274644885,trunk,group_2
3085,3082,218.1394988,20.14436235,trunk,group_2
3086,38,235.8346975,16.82616927,trunk,group_2
3087,961,91.05163624,6.4962885435,trunk,group_2
3088,3870,370.9761832,26.468149589999996,trunk,group_2
3089,3074,41.85483245,2.9862293505,trunk,group_2
3090,3091,86.78034968,6.1915437735,trunk,group_2
3091,3089,350.095064,24.978338085000004,trunk,group_2
3092,27,384.9144617,27.462608160000002,trunk,group_2
3093,3094,25.49255096,2.354141211,trunk,group_2
3094,3488,48.61150522,4.4890896929999995,trunk,group_2
3095,21,368.0958492,33.99226737,trunk,group_2
3096,3300,810.7126447,74.866263885,trunk,group_2
3097,3038,73.22270964,8.495461131,tertiary,group_3
3097,1489,122.0638275,23.67985905,residential,group_4
3097,341,96.06673753,23.11208826,tertiary,group_3
3098,2050,86.15544437,12.0997490775,residential,group_4
3099,78,380.5461417,19.791948480000002,motorway,group_1
3100,59,391.7341689,29.865438555,motorway_link,group_1
3100,26,363.2061132,18.89010528,motorway,group_1
3101,3912,196.7035512,11.892251688,"['trunk', 'motorway']",group_1
3102,2677,16.94148973,3.122262372,primary,group_2
3102,2838,408.2467167,59.131948935,secondary,group_3
3103,3093,89.74933165,8.288013256500001,trunk,group_2
3104,3103,289.1835861,26.705016645,trunk,group_2
3105,3892,16.57360562,1.182482037,trunk,group_2
3106,3904,93.88758507,9.211432154999999,secondary,group_3
3107,3182,112.3593471,20.707468305,primary,group_2
3108,3102,601.5609931,110.86576701,primary,group_2
3109,2054,83.43897357,15.646647719999999,residential,group_4
3110,1570,222.7284506,62.354034705000004,unclassified,group_4
3110,335,180.8632042,34.58247918,primary,group_2
3111,334,18.58196609,3.969400644,secondary,group_3
3111,2678,597.2797675,110.076750825,primary,group_2
3112,429,18.88591588,4.2218015745,tertiary,group_3
3112,3054,124.2955852,26.235405569999998,secondary,group_3
3112,4030,407.2920277,96.354680535,tertiary,group_3
3113,2723,13.58163363,2.8321734675,secondary,group_3
3113,53,45.34423963,4.5432408075,trunk,group_2
3114,1509,109.9755886,16.32764736,residential,group_4
3115,3666,19.24173371,3.63484473,primary,group_2
3115,3427,192.828739,37.31460585,primary,group_2
3116,3042,155.4823786,32.422687814999996,secondary,group_3
3117,2300,41.51290913,7.186694255999999,residential,group_4
3118,1137,16.27640431,1.772557929,secondary,group_3
3119,2863,17.48960708,5.093293164,residential,group_4
3119,268,277.2073501,53.642849415,primary,group_2
3120,2892,54.38925151,7.274739066,residential,group_4
3121,3257,4.98443683,0.460293996,trunk,group_2
3122,23,287.8249092,33.110279925,primary,group_2
3123,2537,208.5450905,22.73751249,primary,group_2
3124,3085,59.14993949,5.2653701265,trunk_link,group_2
3125,73,153.4453324,10.947910393499999,trunk,group_2
3126,1446,17.1362658,1.6112086079999999,secondary,group_3
3126,2745,177.5446892,17.41913862,secondary,group_3
3127,2806,14.9785646,2.249329194,tertiary,group_3
3127,374,91.32628468,13.714456876500002,tertiary,group_3
3127,2808,312.7062361,44.15245431,primary,group_2
3128,3129,80.5046415,8.7672398595,secondary,group_3
3128,1723,21.93042383,2.151622188,secondary,group_3
3129,2327,79.46989216,8.654552000999999,secondary,group_3
3129,3128,80.5046415,7.8984142875000005,secondary,group_3
3130,1723,61.46921423,6.0308239485,secondary,group_3
3130,1293,12.54646087,1.2309494699999999,secondary,group_3
3131,1843,204.2515977,35.359935375,residential,group_4
3132,646,24.30906531,2.8203916575,tertiary,group_3
3132,3283,80.23107444,12.166593828,trunk,group_2
3133,2686,55.59983818,7.0604792145,secondary,group_3
3133,3497,37.97096626,5.821726632000001,secondary,group_3
3134,2639,65.76681861,10.0947943365,trunk,group_2
3135,3136,145.9955617,24.09648666,primary,group_2
3136,4065,157.1087684,25.93071528,primary,group_2
3137,181,471.5306186,66.758811915,motorway_link,group_1
3138,1419,8.07621554,0.7923679305,secondary,group_3
3138,628,74.74495887,13.6182767265,secondary,group_3
3139,1702,19.58282984,1.9212967109999999,secondary,group_3
3139,1419,60.79324369,11.076321777,secondary,group_3
3140,3139,98.67742108,17.082986235,residential,group_4
3141,3579,36.59569989,4.2459142455,tertiary,group_3
3142,3273,46.75948294,5.8189539825,secondary,group_3
3143,342,96.16968976,17.521789665,secondary,group_3
3143,1668,96.79291353,17.389190205,secondary,group_3
3144,2761,103.1548564,11.2468954875,primary,group_2
3145,3228,76.39836061,10.062920793,unclassified,group_4
3146,493,12.37936703,2.143109886,residential,group_4
3147,2342,56.88347974,9.6504313875,residential,group_4
3148,1703,46.63294142,10.594939836,residential,group_4
3149,452,105.5178565,22.047369224999997,unclassified,group_4
3150,2675,210.9138013,40.328391705,primary,group_2
3151,3930,209.1741748,28.685782545000002,tertiary,group_3
3151,4036,66.05223229,9.9190555545,tertiary,group_3
3152,3737,10.9436022,1.14966309,primary,group_2
3153,3076,184.2897483,13.1485762335,trunk,group_2
3154,3124,37.61206661,3.4733329035,trunk,group_2
3155,3557,60.95976559,8.399015034000001,secondary,group_3
3156,2628,8.018798253,0.712692357,primary,group_2
3157,913,34.40796275,5.837401037999999,residential,group_4
3158,2999,22.474277,4.349034237,primary,group_2
3158,2947,51.84935114,7.8626641845,trunk,group_2
3159,932,16.41438794,1.6104367875,secondary,group_3
3159,3835,42.13796103,7.784551582499999,secondary,group_3
3159,3834,34.55102246,5.9943314354999995,secondary,group_3
3160,4081,303.482774,47.3018937,secondary,group_3
3161,1323,177.1523682,23.694704700000003,residential,group_4
3161,3160,246.624221,38.439719430000004,secondary,group_3
3162,927,12.18161858,1.195154322,secondary,group_3
3162,1742,105.5409704,10.354760836499999,secondary,group_3
3162,3161,260.7894986,40.647569475,secondary,group_3
3163,3896,42.38402801,7.6810534545,primary,group_2
3164,1944,260.2849457,23.133527685,primary,group_2
3165,3721,30.37290453,5.533839675,secondary,group_3
3165,799,58.09619941,10.5849295035,secondary,group_3
3166,3205,34.10027421,3.7707097545000003,motorway_link,group_1
3167,2927,128.881998,16.613948715,primary,group_2
3168,2282,16.78393173,3.5853121844999998,secondary,group_3
3169,567,263.0330322,63.28145217000001,tertiary,group_3
3169,3412,85.8817762,21.436568625,tertiary,group_3
3169,3170,35.13049548,9.581077625999999,residential,group_4
3170,3171,114.9447543,27.22223418,residential,group_4
3170,3169,35.13049548,10.108848852000001,residential,group_4
3171,3172,43.56501636,10.3174528005,residential,group_4
3171,3170,114.9447543,31.747178804999997,residential,group_4
3172,3174,51.73962364,12.253435656,residential,group_4
3172,3171,43.56501636,11.881409523,residential,group_4
3173,3172,32.26951574,5.5864825725,residential,group_4
3174,3172,51.73962364,14.110855643999999,residential,group_4
3175,2816,251.4441929,38.990622030000004,primary,group_2
3176,406,76.69222414,10.4751801075,primary,group_2
3177,3268,459.0297733,72.567687135,motorway_link,group_1
3177,145,190.9498417,29.684004584999997,motorway_link,group_1
3178,3177,285.2558599,45.659592675,motorway_link,group_1
3179,591,186.4732458,32.282155904999996,residential,group_4
3180,2521,130.4448004,11.593634019,primary,group_2
3181,1980,237.7507835,46.946886825,residential,group_4
3182,1482,226.0962924,41.668823535,primary,group_2
3183,543,185.1462774,27.246603945000004,tertiary,group_3
3183,544,337.2075205,41.079742440000004,tertiary,group_3
3184,3185,66.76954754,5.9343239085,primary,group_2
3185,2607,113.1411375,10.055724234,primary,group_2
3186,649,71.61565054,8.782351968,trunk,group_2
3187,649,49.68222107,6.813333394500001,tertiary,group_3
3188,93,127.5479707,11.126606394,trunk_link,group_2
3188,2835,52.45164276,5.146098372,secondary,group_3
3189,3190,72.75755004,5.0039274585,trunk_link,group_2
3189,650,51.32685809,7.071796430999999,secondary,group_3
3190,3243,507.5543362,36.21263226,trunk,group_2
3191,3192,138.3464139,23.32986579,secondary,group_3
3191,1064,114.5565351,13.846804693500001,secondary,group_3
3192,4023,56.14057658,9.060887292,secondary_link,group_3
3192,226,39.38472079,7.0756047749999995,secondary,group_3
3193,3194,15.95725182,3.4087203329999998,secondary,group_3
3193,421,271.5160581,58.000106685,secondary,group_3
3194,2865,13.076784,2.7601521900000003,secondary,group_3
3194,3195,716.6703655,136.48685298,secondary,group_3
3195,1610,11.72029539,2.4738344684999998,secondary,group_3
3195,268,130.6851433,27.916405034999997,secondary,group_3
3196,461,131.2746009,32.151545295,residential,group_4
3197,958,58.93364512,7.882566472500001,residential,group_4
3197,3198,39.9539601,5.343971949,residential,group_4
3198,1648,119.5049345,20.274325275,residential,group_4
3198,3197,57.61260681,7.705873307999999,residential,group_4
3199,1057,41.48232066,5.5483951395,residential,group_4
3199,3831,17.33443335,2.3185367685,residential,group_4
3200,1858,77.55897879,10.373765355,residential,group_4
3200,3199,35.64368539,4.7674587045,residential,group_4
3201,3831,15.45229907,2.066795196,residential,group_4
3202,3687,136.4480454,33.89166582,residential,group_4
3202,3204,25.71166805,7.3985681805,residential,group_4
3203,3202,25.58220173,7.272623536499999,residential,group_4
3203,3204,9.37329769,1.8138422235,primary,group_2
3204,2675,14.51117665,4.1756112299999995,residential,group_4
3204,3926,180.3302938,34.896011205,primary,group_2
3205,3167,12.71530216,1.4060213595,motorway_link,group_1
3206,3704,488.9976173,82.959727065,residential,group_4
3207,3433,37.80737648,5.0568594165,residential,group_4
3207,3704,5.906221552,1.2316223835,secondary,group_3
3207,3210,40.68107171,8.4832101255,secondary,group_3
3208,504,139.7861712,12.4433927805,trunk_link,group_2
3208,2697,105.8939081,16.449882945,trunk,group_2
3209,2320,185.9070315,28.87936578,trunk,group_2
3210,3967,19.40743856,2.9755577234999997,secondary,group_3
3210,3209,138.0603138,20.181369975,trunk_link,group_2
3210,3207,40.68107171,8.4832101255,secondary,group_3
3211,2859,312.6237402,48.563926125,trunk,group_2
3212,1545,214.0463993,33.25062108,trunk,group_2
3213,3215,81.97864928,12.129608578500001,trunk_link,group_2
3213,2658,58.5423408,8.985882286499999,trunk,group_2
3214,2557,126.65995,19.441508235,trunk,group_2
3215,721,182.708981,38.10024201,secondary,group_3
3215,3214,105.3644032,11.1363841035,trunk_link,group_2
3215,2658,54.01744297,11.5389766515,secondary,group_3
3216,2556,22.95691684,3.5661975420000003,trunk,group_2
3216,1808,42.28704491,2.9083071795,trunk_link,group_2
3217,3221,132.0437045,9.0813546945,trunk_link,group_2
3217,2559,120.2798825,18.46220787,trunk,group_2
3218,3216,496.290414,77.095267905,trunk,group_2
3219,1704,56.69330924,6.5776834455,tertiary,group_3
3220,3218,130.3559369,11.6039384265,trunk_link,group_2
3221,2822,34.49341443,3.3841934115,secondary,group_3
3222,3582,33.39804485,7.0494157170000005,secondary,group_3
3223,3219,125.2301975,8.6127532245,trunk_link,group_2
3223,3583,112.5122704,17.47799955,trunk,group_2
3224,67,63.71529868,9.7798988895,trunk,group_2
3225,62,167.2826562,11.504926653,trunk_link,group_2
3226,3227,59.32778812,8.672412867,trunk_link,group_2
3226,2823,53.15800499,7.1387766374999995,trunk_link,group_2
3227,3528,60.10787533,8.7864443955,trunk_link,group_2
3228,1597,39.20787616,5.164322232,unclassified,group_4
3229,3451,19.64766546,3.6297025665,secondary,group_3
3229,1447,32.66608689,4.148181633,secondary,group_3
3230,562,48.4824728,4.7566779839999995,secondary,group_3
3231,1184,75.16272233,6.6802899915,primary,group_2
3232,3373,31.17734845,6.237117297,secondary,group_3
3233,2899,12.52444064,0.893585043,trunk,group_2
3234,3233,20.34967952,1.996533324,secondary,group_3
3234,2522,86.78474955,8.0142452475,trunk,group_2
3235,3234,45.07879354,4.4227386195,secondary,group_3
3236,3882,209.3482189,14.936430496499998,trunk,group_2
3237,3084,290.9450824,20.758146510000003,trunk,group_2
3238,962,36.56880421,2.6090854995,trunk,group_2
3239,2094,57.64109546,7.173109302,secondary,group_3
3239,2032,285.3921583,39.32123106,secondary,group_3
3240,2094,34.2754976,5.342299737,secondary,group_3
3240,2093,104.441102,12.997106214000002,secondary,group_3
3241,4036,15.05679338,2.0648624595,tertiary,group_3
3241,1822,69.84430443,10.488510558,tertiary,group_3
3242,86,457.3345534,50.915206424999994,trunk,group_2
3243,3246,138.4034626,9.874713576000001,trunk,group_2
3244,3354,114.9985605,11.282657202,secondary,group_3
3245,3242,138.8655272,15.459944865,trunk,group_2
3246,651,12.51251071,0.8927338739999999,trunk,group_2
3247,2851,97.55774077,10.8611354025,trunk,group_2
3248,3282,198.2619109,14.1454523325,trunk,group_2
3249,3258,610.2804714,56.357106449999996,trunk,group_2
3250,3941,53.64476082,4.7753137785,trunk_link,group_2
3250,51,42.79707386,3.3893358630000003,trunk,group_2
3251,2719,935.8924314,74.11847343,trunk,group_2
3252,3249,49.53658842,3.4068972209999995,trunk_link,group_2
3253,2725,11.91733972,2.4851188215,secondary,group_3
3254,3259,18.73360498,3.2431524104999996,residential,group_4
3255,3256,35.2100693,3.1343066235000006,trunk_link,group_2
3256,2726,384.3667633,43.566118845000005,trunk,group_2
3257,3256,26.21433124,2.420794905,trunk,group_2
3258,3121,24.29442874,2.243499129,trunk,group_2
3259,3255,28.49344323,4.9327707735,residential,group_4
3260,3263,59.07258534,10.2266167005,residential,group_4
3261,3250,607.1111833,60.82916652,trunk,group_2
3262,52,29.00349141,2.905988652,trunk,group_2
3263,3254,42.34873,7.3313911515,residential,group_4
3264,158,44.29800763,6.5556237495000005,motorway_link,group_1
3264,3327,149.0868412,14.627102422500002,secondary,group_3
3265,194,212.2378933,32.49210567,secondary,group_3
3266,1493,37.11738444,9.205735113,unclassified,group_4
3266,2636,100.3238757,16.76102406,unclassified,group_4
3267,2585,1194.567971,133.66114719,motorway,group_1
3268,3267,189.6734011,29.98533174,motorway_link,group_1
3269,39,452.5685821,50.638253625000004,motorway,group_1
3269,3386,636.1635465,90.067369695,motorway_link,group_1
3270,3271,237.6469027,22.95274572,motorway,group_1
3271,101,1223.622475,129.76405828499998,motorway,group_1
3272,1,416.9376642,46.65148227,motorway,group_1
3273,2035,126.3973178,15.72943347,secondary,group_3
3274,3275,94.9676209,11.959838163,trunk_link,group_2
3274,647,57.8616804,8.310712479000001,trunk,group_2
3275,3287,19.43191224,3.4910119529999997,secondary,group_3
3276,3278,71.01983542,4.8844154909999995,trunk_link,group_2
3276,643,50.42700469,5.2182936584999995,trunk,group_2
3277,716,67.94299136,14.5136931315,secondary,group_3
3278,2855,202.7986469,35.230135485,secondary,group_3
3279,3158,43.49971841,8.036122146,secondary,group_3
3280,2849,109.4644946,22.82659404,secondary,group_3
3281,98,38.48957501,7.270843209000001,primary,group_2
3282,2660,95.66974397,6.825778068,trunk,group_2
3283,3444,417.4738775,63.307579215,trunk,group_2
3284,3288,152.6234612,16.675533225000002,trunk_link,group_2
3284,2807,130.5405228,18.749624009999998,trunk,group_2
3285,3992,104.0484993,9.262120381499999,trunk_link,group_2
3285,2681,92.67783114,8.387058015,trunk,group_2
3286,3752,61.12361265,11.687319552,primary,group_2
3287,3293,75.4776467,7.405209339,secondary,group_3
3287,715,197.2459114,35.435927565,secondary,group_3
3288,2806,266.9060994,51.64943746499999,primary,group_2
3289,2896,137.4988901,21.08139531,secondary,group_3
3289,3443,113.2782925,7.790756535,trunk_link,group_2
3289,2895,57.36698285,7.1389975334999995,secondary,group_3
3290,3291,38.79760681,3.8064832815000003,secondary,group_3
3290,644,41.13284108,5.223352783499999,secondary,group_3
3291,3290,38.79760681,4.926807440999999,secondary,group_3
3291,645,98.3180877,9.966985923,trunk_link,group_2
3291,3834,167.0133664,16.38589695,secondary,group_3
3292,3283,78.64664978,7.0009153665,trunk_link,group_2
3292,3132,28.63517717,3.322316748,tertiary,group_3
3293,3296,22.4050266,2.845156206,secondary,group_3
3293,648,663.3998828,95.28457602,trunk,group_2
3294,3295,83.97138066,7.3252165125,trunk_link,group_2
3294,646,62.94224277,9.428438697,trunk,group_2
3295,1327,27.19839743,4.00258635,tertiary,group_3
3295,2528,101.0622072,10.861827165000001,trunk_link,group_2
3295,646,30.2864339,6.13077024,tertiary,group_3
3296,2849,11.14044356,1.7099882414999998,trunk,group_2
3296,3277,55.43664706,7.0397559990000005,secondary,group_3
3297,4014,41.79536193,4.6530914055,trunk,group_2
3298,2120,128.659404,25.73867997,secondary,group_3
3299,3300,16.79911571,3.403431813,secondary,group_3
3299,31,870.9808859,62.142135870000004,trunk,group_2
3300,3298,50.80501436,10.163687727,secondary,group_3
3301,3144,71.11624884,7.753750483499999,primary,group_2
3302,2924,171.6620919,32.427693855,primary,group_2
3303,3302,60.36837538,11.4038409645,primary,group_2
3304,3307,71.66041776,6.1036376610000005,primary,group_2
3305,2885,346.6130242,39.873040485,primary,group_2
3306,3305,72.81861711,8.3767760175,primary,group_2
3307,2572,346.1732554,29.48512143,primary,group_2
3308,3598,150.5616014,10.7421639675,trunk,group_2
3309,3247,114.3586574,12.731586981000001,trunk,group_2
3310,3786,38.4151753,7.8153205004999995,secondary,group_3
3310,345,258.4128696,52.572437369999996,secondary,group_3
3311,3312,17.28302313,3.51611997,secondary,group_3
3312,40,13.66571844,2.5815119055,primary,group_2
3312,41,101.5242721,20.654460614999998,secondary,group_3
3313,3665,15.02271606,4.1544017235,unclassified,group_4
3313,3115,225.7625167,42.64749249,primary,group_2
3314,3567,10.658072,2.0624610105,primary,group_2
3314,328,346.5329259,74.02489125,secondary,group_3
3315,598,90.8073255,26.444752469999997,residential,group_4
3315,3475,122.1250131,23.06993055,primary,group_2
3316,3551,89.60951668,9.7700574015,primary,group_2
3317,3033,38.76418795,5.943343759499999,secondary,group_3
3318,3326,10.76078588,1.0557545925,secondary,group_3
3319,3325,59.23208544,5.8113363555,secondary,group_3
3320,3323,192.4774012,18.884206275,secondary,group_3
3321,3319,13.93585387,1.3672646115,secondary,group_3
3322,165,190.1780234,36.218603655,secondary,group_3
3323,2226,214.2370487,21.01907337,secondary,group_3
3324,3320,18.55039705,1.8200033985000001,secondary,group_3
3325,485,60.72096555,11.564052174,secondary,group_3
3325,2129,160.4191354,15.738928439999999,secondary,group_3
3326,3324,297.9780874,29.235014775,secondary,group_3
3327,3321,124.455236,12.2104638405,secondary,group_3
3328,2738,26.04565385,4.2719464095,motorway_link,group_1
3329,54,72.38117677,11.72875545,motorway_link,group_1
3329,2591,47.73567321,7.7351607465,motorway_link,group_1
3330,47,3913.92958,203.5608408,motorway,group_1
3331,2580,2287.934541,237.1501512,motorway,group_1
3332,4041,298.118418,32.95481562,motorway,group_1
3333,2570,572.7524737,29.78847033,motorway,group_1
3334,3393,1167.721423,132.23144982,motorway,group_1
3335,2635,1064.476686,120.54013294500001,motorway,group_1
3336,2915,2148.955162,237.55131135,motorway,group_1
3337,3736,32.34870964,3.7212721935,primary,group_2
3338,2620,170.7985604,16.85401242,motorway_link,group_1
3339,3152,205.7249191,21.612111075,primary,group_2
3340,1990,80.97610488,7.196970070500001,primary,group_2
3341,1930,48.6370291,4.322747349,primary,group_2
3342,1510,79.07187969,7.027726911,primary,group_2
3343,3341,294.321603,26.158627545,primary,group_2
3344,167,31.42868772,3.6447077775000003,secondary,group_3
3345,3861,231.2720141,26.820047849999998,secondary,group_3
3346,1978,180.9813654,23.83822284,unclassified,group_4
3347,1060,144.5246582,41.0861208,residential,group_4
3348,3352,9.340424688,2.5404593625,secondary_link,group_3
3348,3787,53.59324874,11.3120720595,secondary,group_3
3349,3111,16.75250779,3.0874336049999997,primary,group_2
3349,1813,292.7434868,60.30124053,secondary,group_3
3350,3788,34.31554587,6.810010022999999,secondary_link,group_3
3350,3352,92.55744569,19.300972845,secondary,group_3
3351,3349,19.65377264,3.831832314,secondary,group_3
3351,134,273.9389253,52.37929531499999,primary,group_2
3352,3348,9.340424688,2.4094039185,secondary_link,group_3
3352,3351,147.2197451,30.699683655,secondary,group_3
3354,3877,38.08504928,3.7365733425,secondary,group_3
3355,3358,59.77460362,15.404217735,residential,group_4
3355,1005,86.52208844,14.678699013000001,residential,group_4
3356,176,6.728892484,0.9000112275000001,residential,group_4
3357,1715,49.56113012,12.138425166,residential,group_4
3357,175,6.424148194,0.8592506895,residential,group_4
3358,216,8.884675968,1.830124347,secondary,group_3
3358,217,49.04772761,8.3958296835,secondary,group_3
3359,1713,56.11083022,7.984605709499999,secondary,group_3
3360,2805,180.1818763,25.44072084,primary,group_2
3361,1460,28.92258344,2.837631993,secondary,group_3
3362,819,87.14670136,10.106189068499999,secondary,group_3
3362,1710,26.25614256,2.5760240355,secondary,group_3
3363,2941,52.33077332,9.090833016,tertiary_link,group_3
3363,3361,30.7034862,3.0123586620000005,secondary,group_3
3364,3363,63.10223841,8.013189558,secondary,group_3
3364,188,121.6328852,15.44584455,secondary,group_3
3365,1711,106.4932895,10.448194086,secondary,group_3
3366,3362,56.75963164,8.3808562335,secondary_link,group_3
3367,2942,66.57060062,6.531327552,secondary,group_3
3367,1656,258.5647313,25.368119534999998,secondary,group_3
3368,1658,220.2521663,33.769167045,secondary,group_3
3369,650,15.85934145,1.768250835,trunk,group_2
3369,4075,36.97779137,3.6279388409999997,secondary,group_3
3370,3189,17.7044004,2.439306051,secondary,group_3
3370,1732,166.4565455,20.71457847,secondary,group_3
3371,3372,23.38938817,2.294763063,secondary,group_3
3371,85,91.75690873,13.5184833105,trunk,group_2
3372,910,11.75861443,1.0858638225000001,trunk,group_2
3372,3232,18.74819498,1.8394096095,secondary,group_3
3373,3838,18.6865346,3.7382944334999997,secondary,group_3
3373,1564,103.4409427,19.962946844999998,secondary,group_3
3374,37,36.89546507,3.284336067,trunk_link,group_2
3375,144,27.42822516,1.8863863469999997,trunk_link,group_2
3376,3781,211.1303558,39.397032405000004,primary,group_2
3377,2642,204.3616303,14.055046829999998,trunk_link,group_2
3378,1779,275.7273714,27.05196831,secondary,group_3
3379,68,186.3813176,16.59116865,trunk_link,group_2
3380,2696,83.41886574,12.491411118000002,trunk_link,group_2
3381,835,180.1830252,20.312478645,primary,group_2
3382,1914,55.1689138,4.9032862470000005,primary,group_2
3383,3806,208.1545378,22.66876452,secondary,group_3
3384,46,3858.532249,200.679663,motorway,group_1
3385,133,11.51875972,0.87817923,motorway_link,group_1
3386,3270,244.7448506,34.65072003,motorway_link,group_1
3387,3931,165.0578149,25.658973539999998,motorway_link,group_1
3388,81,189.4823293,39.994548075000004,secondary,group_3
3389,3335,186.360598,30.93469374,motorway_link,group_1
3390,2579,195.366733,22.88997972,motorway_link,group_1
3391,186,12.47640181,2.07100467,motorway_link,group_1
3392,146,259.1099908,19.754298,motorway_link,group_1
3393,2996,363.0178435,58.823960865000004,motorway_link,group_1
3393,3394,741.1014391,83.921486625,motorway,group_1
3394,2647,1425.599641,161.43328680000002,motorway,group_1
3395,2648,279.746784,44.777780235,motorway_link,group_1
3396,191,537.8048387,89.27223969,motorway_link,group_1
3397,1734,63.8393957,16.23041142,residential,group_4
3398,1386,119.9166877,34.506193395,residential,group_4
3399,3400,78.98224993,16.508781135,residential,group_4
3400,832,41.02500686,10.116695372999999,tertiary,group_3
3400,3399,78.98224993,13.399545653999999,residential,group_4
3400,997,36.83320498,8.861467627500001,tertiary,group_3
3401,2833,164.2665952,26.733688035,primary,group_2
3402,1136,42.2212632,8.82504099,residential,group_4
3403,3404,21.38578655,2.0981871225,secondary,group_3
3404,2588,36.99127411,3.629261649,secondary,group_3
3405,1584,41.53880166,9.826998054,tertiary,group_3
3405,3406,27.81829795,2.7292891185,secondary,group_3
3406,3317,7.206317356,1.306579125,tertiary,group_3
3407,2646,835.068423,94.562201325,motorway,group_1
3407,3392,287.0893306,21.88741611,motorway_link,group_1
3408,3905,9.105409197,0.8933434485,secondary,group_3
3409,3408,162.1061003,15.90443874,secondary,group_3
3410,3699,130.757481,23.09409447,primary,group_2
3411,3959,18.94789209,3.390184863,primary,group_2
3411,3960,19.86366369,4.9338387345,residential,group_4
3412,3462,16.87698506,4.263343353,tertiary,group_3
3412,3695,79.71194273,14.445811828499998,primary,group_2
3412,3169,85.8817762,20.9200248,tertiary,group_3
3413,2916,31.16869999,5.1738092625,motorway_link,group_1
3413,3412,107.685219,19.84604145,primary,group_2
3414,2917,353.8216688,58.03299147,motorway_link,group_1
3414,3413,147.6430393,27.550266674999996,primary,group_2
3415,3715,17.05020096,4.9062189975,residential,group_4
3415,3683,73.08548038,21.030448455000002,residential,group_4
3415,3414,222.5354752,42.55054794,primary,group_2
3416,1280,15.92418437,4.5822061605,residential,group_4
3416,1281,132.8001443,37.29262047,residential,group_4
3416,3789,156.9810678,29.292747569999996,primary,group_2
3417,673,14.89646708,4.3381234125,residential,group_4
3417,674,165.6354778,47.661838725,residential,group_4
3417,3416,242.9290897,45.33069243,primary,group_2
3418,3790,118.3676116,22.08745689,primary,group_2
3419,214,17.65025997,3.77037354,secondary,group_3
3419,3418,187.1893921,34.929636345000006,primary,group_2
3419,213,233.0045206,54.422084399999996,tertiary,group_3
3420,2158,144.774877,35.959926975,residential,group_4
3420,3419,123.1543185,22.980658845,primary,group_2
3421,3777,23.15815822,6.1766139959999995,tertiary_link,group_3
3421,3423,27.71216526,6.833771776500001,tertiary,group_3
3421,2156,97.01176227,23.922931935,tertiary,group_3
3422,3420,243.8008743,45.49336788,primary,group_2
3423,3424,30.18981069,7.5355445265,tertiary,group_3
3423,3421,27.71216526,6.833771776500001,tertiary,group_3
3424,265,22.89471673,5.714648532,tertiary,group_3
3424,3422,35.63806383,6.8142804749999994,primary,group_2
3424,3423,30.18981069,7.444754833499999,tertiary,group_3
3425,1517,17.14570353,4.9931421645,residential,group_4
3425,3424,382.266236,73.09233633,primary,group_2
3425,1759,133.5655271,38.43366588,residential,group_4
3426,1616,398.6641703,53.322627795,residential,group_4
3426,3425,97.14112664,18.79793889,primary,group_2
3427,4069,398.5686836,84.69016986,residential,group_4
3427,3426,99.67611246,19.288488165,primary,group_2
3428,3442,23.74091111,6.749173146,residential,group_4
3429,1268,39.6975062,6.734785944,residential,group_4
3431,3489,109.1370954,11.88541524,secondary,group_3
3432,3033,111.2194033,22.249758195,secondary,group_3
3432,3026,192.7021854,31.624879455,secondary,group_3
3433,3207,37.80737648,5.0568594165,residential,group_4
3434,1134,165.0597343,32.020880594999994,residential,group_4
3435,1777,27.4856472,2.696652324,secondary,group_3
3436,1785,75.05243358,7.363491132,secondary,group_3
3437,1655,84.84296923,16.222648665,primary,group_2
3438,2555,27.23350741,5.2072626255,primary,group_2
3438,3625,34.21313011,3.9694832175,tertiary,group_3
3439,971,15.81609343,2.4651520095,secondary,group_3
3439,3633,40.85442607,4.699737375,primary,group_2
3439,3637,36.98776018,6.833105353500001,secondary,group_3
3440,3438,15.85370272,2.3807485770000003,tertiary,group_3
3440,3632,41.94156167,5.921925024,primary,group_2
3441,1874,118.8047618,27.724512960000002,residential,group_4
3442,3428,23.74091111,3.1754239799999997,residential,group_4
3442,1878,26.38599598,7.68408417,residential,group_4
3442,1887,192.2456075,32.614971045000004,residential,group_4
3443,3445,173.7155074,26.34298536,trunk,group_2
3444,3289,95.23937539,8.308176426,trunk_link,group_2
3444,2895,62.1552896,9.4255021275,trunk,group_2
3445,3286,91.31459489,11.499790839000001,trunk_link,group_2
3445,2999,58.82006788,6.5581937595,trunk,group_2
3446,2866,144.8503662,28.030232159999997,primary,group_2
3447,3485,56.40927822,4.024649781,trunk,group_2
3448,199,60.38395546,12.898964001000001,secondary,group_3
3449,3450,25.46408214,7.415606016,residential,group_4
3449,63,394.4307049,76.326933255,primary,group_2
3450,2864,20.40537258,4.3070172165,secondary,group_3
3450,3119,198.0301738,38.32114404,primary,group_2
3451,3229,19.64766546,2.4950060670000003,secondary,group_3
3451,562,47.11228184,8.7035057985,secondary,group_3
3452,3229,45.89032456,10.7942772705,secondary_link,group_3
3452,1447,31.1791696,2.771132925,primary,group_2
3453,2788,83.55248849,9.6115596465,primary,group_2
3454,2958,31.74753364,2.8216478145,primary,group_2
3455,2534,34.0877438,3.4873270395000002,motorway,group_1
3456,3331,441.2444784,43.540998855,motorway_link,group_1
3457,159,24.78441522,2.011387962,motorway,group_1
3458,3100,634.7457183,33.012697215,motorway,group_1
3459,4017,268.8755434,50.172313965,primary,group_2
3460,3070,62.60428704,4.466646943500001,trunk,group_2
3461,2852,65.03801948,4.640287185,trunk,group_2
3462,3412,16.87698506,1.9581052289999998,tertiary,group_3
3462,2916,91.68143755,16.89659571,primary,group_2
3463,3459,74.00554134,13.809471877499998,primary,group_2
3464,3783,294.6626589,55.663020239999994,primary,group_2
3465,3936,50.0812533,9.3451874895,primary,group_2
3466,2925,280.4562489,52.979369414999994,primary,group_2
3467,3466,59.78542638,11.2937194365,primary,group_2
3468,3917,77.8133397,11.270768976,secondary,group_3
3469,3470,38.19388462,3.7472513175,secondary,group_3
3470,3918,116.9308125,11.472232938000001,secondary,group_3
3471,4018,238.0189977,44.96279349,primary,group_2
3472,2564,383.7897004,71.61535444500001,primary,group_2
3473,2435,55.61002966,6.920354616000001,secondary,group_3
3473,2231,40.46590985,7.0297287885,secondary,group_3
3474,3475,16.00159803,4.143294344999999,primary_link,group_2
3474,426,214.8768223,41.58116664,primary,group_2
3475,3474,16.00159803,4.3686618195,primary_link,group_2
3475,3477,152.3962602,28.78829691,primary,group_2
3476,3313,142.3480929,26.89015569,primary,group_2
3477,425,15.74862273,4.4770894065,residential,group_4
3477,3476,63.08362526,11.9167631295,primary,group_2
3478,2430,223.7337383,35.37148506,residential,group_4
3479,1178,77.44837353,8.985732025499999,tertiary,group_3
3480,3481,51.38247318,4.566756108,primary,group_2
3480,3874,125.9977973,13.236502423500001,primary,group_2
3481,3854,55.57408234,4.9392966959999995,primary,group_2
3482,1782,127.961153,12.5544338835,secondary,group_3
3483,3484,76.41547844,16.21348875,residential,group_4
3484,1888,111.8368925,14.958547659,residential,group_4
3485,3069,350.9877522,25.042028985,trunk,group_2
3486,2644,31.10882572,2.2195307685,trunk,group_2
3487,4076,189.375407,30.735198945,primary_link,group_2
3488,2566,10.4089732,0.9612295290000001,trunk,group_2
3489,985,87.80253599,9.5620063515,secondary,group_3
3490,1208,94.0200785,23.679146369999998,residential,group_4
3491,2603,26.34414554,3.3453747000000003,secondary,group_3
3491,3956,86.76594714,11.018182542,secondary,group_3
3492,3493,34.63731192,5.310609159,secondary,group_3
3493,3494,10.69698166,1.6400663235,secondary,group_3
3494,3498,10.20601606,1.2700811490000001,secondary,group_3
3494,3495,23.88474564,3.0330618885,secondary,group_3
3495,3491,96.90646928,12.305901141,secondary,group_3
3496,3497,88.92606618,11.292490455,secondary,group_3
3497,3492,73.88604171,11.3282431035,secondary,group_3
3497,3133,37.97096626,4.8218345025,secondary,group_3
3498,3499,11.00832748,1.3979189490000001,secondary,group_3
3498,2739,26.42683281,3.288670326,secondary,group_3
3499,3496,20.62687746,2.6193536594999998,secondary,group_3
3500,2173,12.09121324,2.3875623509999997,residential,group_4
3501,3502,12.11920846,1.3662283815,primary,group_2
3501,2103,134.0449212,19.44776796,primary,group_2
3501,3410,36.80592556,6.500580429,primary,group_2
3502,3501,12.11920846,2.0474037435,primary,group_2
3502,3702,36.24704938,7.1591475314999995,secondary,group_3
3503,3584,89.89139198,10.1336792295,primary,group_2
3504,3522,375.3974807,42.319487654999996,primary,group_2
3505,3017,40.71968586,4.590431028,primary,group_2
3506,2995,193.137367,36.929396475,primary,group_2
3507,3506,35.30617242,5.6153607029999995,primary_link,group_2
3508,3813,51.69826305,9.7660201425,primary,group_2
3509,410,25.17218917,4.7551328025,primary,group_2
3510,3815,99.61065122,19.0463466,primary,group_2
3511,3510,42.78898167,7.9210588785,primary_link,group_2
3511,2997,40.96798193,5.784460751999999,primary,group_2
3512,409,94.07046875,15.309567735000002,primary,group_2
3513,411,136.1900875,20.24704101,primary,group_2
3514,2910,47.27253163,7.9112073899999995,primary,group_2
3515,693,161.2130968,30.82522281,primary,group_2
3516,2682,21.74871178,4.1585261955,primary,group_2
3517,412,32.83166801,3.2211573255,secondary,group_3
3517,2235,197.2740358,24.54964137,secondary,group_3
3518,412,40.80524858,7.802287182000001,primary,group_2
3519,2911,37.39110313,7.149475492500001,primary,group_2
3520,2911,40.37670095,7.3564972829999995,secondary,group_3
3520,2292,145.2485633,18.444738255,secondary,group_3
3521,2873,336.2344499,37.9045422,primary,group_2
3522,2986,32.70329737,3.6867237,primary,group_2
3523,2254,35.13814228,3.9612097965,primary,group_2
3524,2979,235.44376,26.542158135,primary,group_2
3525,321,105.7299132,22.047823035,secondary,group_3
3525,3848,129.0068844,27.5579025,secondary,group_3
3526,866,111.1161442,28.578495315,unclassified,group_4
3526,2823,78.65887246,10.3606673865,unclassified,group_4
3527,3530,38.94863807,5.2095068609999995,residential,group_4
3527,3529,53.74203326,5.776013535000001,trunk_link,group_2
3528,3527,67.96218402,4.6741243845,trunk_link,group_2
3528,3529,107.4838475,15.711765629999999,trunk_link,group_2
3529,66,183.6598184,26.847010859999997,trunk_link,group_2
3530,3527,38.94863807,6.607738503,residential,group_4
3531,3533,40.0749899,6.798827043000001,residential,group_4
3532,3533,47.27786538,6.3235680705,residential,group_4
3533,3534,39.59685444,6.7177101105000006,residential,group_4
3534,3530,40.84223069,6.928991454,residential,group_4
3535,3530,44.81314725,7.602667852500001,residential,group_4
3536,3540,33.77368803,4.517340483,residential,group_4
3536,2541,66.16377982,13.064871700500001,residential,group_4
3536,3537,59.13305558,7.909238269499999,residential,group_4
3537,3541,34.96906969,9.1329398745,residential,group_4
3537,3536,59.13305558,7.909238269499999,residential,group_4
3537,866,178.6660234,33.55926114,residential,group_4
3538,3540,37.938164,5.074352673,residential,group_4
3539,3541,37.70266845,5.5975683585,residential,group_4
3540,3538,37.938164,5.074352673,residential,group_4
3540,3536,33.77368803,5.3394964515000005,residential,group_4
3541,3540,58.2817414,9.21412998,residential,group_4
3541,3537,34.96906969,6.568322949,residential,group_4
3542,2900,531.5761113,37.926521085000005,trunk,group_2
3544,1418,14.3220852,2.6398114455000004,tertiary,group_3
3544,2126,131.4779122,25.51627122,tertiary,group_3
3544,3543,184.4586971,24.671949929999997,residential,group_4
3545,3546,10.84981331,1.0644891885,secondary,group_3
3545,2950,138.693993,17.61239037,secondary,group_3
3546,3548,9.197519806,1.5477459765,tertiary,group_3
3546,3549,9.09406576,1.0546164855,secondary,group_3
3547,3545,10.17870007,1.292566716,secondary,group_3
3547,2956,313.9879998,30.805767945,secondary,group_3
3548,3549,8.979693268,1.3484794275,tertiary,group_3
3548,707,104.9076311,17.6537118,tertiary,group_3
3549,3547,10.31289368,1.3096076145,secondary,group_3
3549,3550,11.19895996,1.2987159,secondary,group_3
3550,3547,11.07474156,1.4063527004999998,secondary,group_3
3550,491,98.58729012,11.432926068,secondary,group_3
3551,2763,7.869869354,0.887189862,primary,group_2
3551,3574,74.63363075,7.0173017685,secondary,group_3
3552,2774,17.43236321,1.710311655,secondary,group_3
3553,542,19.38429161,2.4122657865,secondary,group_3
3554,3059,16.26400854,2.4936055350000004,secondary,group_3
3555,0,371.4185846,51.851088614999995,motorway_link,group_1
3556,3555,54.13068437,5.2345239735,motorway_link,group_1
3557,3487,8.742265887,1.4188499205,primary_link,group_2
3557,3431,65.66291531,7.150923446999999,secondary,group_3
3558,2773,85.01521611,8.3409525855,secondary,group_3
3559,2617,444.5071561,56.44681062000001,secondary,group_3
3560,3561,338.3124854,68.827500645,secondary,group_3
3561,3563,6.771832563,1.377685809,secondary,group_3
3561,3564,21.06399068,5.2319821125,residential,group_4
3562,3563,10.34648834,2.9772163860000003,residential,group_4
3562,4026,444.5809003,92.70830477999999,secondary,group_3
3563,3565,11.83115691,2.4370599885,secondary,group_3
3564,3566,19.8114944,5.6321008635,residential,group_4
3564,327,217.4224993,46.199185125,residential,group_4
3565,328,10.43620459,3.003032361,residential,group_4
3565,3566,4.394777699,0.9052653915000001,secondary,group_3
3566,3567,343.1172479,70.67756118,secondary,group_3
3567,426,15.95673953,3.286874796,secondary,group_3
3567,3315,92.80308181,17.53089393,primary,group_2
3568,3314,16.61348683,3.5066536290000005,secondary,group_3
3568,427,234.353129,45.350058735000005,primary,group_2
3569,3570,20.16989215,4.2858148725,residential,group_4
3569,3682,40.78673859,8.505244803,secondary,group_3
3570,2122,352.1730637,69.54100728,residential,group_4
3571,1407,10.63034192,2.189708172,secondary,group_3
3571,349,249.9964283,53.403174809999996,secondary,group_3
3571,3572,89.48101778,16.807430895,residential,group_4
3572,1407,89.77344559,24.794986485000003,residential,group_4
3572,1262,410.0800474,87.13617073500001,residential,group_4
3573,142,33.91696411,3.1889855805,secondary,group_3
3574,3573,49.73325989,4.676086224,secondary,group_3
3575,64,106.2995455,20.570199555000002,primary,group_2
3576,3594,30.18868584,5.841862158,primary,group_2
3577,77,13.64735594,1.338959706,secondary,group_3
3578,3018,26.71222464,3.011335236,primary,group_2
3579,2363,90.22810182,10.468464438,tertiary,group_3
3580,3310,35.55522706,7.233482413500001,secondary,group_3
3581,2930,19.29254971,3.7333329675,primary,group_2
3582,3583,19.35995557,4.086358218,secondary,group_3
3582,3224,146.9001569,22.548253109999997,trunk,group_2
3583,2560,15.14527606,2.3527134149999998,trunk,group_2
3584,3381,67.91808005,7.656573359999999,primary,group_2
3585,3578,43.34772441,4.886696322000001,primary,group_2
3586,2603,13.48825329,1.7128382955,secondary,group_3
3586,2604,189.912999,24.116559074999998,secondary,group_3
3587,3724,14.92636154,1.996449342,residential,group_4
3588,69,717.5630845,70.40104041000001,secondary,group_3
3589,1435,140.5898407,21.813043545,residential,group_4
3590,3020,24.14821212,6.697524400500001,residential,group_4
3590,754,858.906819,200.16966,residential,group_4
3591,3592,4.294572942,1.0008573525,residential,group_4
3592,3590,23.42697083,5.4596944395,residential,group_4
3593,3824,22.98012292,3.8986380659999997,residential,group_4
3593,2306,21.34920153,2.855525055,residential,group_4
3593,1890,65.01555926,16.374299699999998,residential,group_4
3594,3595,100.1275501,19.375846605,primary,group_2
3595,3596,43.59817525,5.8549532655,trunk_link,group_2
3595,2657,26.41433073,5.1114805035,primary,group_2
3596,3845,183.4534351,27.470911515,trunk_link,group_2
3597,3106,16.76115786,1.4896931835,primary,group_2
3598,3910,152.5292459,10.882550093999999,trunk,group_2
3599,190,19.18188999,4.0487734335,secondary,group_3
3599,2914,267.6957661,50.603330025000005,secondary,group_3
3600,190,17.51410606,4.084682091,unclassified,group_4
3600,3599,29.68518297,5.7949840695,secondary_link,group_3
3600,2871,58.80119565,13.713756786,unclassified,group_4
3601,699,110.7319613,13.779968181000001,secondary,group_3
3602,1335,357.4353694,41.1180018,primary,group_2
3603,3747,29.86627756,3.435702675,primary,group_2
3604,3744,10.64433632,2.1925908315,secondary,group_3
3604,216,68.63658887,12.505352535,secondary,group_3
3605,2923,290.2030248,54.820576515,primary,group_2
3606,2,153.3409977,28.61350863,primary,group_2
3607,2766,304.7119048,47.33487747,trunk,group_2
3608,3846,32.14918792,4.7311574535,tertiary,group_3
3609,1382,19.49744083,2.262136317,tertiary,group_3
3609,1383,41.72090191,7.689893812499999,tertiary,group_3
3610,2935,130.8805777,19.282547010000002,trunk,group_2
3611,2764,512.3775339,77.699188065,trunk,group_2
3612,2487,194.9983403,30.29163744,trunk,group_2
3613,3612,111.0871557,16.634550465,trunk_link,group_2
3614,3808,90.5627254,14.068290217500001,trunk,group_2
3615,3253,14.89465237,3.1059768210000005,secondary,group_3
3616,2659,123.2937219,8.7966743505,trunk,group_2
3617,933,46.19315465,8.7260819265,primary,group_2
3618,405,136.4924213,24.735864749999998,primary,group_2
3618,404,74.62958761,10.193450253,primary,group_2
3619,726,83.21598446,13.7358330705,secondary,group_3
3619,691,116.9355176,20.816057025,secondary,group_3
3620,24,170.9224536,14.558228343,primary,group_2
3621,61,230.7416415,34.552000680000006,trunk_link,group_2
3622,3621,99.75969648,14.938340034000001,trunk_link,group_2
3622,143,46.06071567,5.298649077,primary,group_2
3623,971,37.74744611,4.697456817,secondary,group_3
3623,2435,127.0820296,22.076661705,secondary,group_3
3625,2934,338.0011608,39.21564414,tertiary,group_3
3626,3792,51.83181374,6.499309125,primary_link,group_2
3626,2553,37.45200729,7.074842286000001,primary,group_2
3627,3438,38.21222289,7.218450222,primary,group_2
3628,2814,314.442934,60.12398304,primary,group_2
3629,2589,242.7047177,46.407067080000004,primary,group_2
3630,3623,57.35863383,9.3091761465,primary_link,group_2
3630,971,40.33001339,7.7114184434999995,primary,group_2
3631,3636,61.44667294,9.9726556215,primary_link,group_2
3631,2554,39.69643283,5.6049247950000005,primary,group_2
3632,2552,193.7886205,27.36192063,primary,group_2
3633,2590,221.6145082,25.493687879999996,primary,group_2
3634,3439,39.00923575,6.1388995484999995,primary,group_2
3635,3440,33.19441327,4.984800936,tertiary,group_3
3636,3843,24.1965168,3.6335879354999996,tertiary,group_3
3637,3439,36.98776018,6.833105353500001,secondary,group_3
3637,972,42.67942325,7.8845811150000005,secondary,group_3
3638,3734,12.66613471,1.588235466,primary_link,group_2
3639,3638,21.52058813,2.6985155384999997,primary_link,group_2
3640,132,56.35390203,4.1173523009999995,motorway_link,group_1
3640,160,42.69280134,7.5998790210000005,secondary,group_3
3640,739,159.7465667,29.482684380000002,secondary,group_3
3641,2938,30.27818672,4.8492596445,secondary,group_3
3642,3374,201.0280342,17.894980365000002,trunk_link,group_2
3643,2390,26.74369973,5.4181636740000005,secondary,group_3
3643,190,298.9934967,54.407539575,secondary,group_3
3643,4005,30.90771105,3.8609856675000005,secondary_link,group_3
3644,2387,52.87352996,10.891239573,secondary,group_3
3644,2386,81.78223646,16.63807035,secondary,group_3
3645,3569,66.0285124,13.768903359000001,secondary,group_3
3645,3987,79.0475655,16.97247549,secondary_link,group_3
3646,2824,29.69854513,4.553395083,secondary,group_3
3646,504,12.31312867,2.2747229085,secondary,group_3
3647,725,8.920936208,1.4103673605,residential,group_4
3647,3799,69.00294478,13.628757933000001,secondary,group_3
3648,724,10.04118649,1.343041311,residential,group_4
3648,3615,46.00181973,9.5927439105,secondary,group_3
3649,2841,69.87118824,10.1203986855,secondary,group_3
3650,1828,11.78390039,1.1561336775,secondary,group_3
3651,1134,47.93695318,8.2988215785,residential,group_4
3652,1135,41.49640353,7.1838368159999995,residential,group_4
3653,1893,10.59952317,2.3552750025,tertiary,group_3
3653,1897,39.38858738,9.4762509015,tertiary,group_3
3654,1897,32.58505412,6.712085067,secondary,group_3
3654,254,35.29340196,7.269968476500001,secondary,group_3
3654,3653,42.79680594,10.623907527,secondary_link,group_3
3655,3913,324.6748696,41.229619424999996,secondary,group_3
3656,2541,63.79974101,7.9999947705,primary_link,group_2
3656,2548,39.51237271,6.612520299,primary,group_2
3657,3316,7.245047387,0.789922002,primary,group_2
3658,3764,58.28536329,6.762397086,tertiary,group_3
3659,3658,105.2953917,12.2166048195,tertiary,group_3
3660,2423,223.7541876,48.38295753,residential,group_4
3660,1664,17.01326967,3.3542050425,residential,group_4
3661,4006,22.98674684,5.629873766999999,residential,group_4
3662,828,54.48153697,6.7799200635000005,secondary,group_3
3663,4020,57.16446368,7.645932708,residential,group_4
3664,436,38.58451076,9.630908319,tertiary,group_3
3664,435,64.61522372,15.73968474,tertiary,group_3
3665,3313,15.02271606,4.3082684535,unclassified,group_4
3665,3925,128.0600944,24.781119105000002,primary,group_2
3665,2347,255.8716659,58.801438544999996,unclassified,group_4
3666,2670,16.30584178,3.0802423484999997,primary,group_2
3666,3150,189.8213263,36.732636495,primary,group_2
3667,1057,91.1768386,19.01307531,secondary,group_3
3667,1058,112.6765019,23.496392835,secondary,group_3
3668,3669,22.76034722,3.9538975425,tertiary_link,group_3
3669,1048,28.15976224,6.577181223,tertiary,group_3
3669,1558,7.108804262,1.7743970504999997,tertiary,group_3
3670,1815,358.1503535,103.058261505,residential,group_4
3670,3680,85.97462009,25.03738035,residential,group_4
3671,3672,32.91042833,8.9850108375,primary_link,group_2
3671,265,35.04734055,8.53721553,tertiary,group_3
3671,264,228.9682087,55.774587075,tertiary,group_3
3672,1517,335.0463996,64.835378835,primary,group_2
3673,1363,39.31877644,6.806847093,residential,group_4
3673,3674,33.79214843,4.5198096225,residential,group_4
3674,3673,33.79214843,4.5198096225,residential,group_4
3675,1815,349.4876505,82.67967117,tertiary,group_3
3675,2133,205.3192239,36.851366985,tertiary,group_3
3676,1915,48.01978454,9.4843781175,secondary,group_3
3676,1750,63.36323983,12.890843873999998,secondary,group_3
3677,3676,51.76818382,6.924162750000001,residential,group_4
3678,2416,236.827737,50.322521820000006,residential,group_4
3678,739,46.94133137,10.4118542475,residential,group_4
3679,691,78.8167708,14.345918601000001,secondary,group_3
3679,739,27.22119619,5.076479283,secondary,group_3
3680,3203,14.96079878,4.356857976,residential,group_4
3680,2687,386.0966153,73.82473524,primary,group_2
3681,178,21.28378593,2.5357561905,motorway_link,group_1
3682,3987,31.64982035,6.760900145999999,secondary,group_3
3682,1405,96.65266764,19.90915605,secondary,group_3
3683,821,45.94993671,12.9035518695,residential,group_4
3683,3415,73.08548038,20.185852125,residential,group_4
3684,2866,16.46086535,3.5163001155,secondary,group_3
3684,3749,103.6387082,20.05529658,primary,group_2
3685,683,38.21289726,7.9685225415,secondary,group_3
3685,3897,113.7069374,23.7112692,secondary,group_3
3686,173,167.4097653,32.39573853,primary,group_2
3687,1180,9.553135114,2.3728567305,residential,group_4
3687,1975,54.29433375,9.399408153,residential,group_4
3687,3202,136.4480454,39.26311452,residential,group_4
3688,2447,13.71069884,2.659816776,residential,group_4
3689,2447,15.78038849,2.7269962605,residential,group_4
3690,723,112.1314407,23.667886665,secondary,group_3
3690,3691,443.7210833,91.4006049,secondary,group_3
3691,3212,72.56543886,10.8661838265,trunk_link,group_2
3691,3692,41.98348459,6.8900237775,secondary,group_3
3692,2658,21.88605911,3.5917806509999997,secondary,group_3
3692,3212,55.43180456,8.6109457335,trunk,group_2
3693,3648,126.6795233,26.416438139999997,secondary,group_3
3693,3799,71.73876979,14.777226507000002,secondary,group_3
3694,3168,22.97381396,4.907568525,secondary,group_3
3695,3411,37.95388785,6.8782004715,primary,group_2
3695,1521,53.91998545,6.7611497279999995,primary_link,group_2
3696,3791,118.30205,22.892823915,primary,group_2
3697,3698,111.3975597,19.674788385,primary,group_2
3698,3700,65.19920797,11.66553867,primary,group_2
3698,1523,63.74890756,12.4917908595,primary_link,group_2
3699,3700,57.66301216,7.230496369500001,primary_link,group_2
3699,1523,58.25570896,10.288993302000002,primary,group_2
3700,3502,222.7752156,39.346061399999996,primary,group_2
3701,3410,38.64738443,5.728070718,primary_link,group_2
3701,3501,29.8219602,3.3619034264999996,primary,group_2
3702,3502,36.24704938,7.1591475314999995,secondary,group_3
3702,907,144.6422949,28.200439154999998,secondary,group_3
3703,3500,232.8626037,30.55435122,primary,group_2
3704,2335,112.273436,23.412341625,secondary,group_3
3704,3207,5.906221552,1.2316223835,secondary,group_3
3705,494,119.2654259,15.95213814,residential,group_4
3706,3707,103.4233948,10.864983715500001,primary,group_2
3706,4025,74.91839088,8.618325984,primary,group_2
3707,1822,50.17927214,5.271505308,primary,group_2
3707,3706,103.4233948,11.897432929499999,primary,group_2
3708,208,23.16300204,2.433353115,primary,group_2
3709,1530,92.03012726,17.596890285,primary,group_2
3709,1140,84.11896999,10.843626531,primary,group_2
3710,3735,216.8744962,24.948414989999996,primary,group_2
3711,834,191.2552676,20.092024365,primary,group_2
3712,3713,169.3877729,19.485723434999997,primary,group_2
3713,3710,208.2463898,23.955870525,primary,group_2
3714,3711,186.2414976,19.56531057,primary,group_2
3715,3415,17.05020096,4.9062189975,residential,group_4
3715,844,81.97387742,15.8628996,primary,group_2
3716,3717,29.39273626,5.430003399,secondary,group_3
3716,974,37.1845195,6.8694545985,secondary,group_3
3717,975,48.73147753,9.002635420499999,secondary,group_3
3717,3716,29.39273626,5.430003399,secondary,group_3
3718,273,22.44530141,5.399972985,tertiary,group_3
3718,274,22.05148794,5.4378585914999995,tertiary,group_3
3719,872,206.0721048,54.77282283,residential,group_4
3719,3718,63.15325324,13.4191670445,residential,group_4
3720,201,1.323430283,0.241124487,secondary,group_3
3720,202,222.7578558,31.537824299999997,motorway_link,group_1
3721,201,11.41400561,2.079592917,secondary,group_3
3721,3165,30.37290453,5.533839675,secondary,group_3
3722,2816,20.99720134,2.808443886,residential,group_4
3722,3723,227.6999701,38.10630876,primary,group_2
3723,2784,203.4706025,34.05144762,primary,group_2
3724,3727,45.20956478,5.668930251,primary_link,group_2
3724,1946,158.3524088,21.18014907,residential,group_4
3725,2545,23.71072447,4.4790559515,primary,group_2
3726,3729,19.10333379,3.9929573625,residential,group_4
3726,3727,27.24548154,5.272317860999999,primary,group_2
3727,3622,119.6334465,23.15046465,primary,group_2
3728,2543,121.3885258,22.930804979999998,primary,group_2
3729,2546,10.6544721,2.037219573,primary,group_2
3729,3731,24.05322203,5.0275774395,residential,group_4
3730,3729,26.44294789,5.0561013735,primary,group_2
3730,3731,35.51542176,7.074785176499999,primary_link,group_2
3731,2630,81.86009829,20.33283135,residential,group_4
3732,2546,24.93102453,5.2110547335,residential,group_4
3732,3728,33.58790268,4.211663583,primary_link,group_2
3733,2079,133.22858,17.54839551,unclassified,group_4
3734,3454,106.6399567,9.4779142305,primary,group_2
3735,3337,11.10142645,1.2770657625,primary,group_2
3736,3338,573.3278016,56.574679965,motorway_link,group_1
3737,3714,216.7388074,22.76915796,primary,group_2
3738,1667,214.4726754,39.12827283,residential,group_4
3738,297,200.8052239,36.634790745,residential,group_4
3739,3738,22.51868254,4.1082956235,residential,group_4
3740,4034,21.93278075,1.9493351385,primary,group_2
3741,2760,158.3824406,25.351548344999998,motorway_link,group_1
3742,1909,14.17686651,1.260007308,primary,group_2
3743,3604,15.22323518,3.2132094495000003,secondary,group_3
3744,3745,41.06817402,8.4594942375,secondary,group_3
3745,3747,19.31932867,3.9795231584999997,secondary,group_3
3746,4022,44.37560626,5.63514312,secondary,group_3
3747,2703,14.22656039,2.6546834475,primary,group_2
3748,3518,44.06710532,8.425980064500001,primary,group_2
3748,3797,195.2016855,37.32411054,primary,group_2
3749,3750,77.29280018,14.957056654499999,primary,group_2
3749,3446,50.23148918,8.1524567385,primary_link,group_2
3750,4004,127.639557,24.699740235,primary,group_2
3751,196,188.6611919,29.826643859999997,residential,group_4
3752,3975,48.39369998,8.3778933585,residential,group_4
3752,2998,237.893332,44.939054715,primary,group_2
3753,2623,312.9697339,64.46757674999999,secondary,group_3
3754,2479,36.65176727,4.9022929305,residential,group_4
3755,2824,25.50162277,3.3589832040000003,unclassified,group_4
3757,3818,39.07462846,5.2263584865,residential,group_4
3758,3820,126.0665114,16.861805415,residential,group_4
3758,3757,65.04517056,8.7000028545,residential,group_4
3758,325,214.5787453,28.70060421,residential,group_4
3760,4071,51.45516641,8.772243210000001,unclassified,group_4
3760,3759,47.95143445,8.135086498500002,residential,group_4
3761,123,188.1257297,25.162427460000004,residential,group_4
3762,1492,267.915009,35.288813700000006,unclassified,group_4
3762,2252,146.3667502,19.278908639999997,unclassified,group_4
3763,3659,233.5886154,27.101469105,tertiary,group_3
3764,3765,84.56745442,9.811703575500001,tertiary,group_3
3765,3766,100.6101326,11.673010665,tertiary,group_3
3766,3767,101.2538535,11.747696592,tertiary,group_3
3767,3039,296.7465314,34.42919055,tertiary,group_3
3768,934,25.74764633,2.902595934,primary,group_2
3769,162,72.12273884,8.130574957499999,primary,group_2
3770,724,30.95171137,6.3756383205,secondary,group_3
3771,172,25.7358565,4.980187842,primary,group_2
3771,3873,101.2193027,16.40172903,motorway_link,group_1
3772,2386,77.89815801,19.44381315,tertiary,group_3
3772,3922,171.2037583,41.188828455,tertiary,group_3
3773,1896,102.1758473,12.447401776500001,tertiary,group_3
3774,3773,351.5589582,42.828082335000005,tertiary,group_3
3775,3774,315.1781147,38.396046915,tertiary,group_3
3775,3778,84.49156416,9.798279324000001,secondary,group_3
3775,1068,271.9635804,36.395199945,secondary,group_3
3776,3461,112.0752821,7.996268943,trunk,group_2
3777,3423,15.63540341,2.716161687,tertiary_link,group_3
3777,3422,25.47896052,6.795605361,tertiary_link,group_3
3778,1069,75.42403192,8.746739865,secondary,group_3
3778,3775,84.49156416,11.3069822325,secondary,group_3
3779,2770,17.21916925,1.6893949215,secondary,group_3
3780,2676,300.4521596,55.372372049999996,primary,group_2
3781,3606,24.10706774,4.4983911735,primary,group_2
3782,3605,23.76881371,4.4900292525,primary,group_2
3783,3471,37.41121059,7.0671356175,primary,group_2
3784,2631,76.26547305,14.231176291499999,primary,group_2
3785,3312,178.8475095,15.895555544999999,primary,group_2
3786,3311,81.94536783,16.671258375,secondary,group_3
3787,3788,69.32456561,14.632523684999999,secondary,group_3
3787,3350,43.20095507,11.61014874,secondary_link,group_3
3788,749,113.9764692,24.347169060000002,secondary,group_3
3789,3415,95.04497347,17.73544068,primary,group_2
3789,844,22.40524229,5.9713053735,primary_link,group_2
3790,3417,140.571639,26.23073976,primary,group_2
3790,3696,22.98762799,6.2012328255,primary_link,group_2
3791,214,204.7012616,39.61207719,primary,group_2
3791,3418,22.91255754,3.395954262,primary_link,group_2
3792,863,175.0277046,26.283888749999996,tertiary,group_3
3792,2553,30.43632514,5.6099484330000005,tertiary,group_3
3793,2695,72.28756771,13.988485902,primary,group_2
3793,416,121.8189601,23.573386965,primary,group_2
3794,413,89.99415292,17.20759584,primary,group_2
3794,414,42.98488817,8.318076279,primary,group_2
3795,417,97.1585995,18.8013201,primary,group_2
3795,2693,51.42520253,9.951375366,primary,group_2
3796,414,261.0832634,50.522650920000004,primary,group_2
3796,415,46.26057579,8.951959968,primary,group_2
3797,2685,221.5241474,42.867501435,primary,group_2
3797,3748,195.2016855,37.77379863,primary,group_2
3798,4055,34.80312711,2.4831092040000002,trunk,group_2
3799,3693,71.73876979,14.5339799805,secondary,group_3
3799,725,70.73569838,13.970993754,secondary,group_3
3800,1069,69.80886765,9.3420879825,secondary,group_3
3800,1070,154.5744685,17.925621735,secondary,group_3
3801,1897,29.63409223,6.83241705,tertiary,group_3
3801,1038,56.58015827,12.477906940499999,tertiary,group_3
3802,680,364.5988803,74.900852835,tertiary,group_3
3802,3803,30.45414291,7.6931079360000005,tertiary,group_3
3803,4082,7.349388014,0.9830045205,residential,group_4
3803,3804,21.62483807,5.462712048,tertiary,group_3
3804,870,74.69253087,18.868293345,tertiary,group_3
3804,4082,21.14487838,4.6194199635,tertiary,group_3
3805,3750,53.81654796,13.934720669999999,primary_link,group_2
3805,3446,85.41208308,16.528232414999998,primary,group_2
3806,4044,94.39660675,10.280123952,secondary,group_3
3807,3935,164.0501646,33.79213845,secondary,group_3
3807,2858,150.4571093,31.757389275,secondary,group_3
3808,3929,85.28582654,12.618940447499998,trunk_link,group_2
3808,722,67.37322237,10.4659620285,trunk,group_2
3809,3938,297.3792054,48.77543240999999,motorway_link,group_1
3810,3162,217.0278199,33.826720140000006,secondary,group_3
3811,3947,64.40795262,11.672343339000001,primary,group_2
3811,403,60.02700862,8.198924124,primary,group_2
3812,3853,40.27358957,6.277183470000001,secondary,group_3
3813,3934,55.43396806,10.471710590999999,primary,group_2
3814,3961,51.09160375,9.769119879,primary,group_2
3815,3814,82.36122913,15.748120275,primary,group_2
3816,440,120.7969915,29.425055819999997,tertiary,group_3
3817,440,10.32834188,2.661665949,residential,group_4
3817,3816,125.2423416,30.507902939999997,tertiary,group_3
3818,3756,77.80466465,10.4066266365,residential,group_4
3819,1277,109.2059303,13.867777787999998,secondary,group_3
3819,718,295.8432623,51.39382521,secondary,group_3
3819,3818,220.8199428,29.53538466,residential,group_4
3820,1277,91.64325519,19.15517022,residential,group_4
3821,3820,37.54733664,6.500176312499999,residential,group_4
3822,1001,25.70281981,2.9820981465000003,tertiary,group_3
3822,2237,12.01159479,1.3936118610000001,tertiary,group_3
3823,4043,7.856012584,1.0507672019999998,residential,group_4
3824,2205,69.84412426,14.59874037,residential,group_4
3825,3014,222.7181113,25.107564240000002,primary,group_2
3826,329,223.1088714,25.151615595,primary,group_2
3827,947,21.7342206,2.450152512,primary,group_2
3828,946,67.84684286,7.648542615,primary,group_2
3829,3007,35.49201403,4.0011026355,primary,group_2
3830,3010,218.3070926,24.61029918,primary,group_2
3831,3201,15.45229907,2.066795196,residential,group_4
3831,3200,30.15399795,4.0331951775,residential,group_4
3832,3825,39.42163742,4.444098813,primary,group_2
3833,2939,120.2377742,21.906912615000003,secondary,group_3
3834,3291,167.0133664,28.975509300000002,secondary,group_3
3834,3159,34.55102246,3.38984541,secondary,group_3
3835,3279,228.3327122,42.182102145,secondary,group_3
3836,932,45.81979172,6.313034766,secondary,group_3
3836,2267,185.4521371,18.194948535,secondary,group_3
3837,931,164.8126881,23.45294706,secondary,group_3
3838,3149,194.3756309,40.61370693,unclassified,group_4
3838,910,30.77084696,6.234047154000001,secondary,group_3
3839,105,95.67314205,8.5032089505,primary,group_2
3840,3839,96.60817422,8.5863124605,primary,group_2
3841,502,9.099955318,1.9041658320000001,unclassified,group_4
3841,2698,37.67540051,6.423024147,unclassified,group_4
3842,3635,27.77655447,4.1712017505,tertiary,group_3
3843,1169,145.4130124,21.836654085,tertiary,group_3
3844,2212,4.476463786,0.7594438109999999,residential,group_4
3845,2698,511.9302315,79.52480488500001,trunk,group_2
3846,2078,86.07368569,14.602626312,residential,group_4
3847,3062,239.3018083,17.07353826,trunk,group_2
3848,3525,129.0068844,26.90176197,secondary,group_3
3848,515,87.54516443,18.701026050000003,secondary,group_3
3849,1844,120.296994,11.802493354500001,secondary,group_3
3849,2043,28.13736721,2.760593415,secondary,group_3
3850,3851,58.58899424,7.2910699605,secondary,group_3
3851,464,11.12353923,1.4651530904999999,unclassified,group_4
3851,4045,104.0409752,12.947312691,secondary,group_3
3852,2804,128.7964209,14.9432463405,tertiary,group_3
3853,3866,24.61518494,2.4150275655,secondary,group_3
3853,3360,36.12135711,7.195489428,primary_link,group_2
3854,152,457.7753512,57.40149345,primary_link,group_2
3855,787,29.57632026,5.8402169685,residential,group_4
3855,3856,47.42227419,9.199717821,residential,group_4
3856,459,63.0809123,10.6151691225,tertiary,group_3
3856,794,35.81130967,6.133973118,tertiary,group_3
3857,937,75.98855465,8.566377948,primary,group_2
3859,1265,88.49034876,15.319405320000001,residential,group_4
3860,1592,136.7006592,24.906394154999997,secondary,group_3
3860,799,67.95408942,12.3810034605,secondary,group_3
3861,151,216.4210618,22.735777679999998,primary,group_2
3862,4031,93.67399007,22.5364323,tertiary,group_3
3862,4032,55.74026146,13.186693383000001,tertiary,group_3
3863,2530,254.4992706,30.27609963,motorway_link,group_1
3864,618,73.25264582,19.978063964999997,residential,group_4
3864,512,55.81735131,13.2049308315,tertiary,group_3
3865,3864,30.61211861,8.3487887265,residential,group_4
3866,3867,16.32400368,1.6015690710000001,secondary,group_3
3866,3360,27.72023055,3.9139488480000004,primary,group_2
3867,2800,13.08735587,2.1902103165,primary,group_2
3867,464,126.3922908,12.400510787999998,secondary,group_3
3868,2206,57.35402667,14.4447272745,residential,group_4
3868,2207,32.30247672,9.071104632,residential,group_4
3869,2207,41.59842018,8.4629312115,secondary,group_3
3869,969,36.72800873,7.5654782715,secondary,group_3
3869,3868,34.86946755,7.40926533,residential,group_4
3870,3871,48.59232225,3.466931067,trunk,group_2
3871,2931,287.9108043,20.541658965,trunk,group_2
3872,2461,42.94814697,4.6772049285,secondary,group_3
3873,3178,363.0546726,58.829928720000005,motorway_link,group_1
3874,3241,72.58843134,10.7585978745,primary_link,group_2
3874,3480,125.9977973,11.198394606,primary,group_2
3875,3135,280.8464404,46.35354957,primary,group_2
3876,3045,28.10480377,3.838757901,primary,group_2
3876,3875,38.63189653,6.144309021,primary_link,group_2
3877,3353,74.94539115,7.3529890605,secondary,group_3
3878,2995,17.32972719,1.3212018345,motorway_link,group_1
3878,3617,194.8059683,36.799669815,primary,group_2
3879,3740,31.83082173,2.829050268,primary,group_2
3880,224,35.40405424,6.8682346905,residential,group_4
3881,2936,12.69781409,0.9059547705,trunk,group_2
3882,963,27.60185752,1.9693180515000002,trunk,group_2
3883,3884,47.69014169,4.6789413555,secondary,group_3
3884,85,124.4307238,8.5577691285,trunk_link,group_2
3885,2825,165.5559981,14.055708267,motorway,group_1
3885,156,164.841407,23.338074045,motorway_link,group_1
3886,3994,215.1208189,32.21288811,trunk_link,group_2
3886,197,526.6306304,70.749725895,trunk,group_2
3887,3889,123.9497497,11.446293243,trunk,group_2
3888,4058,288.6405874,26.654872755,trunk,group_2
3889,3888,95.55861641,8.8244788575,trunk,group_2
3890,3887,274.2765002,25.328403314999996,trunk,group_2
3891,4060,360.3395773,25.709256465,trunk,group_2
3892,3092,127.8147376,9.119236622999999,trunk,group_2
3893,3104,75.74291453,6.9945733095,trunk,group_2
3894,3893,52.79268929,4.8752063175,trunk,group_2
3895,3894,330.0582999,30.479642745,trunk,group_2
3896,642,42.70758715,4.2601585785,trunk_link,group_2
3896,2909,18.18254382,3.0429061035,primary,group_2
3897,1058,11.39014162,1.9683212265,residential,group_4
3897,1749,98.71784509,20.976136395,residential,group_4
3897,3667,116.8536621,24.36745464,secondary,group_3
3898,3899,84.01148291,17.518886115,secondary,group_3
3898,1650,47.39308956,10.0703566785,residential,group_4
3899,956,12.20345161,2.070347541,residential,group_4
3899,2211,79.45949808,15.690278745,residential,group_4
3899,3684,125.0482605,26.076271470000002,secondary,group_3
3900,3901,267.147512,13.894162137000002,motorway,group_1
3901,131,649.8810436,49.5463095,motorway_link,group_1
3902,2575,1286.171168,66.89289603,motorway,group_1
3903,131,333.2575382,27.04563309,motorway,group_1
3904,3409,18.54354911,1.8193315380000001,secondary,group_3
3905,2959,248.783904,24.408509940000002,secondary,group_3
3906,3937,41.83545535,5.312575947,secondary,group_3
3907,2848,99.20409098,12.597670161,secondary,group_3
3908,3909,74.45656285,8.5651990485,primary,group_2
3909,3456,205.7758838,23.671672935,primary,group_2
3910,3911,152.8202266,7.948077040499999,motorway,group_1
3911,2581,349.2713608,18.16536819,motorway,group_1
3912,3597,152.2275611,10.861025703000001,trunk,group_2
3913,3914,253.6500631,32.210363490000006,secondary,group_3
3914,3906,9.420126146,1.196237382,secondary,group_3
3915,3655,13.34428007,1.6945555095000002,secondary,group_3
3916,83,207.0609634,42.125222115,secondary,group_3
3916,1569,229.0410913,40.565582655,secondary,group_3
3917,83,111.9045332,16.208662245,secondary,group_3
3918,2830,104.0386696,10.2073681575,secondary,group_3
3919,2006,79.39805702,9.211938627,tertiary,group_3
3920,3919,93.08137033,10.799506977,tertiary,group_3
3921,1680,73.43849453,8.5204969725,tertiary,group_3
3922,832,14.54756286,3.4999060605,tertiary,group_3
3922,3772,171.2037583,42.73340952,tertiary,group_3
3922,3923,92.59221585,16.02951852,residential,group_4
3923,3922,92.59221585,16.02951852,residential,group_4
3924,2712,93.98629467,9.2211166815,secondary,group_3
3925,3476,21.46890313,5.79153564,primary_link,group_2
3925,425,77.62080897,15.02053017,primary,group_2
3926,3150,36.63614335,8.6501100225,primary_link,group_2
3926,2670,220.0593738,42.584050695,primary,group_2
3927,694,254.6087171,34.05474297,residential,group_4
3928,3516,152.9652367,29.248166535000003,primary,group_2
3929,3690,444.5879308,93.84037779,secondary,group_3
3930,3151,209.1741748,31.41165996,tertiary,group_3
3931,45,236.9995999,26.198576279999997,motorway,group_1
3932,1403,40.71914469,7.4096209470000005,secondary,group_3
3932,1897,34.01501298,6.8048001629999995,secondary,group_3
3932,3801,39.18228347,4.8946437555,secondary_link,group_3
3933,3948,40.25268246,6.96852444,residential,group_4
3933,694,125.6019253,21.308695725,residential,group_4
3934,3979,81.4166904,15.379956525,primary,group_2
3935,3807,164.0501646,34.626512235,secondary,group_3
3935,1611,211.8623798,43.640814915,secondary,group_3
3936,2563,212.9301521,39.732875325,primary,group_2
3937,3944,107.508867,13.652272122,secondary,group_3
3938,155,853.8568224,95.538709575,motorway,group_1
3939,3065,375.7782865,30.496419435,motorway,group_1
3940,2613,104.9945631,16.09781643,secondary,group_3
3940,2614,16.76020089,2.128334433,secondary,group_3
3941,2869,25.63316694,3.2550893729999997,secondary,group_3
3941,51,20.9232291,2.656986585,secondary,group_3
3942,439,176.3037272,43.476192645,tertiary,group_3
3943,3817,11.59611889,2.708466597,tertiary,group_3
3944,3907,26.68837316,3.3890872725,secondary,group_3
3945,3575,33.64599124,6.510891001500001,primary,group_2
3945,3594,27.55831054,3.8357152185,primary_link,group_2
3946,3519,17.42441697,3.331686729,primary,group_2
3946,2684,121.6538495,22.98092574,primary,group_2
3947,3618,74.61623497,13.5223412295,primary,group_2
3948,1080,156.7353608,27.133947990000003,residential,group_4
3949,2062,146.0692226,31.202686695000004,secondary,group_3
3950,3047,32.70868527,4.291769661,primary,group_2
3951,2888,44.51048069,8.6132961915,primary,group_2
3952,398,28.35909231,5.4878145105,primary,group_2
3953,123,32.69899973,4.152361149,secondary,group_3
3953,115,31.17234754,3.058359252,secondary,group_3
3954,116,176.0193976,23.54316621,residential,group_4
3955,3318,11.2774224,0.8597799030000001,motorway_link,group_1
3956,3498,32.94712187,4.1838695370000005,secondary,group_3
3957,3958,7.339296871,0.8442847230000001,primary,group_2
3958,2893,162.5918123,18.703942035,primary,group_2
3959,3697,79.704807,14.077285128,primary,group_2
3960,569,221.4809851,55.012583805000006,residential,group_4
3960,3959,19.68509438,3.8870698304999998,residential,group_4
3961,3000,124.7948149,23.861758455,primary,group_2
3962,1805,92.54316266,16.021026465,residential,group_4
3963,1781,67.42570916,6.615223354499999,secondary,group_3
3964,1262,99.17540839,28.194031799999998,residential,group_4
3965,3966,44.80521016,7.756655781,residential,group_4
3966,1812,48.83849425,12.130755859499999,residential,group_4
3966,1004,87.06195742,14.206679931,residential,group_4
3967,3210,19.40743856,4.0470265995,secondary,group_3
3967,2334,33.97843734,5.209590195,secondary,group_3
3968,2137,216.652475,26.96117886,secondary,group_3
3969,3753,19.03835791,3.1807221645,unclassified,group_4
3969,2624,82.88807889,17.495411145000002,secondary,group_3
3970,2625,217.5226588,62.59244709,residential,group_4
3971,1611,6.719972617,1.101303384,secondary,group_3
3971,3935,212.9644082,44.950974015,secondary,group_3
3972,991,8.116119177,1.0690264004999999,unclassified,group_4
3972,3971,403.6900239,85.65552696,tertiary,group_3
3973,2347,150.5732768,39.926163435,unclassified,group_4
3973,337,25.08567543,6.7373880075,unclassified,group_4
3974,337,13.58852544,2.598233844,primary,group_2
3974,3973,25.34274668,6.719908521000001,unclassified,group_4
3975,3752,48.39369998,6.472814574,residential,group_4
3975,4072,32.30552551,5.592716568,residential,group_4
3976,1929,175.8991834,25.52015004,primary,group_2
3977,2263,114.7091921,19.858398495000003,residential,group_4
3978,2199,28.13642401,3.7633381095000003,residential,group_4
3979,3509,137.7227411,26.016407219999998,primary,group_2
3980,2968,7.168035322,0.92401866,primary,group_2
3981,641,384.18753,55.73944815,primary,group_2
3982,401,12.53895252,1.7126610615,primary,group_2
3982,3983,60.92903483,7.854253310999999,primary,group_2
3983,3993,17.2872278,2.2682904915,primary,group_2
3984,3986,17.44662726,2.382986865,primary,group_2
3985,3984,85.13888384,11.62888614,primary,group_2
3985,402,106.5183232,16.762832535,primary,group_2
3986,3982,61.72294745,8.430567747,primary,group_2
3987,3568,255.5425505,54.587913855,secondary,group_3
3987,3682,31.64982035,6.331636645500001,secondary,group_3
3988,2683,58.35784287,9.766369218,primary,group_2
3989,2683,27.80739193,5.358563694000001,primary_link,group_2
3989,408,61.83851782,7.1136672674999994,primary,group_2
3990,3514,94.37701135,18.045633135,primary,group_2
3991,407,38.66022708,4.4473250925,primary,group_2
3992,3988,117.7964717,19.713611385,primary,group_2
3993,3985,85.11949641,11.1686932455,primary,group_2
3994,180,10.38212953,0.8439891389999999,trunk_link,group_2
3994,3686,35.46210781,5.310210871500001,trunk_link,group_2
3995,2864,16.69128794,3.2299585320000004,primary,group_2
3996,1299,13.63252039,3.0064483035,tertiary,group_3
3996,1300,47.30288223,10.6532262135,tertiary,group_3
3997,3675,90.95608275,17.960424195,residential,group_4
3998,3999,12.54418848,1.8460351455000001,tertiary,group_3
3999,3947,97.70225098,14.378115370500002,tertiary,group_3
4000,3998,11.23108779,1.6527958605,tertiary,group_3
4001,4003,10.57609589,2.8874232585,primary_link,group_2
4001,420,11.13532886,3.0401017425,primary_link,group_2
4002,4067,11.44675867,2.2430269125,primary_link,group_2
4002,2632,11.24240327,2.1664431585,primary_link,group_2
4003,3805,78.001622,15.09422193,primary,group_2
4004,4001,9.891746623,2.7005862615,primary_link,group_2
4004,2632,12.94557926,2.475297435,primary,group_2
4005,2390,15.42827276,3.880854099,residential,group_4
4005,1043,69.35968077,14.737944515999999,residential,group_4
4006,3661,22.98674684,3.8997618315,residential,group_4
4006,4007,13.00404587,3.1849281345,residential,group_4
4007,1899,145.3044279,34.95787251,tertiary,group_3
4007,1900,8.641932324,1.9202870595000001,tertiary,group_3
4008,2445,237.5040896,58.16908557000001,residential,group_4
4008,4009,9.020943924,2.5957891395,residential,group_4
4009,2083,74.12675482,9.914694249,residential,group_4
4009,4010,9.731358529,2.800211928,residential,group_4
4010,4011,7.787853045,2.2679651115,residential,group_4
4010,422,154.9466571,44.58611571,residential,group_4
4011,4008,9.450823289,2.3146790834999997,residential,group_4
4011,1952,74.11814397,21.58455786,residential,group_4
4012,195,155.4469719,11.0907219705,trunk,group_2
4013,4012,14.87018333,1.060947453,trunk,group_2
4014,4015,15.25011591,1.6978004264999997,trunk,group_2
4015,2943,56.55363814,6.296135157,trunk,group_2
4016,4025,63.81529489,6.704016447000001,primary,group_2
4017,3472,69.22680646,12.9177575055,primary,group_2
4018,32,97.26006372,18.372836640000003,primary,group_2
4019,2542,3.00799577,0.3325119825,motorway,group_1
4020,752,56.49777427,7.556760834,residential,group_4
4021,726,72.11961625,13.449583009500001,secondary,group_3
4021,3647,43.16033635,8.524589469,secondary,group_3
4022,2703,59.79734935,7.5935102699999995,secondary,group_3
4023,226,38.5679907,7.944489933,secondary,group_3
4023,225,226.284365,44.117928795,secondary,group_3
4024,3712,321.7122752,37.008553289999995,primary,group_2
4025,3706,74.91839088,7.8704349105,primary,group_2
4025,4024,64.66009738,7.438251019499999,primary,group_2
4026,2386,10.47952823,2.52120336,tertiary,group_3
4026,3644,82.24491865,16.941352575,secondary,group_3
4026,2208,218.7301926,54.59627166,tertiary,group_3
4027,3560,91.11507634,18.536776635000002,secondary,group_3
4028,1558,61.8035662,14.435251677,tertiary,group_3
4028,2133,18.73006258,4.675127712,tertiary,group_3
4029,2133,21.30345371,3.688043349,residential,group_4
4029,1604,85.00721782,11.369991519000001,residential,group_4
4030,3112,407.2920277,97.987810725,tertiary,group_3
4030,4031,24.33922979,5.7580275375,tertiary,group_3
4031,3862,93.67399007,22.1608251,tertiary,group_3
4031,4030,23.98366925,5.7700791645,tertiary,group_3
4032,1888,210.1964365,49.726999574999994,tertiary,group_3
4032,3862,56.45469967,13.582078827,tertiary,group_3
4033,4052,52.74954936,4.688258697,primary,group_2
4034,4033,84.74384376,7.5318380415,primary,group_2
4035,3706,81.49052745,14.107599729,residential,group_4
4036,3241,15.05679338,2.261076801,tertiary,group_3
4036,3151,66.05223229,9.0582882645,tertiary,group_3
4037,4035,80.02612533,13.854083159999998,residential,group_4
4038,4037,73.10010743,12.655054373999999,residential,group_4
4039,2110,110.5266219,19.13431401,residential,group_4
4040,3473,164.4778711,28.474327544999998,residential,group_4
4041,17,44.2134872,4.8874783665,motorway,group_1
4042,1363,20.1374316,5.7247597605000005,residential,group_4
4042,2622,222.8532178,46.632040305000004,unclassified,group_4
4042,804,44.70105591,5.978911434,residential,group_4
4044,3032,174.3647412,18.988936305,secondary,group_3
4046,2801,172.1268157,28.805965949999997,primary,group_2
4047,2803,23.53007282,3.322320903,primary,group_2
4048,732,49.26137174,14.345811585,residential,group_4
4048,731,42.53787153,7.3641352395,residential,group_4
4049,235,32.36981503,8.1524031915,residential,group_4
4050,235,22.26750946,4.4546786475,secondary,group_3
4050,236,165.2305819,34.875666105,secondary,group_3
4051,1292,34.58977596,5.9881648725,residential,group_4
4052,4053,17.35845226,1.5427793369999998,primary,group_2
4053,4054,16.08939467,1.1479348919999999,trunk,group_2
4054,35,67.04696098,4.7836197405,trunk,group_2
4055,4056,14.85748729,1.0600416255,trunk,group_2
4056,3847,53.94371418,3.8487384405,trunk,group_2
4057,3105,274.212965,19.564355085,trunk,group_2
4058,4059,17.29672758,1.597287744,trunk,group_2
4059,19,71.84287035,6.6344188965,trunk,group_2
4060,4057,17.48578229,1.2475633815,trunk,group_2
4061,4062,7.622444263,0.5438408295,trunk,group_2
4062,2901,518.2277479,36.974151375,trunk,group_2
4063,4064,7.321056583,0.6760720425,trunk,group_2
4064,2847,36.78375897,3.3968418075000004,trunk,group_2
4065,3137,53.44069883,8.820357768000001,primary,group_2
4066,737,223.9013934,35.397990735,residential,group_4
4066,731,46.2790506,9.6731951535,residential,group_4
4066,4048,38.21527917,9.624595123499999,residential,group_4
4067,2633,339.0598382,64.83093037500001,primary,group_2
4068,4002,10.18429441,1.9625425635,primary_link,group_2
4068,420,13.40555368,2.5941307005,primary,group_2
4069,1616,99.38275754,13.292766654000001,residential,group_4
4069,833,94.13830878,20.00305014,residential,group_4
4069,3427,398.5686836,114.688692105,residential,group_4
4070,4071,47.23647576,8.177555275500001,residential,group_4
4071,2543,89.57746598,18.74408655,unclassified,group_4
4071,3760,51.45516641,8.596570623,unclassified,group_4
4072,3975,32.30552551,4.3209689775,residential,group_4
4073,4075,68.009072,5.9327496255,trunk_link,group_2
4073,3369,47.71052376,5.319525639,trunk,group_2
4074,2677,404.7429563,39.70985385,secondary,group_3
4075,3370,34.86084275,4.3382353049999995,secondary,group_3
4076,2595,90.27784044,10.3852184865,primary,group_2
4077,2748,60.26831658,13.135486012500001,secondary_link,group_3
4077,48,235.98326,49.209509385000004,secondary,group_3
4078,4079,33.60197937,5.2314532934999995,unclassified,group_4
4079,1516,68.5216754,14.539027143000002,tertiary,group_3
4079,1514,12.15110748,1.5648762600000001,tertiary,group_3
4079,4078,33.60197937,6.419373821999999,unclassified,group_4
4080,1029,99.96984607,15.80486673,residential,group_4
4081,3159,372.7480657,67.82858277,secondary,group_3
4082,3803,7.349388014,2.1147966045,residential,group_4
4082,3802,30.81964742,6.733020264,tertiary,group_3
4083,1319,94.10485994,15.722018430000002,unclassified,group_4
3057,0,811.8680089,83.057690085,motorway,group_1
2596,1,302.3705313,49.594097850000004,motorway_link,group_1
3336,1,752.9087789,73.73347188,motorway,group_1
3463,2,121.237271,22.622936805000002,primary,group_2
1348,3,14.36982408,2.6814165255,primary,group_2
2573,4,59.00546859,6.036520554,motorway,group_1
4,5,842.8680448,85.09287591,motorway,group_1
2520,6,902.8083695,46.954455120000006,motorway,group_1
2527,7,612.3060364,31.845624479999998,motorway,group_1
2667,8,609.2651384,43.46942352,trunk,group_2
3375,9,207.1395888,14.2461019575,trunk_link,group_2
3123,10,287.8996015,31.389474434999997,primary,group_2
1450,11,195.2615128,31.05586788,primary_link,group_2
2539,12,94.09401367,8.3628596505,primary,group_2
10,13,17.73932739,1.934105364,primary,group_2
43,13,140.1966346,12.460354632000001,primary,group_2
3782,14,134.3022256,25.370257394999996,primary,group_2
3,15,22.2425064,4.5250949625,secondary,group_3
16,15,176.2514067,29.09019714,primary,group_2
2844,16,168.7794976,27.468143655,primary,group_2
4019,17,222.5444849,24.60066882,motorway,group_1
2836,18,214.1808374,19.778794859999998,trunk,group_2
20,19,68.56170713,6.3314158124999995,trunk,group_2
3895,20,267.0805951,24.66388854,trunk,group_2
4063,21,86.9021125,8.0250832755,trunk,group_2
2650,22,83.56143499,7.716584271,trunk,group_2
24,23,17.44030793,1.5500544809999999,primary,group_2
2571,23,352.8930319,40.595468624999995,primary,group_2
13,24,17.1956148,1.46462727,primary,group_2
3840,24,511.7234601,45.480804885,primary,group_2
2525,25,389.9413971,20.280589380000002,motorway,group_1
2651,26,722.559967,37.579857135,motorway,group_1
58,27,140.628584,10.0334699865,trunk,group_2
30,28,21.65750617,2.1248458845,secondary,group_3
3049,28,206.1928693,18.32594826,primary,group_2
2793,29,114.7885917,19.210233165,primary,group_2
492,30,153.7231007,13.662555844499998,primary,group_2
4061,31,551.4479183,39.34432089,trunk,group_2
14,32,188.8053654,35.6661306,primary,group_2
2578,33,1059.073725,119.928307695,motorway,group_1
3388,34,87.57969207,18.26296356,secondary,group_3
3390,34,191.3883146,18.507556905,motorway_link,group_1
3798,35,702.9274663,50.151977880000004,trunk,group_2
3642,36,138.7330118,12.811471908,trunk,group_2
964,37,20.94585036,1.86454383,trunk_link,group_2
355,38,74.4122279,5.3091116595,trunk,group_2
71,39,471.6481435,77.358610575,motorway_link,group_1
3931,39,655.7895104,73.37680269,motorway,group_1
2565,40,17.23540524,3.506432415,secondary,group_3
3303,40,173.5536589,32.785018859999994,primary,group_2
40,41,94.14958868,19.154128664999998,secondary,group_3
3037,42,78.84028071,5.6250412785,trunk,group_2
3785,43,133.4349246,11.859389388,primary,group_2
2574,44,180.9414023,16.081655925,primary,group_2
3329,45,354.0884558,57.37702938,motorway_link,group_1
2738,46,650.9610806,33.856047285,motorway,group_1
3385,47,305.2274014,23.27024529,motorway_link,group_1
2734,48,252.1825724,52.58754654,secondary,group_3
3116,49,32.50099913,6.777422355000001,secondary,group_3
3134,49,12.0810238,1.9815008880000002,motorway_link,group_1
49,50,68.3035197,14.243309862,secondary,group_3
2608,51,15.61305679,1.3898327460000002,trunk_link,group_2
3251,51,54.9156453,4.349072244,trunk,group_2
3261,52,25.83894377,2.588918565,trunk,group_2
3262,53,417.0864173,41.78974104,trunk,group_2
2602,54,80.36115879,12.03770673,trunk,group_2
2591,55,9.775329937,1.4642963925,trunk,group_2
71,56,569.7350869,59.05447011,motorway,group_1
130,56,188.598512,26.701580115000002,motorway_link,group_1
8,57,614.568568,43.847808915,trunk,group_2
2568,58,192.8435579,13.7588674695,trunk,group_2
3902,59,762.1981511,39.64141239,motorway,group_1
3101,60,444.9842759,23.14333242,motorway,group_1
62,61,241.1888427,37.467011084999996,trunk,group_2
3223,62,104.6643268,16.258876035,trunk,group_2
2700,63,102.4418121,19.82368323,primary,group_2
2694,64,41.55008843,8.040425826,primary,group_2
2629,65,111.2175321,21.521887215,primary,group_2
2767,65,123.5821534,18.06498255,trunk_link,group_2
65,66,28.99237736,4.238045517,trunk_link,group_2
3656,66,223.5096241,37.40504112,primary,group_2
3226,67,128.0736806,18.94985619,trunk_link,group_2
2666,68,100.980186,9.3251404185,trunk,group_2
3559,69,78.74000955,9.9989895465,secondary,group_3
2621,70,575.5622494,35.382702945000005,motorway,group_1
3272,71,529.1314036,59.204927775,motorway,group_1
2828,72,59.82230477,5.524364871,trunk,group_2
3233,73,83.8566713,5.982947211,trunk,group_2
3377,74,28.2407436,1.9422676035,trunk_link,group_2
797,75,72.96281787,5.2057001655,trunk,group_2
3915,76,211.4044589,26.84570382,secondary,group_3
3588,77,210.8887098,20.690563515,secondary,group_3
60,78,154.9585276,8.059288635000001,motorway,group_1
3333,79,692.0183857,35.99141007,motorway,group_1
44,80,113.762371,10.110938043,primary,group_2
2653,81,105.2974908,21.68987391,secondary,group_3
3389,81,390.7939572,64.869352785,motorway_link,group_1
183,82,103.9923635,20.8039683,secondary,group_3
3390,82,377.2365942,54.154225815,motorway_link,group_1
3469,83,78.52832295,7.704515124,secondary,group_3
2118,83,151.4523185,25.92511281,secondary,group_3
15,83,91.59614087,18.63464613,secondary,group_3
107,84,95.66282859,10.784307571500001,primary,group_2
106,84,135.266589,27.51911811,secondary,group_3
3610,85,559.8246432,82.47858609000001,trunk,group_2
2576,86,131.6639121,11.485659223499999,trunk_link,group_2
87,86,99.79758839,9.199412908500001,trunk,group_2
2835,87,17.03029586,2.2851010695,trunk,group_2
2576,87,54.47888766,8.8021360965,secondary,group_3
2523,88,536.0006204,27.877031190000004,motorway,group_1
3086,89,144.1269493,10.2830689065,trunk,group_2
1784,90,259.841945,25.493428620000003,secondary,group_3
6,91,412.0520593,21.430550025,motorway,group_1
5,92,782.0228614,78.95016868500001,motorway,group_1
2820,93,414.2165693,55.57899486,trunk,group_2
95,94,16.03652362,2.4615058364999998,trunk,group_2
2810,94,170.9162125,26.897154975,primary,group_2
2807,95,19.88802033,3.3283229820000004,primary,group_2
2946,95,666.7955995,103.58206390500001,trunk,group_2
3277,96,119.7691339,17.934617985,trunk_link,group_2
3296,96,84.63577294,12.9910605285,trunk,group_2
3132,97,69.25028662,10.6294848375,trunk,group_2
643,98,22.9694041,4.3390174035,primary,group_2
99,98,62.20229161,6.935297686499999,trunk,group_2
3285,99,353.9047267,39.45891009,trunk,group_2
2909,100,17.05127189,1.5746208345000001,trunk,group_2
3176,100,29.2251578,3.9917839785,primary,group_2
2680,101,396.3703278,28.959774255,motorway_link,group_1
102,101,806.6190184,89.165846265,motorway,group_1
3332,102,2272.145172,251.16906795,motorway,group_1
104,103,474.4826869,40.15325817,motorway_link,group_1
3267,103,693.8621749,78.57216591,motorway,group_1
3270,104,466.3087123,34.05813318,motorway,group_1
2837,105,600.2206776,110.61875115,primary,group_2
107,106,61.82728964,12.578364681,secondary,group_3
105,107,15.17145734,3.0865354815,secondary,group_3
13,107,688.7951213,77.649579795,primary,group_2
2856,108,775.5403958,62.93925447000001,motorway,group_1
25,109,954.9376735,49.665665115,motorway,group_1
2272,114,204.6340761,20.076913335,secondary,group_3
3954,115,33.09479917,4.4265368925,residential,group_4
118,117,97.87980789,16.605565875,residential,group_4
4000,120,295.720337,43.51896789,tertiary,group_3
122,121,247.408882,24.273604755,secondary,group_3
123,122,104.402815,10.243094937,secondary,group_3
3387,130,345.2931007,26.324815905,motorway_link,group_1
3268,130,1013.065892,143.42880963,motorway_link,group_1
3939,131,114.7365402,9.3114844005,motorway,group_1
3271,132,224.0472338,25.217238825000003,motorway_link,group_1
147,133,117.0364566,11.4825978195,secondary,group_3
2584,134,314.3819527,50.942927505,motorway_link,group_1
2637,134,147.7606227,28.253003055,primary,group_2
1201,135,88.09052762,10.2204583395,tertiary,group_3
3029,136,12.27819713,1.9895776484999999,motorway_link,group_1
200,138,853.6778709,69.28052883000001,motorway,group_1
3708,139,118.9357727,12.4946124225,primary,group_2
2706,140,47.82379598,6.396588061499999,residential,group_4
142,141,89.18349519,18.661648155,unclassified,group_4
1668,142,100.2800702,15.220062854999998,secondary,group_3
66,143,109.3943474,15.445898955,primary,group_2
3621,143,70.97217913,10.627603953,trunk_link,group_2
74,144,20.1403475,1.3851598605,trunk_link,group_2
3378,144,30.4108698,2.983649688,secondary,group_3
3386,145,526.6614905,71.09503575,motorway_link,group_1
3387,145,796.4945349,122.24466247499998,motorway_link,group_1
3878,146,48.27022087,9.118448502,primary,group_2
2870,147,115.8481739,11.3660138715,secondary,group_3
3938,148,267.1390545,17.982922605,motorway,group_1
3480,149,51.77672961,5.4393237165,primary,group_2
149,150,97.07429387,10.197988803,primary,group_2
150,151,235.8616452,34.95792027,primary_link,group_2
166,152,114.2511223,10.154377131,primary,group_2
202,153,104.578424,11.7013618875,motorway,group_1
3720,154,43.50840956,7.927083916500001,secondary,group_3
153,155,160.4928723,17.95767336,motorway,group_1
154,156,174.1608006,28.745143755,primary,group_2
3264,157,57.598139,5.6510277615,secondary,group_3
92,158,300.3246108,44.44477881,motorway_link,group_1
138,159,354.4105555,28.762313685000002,motorway,group_1
132,160,40.59516045,4.8365187375,motorway_link,group_1
163,161,711.8087042,57.767086545,motorway,group_1
3394,162,368.7286462,35.656651335,motorway_link,group_1
146,162,171.3932293,32.376904575,primary,group_2
3064,163,825.7764416,67.01617848000001,motorway,group_1
3556,164,88.79586416,11.05014459,secondary,group_3
3264,165,13.91895135,2.059853544,motorway_link,group_1
3265,165,152.6709478,23.372831745,secondary,group_3
3639,166,198.0411599,24.83283189,primary_link,group_2
458,166,284.5802175,27.920532465,secondary,group_3
3345,167,38.0893646,4.4171301285,secondary,group_3
185,168,124.6672423,8.8946713215,trunk,group_2
148,169,267.6291156,18.01591191,motorway,group_1
2929,170,47.51163312,6.124639965,primary,group_2
2596,172,123.4854103,23.89586448,primary,group_2
3873,172,87.99223597,14.2583951145,motorway_link,group_1
2862,173,492.8348316,80.83360095,motorway_link,group_1
3450,173,214.5397566,41.515940505,primary,group_2
2826,174,318.0610527,33.413408685,primary,group_2
175,176,51.31171581,10.547225402999999,residential,group_4
2250,177,74.62432761,12.918926616,residential,group_4
3555,178,37.81754758,4.5055931655000006,motorway_link,group_1
1264,179,88.21119678,21.604531785,residential,group_4
3686,180,31.39202022,6.074721369000001,primary,group_2
63,180,19.40874548,2.8766414145,primary_link,group_2
3407,181,1188.995625,134.64051639,motorway,group_1
1933,182,209.8067987,40.600058055000005,primary,group_2
3388,183,18.49011997,2.996167029,motorway_link,group_1
2039,183,404.1895712,86.341258845,secondary,group_3
2531,185,214.3101453,16.33880061,motorway_link,group_1
3694,186,86.1701815,18.40730805,secondary,group_3
181,191,869.8860472,98.50490961,motorway,group_1
1780,193,81.0231703,7.4821850715,trunk,group_2
203,194,197.0588772,30.168306719999997,secondary,group_3
168,195,202.5960486,14.454681365999999,trunk,group_2
2701,197,20.29525651,3.3688856504999998,motorway_link,group_1
2710,197,21.62694903,4.1352441915,primary,group_2
197,198,22.56483374,3.7456212750000004,motorway_link,group_1
3449,199,114.3414004,33.298305105000004,residential,group_4
198,199,411.450777,68.29825567500001,motorway_link,group_1
3067,200,524.8594973,42.5951577,motorway,group_1
2645,200,451.1394976,34.394444025,motorway_link,group_1
2904,202,916.9327716,103.83242733,motorway,group_1
161,203,319.7374175,38.037051675,motorway_link,group_1
2667,204,159.4867341,10.9687592235,trunk_link,group_2
3457,205,338.5077551,27.471716295,motorway,group_1
3339,208,13.21642977,1.388431452,primary,group_2
2306,212,108.2577258,30.400676909999998,residential,group_4
1518,214,328.2336029,63.517023359999996,primary,group_2
3745,215,14.26238684,1.8713952765,primary,group_2
3743,215,37.36666719,7.792058472000001,secondary,group_3
3355,216,61.33179374,12.606872381999999,residential,group_4
1063,226,106.6495682,12.8910650055,secondary,group_3
1177,241,65.41823326,16.24891653,residential,group_4
243,242,82.12269369,14.217040035,residential,group_4
243,244,83.24193238,17.687725305,residential,group_4
244,245,143.0682278,30.3999612,residential,group_4
3672,265,30.18025008,5.8402297395,primary,group_2
266,267,70.82376458,11.1969779355,residential,group_4
4068,268,339.5074621,65.698646355,primary,group_2
3719,273,66.85184074,18.541407225,residential,group_4
829,286,361.3624602,39.353648504999995,secondary,group_3
846,289,237.1113112,58.894924425,residential,group_4
993,297,326.4975329,51.61806483,residential,group_4
2185,306,80.71686729,9.364949918999999,tertiary,group_3
312,311,65.88969794,8.8129611345,residential,group_4
1425,312,69.39448636,9.281737971,residential,group_4
2877,316,99.54082483,17.232458264999998,residential,group_4
3562,328,12.07610987,2.5796472795,secondary,group_3
3828,329,24.74683376,2.7897718544999996,primary,group_2
784,330,82.63015771,11.052052008,residential,group_4
419,331,91.69796762,17.74462425,primary,group_2
3351,334,16.24589281,3.0689177354999995,primary,group_2
3348,334,147.4748368,31.502948025,secondary,group_3
336,335,410.3945371,77.52526058999999,primary,group_2
3974,336,149.8073203,28.644347865,primary,group_2
338,337,232.4605319,44.448297509999996,primary,group_2
3115,338,17.23228787,3.334648317,primary,group_2
3665,338,225.5429148,43.645179705000004,primary,group_2
2821,340,122.2827992,16.355721615,residential,group_4
3580,346,32.54754199,6.6215882189999995,secondary,group_3
353,354,192.6369424,30.45519546,residential,group_4
2902,355,459.818375,32.80680024,trunk,group_2
357,356,75.79950095,10.138429477499999,residential,group_4
362,363,150.9527448,20.19041997,residential,group_4
365,364,176.1144419,23.555878694999997,residential,group_4
1731,365,43.38749422,5.0339132835,tertiary,group_3
261,367,159.6442458,27.084064605000002,residential,group_4
3812,368,47.24023275,5.9989146075,secondary,group_3
369,370,93.64905316,16.212477675,residential,group_4
370,371,71.64258488,12.402728793000001,residential,group_4
371,372,75.32638205,13.040465932500002,residential,group_4
120,375,72.76031672,8.44181328,tertiary,group_3
375,376,174.7894875,20.2794639,tertiary,group_3
376,377,79.08255272,9.175333119,tertiary,group_3
378,379,66.39270872,11.4938728335,residential,group_4
319,381,250.0753638,63.578703975,residential,group_4
3545,384,213.6494278,20.961421125,secondary,group_3
988,387,340.6043137,62.77228563,primary,group_2
387,388,152.5820723,22.454371485000003,tertiary,group_3
388,389,77.4402629,11.3963089185,tertiary,group_3
389,390,106.7632509,15.711555494999999,tertiary,group_3
390,391,204.6320441,30.114179654999997,tertiary,group_3
391,392,177.3724131,26.102582010000003,tertiary,group_3
392,393,83.62841362,12.306973147499999,tertiary,group_3
479,394,79.07187067,13.688883065999999,residential,group_4
1895,395,162.5243765,18.85643853,tertiary,group_3
3047,398,17.32788379,3.3531472395,primary,group_2
3951,398,33.93042458,6.5659321635,primary,group_2
3947,404,15.67914514,2.3073834585,tertiary,group_3
3811,404,65.13101614,8.896066482,primary,group_2
3163,406,47.67486293,8.639886009000001,primary,group_2
100,407,22.96539863,3.189686298,primary,group_2
3991,408,130.882421,15.056214585,primary,group_2
3989,409,138.4798781,22.53700977,primary,group_2
2910,410,18.86219864,3.5631489525,primary,group_2
3512,410,34.47771669,5.6111013975,primary,group_2
3511,411,105.2186279,16.315905735,primary,group_2
2911,412,13.41126826,1.7030621655,secondary,group_3
3946,412,58.50802383,11.0524127025,primary,group_2
3793,415,72.0969335,13.9515959625,primary,group_2
3576,418,88.75958327,17.17601268,primary,group_2
2863,419,88.9264658,17.20830639,primary,group_2
4003,420,15.07657038,2.9174918864999997,primary,group_2
4002,420,8.75255583,1.4205199545,primary_link,group_2
2867,421,16.61413631,3.549041208,secondary,group_3
422,421,469.1379943,90.78366345,primary,group_2
423,422,317.242588,61.39013403,primary,group_2
424,423,258.7957844,50.07999711,primary,group_2
3203,424,126.7188455,24.521571825,primary,group_2
3474,425,152.2236906,29.457056280000003,primary,group_2
3568,426,10.71802728,2.074063056,primary,group_2
3645,426,180.4074147,37.620297179999994,secondary,group_3
3987,427,480.6588502,119.388512145,residential,group_4
428,427,168.4398646,32.59507473,primary,group_2
3771,428,257.2792317,49.786526505,primary,group_2
430,429,112.3736011,24.0047712,secondary,group_3
3112,430,115.3065445,24.044834715,secondary,group_3
3943,439,172.1863246,40.216982355,tertiary,group_3
3942,440,11.51673977,2.8400080064999997,tertiary,group_3
2817,443,387.5776903,51.839775075000006,residential,group_4
1055,449,233.8213841,39.668410485,residential,group_4
449,450,82.11051084,13.9302633135,residential,group_4
450,451,93.63129758,15.884794965000001,residential,group_4
451,452,308.9808411,39.60522489,residential,group_4
1907,452,251.8828668,33.17711685,unclassified,group_4
1587,453,113.6892087,14.350791435,unclassified,group_4
455,454,122.075112,21.13358289,residential,group_4
3230,458,33.42341378,3.2792142675,secondary,group_3
768,460,187.2587568,32.418143189999995,residential,group_4
2797,462,40.35793418,5.1249493665,secondary,group_3
2801,463,135.2902544,17.819951924999998,unclassified,group_4
2277,464,133.4239625,13.090397173500001,secondary,group_3
478,477,27.62788398,3.6953192280000002,residential,group_4
986,480,109.987954,13.9670849535,secondary,group_3
482,481,250.2256921,33.46849914,residential,group_4
3715,483,87.61148336,16.95384198,primary,group_2
2674,485,14.48823491,2.7592233239999997,secondary,group_3
3041,486,80.26591115,10.735826352,residential,group_4
486,487,47.09949083,6.2997098955,residential,group_4
490,489,113.0571393,14.891484957,unclassified,group_4
491,490,114.1798795,15.03936831,unclassified,group_4
3722,492,20.00759874,3.3483348045000003,primary,group_2
805,497,63.66978698,13.308187328999999,residential,group_4
499,498,112.3362185,15.025334145000002,residential,group_4
1139,499,245.2960603,38.780409254999995,residential,group_4
498,500,148.5010734,19.862500949999998,residential,group_4
3755,503,56.78738541,7.479832773,unclassified,group_4
3211,504,149.4617321,13.038246354,trunk_link,group_2
1333,507,363.1584795,47.833945455,unclassified,group_4
3650,509,68.96051013,6.7658046585000005,secondary,group_3
2401,511,82.67039025,10.9497076725,"['residential', 'unclassified']",group_4
512,513,120.4605134,20.854064385,residential,group_4
2600,514,307.1328948,64.196572545,residential,group_4
515,516,400.3392378,53.546673510000005,residential,group_4
523,522,29.53277103,4.669022997,residential,group_4
1076,523,55.99843323,8.8531473165,residential,group_4
228,528,97.60882515,16.559592945000002,residential,group_4
530,529,55.05728241,9.340612224000001,residential,group_4
786,532,72.67387025,15.442162589999999,residential,group_4
532,533,26.89655196,4.6563177465,residential,group_4
2217,534,107.3660363,12.103639159499998,primary,group_2
535,536,33.52132443,5.8031950725,residential,group_4
540,539,77.78595147,13.4662653705,residential,group_4
541,540,158.8284111,27.496295834999998,residential,group_4
1250,541,91.45782035,13.734209571000001,tertiary,group_3
3968,542,17.52802625,2.18126403,secondary,group_3
393,543,89.01197174,13.0992314535,tertiary,group_3
546,545,129.2666141,17.28982953,residential,group_4
658,545,177.1606591,28.008451709999996,residential,group_4
660,546,191.3388045,32.461129529999994,residential,group_4
1330,547,73.13938451,8.485793565,tertiary,group_3
1579,548,80.76860115,10.6385533605,unclassified,group_4
125,554,63.12037984,9.979101006,residential,group_4
2119,555,116.8295953,27.263584215,residential,group_4
2860,556,23.13052287,4.4921722934999995,residential,group_4
928,561,70.36628791,10.0131661215,secondary,group_3
565,564,114.1623757,15.037062765,unclassified,group_4
462,565,116.7910695,14.830994943,secondary,group_3
567,568,176.1995991,43.154497155,residential,group_4
568,569,87.77797669,21.802744365000002,residential,group_4
856,570,76.26159128,15.940112114999998,residential,group_4
2440,573,40.34897199,5.3968060725,residential,group_4
576,577,74.74440834,12.9397149315,residential,group_4
580,581,38.90825618,7.548034839,residential,group_4
2318,583,132.161673,22.656860295,"['residential', 'unclassified']",group_4
3827,585,121.1518506,13.657748148,primary,group_2
587,586,163.7078423,27.773464394999998,residential,group_4
1642,591,173.0118446,23.140896225,residential,group_4
1413,594,99.95243593,13.368962988,residential,group_4
900,595,77.50936928,10.367129922,residential,group_4
506,596,70.53158274,9.433828305,residential,group_4
2075,597,61.45746887,7.648035452999999,secondary,group_3
1432,599,31.44852566,4.971896793,residential,group_4
1491,601,338.4020477,53.500125045000004,residential,group_4
2174,602,89.4447368,11.963524098,residential,group_4
607,606,83.61943364,9.701712102,tertiary,group_3
1322,608,113.4660612,19.344061125,unclassified,group_4
3865,618,60.67364748,16.547416095000003,residential,group_4
3056,621,104.7572569,18.1355244,residential,group_4
622,623,318.8791736,50.41363011,residential,group_4
3981,627,7.21093025,1.046190315,primary,group_2
634,633,99.17220131,13.2646040745,residential,group_4
637,636,82.60984863,11.049335602500001,residential,group_4
638,637,82.02488116,10.9710943035,residential,group_4
919,639,43.47012153,5.814269961,residential,group_4
948,640,152.7792931,17.223188055,primary,group_2
684,641,95.03188103,13.787601602999999,primary,group_2
3276,642,444.7278981,46.02138843,trunk,group_2
3158,643,14.35481348,2.1768271995,trunk,group_2
3278,643,38.59142902,6.704094399000001,secondary,group_3
645,644,44.42901576,6.737411817,trunk,group_2
3294,645,461.9238455,69.19392237,trunk,group_2
2528,646,98.0542383,14.688043104000002,trunk,group_2
3293,647,11.62131182,1.669176915,trunk,group_2
3275,647,57.37419258,10.307477187,secondary,group_3
3284,648,535.8658683,76.96677885,trunk,group_2
2820,649,20.70377903,3.1035110684999996,tertiary,group_3
2944,649,113.5404597,12.4493177535,trunk,group_2
87,650,20.50278233,3.4169068305000003,secondary,group_3
3190,650,57.74716162,4.1201041515000005,trunk,group_2
2851,651,22.0086194,2.1592940565,secondary,group_3
3248,651,72.67623121,5.1852529800000005,trunk,group_2
4013,652,28.60034502,2.040557439,trunk,group_2
1353,653,253.9504787,37.703038605,residential,group_4
657,656,45.36889188,7.8542400795,residential,group_4
296,659,82.65547556,13.067528133,residential,group_4
659,660,28.25297057,4.7931904875,residential,group_4
661,662,54.71845737,9.4728322245,residential,group_4
210,663,39.38931387,6.682500309,residential,group_4
666,665,40.15935063,5.3714436,residential,group_4
2032,666,245.7627443,32.87156538,residential,group_4
3252,668,23.31324448,3.118222179,residential,group_4
469,669,181.8494569,28.749733485,residential,group_4
670,671,72.62917734,12.573527188500002,residential,group_4
2072,672,96.69311475,20.210686185,residential,group_4
1519,673,103.0334025,19.93816287,primary,group_2
1832,677,199.8761656,28.442501505000003,secondary,group_3
3976,684,192.3618151,27.90861384,primary,group_2
1838,685,231.6931298,30.989708729999997,residential,group_4
242,688,77.38828565,13.397421661500001,residential,group_4
3647,689,72.38872477,15.61472127,residential,group_4
689,690,161.5746084,27.411555675,residential,group_4
3281,693,304.9056369,57.597962009999996,primary,group_2
696,695,101.4596078,17.564637015,residential,group_4
1018,696,106.3386838,18.409300245,residential,group_4
2135,699,100.4125911,12.495780756000002,secondary,group_3
1621,700,79.85183733,16.69054131,residential,group_4
701,702,113.3531031,13.1514783615,tertiary,group_3
702,703,113.3738021,13.1538799095,tertiary,group_3
2956,708,13.30442728,2.108063862,secondary_link,group_3
2955,708,26.66999388,2.6166275235,secondary,group_3
1689,711,330.6091708,57.234895815,residential,group_4
3280,716,11.53496732,2.405382834,secondary,group_3
1451,717,160.2712744,27.746083605000003,residential,group_4
3692,722,15.60356579,2.423905542,trunk,group_2
3929,722,41.16083543,8.5832550915,secondary,group_3
3693,724,132.2165482,27.234839505,secondary,group_3
4021,725,40.64306343,7.579522519500001,secondary,group_3
2384,734,338.6944443,45.301482135,residential,group_4
3350,749,144.2627243,30.083057115,secondary,group_3
1662,751,146.4885167,23.461142475,secondary,group_3
3021,753,16.58172739,3.2742709305,residential,group_4
2594,753,17.65644034,4.69298394,residential,group_4
1935,755,85.80235125,9.954979044,tertiary,group_3
2031,756,76.93014571,11.552590467,tertiary,group_3
1172,757,209.8288558,28.065291074999998,residential,group_4
1173,758,136.1323383,21.522024375,residential,group_4
1164,761,211.9827378,27.921613545,unclassified,group_4
1385,765,80.71102774,13.692837339,residential,group_4
446,766,431.7658895,68.260606695,residential,group_4
1085,772,61.34064765,8.2045108815,residential,group_4
1578,777,80.33984809,10.582079529000001,unclassified,group_4
2496,778,79.12146495,10.582752954,residential,group_4
500,780,82.54048182,11.040057567,residential,group_4
1133,782,84.51555989,9.8056826565,tertiary,group_3
2149,783,78.21366266,9.0745225665,tertiary,group_3
2353,784,168.9522575,22.597913265,residential,group_4
245,786,78.72643891,16.728247245,residential,group_4
3855,794,38.14702597,7.532610763499999,residential,group_4
2949,796,14.56976621,1.6904165805,tertiary,group_3
3090,797,339.3722087,24.213291299999998,trunk,group_2
306,798,157.6276692,18.288311685,tertiary,group_3
219,798,55.26487997,8.8382372745,tertiary,group_3
2446,805,58.69840701,7.8511026135,residential,group_4
807,808,44.08574768,9.061913259,residential,group_4
987,810,143.9709925,19.25658792,residential,group_4
1183,816,116.4955966,15.34438635,unclassified,group_4
2287,828,90.65370096,11.2813419045,secondary,group_3
3118,829,328.3612922,35.759704725000006,secondary,group_3
326,833,219.5219849,43.34738094,residential,group_4
4016,834,323.0491158,33.93742188,primary,group_2
951,835,147.266903,16.60176267,primary,group_2
322,837,133.0263036,21.030971655000002,residential,group_4
1030,838,153.6191091,17.823229665,tertiary,group_3
1794,839,76.60914971,10.24672263,residential,group_4
842,841,338.7048977,45.302880315,residential,group_4
2455,841,310.2966808,41.50318902,residential,group_4
1280,844,169.3305199,32.377338480000006,primary,group_2
3857,845,12.06810307,1.3604671455,primary,group_2
855,856,172.0154998,29.779238085,residential,group_4
860,859,80.32233726,16.78888467,residential,group_4
868,861,124.8214193,21.60902226,residential,group_4
2110,866,325.9793177,74.06205041999999,residential,group_4
868,867,98.75573465,16.75416915,residential,group_4
804,873,303.6279303,57.03115124999999,residential,group_4
1396,874,83.88214579,11.2195094805,residential,group_4
689,875,138.2699754,19.41876129,residential,group_4
1659,879,112.9862619,13.102739487000001,secondary,group_3
1675,880,111.7674327,14.193056331000001,secondary,group_3
489,881,115.9155836,15.504085844999999,residential,group_4
881,882,112.8489212,15.093909779999999,residential,group_4
1677,882,112.3753917,19.158120269999998,unclassified,group_4
1678,883,113.8694441,14.998478858999999,unclassified,group_4
2186,892,49.224963,5.711189355,tertiary,group_3
2200,893,86.90822654,18.165459855,residential,group_4
893,894,42.90900428,8.968791858,residential,group_4
3025,899,61.82562593,6.0657919605,secondary,group_3
1205,900,123.5807918,16.529332349999997,residential,group_4
595,901,74.15717795,9.9187634415,residential,group_4
1917,902,238.4006847,31.88686599,residential,group_4
1393,903,83.94196833,11.2275109395,residential,group_4
907,906,59.53375711,7.9628334015,residential,group_4
2679,908,131.3259123,22.735076865,residential,group_4
3883,909,69.01231892,6.770887686,secondary,group_3
2828,910,24.02438203,4.867241082,secondary,group_3
193,910,698.9249126,64.54308723,trunk,group_2
909,911,124.7342835,16.429556939999998,unclassified,group_4
2444,912,23.23790147,3.9423708735000003,residential,group_4
1662,914,73.99416485,7.2596630205,secondary,group_3
2428,917,119.5537602,15.990703785000001,residential,group_4
917,918,195.4653348,26.144123475,residential,group_4
549,919,71.55494811,9.570706747500001,residential,group_4
921,922,83.55293407,11.175476343,residential,group_4
1740,926,58.07334398,7.649214668999999,unclassified,group_4
2937,926,161.813749,25.220860664999996,secondary,group_3
3641,927,208.680446,33.421607265,secondary,group_3
3161,928,16.18798281,2.165195286,residential,group_4
927,928,258.1997107,36.741977895,secondary,group_3
561,929,176.6536195,25.137918884999998,secondary,group_3
4081,930,13.22903631,2.0935519394999997,tertiary,group_3
929,930,310.4997533,44.184306195,secondary,group_3
930,931,151.5972412,21.57238083,secondary,group_3
3837,932,40.61186632,5.779093599,secondary,group_3
3508,933,46.57341353,8.797914431999999,primary,group_2
3769,934,34.96798754,3.9420278325,primary,group_2
3768,935,159.8742795,18.023023455,primary,group_2
935,936,250.3763702,28.225548255,primary,group_2
936,937,82.10855167,9.256300368,primary,group_2
845,938,88.91481637,10.023587442,primary,group_2
938,939,188.6430272,21.266195624999998,primary,group_2
939,940,104.0916958,11.734514641499999,primary,group_2
940,941,26.1866287,2.9520835035,primary,group_2
941,942,79.06101849,8.9127444045,primary,group_2
942,943,109.5181272,12.346249695000001,primary,group_2
943,944,59.7749289,6.7385757645,primary,group_2
944,945,48.3058631,5.4456395745,primary,group_2
945,946,112.6030286,12.694018264500002,primary,group_2
3826,947,35.42654472,3.9937221195,primary,group_2
585,948,33.85923088,3.8170349475,primary,group_2
640,949,210.1437694,23.690027535,primary,group_2
949,950,47.02172743,5.3008757805,primary,group_2
950,951,286.4868743,32.29637481,primary,group_2
2961,952,14.39073828,1.6223035650000002,primary,group_2
954,953,72.42255357,9.539241606000001,unclassified,group_4
1735,955,275.7370914,36.880731675,residential,group_4
957,956,102.1919745,25.737254865000004,residential,group_4
1056,956,84.13624925,17.544903599999998,secondary,group_3
3088,960,146.5363861,10.454975718,trunk,group_2
960,961,21.79753341,1.5551951880000001,trunk,group_2
3035,962,368.44219,26.287356015,trunk,group_2
3238,963,12.74311432,0.909186819,trunk,group_2
3379,964,24.43965695,2.175553191,trunk_link,group_2
144,964,76.4517342,7.5007783214999995,secondary,group_3
2569,965,84.90173816,11.355883272,residential,group_4
2366,967,107.2887556,12.447879318,tertiary,group_3
3435,968,109.2341085,10.717099374,secondary,group_3
969,970,44.6907125,5.9775279705,residential,group_4
3628,971,42.030022,8.036473575,primary,group_2
984,983,254.2447295,24.944278575,secondary,group_3
90,984,16.45365373,1.6142892045000001,secondary,group_3
286,985,86.15045611,9.3820890165,secondary,group_3
2074,986,72.80401834,9.245193423,secondary,group_3
334,988,257.0133565,47.366739585,primary,group_2
389,989,393.2349811,52.596456105,residential,group_4
1197,991,211.3815393,50.854946459999994,tertiary,group_3
2552,1000,122.7713416,16.42106574,residential,group_4
1360,1002,220.8975356,29.545762950000004,residential,group_4
1146,1003,110.0574886,18.38721045,unclassified,group_4
755,1009,142.6076284,16.54565325,tertiary,group_3
1999,1010,95.29215734,13.8024649095,secondary,group_3
1011,1012,95.51209254,12.775052637,residential,group_4
3414,1015,33.09793565,5.3632395945,motorway_link,group_1
1520,1015,64.84212942,12.398329451999999,primary,group_2
2329,1016,170.6604658,29.544655275000004,residential,group_4
394,1017,86.21741678,14.925916467,residential,group_4
1589,1018,265.6982159,35.537999475,residential,group_4
2393,1019,186.8826455,24.996160904999996,residential,group_4
1019,1020,94.80913236,12.68102943,residential,group_4
2213,1022,78.04546639,12.3387025575,residential,group_4
1921,1023,87.01706046,11.0500707705,secondary,group_3
2043,1024,203.430848,19.95886308,secondary,group_3
2251,1026,25.62315694,3.4271804745,residential,group_4
3292,1030,49.00920771,7.3597066605,tertiary,group_3
1030,1031,165.6556527,28.67822451,residential,group_4
1036,1037,61.55782772,13.06105998,residential,group_4
1043,1042,88.06860528,16.236810464999998,residential,group_4
921,1042,384.7298709,57.119345685,residential,group_4
1045,1046,36.37677101,6.297528571500001,residential,group_4
3668,1049,82.11631459,14.215935690000002,residential,group_4
2098,1053,93.5288761,12.509790996,residential,group_4
1053,1054,148.8210433,19.905297975,residential,group_4
3898,1056,11.86049734,2.5201867965,residential,group_4
1057,1056,61.48103052,12.8206185015,secondary,group_3
3898,1057,61.67258364,12.860563006500001,secondary,group_3
3685,1058,112.9893481,23.56163055,secondary,group_3
3191,1063,68.75172947,10.1206795065,secondary,group_3
2872,1074,13.22431782,1.76972847,secondary,group_3
2036,1074,288.3577549,32.507283810000004,primary,group_2
1075,1076,74.27127529,11.0267670075,residential,group_4
2982,1077,83.9407383,9.7389905805,tertiary,group_3
756,1079,86.61577127,13.0070796585,tertiary,group_3
1081,1080,117.2977763,24.517449405,residential,group_4
2168,1082,99.64048115,13.3272380235,residential,group_4
1618,1084,286.2732598,38.28997842,residential,group_4
1084,1085,80.75021246,10.800603223500001,residential,group_4
1249,1086,346.7018159,52.06416881999999,tertiary,group_3
1090,1089,85.52474318,11.439212217,residential,group_4
1091,1090,42.31482946,5.659745895,residential,group_4
1918,1096,50.98671246,8.8267943955,residential,group_4
1174,1097,191.78206,30.320041695,residential,group_4
1097,1098,76.4233344,12.082249428,residential,group_4
1176,1099,319.8431846,54.262234335,residential,group_4
1099,1100,78.48407475,13.315028928,residential,group_4
1962,1101,88.1596745,6.0632142735,trunk_link,group_2
1806,1102,72.9975164,12.637293865500002,residential,group_4
1105,1106,45.9644638,6.147896343,residential,group_4
1106,1107,58.25226153,7.7914292055,residential,group_4
3055,1108,11.35920032,2.927323386,residential,group_4
1108,1109,199.5055287,50.721921435,residential,group_4
1076,1110,123.130016,17.292491595,residential,group_4
1326,1111,79.87828978,9.2676562965,tertiary,group_3
1399,1113,188.4581185,25.20688554,residential,group_4
1651,1113,29.65653381,3.9666577335,residential,group_4
1113,1114,97.94786675,13.10084535,residential,group_4
1350,1117,81.02553264,12.809840124,residential,group_4
2014,1119,76.30044497,8.852546808,tertiary,group_3
1119,1120,76.20268214,10.1923562715,residential,group_4
1120,1121,84.19747513,11.261685803999999,residential,group_4
2459,1126,231.3831484,22.701299355,secondary,group_3
1817,1129,173.1456012,33.58950408,residential,group_4
1129,1130,82.43291433,15.991631864999999,residential,group_4
1783,1131,477.3747057,46.835848545,secondary,group_3
1132,1133,469.8117368,62.838845925,residential,group_4
2818,1133,139.8339638,16.223846535,tertiary,group_3
3383,1137,730.9257095,79.600391925,secondary,group_3
1141,1140,141.8403521,18.97160784,residential,group_4
1993,1141,106.8464862,14.291064610500001,residential,group_4
2441,1142,84.08608472,14.556941317499998,residential,group_4
1022,1144,78.02888352,12.336080866500001,residential,group_4
1150,1146,87.06851579,10.101882261,tertiary,group_3
1810,1147,95.04083701,19.86532896,residential,group_4
1147,1148,43.4154201,7.5160560135,residential,group_4
1331,1150,309.9931787,35.966095949999996,tertiary,group_3
2409,1153,76.34768279,9.501038612999999,secondary,group_3
135,1155,128.0676345,17.129462115000003,residential,group_4
2002,1157,90.7002369,13.4659109595,residential,group_4
482,1159,87.51214336,15.15005889,residential,group_4
1506,1160,90.14023972,15.605033624999999,residential,group_4
1505,1160,103.5494058,13.850069397000002,residential,group_4
1160,1161,86.54689094,14.98295487,residential,group_4
1164,1163,127.1464857,14.7518172015,tertiary,group_3
1165,1164,204.586762,23.736609764999997,tertiary,group_3
368,1165,259.6840774,32.976607335,secondary,group_3
1167,1166,81.97905244,12.310784166000001,tertiary,group_3
1729,1167,70.11007964,10.5284219895,tertiary,group_3
1576,1169,67.21592565,10.093807242,tertiary,group_3
3842,1170,145.4173826,21.83731035,tertiary,group_3
1000,1171,81.52521672,10.9042625625,residential,group_4
1171,1172,78.05282619,10.4398190475,residential,group_4
382,1173,93.72054888,14.816875721999999,residential,group_4
758,1174,76.20144315,12.0471692325,residential,group_4
1175,1176,76.10127108,10.178792214,residential,group_4
241,1178,196.6205273,48.093914805000004,unclassified,group_4
1182,1183,112.0111823,14.7537152205,unclassified,group_4
1977,1184,107.3626068,9.542141705999999,primary,group_2
3920,1191,342.0991527,39.69110223,tertiary,group_3
1191,1192,81.71915767,9.4812378705,tertiary,group_3
3972,1197,211.6522778,46.67674158,tertiary,group_3
2088,1200,101.0856939,13.520539926000001,residential,group_4
3180,1201,34.53816415,3.0696726405000003,primary,group_2
3396,1202,308.2626506,51.169672065,motorway_link,group_1
1410,1203,83.96009905,11.229935982,residential,group_4
1203,1204,199.6887046,26.709012899999998,residential,group_4
1204,1205,63.89605636,8.5463050965,residential,group_4
1368,1213,176.7525265,24.2395341,tertiary,group_3
1221,1222,93.12712066,14.723056892999999,residential,group_4
251,1223,133.2229545,21.062061449999998,residential,group_4
3983,1224,94.68847578,16.39242201,residential,group_4
3044,1225,119.7741513,16.020181815,residential,group_4
217,1228,87.00473911,14.760581964,residential,group_4
1998,1230,111.2899042,14.8853862045,residential,group_4
2141,1239,207.0727986,27.69665946,residential,group_4
1157,1240,193.9491881,28.794880665,residential,group_4
2717,1241,27.78870449,3.5787588945,tertiary,group_3
1512,1243,57.15450326,5.6075020875,secondary,group_3
1713,1244,103.1818185,13.1027914545,secondary,group_3
1661,1245,113.5146048,13.164010113,secondary,group_3
2399,1246,108.7522247,14.324456887500002,unclassified,group_4
982,1248,79.6390287,13.7870691825,residential,group_4
1086,1250,93.78717519,14.0840085,tertiary,group_3
790,1250,201.5392003,34.890366480000004,residential,group_4
541,1251,160.0947154,24.041403615,tertiary,group_3
1109,1260,96.72730647,24.59177382,residential,group_4
2319,1261,219.9091696,38.070566459999995,residential,group_4
3858,1266,89.97127057,12.033949699499999,residential,group_4
1273,1272,77.91749399,17.40843762,residential,group_4
1274,1275,112.6877821,21.86094645,residential,group_4
673,1280,243.3542382,46.531260554999996,primary,group_2
1283,1284,238.9774191,40.54314534,residential,group_4
1284,1285,262.4537247,44.525962095,residential,group_4
1286,1287,155.9950411,26.46496746,residential,group_4
1288,1287,65.34192483,8.739694701,residential,group_4
1289,1288,70.89531887,9.482479194,residential,group_4
1302,1301,52.68231094,9.1203355635,residential,group_4
1376,1302,77.78437194,9.0247153065,tertiary,group_3
1386,1304,82.00145463,19.684418835000002,residential,group_4
1309,1308,112.3452148,19.449147914999998,residential,group_4
1310,1309,77.55022319,18.366130305,residential,group_4
1316,1317,83.08413412,17.62841379,residential,group_4
1320,1319,155.8989773,26.44866999,residential,group_4
1634,1320,219.5826755,27.325825769999998,secondary,group_3
2449,1321,143.8873225,14.116970935500001,secondary,group_3
2152,1322,88.50379858,15.08841387,unclassified,group_4
1324,1323,84.15038667,11.2553875695,residential,group_4
1325,1324,103.3251138,13.820069604,residential,group_4
1111,1325,67.00810605,7.7744290424999996,tertiary,group_3
838,1328,151.5882796,17.587608315,tertiary,group_3
1328,1329,217.9825431,25.290817995,tertiary,group_3
776,1330,79.64467073,9.240551296500001,tertiary,group_3
547,1331,82.54189429,9.5766935985,tertiary,group_3
1949,1332,276.3816824,40.673041575,tertiary,group_3
1332,1333,80.90453396,10.656457947,unclassified,group_4
2438,1334,86.34407037,14.947842675,residential,group_4
2984,1335,14.77518919,1.8762629459999998,secondary,group_3
1344,1345,76.05259205,11.291232170999999,residential,group_4
1346,1347,285.994789,38.25273204,residential,group_4
2923,1348,20.59757771,2.0208549345,secondary,group_3
3376,1348,45.41024068,8.473574143499999,primary,group_2
1720,1353,45.28398258,6.723136543500001,residential,group_4
653,1354,94.93573924,14.094739496999999,residential,group_4
1354,1355,143.1647828,21.25511778,residential,group_4
1355,1356,326.0950674,48.41406474,residential,group_4
1356,1357,31.03466959,4.607596536,residential,group_4
1824,1363,82.39637878,17.50805721,residential,group_4
3187,1368,4.083367121,0.559985865,tertiary,group_3
1021,1375,79.36631572,9.2082559305,tertiary,group_3
1375,1376,77.03785006,8.938102182,tertiary,group_3
2215,1377,378.1851632,43.877881200000004,tertiary,group_3
1079,1378,48.23795266,7.243887384000001,tertiary,group_3
3611,1383,127.4639214,19.329190965,trunk,group_2
673,1384,231.0877209,47.50054137,residential,group_4
1384,1385,261.7020758,44.398442895,residential,group_4
1304,1387,121.3925693,16.236650474999998,residential,group_4
1577,1388,79.2600381,10.601287563,residential,group_4
1388,1389,49.75229008,6.6545304135,residential,group_4
965,1393,90.55983793,12.1126724955,residential,group_4
903,1394,82.12398031,10.984349136,residential,group_4
1394,1395,88.61040587,11.851929625499999,residential,group_4
2357,1396,95.4933439,12.772544946,residential,group_4
2396,1397,154.7218327,20.694547710000002,residential,group_4
1397,1398,28.54221231,3.8176136114999997,residential,group_4
1322,1399,88.25940384,11.804981964,residential,group_4
1401,1402,43.02499833,5.754733288500001,residential,group_4
1403,1404,81.02065646,20.124326475,residential,group_4
2729,1410,140.1839702,18.750061379999998,residential,group_4
3872,1411,28.6911056,3.1245627570000005,secondary,group_3
325,1413,312.0552292,41.73840057,residential,group_4
1417,1416,125.7241503,16.816013505,residential,group_4
1857,1417,94.59382965,12.652231992,residential,group_4
511,1422,78.30012593,10.472896191,residential,group_4
1423,1424,44.56177864,7.714513035,residential,group_4
837,1432,73.67466889,11.6476954725,residential,group_4
1435,1436,123.9881357,16.583815905,residential,group_4
1479,1437,84.4939618,10.514797099499999,secondary,group_3
1981,1446,401.1720676,61.50789246,secondary,group_3
2958,1447,17.1761561,1.9758794970000002,primary,group_2
2787,1447,35.6430708,3.1678742040000003,primary,group_2
2784,1448,16.86885428,3.4722163034999998,unclassified,group_4
3175,1448,188.0483696,24.240980235000002,primary,group_2
2783,1449,17.23600989,1.6910471774999998,secondary,group_3
1448,1449,542.4366647,69.924543885,primary,group_2
3155,1450,11.03012809,1.3830928725,primary_link,group_2
1588,1450,69.29015144,8.6227686315,secondary,group_3
1032,1451,71.45023377,12.369429062999998,residential,group_4
1002,1456,68.73352491,9.193332229500001,residential,group_4
1513,1458,42.13291427,4.1337146025000004,secondary,group_3
3367,1460,29.07775837,2.8528564065,secondary,group_3
3340,1461,61.49170805,5.4652416675,primary,group_2
2112,1462,70.1289139,8.1365120895,tertiary,group_3
1462,1463,69.46368428,9.290993416500001,residential,group_4
2010,1465,240.2338662,41.589167865,residential,group_4
1207,1470,36.89473645,7.2738817095,residential,group_4
2377,1473,31.08728247,4.158025014,residential,group_4
1473,1474,80.19349505,10.726140462,residential,group_4
3662,1479,36.60055289,4.554732423,secondary,group_3
84,1480,212.6217576,39.185509875,primary,group_2
1480,1481,301.851926,55.630344525000005,primary,group_2
2669,1482,17.46767036,3.219235779,primary,group_2
3601,1482,168.8984482,21.018459495,secondary,group_3
387,1483,404.5022509,74.54847108,primary,group_2
1486,1485,43.58199009,5.829232746,residential,group_4
1489,1490,184.6577665,31.327673925,residential,group_4
1570,1492,239.5277174,57.771360735,unclassified,group_4
1498,1497,127.9172603,21.7014984,residential,group_4
2350,1497,233.1508193,39.554647394999996,residential,group_4
1505,1503,175.4247584,23.463631275,residential,group_4
989,1505,414.9997182,55.50756039,residential,group_4
2155,1506,267.6413694,46.33394124,residential,group_4
1544,1510,130.0273296,11.556530172,primary,group_2
2132,1512,50.27182292,4.9322334345000005,secondary,group_3
1306,1513,77.39696104,7.5935157465,secondary,group_3
3666,1517,390.0614173,75.48142522500001,primary,group_2
265,1518,87.15206317,16.864938825,primary,group_2
2246,1518,344.8286932,46.12195785,residential,group_4
3696,1519,23.06190276,4.4627466645,primary,group_2
483,1520,91.4934637,17.705050364999998,primary,group_2
3462,1521,128.1519832,22.633917255,primary,group_2
1521,1522,139.9148952,24.711456525000003,primary,group_2
1522,1523,119.7369194,21.147667485,primary,group_2
3430,1524,474.5724354,80.51245716,residential,group_4
2341,1534,87.38262364,15.127636500000001,residential,group_4
1224,1536,85.82599758,14.858154168,residential,group_4
3742,1544,120.8638837,10.7421041625,primary,group_2
3612,1545,115.5207288,17.945342655,trunk,group_2
2678,1546,89.63908264,10.4001251265,tertiary,group_3
3188,1548,61.8920604,7.702117918499999,secondary,group_3
1558,1559,86.9415479,11.628714451499999,residential,group_4
1561,1562,68.81910198,10.217304068999999,residential,group_4
1564,1563,228.8183832,36.175348815,residential,group_4
395,1571,294.7892259,34.20209964,tertiary,group_3
1574,1575,51.00743933,8.653545735,residential,group_4
2367,1576,85.03300469,12.769395798000001,tertiary,group_3
548,1578,80.70799805,10.6305709335,unclassified,group_4
1851,1579,110.3501375,14.534928294,unclassified,group_4
1580,1581,59.56963111,10.1061440055,residential,group_4
892,1582,39.51335588,4.5844271625,tertiary,group_3
3746,1583,118.4418491,15.040623165,secondary,group_3
3406,1584,17.98266301,3.260440938,tertiary,group_3
1586,1585,87.29706632,20.91473922,tertiary,group_3
3299,1586,105.9037063,25.372541055,tertiary,group_3
3155,1588,72.34446345,9.967594694999999,secondary,group_3
2480,1589,88.8347488,11.881936221,residential,group_4
3368,1597,25.10574207,3.849224331,secondary,group_3
3260,1599,77.56608252,13.428201768000001,residential,group_4
1599,1600,48.32778602,8.3664823665,residential,group_4
621,1601,148.0491141,25.630189275,residential,group_4
1601,1602,139.1299664,24.086110830000003,residential,group_4
1602,1603,206.2180637,35.700369,residential,group_4
2865,1610,716.4063121,136.43656512,secondary,group_3
991,1611,403.6214585,97.104731715,tertiary,group_3
1613,1612,84.7461043,14.671203580499999,residential,group_4
1617,1618,47.4577241,7.5028924665000005,residential,group_4
1618,1619,81.30935846,13.794345714,residential,group_4
1249,1620,113.0202822,19.56601524,residential,group_4
1622,1621,80.8047343,16.88971476,residential,group_4
1623,1622,88.14432205,18.423827145,residential,group_4
1560,1626,185.8898809,24.863375415,residential,group_4
1631,1632,94.79243185,12.678795681,residential,group_4
555,1633,43.89660698,10.2437985735,residential,group_4
1585,1634,116.1554388,17.09373411,tertiary,group_3
899,1634,111.2312663,10.913043108,secondary,group_3
1940,1635,65.22492002,7.567539844500001,tertiary,group_3
1637,1636,95.6902256,12.7988785125,residential,group_4
928,1637,164.7525595,22.036190010000002,residential,group_4
1449,1654,106.8832755,13.778132591999999,primary,group_2
1654,1655,24.11679856,4.611323172,primary,group_2
3437,1656,120.5960195,11.831831136,secondary,group_3
1658,1657,150.2069964,26.00376078,residential,group_4
3833,1658,32.43920483,5.910312546,secondary,group_3
3366,1659,181.8942499,21.09382974,secondary,group_3
879,1660,115.0841545,13.346026944,secondary,group_3
1660,1661,114.9237576,13.327426111500001,secondary,group_3
3359,1662,61.95739033,8.816574816,secondary,group_3
1245,1662,114.3980306,13.2664588395,secondary,group_3
751,1663,83.43246889,13.362283156500002,secondary,group_3
1848,1665,299.1082675,37.98298296,secondary,group_3
2486,1666,632.6515686,120.967997895,primary,group_2
220,1669,122.7541259,16.41876309,residential,group_4
3673,1674,15.76771076,2.7296982735000004,residential,group_4
1712,1675,117.1715207,14.879307449999999,secondary,group_3
1960,1677,115.2376834,19.646093025,unclassified,group_4
2399,1678,114.1577855,15.036458175,unclassified,group_4
1957,1680,114.4928136,15.70134534,tertiary,group_3
2378,1694,163.9619608,21.93044487,residential,group_4
3141,1701,82.59165159,9.582466551,tertiary,group_3
3220,1704,55.26079704,8.298507057,tertiary,group_3
3365,1710,8.506077206,0.834542214,secondary,group_3
1244,1712,114.8867079,14.5891650045,secondary,group_3
2952,1713,12.22516449,1.5524419244999998,secondary,group_3
677,1713,103.6746162,14.752961754000001,secondary,group_3
926,1714,139.0096666,21.66653607,secondary,group_3
1718,1719,247.1026055,36.686361555,residential,group_4
1719,1720,228.6718851,33.950024264999996,residential,group_4
636,1724,151.1784101,17.540054355,tertiary,group_3
1692,1726,84.43238702,12.679201115999998,tertiary,group_3
2265,1728,258.3691876,34.557718125,residential,group_4
1728,1729,68.85118409,10.339373799,tertiary,group_3
1167,1730,71.04321706,8.242591569,tertiary,group_3
1730,1731,69.14183631,8.021989158,tertiary,group_3
1386,1733,226.5074285,39.212853765000006,residential,group_4
300,1738,96.12555896,12.857105763,residential,group_4
1738,1739,46.5777532,6.2299257930000005,residential,group_4
2360,1740,96.66780878,12.732740535000001,unclassified,group_4
2018,1743,78.21335347,13.161635502000001,tertiary,group_3
1743,1744,80.86099334,15.686685930000001,residential,group_4
1744,1745,77.83713897,15.100071150000002,residential,group_4
1359,1755,83.95762884,12.464862198,residential,group_4
1152,1756,109.3476483,18.93021069,residential,group_4
2886,1757,404.060024,35.911926165000004,primary,group_2
1616,1759,362.9319872,62.83060578,residential,group_4
1763,1764,44.92700955,6.009133467,residential,group_4
1764,1765,46.73648508,6.251156697,residential,group_4
509,1766,160.0658103,15.704263245,secondary,group_3
2598,1771,187.7445027,25.111437105,residential,group_4
1387,1774,220.8909491,26.909670585,tertiary,group_3
2732,1775,132.7799669,27.013230825,secondary,group_3
2672,1776,255.991766,52.730877885000005,secondary,group_3
3436,1777,131.9356546,12.9443773725,secondary,group_3
968,1778,85.24542264,8.3635384455,secondary,group_3
1778,1779,87.01891204,8.537537778,secondary,group_3
3234,1780,12.29050074,1.134981522,trunk,group_2
3235,1781,65.41192586,6.4176484755,secondary,group_3
3963,1782,120.5550002,11.8278066765,secondary,group_3
3482,1783,291.8870494,28.637415165,secondary,group_3
1131,1784,148.7413106,14.593201964999999,secondary,group_3
3097,1785,923.2823007,107.121259755,tertiary,group_3
1596,1789,95.79161024,12.812439037499999,residential,group_4
1790,1791,31.70925915,5.4894912300000005,residential,group_4
496,1793,297.4355225,50.460715754999995,residential,group_4
1795,1794,74.79683384,12.948790809000002,residential,group_4
1796,1795,74.81830632,12.952508113499999,residential,group_4
1797,1796,82.8261297,14.3388185295,residential,group_4
2597,1799,179.705038,41.31330468,residential,group_4
1488,1801,251.5105874,33.640358055,residential,group_4
1102,1805,123.3746397,21.358556489999998,residential,group_4
1807,1806,82.12969563,14.2182522075,residential,group_4
1808,1807,84.65199897,14.654912111999998,residential,group_4
3614,1808,47.27750544,5.9539378635,trunk_link,group_2
3111,1813,293.3618211,62.66670576,secondary,group_3
3874,1822,59.52358404,5.290319328,primary,group_2
975,1823,52.11879048,9.0227791815,residential,group_4
695,1825,110.2174397,19.08078855,residential,group_4
2117,1828,212.2567812,20.824786770000003,secondary,group_3
1829,1830,66.23669792,8.724462664499999,unclassified,group_4
1830,1831,114.5868095,15.092967690000002,unclassified,group_4
2954,1832,56.08941532,7.981558356,secondary,group_3
2953,1833,32.37239297,4.043953467,secondary_link,group_3
1833,1834,37.2507452,4.906535892,unclassified,group_4
908,1838,95.97696902,12.8372313765,residential,group_4
3553,1841,226.602126,28.199356815,secondary,group_3
1847,1846,107.3046323,14.3523431385,residential,group_4
2323,1847,76.68390687,10.256721641999999,residential,group_4
2247,1848,126.2890945,16.037124495,secondary,group_3
2854,1849,129.776029,17.35796544,residential,group_4
1147,1855,71.84183672,14.1860755545,residential,group_4
1856,1857,95.62832733,12.790599417,residential,group_4
958,1859,84.03104201,11.2394248335,residential,group_4
1860,1861,146.2847128,19.56605553,residential,group_4
1861,1862,136.7722055,18.293726775,residential,group_4
1317,1869,300.1539765,51.86936763,residential,group_4
1752,1879,46.98052977,6.283798467,residential,group_4
901,1885,129.70719,17.348758005,residential,group_4
1885,1886,60.41019279,8.080059520499999,residential,group_4
3483,1888,103.2751436,24.458533680000002,residential,group_4
2162,1891,303.5537887,35.218983645,tertiary,group_3
632,1892,198.6323019,26.567715614999997,residential,group_4
1893,1894,44.99022429,6.0175886445,residential,group_4
2187,1895,62.27810105,7.225643374500001,tertiary,group_3
1774,1896,316.4768735,38.55426603,tertiary,group_3
4006,1900,13.08950985,2.2206696435,residential,group_4
2964,1902,106.3991768,14.231235521999999,residential,group_4
2965,1902,97.23869851,13.005991794,residential,group_4
1902,1903,321.9641936,43.063756755,residential,group_4
1905,1904,78.79273513,12.456843010499998,residential,group_4
1563,1905,28.37988359,4.4867557125,residential,group_4
616,1906,127.4593498,17.04810207,residential,group_4
911,1907,250.665053,33.01671075,unclassified,group_4
503,1908,50.20899735,6.715616493000001,residential,group_4
3382,1909,36.30261141,3.2264926574999997,primary,group_2
463,1911,64.26205863,8.4643701885,unclassified,group_4
1913,1912,56.93826173,7.615677463500001,residential,group_4
1461,1914,174.1327584,15.476519295,primary,group_2
1915,1916,80.52236857,10.770128364,residential,group_4
1395,1917,41.52143133,5.5536263175,residential,group_4
207,1919,102.1094958,13.657476756000001,residential,group_4
1633,1920,167.2220053,39.023256165,residential,group_4
2422,1921,56.5463776,7.180677801,secondary,group_3
3468,1922,43.32298206,6.2750593155,secondary,group_3
1235,1923,103.3632315,16.34134854,residential,group_4
1925,1924,156.0109715,26.96013069,residential,group_4
1926,1925,170.655484,28.952150025,residential,group_4
2344,1928,50.57121153,6.764063817,residential,group_4
1074,1929,307.3663352,44.59392501,primary,group_2
3879,1930,303.6461647,26.987373165,primary,group_2
2722,1932,174.1871554,30.15519402,residential,group_4
2281,1933,148.6896211,28.77317268,primary,group_2
2692,1935,183.5559118,21.29656389,tertiary,group_3
1938,1939,64.10671093,13.3995126825,residential,group_4
2237,1940,26.77335997,3.1063045890000005,tertiary,group_3
227,1942,102.058883,17.31455691,residential,group_4
3342,1944,24.26004252,2.1561768150000002,primary,group_2
1766,1945,68.81744861,6.7517687085,secondary,group_3
2077,1946,197.929807,26.47375464,residential,group_4
1946,1947,56.99106217,7.622739693000001,residential,group_4
495,1948,297.8437465,39.837568605,residential,group_4
720,1949,59.53391587,8.761164684,tertiary,group_3
1953,1952,244.2402101,69.43370704499999,residential,group_4
2445,1953,81.70703011,20.112085620000002,residential,group_4
1275,1956,54.80324528,9.487510664999999,residential,group_4
2326,1957,114.9276445,15.760977285,tertiary,group_3
1101,1961,191.3929467,22.205834055,tertiary,group_3
2488,1962,34.62943818,5.2513606694999995,trunk,group_2
2514,1963,76.73265133,10.2632413725,residential,group_4
1963,1964,81.12701857,10.851002265,residential,group_4
1475,1966,367.1086761,49.10197794,residential,group_4
1156,1973,83.37565982,14.144899152,residential,group_4
1565,1976,362.0529466,48.42575769,residential,group_4
3164,1977,58.85272396,5.2306948275,primary,group_2
1765,1979,130.860258,17.502984599999998,residential,group_4
2071,1980,51.09156472,5.927756625000001,tertiary,group_3
2139,1981,371.0641866,56.891737815,secondary,group_3
740,1984,85.82917296,11.4799306905,residential,group_4
1899,1985,18.75473691,3.6383385300000004,residential,group_4
1987,1988,69.37567574,11.769765171,residential,group_4
2326,1989,152.9358535,20.144167590000002,unclassified,group_4
3343,1990,55.05146705,4.8928478505,primary,group_2
2430,1991,151.7804588,20.301129404999998,residential,group_4
1991,1992,103.0662169,13.785441313499998,residential,group_4
1922,1999,104.3384823,15.112767735000002,secondary,group_3
2041,2002,41.18397317,6.1144241145,residential,group_4
2161,2004,79.83768452,10.678549647,residential,group_4
451,2012,55.26917477,9.5681721465,residential,group_4
2038,2014,197.1774018,22.87695936,tertiary,group_3
1119,2015,138.6532628,16.08685899,tertiary,group_3
1702,2021,53.04913167,9.1838393865,residential,group_4
1334,2024,84.16073903,14.5698654345,residential,group_4
2085,2031,77.38439212,11.620804592999999,tertiary,group_3
520,2034,64.15647553,10.8843141795,residential,group_4
1446,2035,177.5252322,22.092014115,secondary,group_3
2116,2036,92.27993261,10.4029453305,primary,group_2
1546,2038,83.82594293,9.7256717685,tertiary,group_3
3193,2039,13.36406638,2.8547750775,secondary,group_3
1357,2040,87.31569837,12.963421703999998,residential,group_4
2040,2041,101.5368957,15.074787494999999,residential,group_4
3924,2043,39.09657471,3.8358154079999998,secondary,group_3
675,2049,152.6731194,25.158087615,residential,group_4
2056,2057,125.4280993,21.714050399999998,residential,group_4
2244,2061,154.1693629,20.620653089999998,residential,group_4
2457,2062,51.06195068,7.828842597,secondary,group_3
2064,2065,158.9274306,21.2570601,residential,group_4
2239,2073,136.3569543,18.23818557,residential,group_4
1665,2074,99.0459276,12.577585404,secondary,group_3
1437,2075,47.08663701,5.859666462,secondary,group_3
1170,2076,78.12575577,11.732135082000001,tertiary,group_3
3225,2077,234.857619,31.412969444999998,residential,group_4
685,2078,100.4960466,17.049417645,residential,group_4
3145,2079,147.0983695,19.37527494,unclassified,group_4
1126,2080,358.5488359,35.17768908,secondary,group_3
1873,2084,84.98444113,18.850032329999998,residential,group_4
2076,2085,75.24194569,11.299073679,tertiary,group_3
3844,2096,34.36421784,5.829979599,residential,group_4
1416,2101,94.91743073,12.695514688500001,residential,group_4
2101,2102,94.39396305,12.625499185499999,residential,group_4
2258,2103,142.1433863,20.622725340000002,primary,group_2
3507,2108,169.9959339,21.155035395,secondary,group_3
3148,2110,94.34387986,21.434799105,residential,group_4
783,2112,80.35274316,9.322703428499999,tertiary,group_3
2257,2116,95.95491478,10.817235171,primary,group_2
4074,2117,140.249594,13.760068693500001,secondary,group_3
16,2118,31.87497854,6.973429713,primary_link,group_2
434,2119,112.8080155,26.325100454999998,residential,group_4
2225,2120,72.17218978,14.438251986000001,secondary,group_3
1360,2124,77.82654425,10.4095531035,residential,group_4
1154,2130,143.7167262,39.693856679999996,residential,group_4
2458,2132,26.94271385,2.643384432,secondary,group_3
2491,2132,193.1010228,25.827889065,residential,group_4
613,2134,63.29093193,10.956894771,residential,group_4
2136,2135,81.83303994,10.1836603785,secondary,group_3
1841,2136,96.16375921,11.9670375825,secondary,group_3
2138,2137,157.9832486,19.66012446,secondary,group_3
3142,2138,52.43001568,6.5246198085,secondary,group_3
3554,2139,59.60339845,9.138421437,secondary,group_3
3317,2140,23.52169003,2.30774337,secondary,group_3
2342,2141,92.36550272,12.3541860285,residential,group_4
1239,2142,79.11190259,10.5814739565,residential,group_4
2144,2145,55.29526278,7.395921018000001,residential,group_4
796,2148,52.76163307,6.121521658499999,tertiary,group_3
2370,2149,77.06536402,8.941294413000001,tertiary,group_3
2153,2152,46.54596979,9.580832964,unclassified,group_4
2152,2154,41.66193402,7.068056271000001,residential,group_4
2004,2160,56.5792831,7.567662906000001,residential,group_4
1462,2160,81.76349174,9.4863816075,tertiary,group_3
2354,2161,76.7274502,10.262545703999999,residential,group_4
1892,2162,98.16999506,13.130555733000001,residential,group_4
516,2162,124.6744795,16.675616625,residential,group_4
1343,2164,189.0050718,25.280042324999997,residential,group_4
1963,2167,82.60355836,11.0484942585,residential,group_4
2293,2168,86.51065869,14.976682362,residential,group_4
480,2172,222.4060851,28.242771795,secondary,group_3
3501,2173,279.8924766,36.72523152,primary,group_2
160,2174,484.9244553,56.26201053,tertiary,group_3
351,2176,130.7768907,17.491833945,residential,group_4
2084,2177,106.411164,14.2328388435,residential,group_4
2148,2185,78.36262385,9.0918053745,tertiary,group_3
1571,2186,160.421647,18.612475185,tertiary,group_3
1009,2187,122.7862785,14.2459362885,tertiary,group_3
534,2188,129.3730224,14.584541206499999,primary,group_2
1397,2199,81.55165026,10.907798133,residential,group_4
2206,2205,313.5555954,41.939079435000004,residential,group_4
477,2209,132.8709657,17.771923275,residential,group_4
304,2210,72.49167662,9.695997228,residential,group_4
3977,2212,378.3323888,65.49671565,residential,group_4
1144,2212,78.13547417,12.3529324575,residential,group_4
2214,2213,79.03568722,12.495252847499998,residential,group_4
782,2215,79.43790359,9.216561714000001,tertiary,group_3
2256,2216,209.8792856,23.660211615,primary,group_2
2216,2217,33.57085999,3.7845261839999997,primary,group_2
1638,2218,300.51205,52.02449718,residential,group_4
157,2226,90.98382538,8.9265405435,secondary,group_3
2232,2233,153.0666489,20.473161509999997,residential,group_4
2108,2235,103.8119309,12.9188094285,secondary,group_3
1635,2236,221.1737832,25.661072745000002,tertiary,group_3
3823,2237,28.23838024,3.7769750865000002,residential,group_4
1612,2239,79.82174239,10.6764173355,residential,group_4
2242,2243,61.82004156,9.7735222845,residential,group_4
2167,2244,84.5463905,11.308354368,residential,group_4
2477,2247,295.1145607,37.475832479999994,secondary,group_3
2809,2250,74.12818832,12.833035227,residential,group_4
2985,2254,20.64852582,2.327759451,primary,group_2
3523,2255,263.9304913,29.753537895,primary,group_2
2255,2256,124.4649847,14.031245951999999,primary,group_2
2188,2257,161.8831559,18.24948906,primary,group_2
627,2258,89.16078956,12.935800404000002,primary,group_2
979,2262,89.04814732,15.181216199999998,unclassified,group_4
2262,2263,79.48566615,13.760519134499999,residential,group_4
2908,2266,92.98597568,16.097686035000002,residential,group_4
2269,2268,136.1616376,18.212061329999997,residential,group_4
1871,2270,43.13279611,5.7691515915,residential,group_4
2459,2272,83.94650934,8.236100385,secondary,group_3
2734,2273,108.0029684,17.07487398,residential,group_4
1700,2274,97.17207925,12.997081252500001,residential,group_4
1422,2276,187.3438178,25.057844205,residential,group_4
3850,2277,76.06449014,9.4657968825,secondary,group_3
1233,2278,99.00984091,15.653093429999998,residential,group_4
3135,2281,16.12018673,2.1561273405,residential,group_4
2887,2281,76.15956094,14.737761669000001,primary,group_2
3581,2282,14.17938369,2.743875816,primary,group_2
1961,2283,153.419368,26.559884955,residential,group_4
2283,2284,17.49276972,2.3397147735,residential,group_4
2283,2285,12.11030906,2.096530704,residential,group_4
1100,2286,26.12356218,4.431930774,residential,group_4
2395,2287,60.20457651,7.4921200635,secondary,group_3
912,2291,87.33535953,14.816672582999999,residential,group_4
966,2297,111.8523316,20.11185084,residential,group_4
681,2298,60.89513816,8.14492254,residential,group_4
270,2299,92.90582996,18.34542633,residential,group_4
2220,2302,100.7649936,17.444385765,residential,group_4
2302,2303,62.53689703,10.8263566245,residential,group_4
1474,2304,82.19530764,10.9938893985,residential,group_4
2442,2304,149.9314954,20.05382454,residential,group_4
3824,2306,18.75430196,3.2467354605,residential,group_4
1794,2309,96.27076344,16.666346865,residential,group_4
3380,2320,161.3964912,25.071823634999998,trunk,group_2
1816,2321,183.4660861,31.76155791,residential,group_4
1153,2322,94.36334871,11.742986649,secondary,group_3
2324,2323,334.8992306,44.79385998,residential,group_4
1986,2324,90.23613097,12.069375639,residential,group_4
3344,2326,25.90590036,3.0042436830000003,secondary,group_3
3209,2334,117.6469766,18.27564048,trunk,group_2
1705,2341,166.6863173,28.856652644999997,residential,group_4
2735,2343,35.08351772,5.95201071,residential,group_4
1846,2344,256.356028,34.28845149,residential,group_4
2345,2346,111.4528592,14.9071819635,residential,group_4
2352,2351,37.79269641,5.9748869655,residential,group_4
1380,2353,52.96735991,7.084556446500001,residential,group_4
330,2354,80.37135396,10.7499296685,residential,group_4
1855,2357,81.01391668,14.025089109,residential,group_4
2358,2359,225.9606911,30.222976440000004,residential,group_4
1834,2360,155.0908919,20.428021604999998,unclassified,group_4
3479,2361,75.237536,8.729225754,tertiary,group_3
2126,2363,84.99538421,9.8613529395,tertiary,group_3
967,2364,83.82736773,9.725837076,tertiary,group_3
3624,2366,186.1172151,21.59373198,tertiary,group_3
2368,2367,94.16100829,14.140146970500002,tertiary,group_3
2369,2368,84.24399383,9.7741749615,tertiary,group_3
1020,2368,301.8552177,40.374115905,residential,group_4
1377,2369,123.2953494,14.3049998265,tertiary,group_3
2353,2370,200.6366153,26.835799035,residential,group_4
2819,2371,290.8098159,33.740399655,tertiary,group_3
2142,2379,52.55686897,7.0296519495,residential,group_4
2276,2383,90.87872507,12.155324686500002,residential,group_4
4027,2386,8.362956078,1.7013896609999999,secondary,group_3
2391,2392,105.6995591,13.922370621,unclassified,group_4
978,2393,79.23029011,10.597308672,residential,group_4
2468,2395,251.4950658,31.297142805,secondary,group_3
2397,2398,69.53438068,11.796689879999999,residential,group_4
1246,2401,107.390141,14.145048068999998,unclassified,group_4
1911,2402,84.72017654,11.1590408385,unclassified,group_4
599,2406,79.26760652,12.5319184395,residential,group_4
277,2407,138.6327318,18.542578215,residential,group_4
597,2409,32.91864867,4.0965402045,secondary,group_3
1195,2410,64.31774247,8.6027069835,residential,group_4
2000,2411,49.53016814,8.402922807,residential,group_4
2412,2413,121.7049336,21.06949779,residential,group_4
1501,2415,145.4823698,19.458739545,residential,group_4
1023,2417,94.67748656,12.022848408000002,secondary,group_3
1477,2418,32.0509371,4.2869169495,residential,group_4
2420,2419,139.0061816,18.59252832,residential,group_4
2415,2420,161.9151696,21.6566799,residential,group_4
1388,2421,64.58547971,8.6385177105,residential,group_4
2172,2422,238.1556208,30.242764469999997,secondary,group_3
2190,2426,72.95591245,11.53406271,residential,group_4
1646,2427,98.01156267,16.967713155000002,residential,group_4
2420,2428,102.1248537,13.659530922000002,residential,group_4
1991,2431,94.88530089,12.6912172185,residential,group_4
1568,2433,29.58073804,5.1210027105,residential,group_4
1196,2437,82.85697881,14.3441591115,residential,group_4
1143,2441,153.4521501,26.033559345,residential,group_4
1180,2447,98.76266431,20.61261432,residential,group_4
1272,2448,105.2342596,23.511588359999998,residential,group_4
1243,2449,22.29475662,2.1873673485,secondary,group_3
1969,2450,259.3390897,34.68744567,residential,group_4
2453,2454,95.87853826,16.59844503,residential,group_4
3044,2457,50.90189475,7.9337485365,secondary,group_3
114,2458,77.67422455,7.620718428,secondary,group_3
914,2459,428.1532588,42.006668865,secondary,group_3
1241,2461,42.36959374,5.4565537755,tertiary,group_3
2442,2463,128.8715537,17.23698894,residential,group_4
1898,2464,121.9350114,16.30920387,residential,group_4
3148,2465,51.5207727,6.891070708499999,residential,group_4
2165,2466,113.2268219,19.601771295,residential,group_4
164,2468,309.1027193,38.466090435,secondary,group_3
2443,2471,116.6014014,27.210332445,residential,group_4
1194,2472,66.09759953,8.8407686475,residential,group_4
1234,2474,128.3583638,21.776332755,residential,group_4
1538,2476,58.86852165,7.873855998,residential,group_4
1583,2477,105.8822496,13.445712195,secondary,group_3
1947,2482,71.58363363,9.574543528500001,residential,group_4
1200,2484,57.6947526,7.7168605755,residential,group_4
215,2486,53.81909543,9.753375702,primary,group_2
2334,2487,133.2428165,20.69834586,trunk,group_2
3967,2487,144.6481908,18.474266445,trunk_link,group_2
3609,2488,143.1884991,9.8478420705,trunk_link,group_2
1383,2488,119.4289579,18.110733675,trunk,group_2
304,2489,41.59197835,6.575539533000001,residential,group_4
1612,2490,126.34088,21.872070540000003,residential,group_4
2388,2492,43.15494079,5.7721135155,residential,group_4
1820,2493,38.25647449,6.490311137999999,residential,group_4
2052,2494,68.8530127,13.357189185,residential,group_4
594,2495,98.80786465,13.2158728635,residential,group_4
1626,2496,138.7489011,18.558116235,residential,group_4
2051,2498,221.0302915,40.324640565,residential,group_4
1770,2500,148.912139,19.917482324999998,residential,group_4
468,2501,36.62189601,4.898297553,residential,group_4
1121,2504,83.76185871,11.2034206935,residential,group_4
1937,2507,44.05719536,5.8927929930000005,residential,group_4
1817,2509,107.0923053,14.3239437135,residential,group_4
2290,2511,36.68372926,7.667591868000001,residential,group_4
596,2514,79.05003845,10.5731994285,residential,group_4
1148,2516,67.00934252,11.6006241705,residential,group_4
271,2519,91.7852383,15.571606185,residential,group_4
3458,2520,327.7380839,17.04543696,motorway,group_1
57,2521,143.3150635,9.8565465855,trunk_link,group_2
3079,2522,130.5109139,12.0521920845,trunk,group_2
109,2523,406.5862447,21.146276685,motorway,group_1
91,2524,1023.019034,53.20653079499999,motorway,group_1
2524,2525,257.8985799,13.4131314075,motorway,group_1
3272,2526,737.0235253,114.573594375,motorway_link,group_1
103,2526,227.0160739,25.70704278,motorway,group_1
3955,2527,307.6392814,23.454124725,motorway_link,group_1
3274,2528,485.8533926,72.77845095,trunk,group_2
3297,2529,144.1809274,16.05171012,trunk,group_2
2529,2530,365.6599858,43.500156735,motorway_link,group_1
2532,2531,78.95423442,6.019395354,motorway_link,group_1
2533,2532,296.9461814,22.638892995,motorway_link,group_1
2933,2533,138.4586972,10.5559587105,motorway_link,group_1
80,2534,276.8905773,21.109872915,motorway_link,group_1
3331,2534,378.7357988,38.746348245,motorway,group_1
2586,2535,178.630311,19.746277335,motorway,group_1
3122,2536,211.4363441,24.322830704999998,primary,group_2
3301,2537,10.61413568,1.1572511355,primary,group_2
12,2538,200.9950034,17.863973895,primary,group_2
3184,2539,93.51197387,8.31112929,primary,group_2
76,2540,104.622497,13.285739491500001,secondary,group_3
2535,2542,506.9635976,56.041126199999994,motorway,group_1
2544,2543,150.4343726,24.482552775000002,primary,group_2
2562,2544,201.8860301,32.856090675,primary,group_2
3726,2545,10.5804931,1.998699813,primary,group_2
3587,2545,16.3974413,2.1932110395,residential,group_4
2545,2546,18.80334004,3.9954420090000005,residential,group_4
3728,2546,22.29603842,4.2118157835000005,primary,group_2
2361,2547,97.41033696,12.2145039135,primary_link,group_2
65,2547,87.00764687,16.636552199999997,primary,group_2
2551,2548,382.7886278,73.192221795,primary,group_2
2547,2549,180.5140719,34.515722325,primary,group_2
2549,2550,379.3453422,69.62083272,primary,group_2
3626,2551,117.5836016,22.21203873,primary,group_2
2550,2552,154.6168617,25.875619875,primary,group_2
3627,2553,197.8990506,37.383966120000004,primary,group_2
3440,2554,28.82431048,4.069839051,primary,group_2
3629,2555,39.36945961,7.527752943,primary,group_2
3614,2556,38.08581723,5.9163671115,trunk,group_2
1808,2556,32.22036852,7.525603413,tertiary,group_3
2558,2557,431.7281436,66.267563355,trunk,group_2
3217,2558,78.2150715,12.0055231125,trunk,group_2
3582,2559,13.1002245,2.0108023305,trunk,group_2
3221,2559,33.17796105,3.255132582,secondary,group_3
2559,2560,19.43060927,1.9063621560000001,secondary,group_3
3218,2560,114.1341035,17.729940045,trunk,group_2
1928,2561,161.7618469,21.636172485,residential,group_4
2768,2561,352.4162421,57.35424089999999,primary,group_2
2561,2562,16.37918848,1.9003497645,tertiary,group_3
2832,2562,269.7978011,43.908441870000004,primary,group_2
3784,2563,112.1003709,20.91798657,primary,group_2
3465,2564,222.3500343,41.490630165,primary,group_2
346,2565,58.00808152,11.801371338000001,secondary,group_3
3095,2566,64.41558779,5.9485372844999995,trunk,group_2
18,2567,202.6675996,18.715590645,trunk,group_2
57,2568,196.7316563,14.036272796999999,trunk,group_2
1203,2569,43.37322246,5.801309397,residential,group_4
3900,2570,1332.505784,69.30272817000001,motorway,group_1
3306,2571,279.0787319,32.104153034999996,primary,group_2
3620,2572,182.7844442,15.568567035000001,primary,group_2
2618,2573,411.3304998,42.0809304,motorway,group_1
3156,2574,142.408071,12.656902015499998,primary,group_2
3099,2575,736.1637944,38.28738303,motorway,group_1
1548,2576,62.62491265,10.118286696,secondary,group_3
3885,2577,156.8116353,17.122987065,motorway,group_1
2579,2578,627.6175381,71.07069833999999,motorway,group_1
183,2578,422.6034522,69.31441656,motorway_link,group_1
2655,2579,781.7453907,88.52396161499999,motorway,group_1
0,2580,770.866878,79.902284505,motorway,group_1
79,2581,4.423720254,0.23007471000000002,motorway,group_1
2638,2582,385.2138066,71.88109340999999,primary,group_2
134,2583,25.45305822,4.2250484759999996,motorway_link,group_1
3349,2583,270.8888877,49.923955605,primary,group_2
3269,2584,1219.862726,136.49139723,motorway,group_1
33,2585,661.4236466,74.00721060000001,motorway,group_1
2637,2585,324.306088,52.551049410000005,motorway_link,group_1
136,2586,530.9096719,86.02940689500001,motorway_link,group_1
3028,2587,33.29540232,5.46419898,secondary,group_3
2140,2588,41.83016907,4.10401188,secondary,group_3
3630,2589,221.6415451,42.379621425,primary,group_2
2102,2589,164.739887,22.034495025,residential,group_4
3631,2590,242.0680185,34.178714369999994,primary,group_2
2592,2591,13.90871052,2.2537885065,motorway_link,group_1
54,2591,48.26864069,7.230405205499999,trunk,group_2
55,2592,15.08632758,1.2766855845,motorway_link,group_1
50,2592,220.270181,33.402741315,trunk,group_2
3023,2593,26.99649357,7.102723188000001,residential,group_4
3022,2594,8.462944817,2.249403807,residential,group_4
2762,2595,200.77864,23.09680908,primary,group_2
3054,2596,21.51890416,3.5720035064999998,motorway_link,group_1
429,2596,125.1600909,26.41787913,secondary,group_3
3134,2599,186.3191376,39.326884635,secondary,group_3
1775,2600,90.86230592,18.485352119999998,secondary,group_3
2882,2601,90.96138782,18.968147430000002,secondary,group_3
2724,2602,141.8992216,17.663766074999998,trunk,group_2
2868,2602,145.8199329,21.055707974999997,trunk_link,group_2
1757,2607,325.1273329,28.896569999999997,primary,group_2
3249,2608,37.10150852,3.4261847835,trunk,group_2
2540,2617,90.1501,11.447927334,secondary,group_3
3455,2618,575.5706252,58.883422035,motorway,group_1
2669,2619,184.911965,18.14195157,secondary,group_3
169,2620,332.7170922,22.39742043,motorway,group_1
174,2621,494.5581716,44.566887105,motorway_link,group_1
3969,2623,314.2278811,66.32492931,secondary,group_3
2627,2624,164.1938723,35.074397355,secondary,group_3
3753,2625,84.18044047,17.340044159999998,secondary,group_3
2905,2627,80.8674572,16.863263505,secondary,group_3
3389,2627,196.8854186,32.68174812,motorway_link,group_1
2538,2628,133.8058054,11.8923524145,primary,group_2
143,2629,26.95831904,4.036826001,trunk_link,group_2
3730,2629,162.7769152,31.12423728,primary,group_2
3732,2630,81.95745187,17.130654494999998,residential,group_4
2565,2631,219.4548738,40.950391725,primary,group_2
4067,2632,14.8916052,2.84739303,primary,group_2
4001,2632,9.854962698,2.6905437315,primary_link,group_2
331,2633,96.4840611,18.670789065,primary,group_2
3058,2634,370.1033653,34.798347254999996,secondary,group_3
2584,2635,644.2149063,72.950165505,motorway,group_1
2583,2635,323.1318295,53.63786277,motorway_link,group_1
2638,2637,25.2991698,4.1995039604999995,motorway_link,group_1
3110,2637,205.3697446,38.795211765,primary,group_2
33,2638,327.0480428,54.287929665,motorway_link,group_1
2583,2638,151.8342803,27.98257224,primary,group_2
2640,2639,176.9382558,26.831697150000004,trunk,group_2
3328,2639,277.8385453,45.57041967,motorway_link,group_1
55,2640,40.53095449,6.1462926195000005,trunk,group_2
2567,2641,593.986519,54.85242121499999,trunk,group_2
75,2642,175.4403426,12.517195021500001,trunk,group_2
3087,2643,197.7297491,14.1074840295,trunk,group_2
3447,2644,15.94492142,1.137627117,trunk,group_2
3486,2645,281.1659097,20.060428935,trunk,group_2
2654,2646,1300.415978,147.25763075999998,motorway,group_1
3391,2647,341.6131141,56.705640419999995,motorway_link,group_1
3395,2647,627.5483383,68.52490286999999,motorway,group_1
3741,2648,897.1826774,143.607902085,motorway_link,group_1
3096,2649,47.01155594,4.341340395,trunk,group_2
2649,2650,75.51265206,6.973309437,trunk,group_2
7,2651,878.3327566,45.681494985,motorway,group_1
2932,2652,82.4117859,5.8798585365,trunk,group_2
2905,2653,10.46802277,1.2678491805,motorway_link,group_1
2625,2653,242.2906448,49.908630269999996,secondary,group_3
2862,2654,1180.65305,133.695812655,motorway,group_1
2699,2654,383.3524583,54.27464019,motorway_link,group_1
3450,2655,332.9027647,54.60192239999999,motorway_link,group_1
3334,2655,1239.422425,140.350790055,motorway,group_1
2699,2656,82.10635022,12.002135773500001,trunk_link,group_2
3845,2656,429.8791451,54.30679831500001,trunk,group_2
180,2657,101.9547651,19.729433985,primary,group_2
3596,2657,27.6780709,4.1446039755,trunk_link,group_2
722,2658,23.27000337,4.970839248,secondary,group_3
3214,2658,82.94310957,12.731247313499999,trunk,group_2
3060,2659,189.7126881,13.535488358999999,trunk,group_2
3616,2660,24.18414574,1.725473538,trunk,group_2
2662,2661,152.7172631,17.002063185,trunk,group_2
3309,2662,183.6467668,19.70843625,trunk_link,group_2
3040,2663,94.56164058,10.527578583,trunk,group_2
3863,2664,271.8653028,22.063324575000003,motorway,group_1
72,2665,630.3527025,44.97396432,trunk,group_2
2641,2666,638.710765,58.982537145,trunk,group_2
9,2667,76.45544541,5.454889716,trunk,group_2
2600,2668,124.101364,25.247624835000003,secondary,group_3
3102,2669,15.34994833,1.5060032429999999,secondary,group_3
1483,2669,600.5306678,110.67588135,primary,group_2
338,2670,20.18699953,3.9064194210000003,primary,group_2
2671,2670,397.7794054,73.30947216,primary,group_2
2582,2671,409.7072579,75.50773722,primary,group_2
2748,2672,173.9832935,36.280677345,secondary,group_3
1962,2673,265.8147364,40.309318485,trunk,group_2
3322,2674,81.21470938,15.46699938,secondary,group_3
3680,2675,9.072001203,1.734638586,primary,group_2
3670,2675,86.00396854,24.449595555,residential,group_4
1481,2676,287.2645939,52.941945870000005,primary,group_2
1482,2677,15.21272802,1.4925403815,secondary,group_3
3780,2677,166.7350295,30.728732655,primary,group_2
3108,2678,403.934907,74.44391141999999,primary,group_2
2765,2679,52.04150386,3.5791737075000003,trunk_link,group_2
3059,2680,19.53385269,1.489242255,motorway_link,group_1
2634,2680,67.71044917,6.366361249500001,secondary,group_3
407,2681,16.91758018,1.5309888539999998,trunk,group_2
3992,2681,32.29809574,5.405188275,primary,group_2
2997,2682,18.56950204,3.5934148245,primary,group_2
3513,2682,20.84335099,3.0987290639999996,primary,group_2
3990,2683,136.9541393,26.186717715,primary,group_2
2688,2687,318.3660071,60.874105740000005,primary,group_2
2906,2688,394.1206391,76.26693190499999,primary,group_2
3660,2689,36.47968875,5.415997326,residential,group_4
1077,2692,23.70381321,2.750168967,tertiary,group_3
418,2693,42.53175468,8.230389672000001,primary,group_2
2693,2694,13.8557229,3.281434944,residential,group_4
3795,2694,52.23205953,10.1075115885,primary,group_2
3796,2695,46.65760808,9.028790337,primary,group_2
3886,2696,177.7148803,27.606772005000003,trunk,group_2
3211,2697,127.8769116,19.8647898,trunk,group_2
3208,2698,100.5566726,15.620780489999998,trunk,group_2
2700,2699,129.7763625,34.587186375,primary_link,group_2
2657,2700,19.24614737,5.254469526,primary_link,group_2
3945,2700,105.1147261,20.340923205,primary,group_2
2656,2701,87.96522138,13.502109991500001,trunk,group_2
3334,2701,330.3564017,54.83709657,motorway_link,group_1
2701,2702,381.2714886,72.023793795,primary,group_2
215,2703,19.58404224,3.5183426460000002,secondary,group_3
2708,2703,147.3182483,27.48966051,primary,group_2
2705,2704,368.3637133,68.73685737,primary,group_2
2706,2705,89.89264114,16.98109941,primary,group_2
2702,2706,116.8217419,22.068120225,primary,group_2
2704,2707,33.96031664,6.3370124610000005,primary,group_2
2707,2708,48.74035511,9.0949752,primary,group_2
3746,2709,65.60959953,6.4370424945,secondary,group_3
1666,2710,487.6387854,93.24040357499999,primary,group_2
1321,2712,28.28903664,2.775473898,secondary,group_3
104,2714,1079.385327,72.660670455,motorway,group_1
3178,2714,361.3691501,51.812456745,motorway_link,group_1
172,2715,20.01462445,3.2827512629999998,motorway_link,group_1
2716,2715,279.7028536,54.12575837999999,primary,group_2
3314,2716,402.9506403,77.975639925,primary,group_2
2718,2717,41.65557685,6.184441275,residential,group_4
1240,2718,37.16671861,5.517997974,residential,group_4
2720,2719,72.58477897,5.5411700205,trunk_link,group_2
1411,2720,30.21093806,2.3063229869999997,trunk_link,group_2
2592,2721,239.8925598,37.26564255,trunk,group_2
2721,2722,58.23945597,5.1843213075,trunk_link,group_2
2721,2723,33.30414263,5.1119770965,trunk,group_2
3113,2724,10.81533651,1.346304594,trunk,group_2
3113,2725,21.01897965,4.3830807165,secondary,group_3
2723,2726,76.92339557,8.718895891499999,trunk,group_2
1855,2727,73.82343467,11.6712147975,residential,group_4
795,2728,142.2755724,19.029819975000002,residential,group_4
2746,2729,48.19172194,6.445799355,residential,group_4
1776,2732,105.8126374,21.795987225,secondary,group_3
2601,2733,131.2191834,26.250771119999996,secondary,group_3
2733,2734,105.4944768,21.99872757,secondary,group_3
1125,2736,44.08408179,6.544991946,residential,group_4
3330,2737,267.0204755,20.35738578,motorway_link,group_1
2526,2738,525.9335485,58.84711725,motorway,group_1
2322,2739,133.5213746,16.61598216,secondary,group_3
2741,2740,120.9276272,8.627859880499999,trunk,group_2
2903,2741,187.9699385,13.4111478735,trunk,group_2
3552,2743,217.0700227,21.297020115,secondary,group_3
2743,2744,157.6816282,15.47034807,secondary,group_3
2744,2745,225.3974734,22.11403704,secondary,group_3
2747,2746,63.20994879,8.454535981500001,residential,group_4
668,2747,28.12438822,3.7617282825,residential,group_4
2599,2748,173.6696753,36.65692839,secondary,group_3
126,2753,40.1882484,5.37530877,residential,group_4
3384,2754,250.1070467,19.06792215,motorway_link,group_1
577,2755,140.805855,18.833240505,residential,group_4
1920,2756,255.7341593,60.565227300000004,residential,group_4
575,2757,89.36661549,11.9530751175,residential,group_4
2861,2760,259.8436444,28.373528235000002,motorway,group_1
3657,2761,97.9667232,10.681237267499998,primary,group_2
2536,2762,181.7824737,20.911562535,primary,group_2
11,2763,73.06297417,8.2365700155,primary,group_2
3372,2764,136.7857801,12.631652383499999,trunk,group_2
3232,2764,137.0793849,19.223427795,trunk_link,group_2
2629,2765,328.6308086,49.21024158,trunk_link,group_2
2765,2766,75.74977743,11.767201662000002,trunk,group_2
2679,2766,47.801412,4.1699408745,trunk_link,group_2
2673,2767,273.1778449,39.932570085,trunk_link,group_2
3725,2768,119.8389873,22.638090615,primary,group_2
2619,2769,94.16856235,9.238999199999999,secondary,group_3
2769,2770,88.4911044,8.681976471,secondary,group_3
3779,2771,76.9185694,7.5465801255,secondary,group_3
2771,2772,95.72527001,9.391729797,secondary,group_3
2772,2773,140.6208462,13.796492724,secondary,group_3
3558,2774,20.33898799,1.9954843635,secondary,group_3
3957,2778,18.1224792,3.137354619,residential,group_4
2894,2779,9.798039461,1.896034701,primary,group_2
2778,2780,87.39161625,10.0531982625,primary,group_2
3120,2781,143.4981803,19.193347754999998,residential,group_4
3950,2782,163.7393718,22.7419188,primary,group_2
3437,2783,11.10609518,2.1235734885,primary,group_2
1656,2783,111.3053364,10.920310218000001,secondary,group_3
2783,2784,529.4571799,101.23641228000001,primary,group_2
30,2785,291.7849179,25.933172805,primary,group_2
3734,2786,345.5482685,30.711535830000003,primary,group_2
2785,2787,434.9153812,38.654279385,primary,group_2
2791,2788,114.142965,13.130571405,primary,group_2
2790,2789,114.6144366,19.18108776,primary,group_2
3452,2790,82.91903815,13.876762779,primary,group_2
2794,2791,114.37825,13.1576376975,primary,group_2
2789,2792,114.9557446,19.238206725,primary,group_2
2792,2793,113.5271288,18.999123375,primary,group_2
2795,2794,113.5582946,13.063313147999999,primary,group_2
2799,2795,354.4885171,59.324772315000004,primary,group_2
564,2796,112.5676951,15.056294880000001,residential,group_4
29,2796,114.1497984,19.103329095,primary,group_2
2799,2797,18.02884142,2.2894358025,secondary,group_3
2796,2797,123.4333146,20.65695483,primary,group_2
2797,2798,118.3063503,19.798941165000002,primary,group_2
2802,2799,227.5483233,38.080930185,primary,group_2
2803,2800,15.5000928,1.5207341115,secondary,group_3
4046,2800,22.43408362,3.7544147100000003,primary,group_2
2802,2801,15.4501181,2.035034697,unclassified,group_4
2798,2801,118.1790173,19.777631595,primary,group_2
4047,2802,172.5948898,28.884299625,primary,group_2
3866,2803,12.96003365,1.829887695,primary,group_2
3867,2804,208.7907521,34.94179143,primary,group_2
3127,2805,268.5354615,37.915776285,primary,group_2
2804,2806,268.5696053,51.97134522,primary,group_2
2808,2807,16.19217566,2.3256931935000003,trunk,group_2
3288,2807,46.19398443,7.730709111,primary,group_2
94,2808,20.41900617,2.88305487,primary,group_2
3186,2808,661.3487844,81.1023534,trunk,group_2
95,2809,122.4466242,23.69484726,primary,group_2
2815,2810,102.0939192,16.06656225,primary,group_2
2812,2811,102.1008159,19.522485839999998,primary,group_2
2809,2812,48.89911539,9.349898715,primary,group_2
3634,2813,316.9006149,49.870780725,primary,group_2
2813,2814,15.24620148,2.0081755245,unclassified,group_4
2811,2814,160.6114355,30.710180384999997,primary,group_2
2813,2815,160.9938811,25.335673590000003,primary,group_2
492,2816,17.13089619,4.3144507515,residential,group_4
28,2816,151.4840868,13.4635574325,primary,group_2
2160,2818,17.71587535,2.3695558755,residential,group_4
2371,2818,59.49157618,6.9023445809999995,tertiary,group_3
94,2820,732.1659376,104.108371845,trunk,group_2
3222,2822,34.43367404,7.268008773,secondary,group_3
3227,2823,53.99532086,3.7135481955000005,trunk_link,group_2
2928,2825,899.4072053,76.359693615,motorway,group_1
139,2826,80.1605349,8.4211401885,primary,group_2
3371,2828,10.85999674,1.5999959760000002,trunk,group_2
1945,2829,93.96675307,9.219199429500001,secondary,group_3
2829,2830,96.20046539,9.4383518295,secondary,group_3
3,2832,552.162789,89.86213981499999,primary,group_2
2561,2833,267.0396528,43.459564995,primary,group_2
3369,2835,19.85521003,1.9480202835,secondary,group_3
93,2835,108.0236108,14.494455693,trunk,group_2
3890,2836,119.8382687,11.066613441,trunk,group_2
3107,2837,415.6632419,76.605406035,primary,group_2
2839,2838,136.9808822,19.840812435,secondary,group_3
2840,2839,212.7851946,30.820586534999997,secondary,group_3
3649,2840,11.99588171,1.7375274210000002,secondary,group_3
2842,2841,159.0019314,23.03042181,secondary,group_3
2843,2842,68.31094314,9.894407073,secondary,group_3
1010,2843,93.92699895,13.604730370499999,secondary,group_3
3401,2844,42.83701995,6.971542365,primary,group_2
22,2847,367.4121322,33.92912868,trunk,group_2
3308,2848,17.36912047,1.5437275035,primary,group_2
3908,2848,136.1733207,15.664859505,primary,group_2
647,2849,22.42519771,4.676318895,secondary,group_3
97,2849,574.121137,88.12399512,trunk,group_2
2898,2850,96.90191705,6.6644652435000005,trunk_link,group_2
3245,2851,12.66910964,1.410456147,trunk,group_2
3244,2851,82.76410783,8.120093445,secondary,group_3
3051,2852,13.42181666,0.9576103994999999,trunk,group_2
644,2853,84.80854517,12.86074167,trunk,group_2
608,2854,85.67444043,14.6060557335,unclassified,group_4
1114,2854,211.4482095,28.28188488,residential,group_4
932,2855,83.88942134,15.49770117,secondary,group_3
2664,2856,225.6514328,18.31282164,motorway,group_1
3335,2857,653.5273899,74.004700575,motorway,group_1
2653,2857,452.8194551,74.27037373499999,motorway_link,group_1
3213,2859,219.9405353,34.166234145,trunk,group_2
2577,2861,931.4035524,101.70425777999999,motorway,group_1
2857,2862,788.2592691,89.26158582,motorway,group_1
3995,2863,194.4460229,37.627569120000004,primary,group_2
3449,2864,7.21557516,1.3962977955,primary,group_2
3448,2864,61.41418049,13.1190362925,secondary,group_3
2039,2865,16.7614372,2.6124966164999996,secondary,group_3
34,2865,325.6816145,67.91427693,secondary,group_3
421,2866,12.95437541,2.5068224519999998,primary,group_2
3194,2866,272.5863111,57.53553042,secondary,group_3
3684,2867,13.0877009,2.5326224864999998,primary,group_2
956,2867,124.9740298,26.378606715000004,secondary,group_3
3770,2868,19.34756639,3.9853397504999997,secondary,group_3
2754,2870,62.91714178,4.7967427425,motorway_link,group_1
2976,2872,83.9823151,10.8260105925,primary,group_2
3016,2873,41.60857308,4.6906374855,primary,group_2
1526,2874,72.3387912,9.675548307,residential,group_4
667,2875,75.64711278,13.095990676500001,residential,group_4
672,2878,84.32827249,14.5988687445,residential,group_4
2264,2880,42.60937697,9.943408044,residential,group_4
2668,2882,126.3216521,26.341811399999997,secondary,group_3
2886,2885,19.82875927,2.5180027005000003,secondary,group_3
3304,2886,280.4864281,23.890281135000002,primary,group_2
2891,2887,155.8613604,30.160987739999996,primary,group_2
2779,2888,119.1052281,23.048248215,primary,group_2
2281,2889,104.9213886,14.0335765515,residential,group_4
2889,2890,89.95115322,12.031258938,residential,group_4
3952,2891,44.81165015,8.671575987,primary,group_2
2890,2892,16.60947167,2.2215707895,residential,group_4
2782,2893,8.356362078,1.398463572,primary,group_2
2893,2894,18.1736297,5.2294871789999995,residential,group_4
2780,2894,78.02753025,13.058153491499999,primary,group_2
3443,2895,81.26807113,12.323848578,trunk,group_2
1016,2897,123.8300212,21.4373919,residential,group_4
2662,2898,140.2265639,9.644133884999999,trunk_link,group_2
2665,2899,88.073339,6.283795072499999,trunk,group_2
3891,2900,430.2531955,30.697404464999998,trunk,group_2
3542,2901,11.66060222,0.8319525030000001,trunk,group_2
3881,2902,35.31597174,2.5196992845,trunk,group_2
42,2903,341.0528926,24.333203564999998,trunk,group_2
1202,2904,518.3466365,58.696985354999995,motorway,group_1
82,2905,200.0176761,42.21827223,secondary,group_3
2867,2906,73.99690512,14.31926259,primary,group_2
683,2907,34.55130285,5.462434509,residential,group_4
2681,2909,23.28563262,3.896924124,primary,group_2
642,2909,37.20783088,2.654678328,trunk,group_2
2682,2910,16.17530479,2.7069883155000003,primary,group_2
3515,2910,40.28348322,7.609720044,primary,group_2
3748,2911,89.08375274,17.033520105,primary,group_2
2912,2913,16.89502785,2.2597648575,residential,group_4
3413,2915,407.8808423,63.406896225,motorway_link,group_1
1015,2916,143.2771367,27.395724975,primary,group_2
3053,2917,2128.808393,238.19404079999998,motorway,group_1
2918,2919,13.55190664,2.3460993615,residential,group_4
1537,2922,38.38896986,6.645879438,residential,group_4
15,2923,16.82604561,2.777129517,primary,group_2
83,2923,98.23220681,17.39795547,secondary,group_3
3467,2924,149.0084787,28.148330684999998,primary,group_2
3464,2925,52.67892369,9.9512710785,primary,group_2
70,2926,257.678531,15.840793815000001,motorway,group_1
170,2927,51.60240933,6.651974637,primary,group_2
3166,2928,261.6849745,28.936368074999997,motorway_link,group_1
2926,2928,252.7567376,15.538226445000001,motorway,group_1
3809,2929,9.015153692,1.7237688915,primary,group_2
182,2930,107.0048945,20.706692805000003,primary,group_2
2850,2931,87.54998331,6.021282537,trunk_link,group_2
2740,2932,127.6133527,9.104868351,trunk,group_2
88,2933,311.2053007,16.18557804,motorway,group_1
3608,2935,47.43329189,6.980405634,tertiary,group_3
3607,2935,112.9903417,17.552264595,trunk,group_2
3237,2936,52.61307774,3.7538011214999996,trunk,group_2
3810,2937,25.26966905,3.938619591,secondary,group_3
1663,2938,130.0393975,20.826703005,secondary,group_3
2940,2939,31.335701,5.70925791,secondary,group_3
1597,2940,61.57306564,11.2184026785,secondary,group_3
1657,2941,132.3246563,22.907978925,residential,group_4
1459,2941,126.0330868,18.92637306,tertiary,group_3
3364,2942,87.75070236,8.609334672,secondary,group_3
2663,2943,161.2549697,17.952568875,trunk,group_2
4073,2944,351.0724291,38.493874665,trunk,group_2
177,2945,20.42753056,3.4825514865000002,unclassified,group_4
96,2946,586.0243137,91.03480581,trunk,group_2
2853,2947,154.3135526,23.40078741,trunk,group_2
998,2948,41.71052052,5.5789176105,residential,group_4
1582,2949,83.34632161,9.6700250385,tertiary,group_3
2951,2950,166.1789186,21.102629775,secondary,group_3
2952,2951,139.0301631,17.655079739999998,secondary,group_3
1714,2952,91.2526515,14.222959557,secondary,group_3
2955,2953,34.86542623,4.3553827305,secondary_link,group_3
3546,2954,84.33779541,12.001320245999999,secondary,group_3
384,2955,65.45440215,6.421815879,secondary,group_3
2957,2956,154.4592501,15.1541964,secondary,group_3
708,2957,162.809239,20.260691745,secondary,group_3
3453,2958,31.65368357,3.6413190449999995,primary,group_2
3231,2958,34.08076893,3.0290204039999997,primary,group_2
2960,2959,11.18864644,1.097732544,secondary,group_3
3577,2960,325.9332285,31.977729735000004,secondary,group_3
3503,2961,20.72309242,2.336165529,primary,group_2
2977,2966,96.12127349,10.8359892,primary,group_2
2970,2967,67.58427997,8.712169104,primary,group_2
2969,2968,88.9209942,11.462646915,primary,group_2
2967,2969,59.15384665,7.6254169665000004,primary,group_2
3701,2970,121.7609659,15.695989155000001,primary,group_2
2972,2971,55.48937023,7.153035839999999,primary,group_2
2973,2972,179.8002965,23.177735835,primary,group_2
2974,2973,187.3017425,24.144733875,primary,group_2
2975,2974,97.73095018,12.598322641500001,primary,group_2
3980,2975,382.5748175,49.317038010000005,primary,group_2
2971,2976,167.9747607,21.653327085,primary,group_2
2872,2977,380.7306576,42.920709885,primary,group_2
2982,2978,235.3392041,26.530371285,primary,group_2
2980,2979,124.4287642,14.027162731499999,primary,group_2
2983,2980,211.3060251,23.8210515,primary,group_2
3524,2981,58.54677055,6.600122433,primary,group_2
2966,2982,162.6464262,18.335534414999998,primary,group_2
2978,2983,34.19567564,3.8549631989999997,primary,group_2
2987,2984,105.939048,12.186824079,primary,group_2
3521,2985,84.98212341,9.5802452265,primary,group_2
2981,2986,20.89525315,2.3555736345000002,primary,group_2
3603,2987,295.0075008,33.936537869999995,primary,group_2
3012,2988,210.4923479,23.729323665000003,primary,group_2
3002,2989,77.92199751,8.784339750000001,primary,group_2
2989,2990,80.21456561,9.0427866285,primary,group_2
2996,2991,137.4609474,19.092083145,primary,group_2
2990,2992,161.7719768,18.236955554999998,primary,group_2
2992,2993,85.77142603,9.6692252655,primary,group_2
2993,2994,187.6976957,21.159626055,primary,group_2
2417,2994,243.6327182,30.938286855,secondary,group_3
2991,2995,83.5765532,11.6080278345,primary,group_2
2646,2995,372.0808702,61.02782241,motorway_link,group_1
162,2996,17.00813207,2.7560234655,motorway_link,group_1
2994,2996,112.7273623,15.656811735000002,primary,group_2
410,2997,16.2887253,2.299881219,primary,group_2
3510,2997,40.86075917,7.9070325885,primary,group_2
3928,2998,33.49622522,6.404743944,primary,group_2
3927,2998,27.53068092,3.6823180035000003,residential,group_4
98,2999,15.29716327,1.7055702975,trunk,group_2
3286,2999,49.40032044,9.559537108499999,primary,group_2
3506,3000,39.00230684,7.457550422999999,primary,group_2
3004,3001,190.1486454,21.43592769,primary,group_2
3001,3002,99.63565175,11.2321737645,primary,group_2
3005,3003,78.9414248,8.899262313000001,primary,group_2
3003,3004,128.4037343,14.475270950999999,primary,group_2
3006,3005,108.7184478,12.2560998585,primary,group_2
3008,3006,58.30499246,6.572866189500001,primary,group_2
3830,3007,36.5168724,4.116637458,primary,group_2
3009,3008,159.1409032,17.940348120000003,primary,group_2
3829,3009,60.56163279,6.8272628415000005,primary,group_2
3013,3010,140.986384,15.893744220000002,primary,group_2
2988,3011,152.8557436,17.231806515,primary,group_2
3832,3012,70.87009833,7.989361690500001,primary,group_2
3011,3013,33.70329891,3.79945635,primary,group_2
3015,3014,149.1863637,16.81814823,primary,group_2
3585,3015,111.1573073,12.531038523,primary,group_2
952,3016,12.24348234,1.3802380845,primary,group_2
3504,3017,70.39391536,7.9356804059999995,primary,group_2
3505,3018,136.0112553,15.332885639999999,primary,group_2
3591,3019,19.20103538,2.979112992,residential,group_4
753,3020,3.653945448,1.0134244589999999,residential,group_4
2594,3021,20.29764015,3.8125536885000004,residential,group_4
2593,3022,25.65733202,6.819576585,residential,group_4
3023,3022,16.81772805,3.4063504124999997,residential,group_4
3024,3023,25.68392943,6.915689238000001,residential,group_4
3019,3024,17.97588069,2.668809003,residential,group_4
3591,3024,13.96267319,3.7596080835000003,residential,group_4
3403,3025,27.37375742,2.6856746730000003,secondary,group_3
2587,3027,32.40069369,6.481850994,secondary,group_3
4,3028,371.8408472,47.41958922,motorway_link,group_1
3027,3029,93.05461126,18.615839835,secondary,group_3
3031,3030,73.65546043,8.021339844,secondary,group_3
3034,3031,236.1999199,25.723005705,secondary,group_3
3030,3032,500.1777565,54.47112468,secondary,group_3
3405,3033,17.89531419,3.5800085384999996,secondary,group_3
3029,3034,223.1553547,24.302406465,secondary,group_3
2643,3035,251.611939,17.95183287,trunk,group_2
36,3036,138.1769285,12.760119705,trunk,group_2
89,3037,21.23065628,1.514750034,trunk,group_2
3763,3038,49.16843542,5.7046309005,tertiary,group_3
204,3039,91.40101791,10.604548764,tertiary,group_3
2661,3040,149.5087401,16.644857265,trunk,group_2
4077,3042,118.4423615,24.698745585,secondary,group_3
3876,3043,76.4702701,10.444864014,primary,group_2
3046,3044,174.874549,36.466530555000006,secondary,group_3
398,3045,12.5123146,1.7090226615000002,primary,group_2
3875,3045,26.60527644,4.4524769955000005,primary,group_2
3045,3046,16.72981986,2.7997881629999997,primary,group_2
3043,3046,104.6534519,18.965841509999997,primary,group_2
3046,3047,13.69457283,2.1551205855,primary,group_2
3949,3047,27.80232656,5.9390148705,secondary,group_3
2786,3049,101.0614229,8.9821069695,primary,group_2
3722,3050,216.0278488,28.894426515,residential,group_4
3460,3051,59.24761068,4.2271571429999995,trunk,group_2
1708,3052,76.38641737,10.216931455500001,residential,group_4
2715,3053,369.9351712,60.67588995,motorway_link,group_1
2714,3053,480.2923695,51.582045359999995,motorway,group_1
2715,3054,123.5395203,23.906335395,primary,group_2
3336,3054,447.4354949,72.5031249,motorway_link,group_1
1600,3056,10.54283916,1.8251710905,residential,group_4
739,3057,414.3196567,49.36215945,motorway_link,group_1
56,3057,450.2853409,46.673204475000006,motorway,group_1
3126,3058,401.9515541,37.79281971,secondary,group_3
3681,3059,94.34709158,14.4653410155,secondary,group_3
3061,3060,57.82084242,4.125361077,trunk,group_2
652,3061,184.4279765,13.158438444,trunk,group_2
3063,3062,74.34708563,5.304463935,trunk,group_2
2652,3063,336.311055,23.994886245,trunk,group_2
3903,3064,1003.204284,81.41539761,motorway,group_1
3066,3065,207.3102465,16.824336195,motorway,group_1
205,3066,746.0673857,60.547361925000004,motorway,group_1
3068,3067,280.9499968,22.800596115,motorway,group_1
108,3068,755.716271,61.33042062,motorway,group_1
3776,3069,106.1696564,7.5749184825,trunk,group_2
3071,3070,99.07538856,7.068761619,trunk,group_2
3077,3071,194.369212,13.8677187735,trunk,group_2
3073,3072,135.3960264,12.5033138505,trunk,group_2
3036,3073,810.2105043,74.81989311,trunk,group_2
3075,3074,170.2436015,12.146421562499999,trunk,group_2
3153,3074,122.7158967,8.439831255000001,trunk_link,group_2
3081,3075,197.5388299,14.093862459,trunk,group_2
3125,3076,44.0930545,3.0325161585,trunk_link,group_2
3125,3077,69.37086027,4.9494236835,trunk,group_2
3154,3078,197.0605933,18.1978047,trunk,group_2
3078,3079,89.81733914,8.2942934925,trunk,group_2
3236,3080,248.8993733,17.758298625000002,trunk,group_2
3080,3081,100.3091515,7.1567872785,trunk,group_2
3083,3082,125.4351438,11.1659025285,trunk_link,group_2
3072,3083,149.2802933,13.785473682,trunk,group_2
3083,3084,298.1842961,21.274644885,trunk,group_2
3082,3085,218.1394988,20.14436235,trunk,group_2
38,3086,235.8346975,16.82616927,trunk,group_2
961,3087,91.05163624,6.4962885435,trunk,group_2
3870,3088,370.9761832,26.468149589999996,trunk,group_2
3074,3089,41.85483245,2.9862293505,trunk,group_2
3091,3090,86.78034968,6.1915437735,trunk,group_2
3089,3091,350.095064,24.978338085000004,trunk,group_2
27,3092,384.9144617,27.462608160000002,trunk,group_2
3094,3093,25.49255096,2.354141211,trunk,group_2
3488,3094,48.61150522,4.4890896929999995,trunk,group_2
21,3095,368.0958492,33.99226737,trunk,group_2
3300,3096,810.7126447,74.866263885,trunk,group_2
3038,3097,73.22270964,8.495461131,tertiary,group_3
78,3099,380.5461417,19.791948480000002,motorway,group_1
59,3100,391.7341689,29.865438555,motorway_link,group_1
26,3100,363.2061132,18.89010528,motorway,group_1
3912,3101,196.7035512,11.892251688,"['trunk', 'motorway']",group_1
2677,3102,16.94148973,3.122262372,primary,group_2
2838,3102,408.2467167,59.131948935,secondary,group_3
3093,3103,89.74933165,8.288013256500001,trunk,group_2
3103,3104,289.1835861,26.705016645,trunk,group_2
3892,3105,16.57360562,1.182482037,trunk,group_2
3904,3106,93.88758507,9.211432154999999,secondary,group_3
3182,3107,112.3593471,20.707468305,primary,group_2
3102,3108,601.5609931,110.86576701,primary,group_2
335,3110,180.8632042,34.58247918,primary,group_2
334,3111,18.58196609,3.969400644,secondary,group_3
2678,3111,597.2797675,110.076750825,primary,group_2
3054,3112,124.2955852,26.235405569999998,secondary,group_3
2723,3113,13.58163363,2.8321734675,secondary,group_3
53,3113,45.34423963,4.5432408075,trunk,group_2
3666,3115,19.24173371,3.63484473,primary,group_2
3427,3115,192.828739,37.31460585,primary,group_2
3042,3116,155.4823786,32.422687814999996,secondary,group_3
1137,3118,16.27640431,1.772557929,secondary,group_3
268,3119,277.2073501,53.642849415,primary,group_2
2892,3120,54.38925151,7.274739066,residential,group_4
3257,3121,4.98443683,0.460293996,trunk,group_2
23,3122,287.8249092,33.110279925,primary,group_2
2537,3123,208.5450905,22.73751249,primary,group_2
3085,3124,59.14993949,5.2653701265,trunk_link,group_2
73,3125,153.4453324,10.947910393499999,trunk,group_2
1446,3126,17.1362658,1.6112086079999999,secondary,group_3
2745,3126,177.5446892,17.41913862,secondary,group_3
2808,3127,312.7062361,44.15245431,primary,group_2
1843,3131,204.2515977,35.359935375,residential,group_4
3283,3132,80.23107444,12.166593828,trunk,group_2
2639,3134,65.76681861,10.0947943365,trunk,group_2
3136,3135,145.9955617,24.09648666,primary,group_2
4065,3136,157.1087684,25.93071528,primary,group_2
181,3137,471.5306186,66.758811915,motorway_link,group_1
3139,3140,98.67742108,17.082986235,residential,group_4
3579,3141,36.59569989,4.2459142455,tertiary,group_3
3273,3142,46.75948294,5.8189539825,secondary,group_3
2761,3144,103.1548564,11.2468954875,primary,group_2
3228,3145,76.39836061,10.062920793,unclassified,group_4
1703,3148,46.63294142,10.594939836,residential,group_4
452,3149,105.5178565,22.047369224999997,unclassified,group_4
2675,3150,210.9138013,40.328391705,primary,group_2
3737,3152,10.9436022,1.14966309,primary,group_2
3076,3153,184.2897483,13.1485762335,trunk,group_2
3124,3154,37.61206661,3.4733329035,trunk,group_2
3557,3155,60.95976559,8.399015034000001,secondary,group_3
2628,3156,8.018798253,0.712692357,primary,group_2
913,3157,34.40796275,5.837401037999999,residential,group_4
2999,3158,22.474277,4.349034237,primary,group_2
2947,3158,51.84935114,7.8626641845,trunk,group_2
3835,3159,42.13796103,7.784551582499999,secondary,group_3
4081,3160,303.482774,47.3018937,secondary,group_3
1323,3161,177.1523682,23.694704700000003,residential,group_4
3160,3161,246.624221,38.439719430000004,secondary,group_3
3161,3162,260.7894986,40.647569475,secondary,group_3
3896,3163,42.38402801,7.6810534545,primary,group_2
1944,3164,260.2849457,23.133527685,primary,group_2
3205,3166,34.10027421,3.7707097545000003,motorway_link,group_1
2927,3167,128.881998,16.613948715,primary,group_2
2282,3168,16.78393173,3.5853121844999998,secondary,group_3
3172,3173,32.26951574,5.5864825725,residential,group_4
2816,3175,251.4441929,38.990622030000004,primary,group_2
406,3176,76.69222414,10.4751801075,primary,group_2
3268,3177,459.0297733,72.567687135,motorway_link,group_1
145,3177,190.9498417,29.684004584999997,motorway_link,group_1
3177,3178,285.2558599,45.659592675,motorway_link,group_1
2521,3180,130.4448004,11.593634019,primary,group_2
1482,3182,226.0962924,41.668823535,primary,group_2
543,3183,185.1462774,27.246603945000004,tertiary,group_3
544,3183,337.2075205,41.079742440000004,tertiary,group_3
3185,3184,66.76954754,5.9343239085,primary,group_2
2607,3185,113.1411375,10.055724234,primary,group_2
649,3186,71.61565054,8.782351968,trunk,group_2
649,3187,49.68222107,6.813333394500001,tertiary,group_3
93,3188,127.5479707,11.126606394,trunk_link,group_2
2835,3188,52.45164276,5.146098372,secondary,group_3
3190,3189,72.75755004,5.0039274585,trunk_link,group_2
650,3189,51.32685809,7.071796430999999,secondary,group_3
3243,3190,507.5543362,36.21263226,trunk,group_2
3192,3191,138.3464139,23.32986579,secondary,group_3
4023,3192,56.14057658,9.060887292,secondary_link,group_3
226,3192,39.38472079,7.0756047749999995,secondary,group_3
3194,3193,15.95725182,3.4087203329999998,secondary,group_3
421,3193,271.5160581,58.000106685,secondary,group_3
2865,3194,13.076784,2.7601521900000003,secondary,group_3
3195,3194,716.6703655,136.48685298,secondary,group_3
3831,3199,17.33443335,2.3185367685,residential,group_4
3199,3200,35.64368539,4.7674587045,residential,group_4
3204,3202,25.71166805,7.3985681805,residential,group_4
3202,3203,25.58220173,7.272623536499999,residential,group_4
3204,3203,9.37329769,1.8138422235,primary,group_2
2675,3204,14.51117665,4.1756112299999995,residential,group_4
3926,3204,180.3302938,34.896011205,primary,group_2
3167,3205,12.71530216,1.4060213595,motorway_link,group_1
3704,3206,488.9976173,82.959727065,residential,group_4
504,3208,139.7861712,12.4433927805,trunk_link,group_2
2697,3208,105.8939081,16.449882945,trunk,group_2
2320,3209,185.9070315,28.87936578,trunk,group_2
3209,3210,138.0603138,20.181369975,trunk_link,group_2
2859,3211,312.6237402,48.563926125,trunk,group_2
1545,3212,214.0463993,33.25062108,trunk,group_2
3215,3213,81.97864928,12.129608578500001,trunk_link,group_2
2658,3213,58.5423408,8.985882286499999,trunk,group_2
2557,3214,126.65995,19.441508235,trunk,group_2
3214,3215,105.3644032,11.1363841035,trunk_link,group_2
2556,3216,22.95691684,3.5661975420000003,trunk,group_2
1808,3216,42.28704491,2.9083071795,trunk_link,group_2
3221,3217,132.0437045,9.0813546945,trunk_link,group_2
2559,3217,120.2798825,18.46220787,trunk,group_2
3216,3218,496.290414,77.095267905,trunk,group_2
1704,3219,56.69330924,6.5776834455,tertiary,group_3
3218,3220,130.3559369,11.6039384265,trunk_link,group_2
2822,3221,34.49341443,3.3841934115,secondary,group_3
3582,3222,33.39804485,7.0494157170000005,secondary,group_3
3219,3223,125.2301975,8.6127532245,trunk_link,group_2
3583,3223,112.5122704,17.47799955,trunk,group_2
67,3224,63.71529868,9.7798988895,trunk,group_2
62,3225,167.2826562,11.504926653,trunk_link,group_2
3227,3226,59.32778812,8.672412867,trunk_link,group_2
2823,3226,53.15800499,7.1387766374999995,trunk_link,group_2
3528,3227,60.10787533,8.7864443955,trunk_link,group_2
1597,3228,39.20787616,5.164322232,unclassified,group_4
1447,3229,32.66608689,4.148181633,secondary,group_3
562,3230,48.4824728,4.7566779839999995,secondary,group_3
1184,3231,75.16272233,6.6802899915,primary,group_2
3373,3232,31.17734845,6.237117297,secondary,group_3
2899,3233,12.52444064,0.893585043,trunk,group_2
3233,3234,20.34967952,1.996533324,secondary,group_3
2522,3234,86.78474955,8.0142452475,trunk,group_2
3234,3235,45.07879354,4.4227386195,secondary,group_3
3882,3236,209.3482189,14.936430496499998,trunk,group_2
3084,3237,290.9450824,20.758146510000003,trunk,group_2
962,3238,36.56880421,2.6090854995,trunk,group_2
86,3242,457.3345534,50.915206424999994,trunk,group_2
3246,3243,138.4034626,9.874713576000001,trunk,group_2
3354,3244,114.9985605,11.282657202,secondary,group_3
3242,3245,138.8655272,15.459944865,trunk,group_2
651,3246,12.51251071,0.8927338739999999,trunk,group_2
2851,3247,97.55774077,10.8611354025,trunk,group_2
3282,3248,198.2619109,14.1454523325,trunk,group_2
3258,3249,610.2804714,56.357106449999996,trunk,group_2
3941,3250,53.64476082,4.7753137785,trunk_link,group_2
51,3250,42.79707386,3.3893358630000003,trunk,group_2
2719,3251,935.8924314,74.11847343,trunk,group_2
3249,3252,49.53658842,3.4068972209999995,trunk_link,group_2
2725,3253,11.91733972,2.4851188215,secondary,group_3
3259,3254,18.73360498,3.2431524104999996,residential,group_4
3256,3255,35.2100693,3.1343066235000006,trunk_link,group_2
2726,3256,384.3667633,43.566118845000005,trunk,group_2
3256,3257,26.21433124,2.420794905,trunk,group_2
3121,3258,24.29442874,2.243499129,trunk,group_2
3255,3259,28.49344323,4.9327707735,residential,group_4
3263,3260,59.07258534,10.2266167005,residential,group_4
3250,3261,607.1111833,60.82916652,trunk,group_2
52,3262,29.00349141,2.905988652,trunk,group_2
3254,3263,42.34873,7.3313911515,residential,group_4
158,3264,44.29800763,6.5556237495000005,motorway_link,group_1
3327,3264,149.0868412,14.627102422500002,secondary,group_3
194,3265,212.2378933,32.49210567,secondary,group_3
2585,3267,1194.567971,133.66114719,motorway,group_1
3267,3268,189.6734011,29.98533174,motorway_link,group_1
39,3269,452.5685821,50.638253625000004,motorway,group_1
3386,3269,636.1635465,90.067369695,motorway_link,group_1
3271,3270,237.6469027,22.95274572,motorway,group_1
101,3271,1223.622475,129.76405828499998,motorway,group_1
1,3272,416.9376642,46.65148227,motorway,group_1
2035,3273,126.3973178,15.72943347,secondary,group_3
3275,3274,94.9676209,11.959838163,trunk_link,group_2
647,3274,57.8616804,8.310712479000001,trunk,group_2
3287,3275,19.43191224,3.4910119529999997,secondary,group_3
3278,3276,71.01983542,4.8844154909999995,trunk_link,group_2
643,3276,50.42700469,5.2182936584999995,trunk,group_2
716,3277,67.94299136,14.5136931315,secondary,group_3
2855,3278,202.7986469,35.230135485,secondary,group_3
3158,3279,43.49971841,8.036122146,secondary,group_3
2849,3280,109.4644946,22.82659404,secondary,group_3
98,3281,38.48957501,7.270843209000001,primary,group_2
2660,3282,95.66974397,6.825778068,trunk,group_2
3444,3283,417.4738775,63.307579215,trunk,group_2
3288,3284,152.6234612,16.675533225000002,trunk_link,group_2
2807,3284,130.5405228,18.749624009999998,trunk,group_2
3992,3285,104.0484993,9.262120381499999,trunk_link,group_2
2681,3285,92.67783114,8.387058015,trunk,group_2
3752,3286,61.12361265,11.687319552,primary,group_2
3293,3287,75.4776467,7.405209339,secondary,group_3
2806,3288,266.9060994,51.64943746499999,primary,group_2
3443,3289,113.2782925,7.790756535,trunk_link,group_2
645,3291,98.3180877,9.966985923,trunk_link,group_2
3283,3292,78.64664978,7.0009153665,trunk_link,group_2
3132,3292,28.63517717,3.322316748,tertiary,group_3
3296,3293,22.4050266,2.845156206,secondary,group_3
648,3293,663.3998828,95.28457602,trunk,group_2
3295,3294,83.97138066,7.3252165125,trunk_link,group_2
646,3294,62.94224277,9.428438697,trunk,group_2
2528,3295,101.0622072,10.861827165000001,trunk_link,group_2
2849,3296,11.14044356,1.7099882414999998,trunk,group_2
3277,3296,55.43664706,7.0397559990000005,secondary,group_3
4014,3297,41.79536193,4.6530914055,trunk,group_2
2120,3298,128.659404,25.73867997,secondary,group_3
3300,3299,16.79911571,3.403431813,secondary,group_3
31,3299,870.9808859,62.142135870000004,trunk,group_2
3298,3300,50.80501436,10.163687727,secondary,group_3
3144,3301,71.11624884,7.753750483499999,primary,group_2
2924,3302,171.6620919,32.427693855,primary,group_2
3302,3303,60.36837538,11.4038409645,primary,group_2
3307,3304,71.66041776,6.1036376610000005,primary,group_2
2885,3305,346.6130242,39.873040485,primary,group_2
3305,3306,72.81861711,8.3767760175,primary,group_2
2572,3307,346.1732554,29.48512143,primary,group_2
3598,3308,150.5616014,10.7421639675,trunk,group_2
3247,3309,114.3586574,12.731586981000001,trunk,group_2
3786,3310,38.4151753,7.8153205004999995,secondary,group_3
3312,3311,17.28302313,3.51611997,secondary,group_3
40,3312,13.66571844,2.5815119055,primary,group_2
41,3312,101.5242721,20.654460614999998,secondary,group_3
3115,3313,225.7625167,42.64749249,primary,group_2
3567,3314,10.658072,2.0624610105,primary,group_2
328,3314,346.5329259,74.02489125,secondary,group_3
3475,3315,122.1250131,23.06993055,primary,group_2
3551,3316,89.60951668,9.7700574015,primary,group_2
3033,3317,38.76418795,5.943343759499999,secondary,group_3
3326,3318,10.76078588,1.0557545925,secondary,group_3
3325,3319,59.23208544,5.8113363555,secondary,group_3
3323,3320,192.4774012,18.884206275,secondary,group_3
3319,3321,13.93585387,1.3672646115,secondary,group_3
165,3322,190.1780234,36.218603655,secondary,group_3
2226,3323,214.2370487,21.01907337,secondary,group_3
3320,3324,18.55039705,1.8200033985000001,secondary,group_3
485,3325,60.72096555,11.564052174,secondary,group_3
3324,3326,297.9780874,29.235014775,secondary,group_3
3321,3327,124.455236,12.2104638405,secondary,group_3
2738,3328,26.04565385,4.2719464095,motorway_link,group_1
54,3329,72.38117677,11.72875545,motorway_link,group_1
2591,3329,47.73567321,7.7351607465,motorway_link,group_1
47,3330,3913.92958,203.5608408,motorway,group_1
2580,3331,2287.934541,237.1501512,motorway,group_1
4041,3332,298.118418,32.95481562,motorway,group_1
2570,3333,572.7524737,29.78847033,motorway,group_1
3393,3334,1167.721423,132.23144982,motorway,group_1
2635,3335,1064.476686,120.54013294500001,motorway,group_1
2915,3336,2148.955162,237.55131135,motorway,group_1
3736,3337,32.34870964,3.7212721935,primary,group_2
2620,3338,170.7985604,16.85401242,motorway_link,group_1
3152,3339,205.7249191,21.612111075,primary,group_2
1990,3340,80.97610488,7.196970070500001,primary,group_2
1930,3341,48.6370291,4.322747349,primary,group_2
1510,3342,79.07187969,7.027726911,primary,group_2
3341,3343,294.321603,26.158627545,primary,group_2
167,3344,31.42868772,3.6447077775000003,secondary,group_3
3861,3345,231.2720141,26.820047849999998,secondary,group_3
1978,3346,180.9813654,23.83822284,unclassified,group_4
3787,3348,53.59324874,11.3120720595,secondary,group_3
3111,3349,16.75250779,3.0874336049999997,primary,group_2
1813,3349,292.7434868,60.30124053,secondary,group_3
3788,3350,34.31554587,6.810010022999999,secondary_link,group_3
3352,3350,92.55744569,19.300972845,secondary,group_3
3349,3351,19.65377264,3.831832314,secondary,group_3
134,3351,273.9389253,52.37929531499999,primary,group_2
3351,3352,147.2197451,30.699683655,secondary,group_3
3877,3354,38.08504928,3.7365733425,secondary,group_3
3358,3355,59.77460362,15.404217735,residential,group_4
176,3356,6.728892484,0.9000112275000001,residential,group_4
1713,3359,56.11083022,7.984605709499999,secondary,group_3
2805,3360,180.1818763,25.44072084,primary,group_2
1460,3361,28.92258344,2.837631993,secondary,group_3
1710,3362,26.25614256,2.5760240355,secondary,group_3
2941,3363,52.33077332,9.090833016,tertiary_link,group_3
3361,3363,30.7034862,3.0123586620000005,secondary,group_3
3363,3364,63.10223841,8.013189558,secondary,group_3
1711,3365,106.4932895,10.448194086,secondary,group_3
3362,3366,56.75963164,8.3808562335,secondary_link,group_3
2942,3367,66.57060062,6.531327552,secondary,group_3
1656,3367,258.5647313,25.368119534999998,secondary,group_3
1658,3368,220.2521663,33.769167045,secondary,group_3
650,3369,15.85934145,1.768250835,trunk,group_2
4075,3369,36.97779137,3.6279388409999997,secondary,group_3
3189,3370,17.7044004,2.439306051,secondary,group_3
3372,3371,23.38938817,2.294763063,secondary,group_3
85,3371,91.75690873,13.5184833105,trunk,group_2
910,3372,11.75861443,1.0858638225000001,trunk,group_2
3232,3372,18.74819498,1.8394096095,secondary,group_3
3838,3373,18.6865346,3.7382944334999997,secondary,group_3
37,3374,36.89546507,3.284336067,trunk_link,group_2
144,3375,27.42822516,1.8863863469999997,trunk_link,group_2
3781,3376,211.1303558,39.397032405000004,primary,group_2
2642,3377,204.3616303,14.055046829999998,trunk_link,group_2
1779,3378,275.7273714,27.05196831,secondary,group_3
68,3379,186.3813176,16.59116865,trunk_link,group_2
2696,3380,83.41886574,12.491411118000002,trunk_link,group_2
835,3381,180.1830252,20.312478645,primary,group_2
1914,3382,55.1689138,4.9032862470000005,primary,group_2
3806,3383,208.1545378,22.66876452,secondary,group_3
46,3384,3858.532249,200.679663,motorway,group_1
133,3385,11.51875972,0.87817923,motorway_link,group_1
3270,3386,244.7448506,34.65072003,motorway_link,group_1
3931,3387,165.0578149,25.658973539999998,motorway_link,group_1
81,3388,189.4823293,39.994548075000004,secondary,group_3
3335,3389,186.360598,30.93469374,motorway_link,group_1
2579,3390,195.366733,22.88997972,motorway_link,group_1
186,3391,12.47640181,2.07100467,motorway_link,group_1
146,3392,259.1099908,19.754298,motorway_link,group_1
2996,3393,363.0178435,58.823960865000004,motorway_link,group_1
3394,3393,741.1014391,83.921486625,motorway,group_1
2647,3394,1425.599641,161.43328680000002,motorway,group_1
2648,3395,279.746784,44.777780235,motorway_link,group_1
191,3396,537.8048387,89.27223969,motorway_link,group_1
2833,3401,164.2665952,26.733688035,primary,group_2
3404,3403,21.38578655,2.0981871225,secondary,group_3
2588,3404,36.99127411,3.629261649,secondary,group_3
1584,3405,41.53880166,9.826998054,tertiary,group_3
3406,3405,27.81829795,2.7292891185,secondary,group_3
3317,3406,7.206317356,1.306579125,tertiary,group_3
2646,3407,835.068423,94.562201325,motorway,group_1
3392,3407,287.0893306,21.88741611,motorway_link,group_1
3905,3408,9.105409197,0.8933434485,secondary,group_3
3408,3409,162.1061003,15.90443874,secondary,group_3
3699,3410,130.757481,23.09409447,primary,group_2
3959,3411,18.94789209,3.390184863,primary,group_2
3960,3411,19.86366369,4.9338387345,residential,group_4
3695,3412,79.71194273,14.445811828499998,primary,group_2
2916,3413,31.16869999,5.1738092625,motorway_link,group_1
3412,3413,107.685219,19.84604145,primary,group_2
2917,3414,353.8216688,58.03299147,motorway_link,group_1
3413,3414,147.6430393,27.550266674999996,primary,group_2
3414,3415,222.5354752,42.55054794,primary,group_2
3789,3416,156.9810678,29.292747569999996,primary,group_2
3416,3417,242.9290897,45.33069243,primary,group_2
3790,3418,118.3676116,22.08745689,primary,group_2
3418,3419,187.1893921,34.929636345000006,primary,group_2
3419,3420,123.1543185,22.980658845,primary,group_2
3777,3421,23.15815822,6.1766139959999995,tertiary_link,group_3
3420,3422,243.8008743,45.49336788,primary,group_2
3422,3424,35.63806383,6.8142804749999994,primary,group_2
3424,3425,382.266236,73.09233633,primary,group_2
3425,3426,97.14112664,18.79793889,primary,group_2
3426,3427,99.67611246,19.288488165,primary,group_2
3489,3431,109.1370954,11.88541524,secondary,group_3
1777,3435,27.4856472,2.696652324,secondary,group_3
1785,3436,75.05243358,7.363491132,secondary,group_3
1655,3437,84.84296923,16.222648665,primary,group_2
2555,3438,27.23350741,5.2072626255,primary,group_2
3625,3438,34.21313011,3.9694832175,tertiary,group_3
3633,3439,40.85442607,4.699737375,primary,group_2
3438,3440,15.85370272,2.3807485770000003,tertiary,group_3
3632,3440,41.94156167,5.921925024,primary,group_2
3445,3443,173.7155074,26.34298536,trunk,group_2
3289,3444,95.23937539,8.308176426,trunk_link,group_2
2895,3444,62.1552896,9.4255021275,trunk,group_2
3286,3445,91.31459489,11.499790839000001,trunk_link,group_2
2999,3445,58.82006788,6.5581937595,trunk,group_2
2866,3446,144.8503662,28.030232159999997,primary,group_2
3485,3447,56.40927822,4.024649781,trunk,group_2
199,3448,60.38395546,12.898964001000001,secondary,group_3
3450,3449,25.46408214,7.415606016,residential,group_4
63,3449,394.4307049,76.326933255,primary,group_2
2864,3450,20.40537258,4.3070172165,secondary,group_3
3119,3450,198.0301738,38.32114404,primary,group_2
3229,3452,45.89032456,10.7942772705,secondary_link,group_3
1447,3452,31.1791696,2.771132925,primary,group_2
2788,3453,83.55248849,9.6115596465,primary,group_2
2958,3454,31.74753364,2.8216478145,primary,group_2
2534,3455,34.0877438,3.4873270395000002,motorway,group_1
3331,3456,441.2444784,43.540998855,motorway_link,group_1
159,3457,24.78441522,2.011387962,motorway,group_1
3100,3458,634.7457183,33.012697215,motorway,group_1
4017,3459,268.8755434,50.172313965,primary,group_2
3070,3460,62.60428704,4.466646943500001,trunk,group_2
2852,3461,65.03801948,4.640287185,trunk,group_2
2916,3462,91.68143755,16.89659571,primary,group_2
3459,3463,74.00554134,13.809471877499998,primary,group_2
3783,3464,294.6626589,55.663020239999994,primary,group_2
3936,3465,50.0812533,9.3451874895,primary,group_2
2925,3466,280.4562489,52.979369414999994,primary,group_2
3466,3467,59.78542638,11.2937194365,primary,group_2
3917,3468,77.8133397,11.270768976,secondary,group_3
3470,3469,38.19388462,3.7472513175,secondary,group_3
3918,3470,116.9308125,11.472232938000001,secondary,group_3
4018,3471,238.0189977,44.96279349,primary,group_2
2564,3472,383.7897004,71.61535444500001,primary,group_2
426,3474,214.8768223,41.58116664,primary,group_2
3477,3475,152.3962602,28.78829691,primary,group_2
3313,3476,142.3480929,26.89015569,primary,group_2
3476,3477,63.08362526,11.9167631295,primary,group_2
1178,3479,77.44837353,8.985732025499999,tertiary,group_3
3481,3480,51.38247318,4.566756108,primary,group_2
3854,3481,55.57408234,4.9392966959999995,primary,group_2
1782,3482,127.961153,12.5544338835,secondary,group_3
3484,3483,76.41547844,16.21348875,residential,group_4
1888,3484,111.8368925,14.958547659,residential,group_4
3069,3485,350.9877522,25.042028985,trunk,group_2
2644,3486,31.10882572,2.2195307685,trunk,group_2
4076,3487,189.375407,30.735198945,primary_link,group_2
2566,3488,10.4089732,0.9612295290000001,trunk,group_2
985,3489,87.80253599,9.5620063515,secondary,group_3
3956,3491,86.76594714,11.018182542,secondary,group_3
3493,3492,34.63731192,5.310609159,secondary,group_3
3494,3493,10.69698166,1.6400663235,secondary,group_3
3498,3494,10.20601606,1.2700811490000001,secondary,group_3
3495,3494,23.88474564,3.0330618885,secondary,group_3
3491,3495,96.90646928,12.305901141,secondary,group_3
3497,3496,88.92606618,11.292490455,secondary,group_3
3492,3497,73.88604171,11.3282431035,secondary,group_3
3499,3498,11.00832748,1.3979189490000001,secondary,group_3
2739,3498,26.42683281,3.288670326,secondary,group_3
3496,3499,20.62687746,2.6193536594999998,secondary,group_3
2173,3500,12.09121324,2.3875623509999997,residential,group_4
2103,3501,134.0449212,19.44776796,primary,group_2
3410,3501,36.80592556,6.500580429,primary,group_2
3584,3503,89.89139198,10.1336792295,primary,group_2
3522,3504,375.3974807,42.319487654999996,primary,group_2
3017,3505,40.71968586,4.590431028,primary,group_2
2995,3506,193.137367,36.929396475,primary,group_2
3506,3507,35.30617242,5.6153607029999995,primary_link,group_2
3813,3508,51.69826305,9.7660201425,primary,group_2
410,3509,25.17218917,4.7551328025,primary,group_2
3815,3510,99.61065122,19.0463466,primary,group_2
3510,3511,42.78898167,7.9210588785,primary_link,group_2
2997,3511,40.96798193,5.784460751999999,primary,group_2
409,3512,94.07046875,15.309567735000002,primary,group_2
411,3513,136.1900875,20.24704101,primary,group_2
2910,3514,47.27253163,7.9112073899999995,primary,group_2
693,3515,161.2130968,30.82522281,primary,group_2
2682,3516,21.74871178,4.1585261955,primary,group_2
412,3517,32.83166801,3.2211573255,secondary,group_3
2235,3517,197.2740358,24.54964137,secondary,group_3
412,3518,40.80524858,7.802287182000001,primary,group_2
2911,3519,37.39110313,7.149475492500001,primary,group_2
2873,3521,336.2344499,37.9045422,primary,group_2
2986,3522,32.70329737,3.6867237,primary,group_2
2254,3523,35.13814228,3.9612097965,primary,group_2
2979,3524,235.44376,26.542158135,primary,group_2
866,3526,111.1161442,28.578495315,unclassified,group_4
3529,3527,53.74203326,5.776013535000001,trunk_link,group_2
3527,3528,67.96218402,4.6741243845,trunk_link,group_2
3529,3528,107.4838475,15.711765629999999,trunk_link,group_2
66,3529,183.6598184,26.847010859999997,trunk_link,group_2
3533,3531,40.0749899,6.798827043000001,residential,group_4
3533,3532,47.27786538,6.3235680705,residential,group_4
3534,3533,39.59685444,6.7177101105000006,residential,group_4
3530,3534,40.84223069,6.928991454,residential,group_4
3530,3535,44.81314725,7.602667852500001,residential,group_4
3541,3539,37.70266845,5.5975683585,residential,group_4
3540,3541,58.2817414,9.21412998,residential,group_4
2900,3542,531.5761113,37.926521085000005,trunk,group_2
3543,3544,184.4586971,24.671949929999997,residential,group_4
3546,3545,10.84981331,1.0644891885,secondary,group_3
2950,3545,138.693993,17.61239037,secondary,group_3
3548,3546,9.197519806,1.5477459765,tertiary,group_3
3549,3546,9.09406576,1.0546164855,secondary,group_3
3545,3547,10.17870007,1.292566716,secondary,group_3
2956,3547,313.9879998,30.805767945,secondary,group_3
3549,3548,8.979693268,1.3484794275,tertiary,group_3
3547,3549,10.31289368,1.3096076145,secondary,group_3
3550,3549,11.19895996,1.2987159,secondary,group_3
3547,3550,11.07474156,1.4063527004999998,secondary,group_3
2763,3551,7.869869354,0.887189862,primary,group_2
3574,3551,74.63363075,7.0173017685,secondary,group_3
2774,3552,17.43236321,1.710311655,secondary,group_3
542,3553,19.38429161,2.4122657865,secondary,group_3
3059,3554,16.26400854,2.4936055350000004,secondary,group_3
0,3555,371.4185846,51.851088614999995,motorway_link,group_1
3555,3556,54.13068437,5.2345239735,motorway_link,group_1
3487,3557,8.742265887,1.4188499205,primary_link,group_2
3431,3557,65.66291531,7.150923446999999,secondary,group_3
2773,3558,85.01521611,8.3409525855,secondary,group_3
2617,3559,444.5071561,56.44681062000001,secondary,group_3
3561,3560,338.3124854,68.827500645,secondary,group_3
3563,3561,6.771832563,1.377685809,secondary,group_3
3564,3561,21.06399068,5.2319821125,residential,group_4
3563,3562,10.34648834,2.9772163860000003,residential,group_4
4026,3562,444.5809003,92.70830477999999,secondary,group_3
3565,3563,11.83115691,2.4370599885,secondary,group_3
3566,3564,19.8114944,5.6321008635,residential,group_4
328,3565,10.43620459,3.003032361,residential,group_4
3566,3565,4.394777699,0.9052653915000001,secondary,group_3
3567,3566,343.1172479,70.67756118,secondary,group_3
426,3567,15.95673953,3.286874796,secondary,group_3
3315,3567,92.80308181,17.53089393,primary,group_2
3314,3568,16.61348683,3.5066536290000005,secondary,group_3
427,3568,234.353129,45.350058735000005,primary,group_2
3570,3569,20.16989215,4.2858148725,residential,group_4
3682,3569,40.78673859,8.505244803,secondary,group_3
2122,3570,352.1730637,69.54100728,residential,group_4
3572,3571,89.48101778,16.807430895,residential,group_4
1407,3572,89.77344559,24.794986485000003,residential,group_4
142,3573,33.91696411,3.1889855805,secondary,group_3
3573,3574,49.73325989,4.676086224,secondary,group_3
64,3575,106.2995455,20.570199555000002,primary,group_2
3594,3576,30.18868584,5.841862158,primary,group_2
77,3577,13.64735594,1.338959706,secondary,group_3
3018,3578,26.71222464,3.011335236,primary,group_2
2363,3579,90.22810182,10.468464438,tertiary,group_3
3310,3580,35.55522706,7.233482413500001,secondary,group_3
2930,3581,19.29254971,3.7333329675,primary,group_2
3583,3582,19.35995557,4.086358218,secondary,group_3
3224,3582,146.9001569,22.548253109999997,trunk,group_2
2560,3583,15.14527606,2.3527134149999998,trunk,group_2
3381,3584,67.91808005,7.656573359999999,primary,group_2
3578,3585,43.34772441,4.886696322000001,primary,group_2
3724,3587,14.92636154,1.996449342,residential,group_4
69,3588,717.5630845,70.40104041000001,secondary,group_3
3020,3590,24.14821212,6.697524400500001,residential,group_4
3592,3591,4.294572942,1.0008573525,residential,group_4
3590,3592,23.42697083,5.4596944395,residential,group_4
3824,3593,22.98012292,3.8986380659999997,residential,group_4
3595,3594,100.1275501,19.375846605,primary,group_2
3596,3595,43.59817525,5.8549532655,trunk_link,group_2
2657,3595,26.41433073,5.1114805035,primary,group_2
3845,3596,183.4534351,27.470911515,trunk_link,group_2
3106,3597,16.76115786,1.4896931835,primary,group_2
3910,3598,152.5292459,10.882550093999999,trunk,group_2
3599,3600,29.68518297,5.7949840695,secondary_link,group_3
699,3601,110.7319613,13.779968181000001,secondary,group_3
1335,3602,357.4353694,41.1180018,primary,group_2
3747,3603,29.86627756,3.435702675,primary,group_2
3744,3604,10.64433632,2.1925908315,secondary,group_3
2923,3605,290.2030248,54.820576515,primary,group_2
2,3606,153.3409977,28.61350863,primary,group_2
2766,3607,304.7119048,47.33487747,trunk,group_2
3846,3608,32.14918792,4.7311574535,tertiary,group_3
2935,3610,130.8805777,19.282547010000002,trunk,group_2
2764,3611,512.3775339,77.699188065,trunk,group_2
2487,3612,194.9983403,30.29163744,trunk,group_2
3612,3613,111.0871557,16.634550465,trunk_link,group_2
3808,3614,90.5627254,14.068290217500001,trunk,group_2
3253,3615,14.89465237,3.1059768210000005,secondary,group_3
2659,3616,123.2937219,8.7966743505,trunk,group_2
933,3617,46.19315465,8.7260819265,primary,group_2
404,3618,74.62958761,10.193450253,primary,group_2
24,3620,170.9224536,14.558228343,primary,group_2
61,3621,230.7416415,34.552000680000006,trunk_link,group_2
3621,3622,99.75969648,14.938340034000001,trunk_link,group_2
143,3622,46.06071567,5.298649077,primary,group_2
2934,3625,338.0011608,39.21564414,tertiary,group_3
3792,3626,51.83181374,6.499309125,primary_link,group_2
2553,3626,37.45200729,7.074842286000001,primary,group_2
3438,3627,38.21222289,7.218450222,primary,group_2
2814,3628,314.442934,60.12398304,primary,group_2
2589,3629,242.7047177,46.407067080000004,primary,group_2
3623,3630,57.35863383,9.3091761465,primary_link,group_2
971,3630,40.33001339,7.7114184434999995,primary,group_2
3636,3631,61.44667294,9.9726556215,primary_link,group_2
2554,3631,39.69643283,5.6049247950000005,primary,group_2
2552,3632,193.7886205,27.36192063,primary,group_2
2590,3633,221.6145082,25.493687879999996,primary,group_2
3439,3634,39.00923575,6.1388995484999995,primary,group_2
3440,3635,33.19441327,4.984800936,tertiary,group_3
3843,3636,24.1965168,3.6335879354999996,tertiary,group_3
3734,3638,12.66613471,1.588235466,primary_link,group_2
3638,3639,21.52058813,2.6985155384999997,primary_link,group_2
132,3640,56.35390203,4.1173523009999995,motorway_link,group_1
2938,3641,30.27818672,4.8492596445,secondary,group_3
3374,3642,201.0280342,17.894980365000002,trunk_link,group_2
4005,3643,30.90771105,3.8609856675000005,secondary_link,group_3
2386,3644,81.78223646,16.63807035,secondary,group_3
3569,3645,66.0285124,13.768903359000001,secondary,group_3
3987,3645,79.0475655,16.97247549,secondary_link,group_3
3799,3647,69.00294478,13.628757933000001,secondary,group_3
3615,3648,46.00181973,9.5927439105,secondary,group_3
2841,3649,69.87118824,10.1203986855,secondary,group_3
1828,3650,11.78390039,1.1561336775,secondary,group_3
3653,3654,42.79680594,10.623907527,secondary_link,group_3
3913,3655,324.6748696,41.229619424999996,secondary,group_3
2541,3656,63.79974101,7.9999947705,primary_link,group_2
2548,3656,39.51237271,6.612520299,primary,group_2
3316,3657,7.245047387,0.789922002,primary,group_2
3764,3658,58.28536329,6.762397086,tertiary,group_3
3658,3659,105.2953917,12.2166048195,tertiary,group_3
828,3662,54.48153697,6.7799200635000005,secondary,group_3
4020,3663,57.16446368,7.645932708,residential,group_4
3925,3665,128.0600944,24.781119105000002,primary,group_2
2670,3666,16.30584178,3.0802423484999997,primary,group_2
3150,3666,189.8213263,36.732636495,primary,group_2
1058,3667,112.6765019,23.496392835,secondary,group_3
3669,3668,22.76034722,3.9538975425,tertiary_link,group_3
3680,3670,85.97462009,25.03738035,residential,group_4
3672,3671,32.91042833,8.9850108375,primary_link,group_2
1517,3672,335.0463996,64.835378835,primary,group_2
3676,3677,51.76818382,6.924162750000001,residential,group_4
3203,3680,14.96079878,4.356857976,residential,group_4
2687,3680,386.0966153,73.82473524,primary,group_2
178,3681,21.28378593,2.5357561905,motorway_link,group_1
2866,3684,16.46086535,3.5163001155,secondary,group_3
3749,3684,103.6387082,20.05529658,primary,group_2
3897,3685,113.7069374,23.7112692,secondary,group_3
173,3686,167.4097653,32.39573853,primary,group_2
2447,3688,13.71069884,2.659816776,residential,group_4
2447,3689,15.78038849,2.7269962605,residential,group_4
3691,3690,443.7210833,91.4006049,secondary,group_3
3212,3691,72.56543886,10.8661838265,trunk_link,group_2
3692,3691,41.98348459,6.8900237775,secondary,group_3
2658,3692,21.88605911,3.5917806509999997,secondary,group_3
3212,3692,55.43180456,8.6109457335,trunk,group_2
3648,3693,126.6795233,26.416438139999997,secondary,group_3
3168,3694,22.97381396,4.907568525,secondary,group_3
3411,3695,37.95388785,6.8782004715,primary,group_2
1521,3695,53.91998545,6.7611497279999995,primary_link,group_2
3791,3696,118.30205,22.892823915,primary,group_2
3698,3697,111.3975597,19.674788385,primary,group_2
3700,3698,65.19920797,11.66553867,primary,group_2
1523,3698,63.74890756,12.4917908595,primary_link,group_2
3700,3699,57.66301216,7.230496369500001,primary_link,group_2
1523,3699,58.25570896,10.288993302000002,primary,group_2
3502,3700,222.7752156,39.346061399999996,primary,group_2
3410,3701,38.64738443,5.728070718,primary_link,group_2
3501,3701,29.8219602,3.3619034264999996,primary,group_2
3500,3703,232.8626037,30.55435122,primary,group_2
208,3708,23.16300204,2.433353115,primary,group_2
3735,3710,216.8744962,24.948414989999996,primary,group_2
834,3711,191.2552676,20.092024365,primary,group_2
3713,3712,169.3877729,19.485723434999997,primary,group_2
3710,3713,208.2463898,23.955870525,primary,group_2
3711,3714,186.2414976,19.56531057,primary,group_2
844,3715,81.97387742,15.8628996,primary,group_2
3718,3719,63.15325324,13.4191670445,residential,group_4
202,3720,222.7578558,31.537824299999997,motorway_link,group_1
2816,3722,20.99720134,2.808443886,residential,group_4
3723,3722,227.6999701,38.10630876,primary,group_2
2784,3723,203.4706025,34.05144762,primary,group_2
3727,3724,45.20956478,5.668930251,primary_link,group_2
2545,3725,23.71072447,4.4790559515,primary,group_2
3729,3726,19.10333379,3.9929573625,residential,group_4
3727,3726,27.24548154,5.272317860999999,primary,group_2
3622,3727,119.6334465,23.15046465,primary,group_2
2543,3728,121.3885258,22.930804979999998,primary,group_2
2546,3729,10.6544721,2.037219573,primary,group_2
3731,3729,24.05322203,5.0275774395,residential,group_4
3729,3730,26.44294789,5.0561013735,primary,group_2
3731,3730,35.51542176,7.074785176499999,primary_link,group_2
2630,3731,81.86009829,20.33283135,residential,group_4
2546,3732,24.93102453,5.2110547335,residential,group_4
3728,3732,33.58790268,4.211663583,primary_link,group_2
2079,3733,133.22858,17.54839551,unclassified,group_4
3454,3734,106.6399567,9.4779142305,primary,group_2
3337,3735,11.10142645,1.2770657625,primary,group_2
3338,3736,573.3278016,56.574679965,motorway_link,group_1
3714,3737,216.7388074,22.76915796,primary,group_2
3738,3739,22.51868254,4.1082956235,residential,group_4
4034,3740,21.93278075,1.9493351385,primary,group_2
2760,3741,158.3824406,25.351548344999998,motorway_link,group_1
1909,3742,14.17686651,1.260007308,primary,group_2
3604,3743,15.22323518,3.2132094495000003,secondary,group_3
3745,3744,41.06817402,8.4594942375,secondary,group_3
3747,3745,19.31932867,3.9795231584999997,secondary,group_3
4022,3746,44.37560626,5.63514312,secondary,group_3
2703,3747,14.22656039,2.6546834475,primary,group_2
3518,3748,44.06710532,8.425980064500001,primary,group_2
3750,3749,77.29280018,14.957056654499999,primary,group_2
3446,3749,50.23148918,8.1524567385,primary_link,group_2
4004,3750,127.639557,24.699740235,primary,group_2
2998,3752,237.893332,44.939054715,primary,group_2
2623,3753,312.9697339,64.46757674999999,secondary,group_3
2824,3755,25.50162277,3.3589832040000003,unclassified,group_4
3818,3757,39.07462846,5.2263584865,residential,group_4
3820,3758,126.0665114,16.861805415,residential,group_4
3757,3758,65.04517056,8.7000028545,residential,group_4
3759,3760,47.95143445,8.135086498500002,residential,group_4
123,3761,188.1257297,25.162427460000004,residential,group_4
3659,3763,233.5886154,27.101469105,tertiary,group_3
3765,3764,84.56745442,9.811703575500001,tertiary,group_3
3766,3765,100.6101326,11.673010665,tertiary,group_3
3767,3766,101.2538535,11.747696592,tertiary,group_3
3039,3767,296.7465314,34.42919055,tertiary,group_3
934,3768,25.74764633,2.902595934,primary,group_2
162,3769,72.12273884,8.130574957499999,primary,group_2
724,3770,30.95171137,6.3756383205,secondary,group_3
172,3771,25.7358565,4.980187842,primary,group_2
3873,3771,101.2193027,16.40172903,motorway_link,group_1
1896,3773,102.1758473,12.447401776500001,tertiary,group_3
3773,3774,351.5589582,42.828082335000005,tertiary,group_3
3774,3775,315.1781147,38.396046915,tertiary,group_3
3461,3776,112.0752821,7.996268943,trunk,group_2
3423,3777,15.63540341,2.716161687,tertiary_link,group_3
3422,3777,25.47896052,6.795605361,tertiary_link,group_3
2770,3779,17.21916925,1.6893949215,secondary,group_3
2676,3780,300.4521596,55.372372049999996,primary,group_2
3606,3781,24.10706774,4.4983911735,primary,group_2
3605,3782,23.76881371,4.4900292525,primary,group_2
3471,3783,37.41121059,7.0671356175,primary,group_2
2631,3784,76.26547305,14.231176291499999,primary,group_2
3312,3785,178.8475095,15.895555544999999,primary,group_2
3311,3786,81.94536783,16.671258375,secondary,group_3
3788,3787,69.32456561,14.632523684999999,secondary,group_3
3350,3787,43.20095507,11.61014874,secondary_link,group_3
749,3788,113.9764692,24.347169060000002,secondary,group_3
3415,3789,95.04497347,17.73544068,primary,group_2
844,3789,22.40524229,5.9713053735,primary_link,group_2
3417,3790,140.571639,26.23073976,primary,group_2
3696,3790,22.98762799,6.2012328255,primary_link,group_2
214,3791,204.7012616,39.61207719,primary,group_2
3418,3791,22.91255754,3.395954262,primary_link,group_2
2695,3793,72.28756771,13.988485902,primary,group_2
2693,3795,51.42520253,9.951375366,primary,group_2
415,3796,46.26057579,8.951959968,primary,group_2
4055,3798,34.80312711,2.4831092040000002,trunk,group_2
725,3799,70.73569838,13.970993754,secondary,group_3
3803,3802,30.45414291,7.6931079360000005,tertiary,group_3
3804,3803,21.62483807,5.462712048,tertiary,group_3
4082,3804,21.14487838,4.6194199635,tertiary,group_3
3750,3805,53.81654796,13.934720669999999,primary_link,group_2
3446,3805,85.41208308,16.528232414999998,primary,group_2
4044,3806,94.39660675,10.280123952,secondary,group_3
3929,3808,85.28582654,12.618940447499998,trunk_link,group_2
722,3808,67.37322237,10.4659620285,trunk,group_2
3938,3809,297.3792054,48.77543240999999,motorway_link,group_1
3162,3810,217.0278199,33.826720140000006,secondary,group_3
3947,3811,64.40795262,11.672343339000001,primary,group_2
3853,3812,40.27358957,6.277183470000001,secondary,group_3
3934,3813,55.43396806,10.471710590999999,primary,group_2
3961,3814,51.09160375,9.769119879,primary,group_2
3814,3815,82.36122913,15.748120275,primary,group_2
440,3816,120.7969915,29.425055819999997,tertiary,group_3
440,3817,10.32834188,2.661665949,residential,group_4
3816,3817,125.2423416,30.507902939999997,tertiary,group_3
3756,3818,77.80466465,10.4066266365,residential,group_4
3818,3819,220.8199428,29.53538466,residential,group_4
3820,3821,37.54733664,6.500176312499999,residential,group_4
4043,3823,7.856012584,1.0507672019999998,residential,group_4
2205,3824,69.84412426,14.59874037,residential,group_4
3014,3825,222.7181113,25.107564240000002,primary,group_2
329,3826,223.1088714,25.151615595,primary,group_2
947,3827,21.7342206,2.450152512,primary,group_2
946,3828,67.84684286,7.648542615,primary,group_2
3007,3829,35.49201403,4.0011026355,primary,group_2
3010,3830,218.3070926,24.61029918,primary,group_2
3200,3831,30.15399795,4.0331951775,residential,group_4
3825,3832,39.42163742,4.444098813,primary,group_2
2939,3833,120.2377742,21.906912615000003,secondary,group_3
3279,3835,228.3327122,42.182102145,secondary,group_3
931,3837,164.8126881,23.45294706,secondary,group_3
3149,3838,194.3756309,40.61370693,unclassified,group_4
910,3838,30.77084696,6.234047154000001,secondary,group_3
105,3839,95.67314205,8.5032089505,primary,group_2
3839,3840,96.60817422,8.5863124605,primary,group_2
3635,3842,27.77655447,4.1712017505,tertiary,group_3
1169,3843,145.4130124,21.836654085,tertiary,group_3
2212,3844,4.476463786,0.7594438109999999,residential,group_4
2698,3845,511.9302315,79.52480488500001,trunk,group_2
2078,3846,86.07368569,14.602626312,residential,group_4
3062,3847,239.3018083,17.07353826,trunk,group_2
3851,3850,58.58899424,7.2910699605,secondary,group_3
464,3851,11.12353923,1.4651530904999999,unclassified,group_4
4045,3851,104.0409752,12.947312691,secondary,group_3
3866,3853,24.61518494,2.4150275655,secondary,group_3
3360,3853,36.12135711,7.195489428,primary_link,group_2
152,3854,457.7753512,57.40149345,primary_link,group_2
3856,3855,47.42227419,9.199717821,residential,group_4
794,3856,35.81130967,6.133973118,tertiary,group_3
937,3857,75.98855465,8.566377948,primary,group_2
151,3861,216.4210618,22.735777679999998,primary,group_2
2530,3863,254.4992706,30.27609963,motorway_link,group_1
618,3864,73.25264582,19.978063964999997,residential,group_4
3864,3865,30.61211861,8.3487887265,residential,group_4
3867,3866,16.32400368,1.6015690710000001,secondary,group_3
3360,3866,27.72023055,3.9139488480000004,primary,group_2
2800,3867,13.08735587,2.1902103165,primary,group_2
464,3867,126.3922908,12.400510787999998,secondary,group_3
2207,3868,32.30247672,9.071104632,residential,group_4
3868,3869,34.86946755,7.40926533,residential,group_4
3871,3870,48.59232225,3.466931067,trunk,group_2
2931,3871,287.9108043,20.541658965,trunk,group_2
2461,3872,42.94814697,4.6772049285,secondary,group_3
3178,3873,363.0546726,58.829928720000005,motorway_link,group_1
3241,3874,72.58843134,10.7585978745,primary_link,group_2
3135,3875,280.8464404,46.35354957,primary,group_2
3045,3876,28.10480377,3.838757901,primary,group_2
3875,3876,38.63189653,6.144309021,primary_link,group_2
3353,3877,74.94539115,7.3529890605,secondary,group_3
2995,3878,17.32972719,1.3212018345,motorway_link,group_1
3617,3878,194.8059683,36.799669815,primary,group_2
3740,3879,31.83082173,2.829050268,primary,group_2
224,3880,35.40405424,6.8682346905,residential,group_4
2936,3881,12.69781409,0.9059547705,trunk,group_2
963,3882,27.60185752,1.9693180515000002,trunk,group_2
3884,3883,47.69014169,4.6789413555,secondary,group_3
85,3884,124.4307238,8.5577691285,trunk_link,group_2
2825,3885,165.5559981,14.055708267,motorway,group_1
156,3885,164.841407,23.338074045,motorway_link,group_1
3994,3886,215.1208189,32.21288811,trunk_link,group_2
197,3886,526.6306304,70.749725895,trunk,group_2
3889,3887,123.9497497,11.446293243,trunk,group_2
4058,3888,288.6405874,26.654872755,trunk,group_2
3888,3889,95.55861641,8.8244788575,trunk,group_2
3887,3890,274.2765002,25.328403314999996,trunk,group_2
4060,3891,360.3395773,25.709256465,trunk,group_2
3092,3892,127.8147376,9.119236622999999,trunk,group_2
3104,3893,75.74291453,6.9945733095,trunk,group_2
3893,3894,52.79268929,4.8752063175,trunk,group_2
3894,3895,330.0582999,30.479642745,trunk,group_2
642,3896,42.70758715,4.2601585785,trunk_link,group_2
2909,3896,18.18254382,3.0429061035,primary,group_2
3667,3897,116.8536621,24.36745464,secondary,group_3
3899,3898,84.01148291,17.518886115,secondary,group_3
3684,3899,125.0482605,26.076271470000002,secondary,group_3
3901,3900,267.147512,13.894162137000002,motorway,group_1
131,3901,649.8810436,49.5463095,motorway_link,group_1
2575,3902,1286.171168,66.89289603,motorway,group_1
131,3903,333.2575382,27.04563309,motorway,group_1
3409,3904,18.54354911,1.8193315380000001,secondary,group_3
2959,3905,248.783904,24.408509940000002,secondary,group_3
3937,3906,41.83545535,5.312575947,secondary,group_3
2848,3907,99.20409098,12.597670161,secondary,group_3
3909,3908,74.45656285,8.5651990485,primary,group_2
3456,3909,205.7758838,23.671672935,primary,group_2
3911,3910,152.8202266,7.948077040499999,motorway,group_1
2581,3911,349.2713608,18.16536819,motorway,group_1
3597,3912,152.2275611,10.861025703000001,trunk,group_2
3914,3913,253.6500631,32.210363490000006,secondary,group_3
3906,3914,9.420126146,1.196237382,secondary,group_3
3655,3915,13.34428007,1.6945555095000002,secondary,group_3
83,3917,111.9045332,16.208662245,secondary,group_3
2830,3918,104.0386696,10.2073681575,secondary,group_3
2006,3919,79.39805702,9.211938627,tertiary,group_3
3919,3920,93.08137033,10.799506977,tertiary,group_3
1680,3921,73.43849453,8.5204969725,tertiary,group_3
2712,3924,93.98629467,9.2211166815,secondary,group_3
3476,3925,21.46890313,5.79153564,primary_link,group_2
425,3925,77.62080897,15.02053017,primary,group_2
3150,3926,36.63614335,8.6501100225,primary_link,group_2
2670,3926,220.0593738,42.584050695,primary,group_2
694,3927,254.6087171,34.05474297,residential,group_4
3516,3928,152.9652367,29.248166535000003,primary,group_2
3690,3929,444.5879308,93.84037779,secondary,group_3
45,3931,236.9995999,26.198576279999997,motorway,group_1
3801,3932,39.18228347,4.8946437555,secondary_link,group_3
3948,3933,40.25268246,6.96852444,residential,group_4
694,3933,125.6019253,21.308695725,residential,group_4
3979,3934,81.4166904,15.379956525,primary,group_2
1611,3935,211.8623798,43.640814915,secondary,group_3
2563,3936,212.9301521,39.732875325,primary,group_2
3944,3937,107.508867,13.652272122,secondary,group_3
155,3938,853.8568224,95.538709575,motorway,group_1
3065,3939,375.7782865,30.496419435,motorway,group_1
51,3941,20.9232291,2.656986585,secondary,group_3
439,3942,176.3037272,43.476192645,tertiary,group_3
3817,3943,11.59611889,2.708466597,tertiary,group_3
3907,3944,26.68837316,3.3890872725,secondary,group_3
3575,3945,33.64599124,6.510891001500001,primary,group_2
3594,3945,27.55831054,3.8357152185,primary_link,group_2
3519,3946,17.42441697,3.331686729,primary,group_2
3618,3947,74.61623497,13.5223412295,primary,group_2
1080,3948,156.7353608,27.133947990000003,residential,group_4
2062,3949,146.0692226,31.202686695000004,secondary,group_3
3047,3950,32.70868527,4.291769661,primary,group_2
2888,3951,44.51048069,8.6132961915,primary,group_2
398,3952,28.35909231,5.4878145105,primary,group_2
116,3954,176.0193976,23.54316621,residential,group_4
3318,3955,11.2774224,0.8597799030000001,motorway_link,group_1
3498,3956,32.94712187,4.1838695370000005,secondary,group_3
3958,3957,7.339296871,0.8442847230000001,primary,group_2
2893,3958,162.5918123,18.703942035,primary,group_2
3697,3959,79.704807,14.077285128,primary,group_2
569,3960,221.4809851,55.012583805000006,residential,group_4
3959,3960,19.68509438,3.8870698304999998,residential,group_4
3000,3961,124.7948149,23.861758455,primary,group_2
1805,3962,92.54316266,16.021026465,residential,group_4
1781,3963,67.42570916,6.615223354499999,secondary,group_3
3966,3965,44.80521016,7.756655781,residential,group_4
2137,3968,216.652475,26.96117886,secondary,group_3
3753,3969,19.03835791,3.1807221645,unclassified,group_4
2624,3969,82.88807889,17.495411145000002,secondary,group_3
3935,3971,212.9644082,44.950974015,secondary,group_3
3971,3972,403.6900239,85.65552696,tertiary,group_3
337,3973,25.08567543,6.7373880075,unclassified,group_4
337,3974,13.58852544,2.598233844,primary,group_2
3973,3974,25.34274668,6.719908521000001,unclassified,group_4
1929,3976,175.8991834,25.52015004,primary,group_2
2263,3977,114.7091921,19.858398495000003,residential,group_4
2199,3978,28.13642401,3.7633381095000003,residential,group_4
3509,3979,137.7227411,26.016407219999998,primary,group_2
2968,3980,7.168035322,0.92401866,primary,group_2
641,3981,384.18753,55.73944815,primary,group_2
3983,3982,60.92903483,7.854253310999999,primary,group_2
3993,3983,17.2872278,2.2682904915,primary,group_2
3986,3984,17.44662726,2.382986865,primary,group_2
3984,3985,85.13888384,11.62888614,primary,group_2
3982,3986,61.72294745,8.430567747,primary,group_2
3568,3987,255.5425505,54.587913855,secondary,group_3
2683,3988,58.35784287,9.766369218,primary,group_2
2683,3989,27.80739193,5.358563694000001,primary_link,group_2
408,3989,61.83851782,7.1136672674999994,primary,group_2
3514,3990,94.37701135,18.045633135,primary,group_2
407,3991,38.66022708,4.4473250925,primary,group_2
3988,3992,117.7964717,19.713611385,primary,group_2
3985,3993,85.11949641,11.1686932455,primary,group_2
180,3994,10.38212953,0.8439891389999999,trunk_link,group_2
3686,3994,35.46210781,5.310210871500001,trunk_link,group_2
2864,3995,16.69128794,3.2299585320000004,primary,group_2
3675,3997,90.95608275,17.960424195,residential,group_4
3999,3998,12.54418848,1.8460351455000001,tertiary,group_3
3947,3999,97.70225098,14.378115370500002,tertiary,group_3
3998,4000,11.23108779,1.6527958605,tertiary,group_3
4003,4001,10.57609589,2.8874232585,primary_link,group_2
420,4001,11.13532886,3.0401017425,primary_link,group_2
4067,4002,11.44675867,2.2430269125,primary_link,group_2
2632,4002,11.24240327,2.1664431585,primary_link,group_2
3805,4003,78.001622,15.09422193,primary,group_2
4001,4004,9.891746623,2.7005862615,primary_link,group_2
2632,4004,12.94557926,2.475297435,primary,group_2
4007,4006,13.00404587,3.1849281345,residential,group_4
4009,4008,9.020943924,2.5957891395,residential,group_4
4010,4009,9.731358529,2.800211928,residential,group_4
4011,4010,7.787853045,2.2679651115,residential,group_4
4008,4011,9.450823289,2.3146790834999997,residential,group_4
195,4012,155.4469719,11.0907219705,trunk,group_2
4012,4013,14.87018333,1.060947453,trunk,group_2
4015,4014,15.25011591,1.6978004264999997,trunk,group_2
2943,4015,56.55363814,6.296135157,trunk,group_2
4025,4016,63.81529489,6.704016447000001,primary,group_2
3472,4017,69.22680646,12.9177575055,primary,group_2
32,4018,97.26006372,18.372836640000003,primary,group_2
2542,4019,3.00799577,0.3325119825,motorway,group_1
752,4020,56.49777427,7.556760834,residential,group_4
3647,4021,43.16033635,8.524589469,secondary,group_3
2703,4022,59.79734935,7.5935102699999995,secondary,group_3
3712,4024,321.7122752,37.008553289999995,primary,group_2
4024,4025,64.66009738,7.438251019499999,primary,group_2
3644,4026,82.24491865,16.941352575,secondary,group_3
3560,4027,91.11507634,18.536776635000002,secondary,group_3
4052,4033,52.74954936,4.688258697,primary,group_2
4033,4034,84.74384376,7.5318380415,primary,group_2
3706,4035,81.49052745,14.107599729,residential,group_4
4035,4037,80.02612533,13.854083159999998,residential,group_4
4037,4038,73.10010743,12.655054373999999,residential,group_4
2110,4039,110.5266219,19.13431401,residential,group_4
3473,4040,164.4778711,28.474327544999998,residential,group_4
17,4041,44.2134872,4.8874783665,motorway,group_1
3032,4044,174.3647412,18.988936305,secondary,group_3
2801,4046,172.1268157,28.805965949999997,primary,group_2
2803,4047,23.53007282,3.322320903,primary,group_2
235,4049,32.36981503,8.1524031915,residential,group_4
1292,4051,34.58977596,5.9881648725,residential,group_4
4053,4052,17.35845226,1.5427793369999998,primary,group_2
4054,4053,16.08939467,1.1479348919999999,trunk,group_2
35,4054,67.04696098,4.7836197405,trunk,group_2
4056,4055,14.85748729,1.0600416255,trunk,group_2
3847,4056,53.94371418,3.8487384405,trunk,group_2
3105,4057,274.212965,19.564355085,trunk,group_2
4059,4058,17.29672758,1.597287744,trunk,group_2
19,4059,71.84287035,6.6344188965,trunk,group_2
4057,4060,17.48578229,1.2475633815,trunk,group_2
4062,4061,7.622444263,0.5438408295,trunk,group_2
2901,4062,518.2277479,36.974151375,trunk,group_2
4064,4063,7.321056583,0.6760720425,trunk,group_2
2847,4064,36.78375897,3.3968418075000004,trunk,group_2
3137,4065,53.44069883,8.820357768000001,primary,group_2
4048,4066,38.21527917,9.624595123499999,residential,group_4
2633,4067,339.0598382,64.83093037500001,primary,group_2
4002,4068,10.18429441,1.9625425635,primary_link,group_2
420,4068,13.40555368,2.5941307005,primary,group_2
4071,4070,47.23647576,8.177555275500001,residential,group_4
4075,4073,68.009072,5.9327496255,trunk_link,group_2
3369,4073,47.71052376,5.319525639,trunk,group_2
2677,4074,404.7429563,39.70985385,secondary,group_3
3370,4075,34.86084275,4.3382353049999995,secondary,group_3
2595,4076,90.27784044,10.3852184865,primary,group_2
2748,4077,60.26831658,13.135486012500001,secondary_link,group_3
48,4077,235.98326,49.209509385000004,secondary,group_3
1029,4080,99.96984607,15.80486673,residential,group_4
3159,4081,372.7480657,67.82858277,secondary,group_3
3802,4082,30.81964742,6.733020264,tertiary,group_3
1319,4083,94.10485994,15.722018430000002,unclassified,group_4
