75188-src.FleetSimulationBase-INFO-Initialization of network and routing engine...
75188-src.routing.NetworkBasic-INFO-... load network dynamics file: d:\Ritun\FleetPy_stochasticity\data\networks\example_network\network_dynamics.csv
75188-src.FleetSimulationBase-INFO-Initialization of line-based public transportation...
75188-src.FleetSimulationBase-INFO-Initialization of travelers...
75188-src.demand.demand-INFO-init(): 0/445 requests removed (rq_time not in simulation time)
75188-src.demand.demand-INFO-init(): 0/445 requests removed (start == end)
75188-src.FleetSimulationBase-INFO-Initialization of MoD fleets...
75188-src.fleetctrl.FleetControlBase-INFO-Scenario example_depot_time_pool_irsonly_rs_46
Operator 0 control strategy: PoolingInsertionHeuristicOnly
	 control function: {'func_key': 'distance_and_user_times_with_walk', 'vot': 0.45}
Operator 0 additional strategies:
	 RV Heuristics: {}
	 Stop-Insert Heuristics: {}
	 Charging: None
	 On-Street Parking: True
	 Repositioning: None
	 Dynamic Pricing: None
	 Dynamic Fleet Sizing: TimeBasedFS

75188-src.FleetSimulationBase-INFO-Simulation environment specific initializations...
75188-src.fleetctrl.fleetsizing.DynamicFleetSizingBase-INFO-Deactivating vehicle veh 0 at pos (np.float64(8.0), None, None) with soc 1.0 leg status 0 remaining time None number remaining legs: 0 ob : [] at depot <src.infra.ChargingInfrastructure.Depot object at 0x0000016B4927B670> (plan time: 25200)
75188-src.fleetctrl.fleetsizing.DynamicFleetSizingBase-INFO-Deactivating vehicle veh 1 at pos (np.float64(2009.0), None, None) with soc 1.0 leg status 0 remaining time None number remaining legs: 0 ob : [] at depot <src.infra.ChargingInfrastructure.Depot object at 0x0000016B4927B640> (plan time: 25200)
75188-src.fleetctrl.fleetsizing.DynamicFleetSizingBase-INFO-Deactivating vehicle veh 2 at pos (np.float64(19.0), None, None) with soc 1.0 leg status 0 remaining time None number remaining legs: 0 ob : [] at depot <src.infra.ChargingInfrastructure.Depot object at 0x0000016B4927B6D0> (plan time: 25200)
75188-src.fleetctrl.fleetsizing.DynamicFleetSizingBase-INFO-Deactivating vehicle veh 3 at pos (np.float64(19.0), None, None) with soc 1.0 leg status 0 remaining time None number remaining legs: 0 ob : [] at depot <src.infra.ChargingInfrastructure.Depot object at 0x0000016B4927B6D0> (plan time: 25200)
75188-src.fleetctrl.fleetsizing.DynamicFleetSizingBase-INFO-Deactivating vehicle veh 4 at pos (np.float64(1990.0), None, None) with soc 1.0 leg status 0 remaining time None number remaining legs: 0 ob : [] at depot <src.infra.ChargingInfrastructure.Depot object at 0x0000016B4927B610> (plan time: 25200)
75188-src.fleetctrl.fleetsizing.DynamicFleetSizingBase-INFO-Deactivating vehicle veh 5 at pos (np.float64(19.0), None, None) with soc 1.0 leg status 0 remaining time None number remaining legs: 0 ob : [] at depot <src.infra.ChargingInfrastructure.Depot object at 0x0000016B4927B6D0> (plan time: 25200)
75188-src.fleetctrl.fleetsizing.TimeBasedFS-INFO-Loaded nr-of-active-vehicles curve from d:\Ritun\FleetPy_stochasticity\data\fleetctrl\elastic_fleet_size\example_active_fleetsize.csv.
75188-src.FleetSimulationBase-INFO-Creating or loading initial vehicle states...
75188-src.FleetSimulationBase-INFO-Initialization of scenario example_depot_time_pool_irsonly_rs_46 successful.
75188-src.routing.NetworkBasic-INFO-STOCHASTIC NETWORK UPDATE HAPPENED HERE FOR SIMULATION TIME 25200
75188-src.routing.NetworkBasic-INFO-OPERATOR NETWORK UPDATE HAPPENED HERE FOR SIMULATION TIME 25200
75188-src.fleetctrl.fleetsizing.DynamicFleetSizingBase-INFO-to deactivate: 0
75188-src.fleetctrl.fleetsizing.DynamicFleetSizingBase-INFO-to deactivate: 0
75188-src.fleetctrl.fleetsizing.DynamicFleetSizingBase-INFO-to deactivate: 0
75188-src.fleetctrl.fleetsizing.DynamicFleetSizingBase-INFO-to deactivate: 0
75188-src.fleetctrl.fleetsizing.DynamicFleetSizingBase-INFO-to deactivate: 0
75188-src.fleetctrl.fleetsizing.DynamicFleetSizingBase-INFO-to deactivate: 0
75188-src.fleetctrl.fleetsizing.DynamicFleetSizingBase-INFO-to deactivate: 0
75188-src.fleetctrl.fleetsizing.DynamicFleetSizingBase-INFO-to deactivate: 0
75188-src.fleetctrl.fleetsizing.DynamicFleetSizingBase-INFO-to deactivate: 0
75188-src.fleetctrl.fleetsizing.DynamicFleetSizingBase-INFO-to deactivate: 0
75188-src.fleetctrl.fleetsizing.DynamicFleetSizingBase-INFO-to deactivate: 0
75188-src.fleetctrl.fleetsizing.DynamicFleetSizingBase-INFO-to deactivate: 0
75188-src.routing.NetworkBasic-INFO-STOCHASTIC NETWORK UPDATE HAPPENED HERE FOR SIMULATION TIME 25320
75188-src.fleetctrl.fleetsizing.DynamicFleetSizingBase-INFO-to deactivate: 0
75188-src.fleetctrl.fleetsizing.DynamicFleetSizingBase-INFO-to deactivate: 0
75188-src.fleetctrl.fleetsizing.DynamicFleetSizingBase-INFO-to deactivate: 0
75188-src.fleetctrl.fleetsizing.DynamicFleetSizingBase-INFO-to deactivate: 0
75188-src.fleetctrl.fleetsizing.DynamicFleetSizingBase-INFO-to deactivate: 0
75188-src.fleetctrl.fleetsizing.DynamicFleetSizingBase-INFO-to deactivate: 0
75188-src.fleetctrl.fleetsizing.DynamicFleetSizingBase-INFO-to deactivate: 0
75188-src.fleetctrl.fleetsizing.DynamicFleetSizingBase-INFO-to deactivate: 0
75188-src.fleetctrl.fleetsizing.DynamicFleetSizingBase-INFO-to deactivate: 0
75188-src.fleetctrl.fleetsizing.DynamicFleetSizingBase-INFO-to deactivate: 0
75188-src.fleetctrl.fleetsizing.DynamicFleetSizingBase-INFO-to deactivate: 0
75188-src.fleetctrl.fleetsizing.DynamicFleetSizingBase-INFO-to deactivate: 0
75188-src.fleetctrl.fleetsizing.DynamicFleetSizingBase-INFO-to deactivate: 0
75188-src.fleetctrl.fleetsizing.DynamicFleetSizingBase-INFO-to deactivate: 0
75188-src.fleetctrl.fleetsizing.DynamicFleetSizingBase-INFO-to deactivate: 0
75188-src.fleetctrl.fleetsizing.DynamicFleetSizingBase-INFO-to deactivate: 0
75188-src.fleetctrl.fleetsizing.DynamicFleetSizingBase-INFO-to deactivate: 0
75188-src.fleetctrl.fleetsizing.DynamicFleetSizingBase-INFO-to deactivate: 0
75188-src.fleetctrl.fleetsizing.DynamicFleetSizingBase-INFO-to deactivate: 0
75188-src.fleetctrl.fleetsizing.DynamicFleetSizingBase-INFO-to deactivate: 0
75188-src.fleetctrl.fleetsizing.DynamicFleetSizingBase-INFO-to deactivate: 0
75188-src.fleetctrl.fleetsizing.DynamicFleetSizingBase-INFO-to deactivate: 0
75188-src.fleetctrl.fleetsizing.DynamicFleetSizingBase-INFO-to deactivate: 0
75188-src.fleetctrl.fleetsizing.DynamicFleetSizingBase-INFO-to deactivate: 0
75188-src.fleetctrl.fleetsizing.DynamicFleetSizingBase-INFO-to deactivate: 0
75188-src.fleetctrl.fleetsizing.DynamicFleetSizingBase-INFO-to deactivate: 0
75188-src.fleetctrl.fleetsizing.DynamicFleetSizingBase-INFO-to deactivate: 0
75188-src.fleetctrl.fleetsizing.DynamicFleetSizingBase-INFO-to deactivate: 0
75188-src.fleetctrl.fleetsizing.DynamicFleetSizingBase-INFO-to deactivate: 0
75188-src.fleetctrl.fleetsizing.DynamicFleetSizingBase-INFO-to deactivate: 0
75188-src.fleetctrl.fleetsizing.DynamicFleetSizingBase-INFO-to deactivate: 0
75188-src.fleetctrl.fleetsizing.DynamicFleetSizingBase-INFO-to deactivate: 0
75188-src.fleetctrl.fleetsizing.DynamicFleetSizingBase-INFO-to deactivate: 0
75188-src.fleetctrl.fleetsizing.DynamicFleetSizingBase-INFO-to deactivate: 0
75188-src.fleetctrl.fleetsizing.DynamicFleetSizingBase-INFO-to deactivate: 0
75188-src.fleetctrl.fleetsizing.DynamicFleetSizingBase-INFO-to deactivate: 0
75188-src.fleetctrl.fleetsizing.DynamicFleetSizingBase-INFO-to deactivate: 0
75188-src.fleetctrl.fleetsizing.DynamicFleetSizingBase-INFO-to deactivate: 0
75188-src.fleetctrl.fleetsizing.DynamicFleetSizingBase-INFO-to deactivate: 0
75188-src.fleetctrl.fleetsizing.DynamicFleetSizingBase-INFO-to deactivate: 0
75188-src.fleetctrl.fleetsizing.DynamicFleetSizingBase-INFO-to deactivate: 0
75188-src.fleetctrl.fleetsizing.DynamicFleetSizingBase-INFO-to deactivate: 0
75188-src.fleetctrl.fleetsizing.DynamicFleetSizingBase-INFO-to deactivate: 0
75188-src.fleetctrl.fleetsizing.DynamicFleetSizingBase-INFO-to deactivate: 0
75188-src.fleetctrl.fleetsizing.DynamicFleetSizingBase-INFO-to deactivate: 0
75188-src.fleetctrl.fleetsizing.DynamicFleetSizingBase-INFO-to deactivate: 0
75188-src.fleetctrl.fleetsizing.DynamicFleetSizingBase-INFO-to deactivate: 0
75188-src.fleetctrl.fleetsizing.DynamicFleetSizingBase-INFO-to deactivate: 0
75188-src.fleetctrl.fleetsizing.DynamicFleetSizingBase-INFO-to deactivate: 0
75188-src.fleetctrl.fleetsizing.DynamicFleetSizingBase-INFO-to deactivate: 0
75188-src.fleetctrl.fleetsizing.DynamicFleetSizingBase-INFO-to deactivate: 0
75188-src.fleetctrl.fleetsizing.DynamicFleetSizingBase-INFO-to deactivate: 0
75188-src.fleetctrl.fleetsizing.DynamicFleetSizingBase-INFO-to deactivate: 0
75188-src.fleetctrl.fleetsizing.DynamicFleetSizingBase-INFO-to deactivate: 0
75188-src.fleetctrl.fleetsizing.DynamicFleetSizingBase-INFO-to deactivate: 0
75188-src.fleetctrl.fleetsizing.DynamicFleetSizingBase-INFO-to deactivate: 0
75188-src.fleetctrl.fleetsizing.DynamicFleetSizingBase-INFO-to deactivate: 0
75188-src.fleetctrl.fleetsizing.DynamicFleetSizingBase-INFO-to deactivate: 0
75188-src.fleetctrl.fleetsizing.DynamicFleetSizingBase-INFO-to deactivate: 0
75188-src.fleetctrl.fleetsizing.DynamicFleetSizingBase-INFO-to deactivate: 0
75188-src.routing.NetworkBasic-INFO-STOCHASTIC NETWORK UPDATE HAPPENED HERE FOR SIMULATION TIME 25920
75188-src.fleetctrl.fleetsizing.DynamicFleetSizingBase-INFO-to deactivate: 0
75188-src.fleetctrl.fleetsizing.DynamicFleetSizingBase-INFO-to deactivate: 0
75188-src.fleetctrl.fleetsizing.DynamicFleetSizingBase-INFO-to deactivate: 0
75188-src.fleetctrl.fleetsizing.DynamicFleetSizingBase-INFO-to deactivate: 0
75188-src.fleetctrl.fleetsizing.DynamicFleetSizingBase-INFO-to deactivate: 0
75188-src.fleetctrl.fleetsizing.DynamicFleetSizingBase-INFO-to deactivate: 0
75188-src.fleetctrl.fleetsizing.DynamicFleetSizingBase-INFO-to deactivate: 0
75188-src.fleetctrl.fleetsizing.DynamicFleetSizingBase-INFO-to deactivate: 0
75188-src.fleetctrl.fleetsizing.DynamicFleetSizingBase-INFO-to deactivate: 0
75188-src.fleetctrl.fleetsizing.DynamicFleetSizingBase-INFO-to deactivate: 0
75188-src.fleetctrl.fleetsizing.DynamicFleetSizingBase-INFO-to deactivate: 0
75188-src.fleetctrl.fleetsizing.DynamicFleetSizingBase-INFO-to deactivate: 0
75188-src.fleetctrl.fleetsizing.DynamicFleetSizingBase-INFO-to deactivate: 0
75188-src.fleetctrl.fleetsizing.DynamicFleetSizingBase-INFO-to deactivate: 0
75188-src.fleetctrl.fleetsizing.DynamicFleetSizingBase-INFO-to deactivate: 0
75188-src.fleetctrl.fleetsizing.DynamicFleetSizingBase-INFO-to deactivate: 0
75188-src.fleetctrl.fleetsizing.DynamicFleetSizingBase-INFO-to deactivate: 0
75188-src.fleetctrl.fleetsizing.DynamicFleetSizingBase-INFO-to deactivate: 0
75188-src.fleetctrl.fleetsizing.DynamicFleetSizingBase-INFO-to deactivate: 0
75188-src.fleetctrl.fleetsizing.DynamicFleetSizingBase-INFO-to deactivate: 0
75188-src.fleetctrl.fleetsizing.DynamicFleetSizingBase-INFO-to deactivate: 0
75188-src.fleetctrl.fleetsizing.DynamicFleetSizingBase-INFO-to deactivate: 0
75188-src.fleetctrl.fleetsizing.DynamicFleetSizingBase-INFO-to deactivate: 0
75188-src.fleetctrl.fleetsizing.DynamicFleetSizingBase-INFO-to deactivate: 0
75188-src.fleetctrl.fleetsizing.DynamicFleetSizingBase-INFO-to deactivate: 0
75188-src.fleetctrl.fleetsizing.DynamicFleetSizingBase-INFO-to deactivate: 0
75188-src.fleetctrl.fleetsizing.DynamicFleetSizingBase-INFO-to deactivate: 0
75188-src.fleetctrl.fleetsizing.DynamicFleetSizingBase-INFO-to deactivate: 0
75188-src.fleetctrl.fleetsizing.DynamicFleetSizingBase-INFO-to deactivate: 0
75188-src.fleetctrl.fleetsizing.DynamicFleetSizingBase-INFO-to deactivate: 0
75188-src.fleetctrl.fleetsizing.DynamicFleetSizingBase-INFO-to deactivate: 0
75188-src.fleetctrl.fleetsizing.DynamicFleetSizingBase-INFO-to deactivate: 0
75188-src.fleetctrl.fleetsizing.DynamicFleetSizingBase-INFO-to deactivate: 0
75188-src.fleetctrl.fleetsizing.DynamicFleetSizingBase-INFO-to deactivate: 0
75188-src.fleetctrl.fleetsizing.DynamicFleetSizingBase-INFO-to deactivate: 0
75188-src.fleetctrl.fleetsizing.DynamicFleetSizingBase-INFO-to deactivate: 0
75188-src.fleetctrl.fleetsizing.DynamicFleetSizingBase-INFO-to deactivate: 0
75188-src.fleetctrl.fleetsizing.DynamicFleetSizingBase-INFO-to deactivate: 0
75188-src.fleetctrl.fleetsizing.DynamicFleetSizingBase-INFO-to deactivate: 0
75188-src.fleetctrl.fleetsizing.DynamicFleetSizingBase-INFO-to deactivate: 0
75188-src.fleetctrl.fleetsizing.DynamicFleetSizingBase-INFO-to deactivate: 0
75188-src.fleetctrl.fleetsizing.DynamicFleetSizingBase-INFO-to deactivate: 0
75188-src.fleetctrl.fleetsizing.DynamicFleetSizingBase-INFO-to deactivate: 0
75188-src.fleetctrl.fleetsizing.DynamicFleetSizingBase-INFO-to deactivate: 0
75188-src.fleetctrl.fleetsizing.DynamicFleetSizingBase-INFO-to deactivate: 0
75188-src.fleetctrl.fleetsizing.DynamicFleetSizingBase-INFO-to deactivate: 0
75188-src.fleetctrl.fleetsizing.DynamicFleetSizingBase-INFO-to deactivate: 0
75188-src.fleetctrl.fleetsizing.DynamicFleetSizingBase-INFO-to deactivate: 0
75188-src.fleetctrl.fleetsizing.DynamicFleetSizingBase-INFO-to deactivate: 0
75188-src.fleetctrl.fleetsizing.DynamicFleetSizingBase-INFO-to deactivate: 0
75188-src.fleetctrl.fleetsizing.DynamicFleetSizingBase-INFO-to deactivate: 0
75188-src.fleetctrl.fleetsizing.DynamicFleetSizingBase-INFO-to deactivate: 0
75188-src.fleetctrl.fleetsizing.DynamicFleetSizingBase-INFO-to deactivate: 0
75188-src.fleetctrl.fleetsizing.DynamicFleetSizingBase-INFO-to deactivate: 0
75188-src.fleetctrl.fleetsizing.DynamicFleetSizingBase-INFO-to deactivate: 0
75188-src.fleetctrl.fleetsizing.DynamicFleetSizingBase-INFO-to deactivate: 0
75188-src.fleetctrl.fleetsizing.DynamicFleetSizingBase-INFO-to deactivate: 0
75188-src.fleetctrl.fleetsizing.DynamicFleetSizingBase-INFO-to deactivate: 0
75188-src.fleetctrl.fleetsizing.DynamicFleetSizingBase-INFO-to deactivate: 0
75188-src.fleetctrl.fleetsizing.DynamicFleetSizingBase-INFO-to deactivate: 0
75188-src.routing.NetworkBasic-INFO-STOCHASTIC NETWORK UPDATE HAPPENED HERE FOR SIMULATION TIME 26520
75188-src.fleetctrl.fleetsizing.DynamicFleetSizingBase-INFO-to deactivate: 0
75188-src.fleetctrl.fleetsizing.DynamicFleetSizingBase-INFO-to deactivate: 0
75188-src.fleetctrl.fleetsizing.DynamicFleetSizingBase-INFO-to deactivate: 0
75188-src.fleetctrl.fleetsizing.DynamicFleetSizingBase-INFO-to deactivate: 0
75188-src.fleetctrl.fleetsizing.DynamicFleetSizingBase-INFO-to deactivate: 0
75188-src.fleetctrl.fleetsizing.DynamicFleetSizingBase-INFO-to deactivate: 0
75188-src.fleetctrl.fleetsizing.DynamicFleetSizingBase-INFO-to deactivate: 0
75188-src.fleetctrl.fleetsizing.DynamicFleetSizingBase-INFO-to deactivate: 0
75188-src.fleetctrl.fleetsizing.DynamicFleetSizingBase-INFO-to deactivate: 0
75188-src.fleetctrl.fleetsizing.DynamicFleetSizingBase-INFO-to deactivate: 0
75188-src.fleetctrl.fleetsizing.DynamicFleetSizingBase-INFO-to deactivate: 0
75188-src.fleetctrl.fleetsizing.DynamicFleetSizingBase-INFO-to deactivate: 0
75188-src.fleetctrl.fleetsizing.DynamicFleetSizingBase-INFO-to deactivate: 0
75188-src.fleetctrl.fleetsizing.DynamicFleetSizingBase-INFO-to deactivate: 0
75188-src.fleetctrl.fleetsizing.DynamicFleetSizingBase-INFO-to deactivate: 0
75188-src.fleetctrl.fleetsizing.DynamicFleetSizingBase-INFO-to deactivate: 0
75188-src.fleetctrl.fleetsizing.DynamicFleetSizingBase-INFO-to deactivate: 0
75188-src.fleetctrl.fleetsizing.DynamicFleetSizingBase-INFO-to deactivate: 0
75188-src.fleetctrl.fleetsizing.DynamicFleetSizingBase-INFO-to deactivate: 0
75188-src.fleetctrl.fleetsizing.DynamicFleetSizingBase-INFO-to deactivate: 0
75188-src.fleetctrl.fleetsizing.DynamicFleetSizingBase-INFO-to deactivate: 0
75188-src.fleetctrl.fleetsizing.DynamicFleetSizingBase-INFO-to deactivate: 0
75188-src.fleetctrl.fleetsizing.DynamicFleetSizingBase-INFO-to deactivate: 0
75188-src.fleetctrl.fleetsizing.DynamicFleetSizingBase-INFO-to deactivate: 0
75188-src.fleetctrl.fleetsizing.DynamicFleetSizingBase-INFO-to deactivate: 0
75188-src.fleetctrl.fleetsizing.DynamicFleetSizingBase-INFO-to deactivate: 0
75188-src.fleetctrl.fleetsizing.DynamicFleetSizingBase-INFO-to deactivate: 0
75188-src.fleetctrl.fleetsizing.DynamicFleetSizingBase-INFO-to deactivate: 0
75188-src.fleetctrl.fleetsizing.DynamicFleetSizingBase-INFO-to deactivate: 0
75188-src.fleetctrl.fleetsizing.DynamicFleetSizingBase-INFO-to deactivate: 0
75188-src.fleetctrl.fleetsizing.DynamicFleetSizingBase-INFO-to deactivate: 0
75188-src.fleetctrl.fleetsizing.DynamicFleetSizingBase-INFO-to deactivate: 0
75188-src.fleetctrl.fleetsizing.DynamicFleetSizingBase-INFO-to deactivate: 0
75188-src.fleetctrl.fleetsizing.DynamicFleetSizingBase-INFO-to deactivate: 0
75188-src.fleetctrl.fleetsizing.DynamicFleetSizingBase-INFO-to deactivate: 0
75188-src.fleetctrl.fleetsizing.DynamicFleetSizingBase-INFO-to deactivate: 0
75188-src.fleetctrl.fleetsizing.DynamicFleetSizingBase-INFO-to deactivate: 0
75188-src.fleetctrl.fleetsizing.DynamicFleetSizingBase-INFO-to deactivate: 0
75188-src.fleetctrl.fleetsizing.DynamicFleetSizingBase-INFO-to deactivate: 0
75188-src.fleetctrl.fleetsizing.DynamicFleetSizingBase-INFO-to deactivate: 0
75188-src.fleetctrl.fleetsizing.DynamicFleetSizingBase-INFO-to deactivate: 0
75188-src.fleetctrl.fleetsizing.DynamicFleetSizingBase-INFO-to deactivate: 0
75188-src.fleetctrl.fleetsizing.DynamicFleetSizingBase-INFO-to deactivate: 0
75188-src.fleetctrl.fleetsizing.DynamicFleetSizingBase-INFO-to deactivate: 0
75188-src.fleetctrl.fleetsizing.DynamicFleetSizingBase-INFO-to deactivate: 0
75188-src.fleetctrl.fleetsizing.DynamicFleetSizingBase-INFO-to deactivate: 0
75188-src.fleetctrl.fleetsizing.DynamicFleetSizingBase-INFO-to deactivate: 0
75188-src.fleetctrl.fleetsizing.DynamicFleetSizingBase-INFO-to deactivate: 0
75188-src.fleetctrl.fleetsizing.DynamicFleetSizingBase-INFO-to deactivate: 0
75188-src.fleetctrl.fleetsizing.DynamicFleetSizingBase-INFO-to deactivate: 0
75188-src.fleetctrl.fleetsizing.DynamicFleetSizingBase-INFO-to deactivate: 0
75188-src.fleetctrl.fleetsizing.DynamicFleetSizingBase-INFO-to deactivate: 0
75188-src.fleetctrl.fleetsizing.DynamicFleetSizingBase-INFO-to deactivate: 0
75188-src.fleetctrl.fleetsizing.DynamicFleetSizingBase-INFO-to deactivate: 0
75188-src.fleetctrl.fleetsizing.DynamicFleetSizingBase-INFO-to deactivate: 0
75188-src.fleetctrl.fleetsizing.DynamicFleetSizingBase-INFO-to deactivate: 0
75188-src.fleetctrl.fleetsizing.DynamicFleetSizingBase-INFO-to deactivate: 0
75188-src.fleetctrl.fleetsizing.DynamicFleetSizingBase-INFO-to deactivate: 0
75188-src.fleetctrl.fleetsizing.DynamicFleetSizingBase-INFO-to deactivate: 0
75188-src.fleetctrl.fleetsizing.DynamicFleetSizingBase-INFO-to deactivate: 0
75188-src.routing.NetworkBasic-INFO-STOCHASTIC NETWORK UPDATE HAPPENED HERE FOR SIMULATION TIME 27120
75188-src.fleetctrl.fleetsizing.DynamicFleetSizingBase-INFO-to deactivate: 0
75188-src.fleetctrl.fleetsizing.DynamicFleetSizingBase-INFO-to deactivate: 0
75188-src.fleetctrl.fleetsizing.DynamicFleetSizingBase-INFO-to deactivate: 0
75188-src.fleetctrl.fleetsizing.DynamicFleetSizingBase-INFO-to deactivate: 0
75188-src.fleetctrl.fleetsizing.DynamicFleetSizingBase-INFO-to deactivate: 0
75188-src.fleetctrl.fleetsizing.DynamicFleetSizingBase-INFO-to deactivate: 0
75188-src.fleetctrl.fleetsizing.DynamicFleetSizingBase-INFO-to deactivate: 0
75188-src.fleetctrl.fleetsizing.DynamicFleetSizingBase-INFO-to deactivate: 0
75188-src.fleetctrl.fleetsizing.DynamicFleetSizingBase-INFO-to deactivate: 0
75188-src.fleetctrl.fleetsizing.DynamicFleetSizingBase-INFO-to deactivate: 0
75188-src.fleetctrl.fleetsizing.DynamicFleetSizingBase-INFO-to deactivate: 0
75188-src.fleetctrl.fleetsizing.DynamicFleetSizingBase-INFO-to deactivate: 0
75188-src.fleetctrl.fleetsizing.DynamicFleetSizingBase-INFO-to deactivate: 0
75188-src.fleetctrl.fleetsizing.DynamicFleetSizingBase-INFO-to deactivate: 0
75188-src.fleetctrl.fleetsizing.DynamicFleetSizingBase-INFO-to deactivate: 0
75188-src.fleetctrl.fleetsizing.DynamicFleetSizingBase-INFO-to deactivate: 0
75188-src.fleetctrl.fleetsizing.DynamicFleetSizingBase-INFO-to deactivate: 0
75188-src.fleetctrl.fleetsizing.DynamicFleetSizingBase-INFO-to deactivate: 0
75188-src.fleetctrl.fleetsizing.DynamicFleetSizingBase-INFO-to deactivate: 0
75188-src.fleetctrl.fleetsizing.DynamicFleetSizingBase-INFO-to deactivate: 0
75188-src.fleetctrl.fleetsizing.DynamicFleetSizingBase-INFO-to deactivate: 0
75188-src.fleetctrl.fleetsizing.DynamicFleetSizingBase-INFO-to deactivate: 0
75188-src.fleetctrl.fleetsizing.DynamicFleetSizingBase-INFO-to deactivate: 0
75188-src.fleetctrl.fleetsizing.DynamicFleetSizingBase-INFO-to deactivate: 0
75188-src.fleetctrl.fleetsizing.DynamicFleetSizingBase-INFO-to deactivate: 0
75188-src.fleetctrl.fleetsizing.DynamicFleetSizingBase-INFO-to deactivate: 0
75188-src.fleetctrl.fleetsizing.DynamicFleetSizingBase-INFO-to deactivate: 0
75188-src.fleetctrl.fleetsizing.DynamicFleetSizingBase-INFO-to deactivate: 0
75188-src.fleetctrl.fleetsizing.DynamicFleetSizingBase-INFO-to deactivate: 0
75188-src.fleetctrl.fleetsizing.DynamicFleetSizingBase-INFO-to deactivate: 0
75188-src.fleetctrl.fleetsizing.DynamicFleetSizingBase-INFO-to deactivate: 0
75188-src.fleetctrl.fleetsizing.DynamicFleetSizingBase-INFO-to deactivate: 0
75188-src.fleetctrl.fleetsizing.DynamicFleetSizingBase-INFO-to deactivate: 0
75188-src.fleetctrl.fleetsizing.DynamicFleetSizingBase-INFO-to deactivate: 0
75188-src.fleetctrl.fleetsizing.DynamicFleetSizingBase-INFO-to deactivate: 0
75188-src.fleetctrl.fleetsizing.DynamicFleetSizingBase-INFO-to deactivate: 0
75188-src.fleetctrl.fleetsizing.DynamicFleetSizingBase-INFO-to deactivate: 0
75188-src.fleetctrl.fleetsizing.DynamicFleetSizingBase-INFO-to deactivate: 0
75188-src.fleetctrl.fleetsizing.DynamicFleetSizingBase-INFO-to deactivate: 0
75188-src.fleetctrl.fleetsizing.DynamicFleetSizingBase-INFO-to deactivate: 0
75188-src.fleetctrl.fleetsizing.DynamicFleetSizingBase-INFO-to deactivate: 0
75188-src.fleetctrl.fleetsizing.DynamicFleetSizingBase-INFO-to deactivate: 0
75188-src.fleetctrl.fleetsizing.DynamicFleetSizingBase-INFO-to deactivate: 0
75188-src.fleetctrl.fleetsizing.DynamicFleetSizingBase-INFO-to deactivate: 0
75188-src.fleetctrl.fleetsizing.DynamicFleetSizingBase-INFO-to deactivate: 0
75188-src.fleetctrl.fleetsizing.DynamicFleetSizingBase-INFO-to deactivate: 0
75188-src.fleetctrl.fleetsizing.DynamicFleetSizingBase-INFO-to deactivate: 0
75188-src.fleetctrl.fleetsizing.DynamicFleetSizingBase-INFO-to deactivate: 0
75188-src.fleetctrl.fleetsizing.DynamicFleetSizingBase-INFO-to deactivate: 0
75188-src.fleetctrl.fleetsizing.DynamicFleetSizingBase-INFO-to deactivate: 0
75188-src.fleetctrl.fleetsizing.DynamicFleetSizingBase-INFO-to deactivate: 0
75188-src.fleetctrl.fleetsizing.DynamicFleetSizingBase-INFO-to deactivate: 0
75188-src.fleetctrl.fleetsizing.DynamicFleetSizingBase-INFO-to deactivate: 0
75188-src.fleetctrl.fleetsizing.DynamicFleetSizingBase-INFO-to deactivate: 0
75188-src.fleetctrl.fleetsizing.DynamicFleetSizingBase-INFO-to deactivate: 0
75188-src.fleetctrl.fleetsizing.DynamicFleetSizingBase-INFO-to deactivate: 0
75188-src.fleetctrl.fleetsizing.DynamicFleetSizingBase-INFO-to deactivate: 0
75188-src.fleetctrl.fleetsizing.DynamicFleetSizingBase-INFO-to deactivate: 0
75188-src.fleetctrl.fleetsizing.DynamicFleetSizingBase-INFO-to deactivate: 0
75188-src.fleetctrl.fleetsizing.DynamicFleetSizingBase-INFO-to deactivate: 0
75188-src.routing.NetworkBasic-INFO-STOCHASTIC NETWORK UPDATE HAPPENED HERE FOR SIMULATION TIME 27720
75188-src.fleetctrl.fleetsizing.DynamicFleetSizingBase-INFO-to deactivate: 0
75188-src.fleetctrl.fleetsizing.DynamicFleetSizingBase-INFO-to deactivate: 0
75188-src.fleetctrl.fleetsizing.DynamicFleetSizingBase-INFO-to deactivate: 0
75188-src.fleetctrl.fleetsizing.DynamicFleetSizingBase-INFO-to deactivate: 0
75188-src.fleetctrl.fleetsizing.DynamicFleetSizingBase-INFO-to deactivate: 0
75188-src.fleetctrl.fleetsizing.DynamicFleetSizingBase-INFO-to deactivate: 0
75188-src.fleetctrl.fleetsizing.DynamicFleetSizingBase-INFO-to deactivate: 0
75188-src.fleetctrl.fleetsizing.DynamicFleetSizingBase-INFO-to deactivate: 0
75188-src.fleetctrl.fleetsizing.DynamicFleetSizingBase-INFO-to deactivate: 0
75188-src.fleetctrl.fleetsizing.DynamicFleetSizingBase-INFO-to deactivate: 0
75188-src.fleetctrl.fleetsizing.DynamicFleetSizingBase-INFO-to deactivate: 0
75188-src.fleetctrl.fleetsizing.DynamicFleetSizingBase-INFO-to deactivate: 0
75188-src.fleetctrl.fleetsizing.DynamicFleetSizingBase-INFO-to deactivate: 0
75188-src.fleetctrl.fleetsizing.DynamicFleetSizingBase-INFO-to deactivate: 0
75188-src.fleetctrl.fleetsizing.DynamicFleetSizingBase-INFO-to deactivate: 0
75188-src.fleetctrl.fleetsizing.DynamicFleetSizingBase-INFO-to deactivate: 0
75188-src.fleetctrl.fleetsizing.DynamicFleetSizingBase-INFO-to deactivate: 0
75188-src.fleetctrl.fleetsizing.DynamicFleetSizingBase-INFO-to deactivate: 0
75188-src.fleetctrl.fleetsizing.DynamicFleetSizingBase-INFO-to deactivate: 0
75188-src.fleetctrl.fleetsizing.DynamicFleetSizingBase-INFO-to deactivate: 0
75188-src.fleetctrl.fleetsizing.DynamicFleetSizingBase-INFO-to deactivate: 0
75188-src.fleetctrl.fleetsizing.DynamicFleetSizingBase-INFO-to deactivate: 0
75188-src.fleetctrl.fleetsizing.DynamicFleetSizingBase-INFO-to deactivate: 0
75188-src.fleetctrl.fleetsizing.DynamicFleetSizingBase-INFO-to deactivate: 0
75188-src.fleetctrl.fleetsizing.DynamicFleetSizingBase-INFO-to deactivate: 0
75188-src.fleetctrl.fleetsizing.DynamicFleetSizingBase-INFO-to deactivate: 0
75188-src.fleetctrl.fleetsizing.DynamicFleetSizingBase-INFO-to deactivate: 0
75188-src.fleetctrl.fleetsizing.DynamicFleetSizingBase-INFO-to deactivate: 0
75188-src.fleetctrl.fleetsizing.DynamicFleetSizingBase-INFO-to deactivate: 0
75188-src.fleetctrl.fleetsizing.DynamicFleetSizingBase-INFO-to deactivate: 0
75188-src.fleetctrl.fleetsizing.DynamicFleetSizingBase-INFO-to deactivate: 0
75188-src.fleetctrl.fleetsizing.DynamicFleetSizingBase-INFO-to deactivate: 0
75188-src.fleetctrl.fleetsizing.DynamicFleetSizingBase-INFO-to deactivate: 0
75188-src.fleetctrl.fleetsizing.DynamicFleetSizingBase-INFO-to deactivate: 0
75188-src.fleetctrl.fleetsizing.DynamicFleetSizingBase-INFO-to deactivate: 0
75188-src.fleetctrl.fleetsizing.DynamicFleetSizingBase-INFO-to deactivate: 0
75188-src.fleetctrl.fleetsizing.DynamicFleetSizingBase-INFO-to deactivate: 0
75188-src.fleetctrl.fleetsizing.DynamicFleetSizingBase-INFO-to deactivate: 0
75188-src.fleetctrl.fleetsizing.DynamicFleetSizingBase-INFO-to deactivate: 0
75188-src.fleetctrl.fleetsizing.DynamicFleetSizingBase-INFO-to deactivate: 0
75188-src.fleetctrl.fleetsizing.DynamicFleetSizingBase-INFO-to deactivate: 0
75188-src.fleetctrl.fleetsizing.DynamicFleetSizingBase-INFO-to deactivate: 0
75188-src.fleetctrl.fleetsizing.DynamicFleetSizingBase-INFO-to deactivate: 0
75188-src.fleetctrl.fleetsizing.DynamicFleetSizingBase-INFO-to deactivate: 0
75188-src.fleetctrl.fleetsizing.DynamicFleetSizingBase-INFO-to deactivate: 0
75188-src.fleetctrl.fleetsizing.DynamicFleetSizingBase-INFO-to deactivate: 0
75188-src.fleetctrl.fleetsizing.DynamicFleetSizingBase-INFO-to deactivate: 0
75188-src.fleetctrl.fleetsizing.DynamicFleetSizingBase-INFO-to deactivate: 0
75188-src.fleetctrl.fleetsizing.DynamicFleetSizingBase-INFO-to deactivate: 0
75188-src.fleetctrl.fleetsizing.DynamicFleetSizingBase-INFO-to deactivate: 0
75188-src.fleetctrl.fleetsizing.DynamicFleetSizingBase-INFO-to deactivate: 0
75188-src.fleetctrl.fleetsizing.DynamicFleetSizingBase-INFO-to deactivate: 0
75188-src.fleetctrl.fleetsizing.DynamicFleetSizingBase-INFO-to deactivate: 0
75188-src.fleetctrl.fleetsizing.DynamicFleetSizingBase-INFO-to deactivate: 0
75188-src.fleetctrl.fleetsizing.DynamicFleetSizingBase-INFO-to deactivate: 0
75188-src.fleetctrl.fleetsizing.DynamicFleetSizingBase-INFO-to deactivate: 0
75188-src.fleetctrl.fleetsizing.DynamicFleetSizingBase-INFO-to deactivate: 0
75188-src.fleetctrl.fleetsizing.DynamicFleetSizingBase-INFO-to deactivate: 0
75188-src.fleetctrl.fleetsizing.DynamicFleetSizingBase-INFO-to deactivate: 0
75188-src.fleetctrl.fleetsizing.DynamicFleetSizingBase-INFO-to deactivate: 0
75188-src.routing.NetworkBasic-INFO-STOCHASTIC NETWORK UPDATE HAPPENED HERE FOR SIMULATION TIME 28320
75188-src.fleetctrl.fleetsizing.DynamicFleetSizingBase-INFO-to deactivate: 0
75188-src.fleetctrl.fleetsizing.DynamicFleetSizingBase-INFO-to deactivate: 0
75188-src.fleetctrl.fleetsizing.DynamicFleetSizingBase-INFO-to deactivate: 0
75188-src.fleetctrl.fleetsizing.DynamicFleetSizingBase-INFO-to deactivate: 0
75188-src.fleetctrl.fleetsizing.DynamicFleetSizingBase-INFO-to deactivate: 0
75188-src.fleetctrl.fleetsizing.DynamicFleetSizingBase-INFO-to deactivate: 0
75188-src.fleetctrl.fleetsizing.DynamicFleetSizingBase-INFO-to deactivate: 0
75188-src.fleetctrl.fleetsizing.DynamicFleetSizingBase-INFO-to deactivate: 0
75188-src.fleetctrl.fleetsizing.DynamicFleetSizingBase-INFO-to deactivate: 0
75188-src.fleetctrl.fleetsizing.DynamicFleetSizingBase-INFO-to deactivate: 0
75188-src.fleetctrl.fleetsizing.DynamicFleetSizingBase-INFO-to deactivate: 0
75188-src.fleetctrl.fleetsizing.DynamicFleetSizingBase-INFO-to deactivate: 0
75188-src.fleetctrl.fleetsizing.DynamicFleetSizingBase-INFO-to deactivate: 0
75188-src.fleetctrl.fleetsizing.DynamicFleetSizingBase-INFO-to deactivate: 0
75188-src.fleetctrl.fleetsizing.DynamicFleetSizingBase-INFO-to deactivate: 0
75188-src.fleetctrl.fleetsizing.DynamicFleetSizingBase-INFO-to deactivate: 0
75188-src.fleetctrl.fleetsizing.DynamicFleetSizingBase-INFO-to deactivate: 0
75188-src.fleetctrl.fleetsizing.DynamicFleetSizingBase-INFO-to deactivate: 0
75188-src.fleetctrl.fleetsizing.DynamicFleetSizingBase-INFO-to deactivate: 0
75188-src.fleetctrl.fleetsizing.DynamicFleetSizingBase-INFO-to deactivate: 0
75188-src.fleetctrl.fleetsizing.DynamicFleetSizingBase-INFO-to deactivate: 0
75188-src.fleetctrl.fleetsizing.DynamicFleetSizingBase-INFO-to deactivate: 0
75188-src.fleetctrl.fleetsizing.DynamicFleetSizingBase-INFO-to deactivate: 0
75188-src.fleetctrl.fleetsizing.DynamicFleetSizingBase-INFO-to deactivate: 0
75188-src.fleetctrl.fleetsizing.DynamicFleetSizingBase-INFO-to deactivate: 0
75188-src.fleetctrl.fleetsizing.DynamicFleetSizingBase-INFO-to deactivate: 0
75188-src.fleetctrl.fleetsizing.DynamicFleetSizingBase-INFO-to deactivate: 0
75188-src.fleetctrl.fleetsizing.DynamicFleetSizingBase-INFO-to deactivate: 0
75188-src.fleetctrl.fleetsizing.DynamicFleetSizingBase-INFO-to deactivate: 0
75188-src.fleetctrl.fleetsizing.DynamicFleetSizingBase-INFO-to deactivate: 0
75188-src.fleetctrl.fleetsizing.DynamicFleetSizingBase-INFO-to deactivate: 0
75188-src.fleetctrl.fleetsizing.DynamicFleetSizingBase-INFO-to deactivate: 0
75188-src.fleetctrl.fleetsizing.DynamicFleetSizingBase-INFO-to deactivate: 0
75188-src.fleetctrl.fleetsizing.DynamicFleetSizingBase-INFO-to deactivate: 0
75188-src.fleetctrl.fleetsizing.DynamicFleetSizingBase-INFO-to deactivate: 0
75188-src.fleetctrl.fleetsizing.DynamicFleetSizingBase-INFO-to deactivate: 0
75188-src.fleetctrl.fleetsizing.DynamicFleetSizingBase-INFO-to deactivate: 0
75188-src.fleetctrl.fleetsizing.DynamicFleetSizingBase-INFO-to deactivate: 0
75188-src.fleetctrl.fleetsizing.DynamicFleetSizingBase-INFO-to deactivate: 0
75188-src.fleetctrl.fleetsizing.DynamicFleetSizingBase-INFO-to deactivate: 0
75188-src.fleetctrl.fleetsizing.DynamicFleetSizingBase-INFO-to deactivate: 0
75188-src.fleetctrl.fleetsizing.DynamicFleetSizingBase-INFO-to deactivate: 0
75188-src.fleetctrl.fleetsizing.DynamicFleetSizingBase-INFO-to deactivate: 0
75188-src.fleetctrl.fleetsizing.DynamicFleetSizingBase-INFO-to deactivate: 0
75188-src.fleetctrl.fleetsizing.DynamicFleetSizingBase-INFO-to deactivate: 0
75188-src.fleetctrl.fleetsizing.DynamicFleetSizingBase-INFO-to deactivate: 0
75188-src.fleetctrl.fleetsizing.DynamicFleetSizingBase-INFO-to deactivate: 0
75188-src.fleetctrl.fleetsizing.DynamicFleetSizingBase-INFO-to deactivate: 0
75188-src.fleetctrl.fleetsizing.DynamicFleetSizingBase-INFO-Activating vehicle veh 2 at pos (np.float64(19.0), None, None) with soc 1.0 leg status VRL_STATES.OUT_OF_SERVICE remaining time 9996390 number remaining legs: 1 ob : [] from depot <src.infra.ChargingInfrastructure.Depot object at 0x0000016B4927B6D0> (plan time: 28800)
75188-src.fleetctrl.fleetsizing.DynamicFleetSizingBase-INFO-to deactivate: 0
75188-src.fleetctrl.fleetsizing.DynamicFleetSizingBase-INFO-to deactivate: 0
75188-src.fleetctrl.fleetsizing.DynamicFleetSizingBase-INFO-to deactivate: 0
75188-src.fleetctrl.fleetsizing.DynamicFleetSizingBase-INFO-to deactivate: 0
75188-src.fleetctrl.fleetsizing.DynamicFleetSizingBase-INFO-to deactivate: 0
75188-src.fleetctrl.fleetsizing.DynamicFleetSizingBase-INFO-to deactivate: 0
75188-src.fleetctrl.fleetsizing.DynamicFleetSizingBase-INFO-to deactivate: 0
75188-src.fleetctrl.fleetsizing.DynamicFleetSizingBase-INFO-to deactivate: 0
75188-src.fleetctrl.fleetsizing.DynamicFleetSizingBase-INFO-to deactivate: 0
75188-src.fleetctrl.fleetsizing.DynamicFleetSizingBase-INFO-to deactivate: 0
75188-src.fleetctrl.fleetsizing.DynamicFleetSizingBase-INFO-to deactivate: 0
75188-src.fleetctrl.fleetsizing.DynamicFleetSizingBase-INFO-to deactivate: 0
75188-src.routing.NetworkBasic-INFO-STOCHASTIC NETWORK UPDATE HAPPENED HERE FOR SIMULATION TIME 28920
75188-src.fleetctrl.fleetsizing.DynamicFleetSizingBase-INFO-to deactivate: 0
75188-src.fleetctrl.fleetsizing.DynamicFleetSizingBase-INFO-to deactivate: 0
75188-src.fleetctrl.fleetsizing.DynamicFleetSizingBase-INFO-to deactivate: 0
75188-src.fleetctrl.fleetsizing.DynamicFleetSizingBase-INFO-to deactivate: 0
75188-src.fleetctrl.fleetsizing.DynamicFleetSizingBase-INFO-to deactivate: 0
75188-src.fleetctrl.fleetsizing.DynamicFleetSizingBase-INFO-to deactivate: 0
75188-src.fleetctrl.fleetsizing.DynamicFleetSizingBase-INFO-to deactivate: 0
75188-src.fleetctrl.fleetsizing.DynamicFleetSizingBase-INFO-to deactivate: 0
75188-src.fleetctrl.fleetsizing.DynamicFleetSizingBase-INFO-to deactivate: 0
75188-src.fleetctrl.fleetsizing.DynamicFleetSizingBase-INFO-to deactivate: 0
75188-src.fleetctrl.fleetsizing.DynamicFleetSizingBase-INFO-to deactivate: 0
75188-src.fleetctrl.fleetsizing.DynamicFleetSizingBase-INFO-to deactivate: 0
75188-src.fleetctrl.fleetsizing.DynamicFleetSizingBase-INFO-to deactivate: 0
75188-src.fleetctrl.fleetsizing.DynamicFleetSizingBase-INFO-to deactivate: 0
75188-src.fleetctrl.fleetsizing.DynamicFleetSizingBase-INFO-to deactivate: 0
75188-src.fleetctrl.fleetsizing.DynamicFleetSizingBase-INFO-to deactivate: 0
75188-src.fleetctrl.fleetsizing.DynamicFleetSizingBase-INFO-to deactivate: 0
75188-src.fleetctrl.fleetsizing.DynamicFleetSizingBase-INFO-to deactivate: 0
75188-src.fleetctrl.fleetsizing.DynamicFleetSizingBase-INFO-to deactivate: 0
75188-src.fleetctrl.fleetsizing.DynamicFleetSizingBase-INFO-to deactivate: 0
75188-src.fleetctrl.fleetsizing.DynamicFleetSizingBase-INFO-to deactivate: 0
75188-src.fleetctrl.fleetsizing.DynamicFleetSizingBase-INFO-to deactivate: 0
75188-src.fleetctrl.fleetsizing.DynamicFleetSizingBase-INFO-to deactivate: 0
75188-src.fleetctrl.fleetsizing.DynamicFleetSizingBase-INFO-to deactivate: 0
75188-src.fleetctrl.fleetsizing.DynamicFleetSizingBase-INFO-to deactivate: 0
75188-src.fleetctrl.fleetsizing.DynamicFleetSizingBase-INFO-to deactivate: 0
75188-src.fleetctrl.fleetsizing.DynamicFleetSizingBase-INFO-to deactivate: 0
75188-src.fleetctrl.fleetsizing.DynamicFleetSizingBase-INFO-to deactivate: 0
75188-src.fleetctrl.fleetsizing.DynamicFleetSizingBase-INFO-to deactivate: 0
75188-src.fleetctrl.fleetsizing.DynamicFleetSizingBase-INFO-to deactivate: 0
75188-src.fleetctrl.fleetsizing.DynamicFleetSizingBase-INFO-to deactivate: 0
75188-src.fleetctrl.fleetsizing.DynamicFleetSizingBase-INFO-to deactivate: 0
75188-src.fleetctrl.fleetsizing.DynamicFleetSizingBase-INFO-to deactivate: 0
75188-src.fleetctrl.fleetsizing.DynamicFleetSizingBase-INFO-to deactivate: 0
75188-src.fleetctrl.fleetsizing.DynamicFleetSizingBase-INFO-to deactivate: 0
75188-src.fleetctrl.fleetsizing.DynamicFleetSizingBase-INFO-to deactivate: 0
75188-src.fleetctrl.fleetsizing.DynamicFleetSizingBase-INFO-to deactivate: 0
75188-src.fleetctrl.fleetsizing.DynamicFleetSizingBase-INFO-to deactivate: 0
75188-src.fleetctrl.fleetsizing.DynamicFleetSizingBase-INFO-to deactivate: 0
75188-src.fleetctrl.fleetsizing.DynamicFleetSizingBase-INFO-to deactivate: 0
75188-src.fleetctrl.fleetsizing.DynamicFleetSizingBase-INFO-to deactivate: 0
75188-src.fleetctrl.fleetsizing.DynamicFleetSizingBase-INFO-to deactivate: 0
75188-src.fleetctrl.fleetsizing.DynamicFleetSizingBase-INFO-to deactivate: 0
75188-src.fleetctrl.fleetsizing.DynamicFleetSizingBase-INFO-to deactivate: 0
75188-src.fleetctrl.fleetsizing.DynamicFleetSizingBase-INFO-to deactivate: 0
75188-src.fleetctrl.fleetsizing.DynamicFleetSizingBase-INFO-to deactivate: 0
75188-src.fleetctrl.fleetsizing.DynamicFleetSizingBase-INFO-to deactivate: 0
75188-src.fleetctrl.fleetsizing.DynamicFleetSizingBase-INFO-to deactivate: 0
75188-src.fleetctrl.fleetsizing.DynamicFleetSizingBase-INFO-to deactivate: 0
75188-src.fleetctrl.fleetsizing.DynamicFleetSizingBase-INFO-to deactivate: 0
75188-src.fleetctrl.fleetsizing.DynamicFleetSizingBase-INFO-to deactivate: 0
75188-src.fleetctrl.fleetsizing.DynamicFleetSizingBase-INFO-to deactivate: 0
75188-src.fleetctrl.fleetsizing.DynamicFleetSizingBase-INFO-to deactivate: 0
75188-src.fleetctrl.fleetsizing.DynamicFleetSizingBase-INFO-to deactivate: 0
75188-src.fleetctrl.fleetsizing.DynamicFleetSizingBase-INFO-to deactivate: 0
75188-src.fleetctrl.fleetsizing.DynamicFleetSizingBase-INFO-to deactivate: 0
75188-src.fleetctrl.fleetsizing.DynamicFleetSizingBase-INFO-to deactivate: 0
75188-src.fleetctrl.fleetsizing.DynamicFleetSizingBase-INFO-to deactivate: 0
75188-src.fleetctrl.fleetsizing.DynamicFleetSizingBase-INFO-to deactivate: 0
75188-src.fleetctrl.fleetsizing.DynamicFleetSizingBase-INFO-to deactivate: 0
75188-src.routing.NetworkBasic-INFO-STOCHASTIC NETWORK UPDATE HAPPENED HERE FOR SIMULATION TIME 29520
75188-src.fleetctrl.fleetsizing.DynamicFleetSizingBase-INFO-to deactivate: 0
75188-src.fleetctrl.fleetsizing.DynamicFleetSizingBase-INFO-to deactivate: 0
75188-src.fleetctrl.fleetsizing.DynamicFleetSizingBase-INFO-to deactivate: 0
75188-src.fleetctrl.fleetsizing.DynamicFleetSizingBase-INFO-to deactivate: 0
75188-src.fleetctrl.fleetsizing.DynamicFleetSizingBase-INFO-to deactivate: 0
75188-src.fleetctrl.fleetsizing.DynamicFleetSizingBase-INFO-to deactivate: 0
75188-src.fleetctrl.fleetsizing.DynamicFleetSizingBase-INFO-to deactivate: 0
75188-src.fleetctrl.fleetsizing.DynamicFleetSizingBase-INFO-to deactivate: 0
75188-src.fleetctrl.fleetsizing.DynamicFleetSizingBase-INFO-to deactivate: 0
75188-src.fleetctrl.fleetsizing.DynamicFleetSizingBase-INFO-to deactivate: 0
75188-src.fleetctrl.fleetsizing.DynamicFleetSizingBase-INFO-to deactivate: 0
75188-src.fleetctrl.fleetsizing.DynamicFleetSizingBase-INFO-to deactivate: 0
75188-src.fleetctrl.fleetsizing.DynamicFleetSizingBase-INFO-to deactivate: 0
75188-src.fleetctrl.fleetsizing.DynamicFleetSizingBase-INFO-to deactivate: 0
75188-src.fleetctrl.fleetsizing.DynamicFleetSizingBase-INFO-to deactivate: 0
75188-src.fleetctrl.fleetsizing.DynamicFleetSizingBase-INFO-to deactivate: 0
75188-src.fleetctrl.fleetsizing.DynamicFleetSizingBase-INFO-to deactivate: 0
75188-src.fleetctrl.fleetsizing.DynamicFleetSizingBase-INFO-to deactivate: 0
75188-src.fleetctrl.fleetsizing.DynamicFleetSizingBase-INFO-to deactivate: 0
75188-src.fleetctrl.fleetsizing.DynamicFleetSizingBase-INFO-to deactivate: 0
75188-src.fleetctrl.fleetsizing.DynamicFleetSizingBase-INFO-to deactivate: 0
75188-src.fleetctrl.fleetsizing.DynamicFleetSizingBase-INFO-to deactivate: 0
75188-src.fleetctrl.fleetsizing.DynamicFleetSizingBase-INFO-to deactivate: 0
75188-src.fleetctrl.fleetsizing.DynamicFleetSizingBase-INFO-to deactivate: 0
75188-src.fleetctrl.fleetsizing.DynamicFleetSizingBase-INFO-to deactivate: 0
75188-src.fleetctrl.fleetsizing.DynamicFleetSizingBase-INFO-to deactivate: 0
75188-src.fleetctrl.fleetsizing.DynamicFleetSizingBase-INFO-to deactivate: 0
75188-src.fleetctrl.fleetsizing.DynamicFleetSizingBase-INFO-to deactivate: 0
75188-src.fleetctrl.fleetsizing.DynamicFleetSizingBase-INFO-to deactivate: 0
75188-src.fleetctrl.fleetsizing.DynamicFleetSizingBase-INFO-to deactivate: 0
75188-src.fleetctrl.fleetsizing.DynamicFleetSizingBase-INFO-to deactivate: 0
75188-src.fleetctrl.fleetsizing.DynamicFleetSizingBase-INFO-to deactivate: 0
75188-src.fleetctrl.fleetsizing.DynamicFleetSizingBase-INFO-to deactivate: 0
75188-src.fleetctrl.fleetsizing.DynamicFleetSizingBase-INFO-to deactivate: 0
75188-src.fleetctrl.fleetsizing.DynamicFleetSizingBase-INFO-to deactivate: 0
75188-src.fleetctrl.fleetsizing.DynamicFleetSizingBase-INFO-to deactivate: 0
75188-src.fleetctrl.fleetsizing.DynamicFleetSizingBase-INFO-to deactivate: 0
75188-src.fleetctrl.fleetsizing.DynamicFleetSizingBase-INFO-to deactivate: 0
75188-src.fleetctrl.fleetsizing.DynamicFleetSizingBase-INFO-to deactivate: 0
75188-src.fleetctrl.fleetsizing.DynamicFleetSizingBase-INFO-to deactivate: 0
75188-src.fleetctrl.fleetsizing.DynamicFleetSizingBase-INFO-to deactivate: 0
75188-src.fleetctrl.fleetsizing.DynamicFleetSizingBase-INFO-to deactivate: 0
75188-src.fleetctrl.fleetsizing.DynamicFleetSizingBase-INFO-to deactivate: 0
75188-src.fleetctrl.fleetsizing.DynamicFleetSizingBase-INFO-to deactivate: 0
75188-src.fleetctrl.fleetsizing.DynamicFleetSizingBase-INFO-to deactivate: 0
75188-src.fleetctrl.fleetsizing.DynamicFleetSizingBase-INFO-to deactivate: 0
75188-src.fleetctrl.fleetsizing.DynamicFleetSizingBase-INFO-to deactivate: 0
75188-src.fleetctrl.fleetsizing.DynamicFleetSizingBase-INFO-to deactivate: 0
75188-src.fleetctrl.fleetsizing.DynamicFleetSizingBase-INFO-to deactivate: 0
75188-src.fleetctrl.fleetsizing.DynamicFleetSizingBase-INFO-to deactivate: 0
75188-src.fleetctrl.fleetsizing.DynamicFleetSizingBase-INFO-to deactivate: 0
75188-src.fleetctrl.fleetsizing.DynamicFleetSizingBase-INFO-to deactivate: 0
75188-src.fleetctrl.fleetsizing.DynamicFleetSizingBase-INFO-to deactivate: 0
75188-src.fleetctrl.fleetsizing.DynamicFleetSizingBase-INFO-to deactivate: 0
75188-src.fleetctrl.fleetsizing.DynamicFleetSizingBase-INFO-to deactivate: 0
75188-src.fleetctrl.fleetsizing.DynamicFleetSizingBase-INFO-to deactivate: 0
75188-src.fleetctrl.fleetsizing.DynamicFleetSizingBase-INFO-to deactivate: 0
75188-src.fleetctrl.fleetsizing.DynamicFleetSizingBase-INFO-to deactivate: 0
75188-src.fleetctrl.fleetsizing.DynamicFleetSizingBase-INFO-to deactivate: 0
75188-src.fleetctrl.fleetsizing.DynamicFleetSizingBase-INFO-to deactivate: 0
75188-src.routing.NetworkBasic-INFO-STOCHASTIC NETWORK UPDATE HAPPENED HERE FOR SIMULATION TIME 30120
75188-src.fleetctrl.fleetsizing.DynamicFleetSizingBase-INFO-to deactivate: 0
75188-src.fleetctrl.fleetsizing.DynamicFleetSizingBase-INFO-to deactivate: 0
75188-src.fleetctrl.fleetsizing.DynamicFleetSizingBase-INFO-to deactivate: 0
75188-src.fleetctrl.fleetsizing.DynamicFleetSizingBase-INFO-to deactivate: 0
75188-src.fleetctrl.fleetsizing.DynamicFleetSizingBase-INFO-to deactivate: 0
75188-src.fleetctrl.fleetsizing.DynamicFleetSizingBase-INFO-to deactivate: 0
75188-src.fleetctrl.fleetsizing.DynamicFleetSizingBase-INFO-to deactivate: 0
75188-src.fleetctrl.fleetsizing.DynamicFleetSizingBase-INFO-to deactivate: 0
75188-src.fleetctrl.fleetsizing.DynamicFleetSizingBase-INFO-to deactivate: 0
75188-src.fleetctrl.fleetsizing.DynamicFleetSizingBase-INFO-to deactivate: 0
75188-src.fleetctrl.fleetsizing.DynamicFleetSizingBase-INFO-to deactivate: 0
75188-src.fleetctrl.fleetsizing.DynamicFleetSizingBase-INFO-to deactivate: 0
75188-src.fleetctrl.fleetsizing.DynamicFleetSizingBase-INFO-to deactivate: 0
75188-src.fleetctrl.fleetsizing.DynamicFleetSizingBase-INFO-to deactivate: 0
75188-src.fleetctrl.fleetsizing.DynamicFleetSizingBase-INFO-to deactivate: 0
75188-src.fleetctrl.fleetsizing.DynamicFleetSizingBase-INFO-to deactivate: 0
75188-src.fleetctrl.fleetsizing.DynamicFleetSizingBase-INFO-to deactivate: 0
75188-src.fleetctrl.fleetsizing.DynamicFleetSizingBase-INFO-to deactivate: 0
75188-src.fleetctrl.fleetsizing.DynamicFleetSizingBase-INFO-to deactivate: 0
75188-src.fleetctrl.fleetsizing.DynamicFleetSizingBase-INFO-to deactivate: 0
75188-src.fleetctrl.fleetsizing.DynamicFleetSizingBase-INFO-to deactivate: 0
75188-src.fleetctrl.fleetsizing.DynamicFleetSizingBase-INFO-to deactivate: 0
75188-src.fleetctrl.fleetsizing.DynamicFleetSizingBase-INFO-to deactivate: 0
75188-src.fleetctrl.fleetsizing.DynamicFleetSizingBase-INFO-to deactivate: 0
75188-src.fleetctrl.fleetsizing.DynamicFleetSizingBase-INFO-to deactivate: 0
75188-src.fleetctrl.fleetsizing.DynamicFleetSizingBase-INFO-to deactivate: 0
75188-src.fleetctrl.fleetsizing.DynamicFleetSizingBase-INFO-to deactivate: 0
75188-src.fleetctrl.fleetsizing.DynamicFleetSizingBase-INFO-to deactivate: 0
75188-src.fleetctrl.fleetsizing.DynamicFleetSizingBase-INFO-to deactivate: 0
75188-src.fleetctrl.fleetsizing.DynamicFleetSizingBase-INFO-to deactivate: 0
75188-src.fleetctrl.fleetsizing.DynamicFleetSizingBase-INFO-to deactivate: 0
75188-src.fleetctrl.fleetsizing.DynamicFleetSizingBase-INFO-to deactivate: 0
75188-src.fleetctrl.fleetsizing.DynamicFleetSizingBase-INFO-to deactivate: 0
75188-src.fleetctrl.fleetsizing.DynamicFleetSizingBase-INFO-to deactivate: 0
75188-src.fleetctrl.fleetsizing.DynamicFleetSizingBase-INFO-to deactivate: 0
75188-src.fleetctrl.fleetsizing.DynamicFleetSizingBase-INFO-to deactivate: 0
75188-src.fleetctrl.fleetsizing.DynamicFleetSizingBase-INFO-to deactivate: 0
75188-src.fleetctrl.fleetsizing.DynamicFleetSizingBase-INFO-to deactivate: 0
75188-src.fleetctrl.fleetsizing.DynamicFleetSizingBase-INFO-to deactivate: 0
75188-src.fleetctrl.fleetsizing.DynamicFleetSizingBase-INFO-to deactivate: 0
75188-src.fleetctrl.fleetsizing.DynamicFleetSizingBase-INFO-to deactivate: 0
75188-src.fleetctrl.fleetsizing.DynamicFleetSizingBase-INFO-to deactivate: 0
75188-src.fleetctrl.fleetsizing.DynamicFleetSizingBase-INFO-to deactivate: 0
75188-src.fleetctrl.fleetsizing.DynamicFleetSizingBase-INFO-to deactivate: 0
75188-src.fleetctrl.fleetsizing.DynamicFleetSizingBase-INFO-to deactivate: 0
75188-src.fleetctrl.fleetsizing.DynamicFleetSizingBase-INFO-to deactivate: 0
75188-src.fleetctrl.fleetsizing.DynamicFleetSizingBase-INFO-to deactivate: 0
75188-src.fleetctrl.fleetsizing.DynamicFleetSizingBase-INFO-to deactivate: 0
75188-src.fleetctrl.fleetsizing.DynamicFleetSizingBase-INFO-to deactivate: 0
75188-src.fleetctrl.fleetsizing.DynamicFleetSizingBase-INFO-to deactivate: 0
75188-src.fleetctrl.fleetsizing.DynamicFleetSizingBase-INFO-to deactivate: 0
75188-src.fleetctrl.fleetsizing.DynamicFleetSizingBase-INFO-to deactivate: 0
75188-src.fleetctrl.fleetsizing.DynamicFleetSizingBase-INFO-to deactivate: 0
75188-src.fleetctrl.fleetsizing.DynamicFleetSizingBase-INFO-to deactivate: 0
75188-src.fleetctrl.fleetsizing.DynamicFleetSizingBase-INFO-to deactivate: 0
75188-src.fleetctrl.fleetsizing.DynamicFleetSizingBase-INFO-to deactivate: 0
75188-src.fleetctrl.fleetsizing.DynamicFleetSizingBase-INFO-to deactivate: 0
75188-src.fleetctrl.fleetsizing.DynamicFleetSizingBase-INFO-to deactivate: 0
75188-src.fleetctrl.fleetsizing.DynamicFleetSizingBase-INFO-to deactivate: 0
75188-src.fleetctrl.fleetsizing.DynamicFleetSizingBase-INFO-to deactivate: 0
75188-src.routing.NetworkBasic-INFO-STOCHASTIC NETWORK UPDATE HAPPENED HERE FOR SIMULATION TIME 30720
75188-src.fleetctrl.fleetsizing.DynamicFleetSizingBase-INFO-to deactivate: 0
75188-src.fleetctrl.fleetsizing.DynamicFleetSizingBase-INFO-to deactivate: 0
75188-src.fleetctrl.fleetsizing.DynamicFleetSizingBase-INFO-to deactivate: 0
75188-src.fleetctrl.fleetsizing.DynamicFleetSizingBase-INFO-to deactivate: 0
75188-src.fleetctrl.fleetsizing.DynamicFleetSizingBase-INFO-to deactivate: 0
75188-src.fleetctrl.fleetsizing.DynamicFleetSizingBase-INFO-to deactivate: 0
75188-src.fleetctrl.fleetsizing.DynamicFleetSizingBase-INFO-to deactivate: 0
75188-src.fleetctrl.fleetsizing.DynamicFleetSizingBase-INFO-to deactivate: 0
75188-src.fleetctrl.fleetsizing.DynamicFleetSizingBase-INFO-to deactivate: 0
75188-src.fleetctrl.fleetsizing.DynamicFleetSizingBase-INFO-to deactivate: 0
75188-src.fleetctrl.fleetsizing.DynamicFleetSizingBase-INFO-to deactivate: 0
75188-src.fleetctrl.fleetsizing.DynamicFleetSizingBase-INFO-to deactivate: 0
75188-src.fleetctrl.fleetsizing.DynamicFleetSizingBase-INFO-to deactivate: 0
75188-src.fleetctrl.fleetsizing.DynamicFleetSizingBase-INFO-to deactivate: 0
75188-src.fleetctrl.fleetsizing.DynamicFleetSizingBase-INFO-to deactivate: 0
75188-src.fleetctrl.fleetsizing.DynamicFleetSizingBase-INFO-to deactivate: 0
75188-src.fleetctrl.fleetsizing.DynamicFleetSizingBase-INFO-to deactivate: 0
75188-src.fleetctrl.fleetsizing.DynamicFleetSizingBase-INFO-to deactivate: 0
75188-src.fleetctrl.fleetsizing.DynamicFleetSizingBase-INFO-to deactivate: 0
75188-src.fleetctrl.fleetsizing.DynamicFleetSizingBase-INFO-to deactivate: 0
75188-src.fleetctrl.fleetsizing.DynamicFleetSizingBase-INFO-to deactivate: 0
75188-src.fleetctrl.fleetsizing.DynamicFleetSizingBase-INFO-to deactivate: 0
75188-src.fleetctrl.fleetsizing.DynamicFleetSizingBase-INFO-to deactivate: 0
75188-src.fleetctrl.fleetsizing.DynamicFleetSizingBase-INFO-to deactivate: 0
75188-src.fleetctrl.fleetsizing.DynamicFleetSizingBase-INFO-to deactivate: 0
75188-src.fleetctrl.fleetsizing.DynamicFleetSizingBase-INFO-to deactivate: 0
75188-src.fleetctrl.fleetsizing.DynamicFleetSizingBase-INFO-to deactivate: 0
75188-src.fleetctrl.fleetsizing.DynamicFleetSizingBase-INFO-to deactivate: 0
75188-src.fleetctrl.fleetsizing.DynamicFleetSizingBase-INFO-to deactivate: 0
75188-src.fleetctrl.fleetsizing.DynamicFleetSizingBase-INFO-to deactivate: 0
75188-src.fleetctrl.fleetsizing.DynamicFleetSizingBase-INFO-to deactivate: 0
75188-src.fleetctrl.fleetsizing.DynamicFleetSizingBase-INFO-to deactivate: 0
75188-src.fleetctrl.fleetsizing.DynamicFleetSizingBase-INFO-to deactivate: 0
75188-src.fleetctrl.fleetsizing.DynamicFleetSizingBase-INFO-to deactivate: 0
75188-src.fleetctrl.fleetsizing.DynamicFleetSizingBase-INFO-to deactivate: 0
75188-src.fleetctrl.fleetsizing.DynamicFleetSizingBase-INFO-to deactivate: 0
75188-src.fleetctrl.fleetsizing.DynamicFleetSizingBase-INFO-to deactivate: 0
75188-src.fleetctrl.fleetsizing.DynamicFleetSizingBase-INFO-to deactivate: 0
75188-src.fleetctrl.fleetsizing.DynamicFleetSizingBase-INFO-to deactivate: 0
75188-src.fleetctrl.fleetsizing.DynamicFleetSizingBase-INFO-to deactivate: 0
75188-src.fleetctrl.fleetsizing.DynamicFleetSizingBase-INFO-to deactivate: 0
75188-src.fleetctrl.fleetsizing.DynamicFleetSizingBase-INFO-to deactivate: 0
75188-src.fleetctrl.fleetsizing.DynamicFleetSizingBase-INFO-to deactivate: 0
75188-src.fleetctrl.fleetsizing.DynamicFleetSizingBase-INFO-to deactivate: 0
75188-src.fleetctrl.fleetsizing.DynamicFleetSizingBase-INFO-to deactivate: 0
75188-src.fleetctrl.fleetsizing.DynamicFleetSizingBase-INFO-to deactivate: 0
75188-src.fleetctrl.fleetsizing.DynamicFleetSizingBase-INFO-to deactivate: 0
75188-src.fleetctrl.fleetsizing.DynamicFleetSizingBase-INFO-to deactivate: 0
75188-src.fleetctrl.fleetsizing.DynamicFleetSizingBase-INFO-to deactivate: 0
75188-src.fleetctrl.fleetsizing.DynamicFleetSizingBase-INFO-to deactivate: 0
75188-src.fleetctrl.fleetsizing.DynamicFleetSizingBase-INFO-to deactivate: 0
75188-src.fleetctrl.fleetsizing.DynamicFleetSizingBase-INFO-to deactivate: 0
75188-src.fleetctrl.fleetsizing.DynamicFleetSizingBase-INFO-to deactivate: 0
75188-src.fleetctrl.fleetsizing.DynamicFleetSizingBase-INFO-to deactivate: 0
75188-src.fleetctrl.fleetsizing.DynamicFleetSizingBase-INFO-to deactivate: 0
75188-src.fleetctrl.fleetsizing.DynamicFleetSizingBase-INFO-to deactivate: 0
75188-src.fleetctrl.fleetsizing.DynamicFleetSizingBase-INFO-to deactivate: 0
75188-src.fleetctrl.fleetsizing.DynamicFleetSizingBase-INFO-to deactivate: 0
75188-src.fleetctrl.fleetsizing.DynamicFleetSizingBase-INFO-to deactivate: 0
75188-src.fleetctrl.fleetsizing.DynamicFleetSizingBase-INFO-to deactivate: 0
75188-src.routing.NetworkBasic-INFO-STOCHASTIC NETWORK UPDATE HAPPENED HERE FOR SIMULATION TIME 31320
75188-src.fleetctrl.fleetsizing.DynamicFleetSizingBase-INFO-to deactivate: 0
75188-src.fleetctrl.fleetsizing.DynamicFleetSizingBase-INFO-to deactivate: 0
75188-src.fleetctrl.fleetsizing.DynamicFleetSizingBase-INFO-to deactivate: 0
75188-src.fleetctrl.fleetsizing.DynamicFleetSizingBase-INFO-to deactivate: 0
75188-src.fleetctrl.fleetsizing.DynamicFleetSizingBase-INFO-to deactivate: 0
75188-src.fleetctrl.fleetsizing.DynamicFleetSizingBase-INFO-to deactivate: 0
75188-src.fleetctrl.fleetsizing.DynamicFleetSizingBase-INFO-to deactivate: 0
75188-src.fleetctrl.fleetsizing.DynamicFleetSizingBase-INFO-to deactivate: 0
75188-src.fleetctrl.fleetsizing.DynamicFleetSizingBase-INFO-to deactivate: 0
75188-src.fleetctrl.fleetsizing.DynamicFleetSizingBase-INFO-to deactivate: 0
75188-src.fleetctrl.fleetsizing.DynamicFleetSizingBase-INFO-to deactivate: 0
75188-src.fleetctrl.fleetsizing.DynamicFleetSizingBase-INFO-to deactivate: 0
75188-src.fleetctrl.fleetsizing.DynamicFleetSizingBase-INFO-to deactivate: 0
75188-src.fleetctrl.fleetsizing.DynamicFleetSizingBase-INFO-to deactivate: 0
75188-src.fleetctrl.fleetsizing.DynamicFleetSizingBase-INFO-to deactivate: 0
75188-src.fleetctrl.fleetsizing.DynamicFleetSizingBase-INFO-to deactivate: 0
75188-src.fleetctrl.fleetsizing.DynamicFleetSizingBase-INFO-to deactivate: 0
75188-src.fleetctrl.fleetsizing.DynamicFleetSizingBase-INFO-to deactivate: 0
75188-src.fleetctrl.fleetsizing.DynamicFleetSizingBase-INFO-to deactivate: 0
75188-src.fleetctrl.fleetsizing.DynamicFleetSizingBase-INFO-to deactivate: 0
75188-src.fleetctrl.fleetsizing.DynamicFleetSizingBase-INFO-to deactivate: 0
75188-src.fleetctrl.fleetsizing.DynamicFleetSizingBase-INFO-to deactivate: 0
75188-src.fleetctrl.fleetsizing.DynamicFleetSizingBase-INFO-to deactivate: 0
75188-src.fleetctrl.fleetsizing.DynamicFleetSizingBase-INFO-to deactivate: 0
75188-src.fleetctrl.fleetsizing.DynamicFleetSizingBase-INFO-to deactivate: 0
75188-src.fleetctrl.fleetsizing.DynamicFleetSizingBase-INFO-to deactivate: 0
75188-src.fleetctrl.fleetsizing.DynamicFleetSizingBase-INFO-to deactivate: 0
75188-src.fleetctrl.fleetsizing.DynamicFleetSizingBase-INFO-to deactivate: 0
75188-src.fleetctrl.fleetsizing.DynamicFleetSizingBase-INFO-to deactivate: 0
75188-src.fleetctrl.fleetsizing.DynamicFleetSizingBase-INFO-to deactivate: 0
75188-src.fleetctrl.fleetsizing.DynamicFleetSizingBase-INFO-to deactivate: 0
75188-src.fleetctrl.fleetsizing.DynamicFleetSizingBase-INFO-to deactivate: 0
75188-src.fleetctrl.fleetsizing.DynamicFleetSizingBase-INFO-to deactivate: 0
75188-src.fleetctrl.fleetsizing.DynamicFleetSizingBase-INFO-to deactivate: 0
75188-src.fleetctrl.fleetsizing.DynamicFleetSizingBase-INFO-to deactivate: 0
75188-src.fleetctrl.fleetsizing.DynamicFleetSizingBase-INFO-to deactivate: 0
75188-src.fleetctrl.fleetsizing.DynamicFleetSizingBase-INFO-to deactivate: 0
75188-src.fleetctrl.fleetsizing.DynamicFleetSizingBase-INFO-to deactivate: 0
75188-src.fleetctrl.fleetsizing.DynamicFleetSizingBase-INFO-to deactivate: 0
75188-src.fleetctrl.fleetsizing.DynamicFleetSizingBase-INFO-to deactivate: 0
75188-src.fleetctrl.fleetsizing.DynamicFleetSizingBase-INFO-to deactivate: 0
75188-src.fleetctrl.fleetsizing.DynamicFleetSizingBase-INFO-to deactivate: 0
75188-src.fleetctrl.fleetsizing.DynamicFleetSizingBase-INFO-to deactivate: 0
75188-src.fleetctrl.fleetsizing.DynamicFleetSizingBase-INFO-to deactivate: 0
75188-src.fleetctrl.fleetsizing.DynamicFleetSizingBase-INFO-to deactivate: 0
75188-src.fleetctrl.fleetsizing.DynamicFleetSizingBase-INFO-to deactivate: 0
75188-src.fleetctrl.fleetsizing.DynamicFleetSizingBase-INFO-to deactivate: 0
75188-src.fleetctrl.fleetsizing.DynamicFleetSizingBase-INFO-to deactivate: 0
75188-src.fleetctrl.fleetsizing.DynamicFleetSizingBase-INFO-to deactivate: 0
75188-src.fleetctrl.fleetsizing.DynamicFleetSizingBase-INFO-to deactivate: 0
75188-src.fleetctrl.fleetsizing.DynamicFleetSizingBase-INFO-to deactivate: 0
75188-src.fleetctrl.fleetsizing.DynamicFleetSizingBase-INFO-to deactivate: 0
75188-src.fleetctrl.fleetsizing.DynamicFleetSizingBase-INFO-to deactivate: 0
75188-src.fleetctrl.fleetsizing.DynamicFleetSizingBase-INFO-to deactivate: 0
75188-src.fleetctrl.fleetsizing.DynamicFleetSizingBase-INFO-to deactivate: 0
75188-src.fleetctrl.fleetsizing.DynamicFleetSizingBase-INFO-to deactivate: 0
75188-src.fleetctrl.fleetsizing.DynamicFleetSizingBase-INFO-to deactivate: 0
75188-src.fleetctrl.fleetsizing.DynamicFleetSizingBase-INFO-to deactivate: 0
75188-src.fleetctrl.fleetsizing.DynamicFleetSizingBase-INFO-to deactivate: 0
75188-src.fleetctrl.fleetsizing.DynamicFleetSizingBase-INFO-to deactivate: 0
75188-src.routing.NetworkBasic-INFO-STOCHASTIC NETWORK UPDATE HAPPENED HERE FOR SIMULATION TIME 31920
75188-src.fleetctrl.fleetsizing.DynamicFleetSizingBase-INFO-to deactivate: 0
75188-src.fleetctrl.fleetsizing.DynamicFleetSizingBase-INFO-to deactivate: 0
75188-src.fleetctrl.fleetsizing.DynamicFleetSizingBase-INFO-to deactivate: 0
75188-src.fleetctrl.fleetsizing.DynamicFleetSizingBase-INFO-to deactivate: 0
75188-src.fleetctrl.fleetsizing.DynamicFleetSizingBase-INFO-to deactivate: 0
75188-src.fleetctrl.fleetsizing.DynamicFleetSizingBase-INFO-to deactivate: 0
75188-src.fleetctrl.fleetsizing.DynamicFleetSizingBase-INFO-to deactivate: 0
75188-src.fleetctrl.fleetsizing.DynamicFleetSizingBase-INFO-to deactivate: 0
75188-src.fleetctrl.fleetsizing.DynamicFleetSizingBase-INFO-to deactivate: 0
75188-src.fleetctrl.fleetsizing.DynamicFleetSizingBase-INFO-to deactivate: 0
75188-src.fleetctrl.fleetsizing.DynamicFleetSizingBase-INFO-to deactivate: 0
75188-src.fleetctrl.fleetsizing.DynamicFleetSizingBase-INFO-to deactivate: 0
75188-src.fleetctrl.fleetsizing.DynamicFleetSizingBase-INFO-to deactivate: 0
75188-src.fleetctrl.fleetsizing.DynamicFleetSizingBase-INFO-to deactivate: 0
75188-src.fleetctrl.fleetsizing.DynamicFleetSizingBase-INFO-to deactivate: 0
75188-src.fleetctrl.fleetsizing.DynamicFleetSizingBase-INFO-to deactivate: 0
75188-src.fleetctrl.fleetsizing.DynamicFleetSizingBase-INFO-to deactivate: 0
75188-src.fleetctrl.fleetsizing.DynamicFleetSizingBase-INFO-to deactivate: 0
75188-src.fleetctrl.fleetsizing.DynamicFleetSizingBase-INFO-to deactivate: 0
75188-src.fleetctrl.fleetsizing.DynamicFleetSizingBase-INFO-to deactivate: 0
75188-src.fleetctrl.fleetsizing.DynamicFleetSizingBase-INFO-to deactivate: 0
75188-src.fleetctrl.fleetsizing.DynamicFleetSizingBase-INFO-to deactivate: 0
75188-src.fleetctrl.fleetsizing.DynamicFleetSizingBase-INFO-to deactivate: 0
75188-src.fleetctrl.fleetsizing.DynamicFleetSizingBase-INFO-to deactivate: 0
75188-src.fleetctrl.fleetsizing.DynamicFleetSizingBase-INFO-to deactivate: 0
75188-src.fleetctrl.fleetsizing.DynamicFleetSizingBase-INFO-to deactivate: 0
75188-src.fleetctrl.fleetsizing.DynamicFleetSizingBase-INFO-to deactivate: 0
75188-src.fleetctrl.fleetsizing.DynamicFleetSizingBase-INFO-to deactivate: 0
75188-src.fleetctrl.fleetsizing.DynamicFleetSizingBase-INFO-to deactivate: 0
75188-src.fleetctrl.fleetsizing.DynamicFleetSizingBase-INFO-to deactivate: 0
75188-src.fleetctrl.fleetsizing.DynamicFleetSizingBase-INFO-to deactivate: 0
75188-src.fleetctrl.fleetsizing.DynamicFleetSizingBase-INFO-to deactivate: 0
75188-src.fleetctrl.fleetsizing.DynamicFleetSizingBase-INFO-to deactivate: 0
75188-src.fleetctrl.fleetsizing.DynamicFleetSizingBase-INFO-to deactivate: 0
75188-src.fleetctrl.fleetsizing.DynamicFleetSizingBase-INFO-to deactivate: 0
75188-src.fleetctrl.fleetsizing.DynamicFleetSizingBase-INFO-to deactivate: 0
75188-src.fleetctrl.fleetsizing.DynamicFleetSizingBase-INFO-to deactivate: 0
75188-src.fleetctrl.fleetsizing.DynamicFleetSizingBase-INFO-to deactivate: 0
75188-src.fleetctrl.fleetsizing.DynamicFleetSizingBase-INFO-to deactivate: 0
75188-src.fleetctrl.fleetsizing.DynamicFleetSizingBase-INFO-to deactivate: 0
75188-src.fleetctrl.fleetsizing.DynamicFleetSizingBase-INFO-to deactivate: 0
75188-src.fleetctrl.fleetsizing.DynamicFleetSizingBase-INFO-to deactivate: 0
75188-src.fleetctrl.fleetsizing.DynamicFleetSizingBase-INFO-to deactivate: 0
75188-src.fleetctrl.fleetsizing.DynamicFleetSizingBase-INFO-to deactivate: 0
75188-src.fleetctrl.fleetsizing.DynamicFleetSizingBase-INFO-to deactivate: 0
75188-src.fleetctrl.fleetsizing.DynamicFleetSizingBase-INFO-to deactivate: 0
75188-src.fleetctrl.fleetsizing.DynamicFleetSizingBase-INFO-to deactivate: 0
75188-src.fleetctrl.fleetsizing.DynamicFleetSizingBase-INFO-to deactivate: 0
75188-src.routing.NetworkBasic-INFO-OPERATOR NETWORK UPDATE HAPPENED HERE FOR SIMULATION TIME 32400
75188-src.fleetctrl.fleetsizing.DynamicFleetSizingBase-INFO-Activating vehicle veh 3 at pos (np.float64(19.0), None, None) with soc 1.0 leg status VRL_STATES.OUT_OF_SERVICE remaining time 9992790 number remaining legs: 1 ob : [] from depot <src.infra.ChargingInfrastructure.Depot object at 0x0000016B4927B6D0> (plan time: 32400)
75188-src.fleetctrl.fleetsizing.DynamicFleetSizingBase-INFO-Activating vehicle veh 5 at pos (np.float64(19.0), None, None) with soc 1.0 leg status VRL_STATES.OUT_OF_SERVICE remaining time 9992790 number remaining legs: 1 ob : [] from depot <src.infra.ChargingInfrastructure.Depot object at 0x0000016B4927B6D0> (plan time: 32400)
75188-src.fleetctrl.fleetsizing.DynamicFleetSizingBase-INFO-to deactivate: 0
75188-src.fleetctrl.fleetsizing.DynamicFleetSizingBase-INFO-to deactivate: 0
75188-src.fleetctrl.fleetsizing.DynamicFleetSizingBase-INFO-to deactivate: 0
75188-src.fleetctrl.fleetsizing.DynamicFleetSizingBase-INFO-to deactivate: 0
75188-src.fleetctrl.fleetsizing.DynamicFleetSizingBase-INFO-to deactivate: 0
75188-src.fleetctrl.fleetsizing.DynamicFleetSizingBase-INFO-to deactivate: 0
75188-src.fleetctrl.fleetsizing.DynamicFleetSizingBase-INFO-to deactivate: 0
75188-src.fleetctrl.fleetsizing.DynamicFleetSizingBase-INFO-to deactivate: 0
75188-src.fleetctrl.fleetsizing.DynamicFleetSizingBase-INFO-to deactivate: 0
75188-src.fleetctrl.fleetsizing.DynamicFleetSizingBase-INFO-to deactivate: 0
75188-src.fleetctrl.fleetsizing.DynamicFleetSizingBase-INFO-to deactivate: 0
75188-src.fleetctrl.fleetsizing.DynamicFleetSizingBase-INFO-to deactivate: 0
75188-src.routing.NetworkBasic-INFO-STOCHASTIC NETWORK UPDATE HAPPENED HERE FOR SIMULATION TIME 32520
75188-src.fleetctrl.fleetsizing.DynamicFleetSizingBase-INFO-to deactivate: 0
75188-src.fleetctrl.fleetsizing.DynamicFleetSizingBase-INFO-to deactivate: 0
75188-src.fleetctrl.fleetsizing.DynamicFleetSizingBase-INFO-to deactivate: 0
75188-src.fleetctrl.fleetsizing.DynamicFleetSizingBase-INFO-to deactivate: 0
75188-src.fleetctrl.fleetsizing.DynamicFleetSizingBase-INFO-to deactivate: 0
75188-src.fleetctrl.fleetsizing.DynamicFleetSizingBase-INFO-to deactivate: 0
75188-src.fleetctrl.fleetsizing.DynamicFleetSizingBase-INFO-to deactivate: 0
75188-src.fleetctrl.fleetsizing.DynamicFleetSizingBase-INFO-to deactivate: 0
75188-src.fleetctrl.fleetsizing.DynamicFleetSizingBase-INFO-to deactivate: 0
75188-src.fleetctrl.fleetsizing.DynamicFleetSizingBase-INFO-to deactivate: 0
75188-src.fleetctrl.fleetsizing.DynamicFleetSizingBase-INFO-to deactivate: 0
75188-src.fleetctrl.fleetsizing.DynamicFleetSizingBase-INFO-to deactivate: 0
75188-src.fleetctrl.fleetsizing.DynamicFleetSizingBase-INFO-to deactivate: 0
75188-src.fleetctrl.fleetsizing.DynamicFleetSizingBase-INFO-to deactivate: 0
75188-src.fleetctrl.fleetsizing.DynamicFleetSizingBase-INFO-to deactivate: 0
75188-src.fleetctrl.fleetsizing.DynamicFleetSizingBase-INFO-to deactivate: 0
75188-src.fleetctrl.fleetsizing.DynamicFleetSizingBase-INFO-to deactivate: 0
75188-src.fleetctrl.fleetsizing.DynamicFleetSizingBase-INFO-to deactivate: 0
75188-src.fleetctrl.fleetsizing.DynamicFleetSizingBase-INFO-to deactivate: 0
75188-src.fleetctrl.fleetsizing.DynamicFleetSizingBase-INFO-to deactivate: 0
75188-src.fleetctrl.fleetsizing.DynamicFleetSizingBase-INFO-to deactivate: 0
75188-src.fleetctrl.fleetsizing.DynamicFleetSizingBase-INFO-to deactivate: 0
75188-src.fleetctrl.fleetsizing.DynamicFleetSizingBase-INFO-to deactivate: 0
75188-src.fleetctrl.fleetsizing.DynamicFleetSizingBase-INFO-to deactivate: 0
75188-src.fleetctrl.fleetsizing.DynamicFleetSizingBase-INFO-to deactivate: 0
75188-src.fleetctrl.fleetsizing.DynamicFleetSizingBase-INFO-to deactivate: 0
75188-src.fleetctrl.fleetsizing.DynamicFleetSizingBase-INFO-to deactivate: 0
75188-src.fleetctrl.fleetsizing.DynamicFleetSizingBase-INFO-to deactivate: 0
75188-src.fleetctrl.fleetsizing.DynamicFleetSizingBase-INFO-to deactivate: 0
75188-src.fleetctrl.fleetsizing.DynamicFleetSizingBase-INFO-to deactivate: 0
75188-src.fleetctrl.fleetsizing.DynamicFleetSizingBase-INFO-to deactivate: 0
75188-src.fleetctrl.fleetsizing.DynamicFleetSizingBase-INFO-to deactivate: 0
75188-src.fleetctrl.fleetsizing.DynamicFleetSizingBase-INFO-to deactivate: 0
75188-src.fleetctrl.fleetsizing.DynamicFleetSizingBase-INFO-to deactivate: 0
75188-src.fleetctrl.fleetsizing.DynamicFleetSizingBase-INFO-to deactivate: 0
75188-src.fleetctrl.fleetsizing.DynamicFleetSizingBase-INFO-to deactivate: 0
75188-src.fleetctrl.fleetsizing.DynamicFleetSizingBase-INFO-to deactivate: 0
75188-src.fleetctrl.fleetsizing.DynamicFleetSizingBase-INFO-to deactivate: 0
75188-src.fleetctrl.fleetsizing.DynamicFleetSizingBase-INFO-to deactivate: 0
75188-src.fleetctrl.fleetsizing.DynamicFleetSizingBase-INFO-to deactivate: 0
75188-src.fleetctrl.fleetsizing.DynamicFleetSizingBase-INFO-to deactivate: 0
75188-src.fleetctrl.fleetsizing.DynamicFleetSizingBase-INFO-to deactivate: 0
75188-src.fleetctrl.fleetsizing.DynamicFleetSizingBase-INFO-to deactivate: 0
75188-src.fleetctrl.fleetsizing.DynamicFleetSizingBase-INFO-to deactivate: 0
75188-src.fleetctrl.fleetsizing.DynamicFleetSizingBase-INFO-to deactivate: 0
75188-src.fleetctrl.fleetsizing.DynamicFleetSizingBase-INFO-to deactivate: 0
75188-src.fleetctrl.fleetsizing.DynamicFleetSizingBase-INFO-to deactivate: 0
75188-src.fleetctrl.fleetsizing.DynamicFleetSizingBase-INFO-to deactivate: 0
75188-src.fleetctrl.fleetsizing.DynamicFleetSizingBase-INFO-to deactivate: 0
75188-src.fleetctrl.fleetsizing.DynamicFleetSizingBase-INFO-to deactivate: 0
75188-src.fleetctrl.fleetsizing.DynamicFleetSizingBase-INFO-to deactivate: 0
75188-src.fleetctrl.fleetsizing.DynamicFleetSizingBase-INFO-to deactivate: 0
75188-src.fleetctrl.fleetsizing.DynamicFleetSizingBase-INFO-to deactivate: 0
75188-src.fleetctrl.fleetsizing.DynamicFleetSizingBase-INFO-to deactivate: 0
75188-src.fleetctrl.fleetsizing.DynamicFleetSizingBase-INFO-to deactivate: 0
75188-src.fleetctrl.fleetsizing.DynamicFleetSizingBase-INFO-to deactivate: 0
75188-src.fleetctrl.fleetsizing.DynamicFleetSizingBase-INFO-to deactivate: 0
75188-src.fleetctrl.fleetsizing.DynamicFleetSizingBase-INFO-to deactivate: 0
75188-src.fleetctrl.fleetsizing.DynamicFleetSizingBase-INFO-to deactivate: 0
75188-src.fleetctrl.fleetsizing.DynamicFleetSizingBase-INFO-to deactivate: 0
75188-src.routing.NetworkBasic-INFO-STOCHASTIC NETWORK UPDATE HAPPENED HERE FOR SIMULATION TIME 33120
75188-src.fleetctrl.fleetsizing.DynamicFleetSizingBase-INFO-to deactivate: 0
75188-src.fleetctrl.fleetsizing.DynamicFleetSizingBase-INFO-to deactivate: 0
75188-src.fleetctrl.fleetsizing.DynamicFleetSizingBase-INFO-to deactivate: 0
75188-src.fleetctrl.fleetsizing.DynamicFleetSizingBase-INFO-to deactivate: 0
75188-src.fleetctrl.fleetsizing.DynamicFleetSizingBase-INFO-to deactivate: 0
75188-src.fleetctrl.fleetsizing.DynamicFleetSizingBase-INFO-to deactivate: 0
75188-src.fleetctrl.fleetsizing.DynamicFleetSizingBase-INFO-to deactivate: 0
75188-src.fleetctrl.fleetsizing.DynamicFleetSizingBase-INFO-to deactivate: 0
75188-src.fleetctrl.fleetsizing.DynamicFleetSizingBase-INFO-to deactivate: 0
75188-src.fleetctrl.fleetsizing.DynamicFleetSizingBase-INFO-to deactivate: 0
75188-src.fleetctrl.fleetsizing.DynamicFleetSizingBase-INFO-to deactivate: 0
75188-src.fleetctrl.fleetsizing.DynamicFleetSizingBase-INFO-to deactivate: 0
75188-src.fleetctrl.fleetsizing.DynamicFleetSizingBase-INFO-to deactivate: 0
75188-src.fleetctrl.fleetsizing.DynamicFleetSizingBase-INFO-to deactivate: 0
75188-src.fleetctrl.fleetsizing.DynamicFleetSizingBase-INFO-to deactivate: 0
75188-src.fleetctrl.fleetsizing.DynamicFleetSizingBase-INFO-to deactivate: 0
75188-src.fleetctrl.fleetsizing.DynamicFleetSizingBase-INFO-to deactivate: 0
75188-src.fleetctrl.fleetsizing.DynamicFleetSizingBase-INFO-to deactivate: 0
75188-src.fleetctrl.fleetsizing.DynamicFleetSizingBase-INFO-to deactivate: 0
75188-src.fleetctrl.fleetsizing.DynamicFleetSizingBase-INFO-to deactivate: 0
75188-src.fleetctrl.fleetsizing.DynamicFleetSizingBase-INFO-to deactivate: 0
75188-src.fleetctrl.fleetsizing.DynamicFleetSizingBase-INFO-to deactivate: 0
75188-src.fleetctrl.fleetsizing.DynamicFleetSizingBase-INFO-to deactivate: 0
75188-src.fleetctrl.fleetsizing.DynamicFleetSizingBase-INFO-to deactivate: 0
75188-src.fleetctrl.fleetsizing.DynamicFleetSizingBase-INFO-to deactivate: 0
75188-src.fleetctrl.fleetsizing.DynamicFleetSizingBase-INFO-to deactivate: 0
75188-src.fleetctrl.fleetsizing.DynamicFleetSizingBase-INFO-to deactivate: 0
75188-src.fleetctrl.fleetsizing.DynamicFleetSizingBase-INFO-to deactivate: 0
75188-src.fleetctrl.fleetsizing.DynamicFleetSizingBase-INFO-to deactivate: 0
75188-src.fleetctrl.fleetsizing.DynamicFleetSizingBase-INFO-to deactivate: 0
75188-src.fleetctrl.fleetsizing.DynamicFleetSizingBase-INFO-to deactivate: 0
75188-src.fleetctrl.fleetsizing.DynamicFleetSizingBase-INFO-to deactivate: 0
75188-src.fleetctrl.fleetsizing.DynamicFleetSizingBase-INFO-to deactivate: 0
75188-src.fleetctrl.fleetsizing.DynamicFleetSizingBase-INFO-to deactivate: 0
75188-src.fleetctrl.fleetsizing.DynamicFleetSizingBase-INFO-to deactivate: 0
75188-src.fleetctrl.fleetsizing.DynamicFleetSizingBase-INFO-to deactivate: 0
75188-src.fleetctrl.fleetsizing.DynamicFleetSizingBase-INFO-to deactivate: 0
75188-src.fleetctrl.fleetsizing.DynamicFleetSizingBase-INFO-to deactivate: 0
75188-src.fleetctrl.fleetsizing.DynamicFleetSizingBase-INFO-to deactivate: 0
75188-src.fleetctrl.fleetsizing.DynamicFleetSizingBase-INFO-to deactivate: 0
75188-src.fleetctrl.fleetsizing.DynamicFleetSizingBase-INFO-to deactivate: 0
75188-src.fleetctrl.fleetsizing.DynamicFleetSizingBase-INFO-to deactivate: 0
75188-src.fleetctrl.fleetsizing.DynamicFleetSizingBase-INFO-to deactivate: 0
75188-src.fleetctrl.fleetsizing.DynamicFleetSizingBase-INFO-to deactivate: 0
75188-src.fleetctrl.fleetsizing.DynamicFleetSizingBase-INFO-to deactivate: 0
75188-src.fleetctrl.fleetsizing.DynamicFleetSizingBase-INFO-to deactivate: 0
75188-src.fleetctrl.fleetsizing.DynamicFleetSizingBase-INFO-to deactivate: 0
75188-src.fleetctrl.fleetsizing.DynamicFleetSizingBase-INFO-to deactivate: 0
75188-src.fleetctrl.fleetsizing.DynamicFleetSizingBase-INFO-to deactivate: 0
75188-src.fleetctrl.fleetsizing.DynamicFleetSizingBase-INFO-to deactivate: 0
75188-src.fleetctrl.fleetsizing.DynamicFleetSizingBase-INFO-to deactivate: 0
75188-src.fleetctrl.fleetsizing.DynamicFleetSizingBase-INFO-to deactivate: 0
75188-src.fleetctrl.fleetsizing.DynamicFleetSizingBase-INFO-to deactivate: 0
75188-src.fleetctrl.fleetsizing.DynamicFleetSizingBase-INFO-to deactivate: 0
75188-src.fleetctrl.fleetsizing.DynamicFleetSizingBase-INFO-to deactivate: 0
75188-src.fleetctrl.fleetsizing.DynamicFleetSizingBase-INFO-to deactivate: 0
75188-src.fleetctrl.fleetsizing.DynamicFleetSizingBase-INFO-to deactivate: 0
75188-src.fleetctrl.fleetsizing.DynamicFleetSizingBase-INFO-to deactivate: 0
75188-src.fleetctrl.fleetsizing.DynamicFleetSizingBase-INFO-to deactivate: 0
75188-src.fleetctrl.fleetsizing.DynamicFleetSizingBase-INFO-to deactivate: 0
75188-src.routing.NetworkBasic-INFO-STOCHASTIC NETWORK UPDATE HAPPENED HERE FOR SIMULATION TIME 33720
75188-src.fleetctrl.fleetsizing.DynamicFleetSizingBase-INFO-to deactivate: 0
75188-src.fleetctrl.fleetsizing.DynamicFleetSizingBase-INFO-to deactivate: 0
75188-src.fleetctrl.fleetsizing.DynamicFleetSizingBase-INFO-to deactivate: 0
75188-src.fleetctrl.fleetsizing.DynamicFleetSizingBase-INFO-to deactivate: 0
75188-src.fleetctrl.fleetsizing.DynamicFleetSizingBase-INFO-to deactivate: 0
75188-src.fleetctrl.fleetsizing.DynamicFleetSizingBase-INFO-to deactivate: 0
75188-src.fleetctrl.fleetsizing.DynamicFleetSizingBase-INFO-to deactivate: 0
75188-src.fleetctrl.fleetsizing.DynamicFleetSizingBase-INFO-to deactivate: 0
75188-src.fleetctrl.fleetsizing.DynamicFleetSizingBase-INFO-to deactivate: 0
75188-src.fleetctrl.fleetsizing.DynamicFleetSizingBase-INFO-to deactivate: 0
75188-src.fleetctrl.fleetsizing.DynamicFleetSizingBase-INFO-to deactivate: 0
75188-src.fleetctrl.fleetsizing.DynamicFleetSizingBase-INFO-to deactivate: 0
75188-src.fleetctrl.fleetsizing.DynamicFleetSizingBase-INFO-to deactivate: 0
75188-src.fleetctrl.fleetsizing.DynamicFleetSizingBase-INFO-to deactivate: 0
75188-src.fleetctrl.fleetsizing.DynamicFleetSizingBase-INFO-to deactivate: 0
75188-src.fleetctrl.fleetsizing.DynamicFleetSizingBase-INFO-to deactivate: 0
75188-src.fleetctrl.fleetsizing.DynamicFleetSizingBase-INFO-to deactivate: 0
75188-src.fleetctrl.fleetsizing.DynamicFleetSizingBase-INFO-to deactivate: 0
75188-src.fleetctrl.fleetsizing.DynamicFleetSizingBase-INFO-to deactivate: 0
75188-src.fleetctrl.fleetsizing.DynamicFleetSizingBase-INFO-to deactivate: 0
75188-src.fleetctrl.fleetsizing.DynamicFleetSizingBase-INFO-to deactivate: 0
75188-src.fleetctrl.fleetsizing.DynamicFleetSizingBase-INFO-to deactivate: 0
75188-src.fleetctrl.fleetsizing.DynamicFleetSizingBase-INFO-to deactivate: 0
75188-src.fleetctrl.fleetsizing.DynamicFleetSizingBase-INFO-to deactivate: 0
75188-src.fleetctrl.fleetsizing.DynamicFleetSizingBase-INFO-to deactivate: 0
75188-src.fleetctrl.fleetsizing.DynamicFleetSizingBase-INFO-to deactivate: 0
75188-src.fleetctrl.fleetsizing.DynamicFleetSizingBase-INFO-to deactivate: 0
75188-src.fleetctrl.fleetsizing.DynamicFleetSizingBase-INFO-to deactivate: 0
75188-src.fleetctrl.fleetsizing.DynamicFleetSizingBase-INFO-to deactivate: 0
75188-src.fleetctrl.fleetsizing.DynamicFleetSizingBase-INFO-to deactivate: 0
75188-src.fleetctrl.fleetsizing.DynamicFleetSizingBase-INFO-to deactivate: 0
75188-src.fleetctrl.fleetsizing.DynamicFleetSizingBase-INFO-to deactivate: 0
75188-src.fleetctrl.fleetsizing.DynamicFleetSizingBase-INFO-to deactivate: 0
75188-src.fleetctrl.fleetsizing.DynamicFleetSizingBase-INFO-to deactivate: 0
75188-src.fleetctrl.fleetsizing.DynamicFleetSizingBase-INFO-to deactivate: 0
75188-src.fleetctrl.fleetsizing.DynamicFleetSizingBase-INFO-to deactivate: 0
75188-src.fleetctrl.fleetsizing.DynamicFleetSizingBase-INFO-to deactivate: 0
75188-src.fleetctrl.fleetsizing.DynamicFleetSizingBase-INFO-to deactivate: 0
75188-src.fleetctrl.fleetsizing.DynamicFleetSizingBase-INFO-to deactivate: 0
75188-src.fleetctrl.fleetsizing.DynamicFleetSizingBase-INFO-to deactivate: 0
75188-src.fleetctrl.fleetsizing.DynamicFleetSizingBase-INFO-to deactivate: 0
75188-src.fleetctrl.fleetsizing.DynamicFleetSizingBase-INFO-to deactivate: 0
75188-src.fleetctrl.fleetsizing.DynamicFleetSizingBase-INFO-to deactivate: 0
75188-src.fleetctrl.fleetsizing.DynamicFleetSizingBase-INFO-to deactivate: 0
75188-src.fleetctrl.fleetsizing.DynamicFleetSizingBase-INFO-to deactivate: 0
75188-src.fleetctrl.fleetsizing.DynamicFleetSizingBase-INFO-to deactivate: 0
75188-src.fleetctrl.fleetsizing.DynamicFleetSizingBase-INFO-to deactivate: 0
75188-src.fleetctrl.fleetsizing.DynamicFleetSizingBase-INFO-to deactivate: 0
75188-src.fleetctrl.fleetsizing.DynamicFleetSizingBase-INFO-to deactivate: 0
75188-src.fleetctrl.fleetsizing.DynamicFleetSizingBase-INFO-to deactivate: 0
75188-src.fleetctrl.fleetsizing.DynamicFleetSizingBase-INFO-to deactivate: 0
75188-src.fleetctrl.fleetsizing.DynamicFleetSizingBase-INFO-to deactivate: 0
75188-src.fleetctrl.fleetsizing.DynamicFleetSizingBase-INFO-to deactivate: 0
75188-src.fleetctrl.fleetsizing.DynamicFleetSizingBase-INFO-to deactivate: 0
75188-src.fleetctrl.fleetsizing.DynamicFleetSizingBase-INFO-to deactivate: 0
75188-src.fleetctrl.fleetsizing.DynamicFleetSizingBase-INFO-to deactivate: 0
75188-src.fleetctrl.fleetsizing.DynamicFleetSizingBase-INFO-to deactivate: 0
75188-src.fleetctrl.fleetsizing.DynamicFleetSizingBase-INFO-to deactivate: 0
75188-src.fleetctrl.fleetsizing.DynamicFleetSizingBase-INFO-to deactivate: 0
75188-src.fleetctrl.fleetsizing.DynamicFleetSizingBase-INFO-to deactivate: 0
75188-src.routing.NetworkBasic-INFO-STOCHASTIC NETWORK UPDATE HAPPENED HERE FOR SIMULATION TIME 34320
75188-src.fleetctrl.fleetsizing.DynamicFleetSizingBase-INFO-to deactivate: 0
75188-src.fleetctrl.fleetsizing.DynamicFleetSizingBase-INFO-to deactivate: 0
75188-src.fleetctrl.fleetsizing.DynamicFleetSizingBase-INFO-to deactivate: 0
75188-src.fleetctrl.fleetsizing.DynamicFleetSizingBase-INFO-to deactivate: 0
75188-src.fleetctrl.fleetsizing.DynamicFleetSizingBase-INFO-to deactivate: 0
75188-src.fleetctrl.fleetsizing.DynamicFleetSizingBase-INFO-to deactivate: 0
75188-src.fleetctrl.fleetsizing.DynamicFleetSizingBase-INFO-to deactivate: 0
75188-src.fleetctrl.fleetsizing.DynamicFleetSizingBase-INFO-to deactivate: 0
75188-src.fleetctrl.fleetsizing.DynamicFleetSizingBase-INFO-to deactivate: 0
75188-src.fleetctrl.fleetsizing.DynamicFleetSizingBase-INFO-to deactivate: 0
75188-src.fleetctrl.fleetsizing.DynamicFleetSizingBase-INFO-to deactivate: 0
75188-src.fleetctrl.fleetsizing.DynamicFleetSizingBase-INFO-to deactivate: 0
75188-src.fleetctrl.fleetsizing.DynamicFleetSizingBase-INFO-to deactivate: 0
75188-src.fleetctrl.fleetsizing.DynamicFleetSizingBase-INFO-to deactivate: 0
75188-src.fleetctrl.fleetsizing.DynamicFleetSizingBase-INFO-to deactivate: 0
75188-src.fleetctrl.fleetsizing.DynamicFleetSizingBase-INFO-to deactivate: 0
75188-src.fleetctrl.fleetsizing.DynamicFleetSizingBase-INFO-to deactivate: 0
75188-src.fleetctrl.fleetsizing.DynamicFleetSizingBase-INFO-to deactivate: 0
75188-src.fleetctrl.fleetsizing.DynamicFleetSizingBase-INFO-to deactivate: 0
75188-src.fleetctrl.fleetsizing.DynamicFleetSizingBase-INFO-to deactivate: 0
75188-src.fleetctrl.fleetsizing.DynamicFleetSizingBase-INFO-to deactivate: 0
75188-src.fleetctrl.fleetsizing.DynamicFleetSizingBase-INFO-to deactivate: 0
75188-src.fleetctrl.fleetsizing.DynamicFleetSizingBase-INFO-to deactivate: 0
75188-src.fleetctrl.fleetsizing.DynamicFleetSizingBase-INFO-to deactivate: 0
75188-src.fleetctrl.fleetsizing.DynamicFleetSizingBase-INFO-to deactivate: 0
75188-src.fleetctrl.fleetsizing.DynamicFleetSizingBase-INFO-to deactivate: 0
75188-src.fleetctrl.fleetsizing.DynamicFleetSizingBase-INFO-to deactivate: 0
75188-src.fleetctrl.fleetsizing.DynamicFleetSizingBase-INFO-to deactivate: 0
75188-src.fleetctrl.fleetsizing.DynamicFleetSizingBase-INFO-to deactivate: 0
75188-src.fleetctrl.fleetsizing.DynamicFleetSizingBase-INFO-to deactivate: 0
75188-src.fleetctrl.fleetsizing.DynamicFleetSizingBase-INFO-to deactivate: 0
75188-src.fleetctrl.fleetsizing.DynamicFleetSizingBase-INFO-to deactivate: 0
75188-src.fleetctrl.fleetsizing.DynamicFleetSizingBase-INFO-to deactivate: 0
75188-src.fleetctrl.fleetsizing.DynamicFleetSizingBase-INFO-to deactivate: 0
75188-src.fleetctrl.fleetsizing.DynamicFleetSizingBase-INFO-to deactivate: 0
75188-src.fleetctrl.fleetsizing.DynamicFleetSizingBase-INFO-to deactivate: 0
75188-src.fleetctrl.fleetsizing.DynamicFleetSizingBase-INFO-to deactivate: 0
75188-src.fleetctrl.fleetsizing.DynamicFleetSizingBase-INFO-to deactivate: 0
75188-src.fleetctrl.fleetsizing.DynamicFleetSizingBase-INFO-to deactivate: 0
75188-src.fleetctrl.fleetsizing.DynamicFleetSizingBase-INFO-to deactivate: 0
75188-src.fleetctrl.fleetsizing.DynamicFleetSizingBase-INFO-to deactivate: 0
75188-src.fleetctrl.fleetsizing.DynamicFleetSizingBase-INFO-to deactivate: 0
75188-src.fleetctrl.fleetsizing.DynamicFleetSizingBase-INFO-to deactivate: 0
75188-src.fleetctrl.fleetsizing.DynamicFleetSizingBase-INFO-to deactivate: 0
75188-src.fleetctrl.fleetsizing.DynamicFleetSizingBase-INFO-to deactivate: 0
75188-src.fleetctrl.fleetsizing.DynamicFleetSizingBase-INFO-to deactivate: 0
75188-src.fleetctrl.fleetsizing.DynamicFleetSizingBase-INFO-to deactivate: 0
75188-src.fleetctrl.fleetsizing.DynamicFleetSizingBase-INFO-to deactivate: 0
75188-src.fleetctrl.fleetsizing.DynamicFleetSizingBase-INFO-to deactivate: 0
75188-src.fleetctrl.fleetsizing.DynamicFleetSizingBase-INFO-to deactivate: 0
75188-src.fleetctrl.fleetsizing.DynamicFleetSizingBase-INFO-to deactivate: 0
75188-src.fleetctrl.fleetsizing.DynamicFleetSizingBase-INFO-to deactivate: 0
75188-src.fleetctrl.fleetsizing.DynamicFleetSizingBase-INFO-to deactivate: 0
75188-src.fleetctrl.fleetsizing.DynamicFleetSizingBase-INFO-to deactivate: 0
75188-src.fleetctrl.fleetsizing.DynamicFleetSizingBase-INFO-to deactivate: 0
75188-src.fleetctrl.fleetsizing.DynamicFleetSizingBase-INFO-to deactivate: 0
75188-src.fleetctrl.fleetsizing.DynamicFleetSizingBase-INFO-to deactivate: 0
75188-src.fleetctrl.fleetsizing.DynamicFleetSizingBase-INFO-to deactivate: 0
75188-src.fleetctrl.fleetsizing.DynamicFleetSizingBase-INFO-to deactivate: 0
75188-src.fleetctrl.fleetsizing.DynamicFleetSizingBase-INFO-to deactivate: 0
75188-src.routing.NetworkBasic-INFO-STOCHASTIC NETWORK UPDATE HAPPENED HERE FOR SIMULATION TIME 34920
75188-src.fleetctrl.fleetsizing.DynamicFleetSizingBase-INFO-to deactivate: 0
75188-src.fleetctrl.fleetsizing.DynamicFleetSizingBase-INFO-to deactivate: 0
75188-src.fleetctrl.fleetsizing.DynamicFleetSizingBase-INFO-to deactivate: 0
75188-src.fleetctrl.fleetsizing.DynamicFleetSizingBase-INFO-to deactivate: 0
75188-src.fleetctrl.fleetsizing.DynamicFleetSizingBase-INFO-to deactivate: 0
75188-src.fleetctrl.fleetsizing.DynamicFleetSizingBase-INFO-to deactivate: 0
75188-src.fleetctrl.fleetsizing.DynamicFleetSizingBase-INFO-to deactivate: 0
75188-src.fleetctrl.fleetsizing.DynamicFleetSizingBase-INFO-to deactivate: 0
75188-src.fleetctrl.fleetsizing.DynamicFleetSizingBase-INFO-to deactivate: 0
75188-src.fleetctrl.fleetsizing.DynamicFleetSizingBase-INFO-to deactivate: 0
75188-src.fleetctrl.fleetsizing.DynamicFleetSizingBase-INFO-to deactivate: 0
75188-src.fleetctrl.fleetsizing.DynamicFleetSizingBase-INFO-to deactivate: 0
75188-src.fleetctrl.fleetsizing.DynamicFleetSizingBase-INFO-to deactivate: 0
75188-src.fleetctrl.fleetsizing.DynamicFleetSizingBase-INFO-to deactivate: 0
75188-src.fleetctrl.fleetsizing.DynamicFleetSizingBase-INFO-to deactivate: 0
75188-src.fleetctrl.fleetsizing.DynamicFleetSizingBase-INFO-to deactivate: 0
75188-src.fleetctrl.fleetsizing.DynamicFleetSizingBase-INFO-to deactivate: 0
75188-src.fleetctrl.fleetsizing.DynamicFleetSizingBase-INFO-to deactivate: 0
75188-src.fleetctrl.fleetsizing.DynamicFleetSizingBase-INFO-to deactivate: 0
75188-src.fleetctrl.fleetsizing.DynamicFleetSizingBase-INFO-to deactivate: 0
75188-src.fleetctrl.fleetsizing.DynamicFleetSizingBase-INFO-to deactivate: 0
75188-src.fleetctrl.fleetsizing.DynamicFleetSizingBase-INFO-to deactivate: 0
75188-src.fleetctrl.fleetsizing.DynamicFleetSizingBase-INFO-to deactivate: 0
75188-src.fleetctrl.fleetsizing.DynamicFleetSizingBase-INFO-to deactivate: 0
75188-src.fleetctrl.fleetsizing.DynamicFleetSizingBase-INFO-to deactivate: 0
75188-src.fleetctrl.fleetsizing.DynamicFleetSizingBase-INFO-to deactivate: 0
75188-src.fleetctrl.fleetsizing.DynamicFleetSizingBase-INFO-to deactivate: 0
75188-src.fleetctrl.fleetsizing.DynamicFleetSizingBase-INFO-to deactivate: 0
75188-src.fleetctrl.fleetsizing.DynamicFleetSizingBase-INFO-to deactivate: 0
75188-src.fleetctrl.fleetsizing.DynamicFleetSizingBase-INFO-to deactivate: 0
75188-src.fleetctrl.fleetsizing.DynamicFleetSizingBase-INFO-to deactivate: 0
75188-src.fleetctrl.fleetsizing.DynamicFleetSizingBase-INFO-to deactivate: 0
75188-src.fleetctrl.fleetsizing.DynamicFleetSizingBase-INFO-to deactivate: 0
75188-src.fleetctrl.fleetsizing.DynamicFleetSizingBase-INFO-to deactivate: 0
75188-src.fleetctrl.fleetsizing.DynamicFleetSizingBase-INFO-to deactivate: 0
75188-src.fleetctrl.fleetsizing.DynamicFleetSizingBase-INFO-to deactivate: 0
75188-src.fleetctrl.fleetsizing.DynamicFleetSizingBase-INFO-to deactivate: 0
75188-src.fleetctrl.fleetsizing.DynamicFleetSizingBase-INFO-to deactivate: 0
75188-src.fleetctrl.fleetsizing.DynamicFleetSizingBase-INFO-to deactivate: 0
75188-src.fleetctrl.fleetsizing.DynamicFleetSizingBase-INFO-to deactivate: 0
75188-src.fleetctrl.fleetsizing.DynamicFleetSizingBase-INFO-to deactivate: 0
75188-src.fleetctrl.fleetsizing.DynamicFleetSizingBase-INFO-to deactivate: 0
75188-src.fleetctrl.fleetsizing.DynamicFleetSizingBase-INFO-to deactivate: 0
75188-src.fleetctrl.fleetsizing.DynamicFleetSizingBase-INFO-to deactivate: 0
75188-src.fleetctrl.fleetsizing.DynamicFleetSizingBase-INFO-to deactivate: 0
75188-src.fleetctrl.fleetsizing.DynamicFleetSizingBase-INFO-to deactivate: 0
75188-src.fleetctrl.fleetsizing.DynamicFleetSizingBase-INFO-to deactivate: 0
75188-src.fleetctrl.fleetsizing.DynamicFleetSizingBase-INFO-to deactivate: 0
75188-src.fleetctrl.fleetsizing.DynamicFleetSizingBase-INFO-to deactivate: 0
75188-src.fleetctrl.fleetsizing.DynamicFleetSizingBase-INFO-to deactivate: 0
75188-src.fleetctrl.fleetsizing.DynamicFleetSizingBase-INFO-to deactivate: 0
75188-src.fleetctrl.fleetsizing.DynamicFleetSizingBase-INFO-to deactivate: 0
75188-src.fleetctrl.fleetsizing.DynamicFleetSizingBase-INFO-to deactivate: 0
75188-src.fleetctrl.fleetsizing.DynamicFleetSizingBase-INFO-to deactivate: 0
75188-src.fleetctrl.fleetsizing.DynamicFleetSizingBase-INFO-to deactivate: 0
75188-src.fleetctrl.fleetsizing.DynamicFleetSizingBase-INFO-to deactivate: 0
75188-src.fleetctrl.fleetsizing.DynamicFleetSizingBase-INFO-to deactivate: 0
75188-src.fleetctrl.fleetsizing.DynamicFleetSizingBase-INFO-to deactivate: 0
75188-src.fleetctrl.fleetsizing.DynamicFleetSizingBase-INFO-to deactivate: 0
75188-src.fleetctrl.fleetsizing.DynamicFleetSizingBase-INFO-to deactivate: 0
75188-src.routing.NetworkBasic-INFO-STOCHASTIC NETWORK UPDATE HAPPENED HERE FOR SIMULATION TIME 35520
75188-src.fleetctrl.fleetsizing.DynamicFleetSizingBase-INFO-to deactivate: 0
75188-src.fleetctrl.fleetsizing.DynamicFleetSizingBase-INFO-to deactivate: 0
75188-src.fleetctrl.fleetsizing.DynamicFleetSizingBase-INFO-to deactivate: 0
75188-src.fleetctrl.fleetsizing.DynamicFleetSizingBase-INFO-to deactivate: 0
75188-src.fleetctrl.fleetsizing.DynamicFleetSizingBase-INFO-to deactivate: 0
75188-src.fleetctrl.fleetsizing.DynamicFleetSizingBase-INFO-to deactivate: 0
75188-src.fleetctrl.fleetsizing.DynamicFleetSizingBase-INFO-to deactivate: 0
75188-src.fleetctrl.fleetsizing.DynamicFleetSizingBase-INFO-to deactivate: 0
75188-src.fleetctrl.fleetsizing.DynamicFleetSizingBase-INFO-to deactivate: 0
75188-src.fleetctrl.fleetsizing.DynamicFleetSizingBase-INFO-to deactivate: 0
75188-src.fleetctrl.fleetsizing.DynamicFleetSizingBase-INFO-to deactivate: 0
75188-src.fleetctrl.fleetsizing.DynamicFleetSizingBase-INFO-to deactivate: 0
75188-src.fleetctrl.fleetsizing.DynamicFleetSizingBase-INFO-to deactivate: 0
75188-src.fleetctrl.fleetsizing.DynamicFleetSizingBase-INFO-to deactivate: 0
75188-src.fleetctrl.fleetsizing.DynamicFleetSizingBase-INFO-to deactivate: 0
75188-src.fleetctrl.fleetsizing.DynamicFleetSizingBase-INFO-to deactivate: 0
75188-src.fleetctrl.fleetsizing.DynamicFleetSizingBase-INFO-to deactivate: 0
75188-src.fleetctrl.fleetsizing.DynamicFleetSizingBase-INFO-to deactivate: 0
75188-src.fleetctrl.fleetsizing.DynamicFleetSizingBase-INFO-to deactivate: 0
75188-src.fleetctrl.fleetsizing.DynamicFleetSizingBase-INFO-to deactivate: 0
75188-src.fleetctrl.fleetsizing.DynamicFleetSizingBase-INFO-to deactivate: 0
75188-src.fleetctrl.fleetsizing.DynamicFleetSizingBase-INFO-to deactivate: 0
75188-src.fleetctrl.fleetsizing.DynamicFleetSizingBase-INFO-to deactivate: 0
75188-src.fleetctrl.fleetsizing.DynamicFleetSizingBase-INFO-to deactivate: 0
75188-src.fleetctrl.fleetsizing.DynamicFleetSizingBase-INFO-to deactivate: 0
75188-src.fleetctrl.fleetsizing.DynamicFleetSizingBase-INFO-to deactivate: 0
75188-src.fleetctrl.fleetsizing.DynamicFleetSizingBase-INFO-to deactivate: 0
75188-src.fleetctrl.fleetsizing.DynamicFleetSizingBase-INFO-to deactivate: 0
75188-src.fleetctrl.fleetsizing.DynamicFleetSizingBase-INFO-to deactivate: 0
75188-src.fleetctrl.fleetsizing.DynamicFleetSizingBase-INFO-to deactivate: 0
75188-src.fleetctrl.fleetsizing.DynamicFleetSizingBase-INFO-to deactivate: 0
75188-src.fleetctrl.fleetsizing.DynamicFleetSizingBase-INFO-to deactivate: 0
75188-src.fleetctrl.fleetsizing.DynamicFleetSizingBase-INFO-to deactivate: 0
75188-src.fleetctrl.fleetsizing.DynamicFleetSizingBase-INFO-to deactivate: 0
75188-src.fleetctrl.fleetsizing.DynamicFleetSizingBase-INFO-to deactivate: 0
75188-src.fleetctrl.fleetsizing.DynamicFleetSizingBase-INFO-to deactivate: 0
75188-src.fleetctrl.fleetsizing.DynamicFleetSizingBase-INFO-to deactivate: 0
75188-src.fleetctrl.fleetsizing.DynamicFleetSizingBase-INFO-to deactivate: 0
75188-src.fleetctrl.fleetsizing.DynamicFleetSizingBase-INFO-to deactivate: 0
75188-src.fleetctrl.fleetsizing.DynamicFleetSizingBase-INFO-to deactivate: 0
75188-src.fleetctrl.fleetsizing.DynamicFleetSizingBase-INFO-to deactivate: 0
75188-src.fleetctrl.fleetsizing.DynamicFleetSizingBase-INFO-to deactivate: 0
75188-src.fleetctrl.fleetsizing.DynamicFleetSizingBase-INFO-to deactivate: 0
75188-src.fleetctrl.fleetsizing.DynamicFleetSizingBase-INFO-to deactivate: 0
75188-src.fleetctrl.fleetsizing.DynamicFleetSizingBase-INFO-to deactivate: 0
75188-src.fleetctrl.fleetsizing.DynamicFleetSizingBase-INFO-to deactivate: 0
75188-src.fleetctrl.fleetsizing.DynamicFleetSizingBase-INFO-to deactivate: 0
75188-src.fleetctrl.fleetsizing.DynamicFleetSizingBase-INFO-to deactivate: 0
75188-src.fleetctrl.fleetsizing.DynamicFleetSizingBase-INFO-to deactivate: 0
75188-src.fleetctrl.fleetsizing.DynamicFleetSizingBase-INFO-to deactivate: 0
75188-src.fleetctrl.fleetsizing.DynamicFleetSizingBase-INFO-to deactivate: 0
75188-src.fleetctrl.fleetsizing.DynamicFleetSizingBase-INFO-to deactivate: 0
75188-src.fleetctrl.fleetsizing.DynamicFleetSizingBase-INFO-to deactivate: 0
75188-src.fleetctrl.fleetsizing.DynamicFleetSizingBase-INFO-to deactivate: 0
75188-src.fleetctrl.fleetsizing.DynamicFleetSizingBase-INFO-to deactivate: 0
75188-src.fleetctrl.fleetsizing.DynamicFleetSizingBase-INFO-to deactivate: 0
75188-src.fleetctrl.fleetsizing.DynamicFleetSizingBase-INFO-to deactivate: 0
75188-src.fleetctrl.fleetsizing.DynamicFleetSizingBase-INFO-to deactivate: 0
75188-src.fleetctrl.fleetsizing.DynamicFleetSizingBase-INFO-to deactivate: 0
75188-src.fleetctrl.fleetsizing.DynamicFleetSizingBase-INFO-to deactivate: 0
75188-src.routing.NetworkBasic-INFO-STOCHASTIC NETWORK UPDATE HAPPENED HERE FOR SIMULATION TIME 36120
75188-src.fleetctrl.fleetsizing.DynamicFleetSizingBase-INFO-to deactivate: 0
75188-src.fleetctrl.fleetsizing.DynamicFleetSizingBase-INFO-to deactivate: 0
75188-src.fleetctrl.fleetsizing.DynamicFleetSizingBase-INFO-to deactivate: 0
75188-src.fleetctrl.fleetsizing.DynamicFleetSizingBase-INFO-to deactivate: 0
75188-src.fleetctrl.fleetsizing.DynamicFleetSizingBase-INFO-to deactivate: 0
75188-src.fleetctrl.fleetsizing.DynamicFleetSizingBase-INFO-to deactivate: 0
75188-src.fleetctrl.fleetsizing.DynamicFleetSizingBase-INFO-to deactivate: 0
75188-src.fleetctrl.fleetsizing.DynamicFleetSizingBase-INFO-to deactivate: 0
75188-src.fleetctrl.fleetsizing.DynamicFleetSizingBase-INFO-to deactivate: 0
75188-src.fleetctrl.fleetsizing.DynamicFleetSizingBase-INFO-to deactivate: 0
75188-src.fleetctrl.fleetsizing.DynamicFleetSizingBase-INFO-to deactivate: 0
75188-src.fleetctrl.fleetsizing.DynamicFleetSizingBase-INFO-to deactivate: 0
75188-src.fleetctrl.fleetsizing.DynamicFleetSizingBase-INFO-to deactivate: 0
75188-src.fleetctrl.fleetsizing.DynamicFleetSizingBase-INFO-to deactivate: 0
75188-src.fleetctrl.fleetsizing.DynamicFleetSizingBase-INFO-to deactivate: 0
75188-src.fleetctrl.fleetsizing.DynamicFleetSizingBase-INFO-to deactivate: 0
75188-src.fleetctrl.fleetsizing.DynamicFleetSizingBase-INFO-to deactivate: 0
75188-src.fleetctrl.fleetsizing.DynamicFleetSizingBase-INFO-to deactivate: 0
75188-src.fleetctrl.fleetsizing.DynamicFleetSizingBase-INFO-to deactivate: 0
75188-src.fleetctrl.fleetsizing.DynamicFleetSizingBase-INFO-to deactivate: 0
75188-src.fleetctrl.fleetsizing.DynamicFleetSizingBase-INFO-to deactivate: 0
75188-src.fleetctrl.fleetsizing.DynamicFleetSizingBase-INFO-to deactivate: 0
75188-src.fleetctrl.fleetsizing.DynamicFleetSizingBase-INFO-to deactivate: 0
75188-src.fleetctrl.fleetsizing.DynamicFleetSizingBase-INFO-to deactivate: 0
75188-src.fleetctrl.fleetsizing.DynamicFleetSizingBase-INFO-to deactivate: 0
75188-src.fleetctrl.fleetsizing.DynamicFleetSizingBase-INFO-to deactivate: 0
75188-src.fleetctrl.fleetsizing.DynamicFleetSizingBase-INFO-to deactivate: 0
75188-src.fleetctrl.fleetsizing.DynamicFleetSizingBase-INFO-to deactivate: 0
75188-src.fleetctrl.fleetsizing.DynamicFleetSizingBase-INFO-to deactivate: 0
75188-src.fleetctrl.fleetsizing.DynamicFleetSizingBase-INFO-to deactivate: 0
75188-src.fleetctrl.fleetsizing.DynamicFleetSizingBase-INFO-to deactivate: 0
75188-src.fleetctrl.fleetsizing.DynamicFleetSizingBase-INFO-to deactivate: 0
75188-src.fleetctrl.fleetsizing.DynamicFleetSizingBase-INFO-to deactivate: 0
75188-src.fleetctrl.fleetsizing.DynamicFleetSizingBase-INFO-to deactivate: 0
75188-src.fleetctrl.fleetsizing.DynamicFleetSizingBase-INFO-to deactivate: 0
75188-src.fleetctrl.fleetsizing.DynamicFleetSizingBase-INFO-to deactivate: 0
75188-src.fleetctrl.fleetsizing.DynamicFleetSizingBase-INFO-to deactivate: 0
75188-src.fleetctrl.fleetsizing.DynamicFleetSizingBase-INFO-to deactivate: 0
75188-src.fleetctrl.fleetsizing.DynamicFleetSizingBase-INFO-to deactivate: 0
75188-src.fleetctrl.fleetsizing.DynamicFleetSizingBase-INFO-to deactivate: 0
75188-src.fleetctrl.fleetsizing.DynamicFleetSizingBase-INFO-to deactivate: 0
75188-src.fleetctrl.fleetsizing.DynamicFleetSizingBase-INFO-to deactivate: 0
75188-src.fleetctrl.fleetsizing.DynamicFleetSizingBase-INFO-to deactivate: 0
75188-src.fleetctrl.fleetsizing.DynamicFleetSizingBase-INFO-to deactivate: 0
75188-src.fleetctrl.fleetsizing.DynamicFleetSizingBase-INFO-to deactivate: 0
75188-src.fleetctrl.fleetsizing.DynamicFleetSizingBase-INFO-to deactivate: 0
75188-src.fleetctrl.fleetsizing.DynamicFleetSizingBase-INFO-to deactivate: 0
75188-src.fleetctrl.fleetsizing.DynamicFleetSizingBase-INFO-to deactivate: 0
75188-src.fleetctrl.fleetsizing.DynamicFleetSizingBase-INFO-to deactivate: 0
75188-src.fleetctrl.fleetsizing.DynamicFleetSizingBase-INFO-to deactivate: 0
75188-src.fleetctrl.fleetsizing.DynamicFleetSizingBase-INFO-to deactivate: 0
75188-src.fleetctrl.fleetsizing.DynamicFleetSizingBase-INFO-to deactivate: 0
75188-src.fleetctrl.fleetsizing.DynamicFleetSizingBase-INFO-to deactivate: 0
75188-src.fleetctrl.fleetsizing.DynamicFleetSizingBase-INFO-to deactivate: 0
75188-src.fleetctrl.fleetsizing.DynamicFleetSizingBase-INFO-to deactivate: 0
75188-src.fleetctrl.fleetsizing.DynamicFleetSizingBase-INFO-to deactivate: 0
75188-src.fleetctrl.fleetsizing.DynamicFleetSizingBase-INFO-to deactivate: 0
75188-src.fleetctrl.fleetsizing.DynamicFleetSizingBase-INFO-to deactivate: 0
75188-src.fleetctrl.fleetsizing.DynamicFleetSizingBase-INFO-to deactivate: 0
75188-src.fleetctrl.fleetsizing.DynamicFleetSizingBase-INFO-to deactivate: 0
75188-src.routing.NetworkBasic-INFO-STOCHASTIC NETWORK UPDATE HAPPENED HERE FOR SIMULATION TIME 36720
75188-src.fleetctrl.fleetsizing.DynamicFleetSizingBase-INFO-to deactivate: 0
75188-src.fleetctrl.fleetsizing.DynamicFleetSizingBase-INFO-to deactivate: 0
75188-src.fleetctrl.fleetsizing.DynamicFleetSizingBase-INFO-to deactivate: 0
75188-src.fleetctrl.fleetsizing.DynamicFleetSizingBase-INFO-to deactivate: 0
75188-src.fleetctrl.fleetsizing.DynamicFleetSizingBase-INFO-to deactivate: 0
75188-src.fleetctrl.fleetsizing.DynamicFleetSizingBase-INFO-to deactivate: 0
75188-src.fleetctrl.fleetsizing.DynamicFleetSizingBase-INFO-to deactivate: 0
75188-src.fleetctrl.fleetsizing.DynamicFleetSizingBase-INFO-to deactivate: 0
75188-src.fleetctrl.fleetsizing.DynamicFleetSizingBase-INFO-to deactivate: 0
75188-src.fleetctrl.fleetsizing.DynamicFleetSizingBase-INFO-to deactivate: 0
75188-src.fleetctrl.fleetsizing.DynamicFleetSizingBase-INFO-to deactivate: 0
75188-src.fleetctrl.fleetsizing.DynamicFleetSizingBase-INFO-to deactivate: 0
75188-src.fleetctrl.fleetsizing.DynamicFleetSizingBase-INFO-to deactivate: 0
75188-src.fleetctrl.fleetsizing.DynamicFleetSizingBase-INFO-to deactivate: 0
75188-src.fleetctrl.fleetsizing.DynamicFleetSizingBase-INFO-to deactivate: 0
75188-src.fleetctrl.fleetsizing.DynamicFleetSizingBase-INFO-to deactivate: 0
75188-src.fleetctrl.fleetsizing.DynamicFleetSizingBase-INFO-to deactivate: 0
75188-src.fleetctrl.fleetsizing.DynamicFleetSizingBase-INFO-to deactivate: 0
75188-src.fleetctrl.fleetsizing.DynamicFleetSizingBase-INFO-to deactivate: 0
75188-src.fleetctrl.fleetsizing.DynamicFleetSizingBase-INFO-to deactivate: 0
75188-src.fleetctrl.fleetsizing.DynamicFleetSizingBase-INFO-to deactivate: 0
75188-src.fleetctrl.fleetsizing.DynamicFleetSizingBase-INFO-to deactivate: 0
75188-src.fleetctrl.fleetsizing.DynamicFleetSizingBase-INFO-to deactivate: 0
75188-src.fleetctrl.fleetsizing.DynamicFleetSizingBase-INFO-to deactivate: 0
75188-src.fleetctrl.fleetsizing.DynamicFleetSizingBase-INFO-to deactivate: 0
75188-src.fleetctrl.fleetsizing.DynamicFleetSizingBase-INFO-to deactivate: 0
75188-src.fleetctrl.fleetsizing.DynamicFleetSizingBase-INFO-to deactivate: 0
75188-src.fleetctrl.fleetsizing.DynamicFleetSizingBase-INFO-to deactivate: 0
75188-src.fleetctrl.fleetsizing.DynamicFleetSizingBase-INFO-to deactivate: 0
75188-src.fleetctrl.fleetsizing.DynamicFleetSizingBase-INFO-to deactivate: 0
75188-src.fleetctrl.fleetsizing.DynamicFleetSizingBase-INFO-to deactivate: 0
75188-src.fleetctrl.fleetsizing.DynamicFleetSizingBase-INFO-to deactivate: 0
75188-src.fleetctrl.fleetsizing.DynamicFleetSizingBase-INFO-to deactivate: 0
75188-src.fleetctrl.fleetsizing.DynamicFleetSizingBase-INFO-to deactivate: 0
75188-src.fleetctrl.fleetsizing.DynamicFleetSizingBase-INFO-to deactivate: 0
75188-src.fleetctrl.fleetsizing.DynamicFleetSizingBase-INFO-to deactivate: 0
75188-src.fleetctrl.fleetsizing.DynamicFleetSizingBase-INFO-to deactivate: 0
75188-src.fleetctrl.fleetsizing.DynamicFleetSizingBase-INFO-to deactivate: 0
75188-src.fleetctrl.fleetsizing.DynamicFleetSizingBase-INFO-to deactivate: 0
75188-src.fleetctrl.fleetsizing.DynamicFleetSizingBase-INFO-to deactivate: 0
75188-src.fleetctrl.fleetsizing.DynamicFleetSizingBase-INFO-to deactivate: 0
75188-src.fleetctrl.fleetsizing.DynamicFleetSizingBase-INFO-to deactivate: 0
75188-src.fleetctrl.fleetsizing.DynamicFleetSizingBase-INFO-to deactivate: 0
75188-src.fleetctrl.fleetsizing.DynamicFleetSizingBase-INFO-to deactivate: 0
75188-src.fleetctrl.fleetsizing.DynamicFleetSizingBase-INFO-to deactivate: 0
75188-src.fleetctrl.fleetsizing.DynamicFleetSizingBase-INFO-to deactivate: 0
75188-src.fleetctrl.fleetsizing.DynamicFleetSizingBase-INFO-to deactivate: 0
75188-src.fleetctrl.fleetsizing.DynamicFleetSizingBase-INFO-to deactivate: 0
75188-src.fleetctrl.fleetsizing.DynamicFleetSizingBase-INFO-to deactivate: 0
75188-src.fleetctrl.fleetsizing.DynamicFleetSizingBase-INFO-to deactivate: 0
75188-src.fleetctrl.fleetsizing.DynamicFleetSizingBase-INFO-to deactivate: 0
75188-src.fleetctrl.fleetsizing.DynamicFleetSizingBase-INFO-to deactivate: 0
75188-src.fleetctrl.fleetsizing.DynamicFleetSizingBase-INFO-to deactivate: 0
75188-src.fleetctrl.fleetsizing.DynamicFleetSizingBase-INFO-to deactivate: 0
75188-src.fleetctrl.fleetsizing.DynamicFleetSizingBase-INFO-to deactivate: 0
75188-src.fleetctrl.fleetsizing.DynamicFleetSizingBase-INFO-to deactivate: 0
75188-src.fleetctrl.fleetsizing.DynamicFleetSizingBase-INFO-to deactivate: 0
75188-src.fleetctrl.fleetsizing.DynamicFleetSizingBase-INFO-to deactivate: 0
75188-src.fleetctrl.fleetsizing.DynamicFleetSizingBase-INFO-to deactivate: 0
75188-src.fleetctrl.fleetsizing.DynamicFleetSizingBase-INFO-to deactivate: 0
75188-src.routing.NetworkBasic-INFO-STOCHASTIC NETWORK UPDATE HAPPENED HERE FOR SIMULATION TIME 37320
75188-src.fleetctrl.fleetsizing.DynamicFleetSizingBase-INFO-to deactivate: 0
75188-src.fleetctrl.fleetsizing.DynamicFleetSizingBase-INFO-to deactivate: 0
75188-src.fleetctrl.fleetsizing.DynamicFleetSizingBase-INFO-to deactivate: 0
75188-src.fleetctrl.fleetsizing.DynamicFleetSizingBase-INFO-to deactivate: 0
75188-src.fleetctrl.fleetsizing.DynamicFleetSizingBase-INFO-to deactivate: 0
75188-src.fleetctrl.fleetsizing.DynamicFleetSizingBase-INFO-to deactivate: 0
75188-src.fleetctrl.fleetsizing.DynamicFleetSizingBase-INFO-to deactivate: 0
75188-src.fleetctrl.fleetsizing.DynamicFleetSizingBase-INFO-to deactivate: 0
75188-src.fleetctrl.fleetsizing.DynamicFleetSizingBase-INFO-to deactivate: 0
75188-src.fleetctrl.fleetsizing.DynamicFleetSizingBase-INFO-to deactivate: 0
75188-src.fleetctrl.fleetsizing.DynamicFleetSizingBase-INFO-to deactivate: 0
75188-src.fleetctrl.fleetsizing.DynamicFleetSizingBase-INFO-to deactivate: 0
75188-src.fleetctrl.fleetsizing.DynamicFleetSizingBase-INFO-to deactivate: 0
75188-src.fleetctrl.fleetsizing.DynamicFleetSizingBase-INFO-to deactivate: 0
75188-src.fleetctrl.fleetsizing.DynamicFleetSizingBase-INFO-to deactivate: 0
75188-src.fleetctrl.fleetsizing.DynamicFleetSizingBase-INFO-to deactivate: 0
75188-src.fleetctrl.fleetsizing.DynamicFleetSizingBase-INFO-to deactivate: 0
75188-src.fleetctrl.fleetsizing.DynamicFleetSizingBase-INFO-to deactivate: 0
75188-src.fleetctrl.fleetsizing.DynamicFleetSizingBase-INFO-to deactivate: 0
75188-src.fleetctrl.fleetsizing.DynamicFleetSizingBase-INFO-to deactivate: 0
75188-src.fleetctrl.fleetsizing.DynamicFleetSizingBase-INFO-to deactivate: 0
75188-src.fleetctrl.fleetsizing.DynamicFleetSizingBase-INFO-to deactivate: 0
75188-src.fleetctrl.fleetsizing.DynamicFleetSizingBase-INFO-to deactivate: 0
75188-src.fleetctrl.fleetsizing.DynamicFleetSizingBase-INFO-to deactivate: 0
75188-src.fleetctrl.fleetsizing.DynamicFleetSizingBase-INFO-to deactivate: 0
75188-src.fleetctrl.fleetsizing.DynamicFleetSizingBase-INFO-to deactivate: 0
75188-src.fleetctrl.fleetsizing.DynamicFleetSizingBase-INFO-to deactivate: 0
75188-src.fleetctrl.fleetsizing.DynamicFleetSizingBase-INFO-to deactivate: 0
75188-src.fleetctrl.fleetsizing.DynamicFleetSizingBase-INFO-to deactivate: 0
75188-src.fleetctrl.fleetsizing.DynamicFleetSizingBase-INFO-to deactivate: 0
75188-src.fleetctrl.fleetsizing.DynamicFleetSizingBase-INFO-to deactivate: 0
75188-src.fleetctrl.fleetsizing.DynamicFleetSizingBase-INFO-to deactivate: 0
75188-src.fleetctrl.fleetsizing.DynamicFleetSizingBase-INFO-to deactivate: 0
75188-src.fleetctrl.fleetsizing.DynamicFleetSizingBase-INFO-to deactivate: 0
75188-src.fleetctrl.fleetsizing.DynamicFleetSizingBase-INFO-to deactivate: 0
75188-src.fleetctrl.fleetsizing.DynamicFleetSizingBase-INFO-to deactivate: 0
75188-src.fleetctrl.fleetsizing.DynamicFleetSizingBase-INFO-to deactivate: 0
75188-src.fleetctrl.fleetsizing.DynamicFleetSizingBase-INFO-to deactivate: 0
75188-src.fleetctrl.fleetsizing.DynamicFleetSizingBase-INFO-to deactivate: 0
75188-src.fleetctrl.fleetsizing.DynamicFleetSizingBase-INFO-to deactivate: 0
75188-src.fleetctrl.fleetsizing.DynamicFleetSizingBase-INFO-to deactivate: 0
75188-src.fleetctrl.fleetsizing.DynamicFleetSizingBase-INFO-to deactivate: 0
75188-src.fleetctrl.fleetsizing.DynamicFleetSizingBase-INFO-to deactivate: 0
75188-src.fleetctrl.fleetsizing.DynamicFleetSizingBase-INFO-to deactivate: 0
75188-src.fleetctrl.fleetsizing.DynamicFleetSizingBase-INFO-to deactivate: 0
75188-src.fleetctrl.fleetsizing.DynamicFleetSizingBase-INFO-to deactivate: 0
75188-src.fleetctrl.fleetsizing.DynamicFleetSizingBase-INFO-to deactivate: 0
75188-src.fleetctrl.fleetsizing.DynamicFleetSizingBase-INFO-to deactivate: 0
75188-src.fleetctrl.fleetsizing.DynamicFleetSizingBase-INFO-to deactivate: 0
75188-src.fleetctrl.fleetsizing.DynamicFleetSizingBase-INFO-to deactivate: 0
75188-src.fleetctrl.fleetsizing.DynamicFleetSizingBase-INFO-to deactivate: 0
75188-src.fleetctrl.fleetsizing.DynamicFleetSizingBase-INFO-to deactivate: 0
75188-src.fleetctrl.fleetsizing.DynamicFleetSizingBase-INFO-to deactivate: 0
75188-src.fleetctrl.fleetsizing.DynamicFleetSizingBase-INFO-to deactivate: 0
75188-src.fleetctrl.fleetsizing.DynamicFleetSizingBase-INFO-to deactivate: 0
75188-src.fleetctrl.fleetsizing.DynamicFleetSizingBase-INFO-to deactivate: 0
75188-src.fleetctrl.fleetsizing.DynamicFleetSizingBase-INFO-to deactivate: 0
75188-src.fleetctrl.fleetsizing.DynamicFleetSizingBase-INFO-to deactivate: 0
75188-src.fleetctrl.fleetsizing.DynamicFleetSizingBase-INFO-to deactivate: 0
75188-src.fleetctrl.fleetsizing.DynamicFleetSizingBase-INFO-to deactivate: 0
75188-src.routing.NetworkBasic-INFO-STOCHASTIC NETWORK UPDATE HAPPENED HERE FOR SIMULATION TIME 37920
75188-src.fleetctrl.fleetsizing.DynamicFleetSizingBase-INFO-to deactivate: 0
75188-src.fleetctrl.fleetsizing.DynamicFleetSizingBase-INFO-to deactivate: 0
75188-src.fleetctrl.fleetsizing.DynamicFleetSizingBase-INFO-to deactivate: 0
75188-src.fleetctrl.fleetsizing.DynamicFleetSizingBase-INFO-to deactivate: 0
75188-src.fleetctrl.fleetsizing.DynamicFleetSizingBase-INFO-to deactivate: 0
75188-src.fleetctrl.fleetsizing.DynamicFleetSizingBase-INFO-to deactivate: 0
75188-src.fleetctrl.fleetsizing.DynamicFleetSizingBase-INFO-to deactivate: 0
75188-src.fleetctrl.fleetsizing.DynamicFleetSizingBase-INFO-to deactivate: 0
75188-src.fleetctrl.fleetsizing.DynamicFleetSizingBase-INFO-to deactivate: 0
75188-src.fleetctrl.fleetsizing.DynamicFleetSizingBase-INFO-to deactivate: 0
75188-src.fleetctrl.fleetsizing.DynamicFleetSizingBase-INFO-to deactivate: 0
75188-src.fleetctrl.fleetsizing.DynamicFleetSizingBase-INFO-to deactivate: 0
75188-src.fleetctrl.fleetsizing.DynamicFleetSizingBase-INFO-to deactivate: 0
75188-src.fleetctrl.fleetsizing.DynamicFleetSizingBase-INFO-to deactivate: 0
75188-src.fleetctrl.fleetsizing.DynamicFleetSizingBase-INFO-to deactivate: 0
75188-src.fleetctrl.fleetsizing.DynamicFleetSizingBase-INFO-to deactivate: 0
75188-src.fleetctrl.fleetsizing.DynamicFleetSizingBase-INFO-to deactivate: 0
75188-src.fleetctrl.fleetsizing.DynamicFleetSizingBase-INFO-to deactivate: 0
75188-src.fleetctrl.fleetsizing.DynamicFleetSizingBase-INFO-to deactivate: 0
75188-src.fleetctrl.fleetsizing.DynamicFleetSizingBase-INFO-to deactivate: 0
75188-src.fleetctrl.fleetsizing.DynamicFleetSizingBase-INFO-to deactivate: 0
75188-src.fleetctrl.fleetsizing.DynamicFleetSizingBase-INFO-to deactivate: 0
75188-src.fleetctrl.fleetsizing.DynamicFleetSizingBase-INFO-to deactivate: 0
75188-src.fleetctrl.fleetsizing.DynamicFleetSizingBase-INFO-to deactivate: 0
75188-src.fleetctrl.fleetsizing.DynamicFleetSizingBase-INFO-to deactivate: 0
75188-src.fleetctrl.fleetsizing.DynamicFleetSizingBase-INFO-to deactivate: 0
75188-src.fleetctrl.fleetsizing.DynamicFleetSizingBase-INFO-to deactivate: 0
75188-src.fleetctrl.fleetsizing.DynamicFleetSizingBase-INFO-to deactivate: 0
75188-src.fleetctrl.fleetsizing.DynamicFleetSizingBase-INFO-to deactivate: 0
75188-src.fleetctrl.fleetsizing.DynamicFleetSizingBase-INFO-to deactivate: 0
75188-src.fleetctrl.fleetsizing.DynamicFleetSizingBase-INFO-to deactivate: 0
75188-src.fleetctrl.fleetsizing.DynamicFleetSizingBase-INFO-to deactivate: 0
75188-src.fleetctrl.fleetsizing.DynamicFleetSizingBase-INFO-to deactivate: 0
75188-src.fleetctrl.fleetsizing.DynamicFleetSizingBase-INFO-to deactivate: 0
75188-src.fleetctrl.fleetsizing.DynamicFleetSizingBase-INFO-to deactivate: 0
75188-src.fleetctrl.fleetsizing.DynamicFleetSizingBase-INFO-to deactivate: 0
75188-src.fleetctrl.fleetsizing.DynamicFleetSizingBase-INFO-to deactivate: 0
75188-src.fleetctrl.fleetsizing.DynamicFleetSizingBase-INFO-to deactivate: 0
75188-src.fleetctrl.fleetsizing.DynamicFleetSizingBase-INFO-to deactivate: 0
75188-src.fleetctrl.fleetsizing.DynamicFleetSizingBase-INFO-to deactivate: 0
75188-src.fleetctrl.fleetsizing.DynamicFleetSizingBase-INFO-to deactivate: 0
75188-src.fleetctrl.fleetsizing.DynamicFleetSizingBase-INFO-to deactivate: 0
75188-src.fleetctrl.fleetsizing.DynamicFleetSizingBase-INFO-to deactivate: 0
75188-src.fleetctrl.fleetsizing.DynamicFleetSizingBase-INFO-to deactivate: 0
75188-src.fleetctrl.fleetsizing.DynamicFleetSizingBase-INFO-to deactivate: 0
75188-src.fleetctrl.fleetsizing.DynamicFleetSizingBase-INFO-to deactivate: 0
75188-src.fleetctrl.fleetsizing.DynamicFleetSizingBase-INFO-to deactivate: 0
75188-src.fleetctrl.fleetsizing.DynamicFleetSizingBase-INFO-to deactivate: 0
75188-src.fleetctrl.fleetsizing.DynamicFleetSizingBase-INFO-to deactivate: 0
75188-src.fleetctrl.fleetsizing.DynamicFleetSizingBase-INFO-to deactivate: 0
75188-src.fleetctrl.fleetsizing.DynamicFleetSizingBase-INFO-to deactivate: 0
75188-src.fleetctrl.fleetsizing.DynamicFleetSizingBase-INFO-to deactivate: 0
75188-src.fleetctrl.fleetsizing.DynamicFleetSizingBase-INFO-to deactivate: 0
75188-src.fleetctrl.fleetsizing.DynamicFleetSizingBase-INFO-to deactivate: 0
75188-src.fleetctrl.fleetsizing.DynamicFleetSizingBase-INFO-to deactivate: 0
75188-src.fleetctrl.fleetsizing.DynamicFleetSizingBase-INFO-to deactivate: 0
75188-src.fleetctrl.fleetsizing.DynamicFleetSizingBase-INFO-to deactivate: 0
75188-src.fleetctrl.fleetsizing.DynamicFleetSizingBase-INFO-to deactivate: 0
75188-src.fleetctrl.fleetsizing.DynamicFleetSizingBase-INFO-to deactivate: 0
75188-src.fleetctrl.fleetsizing.DynamicFleetSizingBase-INFO-to deactivate: 0
75188-src.routing.NetworkBasic-INFO-STOCHASTIC NETWORK UPDATE HAPPENED HERE FOR SIMULATION TIME 38520
75188-src.fleetctrl.fleetsizing.DynamicFleetSizingBase-INFO-to deactivate: 0
75188-src.fleetctrl.fleetsizing.DynamicFleetSizingBase-INFO-to deactivate: 0
75188-src.fleetctrl.fleetsizing.DynamicFleetSizingBase-INFO-to deactivate: 0
75188-src.fleetctrl.fleetsizing.DynamicFleetSizingBase-INFO-to deactivate: 0
75188-src.fleetctrl.fleetsizing.DynamicFleetSizingBase-INFO-to deactivate: 0
75188-src.fleetctrl.fleetsizing.DynamicFleetSizingBase-INFO-to deactivate: 0
75188-src.fleetctrl.fleetsizing.DynamicFleetSizingBase-INFO-to deactivate: 0
75188-src.fleetctrl.fleetsizing.DynamicFleetSizingBase-INFO-to deactivate: 0
75188-src.fleetctrl.fleetsizing.DynamicFleetSizingBase-INFO-to deactivate: 0
75188-src.fleetctrl.fleetsizing.DynamicFleetSizingBase-INFO-to deactivate: 0
75188-src.fleetctrl.fleetsizing.DynamicFleetSizingBase-INFO-to deactivate: 0
75188-src.fleetctrl.fleetsizing.DynamicFleetSizingBase-INFO-to deactivate: 0
75188-src.fleetctrl.fleetsizing.DynamicFleetSizingBase-INFO-to deactivate: 0
75188-src.fleetctrl.fleetsizing.DynamicFleetSizingBase-INFO-to deactivate: 0
75188-src.fleetctrl.fleetsizing.DynamicFleetSizingBase-INFO-to deactivate: 0
75188-src.fleetctrl.fleetsizing.DynamicFleetSizingBase-INFO-to deactivate: 0
75188-src.fleetctrl.fleetsizing.DynamicFleetSizingBase-INFO-to deactivate: 0
75188-src.fleetctrl.fleetsizing.DynamicFleetSizingBase-INFO-to deactivate: 0
75188-src.fleetctrl.fleetsizing.DynamicFleetSizingBase-INFO-to deactivate: 0
75188-src.fleetctrl.fleetsizing.DynamicFleetSizingBase-INFO-to deactivate: 0
75188-src.fleetctrl.fleetsizing.DynamicFleetSizingBase-INFO-to deactivate: 0
75188-src.fleetctrl.fleetsizing.DynamicFleetSizingBase-INFO-to deactivate: 0
75188-src.fleetctrl.fleetsizing.DynamicFleetSizingBase-INFO-to deactivate: 0
75188-src.fleetctrl.fleetsizing.DynamicFleetSizingBase-INFO-to deactivate: 0
75188-src.fleetctrl.fleetsizing.DynamicFleetSizingBase-INFO-to deactivate: 0
75188-src.fleetctrl.fleetsizing.DynamicFleetSizingBase-INFO-to deactivate: 0
75188-src.fleetctrl.fleetsizing.DynamicFleetSizingBase-INFO-to deactivate: 0
75188-src.fleetctrl.fleetsizing.DynamicFleetSizingBase-INFO-to deactivate: 0
75188-src.fleetctrl.fleetsizing.DynamicFleetSizingBase-INFO-to deactivate: 0
75188-src.fleetctrl.fleetsizing.DynamicFleetSizingBase-INFO-to deactivate: 0
75188-src.fleetctrl.fleetsizing.DynamicFleetSizingBase-INFO-to deactivate: 0
75188-src.fleetctrl.fleetsizing.DynamicFleetSizingBase-INFO-to deactivate: 0
75188-src.fleetctrl.fleetsizing.DynamicFleetSizingBase-INFO-to deactivate: 0
75188-src.fleetctrl.fleetsizing.DynamicFleetSizingBase-INFO-to deactivate: 0
75188-src.fleetctrl.fleetsizing.DynamicFleetSizingBase-INFO-to deactivate: 0
75188-src.fleetctrl.fleetsizing.DynamicFleetSizingBase-INFO-to deactivate: 0
75188-src.fleetctrl.fleetsizing.DynamicFleetSizingBase-INFO-to deactivate: 0
75188-src.fleetctrl.fleetsizing.DynamicFleetSizingBase-INFO-to deactivate: 0
75188-src.fleetctrl.fleetsizing.DynamicFleetSizingBase-INFO-to deactivate: 0
75188-src.fleetctrl.fleetsizing.DynamicFleetSizingBase-INFO-to deactivate: 0
75188-src.fleetctrl.fleetsizing.DynamicFleetSizingBase-INFO-to deactivate: 0
75188-src.fleetctrl.fleetsizing.DynamicFleetSizingBase-INFO-to deactivate: 0
75188-src.fleetctrl.fleetsizing.DynamicFleetSizingBase-INFO-to deactivate: 0
75188-src.fleetctrl.fleetsizing.DynamicFleetSizingBase-INFO-to deactivate: 0
75188-src.fleetctrl.fleetsizing.DynamicFleetSizingBase-INFO-to deactivate: 0
75188-src.fleetctrl.fleetsizing.DynamicFleetSizingBase-INFO-to deactivate: 0
75188-src.fleetctrl.fleetsizing.DynamicFleetSizingBase-INFO-to deactivate: 0
75188-src.fleetctrl.fleetsizing.DynamicFleetSizingBase-INFO-to deactivate: 0
75188-src.fleetctrl.fleetsizing.DynamicFleetSizingBase-INFO-to deactivate: 0
75188-src.fleetctrl.fleetsizing.DynamicFleetSizingBase-INFO-to deactivate: 0
75188-src.fleetctrl.fleetsizing.DynamicFleetSizingBase-INFO-to deactivate: 0
75188-src.fleetctrl.fleetsizing.DynamicFleetSizingBase-INFO-to deactivate: 0
75188-src.fleetctrl.fleetsizing.DynamicFleetSizingBase-INFO-to deactivate: 0
75188-src.fleetctrl.fleetsizing.DynamicFleetSizingBase-INFO-to deactivate: 0
75188-src.fleetctrl.fleetsizing.DynamicFleetSizingBase-INFO-to deactivate: 0
75188-src.fleetctrl.fleetsizing.DynamicFleetSizingBase-INFO-to deactivate: 0
75188-src.fleetctrl.fleetsizing.DynamicFleetSizingBase-INFO-to deactivate: 0
75188-src.fleetctrl.fleetsizing.DynamicFleetSizingBase-INFO-to deactivate: 0
75188-src.fleetctrl.fleetsizing.DynamicFleetSizingBase-INFO-to deactivate: 0
75188-src.fleetctrl.fleetsizing.DynamicFleetSizingBase-INFO-to deactivate: 0
75188-src.routing.NetworkBasic-INFO-STOCHASTIC NETWORK UPDATE HAPPENED HERE FOR SIMULATION TIME 39120
75188-src.fleetctrl.fleetsizing.DynamicFleetSizingBase-INFO-to deactivate: 0
75188-src.fleetctrl.fleetsizing.DynamicFleetSizingBase-INFO-to deactivate: 0
75188-src.fleetctrl.fleetsizing.DynamicFleetSizingBase-INFO-to deactivate: 0
75188-src.fleetctrl.fleetsizing.DynamicFleetSizingBase-INFO-to deactivate: 0
75188-src.fleetctrl.fleetsizing.DynamicFleetSizingBase-INFO-to deactivate: 0
75188-src.fleetctrl.fleetsizing.DynamicFleetSizingBase-INFO-to deactivate: 0
75188-src.fleetctrl.fleetsizing.DynamicFleetSizingBase-INFO-to deactivate: 0
75188-src.fleetctrl.fleetsizing.DynamicFleetSizingBase-INFO-to deactivate: 0
75188-src.fleetctrl.fleetsizing.DynamicFleetSizingBase-INFO-to deactivate: 0
75188-src.fleetctrl.fleetsizing.DynamicFleetSizingBase-INFO-to deactivate: 0
75188-src.fleetctrl.fleetsizing.DynamicFleetSizingBase-INFO-to deactivate: 0
75188-src.fleetctrl.fleetsizing.DynamicFleetSizingBase-INFO-to deactivate: 0
75188-src.fleetctrl.fleetsizing.DynamicFleetSizingBase-INFO-to deactivate: 0
75188-src.fleetctrl.fleetsizing.DynamicFleetSizingBase-INFO-to deactivate: 0
75188-src.fleetctrl.fleetsizing.DynamicFleetSizingBase-INFO-to deactivate: 0
75188-src.fleetctrl.fleetsizing.DynamicFleetSizingBase-INFO-to deactivate: 0
75188-src.fleetctrl.fleetsizing.DynamicFleetSizingBase-INFO-to deactivate: 0
75188-src.fleetctrl.fleetsizing.DynamicFleetSizingBase-INFO-to deactivate: 0
75188-src.fleetctrl.fleetsizing.DynamicFleetSizingBase-INFO-to deactivate: 0
75188-src.fleetctrl.fleetsizing.DynamicFleetSizingBase-INFO-to deactivate: 0
75188-src.fleetctrl.fleetsizing.DynamicFleetSizingBase-INFO-to deactivate: 0
75188-src.fleetctrl.fleetsizing.DynamicFleetSizingBase-INFO-to deactivate: 0
75188-src.fleetctrl.fleetsizing.DynamicFleetSizingBase-INFO-to deactivate: 0
75188-src.fleetctrl.fleetsizing.DynamicFleetSizingBase-INFO-to deactivate: 0
75188-src.fleetctrl.fleetsizing.DynamicFleetSizingBase-INFO-to deactivate: 0
75188-src.fleetctrl.fleetsizing.DynamicFleetSizingBase-INFO-to deactivate: 0
75188-src.fleetctrl.fleetsizing.DynamicFleetSizingBase-INFO-to deactivate: 0
75188-src.fleetctrl.fleetsizing.DynamicFleetSizingBase-INFO-to deactivate: 0
75188-src.fleetctrl.fleetsizing.DynamicFleetSizingBase-INFO-to deactivate: 0
75188-src.fleetctrl.fleetsizing.DynamicFleetSizingBase-INFO-to deactivate: 0
75188-src.fleetctrl.fleetsizing.DynamicFleetSizingBase-INFO-to deactivate: 0
75188-src.fleetctrl.fleetsizing.DynamicFleetSizingBase-INFO-to deactivate: 0
75188-src.fleetctrl.fleetsizing.DynamicFleetSizingBase-INFO-to deactivate: 0
75188-src.fleetctrl.fleetsizing.DynamicFleetSizingBase-INFO-to deactivate: 0
75188-src.fleetctrl.fleetsizing.DynamicFleetSizingBase-INFO-to deactivate: 0
75188-src.fleetctrl.fleetsizing.DynamicFleetSizingBase-INFO-to deactivate: 0
75188-src.fleetctrl.fleetsizing.DynamicFleetSizingBase-INFO-to deactivate: 0
75188-src.fleetctrl.fleetsizing.DynamicFleetSizingBase-INFO-to deactivate: 0
75188-src.fleetctrl.fleetsizing.DynamicFleetSizingBase-INFO-to deactivate: 0
75188-src.fleetctrl.fleetsizing.DynamicFleetSizingBase-INFO-to deactivate: 0
75188-src.fleetctrl.fleetsizing.DynamicFleetSizingBase-INFO-to deactivate: 0
75188-src.fleetctrl.fleetsizing.DynamicFleetSizingBase-INFO-to deactivate: 0
75188-src.fleetctrl.fleetsizing.DynamicFleetSizingBase-INFO-to deactivate: 0
75188-src.fleetctrl.fleetsizing.DynamicFleetSizingBase-INFO-to deactivate: 0
75188-src.fleetctrl.fleetsizing.DynamicFleetSizingBase-INFO-to deactivate: 0
75188-src.fleetctrl.fleetsizing.DynamicFleetSizingBase-INFO-to deactivate: 0
75188-src.fleetctrl.fleetsizing.DynamicFleetSizingBase-INFO-to deactivate: 0
75188-src.fleetctrl.fleetsizing.DynamicFleetSizingBase-INFO-to deactivate: 0
75188-src.fleetctrl.fleetsizing.DynamicFleetSizingBase-INFO-Activating vehicle veh 0 at pos (np.float64(8.0), None, None) with soc 1.0 leg status VRL_STATES.OUT_OF_SERVICE remaining time 9985590 number remaining legs: 1 ob : [] from depot <src.infra.ChargingInfrastructure.Depot object at 0x0000016B4927B670> (plan time: 39600)
75188-src.fleetctrl.fleetsizing.DynamicFleetSizingBase-INFO-Activating vehicle veh 4 at pos (np.float64(1990.0), None, None) with soc 1.0 leg status VRL_STATES.OUT_OF_SERVICE remaining time 9985590 number remaining legs: 1 ob : [] from depot <src.infra.ChargingInfrastructure.Depot object at 0x0000016B4927B610> (plan time: 39600)
75188-src.fleetctrl.fleetsizing.DynamicFleetSizingBase-INFO-to deactivate: 0
75188-src.fleetctrl.fleetsizing.DynamicFleetSizingBase-INFO-to deactivate: 0
75188-src.fleetctrl.fleetsizing.DynamicFleetSizingBase-INFO-to deactivate: 0
75188-src.fleetctrl.fleetsizing.DynamicFleetSizingBase-INFO-to deactivate: 0
75188-src.fleetctrl.fleetsizing.DynamicFleetSizingBase-INFO-to deactivate: 0
75188-src.fleetctrl.fleetsizing.DynamicFleetSizingBase-INFO-to deactivate: 0
75188-src.fleetctrl.fleetsizing.DynamicFleetSizingBase-INFO-to deactivate: 0
75188-src.fleetctrl.fleetsizing.DynamicFleetSizingBase-INFO-to deactivate: 0
75188-src.fleetctrl.fleetsizing.DynamicFleetSizingBase-INFO-to deactivate: 0
75188-src.fleetctrl.fleetsizing.DynamicFleetSizingBase-INFO-to deactivate: 0
75188-src.fleetctrl.fleetsizing.DynamicFleetSizingBase-INFO-to deactivate: 0
75188-src.fleetctrl.fleetsizing.DynamicFleetSizingBase-INFO-to deactivate: 0
75188-src.routing.NetworkBasic-INFO-STOCHASTIC NETWORK UPDATE HAPPENED HERE FOR SIMULATION TIME 39720
75188-src.fleetctrl.fleetsizing.DynamicFleetSizingBase-INFO-to deactivate: 0
75188-src.fleetctrl.fleetsizing.DynamicFleetSizingBase-INFO-to deactivate: 0
75188-src.fleetctrl.fleetsizing.DynamicFleetSizingBase-INFO-to deactivate: 0
75188-src.fleetctrl.fleetsizing.DynamicFleetSizingBase-INFO-to deactivate: 0
75188-src.fleetctrl.fleetsizing.DynamicFleetSizingBase-INFO-to deactivate: 0
75188-src.fleetctrl.fleetsizing.DynamicFleetSizingBase-INFO-to deactivate: 0
75188-src.fleetctrl.fleetsizing.DynamicFleetSizingBase-INFO-to deactivate: 0
75188-src.fleetctrl.fleetsizing.DynamicFleetSizingBase-INFO-to deactivate: 0
75188-src.fleetctrl.fleetsizing.DynamicFleetSizingBase-INFO-to deactivate: 0
75188-src.fleetctrl.fleetsizing.DynamicFleetSizingBase-INFO-to deactivate: 0
75188-src.fleetctrl.fleetsizing.DynamicFleetSizingBase-INFO-to deactivate: 0
75188-src.fleetctrl.fleetsizing.DynamicFleetSizingBase-INFO-to deactivate: 0
75188-src.fleetctrl.fleetsizing.DynamicFleetSizingBase-INFO-to deactivate: 0
75188-src.fleetctrl.fleetsizing.DynamicFleetSizingBase-INFO-to deactivate: 0
75188-src.fleetctrl.fleetsizing.DynamicFleetSizingBase-INFO-to deactivate: 0
75188-src.fleetctrl.fleetsizing.DynamicFleetSizingBase-INFO-to deactivate: 0
75188-src.fleetctrl.fleetsizing.DynamicFleetSizingBase-INFO-to deactivate: 0
75188-src.fleetctrl.fleetsizing.DynamicFleetSizingBase-INFO-to deactivate: 0
75188-src.fleetctrl.fleetsizing.DynamicFleetSizingBase-INFO-to deactivate: 0
75188-src.fleetctrl.fleetsizing.DynamicFleetSizingBase-INFO-to deactivate: 0
75188-src.fleetctrl.fleetsizing.DynamicFleetSizingBase-INFO-to deactivate: 0
75188-src.fleetctrl.fleetsizing.DynamicFleetSizingBase-INFO-to deactivate: 0
75188-src.fleetctrl.fleetsizing.DynamicFleetSizingBase-INFO-to deactivate: 0
75188-src.fleetctrl.fleetsizing.DynamicFleetSizingBase-INFO-to deactivate: 0
75188-src.fleetctrl.fleetsizing.DynamicFleetSizingBase-INFO-to deactivate: 0
75188-src.fleetctrl.fleetsizing.DynamicFleetSizingBase-INFO-to deactivate: 0
75188-src.fleetctrl.fleetsizing.DynamicFleetSizingBase-INFO-to deactivate: 0
75188-src.fleetctrl.fleetsizing.DynamicFleetSizingBase-INFO-to deactivate: 0
75188-src.fleetctrl.fleetsizing.DynamicFleetSizingBase-INFO-to deactivate: 0
75188-src.fleetctrl.fleetsizing.DynamicFleetSizingBase-INFO-to deactivate: 0
75188-src.fleetctrl.fleetsizing.DynamicFleetSizingBase-INFO-to deactivate: 0
75188-src.fleetctrl.fleetsizing.DynamicFleetSizingBase-INFO-to deactivate: 0
75188-src.fleetctrl.fleetsizing.DynamicFleetSizingBase-INFO-to deactivate: 0
75188-src.fleetctrl.fleetsizing.DynamicFleetSizingBase-INFO-to deactivate: 0
75188-src.fleetctrl.fleetsizing.DynamicFleetSizingBase-INFO-to deactivate: 0
75188-src.fleetctrl.fleetsizing.DynamicFleetSizingBase-INFO-to deactivate: 0
75188-src.fleetctrl.fleetsizing.DynamicFleetSizingBase-INFO-to deactivate: 0
75188-src.fleetctrl.fleetsizing.DynamicFleetSizingBase-INFO-to deactivate: 0
75188-src.fleetctrl.fleetsizing.DynamicFleetSizingBase-INFO-to deactivate: 0
75188-src.fleetctrl.fleetsizing.DynamicFleetSizingBase-INFO-to deactivate: 0
75188-src.fleetctrl.fleetsizing.DynamicFleetSizingBase-INFO-to deactivate: 0
75188-src.fleetctrl.fleetsizing.DynamicFleetSizingBase-INFO-to deactivate: 0
75188-src.fleetctrl.fleetsizing.DynamicFleetSizingBase-INFO-to deactivate: 0
75188-src.fleetctrl.fleetsizing.DynamicFleetSizingBase-INFO-to deactivate: 0
75188-src.fleetctrl.fleetsizing.DynamicFleetSizingBase-INFO-to deactivate: 0
75188-src.fleetctrl.fleetsizing.DynamicFleetSizingBase-INFO-to deactivate: 0
75188-src.fleetctrl.fleetsizing.DynamicFleetSizingBase-INFO-to deactivate: 0
75188-src.fleetctrl.fleetsizing.DynamicFleetSizingBase-INFO-to deactivate: 0
75188-src.fleetctrl.fleetsizing.DynamicFleetSizingBase-INFO-to deactivate: 0
75188-src.fleetctrl.fleetsizing.DynamicFleetSizingBase-INFO-to deactivate: 0
75188-src.fleetctrl.fleetsizing.DynamicFleetSizingBase-INFO-to deactivate: 0
75188-src.fleetctrl.fleetsizing.DynamicFleetSizingBase-INFO-to deactivate: 0
75188-src.fleetctrl.fleetsizing.DynamicFleetSizingBase-INFO-to deactivate: 0
75188-src.fleetctrl.fleetsizing.DynamicFleetSizingBase-INFO-to deactivate: 0
75188-src.fleetctrl.fleetsizing.DynamicFleetSizingBase-INFO-to deactivate: 0
75188-src.fleetctrl.fleetsizing.DynamicFleetSizingBase-INFO-to deactivate: 0
75188-src.fleetctrl.fleetsizing.DynamicFleetSizingBase-INFO-to deactivate: 0
75188-src.fleetctrl.fleetsizing.DynamicFleetSizingBase-INFO-to deactivate: 0
75188-src.fleetctrl.fleetsizing.DynamicFleetSizingBase-INFO-to deactivate: 0
75188-src.fleetctrl.fleetsizing.DynamicFleetSizingBase-INFO-to deactivate: 0
75188-src.routing.NetworkBasic-INFO-STOCHASTIC NETWORK UPDATE HAPPENED HERE FOR SIMULATION TIME 40320
75188-src.fleetctrl.fleetsizing.DynamicFleetSizingBase-INFO-to deactivate: 0
75188-src.fleetctrl.fleetsizing.DynamicFleetSizingBase-INFO-to deactivate: 0
75188-src.fleetctrl.fleetsizing.DynamicFleetSizingBase-INFO-to deactivate: 0
75188-src.fleetctrl.fleetsizing.DynamicFleetSizingBase-INFO-to deactivate: 0
75188-src.fleetctrl.fleetsizing.DynamicFleetSizingBase-INFO-to deactivate: 0
75188-src.fleetctrl.fleetsizing.DynamicFleetSizingBase-INFO-to deactivate: 0
75188-src.fleetctrl.fleetsizing.DynamicFleetSizingBase-INFO-to deactivate: 0
75188-src.fleetctrl.fleetsizing.DynamicFleetSizingBase-INFO-to deactivate: 0
75188-src.fleetctrl.fleetsizing.DynamicFleetSizingBase-INFO-to deactivate: 0
75188-src.fleetctrl.fleetsizing.DynamicFleetSizingBase-INFO-to deactivate: 0
75188-src.fleetctrl.fleetsizing.DynamicFleetSizingBase-INFO-to deactivate: 0
75188-src.fleetctrl.fleetsizing.DynamicFleetSizingBase-INFO-to deactivate: 0
75188-src.fleetctrl.fleetsizing.DynamicFleetSizingBase-INFO-to deactivate: 0
75188-src.fleetctrl.fleetsizing.DynamicFleetSizingBase-INFO-to deactivate: 0
75188-src.fleetctrl.fleetsizing.DynamicFleetSizingBase-INFO-to deactivate: 0
75188-src.fleetctrl.fleetsizing.DynamicFleetSizingBase-INFO-to deactivate: 0
75188-src.fleetctrl.fleetsizing.DynamicFleetSizingBase-INFO-to deactivate: 0
75188-src.fleetctrl.fleetsizing.DynamicFleetSizingBase-INFO-to deactivate: 0
75188-src.fleetctrl.fleetsizing.DynamicFleetSizingBase-INFO-to deactivate: 0
75188-src.fleetctrl.fleetsizing.DynamicFleetSizingBase-INFO-to deactivate: 0
75188-src.fleetctrl.fleetsizing.DynamicFleetSizingBase-INFO-to deactivate: 0
75188-src.fleetctrl.fleetsizing.DynamicFleetSizingBase-INFO-to deactivate: 0
75188-src.fleetctrl.fleetsizing.DynamicFleetSizingBase-INFO-to deactivate: 0
75188-src.fleetctrl.fleetsizing.DynamicFleetSizingBase-INFO-to deactivate: 0
75188-src.fleetctrl.fleetsizing.DynamicFleetSizingBase-INFO-to deactivate: 0
75188-src.fleetctrl.fleetsizing.DynamicFleetSizingBase-INFO-to deactivate: 0
75188-src.fleetctrl.fleetsizing.DynamicFleetSizingBase-INFO-to deactivate: 0
75188-src.fleetctrl.fleetsizing.DynamicFleetSizingBase-INFO-to deactivate: 0
75188-src.fleetctrl.fleetsizing.DynamicFleetSizingBase-INFO-to deactivate: 0
75188-src.fleetctrl.fleetsizing.DynamicFleetSizingBase-INFO-to deactivate: 0
75188-src.fleetctrl.fleetsizing.DynamicFleetSizingBase-INFO-to deactivate: 0
75188-src.fleetctrl.fleetsizing.DynamicFleetSizingBase-INFO-to deactivate: 0
75188-src.fleetctrl.fleetsizing.DynamicFleetSizingBase-INFO-to deactivate: 0
75188-src.fleetctrl.fleetsizing.DynamicFleetSizingBase-INFO-to deactivate: 0
75188-src.fleetctrl.fleetsizing.DynamicFleetSizingBase-INFO-to deactivate: 0
75188-src.fleetctrl.fleetsizing.DynamicFleetSizingBase-INFO-to deactivate: 0
75188-src.fleetctrl.fleetsizing.DynamicFleetSizingBase-INFO-to deactivate: 0
75188-src.fleetctrl.fleetsizing.DynamicFleetSizingBase-INFO-to deactivate: 0
75188-src.fleetctrl.fleetsizing.DynamicFleetSizingBase-INFO-to deactivate: 0
75188-src.fleetctrl.fleetsizing.DynamicFleetSizingBase-INFO-to deactivate: 0
75188-src.fleetctrl.fleetsizing.DynamicFleetSizingBase-INFO-to deactivate: 0
75188-src.fleetctrl.fleetsizing.DynamicFleetSizingBase-INFO-to deactivate: 0
75188-src.fleetctrl.fleetsizing.DynamicFleetSizingBase-INFO-to deactivate: 0
75188-src.fleetctrl.fleetsizing.DynamicFleetSizingBase-INFO-to deactivate: 0
75188-src.fleetctrl.fleetsizing.DynamicFleetSizingBase-INFO-to deactivate: 0
75188-src.fleetctrl.fleetsizing.DynamicFleetSizingBase-INFO-to deactivate: 0
75188-src.fleetctrl.fleetsizing.DynamicFleetSizingBase-INFO-to deactivate: 0
75188-src.fleetctrl.fleetsizing.DynamicFleetSizingBase-INFO-to deactivate: 0
75188-src.fleetctrl.fleetsizing.DynamicFleetSizingBase-INFO-to deactivate: 0
75188-src.fleetctrl.fleetsizing.DynamicFleetSizingBase-INFO-to deactivate: 0
75188-src.fleetctrl.fleetsizing.DynamicFleetSizingBase-INFO-to deactivate: 0
75188-src.fleetctrl.fleetsizing.DynamicFleetSizingBase-INFO-to deactivate: 0
75188-src.fleetctrl.fleetsizing.DynamicFleetSizingBase-INFO-to deactivate: 0
75188-src.fleetctrl.fleetsizing.DynamicFleetSizingBase-INFO-to deactivate: 0
75188-src.fleetctrl.fleetsizing.DynamicFleetSizingBase-INFO-to deactivate: 0
75188-src.fleetctrl.fleetsizing.DynamicFleetSizingBase-INFO-to deactivate: 0
75188-src.fleetctrl.fleetsizing.DynamicFleetSizingBase-INFO-to deactivate: 0
75188-src.fleetctrl.fleetsizing.DynamicFleetSizingBase-INFO-to deactivate: 0
75188-src.fleetctrl.fleetsizing.DynamicFleetSizingBase-INFO-to deactivate: 0
75188-src.fleetctrl.fleetsizing.DynamicFleetSizingBase-INFO-to deactivate: 0
75188-src.routing.NetworkBasic-INFO-STOCHASTIC NETWORK UPDATE HAPPENED HERE FOR SIMULATION TIME 40920
75188-src.fleetctrl.fleetsizing.DynamicFleetSizingBase-INFO-to deactivate: 0
75188-src.fleetctrl.fleetsizing.DynamicFleetSizingBase-INFO-to deactivate: 0
75188-src.fleetctrl.fleetsizing.DynamicFleetSizingBase-INFO-to deactivate: 0
75188-src.fleetctrl.fleetsizing.DynamicFleetSizingBase-INFO-to deactivate: 0
75188-src.fleetctrl.fleetsizing.DynamicFleetSizingBase-INFO-to deactivate: 0
75188-src.fleetctrl.fleetsizing.DynamicFleetSizingBase-INFO-to deactivate: 0
75188-src.fleetctrl.fleetsizing.DynamicFleetSizingBase-INFO-to deactivate: 0
75188-src.fleetctrl.fleetsizing.DynamicFleetSizingBase-INFO-to deactivate: 0
75188-src.fleetctrl.fleetsizing.DynamicFleetSizingBase-INFO-to deactivate: 0
75188-src.fleetctrl.fleetsizing.DynamicFleetSizingBase-INFO-to deactivate: 0
75188-src.fleetctrl.fleetsizing.DynamicFleetSizingBase-INFO-to deactivate: 0
75188-src.fleetctrl.fleetsizing.DynamicFleetSizingBase-INFO-to deactivate: 0
75188-src.fleetctrl.fleetsizing.DynamicFleetSizingBase-INFO-to deactivate: 0
75188-src.fleetctrl.fleetsizing.DynamicFleetSizingBase-INFO-to deactivate: 0
75188-src.fleetctrl.fleetsizing.DynamicFleetSizingBase-INFO-to deactivate: 0
75188-src.fleetctrl.fleetsizing.DynamicFleetSizingBase-INFO-to deactivate: 0
75188-src.fleetctrl.fleetsizing.DynamicFleetSizingBase-INFO-to deactivate: 0
75188-src.fleetctrl.fleetsizing.DynamicFleetSizingBase-INFO-to deactivate: 0
75188-src.fleetctrl.fleetsizing.DynamicFleetSizingBase-INFO-to deactivate: 0
75188-src.fleetctrl.fleetsizing.DynamicFleetSizingBase-INFO-to deactivate: 0
75188-src.fleetctrl.fleetsizing.DynamicFleetSizingBase-INFO-to deactivate: 0
75188-src.fleetctrl.fleetsizing.DynamicFleetSizingBase-INFO-to deactivate: 0
75188-src.fleetctrl.fleetsizing.DynamicFleetSizingBase-INFO-to deactivate: 0
75188-src.fleetctrl.fleetsizing.DynamicFleetSizingBase-INFO-to deactivate: 0
75188-src.fleetctrl.fleetsizing.DynamicFleetSizingBase-INFO-to deactivate: 0
75188-src.fleetctrl.fleetsizing.DynamicFleetSizingBase-INFO-to deactivate: 0
75188-src.fleetctrl.fleetsizing.DynamicFleetSizingBase-INFO-to deactivate: 0
75188-src.fleetctrl.fleetsizing.DynamicFleetSizingBase-INFO-to deactivate: 0
75188-src.fleetctrl.fleetsizing.DynamicFleetSizingBase-INFO-to deactivate: 0
75188-src.fleetctrl.fleetsizing.DynamicFleetSizingBase-INFO-to deactivate: 0
75188-src.fleetctrl.fleetsizing.DynamicFleetSizingBase-INFO-to deactivate: 0
75188-src.fleetctrl.fleetsizing.DynamicFleetSizingBase-INFO-to deactivate: 0
75188-src.fleetctrl.fleetsizing.DynamicFleetSizingBase-INFO-to deactivate: 0
75188-src.fleetctrl.fleetsizing.DynamicFleetSizingBase-INFO-to deactivate: 0
75188-src.fleetctrl.fleetsizing.DynamicFleetSizingBase-INFO-to deactivate: 0
75188-src.fleetctrl.fleetsizing.DynamicFleetSizingBase-INFO-to deactivate: 0
75188-src.fleetctrl.fleetsizing.DynamicFleetSizingBase-INFO-to deactivate: 0
75188-src.fleetctrl.fleetsizing.DynamicFleetSizingBase-INFO-to deactivate: 0
75188-src.fleetctrl.fleetsizing.DynamicFleetSizingBase-INFO-to deactivate: 0
75188-src.fleetctrl.fleetsizing.DynamicFleetSizingBase-INFO-to deactivate: 0
75188-src.fleetctrl.fleetsizing.DynamicFleetSizingBase-INFO-to deactivate: 0
75188-src.fleetctrl.fleetsizing.DynamicFleetSizingBase-INFO-to deactivate: 0
75188-src.fleetctrl.fleetsizing.DynamicFleetSizingBase-INFO-to deactivate: 0
75188-src.fleetctrl.fleetsizing.DynamicFleetSizingBase-INFO-to deactivate: 0
75188-src.fleetctrl.fleetsizing.DynamicFleetSizingBase-INFO-to deactivate: 0
75188-src.fleetctrl.fleetsizing.DynamicFleetSizingBase-INFO-to deactivate: 0
75188-src.fleetctrl.fleetsizing.DynamicFleetSizingBase-INFO-to deactivate: 0
75188-src.fleetctrl.fleetsizing.DynamicFleetSizingBase-INFO-to deactivate: 0
75188-src.fleetctrl.fleetsizing.DynamicFleetSizingBase-INFO-to deactivate: 0
75188-src.fleetctrl.fleetsizing.DynamicFleetSizingBase-INFO-to deactivate: 0
75188-src.fleetctrl.fleetsizing.DynamicFleetSizingBase-INFO-to deactivate: 0
75188-src.fleetctrl.fleetsizing.DynamicFleetSizingBase-INFO-to deactivate: 0
75188-src.fleetctrl.fleetsizing.DynamicFleetSizingBase-INFO-to deactivate: 0
75188-src.fleetctrl.fleetsizing.DynamicFleetSizingBase-INFO-to deactivate: 0
75188-src.fleetctrl.fleetsizing.DynamicFleetSizingBase-INFO-to deactivate: 0
75188-src.fleetctrl.fleetsizing.DynamicFleetSizingBase-INFO-to deactivate: 0
75188-src.fleetctrl.fleetsizing.DynamicFleetSizingBase-INFO-to deactivate: 0
75188-src.fleetctrl.fleetsizing.DynamicFleetSizingBase-INFO-to deactivate: 0
75188-src.fleetctrl.fleetsizing.DynamicFleetSizingBase-INFO-to deactivate: 0
75188-src.fleetctrl.fleetsizing.DynamicFleetSizingBase-INFO-to deactivate: 0
75188-src.routing.NetworkBasic-INFO-STOCHASTIC NETWORK UPDATE HAPPENED HERE FOR SIMULATION TIME 41520
75188-src.fleetctrl.fleetsizing.DynamicFleetSizingBase-INFO-to deactivate: 0
75188-src.fleetctrl.fleetsizing.DynamicFleetSizingBase-INFO-to deactivate: 0
75188-src.fleetctrl.fleetsizing.DynamicFleetSizingBase-INFO-to deactivate: 0
75188-src.fleetctrl.fleetsizing.DynamicFleetSizingBase-INFO-to deactivate: 0
75188-src.fleetctrl.fleetsizing.DynamicFleetSizingBase-INFO-to deactivate: 0
75188-src.fleetctrl.fleetsizing.DynamicFleetSizingBase-INFO-to deactivate: 0
75188-src.fleetctrl.fleetsizing.DynamicFleetSizingBase-INFO-to deactivate: 0
75188-src.fleetctrl.fleetsizing.DynamicFleetSizingBase-INFO-to deactivate: 0
75188-src.fleetctrl.fleetsizing.DynamicFleetSizingBase-INFO-to deactivate: 0
75188-src.fleetctrl.fleetsizing.DynamicFleetSizingBase-INFO-to deactivate: 0
75188-src.fleetctrl.fleetsizing.DynamicFleetSizingBase-INFO-to deactivate: 0
75188-src.fleetctrl.fleetsizing.DynamicFleetSizingBase-INFO-to deactivate: 0
75188-src.fleetctrl.fleetsizing.DynamicFleetSizingBase-INFO-to deactivate: 0
75188-src.fleetctrl.fleetsizing.DynamicFleetSizingBase-INFO-to deactivate: 0
75188-src.fleetctrl.fleetsizing.DynamicFleetSizingBase-INFO-to deactivate: 0
75188-src.fleetctrl.fleetsizing.DynamicFleetSizingBase-INFO-to deactivate: 0
75188-src.fleetctrl.fleetsizing.DynamicFleetSizingBase-INFO-to deactivate: 0
75188-src.fleetctrl.fleetsizing.DynamicFleetSizingBase-INFO-to deactivate: 0
75188-src.fleetctrl.fleetsizing.DynamicFleetSizingBase-INFO-to deactivate: 0
75188-src.fleetctrl.fleetsizing.DynamicFleetSizingBase-INFO-to deactivate: 0
75188-src.fleetctrl.fleetsizing.DynamicFleetSizingBase-INFO-to deactivate: 0
75188-src.fleetctrl.fleetsizing.DynamicFleetSizingBase-INFO-to deactivate: 0
75188-src.fleetctrl.fleetsizing.DynamicFleetSizingBase-INFO-to deactivate: 0
75188-src.fleetctrl.fleetsizing.DynamicFleetSizingBase-INFO-to deactivate: 0
75188-src.fleetctrl.fleetsizing.DynamicFleetSizingBase-INFO-to deactivate: 0
75188-src.fleetctrl.fleetsizing.DynamicFleetSizingBase-INFO-to deactivate: 0
75188-src.fleetctrl.fleetsizing.DynamicFleetSizingBase-INFO-to deactivate: 0
75188-src.fleetctrl.fleetsizing.DynamicFleetSizingBase-INFO-to deactivate: 0
75188-src.fleetctrl.fleetsizing.DynamicFleetSizingBase-INFO-to deactivate: 0
75188-src.fleetctrl.fleetsizing.DynamicFleetSizingBase-INFO-to deactivate: 0
75188-src.fleetctrl.fleetsizing.DynamicFleetSizingBase-INFO-to deactivate: 0
75188-src.fleetctrl.fleetsizing.DynamicFleetSizingBase-INFO-to deactivate: 0
75188-src.fleetctrl.fleetsizing.DynamicFleetSizingBase-INFO-to deactivate: 0
75188-src.fleetctrl.fleetsizing.DynamicFleetSizingBase-INFO-to deactivate: 0
75188-src.fleetctrl.fleetsizing.DynamicFleetSizingBase-INFO-to deactivate: 0
75188-src.fleetctrl.fleetsizing.DynamicFleetSizingBase-INFO-to deactivate: 0
75188-src.fleetctrl.fleetsizing.DynamicFleetSizingBase-INFO-to deactivate: 0
75188-src.fleetctrl.fleetsizing.DynamicFleetSizingBase-INFO-to deactivate: 0
75188-src.fleetctrl.fleetsizing.DynamicFleetSizingBase-INFO-to deactivate: 0
75188-src.fleetctrl.fleetsizing.DynamicFleetSizingBase-INFO-to deactivate: 0
75188-src.fleetctrl.fleetsizing.DynamicFleetSizingBase-INFO-to deactivate: 0
75188-src.fleetctrl.fleetsizing.DynamicFleetSizingBase-INFO-to deactivate: 0
75188-src.fleetctrl.fleetsizing.DynamicFleetSizingBase-INFO-to deactivate: 0
75188-src.fleetctrl.fleetsizing.DynamicFleetSizingBase-INFO-to deactivate: 0
75188-src.fleetctrl.fleetsizing.DynamicFleetSizingBase-INFO-to deactivate: 0
75188-src.fleetctrl.fleetsizing.DynamicFleetSizingBase-INFO-to deactivate: 0
75188-src.fleetctrl.fleetsizing.DynamicFleetSizingBase-INFO-to deactivate: 0
75188-src.fleetctrl.fleetsizing.DynamicFleetSizingBase-INFO-to deactivate: 0
75188-src.fleetctrl.fleetsizing.DynamicFleetSizingBase-INFO-to deactivate: 0
75188-src.fleetctrl.fleetsizing.DynamicFleetSizingBase-INFO-to deactivate: 0
75188-src.fleetctrl.fleetsizing.DynamicFleetSizingBase-INFO-to deactivate: 0
75188-src.fleetctrl.fleetsizing.DynamicFleetSizingBase-INFO-to deactivate: 0
75188-src.fleetctrl.fleetsizing.DynamicFleetSizingBase-INFO-to deactivate: 0
75188-src.fleetctrl.fleetsizing.DynamicFleetSizingBase-INFO-to deactivate: 0
75188-src.fleetctrl.fleetsizing.DynamicFleetSizingBase-INFO-to deactivate: 0
75188-src.fleetctrl.fleetsizing.DynamicFleetSizingBase-INFO-to deactivate: 0
75188-src.fleetctrl.fleetsizing.DynamicFleetSizingBase-INFO-to deactivate: 0
75188-src.fleetctrl.fleetsizing.DynamicFleetSizingBase-INFO-to deactivate: 0
75188-src.fleetctrl.fleetsizing.DynamicFleetSizingBase-INFO-to deactivate: 0
75188-src.fleetctrl.fleetsizing.DynamicFleetSizingBase-INFO-to deactivate: 0
75188-src.routing.NetworkBasic-INFO-STOCHASTIC NETWORK UPDATE HAPPENED HERE FOR SIMULATION TIME 42120
75188-src.fleetctrl.fleetsizing.DynamicFleetSizingBase-INFO-to deactivate: 0
75188-src.fleetctrl.fleetsizing.DynamicFleetSizingBase-INFO-to deactivate: 0
75188-src.fleetctrl.fleetsizing.DynamicFleetSizingBase-INFO-to deactivate: 0
75188-src.fleetctrl.fleetsizing.DynamicFleetSizingBase-INFO-to deactivate: 0
75188-src.fleetctrl.fleetsizing.DynamicFleetSizingBase-INFO-to deactivate: 0
75188-src.fleetctrl.fleetsizing.DynamicFleetSizingBase-INFO-to deactivate: 0
75188-src.fleetctrl.fleetsizing.DynamicFleetSizingBase-INFO-to deactivate: 0
75188-src.fleetctrl.fleetsizing.DynamicFleetSizingBase-INFO-to deactivate: 0
75188-src.fleetctrl.fleetsizing.DynamicFleetSizingBase-INFO-to deactivate: 0
75188-src.fleetctrl.fleetsizing.DynamicFleetSizingBase-INFO-to deactivate: 0
75188-src.fleetctrl.fleetsizing.DynamicFleetSizingBase-INFO-to deactivate: 0
75188-src.fleetctrl.fleetsizing.DynamicFleetSizingBase-INFO-to deactivate: 0
75188-src.fleetctrl.fleetsizing.DynamicFleetSizingBase-INFO-to deactivate: 0
75188-src.fleetctrl.fleetsizing.DynamicFleetSizingBase-INFO-to deactivate: 0
75188-src.fleetctrl.fleetsizing.DynamicFleetSizingBase-INFO-to deactivate: 0
75188-src.fleetctrl.fleetsizing.DynamicFleetSizingBase-INFO-to deactivate: 0
75188-src.fleetctrl.fleetsizing.DynamicFleetSizingBase-INFO-to deactivate: 0
75188-src.fleetctrl.fleetsizing.DynamicFleetSizingBase-INFO-to deactivate: 0
75188-src.fleetctrl.fleetsizing.DynamicFleetSizingBase-INFO-to deactivate: 0
75188-src.fleetctrl.fleetsizing.DynamicFleetSizingBase-INFO-to deactivate: 0
75188-src.fleetctrl.fleetsizing.DynamicFleetSizingBase-INFO-to deactivate: 0
75188-src.fleetctrl.fleetsizing.DynamicFleetSizingBase-INFO-to deactivate: 0
75188-src.fleetctrl.fleetsizing.DynamicFleetSizingBase-INFO-to deactivate: 0
75188-src.fleetctrl.fleetsizing.DynamicFleetSizingBase-INFO-to deactivate: 0
75188-src.fleetctrl.fleetsizing.DynamicFleetSizingBase-INFO-to deactivate: 0
75188-src.fleetctrl.fleetsizing.DynamicFleetSizingBase-INFO-to deactivate: 0
75188-src.fleetctrl.fleetsizing.DynamicFleetSizingBase-INFO-to deactivate: 0
75188-src.fleetctrl.fleetsizing.DynamicFleetSizingBase-INFO-to deactivate: 0
75188-src.fleetctrl.fleetsizing.DynamicFleetSizingBase-INFO-to deactivate: 0
75188-src.fleetctrl.fleetsizing.DynamicFleetSizingBase-INFO-to deactivate: 0
75188-src.fleetctrl.fleetsizing.DynamicFleetSizingBase-INFO-to deactivate: 0
75188-src.fleetctrl.fleetsizing.DynamicFleetSizingBase-INFO-to deactivate: 0
75188-src.fleetctrl.fleetsizing.DynamicFleetSizingBase-INFO-to deactivate: 0
75188-src.fleetctrl.fleetsizing.DynamicFleetSizingBase-INFO-to deactivate: 0
75188-src.fleetctrl.fleetsizing.DynamicFleetSizingBase-INFO-to deactivate: 0
75188-src.fleetctrl.fleetsizing.DynamicFleetSizingBase-INFO-to deactivate: 0
75188-src.fleetctrl.fleetsizing.DynamicFleetSizingBase-INFO-to deactivate: 0
75188-src.fleetctrl.fleetsizing.DynamicFleetSizingBase-INFO-to deactivate: 0
75188-src.fleetctrl.fleetsizing.DynamicFleetSizingBase-INFO-to deactivate: 0
75188-src.fleetctrl.fleetsizing.DynamicFleetSizingBase-INFO-to deactivate: 0
75188-src.fleetctrl.fleetsizing.DynamicFleetSizingBase-INFO-to deactivate: 0
75188-src.fleetctrl.fleetsizing.DynamicFleetSizingBase-INFO-to deactivate: 0
75188-src.fleetctrl.fleetsizing.DynamicFleetSizingBase-INFO-to deactivate: 0
75188-src.fleetctrl.fleetsizing.DynamicFleetSizingBase-INFO-to deactivate: 0
75188-src.fleetctrl.fleetsizing.DynamicFleetSizingBase-INFO-to deactivate: 0
75188-src.fleetctrl.fleetsizing.DynamicFleetSizingBase-INFO-to deactivate: 0
75188-src.fleetctrl.fleetsizing.DynamicFleetSizingBase-INFO-to deactivate: 0
75188-src.fleetctrl.fleetsizing.DynamicFleetSizingBase-INFO-to deactivate: 0
75188-src.fleetctrl.fleetsizing.DynamicFleetSizingBase-INFO-to deactivate: 0
75188-src.fleetctrl.fleetsizing.DynamicFleetSizingBase-INFO-to deactivate: 0
75188-src.fleetctrl.fleetsizing.DynamicFleetSizingBase-INFO-to deactivate: 0
75188-src.fleetctrl.fleetsizing.DynamicFleetSizingBase-INFO-to deactivate: 0
75188-src.fleetctrl.fleetsizing.DynamicFleetSizingBase-INFO-to deactivate: 0
75188-src.fleetctrl.fleetsizing.DynamicFleetSizingBase-INFO-to deactivate: 0
75188-src.fleetctrl.fleetsizing.DynamicFleetSizingBase-INFO-to deactivate: 0
75188-src.fleetctrl.fleetsizing.DynamicFleetSizingBase-INFO-to deactivate: 0
75188-src.fleetctrl.fleetsizing.DynamicFleetSizingBase-INFO-to deactivate: 0
75188-src.fleetctrl.fleetsizing.DynamicFleetSizingBase-INFO-to deactivate: 0
75188-src.fleetctrl.fleetsizing.DynamicFleetSizingBase-INFO-to deactivate: 0
75188-src.fleetctrl.fleetsizing.DynamicFleetSizingBase-INFO-to deactivate: 0
75188-src.routing.NetworkBasic-INFO-STOCHASTIC NETWORK UPDATE HAPPENED HERE FOR SIMULATION TIME 42720
75188-src.fleetctrl.fleetsizing.DynamicFleetSizingBase-INFO-to deactivate: 0
75188-src.fleetctrl.fleetsizing.DynamicFleetSizingBase-INFO-to deactivate: 0
75188-src.fleetctrl.fleetsizing.DynamicFleetSizingBase-INFO-to deactivate: 0
75188-src.fleetctrl.fleetsizing.DynamicFleetSizingBase-INFO-to deactivate: 0
75188-src.fleetctrl.fleetsizing.DynamicFleetSizingBase-INFO-to deactivate: 0
75188-src.fleetctrl.fleetsizing.DynamicFleetSizingBase-INFO-to deactivate: 0
75188-src.fleetctrl.fleetsizing.DynamicFleetSizingBase-INFO-to deactivate: 0
75188-src.fleetctrl.fleetsizing.DynamicFleetSizingBase-INFO-to deactivate: 0
75188-src.fleetctrl.fleetsizing.DynamicFleetSizingBase-INFO-to deactivate: 0
75188-src.fleetctrl.fleetsizing.DynamicFleetSizingBase-INFO-to deactivate: 0
75188-src.fleetctrl.fleetsizing.DynamicFleetSizingBase-INFO-to deactivate: 0
75188-src.fleetctrl.fleetsizing.DynamicFleetSizingBase-INFO-to deactivate: 0
75188-src.fleetctrl.fleetsizing.DynamicFleetSizingBase-INFO-to deactivate: 0
75188-src.fleetctrl.fleetsizing.DynamicFleetSizingBase-INFO-to deactivate: 0
75188-src.fleetctrl.fleetsizing.DynamicFleetSizingBase-INFO-to deactivate: 0
75188-src.fleetctrl.fleetsizing.DynamicFleetSizingBase-INFO-to deactivate: 0
75188-src.fleetctrl.fleetsizing.DynamicFleetSizingBase-INFO-to deactivate: 0
75188-src.fleetctrl.fleetsizing.DynamicFleetSizingBase-INFO-to deactivate: 0
75188-src.fleetctrl.fleetsizing.DynamicFleetSizingBase-INFO-to deactivate: 0
75188-src.fleetctrl.fleetsizing.DynamicFleetSizingBase-INFO-to deactivate: 0
75188-src.fleetctrl.fleetsizing.DynamicFleetSizingBase-INFO-to deactivate: 0
75188-src.fleetctrl.fleetsizing.DynamicFleetSizingBase-INFO-to deactivate: 0
75188-src.fleetctrl.fleetsizing.DynamicFleetSizingBase-INFO-to deactivate: 0
75188-src.fleetctrl.fleetsizing.DynamicFleetSizingBase-INFO-to deactivate: 0
75188-src.fleetctrl.fleetsizing.DynamicFleetSizingBase-INFO-to deactivate: 0
75188-src.fleetctrl.fleetsizing.DynamicFleetSizingBase-INFO-to deactivate: 0
75188-src.fleetctrl.fleetsizing.DynamicFleetSizingBase-INFO-to deactivate: 0
75188-src.fleetctrl.fleetsizing.DynamicFleetSizingBase-INFO-to deactivate: 0
75188-src.fleetctrl.fleetsizing.DynamicFleetSizingBase-INFO-to deactivate: 0
75188-src.fleetctrl.fleetsizing.DynamicFleetSizingBase-INFO-to deactivate: 0
75188-src.fleetctrl.fleetsizing.DynamicFleetSizingBase-INFO-to deactivate: 0
75188-src.fleetctrl.fleetsizing.DynamicFleetSizingBase-INFO-to deactivate: 0
75188-src.fleetctrl.fleetsizing.DynamicFleetSizingBase-INFO-to deactivate: 0
75188-src.fleetctrl.fleetsizing.DynamicFleetSizingBase-INFO-to deactivate: 0
75188-src.fleetctrl.fleetsizing.DynamicFleetSizingBase-INFO-to deactivate: 0
75188-src.fleetctrl.fleetsizing.DynamicFleetSizingBase-INFO-to deactivate: 0
75188-src.fleetctrl.fleetsizing.DynamicFleetSizingBase-INFO-to deactivate: 0
75188-src.fleetctrl.fleetsizing.DynamicFleetSizingBase-INFO-to deactivate: 0
75188-src.fleetctrl.fleetsizing.DynamicFleetSizingBase-INFO-to deactivate: 0
75188-src.fleetctrl.fleetsizing.DynamicFleetSizingBase-INFO-to deactivate: 0
75188-src.fleetctrl.fleetsizing.DynamicFleetSizingBase-INFO-to deactivate: 0
75188-src.fleetctrl.fleetsizing.DynamicFleetSizingBase-INFO-to deactivate: 0
75188-src.fleetctrl.fleetsizing.DynamicFleetSizingBase-INFO-to deactivate: 0
75188-src.fleetctrl.fleetsizing.DynamicFleetSizingBase-INFO-to deactivate: 0
75188-src.fleetctrl.fleetsizing.DynamicFleetSizingBase-INFO-to deactivate: 0
75188-src.fleetctrl.fleetsizing.DynamicFleetSizingBase-INFO-to deactivate: 0
75188-src.fleetctrl.fleetsizing.DynamicFleetSizingBase-INFO-to deactivate: 0
75188-src.fleetctrl.fleetsizing.DynamicFleetSizingBase-INFO-to deactivate: 0
75188-src.routing.NetworkBasic-INFO-OPERATOR NETWORK UPDATE HAPPENED HERE FOR SIMULATION TIME 43200
75188-src.fleetctrl.fleetsizing.DynamicFleetSizingBase-INFO-Activating vehicle veh 1 at pos (np.float64(2009.0), None, None) with soc 1.0 leg status VRL_STATES.OUT_OF_SERVICE remaining time 9981990 number remaining legs: 1 ob : [] from depot <src.infra.ChargingInfrastructure.Depot object at 0x0000016B4927B640> (plan time: 43200)
75188-src.fleetctrl.fleetsizing.DynamicFleetSizingBase-INFO-to deactivate: 0
75188-src.fleetctrl.fleetsizing.DynamicFleetSizingBase-INFO-to deactivate: 0
75188-src.fleetctrl.fleetsizing.DynamicFleetSizingBase-INFO-to deactivate: 0
75188-src.fleetctrl.fleetsizing.DynamicFleetSizingBase-INFO-to deactivate: 0
75188-src.fleetctrl.fleetsizing.DynamicFleetSizingBase-INFO-to deactivate: 0
75188-src.fleetctrl.fleetsizing.DynamicFleetSizingBase-INFO-to deactivate: 0
75188-src.fleetctrl.fleetsizing.DynamicFleetSizingBase-INFO-to deactivate: 0
75188-src.fleetctrl.fleetsizing.DynamicFleetSizingBase-INFO-to deactivate: 0
75188-src.fleetctrl.fleetsizing.DynamicFleetSizingBase-INFO-to deactivate: 0
75188-src.fleetctrl.fleetsizing.DynamicFleetSizingBase-INFO-to deactivate: 0
75188-src.fleetctrl.fleetsizing.DynamicFleetSizingBase-INFO-to deactivate: 0
75188-src.fleetctrl.fleetsizing.DynamicFleetSizingBase-INFO-to deactivate: 0
75188-src.routing.NetworkBasic-INFO-STOCHASTIC NETWORK UPDATE HAPPENED HERE FOR SIMULATION TIME 43320
75188-src.fleetctrl.fleetsizing.DynamicFleetSizingBase-INFO-to deactivate: 0
75188-src.fleetctrl.fleetsizing.DynamicFleetSizingBase-INFO-to deactivate: 0
75188-src.fleetctrl.fleetsizing.DynamicFleetSizingBase-INFO-to deactivate: 0
75188-src.fleetctrl.fleetsizing.DynamicFleetSizingBase-INFO-to deactivate: 0
75188-src.fleetctrl.fleetsizing.DynamicFleetSizingBase-INFO-to deactivate: 0
75188-src.fleetctrl.fleetsizing.DynamicFleetSizingBase-INFO-to deactivate: 0
75188-src.fleetctrl.fleetsizing.DynamicFleetSizingBase-INFO-to deactivate: 0
75188-src.fleetctrl.fleetsizing.DynamicFleetSizingBase-INFO-to deactivate: 0
75188-src.fleetctrl.fleetsizing.DynamicFleetSizingBase-INFO-to deactivate: 0
75188-src.fleetctrl.fleetsizing.DynamicFleetSizingBase-INFO-to deactivate: 0
75188-src.fleetctrl.fleetsizing.DynamicFleetSizingBase-INFO-to deactivate: 0
75188-src.fleetctrl.fleetsizing.DynamicFleetSizingBase-INFO-to deactivate: 0
75188-src.fleetctrl.fleetsizing.DynamicFleetSizingBase-INFO-to deactivate: 0
75188-src.fleetctrl.fleetsizing.DynamicFleetSizingBase-INFO-to deactivate: 0
75188-src.fleetctrl.fleetsizing.DynamicFleetSizingBase-INFO-to deactivate: 0
75188-src.fleetctrl.fleetsizing.DynamicFleetSizingBase-INFO-to deactivate: 0
75188-src.fleetctrl.fleetsizing.DynamicFleetSizingBase-INFO-to deactivate: 0
75188-src.fleetctrl.fleetsizing.DynamicFleetSizingBase-INFO-to deactivate: 0
75188-src.fleetctrl.fleetsizing.DynamicFleetSizingBase-INFO-to deactivate: 0
75188-src.fleetctrl.fleetsizing.DynamicFleetSizingBase-INFO-to deactivate: 0
75188-src.fleetctrl.fleetsizing.DynamicFleetSizingBase-INFO-to deactivate: 0
75188-src.fleetctrl.fleetsizing.DynamicFleetSizingBase-INFO-to deactivate: 0
75188-src.fleetctrl.fleetsizing.DynamicFleetSizingBase-INFO-to deactivate: 0
75188-src.fleetctrl.fleetsizing.DynamicFleetSizingBase-INFO-to deactivate: 0
75188-src.fleetctrl.fleetsizing.DynamicFleetSizingBase-INFO-to deactivate: 0
75188-src.fleetctrl.fleetsizing.DynamicFleetSizingBase-INFO-to deactivate: 0
75188-src.fleetctrl.fleetsizing.DynamicFleetSizingBase-INFO-to deactivate: 0
75188-src.fleetctrl.fleetsizing.DynamicFleetSizingBase-INFO-to deactivate: 0
75188-src.fleetctrl.fleetsizing.DynamicFleetSizingBase-INFO-to deactivate: 0
75188-src.fleetctrl.fleetsizing.DynamicFleetSizingBase-INFO-to deactivate: 0
75188-src.fleetctrl.fleetsizing.DynamicFleetSizingBase-INFO-to deactivate: 0
75188-src.fleetctrl.fleetsizing.DynamicFleetSizingBase-INFO-to deactivate: 0
75188-src.fleetctrl.fleetsizing.DynamicFleetSizingBase-INFO-to deactivate: 0
75188-src.fleetctrl.fleetsizing.DynamicFleetSizingBase-INFO-to deactivate: 0
75188-src.fleetctrl.fleetsizing.DynamicFleetSizingBase-INFO-to deactivate: 0
75188-src.fleetctrl.fleetsizing.DynamicFleetSizingBase-INFO-to deactivate: 0
75188-src.fleetctrl.fleetsizing.DynamicFleetSizingBase-INFO-to deactivate: 0
75188-src.fleetctrl.fleetsizing.DynamicFleetSizingBase-INFO-to deactivate: 0
75188-src.fleetctrl.fleetsizing.DynamicFleetSizingBase-INFO-to deactivate: 0
75188-src.fleetctrl.fleetsizing.DynamicFleetSizingBase-INFO-to deactivate: 0
75188-src.fleetctrl.fleetsizing.DynamicFleetSizingBase-INFO-to deactivate: 0
75188-src.fleetctrl.fleetsizing.DynamicFleetSizingBase-INFO-to deactivate: 0
75188-src.fleetctrl.fleetsizing.DynamicFleetSizingBase-INFO-to deactivate: 0
75188-src.fleetctrl.fleetsizing.DynamicFleetSizingBase-INFO-to deactivate: 0
75188-src.fleetctrl.fleetsizing.DynamicFleetSizingBase-INFO-to deactivate: 0
75188-src.fleetctrl.fleetsizing.DynamicFleetSizingBase-INFO-to deactivate: 0
75188-src.fleetctrl.fleetsizing.DynamicFleetSizingBase-INFO-to deactivate: 0
75188-src.fleetctrl.fleetsizing.DynamicFleetSizingBase-INFO-to deactivate: 0
75188-src.fleetctrl.fleetsizing.DynamicFleetSizingBase-INFO-to deactivate: 0
75188-src.fleetctrl.fleetsizing.DynamicFleetSizingBase-INFO-to deactivate: 0
75188-src.fleetctrl.fleetsizing.DynamicFleetSizingBase-INFO-to deactivate: 0
75188-src.fleetctrl.fleetsizing.DynamicFleetSizingBase-INFO-to deactivate: 0
75188-src.fleetctrl.fleetsizing.DynamicFleetSizingBase-INFO-to deactivate: 0
75188-src.fleetctrl.fleetsizing.DynamicFleetSizingBase-INFO-to deactivate: 0
75188-src.fleetctrl.fleetsizing.DynamicFleetSizingBase-INFO-to deactivate: 0
75188-src.fleetctrl.fleetsizing.DynamicFleetSizingBase-INFO-to deactivate: 0
75188-src.fleetctrl.fleetsizing.DynamicFleetSizingBase-INFO-to deactivate: 0
75188-src.fleetctrl.fleetsizing.DynamicFleetSizingBase-INFO-to deactivate: 0
75188-src.fleetctrl.fleetsizing.DynamicFleetSizingBase-INFO-to deactivate: 0
75188-src.fleetctrl.fleetsizing.DynamicFleetSizingBase-INFO-to deactivate: 0
75188-src.routing.NetworkBasic-INFO-STOCHASTIC NETWORK UPDATE HAPPENED HERE FOR SIMULATION TIME 43920
75188-src.fleetctrl.fleetsizing.DynamicFleetSizingBase-INFO-to deactivate: 0
75188-src.fleetctrl.fleetsizing.DynamicFleetSizingBase-INFO-to deactivate: 0
75188-src.fleetctrl.fleetsizing.DynamicFleetSizingBase-INFO-to deactivate: 0
75188-src.fleetctrl.fleetsizing.DynamicFleetSizingBase-INFO-to deactivate: 0
75188-src.fleetctrl.fleetsizing.DynamicFleetSizingBase-INFO-to deactivate: 0
75188-src.fleetctrl.fleetsizing.DynamicFleetSizingBase-INFO-to deactivate: 0
75188-src.fleetctrl.fleetsizing.DynamicFleetSizingBase-INFO-to deactivate: 0
75188-src.fleetctrl.fleetsizing.DynamicFleetSizingBase-INFO-to deactivate: 0
75188-src.fleetctrl.fleetsizing.DynamicFleetSizingBase-INFO-to deactivate: 0
75188-src.fleetctrl.fleetsizing.DynamicFleetSizingBase-INFO-to deactivate: 0
75188-src.fleetctrl.fleetsizing.DynamicFleetSizingBase-INFO-to deactivate: 0
75188-src.fleetctrl.fleetsizing.DynamicFleetSizingBase-INFO-to deactivate: 0
75188-src.fleetctrl.fleetsizing.DynamicFleetSizingBase-INFO-to deactivate: 0
75188-src.fleetctrl.fleetsizing.DynamicFleetSizingBase-INFO-to deactivate: 0
75188-src.fleetctrl.fleetsizing.DynamicFleetSizingBase-INFO-to deactivate: 0
75188-src.fleetctrl.fleetsizing.DynamicFleetSizingBase-INFO-to deactivate: 0
75188-src.fleetctrl.fleetsizing.DynamicFleetSizingBase-INFO-to deactivate: 0
75188-src.fleetctrl.fleetsizing.DynamicFleetSizingBase-INFO-to deactivate: 0
75188-src.fleetctrl.fleetsizing.DynamicFleetSizingBase-INFO-to deactivate: 0
75188-src.fleetctrl.fleetsizing.DynamicFleetSizingBase-INFO-to deactivate: 0
75188-src.fleetctrl.fleetsizing.DynamicFleetSizingBase-INFO-to deactivate: 0
75188-src.fleetctrl.fleetsizing.DynamicFleetSizingBase-INFO-to deactivate: 0
75188-src.fleetctrl.fleetsizing.DynamicFleetSizingBase-INFO-to deactivate: 0
75188-src.fleetctrl.fleetsizing.DynamicFleetSizingBase-INFO-to deactivate: 0
75188-src.fleetctrl.fleetsizing.DynamicFleetSizingBase-INFO-to deactivate: 0
75188-src.fleetctrl.fleetsizing.DynamicFleetSizingBase-INFO-to deactivate: 0
75188-src.fleetctrl.fleetsizing.DynamicFleetSizingBase-INFO-to deactivate: 0
75188-src.fleetctrl.fleetsizing.DynamicFleetSizingBase-INFO-to deactivate: 0
75188-src.fleetctrl.fleetsizing.DynamicFleetSizingBase-INFO-to deactivate: 0
75188-src.fleetctrl.fleetsizing.DynamicFleetSizingBase-INFO-to deactivate: 0
75188-src.fleetctrl.fleetsizing.DynamicFleetSizingBase-INFO-to deactivate: 0
75188-src.fleetctrl.fleetsizing.DynamicFleetSizingBase-INFO-to deactivate: 0
75188-src.fleetctrl.fleetsizing.DynamicFleetSizingBase-INFO-to deactivate: 0
75188-src.fleetctrl.fleetsizing.DynamicFleetSizingBase-INFO-to deactivate: 0
75188-src.fleetctrl.fleetsizing.DynamicFleetSizingBase-INFO-to deactivate: 0
75188-src.fleetctrl.fleetsizing.DynamicFleetSizingBase-INFO-to deactivate: 0
75188-src.fleetctrl.fleetsizing.DynamicFleetSizingBase-INFO-to deactivate: 0
75188-src.fleetctrl.fleetsizing.DynamicFleetSizingBase-INFO-to deactivate: 0
75188-src.fleetctrl.fleetsizing.DynamicFleetSizingBase-INFO-to deactivate: 0
75188-src.fleetctrl.fleetsizing.DynamicFleetSizingBase-INFO-to deactivate: 0
75188-src.fleetctrl.fleetsizing.DynamicFleetSizingBase-INFO-to deactivate: 0
75188-src.fleetctrl.fleetsizing.DynamicFleetSizingBase-INFO-to deactivate: 0
75188-src.fleetctrl.fleetsizing.DynamicFleetSizingBase-INFO-to deactivate: 0
75188-src.fleetctrl.fleetsizing.DynamicFleetSizingBase-INFO-to deactivate: 0
75188-src.fleetctrl.fleetsizing.DynamicFleetSizingBase-INFO-to deactivate: 0
75188-src.fleetctrl.fleetsizing.DynamicFleetSizingBase-INFO-to deactivate: 0
75188-src.fleetctrl.fleetsizing.DynamicFleetSizingBase-INFO-to deactivate: 0
75188-src.fleetctrl.fleetsizing.DynamicFleetSizingBase-INFO-to deactivate: 0
75188-src.fleetctrl.fleetsizing.DynamicFleetSizingBase-INFO-to deactivate: 0
75188-src.fleetctrl.fleetsizing.DynamicFleetSizingBase-INFO-to deactivate: 0
75188-src.fleetctrl.fleetsizing.DynamicFleetSizingBase-INFO-to deactivate: 0
75188-src.fleetctrl.fleetsizing.DynamicFleetSizingBase-INFO-to deactivate: 0
75188-src.fleetctrl.fleetsizing.DynamicFleetSizingBase-INFO-to deactivate: 0
75188-src.fleetctrl.fleetsizing.DynamicFleetSizingBase-INFO-to deactivate: 0
75188-src.fleetctrl.fleetsizing.DynamicFleetSizingBase-INFO-to deactivate: 0
75188-src.fleetctrl.fleetsizing.DynamicFleetSizingBase-INFO-to deactivate: 0
75188-src.fleetctrl.fleetsizing.DynamicFleetSizingBase-INFO-to deactivate: 0
75188-src.fleetctrl.fleetsizing.DynamicFleetSizingBase-INFO-to deactivate: 0
75188-src.fleetctrl.fleetsizing.DynamicFleetSizingBase-INFO-to deactivate: 0
75188-src.fleetctrl.fleetsizing.DynamicFleetSizingBase-INFO-to deactivate: 0
75188-src.routing.NetworkBasic-INFO-STOCHASTIC NETWORK UPDATE HAPPENED HERE FOR SIMULATION TIME 44520
75188-src.fleetctrl.fleetsizing.DynamicFleetSizingBase-INFO-to deactivate: 0
75188-src.fleetctrl.fleetsizing.DynamicFleetSizingBase-INFO-to deactivate: 0
75188-src.fleetctrl.fleetsizing.DynamicFleetSizingBase-INFO-to deactivate: 0
75188-src.fleetctrl.fleetsizing.DynamicFleetSizingBase-INFO-to deactivate: 0
75188-src.fleetctrl.fleetsizing.DynamicFleetSizingBase-INFO-to deactivate: 0
75188-src.fleetctrl.fleetsizing.DynamicFleetSizingBase-INFO-to deactivate: 0
75188-src.fleetctrl.fleetsizing.DynamicFleetSizingBase-INFO-to deactivate: 0
75188-src.fleetctrl.fleetsizing.DynamicFleetSizingBase-INFO-to deactivate: 0
75188-src.fleetctrl.fleetsizing.DynamicFleetSizingBase-INFO-to deactivate: 0
75188-src.fleetctrl.fleetsizing.DynamicFleetSizingBase-INFO-to deactivate: 0
75188-src.fleetctrl.fleetsizing.DynamicFleetSizingBase-INFO-to deactivate: 0
75188-src.fleetctrl.fleetsizing.DynamicFleetSizingBase-INFO-to deactivate: 0
75188-src.fleetctrl.fleetsizing.DynamicFleetSizingBase-INFO-to deactivate: 0
75188-src.fleetctrl.fleetsizing.DynamicFleetSizingBase-INFO-to deactivate: 0
75188-src.fleetctrl.fleetsizing.DynamicFleetSizingBase-INFO-to deactivate: 0
75188-src.fleetctrl.fleetsizing.DynamicFleetSizingBase-INFO-to deactivate: 0
75188-src.fleetctrl.fleetsizing.DynamicFleetSizingBase-INFO-to deactivate: 0
75188-src.fleetctrl.fleetsizing.DynamicFleetSizingBase-INFO-to deactivate: 0
75188-src.fleetctrl.fleetsizing.DynamicFleetSizingBase-INFO-to deactivate: 0
75188-src.fleetctrl.fleetsizing.DynamicFleetSizingBase-INFO-to deactivate: 0
75188-src.fleetctrl.fleetsizing.DynamicFleetSizingBase-INFO-to deactivate: 0
75188-src.fleetctrl.fleetsizing.DynamicFleetSizingBase-INFO-to deactivate: 0
75188-src.fleetctrl.fleetsizing.DynamicFleetSizingBase-INFO-to deactivate: 0
75188-src.fleetctrl.fleetsizing.DynamicFleetSizingBase-INFO-to deactivate: 0
75188-src.fleetctrl.fleetsizing.DynamicFleetSizingBase-INFO-to deactivate: 0
75188-src.fleetctrl.fleetsizing.DynamicFleetSizingBase-INFO-to deactivate: 0
75188-src.fleetctrl.fleetsizing.DynamicFleetSizingBase-INFO-to deactivate: 0
75188-src.fleetctrl.fleetsizing.DynamicFleetSizingBase-INFO-to deactivate: 0
75188-src.fleetctrl.fleetsizing.DynamicFleetSizingBase-INFO-to deactivate: 0
75188-src.fleetctrl.fleetsizing.DynamicFleetSizingBase-INFO-to deactivate: 0
75188-src.fleetctrl.fleetsizing.DynamicFleetSizingBase-INFO-to deactivate: 0
75188-src.fleetctrl.fleetsizing.DynamicFleetSizingBase-INFO-to deactivate: 0
75188-src.fleetctrl.fleetsizing.DynamicFleetSizingBase-INFO-to deactivate: 0
75188-src.fleetctrl.fleetsizing.DynamicFleetSizingBase-INFO-to deactivate: 0
75188-src.fleetctrl.fleetsizing.DynamicFleetSizingBase-INFO-to deactivate: 0
75188-src.fleetctrl.fleetsizing.DynamicFleetSizingBase-INFO-to deactivate: 0
75188-src.fleetctrl.fleetsizing.DynamicFleetSizingBase-INFO-to deactivate: 0
75188-src.fleetctrl.fleetsizing.DynamicFleetSizingBase-INFO-to deactivate: 0
75188-src.fleetctrl.fleetsizing.DynamicFleetSizingBase-INFO-to deactivate: 0
75188-src.fleetctrl.fleetsizing.DynamicFleetSizingBase-INFO-to deactivate: 0
75188-src.fleetctrl.fleetsizing.DynamicFleetSizingBase-INFO-to deactivate: 0
75188-src.fleetctrl.fleetsizing.DynamicFleetSizingBase-INFO-to deactivate: 0
75188-src.fleetctrl.fleetsizing.DynamicFleetSizingBase-INFO-to deactivate: 0
75188-src.fleetctrl.fleetsizing.DynamicFleetSizingBase-INFO-to deactivate: 0
75188-src.fleetctrl.fleetsizing.DynamicFleetSizingBase-INFO-to deactivate: 0
75188-src.fleetctrl.fleetsizing.DynamicFleetSizingBase-INFO-to deactivate: 0
75188-src.fleetctrl.fleetsizing.DynamicFleetSizingBase-INFO-to deactivate: 0
75188-src.fleetctrl.fleetsizing.DynamicFleetSizingBase-INFO-to deactivate: 0
75188-src.fleetctrl.fleetsizing.DynamicFleetSizingBase-INFO-to deactivate: 0
75188-src.fleetctrl.fleetsizing.DynamicFleetSizingBase-INFO-to deactivate: 0
75188-src.fleetctrl.fleetsizing.DynamicFleetSizingBase-INFO-to deactivate: 0
75188-src.fleetctrl.fleetsizing.DynamicFleetSizingBase-INFO-to deactivate: 0
75188-src.fleetctrl.fleetsizing.DynamicFleetSizingBase-INFO-to deactivate: 0
75188-src.fleetctrl.fleetsizing.DynamicFleetSizingBase-INFO-to deactivate: 0
75188-src.fleetctrl.fleetsizing.DynamicFleetSizingBase-INFO-to deactivate: 0
75188-src.fleetctrl.fleetsizing.DynamicFleetSizingBase-INFO-to deactivate: 0
75188-src.fleetctrl.fleetsizing.DynamicFleetSizingBase-INFO-to deactivate: 0
75188-src.fleetctrl.fleetsizing.DynamicFleetSizingBase-INFO-to deactivate: 0
75188-src.fleetctrl.fleetsizing.DynamicFleetSizingBase-INFO-to deactivate: 0
75188-src.fleetctrl.fleetsizing.DynamicFleetSizingBase-INFO-to deactivate: 0
75188-src.routing.NetworkBasic-INFO-STOCHASTIC NETWORK UPDATE HAPPENED HERE FOR SIMULATION TIME 45120
75188-src.fleetctrl.fleetsizing.DynamicFleetSizingBase-INFO-to deactivate: 0
75188-src.fleetctrl.fleetsizing.DynamicFleetSizingBase-INFO-to deactivate: 0
75188-src.fleetctrl.fleetsizing.DynamicFleetSizingBase-INFO-to deactivate: 0
75188-src.fleetctrl.fleetsizing.DynamicFleetSizingBase-INFO-to deactivate: 0
75188-src.fleetctrl.fleetsizing.DynamicFleetSizingBase-INFO-to deactivate: 0
75188-src.fleetctrl.fleetsizing.DynamicFleetSizingBase-INFO-to deactivate: 0
75188-src.fleetctrl.fleetsizing.DynamicFleetSizingBase-INFO-to deactivate: 0
75188-src.fleetctrl.fleetsizing.DynamicFleetSizingBase-INFO-to deactivate: 0
75188-src.fleetctrl.fleetsizing.DynamicFleetSizingBase-INFO-to deactivate: 0
75188-src.fleetctrl.fleetsizing.DynamicFleetSizingBase-INFO-to deactivate: 0
75188-src.fleetctrl.fleetsizing.DynamicFleetSizingBase-INFO-to deactivate: 0
75188-src.fleetctrl.fleetsizing.DynamicFleetSizingBase-INFO-to deactivate: 0
75188-src.fleetctrl.fleetsizing.DynamicFleetSizingBase-INFO-to deactivate: 0
75188-src.fleetctrl.fleetsizing.DynamicFleetSizingBase-INFO-to deactivate: 0
75188-src.fleetctrl.fleetsizing.DynamicFleetSizingBase-INFO-to deactivate: 0
75188-src.fleetctrl.fleetsizing.DynamicFleetSizingBase-INFO-to deactivate: 0
75188-src.fleetctrl.fleetsizing.DynamicFleetSizingBase-INFO-to deactivate: 0
75188-src.fleetctrl.fleetsizing.DynamicFleetSizingBase-INFO-to deactivate: 0
75188-src.fleetctrl.fleetsizing.DynamicFleetSizingBase-INFO-to deactivate: 0
75188-src.fleetctrl.fleetsizing.DynamicFleetSizingBase-INFO-to deactivate: 0
75188-src.fleetctrl.fleetsizing.DynamicFleetSizingBase-INFO-to deactivate: 0
75188-src.fleetctrl.fleetsizing.DynamicFleetSizingBase-INFO-to deactivate: 0
75188-src.fleetctrl.fleetsizing.DynamicFleetSizingBase-INFO-to deactivate: 0
75188-src.fleetctrl.fleetsizing.DynamicFleetSizingBase-INFO-to deactivate: 0
75188-src.fleetctrl.fleetsizing.DynamicFleetSizingBase-INFO-to deactivate: 0
75188-src.fleetctrl.fleetsizing.DynamicFleetSizingBase-INFO-to deactivate: 0
75188-src.fleetctrl.fleetsizing.DynamicFleetSizingBase-INFO-to deactivate: 0
75188-src.fleetctrl.fleetsizing.DynamicFleetSizingBase-INFO-to deactivate: 0
75188-src.fleetctrl.fleetsizing.DynamicFleetSizingBase-INFO-to deactivate: 0
75188-src.fleetctrl.fleetsizing.DynamicFleetSizingBase-INFO-to deactivate: 0
75188-src.fleetctrl.fleetsizing.DynamicFleetSizingBase-INFO-to deactivate: 0
75188-src.fleetctrl.fleetsizing.DynamicFleetSizingBase-INFO-to deactivate: 0
75188-src.fleetctrl.fleetsizing.DynamicFleetSizingBase-INFO-to deactivate: 0
75188-src.fleetctrl.fleetsizing.DynamicFleetSizingBase-INFO-to deactivate: 0
75188-src.fleetctrl.fleetsizing.DynamicFleetSizingBase-INFO-to deactivate: 0
75188-src.fleetctrl.fleetsizing.DynamicFleetSizingBase-INFO-to deactivate: 0
75188-src.fleetctrl.fleetsizing.DynamicFleetSizingBase-INFO-to deactivate: 0
75188-src.fleetctrl.fleetsizing.DynamicFleetSizingBase-INFO-to deactivate: 0
75188-src.fleetctrl.fleetsizing.DynamicFleetSizingBase-INFO-to deactivate: 0
75188-src.fleetctrl.fleetsizing.DynamicFleetSizingBase-INFO-to deactivate: 0
75188-src.fleetctrl.fleetsizing.DynamicFleetSizingBase-INFO-to deactivate: 0
75188-src.fleetctrl.fleetsizing.DynamicFleetSizingBase-INFO-to deactivate: 0
75188-src.fleetctrl.fleetsizing.DynamicFleetSizingBase-INFO-to deactivate: 0
75188-src.fleetctrl.fleetsizing.DynamicFleetSizingBase-INFO-to deactivate: 0
75188-src.fleetctrl.fleetsizing.DynamicFleetSizingBase-INFO-to deactivate: 0
75188-src.fleetctrl.fleetsizing.DynamicFleetSizingBase-INFO-to deactivate: 0
75188-src.fleetctrl.fleetsizing.DynamicFleetSizingBase-INFO-to deactivate: 0
75188-src.fleetctrl.fleetsizing.DynamicFleetSizingBase-INFO-to deactivate: 0
75188-src.fleetctrl.fleetsizing.DynamicFleetSizingBase-INFO-to deactivate: 0
75188-src.fleetctrl.fleetsizing.DynamicFleetSizingBase-INFO-to deactivate: 0
75188-src.fleetctrl.fleetsizing.DynamicFleetSizingBase-INFO-to deactivate: 0
75188-src.fleetctrl.fleetsizing.DynamicFleetSizingBase-INFO-to deactivate: 0
75188-src.fleetctrl.fleetsizing.DynamicFleetSizingBase-INFO-to deactivate: 0
75188-src.fleetctrl.fleetsizing.DynamicFleetSizingBase-INFO-to deactivate: 0
75188-src.fleetctrl.fleetsizing.DynamicFleetSizingBase-INFO-to deactivate: 0
75188-src.fleetctrl.fleetsizing.DynamicFleetSizingBase-INFO-to deactivate: 0
75188-src.fleetctrl.fleetsizing.DynamicFleetSizingBase-INFO-to deactivate: 0
75188-src.fleetctrl.fleetsizing.DynamicFleetSizingBase-INFO-to deactivate: 0
75188-src.fleetctrl.fleetsizing.DynamicFleetSizingBase-INFO-to deactivate: 0
75188-src.fleetctrl.fleetsizing.DynamicFleetSizingBase-INFO-to deactivate: 0
75188-src.routing.NetworkBasic-INFO-STOCHASTIC NETWORK UPDATE HAPPENED HERE FOR SIMULATION TIME 45720
75188-src.fleetctrl.fleetsizing.DynamicFleetSizingBase-INFO-to deactivate: 0
75188-src.fleetctrl.fleetsizing.DynamicFleetSizingBase-INFO-to deactivate: 0
75188-src.fleetctrl.fleetsizing.DynamicFleetSizingBase-INFO-to deactivate: 0
75188-src.fleetctrl.fleetsizing.DynamicFleetSizingBase-INFO-to deactivate: 0
75188-src.fleetctrl.fleetsizing.DynamicFleetSizingBase-INFO-to deactivate: 0
75188-src.fleetctrl.fleetsizing.DynamicFleetSizingBase-INFO-to deactivate: 0
75188-src.fleetctrl.fleetsizing.DynamicFleetSizingBase-INFO-to deactivate: 0
75188-src.fleetctrl.fleetsizing.DynamicFleetSizingBase-INFO-to deactivate: 0
75188-src.fleetctrl.fleetsizing.DynamicFleetSizingBase-INFO-to deactivate: 0
75188-src.fleetctrl.fleetsizing.DynamicFleetSizingBase-INFO-to deactivate: 0
75188-src.fleetctrl.fleetsizing.DynamicFleetSizingBase-INFO-to deactivate: 0
75188-src.fleetctrl.fleetsizing.DynamicFleetSizingBase-INFO-to deactivate: 0
75188-src.fleetctrl.fleetsizing.DynamicFleetSizingBase-INFO-to deactivate: 0
75188-src.fleetctrl.fleetsizing.DynamicFleetSizingBase-INFO-to deactivate: 0
75188-src.fleetctrl.fleetsizing.DynamicFleetSizingBase-INFO-to deactivate: 0
75188-src.fleetctrl.fleetsizing.DynamicFleetSizingBase-INFO-to deactivate: 0
75188-src.fleetctrl.fleetsizing.DynamicFleetSizingBase-INFO-to deactivate: 0
75188-src.fleetctrl.fleetsizing.DynamicFleetSizingBase-INFO-to deactivate: 0
75188-src.fleetctrl.fleetsizing.DynamicFleetSizingBase-INFO-to deactivate: 0
75188-src.fleetctrl.fleetsizing.DynamicFleetSizingBase-INFO-to deactivate: 0
75188-src.fleetctrl.fleetsizing.DynamicFleetSizingBase-INFO-to deactivate: 0
75188-src.fleetctrl.fleetsizing.DynamicFleetSizingBase-INFO-to deactivate: 0
75188-src.fleetctrl.fleetsizing.DynamicFleetSizingBase-INFO-to deactivate: 0
75188-src.fleetctrl.fleetsizing.DynamicFleetSizingBase-INFO-to deactivate: 0
75188-src.fleetctrl.fleetsizing.DynamicFleetSizingBase-INFO-to deactivate: 0
75188-src.fleetctrl.fleetsizing.DynamicFleetSizingBase-INFO-to deactivate: 0
75188-src.fleetctrl.fleetsizing.DynamicFleetSizingBase-INFO-to deactivate: 0
75188-src.fleetctrl.fleetsizing.DynamicFleetSizingBase-INFO-to deactivate: 0
75188-src.fleetctrl.fleetsizing.DynamicFleetSizingBase-INFO-to deactivate: 0
75188-src.fleetctrl.fleetsizing.DynamicFleetSizingBase-INFO-to deactivate: 0
75188-src.fleetctrl.fleetsizing.DynamicFleetSizingBase-INFO-to deactivate: 0
75188-src.fleetctrl.fleetsizing.DynamicFleetSizingBase-INFO-to deactivate: 0
75188-src.fleetctrl.fleetsizing.DynamicFleetSizingBase-INFO-to deactivate: 0
75188-src.fleetctrl.fleetsizing.DynamicFleetSizingBase-INFO-to deactivate: 0
75188-src.fleetctrl.fleetsizing.DynamicFleetSizingBase-INFO-to deactivate: 0
75188-src.fleetctrl.fleetsizing.DynamicFleetSizingBase-INFO-to deactivate: 0
75188-src.fleetctrl.fleetsizing.DynamicFleetSizingBase-INFO-to deactivate: 0
75188-src.fleetctrl.fleetsizing.DynamicFleetSizingBase-INFO-to deactivate: 0
75188-src.fleetctrl.fleetsizing.DynamicFleetSizingBase-INFO-to deactivate: 0
75188-src.fleetctrl.fleetsizing.DynamicFleetSizingBase-INFO-to deactivate: 0
75188-src.fleetctrl.fleetsizing.DynamicFleetSizingBase-INFO-to deactivate: 0
75188-src.fleetctrl.fleetsizing.DynamicFleetSizingBase-INFO-to deactivate: 0
75188-src.fleetctrl.fleetsizing.DynamicFleetSizingBase-INFO-to deactivate: 0
75188-src.fleetctrl.fleetsizing.DynamicFleetSizingBase-INFO-to deactivate: 0
75188-src.fleetctrl.fleetsizing.DynamicFleetSizingBase-INFO-to deactivate: 0
75188-src.fleetctrl.fleetsizing.DynamicFleetSizingBase-INFO-to deactivate: 0
75188-src.fleetctrl.fleetsizing.DynamicFleetSizingBase-INFO-to deactivate: 0
75188-src.fleetctrl.fleetsizing.DynamicFleetSizingBase-INFO-to deactivate: 0
75188-src.fleetctrl.fleetsizing.DynamicFleetSizingBase-INFO-to deactivate: 0
75188-src.fleetctrl.fleetsizing.DynamicFleetSizingBase-INFO-to deactivate: 0
75188-src.fleetctrl.fleetsizing.DynamicFleetSizingBase-INFO-to deactivate: 0
75188-src.fleetctrl.fleetsizing.DynamicFleetSizingBase-INFO-to deactivate: 0
75188-src.fleetctrl.fleetsizing.DynamicFleetSizingBase-INFO-to deactivate: 0
75188-src.fleetctrl.fleetsizing.DynamicFleetSizingBase-INFO-to deactivate: 0
75188-src.fleetctrl.fleetsizing.DynamicFleetSizingBase-INFO-to deactivate: 0
75188-src.fleetctrl.fleetsizing.DynamicFleetSizingBase-INFO-to deactivate: 0
75188-src.fleetctrl.fleetsizing.DynamicFleetSizingBase-INFO-to deactivate: 0
75188-src.fleetctrl.fleetsizing.DynamicFleetSizingBase-INFO-to deactivate: 0
75188-src.fleetctrl.fleetsizing.DynamicFleetSizingBase-INFO-to deactivate: 0
75188-src.fleetctrl.fleetsizing.DynamicFleetSizingBase-INFO-to deactivate: 0
75188-src.routing.NetworkBasic-INFO-STOCHASTIC NETWORK UPDATE HAPPENED HERE FOR SIMULATION TIME 46320
75188-src.fleetctrl.fleetsizing.DynamicFleetSizingBase-INFO-to deactivate: 0
75188-src.fleetctrl.fleetsizing.DynamicFleetSizingBase-INFO-to deactivate: 0
75188-src.fleetctrl.fleetsizing.DynamicFleetSizingBase-INFO-to deactivate: 0
75188-src.fleetctrl.fleetsizing.DynamicFleetSizingBase-INFO-to deactivate: 0
75188-src.fleetctrl.fleetsizing.DynamicFleetSizingBase-INFO-to deactivate: 0
75188-src.fleetctrl.fleetsizing.DynamicFleetSizingBase-INFO-to deactivate: 0
75188-src.fleetctrl.fleetsizing.DynamicFleetSizingBase-INFO-to deactivate: 0
75188-src.fleetctrl.fleetsizing.DynamicFleetSizingBase-INFO-to deactivate: 0
75188-src.fleetctrl.fleetsizing.DynamicFleetSizingBase-INFO-to deactivate: 0
75188-src.fleetctrl.fleetsizing.DynamicFleetSizingBase-INFO-to deactivate: 0
75188-src.fleetctrl.fleetsizing.DynamicFleetSizingBase-INFO-to deactivate: 0
75188-src.fleetctrl.fleetsizing.DynamicFleetSizingBase-INFO-to deactivate: 0
75188-src.fleetctrl.fleetsizing.DynamicFleetSizingBase-INFO-to deactivate: 0
75188-src.fleetctrl.fleetsizing.DynamicFleetSizingBase-INFO-to deactivate: 0
75188-src.fleetctrl.fleetsizing.DynamicFleetSizingBase-INFO-to deactivate: 0
75188-src.fleetctrl.fleetsizing.DynamicFleetSizingBase-INFO-to deactivate: 0
75188-src.fleetctrl.fleetsizing.DynamicFleetSizingBase-INFO-to deactivate: 0
75188-src.fleetctrl.fleetsizing.DynamicFleetSizingBase-INFO-to deactivate: 0
75188-src.fleetctrl.fleetsizing.DynamicFleetSizingBase-INFO-to deactivate: 0
75188-src.fleetctrl.fleetsizing.DynamicFleetSizingBase-INFO-to deactivate: 0
75188-src.fleetctrl.fleetsizing.DynamicFleetSizingBase-INFO-to deactivate: 0
75188-src.fleetctrl.fleetsizing.DynamicFleetSizingBase-INFO-to deactivate: 0
75188-src.fleetctrl.fleetsizing.DynamicFleetSizingBase-INFO-to deactivate: 0
75188-src.fleetctrl.fleetsizing.DynamicFleetSizingBase-INFO-to deactivate: 0
75188-src.fleetctrl.fleetsizing.DynamicFleetSizingBase-INFO-to deactivate: 0
75188-src.fleetctrl.fleetsizing.DynamicFleetSizingBase-INFO-to deactivate: 0
75188-src.fleetctrl.fleetsizing.DynamicFleetSizingBase-INFO-to deactivate: 0
75188-src.fleetctrl.fleetsizing.DynamicFleetSizingBase-INFO-to deactivate: 0
75188-src.fleetctrl.fleetsizing.DynamicFleetSizingBase-INFO-to deactivate: 0
75188-src.fleetctrl.fleetsizing.DynamicFleetSizingBase-INFO-to deactivate: 0
75188-src.fleetctrl.fleetsizing.DynamicFleetSizingBase-INFO-to deactivate: 0
75188-src.fleetctrl.fleetsizing.DynamicFleetSizingBase-INFO-to deactivate: 0
75188-src.fleetctrl.fleetsizing.DynamicFleetSizingBase-INFO-to deactivate: 0
75188-src.fleetctrl.fleetsizing.DynamicFleetSizingBase-INFO-to deactivate: 0
75188-src.fleetctrl.fleetsizing.DynamicFleetSizingBase-INFO-to deactivate: 0
75188-src.fleetctrl.fleetsizing.DynamicFleetSizingBase-INFO-to deactivate: 0
75188-src.fleetctrl.fleetsizing.DynamicFleetSizingBase-INFO-to deactivate: 0
75188-src.fleetctrl.fleetsizing.DynamicFleetSizingBase-INFO-to deactivate: 0
75188-src.fleetctrl.fleetsizing.DynamicFleetSizingBase-INFO-to deactivate: 0
75188-src.fleetctrl.fleetsizing.DynamicFleetSizingBase-INFO-to deactivate: 0
75188-src.fleetctrl.fleetsizing.DynamicFleetSizingBase-INFO-to deactivate: 0
75188-src.fleetctrl.fleetsizing.DynamicFleetSizingBase-INFO-to deactivate: 0
75188-src.fleetctrl.fleetsizing.DynamicFleetSizingBase-INFO-to deactivate: 0
75188-src.fleetctrl.fleetsizing.DynamicFleetSizingBase-INFO-to deactivate: 0
75188-src.fleetctrl.fleetsizing.DynamicFleetSizingBase-INFO-to deactivate: 0
75188-src.fleetctrl.fleetsizing.DynamicFleetSizingBase-INFO-to deactivate: 0
75188-src.fleetctrl.fleetsizing.DynamicFleetSizingBase-INFO-to deactivate: 0
75188-src.fleetctrl.fleetsizing.DynamicFleetSizingBase-INFO-to deactivate: 0
75188-src.fleetctrl.fleetsizing.DynamicFleetSizingBase-INFO-to deactivate: 3
75188-src.fleetctrl.fleetsizing.DynamicFleetSizingBase-INFO-Deactivating vehicle veh 8 at pos (3044, None, None) with soc 0.7156559852330179 leg status VRL_STATES.IDLE remaining time None number remaining legs: 0 ob : [] at depot <src.infra.ChargingInfrastructure.Depot object at 0x0000016B4927B610> (plan time: 46800)
75188-src.fleetctrl.fleetsizing.DynamicFleetSizingBase-INFO-Deactivating vehicle veh 0 at pos (2687, 2688, 0.9197696449092175) with soc 0.99555996643049 leg status VRL_STATES.ROUTE remaining time None number remaining legs: 2 ob : [201] at depot <src.infra.ChargingInfrastructure.Depot object at 0x0000016B4927B640> (plan time: 46800)
75188-src.fleetctrl.fleetsizing.DynamicFleetSizingBase-INFO-Deactivating vehicle veh 1 at pos (1429, 1430, 0.5562941705658075) with soc 0.9985534528052605 leg status VRL_STATES.ROUTE remaining time None number remaining legs: 2 ob : [204] at depot <src.infra.ChargingInfrastructure.Depot object at 0x0000016B4927B640> (plan time: 46800)
75188-src.routing.NetworkBasic-INFO-STOCHASTIC NETWORK UPDATE HAPPENED HERE FOR SIMULATION TIME 46920
75188-src.routing.NetworkBasic-INFO-STOCHASTIC NETWORK UPDATE HAPPENED HERE FOR SIMULATION TIME 47520
75188-src.routing.NetworkBasic-INFO-STOCHASTIC NETWORK UPDATE HAPPENED HERE FOR SIMULATION TIME 48120
75188-src.routing.NetworkBasic-INFO-STOCHASTIC NETWORK UPDATE HAPPENED HERE FOR SIMULATION TIME 48720
75188-src.routing.NetworkBasic-INFO-STOCHASTIC NETWORK UPDATE HAPPENED HERE FOR SIMULATION TIME 49320
75188-src.routing.NetworkBasic-INFO-STOCHASTIC NETWORK UPDATE HAPPENED HERE FOR SIMULATION TIME 49920
75188-src.fleetctrl.fleetsizing.DynamicFleetSizingBase-INFO-Activating vehicle veh 1 at pos (2009, None, None) with soc 0.997362763970567 leg status VRL_STATES.OUT_OF_SERVICE remaining time 9998194.760591675 number remaining legs: 1 ob : [] from depot <src.infra.ChargingInfrastructure.Depot object at 0x0000016B4927B640> (plan time: 50400)
75188-src.fleetctrl.fleetsizing.DynamicFleetSizingBase-INFO-Activating vehicle veh 8 at pos (1990, None, None) with soc 0.715129220094455 leg status VRL_STATES.OUT_OF_SERVICE remaining time 9997117.023497013 number remaining legs: 1 ob : [] from depot <src.infra.ChargingInfrastructure.Depot object at 0x0000016B4927B610> (plan time: 50400)
75188-src.routing.NetworkBasic-INFO-STOCHASTIC NETWORK UPDATE HAPPENED HERE FOR SIMULATION TIME 50520
75188-src.routing.NetworkBasic-INFO-STOCHASTIC NETWORK UPDATE HAPPENED HERE FOR SIMULATION TIME 51120
75188-src.routing.NetworkBasic-INFO-STOCHASTIC NETWORK UPDATE HAPPENED HERE FOR SIMULATION TIME 51720
75188-src.routing.NetworkBasic-INFO-STOCHASTIC NETWORK UPDATE HAPPENED HERE FOR SIMULATION TIME 52320
75188-src.routing.NetworkBasic-INFO-STOCHASTIC NETWORK UPDATE HAPPENED HERE FOR SIMULATION TIME 52920
75188-src.routing.NetworkBasic-INFO-STOCHASTIC NETWORK UPDATE HAPPENED HERE FOR SIMULATION TIME 53520
75188-src.routing.NetworkBasic-INFO-STOCHASTIC NETWORK UPDATE HAPPENED HERE FOR SIMULATION TIME 54120
75188-src.routing.NetworkBasic-INFO-STOCHASTIC NETWORK UPDATE HAPPENED HERE FOR SIMULATION TIME 54720
75188-src.routing.NetworkBasic-INFO-STOCHASTIC NETWORK UPDATE HAPPENED HERE FOR SIMULATION TIME 55320
75188-src.routing.NetworkBasic-INFO-STOCHASTIC NETWORK UPDATE HAPPENED HERE FOR SIMULATION TIME 55920
75188-src.routing.NetworkBasic-INFO-STOCHASTIC NETWORK UPDATE HAPPENED HERE FOR SIMULATION TIME 56520
75188-src.routing.NetworkBasic-INFO-STOCHASTIC NETWORK UPDATE HAPPENED HERE FOR SIMULATION TIME 57120
75188-src.routing.NetworkBasic-INFO-OPERATOR NETWORK UPDATE HAPPENED HERE FOR SIMULATION TIME 57600
75188-src.routing.NetworkBasic-INFO-STOCHASTIC NETWORK UPDATE HAPPENED HERE FOR SIMULATION TIME 57720
75188-src.routing.NetworkBasic-INFO-STOCHASTIC NETWORK UPDATE HAPPENED HERE FOR SIMULATION TIME 58320
75188-src.routing.NetworkBasic-INFO-STOCHASTIC NETWORK UPDATE HAPPENED HERE FOR SIMULATION TIME 58920
75188-src.routing.NetworkBasic-INFO-STOCHASTIC NETWORK UPDATE HAPPENED HERE FOR SIMULATION TIME 59520
75188-src.routing.NetworkBasic-INFO-STOCHASTIC NETWORK UPDATE HAPPENED HERE FOR SIMULATION TIME 60120
75188-src.routing.NetworkBasic-INFO-STOCHASTIC NETWORK UPDATE HAPPENED HERE FOR SIMULATION TIME 60720
75188-src.routing.NetworkBasic-INFO-OPERATOR NETWORK UPDATE HAPPENED HERE FOR SIMULATION TIME 64800
75188-src.FleetSimulationBase-INFO-Saving final simulation state.
75188-src.FleetSimulationBase-INFO-record_remaining_assignments()
75188-src.FleetSimulationBase-INFO-	 time 70000, remaining tasks 3
75188-src.FleetSimulationBase-INFO-	 time 70010, remaining tasks 3
75188-src.FleetSimulationBase-INFO-	 time 70020, remaining tasks 2
75188-src.FleetSimulationBase-INFO-	 time 70030, remaining tasks 2
75188-src.FleetSimulationBase-INFO-	 time 70040, remaining tasks 2
75188-src.FleetSimulationBase-INFO-	 time 70050, remaining tasks 2
75188-src.FleetSimulationBase-INFO-	 time 70060, remaining tasks 2
75188-src.FleetSimulationBase-INFO-	 time 70070, remaining tasks 2
75188-src.FleetSimulationBase-INFO-	 time 70080, remaining tasks 2
75188-src.FleetSimulationBase-INFO-	 time 70090, remaining tasks 2
75188-src.FleetSimulationBase-INFO-	 time 70100, remaining tasks 2
75188-src.FleetSimulationBase-INFO-	 time 70110, remaining tasks 2
75188-src.FleetSimulationBase-INFO-	 time 70120, remaining tasks 2
75188-src.FleetSimulationBase-INFO-	 time 70130, remaining tasks 2
75188-src.FleetSimulationBase-INFO-	 time 70140, remaining tasks 2
75188-src.FleetSimulationBase-INFO-	 time 70150, remaining tasks 2
75188-src.FleetSimulationBase-INFO-	 time 70160, remaining tasks 2
75188-src.FleetSimulationBase-INFO-	 time 70170, remaining tasks 2
75188-src.FleetSimulationBase-INFO-	 time 70180, remaining tasks 2
75188-src.FleetSimulationBase-INFO-	 time 70190, remaining tasks 2
75188-src.FleetSimulationBase-INFO-	 time 70200, remaining tasks 2
75188-src.FleetSimulationBase-INFO-	 time 70210, remaining tasks 2
75188-src.FleetSimulationBase-INFO-	 time 70220, remaining tasks 2
75188-src.FleetSimulationBase-INFO-	 time 70230, remaining tasks 2
75188-src.FleetSimulationBase-INFO-	 time 70240, remaining tasks 2
75188-src.FleetSimulationBase-INFO-	 time 70250, remaining tasks 2
75188-src.FleetSimulationBase-INFO-	 time 70260, remaining tasks 2
75188-src.FleetSimulationBase-INFO-	 time 70270, remaining tasks 2
75188-src.FleetSimulationBase-INFO-	 time 70280, remaining tasks 2
75188-src.FleetSimulationBase-INFO-	 time 70290, remaining tasks 2
75188-src.FleetSimulationBase-INFO-	 time 70300, remaining tasks 2
75188-src.FleetSimulationBase-INFO-	 time 70310, remaining tasks 2
75188-src.FleetSimulationBase-INFO-	 time 70320, remaining tasks 2
75188-src.FleetSimulationBase-INFO-	 time 70330, remaining tasks 2
75188-src.FleetSimulationBase-INFO-	 time 70340, remaining tasks 2
75188-src.FleetSimulationBase-INFO-	 time 70350, remaining tasks 2
75188-src.FleetSimulationBase-INFO-	 time 70360, remaining tasks 2
75188-src.FleetSimulationBase-INFO-	 time 70370, remaining tasks 2
75188-src.FleetSimulationBase-INFO-	 time 70380, remaining tasks 2
75188-src.FleetSimulationBase-INFO-	 time 70390, remaining tasks 2
75188-src.FleetSimulationBase-INFO-	 time 70400, remaining tasks 2
75188-src.FleetSimulationBase-INFO-	 time 70410, remaining tasks 2
75188-src.FleetSimulationBase-INFO-	 time 70420, remaining tasks 2
75188-src.FleetSimulationBase-INFO-	 time 70430, remaining tasks 2
75188-src.FleetSimulationBase-INFO-	 time 70440, remaining tasks 2
75188-src.FleetSimulationBase-INFO-	 time 70450, remaining tasks 2
75188-src.FleetSimulationBase-INFO-	 time 70460, remaining tasks 1
75188-src.FleetSimulationBase-INFO-	 time 70470, remaining tasks 1
75188-src.FleetSimulationBase-INFO-	 time 70480, remaining tasks 1
75188-src.FleetSimulationBase-INFO-	 time 70490, remaining tasks 0
75188-src.FleetSimulationBase-INFO-Scenario example_depot_time_pool_irsonly_rs_46 finished:
      initialization : 0:00:03 h
          simulation : 0:03:42 h
          evaluation : 0:00:00 h

